SZAVAZOKOR,VALASZTOPOLGAR,MEGJELENTEK,URNABAN_BELYEGZES_NELKULI,URNABAN_LEBELYEGZETT,ELTERES,ERVENYTELEN,ERVENYES
01_001_001,1055,698,6,692,-6,4,688
01_001_002,978,602,0,602,0,3,599
01_001_003,1753,1183,0,1183,0,2,1181
01_001_004,1004,568,1,566,-2,9,557
01_001_005,932,576,0,576,0,0,576
01_001_006,998,624,0,624,0,4,620
01_001_007,899,559,0,557,-2,1,556
01_001_008,896,557,0,557,0,1,556
01_001_009,1026,615,0,615,0,3,612
01_001_010,962,589,0,588,-1,3,585
01_001_011,969,613,0,613,0,0,613
01_001_012,1017,613,0,613,0,2,611
01_001_013,1065,650,0,650,0,2,648
01_001_014,997,622,0,622,0,1,621
01_001_015,974,584,0,583,-1,2,581
01_001_016,895,577,0,577,0,2,575
01_001_017,1014,631,0,631,0,2,629
01_001_018,1011,634,0,633,-1,1,632
01_001_019,969,569,0,569,0,1,568
01_001_020,901,559,0,559,0,2,557
01_002_001,1077,661,3,658,-3,0,658
01_002_002,943,562,0,562,0,4,558
01_002_003,699,386,0,386,0,1,385
01_002_004,1020,592,0,592,0,3,589
01_002_005,1084,649,0,649,0,4,645
01_002_006,878,580,0,579,-1,2,577
01_002_007,799,508,0,508,0,2,506
01_002_008,886,588,0,587,-1,4,583
01_002_009,861,551,0,551,0,5,546
01_002_010,723,500,0,499,-1,2,497
01_002_011,2695,2015,2,2015,0,4,2011
01_002_012,988,657,0,657,0,0,657
01_002_013,668,427,1,426,-1,1,425
01_002_014,854,536,1,536,0,1,535
01_002_015,761,486,0,486,0,5,481
01_002_016,886,587,0,587,0,0,587
01_002_017,866,564,0,564,0,2,562
01_002_018,777,503,0,503,0,0,503
01_002_019,851,562,0,561,-1,2,559
01_002_020,830,552,0,551,-1,0,551
01_002_021,855,531,0,531,0,4,527
01_002_022,853,567,0,567,0,4,563
01_002_023,879,583,0,583,0,1,582
01_002_024,983,621,0,620,-1,0,620
01_002_025,829,524,0,524,0,1,523
01_002_026,873,614,0,613,-1,11,602
01_002_027,758,468,0,468,0,0,468
01_002_028,705,463,0,463,0,2,461
01_002_029,507,307,0,307,0,0,307
01_002_030,595,368,0,368,0,2,366
01_002_031,1115,691,0,691,0,3,688
01_002_032,977,679,0,679,0,1,678
01_002_033,855,601,1,602,1,9,593
01_002_034,764,461,0,461,0,1,460
01_002_035,879,557,0,558,1,18,540
01_002_036,880,602,0,601,-1,0,601
01_002_037,882,562,0,562,0,3,559
01_002_038,1009,652,0,652,0,2,650
01_002_039,841,547,0,547,0,5,542
01_002_040,847,514,0,514,0,2,512
01_002_041,782,453,0,453,0,3,450
01_002_042,786,473,0,473,0,2,471
01_002_043,796,534,0,534,0,0,534
01_002_044,919,625,0,625,0,1,624
01_002_045,887,540,1,541,1,11,530
01_002_046,911,578,0,578,0,2,576
01_002_047,895,605,0,605,0,0,605
01_002_048,947,609,0,608,-1,1,607
01_002_049,879,562,0,560,-2,3,557
01_002_050,819,497,0,497,0,1,496
01_002_051,758,519,0,519,0,4,515
01_002_052,693,447,0,447,0,2,445
01_002_053,720,475,0,475,0,0,475
01_002_054,1064,637,1,635,-2,1,634
01_002_055,925,548,0,547,-1,3,544
01_002_056,776,489,1,488,-1,3,485
01_002_057,743,479,0,479,0,2,477
01_002_058,937,541,0,541,0,2,539
01_002_059,798,504,0,504,0,1,503
01_002_060,816,451,1,451,0,3,448
01_002_061,917,575,0,573,-2,3,570
01_002_062,673,377,0,377,0,2,375
01_002_063,841,514,1,514,0,0,514
01_002_064,857,504,0,504,0,0,504
01_002_065,928,537,0,537,0,1,536
01_002_066,1036,580,0,580,0,2,578
01_002_067,860,456,0,456,0,0,456
01_002_068,885,503,0,502,-1,3,499
01_002_069,955,530,0,530,0,5,525
01_002_070,868,532,0,532,0,5,527
01_002_071,853,525,0,525,0,0,525
01_002_072,963,567,0,567,0,1,566
01_002_073,949,560,0,560,0,2,558
01_002_074,842,461,0,461,0,3,458
01_003_001,901,547,0,547,0,3,544
01_003_002,881,531,0,531,0,3,528
01_003_003,1000,528,0,524,-4,4,520
01_003_004,967,557,0,557,0,6,551
01_003_005,851,431,0,431,0,1,430
01_003_006,967,591,0,591,0,2,589
01_003_007,920,507,0,507,0,5,502
01_003_008,808,428,0,428,0,0,428
01_003_009,855,489,0,489,0,5,484
01_003_010,880,552,0,552,0,4,548
01_003_011,948,567,0,567,0,4,563
01_003_012,901,580,0,580,0,4,576
01_003_013,911,560,0,560,0,0,560
01_003_014,879,522,0,522,0,1,521
01_003_015,750,478,0,477,-1,1,476
01_003_016,795,534,0,534,0,1,533
01_003_017,851,551,0,551,0,0,551
01_003_018,947,567,0,567,0,0,567
01_003_019,1094,671,1,671,0,0,671
01_003_020,1113,598,0,598,0,2,596
01_003_021,813,438,0,438,0,2,436
01_003_022,1112,609,0,609,0,3,606
01_003_023,856,513,0,513,0,0,513
01_003_024,810,491,0,491,0,1,490
01_003_025,794,409,0,409,0,0,409
01_003_026,768,478,1,478,0,1,477
01_003_027,846,550,0,550,0,1,549
01_003_028,890,508,0,510,2,21,489
01_003_029,871,491,0,491,0,4,487
01_003_030,920,533,0,533,0,1,532
01_003_031,906,449,0,449,0,4,445
01_003_032,962,554,0,554,0,0,554
01_003_033,873,463,0,463,0,1,462
01_003_034,794,430,0,430,0,0,430
01_003_035,807,445,0,445,0,1,444
01_003_036,804,441,0,441,0,0,441
01_003_037,912,555,0,554,-1,0,554
01_003_038,784,418,0,418,0,2,416
01_003_039,793,452,0,452,0,0,452
01_003_040,731,368,1,367,-1,0,367
01_003_041,827,407,0,407,0,1,406
01_003_042,2699,1942,1,1938,-4,3,1935
01_003_043,1069,527,0,527,0,2,525
01_003_044,990,628,0,626,-2,6,620
01_003_045,947,456,0,456,0,2,454
01_003_046,1048,528,0,526,-2,2,524
01_003_047,570,316,0,316,0,2,314
01_003_048,822,420,0,420,0,1,419
01_003_049,861,468,0,468,0,0,468
01_003_050,865,466,1,465,-1,3,462
01_003_051,790,443,0,443,0,1,442
01_003_052,888,518,0,518,0,2,516
01_003_053,728,445,0,445,0,1,444
01_003_054,901,521,0,521,0,2,519
01_003_055,850,457,0,457,0,3,454
01_003_056,840,478,0,478,0,1,477
01_003_057,933,471,0,471,0,1,470
01_003_058,812,397,0,397,0,0,397
01_003_059,775,513,0,513,0,2,511
01_003_060,870,475,0,475,0,0,475
01_003_061,853,464,0,464,0,1,463
01_003_062,891,409,0,409,0,1,408
01_003_063,876,385,0,385,0,1,384
01_003_064,749,415,0,415,0,2,413
01_003_065,980,571,2,566,-5,1,565
01_003_066,840,455,2,453,-2,3,450
01_003_067,827,440,0,440,0,2,438
01_003_068,810,571,0,571,0,1,570
01_003_069,812,498,0,498,0,0,498
01_003_070,839,497,2,494,-3,1,493
01_003_071,918,538,0,538,0,1,537
01_003_072,914,530,0,530,0,4,526
01_003_073,845,534,0,534,0,2,532
01_003_074,896,574,0,574,0,0,574
01_003_075,756,468,1,466,-2,1,465
01_003_076,945,565,0,565,0,2,563
01_003_077,894,574,0,571,-3,1,570
01_003_078,838,523,0,523,0,0,523
01_003_079,892,558,0,558,0,1,557
01_003_080,871,527,1,526,-1,1,525
01_003_081,915,563,0,563,0,3,560
01_003_082,1025,650,0,650,0,2,648
01_003_083,972,646,0,644,-2,1,643
01_003_084,889,534,1,532,-2,1,531
01_003_085,814,431,0,431,0,0,431
01_003_086,822,330,0,330,0,0,330
01_003_087,954,446,0,446,0,2,444
01_003_088,881,478,0,478,0,3,475
01_003_089,987,465,0,465,0,2,463
01_003_090,835,335,0,335,0,0,335
01_003_091,805,382,0,382,0,0,382
01_003_092,994,446,1,446,0,2,444
01_003_093,886,432,0,431,-1,3,428
01_003_094,819,395,0,393,-2,1,392
01_003_095,819,353,2,350,-3,2,348
01_003_096,980,480,0,480,0,0,480
01_003_097,997,446,0,446,0,3,443
01_003_098,728,276,0,276,0,0,276
01_003_099,977,428,0,427,-1,1,426
01_003_100,873,375,0,375,0,1,374
01_003_101,905,342,0,342,0,5,337
01_003_102,916,416,0,415,-1,1,414
01_003_103,848,447,0,447,0,1,446
01_003_104,781,351,0,351,0,1,350
01_003_105,757,371,0,370,-1,1,369
01_003_106,843,441,0,441,0,3,438
01_003_107,781,426,0,426,0,3,423
01_003_108,854,423,0,423,0,3,420
01_003_109,825,407,0,407,0,1,406
01_003_110,824,391,0,391,0,0,391
01_003_111,770,375,0,375,0,2,373
01_003_112,826,342,0,342,0,1,341
01_004_001,1202,690,0,690,0,0,690
01_004_002,1142,550,0,550,0,0,550
01_004_003,1180,620,0,619,-1,0,619
01_004_004,1350,792,0,792,0,0,792
01_004_005,1267,556,0,555,-1,2,553
01_004_006,1275,708,0,708,0,1,707
01_004_007,1248,559,0,559,0,4,555
01_004_008,1009,483,0,483,0,1,482
01_004_009,1058,528,0,528,0,1,527
01_004_010,1159,586,0,586,0,0,586
01_004_011,980,515,0,515,0,0,515
01_004_012,1048,471,0,471,0,2,469
01_004_013,1045,443,0,443,0,2,441
01_004_014,1009,525,0,525,0,0,525
01_004_015,955,449,0,448,-1,1,447
01_004_016,1023,565,0,565,0,0,565
01_004_017,1109,689,0,688,-1,2,686
01_004_018,1086,653,0,653,0,5,648
01_004_019,1000,466,0,466,0,3,463
01_004_020,1007,524,0,524,0,1,523
01_004_021,1057,618,0,618,0,0,618
01_004_022,1071,638,0,638,0,3,635
01_004_023,1037,552,0,552,0,0,552
01_004_024,1099,571,0,571,0,3,568
01_004_025,1061,557,0,556,-1,1,555
01_004_026,1102,658,0,658,0,0,658
01_004_027,1103,658,0,658,0,1,657
01_004_028,1085,632,0,631,-1,0,631
01_004_029,1121,613,0,613,0,3,610
01_004_030,1120,504,0,503,-1,3,500
01_004_031,988,398,0,398,0,0,398
01_004_032,956,520,0,520,0,1,519
01_004_033,1004,441,0,441,0,1,440
01_004_034,988,318,0,318,0,0,318
01_004_035,1128,443,0,443,0,3,440
01_004_036,1072,408,0,407,-1,2,405
01_004_037,1003,426,0,426,0,0,426
01_004_038,1067,500,0,500,0,0,500
01_004_039,976,555,0,555,0,1,554
01_004_040,955,427,0,427,0,1,426
01_004_041,1055,595,0,595,0,0,595
01_004_042,902,438,0,438,0,0,438
01_004_043,1087,526,0,526,0,4,522
01_004_044,1096,547,0,547,0,2,545
01_004_045,1066,501,0,500,-1,0,500
01_004_046,1254,697,0,697,0,0,697
01_004_047,1006,490,0,490,0,2,488
01_004_048,1039,503,0,503,0,1,502
01_004_049,1243,597,0,597,0,2,595
01_004_050,1266,648,0,648,0,1,647
01_004_051,1196,431,0,431,0,1,430
01_004_052,924,507,0,507,0,1,506
01_004_053,875,422,0,422,0,0,422
01_004_054,1088,522,0,522,0,2,520
01_004_055,1095,519,0,519,0,1,518
01_004_056,1079,535,0,535,0,2,533
01_004_057,963,493,0,493,0,2,491
01_004_058,1276,609,0,609,0,2,607
01_004_059,1017,420,0,420,0,1,419
01_004_060,1142,497,0,497,0,3,494
01_004_061,1172,536,0,535,-1,1,534
01_004_062,984,459,0,459,0,1,458
01_004_063,2856,1817,0,1817,0,4,1813
01_004_064,1146,561,0,561,0,2,559
01_004_065,1022,451,0,451,0,1,450
01_004_066,1140,528,0,528,0,3,525
01_004_067,1118,537,0,537,0,3,534
01_004_068,1142,500,0,500,0,0,500
01_004_069,1171,527,0,527,0,1,526
01_004_070,1114,548,0,548,0,1,547
01_005_001,863,483,0,482,-1,2,480
01_005_002,742,389,0,389,0,2,387
01_005_003,713,423,0,423,0,2,421
01_005_004,893,554,0,554,0,3,551
01_005_005,912,516,0,514,-2,2,512
01_005_006,771,438,0,438,0,4,434
01_005_007,864,476,1,476,0,1,475
01_005_008,1021,544,0,544,0,4,540
01_005_009,826,452,0,452,0,1,451
01_005_010,561,309,0,309,0,0,309
01_005_011,1718,1232,0,1233,1,17,1216
01_005_012,943,496,0,487,-9,3,484
01_005_013,907,481,0,480,-1,1,479
01_005_014,970,503,0,503,0,1,502
01_005_015,895,484,0,484,0,2,482
01_005_016,812,442,0,441,-1,2,439
01_005_017,795,449,0,449,0,0,449
01_005_018,827,487,1,486,-1,8,478
01_005_019,823,485,0,484,-1,1,483
01_005_020,966,540,0,540,0,2,538
01_005_021,960,543,0,543,0,1,542
01_006_001,816,404,1,403,-1,1,402
01_006_002,681,321,0,319,-2,2,317
01_006_003,725,319,0,319,0,1,318
01_006_004,749,371,0,371,0,1,370
01_006_005,788,394,0,394,0,0,394
01_006_006,692,316,0,316,0,0,316
01_006_007,761,329,1,328,-1,1,327
01_006_008,693,304,1,304,0,0,304
01_006_009,716,312,0,311,-1,1,310
01_006_010,686,353,0,352,-1,2,350
01_006_011,737,389,0,389,0,1,388
01_006_012,823,373,0,373,0,1,372
01_006_013,802,328,0,328,0,4,324
01_006_014,913,390,0,390,0,0,390
01_006_015,920,491,0,491,0,1,490
01_006_016,915,402,0,402,0,0,402
01_006_017,928,399,0,399,0,0,399
01_006_018,975,439,0,439,0,0,439
01_006_019,1004,436,0,436,0,1,435
01_006_020,796,360,0,360,0,4,356
01_006_021,966,512,0,512,0,2,510
01_006_022,884,393,0,393,0,0,393
01_006_023,976,485,0,485,0,1,484
01_006_024,925,494,0,494,0,0,494
01_006_025,678,342,0,342,0,1,341
01_006_026,1767,1260,0,1259,-1,7,1252
01_006_027,911,474,0,474,0,2,472
01_006_028,782,391,1,390,-1,0,390
01_006_029,920,494,0,494,0,1,493
01_006_030,768,432,0,431,-1,4,427
01_007_001,1087,451,0,451,0,0,451
01_007_002,1184,521,0,520,-1,3,517
01_007_003,1118,511,0,510,-1,0,510
01_007_004,2255,1625,0,1625,0,5,1620
01_007_005,873,357,0,357,0,5,352
01_007_006,1105,529,0,529,0,2,527
01_007_007,1229,459,0,459,0,4,455
01_007_008,653,255,0,255,0,3,252
01_007_009,714,300,0,300,0,0,300
01_007_010,997,421,0,421,0,2,419
01_007_011,958,487,0,487,0,2,485
01_007_012,747,363,0,363,0,1,362
01_007_013,964,455,0,455,0,1,454
01_007_014,876,419,0,419,0,3,416
01_007_015,1125,575,0,575,0,1,574
01_007_016,857,351,0,351,0,2,349
01_007_017,865,434,0,435,1,15,420
01_007_018,1082,486,0,486,0,1,485
01_007_019,838,417,0,417,0,1,416
01_007_020,821,398,0,398,0,0,398
01_007_021,1068,504,0,504,0,2,502
01_007_022,950,458,0,458,0,3,455
01_007_023,824,351,0,351,0,0,351
01_007_024,936,412,0,412,0,6,406
01_007_025,880,413,0,413,0,3,410
01_007_026,858,485,0,485,0,1,484
01_007_027,861,461,0,461,0,1,460
01_007_028,1156,464,0,464,0,4,460
01_007_029,1202,440,0,439,-1,2,437
01_007_030,1205,567,0,567,0,2,565
01_007_031,840,394,0,394,0,2,392
01_007_032,1183,516,0,516,0,1,515
01_007_033,1000,468,0,468,0,0,468
01_007_034,757,347,0,347,0,0,347
01_007_035,992,440,0,440,0,2,438
01_007_036,883,409,0,409,0,3,406
01_007_037,1030,400,0,400,0,1,399
01_007_038,873,345,0,345,0,1,344
01_008_001,751,396,1,394,-2,1,393
01_008_002,717,359,0,359,0,2,357
01_008_003,667,367,0,367,0,1,366
01_008_004,673,336,0,336,0,0,336
01_008_005,761,388,0,388,0,0,388
01_008_006,647,329,0,330,1,8,322
01_008_007,983,485,0,482,-3,0,482
01_008_008,3583,2331,1,2331,0,6,2325
01_008_009,928,497,0,495,-2,1,494
01_008_010,763,406,0,406,0,5,401
01_008_011,1059,508,0,508,0,1,507
01_008_012,723,280,0,280,0,1,279
01_008_013,1027,400,0,399,-1,1,398
01_008_014,1081,472,0,472,0,2,470
01_008_015,940,349,0,349,0,2,347
01_008_016,1060,489,0,489,0,3,486
01_008_017,1029,477,0,477,0,0,477
01_008_018,760,358,0,358,0,1,357
01_008_019,884,375,0,375,0,2,373
01_008_020,1054,368,0,368,0,1,367
01_008_021,961,363,0,363,0,0,363
01_008_022,737,271,0,271,0,0,271
01_008_023,679,271,0,271,0,0,271
01_008_024,915,341,0,341,0,0,341
01_008_025,779,334,0,334,0,3,331
01_008_026,786,339,0,339,0,1,338
01_008_027,874,331,0,331,0,3,328
01_008_028,646,259,0,259,0,1,258
01_008_029,972,335,0,335,0,1,334
01_008_030,1020,295,0,295,0,0,295
01_008_031,1283,186,0,186,0,0,186
01_008_032,958,284,0,284,0,1,283
01_008_033,627,245,0,245,0,2,243
01_008_034,684,296,0,296,0,1,295
01_008_035,692,227,0,227,0,2,225
01_008_036,710,348,0,348,0,0,348
01_008_037,497,132,0,132,0,0,132
01_008_038,787,336,0,335,-1,2,333
01_008_039,754,307,0,307,0,2,305
01_008_040,695,303,0,303,0,0,303
01_008_041,914,408,0,408,0,1,407
01_008_042,1254,379,0,379,0,0,379
01_008_043,1075,357,0,357,0,3,354
01_008_044,801,198,0,196,-2,1,195
01_008_045,742,330,0,330,0,1,329
01_008_046,946,337,0,337,0,0,337
01_008_047,535,226,0,226,0,0,226
01_008_048,975,289,0,289,0,2,287
01_008_049,1281,487,0,484,-3,2,482
01_008_050,1121,328,0,328,0,5,323
01_008_051,777,211,0,211,0,1,210
01_008_052,1065,383,0,383,0,2,381
01_008_053,625,391,0,390,-1,0,390
01_008_054,1026,541,0,541,0,6,535
01_008_055,723,279,0,279,0,2,277
01_008_056,1067,489,0,489,0,3,486
01_008_057,614,305,0,305,0,1,304
01_008_058,643,373,0,373,0,1,372
01_008_059,594,252,0,252,0,1,251
01_008_060,631,213,0,213,0,0,213
01_009_001,617,338,0,338,0,1,337
01_009_002,597,309,0,309,0,2,307
01_009_003,617,312,0,311,-1,0,311
01_009_004,645,343,0,343,0,2,341
01_009_005,633,305,0,305,0,3,302
01_009_006,662,355,0,354,-1,0,354
01_009_007,742,383,0,381,-2,2,379
01_009_008,615,315,0,315,0,2,313
01_009_009,3393,2607,0,2606,-1,5,2601
01_009_010,649,394,0,394,0,0,394
01_009_011,737,394,0,394,0,0,394
01_009_012,695,366,0,366,0,1,365
01_009_013,815,450,0,449,-1,1,448
01_009_014,897,513,0,513,0,1,512
01_009_015,617,310,0,310,0,1,309
01_009_016,592,288,0,288,0,0,288
01_009_017,1012,521,0,521,0,0,521
01_009_018,787,362,0,362,0,2,360
01_009_019,868,374,0,373,-1,1,372
01_009_020,1058,357,0,357,0,2,355
01_009_021,816,361,0,361,0,1,360
01_009_022,807,364,0,364,0,1,363
01_009_023,800,302,1,302,0,2,300
01_009_024,619,302,0,302,0,0,302
01_009_025,895,427,0,427,0,0,427
01_009_026,745,356,0,356,0,0,356
01_009_027,736,399,0,399,0,2,397
01_009_028,710,394,0,394,0,2,392
01_009_029,998,452,0,452,0,1,451
01_009_030,962,467,0,467,0,5,462
01_009_031,812,318,0,318,0,2,316
01_009_032,679,274,0,274,0,0,274
01_009_033,862,370,0,370,0,2,368
01_009_034,665,294,0,294,0,0,294
01_009_035,732,405,0,405,0,0,405
01_009_036,1079,495,1,493,-2,1,492
01_009_037,693,249,0,249,0,1,248
01_009_038,791,224,0,224,0,0,224
01_009_039,899,226,0,226,0,0,226
01_009_040,655,122,0,122,0,0,122
01_009_041,655,330,0,330,0,0,330
01_009_042,674,379,0,378,-1,1,377
01_009_043,713,400,0,400,0,1,399
01_009_044,609,319,0,319,0,0,319
01_009_045,832,369,0,369,0,9,360
01_009_046,764,385,0,385,0,0,385
01_009_047,702,371,0,371,0,0,371
01_009_048,659,348,0,348,0,1,347
01_009_049,875,469,0,469,0,2,467
01_009_050,827,468,0,468,0,5,463
01_009_051,816,445,0,446,1,10,436
01_009_052,792,421,0,421,0,4,417
01_009_053,712,375,0,375,0,1,374
01_010_001,597,307,0,306,-1,1,305
01_010_002,595,312,0,312,0,0,312
01_010_003,588,180,2,178,-2,1,177
01_010_004,613,187,0,187,0,1,186
01_010_005,596,195,0,195,0,0,195
01_010_006,623,219,0,219,0,0,219
01_010_007,579,271,0,271,0,0,271
01_010_008,675,258,0,258,0,0,258
01_010_009,985,428,0,428,0,0,428
01_010_010,605,269,0,269,0,0,269
01_010_011,710,368,0,368,0,2,366
01_010_012,673,400,0,400,0,0,400
01_010_013,740,336,0,336,0,3,333
01_010_014,682,298,0,298,0,1,297
01_010_015,727,275,0,275,0,1,274
01_010_016,745,367,0,367,0,0,367
01_010_017,709,321,0,321,0,2,319
01_010_018,725,285,0,285,0,0,285
01_010_019,713,340,0,340,0,3,337
01_010_020,867,335,0,335,0,1,334
01_010_021,937,364,0,364,0,2,362
01_010_022,767,434,0,433,-1,1,432
01_010_023,711,337,0,337,0,1,336
01_010_024,810,358,0,358,0,2,356
01_010_025,571,259,0,259,0,1,258
01_010_026,605,309,0,309,0,0,309
01_010_027,807,331,0,331,0,3,328
01_010_028,764,328,0,328,0,2,326
01_010_029,791,382,0,382,0,1,381
01_010_030,670,315,0,315,0,0,315
01_010_031,802,429,0,429,0,2,427
01_010_032,871,543,0,543,0,1,542
01_010_033,730,266,0,266,0,2,264
01_010_034,780,293,0,293,0,0,293
01_010_035,2427,1606,0,1604,-2,6,1598
01_010_036,800,372,0,372,0,1,371
01_010_037,840,334,0,334,0,1,333
01_010_038,776,383,0,383,0,3,380
01_010_039,618,270,0,270,0,0,270
01_010_040,614,270,0,270,0,0,270
01_010_041,613,333,0,333,0,1,332
01_010_042,682,311,0,311,0,0,311
01_010_043,644,290,0,289,-1,2,287
01_010_044,662,342,0,342,0,0,342
01_010_045,583,323,0,323,0,0,323
01_010_046,585,249,0,249,0,1,248
01_010_047,659,272,0,272,0,6,266
01_010_048,728,244,0,244,0,1,243
01_010_049,632,211,2,211,0,0,211
01_010_050,793,259,0,259,0,2,257
01_010_051,640,331,0,331,0,2,329
01_010_052,668,343,0,343,0,1,342
01_010_053,649,349,0,349,0,0,349
01_010_054,677,397,0,397,0,1,396
01_010_055,701,327,0,327,0,4,323
01_010_056,845,327,0,327,0,0,327
01_010_057,826,357,0,357,0,0,357
01_010_058,645,276,0,276,0,1,275
01_010_059,598,252,0,252,0,2,250
01_010_060,712,276,0,276,0,2,274
01_010_061,803,387,0,387,0,0,387
01_010_062,731,322,1,320,-2,0,320
01_010_063,827,357,2,356,-1,0,356
01_010_064,754,349,0,349,0,5,344
01_010_065,754,327,1,326,-1,0,326
01_010_066,799,346,0,346,0,0,346
01_010_067,749,301,0,301,0,1,300
01_010_068,676,339,0,339,0,0,339
01_010_069,705,301,0,301,0,3,298
01_010_070,925,410,0,410,0,2,408
01_010_071,888,410,0,410,0,1,409
01_010_072,880,391,0,391,0,3,388
01_010_073,869,343,0,343,0,0,343
01_010_074,804,317,0,317,0,1,316
01_010_075,635,369,0,369,0,2,367
01_010_076,681,360,0,360,0,0,360
01_011_001,765,462,0,461,-1,1,460
01_011_002,843,522,0,522,0,4,518
01_011_003,770,528,0,528,0,1,527
01_011_004,810,493,0,492,-1,1,491
01_011_005,819,540,0,539,-1,2,537
01_011_006,862,526,0,526,0,0,526
01_011_007,793,461,1,461,0,3,458
01_011_008,678,427,0,427,0,0,427
01_011_009,752,450,0,450,0,0,450
01_011_010,1053,602,0,602,0,5,597
01_011_011,968,578,0,578,0,2,576
01_011_012,865,500,0,500,0,1,499
01_011_013,778,474,0,474,0,1,473
01_011_014,958,590,0,586,-4,2,584
01_011_015,759,450,1,449,-1,5,444
01_011_016,782,443,0,443,0,1,442
01_011_017,776,426,0,425,-1,4,421
01_011_018,898,506,0,506,0,1,505
01_011_019,763,411,0,411,0,1,410
01_011_020,791,448,0,448,0,0,448
01_011_021,811,464,0,464,0,1,463
01_011_022,674,454,0,454,0,0,454
01_011_023,816,529,0,529,0,4,525
01_011_024,786,468,0,468,0,1,467
01_011_025,816,486,1,486,0,3,483
01_011_026,923,568,0,568,0,2,566
01_011_027,852,467,0,467,0,4,463
01_011_028,1061,612,0,612,0,3,609
01_011_029,838,487,0,487,0,1,486
01_011_030,792,473,0,473,0,1,472
01_011_031,1030,600,0,600,0,0,600
01_011_032,1074,641,0,641,0,2,639
01_011_033,609,420,0,420,0,2,418
01_011_034,1045,622,0,621,-1,1,620
01_011_035,831,507,0,507,0,1,506
01_011_036,769,523,0,522,-1,4,518
01_011_037,898,609,1,607,-2,1,606
01_011_038,878,581,0,581,0,0,581
01_011_039,767,531,0,531,0,1,530
01_011_040,934,635,0,635,0,0,635
01_011_041,962,678,0,678,0,0,678
01_011_042,884,617,0,615,-2,5,610
01_011_043,834,605,0,605,0,1,604
01_011_044,912,638,0,637,-1,1,636
01_011_045,1122,789,0,788,-1,1,787
01_011_046,935,636,0,636,0,2,634
01_011_047,997,699,0,699,0,2,697
01_011_048,854,479,0,480,1,10,470
01_011_049,904,506,0,505,-1,2,503
01_011_050,764,508,0,508,0,0,508
01_011_051,811,521,0,521,0,4,517
01_011_052,803,495,0,495,0,0,495
01_011_053,865,528,0,528,0,4,524
01_011_054,846,519,0,519,0,1,518
01_011_055,773,488,0,487,-1,1,486
01_011_056,4176,3125,0,3124,-1,6,3118
01_011_057,740,438,0,438,0,3,435
01_011_058,761,466,0,466,0,3,463
01_011_059,1006,593,0,588,-5,2,586
01_011_060,1026,622,0,622,0,0,622
01_011_061,1045,633,1,633,0,2,631
01_011_062,1057,690,0,690,0,3,687
01_011_063,972,591,0,591,0,1,590
01_011_064,892,498,0,498,0,6,492
01_011_065,1092,619,0,618,-1,6,612
01_011_066,802,431,0,431,0,1,430
01_011_067,914,468,0,468,0,0,468
01_011_068,745,335,1,333,-2,3,330
01_011_069,817,498,0,495,-3,1,494
01_011_070,952,621,0,621,0,3,618
01_011_071,787,429,0,429,0,1,428
01_011_072,687,374,0,374,0,1,373
01_011_073,968,531,0,531,0,1,530
01_011_074,1099,666,0,666,0,3,663
01_011_075,950,526,0,526,0,2,524
01_011_076,1127,610,0,610,0,1,609
01_011_077,1090,589,0,589,0,2,587
01_011_078,973,592,0,592,0,2,590
01_011_079,1132,610,0,610,0,1,609
01_011_080,1089,542,0,542,0,0,542
01_011_081,988,607,0,607,0,3,604
01_011_082,1096,638,0,637,-1,4,633
01_011_083,812,459,0,459,0,1,458
01_011_084,839,385,1,384,-1,1,383
01_011_085,997,498,0,498,0,1,497
01_011_086,1079,575,0,575,0,3,572
01_011_087,727,340,0,340,0,1,339
01_011_088,770,487,0,486,-1,1,485
01_011_089,859,446,0,446,0,1,445
01_011_090,713,369,0,369,0,2,367
01_011_091,965,462,0,462,0,2,460
01_011_092,669,363,0,363,0,0,363
01_011_093,812,458,0,457,-1,3,454
01_011_094,1114,559,0,559,0,5,554
01_011_095,1139,490,0,490,0,2,488
01_011_096,751,394,0,394,0,2,392
01_011_097,874,486,0,486,0,5,481
01_011_098,864,530,0,530,0,0,530
01_011_099,1026,686,0,686,0,0,686
01_011_100,1030,625,0,625,0,3,622
01_011_101,931,500,0,499,-1,1,498
01_011_102,824,429,0,429,0,3,426
01_011_103,714,383,0,383,0,2,381
01_011_104,749,483,0,483,0,3,480
01_011_105,709,416,0,415,-1,2,413
01_011_106,830,502,0,502,0,1,501
01_011_107,869,550,0,550,0,0,550
01_011_108,805,514,0,514,0,4,510
01_011_109,967,579,0,579,0,2,577
01_011_110,1000,631,0,631,0,2,629
01_011_111,812,508,0,507,-1,1,506
01_011_112,1138,619,0,619,0,2,617
01_011_113,1141,404,0,404,0,4,400
01_012_001,692,431,0,431,0,1,430
01_012_002,683,382,0,381,-1,1,380
01_012_003,509,281,0,281,0,4,277
01_012_004,761,497,0,497,0,4,493
01_012_005,636,317,0,317,0,0,317
01_012_006,556,328,0,328,0,2,326
01_012_007,767,461,0,461,0,3,458
01_012_008,846,533,0,533,0,1,532
01_012_009,891,582,0,582,0,2,580
01_012_010,942,607,0,607,0,4,603
01_012_011,784,533,0,532,-1,2,530
01_012_012,936,618,0,618,0,5,613
01_012_013,612,408,0,408,0,0,408
01_012_014,642,400,0,399,-1,1,398
01_012_015,688,439,0,439,0,0,439
01_012_016,668,449,0,449,0,1,448
01_012_017,939,511,0,511,0,1,510
01_012_018,865,530,0,530,0,0,530
01_012_019,801,519,0,519,0,4,515
01_012_020,750,448,0,448,0,4,444
01_012_021,736,446,0,446,0,6,440
01_012_022,504,344,0,344,0,1,343
01_012_023,2339,1893,0,1893,0,9,1884
01_012_024,578,394,0,394,0,0,394
01_012_025,772,520,0,520,0,1,519
01_012_026,710,492,0,492,0,1,491
01_012_027,696,495,0,495,0,2,493
01_012_028,988,598,0,598,0,6,592
01_012_029,702,451,0,451,0,2,449
01_012_030,901,596,0,596,0,1,595
01_012_031,706,404,0,404,0,2,402
01_012_032,781,486,0,484,-2,3,481
01_012_033,941,523,0,522,-1,2,520
01_012_034,842,564,0,564,0,9,555
01_012_035,855,591,0,591,0,0,591
01_012_036,679,450,0,450,0,0,450
01_012_037,747,501,0,501,0,2,499
01_012_038,953,612,0,611,-1,4,607
01_012_039,942,623,0,623,0,2,621
01_012_040,765,522,0,522,0,3,519
01_012_041,572,354,0,354,0,3,351
01_012_042,840,583,0,583,0,1,582
01_012_043,898,562,0,562,0,3,559
01_012_044,977,636,0,636,0,1,635
01_012_045,618,365,0,365,0,2,363
01_012_046,940,595,0,594,-1,0,594
01_012_047,1020,645,0,645,0,0,645
01_012_048,874,470,0,470,0,1,469
01_012_049,850,514,0,513,-1,3,510
01_012_050,778,548,0,548,0,0,548
01_012_051,575,369,0,369,0,2,367
01_012_052,912,601,0,601,0,2,599
01_012_053,876,543,0,543,0,4,539
01_012_054,701,454,0,455,1,10,445
01_012_055,721,457,0,456,-1,4,452
01_013_001,1090,493,0,486,-7,2,484
01_013_002,951,506,0,506,0,1,505
01_013_003,1000,578,0,578,0,2,576
01_013_004,931,558,0,556,-2,0,556
01_013_005,940,612,0,612,0,2,610
01_013_006,1181,645,0,646,1,12,634
01_013_007,1025,532,0,532,0,2,530
01_013_008,1090,592,0,591,-1,2,589
01_013_009,1108,697,6,691,-6,4,687
01_013_010,1036,662,0,662,0,2,660
01_013_011,751,504,0,504,0,5,499
01_013_012,952,522,0,522,0,0,522
01_013_013,980,535,0,533,-2,1,532
01_013_014,1047,590,2,588,-2,1,587
01_013_015,1069,629,0,627,-2,1,626
01_013_016,850,534,0,534,0,0,534
01_013_017,1133,753,0,752,-1,5,747
01_013_018,1088,640,0,640,0,3,637
01_013_019,1139,648,0,648,0,3,645
01_013_020,1187,598,0,598,0,1,597
01_013_021,1166,690,0,689,-1,1,688
01_013_022,1208,610,0,610,0,6,604
01_013_023,1093,598,0,598,0,2,596
01_013_024,1206,632,0,630,-2,4,626
01_013_025,793,423,0,423,0,2,421
01_013_026,1000,396,0,396,0,4,392
01_013_027,1014,404,1,403,-1,1,402
01_013_028,927,522,0,522,0,6,516
01_013_029,1011,559,0,559,0,2,557
01_013_030,1010,567,0,567,0,2,565
01_013_031,978,577,0,576,-1,0,576
01_013_032,972,559,1,558,-1,1,557
01_013_033,1017,451,0,451,0,2,449
01_013_034,3972,2928,0,2927,-1,3,2924
01_013_035,1211,663,0,663,0,1,662
01_013_036,1106,501,0,501,0,0,501
01_013_037,1125,593,0,587,-6,3,584
01_013_038,1072,523,1,523,0,1,522
01_013_039,1072,569,0,569,0,2,567
01_013_040,886,144,0,144,0,1,143
01_013_041,984,409,0,409,0,3,406
01_013_042,883,400,0,400,0,2,398
01_013_043,730,258,0,258,0,2,256
01_013_044,985,525,0,525,0,0,525
01_013_045,1060,343,0,343,0,0,343
01_013_046,970,287,0,287,0,4,283
01_013_047,940,411,0,411,0,1,410
01_013_048,1183,473,0,473,0,4,469
01_013_049,1089,435,0,435,0,2,433
01_013_050,984,484,0,484,0,4,480
01_013_051,937,430,0,430,0,0,430
01_013_052,1026,404,0,403,-1,2,401
01_013_053,922,481,0,481,0,1,480
01_013_054,911,509,0,509,0,1,508
01_013_055,862,451,0,451,0,4,447
01_013_056,783,410,0,410,0,1,409
01_013_057,988,474,0,474,0,0,474
01_013_058,1126,457,0,457,0,0,457
01_013_059,1002,469,0,469,0,0,469
01_013_060,1028,534,0,534,0,2,532
01_013_061,945,494,0,494,0,3,491
01_013_062,635,347,0,347,0,2,345
01_013_063,1284,554,0,554,0,6,548
01_013_064,1007,453,0,453,0,0,453
01_013_065,860,359,0,357,-2,1,356
01_013_066,886,500,0,500,0,5,495
01_013_067,1150,606,0,605,-1,0,605
01_013_068,1186,660,0,659,-1,0,659
01_013_069,1123,627,0,627,0,1,626
01_013_070,904,439,0,437,-2,5,432
01_013_071,1186,519,0,519,0,6,513
01_013_072,770,380,0,380,0,2,378
01_013_073,1161,563,0,563,0,1,562
01_013_074,1054,468,0,468,0,0,468
01_013_075,781,382,0,382,0,1,381
01_013_076,1244,407,0,407,0,5,402
01_013_077,1132,670,0,669,-1,2,667
01_013_078,905,446,0,445,-1,1,444
01_013_079,1130,619,0,617,-2,0,617
01_013_080,943,464,0,464,0,10,454
01_013_081,806,448,0,448,0,3,445
01_013_082,1251,678,0,676,-2,2,674
01_013_083,1300,618,0,617,-1,6,611
01_013_084,1064,514,0,514,0,3,511
01_013_085,1016,417,0,417,0,1,416
01_013_086,707,320,0,320,0,2,318
01_013_087,779,443,0,443,0,0,443
01_014_001,1063,615,0,615,0,0,615
01_014_002,1089,540,0,540,0,0,540
01_014_003,1067,634,0,633,-1,5,628
01_014_004,1144,671,0,671,0,2,669
01_014_005,1396,743,0,743,0,3,740
01_014_006,1185,670,0,670,0,3,667
01_014_007,1160,596,0,595,-1,3,592
01_014_008,1130,565,0,564,-1,1,563
01_014_009,1104,508,0,508,0,3,505
01_014_010,1093,546,0,546,0,4,542
01_014_011,1227,601,0,601,0,7,594
01_014_012,1078,530,0,530,0,5,525
01_014_013,995,466,0,466,0,3,463
01_014_014,1260,460,0,459,-1,2,457
01_014_015,1072,494,0,494,0,2,492
01_014_016,1212,712,0,712,0,7,705
01_014_017,1103,650,0,651,1,10,641
01_014_018,1159,610,0,610,0,1,609
01_014_019,1191,657,0,657,0,3,654
01_014_020,1270,757,0,757,0,2,755
01_014_021,1288,739,0,740,1,9,731
01_014_022,1170,525,0,525,0,4,521
01_014_023,3971,2866,1,2865,-1,4,2861
01_014_024,1168,624,0,624,0,2,622
01_014_025,1191,676,0,676,0,0,676
01_014_026,1173,585,0,585,0,1,584
01_014_027,1169,656,1,655,-1,3,652
01_014_028,1103,514,0,513,-1,0,513
01_014_029,1199,686,0,686,0,1,685
01_014_030,1139,624,0,627,3,28,599
01_014_031,1367,610,0,610,0,5,605
01_014_032,1207,705,0,705,0,1,704
01_014_033,1163,654,0,654,0,0,654
01_014_034,1193,649,0,649,0,4,645
01_014_035,1163,735,1,733,-2,5,728
01_014_036,1172,708,0,708,0,2,706
01_014_037,1271,744,0,744,0,0,744
01_014_038,1304,802,0,802,0,1,801
01_014_039,1024,569,0,569,0,2,567
01_014_040,997,608,0,607,-1,2,605
01_014_041,1209,733,0,732,-1,2,730
01_014_042,1060,639,0,639,0,1,638
01_014_043,1204,715,0,713,-2,4,709
01_014_044,1225,705,0,705,0,3,702
01_014_045,1223,603,0,603,0,4,599
01_014_046,1163,637,0,637,0,8,629
01_014_047,1241,718,0,718,0,7,711
01_014_048,1126,517,0,517,0,1,516
01_014_049,1245,631,0,631,0,1,630
01_014_050,1107,545,0,545,0,1,544
01_014_051,1152,558,0,558,0,1,557
01_014_052,1075,512,0,512,0,0,512
01_014_053,1122,509,0,509,0,1,508
01_014_054,1155,513,1,513,0,3,510
01_014_055,1238,703,1,701,-2,0,701
01_014_056,1217,728,0,728,0,3,725
01_014_057,1285,685,0,685,0,3,682
01_014_058,1012,490,0,491,1,11,480
01_014_059,1163,564,1,563,-1,5,558
01_014_060,1222,660,0,660,0,6,654
01_014_061,1275,792,0,792,0,4,788
01_014_062,1209,723,0,723,0,2,721
01_014_063,1141,725,0,724,-1,0,724
01_014_064,1139,638,0,638,0,4,634
01_014_065,1241,785,1,784,-1,5,779
01_014_066,1250,593,0,593,0,1,592
01_014_067,1095,487,0,487,0,3,484
01_014_068,1133,636,0,636,0,2,634
01_014_069,1157,610,0,610,0,2,608
01_014_070,1117,635,0,634,-1,4,630
01_014_071,1178,605,0,605,0,2,603
01_014_072,1193,626,0,626,0,1,625
01_014_073,1196,638,0,638,0,1,637
01_014_074,1223,619,0,619,0,4,615
01_014_075,1102,648,0,648,0,3,645
01_015_001,832,465,0,465,0,2,463
01_015_002,853,473,0,473,0,2,471
01_015_003,1118,607,0,607,0,0,607
01_015_004,913,486,0,486,0,1,485
01_015_005,757,442,0,442,0,2,440
01_015_006,1094,613,0,613,0,2,611
01_015_007,784,409,0,409,0,0,409
01_015_008,777,419,0,419,0,0,419
01_015_009,845,398,0,398,0,4,394
01_015_010,811,380,1,379,-1,1,378
01_015_011,825,394,0,394,0,4,390
01_015_012,1101,525,0,525,0,2,523
01_015_013,1205,525,0,524,-1,0,524
01_015_014,779,379,0,379,0,2,377
01_015_015,1946,1149,0,1149,0,2,1147
01_015_016,1147,567,0,567,0,0,567
01_015_017,759,365,0,364,-1,0,364
01_015_018,770,391,0,391,0,2,389
01_015_019,1017,486,0,486,0,2,484
01_015_020,1121,477,0,477,0,2,475
01_015_021,1032,439,0,439,0,3,436
01_015_022,1075,531,0,531,0,1,530
01_015_023,761,459,1,459,0,2,457
01_015_024,996,482,0,482,0,1,481
01_015_025,949,528,0,528,0,0,528
01_015_026,822,449,0,449,0,1,448
01_015_027,894,486,0,486,0,2,484
01_015_028,853,413,0,413,0,1,412
01_015_029,854,401,0,401,0,1,400
01_015_030,703,385,0,385,0,0,385
01_015_031,828,386,0,386,0,1,385
01_015_032,792,401,0,401,0,1,400
01_015_033,851,450,0,450,0,0,450
01_015_034,701,400,0,402,2,19,383
01_015_035,1094,581,0,581,0,0,581
01_015_036,843,450,0,450,0,0,450
01_015_037,791,441,0,441,0,2,439
01_015_038,961,504,0,504,0,0,504
01_015_039,902,468,0,468,0,4,464
01_015_040,735,319,0,319,0,1,318
01_015_041,789,328,0,327,-1,2,325
01_015_042,931,409,0,409,0,0,409
01_015_043,935,429,0,429,0,3,426
01_015_044,893,393,0,393,0,2,391
01_015_045,739,309,0,309,0,2,307
01_015_046,914,397,0,397,0,1,396
01_015_047,866,375,0,375,0,1,374
01_015_048,741,329,0,329,0,2,327
01_015_049,801,443,0,443,0,14,429
01_015_050,700,302,0,302,0,1,301
01_015_051,735,299,0,299,0,0,299
01_015_052,872,345,0,345,0,1,344
01_015_053,749,350,0,350,0,4,346
01_015_054,962,360,0,360,0,4,356
01_015_055,871,360,0,360,0,0,360
01_015_056,877,395,0,395,0,2,393
01_015_057,975,421,1,420,-1,1,419
01_015_058,831,358,0,358,0,2,356
01_015_059,844,327,0,327,0,1,326
01_015_060,916,385,0,385,0,0,385
01_015_061,1050,460,2,458,-2,0,458
01_015_062,786,343,0,343,0,0,343
01_015_063,1202,572,0,572,0,5,567
01_015_064,963,428,0,428,0,2,426
01_015_065,781,381,0,381,0,3,378
01_015_066,841,452,0,451,-1,1,450
01_015_067,968,425,0,425,0,1,424
01_015_068,799,345,0,345,0,2,343
01_015_069,830,367,0,367,0,0,367
01_015_070,916,315,0,315,0,2,313
01_016_001,1048,608,0,608,0,2,606
01_016_002,971,557,0,557,0,2,555
01_016_003,998,596,0,596,0,5,591
01_016_004,870,462,0,462,0,4,458
01_016_005,863,506,0,506,0,1,505
01_016_006,1050,535,0,535,0,1,534
01_016_007,1053,556,0,556,0,0,556
01_016_008,1021,573,0,573,0,4,569
01_016_009,994,559,0,555,-4,1,554
01_016_010,966,547,0,547,0,1,546
01_016_011,994,559,0,560,1,12,548
01_016_012,1041,595,0,595,0,0,595
01_016_013,886,472,0,472,0,0,472
01_016_014,918,532,0,532,0,2,530
01_016_015,1051,624,0,624,0,1,623
01_016_016,832,466,0,466,0,0,466
01_016_017,1686,1188,0,1186,-2,3,1183
01_016_018,881,522,0,522,0,2,520
01_016_019,743,407,0,407,0,1,406
01_016_020,743,454,0,454,0,3,451
01_016_021,746,410,0,409,-1,2,407
01_016_022,774,479,0,479,0,1,478
01_016_023,903,500,0,500,0,2,498
01_016_024,859,455,0,455,0,1,454
01_016_025,853,492,0,492,0,12,480
01_016_026,995,571,0,571,0,1,570
01_016_027,986,589,0,589,0,0,589
01_016_028,769,451,0,451,0,1,450
01_016_029,828,469,0,469,0,1,468
01_016_030,969,531,0,531,0,2,529
01_016_031,851,495,1,494,-1,1,493
01_016_032,1042,613,0,613,0,0,613
01_016_033,1113,635,0,635,0,0,635
01_016_034,926,525,0,525,0,0,525
01_016_035,1088,578,1,577,-1,3,574
01_016_036,849,539,0,539,0,2,537
01_016_037,724,448,0,448,0,1,447
01_016_038,928,592,0,592,0,0,592
01_016_039,782,443,0,443,0,0,443
01_016_040,958,587,0,587,0,2,585
01_016_041,813,431,0,430,-1,6,424
01_016_042,891,541,0,541,0,2,539
01_016_043,958,609,0,609,0,1,608
01_016_044,1001,572,0,572,0,0,572
01_016_045,956,594,1,594,0,65,529
01_016_046,746,364,0,364,0,2,362
01_016_047,682,368,0,368,0,0,368
01_016_048,943,526,1,524,-2,0,524
01_016_049,986,637,0,637,0,4,633
01_016_050,824,463,0,463,0,5,458
01_016_051,1040,545,0,545,0,1,544
01_016_052,837,503,1,502,-1,1,501
01_016_053,762,453,0,453,0,4,449
01_016_054,914,558,0,558,0,1,557
01_016_055,917,526,0,526,0,4,522
01_016_056,1311,727,0,727,0,2,725
01_016_057,1308,662,0,662,0,1,661
01_016_058,791,423,0,423,0,1,422
01_016_059,895,487,0,486,-1,0,486
01_016_060,1066,563,0,562,-1,0,562
01_017_001,857,508,0,508,0,1,507
01_017_002,863,528,0,528,0,0,528
01_017_003,962,515,0,515,0,1,514
01_017_004,851,512,0,512,0,2,510
01_017_005,745,486,0,485,-1,1,484
01_017_006,858,574,0,574,0,2,572
01_017_007,969,455,0,455,0,1,454
01_017_008,1126,504,0,504,0,1,503
01_017_009,957,392,0,392,0,1,391
01_017_010,824,322,0,322,0,1,321
01_017_011,994,392,0,392,0,7,385
01_017_012,914,426,0,425,-1,1,424
01_017_013,918,327,0,327,0,0,327
01_017_014,965,406,0,406,0,0,406
01_017_015,859,393,0,393,0,2,391
01_017_016,465,159,0,159,0,1,158
01_017_017,711,289,0,288,-1,1,287
01_017_018,872,410,0,410,0,2,408
01_017_019,974,422,0,422,0,1,421
01_017_020,808,329,0,329,0,1,328
01_017_021,1613,810,1,809,-1,11,798
01_017_022,940,439,0,437,-2,3,434
01_017_023,1010,415,0,415,0,3,412
01_017_024,918,464,0,464,0,0,464
01_017_025,1038,553,0,553,0,2,551
01_017_026,898,567,0,567,0,1,566
01_017_027,641,385,0,385,0,1,384
01_017_028,700,405,0,405,0,1,404
01_017_029,931,446,0,446,0,3,443
01_017_030,938,469,0,469,0,1,468
01_017_031,894,518,0,518,0,1,517
01_017_032,828,456,0,456,0,2,454
01_017_033,898,487,0,486,-1,0,486
01_017_034,886,450,0,450,0,1,449
01_017_035,1072,436,0,436,0,3,433
01_017_036,1011,461,0,461,0,2,459
01_017_037,1048,456,0,456,0,0,456
01_017_038,1099,558,0,557,-1,3,554
01_017_039,989,554,0,554,0,1,553
01_017_040,1096,611,0,611,0,1,610
01_017_041,1074,505,0,505,0,1,504
01_017_042,1148,592,0,593,1,9,584
01_017_043,986,512,0,512,0,3,509
01_017_044,753,359,0,359,0,1,358
01_017_045,823,415,0,415,0,0,415
01_017_046,1024,578,0,577,-1,2,575
01_017_047,1082,594,0,594,0,1,593
01_017_048,816,459,0,459,0,0,459
01_017_049,905,460,0,460,0,1,459
01_017_050,774,404,0,404,0,0,404
01_017_051,1173,586,0,586,0,1,585
01_017_052,1021,556,0,556,0,5,551
01_017_053,872,435,0,435,0,3,432
01_017_054,769,422,0,421,-1,1,420
01_017_055,937,536,0,536,0,2,534
01_017_056,1036,549,0,549,0,0,549
01_017_057,811,405,0,405,0,0,405
01_017_058,940,454,0,454,0,4,450
01_017_059,1102,568,0,568,0,2,566
01_017_060,956,442,1,442,0,1,441
01_017_061,1053,469,0,469,0,1,468
01_017_062,745,357,0,357,0,0,357
01_017_063,907,446,0,446,0,3,443
01_017_064,975,538,0,538,0,0,538
01_017_065,915,479,0,479,0,2,477
01_017_066,922,515,0,515,0,2,513
01_017_067,936,527,0,527,0,1,526
01_017_068,948,509,0,509,0,1,508
01_017_069,870,470,0,470,0,0,470
01_017_070,914,515,0,515,0,6,509
01_017_071,907,486,0,486,0,0,486
01_017_072,973,607,0,607,0,1,606
01_017_073,1009,609,0,609,0,6,603
01_017_074,724,409,0,409,0,3,406
01_017_075,974,579,0,579,0,2,577
01_018_001,1103,598,0,598,0,2,596
01_018_002,900,470,0,470,0,1,469
01_018_003,1106,579,0,580,1,11,569
01_018_004,1120,588,0,588,0,6,582
01_018_005,1150,567,0,567,0,2,565
01_018_006,984,528,0,528,0,2,526
01_018_007,929,478,0,478,0,0,478
01_018_008,918,453,0,453,0,1,452
01_018_009,829,392,0,392,0,0,392
01_018_010,966,548,0,548,0,3,545
01_018_011,1913,1191,2,1191,0,11,1180
01_018_012,855,511,0,511,0,1,510
01_018_013,1032,536,0,536,0,4,532
01_018_014,908,523,0,523,0,2,521
01_018_015,941,508,0,508,0,2,506
01_018_016,845,465,0,465,0,2,463
01_018_017,853,457,0,457,0,1,456
01_018_018,982,536,0,536,0,6,530
01_018_019,1087,614,0,614,0,5,609
01_018_020,887,489,0,489,0,0,489
01_018_021,1043,595,0,595,0,2,593
01_018_022,853,452,0,452,0,3,449
01_018_023,937,536,0,536,0,0,536
01_018_024,1063,439,0,439,0,2,437
01_018_025,985,551,1,550,-1,2,548
01_018_026,1103,485,0,485,0,1,484
01_018_027,1236,599,0,599,0,2,597
01_018_028,1028,551,0,551,0,3,548
01_018_029,1221,443,0,443,0,3,440
01_018_030,1125,465,0,465,0,0,465
01_018_031,1258,432,0,432,0,5,427
01_018_032,1071,372,0,372,0,2,370
01_018_033,1055,370,0,370,0,6,364
01_018_034,848,341,0,341,0,1,340
01_018_035,982,385,0,385,0,7,378
01_018_036,1006,366,0,366,0,1,365
01_018_037,941,396,0,396,0,0,396
01_018_038,1086,385,0,385,0,3,382
01_018_039,897,340,0,340,0,1,339
01_018_040,1056,541,0,541,0,1,540
01_018_041,1110,587,0,587,0,1,586
01_018_042,1180,584,0,583,-1,0,583
01_018_043,844,439,0,436,-3,1,435
01_018_044,1221,608,0,608,0,1,607
01_018_045,725,361,0,361,0,1,360
01_018_046,815,449,0,449,0,2,447
01_018_047,1055,567,0,566,-1,1,565
01_018_048,805,432,0,426,-6,1,425
01_018_049,1064,538,0,538,0,0,538
01_018_050,1072,615,0,615,0,0,615
01_018_051,947,503,0,503,0,4,499
01_018_052,1027,647,0,647,0,1,646
01_018_053,1174,717,0,717,0,6,711
01_018_054,1040,616,0,616,0,2,614
01_018_055,1139,564,0,564,0,9,555
01_018_056,1304,679,0,679,0,19,660
01_018_057,1115,660,0,660,0,6,654
01_018_058,1045,546,0,546,0,3,543
01_018_059,1315,709,0,709,0,2,707
01_018_060,1218,535,0,535,0,1,534
01_018_061,1358,643,0,643,0,6,637
01_018_062,1216,564,0,564,0,3,561
01_018_063,1175,626,0,626,0,2,624
01_018_064,910,431,0,431,0,0,431
01_018_065,1143,517,0,516,-1,1,515
01_018_066,734,378,0,378,0,3,375
01_018_067,1058,556,0,556,0,1,555
01_018_068,923,470,0,470,0,2,468
01_018_069,1150,583,0,583,0,1,582
01_018_070,1052,527,0,527,0,4,523
01_018_071,869,404,0,404,0,0,404
01_018_072,1120,546,0,546,0,4,542
01_018_073,1066,552,0,552,0,2,550
01_018_074,1183,572,0,571,-1,2,569
01_018_075,1216,611,0,611,0,2,609
01_018_076,961,419,0,419,0,0,419
01_019_001,793,366,0,366,0,1,365
01_019_002,980,434,0,434,0,0,434
01_019_003,904,394,0,394,0,0,394
01_019_004,869,394,0,394,0,2,392
01_019_005,915,450,0,450,0,2,448
01_019_006,847,434,0,434,0,1,433
01_019_007,841,410,0,409,-1,2,407
01_019_008,899,427,1,426,-1,1,425
01_019_009,1019,537,1,534,-3,5,529
01_019_010,970,473,0,473,0,0,473
01_019_011,969,482,0,482,0,1,481
01_019_012,960,438,0,438,0,2,436
01_019_013,878,476,1,476,0,1,475
01_019_014,892,392,0,392,0,1,391
01_019_015,994,509,0,509,0,5,504
01_019_016,885,413,0,413,0,3,410
01_019_017,996,484,0,483,-1,1,482
01_019_018,828,374,1,374,0,0,374
01_019_019,795,397,1,397,0,0,397
01_019_020,871,475,0,475,0,2,473
01_019_021,786,433,0,433,0,0,433
01_019_022,771,323,0,323,0,0,323
01_019_023,1821,1138,0,1138,0,7,1131
01_019_024,902,449,0,449,0,1,448
01_019_025,833,383,0,383,0,1,382
01_019_026,834,394,0,392,-2,5,387
01_019_027,716,343,0,343,0,0,343
01_019_028,964,375,0,375,0,0,375
01_019_029,902,512,1,512,0,5,507
01_019_030,952,498,0,498,0,1,497
01_019_031,886,540,0,540,0,1,539
01_019_032,1176,711,0,711,0,3,708
01_019_033,982,579,0,578,-1,5,573
01_019_034,960,551,0,549,-2,3,546
01_019_035,1106,594,0,594,0,3,591
01_019_036,1177,584,0,584,0,5,579
01_019_037,1087,550,1,548,-2,3,545
01_019_038,1209,600,0,599,-1,3,596
01_019_039,918,483,0,483,0,2,481
01_019_040,1076,543,0,543,0,2,541
01_019_041,1195,584,0,584,0,0,584
01_019_042,1060,559,0,559,0,6,553
01_019_043,848,401,0,399,-2,1,398
01_019_044,989,497,0,497,0,4,493
01_019_045,981,403,2,403,0,2,401
01_019_046,996,545,0,545,0,1,544
01_019_047,921,539,0,538,-1,2,536
01_019_048,1249,742,0,742,0,1,741
01_020_001,840,412,0,411,-1,3,408
01_020_002,1079,578,1,578,0,0,578
01_020_003,593,268,0,268,0,0,268
01_020_004,659,263,0,263,0,1,262
01_020_005,839,390,1,390,0,3,387
01_020_006,929,438,0,438,0,0,438
01_020_007,692,323,0,323,0,2,321
01_020_008,979,472,0,470,-2,1,469
01_020_009,866,359,0,359,0,1,358
01_020_010,722,299,0,299,0,0,299
01_020_011,1787,1048,0,1048,0,4,1044
01_020_012,871,326,0,326,0,5,321
01_020_013,996,462,0,462,0,2,460
01_020_014,725,281,0,281,0,3,278
01_020_015,755,283,0,283,0,1,282
01_020_016,938,300,0,300,0,1,299
01_020_017,928,335,0,335,0,0,335
01_020_018,723,247,0,247,0,1,246
01_020_019,1330,637,0,637,0,4,633
01_020_020,1124,473,0,473,0,2,471
01_020_021,834,394,0,393,-1,1,392
01_020_022,870,414,0,414,0,1,413
01_020_023,652,338,1,337,-1,1,336
01_020_024,658,319,0,319,0,3,316
01_020_025,800,385,5,380,-5,2,378
01_020_026,869,423,0,423,0,0,423
01_020_027,812,392,0,392,0,2,390
01_020_028,766,357,0,357,0,0,357
01_020_029,658,315,0,315,0,0,315
01_020_030,758,370,0,370,0,3,367
01_020_031,628,308,0,308,0,2,306
01_020_032,601,273,0,273,0,1,272
01_020_033,585,309,0,308,-1,3,305
01_020_034,804,366,0,365,-1,1,364
01_020_035,893,374,0,374,0,0,374
01_020_036,885,348,0,348,0,1,347
01_020_037,876,382,0,382,0,8,374
01_020_038,708,326,0,326,0,0,326
01_020_039,964,424,0,424,0,3,421
01_020_040,922,423,0,423,0,0,423
01_020_041,771,376,0,376,0,5,371
01_020_042,968,416,0,416,0,7,409
01_020_043,752,352,0,352,0,0,352
01_020_044,767,323,0,323,0,0,323
01_020_045,890,416,0,416,0,2,414
01_020_046,628,347,0,347,0,1,346
01_020_047,850,435,0,435,0,4,431
01_020_048,674,322,0,322,0,2,320
01_020_049,893,481,0,481,0,5,476
01_020_050,1009,456,0,456,0,1,455
01_020_051,734,365,3,361,-4,2,359
01_020_052,810,365,0,365,0,1,364
01_020_053,620,285,0,285,0,3,282
01_020_054,867,402,0,402,0,2,400
01_020_055,772,322,0,322,0,3,319
01_020_056,944,413,0,413,0,6,407
01_020_057,807,377,0,377,0,1,376
01_020_058,1042,439,0,439,0,1,438
01_020_059,824,422,0,422,0,1,421
01_020_060,904,381,0,381,0,5,376
01_020_061,660,232,0,232,0,0,232
01_021_001,843,452,0,452,0,2,450
01_021_002,840,444,1,443,-1,2,441
01_021_003,777,421,0,421,0,1,420
01_021_004,763,392,0,392,0,2,390
01_021_005,870,457,0,457,0,4,453
01_021_006,822,386,0,386,0,0,386
01_021_007,717,372,0,372,0,4,368
01_021_008,942,486,0,486,0,1,485
01_021_009,940,490,0,490,0,3,487
01_021_010,976,523,0,523,0,4,519
01_021_011,755,404,0,404,0,0,404
01_021_012,834,454,0,454,0,1,453
01_021_013,821,400,0,400,0,1,399
01_021_014,944,471,0,471,0,5,466
01_021_015,967,524,0,524,0,1,523
01_021_016,842,452,0,452,0,8,444
01_021_017,1018,566,0,566,0,1,565
01_021_018,914,498,0,498,0,2,496
01_021_019,756,409,0,409,0,4,405
01_021_020,664,393,0,393,0,0,393
01_021_021,785,402,0,400,-2,2,398
01_021_022,882,462,0,462,0,5,457
01_021_023,797,338,0,338,0,3,335
01_021_024,802,355,0,355,0,1,354
01_021_025,842,335,0,335,0,3,332
01_021_026,875,433,0,433,0,4,429
01_021_027,754,368,0,368,0,0,368
01_021_028,974,422,0,422,0,1,421
01_021_029,708,296,1,295,-1,0,295
01_021_030,729,288,0,288,0,3,285
01_021_031,762,314,0,314,0,0,314
01_021_032,998,414,0,414,0,5,409
01_021_033,839,322,0,322,0,3,319
01_021_034,738,223,0,223,0,2,221
01_021_035,752,200,0,200,0,1,199
01_021_036,821,325,0,325,0,4,321
01_021_037,843,389,0,389,0,1,388
01_021_038,1599,859,0,859,0,1,858
01_021_039,704,316,0,316,0,3,313
01_021_040,960,394,0,394,0,2,392
01_021_041,806,278,0,278,0,1,277
01_021_042,956,365,0,365,0,0,365
01_021_043,1032,433,0,433,0,3,430
01_021_044,736,315,0,315,0,2,313
01_021_045,686,297,2,295,-2,0,295
01_021_046,919,338,0,337,-1,1,336
01_021_047,724,276,0,276,0,1,275
01_021_048,815,434,0,434,0,1,433
01_021_049,779,433,0,433,0,0,433
01_021_050,812,379,4,378,-1,3,375
01_021_051,876,438,0,438,0,0,438
01_021_052,766,321,0,321,0,1,320
01_021_053,852,355,0,355,0,0,355
01_021_054,792,417,0,417,0,4,413
01_021_055,875,443,0,443,0,0,443
01_021_056,806,302,1,302,0,0,302
01_021_057,822,360,0,360,0,2,358
01_021_058,974,502,0,502,0,1,501
01_021_059,961,529,0,529,0,2,527
01_021_060,842,444,0,444,0,1,443
01_021_061,756,387,2,386,-1,0,386
01_021_062,850,374,0,373,-1,0,373
01_021_063,743,363,0,363,0,3,360
01_021_064,861,363,0,362,-1,0,362
01_021_065,1080,389,1,389,0,1,388
01_021_066,918,349,0,349,0,2,347
01_021_067,868,301,0,301,0,11,290
01_021_068,966,493,0,493,0,2,491
01_021_069,761,385,0,385,0,2,383
01_021_070,710,223,0,223,0,0,223
01_022_001,1067,688,0,688,0,0,688
01_022_002,927,596,0,595,-1,2,593
01_022_003,1176,739,0,737,-2,3,734
01_022_004,1294,763,0,763,0,2,761
01_022_005,1366,901,0,901,0,4,897
01_022_006,1327,798,0,798,0,0,798
01_022_007,951,452,0,451,-1,4,447
01_022_008,831,381,0,381,0,2,379
01_022_009,819,351,0,351,0,2,349
01_022_010,1382,899,0,899,0,1,898
01_022_011,1176,587,0,584,-3,3,581
01_022_012,1222,762,0,762,0,0,762
01_022_013,1182,620,0,621,1,11,610
01_022_014,1149,661,0,661,0,1,660
01_022_015,1051,582,0,582,0,0,582
01_022_016,1218,667,0,665,-2,4,661
01_022_017,982,517,0,517,0,1,516
01_022_018,1017,476,0,475,-1,1,474
01_022_019,1142,685,0,685,0,2,683
01_022_020,1175,745,1,744,-1,1,743
01_022_021,1141,671,0,671,0,4,667
01_022_022,992,613,0,613,0,1,612
01_022_023,1208,677,0,677,0,1,676
01_022_024,1276,743,0,743,0,4,739
01_022_025,1013,569,0,569,0,1,568
01_022_026,1174,587,0,587,0,1,586
01_022_027,1232,733,0,733,0,3,730
01_022_028,1125,666,1,665,-1,3,662
01_022_029,1307,627,1,626,-1,0,626
01_022_030,1166,590,0,590,0,2,588
01_022_031,1227,666,0,666,0,3,663
01_022_032,1186,670,0,670,0,3,667
01_022_033,1203,632,0,631,-1,1,630
01_022_034,1151,551,1,550,-1,0,550
01_022_035,1240,545,0,545,0,0,545
01_022_036,1425,648,0,648,0,3,645
01_022_037,1308,605,0,605,0,4,601
01_023_001,652,321,0,321,0,3,318
01_023_002,746,337,0,337,0,1,336
01_023_003,972,465,0,465,0,0,465
01_023_004,670,374,0,374,0,3,371
01_023_005,609,257,0,257,0,1,256
01_023_006,852,418,0,417,-1,1,416
01_023_007,711,296,0,296,0,0,296
01_023_008,628,238,0,238,0,0,238
01_023_009,629,307,0,307,0,1,306
01_023_010,618,265,0,265,0,1,264
01_023_011,671,321,0,320,-1,2,318
01_023_012,790,372,0,372,0,5,367
01_023_013,634,324,0,324,0,1,323
01_023_014,745,314,0,314,0,3,311
01_023_015,681,279,0,279,0,1,278
01_023_016,732,349,0,348,-1,1,347
01_023_017,925,508,0,508,0,1,507
01_023_018,699,299,0,299,0,2,297
01_023_019,956,463,0,463,0,2,461
01_023_020,672,283,0,283,0,1,282
01_023_021,838,310,0,310,0,0,310
01_023_022,894,429,0,429,0,4,425
01_023_023,740,317,0,317,0,2,315
01_023_024,724,359,0,359,0,4,355
02_001_001,554,223,0,223,0,0,223
02_002_001,152,40,0,40,0,1,39
02_003_001,324,144,0,144,0,1,143
02_004_001,64,41,0,41,0,0,41
02_005_001,255,96,0,96,0,1,95
02_006_001,816,144,0,144,0,1,143
02_007_001,109,60,0,60,0,1,59
02_008_001,290,92,0,92,0,2,90
02_009_001,144,52,0,52,0,0,52
02_010_001,161,70,0,70,0,1,69
02_011_001,586,227,0,227,0,2,225
02_012_001,86,33,0,33,0,0,33
02_013_001,289,110,0,109,-1,0,109
02_014_001,235,70,0,70,0,0,70
02_015_001,640,181,0,181,0,0,181
02_016_001,148,59,0,59,0,0,59
02_017_001,354,128,0,128,0,2,126
02_018_001,101,61,0,61,0,0,61
02_019_001,153,63,0,63,0,0,63
02_020_001,138,38,0,38,0,0,38
02_021_001,454,176,0,176,0,1,175
02_022_001,326,125,0,125,0,0,125
02_023_001,685,249,0,249,0,3,246
02_023_002,703,253,0,253,0,1,252
02_023_003,662,228,0,228,0,0,228
02_024_001,678,226,0,226,0,1,225
02_025_001,94,42,0,42,0,0,42
02_026_001,195,89,0,89,0,0,89
02_027_001,833,327,0,327,0,2,325
02_028_001,623,267,0,267,0,3,264
02_029_001,426,204,0,204,0,1,203
02_030_001,199,79,0,79,0,1,78
02_031_001,336,129,0,129,0,2,127
02_032_001,183,71,0,71,0,2,69
02_033_001,883,364,0,364,0,2,362
02_034_001,347,123,0,123,0,0,123
02_035_001,220,79,0,79,0,0,79
02_036_001,209,86,0,86,0,0,86
02_036_002,36,24,0,24,0,0,24
02_036_003,70,33,0,33,0,0,33
02_037_001,318,110,0,110,0,0,110
02_038_001,108,40,0,40,0,0,40
02_039_001,255,78,0,78,0,2,76
02_040_001,709,313,0,313,0,1,312
02_040_002,664,289,0,289,0,0,289
02_040_003,862,443,0,443,0,2,441
02_040_004,656,311,0,311,0,0,311
02_041_001,484,178,0,178,0,2,176
02_041_002,411,114,0,114,0,0,114
02_042_001,70,28,0,28,0,0,28
02_043_001,117,47,0,47,0,0,47
02_044_001,530,157,0,157,0,1,156
02_045_001,71,34,0,34,0,1,33
02_046_001,291,62,0,62,0,10,52
02_047_001,503,228,0,228,0,1,227
02_048_001,319,106,0,106,0,0,106
02_049_001,130,64,0,64,0,2,62
02_050_001,165,52,0,52,0,0,52
02_051_001,461,133,0,133,0,0,133
02_052_001,67,31,0,31,0,1,30
02_053_001,556,175,0,174,-1,1,173
02_054_001,149,56,0,56,0,1,55
02_055_001,185,68,0,68,0,0,68
02_056_001,389,137,0,137,0,1,136
02_057_001,131,59,0,59,0,1,58
02_058_001,103,36,0,36,0,1,35
02_059_001,209,56,0,56,0,0,56
02_060_001,68,14,0,14,0,0,14
02_061_001,552,210,0,210,0,1,209
02_062_001,149,61,1,61,0,1,60
02_063_001,337,112,0,112,0,0,112
02_064_001,817,257,0,257,0,2,255
02_064_002,746,305,0,305,0,0,305
02_065_001,793,290,1,289,-1,2,287
02_066_001,244,81,0,81,0,0,81
02_067_001,624,234,0,234,0,0,234
02_068_001,179,87,0,87,0,0,87
02_069_001,297,103,0,103,0,1,102
02_070_001,60,37,0,37,0,1,36
02_071_001,290,89,0,89,0,1,88
02_072_001,241,81,0,81,0,0,81
02_073_001,157,62,0,62,0,0,62
02_074_001,155,89,0,89,0,3,86
02_075_001,112,35,0,35,0,0,35
02_076_001,723,264,0,264,0,2,262
02_077_001,240,85,0,85,0,1,84
02_078_001,404,142,0,142,0,0,142
02_079_001,374,175,0,175,0,0,175
02_079_002,256,88,0,88,0,0,88
02_080_001,162,41,0,41,0,0,41
02_081_001,258,56,0,56,0,0,56
02_082_001,220,58,0,58,0,2,56
02_083_001,488,177,0,177,0,3,174
02_083_002,184,61,0,61,0,4,57
02_084_001,623,246,0,246,0,0,246
02_084_002,540,193,0,193,0,0,193
02_084_003,141,47,0,47,0,0,47
02_085_001,316,112,0,112,0,0,112
02_086_001,577,225,1,224,-1,1,223
02_087_001,106,43,0,43,0,0,43
02_088_001,230,50,0,50,0,0,50
02_089_001,728,332,0,332,0,3,329
02_089_002,915,442,0,442,0,2,440
02_089_003,1184,697,0,697,0,6,691
02_089_004,1139,440,0,440,0,3,437
02_090_001,243,142,0,142,0,2,140
02_091_001,117,59,0,59,0,1,58
02_092_001,330,119,0,119,0,0,119
02_093_001,288,98,0,98,0,1,97
02_094_001,365,128,0,128,0,0,128
02_095_001,850,314,0,314,0,3,311
02_095_002,853,331,0,331,0,2,329
02_096_001,340,150,0,150,0,1,149
02_096_002,502,181,0,181,0,2,179
02_097_001,177,68,0,68,0,0,68
02_098_001,370,108,0,108,0,0,108
02_098_002,401,147,0,147,0,0,147
02_099_001,476,199,0,199,0,3,196
02_100_001,45,27,0,27,0,1,26
02_101_001,982,404,0,404,0,1,403
02_101_002,863,389,0,389,0,2,387
02_101_003,909,335,0,335,0,1,334
02_102_001,52,28,0,28,0,0,28
02_103_001,175,72,0,72,0,0,72
02_104_001,207,85,0,85,0,2,83
02_105_001,176,86,0,86,0,1,85
02_106_001,101,46,0,46,0,0,46
02_107_001,193,83,0,83,0,0,83
02_108_001,221,75,0,75,0,1,74
02_109_001,125,50,0,50,0,1,49
02_110_001,162,55,0,55,0,3,52
02_111_001,272,108,0,108,0,2,106
02_112_001,250,84,0,84,0,3,81
02_113_001,256,111,0,111,0,0,111
02_114_001,50,32,0,32,0,2,30
02_115_001,1104,477,0,476,-1,0,476
02_116_001,143,75,0,75,0,1,74
02_117_001,390,161,0,161,0,1,160
02_118_001,571,196,0,196,0,2,194
02_119_001,743,199,0,199,0,0,199
02_120_001,157,57,0,57,0,0,57
02_121_001,62,28,0,28,0,0,28
02_122_001,88,28,0,28,0,0,28
02_123_001,95,45,0,45,0,0,45
02_124_001,193,62,0,62,0,0,62
02_125_001,152,53,0,53,0,1,52
02_126_001,408,131,0,131,0,1,130
02_127_001,174,64,0,64,0,0,64
02_128_001,111,59,0,59,0,0,59
02_129_001,201,88,0,88,0,0,88
02_130_001,247,89,0,89,0,2,87
02_131_001,155,65,0,65,0,2,63
02_132_001,124,62,0,62,0,0,62
02_132_002,76,16,0,16,0,0,16
02_133_001,101,35,0,35,0,0,35
02_134_001,170,52,0,52,0,0,52
02_135_001,256,100,0,100,0,0,100
02_136_001,251,82,0,82,0,0,82
02_137_001,933,312,0,312,0,4,308
02_137_002,896,335,0,335,0,1,334
02_137_003,1099,443,0,443,0,2,441
02_137_004,1092,438,0,438,0,1,437
02_137_005,1052,352,0,351,-1,0,351
02_137_006,1194,397,0,397,0,1,396
02_137_007,862,343,1,342,-1,2,340
02_137_008,852,395,0,395,0,0,395
02_137_009,1307,506,0,506,0,2,504
02_137_010,726,293,0,293,0,2,291
02_137_011,778,333,0,333,0,0,333
02_137_012,1195,342,0,342,0,6,336
02_137_013,1195,400,0,399,-1,1,398
02_137_014,1154,421,0,421,0,0,421
02_137_015,1183,434,0,434,0,1,433
02_137_016,910,294,0,294,0,1,293
02_137_017,1325,377,0,377,0,0,377
02_137_018,838,365,0,365,0,3,362
02_137_019,752,344,0,344,0,2,342
02_137_020,342,158,1,157,-1,0,157
02_137_021,610,210,0,210,0,1,209
02_137_022,158,83,0,83,0,0,83
02_138_001,209,65,0,65,0,1,64
02_139_001,60,38,0,38,0,0,38
02_140_001,1008,404,0,404,0,0,404
02_140_002,882,457,0,457,0,3,454
02_140_003,1024,462,0,462,0,0,462
02_140_004,946,434,0,434,0,1,433
02_140_005,976,408,0,408,0,1,407
02_141_001,167,59,0,59,0,2,57
02_142_001,179,59,0,59,0,0,59
02_143_001,562,234,0,234,0,1,233
02_144_001,820,253,0,253,0,1,252
02_145_001,584,252,0,252,0,1,251
02_145_002,488,137,0,137,0,1,136
02_146_001,276,102,0,102,0,2,100
02_147_001,153,83,0,83,0,1,82
02_148_001,1075,452,0,452,0,2,450
02_148_002,964,333,0,333,0,1,332
02_149_001,320,110,0,110,0,0,110
02_150_001,410,141,0,141,0,3,138
02_151_001,163,59,0,59,0,0,59
02_152_001,220,73,0,73,0,0,73
02_153_001,236,69,0,69,0,0,69
02_154_001,160,42,0,42,0,0,42
02_155_001,767,279,0,279,0,3,276
02_156_001,626,219,0,219,0,2,217
02_157_001,439,207,0,207,0,0,207
02_157_002,97,56,0,56,0,0,56
02_158_001,56,30,0,30,0,0,30
02_159_001,237,71,0,71,0,0,71
02_160_001,257,109,0,109,0,0,109
02_161_001,827,363,0,363,0,3,360
02_162_001,158,60,0,60,0,0,60
02_163_001,761,277,0,277,0,0,277
02_164_001,155,70,0,70,0,3,67
02_165_001,51,25,0,25,0,0,25
02_166_001,64,42,0,42,0,2,40
02_167_001,186,116,0,116,0,3,113
02_168_001,281,111,0,111,0,2,109
02_169_001,975,356,0,356,0,2,354
02_169_002,911,282,0,282,0,0,282
02_170_001,648,285,0,285,0,2,283
02_171_001,164,71,0,71,0,1,70
02_172_001,412,140,0,140,0,0,140
02_173_001,358,163,0,163,0,1,162
02_174_001,710,256,0,256,0,0,256
02_174_002,245,112,0,112,0,2,110
02_175_001,662,293,0,293,0,6,287
02_175_002,659,304,0,304,0,0,304
02_176_001,355,154,0,154,0,0,154
02_177_001,226,90,0,90,0,0,90
02_178_001,206,52,0,52,0,0,52
02_179_001,91,40,0,40,0,0,40
02_180_001,260,98,0,98,0,2,96
02_180_002,372,154,0,154,0,0,154
02_181_001,824,386,0,386,0,2,384
02_181_002,635,268,0,268,0,0,268
02_181_003,586,248,0,248,0,0,248
02_181_004,840,370,0,370,0,1,369
02_181_005,582,256,0,256,0,1,255
02_181_006,615,281,0,281,0,4,277
02_181_007,848,393,0,393,0,2,391
02_181_008,702,322,0,322,0,3,319
02_181_009,613,160,0,160,0,2,158
02_181_010,857,305,0,305,0,0,305
02_181_011,807,276,0,276,0,1,275
02_181_012,934,378,0,378,0,2,376
02_181_013,731,353,0,353,0,1,352
02_181_014,778,365,0,365,0,1,364
02_181_015,810,310,0,310,0,0,310
02_181_016,821,247,0,247,0,2,245
02_181_017,789,219,0,219,0,1,218
02_181_018,828,273,0,273,0,0,273
02_181_019,743,279,0,279,0,4,275
02_181_020,106,33,0,33,0,0,33
02_181_021,197,82,0,82,0,1,81
02_181_022,59,20,0,20,0,0,20
02_181_023,481,182,0,182,0,0,182
02_182_001,147,54,0,54,0,0,54
02_183_001,129,52,0,52,0,0,52
02_184_001,453,136,0,136,0,0,136
02_184_002,241,68,0,68,0,0,68
02_185_001,137,62,0,62,0,0,62
02_186_001,110,52,0,52,0,1,51
02_187_001,479,122,0,122,0,1,121
02_188_001,254,100,0,100,0,0,100
02_189_001,594,190,0,190,0,0,190
02_189_002,606,194,0,194,0,0,194
02_190_001,753,347,0,347,0,2,345
02_190_002,796,353,0,353,0,4,349
02_191_001,580,304,1,302,-2,0,302
02_192_001,312,136,0,136,0,2,134
02_193_001,552,224,0,224,0,1,223
02_194_001,279,117,0,117,0,1,116
02_195_001,255,122,0,122,0,0,122
02_196_001,100,36,0,36,0,0,36
02_196_002,94,43,0,43,0,0,43
02_197_001,193,61,0,61,0,0,61
02_198_001,124,53,0,53,0,0,53
02_199_001,62,22,0,22,0,0,22
02_200_001,506,208,0,208,0,2,206
02_201_001,235,114,0,114,0,2,112
02_202_001,873,432,0,432,0,1,431
02_203_001,237,97,0,97,0,2,95
02_204_001,110,70,0,70,0,4,66
02_205_001,340,109,0,109,0,0,109
02_206_001,288,130,0,130,0,2,128
02_207_001,123,56,0,56,0,0,56
02_208_001,72,43,0,43,0,1,42
02_209_001,225,93,0,93,0,0,93
02_210_001,338,166,0,166,0,1,165
02_210_002,373,182,0,182,0,2,180
02_211_001,284,93,0,93,0,0,93
02_212_001,133,73,0,73,0,0,73
02_213_001,956,369,0,369,0,0,369
02_213_002,850,337,0,337,0,1,336
02_214_001,133,63,0,63,0,0,63
02_215_001,164,76,0,76,0,0,76
02_216_001,103,48,0,48,0,0,48
02_217_001,800,332,0,332,0,1,331
02_217_002,585,236,0,236,0,0,236
02_217_003,629,214,0,214,0,3,211
02_217_004,597,211,0,211,0,0,211
02_217_005,801,315,0,315,0,2,313
02_217_006,862,328,0,328,0,3,325
02_217_007,851,299,0,299,0,1,298
02_217_008,817,276,0,276,0,1,275
02_217_009,1029,400,0,400,0,3,397
02_217_010,865,278,0,278,0,1,277
02_217_011,721,345,0,345,0,8,337
02_217_012,988,268,0,268,0,1,267
02_217_013,730,324,0,324,0,0,324
02_217_014,684,177,0,177,0,0,177
02_217_015,599,206,0,206,0,3,203
02_217_016,745,242,0,242,0,5,237
02_217_017,645,219,0,219,0,1,218
02_217_018,863,413,0,413,0,0,413
02_217_019,858,394,0,394,0,1,393
02_217_020,658,258,0,258,0,1,257
02_217_021,914,422,0,421,-1,1,420
02_217_022,1198,487,0,487,0,1,486
02_217_023,988,480,0,480,0,11,469
02_217_024,157,89,0,89,0,0,89
02_217_025,723,251,0,251,0,0,251
02_217_026,611,251,0,251,0,0,251
02_217_027,995,536,0,536,0,1,535
02_217_028,856,455,0,455,0,1,454
02_217_029,724,352,0,352,0,2,350
02_217_030,764,374,0,374,0,0,374
02_217_031,644,267,0,267,0,1,266
02_217_032,720,304,0,304,0,2,302
02_217_033,803,413,0,413,0,1,412
02_217_034,729,387,0,387,0,0,387
02_217_035,575,268,0,268,0,1,267
02_217_036,602,273,0,272,-1,0,272
02_217_037,731,407,0,407,0,1,406
02_217_038,916,450,0,450,0,0,450
02_217_039,797,310,0,310,0,0,310
02_217_040,653,223,0,223,0,0,223
02_217_041,1092,504,0,504,0,3,501
02_217_042,641,270,0,270,0,3,267
02_217_043,596,226,0,226,0,2,224
02_217_044,582,219,0,219,0,1,218
02_217_045,592,284,0,284,0,1,283
02_217_046,740,392,0,392,0,0,392
02_217_047,2729,1481,1,1480,-1,5,1475
02_217_048,591,300,0,300,0,0,300
02_217_049,626,359,0,359,0,1,358
02_217_050,601,349,0,348,-1,2,346
02_217_051,679,352,0,352,0,4,348
02_217_052,657,342,0,342,0,1,341
02_217_053,774,401,2,399,-2,2,397
02_217_054,918,493,0,493,0,4,489
02_217_055,645,376,0,375,-1,1,374
02_217_056,734,381,0,381,0,3,378
02_217_057,624,306,0,306,0,1,305
02_217_058,715,379,0,379,0,3,376
02_217_059,667,308,0,308,0,3,305
02_217_060,766,409,0,409,0,1,408
02_217_061,729,359,1,358,-1,1,357
02_217_062,582,305,0,305,0,1,304
02_217_063,623,315,0,315,0,0,315
02_217_064,656,371,0,371,0,3,368
02_217_065,579,315,0,315,0,1,314
02_217_066,591,363,0,363,0,6,357
02_217_067,686,395,0,395,0,1,394
02_217_068,583,356,0,356,0,1,355
02_217_069,742,460,0,460,0,0,460
02_217_070,968,571,0,571,0,4,567
02_217_071,861,499,0,499,0,2,497
02_217_072,622,372,0,372,0,4,368
02_217_073,648,320,0,320,0,1,319
02_217_074,646,278,0,278,0,0,278
02_217_075,614,300,0,300,0,0,300
02_217_076,867,492,0,491,-1,2,489
02_217_077,925,545,0,545,0,2,543
02_217_078,609,296,0,296,0,1,295
02_217_079,596,280,0,280,0,2,278
02_217_080,628,284,0,284,0,2,282
02_217_081,589,261,0,260,-1,3,257
02_217_082,598,254,0,254,0,2,252
02_217_083,600,289,0,289,0,4,285
02_217_084,684,301,0,301,0,2,299
02_217_085,682,328,0,328,0,3,325
02_217_086,598,330,0,330,0,1,329
02_217_087,613,281,0,281,0,2,279
02_217_088,768,401,0,400,-1,6,394
02_217_089,595,276,0,276,0,0,276
02_217_090,753,271,0,271,0,3,268
02_217_091,650,361,0,361,0,0,361
02_217_092,630,306,0,305,-1,1,304
02_217_093,1086,557,0,557,0,1,556
02_217_094,990,385,0,385,0,1,384
02_217_095,1042,502,0,502,0,5,497
02_217_096,899,433,0,433,0,3,430
02_217_097,940,485,0,485,0,1,484
02_217_098,916,436,0,436,0,1,435
02_217_099,990,495,0,495,0,0,495
02_217_100,1137,615,0,615,0,1,614
02_217_101,1013,474,0,473,-1,0,473
02_217_102,1122,521,0,521,0,0,521
02_217_103,1002,464,0,464,0,4,460
02_217_104,805,450,0,450,0,4,446
02_217_105,730,379,0,379,0,0,379
02_217_106,620,336,0,336,0,1,335
02_217_107,762,360,2,360,0,3,357
02_217_108,802,373,0,373,0,0,373
02_217_109,673,252,0,252,0,4,248
02_217_110,660,267,0,267,0,0,267
02_217_111,824,310,0,309,-1,1,308
02_217_112,732,268,0,268,0,2,266
02_217_113,687,298,0,298,0,0,298
02_217_114,640,291,0,291,0,2,289
02_217_115,765,290,0,290,0,2,288
02_217_116,836,394,0,394,0,1,393
02_217_117,669,291,0,291,0,0,291
02_217_118,725,286,0,286,0,0,286
02_217_119,795,312,0,311,-1,0,311
02_217_120,616,269,0,269,0,2,267
02_217_121,640,222,0,222,0,1,221
02_217_122,635,260,0,260,0,0,260
02_217_123,811,315,0,315,0,0,315
02_217_124,1099,477,0,477,0,1,476
02_217_125,910,462,1,460,-2,0,460
02_217_126,655,247,4,243,-4,1,242
02_217_127,606,254,0,254,0,0,254
02_217_128,801,316,0,316,0,1,315
02_217_129,888,329,0,329,0,0,329
02_217_130,916,343,0,343,0,1,342
02_217_131,911,362,0,362,0,0,362
02_217_132,599,232,0,232,0,0,232
02_217_133,968,411,0,411,0,6,405
02_217_134,817,360,1,359,-1,0,359
02_217_135,674,286,0,286,0,2,284
02_217_136,995,404,0,402,-2,0,402
02_217_137,1008,421,0,421,0,1,420
02_217_138,1351,607,0,607,0,2,605
02_217_139,910,367,0,367,0,1,366
02_217_140,1254,440,0,440,0,0,440
02_217_141,775,291,0,291,0,1,290
02_217_142,979,410,0,410,0,2,408
02_217_143,989,403,0,403,0,0,403
02_217_144,878,407,0,407,0,0,407
02_217_145,960,360,0,360,0,0,360
02_217_146,1092,498,0,498,0,1,497
02_217_147,832,327,0,327,0,2,325
02_217_148,801,381,0,381,0,1,380
02_217_149,707,261,0,261,0,6,255
02_218_001,87,34,0,34,0,0,34
02_219_001,92,44,0,44,0,1,43
02_220_001,644,302,0,302,0,1,301
02_221_001,1113,541,0,541,0,1,540
02_221_002,1111,521,0,521,0,1,520
02_221_003,1004,405,0,405,0,4,401
02_222_001,177,109,0,109,0,0,109
02_223_001,1014,464,0,464,0,1,463
02_224_001,143,50,0,50,0,2,48
02_225_001,164,67,0,67,0,1,66
02_226_001,139,33,0,33,0,1,32
02_227_001,429,184,0,184,0,1,183
02_228_001,270,90,0,90,0,0,90
02_229_001,166,82,0,82,0,0,82
02_230_001,105,40,0,40,0,0,40
02_231_001,659,205,0,205,0,1,204
02_231_002,563,226,0,226,0,1,225
02_231_003,762,298,0,298,0,1,297
02_231_004,556,203,0,203,0,2,201
02_232_001,517,190,0,190,0,2,188
02_233_001,679,249,0,249,0,0,249
02_233_002,781,257,0,257,0,5,252
02_233_003,810,279,0,279,0,0,279
02_234_001,663,284,0,284,0,1,283
02_234_002,587,254,0,253,-1,0,253
02_234_003,897,310,0,310,0,2,308
02_234_004,939,373,0,373,0,0,373
02_234_005,997,414,0,414,0,0,414
02_234_006,985,412,0,412,0,1,411
02_234_007,991,358,0,358,0,0,358
02_234_008,851,356,0,356,0,0,356
02_234_009,1051,350,0,350,0,1,349
02_235_001,115,45,0,45,0,4,41
02_236_001,310,80,0,80,0,0,80
02_237_001,661,254,0,254,0,1,253
02_237_002,587,258,0,258,0,3,255
02_238_001,382,148,0,148,0,1,147
02_239_001,262,58,0,58,0,0,58
02_240_001,205,74,0,74,0,0,74
02_240_002,128,46,0,46,0,0,46
02_241_001,180,61,0,61,0,0,61
02_242_001,140,68,0,68,0,0,68
02_243_001,274,65,0,65,0,1,64
02_243_002,71,31,0,31,0,0,31
02_244_001,655,269,0,269,0,1,268
02_245_001,646,310,0,310,0,1,309
02_246_001,265,100,0,100,0,0,100
02_247_001,765,302,0,302,0,1,301
02_247_002,173,77,0,77,0,0,77
02_248_001,181,85,0,85,0,1,84
02_249_001,255,85,0,85,0,0,85
02_250_001,93,52,0,52,0,0,52
02_251_001,35,16,0,16,0,0,16
02_252_001,986,339,0,339,0,2,337
02_252_002,934,343,0,343,0,3,340
02_253_001,291,127,0,127,0,0,127
02_254_001,743,289,0,289,0,3,286
02_254_002,704,211,0,211,0,1,210
02_255_001,118,48,0,48,0,0,48
02_256_001,393,156,0,156,0,0,156
02_257_001,244,78,0,78,0,0,78
02_258_001,295,102,0,102,0,0,102
02_259_001,77,36,0,36,0,1,35
02_260_001,404,129,0,129,0,2,127
02_260_002,256,92,0,92,0,0,92
02_261_001,927,337,1,336,-1,0,336
02_261_002,583,188,0,188,0,0,188
02_261_003,667,256,0,256,0,0,256
02_261_004,736,296,0,296,0,1,295
02_261_005,793,257,1,256,-1,3,253
02_261_006,763,255,0,255,0,3,252
02_261_007,655,250,0,250,0,0,250
02_261_008,172,50,0,50,0,0,50
02_262_001,463,189,0,189,0,0,189
02_263_001,1019,400,0,400,0,2,398
02_263_002,1095,439,0,439,0,3,436
02_263_003,1015,393,0,393,0,4,389
02_263_004,702,297,0,297,0,2,295
02_263_005,589,245,0,245,0,1,244
02_263_006,1057,355,0,355,0,1,354
02_263_007,1030,417,0,417,0,1,416
02_263_008,666,250,0,250,0,0,250
02_263_009,587,218,0,218,0,1,217
02_263_010,255,75,0,75,0,2,73
02_263_011,532,149,0,149,0,1,148
02_264_001,229,96,0,96,0,0,96
02_265_001,116,50,0,50,0,0,50
02_266_001,55,24,0,24,0,0,24
02_267_001,99,40,0,40,0,0,40
02_268_001,305,105,0,105,0,2,103
02_269_001,190,71,0,71,0,1,70
02_270_001,222,90,0,90,0,0,90
02_271_001,71,32,0,32,0,0,32
02_272_001,251,65,0,65,0,0,65
02_273_001,44,26,0,26,0,0,26
02_274_001,194,58,0,58,0,1,57
02_275_001,157,52,0,52,0,0,52
02_276_001,245,70,0,70,0,0,70
02_277_001,222,83,0,83,0,0,83
02_278_001,95,50,0,50,0,0,50
02_279_001,120,57,0,57,0,0,57
02_280_001,433,131,0,131,0,2,129
02_281_001,220,103,0,103,0,1,102
02_282_001,124,65,0,65,0,0,65
02_283_001,828,276,0,276,0,2,274
02_284_001,729,278,0,278,0,0,278
02_284_002,705,218,0,218,0,1,217
02_285_001,64,41,0,41,0,0,41
02_286_001,98,36,0,36,0,0,36
02_287_001,162,46,0,46,0,0,46
02_288_001,904,273,0,273,0,5,268
02_289_001,109,44,0,44,0,0,44
02_290_001,128,53,0,53,0,0,53
02_291_001,104,34,0,34,0,0,34
02_292_001,682,150,0,150,0,1,149
02_293_001,117,49,0,49,0,1,48
02_294_001,648,278,0,278,0,2,276
02_294_002,505,171,0,171,0,1,170
02_295_001,928,420,1,419,-1,2,417
02_295_002,839,384,0,384,0,0,384
02_295_003,167,77,0,77,0,1,76
02_296_001,223,132,0,132,0,0,132
02_297_001,668,261,0,261,0,1,260
02_298_001,199,86,0,86,0,0,86
02_299_001,266,91,0,91,0,0,91
02_300_001,358,185,0,185,0,0,185
02_301_001,237,73,0,73,0,0,73
03_001_001,1401,565,0,565,0,3,562
03_001_002,1321,481,1,480,-1,3,477
03_002_001,839,299,0,299,0,0,299
03_002_002,828,274,0,274,0,1,273
03_003_001,799,289,0,289,0,7,282
03_003_002,745,283,0,283,0,3,280
03_004_001,976,415,0,415,0,3,412
03_004_002,1234,519,0,519,0,1,518
03_004_003,871,403,0,403,0,0,403
03_004_004,1008,427,0,427,0,0,427
03_004_005,1000,495,0,495,0,4,491
03_004_006,1119,518,0,518,0,0,518
03_004_007,917,471,0,471,0,2,469
03_004_008,778,351,0,351,0,2,349
03_004_009,923,438,0,438,0,7,431
03_004_010,1057,478,0,478,0,1,477
03_004_011,798,388,0,387,-1,2,385
03_004_012,958,496,0,496,0,5,491
03_004_013,861,413,0,413,0,2,411
03_004_014,1033,438,0,437,-1,3,434
03_004_015,1103,465,0,465,0,3,462
03_004_016,1186,452,0,452,0,1,451
03_004_017,930,423,0,423,0,1,422
03_004_018,920,414,0,414,0,4,410
03_004_019,648,335,1,335,0,1,334
03_004_020,1241,584,0,583,-1,1,582
03_004_021,1127,508,0,507,-1,1,506
03_004_022,973,361,0,361,0,1,360
03_004_023,989,405,0,405,0,2,403
03_004_024,1079,443,0,442,-1,1,441
03_004_025,912,353,0,353,0,4,349
03_004_026,814,356,0,356,0,0,356
03_004_027,991,435,0,435,0,2,433
03_004_028,708,306,0,306,0,0,306
03_004_029,1100,376,0,376,0,1,375
03_004_030,221,60,0,60,0,0,60
03_004_031,374,116,0,116,0,0,116
03_004_032,486,153,0,153,0,0,153
03_005_001,747,357,0,357,0,0,357
03_005_002,988,284,0,284,0,4,280
03_005_003,1097,440,0,440,0,5,435
03_006_001,1069,341,0,341,0,1,340
03_006_002,142,41,0,41,0,0,41
03_007_001,932,315,0,315,0,1,314
03_007_002,925,296,2,296,0,1,295
03_007_003,819,317,0,317,0,6,311
03_007_004,936,335,0,335,0,8,327
03_007_005,882,343,0,342,-1,0,342
03_007_006,928,416,0,416,0,4,412
03_008_001,1096,350,0,350,0,5,345
03_008_002,1080,362,0,362,0,7,355
03_009_001,935,309,0,309,0,1,308
03_010_001,137,72,0,72,0,0,72
03_011_001,273,101,0,101,0,1,100
03_012_001,652,257,0,257,0,2,255
03_012_002,639,247,0,247,0,2,245
03_013_001,842,321,0,321,0,0,321
03_013_002,850,351,0,351,0,0,351
03_014_001,1062,366,0,366,0,3,363
03_015_001,756,281,0,281,0,2,279
03_015_002,730,300,0,300,0,3,297
03_016_001,947,342,0,342,0,1,341
03_016_002,893,350,0,350,0,2,348
03_016_003,326,129,0,129,0,0,129
03_017_001,219,87,0,87,0,0,87
03_018_001,654,248,0,248,0,1,247
03_018_002,623,278,0,278,0,1,277
03_018_003,641,279,0,279,0,4,275
03_019_001,582,255,0,255,0,1,254
03_019_002,629,224,0,224,0,5,219
03_020_001,622,238,0,238,0,0,238
03_020_002,836,282,0,282,0,4,278
03_021_001,845,365,0,365,0,5,360
03_021_002,854,326,0,326,0,4,322
03_022_001,658,233,0,233,0,1,232
03_023_001,682,242,0,242,0,1,241
03_023_002,587,233,0,233,0,4,229
03_024_001,781,299,0,299,0,6,293
03_024_002,750,322,0,322,0,1,321
03_024_003,169,59,0,59,0,0,59
03_025_001,275,119,0,119,0,1,118
03_026_001,625,192,0,192,0,0,192
03_026_002,583,172,0,172,0,0,172
03_027_001,752,304,0,304,0,5,299
03_028_001,908,317,0,317,0,5,312
03_028_002,845,379,0,379,0,3,376
03_028_003,940,303,0,302,-1,1,301
03_029_001,672,254,0,254,0,4,250
03_030_001,467,140,0,140,0,2,138
03_031_001,780,280,0,280,0,5,275
03_031_002,814,279,0,279,0,1,278
03_031_003,782,240,0,240,0,1,239
03_031_004,767,198,0,198,0,0,198
03_032_001,784,326,0,326,0,1,325
03_032_002,863,302,0,302,0,0,302
03_032_003,823,325,0,325,0,0,325
03_033_001,1112,403,0,403,0,0,403
03_033_002,1210,404,0,404,0,2,402
03_034_001,508,180,0,180,0,0,180
03_035_001,768,273,0,273,0,2,271
03_035_002,613,232,0,232,0,0,232
03_036_001,785,304,0,304,0,0,304
03_037_001,958,346,0,346,0,1,345
03_037_002,593,236,0,236,0,1,235
03_038_001,701,267,0,267,0,3,264
03_038_002,608,218,0,218,0,0,218
03_039_001,724,316,0,316,0,2,314
03_040_001,929,393,0,393,0,1,392
03_041_001,914,284,1,283,-1,6,277
03_041_002,910,350,0,350,0,2,348
03_042_001,740,257,0,257,0,1,256
03_042_002,921,290,0,290,0,2,288
03_043_001,782,341,0,341,0,5,336
03_044_001,799,309,0,309,0,2,307
03_045_001,854,357,0,357,0,3,354
03_045_002,851,337,0,337,0,2,335
03_045_003,737,299,0,299,0,0,299
03_046_001,704,317,0,317,0,3,314
03_047_001,887,462,0,462,0,3,459
03_047_002,930,406,0,406,0,1,405
03_047_003,941,425,0,425,0,0,425
03_047_004,57,28,0,28,0,1,27
03_047_005,77,16,0,16,0,0,16
03_048_001,1382,511,0,511,0,3,508
03_048_002,1241,469,0,469,0,0,469
03_048_003,1087,350,0,350,0,3,347
03_049_001,867,326,0,326,0,1,325
03_049_002,770,242,0,242,0,3,239
03_050_001,658,279,0,279,0,3,276
03_050_002,188,95,0,95,0,0,95
03_050_003,123,39,0,39,0,0,39
03_050_004,136,65,0,65,0,1,64
03_051_001,539,194,0,194,0,0,194
03_052_001,803,313,0,313,0,4,309
03_052_002,1006,402,0,402,0,4,398
03_052_003,838,330,0,330,0,1,329
03_052_004,880,252,0,252,0,5,247
03_052_005,971,370,0,370,0,0,370
03_052_006,254,87,0,87,0,0,87
03_053_001,1136,447,0,447,0,7,440
03_053_002,1033,406,0,406,0,4,402
03_054_001,834,255,0,253,-2,2,251
03_054_002,914,409,0,409,0,3,406
03_054_003,945,384,1,383,-1,3,380
03_054_004,848,262,4,269,7,53,216
03_054_005,854,307,0,307,0,2,305
03_054_006,804,351,0,351,0,4,347
03_054_007,813,309,0,309,0,2,307
03_054_008,931,343,0,343,0,4,339
03_055_001,1096,420,0,420,0,2,418
03_055_002,950,388,0,388,0,1,387
03_056_001,904,436,0,436,0,1,435
03_056_002,938,449,0,449,0,0,449
03_056_003,883,451,0,451,0,0,451
03_056_004,765,308,0,308,0,5,303
03_056_005,752,353,0,353,0,7,346
03_056_006,961,375,0,375,0,1,374
03_056_007,731,304,0,304,0,4,300
03_056_008,852,318,0,318,0,3,315
03_056_009,170,70,0,70,0,1,69
03_056_010,775,262,0,262,0,2,260
03_056_011,793,303,0,303,0,0,303
03_056_012,648,347,0,347,0,7,340
03_056_013,929,479,0,479,0,1,478
03_056_014,725,336,0,336,0,0,336
03_056_015,796,433,0,433,0,3,430
03_056_016,825,416,0,416,0,1,415
03_056_017,772,310,0,310,0,0,310
03_057_001,815,319,0,319,0,5,314
03_058_001,732,214,0,214,0,4,210
03_058_002,754,212,0,212,0,1,211
03_059_001,1031,339,0,339,0,0,339
03_059_002,996,351,0,351,0,1,350
03_059_003,803,392,0,392,0,2,390
03_059_004,774,373,0,373,0,1,372
03_059_005,915,379,0,379,0,3,376
03_059_006,950,336,0,336,0,1,335
03_059_007,601,155,0,155,0,14,141
03_059_008,790,323,0,323,0,2,321
03_060_001,812,434,0,434,0,0,434
03_060_002,1123,605,0,605,0,2,603
03_060_003,829,420,0,420,0,3,417
03_060_004,912,513,0,512,-1,0,512
03_060_005,583,306,0,306,0,0,306
03_060_006,993,345,0,345,0,5,340
03_060_007,1033,402,0,402,0,0,402
03_060_008,1231,430,0,430,0,4,426
03_060_009,960,439,0,439,0,6,433
03_060_010,871,441,0,441,0,0,441
03_060_011,1096,499,0,499,0,0,499
03_060_012,819,360,0,360,0,1,359
03_060_013,771,388,0,388,0,4,384
03_060_014,860,401,0,401,0,4,397
03_060_015,872,453,0,453,0,2,451
03_060_016,883,506,0,506,0,3,503
03_060_017,774,412,0,412,0,2,410
03_060_018,712,277,0,277,0,1,276
03_060_019,1169,538,0,538,0,5,533
03_060_020,832,339,0,339,0,2,337
03_060_021,868,380,0,380,0,6,374
03_060_022,951,356,0,356,0,2,354
03_060_023,894,361,2,358,-3,2,356
03_060_024,1040,337,0,337,0,0,337
03_060_025,580,184,0,184,0,0,184
03_060_026,1009,355,0,355,0,1,354
03_060_027,818,464,0,464,0,6,458
03_060_028,1048,403,0,403,0,1,402
03_060_029,1104,434,0,434,0,2,432
03_060_030,832,362,4,358,-4,0,358
03_060_031,723,346,0,346,0,1,345
03_060_032,919,372,0,372,0,1,371
03_060_033,633,277,0,277,0,2,275
03_060_034,1113,452,0,452,0,0,452
03_060_035,853,373,0,372,-1,2,370
03_060_036,981,406,0,406,0,1,405
03_060_037,1058,397,2,397,0,2,395
03_060_038,828,333,0,333,0,1,332
03_060_039,657,355,0,355,0,1,354
03_060_040,939,578,0,578,0,1,577
03_060_041,1022,521,0,521,0,2,519
03_060_042,809,455,0,456,1,16,440
03_060_043,1087,467,0,467,0,4,463
03_060_044,1018,442,0,441,-1,3,438
03_060_045,621,358,0,358,0,3,355
03_060_046,1033,491,0,491,0,2,489
03_060_047,1447,949,0,949,0,3,946
03_060_048,1092,566,0,566,0,2,564
03_060_049,1040,480,0,480,0,4,476
03_060_050,512,289,0,288,-1,0,288
03_060_051,758,322,0,322,0,4,318
03_060_052,1018,461,0,461,0,1,460
03_060_053,1067,502,0,502,0,2,500
03_060_054,871,386,0,386,0,0,386
03_060_055,800,139,0,139,0,0,139
03_060_056,708,146,0,146,0,3,143
03_060_057,871,390,2,387,-3,0,387
03_060_058,1151,593,0,593,0,1,592
03_060_059,1058,497,0,497,0,4,493
03_060_060,598,292,0,292,0,1,291
03_060_061,565,246,0,246,0,0,246
03_060_062,878,413,0,413,0,1,412
03_060_063,757,316,0,316,0,0,316
03_060_064,1063,519,0,519,0,3,516
03_060_065,918,420,0,420,0,1,419
03_060_066,925,382,0,381,-1,3,378
03_060_067,1006,466,0,466,0,2,464
03_060_068,599,192,0,192,0,0,192
03_060_069,978,415,0,415,0,1,414
03_060_070,1046,430,0,430,0,0,430
03_060_071,700,164,0,164,0,0,164
03_060_072,801,264,0,264,0,1,263
03_060_073,1186,347,0,347,0,1,346
03_060_074,1054,520,0,520,0,0,520
03_060_075,1154,487,0,487,0,3,484
03_060_076,845,273,0,273,0,3,270
03_060_077,699,248,0,248,0,0,248
03_060_078,588,204,0,204,0,2,202
03_060_079,937,440,0,439,-1,3,436
03_060_080,723,305,0,305,0,2,303
03_060_081,878,410,0,410,0,3,407
03_060_082,1099,478,0,478,0,0,478
03_060_083,750,221,0,221,0,0,221
03_060_084,630,281,0,281,0,1,280
03_060_085,1172,369,0,369,0,0,369
03_060_086,1355,426,0,426,0,0,426
03_060_087,1194,492,0,492,0,2,490
03_060_088,1235,532,0,531,-1,0,531
03_060_089,1185,357,0,357,0,2,355
03_060_090,1025,367,0,367,0,0,367
03_060_091,572,161,0,161,0,2,159
03_060_092,1012,463,0,463,0,2,461
03_060_093,771,305,0,304,-1,1,303
03_060_094,884,404,0,404,0,0,404
03_060_095,663,173,0,173,0,0,173
03_060_096,584,153,0,153,0,0,153
03_061_001,623,247,0,247,0,0,247
03_061_002,666,232,0,232,0,0,232
03_061_003,704,228,0,228,0,1,227
03_061_004,102,31,0,31,0,0,31
03_062_001,1022,361,0,361,0,2,359
03_062_002,1017,377,0,377,0,0,377
03_062_003,985,409,0,409,0,1,408
03_062_004,958,381,0,381,0,0,381
03_062_005,1145,407,0,407,0,3,404
03_063_001,357,126,0,126,0,1,125
03_064_001,751,363,0,361,-2,6,355
03_064_002,630,308,0,308,0,0,308
03_064_003,702,347,0,347,0,2,345
03_064_004,682,305,0,304,-1,0,304
03_064_005,675,330,0,330,0,2,328
03_064_006,720,335,0,335,0,4,331
03_064_007,708,364,0,364,0,2,362
03_064_008,823,335,0,335,0,2,333
03_064_009,693,320,0,320,0,1,319
03_064_010,711,333,0,333,0,2,331
03_064_011,751,378,0,378,0,0,378
03_064_012,707,276,0,276,0,0,276
03_064_013,759,262,0,262,0,2,260
03_064_014,755,378,0,378,0,0,378
03_064_015,665,336,0,336,0,0,336
03_064_016,755,359,0,359,0,4,355
03_065_001,936,434,0,434,0,2,432
03_065_002,605,312,0,312,0,2,310
03_065_003,862,397,0,397,0,2,395
03_065_004,754,301,0,301,0,0,301
03_065_005,810,353,0,353,0,1,352
03_065_006,803,362,0,362,0,4,358
03_065_007,897,450,0,450,0,0,450
03_065_008,702,333,0,333,0,2,331
03_065_009,709,311,1,309,-2,0,309
03_065_010,834,424,0,424,0,1,423
03_065_011,875,397,0,397,0,4,393
03_065_012,934,412,0,411,-1,4,407
03_065_013,684,283,0,282,-1,1,281
03_065_014,996,405,0,405,0,1,404
03_065_015,863,329,2,329,0,1,328
03_065_016,1043,390,0,390,0,3,387
03_065_017,954,396,0,396,0,2,394
03_065_018,210,62,0,62,0,0,62
03_065_019,303,98,0,98,0,0,98
03_065_020,869,264,0,264,0,0,264
03_065_021,1056,360,0,360,0,2,358
03_065_022,413,158,0,158,0,0,158
03_065_023,611,217,0,217,0,2,215
03_065_024,762,285,0,285,0,3,282
03_065_025,941,356,0,356,0,3,353
03_065_026,842,391,0,387,-4,2,385
03_065_027,802,368,0,368,0,2,366
03_065_028,852,413,0,413,0,4,409
03_065_029,607,178,0,178,0,1,177
03_065_030,729,278,0,278,0,2,276
03_065_031,1092,360,0,360,0,0,360
03_066_001,771,418,0,418,0,0,418
03_066_002,567,254,0,254,0,4,250
03_066_003,823,307,0,307,0,5,302
03_066_004,1069,219,0,219,0,2,217
03_066_005,864,437,0,437,0,1,436
03_066_006,752,338,0,338,0,1,337
03_066_007,647,307,0,307,0,1,306
03_066_008,746,348,0,348,0,0,348
03_066_009,830,380,0,380,0,4,376
03_066_010,1142,261,0,261,0,4,257
03_066_011,802,276,0,276,0,0,276
03_066_012,732,280,0,280,0,2,278
03_066_013,865,372,0,372,0,1,371
03_066_014,677,197,0,197,0,0,197
03_066_015,746,337,0,337,0,1,336
03_066_016,680,317,0,317,0,1,316
03_066_017,641,294,0,293,-1,1,292
03_066_018,881,351,0,351,0,0,351
03_066_019,658,238,0,238,0,0,238
03_066_020,715,272,0,272,0,2,270
03_066_021,706,274,0,274,0,0,274
03_066_022,687,354,0,354,0,1,353
03_066_023,623,255,0,255,0,0,255
03_066_024,696,248,0,248,0,0,248
03_066_025,692,298,0,298,0,5,293
03_066_026,645,308,0,307,-1,2,305
03_066_027,718,285,0,285,0,1,284
03_066_028,625,245,0,245,0,0,245
03_066_029,850,308,0,308,0,5,303
03_066_030,768,238,0,238,0,1,237
03_067_001,862,320,0,320,0,0,320
03_067_002,823,337,0,337,0,3,334
03_067_003,1023,425,0,425,0,2,423
03_067_004,1049,454,0,454,0,2,452
03_067_005,1157,468,0,468,0,0,468
03_067_006,1154,364,0,364,0,2,362
03_067_007,1152,336,0,336,0,1,335
03_067_008,1152,353,0,353,0,1,352
03_067_009,230,81,0,81,0,0,81
03_067_010,418,210,0,210,0,0,210
03_068_001,244,73,0,73,0,0,73
03_068_002,917,327,0,327,0,3,324
03_068_003,852,259,0,259,0,3,256
03_069_001,557,246,0,246,0,3,243
03_070_001,1224,380,0,380,0,3,377
03_071_001,595,184,0,184,0,1,183
03_071_002,653,240,0,240,0,0,240
03_072_001,512,163,0,163,0,1,162
03_073_001,952,395,0,395,0,0,395
03_073_002,770,327,0,327,0,2,325
03_073_003,118,45,0,45,0,1,44
03_074_001,579,243,0,243,0,1,242
03_075_001,1371,545,0,545,0,6,539
03_076_001,796,339,0,339,0,5,334
03_076_002,1008,368,0,368,0,2,366
03_076_003,756,204,0,204,0,0,204
03_076_004,827,327,0,327,0,3,324
03_076_005,904,432,0,427,-5,1,426
03_076_006,1002,382,0,382,0,2,380
03_076_007,1116,402,0,402,0,3,399
03_076_008,308,102,0,102,0,1,101
03_077_001,1378,516,0,516,0,15,501
03_078_001,1081,466,0,466,0,3,463
03_078_002,1015,481,0,480,-1,1,479
03_078_003,1153,525,0,525,0,0,525
03_078_004,1151,304,0,304,0,1,303
03_078_005,1213,321,0,321,0,2,319
03_078_006,1169,392,0,392,0,0,392
03_078_007,1258,354,0,354,0,1,353
03_078_008,580,170,0,170,0,5,165
03_078_009,597,206,0,206,0,0,206
03_079_001,800,324,0,324,0,0,324
03_079_002,622,262,0,262,0,1,261
03_079_003,945,372,0,372,0,0,372
03_079_004,1106,437,0,437,0,9,428
03_079_005,368,117,0,117,0,0,117
03_080_001,789,271,0,271,0,2,269
03_080_002,780,278,0,278,0,2,276
03_080_003,742,173,0,173,0,1,172
03_081_001,411,139,0,139,0,1,138
03_082_001,784,303,0,303,0,0,303
03_082_002,827,344,0,344,0,1,343
03_082_003,786,317,0,317,0,1,316
03_082_004,818,273,0,273,0,0,273
03_082_005,832,228,0,228,0,5,223
03_082_006,96,49,0,49,0,2,47
03_083_001,687,300,0,300,0,2,298
03_083_002,699,349,0,349,0,1,348
03_084_001,370,192,0,192,0,2,190
03_085_001,996,316,0,316,0,4,312
03_085_002,902,288,0,288,0,3,285
03_086_001,871,267,0,267,0,5,262
03_086_002,627,260,0,260,0,0,260
03_087_001,956,355,2,353,-2,2,351
03_087_002,921,328,0,328,0,2,326
03_088_001,378,179,0,179,0,2,177
03_089_001,944,284,0,284,0,2,282
03_089_002,890,297,0,297,0,0,297
03_089_003,838,281,0,281,0,4,277
03_090_001,644,223,0,223,0,3,220
03_091_001,949,347,0,347,0,2,345
03_092_001,738,292,0,292,0,3,289
03_092_002,693,251,0,251,0,6,245
03_093_001,627,281,0,281,0,0,281
03_093_002,614,201,0,202,1,10,192
03_094_001,785,274,0,274,0,5,269
03_095_001,1023,326,0,326,0,3,323
03_096_001,759,330,0,329,-1,0,329
03_096_002,961,355,0,355,0,1,354
03_096_003,697,308,0,308,0,0,308
03_096_004,857,340,0,340,0,4,336
03_096_005,963,339,0,339,0,0,339
03_096_006,1014,342,0,340,-2,3,337
03_097_001,1054,375,0,375,0,4,371
03_098_001,1139,527,0,527,0,2,525
03_098_002,1159,470,0,470,0,1,469
03_098_003,965,429,0,429,0,2,427
03_098_004,939,299,0,299,0,1,298
03_098_005,829,326,0,326,0,0,326
03_098_006,836,322,0,322,0,1,321
03_099_001,1019,400,0,400,0,6,394
03_099_002,930,388,0,388,0,2,386
03_099_003,1013,366,0,366,0,3,363
03_100_001,653,180,0,180,0,0,180
03_100_002,711,233,1,232,-1,4,228
03_100_003,694,265,0,265,0,1,264
03_100_004,660,216,0,216,0,2,214
03_100_005,655,200,0,200,0,3,197
03_100_006,689,233,0,232,-1,0,232
03_100_007,710,221,0,221,0,1,220
03_100_008,288,83,0,83,0,0,83
03_101_001,995,417,0,417,0,7,410
03_102_001,756,243,0,243,0,0,243
03_102_002,846,270,0,270,0,1,269
03_102_003,716,250,0,250,0,3,247
03_103_001,989,388,0,388,0,1,387
03_103_002,951,433,0,433,0,3,430
03_104_001,618,215,0,215,0,0,215
03_104_002,885,435,0,435,0,1,434
03_105_001,1150,431,0,431,0,0,431
03_106_001,906,348,0,348,0,1,347
03_107_001,1155,452,0,452,0,3,449
03_107_002,1196,339,0,338,-1,2,336
03_108_001,968,343,0,343,0,2,341
03_109_001,694,315,0,315,0,2,313
03_109_002,691,251,0,252,1,10,242
03_110_001,757,250,0,250,0,0,250
03_110_002,689,212,0,212,0,2,210
03_110_003,612,222,0,222,0,3,219
03_110_004,640,202,0,202,0,2,200
03_110_005,621,255,0,255,0,2,253
03_110_006,659,242,0,242,0,1,241
03_111_001,1217,472,0,472,0,1,471
03_111_002,1372,696,0,695,-1,8,687
03_111_003,1232,579,0,577,-2,1,576
03_111_004,1253,499,0,499,0,0,499
03_111_005,1216,453,0,453,0,0,453
03_111_006,1193,422,0,422,0,0,422
03_111_007,673,177,0,177,0,1,176
03_111_008,384,148,0,148,0,0,148
03_111_009,433,160,0,160,0,0,160
03_111_010,320,79,0,79,0,1,78
03_112_001,666,260,0,260,0,6,254
03_113_001,596,185,0,185,0,3,182
03_113_002,805,288,0,288,0,1,287
03_113_003,726,246,0,246,0,0,246
03_113_004,801,236,0,236,0,2,234
03_113_005,790,217,0,217,0,2,215
03_114_001,778,310,0,310,0,4,306
03_115_001,165,77,0,77,0,0,77
03_116_001,316,171,0,171,0,3,168
03_117_001,938,369,0,369,0,0,369
03_117_002,992,397,0,397,0,1,396
03_117_003,897,362,0,362,0,0,362
03_118_001,985,406,0,406,0,0,406
03_118_002,839,318,0,318,0,2,316
03_119_001,627,232,0,232,0,0,232
04_001_001,689,222,0,222,0,3,219
04_002_001,690,205,0,205,0,4,201
04_002_002,689,250,0,250,0,0,250
04_002_003,585,157,0,157,0,1,156
04_002_004,833,246,0,246,0,0,246
04_002_005,927,318,0,318,0,1,317
04_002_006,813,225,0,225,0,1,224
04_003_001,1093,378,0,378,0,8,370
04_003_002,1025,350,0,350,0,2,348
04_003_003,1074,465,0,464,-1,4,460
04_003_004,1073,450,0,450,0,1,449
04_003_005,1065,475,0,475,0,5,470
04_003_006,1147,514,0,514,0,0,514
04_003_007,933,406,0,406,0,3,403
04_003_008,912,374,0,374,0,3,371
04_003_009,946,416,0,416,0,0,416
04_003_010,976,268,0,268,0,1,267
04_003_011,845,289,0,289,0,3,286
04_003_012,957,251,0,251,0,0,251
04_003_013,905,341,0,341,0,2,339
04_003_014,915,346,0,346,0,0,346
04_003_015,882,301,0,301,0,3,298
04_003_016,910,190,0,190,0,2,188
04_004_001,655,315,0,315,0,4,311
04_004_002,605,319,0,319,0,1,318
04_004_003,598,330,0,329,-1,0,329
04_004_004,894,459,0,459,0,1,458
04_004_005,854,496,0,496,0,1,495
04_004_006,548,289,0,289,0,3,286
04_004_007,842,380,0,380,0,0,380
04_004_008,643,231,0,231,0,0,231
04_004_009,922,379,0,379,0,3,376
04_004_010,776,318,0,318,0,0,318
04_004_011,937,483,3,480,-3,5,475
04_004_012,612,237,0,237,0,0,237
04_004_013,485,236,0,236,0,1,235
04_004_014,667,329,0,329,0,1,328
04_004_015,773,421,1,420,-1,2,418
04_004_016,772,291,0,291,0,1,290
04_004_017,832,385,0,385,0,2,383
04_004_018,567,285,0,285,0,5,280
04_004_019,930,476,0,476,0,3,473
04_004_020,831,384,0,384,0,0,384
04_004_021,717,337,0,337,0,3,334
04_004_022,709,310,0,310,0,3,307
04_004_023,667,244,0,242,-2,2,240
04_004_024,569,205,0,205,0,0,205
04_004_025,493,192,0,192,0,0,192
04_004_026,567,244,1,244,0,2,242
04_004_027,687,266,0,266,0,1,265
04_004_028,882,417,0,416,-1,0,416
04_004_029,1127,691,0,690,-1,5,685
04_004_030,943,506,0,505,-1,4,501
04_004_031,618,275,0,275,0,0,275
04_004_032,697,261,0,261,0,1,260
04_004_033,662,295,0,295,0,0,295
04_004_034,628,297,0,297,0,2,295
04_004_035,764,265,0,265,0,0,265
04_004_036,694,316,0,316,0,4,312
04_004_037,675,265,1,263,-2,1,262
04_004_038,660,351,0,351,0,0,351
04_004_039,732,299,0,299,0,3,296
04_004_040,601,233,0,233,0,0,233
04_004_041,1012,385,0,385,0,3,382
04_004_042,758,342,0,342,0,0,342
04_004_043,582,276,0,276,0,1,275
04_004_044,788,333,0,333,0,1,332
04_004_045,563,226,0,226,0,1,225
04_004_046,848,344,0,344,0,0,344
04_004_047,940,407,0,407,0,0,407
04_004_048,952,406,0,406,0,0,406
04_004_049,800,344,0,344,0,2,342
04_004_050,864,403,0,403,0,1,402
04_004_051,964,411,0,411,0,1,410
04_004_052,835,299,1,298,-1,3,295
04_004_053,535,300,0,300,0,2,298
04_004_054,166,57,0,57,0,0,57
04_004_055,232,72,0,72,0,0,72
04_004_056,752,359,0,360,1,10,350
04_004_057,834,360,0,360,0,1,359
04_004_058,608,256,0,256,0,0,256
04_004_059,607,199,0,196,-3,1,195
04_004_060,817,366,0,366,0,3,363
04_004_061,263,103,0,103,0,1,102
04_004_062,1097,444,0,444,0,2,442
04_004_063,646,284,0,284,0,0,284
04_004_064,786,350,0,350,0,1,349
04_004_065,614,292,0,292,0,3,289
04_004_066,499,210,0,210,0,2,208
04_004_067,755,258,0,257,-1,1,256
04_004_068,784,277,0,277,0,4,273
04_005_001,607,236,0,236,0,0,236
04_005_002,651,234,0,234,0,0,234
04_005_003,662,214,0,214,0,4,210
04_006_001,535,282,0,282,0,1,281
04_006_002,428,173,0,173,0,2,171
04_006_003,452,153,0,153,0,2,151
04_006_004,455,224,0,224,0,0,224
04_006_005,674,285,0,285,0,3,282
04_006_006,508,224,0,224,0,3,221
04_006_007,43,25,0,25,0,1,24
04_007_001,810,287,0,287,0,5,282
04_008_001,789,372,0,371,-1,2,369
04_009_001,899,257,0,257,0,2,255
04_009_002,904,279,0,279,0,0,279
04_010_001,679,290,0,290,0,0,290
04_010_002,698,262,0,262,0,0,262
04_010_003,86,24,0,24,0,0,24
04_011_001,252,110,0,110,0,0,110
04_012_001,1007,414,0,414,0,1,413
04_012_002,1067,320,0,320,0,1,319
04_013_001,357,170,0,170,0,1,169
04_014_001,824,323,0,321,-2,2,319
04_014_002,826,239,0,239,0,0,239
04_014_003,833,285,0,285,0,1,284
04_014_004,750,249,0,249,0,3,246
04_014_005,816,308,0,308,0,0,308
04_015_001,781,190,0,190,0,6,184
04_015_002,761,266,0,266,0,1,265
04_015_003,864,240,0,240,0,0,240
04_015_004,698,250,0,250,0,2,248
04_015_005,689,238,0,238,0,0,238
04_015_006,697,216,0,216,0,1,215
04_015_007,819,256,0,256,0,0,256
04_015_008,795,231,0,231,0,2,229
04_016_001,834,235,0,234,-1,3,231
04_016_002,637,224,0,224,0,0,224
04_016_003,688,233,0,233,0,2,231
04_016_004,620,221,0,221,0,5,216
04_016_005,653,210,0,210,0,2,208
04_017_001,660,245,0,245,0,2,243
04_017_002,594,217,0,217,0,1,216
04_017_003,442,139,0,139,0,2,137
04_018_001,483,214,0,214,0,2,212
04_019_001,1021,274,0,274,0,1,273
04_020_001,478,142,0,142,0,2,140
04_020_002,613,247,1,246,-1,5,241
04_020_003,659,207,0,207,0,2,205
04_020_004,597,209,0,209,0,2,207
04_020_005,692,273,0,273,0,2,271
04_020_006,702,172,0,172,0,2,170
04_021_001,899,346,0,346,0,3,343
04_021_002,843,346,0,346,0,6,340
04_021_003,881,284,0,284,0,4,280
04_021_004,1006,339,0,339,0,3,336
04_021_005,987,368,0,368,0,5,363
04_022_001,944,271,0,271,0,2,269
04_022_002,992,382,0,382,0,3,379
04_022_003,1022,313,0,313,0,2,311
04_023_001,560,245,0,245,0,1,244
04_023_002,475,239,0,239,0,1,238
04_024_001,584,173,0,173,0,0,173
04_025_001,683,306,0,306,0,3,303
04_025_002,697,307,0,307,0,1,306
04_025_003,700,236,0,236,0,0,236
04_025_004,730,282,0,282,0,1,281
04_025_005,647,295,0,295,0,3,292
04_025_006,668,270,0,270,0,0,270
04_025_007,728,200,0,200,0,2,198
04_025_008,637,180,0,180,0,0,180
04_025_009,666,222,0,222,0,0,222
04_025_010,638,278,0,278,0,0,278
04_025_011,779,261,0,261,0,0,261
04_025_012,717,236,0,236,0,2,234
04_025_013,635,145,0,145,0,3,142
04_025_014,592,205,0,205,0,3,202
04_025_015,122,48,0,48,0,3,45
04_025_016,789,307,0,307,0,1,306
04_025_017,555,110,0,110,0,0,110
04_026_001,1138,527,0,527,0,2,525
04_026_002,1054,526,0,526,0,0,526
04_026_003,1132,584,0,584,0,3,581
04_026_004,834,391,0,391,0,3,388
04_026_005,805,320,1,318,-2,2,316
04_026_006,814,366,0,366,0,2,364
04_026_007,1028,372,1,371,-1,1,370
04_026_008,942,455,0,455,0,3,452
04_026_009,718,346,0,346,0,2,344
04_026_010,809,405,0,404,-1,1,403
04_026_011,735,291,0,291,0,1,290
04_026_012,726,270,0,270,0,0,270
04_026_013,679,255,0,255,0,0,255
04_026_014,1030,351,0,351,0,5,346
04_026_015,802,395,0,394,-1,3,391
04_026_016,933,456,0,456,0,2,454
04_026_017,728,284,0,284,0,0,284
04_026_018,701,280,0,280,0,0,280
04_026_019,1191,434,0,434,0,6,428
04_026_020,766,368,0,368,0,3,365
04_026_021,903,402,0,402,0,2,400
04_026_022,850,383,0,383,0,2,381
04_026_023,1050,479,0,479,0,5,474
04_026_024,748,292,1,291,-1,2,289
04_026_025,930,437,0,437,0,3,434
04_026_026,805,307,0,307,0,3,304
04_026_027,636,238,0,238,0,0,238
04_026_028,607,256,0,256,0,1,255
04_026_029,661,258,0,258,0,2,256
04_026_030,148,50,0,50,0,1,49
04_027_001,537,233,0,233,0,1,232
04_028_001,487,214,1,213,-1,2,211
04_028_002,389,172,0,172,0,5,167
04_029_001,483,234,0,234,0,3,231
04_030_001,688,244,0,244,0,0,244
04_031_001,709,286,0,286,0,3,283
04_031_002,682,252,0,252,0,1,251
04_031_003,119,47,0,47,0,0,47
04_032_001,309,104,0,104,0,1,103
04_033_001,745,262,0,262,0,3,259
04_033_002,721,262,0,262,0,1,261
04_034_001,754,234,0,234,0,1,233
04_034_002,729,241,0,241,0,1,240
04_034_003,825,267,0,267,0,2,265
04_034_004,638,191,1,190,-1,2,188
04_035_001,793,434,0,434,0,6,428
04_035_002,325,115,0,115,0,0,115
04_036_001,398,151,0,151,0,3,148
04_037_001,613,230,0,230,0,1,229
04_037_002,642,281,0,281,0,2,279
04_037_003,660,255,1,254,-1,1,253
04_037_004,585,219,0,219,0,4,215
04_037_005,619,242,0,242,0,1,241
04_037_006,589,251,0,251,0,1,250
04_037_007,447,160,0,160,0,1,159
04_038_001,817,254,0,254,0,2,252
04_038_002,950,214,0,214,0,4,210
04_038_003,890,261,0,261,0,0,261
04_038_004,917,346,0,346,0,1,345
04_039_001,492,186,0,186,0,3,183
04_040_001,676,234,0,234,0,1,233
04_040_002,688,216,0,216,0,2,214
04_040_003,684,220,0,220,0,2,218
04_041_001,404,129,0,129,0,0,129
04_042_001,568,220,0,220,0,2,218
04_042_002,631,209,0,209,0,6,203
04_043_001,686,216,0,216,0,1,215
04_043_002,645,210,0,211,1,9,202
04_043_003,811,228,0,228,0,3,225
04_044_001,782,283,0,283,0,0,283
04_044_002,654,238,0,236,-2,3,233
04_045_001,608,215,0,215,0,2,213
04_045_002,489,156,0,156,0,0,156
04_045_003,586,179,0,179,0,2,177
04_046_001,184,73,0,73,0,0,73
04_047_001,529,196,0,196,0,1,195
04_047_002,269,104,0,104,0,0,104
04_048_001,953,370,0,370,0,3,367
04_048_002,811,374,0,372,-2,3,369
04_048_003,823,353,0,353,0,6,347
04_048_004,277,93,0,93,0,1,92
04_049_001,1055,271,0,271,0,1,270
04_049_002,1014,382,0,382,0,3,379
04_049_003,1048,420,0,420,0,1,419
04_049_004,1035,374,0,374,0,3,371
04_049_005,907,395,0,395,0,3,392
04_049_006,1128,288,0,288,0,3,285
04_049_007,1066,419,0,419,0,2,417
04_049_008,968,358,0,357,-1,1,356
04_050_001,775,253,0,253,0,1,252
04_050_002,83,42,0,42,0,0,42
04_051_001,703,238,0,238,0,1,237
04_051_002,597,248,0,248,0,1,247
04_051_003,697,258,0,258,0,0,258
04_051_004,736,360,0,360,0,2,358
04_051_005,802,293,0,293,0,1,292
04_051_006,727,217,0,217,0,2,215
04_052_001,835,364,0,363,-1,2,361
04_052_002,920,365,0,365,0,2,363
04_052_003,1012,375,0,375,0,2,373
04_052_004,1057,390,0,390,0,0,390
04_052_005,951,321,0,321,0,1,320
04_053_001,852,282,0,282,0,5,277
04_053_002,885,321,0,321,0,3,318
04_054_001,490,163,0,163,0,0,163
04_054_002,541,169,0,169,0,0,169
04_055_001,1058,465,0,465,0,2,463
04_056_001,376,109,0,109,0,0,109
04_056_002,321,113,0,113,0,0,113
04_056_003,373,121,0,121,0,0,121
04_057_001,907,323,0,323,0,1,322
04_057_002,1138,489,0,488,-1,5,483
04_057_003,947,365,0,365,0,1,364
04_057_004,1117,422,0,422,0,0,422
04_058_001,960,277,0,277,0,3,274
04_058_002,926,272,0,272,0,1,271
04_059_001,742,400,0,399,-1,1,398
04_059_002,689,290,0,290,0,2,288
04_059_003,678,255,0,255,0,0,255
04_059_004,784,298,0,298,0,3,295
04_059_005,611,266,0,266,0,0,266
04_059_006,882,372,0,372,0,1,371
04_059_007,430,217,0,217,0,1,216
04_059_008,536,260,0,260,0,0,260
04_059_009,486,241,0,241,0,0,241
04_059_010,775,338,0,338,0,5,333
04_059_011,612,285,0,285,0,4,281
04_059_012,697,299,0,299,0,1,298
04_059_013,592,270,0,270,0,2,268
04_059_014,558,240,0,240,0,0,240
04_059_015,508,209,0,209,0,2,207
04_059_016,126,46,0,46,0,0,46
04_059_017,652,255,0,255,0,1,254
04_059_018,522,242,0,242,0,2,240
04_059_019,733,370,0,370,0,1,369
04_059_020,936,368,0,366,-2,0,366
04_059_021,721,332,0,332,0,2,330
04_059_022,747,266,0,266,0,0,266
04_059_023,1040,463,0,463,0,4,459
04_059_024,976,458,0,458,0,0,458
04_059_025,913,383,0,383,0,5,378
04_059_026,837,347,0,347,0,1,346
04_059_027,792,320,0,320,0,0,320
04_059_028,405,206,0,206,0,0,206
04_059_029,373,132,0,132,0,2,130
04_059_030,867,258,0,258,0,1,257
04_059_031,862,323,0,323,0,1,322
04_059_032,620,178,1,177,-1,0,177
04_059_033,683,242,0,242,0,1,241
04_059_034,164,55,0,55,0,0,55
04_059_035,151,58,0,58,0,0,58
04_059_036,658,289,0,289,0,0,289
04_059_037,85,35,0,35,0,0,35
04_060_001,309,136,0,136,0,0,136
04_061_001,759,276,0,276,0,3,273
04_061_002,552,193,0,193,0,1,192
04_062_001,232,127,0,127,0,3,124
04_062_002,68,31,0,31,0,0,31
04_063_001,985,346,0,346,0,3,343
04_063_002,991,311,0,311,0,1,310
04_063_003,1005,296,0,296,0,3,293
04_063_004,1021,366,0,366,0,2,364
04_063_005,1012,224,0,224,0,2,222
04_063_006,892,288,0,288,0,3,285
04_063_007,1116,424,0,424,0,1,423
04_063_008,923,280,0,280,0,2,278
04_064_001,565,180,0,180,0,3,177
04_064_002,547,212,0,212,0,0,212
04_064_003,126,49,0,49,0,0,49
04_064_004,60,30,0,30,0,0,30
04_065_001,659,257,0,257,0,0,257
04_065_002,798,303,0,303,0,0,303
04_065_003,723,270,0,270,0,2,268
04_066_001,994,560,0,560,0,1,559
04_066_002,959,371,0,371,0,4,367
04_066_003,761,322,0,322,0,4,318
04_066_004,638,294,0,294,0,0,294
04_066_005,779,390,0,390,0,2,388
04_066_006,693,271,0,271,0,0,271
04_066_007,607,228,0,228,0,2,226
04_066_008,952,377,0,377,0,4,373
04_066_009,223,74,0,74,0,0,74
04_066_010,1123,635,0,635,0,3,632
04_066_011,864,347,0,347,0,3,344
04_066_012,905,371,0,371,0,0,371
04_066_013,781,294,0,294,0,0,294
04_066_014,895,292,0,292,0,0,292
04_066_015,775,284,0,284,0,3,281
04_066_016,232,79,0,79,0,0,79
04_066_017,400,140,0,140,0,1,139
04_066_018,470,166,0,166,0,0,166
04_067_001,1045,341,0,341,0,6,335
04_067_002,1065,427,0,427,0,2,425
04_067_003,952,345,0,345,0,1,344
04_067_004,1061,392,0,392,0,1,391
04_067_005,1039,318,0,318,0,0,318
04_067_006,1067,394,0,394,0,0,394
04_067_007,1117,230,0,230,0,2,228
04_068_001,677,261,0,261,0,3,258
04_069_001,587,248,0,248,0,1,247
04_069_002,707,283,1,282,-1,1,281
04_070_001,484,214,0,214,0,0,214
04_070_002,677,269,0,269,0,1,268
04_070_003,498,251,0,251,0,0,251
04_070_004,501,226,0,226,0,2,224
04_070_005,533,195,0,195,0,4,191
04_070_006,542,264,0,264,0,2,262
04_070_007,751,361,0,361,0,2,359
04_070_008,782,315,0,315,0,3,312
04_071_001,776,240,0,240,0,1,239
04_071_002,626,234,0,234,0,0,234
04_071_003,744,258,0,258,0,3,255
04_071_004,745,297,0,297,0,2,295
04_071_005,719,272,0,272,0,1,271
04_071_006,592,192,0,192,0,2,190
04_072_001,84,35,0,35,0,0,35
04_073_001,929,324,0,324,0,2,322
04_073_002,119,54,0,54,0,0,54
04_074_001,701,190,0,190,0,1,189
04_074_002,654,219,0,219,0,0,219
04_074_003,719,272,0,272,0,2,270
04_074_004,685,298,0,298,0,2,296
04_074_005,959,251,0,251,0,1,250
04_074_006,866,198,0,198,0,4,194
04_074_007,841,156,0,156,0,0,156
04_075_001,641,231,0,231,0,2,229
04_075_002,608,208,0,208,0,2,206
05_001_001,62,25,0,25,0,0,25
05_002_001,408,141,0,140,-1,0,140
05_002_002,78,25,0,25,0,0,25
05_003_001,85,38,0,38,0,0,38
05_004_001,827,228,0,228,0,1,227
05_004_002,832,272,0,272,0,0,272
05_004_003,761,293,0,293,0,0,293
05_005_001,110,38,0,38,0,0,38
05_006_001,139,52,0,52,0,0,52
05_007_001,144,64,0,64,0,0,64
05_008_001,454,226,0,226,0,1,225
05_009_001,624,163,0,163,0,0,163
05_010_001,612,208,0,208,0,0,208
05_011_001,254,117,0,117,0,1,116
05_012_001,71,43,0,43,0,0,43
05_013_001,159,86,0,86,0,1,85
05_014_001,348,153,0,153,0,2,151
05_015_001,110,61,0,61,0,0,61
05_016_001,1108,299,0,299,0,1,298
05_017_001,727,344,0,344,0,0,344
05_017_002,744,292,0,292,0,3,289
05_017_003,1000,225,0,224,-1,3,221
05_017_004,839,330,0,330,0,1,329
05_017_005,986,295,0,295,0,4,291
05_018_001,70,48,0,48,0,0,48
05_019_001,877,101,0,101,0,0,101
05_019_002,889,186,0,186,0,1,185
05_019_003,874,160,0,160,0,1,159
05_020_001,861,388,0,388,0,1,387
05_020_002,1083,508,0,508,0,2,506
05_021_001,704,281,0,281,0,2,279
05_021_002,691,218,0,218,0,0,218
05_022_001,829,311,0,311,0,2,309
05_023_001,551,170,1,169,-1,1,168
05_024_001,339,102,0,102,0,4,98
05_025_001,147,86,0,86,0,0,86
05_026_001,568,224,0,224,0,1,223
05_026_002,570,215,0,215,0,0,215
05_027_001,992,348,0,348,0,2,346
05_028_001,32,27,0,27,0,0,27
05_029_001,969,365,0,365,0,0,365
05_029_002,1035,428,0,428,0,2,426
05_030_001,942,282,0,282,0,1,281
05_031_001,205,49,0,49,0,0,49
05_032_001,764,215,1,214,-1,3,211
05_033_001,1037,240,0,240,0,0,240
05_034_001,911,406,0,406,0,4,402
05_035_001,724,261,0,261,0,1,260
05_036_001,717,227,0,227,0,1,226
05_037_001,784,342,0,342,0,2,340
05_037_002,865,343,0,343,0,3,340
05_038_001,379,78,0,78,0,2,76
05_039_001,768,294,0,294,0,1,293
05_040_001,973,223,0,223,0,1,222
05_040_002,822,300,0,300,0,1,299
05_041_001,634,158,0,158,0,3,155
05_042_001,243,116,0,116,0,1,115
05_043_001,435,217,0,217,0,0,217
05_044_001,595,164,0,164,0,1,163
05_044_002,577,172,0,172,0,0,172
05_044_003,589,195,0,195,0,3,192
05_044_004,673,269,0,269,0,2,267
05_045_001,981,309,0,309,0,2,307
05_046_001,921,226,0,226,0,1,225
05_047_001,147,62,0,62,0,0,62
05_048_001,77,41,0,41,0,1,40
05_049_001,842,411,0,411,0,1,410
05_050_001,162,86,0,86,0,1,85
05_051_001,816,268,0,268,0,0,268
05_051_002,624,234,0,234,0,2,232
05_051_003,698,307,0,307,0,2,305
05_052_001,1212,430,0,430,0,2,428
05_053_001,617,288,0,288,0,1,287
05_053_002,742,310,0,310,0,0,310
05_054_001,124,76,0,76,0,1,75
05_055_001,1018,460,0,460,0,1,459
05_056_001,841,362,0,362,0,2,360
05_057_001,162,68,0,68,0,1,67
05_058_001,842,194,0,194,0,3,191
05_058_002,729,180,0,180,0,0,180
05_058_003,751,176,0,176,0,1,175
05_059_001,260,58,0,58,0,1,57
05_060_001,833,403,0,403,0,1,402
05_061_001,358,182,0,182,0,4,178
05_062_001,551,173,0,173,0,1,172
05_063_001,464,206,0,206,0,5,201
05_064_001,552,165,0,165,0,1,164
05_065_001,542,217,0,217,0,6,211
05_066_001,632,226,0,226,0,1,225
05_067_001,194,87,0,87,0,0,87
05_068_001,268,84,0,84,0,1,83
05_069_001,19,11,0,11,0,0,11
05_070_001,214,71,0,71,0,0,71
05_071_001,1228,391,0,391,0,0,391
05_072_001,595,177,0,177,0,3,174
05_073_001,222,100,0,100,0,3,97
05_074_001,242,115,0,115,0,0,115
05_075_001,951,361,0,360,-1,3,357
05_075_002,1053,509,0,509,0,2,507
05_075_003,1094,412,0,412,0,2,410
05_075_004,891,387,0,387,0,0,387
05_075_005,874,443,0,443,0,3,440
05_075_006,796,364,0,364,0,1,363
05_075_007,1059,418,0,418,0,4,414
05_075_008,977,302,0,302,0,4,298
05_076_001,455,241,0,241,0,2,239
05_077_001,741,228,0,228,0,1,227
05_077_002,761,278,0,278,0,2,276
05_077_003,788,261,0,261,0,0,261
05_077_004,860,276,0,276,0,3,273
05_077_005,828,257,0,257,0,0,257
05_078_001,799,396,0,396,0,2,394
05_078_002,884,330,0,330,0,2,328
05_078_003,642,124,1,123,-1,1,122
05_078_004,782,284,0,284,0,2,282
05_078_005,739,372,0,372,0,1,371
05_078_006,608,191,0,191,0,0,191
05_078_007,453,82,0,82,0,0,82
05_079_001,943,348,0,348,0,2,346
05_080_001,479,201,0,201,0,3,198
05_081_001,54,40,0,40,0,1,39
05_082_001,277,111,0,111,0,0,111
05_083_001,699,205,0,205,0,0,205
05_083_002,521,91,0,91,0,2,89
05_084_001,267,124,0,124,0,0,124
05_085_001,222,71,0,71,0,0,71
05_086_001,706,189,0,189,0,3,186
05_087_001,136,39,0,39,0,0,39
05_088_001,289,90,0,90,0,1,89
05_089_001,793,296,0,296,0,3,293
05_090_001,201,59,0,59,0,4,55
05_091_001,567,170,0,170,0,1,169
05_092_001,361,85,0,85,0,0,85
05_093_001,720,351,0,349,-2,2,347
05_093_002,887,437,0,437,0,1,436
05_093_003,1107,480,0,480,0,6,474
05_093_004,646,327,0,327,0,1,326
05_093_005,909,372,0,372,0,2,370
05_093_006,974,393,0,393,0,2,391
05_094_001,87,42,0,42,0,1,41
05_095_001,265,90,0,90,0,1,89
05_096_001,1008,318,0,318,0,1,317
05_096_002,976,346,0,346,0,3,343
05_097_001,270,54,0,54,0,0,54
05_098_001,338,197,0,197,0,3,194
05_099_001,93,47,0,47,0,0,47
05_100_001,240,129,0,129,0,4,125
05_101_001,250,75,0,75,0,1,74
05_102_001,163,79,0,79,0,0,79
05_103_001,27,13,0,13,0,0,13
05_104_001,134,44,0,44,0,0,44
05_105_001,153,70,0,70,0,0,70
05_106_001,75,51,0,51,0,1,50
05_107_001,300,136,0,136,0,1,135
05_108_001,470,288,0,288,0,3,285
05_109_001,616,212,0,212,0,0,212
05_109_002,567,237,0,237,0,1,236
05_109_003,659,231,0,231,0,2,229
05_109_004,221,76,0,76,0,0,76
05_110_001,624,219,0,219,0,8,211
05_111_001,465,205,0,205,0,1,204
05_112_001,73,37,0,37,0,0,37
05_113_001,791,339,0,339,0,0,339
05_113_002,760,212,0,212,0,2,210
05_114_001,468,138,0,138,0,0,138
05_115_001,453,92,0,92,0,0,92
05_116_001,654,268,0,268,0,2,266
05_116_002,699,245,1,244,-1,5,239
05_117_001,462,199,0,199,0,0,199
05_118_001,650,197,0,197,0,1,196
05_118_002,597,183,0,183,0,0,183
05_119_001,790,318,0,318,0,1,317
05_119_002,831,344,0,344,0,1,343
05_120_001,126,82,0,82,0,1,81
05_121_001,90,66,0,66,0,0,66
05_122_001,179,102,0,102,0,0,102
05_123_001,603,230,0,230,0,2,228
05_123_002,616,232,0,232,0,3,229
05_124_001,829,336,0,336,0,2,334
05_125_001,238,103,0,103,0,2,101
05_126_001,845,311,0,311,0,2,309
05_127_001,557,299,0,299,0,1,298
05_128_001,551,294,0,294,0,3,291
05_129_001,105,57,0,57,0,1,56
05_130_001,159,54,0,54,0,0,54
05_131_001,124,54,0,54,0,0,54
05_131_002,1109,464,0,464,0,2,462
05_132_001,251,107,0,107,0,0,107
05_133_001,939,318,0,318,0,4,314
05_133_002,895,320,0,320,0,2,318
05_133_003,925,348,0,348,0,3,345
05_134_001,157,48,0,48,0,0,48
05_135_001,311,81,0,81,0,3,78
05_136_001,131,67,0,67,0,1,66
05_137_001,683,181,0,181,0,0,181
05_138_001,403,130,0,130,0,0,130
05_139_001,776,304,0,304,0,2,302
05_140_001,460,215,0,215,0,2,213
05_141_001,709,286,0,284,-2,2,282
05_142_001,704,212,0,212,0,0,212
05_143_001,889,336,0,336,0,4,332
05_144_001,95,54,0,54,0,1,53
05_145_001,936,319,0,319,0,2,317
05_146_001,69,51,0,51,0,0,51
05_147_001,671,213,0,213,0,3,210
05_147_002,630,202,0,202,0,1,201
05_148_001,384,131,0,131,0,1,130
05_149_001,742,213,0,212,-1,1,211
05_149_002,619,174,0,174,0,0,174
05_150_001,224,101,0,101,0,0,101
05_151_001,714,171,0,171,0,1,170
05_151_002,705,239,0,239,0,0,239
05_152_001,399,111,0,111,0,0,111
05_153_001,682,341,0,341,0,1,340
05_153_002,687,322,0,322,0,2,320
05_153_003,756,213,0,213,0,1,212
05_153_004,607,225,0,225,0,1,224
05_153_005,942,443,1,441,-2,1,440
05_153_006,778,302,0,302,0,1,301
05_153_007,722,199,0,199,0,0,199
05_153_008,554,137,0,137,0,1,136
05_153_009,754,166,0,166,0,2,164
05_153_010,1028,287,0,287,0,2,285
05_153_011,629,286,0,286,0,0,286
05_153_012,581,213,0,212,-1,0,212
05_153_013,793,321,0,321,0,1,320
05_153_014,566,261,0,261,0,3,258
05_153_015,787,322,0,322,0,0,322
05_153_016,979,346,0,346,0,2,344
05_153_017,750,240,0,240,0,4,236
05_153_018,934,302,0,303,1,10,293
05_153_019,851,308,0,308,0,1,307
05_153_020,783,265,0,265,0,0,265
05_153_021,629,212,0,212,0,1,211
05_153_022,559,187,0,187,0,0,187
05_153_023,979,313,0,313,0,0,313
05_153_024,944,307,3,304,-3,3,301
05_153_025,873,315,1,315,0,1,314
05_153_026,729,273,0,273,0,1,272
05_153_027,575,212,0,212,0,1,211
05_153_028,657,256,0,256,0,1,255
05_153_029,675,250,0,250,0,2,248
05_153_030,796,253,0,253,0,1,252
05_154_001,433,216,0,216,0,2,214
05_155_001,142,83,0,83,0,1,82
05_156_001,49,18,0,18,0,0,18
05_157_001,710,199,0,199,0,1,198
05_158_001,361,123,0,123,0,0,123
05_159_001,982,277,0,277,0,3,274
05_160_001,28,14,0,14,0,0,14
05_161_001,622,219,0,218,-1,0,218
05_161_002,655,212,0,212,0,3,209
05_162_001,131,56,0,56,0,1,55
05_163_001,143,54,0,54,0,0,54
05_163_002,513,161,0,161,0,0,161
05_164_001,138,74,0,74,0,0,74
05_165_001,648,261,1,261,0,3,258
05_165_002,630,223,0,223,0,2,221
05_166_001,272,121,0,121,0,3,118
05_167_001,268,137,0,137,0,2,135
05_168_001,156,66,0,66,0,3,63
05_169_001,249,132,0,132,0,2,130
05_170_001,848,336,0,336,0,0,336
05_170_002,885,345,0,344,-1,0,344
05_171_001,173,81,0,81,0,2,79
05_172_001,223,121,0,121,0,1,120
05_173_001,495,183,0,183,0,1,182
05_174_001,242,119,0,119,0,2,117
05_175_001,476,109,0,109,0,0,109
05_176_001,921,424,0,424,0,8,416
05_177_001,375,118,0,118,0,0,118
05_178_001,135,78,0,78,0,1,77
05_179_001,524,167,0,167,0,0,167
05_179_002,731,254,0,254,0,1,253
05_180_001,455,249,1,248,-1,0,248
05_181_001,201,43,0,43,0,1,42
05_182_001,212,94,0,94,0,0,94
05_183_001,1199,403,0,403,0,5,398
05_184_001,353,124,0,124,0,0,124
05_185_001,223,97,0,97,0,0,97
05_186_001,42,25,0,25,0,2,23
05_187_001,681,169,0,169,0,2,167
05_188_001,324,115,0,115,0,0,115
05_189_001,966,448,0,448,0,4,444
05_189_002,837,357,0,357,0,0,357
05_190_001,806,255,0,255,0,0,255
05_190_002,740,276,0,275,-1,0,275
05_190_003,665,287,0,287,0,0,287
05_190_004,646,298,0,298,0,2,296
05_190_005,628,268,0,269,1,9,260
05_191_001,406,164,0,164,0,2,162
05_192_001,649,164,0,164,0,2,162
05_192_002,630,210,0,210,0,1,209
05_192_003,660,229,0,229,0,1,228
05_193_001,143,78,0,78,0,0,78
05_194_001,987,327,0,327,0,2,325
05_194_002,912,355,0,355,0,3,352
05_194_003,986,351,0,351,0,1,350
05_194_004,842,289,1,288,-1,3,285
05_194_005,955,342,0,342,0,2,340
05_195_001,599,191,0,191,0,2,189
05_195_002,579,218,0,218,0,2,216
05_195_003,598,232,0,232,0,1,231
05_195_004,573,181,0,181,0,3,178
05_195_005,625,188,0,188,0,1,187
05_196_001,925,490,0,490,0,4,486
05_196_002,836,424,0,424,0,6,418
05_196_003,841,421,0,421,0,0,421
05_196_004,1009,452,0,451,-1,1,450
05_196_005,908,259,0,259,0,1,258
05_196_006,829,296,0,296,0,0,296
05_196_007,779,365,0,365,0,2,363
05_196_008,807,402,0,402,0,5,397
05_196_009,771,413,0,413,0,1,412
05_196_010,1024,466,0,466,0,2,464
05_196_011,921,356,0,356,0,1,355
05_196_012,723,343,0,343,0,1,342
05_196_013,827,373,0,373,0,1,372
05_196_014,657,297,0,297,0,0,297
05_196_015,790,407,0,407,0,3,404
05_196_016,771,369,0,369,0,4,365
05_197_001,843,351,0,351,0,5,346
05_198_001,686,276,0,276,0,1,275
05_198_002,632,237,1,236,-1,3,233
05_199_001,952,293,0,293,0,5,288
05_199_002,821,225,0,225,0,0,225
05_200_001,623,144,0,144,0,2,142
05_200_002,628,200,0,200,0,0,200
05_201_001,431,197,0,197,0,0,197
05_202_001,623,152,0,152,0,0,152
05_202_002,635,157,0,158,1,10,148
05_202_003,623,294,0,294,0,2,292
05_202_004,605,260,0,260,0,0,260
05_202_005,575,240,0,240,0,0,240
05_202_006,638,328,0,328,0,1,327
05_202_007,692,351,0,351,0,2,349
05_202_008,814,426,0,426,0,1,425
05_202_009,742,245,0,245,0,2,243
05_202_010,701,380,1,379,-1,1,378
05_202_011,915,415,0,415,0,1,414
05_202_012,704,338,0,338,0,2,336
05_202_013,797,308,0,308,0,1,307
05_202_014,927,440,0,440,0,3,437
05_202_015,933,522,0,522,0,0,522
05_202_016,1023,454,0,454,0,1,453
05_202_017,1089,569,0,566,-3,2,564
05_202_018,1127,503,0,503,0,2,501
05_202_019,683,244,0,244,0,3,241
05_202_020,908,409,0,408,-1,2,406
05_202_021,832,391,0,391,0,0,391
05_202_022,753,424,0,424,0,2,422
05_202_023,780,352,0,352,0,1,351
05_202_024,825,418,0,418,0,2,416
05_202_025,660,287,0,287,0,0,287
05_202_026,1034,570,0,570,0,1,569
05_202_027,1163,605,0,605,0,2,603
05_202_028,819,407,0,407,0,0,407
05_202_029,633,357,0,357,0,1,356
05_202_030,709,310,0,310,0,2,308
05_202_031,521,148,0,148,0,2,146
05_202_032,984,476,0,476,0,3,473
05_202_033,774,267,0,267,0,0,267
05_202_034,882,305,0,305,0,1,304
05_202_035,1008,304,0,304,0,2,302
05_202_036,983,382,0,382,0,2,380
05_202_037,901,341,0,341,0,1,340
05_202_038,773,276,0,276,0,0,276
05_202_039,951,328,0,328,0,4,324
05_202_040,915,332,0,332,0,0,332
05_202_041,774,214,0,214,0,0,214
05_202_042,891,308,0,308,0,0,308
05_202_043,792,286,0,286,0,0,286
05_202_044,949,289,0,289,0,2,287
05_202_045,875,282,0,282,0,4,278
05_202_046,1048,343,0,343,0,1,342
05_202_047,936,337,0,337,0,3,334
05_202_048,846,352,0,352,0,1,351
05_202_049,892,307,0,307,0,2,305
05_202_050,758,355,0,355,0,1,354
05_202_051,669,281,0,281,0,0,281
05_202_052,658,243,0,243,0,1,242
05_202_053,907,397,0,397,0,3,394
05_202_054,928,411,0,411,0,0,411
05_202_055,648,427,0,427,0,0,427
05_202_056,633,394,0,394,0,0,394
05_202_057,905,350,0,350,0,0,350
05_202_058,697,250,0,250,0,1,249
05_202_059,615,334,0,334,0,1,333
05_202_060,646,409,0,409,0,0,409
05_202_061,594,378,0,378,0,0,378
05_202_062,761,378,0,378,0,6,372
05_202_063,721,291,0,291,0,0,291
05_202_064,881,409,0,409,0,1,408
05_202_065,793,307,0,307,0,1,306
05_202_066,813,327,0,327,0,1,326
05_202_067,636,277,0,277,0,0,277
05_202_068,779,317,0,317,0,0,317
05_202_069,749,379,0,379,0,0,379
05_202_070,722,373,0,373,0,1,372
05_202_071,627,271,0,271,0,0,271
05_202_072,735,355,0,355,0,3,352
05_202_073,679,340,1,339,-1,2,337
05_202_074,876,324,0,324,0,5,319
05_202_075,752,281,0,281,0,0,281
05_202_076,822,451,0,451,0,0,451
05_202_077,704,300,0,300,0,1,299
05_202_078,618,358,0,358,0,3,355
05_202_079,562,257,0,257,0,0,257
05_202_080,665,256,0,256,0,1,255
05_202_081,918,402,0,402,0,2,400
05_202_082,941,468,0,468,0,1,467
05_202_083,624,366,1,365,-1,2,363
05_202_084,752,353,0,353,0,2,351
05_202_085,669,337,0,337,0,1,336
05_202_086,1099,546,0,547,1,11,536
05_202_087,613,281,0,281,0,2,279
05_202_088,697,354,0,354,0,1,353
05_202_089,844,436,1,435,-1,2,433
05_202_090,629,211,0,211,0,3,208
05_202_091,881,447,0,447,0,1,446
05_202_092,626,235,0,235,0,6,229
05_202_093,555,253,0,253,0,2,251
05_202_094,678,215,0,215,0,0,215
05_202_095,609,207,0,207,0,0,207
05_202_096,1897,1072,0,1073,1,13,1060
05_202_097,662,281,0,281,0,2,279
05_202_098,718,301,0,301,0,1,300
05_202_099,660,312,0,312,0,2,310
05_202_100,620,247,0,247,0,0,247
05_202_101,806,361,0,361,0,0,361
05_202_102,671,290,0,290,0,0,290
05_202_103,885,360,0,360,0,0,360
05_202_104,940,414,0,414,0,1,413
05_202_105,1134,546,0,546,0,3,543
05_202_106,1085,533,0,533,0,4,529
05_202_107,898,418,0,418,0,1,417
05_202_108,722,293,0,293,0,1,292
05_202_109,646,259,0,259,0,1,258
05_202_110,697,314,0,313,-1,4,309
05_202_111,725,361,0,361,0,2,359
05_202_112,723,369,0,369,0,1,368
05_202_113,620,336,0,336,0,0,336
05_202_114,619,309,0,309,0,1,308
05_202_115,709,339,0,339,0,1,338
05_202_116,620,292,0,292,0,0,292
05_202_117,960,366,1,361,-5,1,360
05_202_118,1305,421,0,420,-1,18,402
05_202_119,645,258,0,258,0,3,255
05_202_120,836,318,0,318,0,3,315
05_202_121,831,429,0,429,0,1,428
05_202_122,667,258,0,258,0,0,258
05_202_123,916,255,0,255,0,1,254
05_202_124,920,394,0,394,0,0,394
05_202_125,983,456,0,456,0,3,453
05_202_126,1013,501,0,501,0,1,500
05_202_127,1101,315,0,315,0,0,315
05_202_128,1068,365,1,365,0,13,352
05_202_129,455,223,0,223,0,1,222
05_202_130,703,269,0,269,0,3,266
05_202_131,646,342,1,340,-2,3,337
05_202_132,666,319,0,319,0,4,315
05_202_133,990,393,0,393,0,1,392
05_202_134,851,452,0,452,0,1,451
05_202_135,783,398,0,398,0,3,395
05_202_136,875,440,0,440,0,2,438
05_202_137,885,448,0,448,0,1,447
05_202_138,940,434,0,432,-2,3,429
05_202_139,637,248,0,248,0,3,245
05_202_140,638,253,0,253,0,3,250
05_202_141,754,288,0,288,0,2,286
05_202_142,741,265,0,265,0,0,265
05_202_143,663,260,0,260,0,0,260
05_202_144,633,253,0,253,0,4,249
05_202_145,712,354,0,354,0,3,351
05_202_146,1177,486,0,486,0,2,484
05_202_147,1027,395,0,395,0,1,394
05_202_148,1097,437,0,436,-1,1,435
05_202_149,852,419,0,418,-1,3,415
05_202_150,897,423,0,423,0,1,422
05_202_151,766,348,0,348,0,2,346
05_202_152,880,377,0,377,0,0,377
05_202_153,982,465,0,464,-1,1,463
05_202_154,838,474,0,474,0,2,472
05_202_155,389,183,0,183,0,1,182
05_202_156,732,362,0,364,2,18,346
05_202_157,686,364,0,364,0,0,364
05_202_158,649,354,0,354,0,1,353
05_202_159,713,347,0,346,-1,1,345
05_202_160,135,74,0,74,0,1,73
05_203_001,69,41,0,41,0,0,41
05_204_001,191,55,0,55,0,0,55
05_205_001,610,246,0,246,0,0,246
05_205_002,585,270,0,270,0,4,266
05_206_001,405,183,0,183,0,0,183
05_207_001,831,311,0,311,0,0,311
05_207_002,759,223,0,223,0,2,221
05_207_003,809,227,0,227,0,2,225
05_208_001,690,210,0,210,0,4,206
05_209_001,608,279,0,279,0,1,278
05_210_001,60,35,0,35,0,0,35
05_211_001,256,99,0,99,0,0,99
05_212_001,560,150,0,150,0,2,148
05_213_001,585,210,0,210,0,1,209
05_214_001,725,287,0,287,0,4,283
05_215_001,243,112,0,112,0,1,111
05_216_001,1025,238,0,238,0,1,237
05_217_001,904,417,0,416,-1,3,413
05_217_002,768,326,0,326,0,1,325
05_217_003,795,303,0,303,0,1,302
05_217_004,781,331,0,331,0,2,329
05_217_005,932,341,0,341,0,4,337
05_218_001,26,16,0,16,0,0,16
05_219_001,302,137,0,137,0,0,137
05_220_001,244,89,1,88,-1,1,87
05_221_001,1256,381,0,381,0,1,380
05_222_001,727,220,0,220,0,2,218
05_222_002,870,228,0,228,0,4,224
05_222_003,912,382,0,382,0,0,382
05_222_004,906,408,0,408,0,1,407
05_222_005,169,60,0,60,0,0,60
05_222_006,104,31,0,31,0,0,31
05_223_001,616,147,0,147,0,0,147
05_223_002,581,203,0,203,0,0,203
05_224_001,305,119,0,119,0,0,119
05_225_001,903,239,0,239,0,1,238
05_225_002,933,258,0,258,0,2,256
05_226_001,697,279,0,279,0,1,278
05_226_002,869,280,0,280,0,1,279
05_226_003,931,284,0,284,0,0,284
05_226_004,1023,299,0,299,0,1,298
05_226_005,867,282,0,282,0,0,282
05_226_006,1275,432,0,432,0,1,431
05_226_007,866,300,0,300,0,2,298
05_226_008,769,218,0,218,0,2,216
05_226_009,636,216,0,216,0,0,216
05_226_010,745,173,0,173,0,0,173
05_226_011,905,315,0,315,0,0,315
05_226_012,943,389,0,389,0,2,387
05_226_013,825,300,0,300,0,1,299
05_226_014,792,271,0,271,0,3,268
05_226_015,774,306,0,306,0,1,305
05_226_016,683,338,0,338,0,0,338
05_226_017,677,260,0,260,0,0,260
05_226_018,322,113,0,113,0,2,111
05_226_019,649,189,0,189,0,0,189
05_226_020,693,207,0,207,0,0,207
05_226_021,409,162,0,162,0,0,162
05_226_022,204,99,0,99,0,0,99
05_226_023,792,177,0,177,0,1,176
05_226_024,840,200,0,200,0,0,200
05_226_025,870,88,0,88,0,3,85
05_226_026,750,159,0,159,0,3,156
05_226_027,658,133,0,133,0,0,133
05_226_028,740,173,0,173,0,2,171
05_226_029,223,80,0,80,0,4,76
05_226_030,196,69,0,69,0,0,69
05_226_031,895,219,0,219,0,1,218
05_226_032,937,285,0,285,0,4,281
05_226_033,948,379,1,378,-1,3,375
05_226_034,785,215,0,215,0,1,214
05_226_035,955,209,0,209,0,1,208
05_226_036,480,99,0,99,0,1,98
05_226_037,278,51,0,51,0,1,50
05_227_001,38,19,0,19,0,0,19
05_228_001,957,321,0,321,0,1,320
05_229_001,1136,271,0,271,0,1,270
05_230_001,902,343,0,343,0,6,337
05_231_001,51,27,0,27,0,0,27
05_232_001,237,65,0,65,0,0,65
05_233_001,23,14,0,14,0,0,14
05_234_001,655,227,1,226,-1,1,225
05_235_001,915,320,0,320,0,2,318
05_235_002,947,415,0,415,0,7,408
05_236_001,189,101,0,101,0,1,100
05_237_001,146,42,0,42,0,1,41
05_238_001,797,347,0,347,0,5,342
05_238_002,642,171,0,171,0,5,166
05_238_003,506,244,0,244,0,1,243
05_238_004,687,301,0,301,0,2,299
05_238_005,656,189,0,189,0,4,185
05_238_006,790,369,0,369,0,5,364
05_238_007,576,286,0,286,0,5,281
05_238_008,302,126,0,126,0,3,123
05_239_001,477,163,0,163,0,0,163
05_240_001,498,141,0,141,0,0,141
05_241_001,581,158,0,155,-3,11,144
05_242_001,258,126,0,126,0,1,125
05_243_001,413,140,0,140,0,0,140
05_244_001,775,348,0,348,0,2,346
05_245_001,76,49,0,49,0,0,49
05_246_001,399,216,0,216,0,0,216
05_247_001,385,122,0,122,0,1,121
05_248_001,649,154,0,154,0,2,152
05_248_002,632,143,0,143,0,1,142
05_249_001,738,221,0,221,0,2,219
05_249_002,647,165,0,165,0,0,165
05_249_003,591,178,0,178,0,0,178
05_250_001,580,118,0,118,0,1,117
05_251_001,740,265,0,265,0,0,265
05_251_002,667,231,0,231,0,4,227
05_251_003,732,234,0,234,0,1,233
05_252_001,863,346,0,346,0,1,345
05_253_001,288,115,0,115,0,1,114
05_254_001,772,252,0,252,0,3,249
05_255_001,525,218,0,218,0,4,214
05_256_001,772,187,0,187,0,2,185
05_256_002,550,156,0,156,0,1,155
05_256_003,853,251,0,251,0,7,244
05_257_001,338,146,0,146,0,3,143
05_258_001,1254,556,0,556,0,6,550
05_259_001,1114,408,0,408,0,2,406
05_259_002,1180,247,0,247,0,0,247
05_260_001,349,124,0,124,0,1,123
05_261_001,171,62,0,62,0,2,60
05_262_001,359,114,0,114,0,0,114
05_263_001,1152,505,0,505,0,1,504
05_264_001,607,252,0,252,0,3,249
05_265_001,1160,363,0,363,0,3,360
05_266_001,418,133,0,133,0,0,133
05_267_001,295,141,0,141,0,2,139
05_268_001,1133,433,0,433,0,6,427
05_268_002,647,175,0,175,0,0,175
05_268_003,696,246,1,245,-1,3,242
05_268_004,1154,408,0,408,0,1,407
05_268_005,1059,81,0,81,0,1,80
05_268_006,285,112,0,112,0,1,111
05_268_007,1053,359,0,359,0,2,357
05_268_008,1069,361,0,361,0,0,361
05_268_009,1296,394,0,394,0,2,392
05_268_010,1332,408,0,408,0,3,405
05_269_001,905,359,0,359,0,1,358
05_269_002,968,396,0,396,0,1,395
05_270_001,876,346,1,345,-1,1,344
05_270_002,846,273,0,273,0,1,272
05_271_001,619,210,0,210,0,1,209
05_272_001,1253,452,0,452,0,4,448
05_273_001,197,92,0,92,0,0,92
05_274_001,755,347,0,347,0,0,347
05_274_002,650,269,0,269,0,1,268
05_274_003,669,297,0,297,0,1,296
05_274_004,627,261,0,261,0,1,260
05_274_005,716,282,0,282,0,2,280
05_274_006,744,331,0,331,0,1,330
05_274_007,780,302,0,302,0,1,301
05_274_008,696,228,0,228,0,4,224
05_274_009,611,244,0,244,0,2,242
05_274_010,733,299,0,299,0,2,297
05_274_011,664,265,0,265,0,2,263
05_274_012,697,274,0,274,0,0,274
05_274_013,450,189,0,189,0,0,189
05_274_014,618,190,0,190,0,0,190
05_274_015,198,44,0,44,0,2,42
05_274_016,274,87,0,87,0,1,86
05_274_017,121,54,0,54,0,1,53
05_275_001,899,273,0,273,0,4,269
05_276_001,444,164,0,164,0,1,163
05_276_002,580,200,0,200,0,2,198
05_276_003,607,223,0,223,0,1,222
05_276_004,218,93,0,93,0,0,93
05_276_005,640,305,0,305,0,1,304
05_276_006,653,199,0,199,0,1,198
05_276_007,726,239,0,239,0,3,236
05_276_008,698,183,0,183,0,2,181
05_276_009,861,369,0,369,0,1,368
05_276_010,808,348,0,347,-1,3,344
05_276_011,659,286,0,286,0,1,285
05_276_012,795,321,0,321,0,1,320
05_276_013,711,318,0,318,0,1,317
05_276_014,734,285,0,285,0,3,282
05_276_015,751,330,0,330,0,1,329
05_276_016,699,306,0,306,0,6,300
05_276_017,637,279,0,279,0,1,278
05_276_018,560,226,0,226,0,0,226
05_276_019,258,128,0,128,0,0,128
05_277_001,340,128,0,128,0,3,125
05_278_001,379,68,0,68,0,5,63
05_279_001,810,244,0,244,0,1,243
05_280_001,30,19,0,19,0,0,19
05_281_001,179,97,0,97,0,0,97
05_282_001,98,59,0,59,0,0,59
05_283_001,377,190,0,190,0,0,190
05_284_001,762,145,0,145,0,1,144
05_285_001,733,234,0,234,0,2,232
05_286_001,92,26,0,26,0,0,26
05_287_001,256,100,0,100,0,0,100
05_288_001,199,87,0,87,0,1,86
05_289_001,270,54,0,54,0,0,54
05_290_001,653,145,0,145,0,0,145
05_290_002,803,190,0,190,0,2,188
05_290_003,725,257,0,257,0,0,257
05_290_004,780,259,0,259,0,1,258
05_291_001,1324,188,0,188,0,0,188
05_292_001,638,292,0,292,0,2,290
05_292_002,675,323,0,323,0,2,321
05_292_003,641,315,0,315,0,8,307
05_293_001,215,109,0,109,0,0,109
05_294_001,810,391,0,391,0,5,386
05_294_002,775,366,0,366,0,1,365
05_294_003,810,437,0,437,0,1,436
05_294_004,797,414,0,414,0,2,412
05_294_005,778,264,0,264,0,0,264
05_294_006,864,349,0,349,0,1,348
05_294_007,853,399,0,399,0,3,396
05_294_008,851,328,0,328,0,0,328
05_294_009,587,225,0,225,0,2,223
05_294_010,500,239,0,239,0,2,237
05_295_001,614,258,0,258,0,2,256
05_295_002,759,268,0,268,0,2,266
05_295_003,660,328,0,328,0,3,325
05_295_004,621,192,0,192,0,1,191
05_295_005,598,225,0,225,0,0,225
05_295_006,599,213,0,213,0,3,210
05_295_007,603,233,0,233,0,5,228
05_296_001,549,292,0,292,0,2,290
05_297_001,178,84,0,84,0,0,84
05_298_001,1031,484,0,484,0,2,482
05_298_002,847,411,0,411,0,1,410
05_298_003,826,335,0,335,0,1,334
05_298_004,853,336,0,336,0,0,336
05_299_001,1236,497,0,497,0,6,491
05_300_001,538,251,0,251,0,2,249
05_301_001,97,60,0,60,0,0,60
05_302_001,127,80,0,80,0,0,80
05_303_001,768,261,0,261,0,0,261
05_304_001,862,259,0,259,0,1,258
05_305_001,402,152,0,152,0,1,151
05_306_001,787,353,0,353,0,6,347
05_306_002,753,294,0,294,0,1,293
05_306_003,637,266,0,266,0,3,263
05_306_004,596,199,0,199,0,3,196
05_307_001,854,254,0,254,0,2,252
05_308_001,713,209,0,209,0,1,208
05_308_002,737,222,0,222,0,0,222
05_309_001,1117,381,0,381,0,3,378
05_309_002,1148,381,0,381,0,3,378
05_310_001,961,451,0,451,0,7,444
05_311_001,842,305,0,305,0,0,305
05_312_001,781,205,0,205,0,4,201
05_312_002,697,280,0,279,-1,5,274
05_313_001,489,197,0,197,0,3,194
05_314_001,23,15,0,15,0,0,15
05_315_001,1102,333,0,333,0,0,333
05_316_001,287,142,0,142,0,2,140
05_317_001,392,84,0,84,0,0,84
05_318_001,335,182,0,182,0,0,182
05_319_001,769,176,0,175,-1,1,174
05_319_002,848,127,0,127,0,0,127
05_319_003,210,29,0,29,0,0,29
05_320_001,707,252,0,252,0,1,251
05_320_002,624,178,0,178,0,3,175
05_320_003,699,240,0,240,0,1,239
05_321_001,513,232,0,232,0,0,232
05_322_001,766,148,0,148,0,2,146
05_322_002,886,278,0,278,0,1,277
05_322_003,760,187,0,187,0,1,186
05_322_004,750,139,0,139,0,1,138
05_322_005,768,174,0,174,0,1,173
05_323_001,1168,357,0,357,0,1,356
05_324_001,178,93,0,93,0,1,92
05_325_001,1047,379,0,379,0,5,374
05_326_001,702,273,0,273,0,0,273
05_326_002,707,186,0,186,0,1,185
05_326_003,229,119,0,119,0,0,119
05_326_004,808,309,0,308,-1,1,307
05_326_005,798,325,0,325,0,1,324
05_326_006,829,439,0,439,0,3,436
05_326_007,835,356,0,356,0,2,354
05_326_008,924,427,0,427,0,1,426
05_326_009,891,400,0,400,0,1,399
05_326_010,691,279,0,278,-1,1,277
05_326_011,832,342,0,342,0,2,340
05_326_012,830,308,0,308,0,0,308
05_326_013,850,358,0,358,0,0,358
05_326_014,882,333,0,333,0,1,332
05_326_015,861,328,0,328,0,1,327
05_326_016,778,338,0,338,0,3,335
05_326_017,1004,500,0,500,0,2,498
05_327_001,267,149,0,149,0,1,148
05_328_001,584,266,0,266,0,5,261
05_328_002,479,252,0,252,0,3,249
05_328_003,628,323,0,323,0,0,323
05_328_004,751,269,0,269,0,1,268
05_328_005,729,292,0,292,0,3,289
05_329_001,734,259,0,259,0,1,258
05_329_002,696,285,0,285,0,1,284
05_330_001,183,96,0,96,0,2,94
05_331_001,19,14,0,14,0,0,14
05_332_001,23,14,0,14,0,1,13
05_333_001,393,258,0,258,0,4,254
05_334_001,164,66,0,66,0,0,66
05_335_001,154,77,0,77,0,0,77
05_336_001,321,125,0,125,0,0,125
05_337_001,177,96,0,96,0,0,96
05_338_001,255,107,0,107,0,1,106
05_339_001,684,202,0,202,0,0,202
05_340_001,502,161,0,161,0,0,161
05_341_001,962,276,0,276,0,3,273
05_342_001,920,384,0,384,0,0,384
05_343_001,55,36,0,36,0,0,36
05_344_001,700,297,0,297,0,1,296
05_345_001,89,47,0,47,0,1,46
05_346_001,611,303,0,303,0,1,302
05_347_001,960,228,0,228,0,6,222
05_348_001,217,80,0,80,0,0,80
05_349_001,482,114,0,114,0,0,114
05_350_001,61,41,0,41,0,0,41
05_351_001,628,183,0,183,0,0,183
05_352_001,186,85,0,85,0,2,83
05_353_001,349,103,0,103,0,2,101
05_354_001,548,154,0,154,0,1,153
05_355_001,305,126,0,126,0,1,125
05_356_001,140,59,0,59,0,0,59
05_357_001,431,157,0,157,0,2,155
05_358_001,290,127,0,127,0,0,127
06_001_001,1056,484,0,484,0,4,480
06_001_002,1129,454,0,454,0,4,450
06_001_003,1100,431,0,431,0,3,428
06_001_004,1140,413,0,413,0,2,411
06_002_001,375,169,0,169,0,3,166
06_003_001,749,322,0,322,0,1,321
06_003_002,787,280,0,280,0,1,279
06_003_003,856,357,0,357,0,4,353
06_004_001,399,152,0,152,0,0,152
06_005_001,768,294,0,294,0,4,290
06_005_002,777,286,0,286,0,3,283
06_005_003,738,272,0,272,0,4,268
06_005_004,481,134,0,134,0,1,133
06_005_005,473,156,0,156,0,1,155
06_006_001,819,233,0,233,0,2,231
06_006_002,757,165,0,165,0,3,162
06_007_001,751,310,0,310,0,1,309
06_007_002,740,297,0,297,0,0,297
06_007_003,712,207,0,207,0,1,206
06_007_004,517,150,0,150,0,1,149
06_008_001,891,367,0,367,0,2,365
06_008_002,874,354,0,354,0,2,352
06_008_003,870,253,0,253,0,2,251
06_009_001,353,180,0,180,0,1,179
06_010_001,761,303,0,303,0,2,301
06_010_002,797,323,0,323,0,1,322
06_010_003,728,295,0,295,0,2,293
06_011_001,686,219,0,219,0,2,217
06_011_002,719,228,0,228,0,0,228
06_011_003,724,204,0,204,0,1,203
06_012_001,795,425,0,425,0,6,419
06_012_002,718,250,0,249,-1,2,247
06_013_001,993,334,0,334,0,3,331
06_013_002,821,304,0,304,0,0,304
06_013_003,776,339,0,339,0,5,334
06_013_004,940,318,0,318,0,3,315
06_013_005,815,281,0,281,0,0,281
06_013_006,912,266,0,266,0,2,264
06_013_007,824,368,0,368,0,1,367
06_013_008,1076,514,0,514,0,9,505
06_013_009,811,380,0,380,0,4,376
06_013_010,920,381,0,381,0,3,378
06_013_011,737,302,0,302,0,1,301
06_013_012,799,350,0,350,0,1,349
06_013_013,913,440,0,440,0,2,438
06_013_014,822,370,0,370,0,1,369
06_013_015,492,148,0,148,0,0,148
06_013_016,773,310,0,310,0,5,305
06_014_001,437,169,0,169,0,0,169
06_014_002,584,220,0,220,0,2,218
06_014_003,169,66,0,66,0,0,66
06_015_001,974,469,0,469,0,2,467
06_015_002,608,260,0,260,0,2,258
06_015_003,741,286,0,286,0,1,285
06_015_004,742,305,0,305,0,1,304
06_016_001,921,375,0,375,0,0,375
06_016_002,1090,471,0,471,0,4,467
06_016_003,875,361,0,361,0,1,360
06_016_004,1146,431,0,431,0,3,428
06_017_001,438,173,0,173,0,3,170
06_017_002,151,51,0,51,0,0,51
06_018_001,409,148,0,148,0,2,146
06_019_001,561,210,0,210,0,1,209
06_019_002,532,203,0,203,0,0,203
06_019_003,531,187,0,187,0,2,185
06_020_001,555,223,0,223,0,2,221
06_020_002,456,171,0,171,0,4,167
06_021_001,524,215,0,215,0,2,213
06_022_001,821,381,0,381,0,2,379
06_022_002,870,336,0,336,0,3,333
06_023_001,903,418,0,418,0,7,411
06_023_002,842,372,0,372,0,1,371
06_023_003,764,334,0,334,0,2,332
06_024_001,749,405,0,405,0,1,404
06_024_002,682,286,0,286,0,2,284
06_024_003,833,427,0,427,0,0,427
06_024_004,787,409,0,408,-1,1,407
06_024_005,703,380,0,380,0,2,378
06_024_006,734,452,0,452,0,1,451
06_024_007,595,348,0,348,0,0,348
06_024_008,630,383,0,383,0,3,380
06_024_009,647,436,0,435,-1,5,430
06_024_010,750,438,1,437,-1,3,434
06_024_011,784,386,0,386,0,1,385
06_024_012,665,328,0,328,0,3,325
06_024_013,597,295,0,295,0,1,294
06_024_014,962,434,0,434,0,4,430
06_024_015,792,388,0,388,0,0,388
06_024_016,845,329,0,329,0,6,323
06_024_017,994,529,0,529,0,6,523
06_024_018,952,513,0,513,0,1,512
06_024_019,834,493,0,493,0,0,493
06_024_020,901,497,0,497,0,4,493
06_024_021,804,409,0,409,0,3,406
06_024_022,801,388,0,388,0,1,387
06_024_023,1031,574,0,573,-1,5,568
06_024_024,580,291,0,291,0,2,289
06_024_025,665,343,0,343,0,1,342
06_024_026,795,347,0,347,0,0,347
06_024_027,735,354,0,354,0,0,354
06_024_028,731,361,0,361,0,1,360
06_024_029,584,265,0,265,0,2,263
06_024_030,639,353,0,353,0,7,346
06_024_031,577,257,0,257,0,1,256
06_024_032,724,358,0,358,0,1,357
06_024_033,876,415,0,415,0,3,412
06_024_034,919,449,0,449,0,4,445
06_024_035,914,403,0,403,0,1,402
06_024_036,856,449,0,449,0,4,445
06_024_037,879,483,0,483,0,2,481
06_024_038,861,508,1,507,-1,1,506
06_024_039,892,475,0,474,-1,2,472
06_024_040,829,432,0,432,0,4,428
06_024_041,914,562,0,562,0,5,557
06_024_042,233,107,0,107,0,1,106
06_024_043,449,248,0,248,0,0,248
06_024_044,250,127,0,127,0,1,126
06_024_045,461,256,0,256,0,1,255
06_024_046,299,126,0,126,0,0,126
06_024_047,279,145,0,145,0,1,144
06_024_048,485,214,0,214,0,1,213
06_024_049,192,80,0,80,0,0,80
06_024_050,1190,685,0,685,0,0,685
06_025_001,447,223,0,223,0,2,221
06_025_002,31,17,0,17,0,0,17
06_026_001,991,422,0,422,0,3,419
06_026_002,947,318,0,318,0,2,316
06_026_003,1033,351,0,351,0,6,345
06_026_004,991,364,0,364,0,3,361
06_026_005,1005,381,0,381,0,3,378
06_026_006,1035,341,0,341,0,3,338
06_027_001,816,287,0,287,0,1,286
06_027_002,788,268,0,268,0,0,268
06_027_003,777,314,0,314,0,3,311
06_027_004,786,323,0,323,0,1,322
06_028_001,426,142,0,142,0,0,142
06_029_001,334,191,0,191,0,0,191
06_030_001,1217,408,0,408,0,3,405
06_031_001,577,224,0,224,0,1,223
06_031_002,516,207,1,206,-1,0,206
06_032_001,720,408,0,407,-1,4,403
06_032_002,793,372,0,372,0,2,370
06_032_003,914,415,0,415,0,8,407
06_032_004,845,363,0,363,0,1,362
06_032_005,710,337,0,337,0,3,334
06_032_006,725,315,0,315,0,1,314
06_032_007,644,296,0,296,0,1,295
06_032_008,759,368,0,368,0,6,362
06_032_009,948,209,0,209,0,1,208
06_032_010,1014,518,0,517,-1,1,516
06_032_011,1021,381,0,381,0,2,379
06_032_012,768,382,0,382,0,2,380
06_032_013,908,480,1,480,0,0,480
06_032_014,831,404,0,404,0,2,402
06_032_015,915,460,0,460,0,10,450
06_032_016,700,349,0,349,0,0,349
06_032_017,763,382,0,382,0,6,376
06_032_018,1014,491,0,491,0,3,488
06_032_019,668,342,0,342,0,1,341
06_032_020,700,337,0,336,-1,2,334
06_032_021,870,404,0,404,0,3,401
06_032_022,725,343,0,343,0,2,341
06_032_023,912,385,0,385,0,1,384
06_033_001,523,239,0,239,0,0,239
06_033_002,549,227,0,227,0,1,226
06_033_003,596,211,0,211,0,2,209
06_034_001,699,379,0,379,0,3,376
06_034_002,342,205,0,205,0,2,203
06_035_001,1184,435,0,435,0,0,435
06_035_002,1134,425,0,424,-1,1,423
06_035_003,1127,434,0,434,0,1,433
06_035_004,978,353,0,353,0,2,351
06_035_005,1028,372,0,372,0,2,370
06_036_001,648,352,0,352,0,1,351
06_036_002,758,400,0,400,0,3,397
06_036_003,931,497,0,497,0,9,488
06_036_004,918,553,0,553,0,1,552
06_036_005,850,432,0,432,0,4,428
06_036_006,312,114,0,114,0,0,114
06_036_007,259,113,0,113,0,1,112
06_036_008,309,141,0,141,0,0,141
06_036_009,165,76,0,76,0,0,76
06_037_001,404,160,0,160,0,2,158
06_038_001,390,184,0,184,0,1,183
06_039_001,550,169,0,169,0,0,169
06_039_002,661,213,0,213,0,0,213
06_039_003,524,207,0,207,0,3,204
06_039_004,494,230,0,230,0,5,225
06_039_005,137,56,0,56,0,1,55
06_040_001,354,96,0,96,0,0,96
06_041_001,406,205,0,205,0,2,203
06_042_001,590,198,0,198,0,2,196
06_042_002,484,151,0,151,0,6,145
06_042_003,355,100,0,100,0,3,97
06_042_004,150,49,0,49,0,1,48
06_043_001,422,211,0,211,0,3,208
06_043_002,141,44,0,44,0,1,43
06_044_001,617,300,0,300,0,5,295
06_044_002,514,265,0,265,0,2,263
06_045_001,873,348,0,348,0,2,346
06_046_001,742,336,0,336,0,1,335
06_046_002,429,112,0,112,0,1,111
06_047_001,1088,405,0,405,0,5,400
06_047_002,1299,502,0,502,0,3,499
06_047_003,581,166,0,166,0,6,160
06_048_001,1078,407,0,407,0,3,404
06_048_002,987,363,0,363,0,2,361
06_049_001,840,271,0,271,0,2,269
06_049_002,844,286,0,286,0,3,283
06_049_003,650,242,0,242,0,2,240
06_049_004,733,245,0,245,0,2,243
06_049_005,815,345,0,345,0,4,341
06_049_006,842,336,1,336,0,4,332
06_049_007,801,320,0,320,0,1,319
06_049_008,727,270,0,270,0,1,269
06_049_009,466,113,0,113,0,0,113
06_050_001,944,300,0,300,0,6,294
06_050_002,936,365,0,365,0,0,365
06_050_003,1014,327,0,327,0,1,326
06_050_004,1146,399,0,399,0,1,398
06_051_001,1414,528,2,526,-2,0,526
06_051_002,1039,451,0,451,0,1,450
06_051_003,1174,502,0,502,0,2,500
06_051_004,1282,503,0,503,0,3,500
06_051_005,1079,441,0,441,0,1,440
06_051_006,1291,694,0,695,1,11,684
06_051_007,1394,663,0,663,0,4,659
06_051_008,1152,430,0,430,0,0,430
06_051_009,1338,496,0,496,0,2,494
06_051_010,1067,459,0,459,0,2,457
06_051_011,1138,515,1,515,0,2,513
06_051_012,1402,707,0,707,0,5,702
06_051_013,1189,525,0,525,0,1,524
06_051_014,1363,643,1,643,0,2,641
06_051_015,1201,454,0,453,-1,7,446
06_051_016,1275,478,0,478,0,0,478
06_051_017,1312,575,0,575,0,2,573
06_051_018,1225,548,0,548,0,0,548
06_051_019,1365,738,0,737,-1,1,736
06_051_020,1037,478,0,478,0,2,476
06_051_101,1447,653,0,653,0,0,653
06_051_102,1350,557,0,557,0,1,556
06_051_103,1056,467,0,467,0,3,464
06_051_104,1284,465,1,464,-1,1,463
06_051_105,1084,446,0,446,0,0,446
06_051_106,1249,617,0,616,-1,3,613
06_051_107,1302,627,0,627,0,3,624
06_051_108,1277,506,0,506,0,2,504
06_051_109,1295,576,0,576,0,1,575
06_051_110,1246,514,0,514,0,0,514
06_051_111,1130,554,0,554,0,2,552
06_051_112,1390,655,0,655,0,0,655
06_051_113,1296,542,0,542,0,2,540
06_051_114,1273,494,0,494,0,0,494
06_051_115,1177,531,0,531,0,1,530
06_051_116,1356,648,0,648,0,5,643
06_051_117,1241,571,0,571,0,1,570
06_051_118,1251,567,0,567,0,2,565
06_051_119,1387,723,0,724,1,9,715
06_051_120,1350,695,0,695,0,4,691
06_051_201,1434,562,0,562,0,2,560
06_051_202,1231,524,0,524,0,3,521
06_051_203,1108,547,0,546,-1,2,544
06_051_204,1309,466,0,466,0,2,464
06_051_205,1095,468,0,467,-1,2,465
06_051_206,1147,663,0,663,0,2,661
06_051_207,662,300,0,300,0,0,300
06_051_208,1311,529,0,529,0,7,522
06_051_209,1251,555,0,555,0,3,552
06_051_210,993,454,0,452,-2,2,450
06_051_211,701,332,0,331,-1,0,331
06_051_212,1060,474,0,474,0,11,463
06_051_213,1222,543,0,543,0,0,543
06_051_214,1224,523,0,521,-2,5,516
06_051_215,1268,504,0,504,0,2,502
06_051_216,1262,534,0,534,0,9,525
06_051_217,1175,547,0,547,0,2,545
06_051_218,1230,569,0,569,0,7,562
06_051_219,1219,675,0,675,0,0,675
06_051_220,1303,694,0,694,0,2,692
06_051_301,1454,519,0,519,0,2,517
06_051_302,1011,427,0,427,0,4,423
06_051_303,925,475,0,475,0,3,472
06_051_304,1300,538,0,536,-2,2,534
06_051_305,1359,605,0,605,0,1,604
06_051_306,1121,616,0,616,0,2,614
06_051_307,1379,674,0,673,-1,1,672
06_051_308,1199,435,0,434,-1,3,431
06_051_309,1211,527,0,526,-1,6,520
06_051_310,1019,515,0,515,0,2,513
06_051_311,3629,2584,0,2582,-2,4,2578
06_051_312,1212,608,0,608,0,4,604
06_051_313,1142,470,0,470,0,0,470
06_051_314,1350,665,0,665,0,3,662
06_051_315,1225,495,0,495,0,7,488
06_051_316,1280,495,0,495,0,0,495
06_051_317,1292,511,0,511,0,1,510
06_051_318,1204,659,0,659,0,5,654
06_051_319,1222,572,0,572,0,3,569
06_051_320,1128,555,0,555,0,1,554
06_051_401,1417,578,0,578,0,2,576
06_051_402,1053,413,0,413,0,0,413
06_051_403,901,459,0,459,0,0,459
06_051_404,1210,479,0,479,0,1,478
06_051_405,937,400,0,400,0,4,396
06_051_406,948,501,0,501,0,1,500
06_051_407,1124,481,0,481,0,2,479
06_051_408,1139,462,0,462,0,2,460
06_051_409,1380,585,0,585,0,0,585
06_051_410,1066,493,0,492,-1,5,487
06_051_411,925,416,0,416,0,1,415
06_051_412,1359,575,0,574,-1,1,573
06_051_413,1274,514,0,514,0,3,511
06_051_414,1308,559,2,557,-2,1,556
06_051_415,1315,490,0,490,0,2,488
06_051_416,1309,643,0,643,0,3,640
06_051_417,1235,493,0,493,0,2,491
06_051_418,1273,644,0,643,-1,2,641
06_051_419,1290,734,3,731,-3,4,727
06_051_420,1070,534,0,534,0,1,533
06_051_502,1053,503,0,501,-2,1,500
06_051_503,1128,579,0,579,0,2,577
06_051_505,1158,468,0,468,0,0,468
06_051_507,1059,421,0,421,0,0,421
06_051_511,662,315,0,315,0,2,313
06_051_520,1120,502,0,502,0,0,502
06_051_603,936,512,0,512,0,1,511
06_051_611,756,347,0,347,0,3,344
06_052_001,613,288,0,288,0,5,283
06_052_002,660,299,0,299,0,3,296
06_052_003,575,249,0,249,0,4,245
06_052_004,581,226,0,226,0,0,226
06_052_005,575,227,0,227,0,1,226
06_052_006,572,226,0,226,0,1,225
06_052_007,72,32,0,32,0,0,32
06_053_001,731,401,0,401,0,4,397
06_053_002,660,278,0,278,0,0,278
06_053_003,704,300,0,300,0,0,300
06_053_004,59,25,0,25,0,0,25
06_053_005,196,98,0,98,0,0,98
06_053_006,877,329,0,329,0,2,327
06_053_007,1000,425,0,425,0,1,424
06_053_008,674,245,0,245,0,0,245
06_053_009,674,278,0,278,0,1,277
06_053_010,736,266,0,266,0,6,260
06_053_011,137,51,0,51,0,0,51
06_053_012,167,43,0,43,0,0,43
06_053_013,98,48,0,48,0,0,48
06_053_014,905,444,0,444,0,1,443
06_053_015,926,425,0,424,-1,1,423
06_053_016,681,317,0,317,0,0,317
06_053_017,919,376,0,376,0,0,376
06_053_018,670,337,0,337,0,1,336
06_053_019,710,369,0,369,0,1,368
06_053_020,656,284,0,284,0,1,283
06_053_021,864,414,0,414,0,2,412
06_053_022,872,409,0,409,0,6,403
06_053_023,773,350,0,350,0,1,349
06_053_024,596,253,0,253,0,4,249
06_053_025,932,433,0,433,0,1,432
06_053_026,856,379,0,379,0,0,379
06_053_027,614,279,0,279,0,3,276
06_053_028,823,334,0,334,0,0,334
06_053_029,840,348,0,348,0,0,348
06_053_030,625,295,0,295,0,2,293
06_053_031,146,56,0,56,0,0,56
06_053_032,1103,356,0,356,0,1,355
06_053_033,689,227,0,227,0,0,227
06_053_034,85,29,0,29,0,0,29
06_053_035,172,74,0,74,0,1,73
06_054_001,922,482,0,482,0,4,478
06_054_002,878,454,0,454,0,3,451
06_055_001,719,334,0,334,0,4,330
06_055_002,775,313,0,313,0,2,311
06_056_001,732,281,0,281,0,2,279
06_056_002,688,200,0,200,0,2,198
06_057_001,809,351,0,351,0,2,349
06_057_002,761,351,0,351,0,4,347
06_058_001,845,297,0,297,0,1,296
06_058_002,886,369,1,368,-1,3,365
06_058_003,829,323,0,323,0,3,320
06_059_001,1153,501,0,501,0,3,498
06_059_002,1136,494,0,494,0,3,491
06_060_001,904,340,0,340,0,1,339
06_060_002,914,358,0,358,0,0,358
06_060_003,1041,476,0,476,0,1,475
07_001_001,1102,285,0,284,-1,2,282
07_001_002,1033,318,0,318,0,0,318
07_001_003,200,71,0,71,0,1,70
07_001_004,192,72,0,72,0,1,71
07_001_005,1185,403,0,403,0,3,400
07_002_001,1022,373,0,373,0,2,371
07_002_002,1129,397,2,395,-2,2,393
07_002_003,1039,400,0,400,0,2,398
07_003_001,847,272,0,272,0,0,272
07_003_002,656,201,0,201,0,0,201
07_004_001,486,261,0,260,-1,3,257
07_004_002,680,339,0,339,0,3,336
07_005_001,483,169,0,169,0,0,169
07_006_001,806,309,0,309,0,4,305
07_006_002,885,389,0,389,0,0,389
07_006_003,865,388,0,388,0,5,383
07_007_001,129,74,0,74,0,0,74
07_008_001,380,148,0,148,0,1,147
07_008_002,387,177,0,177,0,0,177
07_009_001,729,285,0,285,0,2,283
07_009_002,659,263,0,263,0,2,261
07_009_003,817,376,0,376,0,1,375
07_009_004,696,253,0,253,0,2,251
07_010_001,1167,482,0,482,0,2,480
07_010_002,963,396,0,396,0,1,395
07_010_003,131,59,0,59,0,1,58
07_011_001,908,335,0,335,0,6,329
07_012_001,692,233,0,233,0,2,231
07_012_002,764,247,0,247,0,4,243
07_013_001,1152,605,0,605,0,2,603
07_013_002,1198,404,0,404,0,1,403
07_013_003,1168,552,0,552,0,4,548
07_013_004,1208,591,0,591,0,2,589
07_013_005,1034,569,0,569,0,7,562
07_013_006,1126,565,0,565,0,4,561
07_013_007,1148,572,0,572,0,1,571
07_013_008,1093,436,0,436,0,0,436
07_014_001,800,382,0,382,0,1,381
07_014_002,771,344,0,344,0,1,343
07_014_003,742,353,0,353,0,4,349
07_014_004,954,448,0,448,0,3,445
07_015_001,203,130,0,130,0,1,129
07_016_001,740,306,0,306,0,1,305
07_016_002,663,250,0,250,0,2,248
07_016_003,688,219,0,219,0,0,219
07_017_001,857,431,0,431,0,3,428
07_017_002,165,68,0,68,0,0,68
07_018_001,963,474,0,474,0,3,471
07_019_001,924,413,0,413,0,2,411
07_019_002,791,401,0,401,0,1,400
07_019_003,935,472,0,472,0,2,470
07_019_004,927,357,0,357,0,5,352
07_019_005,765,348,0,348,0,2,346
07_020_001,1195,669,0,669,0,5,664
07_021_001,834,325,0,325,0,3,322
07_021_002,676,279,0,279,0,5,274
07_022_001,815,244,0,244,0,1,243
07_023_001,869,260,1,259,-1,0,259
07_023_002,921,285,0,285,0,7,278
07_024_001,1007,502,0,502,0,5,497
07_024_002,878,418,1,417,-1,0,417
07_024_003,493,234,0,234,0,1,233
07_024_004,740,360,0,360,0,1,359
07_024_005,1213,553,0,554,1,18,536
07_024_006,560,293,0,294,1,11,283
07_024_007,630,328,0,327,-1,0,327
07_024_008,551,236,0,236,0,4,232
07_024_009,706,328,0,328,0,0,328
07_024_010,922,370,0,369,-1,4,365
07_024_011,685,268,0,268,0,0,268
07_024_012,795,338,0,338,0,1,337
07_024_013,800,340,0,340,0,0,340
07_024_014,845,340,0,340,0,0,340
07_024_015,790,329,0,329,0,1,328
07_024_016,713,317,0,317,0,0,317
07_024_017,490,223,0,223,0,1,222
07_024_018,792,322,0,322,0,0,322
07_024_019,694,335,0,335,0,3,332
07_024_020,696,334,0,334,0,1,333
07_024_021,441,209,0,209,0,0,209
07_024_022,827,411,0,411,0,0,411
07_024_023,785,368,0,367,-1,4,363
07_024_024,810,358,0,358,0,1,357
07_024_025,748,312,0,312,0,1,311
07_024_026,733,312,0,312,0,0,312
07_024_027,639,279,0,279,0,0,279
07_024_028,628,261,0,261,0,0,261
07_024_029,609,285,0,285,0,1,284
07_024_030,821,346,0,346,0,2,344
07_024_031,576,261,0,261,0,1,260
07_024_032,792,317,0,317,0,0,317
07_024_033,780,299,0,296,-3,0,296
07_024_034,597,255,0,255,0,1,254
07_024_035,799,279,0,279,0,4,275
07_024_036,949,429,0,429,0,1,428
07_024_037,988,402,0,402,0,0,402
07_024_038,1086,449,0,449,0,2,447
07_024_039,989,360,0,360,0,2,358
07_024_040,985,383,0,383,0,1,382
07_024_041,1049,411,0,411,0,1,410
07_024_042,994,446,0,446,0,1,445
07_024_043,1010,560,0,559,-1,0,559
07_024_044,1058,595,0,595,0,2,593
07_024_045,1136,502,0,502,0,1,501
07_024_046,1223,579,0,579,0,2,577
07_024_047,423,129,0,129,0,0,129
07_025_001,831,265,0,265,0,2,263
07_025_002,489,160,0,160,0,0,160
07_025_003,563,224,0,224,0,1,223
07_026_001,841,296,0,296,0,1,295
07_026_002,834,280,0,280,0,1,279
07_026_003,888,285,0,285,0,6,279
07_026_004,977,297,0,297,0,0,297
07_026_005,838,213,0,213,0,2,211
07_026_006,566,168,0,168,0,0,168
07_026_007,307,87,0,87,0,0,87
07_026_008,145,55,0,55,0,0,55
07_027_001,1071,365,0,365,0,6,359
07_027_002,1030,422,0,422,0,1,421
07_027_003,1151,526,0,526,0,5,521
07_027_004,784,273,0,273,0,1,272
07_027_005,905,374,0,374,0,2,372
07_027_006,1086,252,0,252,0,4,248
07_027_007,222,99,0,99,0,0,99
07_027_008,283,119,0,119,0,1,118
07_028_001,1127,526,0,526,0,2,524
07_028_002,923,398,0,398,0,1,397
07_028_003,1197,562,0,562,0,3,559
07_028_004,117,33,0,33,0,0,33
07_029_001,916,391,0,391,0,2,389
07_029_002,746,312,0,312,0,2,310
07_030_001,702,374,0,374,0,2,372
07_030_002,803,486,0,486,0,4,482
07_031_001,734,307,0,307,0,0,307
07_032_001,508,266,0,266,0,2,264
07_033_001,1647,989,0,988,-1,0,988
07_033_002,1004,440,0,440,0,4,436
07_033_003,1305,632,0,631,-1,1,630
07_033_004,1194,578,0,578,0,1,577
07_033_005,1074,490,0,490,0,1,489
07_033_006,1171,603,0,603,0,3,600
07_033_007,1357,653,0,653,0,5,648
07_033_008,893,339,2,338,-1,0,338
07_034_001,1022,480,0,480,0,2,478
07_035_001,772,251,0,251,0,3,248
07_036_001,318,119,0,119,0,0,119
07_036_002,212,49,0,49,0,0,49
07_036_003,247,60,0,60,0,3,57
07_037_001,982,443,0,443,0,6,437
07_037_002,728,287,0,286,-1,1,285
07_038_001,670,295,0,295,0,4,291
07_038_002,71,38,0,38,0,0,38
07_039_001,1206,400,0,400,0,3,397
07_039_002,1066,355,0,355,0,4,351
07_040_001,1070,397,2,395,-2,4,391
07_041_001,906,403,0,403,0,1,402
07_042_001,982,292,0,292,0,1,291
07_042_002,930,291,0,291,0,1,290
07_043_001,1076,543,0,543,0,3,540
07_043_002,836,385,0,385,0,1,384
07_043_003,330,169,0,169,0,0,169
07_043_004,878,403,0,403,0,1,402
07_044_001,540,204,0,204,0,1,203
07_044_002,713,308,0,308,0,1,307
07_045_001,588,274,0,274,0,1,273
07_045_002,631,288,0,288,0,0,288
07_046_001,915,160,0,160,0,2,158
07_046_002,1082,277,0,277,0,0,277
07_047_001,615,271,0,271,0,0,271
07_047_002,664,281,0,281,0,0,281
07_048_001,1416,527,0,527,0,2,525
07_048_002,1221,539,0,539,0,1,538
07_049_001,376,100,0,100,0,1,99
07_049_002,38,22,0,22,0,0,22
07_049_003,693,269,0,269,0,1,268
07_049_004,688,255,0,255,0,0,255
07_050_001,895,329,0,329,0,2,327
07_050_002,866,280,0,280,0,0,280
07_050_003,765,291,0,291,0,1,290
07_051_001,727,298,0,298,0,3,295
07_051_002,716,314,0,314,0,0,314
07_051_003,767,304,0,304,0,0,304
07_052_001,1311,641,0,641,0,5,636
07_053_001,1168,532,0,532,0,1,531
07_053_002,1129,561,0,561,0,2,559
07_053_003,1082,553,0,553,0,2,551
07_053_004,1156,542,0,542,0,2,540
07_054_001,1060,515,0,515,0,1,514
07_054_002,853,318,0,318,0,2,316
07_055_001,584,159,0,159,0,1,158
07_056_001,1007,347,0,347,0,1,346
07_056_002,971,310,0,310,0,1,309
07_056_003,951,356,0,355,-1,1,354
07_056_004,843,199,0,199,0,2,197
07_057_001,762,281,0,281,0,1,280
07_058_001,473,154,0,154,0,0,154
07_058_002,549,107,0,107,0,2,105
07_059_001,727,195,0,194,-1,2,192
07_059_002,963,305,0,305,0,1,304
07_060_001,455,231,0,231,0,1,230
07_061_001,722,352,0,352,0,3,349
07_061_002,852,385,0,385,0,0,385
07_061_003,757,313,0,313,0,3,310
07_061_004,763,431,0,431,0,2,429
07_061_005,708,311,0,311,0,0,311
07_061_006,648,358,0,358,0,1,357
07_061_007,935,447,0,447,0,1,446
07_061_008,545,263,0,263,0,1,262
07_061_009,821,439,0,439,0,0,439
07_061_010,582,340,0,340,0,0,340
07_061_011,1106,527,0,527,0,1,526
07_061_012,1219,636,0,636,0,1,635
07_061_013,715,374,0,374,0,0,374
07_061_014,700,393,0,393,0,5,388
07_061_015,167,69,0,69,0,0,69
07_062_001,488,277,0,277,0,0,277
07_063_001,490,162,1,161,-1,1,160
07_063_002,510,182,3,179,-3,1,178
07_063_003,135,46,0,46,0,1,45
07_064_001,878,271,0,271,0,2,269
07_065_001,513,226,0,226,0,0,226
07_066_001,776,344,0,344,0,0,344
07_066_002,859,440,0,440,0,1,439
07_066_003,857,435,0,435,0,4,431
07_066_004,783,400,0,400,0,1,399
07_066_005,107,40,0,40,0,0,40
07_067_001,435,155,0,155,0,0,155
07_067_002,533,199,0,199,0,0,199
07_067_003,471,171,0,170,-1,0,170
07_068_001,450,222,0,222,0,4,218
07_068_002,207,72,0,72,0,0,72
07_069_001,975,481,0,481,0,2,479
07_069_002,941,460,0,460,0,4,456
07_069_003,769,362,0,362,0,3,359
07_070_001,726,344,0,341,-3,2,339
07_070_002,683,258,0,258,0,2,256
07_071_001,919,463,2,462,-1,2,460
07_071_002,828,438,0,438,0,1,437
07_072_001,759,221,0,221,0,2,219
07_072_002,714,232,0,232,0,2,230
07_072_003,796,241,0,241,0,4,237
07_072_004,868,226,0,226,0,2,224
07_073_001,318,117,0,117,0,2,115
07_073_002,935,327,0,327,0,1,326
07_073_003,1024,391,0,391,0,2,389
07_073_004,961,293,0,293,0,1,292
07_073_005,808,229,0,229,0,3,226
07_073_006,1093,375,0,375,0,3,372
07_073_007,216,69,0,69,0,2,67
07_074_001,983,288,0,288,0,2,286
07_074_002,751,315,0,315,0,2,313
07_074_003,991,320,0,320,0,0,320
07_074_004,972,296,0,296,0,0,296
07_074_005,1164,380,0,380,0,1,379
07_075_001,754,361,0,361,0,0,361
07_075_002,625,265,0,265,0,4,261
07_075_003,571,291,0,291,0,3,288
07_076_001,946,422,0,422,0,0,422
07_076_002,983,366,0,366,0,3,363
07_076_003,946,450,0,450,0,1,449
07_076_004,970,482,0,482,0,0,482
07_077_001,876,314,0,314,0,2,312
07_077_002,909,291,0,291,0,2,289
07_077_003,994,342,0,342,0,4,338
07_078_001,720,218,0,218,0,2,216
07_078_002,644,262,0,262,0,2,260
07_078_003,514,219,0,219,0,0,219
07_078_004,666,221,0,221,0,0,221
07_078_005,618,224,0,224,0,2,222
07_078_006,519,227,0,227,0,3,224
07_078_007,566,215,1,215,0,1,214
07_078_008,584,233,0,233,0,0,233
07_078_009,605,264,0,264,0,1,263
07_078_010,666,296,0,296,0,0,296
07_078_011,683,251,0,250,-1,0,250
07_078_012,712,242,0,242,0,1,241
07_078_013,469,199,0,199,0,1,198
07_078_014,648,230,0,230,0,1,229
07_078_015,220,100,0,100,0,0,100
07_078_016,162,72,0,72,0,0,72
07_078_017,508,152,0,152,0,0,152
07_078_018,196,76,0,76,0,3,73
07_078_019,75,32,0,32,0,2,30
07_079_001,567,227,0,227,0,1,226
07_080_001,1265,656,0,656,0,5,651
07_081_001,646,130,1,129,-1,1,128
07_081_002,1053,178,0,178,0,0,178
07_082_001,483,161,0,161,0,3,158
07_083_001,1076,287,0,287,0,3,284
07_083_002,796,258,0,258,0,1,257
07_083_003,751,206,0,206,0,5,201
07_084_001,969,355,0,355,0,2,353
07_084_002,151,62,0,62,0,0,62
07_085_001,849,344,0,344,0,5,339
07_085_002,922,424,0,424,0,1,423
07_085_003,755,230,0,230,0,4,226
07_086_001,1014,415,0,415,0,3,412
07_086_002,1082,352,0,351,-1,0,351
07_086_003,860,271,0,271,0,0,271
07_086_004,704,175,0,175,0,1,174
07_087_001,751,224,0,224,0,3,221
07_087_002,767,245,0,245,0,1,244
07_088_001,415,229,0,229,0,2,227
07_089_001,1428,913,0,913,0,6,907
07_090_001,943,351,0,351,0,4,347
07_090_002,946,421,0,421,0,2,419
07_090_003,1031,345,0,345,0,1,344
07_090_004,995,389,0,389,0,0,389
07_091_001,1280,388,0,388,0,3,385
07_091_002,474,138,0,138,0,2,136
07_092_001,597,207,0,207,0,3,204
07_092_002,63,18,0,18,0,0,18
07_093_001,641,364,0,365,1,10,355
07_093_002,689,320,0,320,0,1,319
07_094_001,714,340,0,340,0,1,339
07_094_002,859,401,0,401,0,0,401
07_094_003,641,276,0,276,0,1,275
07_094_004,558,293,0,293,0,0,293
07_094_005,695,302,0,302,0,0,302
07_094_006,494,247,0,246,-1,1,245
07_094_007,960,509,0,509,0,0,509
07_094_008,780,435,0,435,0,2,433
07_094_009,890,368,1,368,0,2,366
07_094_010,810,363,0,363,0,1,362
07_094_011,784,385,0,385,0,2,383
07_094_012,805,406,0,406,0,3,403
07_094_013,947,442,0,442,0,0,442
07_094_014,775,377,0,377,0,3,374
07_094_015,656,307,0,307,0,2,305
07_094_016,705,342,0,342,0,1,341
07_094_017,699,272,0,272,0,1,271
07_094_018,830,402,0,402,0,1,401
07_094_019,805,397,0,397,0,1,396
07_094_020,832,322,0,321,-1,1,320
07_094_021,936,465,0,464,-1,0,464
07_094_022,860,397,0,395,-2,1,394
07_094_023,947,455,0,455,0,2,453
07_094_024,584,313,0,313,0,0,313
07_094_025,577,260,0,260,0,0,260
07_094_026,652,299,0,299,0,0,299
07_094_027,809,452,0,452,0,3,449
07_094_028,2299,1350,0,1349,-1,11,1338
07_094_029,861,354,0,354,0,1,353
07_094_030,1081,446,0,446,0,1,445
07_094_031,817,392,0,392,0,1,391
07_094_032,881,420,0,420,0,3,417
07_094_033,552,262,0,262,0,0,262
07_094_034,1111,529,0,529,0,1,528
07_094_035,918,424,0,423,-1,1,422
07_094_036,848,391,0,391,0,1,390
07_094_037,816,397,0,397,0,1,396
07_094_038,905,398,0,398,0,4,394
07_094_039,922,460,0,460,0,0,460
07_094_040,1102,486,0,485,-1,0,485
07_094_041,1056,492,0,492,0,0,492
07_094_042,1012,365,0,365,0,3,362
07_094_043,1036,553,0,553,0,0,553
07_094_044,982,445,0,445,0,2,443
07_094_045,678,327,0,327,0,1,326
07_094_046,857,398,0,398,0,0,398
07_094_047,833,404,0,404,0,1,403
07_094_048,1158,623,1,621,-2,1,620
07_094_049,1212,624,0,624,0,2,622
07_094_050,776,394,0,394,0,1,393
07_094_051,1235,573,0,573,0,0,573
07_094_052,648,360,0,360,0,2,358
07_094_053,852,459,0,459,0,2,457
07_094_054,1062,543,0,543,0,3,540
07_094_055,754,418,0,418,0,0,418
07_094_056,498,265,0,265,0,2,263
07_094_057,583,313,0,313,0,0,313
07_094_058,967,519,0,519,0,2,517
07_094_059,636,361,0,359,-2,2,357
07_094_060,562,350,0,350,0,2,348
07_094_061,624,348,0,348,0,1,347
07_094_062,723,384,0,384,0,4,380
07_094_063,853,501,0,499,-2,1,498
07_094_064,963,554,0,554,0,0,554
07_094_065,714,410,0,410,0,2,408
07_094_066,1069,607,0,606,-1,1,605
07_094_067,1103,586,0,585,-1,5,580
07_094_068,905,487,0,487,0,0,487
07_094_069,844,542,0,542,0,2,540
07_094_070,951,545,0,545,0,2,543
07_094_071,794,495,0,495,0,2,493
07_094_072,904,595,0,595,0,1,594
07_094_073,1184,665,0,665,0,0,665
07_094_074,660,340,0,340,0,2,338
07_094_075,378,201,0,201,0,1,200
07_094_076,1127,503,0,503,0,1,502
07_094_077,1018,599,0,599,0,5,594
07_094_078,1044,524,0,524,0,2,522
07_094_079,867,453,0,453,0,3,450
07_094_080,1043,559,0,559,0,2,557
07_094_081,838,377,0,377,0,1,376
07_094_082,553,283,0,283,0,1,282
07_094_083,851,460,0,460,0,2,458
07_094_084,637,290,0,290,0,0,290
07_094_085,955,525,2,521,-4,0,521
07_094_086,799,352,0,352,0,2,350
07_094_087,1025,480,0,480,0,1,479
07_094_088,789,407,0,407,0,0,407
07_094_089,1263,532,0,532,0,3,529
07_094_090,1299,600,0,599,-1,2,597
07_094_091,465,160,0,160,0,1,159
07_094_092,205,110,0,110,0,0,110
07_095_001,756,354,1,354,0,3,351
07_096_001,713,281,0,281,0,2,279
07_096_002,639,249,0,249,0,1,248
07_097_001,1478,768,0,768,0,9,759
07_098_001,356,176,0,176,0,0,176
07_099_001,926,390,0,390,0,2,388
07_099_002,1010,404,1,403,-1,0,403
07_100_001,665,221,0,221,0,0,221
07_101_001,775,361,0,361,0,1,360
07_101_002,703,298,0,298,0,3,295
07_101_003,574,278,0,278,0,2,276
07_102_001,1131,559,2,557,-2,4,553
07_102_002,782,391,0,391,0,5,386
07_102_003,1213,707,0,707,0,1,706
07_102_004,1030,550,0,550,0,3,547
07_102_005,1156,609,0,609,0,5,604
07_103_001,635,261,0,260,-1,1,259
07_104_001,724,265,0,265,0,1,264
07_104_002,710,306,0,306,0,1,305
07_105_001,735,415,0,415,0,2,413
07_106_001,931,317,0,317,0,0,317
07_106_002,933,361,0,360,-1,1,359
07_107_001,765,312,0,312,0,0,312
07_108_001,581,211,0,211,0,5,206
07_108_002,424,129,3,126,-3,0,126
08_001_001,624,307,0,307,0,0,307
08_001_002,670,253,0,253,0,2,251
08_001_003,747,320,0,320,0,2,318
08_001_004,585,259,0,259,0,1,258
08_002_001,391,251,0,251,0,0,251
08_003_001,751,393,0,392,-1,1,391
08_004_001,860,376,0,376,0,2,374
08_004_002,893,442,0,442,0,2,440
08_005_001,211,123,0,123,0,0,123
08_006_001,895,338,0,338,0,4,334
08_006_002,754,322,0,322,0,1,321
08_007_001,938,467,0,467,0,2,465
08_008_001,132,77,0,77,0,1,76
08_009_001,231,109,0,109,0,0,109
08_010_001,861,339,0,339,0,3,336
08_010_002,616,230,0,230,0,1,229
08_011_001,606,235,0,235,0,4,231
08_012_001,571,299,0,299,0,1,298
08_012_002,529,234,0,234,0,0,234
08_013_001,954,436,0,436,0,3,433
08_013_002,936,456,0,456,0,4,452
08_013_003,266,125,0,125,0,0,125
08_014_001,422,209,0,209,0,0,209
08_014_002,387,202,0,202,0,1,201
08_014_003,151,72,0,72,0,1,71
08_015_001,408,169,0,169,0,1,168
08_016_001,264,140,0,140,0,0,140
08_017_001,528,256,0,256,0,1,255
08_018_001,1023,397,0,397,0,4,393
08_019_001,792,284,0,284,0,1,283
08_019_002,807,260,0,260,0,2,258
08_019_003,192,85,0,85,0,0,85
08_020_001,877,371,0,371,0,1,370
08_020_002,865,354,0,354,0,1,353
08_021_001,43,32,0,32,0,4,28
08_022_001,436,176,0,176,0,3,173
08_023_001,433,187,0,186,-1,3,183
08_024_001,179,98,0,98,0,2,96
08_025_001,29,20,0,20,0,0,20
08_026_001,409,204,0,204,0,0,204
08_027_001,1082,563,0,563,0,2,561
08_027_002,1062,564,0,564,0,2,562
08_027_003,1033,498,0,498,0,4,494
08_027_004,1033,579,0,579,0,2,577
08_027_005,1004,510,0,510,0,3,507
08_027_006,978,512,0,512,0,2,510
08_027_007,971,474,0,474,0,2,472
08_027_008,1066,508,0,508,0,1,507
08_028_001,631,254,0,254,0,2,252
08_028_002,660,311,0,311,0,0,311
08_029_001,322,157,0,157,0,0,157
08_030_001,501,275,0,275,0,0,275
08_031_001,676,276,0,276,0,0,276
08_031_002,763,326,0,326,0,4,322
08_032_001,209,99,0,99,0,1,98
08_033_001,860,341,0,341,0,1,340
08_033_002,838,303,0,303,0,1,302
08_034_001,589,211,0,211,0,0,211
08_035_001,193,83,0,83,0,0,83
08_035_002,447,205,0,205,0,1,204
08_035_003,584,277,0,276,-1,2,274
08_036_001,135,72,0,72,0,1,71
08_037_001,102,72,0,72,0,0,72
08_038_001,433,224,0,224,0,1,223
08_039_001,715,361,0,361,0,3,358
08_040_001,1419,583,0,583,0,1,582
08_041_001,883,371,0,371,0,0,371
08_041_002,759,379,0,379,0,0,379
08_042_001,771,411,0,411,0,10,401
08_042_002,798,373,0,373,0,0,373
08_043_001,378,164,0,164,0,1,163
08_044_001,430,202,0,202,0,1,201
08_045_001,758,306,0,306,0,1,305
08_046_001,97,48,0,48,0,3,45
08_047_001,248,134,0,134,0,0,134
08_048_001,1105,560,0,560,0,4,556
08_048_002,653,365,0,365,0,2,363
08_048_003,807,347,0,347,0,2,345
08_048_004,99,36,0,36,0,0,36
08_049_001,500,260,0,260,0,1,259
08_050_001,623,331,0,331,0,2,329
08_051_001,940,392,0,392,0,1,391
08_051_002,870,414,0,414,0,5,409
08_052_001,908,452,0,452,0,0,452
08_052_002,824,448,0,448,0,1,447
08_052_003,700,393,0,393,0,2,391
08_052_004,667,333,0,333,0,1,332
08_053_001,1016,488,0,488,0,3,485
08_054_001,851,303,0,303,0,2,301
08_054_002,852,325,0,325,0,2,323
08_054_003,844,326,0,326,0,1,325
08_055_001,55,32,0,32,0,0,32
08_056_001,1097,521,0,521,0,5,516
08_057_001,324,167,0,167,0,0,167
08_058_001,973,364,0,364,0,1,363
08_059_001,1082,511,0,511,0,0,511
08_059_002,1120,429,0,429,0,1,428
08_059_003,1016,493,0,493,0,1,492
08_059_004,1040,392,0,392,0,1,391
08_059_005,996,388,0,387,-1,0,387
08_059_006,1048,565,0,565,0,4,561
08_059_007,883,412,1,410,-2,4,406
08_059_008,2163,1618,0,1618,0,0,1618
08_059_009,720,359,0,358,-1,1,357
08_059_010,822,406,0,406,0,2,404
08_059_011,1099,418,0,418,0,0,418
08_059_012,1057,333,0,333,0,0,333
08_059_013,748,435,0,435,0,5,430
08_059_014,896,399,0,399,0,1,398
08_059_015,973,527,0,527,0,0,527
08_059_016,917,492,0,492,0,1,491
08_059_017,930,466,0,466,0,0,466
08_059_018,828,498,0,496,-2,1,495
08_059_019,842,429,0,429,0,0,429
08_059_020,719,396,0,396,0,1,395
08_059_021,1176,582,0,582,0,0,582
08_059_022,1228,644,0,644,0,3,641
08_059_023,1183,621,0,621,0,2,619
08_059_024,1233,590,0,590,0,0,590
08_059_025,1068,589,0,589,0,1,588
08_059_026,1203,660,0,660,0,0,660
08_059_027,1244,605,0,605,0,0,605
08_059_028,1123,584,0,584,0,0,584
08_059_029,1099,552,0,554,2,18,536
08_059_030,930,539,0,539,0,1,538
08_059_031,846,402,0,402,0,1,401
08_059_032,874,390,0,390,0,0,390
08_059_033,973,453,0,453,0,2,451
08_059_034,1037,468,0,468,0,2,466
08_059_035,1005,383,0,383,0,0,383
08_059_036,1042,438,1,437,-1,0,437
08_059_037,1094,393,0,393,0,1,392
08_059_038,1037,389,0,389,0,1,388
08_059_039,1079,473,0,473,0,0,473
08_059_040,1200,482,0,482,0,0,482
08_059_041,868,364,0,364,0,1,363
08_059_042,1034,407,0,407,0,2,405
08_059_043,1004,365,0,364,-1,1,363
08_059_044,919,401,0,401,0,3,398
08_059_045,950,452,0,452,0,1,451
08_059_046,910,380,0,380,0,0,380
08_059_047,963,396,0,396,0,0,396
08_059_048,907,405,0,405,0,2,403
08_059_049,906,328,0,328,0,1,327
08_059_050,866,379,0,379,0,1,378
08_059_051,892,393,0,393,0,3,390
08_059_052,1055,598,0,597,-1,3,594
08_059_053,839,407,0,407,0,4,403
08_059_054,1098,538,0,538,0,6,532
08_059_055,1083,325,0,325,0,2,323
08_059_056,1018,399,0,398,-1,0,398
08_059_057,947,394,0,394,0,0,394
08_059_058,1110,522,0,522,0,2,520
08_059_059,1046,526,0,526,0,1,525
08_059_060,1014,420,1,417,-3,0,417
08_059_061,961,503,0,503,0,2,501
08_059_062,1131,506,0,506,0,3,503
08_059_063,1043,473,0,473,0,0,473
08_059_064,1101,502,0,502,0,4,498
08_059_065,991,420,0,420,0,0,420
08_059_066,957,421,0,420,-1,0,420
08_059_067,1022,446,0,445,-1,1,444
08_059_068,891,437,0,437,0,0,437
08_059_069,992,570,0,570,0,4,566
08_059_070,883,483,0,483,0,1,482
08_059_071,963,349,0,349,0,0,349
08_059_072,1162,490,0,490,0,1,489
08_059_073,1075,400,0,400,0,2,398
08_059_074,1063,485,0,485,0,3,482
08_059_075,882,517,0,517,0,1,516
08_059_076,946,462,0,462,0,1,461
08_059_077,1002,525,0,525,0,1,524
08_059_078,950,505,0,505,0,2,503
08_059_079,935,489,0,489,0,0,489
08_059_080,1131,621,0,620,-1,3,617
08_059_081,1074,596,0,596,0,2,594
08_059_082,1217,389,0,389,0,1,388
08_059_083,1139,462,0,462,0,0,462
08_059_084,1123,483,0,483,0,0,483
08_059_085,1143,468,0,468,0,1,467
08_059_086,1112,534,0,534,0,0,534
08_059_087,1086,462,0,462,0,3,459
08_059_088,1274,559,0,559,0,4,555
08_059_089,1217,575,0,575,0,1,574
08_059_090,1117,573,0,573,0,0,573
08_059_091,1133,576,0,576,0,0,576
08_059_092,1114,597,0,597,0,2,595
08_059_093,1188,563,0,563,0,4,559
08_059_094,1196,579,0,579,0,1,578
08_059_095,1090,569,0,569,0,5,564
08_059_096,1225,595,0,595,0,2,593
08_060_001,425,176,0,176,0,2,174
08_061_001,1347,604,0,604,0,0,604
08_062_001,1209,530,0,530,0,2,528
08_063_001,646,257,0,257,0,2,255
08_064_001,770,214,0,214,0,0,214
08_064_002,827,255,0,255,0,1,254
08_064_003,965,421,0,421,0,2,419
08_065_001,1099,557,0,557,0,1,556
08_065_002,1140,606,0,606,0,0,606
08_065_003,1096,579,0,579,0,1,578
08_065_004,1098,550,0,550,0,6,544
08_065_005,1023,478,0,478,0,2,476
08_066_001,1550,832,0,832,0,1,831
08_067_001,1206,535,0,535,0,4,531
08_067_002,1094,484,0,484,0,0,484
08_068_001,1175,481,0,481,0,2,479
08_068_002,1233,554,0,554,0,2,552
08_068_003,130,55,0,55,0,0,55
08_069_001,978,388,0,388,0,0,388
08_069_002,961,504,0,504,0,2,502
08_070_001,958,417,0,417,0,3,414
08_070_002,954,344,0,344,0,0,344
08_070_003,800,313,0,313,0,1,312
08_071_001,1232,682,0,682,0,2,680
08_072_001,980,397,0,397,0,1,396
08_073_001,332,197,0,197,0,0,197
08_074_001,531,263,0,263,0,2,261
08_075_001,253,155,0,155,0,0,155
08_076_001,797,355,0,355,0,1,354
08_076_002,680,315,0,315,0,1,314
08_077_001,996,374,0,374,0,2,372
08_078_001,841,342,0,342,0,2,340
08_078_002,841,318,0,318,0,3,315
08_078_003,721,275,0,275,0,1,274
08_078_004,819,367,0,367,0,4,363
08_078_005,807,313,0,313,0,2,311
08_078_006,632,248,0,248,0,1,247
08_078_007,206,50,0,50,0,2,48
08_079_001,468,198,0,198,0,1,197
08_080_001,1031,434,0,434,0,2,432
08_081_001,142,62,0,62,0,1,61
08_081_002,1164,608,0,608,0,3,605
08_081_003,991,494,0,494,0,6,488
08_081_004,953,527,3,523,-4,2,521
08_081_005,1016,523,0,523,0,2,521
08_081_006,1068,499,0,499,0,0,499
08_081_007,1008,490,0,490,0,1,489
08_081_008,1044,556,0,555,-1,5,550
08_081_009,876,439,0,439,0,3,436
08_082_001,681,270,0,270,0,1,269
08_082_002,956,362,0,361,-1,3,358
08_082_003,193,90,0,90,0,0,90
08_083_001,199,127,0,127,0,0,127
08_084_001,707,339,0,339,0,4,335
08_085_001,288,156,0,156,0,0,156
08_086_001,622,342,1,341,-1,1,340
08_087_001,846,329,0,329,0,2,327
08_087_002,939,346,0,346,0,1,345
08_088_001,1083,498,0,498,0,2,496
08_088_002,1109,503,0,503,0,1,502
08_089_001,871,433,0,433,0,4,429
08_089_002,800,420,0,420,0,3,417
08_090_001,998,482,0,482,0,2,480
08_091_001,446,175,0,175,0,1,174
08_092_001,714,270,0,270,0,2,268
08_092_002,779,279,1,278,-1,2,276
08_093_001,1093,482,0,482,0,4,478
08_093_002,659,269,0,269,0,5,264
08_093_003,793,342,0,341,-1,1,340
08_094_001,602,288,0,288,0,0,288
08_095_001,1175,582,0,582,0,3,579
08_096_001,83,57,0,57,0,1,56
08_097_001,388,147,0,147,0,1,146
08_098_001,390,162,0,162,0,0,162
08_099_001,705,303,0,303,0,1,302
08_099_002,804,300,0,300,0,1,299
08_100_001,504,229,0,229,0,2,227
08_101_001,776,349,0,349,0,0,349
08_102_001,84,47,0,47,0,0,47
08_103_001,897,498,0,497,-1,4,493
08_104_001,820,350,0,349,-1,1,348
08_104_002,762,267,0,267,0,2,265
08_104_003,1086,592,0,592,0,1,591
08_104_004,1045,458,0,456,-2,0,456
08_104_005,780,318,0,318,0,2,316
08_104_006,878,343,0,343,0,0,343
08_104_007,910,355,0,355,0,3,352
08_104_008,1218,580,0,580,0,0,580
08_104_009,787,350,0,350,0,0,350
08_104_010,913,346,0,346,0,0,346
08_104_011,870,316,0,316,0,2,314
08_104_012,775,377,0,377,0,3,374
08_104_013,927,389,0,389,0,5,384
08_104_014,923,400,0,400,0,1,399
08_104_015,718,330,0,330,0,3,327
08_104_016,722,333,0,333,0,0,333
08_104_017,818,336,0,336,0,0,336
08_104_018,857,373,0,373,0,1,372
08_104_019,869,332,0,332,0,1,331
08_104_020,811,325,0,325,0,1,324
08_104_021,761,270,0,270,0,2,268
08_104_022,917,394,0,394,0,4,390
08_104_023,701,241,0,241,0,2,239
08_104_024,682,306,0,306,0,5,301
08_104_025,773,244,0,243,-1,2,241
08_104_026,832,316,0,316,0,1,315
08_104_027,873,335,0,335,0,2,333
08_104_028,877,321,0,321,0,1,320
08_104_029,785,324,0,324,0,2,322
08_104_030,809,375,0,375,0,2,373
08_105_001,974,391,0,391,0,2,389
08_105_002,1055,394,0,394,0,0,394
08_106_001,702,241,0,241,0,0,241
08_106_002,683,258,0,258,0,0,258
08_107_001,681,318,0,318,0,1,317
08_108_001,791,391,0,391,0,2,389
08_109_001,854,394,0,394,0,1,393
08_109_002,876,421,0,421,0,1,420
08_110_001,825,407,0,407,0,1,406
08_111_001,635,225,0,225,0,1,224
08_111_002,842,299,0,299,0,3,296
08_112_001,172,101,0,101,0,0,101
08_113_001,364,186,0,186,0,0,186
08_114_001,931,490,0,490,0,1,489
08_114_002,973,437,1,436,-1,1,435
08_114_003,1115,496,0,496,0,1,495
08_114_004,492,252,0,252,0,0,252
08_115_001,717,333,0,333,0,2,331
08_116_001,875,376,0,374,-2,1,373
08_116_002,780,341,0,340,-1,3,337
08_116_003,782,285,0,285,0,1,284
08_117_001,1101,454,0,454,0,6,448
08_117_002,724,314,0,314,0,3,311
08_117_003,800,325,0,325,0,1,324
08_117_004,190,118,0,118,0,0,118
08_118_001,325,142,0,142,0,0,142
08_119_001,247,141,0,141,0,1,140
08_120_001,825,344,0,344,0,2,342
08_121_001,1180,528,0,528,0,1,527
08_122_001,885,473,0,473,0,2,471
08_123_001,867,347,0,347,0,1,346
08_123_002,910,348,0,348,0,2,346
08_123_003,263,109,0,109,0,0,109
08_124_001,296,166,0,166,0,0,166
08_125_001,92,55,0,55,0,2,53
08_126_001,226,149,0,149,0,5,144
08_127_001,514,244,0,244,0,0,244
08_128_001,449,218,0,218,0,0,218
08_128_002,611,315,0,315,0,1,314
08_128_003,420,174,0,174,0,1,173
08_129_001,1034,417,0,417,0,3,414
08_130_001,430,194,0,194,0,1,193
08_131_001,478,214,0,214,0,1,213
08_132_001,603,278,0,278,0,1,277
08_133_001,1069,400,0,400,0,4,396
08_133_002,1037,424,1,423,-1,5,418
08_134_001,821,397,0,397,0,3,394
08_135_001,71,49,0,49,0,0,49
08_136_001,372,213,0,213,0,2,211
08_137_001,423,208,0,208,0,1,207
08_138_001,123,84,0,84,0,1,83
08_139_001,822,431,0,431,0,2,429
08_140_001,140,68,0,68,0,0,68
08_141_001,226,116,0,116,0,1,115
08_142_001,284,199,0,199,0,0,199
08_143_001,460,157,0,157,0,1,156
08_144_001,258,103,0,103,0,0,103
08_145_001,360,179,1,179,0,1,178
08_146_001,514,287,0,287,0,1,286
08_146_002,179,103,0,103,0,1,102
08_146_003,82,39,0,39,0,0,39
08_147_001,259,119,0,119,0,3,116
08_148_001,218,103,0,103,0,0,103
08_149_001,944,402,0,402,0,1,401
08_150_001,2111,1445,0,1444,-1,1,1443
08_150_002,1013,425,0,425,0,0,425
08_150_003,1081,462,0,462,0,1,461
08_150_004,939,530,0,530,0,4,526
08_150_005,785,431,0,431,0,5,426
08_150_006,941,468,0,468,0,1,467
08_150_007,1026,570,0,570,0,1,569
08_150_008,831,421,0,421,0,0,421
08_150_009,1080,543,0,543,0,2,541
08_150_010,780,386,0,386,0,2,384
08_150_011,827,378,0,378,0,2,376
08_150_012,843,389,0,389,0,2,387
08_150_013,790,352,0,352,0,2,350
08_150_014,780,373,0,373,0,1,372
08_150_015,773,382,0,382,0,2,380
08_150_016,958,470,0,470,0,1,469
08_150_017,641,354,0,354,0,1,353
08_150_018,815,416,0,416,0,1,415
08_150_019,1033,564,0,564,0,4,560
08_150_020,820,380,0,380,0,5,375
08_150_021,850,427,0,427,0,0,427
08_150_022,901,461,0,461,0,2,459
08_150_023,1109,565,0,565,0,3,562
08_150_024,855,335,0,335,0,2,333
08_150_025,687,301,0,301,0,0,301
08_150_026,647,308,0,308,0,1,307
08_150_027,766,366,0,366,0,1,365
08_150_028,1003,395,0,395,0,1,394
08_150_029,1266,586,0,586,0,10,576
08_150_030,760,315,0,315,0,1,314
08_150_031,1074,513,0,513,0,3,510
08_150_032,971,464,0,463,-1,0,463
08_150_033,1032,574,0,574,0,0,574
08_150_034,939,461,0,461,0,3,458
08_150_035,964,487,0,487,0,0,487
08_150_036,1012,496,0,496,0,1,495
08_150_037,975,502,0,502,0,0,502
08_150_038,932,532,0,532,0,1,531
08_150_039,1030,620,0,620,0,2,618
08_150_040,1165,669,0,669,0,6,663
08_150_041,987,650,0,650,0,2,648
08_150_042,840,527,0,527,0,4,523
08_150_043,986,531,0,531,0,0,531
08_150_044,936,438,0,438,0,1,437
08_150_045,720,420,0,420,0,1,419
08_150_046,758,345,0,345,0,2,343
08_150_047,983,520,0,520,0,2,518
08_150_048,1265,617,0,617,0,0,617
08_150_049,1202,640,0,640,0,1,639
08_150_050,762,314,0,313,-1,2,311
08_151_001,671,416,0,416,0,3,413
08_152_001,1013,513,0,513,0,3,510
08_153_001,254,138,0,138,0,2,136
08_154_001,342,165,0,165,0,1,164
08_155_001,1070,532,0,532,0,1,531
08_155_002,687,340,0,340,0,5,335
08_156_001,792,390,0,390,0,4,386
08_157_001,666,255,0,255,0,0,255
08_158_001,1082,451,0,451,0,3,448
08_159_001,558,288,0,288,0,0,288
08_160_001,333,154,0,154,0,3,151
08_161_001,605,272,0,272,0,2,270
08_162_001,740,320,0,320,0,3,317
08_163_001,163,92,0,92,0,0,92
08_164_001,1286,549,0,549,0,3,546
08_165_001,1177,377,0,377,0,2,375
08_165_002,989,384,0,384,0,0,384
08_165_003,1094,442,0,442,0,1,441
08_166_001,867,363,0,363,0,1,362
08_166_002,817,335,0,335,0,0,335
08_167_001,267,146,0,146,0,0,146
08_168_001,819,377,0,377,0,2,375
08_169_001,647,251,0,251,0,3,248
08_170_001,80,48,0,48,0,0,48
08_171_001,432,215,0,215,0,2,213
08_172_001,1621,735,0,734,-1,3,731
08_173_001,298,153,0,153,0,0,153
08_174_001,131,80,0,80,0,2,78
08_175_001,761,436,0,436,0,1,435
08_176_001,836,369,0,369,0,3,366
08_177_001,150,90,0,90,0,0,90
08_178_001,1107,553,0,553,0,2,551
08_179_001,307,196,0,196,0,0,196
08_180_001,118,70,0,70,0,0,70
08_181_001,541,277,0,277,0,1,276
08_182_001,446,153,0,153,0,0,153
08_183_001,367,112,0,112,0,0,112
09_001_001,733,181,0,181,0,2,179
09_001_002,700,192,0,192,0,0,192
09_002_001,538,206,0,206,0,3,203
09_003_001,929,288,0,288,0,1,287
09_003_002,945,182,0,182,0,5,177
09_004_001,983,352,0,352,0,3,349
09_005_001,1025,404,0,404,0,4,400
09_005_002,770,302,0,302,0,0,302
09_005_003,889,351,0,351,0,1,350
09_005_004,846,331,0,331,0,1,330
09_005_005,750,251,0,251,0,0,251
09_005_006,851,178,0,178,0,6,172
09_005_007,762,333,0,333,0,0,333
09_005_008,921,308,0,308,0,2,306
09_005_009,1016,263,0,263,0,0,263
09_005_010,783,217,0,217,0,0,217
09_005_011,1015,193,0,193,0,0,193
09_005_012,886,213,0,213,0,0,213
09_005_013,883,257,0,256,-1,11,245
09_005_014,824,260,0,260,0,2,258
09_005_015,812,298,0,298,0,2,296
09_005_016,897,287,0,287,0,2,285
09_005_017,86,33,0,33,0,0,33
09_006_001,625,234,0,234,0,1,233
09_006_002,696,211,0,211,0,0,211
09_006_003,717,216,0,216,0,2,214
09_007_001,286,117,0,117,0,4,113
09_008_001,719,199,0,199,0,0,199
09_008_002,789,254,0,254,0,3,251
09_009_001,833,380,0,380,0,0,380
09_009_002,672,327,0,327,0,4,323
09_009_003,683,266,0,266,0,0,266
09_009_004,996,381,0,381,0,1,380
09_009_005,629,179,1,179,0,1,178
09_009_006,820,203,0,203,0,1,202
09_009_007,724,338,0,338,0,2,336
09_009_008,686,210,0,210,0,2,208
09_009_009,811,386,0,386,0,0,386
09_009_010,691,268,0,267,-1,2,265
09_009_011,791,353,0,353,0,1,352
09_009_012,680,349,0,349,0,2,347
09_009_013,911,326,0,325,-1,5,320
09_009_014,611,274,0,274,0,1,273
09_009_015,754,250,0,250,0,5,245
09_009_016,762,251,0,251,0,2,249
09_010_001,156,85,0,85,0,4,81
09_011_001,719,293,0,293,0,1,292
09_011_002,719,294,0,294,0,6,288
09_011_003,574,167,0,167,0,1,166
09_011_004,876,285,0,285,0,2,283
09_011_005,722,210,0,210,0,2,208
09_012_001,647,191,0,191,0,1,190
09_012_002,675,169,0,169,0,1,168
09_012_003,721,172,0,172,0,2,170
09_013_001,759,262,0,262,0,3,259
09_014_001,1379,538,0,538,0,1,537
09_014_002,1423,560,0,560,0,1,559
09_015_001,416,139,0,139,0,1,138
09_016_001,771,253,0,253,0,2,251
09_016_002,737,195,0,195,0,0,195
09_016_003,45,20,0,20,0,0,20
09_017_001,480,140,0,140,0,0,140
09_018_011,707,156,0,156,0,0,156
09_018_012,1362,547,0,547,0,0,547
09_018_013,1304,296,0,296,0,0,296
09_018_014,1293,525,0,525,0,1,524
09_018_015,1269,382,0,382,0,2,380
09_018_016,676,332,0,332,0,1,331
09_018_021,1405,582,0,582,0,3,579
09_018_022,1386,558,0,558,0,2,556
09_018_023,1383,639,0,638,-1,1,637
09_018_024,1312,561,0,561,0,0,561
09_018_025,1263,626,0,626,0,2,624
09_018_031,1288,522,0,522,0,3,519
09_018_032,1290,649,0,647,-2,2,645
09_018_033,1096,536,0,533,-3,0,533
09_018_034,1041,521,0,521,0,2,519
09_018_035,1310,654,0,654,0,0,654
09_018_041,1347,552,0,552,0,1,551
09_018_042,1225,514,0,514,0,2,512
09_018_043,1016,425,0,425,0,2,423
09_018_044,873,315,0,315,0,2,313
09_018_045,1058,452,0,452,0,1,451
09_018_046,1024,449,0,449,0,0,449
09_018_051,1335,600,0,599,-1,3,596
09_018_052,1357,612,0,612,0,0,612
09_018_053,1394,687,0,686,-1,2,684
09_018_054,1355,589,0,588,-1,2,586
09_018_055,1286,408,0,408,0,2,406
09_018_061,853,204,0,204,0,3,201
09_018_062,1416,360,0,360,0,3,357
09_018_063,1424,630,0,630,0,2,628
09_018_064,564,130,0,130,0,1,129
09_018_065,1223,599,0,598,-1,1,597
09_018_066,932,465,0,465,0,1,464
09_018_067,850,404,0,404,0,2,402
09_018_071,894,219,0,219,0,1,218
09_018_072,1465,443,0,443,0,2,441
09_018_073,1371,525,0,524,-1,0,524
09_018_074,1445,567,0,568,1,13,555
09_018_075,1021,420,0,420,0,1,419
09_018_076,1129,495,0,495,0,3,492
09_018_081,1135,312,0,312,0,1,311
09_018_082,1444,617,0,617,0,3,614
09_018_083,1219,462,0,462,0,1,461
09_018_084,1302,640,0,640,0,0,640
09_018_085,931,447,0,447,0,4,443
09_018_086,899,345,0,345,0,2,343
09_018_091,1295,365,0,365,0,4,361
09_018_092,1472,413,0,412,-1,1,411
09_018_093,1395,505,0,505,0,2,503
09_018_094,1393,358,0,357,-1,2,355
09_018_095,1418,619,0,620,1,12,608
09_018_101,1292,613,0,612,-1,2,610
09_018_102,1449,461,0,461,0,0,461
09_018_103,1315,574,0,574,0,3,571
09_018_104,1049,412,0,412,0,0,412
09_018_105,1397,582,0,575,-7,10,565
09_018_106,1446,685,0,685,0,1,684
09_018_111,3177,1816,2,1810,-6,6,1804
09_018_112,1287,583,0,583,0,2,581
09_018_113,1239,524,0,524,0,4,520
09_018_114,1078,551,0,551,0,6,545
09_018_115,1157,602,0,602,0,8,594
09_018_116,760,300,0,300,0,0,300
09_018_117,924,361,0,361,0,1,360
09_018_121,1091,404,0,404,0,4,400
09_018_122,948,324,0,324,0,3,321
09_018_123,1208,521,0,521,0,1,520
09_018_124,1172,466,0,466,0,0,466
09_018_125,1231,464,0,464,0,2,462
09_018_126,1089,424,0,424,0,2,422
09_018_127,1147,444,0,444,0,3,441
09_018_131,1235,454,0,454,0,6,448
09_018_132,1199,410,0,410,0,2,408
09_018_133,1307,470,0,470,0,0,470
09_018_134,1194,417,0,417,0,1,416
09_018_135,1182,473,0,473,0,0,473
09_018_136,1024,307,0,307,0,3,304
09_018_141,1328,499,0,500,1,11,489
09_018_142,1424,481,0,481,0,0,481
09_018_143,1401,534,0,532,-2,3,529
09_018_144,1145,350,0,350,0,1,349
09_018_145,1451,717,0,717,0,5,712
09_018_151,834,475,0,475,0,1,474
09_018_152,1116,403,0,402,-1,4,398
09_018_153,846,435,0,435,0,1,434
09_018_154,1240,440,0,440,0,2,438
09_018_155,1245,496,0,495,-1,3,492
09_018_156,1063,400,1,399,-1,4,395
09_018_161,1178,525,0,523,-2,2,521
09_018_162,1179,476,0,476,0,0,476
09_018_163,1333,509,0,508,-1,1,507
09_018_164,1247,593,1,593,0,3,590
09_018_165,1270,577,0,577,0,3,574
09_018_171,1255,648,0,648,0,0,648
09_018_172,1396,546,0,546,0,1,545
09_018_173,1342,608,0,608,0,1,607
09_018_174,777,367,0,367,0,2,365
09_018_175,1131,588,0,588,0,3,585
09_018_176,788,308,0,308,0,4,304
09_018_181,544,230,0,230,0,2,228
09_018_182,1281,630,0,630,0,3,627
09_018_183,1205,752,0,751,-1,6,745
09_018_184,500,254,0,253,-1,1,252
09_018_185,705,357,0,356,-1,1,355
09_018_186,1126,475,0,475,0,0,475
09_018_187,939,402,0,402,0,1,401
09_018_188,743,293,0,293,0,0,293
09_018_191,928,373,0,373,0,3,370
09_018_192,1174,466,0,466,0,4,462
09_018_193,1288,575,0,574,-1,6,568
09_018_194,1264,572,0,572,0,0,572
09_018_195,818,427,0,427,0,1,426
09_018_196,1292,664,0,664,0,7,657
09_018_201,1288,521,0,521,0,5,516
09_018_202,1234,506,0,505,-1,5,500
09_018_203,1257,570,0,570,0,5,565
09_018_204,1248,498,0,498,0,2,496
09_018_205,1142,541,0,541,0,2,539
09_018_211,555,227,0,227,0,1,226
09_018_212,796,283,0,283,0,3,280
09_018_213,404,191,0,191,0,1,190
09_018_214,1260,551,0,551,0,5,546
09_018_215,847,536,0,535,-1,0,535
09_018_216,1177,673,0,673,0,2,671
09_018_217,1354,723,0,723,0,0,723
09_018_218,1281,643,0,643,0,1,642
09_018_221,1227,454,0,454,0,2,452
09_018_222,1173,480,0,480,0,1,479
09_018_223,1245,486,0,486,0,0,486
09_018_224,1117,535,0,531,-4,2,529
09_018_225,1085,546,0,546,0,0,546
09_018_231,1301,566,0,565,-1,2,563
09_018_232,1431,594,0,594,0,1,593
09_018_233,1395,591,0,591,0,1,590
09_018_234,1185,554,0,553,-1,3,550
09_018_235,1349,594,0,594,0,2,592
09_018_236,1118,490,0,490,0,0,490
09_019_001,966,273,0,273,0,2,271
09_019_002,916,217,0,217,0,0,217
09_019_003,881,337,0,337,0,0,337
09_019_004,917,333,0,333,0,3,330
09_019_005,874,342,0,342,0,0,342
09_019_006,997,355,0,355,0,1,354
09_019_007,873,362,0,362,0,2,360
09_019_008,393,77,0,77,0,0,77
09_020_001,1015,371,0,371,0,3,368
09_020_002,894,277,0,277,0,2,275
09_020_003,1037,359,0,359,0,1,358
09_020_004,855,323,0,323,0,0,323
09_021_001,649,156,0,156,0,2,154
09_021_002,617,179,0,179,0,0,179
09_021_003,722,222,0,222,0,0,222
09_021_004,678,200,0,200,0,2,198
09_021_005,744,229,0,229,0,1,228
09_021_006,462,105,0,105,0,1,104
09_021_007,147,53,0,53,0,0,53
09_022_001,1116,335,0,335,0,2,333
09_023_001,246,85,0,83,-2,0,83
09_024_001,841,292,0,292,0,3,289
09_024_002,862,317,0,317,0,2,315
09_024_003,776,269,0,269,0,2,267
09_024_004,828,310,0,310,0,1,309
09_025_001,925,357,0,357,0,2,355
09_026_001,416,148,0,148,0,1,147
09_026_002,376,136,0,136,0,2,134
09_026_003,393,118,0,118,0,1,117
09_026_004,175,74,0,74,0,0,74
09_027_001,648,218,0,218,0,1,217
09_028_001,924,291,0,291,0,2,289
09_028_002,987,310,0,310,0,1,309
09_028_003,56,23,0,23,0,0,23
09_029_001,900,326,0,326,0,3,323
09_029_002,772,261,0,261,0,5,256
09_030_001,1069,442,0,442,0,0,442
09_030_002,932,394,0,394,0,6,388
09_030_003,665,193,0,193,0,0,193
09_030_004,1112,408,0,408,0,1,407
09_030_005,1023,463,0,463,0,2,461
09_030_006,1228,339,0,339,0,1,338
09_030_007,793,162,0,162,0,1,161
09_030_008,189,94,0,94,0,2,92
09_030_009,1180,307,0,307,0,0,307
09_030_010,1163,385,0,385,0,3,382
09_030_011,796,307,0,307,0,0,307
09_030_012,1089,548,0,545,-3,3,542
09_030_013,717,230,0,230,0,0,230
09_030_014,850,362,0,362,0,0,362
09_030_015,691,329,0,329,0,1,328
09_030_016,717,295,0,295,0,2,293
09_030_017,877,405,0,405,0,0,405
09_030_018,779,321,1,320,-1,3,317
09_030_019,1214,409,0,409,0,1,408
09_030_020,670,267,0,267,0,2,265
09_030_021,1280,477,0,477,0,2,475
09_030_022,936,381,0,381,0,2,379
09_030_023,1016,258,0,258,0,8,250
09_030_024,1037,212,0,212,0,0,212
09_030_025,1148,366,0,366,0,0,366
09_030_026,772,158,0,158,0,0,158
09_030_027,694,178,0,178,0,0,178
09_031_001,859,354,0,354,0,1,353
09_031_002,1022,356,0,356,0,2,354
09_031_003,976,416,0,416,0,1,415
09_031_004,1002,330,0,330,0,2,328
09_031_005,865,269,0,269,0,2,267
09_031_006,764,263,0,263,0,1,262
09_031_007,790,168,0,168,0,1,167
09_031_008,665,223,0,223,0,1,222
09_032_001,1124,268,0,268,0,0,268
09_032_002,968,175,0,175,0,2,173
09_032_003,1260,305,0,305,0,1,304
09_032_004,1224,345,0,345,0,2,343
09_032_005,1058,299,0,299,0,2,297
09_032_006,1251,319,0,319,0,3,316
09_032_007,1306,456,0,456,0,2,454
09_032_008,1227,409,0,409,0,5,404
09_032_009,116,37,0,37,0,1,36
09_033_001,990,349,0,349,0,3,346
09_033_002,787,250,0,250,0,1,249
09_033_003,860,265,0,265,0,1,264
09_033_004,899,250,0,250,0,2,248
09_033_005,914,249,0,249,0,2,247
09_033_006,903,336,0,336,0,1,335
09_033_007,570,183,0,183,0,1,182
09_033_008,602,160,0,160,0,1,159
09_033_009,573,202,1,201,-1,4,197
09_033_010,756,247,0,247,0,1,246
09_033_011,844,273,0,273,0,2,271
09_033_012,849,291,0,291,0,3,288
09_033_013,872,253,0,253,0,2,251
09_033_014,797,288,0,288,0,7,281
09_033_015,820,275,0,275,0,1,274
09_033_016,802,215,0,215,0,1,214
09_033_017,575,194,0,194,0,2,192
09_033_018,325,123,0,123,0,0,123
09_034_001,1415,496,0,496,0,3,493
09_034_002,1458,529,0,529,0,2,527
09_034_003,1381,320,0,320,0,2,318
09_034_004,1281,446,0,446,0,2,444
09_034_005,1234,339,0,339,0,0,339
09_034_006,552,126,0,126,0,1,125
09_034_007,888,317,0,317,0,1,316
09_034_008,1371,357,0,357,0,0,357
09_034_009,1285,312,0,312,0,1,311
09_035_001,1397,784,0,784,0,10,774
09_035_002,1092,474,0,474,0,1,473
09_035_003,941,361,0,361,0,13,348
09_035_004,882,361,0,361,0,2,359
09_035_005,763,288,0,288,0,0,288
09_035_006,903,368,0,368,0,2,366
09_035_007,749,275,0,275,0,2,273
09_035_008,1163,383,0,383,0,1,382
09_035_009,771,258,0,258,0,3,255
09_035_010,940,363,0,363,0,1,362
09_035_011,856,333,0,333,0,1,332
09_035_012,712,229,0,229,0,1,228
09_035_013,973,228,0,228,0,0,228
09_035_014,882,300,0,300,0,3,297
09_035_015,1008,446,0,446,0,7,439
09_035_016,1163,476,0,476,0,2,474
09_035_017,1015,305,0,305,0,4,301
09_035_018,1240,269,0,269,0,0,269
09_035_019,1193,574,3,572,-2,1,571
09_035_020,1214,501,0,501,0,3,498
09_036_001,787,241,0,241,0,3,238
09_036_002,799,262,0,262,0,3,259
09_036_003,788,187,0,187,0,4,183
09_037_001,810,194,0,194,0,2,192
09_038_001,1032,414,0,414,0,5,409
09_038_002,179,52,0,52,0,1,51
09_039_001,1102,386,0,385,-1,0,385
09_039_002,1165,224,0,224,0,6,218
09_039_003,1054,232,0,232,0,0,232
09_039_004,1156,333,0,333,0,2,331
09_040_001,943,326,0,325,-1,2,323
09_040_002,976,414,0,414,0,0,414
09_040_003,922,270,0,270,0,2,268
09_040_004,963,341,0,341,0,2,339
09_040_005,977,372,1,371,-1,2,369
09_041_001,988,328,1,327,-1,0,327
09_042_001,493,142,0,142,0,7,135
09_043_001,653,216,0,216,0,2,214
09_043_002,597,215,0,215,0,0,215
09_043_003,598,168,1,168,0,0,168
09_043_004,608,161,0,161,0,0,161
09_043_005,602,160,0,160,0,2,158
09_043_006,627,129,0,129,0,1,128
09_043_007,473,124,0,124,0,1,123
09_043_008,84,32,0,32,0,0,32
09_044_001,734,200,1,199,-1,0,199
09_044_002,913,281,0,281,0,0,281
09_045_001,628,177,0,177,0,0,177
09_046_001,754,305,0,305,0,3,302
09_046_002,70,42,0,42,0,3,39
09_047_001,1034,332,0,332,0,2,330
09_047_002,883,229,0,229,0,0,229
09_047_003,1154,282,0,282,0,1,281
09_047_004,1027,178,0,178,0,1,177
09_047_005,779,155,0,155,0,1,154
09_047_006,856,207,0,207,0,0,207
09_048_001,719,240,0,240,0,0,240
09_049_001,536,169,0,169,0,2,167
09_050_001,503,166,0,166,0,4,162
09_051_001,840,356,0,356,0,2,354
09_051_002,1117,349,1,348,-1,3,345
09_051_003,914,355,0,355,0,2,353
09_051_004,890,349,0,349,0,3,346
09_052_001,823,243,0,243,0,0,243
09_052_002,929,270,0,270,0,4,266
09_053_001,1213,382,0,382,0,0,382
09_053_002,1119,420,0,420,0,0,420
09_054_001,1025,298,0,298,0,1,297
09_055_001,885,294,0,294,0,0,294
09_055_002,878,248,0,248,0,6,242
09_056_001,1076,333,0,333,0,2,331
09_056_002,967,307,0,307,0,4,303
09_056_003,1065,375,0,375,0,4,371
09_056_004,1009,255,0,255,0,3,252
09_056_005,995,328,0,328,0,4,324
09_056_006,953,259,0,259,0,1,258
09_056_007,930,250,0,250,0,2,248
09_057_001,454,151,0,151,0,0,151
09_057_002,822,276,0,276,0,5,271
09_057_003,602,195,0,195,0,2,193
09_057_004,934,336,0,336,0,11,325
09_057_005,92,32,0,32,0,0,32
09_057_006,176,60,0,60,0,0,60
09_058_001,777,355,0,355,0,0,355
09_058_002,762,328,0,328,0,5,323
09_058_003,712,261,0,261,0,7,254
09_058_004,612,321,0,321,0,2,319
09_058_005,862,401,0,401,0,4,397
09_058_006,1125,395,0,395,0,7,388
09_058_007,763,276,0,276,0,2,274
09_058_008,416,191,0,191,0,0,191
09_059_001,818,285,0,285,0,4,281
09_059_002,834,271,0,271,0,6,265
09_059_003,587,208,0,208,0,4,204
09_059_004,741,243,0,243,0,3,240
09_059_005,84,49,0,49,0,0,49
09_060_001,820,264,0,264,0,2,262
09_060_002,803,301,0,301,0,1,300
09_061_001,924,271,0,271,0,0,271
09_061_002,1052,342,0,342,0,0,342
09_062_001,775,270,0,270,0,1,269
09_062_002,911,296,0,296,0,2,294
09_062_003,872,363,0,362,-1,3,359
09_062_004,715,197,0,197,0,1,196
09_062_005,1066,355,0,355,0,1,354
09_062_006,1102,254,0,254,0,2,252
09_062_007,972,161,0,161,0,0,161
09_063_001,839,314,0,314,0,2,312
09_063_002,648,311,0,311,0,2,309
09_063_003,663,275,0,275,0,3,272
09_063_004,757,283,0,282,-1,2,280
09_063_005,755,268,1,267,-1,1,266
09_063_006,713,248,1,248,0,3,245
09_063_007,777,290,0,290,0,0,290
09_063_008,743,291,0,291,0,2,289
09_063_009,823,340,0,340,0,3,337
09_063_010,642,273,0,273,0,2,271
09_063_011,675,247,0,247,0,1,246
09_063_012,761,248,0,248,0,2,246
09_063_013,803,303,0,303,0,0,303
09_063_014,587,202,0,202,0,1,201
09_063_015,717,179,0,179,0,1,178
09_063_016,830,224,0,224,0,1,223
09_064_001,704,211,0,211,0,3,208
09_065_001,893,331,0,331,0,2,329
09_065_002,996,287,0,287,0,1,286
09_066_001,791,260,0,260,0,0,260
09_066_002,741,257,0,257,0,0,257
09_066_003,769,276,0,276,0,0,276
09_067_001,893,293,0,293,0,1,292
09_068_001,973,307,0,307,0,4,303
09_068_002,66,28,0,28,0,0,28
09_069_001,502,139,0,139,0,2,137
09_069_002,574,180,0,180,0,1,179
09_070_001,1179,344,0,344,0,1,343
09_070_002,1043,247,0,247,0,2,245
09_070_003,983,324,0,324,0,2,322
09_070_004,1003,329,0,329,0,1,328
09_070_005,915,265,0,265,0,1,264
09_071_001,818,269,0,269,0,0,269
09_072_001,687,182,0,182,0,3,179
09_072_002,683,177,0,177,0,0,177
09_072_003,860,223,0,223,0,0,223
09_072_004,800,183,0,183,0,1,182
09_072_005,633,167,0,167,0,1,166
09_072_006,77,29,0,29,0,0,29
09_073_001,581,191,0,191,0,0,191
09_074_001,266,55,0,55,0,2,53
09_075_001,429,201,0,201,0,1,200
09_076_001,809,312,0,312,0,3,309
09_077_001,1160,308,0,308,0,2,306
09_078_001,710,214,0,214,0,2,212
09_079_001,1103,374,0,374,0,5,369
09_079_002,910,338,0,338,0,6,332
09_079_003,841,310,0,310,0,3,307
09_079_004,701,344,0,343,-1,2,341
09_079_005,839,413,0,413,0,5,408
09_080_001,935,285,0,285,0,3,282
09_081_001,108,60,0,60,0,5,55
09_082_001,1251,376,0,375,-1,5,370
10_001_001,1041,429,0,429,0,1,428
10_001_002,1034,416,0,416,0,3,413
10_002_001,701,216,0,216,0,0,216
10_002_002,718,281,0,281,0,0,281
10_002_003,687,258,0,258,0,2,256
10_003_001,605,294,0,294,0,2,292
10_004_001,1111,528,0,528,0,2,526
10_004_002,1087,449,0,449,0,1,448
10_005_001,770,276,0,276,0,3,273
10_005_002,600,222,0,222,0,2,220
10_005_003,625,227,0,227,0,0,227
10_006_001,734,332,0,332,0,1,331
10_006_002,749,263,0,263,0,1,262
10_007_001,1039,319,0,319,0,2,317
10_008_001,502,200,0,200,0,2,198
10_008_002,352,123,0,123,0,2,121
10_009_001,293,133,0,133,0,1,132
10_010_001,540,176,0,176,0,0,176
10_011_001,689,213,0,213,0,0,213
10_011_002,640,207,0,207,0,1,206
10_011_003,786,220,0,220,0,2,218
10_012_001,775,309,0,309,0,1,308
10_012_002,859,285,0,285,0,0,285
10_012_003,664,265,0,265,0,1,264
10_013_001,1067,378,0,378,0,0,378
10_014_001,596,261,0,261,0,1,260
10_015_001,826,309,0,309,0,0,309
10_015_002,800,303,0,303,0,1,302
10_015_003,781,305,0,305,0,3,302
10_016_001,796,299,0,299,0,0,299
10_017_001,220,81,0,81,0,0,81
10_018_001,587,296,0,296,0,1,295
10_019_001,583,181,0,181,0,5,176
10_019_002,552,125,0,125,0,1,124
10_019_003,581,178,0,178,0,0,178
10_020_001,537,256,0,256,0,3,253
10_021_001,931,320,0,320,0,2,318
10_022_001,753,284,0,284,0,1,283
10_022_002,887,377,0,377,0,1,376
10_023_001,756,205,0,205,0,4,201
10_024_001,895,356,0,356,0,1,355
10_024_002,888,319,0,319,0,2,317
10_024_003,845,329,2,327,-2,3,324
10_025_001,697,379,0,379,0,1,378
10_025_002,638,327,0,327,0,1,326
10_025_003,1032,497,0,496,-1,4,492
10_025_004,1045,572,0,572,0,2,570
10_025_005,992,458,0,458,0,1,457
10_025_006,1003,536,0,536,0,3,533
10_025_007,979,508,0,508,0,0,508
10_025_008,826,482,0,482,0,3,479
10_025_009,822,397,0,397,0,3,394
10_025_010,945,511,0,511,0,0,511
10_025_011,1064,580,0,581,1,10,571
10_025_012,967,520,0,520,0,3,517
10_025_013,1003,487,0,487,0,5,482
10_025_014,962,502,0,502,0,2,500
10_025_015,1137,533,5,528,-5,2,526
10_025_016,637,359,0,359,0,1,358
10_025_017,597,287,0,287,0,1,286
10_025_018,648,345,0,345,0,1,344
10_025_019,909,419,0,419,0,2,417
10_025_020,644,261,0,261,0,3,258
10_025_021,1102,613,1,613,0,4,609
10_025_022,1085,562,0,562,0,0,562
10_025_023,1448,966,1,966,0,3,963
10_025_024,901,461,0,461,0,0,461
10_025_025,940,479,0,479,0,0,479
10_025_026,842,433,0,433,0,0,433
10_025_027,838,431,0,430,-1,1,429
10_025_028,1063,399,0,399,0,1,398
10_025_029,846,428,0,428,0,2,426
10_025_030,966,515,0,515,0,1,514
10_025_031,714,379,0,378,-1,1,377
10_025_032,817,333,0,333,0,0,333
10_025_033,802,367,0,366,-1,1,365
10_025_034,918,418,0,418,0,3,415
10_025_035,735,334,0,334,0,1,333
10_025_036,839,369,0,369,0,2,367
10_025_037,991,440,0,440,0,0,440
10_025_038,939,423,0,423,0,1,422
10_025_039,883,387,0,387,0,2,385
10_025_040,917,319,2,318,-1,2,316
10_025_041,1014,462,0,461,-1,0,461
10_025_042,1133,469,0,469,0,1,468
10_025_043,772,269,1,267,-2,1,266
10_025_044,1090,416,0,416,0,0,416
10_025_045,1215,582,0,582,0,3,579
10_025_046,818,375,0,375,0,1,374
10_025_047,793,347,0,347,0,0,347
10_026_001,1181,452,0,452,0,4,448
10_027_001,444,184,0,184,0,1,183
10_028_001,217,63,0,63,0,2,61
10_028_002,418,131,0,131,0,0,131
10_028_003,403,115,0,115,0,3,112
10_029_001,539,219,0,219,0,1,218
10_030_001,855,456,0,456,0,1,455
10_030_002,719,318,1,317,-1,0,317
10_031_001,932,422,0,422,0,1,421
10_032_001,491,258,0,258,0,2,256
10_033_001,815,230,0,230,0,3,227
10_033_002,888,244,0,244,0,1,243
10_033_003,887,241,0,241,0,2,239
10_034_001,608,191,0,191,0,3,188
10_035_001,272,160,0,160,0,1,159
10_036_001,808,331,0,331,0,1,330
10_037_001,946,466,0,466,0,2,464
10_037_002,926,316,0,316,0,3,313
10_037_003,937,514,0,514,0,4,510
10_038_001,638,274,0,274,0,4,270
10_038_002,650,215,0,214,-1,2,212
10_038_003,807,387,0,387,0,1,386
10_038_004,966,376,0,376,0,1,375
10_038_005,620,207,0,207,0,0,207
10_038_006,617,208,0,208,0,1,207
10_038_007,892,309,0,309,0,2,307
10_038_008,971,352,0,352,0,1,351
10_039_001,620,352,0,352,0,1,351
10_039_002,1045,576,0,576,0,5,571
10_039_003,668,298,0,297,-1,0,297
10_039_004,848,410,0,410,0,1,409
10_039_005,1024,346,0,346,0,7,339
10_039_006,990,520,0,520,0,2,518
10_039_007,885,525,0,525,0,2,523
10_039_008,703,386,0,386,0,1,385
10_039_009,929,499,0,499,0,2,497
10_039_010,774,412,0,411,-1,0,411
10_039_011,1029,526,0,526,0,2,524
10_039_012,707,381,0,381,0,1,380
10_039_013,799,373,0,373,0,2,371
10_039_014,708,382,0,382,0,1,381
10_039_015,706,336,0,336,0,1,335
10_039_016,843,334,0,333,-1,0,333
10_039_017,743,320,0,320,0,0,320
10_039_018,672,297,0,297,0,0,297
10_039_019,809,334,0,334,0,0,334
10_039_020,890,386,0,386,0,2,384
10_039_021,752,289,0,289,0,0,289
10_039_022,888,380,0,379,-1,2,377
10_039_023,986,382,0,382,0,3,379
10_039_024,544,281,0,281,0,0,281
10_039_025,794,326,0,326,0,3,323
10_039_026,613,258,0,258,0,2,256
10_039_027,800,336,0,336,0,0,336
10_039_028,818,363,0,363,0,0,363
10_039_029,748,324,0,324,0,1,323
10_039_030,444,134,0,134,0,0,134
10_040_001,1087,456,0,456,0,2,454
10_040_002,1031,454,0,454,0,2,452
10_041_001,1105,271,0,271,0,5,266
10_042_001,730,261,0,261,0,2,259
10_042_002,1270,532,0,532,0,0,532
10_043_001,766,311,0,311,0,0,311
10_043_002,863,411,0,411,0,0,411
10_043_003,843,396,0,396,0,0,396
10_044_001,899,397,0,397,0,2,395
10_044_002,994,391,1,390,-1,1,389
10_045_001,313,76,0,76,0,1,75
10_045_002,643,150,0,150,0,1,149
10_046_001,921,526,0,526,0,2,524
10_046_002,1156,590,0,590,0,3,587
10_046_003,1115,419,0,419,0,2,417
10_046_004,897,396,0,396,0,3,393
10_046_005,980,354,0,354,0,1,353
10_046_006,955,447,0,447,0,2,445
10_046_007,1070,455,0,455,0,1,454
10_046_008,931,429,0,429,0,2,427
10_046_009,857,382,0,382,0,0,382
10_046_010,859,388,0,388,0,2,386
10_046_011,1116,533,0,533,0,2,531
10_046_012,1254,568,0,568,0,0,568
10_046_013,709,333,0,333,0,0,333
10_046_014,1114,521,0,519,-2,1,518
10_046_015,1295,499,0,499,0,3,496
10_046_016,596,261,0,261,0,2,259
10_046_017,1057,404,0,404,0,1,403
10_047_001,805,370,0,370,0,4,366
10_047_002,756,273,0,273,0,1,272
10_048_001,1053,440,0,439,-1,4,435
10_048_002,1002,475,0,475,0,3,472
10_048_003,1122,413,0,413,0,1,412
10_048_004,220,88,0,88,0,0,88
10_048_005,1081,424,0,424,0,2,422
10_048_006,986,295,0,295,0,0,295
10_048_007,1098,378,0,378,0,0,378
10_048_008,1105,427,0,425,-2,3,422
10_048_009,697,152,0,152,0,0,152
10_049_001,485,175,0,175,0,1,174
10_050_001,559,213,0,213,0,4,209
10_051_001,741,231,0,231,0,0,231
10_051_002,734,285,0,285,0,2,283
10_051_003,780,263,0,263,0,3,260
10_051_004,759,275,0,275,0,1,274
10_052_001,564,195,0,195,0,3,192
10_052_002,538,166,0,166,0,0,166
10_052_003,152,76,0,76,0,1,75
10_053_001,302,147,0,147,0,0,147
10_054_001,835,334,0,334,0,2,332
10_054_002,797,234,0,234,0,1,233
10_054_003,757,298,0,298,0,1,297
10_055_001,757,213,0,213,0,1,212
10_055_002,806,193,0,193,0,2,191
10_055_003,696,235,0,235,0,2,233
10_055_004,422,164,0,164,0,0,164
10_056_001,660,182,0,182,0,0,182
10_056_002,502,190,0,190,0,4,186
10_057_001,879,350,0,350,0,0,350
10_057_002,789,214,0,214,0,0,214
10_058_001,113,76,0,76,0,0,76
10_059_001,848,309,0,309,0,0,309
10_059_002,595,173,0,173,0,1,172
10_059_003,770,216,0,216,0,3,213
10_060_001,854,310,0,309,-1,2,307
10_061_001,729,177,0,177,0,2,175
10_061_002,796,332,0,332,0,0,332
10_062_001,680,169,0,169,0,0,169
10_062_002,676,183,0,183,0,1,182
10_063_001,671,266,1,265,-1,2,263
10_063_002,816,247,0,247,0,0,247
10_063_003,853,298,0,298,0,4,294
10_063_004,765,269,0,269,0,0,269
10_063_005,772,288,0,288,0,5,283
10_063_006,631,277,0,277,0,1,276
10_064_001,610,305,0,305,0,4,301
10_065_001,640,258,0,258,0,0,258
10_065_002,678,282,0,282,0,0,282
10_065_003,668,219,0,219,0,0,219
10_066_001,682,295,0,295,0,2,293
10_066_002,795,382,0,382,0,3,379
10_067_001,645,342,0,342,0,6,336
10_068_001,800,329,0,329,0,0,329
10_068_002,765,350,0,350,0,0,350
10_069_001,453,247,0,247,0,0,247
10_070_001,860,285,0,285,0,0,285
10_071_001,1207,439,0,439,0,1,438
10_072_001,571,212,0,212,0,0,212
10_073_001,271,120,0,120,0,0,120
10_074_001,1256,345,0,345,0,8,337
10_075_001,482,244,0,244,0,3,241
10_076_001,1020,395,1,394,-1,3,391
10_076_002,945,404,0,404,0,2,402
10_076_003,738,292,0,292,0,0,292
10_077_001,711,341,0,341,0,0,341
10_078_001,562,227,0,227,0,1,226
10_079_001,792,337,0,337,0,4,333
10_080_001,791,363,0,363,0,1,362
10_080_002,817,416,0,416,0,0,416
10_081_001,519,224,0,224,0,2,222
10_081_002,633,290,0,290,0,4,286
10_082_001,599,271,0,271,0,1,270
10_082_002,760,323,0,323,0,0,323
10_082_003,799,385,0,385,0,3,382
10_083_001,608,291,0,291,0,2,289
10_083_002,576,200,0,200,0,2,198
10_083_003,359,224,1,223,-1,1,222
10_083_004,164,86,0,86,0,0,86
10_084_001,388,236,0,236,0,0,236
10_085_001,1082,503,0,503,0,0,503
10_085_002,1113,363,0,363,0,1,362
10_086_001,1103,284,0,284,0,4,280
10_087_001,608,234,0,234,0,1,233
10_087_002,582,229,0,229,0,3,226
10_087_003,570,241,0,241,0,0,241
10_088_001,753,285,0,285,0,3,282
10_088_002,793,275,0,275,0,3,272
10_088_003,746,211,0,211,0,1,210
10_089_001,775,295,0,295,0,3,292
10_089_002,811,254,0,254,0,0,254
10_089_003,667,292,0,292,0,2,290
10_090_001,836,319,0,319,0,1,318
10_090_002,804,368,0,368,0,0,368
10_091_001,870,330,0,327,-3,2,325
10_092_001,714,319,0,318,-1,1,317
10_092_002,602,306,0,306,0,2,304
10_092_003,187,93,0,93,0,2,91
10_093_001,175,54,0,54,0,1,53
10_093_002,282,134,0,134,0,1,133
10_094_001,387,138,0,138,0,0,138
10_095_001,828,308,0,308,0,3,305
10_095_002,830,306,0,306,0,1,305
10_096_001,685,328,0,328,0,0,328
10_096_002,691,279,0,279,0,2,277
10_097_001,193,69,0,69,0,0,69
10_097_002,100,32,0,32,0,1,31
10_098_001,764,295,0,295,0,0,295
10_098_002,515,204,0,204,0,2,202
10_099_001,434,113,0,113,0,0,113
10_100_001,601,253,0,253,0,5,248
10_100_002,653,280,0,280,0,2,278
10_101_001,694,287,0,287,0,0,287
10_101_002,693,247,0,247,0,1,246
10_102_001,1280,251,0,251,0,3,248
10_103_001,211,105,0,105,0,0,105
10_104_001,627,186,0,185,-1,6,179
10_105_001,371,113,0,113,0,3,110
10_105_002,507,158,0,158,0,1,157
10_106_001,981,320,0,318,-2,5,313
10_107_001,153,75,0,75,0,1,74
10_108_001,917,343,0,343,0,0,343
10_108_002,908,376,0,376,0,0,376
10_109_001,456,181,0,181,0,0,181
10_110_001,174,91,0,91,0,0,91
10_111_001,832,365,0,365,0,3,362
10_111_002,804,355,0,355,0,2,353
10_112_001,397,205,0,205,0,1,204
10_113_001,602,232,0,232,0,0,232
10_113_002,834,178,0,178,0,2,176
10_113_003,673,231,0,230,-1,1,229
10_113_004,855,347,0,347,0,0,347
10_114_001,499,189,0,188,-1,0,188
10_115_001,973,394,0,394,0,4,390
10_116_001,887,332,0,332,0,2,330
10_117_001,897,374,0,374,0,3,371
10_117_002,627,242,0,242,0,2,240
10_118_001,385,154,0,154,0,0,154
10_119_001,312,159,0,159,0,0,159
10_120_001,529,262,0,262,0,0,262
10_121_001,810,375,0,375,0,1,374
11_001_001,615,177,0,177,0,0,177
11_001_002,707,196,0,196,0,5,191
11_001_003,691,188,0,188,0,1,187
11_001_004,708,155,0,155,0,1,154
11_001_005,636,219,0,219,0,1,218
11_002_001,606,227,0,227,0,0,227
11_002_002,953,279,0,279,0,2,277
11_003_001,1104,521,0,521,0,3,518
11_004_001,1046,360,1,359,-1,1,358
11_004_002,823,337,0,337,0,2,335
11_004_003,861,265,0,265,0,2,263
11_005_001,989,300,0,300,0,5,295
11_005_002,1054,261,0,261,0,1,260
11_005_003,855,271,0,271,0,0,271
11_005_004,227,27,0,27,0,0,27
11_006_001,233,113,0,113,0,0,113
11_007_001,1004,478,0,478,0,2,476
11_007_002,594,191,0,191,0,2,189
11_007_003,313,84,0,84,0,0,84
11_008_001,568,191,0,191,0,0,191
11_008_002,698,245,0,245,0,3,242
11_009_001,1119,389,0,389,0,7,382
11_009_002,1119,345,0,345,0,4,341
11_009_003,1060,288,1,287,-1,6,281
11_009_004,1134,305,0,305,0,5,300
11_009_005,782,222,0,222,0,0,222
11_010_001,142,57,0,57,0,1,56
11_011_001,602,200,0,200,0,0,200
11_011_002,823,284,0,284,0,3,281
11_011_003,601,242,1,241,-1,0,241
11_012_001,700,262,0,262,0,1,261
11_012_002,685,246,0,246,0,5,241
11_012_003,725,273,0,273,0,0,273
11_012_004,708,269,0,269,0,2,267
11_013_001,915,373,0,373,0,6,367
11_013_002,959,340,0,340,0,5,335
11_013_003,942,384,0,384,0,5,379
11_013_004,998,377,0,377,0,1,376
11_013_005,877,355,0,355,0,4,351
11_013_006,1042,373,0,373,0,5,368
11_013_007,1014,352,1,351,-1,3,348
11_014_001,563,212,0,212,0,5,207
11_015_001,1041,391,0,390,-1,1,389
11_015_002,1279,454,0,454,0,1,453
11_015_003,1317,444,0,444,0,5,439
11_015_004,1197,406,0,404,-2,2,402
11_015_005,1346,360,0,360,0,3,357
11_016_001,1102,529,0,529,0,2,527
11_016_002,1023,514,0,514,0,1,513
11_016_003,1104,478,0,478,0,4,474
11_016_004,1204,490,0,490,0,2,488
11_016_005,949,447,0,445,-2,4,441
11_016_006,1020,342,0,342,0,0,342
11_016_007,1009,460,0,460,0,1,459
11_016_008,1048,463,0,461,-2,2,459
11_016_009,1022,446,0,446,0,2,444
11_016_010,1046,467,1,464,-3,2,462
11_016_011,1072,443,0,443,0,2,441
11_016_012,1129,449,0,449,0,4,445
11_016_013,1100,468,0,468,0,4,464
11_016_014,1054,421,0,421,0,2,419
11_016_015,1216,540,0,540,0,0,540
11_016_016,1009,397,0,397,0,2,395
11_016_017,960,393,0,393,0,0,393
11_016_018,967,388,1,387,-1,1,386
11_016_019,784,309,0,309,0,2,307
11_016_020,722,235,0,235,0,4,231
11_016_021,712,163,0,163,0,0,163
11_017_001,730,346,0,346,0,0,346
11_017_002,687,325,0,325,0,5,320
11_018_001,566,208,0,208,0,0,208
11_018_002,601,204,0,204,0,0,204
11_018_003,567,204,0,204,0,0,204
11_019_001,735,208,0,208,0,2,206
11_019_002,682,247,0,247,0,2,245
11_020_001,867,248,0,248,0,3,245
11_020_002,935,283,0,283,0,2,281
11_020_003,1006,281,0,281,0,1,280
11_020_004,925,237,0,237,0,1,236
11_020_005,897,319,0,319,0,3,316
11_021_001,330,177,0,177,0,0,177
11_022_001,769,310,0,310,0,2,308
11_022_002,807,253,0,253,0,4,249
11_022_003,722,273,0,272,-1,1,271
11_023_001,832,286,0,286,0,2,284
11_023_002,836,272,0,272,0,4,268
11_023_003,882,170,0,170,0,1,169
11_023_004,777,223,0,223,0,3,220
11_023_005,811,329,0,329,0,1,328
11_024_001,722,166,0,166,0,1,165
11_024_002,808,196,0,196,0,3,193
11_024_003,610,201,0,201,0,1,200
11_024_004,623,211,0,211,0,2,209
11_024_005,687,218,0,218,0,0,218
11_024_006,697,277,0,277,0,2,275
11_025_001,969,462,0,462,0,0,462
11_025_002,1060,483,0,483,0,2,481
11_026_001,610,192,0,192,0,1,191
11_026_002,576,186,0,186,0,3,183
11_027_001,954,485,0,485,0,2,483
11_027_002,765,329,0,329,0,1,328
11_027_003,1053,545,0,545,0,2,543
11_027_004,972,393,0,393,0,0,393
11_027_005,901,405,0,405,0,1,404
11_027_006,991,337,0,337,0,2,335
11_027_007,948,437,0,437,0,3,434
11_027_008,887,369,0,369,0,0,369
11_027_009,974,517,0,517,0,2,515
11_027_010,1049,443,0,443,0,3,440
11_027_011,1102,460,0,460,0,3,457
11_027_012,1042,369,0,369,0,8,361
11_027_013,1083,377,0,377,0,4,373
11_027_014,1035,333,0,333,0,4,329
11_027_015,1031,353,0,353,0,0,353
11_027_016,1033,452,0,452,0,4,448
11_028_001,843,317,0,317,0,1,316
11_028_002,774,256,0,256,0,3,253
11_028_003,747,227,0,227,0,4,223
11_028_004,759,199,0,199,0,5,194
11_028_005,400,156,0,156,0,1,155
11_029_001,719,263,0,263,0,3,260
11_029_002,604,202,0,202,0,0,202
11_029_003,667,142,0,141,-1,3,138
11_029_004,653,164,0,164,0,1,163
11_029_005,221,80,0,80,0,0,80
11_030_001,522,267,0,267,0,1,266
11_031_001,1199,535,0,535,0,1,534
11_031_002,1158,359,0,359,0,2,357
11_031_003,1208,402,0,401,-1,1,400
11_031_004,1082,373,0,373,0,3,370
11_031_005,1116,380,0,380,0,1,379
11_031_006,1009,405,0,405,0,4,401
11_031_007,1085,433,0,433,0,4,429
11_031_008,1115,396,0,395,-1,6,389
11_032_001,633,266,0,266,0,1,265
11_032_002,570,228,0,228,0,2,226
11_033_001,481,204,0,204,0,2,202
11_034_001,880,268,0,268,0,1,267
11_034_002,716,255,0,255,0,0,255
11_034_003,701,206,0,206,0,0,206
11_034_004,1073,423,0,423,0,1,422
11_034_005,973,225,0,225,0,1,224
11_034_006,908,247,0,247,0,2,245
11_034_007,1105,335,0,335,0,5,330
11_035_001,565,163,0,163,0,1,162
11_035_002,574,144,0,144,0,1,143
11_035_003,582,208,0,208,0,0,208
11_035_004,603,169,0,168,-1,0,168
11_035_005,581,141,0,141,0,0,141
11_035_006,557,128,0,128,0,1,127
11_035_007,592,147,0,147,0,7,140
11_036_001,626,230,0,230,0,4,226
11_036_002,755,220,0,220,0,3,217
11_036_003,680,236,0,236,0,1,235
11_036_004,669,235,0,235,0,3,232
11_036_005,667,249,0,249,0,1,248
11_036_006,770,313,0,313,0,2,311
11_036_007,795,283,0,283,0,2,281
11_036_008,1000,315,0,315,0,1,314
11_036_009,246,96,0,96,0,0,96
11_036_010,548,172,0,172,0,1,171
11_037_001,694,245,0,245,0,2,243
11_037_002,961,361,0,361,0,0,361
11_037_003,1006,449,0,449,0,0,449
11_037_004,899,389,1,389,0,3,386
11_037_005,814,318,0,317,-1,5,312
11_037_006,1003,427,0,427,0,2,425
11_038_001,575,271,0,271,0,1,270
11_039_001,270,78,0,78,0,1,77
11_040_001,782,280,0,280,0,4,276
11_040_002,885,335,0,335,0,0,335
11_040_003,948,413,0,413,0,2,411
11_040_004,927,387,0,387,0,0,387
11_040_005,868,336,0,336,0,2,334
11_040_006,900,261,0,261,0,2,259
11_040_007,820,303,0,303,0,2,301
11_040_008,878,398,0,398,0,2,396
11_040_009,830,300,0,300,0,1,299
11_040_010,865,296,0,296,0,1,295
11_040_011,868,350,0,350,0,0,350
11_040_012,812,303,0,302,-1,6,296
11_040_013,823,301,0,301,0,1,300
11_040_014,829,376,0,376,0,2,374
11_040_015,828,343,0,343,0,0,343
11_040_016,807,397,0,397,0,1,396
11_041_001,857,377,0,377,0,2,375
11_042_001,624,186,1,184,-2,0,184
11_042_002,687,265,0,265,0,1,264
11_043_001,543,199,0,199,0,1,198
11_044_001,624,181,0,181,0,0,181
11_044_002,617,161,0,161,0,1,160
11_044_003,694,182,0,182,0,5,177
11_044_004,636,176,0,173,-3,3,170
11_045_001,394,124,0,124,0,0,124
11_045_002,429,176,0,176,0,0,176
11_046_001,1299,453,0,453,0,2,451
11_047_001,915,349,0,349,0,0,349
11_047_002,941,339,0,339,0,6,333
11_047_003,864,351,0,351,0,3,348
11_047_004,837,387,0,387,0,1,386
11_047_005,889,284,0,284,0,1,283
11_048_001,849,254,0,254,0,2,252
11_048_002,777,268,0,268,0,1,267
11_049_001,817,302,0,302,0,2,300
11_049_002,596,207,0,207,0,2,205
11_049_003,721,248,0,248,0,1,247
11_049_004,1013,415,0,415,0,2,413
11_050_001,815,347,0,347,0,1,346
11_051_001,638,251,0,251,0,1,250
11_051_002,184,62,0,62,0,0,62
11_052_001,832,442,0,442,0,1,441
11_052_002,867,474,0,474,0,3,471
11_052_003,1061,514,0,514,0,0,514
11_052_004,852,424,0,424,0,3,421
11_052_005,858,444,0,444,0,0,444
11_052_006,952,441,0,441,0,2,439
11_052_007,842,415,0,415,0,1,414
11_052_008,728,315,0,315,0,1,314
11_052_009,762,324,0,324,0,2,322
11_052_010,728,350,1,349,-1,1,348
11_052_011,635,318,0,318,0,1,317
11_052_012,863,473,0,473,0,1,472
11_052_013,756,325,0,325,0,1,324
11_052_014,730,318,0,318,0,0,318
11_052_015,969,364,0,364,0,1,363
11_052_016,932,443,0,443,0,1,442
11_052_017,753,332,0,332,0,1,331
11_052_018,593,304,0,304,0,2,302
11_052_019,847,418,0,418,0,0,418
11_052_020,1385,806,0,806,0,3,803
11_052_021,792,329,0,329,0,2,327
11_052_022,651,256,0,256,0,0,256
11_052_023,622,326,0,326,0,2,324
11_052_024,833,384,0,384,0,2,382
11_052_025,484,256,1,256,0,1,255
11_052_026,739,350,0,350,0,3,347
11_052_027,673,312,0,312,0,0,312
11_052_028,787,355,0,355,0,2,353
11_052_029,656,285,0,285,0,1,284
11_052_030,971,338,0,338,0,3,335
11_052_031,683,319,0,319,0,0,319
11_052_032,607,193,1,192,-1,1,191
11_052_033,849,357,0,357,0,3,354
11_052_034,749,272,0,272,0,1,271
11_052_035,761,287,0,287,0,1,286
11_052_036,812,293,0,293,0,0,293
11_052_037,774,328,0,328,0,0,328
11_052_038,741,276,0,276,0,2,274
11_052_039,739,314,0,314,0,1,313
11_052_040,851,321,0,321,0,0,321
11_052_041,857,317,0,317,0,3,314
11_052_042,728,232,0,232,0,0,232
11_052_043,838,296,0,296,0,1,295
11_052_044,1150,589,0,589,0,0,589
11_052_045,768,356,0,356,0,1,355
11_052_046,789,319,0,319,0,0,319
11_052_047,827,330,0,330,0,1,329
11_052_048,747,188,0,188,0,1,187
11_052_049,710,168,0,168,0,0,168
11_052_050,844,325,0,325,0,1,324
11_052_051,1193,388,0,388,0,0,388
11_052_052,699,216,0,216,0,0,216
11_052_053,792,292,0,292,0,2,290
11_052_054,1000,420,0,420,0,3,417
11_052_055,832,380,0,380,0,1,379
11_052_056,1002,491,0,491,0,7,484
11_052_057,869,297,0,297,0,0,297
11_052_058,805,350,0,350,0,0,350
11_052_059,902,455,0,455,0,2,453
11_052_060,947,498,0,498,0,0,498
11_052_061,897,454,0,453,-1,1,452
11_052_062,888,382,0,382,0,3,379
11_052_063,763,341,0,341,0,2,339
11_052_064,900,450,1,449,-1,3,446
11_052_065,791,380,0,380,0,2,378
11_052_066,835,357,0,357,0,1,356
11_052_067,882,416,0,416,0,1,415
11_052_068,822,362,0,362,0,1,361
11_052_069,737,332,1,332,0,1,331
11_052_070,757,343,1,342,-1,0,342
11_053_001,598,260,0,260,0,1,259
11_053_002,660,344,0,344,0,4,340
11_054_001,831,314,0,314,0,4,310
11_054_002,885,344,0,344,0,3,341
11_054_003,194,51,0,51,0,1,50
11_055_001,891,355,0,355,0,2,353
11_056_001,1084,329,0,329,0,2,327
11_056_002,1096,262,0,262,0,0,262
11_056_003,1117,415,0,415,0,1,414
11_056_004,1094,367,0,367,0,0,367
11_056_005,1152,311,0,311,0,3,308
11_056_006,1074,313,0,312,-1,3,309
11_056_007,1038,354,0,354,0,3,351
11_056_008,1051,269,0,269,0,3,266
11_057_001,966,394,0,394,0,1,393
11_057_002,1190,469,0,469,0,0,469
11_057_003,1234,435,0,435,0,5,430
11_057_004,1162,331,0,331,0,2,329
11_057_005,1142,404,0,404,0,0,404
11_057_006,1206,581,0,580,-1,4,576
11_057_007,1046,417,0,414,-3,1,413
11_057_008,1113,344,0,344,0,1,343
11_057_009,141,50,0,50,0,0,50
11_058_001,835,228,0,228,0,0,228
11_059_001,608,189,0,189,0,7,182
11_060_001,310,119,0,119,0,3,116
11_061_001,841,306,0,306,0,2,304
11_061_002,412,148,0,148,0,1,147
11_062_001,953,291,0,291,0,3,288
11_062_002,152,64,0,64,0,2,62
11_063_001,1049,372,0,372,0,2,370
11_064_001,758,234,0,234,0,2,232
11_064_002,821,260,0,260,0,1,259
11_065_001,629,197,1,196,-1,5,191
11_065_002,711,217,0,217,0,1,216
11_066_001,870,282,0,282,0,4,278
11_067_001,637,223,0,223,0,0,223
11_067_002,588,166,0,166,0,3,163
11_068_001,759,248,0,248,0,3,245
11_068_002,659,211,0,211,0,3,208
11_068_003,222,62,0,62,0,0,62
11_069_001,688,196,0,196,0,2,194
11_069_002,651,172,0,172,0,1,171
11_070_001,1040,361,0,361,0,2,359
11_070_002,207,71,0,71,0,0,71
11_071_001,561,259,0,259,0,4,255
11_072_001,958,306,0,306,0,0,306
11_072_002,1077,413,1,412,-1,3,409
11_072_003,837,308,0,308,0,1,307
11_072_004,855,313,0,313,0,1,312
11_073_001,1055,399,0,399,0,3,396
11_073_002,987,449,1,448,-1,0,448
11_073_003,1123,495,0,495,0,2,493
11_073_004,1017,331,0,331,0,1,330
11_073_005,1143,374,0,373,-1,1,372
11_073_006,1153,400,0,400,0,1,399
11_073_007,774,380,0,380,0,2,378
11_073_008,718,339,0,339,0,1,338
11_073_009,670,310,0,310,0,0,310
11_073_010,818,338,0,338,0,0,338
11_073_011,990,420,0,420,0,1,419
11_073_012,690,248,0,248,0,0,248
11_073_013,548,167,0,167,0,4,163
11_073_014,781,189,0,189,0,1,188
11_073_015,1034,315,0,315,0,3,312
11_073_016,1078,365,0,365,0,2,363
11_073_017,1028,462,0,462,0,2,460
11_073_018,1094,362,0,362,0,0,362
11_074_001,711,160,0,160,0,1,159
11_074_002,769,215,0,215,0,0,215
11_074_003,653,192,0,192,0,0,192
11_074_004,687,207,0,207,0,2,205
11_074_005,665,239,0,239,0,1,238
11_074_006,681,261,0,261,0,2,259
11_074_007,695,200,0,200,0,2,198
11_074_008,738,177,0,177,0,2,175
11_074_009,732,233,0,233,0,2,231
11_074_010,747,177,0,177,0,3,174
11_075_001,913,298,0,298,0,1,297
11_075_002,844,283,0,283,0,6,277
11_075_003,721,298,0,298,0,0,298
11_075_004,772,331,0,331,0,4,327
11_075_005,815,291,0,291,0,1,290
11_075_006,856,267,0,267,0,1,266
11_076_001,513,173,0,173,0,3,170
11_077_001,597,154,0,154,0,2,152
11_077_002,608,149,0,149,0,0,149
11_077_003,594,198,0,198,0,1,197
11_077_004,575,214,0,214,0,2,212
11_077_005,436,153,0,153,0,0,153
11_078_001,712,259,0,259,0,2,257
11_078_002,508,170,0,170,0,0,170
12_001_001,205,101,0,101,0,0,101
12_002_001,588,325,0,325,0,2,323
12_002_002,598,301,0,301,0,2,299
12_002_003,603,250,1,249,-1,3,246
12_003_001,744,249,0,249,0,3,246
12_004_001,786,228,0,228,0,1,227
12_004_002,743,290,0,290,0,4,286
12_004_003,746,261,0,261,0,0,261
12_004_004,648,157,0,157,0,1,156
12_004_005,654,189,0,189,0,0,189
12_004_006,668,243,0,243,0,1,242
12_004_007,749,249,0,249,0,0,249
12_004_008,697,216,0,216,0,4,212
12_005_001,532,216,0,216,0,3,213
12_006_001,763,330,0,329,-1,1,328
12_006_002,681,324,0,324,0,3,321
12_006_003,876,413,0,413,0,4,409
12_007_001,810,348,0,348,0,2,346
12_007_002,763,314,0,314,0,2,312
12_008_001,1267,469,0,469,0,2,467
12_009_001,339,131,0,131,0,2,129
12_010_001,759,296,0,296,0,0,296
12_011_001,553,171,0,171,0,0,171
12_011_002,576,212,0,212,0,1,211
12_012_001,689,241,0,241,0,1,240
12_012_002,632,211,0,209,-2,1,208
12_013_001,791,334,0,334,0,1,333
12_013_002,627,237,0,237,0,0,237
12_013_003,734,253,0,253,0,1,252
12_013_004,751,355,0,355,0,1,354
12_014_001,635,225,0,225,0,0,225
12_015_001,874,377,0,377,0,0,377
12_015_002,866,312,0,312,0,1,311
12_016_001,197,95,0,95,0,0,95
12_017_001,664,281,0,281,0,0,281
12_017_002,861,302,0,302,0,1,301
12_018_001,349,136,0,136,0,1,135
12_019_001,292,96,0,96,0,0,96
12_020_001,997,417,0,417,0,1,416
12_020_002,772,286,0,286,0,1,285
12_020_003,870,334,0,334,0,2,332
12_021_001,823,372,0,372,0,0,372
12_022_001,750,351,0,351,0,3,348
12_023_001,1046,412,0,412,0,1,411
12_023_002,1176,488,0,488,0,1,487
12_023_003,1053,497,0,497,0,11,486
12_023_004,671,222,0,222,0,0,222
12_023_005,741,289,1,288,-1,1,287
12_023_006,605,207,0,207,0,0,207
12_023_007,745,260,0,260,0,0,260
12_023_008,1389,452,0,452,0,0,452
12_023_009,1043,362,0,362,0,0,362
12_023_010,1255,447,0,447,0,0,447
12_024_001,973,405,0,405,0,0,405
12_025_001,806,370,0,370,0,1,369
12_025_002,461,225,0,225,0,0,225
12_026_001,372,180,0,180,0,1,179
12_027_001,502,285,0,285,0,1,284
12_028_001,800,396,0,396,0,2,394
12_028_002,813,450,0,450,0,1,449
12_028_003,742,366,0,366,0,2,364
12_028_004,1226,505,0,505,0,4,501
12_028_005,985,575,0,575,0,2,573
12_028_006,948,428,0,428,0,0,428
12_028_007,948,514,0,513,-1,3,510
12_028_008,661,336,0,336,0,0,336
12_028_009,583,338,0,338,0,2,336
12_028_010,706,372,0,372,0,1,371
12_028_011,710,391,0,391,0,1,390
12_028_012,1187,520,1,519,-1,5,514
12_028_013,726,333,0,332,-1,0,332
12_028_014,875,354,0,354,0,4,350
12_028_015,927,438,0,438,0,1,437
12_028_016,637,320,0,319,-1,0,319
12_028_017,1224,464,0,464,0,3,461
12_028_018,1176,603,0,603,0,2,601
12_028_019,790,429,0,429,0,3,426
12_028_020,955,475,0,475,0,0,475
12_028_021,245,98,0,98,0,0,98
12_028_022,755,194,0,194,0,0,194
12_028_023,985,374,0,374,0,3,371
12_028_024,774,339,0,339,0,1,338
12_028_025,831,301,0,301,0,2,299
12_028_026,887,273,0,273,0,4,269
12_028_027,785,175,0,175,0,0,175
12_029_001,479,238,0,238,0,1,237
12_030_001,1176,551,0,551,0,3,548
12_031_001,841,315,0,315,0,2,313
12_032_001,885,327,0,327,0,2,325
12_032_002,777,350,0,350,0,1,349
12_033_001,548,169,0,169,0,0,169
12_034_001,686,293,0,293,0,0,293
12_034_002,765,319,0,319,0,4,315
12_034_003,736,250,0,250,0,2,248
12_035_001,872,385,0,385,0,3,382
12_035_002,873,400,0,400,0,5,395
12_035_003,774,324,0,325,1,10,315
12_035_004,776,317,0,317,0,3,314
12_035_005,818,318,3,315,-3,1,314
12_035_006,365,137,0,137,0,0,137
12_036_001,437,143,0,143,0,0,143
12_037_001,1068,457,0,457,0,2,455
12_037_002,1025,408,0,408,0,5,403
12_038_001,435,196,0,196,0,1,195
12_038_002,974,422,0,422,0,0,422
12_038_003,614,304,0,304,0,0,304
12_038_004,889,384,0,384,0,1,383
12_038_005,1009,436,0,436,0,1,435
12_038_006,880,374,0,374,0,2,372
12_038_007,967,469,0,469,0,0,469
12_038_008,1108,615,0,615,0,0,615
12_038_009,906,482,0,482,0,1,481
12_038_010,1425,681,0,681,0,5,676
12_038_011,577,216,0,216,0,1,215
12_038_012,867,433,0,433,0,2,431
12_038_013,733,316,0,316,0,6,310
12_038_014,773,292,0,292,0,2,290
12_038_015,1097,386,0,386,0,8,378
12_038_016,1194,541,0,541,0,2,539
12_038_017,820,384,0,384,0,7,377
12_039_001,857,313,0,313,0,5,308
12_040_001,950,481,1,480,-1,2,478
12_040_002,889,428,0,428,0,0,428
12_040_003,925,314,0,314,0,2,312
12_040_004,999,308,0,308,0,0,308
12_041_001,694,227,0,227,0,2,225
12_041_002,800,274,0,274,0,3,271
12_041_003,743,216,0,216,0,1,215
12_041_004,961,381,0,381,0,2,379
12_041_005,835,363,0,363,0,1,362
12_042_001,1425,591,0,591,0,4,587
12_043_001,545,182,0,182,0,3,179
12_044_001,855,358,0,358,0,3,355
12_044_002,888,361,0,361,0,2,359
12_045_001,704,288,0,288,0,2,286
12_046_001,697,300,0,300,0,4,296
12_046_002,669,275,0,275,0,3,272
12_046_003,830,328,0,328,0,2,326
12_046_004,130,33,0,33,0,1,32
12_047_001,1150,361,0,361,0,0,361
12_048_001,1073,409,0,409,0,4,405
12_048_002,842,315,0,315,0,4,311
12_049_001,578,264,0,264,0,0,264
12_049_002,520,218,0,218,0,1,217
12_050_001,787,241,0,241,0,1,240
12_050_002,1187,529,1,528,-1,1,527
12_050_003,972,476,0,476,0,2,474
12_050_004,826,416,0,416,0,0,416
12_050_005,737,299,0,299,0,0,299
12_050_006,778,283,0,283,0,3,280
12_050_007,706,289,0,289,0,3,286
12_051_001,919,355,0,355,0,2,353
12_051_002,890,385,0,385,0,2,383
12_051_003,968,363,0,363,0,3,360
12_051_004,1227,464,0,464,0,0,464
12_051_005,992,301,0,301,0,3,298
12_051_006,763,248,0,248,0,2,246
12_051_007,972,280,0,280,0,4,276
12_051_008,906,242,0,242,0,2,240
12_051_009,817,312,0,312,0,1,311
12_051_010,874,316,0,316,0,2,314
12_051_011,909,354,0,354,0,5,349
12_051_012,830,283,0,283,0,2,281
12_051_013,951,343,0,343,0,1,342
12_051_014,961,423,0,423,0,0,423
12_051_015,943,427,0,427,0,2,425
12_051_016,1048,338,0,338,0,0,338
12_052_001,1071,415,2,411,-4,1,410
12_052_002,978,474,0,474,0,6,468
12_053_001,843,383,0,383,0,2,381
12_053_002,842,355,0,355,0,1,354
12_054_001,1063,369,0,369,0,3,366
12_055_001,703,245,0,245,0,0,245
12_055_002,779,271,0,271,0,1,270
12_055_003,798,266,0,266,0,0,266
12_056_001,991,347,0,347,0,3,344
12_057_001,809,317,0,317,0,1,316
12_057_002,847,368,0,368,0,3,365
12_058_001,1195,412,0,412,0,3,409
12_059_001,967,467,0,467,0,1,466
12_059_002,978,407,0,407,0,3,404
12_060_001,895,430,0,430,0,4,426
12_061_001,830,347,0,347,0,3,344
12_061_002,921,395,0,395,0,2,393
12_062_001,1367,518,0,518,0,2,516
12_063_001,932,430,0,430,0,1,429
12_063_002,1105,496,0,496,0,4,492
12_063_003,100,28,0,28,0,0,28
12_064_001,1100,601,0,599,-2,3,596
12_064_002,823,418,0,418,0,0,418
12_064_003,772,312,0,312,0,2,310
12_064_004,846,355,0,355,0,0,355
12_064_005,762,379,0,379,0,0,379
12_064_006,778,338,0,338,0,2,336
12_064_007,772,358,0,358,0,1,357
12_064_008,641,367,0,367,0,0,367
12_064_009,680,309,0,309,0,4,305
12_064_010,634,301,0,301,0,4,297
12_064_011,564,289,0,289,0,1,288
12_064_012,1021,483,0,483,0,2,481
12_064_013,608,362,0,362,0,1,361
12_064_014,756,410,0,410,0,4,406
12_064_015,790,470,0,470,0,2,468
12_064_016,710,434,1,433,-1,2,431
12_064_017,774,398,0,398,0,2,396
12_064_018,730,316,0,316,0,1,315
12_064_019,736,348,0,348,0,1,347
12_064_020,824,477,0,477,0,1,476
12_064_021,858,465,0,465,0,1,464
12_064_022,1016,399,0,399,0,1,398
12_064_023,970,502,0,502,0,4,498
12_064_024,496,253,0,253,0,1,252
12_065_001,1017,415,0,415,0,1,414
12_065_002,1055,456,0,456,0,2,454
12_065_003,581,152,0,152,0,2,150
12_065_004,548,65,0,65,0,1,64
12_065_005,757,118,0,118,0,0,118
12_065_006,858,302,0,302,0,2,300
12_065_007,884,350,0,350,0,0,350
12_065_008,788,296,1,295,-1,2,293
12_065_009,869,320,0,320,0,1,319
12_065_010,972,465,0,465,0,10,455
12_065_011,914,490,0,490,0,1,489
12_065_012,1047,452,0,452,0,3,449
12_065_013,983,454,1,453,-1,2,451
12_065_014,868,317,0,317,0,1,316
12_065_015,755,273,0,273,0,2,271
12_065_016,668,315,0,315,0,1,314
12_065_017,1115,511,0,511,0,9,502
12_065_018,1116,579,0,579,0,4,575
12_065_019,1067,582,0,582,0,1,581
12_065_020,967,438,0,438,0,0,438
12_065_021,817,416,0,416,0,1,415
12_065_022,923,395,0,395,0,0,395
12_065_023,867,370,0,369,-1,4,365
12_065_024,860,387,0,387,0,1,386
12_065_025,616,308,0,308,0,3,305
12_065_026,710,300,0,300,0,1,299
12_065_027,855,384,0,384,0,3,381
12_065_028,1024,364,0,364,0,3,361
12_065_029,859,342,0,342,0,2,340
12_065_030,839,332,0,332,0,2,330
12_065_031,858,341,0,341,0,5,336
12_065_032,824,375,0,375,0,1,374
12_065_033,850,382,0,382,0,3,379
12_065_034,1011,361,0,361,0,1,360
12_065_035,923,365,0,365,0,0,365
12_065_036,910,355,0,355,0,0,355
12_065_037,1949,646,1,645,-1,1,644
12_065_038,958,385,0,385,0,4,381
12_065_039,1117,373,0,373,0,2,371
12_065_040,872,320,0,320,0,0,320
12_065_041,895,335,1,335,0,2,333
12_065_042,774,302,0,303,1,9,294
12_065_043,821,349,0,349,0,0,349
12_065_044,905,426,0,425,-1,2,423
12_065_045,844,349,0,348,-1,0,348
12_065_046,825,379,0,379,0,0,379
12_065_047,971,437,0,437,0,5,432
12_065_048,860,383,0,383,0,1,382
12_065_049,943,385,1,384,-1,2,382
12_065_050,767,333,0,333,0,0,333
12_065_051,730,304,0,304,0,0,304
12_065_052,770,311,0,311,0,0,311
12_065_053,1331,516,0,516,0,1,515
12_065_054,966,261,0,261,0,0,261
12_065_055,959,263,0,263,0,4,259
12_065_056,847,212,0,212,0,2,210
12_065_057,943,425,0,425,0,3,422
12_065_058,1080,516,0,516,0,0,516
12_065_059,1112,529,0,529,0,0,529
12_065_060,867,291,0,291,0,1,290
12_066_001,969,301,0,301,0,1,300
12_066_002,184,45,0,45,0,2,43
12_067_001,557,277,0,277,0,4,273
12_067_002,1103,478,0,478,0,1,477
12_067_003,753,306,0,306,0,1,305
12_067_004,761,299,0,297,-2,1,296
12_067_005,768,287,0,287,0,1,286
12_067_006,598,280,1,279,-1,1,278
12_068_001,207,65,0,65,0,0,65
12_068_002,687,268,0,268,0,3,265
12_068_003,747,306,0,306,0,2,304
12_068_004,679,248,0,248,0,1,247
12_068_005,1055,417,0,417,0,2,415
12_069_001,789,240,0,240,0,3,237
12_069_002,809,275,0,275,0,1,274
12_069_003,696,254,0,254,0,0,254
12_070_001,600,253,0,253,0,1,252
12_071_001,493,244,0,244,0,1,243
12_072_001,479,210,0,210,0,3,207
12_073_001,1103,505,1,503,-2,4,499
12_074_001,854,416,0,416,0,1,415
12_074_002,965,292,0,292,0,2,290
12_074_003,896,445,0,445,0,0,445
12_075_001,449,196,0,196,0,2,194
12_076_001,756,255,0,255,0,4,251
12_076_002,652,240,0,240,0,0,240
13_001_001,480,210,0,210,0,0,210
13_002_001,201,109,0,109,0,1,108
13_003_001,774,317,0,317,0,0,317
13_003_002,1029,479,0,479,0,2,477
13_003_003,823,344,0,344,0,0,344
13_003_004,648,276,0,276,0,2,274
13_003_005,772,370,0,370,0,2,368
13_003_006,824,364,0,364,0,1,363
13_003_007,765,332,0,332,0,2,330
13_003_008,818,277,0,277,0,1,276
13_003_009,726,354,0,354,0,1,353
13_003_010,874,327,0,327,0,1,326
13_003_011,644,297,0,297,0,3,294
13_003_012,819,377,0,377,0,0,377
13_003_013,727,353,0,353,0,1,352
13_003_014,738,347,0,347,0,0,347
13_003_015,725,367,0,367,0,1,366
13_003_016,756,331,0,331,0,3,328
13_004_001,612,338,0,338,0,2,336
13_005_001,796,296,0,296,0,2,294
13_006_001,565,192,0,192,0,0,192
13_006_002,616,206,0,206,0,0,206
13_006_003,772,287,0,287,0,1,286
13_006_004,523,168,0,168,0,0,168
13_006_005,667,214,0,214,0,1,213
13_006_006,595,227,0,227,0,0,227
13_006_007,1187,407,0,407,0,2,405
13_006_008,613,254,0,253,-1,1,252
13_006_009,520,275,0,275,0,1,274
13_006_010,689,286,0,286,0,2,284
13_006_011,675,271,0,271,0,1,270
13_006_012,633,241,0,241,0,0,241
13_006_013,559,182,0,182,0,0,182
13_006_014,573,172,0,172,0,2,170
13_006_015,768,270,0,270,0,0,270
13_007_001,445,161,0,161,0,0,161
13_008_001,623,288,0,288,0,1,287
13_008_002,764,349,0,349,0,2,347
13_009_001,531,263,0,263,0,1,262
13_010_001,300,129,0,129,0,1,128
13_011_001,92,56,0,56,0,0,56
13_012_001,763,254,0,254,0,0,254
13_013_001,850,290,0,290,0,0,290
13_013_002,810,276,0,276,0,2,274
13_014_001,885,279,0,279,0,0,279
13_015_001,293,156,0,156,0,0,156
13_016_001,661,245,0,245,0,0,245
13_017_001,96,64,0,64,0,0,64
13_018_001,259,109,2,107,-2,2,105
13_019_001,740,244,0,244,0,2,242
13_020_001,328,126,0,126,0,0,126
13_021_001,73,45,0,45,0,2,43
13_022_001,1138,414,0,414,0,5,409
13_023_001,742,283,0,283,0,2,281
13_023_002,784,310,0,310,0,0,310
13_023_003,740,353,0,353,0,4,349
13_024_001,520,245,1,244,-1,1,243
13_024_002,325,135,0,135,0,0,135
13_025_001,1131,415,0,415,0,1,414
13_026_001,896,283,0,283,0,5,278
13_027_001,374,152,0,152,0,0,152
13_028_001,532,199,0,199,0,1,198
13_029_001,882,164,0,164,0,0,164
13_030_001,440,231,0,231,0,0,231
13_031_001,428,156,0,156,0,1,155
13_032_001,718,279,0,279,0,0,279
13_032_002,123,25,0,25,0,0,25
13_032_003,243,56,0,56,0,0,56
13_033_001,710,296,0,296,0,5,291
13_033_002,835,311,0,311,0,1,310
13_033_003,632,284,0,284,0,3,281
13_033_004,714,288,0,288,0,0,288
13_034_001,480,262,0,262,0,1,261
13_035_001,107,53,0,53,0,2,51
13_036_001,515,209,0,209,0,1,208
13_037_001,43,28,0,28,0,0,28
13_038_001,468,177,0,177,0,1,176
13_039_001,826,291,0,291,0,2,289
13_040_001,298,198,0,198,0,3,195
13_041_001,422,199,0,199,0,0,199
13_042_001,149,81,0,81,0,0,81
13_043_001,632,162,0,162,0,3,159
13_044_001,132,77,0,77,0,0,77
13_045_001,356,134,0,134,0,1,133
13_046_001,654,250,0,250,0,2,248
13_047_001,836,244,0,244,0,0,244
13_047_002,750,308,0,308,0,5,303
13_048_001,680,228,0,228,0,1,227
13_048_002,578,213,0,213,0,0,213
13_049_001,700,257,0,257,0,2,255
13_050_001,681,203,0,203,0,3,200
13_050_002,579,193,0,193,0,1,192
13_050_003,176,75,0,75,0,0,75
13_051_001,682,231,0,231,0,3,228
13_051_002,721,247,0,247,0,0,247
13_051_003,681,312,0,312,0,0,312
13_052_001,936,216,0,216,0,2,214
13_053_001,574,157,1,157,0,4,153
13_053_002,614,180,0,180,0,0,180
13_053_003,244,86,0,86,0,3,83
13_054_001,1066,358,0,358,0,1,357
13_055_001,560,257,0,257,0,1,256
13_056_001,398,189,0,189,0,2,187
13_057_001,335,128,0,128,0,1,127
13_058_001,141,94,0,94,0,0,94
13_059_001,152,94,0,94,0,4,90
13_060_001,469,193,0,193,0,2,191
13_061_001,142,88,0,88,0,0,88
13_062_001,88,57,0,57,0,0,57
13_063_001,373,148,0,148,0,7,141
13_064_001,612,164,0,164,0,1,163
13_065_001,480,206,0,206,0,0,206
13_066_001,641,215,0,215,0,2,213
13_066_002,395,112,0,112,0,3,109
13_067_001,467,195,0,195,0,1,194
13_067_002,147,39,0,39,0,0,39
13_068_001,918,345,0,345,0,3,342
13_069_001,186,91,0,91,0,0,91
13_070_001,652,274,0,274,0,3,271
13_071_001,914,356,0,356,0,1,355
13_071_002,481,154,0,154,0,3,151
13_072_001,760,294,1,294,0,3,291
13_073_001,1217,411,0,411,0,1,410
13_074_001,874,301,0,301,0,2,299
13_074_002,577,196,0,196,0,0,196
13_075_001,619,184,0,184,0,4,180
13_075_002,643,133,0,133,0,3,130
13_075_003,223,90,0,90,0,0,90
13_076_001,474,208,0,208,0,0,208
13_077_001,754,251,0,251,0,2,249
13_078_001,480,200,0,200,0,0,200
13_079_001,216,97,0,97,0,1,96
13_080_001,631,197,0,197,0,0,197
13_080_002,471,149,0,149,0,0,149
13_080_003,55,39,0,39,0,0,39
13_081_001,743,258,0,258,0,2,256
13_081_002,852,333,0,333,0,7,326
13_082_001,607,254,0,254,0,0,254
13_083_001,957,365,0,365,0,8,357
13_084_001,782,415,0,415,0,1,414
13_084_002,494,252,0,252,0,0,252
13_085_001,530,210,0,210,0,0,210
13_086_001,376,143,0,143,0,0,143
13_087_001,608,174,0,174,0,3,171
13_087_002,632,144,0,144,0,1,143
13_088_001,754,314,0,314,0,1,313
13_089_001,606,261,0,261,0,0,261
13_090_001,464,178,0,178,0,2,176
13_091_001,975,434,0,434,0,1,433
13_092_001,800,331,0,330,-1,0,330
13_093_001,277,142,0,142,0,1,141
13_094_001,656,281,0,281,0,4,277
13_094_002,667,249,0,249,0,0,249
13_095_001,734,363,0,363,0,2,361
13_096_001,604,272,0,272,0,5,267
13_097_001,953,402,0,402,0,5,397
13_097_002,973,332,0,332,0,4,328
13_097_003,776,363,0,363,0,0,363
13_097_004,765,378,0,378,0,1,377
13_097_005,1012,412,0,412,0,0,412
13_097_006,938,393,0,393,0,5,388
13_097_007,1066,524,0,524,0,2,522
13_097_008,772,319,0,319,0,7,312
13_097_009,308,171,0,171,0,1,170
13_098_001,454,173,0,173,0,1,172
13_099_001,123,70,0,70,0,0,70
13_100_001,1178,500,0,500,0,3,497
13_100_002,1077,472,0,472,0,3,469
13_101_001,741,177,0,177,0,1,176
13_101_002,566,238,1,237,-1,1,236
13_102_001,940,366,0,366,0,1,365
13_102_002,891,302,0,302,0,3,299
13_103_001,860,357,0,357,0,2,355
13_103_002,729,323,0,323,0,1,322
13_103_003,862,354,0,354,0,2,352
13_103_004,740,358,0,358,0,0,358
13_103_005,810,423,0,423,0,1,422
13_103_006,776,382,0,382,0,1,381
13_103_007,750,338,1,337,-1,0,337
13_103_008,541,196,0,196,0,0,196
13_103_009,221,88,0,88,0,0,88
13_103_010,213,97,0,97,0,0,97
13_103_011,113,39,0,39,0,0,39
13_103_012,119,61,0,61,0,0,61
13_103_013,670,242,0,242,0,2,240
13_103_014,748,271,0,271,0,2,269
13_103_015,595,151,0,151,0,1,150
13_103_016,1103,367,0,366,-1,3,363
13_103_017,880,462,0,462,0,2,460
13_103_018,1117,512,0,512,0,2,510
13_103_019,511,216,0,216,0,2,214
13_103_020,594,243,0,243,0,0,243
13_103_021,919,486,0,486,0,1,485
13_103_022,771,350,0,350,0,1,349
13_103_023,589,272,0,272,0,1,271
13_103_024,621,252,0,252,0,1,251
13_103_025,825,340,0,340,0,3,337
13_103_026,1044,356,0,356,0,0,356
13_103_027,919,262,0,262,0,1,261
13_103_028,877,382,0,382,0,0,382
13_103_029,748,286,0,285,-1,0,285
13_103_030,563,248,0,248,0,1,247
13_103_031,735,371,0,371,0,0,371
13_103_032,719,177,0,177,0,2,175
13_103_033,658,224,0,224,0,5,219
13_103_034,786,231,0,230,-1,0,230
13_103_035,864,258,0,258,0,1,257
13_103_036,793,156,0,156,0,0,156
13_103_037,596,249,0,248,-1,5,243
13_103_038,1285,518,0,517,-1,3,514
13_103_039,887,299,1,297,-2,1,296
13_103_040,764,297,0,297,0,1,296
13_104_001,765,214,0,214,0,3,211
13_105_001,219,118,1,117,-1,1,116
13_106_001,642,168,0,168,0,0,168
13_107_001,355,123,0,123,0,1,122
13_108_001,367,141,0,141,0,0,141
13_108_002,147,78,0,78,0,2,76
13_109_001,334,129,0,129,0,1,128
13_110_001,365,103,0,103,0,1,102
13_111_001,1035,494,0,494,0,4,490
13_111_002,253,122,0,122,0,1,121
13_112_001,266,123,0,123,0,1,122
13_113_001,173,107,0,107,0,0,107
13_114_001,1069,483,0,483,0,2,481
13_114_002,1053,453,0,453,0,1,452
13_114_003,1084,469,0,469,0,3,466
13_114_004,1143,472,0,472,0,2,470
13_114_005,146,79,0,79,0,2,77
13_114_006,210,82,0,82,0,1,81
13_115_001,327,143,0,143,0,0,143
13_116_001,223,101,0,101,0,0,101
13_117_001,835,195,0,195,0,1,194
13_118_001,389,189,0,189,0,1,188
13_118_002,68,44,0,44,0,0,44
13_119_001,915,355,0,355,0,3,352
13_119_002,663,260,0,260,0,4,256
13_120_001,629,279,0,279,0,5,274
13_120_002,544,229,2,227,-2,1,226
13_121_001,829,239,0,239,0,0,239
13_121_002,691,251,0,251,0,0,251
13_122_001,535,242,0,242,0,1,241
13_123_001,296,168,0,168,0,0,168
13_124_001,604,254,0,254,0,0,254
13_125_001,997,350,0,350,0,2,348
13_126_001,579,232,0,232,0,1,231
13_126_002,714,325,0,325,0,2,323
13_127_001,1068,312,0,310,-2,0,310
13_128_001,331,101,0,101,0,1,100
13_129_001,496,182,0,182,0,1,181
13_130_001,491,199,0,199,0,4,195
13_131_001,993,404,0,404,0,2,402
13_131_002,821,357,0,357,0,0,357
14_001_001,734,172,0,172,0,0,172
14_001_002,768,276,0,276,0,2,274
14_001_003,736,211,0,211,0,2,209
14_001_004,728,238,0,238,0,3,235
14_001_005,721,226,0,226,0,0,226
14_001_006,695,237,0,237,0,1,236
14_001_007,714,237,0,237,0,0,237
14_001_008,725,247,0,247,0,1,246
14_001_009,722,237,0,237,0,3,234
14_001_010,746,217,0,217,0,0,217
14_001_011,743,295,0,295,0,0,295
14_001_012,702,246,0,246,0,0,246
14_001_013,735,271,0,271,0,0,271
14_001_014,708,215,0,215,0,3,212
14_001_015,694,267,0,267,0,1,266
14_001_016,701,290,0,290,0,0,290
14_002_001,1132,351,0,351,0,3,348
14_003_001,578,266,0,265,-1,4,261
14_003_002,695,367,0,367,0,4,363
14_003_003,625,216,0,216,0,0,216
14_003_004,638,204,0,204,0,1,203
14_003_005,673,251,0,251,0,0,251
14_003_006,662,219,0,219,0,2,217
14_003_007,709,251,0,251,0,6,245
14_003_008,684,231,0,230,-1,1,229
14_003_009,653,250,0,250,0,1,249
14_003_010,640,184,0,184,0,2,182
14_003_011,627,241,0,241,0,1,240
14_003_012,623,217,0,217,0,2,215
14_003_013,601,233,0,233,0,0,233
14_003_014,610,231,0,231,0,3,228
14_003_015,626,229,0,229,0,0,229
14_003_016,635,179,1,179,0,0,179
14_004_001,758,320,0,320,0,3,317
14_004_002,785,336,0,336,0,5,331
14_004_003,798,325,0,325,0,2,323
14_004_004,707,293,0,293,0,2,291
14_004_005,1020,430,0,430,0,3,427
14_005_001,944,271,0,271,0,0,271
14_006_001,820,303,0,302,-1,3,299
14_006_002,784,359,0,359,0,3,356
14_006_003,776,350,0,350,0,2,348
14_006_004,859,427,0,427,0,2,425
14_006_005,800,378,0,378,0,1,377
14_006_006,835,325,0,325,0,0,325
14_007_001,1007,384,0,384,0,0,384
14_008_001,785,384,0,384,0,1,383
14_008_002,768,323,0,323,0,0,323
14_008_003,806,344,0,344,0,2,342
14_008_004,698,325,0,325,0,1,324
14_009_001,691,318,1,317,-1,4,313
14_010_001,982,422,0,421,-1,5,416
14_011_001,1405,700,0,699,-1,3,696
14_011_002,1211,571,0,571,0,4,567
14_011_003,1263,646,0,645,-1,1,644
14_011_004,1195,727,0,726,-1,1,725
14_011_005,1302,770,0,768,-2,2,766
14_011_006,1114,581,0,581,0,2,579
14_011_007,1468,605,0,605,0,2,603
14_011_008,1258,701,0,701,0,5,696
14_012_001,786,481,0,481,0,2,479
14_012_002,760,445,0,445,0,0,445
14_013_001,1078,591,0,591,0,2,589
14_013_002,1058,507,0,507,0,5,502
14_013_003,1125,628,0,628,0,4,624
14_013_004,1228,672,0,671,-1,1,670
14_013_005,1126,587,0,587,0,2,585
14_013_006,1036,623,0,623,0,0,623
14_013_007,1041,582,0,582,0,1,581
14_013_008,1033,571,0,571,0,3,568
14_014_001,683,458,0,458,0,4,454
14_014_002,595,342,0,342,0,0,342
14_014_003,989,615,0,615,0,1,614
14_014_004,653,369,0,369,0,1,368
14_014_005,1027,526,1,524,-2,1,523
14_014_006,803,488,0,487,-1,1,486
14_014_007,643,432,0,432,0,4,428
14_014_008,701,483,0,482,-1,3,479
14_014_009,682,390,0,390,0,0,390
14_014_010,614,329,0,329,0,3,326
14_014_011,598,376,0,376,0,0,376
14_014_012,674,444,0,444,0,0,444
14_014_013,714,426,0,426,0,4,422
14_014_014,682,410,0,410,0,1,409
14_014_015,800,431,0,431,0,2,429
14_014_016,638,326,0,326,0,0,326
14_015_001,1164,694,1,691,-3,4,687
14_015_002,1135,605,0,605,0,3,602
14_015_003,1123,630,0,630,0,3,627
14_015_004,1037,600,0,599,-1,5,594
14_015_005,1152,692,0,692,0,3,689
14_015_006,1031,622,1,620,-2,1,619
14_015_007,1127,681,1,681,0,0,681
14_015_008,1107,689,1,689,0,2,687
14_015_009,1069,490,0,490,0,4,486
14_015_010,1075,548,0,547,-1,2,545
14_015_011,1067,482,0,482,0,0,482
14_015_012,1108,508,0,508,0,3,505
14_015_013,1618,987,0,986,-1,4,982
14_015_014,1114,528,0,525,-3,16,509
14_015_015,975,544,0,542,-2,0,542
14_015_016,1037,614,0,614,0,2,612
14_015_017,1263,766,0,765,-1,2,763
14_015_018,1339,793,0,791,-2,1,790
14_015_019,905,521,0,521,0,3,518
14_015_020,1098,679,0,679,0,0,679
14_016_001,719,264,0,264,0,3,261
14_016_002,742,250,0,250,0,0,250
14_016_003,664,259,0,259,0,0,259
14_016_004,737,261,0,261,0,4,257
14_016_005,883,295,0,295,0,2,293
14_016_006,211,55,0,55,0,0,55
14_016_007,210,35,0,35,0,0,35
14_017_001,759,397,0,397,0,2,395
14_017_002,977,514,0,514,0,3,511
14_017_003,1037,520,0,519,-1,2,517
14_017_004,771,339,0,339,0,2,337
14_017_005,1112,440,0,440,0,5,435
14_017_006,754,376,0,376,0,1,375
14_017_007,616,256,0,256,0,1,255
14_017_008,631,310,0,310,0,1,309
14_017_009,907,482,0,482,0,1,481
14_017_010,953,441,0,441,0,4,437
14_017_011,654,314,0,315,1,11,304
14_017_012,651,309,1,308,-1,0,308
14_017_013,1248,490,0,490,0,1,489
14_017_014,1016,366,0,366,0,2,364
14_017_015,854,458,0,458,0,3,455
14_017_016,829,409,0,409,0,1,408
14_017_017,905,327,0,327,0,0,327
14_017_018,723,160,0,160,0,4,156
14_017_019,202,34,0,34,0,0,34
14_017_020,1187,329,0,329,0,1,328
14_017_021,962,283,0,283,0,3,280
14_017_022,1073,390,0,390,0,0,390
14_017_023,1111,470,0,470,0,0,470
14_017_024,842,302,0,302,0,1,301
14_017_025,908,291,0,291,0,3,288
14_017_026,1096,241,0,241,0,1,240
14_017_027,1094,351,0,351,0,4,347
14_017_028,793,355,0,355,0,1,354
14_017_029,650,204,0,204,0,0,204
14_017_030,696,277,0,277,0,0,277
14_017_031,932,497,0,496,-1,1,495
14_017_032,1428,419,0,419,0,0,419
14_017_033,1063,369,0,369,0,1,368
14_018_001,807,306,0,306,0,2,304
14_018_002,757,296,0,296,0,3,293
14_018_003,726,259,0,259,0,0,259
14_018_004,700,302,0,302,0,1,301
14_018_005,631,251,1,250,-1,0,250
14_019_001,1244,440,0,440,0,3,437
14_019_002,854,210,0,210,0,1,209
14_019_003,1281,288,0,288,0,3,285
14_020_001,875,282,0,282,0,3,279
14_020_002,788,241,0,241,0,0,241
14_021_001,933,258,0,258,0,0,258
14_021_002,925,484,1,483,-1,4,479
14_021_003,892,461,0,461,0,0,461
14_022_001,1284,568,0,568,0,3,565
14_023_001,1229,678,0,678,0,3,675
14_023_002,980,538,0,538,0,2,536
14_023_003,1014,563,0,563,0,1,562
14_023_004,998,427,2,425,-2,5,420
14_023_005,932,412,0,412,0,3,409
14_023_006,1147,549,0,549,0,4,545
14_023_007,1173,625,0,625,0,1,624
14_024_001,527,237,0,237,0,2,235
14_025_001,854,298,0,298,0,0,298
14_025_002,852,414,0,414,0,1,413
14_025_003,929,392,0,392,0,1,391
14_025_004,825,326,0,326,0,2,324
14_025_005,818,335,0,335,0,1,334
14_025_006,843,376,0,376,0,1,375
14_025_007,938,406,0,406,0,2,404
14_025_008,866,371,0,371,0,0,371
14_025_009,788,396,0,396,0,4,392
14_025_010,824,312,0,312,0,0,312
14_025_011,844,359,0,359,0,1,358
14_025_012,876,381,0,381,0,2,379
14_025_013,853,288,0,288,0,1,287
14_025_014,792,307,0,307,0,1,306
14_025_015,1111,378,0,378,0,2,376
14_025_016,638,220,0,220,0,2,218
14_026_001,798,247,0,247,0,0,247
14_026_002,1126,355,0,355,0,2,353
14_026_003,325,105,0,105,0,1,104
14_027_001,803,339,0,339,0,0,339
14_027_002,857,408,0,408,0,0,408
14_027_003,891,365,0,365,0,0,365
14_027_004,1016,345,0,345,0,4,341
14_028_001,1210,383,0,383,0,0,383
14_028_002,1269,495,0,495,0,1,494
14_028_003,1211,420,0,420,0,0,420
14_029_001,1145,692,0,692,0,2,690
14_029_002,930,479,0,479,0,1,478
14_029_003,946,508,0,508,0,1,507
14_029_004,955,451,0,451,0,1,450
14_029_005,958,542,0,542,0,3,539
14_029_006,964,509,0,509,0,0,509
14_029_007,976,548,1,547,-1,1,546
14_029_008,937,527,0,527,0,4,523
14_030_001,572,183,0,183,0,3,180
14_030_002,765,374,0,374,0,1,373
14_030_003,373,164,0,164,0,1,163
14_031_001,905,276,0,276,0,2,274
14_031_002,987,326,0,326,0,0,326
14_031_003,1096,385,0,385,0,4,381
14_031_004,947,386,1,385,-1,0,385
14_031_005,927,273,0,273,0,2,271
14_032_001,809,452,0,452,0,5,447
14_032_002,909,448,0,448,0,0,448
14_032_003,849,413,0,413,0,0,413
14_033_001,1353,519,0,520,1,13,507
14_033_002,1017,398,0,398,0,2,396
14_033_003,988,431,0,431,0,2,429
14_033_004,949,459,0,459,0,1,458
14_033_005,970,425,0,421,-4,0,421
14_033_006,1014,507,0,506,-1,4,502
14_033_007,875,441,0,440,-1,2,438
14_033_008,1510,718,0,716,-2,3,713
14_033_009,1005,443,0,443,0,2,441
14_033_010,1051,494,0,492,-2,0,492
14_033_011,1177,541,0,541,0,3,538
14_033_012,1223,488,0,488,0,1,487
14_033_013,1129,469,1,468,-1,4,464
14_033_014,1209,481,0,481,0,3,478
14_033_015,1103,491,0,489,-2,3,486
14_033_016,975,433,0,433,0,3,430
14_034_001,1003,470,0,469,-1,2,467
14_034_002,1135,611,0,611,0,0,611
14_034_003,1060,591,0,591,0,3,588
14_034_004,1066,503,1,502,-1,1,501
14_034_005,1075,458,0,458,0,1,457
14_034_006,928,421,0,421,0,0,421
14_034_007,1110,574,0,574,0,3,571
14_034_008,1192,646,0,646,0,1,645
14_034_009,1116,585,0,585,0,1,584
14_034_010,1182,519,0,519,0,2,517
14_034_011,1338,780,0,780,0,7,773
14_034_012,1171,530,0,530,0,4,526
14_034_013,963,583,0,583,0,1,582
14_034_014,1034,563,0,563,0,4,559
14_034_015,1031,581,0,580,-1,1,579
14_034_016,1153,601,0,601,0,3,598
14_034_017,992,498,0,497,-1,2,495
14_034_018,928,477,0,477,0,3,474
14_034_019,1261,594,0,594,0,2,592
14_034_020,989,559,0,558,-1,3,555
14_034_021,1092,510,0,510,0,5,505
14_034_022,1168,535,0,535,0,3,532
14_034_023,1215,468,0,468,0,2,466
14_034_024,1042,413,0,413,0,0,413
14_034_025,1098,521,0,520,-1,1,519
14_034_026,1364,660,0,660,0,0,660
14_034_027,1203,529,0,529,0,0,529
14_034_028,1201,534,2,534,0,4,530
14_034_029,1162,533,0,530,-3,1,529
14_034_030,981,466,0,466,0,4,462
14_035_001,978,403,0,403,0,2,401
14_035_002,1088,474,0,474,0,4,470
14_035_003,1138,422,0,422,0,1,421
14_035_004,1129,360,0,360,0,3,357
14_035_005,1072,435,0,435,0,3,432
14_035_006,1064,380,0,380,0,5,375
14_036_001,967,452,0,452,0,2,450
14_036_002,658,294,0,294,0,0,294
14_036_003,834,396,0,396,0,0,396
14_036_004,705,329,0,329,0,2,327
14_037_001,1227,532,0,532,0,1,531
14_037_002,1193,478,0,478,0,3,475
14_037_003,1076,432,0,432,0,3,429
14_037_004,1103,443,0,443,0,2,441
14_037_005,1085,429,0,429,0,1,428
14_037_006,1018,339,0,339,0,0,339
14_038_001,1180,398,0,396,-2,2,394
14_038_002,1078,471,0,471,0,5,466
14_038_003,968,552,0,552,0,3,549
14_038_004,961,448,0,448,0,0,448
14_038_005,1501,830,1,831,1,11,820
14_038_006,1180,570,0,570,0,0,570
14_038_007,1210,568,0,568,0,0,568
14_038_008,1151,452,0,449,-3,1,448
14_038_009,955,312,0,312,0,1,311
14_038_010,1188,370,1,370,0,2,368
14_038_011,959,421,0,421,0,2,419
14_038_012,1242,583,0,583,0,4,579
14_038_013,979,493,0,493,0,1,492
14_038_014,963,516,0,516,0,3,513
14_038_015,1175,654,0,654,0,2,652
14_038_016,1123,586,0,586,0,2,584
14_038_017,980,453,0,453,0,3,450
14_038_018,1008,585,0,585,0,5,580
14_038_019,1135,531,0,531,0,3,528
14_038_020,1292,566,0,565,-1,0,565
14_038_021,981,375,0,375,0,2,373
14_038_022,1028,455,1,453,-2,3,450
14_038_023,1062,567,0,567,0,2,565
14_038_024,1056,595,0,595,0,2,593
14_038_025,1166,515,0,515,0,1,514
14_038_026,1136,500,0,500,0,0,500
14_038_027,1201,592,0,592,0,0,592
14_038_028,1134,498,0,498,0,1,497
14_038_029,1161,682,0,682,0,4,678
14_038_030,956,453,0,453,0,3,450
14_038_031,1041,528,0,527,-1,4,523
14_038_032,1127,578,0,578,0,4,574
14_038_033,1290,520,0,520,0,0,520
14_038_034,1079,370,0,370,0,0,370
14_038_035,1122,498,0,498,0,2,496
14_038_036,1133,519,0,519,0,1,518
14_038_037,1103,559,0,559,0,2,557
14_038_038,1177,570,0,569,-1,1,568
14_038_039,1078,480,0,480,0,2,478
14_038_040,1094,552,0,552,0,0,552
14_038_041,1018,500,0,500,0,1,499
14_038_042,1139,594,0,594,0,2,592
14_038_043,1204,587,0,586,-1,1,585
14_038_044,1016,486,0,486,0,0,486
14_038_045,1202,619,0,619,0,1,618
14_038_046,1220,653,0,653,0,2,651
14_038_047,1187,591,0,591,0,0,591
14_038_048,1265,565,0,565,0,2,563
14_039_001,1166,444,0,444,0,2,442
14_039_002,843,267,0,267,0,1,266
14_039_003,840,192,0,192,0,1,191
14_040_001,894,311,0,311,0,4,307
14_040_002,953,393,0,393,0,0,393
14_040_003,1089,407,0,407,0,0,407
14_041_001,1120,631,0,631,0,2,629
14_041_002,884,456,0,456,0,4,452
14_041_003,956,471,0,471,0,0,471
14_041_004,949,469,0,468,-1,4,464
14_041_005,1056,487,0,487,0,1,486
14_041_006,993,457,0,457,0,0,457
14_041_007,995,449,0,449,0,3,446
14_041_008,847,391,0,391,0,3,388
14_041_009,1194,450,0,450,0,3,447
14_041_010,1087,528,0,528,0,3,525
14_041_011,856,388,0,388,0,1,387
14_041_012,937,346,0,346,0,0,346
14_041_013,1161,581,0,581,0,1,580
14_041_014,995,444,0,445,1,11,434
14_041_015,868,379,0,378,-1,3,375
14_041_016,1044,483,0,483,0,1,482
14_042_001,789,355,0,355,0,3,352
14_043_001,705,374,0,374,0,4,370
14_043_002,692,296,0,296,0,1,295
14_043_003,727,217,0,217,0,1,216
14_044_001,937,361,0,361,0,5,356
14_044_002,616,230,0,230,0,0,230
14_045_001,1226,454,0,454,0,0,454
14_045_002,1111,370,0,370,0,6,364
14_045_003,111,36,0,36,0,2,34
14_046_001,776,461,0,461,0,0,461
14_046_002,830,470,1,469,-1,2,467
14_046_003,882,525,0,525,0,2,523
14_046_004,1029,520,0,520,0,5,515
14_046_005,909,462,0,462,0,2,460
14_046_006,914,540,0,540,0,2,538
14_046_007,1084,500,0,500,0,9,491
14_046_008,1194,602,0,602,0,1,601
14_046_009,280,96,0,96,0,1,95
14_046_010,758,338,0,335,-3,1,334
14_046_011,873,491,0,491,0,1,490
14_046_012,1098,707,0,707,0,1,706
14_046_013,816,435,0,435,0,1,434
14_046_014,1303,677,0,677,0,7,670
14_046_015,1206,607,0,607,0,3,604
14_046_016,1170,562,0,562,0,3,559
14_046_017,904,479,0,479,0,1,478
14_047_001,814,453,0,453,0,1,452
14_047_002,826,306,0,306,0,0,306
14_047_003,1289,566,0,566,0,3,563
14_047_004,836,470,0,470,0,2,468
14_047_005,889,419,0,419,0,3,416
14_047_006,1097,576,0,576,0,6,570
14_047_007,906,352,0,352,0,1,351
14_047_008,850,433,0,433,0,2,431
14_047_009,950,495,0,495,0,0,495
14_047_010,294,142,0,142,0,2,140
14_047_011,1089,589,1,589,0,6,583
14_047_012,1070,575,0,575,0,1,574
14_047_013,884,446,0,446,0,0,446
14_047_014,877,411,0,411,0,0,411
14_047_015,846,390,0,386,-4,2,384
14_047_016,961,500,0,500,0,2,498
14_047_017,1297,835,0,834,-1,2,832
14_047_018,744,324,0,323,-1,0,323
14_047_019,785,388,0,388,0,1,387
14_047_020,793,415,0,415,0,2,413
14_047_021,997,483,0,483,0,1,482
14_047_022,618,352,0,352,0,0,352
14_047_023,699,369,0,369,0,0,369
14_047_024,1155,701,2,698,-3,3,695
14_047_025,803,450,1,449,-1,0,449
14_047_026,813,474,0,474,0,0,474
14_047_027,888,424,0,422,-2,3,419
14_047_028,1073,579,0,579,0,0,579
14_048_001,1097,472,0,472,0,4,468
14_048_002,1127,505,0,504,-1,0,504
14_048_003,1186,438,0,438,0,2,436
14_048_004,1273,470,0,470,0,2,468
14_048_005,1167,416,0,416,0,0,416
14_048_006,1137,385,0,385,0,1,384
14_048_007,1086,390,0,390,0,0,390
14_048_008,960,339,0,339,0,1,338
14_048_009,1282,400,1,399,-1,2,397
14_048_010,1123,385,0,385,0,2,383
14_048_011,1004,436,0,436,0,1,435
14_048_012,934,328,0,328,0,1,327
14_048_013,879,307,0,307,0,0,307
14_048_014,979,354,0,354,0,1,353
14_048_015,1025,360,0,360,0,0,360
14_048_016,849,275,0,275,0,2,273
14_048_017,1226,488,0,488,0,0,488
14_048_018,972,385,0,386,1,11,375
14_049_001,1014,365,0,365,0,2,363
14_049_002,987,437,0,437,0,3,434
14_049_003,1069,564,0,564,0,1,563
14_049_004,819,312,0,312,0,0,312
14_049_005,809,385,0,385,0,0,385
14_049_006,823,314,0,314,0,0,314
14_049_007,806,342,0,342,0,1,341
14_049_008,1023,394,0,394,0,1,393
14_049_009,901,299,0,299,0,1,298
14_049_010,759,365,0,365,0,0,365
14_049_011,769,319,0,318,-1,1,317
14_049_012,874,418,0,418,0,0,418
14_049_013,782,342,0,342,0,1,341
14_049_014,825,332,0,332,0,0,332
14_049_015,845,385,0,385,0,3,382
14_049_016,1339,566,0,565,-1,1,564
14_050_001,1124,501,0,499,-2,1,498
14_050_002,993,454,0,454,0,1,453
14_050_003,1088,488,0,488,0,0,488
14_050_004,1012,424,0,424,0,3,421
14_050_005,1015,435,0,434,-1,2,432
14_050_006,1163,521,0,521,0,1,520
14_050_007,1202,543,0,543,0,3,540
14_050_008,1083,469,0,469,0,1,468
14_051_001,924,527,0,527,0,0,527
14_051_002,934,561,1,560,-1,0,560
14_052_001,974,302,0,302,0,2,300
14_052_002,1234,397,0,397,0,0,397
14_052_003,1112,380,0,380,0,6,374
14_053_001,964,465,0,465,0,5,460
14_053_002,795,360,0,360,0,0,360
14_053_003,816,424,0,424,0,5,419
14_054_001,897,408,0,408,0,1,407
14_054_002,762,295,0,295,0,1,294
14_055_001,1057,423,0,423,0,5,418
14_055_002,824,334,0,334,0,1,333
14_055_003,959,363,0,363,0,0,363
14_055_004,878,342,0,342,0,3,339
14_056_001,317,144,0,144,0,0,144
14_057_001,234,101,0,101,0,1,100
14_058_001,1367,576,0,576,0,3,573
14_058_002,1166,441,0,441,0,0,441
14_058_003,1159,389,0,388,-1,1,387
14_058_004,1373,481,0,481,0,0,481
14_058_005,1071,506,0,505,-1,3,502
14_058_006,1042,519,0,519,0,2,517
14_058_007,1035,375,1,374,-1,0,374
14_058_008,1036,388,0,388,0,0,388
14_059_001,786,198,0,198,0,0,198
14_059_002,675,215,0,215,0,2,213
14_059_003,642,239,0,239,0,3,236
14_060_001,785,296,0,296,0,3,293
14_060_002,619,254,0,254,0,0,254
14_060_003,883,337,0,337,0,0,337
14_061_001,849,320,0,320,0,4,316
14_061_002,817,286,0,286,0,1,285
14_061_003,828,332,0,332,0,1,331
14_061_004,782,285,0,285,0,0,285
14_061_005,738,298,0,298,0,1,297
14_061_006,752,253,0,253,0,3,250
14_062_001,532,219,0,219,0,2,217
14_063_001,828,420,0,420,0,2,418
14_064_001,1067,465,0,465,0,1,464
14_064_002,993,474,0,473,-1,1,472
14_064_003,1120,591,0,591,0,2,589
14_064_004,1226,449,0,449,0,2,447
14_064_005,960,411,0,410,-1,3,407
14_064_006,1035,539,0,539,0,3,536
14_064_007,955,476,0,476,0,3,473
14_064_008,1017,501,0,501,0,1,500
14_065_001,1032,344,0,344,0,2,342
14_065_002,993,380,0,380,0,0,380
14_065_003,1128,378,0,378,0,2,376
14_065_004,1099,419,0,419,0,2,417
14_065_005,1064,337,0,337,0,0,337
14_065_006,1092,374,0,374,0,1,373
14_065_007,892,307,0,307,0,0,307
14_066_001,1025,575,0,575,0,1,574
14_066_002,884,526,0,526,0,2,524
14_067_001,576,245,0,245,0,2,243
14_068_001,822,475,1,475,0,3,472
14_069_001,1358,670,0,670,0,0,670
14_069_002,1285,700,0,700,0,4,696
14_069_003,1267,580,0,580,0,4,576
14_069_004,1235,535,0,535,0,2,533
14_069_005,1348,703,0,704,1,10,694
14_069_006,1166,578,0,578,0,5,573
14_069_007,1135,565,0,565,0,10,555
14_069_008,1346,597,0,597,0,0,597
14_070_001,665,291,0,291,0,0,291
14_070_002,766,287,0,287,0,2,285
14_071_001,1175,547,0,547,0,1,546
14_071_002,845,399,0,399,0,4,395
14_072_001,622,236,0,236,0,1,235
14_072_002,726,267,0,267,0,3,264
14_072_003,1155,370,0,369,-1,2,367
14_072_004,1070,308,0,308,0,0,308
14_073_001,607,289,0,289,0,0,289
14_074_001,656,274,0,274,0,4,270
14_075_001,1060,600,0,600,0,1,599
14_075_002,1081,520,0,520,0,1,519
14_075_003,951,567,0,567,0,3,564
14_076_001,917,437,0,437,0,2,435
14_077_001,255,118,0,118,0,2,116
14_078_001,1115,525,0,525,0,2,523
14_078_002,1267,564,0,564,0,3,561
14_078_003,1357,518,0,518,0,5,513
14_078_004,1286,553,0,553,0,1,552
14_078_005,1185,446,0,446,0,0,446
14_078_006,1130,469,0,469,0,0,469
14_078_007,1182,484,0,483,-1,1,482
14_078_008,1382,680,0,680,0,0,680
14_079_001,1376,615,0,614,-1,3,611
14_080_001,1058,370,0,370,0,3,367
14_081_001,693,271,0,271,0,2,269
14_082_001,777,275,0,275,0,1,274
14_082_002,774,360,0,360,0,0,360
14_082_003,846,287,0,287,0,1,286
14_082_004,986,407,0,407,0,2,405
14_083_001,595,187,0,187,0,0,187
14_084_001,1091,563,0,563,0,3,560
14_084_002,1157,508,0,507,-1,1,506
14_084_003,1135,587,0,587,0,3,584
14_084_004,1103,480,0,478,-2,2,476
14_084_005,1030,450,0,450,0,4,446
14_085_001,821,366,0,366,0,2,364
14_085_002,896,224,0,224,0,1,223
14_085_003,925,357,0,357,0,1,356
14_085_004,985,348,2,346,-2,0,346
14_085_005,865,362,0,362,0,2,360
14_085_006,877,344,0,344,0,1,343
14_085_007,1007,367,0,366,-1,1,365
14_085_008,825,281,0,281,0,0,281
14_085_009,913,374,0,374,0,2,372
14_085_010,931,383,0,383,0,0,383
14_085_011,920,443,0,442,-1,1,441
14_085_012,890,437,0,437,0,0,437
14_085_013,985,434,0,434,0,1,433
14_085_014,861,404,1,403,-1,2,401
14_085_015,918,341,0,340,-1,2,338
14_085_016,1002,324,0,324,0,1,323
14_086_001,541,251,0,251,0,3,248
14_087_001,606,288,0,288,0,1,287
14_087_002,863,298,0,297,-1,0,297
14_087_003,712,267,0,267,0,2,265
14_087_004,1032,519,0,519,0,7,512
14_087_005,1166,420,0,420,0,4,416
14_087_006,1163,479,0,479,0,1,478
14_087_007,673,167,0,167,0,1,166
14_087_008,1152,337,0,337,0,1,336
14_087_009,693,249,0,249,0,1,248
14_087_010,632,253,0,253,0,2,251
14_087_011,670,262,0,262,0,2,260
14_087_012,615,221,0,221,0,1,220
14_088_001,707,385,0,385,0,0,385
14_088_002,953,565,0,565,0,4,561
14_088_003,815,459,0,459,0,1,458
14_088_004,863,518,0,518,0,3,515
14_088_005,839,549,0,549,0,2,547
14_088_006,857,527,0,527,0,2,525
14_088_007,887,478,0,478,0,0,478
14_089_001,1219,418,0,418,0,2,416
14_089_002,1117,502,0,502,0,2,500
14_089_003,1102,438,0,438,0,4,434
14_089_004,1084,434,0,433,-1,3,430
14_089_005,1102,393,0,393,0,3,390
14_089_006,1091,437,0,437,0,1,436
14_089_007,877,294,0,294,0,5,289
14_089_008,775,285,0,285,0,1,284
14_089_009,783,308,0,308,0,0,308
14_089_010,791,338,0,337,-1,1,336
14_089_011,734,266,0,266,0,0,266
14_089_012,759,343,0,343,0,0,343
14_089_013,1087,319,0,319,0,2,317
14_089_014,1061,331,0,331,0,3,328
14_089_015,744,345,0,345,0,2,343
14_089_016,814,218,0,218,0,0,218
14_089_017,1008,339,0,339,0,1,338
14_089_018,888,274,0,274,0,5,269
14_089_019,920,396,0,396,0,0,396
14_089_020,976,268,0,268,0,1,267
14_090_001,975,435,0,435,0,4,431
14_090_002,1037,490,0,490,0,0,490
14_090_003,948,603,0,603,0,0,603
14_090_004,1082,567,1,567,0,5,562
14_091_001,843,376,0,376,0,1,375
14_091_002,855,395,0,394,-1,4,390
14_091_003,947,472,0,472,0,1,471
14_091_004,1052,527,1,525,-2,8,517
14_092_001,1065,297,0,297,0,1,296
14_092_002,1057,378,0,378,0,4,374
14_092_003,969,310,0,310,0,4,306
14_093_001,808,184,1,184,0,1,183
14_093_002,740,206,0,206,0,1,205
14_094_001,817,275,0,275,0,1,274
14_094_002,937,370,0,370,0,2,368
14_094_003,823,342,0,342,0,2,340
14_094_004,1017,357,0,357,0,2,355
14_094_005,736,283,0,283,0,1,282
14_094_006,987,400,0,399,-1,0,399
14_094_007,714,299,0,299,0,2,297
14_094_008,153,59,0,59,0,1,58
14_094_009,445,115,1,114,-1,2,112
14_094_010,983,360,0,360,0,1,359
14_095_001,713,260,0,260,0,0,260
14_095_002,1067,181,0,181,0,3,178
14_095_003,942,313,0,313,0,0,313
14_095_004,1018,328,0,328,0,2,326
14_096_001,824,359,0,359,0,1,358
14_096_002,950,419,0,419,0,0,419
14_096_003,799,369,0,369,0,4,365
14_096_004,825,380,0,380,0,1,379
14_096_005,789,355,0,355,0,1,354
14_096_006,787,354,0,354,0,3,351
14_096_007,944,400,0,400,0,2,398
14_097_001,707,221,0,221,0,1,220
14_097_002,799,182,0,182,0,2,180
14_098_001,978,452,0,452,0,1,451
14_098_002,1140,621,0,621,0,8,613
14_098_003,1297,658,1,659,1,16,643
14_098_004,1285,512,0,511,-1,1,510
14_098_005,1288,702,0,702,0,3,699
14_099_001,1223,520,0,520,0,1,519
14_100_001,870,414,0,414,0,2,412
14_100_002,784,358,0,358,0,0,358
14_101_001,295,168,0,168,0,2,166
14_102_001,835,393,0,392,-1,1,391
14_102_002,797,391,0,391,0,0,391
14_102_003,763,314,0,314,0,0,314
14_102_004,823,413,0,412,-1,1,411
14_102_005,842,265,0,265,0,2,263
14_102_006,682,293,0,293,0,4,289
14_102_007,877,371,1,369,-2,0,369
14_102_008,844,487,0,487,0,4,483
14_102_009,802,382,0,382,0,0,382
14_102_010,812,384,0,384,0,5,379
14_102_011,769,300,0,300,0,0,300
14_102_012,861,372,0,371,-1,2,369
14_102_013,775,325,0,324,-1,1,323
14_102_014,731,307,0,307,0,3,304
14_102_015,717,320,0,320,0,4,316
14_102_016,809,286,0,286,0,0,286
14_103_001,1075,406,0,406,0,1,405
14_103_002,847,332,1,331,-1,1,330
14_104_001,1178,294,0,294,0,0,294
14_104_002,1183,433,0,433,0,3,430
14_104_003,1058,428,0,428,0,2,426
14_104_004,1181,500,0,499,-1,1,498
14_104_005,1144,393,0,393,0,1,392
14_104_006,1170,298,0,298,0,1,297
14_104_007,1156,323,0,323,0,7,316
14_104_008,680,199,0,199,0,1,198
14_104_009,662,192,0,192,0,1,191
14_105_001,1141,657,0,657,0,2,655
14_105_002,1376,789,0,789,0,1,788
14_105_003,490,215,0,215,0,0,215
14_106_001,1169,597,0,597,0,2,595
14_106_002,1116,362,0,362,0,0,362
14_106_003,974,569,0,568,-1,1,567
14_106_004,783,510,0,510,0,5,505
14_106_005,1223,688,0,689,1,10,679
14_106_006,922,584,0,584,0,1,583
14_107_001,1318,625,0,625,0,2,623
14_108_001,939,457,0,457,0,0,457
14_108_002,1193,536,0,536,0,1,535
14_109_001,1189,645,0,645,0,3,642
14_109_002,1245,688,0,688,0,4,684
14_109_003,1067,550,0,550,0,5,545
14_110_001,938,490,0,490,0,2,488
14_110_002,817,408,0,408,0,1,407
14_111_001,933,410,0,410,0,3,407
14_112_001,1645,809,0,809,0,0,809
14_112_002,1477,556,0,556,0,4,552
14_112_003,1469,691,0,691,0,6,685
14_112_004,1375,682,0,682,0,4,678
14_112_005,1342,577,0,577,0,1,576
14_112_006,1452,701,0,701,0,4,697
14_112_007,1404,735,1,733,-2,1,732
14_112_008,1468,607,0,607,0,1,606
14_113_001,870,419,0,419,0,0,419
14_113_002,828,440,0,440,0,3,437
14_113_003,890,361,0,361,0,1,360
14_113_004,768,212,0,212,0,2,210
14_113_005,906,478,0,478,0,1,477
14_113_006,912,506,0,506,0,1,505
14_113_007,859,370,0,370,0,1,369
14_113_008,1229,718,0,717,-1,3,714
14_113_009,955,515,0,515,0,0,515
14_113_010,791,422,0,422,0,1,421
14_113_011,804,469,0,469,0,0,469
14_113_012,877,477,0,477,0,4,473
14_113_013,826,424,0,424,0,0,424
14_113_014,838,455,0,455,0,1,454
14_113_015,878,476,0,476,0,5,471
14_113_016,832,433,0,433,0,4,429
14_114_001,1087,496,0,496,0,1,495
14_114_002,970,501,0,501,0,5,496
14_115_001,1093,351,0,351,0,1,350
14_116_001,949,377,0,377,0,1,376
14_117_001,1113,529,0,529,0,0,529
14_118_001,569,280,0,280,0,0,280
14_119_001,1090,593,0,592,-1,5,587
14_119_002,1075,384,0,384,0,1,383
14_119_003,986,404,0,404,0,2,402
14_119_004,1058,453,0,453,0,0,453
14_119_005,1013,288,0,288,0,2,286
14_119_006,1034,225,0,225,0,0,225
14_119_007,1076,489,0,489,0,1,488
14_119_008,1139,478,0,478,0,1,477
14_120_001,1468,702,0,701,-1,2,699
14_121_001,940,512,0,512,0,2,510
14_121_002,1093,663,0,663,0,2,661
14_121_003,1014,630,0,630,0,2,628
14_121_004,1076,693,2,690,-3,2,688
14_121_005,1299,732,0,732,0,2,730
14_121_006,1132,713,0,712,-1,5,707
14_121_007,1070,641,0,642,1,12,630
14_121_008,959,497,0,497,0,3,494
14_122_001,1100,450,0,450,0,1,449
14_122_002,797,386,0,386,0,1,385
14_122_003,857,373,0,373,0,1,372
14_123_001,855,322,0,322,0,4,318
14_123_002,990,387,0,387,0,0,387
14_123_003,907,386,0,386,0,1,385
14_123_004,1142,493,0,493,0,3,490
14_123_005,846,372,0,372,0,4,368
14_123_006,943,396,0,396,0,4,392
14_123_007,1051,354,0,354,0,1,353
14_124_001,1450,746,0,746,0,2,744
14_124_002,1369,644,0,645,1,11,634
14_124_003,1282,594,0,594,0,5,589
14_125_001,796,344,0,344,0,1,343
14_125_002,847,325,0,325,0,5,320
14_125_003,788,307,0,307,0,0,307
14_125_004,871,338,0,338,0,1,337
14_125_005,901,357,0,357,0,3,354
14_125_006,801,340,0,340,0,1,339
14_125_007,906,417,0,417,0,1,416
14_125_008,1100,545,0,545,0,1,544
14_125_009,1011,422,0,422,0,0,422
14_125_010,967,512,1,512,0,1,511
14_125_011,993,534,0,533,-1,1,532
14_125_012,1069,575,0,575,0,5,570
14_125_013,833,424,0,423,-1,1,422
14_125_014,865,504,0,503,-1,3,500
14_125_015,1113,527,0,527,0,1,526
14_125_016,1101,562,0,562,0,0,562
14_126_001,1029,635,0,635,0,2,633
14_126_002,1455,868,0,868,0,3,865
14_126_003,1020,463,1,462,-1,2,460
14_126_004,999,509,0,509,0,0,509
14_126_005,990,534,0,534,0,0,534
14_126_006,1018,620,0,620,0,3,617
14_126_007,1016,450,0,450,0,4,446
14_126_008,1053,580,0,580,0,0,580
14_126_009,1053,496,0,496,0,2,494
14_126_010,1075,576,0,576,0,4,572
14_126_011,1005,638,0,638,0,3,635
14_126_012,980,570,0,570,0,0,570
14_126_013,1035,601,0,601,0,0,601
14_126_014,1001,552,0,552,0,0,552
14_126_015,1057,555,0,555,0,0,555
14_126_016,1042,521,0,521,0,1,520
14_126_017,1104,601,0,599,-2,1,598
14_126_018,1229,633,0,633,0,2,631
14_126_019,1251,640,0,640,0,1,639
14_126_020,1164,555,0,555,0,1,554
14_127_001,807,239,0,239,0,1,238
14_127_002,745,213,0,213,0,2,211
14_128_001,974,287,0,287,0,0,287
14_128_002,941,341,0,341,0,3,338
14_128_003,1131,286,0,286,0,1,285
14_128_004,980,340,0,340,0,1,339
14_129_001,1129,502,0,502,0,4,498
14_130_001,1095,439,0,439,0,0,439
14_130_002,979,416,0,416,0,2,414
14_131_001,765,284,0,284,0,3,281
14_131_002,852,267,0,267,0,1,266
14_131_003,900,358,0,358,0,0,358
14_131_004,957,419,0,419,0,0,419
14_131_005,832,295,0,295,0,0,295
14_131_006,1001,340,0,340,0,2,338
14_131_007,767,193,0,193,0,0,193
14_131_008,778,250,0,250,0,1,249
14_131_009,906,297,0,297,0,1,296
14_131_010,916,383,0,383,0,0,383
14_131_011,801,291,0,291,0,1,290
14_131_012,856,319,0,319,0,1,318
14_131_013,897,277,0,277,0,1,276
14_131_014,1054,361,0,361,0,3,358
14_131_015,951,274,0,274,0,0,274
14_131_016,998,369,0,369,0,1,368
14_132_001,1116,577,0,577,0,1,576
14_132_002,1133,477,1,476,-1,4,472
14_133_001,935,393,0,393,0,0,393
14_133_002,1004,469,0,469,0,3,466
14_134_001,998,403,0,403,0,0,403
14_134_002,1094,469,0,469,0,0,469
14_134_003,1005,321,0,321,0,4,317
14_134_004,807,282,0,282,0,0,282
14_134_005,1013,480,0,480,0,0,480
14_134_006,936,428,0,428,0,0,428
14_134_007,1010,356,0,356,0,1,355
14_134_008,1016,506,0,506,0,3,503
14_134_009,1402,492,0,491,-1,2,489
14_134_010,989,320,0,320,0,2,318
14_134_011,883,310,0,310,0,2,308
14_134_012,657,243,0,242,-1,2,240
14_134_013,969,425,0,425,0,2,423
14_134_014,836,421,0,421,0,2,419
14_134_015,982,399,0,399,0,3,396
14_134_016,995,512,0,512,0,3,509
14_134_017,769,353,0,353,0,1,352
14_134_018,740,355,0,355,0,2,353
14_134_019,918,424,0,424,0,1,423
14_134_020,1124,543,0,543,0,2,541
14_134_021,985,442,0,442,0,1,441
14_134_022,941,367,0,367,0,0,367
14_134_023,869,350,1,349,-1,13,336
14_134_024,1231,627,0,627,0,3,624
14_134_025,1097,462,0,462,0,0,462
14_134_026,1227,367,0,367,0,1,366
14_134_027,1258,416,0,416,0,6,410
14_134_028,1072,512,0,512,0,1,511
14_134_029,1106,412,0,411,-1,4,407
14_134_030,1010,403,0,402,-1,3,399
14_135_001,1046,453,0,453,0,3,450
14_135_002,765,351,0,351,0,0,351
14_136_001,670,275,0,275,0,2,273
14_136_002,667,273,0,273,0,0,273
14_136_003,860,411,0,411,0,2,409
14_137_001,701,296,0,296,0,3,293
14_137_002,846,347,0,347,0,1,346
14_138_001,1250,587,0,576,-11,3,573
14_138_002,1160,482,0,482,0,4,478
14_139_001,1047,579,0,579,0,3,576
14_139_002,1087,542,0,541,-1,2,539
14_139_003,812,388,0,388,0,2,386
14_139_004,757,431,0,431,0,1,430
14_140_001,1065,500,0,500,0,2,498
14_140_002,1163,522,0,522,0,1,521
14_140_003,1342,725,0,722,-3,0,722
14_140_004,1307,627,0,627,0,1,626
14_141_001,769,363,0,363,0,1,362
14_141_002,1005,415,0,415,0,3,412
14_141_003,794,372,0,372,0,0,372
14_141_004,837,315,0,315,0,2,313
14_141_005,905,391,0,391,0,4,387
14_141_006,809,375,0,375,0,0,375
14_142_001,789,256,0,256,0,5,251
14_142_002,657,191,0,191,0,10,181
14_143_001,978,327,0,327,0,0,327
14_143_002,897,256,0,256,0,0,256
14_143_003,876,244,0,244,0,0,244
14_144_001,874,329,0,329,0,3,326
14_144_002,924,346,0,346,0,2,344
14_144_003,989,250,0,250,0,2,248
14_145_001,601,177,0,177,0,2,175
14_145_002,834,266,0,266,0,3,263
14_145_003,617,214,0,214,0,2,212
14_145_004,653,180,0,180,0,0,180
14_146_001,544,154,0,154,0,0,154
14_146_002,883,327,0,327,0,0,327
14_146_003,830,289,0,289,0,3,286
14_147_001,792,269,0,268,-1,0,268
14_147_002,567,131,0,131,0,0,131
14_147_003,721,234,0,234,0,2,232
14_147_004,714,326,0,326,0,2,324
14_147_005,835,395,0,395,0,3,392
14_147_006,795,302,0,302,0,1,301
14_147_007,632,206,0,206,0,1,205
14_148_001,868,260,0,260,0,1,259
14_148_002,826,209,0,209,0,2,207
14_148_003,694,210,0,210,0,2,208
14_148_004,850,194,0,194,0,2,192
14_148_005,862,232,0,232,0,3,229
14_148_006,747,272,0,272,0,2,270
14_149_001,991,450,0,450,0,0,450
14_149_002,932,458,0,458,0,5,453
14_149_003,970,455,0,455,0,0,455
14_149_004,1200,325,0,325,0,3,322
14_149_005,429,140,2,138,-2,4,134
14_150_001,615,155,1,154,-1,0,154
14_150_002,579,192,0,192,0,4,188
14_150_003,634,211,0,211,0,0,211
14_150_004,620,211,0,211,0,0,211
14_151_001,1215,456,0,456,0,1,455
14_151_002,949,445,0,447,2,18,429
14_151_003,1259,628,0,628,0,1,627
14_151_004,1207,462,0,462,0,0,462
14_151_005,1106,477,0,477,0,5,472
14_151_006,1069,518,0,518,0,1,517
14_151_007,1087,511,0,510,-1,1,509
14_152_001,856,581,0,581,0,1,580
14_152_002,763,458,0,458,0,3,455
14_152_003,627,385,0,385,0,2,383
14_152_004,709,470,0,469,-1,2,467
14_153_001,79,49,0,49,0,0,49
14_154_001,1379,603,0,603,0,2,601
14_155_001,976,305,0,305,0,1,304
14_155_002,969,358,0,358,0,1,357
14_155_003,996,306,0,306,0,2,304
14_156_001,1082,529,0,529,0,0,529
14_157_001,820,267,0,267,0,1,266
14_157_002,830,281,0,281,0,1,280
14_157_003,1113,450,0,450,0,4,446
14_157_004,1227,506,0,505,-1,2,503
14_157_005,1076,393,0,393,0,0,393
14_157_006,1131,493,0,493,0,1,492
14_157_007,1163,452,0,452,0,0,452
14_157_008,975,350,0,350,0,1,349
14_158_001,650,323,0,323,0,1,322
14_158_002,576,277,0,277,0,0,277
14_158_003,816,427,0,427,0,2,425
14_158_004,655,310,0,310,0,1,309
14_158_005,672,370,0,370,0,0,370
14_158_006,677,398,0,398,0,1,397
14_158_007,587,259,0,259,0,0,259
14_158_008,621,353,0,352,-1,1,351
14_158_009,720,438,0,437,-1,1,436
14_158_010,841,505,0,505,0,1,504
14_158_011,757,259,0,259,0,0,259
14_158_012,752,298,0,298,0,2,296
14_158_013,604,345,1,344,-1,2,342
14_158_014,588,268,0,268,0,0,268
14_158_015,677,313,0,313,0,2,311
14_158_016,669,381,0,381,0,1,380
14_159_001,880,249,0,249,0,9,240
14_159_002,840,313,0,313,0,0,313
14_159_003,844,245,0,245,0,3,242
14_159_004,741,238,0,238,0,0,238
14_160_001,743,375,0,375,0,0,375
14_160_002,1019,139,0,139,0,1,138
14_160_003,952,363,0,363,0,1,362
14_160_004,659,209,0,209,0,3,206
14_160_005,720,294,0,294,0,2,292
14_160_006,701,312,0,312,0,1,311
14_160_007,617,288,0,288,0,0,288
14_160_008,758,296,0,296,0,1,295
14_161_001,692,333,0,333,0,0,333
14_161_002,760,361,0,361,0,0,361
14_161_003,799,369,0,369,0,0,369
14_162_001,717,267,0,267,0,1,266
14_162_002,719,306,0,306,0,4,302
14_163_001,680,226,0,226,0,2,224
14_163_002,735,282,0,282,0,1,281
14_163_003,737,182,0,182,0,1,181
14_164_001,1046,428,0,428,0,1,427
14_164_002,1056,428,0,428,0,3,425
14_165_001,1181,481,0,480,-1,1,479
14_165_002,1304,527,0,527,0,2,525
14_165_003,1062,340,0,340,0,2,338
14_165_004,1028,286,0,286,0,0,286
14_165_005,1033,344,0,344,0,0,344
14_165_006,1215,514,0,514,0,0,514
14_165_007,1140,475,0,474,-1,0,474
14_165_008,1498,567,0,567,0,2,565
14_166_001,1049,612,0,612,0,5,607
14_166_002,1224,631,0,631,0,3,628
14_166_003,1048,577,0,577,0,1,576
14_166_004,1377,754,0,751,-3,3,748
14_166_005,1161,655,0,655,0,0,655
14_167_001,1060,330,0,330,0,6,324
14_167_002,871,256,0,256,0,0,256
14_168_001,780,329,0,329,0,2,327
14_168_002,774,266,0,266,0,2,264
14_169_001,892,327,0,327,0,0,327
14_169_002,1194,578,0,578,0,0,578
14_169_003,692,357,0,357,0,1,356
14_169_004,1028,482,0,482,0,1,481
14_169_005,945,488,0,488,0,2,486
14_169_006,891,471,0,471,0,2,469
14_169_007,767,398,0,398,0,5,393
14_169_008,816,464,0,464,0,1,463
14_169_009,840,440,0,440,0,1,439
14_169_010,894,479,0,479,0,2,477
14_169_011,1316,761,0,761,0,6,755
14_169_012,663,377,0,377,0,2,375
14_169_013,682,299,0,299,0,0,299
14_169_014,813,373,0,373,0,0,373
14_169_015,1018,480,0,480,0,9,471
14_169_016,659,280,0,280,0,1,279
14_169_017,778,332,0,332,0,2,330
14_169_018,977,311,0,311,0,2,309
14_169_019,593,354,0,354,0,1,353
14_169_020,951,547,0,547,0,0,547
14_169_021,1015,536,0,536,0,5,531
14_169_022,645,341,0,341,0,0,341
14_169_023,970,524,0,524,0,2,522
14_169_024,1163,558,0,558,0,1,557
14_169_025,1095,544,0,544,0,3,541
14_169_026,655,318,0,318,0,3,315
14_169_027,840,335,0,335,0,0,335
14_169_028,882,485,0,485,0,1,484
14_169_029,1155,480,0,480,0,3,477
14_169_030,1249,697,0,697,0,2,695
14_170_001,1213,555,0,554,-1,1,553
14_171_001,715,258,0,258,0,1,257
14_172_001,736,331,0,331,0,1,330
14_172_002,761,333,0,333,0,0,333
14_173_001,392,185,0,185,0,1,184
14_174_001,690,332,0,332,0,4,328
14_174_002,805,386,0,386,0,0,386
14_175_001,882,314,0,314,0,2,312
14_175_002,844,319,0,319,0,1,318
14_176_001,614,256,0,256,0,1,255
14_176_002,588,237,0,237,0,5,232
14_177_001,574,275,0,275,0,0,275
14_177_002,585,267,0,267,0,1,266
14_177_003,620,305,0,305,0,0,305
14_177_004,603,279,0,279,0,0,279
14_177_005,813,473,0,473,0,2,471
14_177_006,675,318,0,318,0,2,316
14_177_007,670,247,0,247,0,2,245
14_177_008,598,224,0,224,0,0,224
14_177_009,607,231,0,231,0,2,229
14_177_010,627,232,0,232,0,2,230
14_177_011,625,268,0,268,0,1,267
14_177_012,725,302,0,302,0,2,300
14_177_013,738,286,0,286,0,0,286
14_177_014,762,301,0,301,0,0,301
14_177_015,797,369,0,369,0,4,365
14_177_016,614,282,0,282,0,1,281
14_177_017,662,269,0,269,0,1,268
14_177_018,624,281,0,281,0,4,277
14_177_019,734,295,0,295,0,0,295
14_177_020,712,310,0,309,-1,1,308
14_177_021,798,268,0,268,0,0,268
14_177_022,874,319,0,319,0,1,318
14_177_023,792,309,0,309,0,1,308
14_177_024,818,318,0,318,0,0,318
14_178_001,965,446,0,446,0,0,446
14_178_002,841,411,0,411,0,1,410
14_178_003,1182,567,0,567,0,5,562
14_178_004,973,399,0,399,0,0,399
14_178_005,789,342,0,342,0,1,341
14_178_006,816,381,0,381,0,2,379
14_178_007,884,505,0,505,0,0,505
14_178_008,899,437,0,437,0,2,435
14_178_009,934,443,0,443,0,1,442
14_178_010,1007,530,0,530,0,2,528
14_178_011,858,466,0,466,0,1,465
14_178_012,878,453,0,453,0,2,451
14_178_013,780,387,0,387,0,0,387
14_178_014,972,434,0,434,0,0,434
14_178_015,833,372,1,371,-1,0,371
14_178_016,821,339,0,339,0,1,338
14_179_001,946,541,0,541,0,2,539
14_179_002,1085,577,0,577,0,5,572
14_179_003,971,501,0,501,0,2,499
14_180_001,1086,385,0,385,0,1,384
14_181_001,891,565,0,563,-2,6,557
14_181_002,653,312,0,312,0,1,311
14_182_001,1047,597,0,597,0,5,592
14_183_001,1154,645,0,645,0,4,641
14_183_002,1203,543,0,542,-1,0,542
14_183_003,920,434,0,433,-1,2,431
14_183_004,995,494,2,492,-2,6,486
14_184_001,969,404,0,404,0,0,404
14_184_002,1036,361,0,361,0,2,359
14_185_001,868,246,0,246,0,1,245
14_185_002,757,299,0,299,0,1,298
14_186_001,742,497,0,497,0,1,496
14_187_001,1094,397,0,397,0,0,397
14_187_002,776,289,0,289,0,2,287
14_187_003,952,316,0,316,0,6,310
14_187_004,950,277,0,277,0,2,275
15_001_001,204,84,0,84,0,1,83
15_002_001,711,262,0,262,0,2,260
15_002_002,89,40,0,40,0,0,40
15_003_001,773,279,0,279,0,1,278
15_003_002,972,314,0,314,0,3,311
15_004_001,640,193,0,193,0,0,193
15_004_002,565,151,0,151,0,1,150
15_005_001,154,49,0,49,0,0,49
15_006_001,935,505,0,505,0,3,502
15_007_001,1160,671,0,670,-1,0,670
15_007_002,778,323,0,323,0,1,322
15_007_003,833,405,0,405,0,2,403
15_007_004,851,381,0,381,0,1,380
15_007_005,783,389,0,389,0,0,389
15_007_006,574,225,0,225,0,0,225
15_008_001,1111,429,0,429,0,0,429
15_009_001,1037,618,0,616,-2,1,615
15_009_002,856,372,0,372,0,1,371
15_009_003,106,47,0,47,0,0,47
15_010_001,1081,666,0,665,-1,2,663
15_010_002,1011,542,0,542,0,1,541
15_011_001,683,325,0,325,0,3,322
15_011_002,720,320,0,320,0,0,320
15_012_001,847,318,0,318,0,0,318
15_012_002,1081,600,0,600,0,3,597
15_012_003,738,346,1,345,-1,1,344
15_012_004,698,319,0,319,0,0,319
15_012_005,850,365,0,365,0,3,362
15_013_001,710,398,1,397,-1,4,393
15_014_001,448,224,0,224,0,1,223
15_015_001,703,354,0,354,0,0,354
15_015_002,568,197,0,197,0,1,196
15_015_003,515,177,0,177,0,0,177
15_015_004,578,246,0,246,0,1,245
15_016_001,1081,664,0,664,0,3,661
15_016_002,897,401,0,401,0,0,401
15_017_001,879,461,0,461,0,2,459
15_017_002,703,407,0,407,0,1,406
15_018_001,667,327,0,327,0,1,326
15_018_002,636,282,0,282,0,1,281
15_019_001,421,206,0,206,0,0,206
15_020_001,1021,382,0,382,0,0,382
15_020_002,960,439,0,439,0,5,434
15_020_003,555,246,0,246,0,1,245
15_020_004,1152,266,0,266,0,4,262
15_020_005,1061,362,0,362,0,0,362
15_020_006,1125,521,0,521,0,5,516
15_020_007,1079,410,0,410,0,4,406
15_020_008,1101,416,0,416,0,1,415
15_020_009,519,207,0,207,0,0,207
15_020_010,252,91,0,91,0,0,91
15_021_001,640,235,0,235,0,2,233
15_022_001,624,176,0,176,0,2,174
15_023_001,486,153,0,153,0,0,153
15_024_001,928,339,0,339,0,5,334
15_025_001,302,91,0,91,0,2,89
15_026_001,451,130,0,130,0,2,128
15_027_001,848,345,0,345,0,1,344
15_027_002,1058,349,0,349,0,0,349
15_028_001,285,120,0,120,0,0,120
15_029_001,307,134,0,134,0,2,132
15_030_001,349,119,0,119,0,0,119
15_031_001,544,147,0,147,0,1,146
15_032_001,208,77,0,77,0,0,77
15_033_001,902,292,0,292,0,2,290
15_033_002,912,322,0,322,0,2,320
15_034_001,407,183,0,183,0,0,183
15_035_001,629,242,0,242,0,1,241
15_035_002,407,155,0,155,0,2,153
15_036_001,220,45,0,45,0,0,45
15_037_001,192,46,0,46,0,0,46
15_038_001,171,93,0,93,0,0,93
15_039_001,608,214,0,213,-1,0,213
15_039_002,614,186,0,186,0,1,185
15_040_001,367,180,0,180,0,0,180
15_041_001,209,76,0,76,0,1,75
15_042_001,781,226,0,226,0,2,224
15_043_001,220,98,0,98,0,1,97
15_044_001,580,209,0,209,0,0,209
15_044_002,716,241,0,241,0,2,239
15_044_003,788,313,0,313,0,1,312
15_044_004,802,339,0,339,0,1,338
15_044_005,618,280,0,280,0,2,278
15_044_006,554,225,0,225,0,0,225
15_045_001,129,52,0,52,0,0,52
15_046_001,702,246,0,246,0,2,244
15_047_001,110,53,0,53,0,2,51
15_048_001,194,94,0,94,0,0,94
15_049_001,149,88,0,88,0,0,88
15_050_001,147,58,0,58,0,0,58
15_051_001,296,116,0,116,0,0,116
15_052_001,104,45,0,45,0,0,45
15_053_001,244,90,0,90,0,0,90
15_054_001,1287,736,0,735,-1,2,733
15_054_002,1067,544,0,544,0,2,542
15_054_003,1087,522,0,522,0,2,520
15_054_004,1036,401,0,401,0,3,398
15_055_001,61,30,0,30,0,0,30
15_056_001,76,42,0,42,0,0,42
15_057_001,275,96,0,96,0,2,94
15_058_001,473,170,0,170,0,1,169
15_058_002,90,27,0,27,0,0,27
15_059_001,188,81,0,81,0,0,81
15_060_001,276,81,0,81,0,2,79
15_061_001,615,202,0,202,0,1,201
15_061_002,82,27,0,27,0,0,27
15_062_001,393,117,0,117,0,1,116
15_062_002,494,111,0,111,0,0,111
15_063_001,809,320,0,320,0,1,319
15_064_001,234,96,0,96,0,1,95
15_065_001,175,61,0,61,0,0,61
15_066_001,292,99,0,99,0,1,98
15_067_001,570,187,0,187,0,3,184
15_068_001,308,85,0,85,0,1,84
15_069_001,284,99,0,99,0,1,98
15_070_001,205,72,0,72,0,0,72
15_071_001,950,395,0,395,0,2,393
15_072_001,192,76,0,76,0,1,75
15_073_001,865,200,0,200,0,0,200
15_074_001,38,18,0,18,0,0,18
15_075_001,1073,446,0,446,0,2,444
15_076_001,377,131,0,131,0,0,131
15_077_001,979,297,0,297,0,1,296
15_078_001,974,242,0,242,0,3,239
15_079_001,378,98,1,98,0,0,98
15_080_001,498,189,0,189,0,1,188
15_081_001,973,422,0,422,0,2,420
15_082_001,670,213,0,212,-1,3,209
15_082_002,648,192,0,192,0,2,190
15_082_003,705,227,0,227,0,1,226
15_083_001,528,171,0,171,0,0,171
15_084_001,676,276,0,276,0,3,273
15_084_002,628,198,0,198,0,3,195
15_085_001,84,47,0,47,0,0,47
15_086_001,352,122,0,122,0,0,122
15_087_001,244,58,0,58,0,0,58
15_088_001,682,254,0,254,0,0,254
15_088_002,636,233,0,233,0,4,229
15_088_003,628,278,0,278,0,4,274
15_089_001,841,354,0,354,0,6,348
15_090_001,578,263,0,263,0,0,263
15_091_001,1031,431,0,431,0,2,429
15_091_002,686,307,0,307,0,1,306
15_091_003,830,292,0,292,0,0,292
15_091_004,664,272,0,272,0,2,270
15_091_005,954,411,0,411,0,0,411
15_091_006,1020,491,0,491,0,1,490
15_091_007,1011,455,0,454,-1,0,454
15_091_008,860,309,0,309,0,2,307
15_091_009,761,269,0,269,0,0,269
15_091_010,602,275,0,275,0,0,275
15_091_011,685,312,0,312,0,0,312
15_091_012,909,423,0,423,0,0,423
15_091_013,737,290,0,290,0,0,290
15_091_014,611,282,1,282,0,2,280
15_091_015,789,364,0,364,0,6,358
15_091_016,1144,508,0,508,0,2,506
15_091_017,1069,567,1,566,-1,2,564
15_091_018,756,334,0,334,0,1,333
15_091_019,595,216,0,216,0,2,214
15_091_020,739,285,0,285,0,0,285
15_091_021,1037,479,0,479,0,5,474
15_091_022,1060,433,0,433,0,3,430
15_091_023,1106,547,0,547,0,1,546
15_091_024,1323,499,0,497,-2,9,488
15_091_025,717,308,0,308,0,1,307
15_091_026,770,361,0,361,0,2,359
15_091_027,739,281,0,281,0,0,281
15_091_028,690,290,0,290,0,1,289
15_091_029,767,298,0,296,-2,0,296
15_091_030,1122,496,0,496,0,2,494
15_091_031,995,417,0,417,0,1,416
15_091_032,785,277,0,277,0,0,277
15_091_033,877,377,0,377,0,1,376
15_091_034,750,396,0,396,0,1,395
15_091_035,758,394,0,394,0,3,391
15_091_036,1143,572,0,570,-2,1,569
15_091_037,911,421,0,420,-1,0,420
15_091_038,929,436,0,436,0,2,434
15_091_039,1095,470,0,470,0,0,470
15_091_040,821,444,0,444,0,3,441
15_091_041,884,441,0,441,0,3,438
15_091_042,838,469,0,469,0,3,466
15_091_043,864,490,1,489,-1,3,486
15_091_044,815,449,0,449,0,3,446
15_091_045,865,414,1,412,-2,2,410
15_091_046,794,394,0,394,0,0,394
15_091_047,668,363,0,359,-4,8,351
15_091_048,611,328,0,327,-1,0,327
15_091_049,682,364,0,364,0,1,363
15_091_050,937,441,0,441,0,4,437
15_091_051,819,274,0,274,0,3,271
15_091_052,1228,570,0,570,0,1,569
15_091_053,631,265,0,265,0,1,264
15_091_054,1034,318,0,317,-1,9,308
15_091_055,933,184,0,184,0,4,180
15_091_056,737,327,0,327,0,2,325
15_091_057,1082,474,0,474,0,0,474
15_091_058,876,341,0,341,0,1,340
15_091_059,1047,580,0,579,-1,2,577
15_092_001,565,249,0,249,0,1,248
15_092_002,622,213,0,213,0,0,213
15_093_001,178,61,0,61,0,1,60
15_094_001,89,56,0,56,0,0,56
15_095_001,226,87,0,87,0,3,84
15_096_001,457,131,0,131,0,1,130
15_097_001,347,116,0,116,0,0,116
15_098_001,43,25,0,25,0,1,24
15_099_001,260,102,0,102,0,1,101
15_100_001,287,92,0,92,0,0,92
15_101_001,447,172,0,172,0,0,172
15_102_001,588,191,0,191,0,0,191
15_102_002,507,218,0,218,0,1,217
15_102_003,613,244,0,244,0,2,242
15_103_001,143,49,0,49,0,0,49
15_104_001,303,89,0,89,0,2,87
15_105_001,308,117,0,117,0,4,113
15_106_001,120,41,0,41,0,0,41
15_107_001,185,77,0,77,0,0,77
15_108_001,706,219,0,219,0,0,219
15_109_001,148,73,0,73,0,1,72
15_110_001,419,164,0,164,0,2,162
15_111_001,277,67,0,67,0,3,64
15_111_002,131,32,0,32,0,1,31
15_112_001,1234,543,0,543,0,2,541
15_113_001,520,183,0,183,0,2,181
15_113_002,575,166,0,166,0,0,166
15_114_001,477,168,0,168,0,0,168
15_115_001,440,92,0,92,0,0,92
15_116_001,808,222,0,222,0,0,222
15_116_002,701,261,0,261,0,2,259
15_117_001,542,215,0,215,0,0,215
15_117_002,623,228,1,227,-1,1,226
15_118_001,788,317,0,317,0,0,317
15_118_002,751,236,0,236,0,0,236
15_118_003,841,212,0,212,0,4,208
15_119_001,29,20,0,20,0,0,20
15_120_001,185,75,0,75,0,0,75
15_121_001,530,209,0,209,0,2,207
15_121_002,153,77,0,77,0,0,77
15_122_001,484,188,0,188,0,1,187
15_123_001,1000,332,0,332,0,1,331
15_123_002,176,67,0,67,0,0,67
15_123_003,907,395,0,395,0,2,393
15_123_004,1171,438,0,438,0,1,437
15_123_005,1143,498,0,498,0,3,495
15_123_006,1087,461,0,461,0,2,459
15_123_007,1157,411,0,411,0,2,409
15_123_008,854,362,0,362,0,1,361
15_123_009,1115,398,0,398,0,2,396
15_123_010,385,156,0,156,0,2,154
15_123_011,75,36,0,36,0,0,36
15_123_012,283,85,0,85,0,0,85
15_124_001,513,237,0,237,0,1,236
15_124_002,452,151,0,151,0,1,150
15_124_003,112,38,0,38,0,0,38
15_125_001,594,205,0,205,0,1,204
15_125_002,413,201,0,201,0,1,200
15_126_001,948,223,0,223,0,0,223
15_127_001,480,127,0,127,0,4,123
15_128_001,167,78,0,78,0,1,77
15_129_001,754,278,0,278,0,3,275
15_130_001,217,71,0,71,0,0,71
15_130_002,1046,469,0,469,0,2,467
15_130_003,1081,457,0,457,0,2,455
15_130_004,1236,509,0,509,0,4,505
15_130_005,1065,499,0,498,-1,2,496
15_130_006,1108,494,0,494,0,4,490
15_130_007,1128,425,0,425,0,0,425
15_130_008,1050,433,0,433,0,1,432
15_130_009,896,305,0,305,0,0,305
15_131_001,862,259,0,259,0,6,253
15_131_002,814,215,0,215,0,2,213
15_131_003,796,166,0,166,0,2,164
15_132_001,1106,310,0,310,0,4,306
15_133_001,1131,387,0,387,0,0,387
15_134_001,286,148,0,148,0,4,144
15_135_001,414,136,0,136,0,0,136
15_136_001,319,104,0,104,0,0,104
15_137_001,486,153,0,153,0,0,153
15_138_001,505,117,0,117,0,1,116
15_139_001,79,40,0,40,0,1,39
15_140_001,501,163,0,163,0,2,161
15_141_001,528,200,0,200,0,1,199
15_142_001,270,105,0,105,0,1,104
15_143_001,441,197,0,197,0,0,197
15_144_001,662,264,0,264,0,2,262
15_145_001,585,207,0,207,0,3,204
15_146_001,558,161,0,160,-1,3,157
15_146_002,583,174,0,174,0,1,173
15_147_001,639,160,0,160,0,1,159
15_148_001,98,30,0,30,0,0,30
15_148_002,298,133,0,133,0,0,133
15_149_001,199,80,0,80,0,0,80
15_150_001,255,129,0,129,0,4,125
15_151_001,50,25,0,25,0,0,25
15_152_001,202,64,0,64,0,2,62
15_153_001,216,73,0,73,0,0,73
15_154_001,130,56,0,55,-1,1,54
15_155_001,389,116,0,116,0,0,116
15_156_001,171,74,0,74,0,0,74
15_157_001,158,84,0,84,0,1,83
15_158_001,220,83,0,83,0,0,83
15_159_001,73,35,0,35,0,0,35
15_160_001,155,55,0,55,0,0,55
15_161_001,461,173,0,173,0,0,173
15_161_002,114,34,0,34,0,0,34
15_162_001,318,130,0,130,0,2,128
15_163_001,375,146,0,146,0,1,145
15_164_001,144,40,0,40,0,2,38
15_165_001,123,61,1,60,-1,0,60
15_166_001,310,64,0,64,0,1,63
15_167_001,237,68,1,67,-1,0,67
15_168_001,33,12,0,12,0,0,12
15_169_001,764,313,0,313,0,3,310
15_169_002,775,248,0,248,0,1,247
15_170_001,418,182,0,182,0,0,182
15_171_001,347,118,0,118,0,0,118
15_172_001,900,194,0,194,0,5,189
15_172_002,1004,263,0,263,0,0,263
15_173_001,119,55,0,55,0,0,55
15_174_001,305,123,0,123,0,1,122
15_175_001,262,127,0,127,0,1,126
15_175_002,649,310,0,310,0,2,308
15_175_003,574,283,0,283,0,0,283
15_175_004,1080,802,0,802,0,1,801
15_175_005,1210,594,0,594,0,3,591
15_175_006,831,440,0,440,0,0,440
15_175_007,952,460,0,459,-1,0,459
15_175_008,847,440,0,439,-1,2,437
15_175_009,967,534,0,534,0,2,532
15_175_010,1112,523,0,523,0,2,521
15_175_011,656,326,0,326,0,0,326
15_175_012,582,307,0,307,0,0,307
15_175_013,905,409,0,409,0,0,409
15_175_014,776,360,0,360,0,1,359
15_175_015,826,390,0,390,0,2,388
15_175_016,841,440,0,440,0,2,438
15_175_017,1170,421,0,421,0,1,420
15_175_018,1076,438,0,438,0,1,437
15_175_019,1167,431,0,431,0,1,430
15_175_020,1301,521,0,521,0,6,515
15_175_021,1326,580,0,579,-1,0,579
15_175_022,275,130,0,130,0,0,130
15_175_023,695,318,0,318,0,0,318
15_175_024,646,337,0,337,0,0,337
15_176_001,529,169,0,169,0,2,167
15_177_001,553,200,0,200,0,2,198
15_178_001,323,97,0,97,0,0,97
15_179_001,127,44,0,44,0,0,44
15_180_001,108,32,0,32,0,0,32
15_181_001,464,187,0,187,0,0,187
15_181_002,146,55,0,55,0,0,55
15_182_001,401,154,0,154,0,0,154
15_183_001,69,34,0,34,0,0,34
15_184_001,115,59,0,59,0,0,59
15_185_001,116,47,0,47,0,4,43
15_186_001,162,60,0,60,0,1,59
15_187_001,392,165,0,165,0,1,164
15_188_001,333,83,0,83,0,3,80
15_189_001,546,208,0,208,0,2,206
15_189_002,737,251,0,251,0,0,251
15_190_001,398,143,0,143,0,0,143
15_191_001,487,160,0,160,0,2,158
15_192_001,1027,260,0,260,0,4,256
15_193_001,53,32,0,32,0,0,32
15_194_001,472,141,0,141,0,1,140
15_195_001,547,176,0,176,0,1,175
15_196_001,558,227,0,227,0,0,227
15_196_002,720,221,0,221,0,2,219
15_197_001,364,136,0,136,0,0,136
15_198_001,441,169,0,169,0,2,167
15_198_002,414,146,0,146,0,1,145
15_199_001,599,195,0,195,0,2,193
15_200_001,768,327,0,327,0,4,323
15_200_002,465,150,0,150,0,1,149
15_200_003,112,36,0,36,0,0,36
15_201_001,258,75,0,75,0,0,75
15_201_002,167,69,0,69,0,2,67
15_202_001,250,112,0,112,0,1,111
15_203_001,430,131,0,131,0,1,130
15_204_001,627,371,0,371,0,4,367
15_205_001,152,77,0,77,0,1,76
15_206_001,572,278,0,278,0,3,275
15_207_001,318,144,0,144,0,2,142
15_208_001,267,143,0,143,0,1,142
15_209_001,97,44,0,44,0,0,44
15_210_001,392,142,0,142,0,0,142
15_211_001,240,87,0,87,0,2,85
15_212_001,161,66,0,66,0,1,65
15_213_001,79,46,0,46,0,0,46
15_214_001,490,244,0,242,-2,0,242
15_215_001,203,81,0,81,0,0,81
15_216_001,471,176,0,176,0,0,176
15_216_002,520,180,0,180,0,0,180
15_217_001,494,216,0,216,0,1,215
15_218_001,659,224,0,224,0,1,223
15_218_002,717,300,0,300,0,3,297
15_218_003,630,207,0,207,0,0,207
15_218_004,746,277,0,277,0,1,276
15_218_005,757,322,0,322,0,0,322
15_219_001,497,151,0,151,0,0,151
15_220_001,465,146,0,146,0,4,142
15_220_002,458,131,0,131,0,1,130
15_221_001,784,329,0,329,0,4,325
15_221_002,846,305,0,305,0,2,303
15_222_001,283,127,0,127,0,1,126
15_223_001,163,53,0,53,0,0,53
15_224_001,348,97,0,97,0,1,96
15_225_001,101,26,0,26,0,1,25
15_226_001,195,83,0,83,0,0,83
15_227_001,185,82,0,82,0,0,82
15_228_001,346,123,0,123,0,0,123
15_229_001,92,36,0,36,0,0,36
15_229_002,99,53,0,53,0,0,53
15_230_001,114,50,0,50,0,0,50
15_231_001,381,172,0,172,0,1,171
15_232_001,586,180,0,180,0,0,180
15_233_001,170,61,0,61,0,0,61
15_234_001,152,85,0,85,0,0,85
15_235_001,465,143,0,143,0,0,143
15_236_001,349,170,0,170,0,3,167
15_237_001,216,91,0,91,0,1,90
15_238_001,1233,741,0,741,0,1,740
15_238_002,1122,550,0,550,0,2,548
15_239_001,406,175,0,175,0,0,175
15_239_002,509,228,0,228,0,5,223
15_240_001,278,108,2,107,-1,1,106
15_241_001,437,149,0,149,0,2,147
15_242_001,196,73,0,73,0,2,71
15_243_001,357,147,0,147,0,0,147
15_244_001,345,169,0,169,0,1,168
15_245_001,426,139,0,139,0,0,139
15_246_001,1235,623,0,623,0,5,618
16_001_001,990,418,0,418,0,1,417
16_001_002,936,457,0,457,0,5,452
16_001_003,1161,398,0,398,0,2,396
16_002_001,810,261,0,261,0,2,259
16_002_002,792,163,0,163,0,0,163
16_003_001,651,227,0,227,0,0,227
16_003_002,626,198,0,198,0,6,192
16_003_003,661,194,0,194,0,3,191
16_004_001,755,264,0,264,0,0,264
16_004_002,787,301,0,301,0,1,300
16_005_001,750,561,0,561,0,25,536
16_005_002,840,607,0,607,0,5,602
16_005_003,1169,894,0,894,0,19,875
16_006_001,826,303,0,303,0,1,302
16_006_002,988,337,0,337,0,2,335
16_006_003,1117,364,0,364,0,4,360
16_006_004,345,104,1,103,-1,1,102
16_006_005,647,164,0,164,0,7,157
16_006_006,1047,241,0,241,0,0,241
16_007_001,618,257,0,257,0,1,256
16_008_001,824,369,0,369,0,8,361
16_009_001,556,215,0,215,0,6,209
16_010_001,382,172,0,172,0,1,171
16_011_001,788,387,0,387,0,9,378
16_012_001,764,345,0,345,0,7,338
16_013_001,621,316,0,316,0,2,314
16_014_001,570,261,0,261,0,3,258
16_015_001,775,196,0,196,0,1,195
16_016_001,1117,379,0,379,0,7,372
16_017_001,688,243,0,243,0,6,237
16_018_001,575,214,0,214,0,7,207
16_018_002,635,194,0,194,0,0,194
16_018_003,604,191,0,191,0,1,190
16_018_004,622,150,0,150,0,3,147
16_019_001,593,250,0,249,-1,4,245
16_019_002,666,212,0,212,0,0,212
16_019_003,549,176,0,176,0,0,176
16_020_001,533,252,0,252,0,0,252
16_021_001,426,247,0,247,0,3,244
16_022_001,507,221,0,221,0,1,220
16_023_001,309,128,0,128,0,0,128
16_024_001,556,233,1,232,-1,2,230
16_025_001,748,269,0,269,0,1,268
16_025_002,822,363,0,363,0,1,362
16_025_003,929,392,0,392,0,8,384
16_025_004,733,345,0,345,0,4,341
16_025_005,830,324,0,324,0,3,321
16_026_001,671,272,0,272,0,4,268
16_027_001,663,401,0,400,-1,5,395
16_028_001,132,46,0,46,0,0,46
16_029_001,619,285,0,285,0,0,285
16_029_002,903,375,0,375,0,7,368
16_029_003,981,318,0,318,0,5,313
16_029_004,661,278,0,278,0,1,277
16_029_005,235,78,0,78,0,1,77
16_030_001,1062,278,0,278,0,1,277
16_030_002,1026,380,0,379,-1,7,372
16_030_003,921,367,0,367,0,1,366
16_031_001,902,270,0,270,0,3,267
16_031_002,864,283,0,283,0,5,278
16_032_001,669,254,0,254,0,1,253
16_032_002,745,337,0,337,0,1,336
16_033_001,896,312,0,312,0,10,302
16_034_001,641,246,0,246,0,3,243
16_034_002,683,229,0,229,0,4,225
16_035_001,490,118,0,118,0,2,116
16_035_002,712,251,0,251,0,2,249
16_035_003,177,55,0,55,0,0,55
16_036_001,933,429,0,429,0,2,427
16_036_002,995,529,0,529,0,2,527
16_036_003,877,377,0,377,0,3,374
16_036_004,900,444,0,444,0,1,443
16_036_005,925,482,0,482,0,1,481
16_036_006,952,433,0,433,0,4,429
16_036_007,966,340,0,340,0,0,340
16_037_001,1048,503,0,503,0,2,501
16_037_002,1011,336,0,336,0,3,333
16_038_001,367,146,0,146,0,1,145
16_039_001,241,150,0,150,0,3,147
16_040_001,650,190,0,190,0,0,190
16_041_001,115,74,0,74,0,0,74
16_042_001,923,302,0,302,0,6,296
16_042_002,933,342,0,342,0,6,336
16_042_003,893,296,0,296,0,3,293
16_043_001,507,200,0,200,0,7,193
16_044_001,642,255,0,255,0,1,254
16_045_001,752,290,0,290,0,0,290
16_045_002,711,225,0,224,-1,1,223
16_046_001,426,218,0,218,0,2,216
16_047_001,831,251,0,251,0,2,249
16_047_002,732,202,0,202,0,0,202
16_048_001,820,373,0,373,0,7,366
16_049_001,109,46,0,46,0,0,46
16_050_001,1233,441,0,441,0,6,435
16_051_001,776,216,0,216,0,1,215
16_051_002,815,170,0,170,0,0,170
16_052_001,227,110,0,110,0,1,109
16_053_001,985,426,0,426,0,1,425
16_054_001,229,88,0,88,0,1,87
16_055_001,247,104,0,104,0,0,104
16_056_001,885,198,0,198,0,3,195
16_056_002,756,151,0,150,-1,2,148
16_056_003,793,141,0,141,0,1,140
16_057_001,1002,312,0,312,0,0,312
16_057_002,962,356,0,356,0,0,356
16_057_003,1053,304,0,304,0,1,303
16_057_004,1071,193,0,193,0,0,193
16_057_005,1067,278,0,278,0,1,277
16_057_006,177,60,0,60,0,2,58
16_058_001,971,463,0,463,0,7,456
16_059_001,633,329,0,329,0,3,326
16_060_001,1374,622,0,622,0,5,617
16_061_001,1044,367,0,367,0,2,365
16_062_001,632,225,0,225,0,8,217
16_063_001,619,202,0,202,0,0,202
16_063_002,732,232,0,232,0,0,232
16_063_003,592,229,0,229,0,2,227
16_063_004,862,286,2,284,-2,2,282
16_063_005,220,80,0,80,0,1,79
16_064_001,738,232,0,232,0,3,229
16_064_002,606,216,0,216,0,3,213
16_064_003,174,62,0,62,0,0,62
16_065_001,725,256,0,256,0,1,255
16_065_002,915,261,0,261,0,4,257
16_066_001,1090,521,0,521,0,5,516
16_066_002,1048,490,0,490,0,7,483
16_066_003,783,403,0,402,-1,6,396
16_066_004,991,459,0,459,0,8,451
16_067_001,746,253,0,253,0,1,252
16_067_002,798,270,0,270,0,0,270
16_068_001,615,276,0,276,0,1,275
16_068_002,599,250,0,250,0,4,246
16_069_001,242,133,0,133,0,0,133
16_070_001,828,348,0,348,0,7,341
16_071_001,57,38,0,38,0,1,37
16_072_001,1294,473,0,473,0,0,473
16_073_001,221,97,0,97,0,6,91
16_074_001,606,165,0,165,0,0,165
16_075_001,430,225,0,225,0,1,224
16_076_001,841,325,0,325,0,0,325
16_077_001,761,287,0,287,0,4,283
16_077_002,943,353,0,353,0,3,350
16_077_003,732,301,0,301,0,1,300
16_077_004,972,400,0,400,0,2,398
16_077_005,1123,458,0,458,0,7,451
16_077_006,704,336,0,336,0,6,330
16_077_007,862,291,0,291,0,1,290
16_077_008,967,396,0,396,0,5,391
16_077_009,829,291,0,291,0,2,289
16_077_010,854,370,0,370,0,6,364
16_077_011,841,413,0,413,0,3,410
16_077_012,622,296,0,296,0,1,295
16_077_013,922,315,0,315,0,3,312
16_077_014,841,375,0,375,0,2,373
16_077_015,792,301,0,301,0,5,296
16_077_016,819,306,0,306,0,5,301
16_078_001,967,378,0,378,0,5,373
16_078_002,630,258,0,258,0,0,258
16_078_003,742,266,1,266,0,1,265
16_079_001,111,41,0,41,0,0,41
16_080_001,1103,324,0,324,0,3,321
16_081_001,1245,286,0,286,0,1,285
16_081_002,1219,315,0,315,0,1,314
16_081_003,1216,381,0,381,0,1,380
16_082_001,1095,422,0,419,-3,2,417
16_083_001,492,183,0,183,0,4,179
16_084_001,789,319,0,319,0,6,313
16_085_001,783,273,0,273,0,0,273
16_085_002,759,267,0,267,0,1,266
16_085_003,818,262,0,262,0,9,253
16_086_001,770,246,0,246,0,0,246
16_087_001,417,199,0,199,0,3,196
16_088_001,228,110,0,110,0,0,110
16_089_001,705,233,0,233,0,5,228
16_090_001,243,100,0,100,0,1,99
16_091_001,700,269,0,269,0,8,261
16_091_002,752,276,0,276,0,2,274
16_091_003,1004,250,0,250,0,4,246
16_091_004,843,360,0,360,0,3,357
16_092_001,851,424,0,424,0,4,420
16_092_002,855,237,0,237,0,3,234
16_093_001,522,195,0,195,0,5,190
16_094_001,1130,451,0,451,0,2,449
16_094_002,697,338,0,338,0,1,337
16_094_003,721,343,0,343,0,5,338
16_094_004,788,373,0,373,0,0,373
16_094_005,762,284,0,284,0,1,283
16_094_006,821,357,0,357,0,2,355
16_094_007,905,352,0,352,0,2,350
16_094_008,697,294,0,294,0,1,293
16_094_009,918,432,0,432,0,1,431
16_094_010,790,357,0,357,0,2,355
16_094_011,819,323,0,323,0,1,322
16_094_012,1037,406,0,406,0,5,401
16_094_013,823,362,0,362,0,2,360
16_094_014,777,317,0,317,0,2,315
16_094_015,923,397,1,397,0,5,392
16_094_016,942,435,0,435,0,0,435
16_095_001,253,74,0,74,0,2,72
16_096_001,828,254,0,254,0,2,252
16_097_001,570,215,0,215,0,5,210
16_098_001,1057,371,0,371,0,1,370
16_098_002,625,259,0,259,0,0,259
16_099_001,760,384,0,384,0,2,382
16_100_001,528,245,0,245,0,0,245
16_101_001,925,255,0,255,0,2,253
16_101_002,224,69,0,69,0,0,69
16_101_003,107,44,0,43,-1,0,43
16_102_001,831,251,0,251,0,4,247
16_102_002,849,272,0,272,0,4,268
16_103_001,1040,310,0,310,0,1,309
16_103_002,559,153,0,153,0,0,153
16_103_003,834,219,0,219,0,0,219
16_103_004,691,133,0,133,0,0,133
16_103_005,990,137,0,137,0,3,134
16_103_006,800,230,0,230,0,2,228
16_104_001,712,224,0,224,0,6,218
16_104_002,631,172,0,172,0,1,171
16_104_003,798,184,0,184,0,1,183
16_104_004,834,154,0,154,0,1,153
16_104_005,770,225,0,225,0,1,224
16_104_006,778,181,0,181,0,1,180
16_105_001,121,63,0,63,0,1,62
16_106_001,994,417,0,417,0,5,412
16_106_002,1036,326,0,326,0,2,324
16_106_003,1012,332,0,332,0,2,330
16_106_004,940,319,0,319,0,6,313
16_106_005,929,357,0,357,0,6,351
16_106_006,996,330,1,329,-1,6,323
16_106_007,939,335,0,335,0,1,334
16_106_008,1014,396,0,396,0,2,394
16_107_001,453,157,0,157,0,3,154
16_108_001,1157,477,0,477,0,3,474
16_109_001,950,355,0,355,0,0,355
16_109_002,1004,309,1,308,-1,9,299
16_109_003,1156,281,0,281,0,1,280
16_110_001,748,338,0,338,0,5,333
16_111_001,98,53,0,53,0,3,50
16_112_001,1397,357,0,357,0,9,348
16_112_002,1142,429,0,429,0,2,427
16_112_003,1071,401,0,401,0,1,400
16_112_004,1129,489,0,489,0,2,487
16_112_005,1160,472,0,472,0,1,471
16_112_006,1226,587,0,587,0,3,584
16_112_007,1187,404,0,404,0,1,403
16_112_008,1159,531,0,531,0,3,528
16_113_001,693,245,0,245,0,0,245
16_113_002,828,336,0,336,0,3,333
16_113_003,627,213,0,213,0,1,212
16_114_001,914,679,0,679,0,13,666
16_114_002,757,557,0,557,0,5,552
16_114_003,834,601,0,601,0,8,593
16_115_001,593,195,0,195,0,2,193
16_115_002,874,229,0,229,0,5,224
16_115_003,855,343,0,343,0,1,342
16_116_001,1111,471,0,471,0,4,467
16_116_002,643,225,0,225,0,5,220
16_117_001,980,465,0,465,0,7,458
16_118_001,487,249,0,249,0,4,245
16_119_001,847,428,0,427,-1,1,426
16_119_002,1001,480,0,480,0,1,479
16_119_003,767,335,0,335,0,4,331
16_119_004,1398,579,0,579,0,5,574
16_119_005,1010,450,0,450,0,2,448
16_119_006,952,430,0,430,0,0,430
16_119_007,906,500,0,500,0,2,498
16_119_008,1054,459,0,459,0,0,459
16_119_009,843,340,0,340,0,2,338
16_119_010,872,446,0,446,0,6,440
16_119_011,976,396,0,396,0,1,395
16_119_012,834,336,0,336,0,3,333
16_119_013,987,287,0,287,0,1,286
16_119_014,926,417,0,417,0,1,416
16_119_015,1123,595,0,592,-3,1,591
16_119_016,727,352,0,352,0,0,352
16_119_017,966,616,0,616,0,5,611
16_119_018,697,349,0,346,-3,2,344
16_119_019,1170,401,0,401,0,3,398
16_119_020,828,364,0,364,0,0,364
16_119_021,824,381,0,381,0,0,381
16_119_022,1295,641,0,640,-1,4,636
16_119_023,952,407,0,407,0,1,406
16_119_024,1108,459,0,458,-1,3,455
16_119_025,922,421,0,421,0,1,420
16_119_026,814,314,0,314,0,2,312
16_119_027,751,309,0,309,0,1,308
16_119_028,991,484,0,484,0,1,483
16_119_029,844,386,0,386,0,1,385
16_119_030,1081,438,0,438,0,4,434
16_119_031,832,394,0,394,0,0,394
16_119_032,873,448,0,448,0,0,448
16_119_033,834,435,0,435,0,1,434
16_119_034,982,411,0,411,0,5,406
16_119_035,726,220,0,220,0,3,217
16_119_036,919,371,0,371,0,2,369
16_119_037,590,282,0,282,0,1,281
16_119_038,699,338,0,338,0,7,331
16_119_039,668,212,0,212,0,2,210
16_119_040,1023,405,0,405,0,5,400
16_119_041,1181,476,0,476,0,0,476
16_119_042,1230,458,0,457,-1,0,457
16_119_043,872,400,0,400,0,9,391
16_119_044,936,451,0,451,0,6,445
16_119_045,734,351,0,351,0,3,348
16_119_046,922,382,0,382,0,3,379
16_119_047,1392,924,0,923,-1,6,917
16_119_048,1152,475,0,475,0,3,472
16_119_049,655,221,0,221,0,1,220
16_119_050,866,376,0,376,0,2,374
16_119_051,978,348,0,339,-9,2,337
16_119_052,893,397,0,397,0,11,386
16_119_053,707,302,0,302,0,1,301
16_119_054,1181,518,0,518,0,3,515
16_119_055,902,379,0,379,0,6,373
16_119_056,690,335,0,335,0,1,334
16_119_057,1045,505,0,505,0,3,502
16_119_058,817,399,0,399,0,1,398
16_119_059,853,479,0,479,0,0,479
16_119_060,757,392,0,390,-2,0,390
16_119_061,657,219,0,219,0,0,219
16_119_062,1325,582,0,582,0,1,581
16_119_063,879,359,0,353,-6,3,350
16_119_064,802,329,0,329,0,1,328
16_119_065,986,344,0,344,0,1,343
16_119_066,1231,450,0,450,0,4,446
16_119_067,1151,413,0,413,0,2,411
16_119_068,976,412,0,412,0,4,408
16_119_069,1087,336,0,335,-1,1,334
16_119_070,1185,552,0,552,0,1,551
16_119_071,860,473,0,473,0,1,472
16_119_072,855,300,0,300,0,1,299
16_119_073,1153,575,0,575,0,0,575
16_119_074,945,478,0,478,0,1,477
16_119_075,1159,519,0,519,0,1,518
16_119_076,565,128,0,128,0,0,128
16_119_077,655,244,0,244,0,0,244
16_119_078,841,258,0,258,0,5,253
16_119_079,1220,464,0,464,0,0,464
16_119_080,947,329,0,329,0,0,329
16_119_081,810,257,0,257,0,0,257
16_119_082,1023,293,0,293,0,1,292
16_119_083,727,169,0,169,0,4,165
16_119_084,1123,391,0,390,-1,0,390
16_119_085,1063,400,0,400,0,2,398
16_119_086,1017,288,0,288,0,0,288
16_119_087,908,354,0,353,-1,0,353
16_119_088,743,274,0,274,0,1,273
16_119_089,1150,496,0,496,0,1,495
16_119_090,1013,360,0,360,0,0,360
16_119_091,1127,398,0,398,0,1,397
16_119_092,823,263,0,263,0,4,259
16_119_093,1083,502,0,502,0,2,500
16_119_094,943,446,0,446,0,2,444
16_119_095,1084,480,0,480,0,3,477
16_119_096,1150,557,0,557,0,8,549
16_119_097,807,322,1,322,0,1,321
16_119_098,744,316,0,316,0,0,316
16_119_099,956,390,0,390,0,1,389
16_119_100,686,254,0,254,0,1,253
16_119_101,920,354,0,353,-1,0,353
16_120_001,740,246,0,246,0,0,246
16_120_002,170,65,0,65,0,0,65
16_121_001,783,257,0,257,0,1,256
16_121_002,850,241,0,241,0,2,239
16_122_001,926,320,0,320,0,6,314
16_123_001,701,408,0,408,0,2,406
16_124_001,779,315,0,315,0,3,312
16_124_002,1035,435,0,435,0,0,435
16_125_001,715,340,0,340,0,3,337
16_125_002,707,317,0,317,0,0,317
16_126_001,641,293,0,293,0,7,286
16_127_001,564,229,0,229,0,4,225
16_128_001,834,342,0,342,0,2,340
16_128_002,969,356,0,356,0,3,353
16_128_003,376,122,0,122,0,3,119
16_129_001,1026,197,0,197,0,1,196
16_129_002,862,166,0,166,0,1,165
16_129_003,922,259,0,259,0,1,258
16_129_004,850,240,0,240,0,2,238
16_130_001,1120,427,0,427,0,1,426
16_130_002,1043,357,0,357,0,0,357
16_131_001,699,296,0,296,0,1,295
16_131_002,761,262,0,262,0,1,261
16_132_001,741,375,0,375,0,5,370
16_133_001,668,288,0,288,0,2,286
16_133_002,684,286,0,286,0,0,286
16_133_003,813,353,0,351,-2,6,345
16_133_004,802,286,0,286,0,0,286
16_134_001,572,245,0,245,0,3,242
16_135_001,888,301,0,301,0,0,301
16_135_002,740,209,1,208,-1,2,206
16_136_001,889,344,0,344,0,2,342
16_136_002,1082,375,0,375,0,1,374
16_136_003,1120,327,0,327,0,3,324
16_136_004,744,171,0,171,0,0,171
16_136_005,1108,250,0,250,0,1,249
16_136_006,710,312,0,312,0,0,312
16_137_001,869,323,0,323,0,2,321
16_138_001,689,225,0,225,0,2,223
16_138_002,848,302,0,302,0,3,299
16_139_001,806,314,0,314,0,2,312
16_139_002,787,327,0,327,0,4,323
16_140_001,549,250,0,250,0,9,241
16_141_001,250,160,0,160,0,0,160
16_142_001,1019,363,0,363,0,2,361
16_142_002,1077,360,0,360,0,8,352
16_143_001,1007,391,0,391,0,4,387
16_143_002,1230,272,0,272,0,5,267
16_144_001,697,249,1,248,-1,4,244
16_144_002,704,258,0,258,0,4,254
16_145_001,372,134,0,134,0,1,133
16_146_001,629,199,0,199,0,1,198
16_146_002,553,187,0,187,0,4,183
16_147_001,491,226,0,226,0,2,224
16_148_001,768,258,0,258,0,2,256
16_148_002,768,218,0,218,0,2,216
16_149_001,683,240,1,240,0,1,239
16_150_001,929,390,0,390,0,8,382
16_151_001,743,307,0,307,0,2,305
16_151_002,937,333,0,333,0,2,331
16_151_003,639,248,0,248,0,1,247
16_152_001,552,216,0,216,0,3,213
16_153_001,775,365,0,365,0,3,362
16_154_001,640,280,0,280,0,3,277
16_155_001,753,275,0,275,0,1,274
16_155_002,678,260,0,260,0,6,254
16_156_001,611,292,0,292,0,2,290
16_156_002,685,273,0,273,0,2,271
16_157_001,683,290,0,290,0,1,289
16_157_002,704,255,0,255,0,2,253
16_157_003,655,231,0,231,0,0,231
16_158_001,678,256,0,256,0,1,255
16_158_002,674,211,0,211,0,1,210
16_159_001,1138,511,0,511,0,9,502
16_160_001,665,248,0,248,0,2,246
16_160_002,865,289,0,289,0,0,289
16_160_003,749,186,0,186,0,0,186
16_160_004,651,239,0,239,0,4,235
16_160_005,826,252,0,252,0,0,252
16_161_001,1167,374,0,374,0,3,371
16_162_001,112,38,0,38,0,1,37
16_163_001,841,226,0,226,0,2,224
16_164_001,1003,502,2,502,0,9,493
16_165_001,566,182,0,182,0,2,180
16_166_001,1156,373,0,373,0,2,371
16_167_001,680,308,0,308,0,5,303
16_168_001,286,143,0,143,0,2,141
16_169_001,939,257,0,257,0,1,256
16_170_001,581,183,0,183,0,2,181
16_170_002,635,172,0,172,0,5,167
16_171_001,817,215,0,215,0,1,214
16_171_002,638,181,0,181,0,2,179
16_171_003,684,146,0,146,0,1,145
16_172_001,423,165,0,165,0,2,163
16_173_001,337,135,0,135,0,1,134
16_174_001,348,135,0,135,0,0,135
16_175_001,585,206,0,206,0,5,201
16_176_001,639,321,0,321,0,0,321
16_176_002,835,318,1,317,-1,3,314
16_177_001,242,125,0,125,0,1,124
16_178_001,332,156,0,156,0,3,153
16_179_001,606,264,0,264,0,0,264
16_179_002,607,240,0,240,0,3,237
16_180_001,795,201,0,201,0,4,197
16_181_001,998,339,0,339,0,9,330
16_181_002,1030,484,0,484,0,5,479
16_182_001,287,187,0,187,0,0,187
16_183_001,564,185,0,185,0,4,181
16_184_001,832,312,0,312,0,0,312
16_185_001,994,281,0,281,0,7,274
16_186_001,515,303,0,303,0,3,300
16_187_001,1204,393,0,393,0,8,385
16_188_001,726,252,0,252,0,3,249
16_188_002,678,270,0,270,0,1,269
16_189_001,758,194,0,194,0,2,192
16_189_002,751,197,0,197,0,3,194
16_190_001,207,116,0,116,0,2,114
16_191_001,599,191,0,191,0,3,188
16_191_002,533,264,0,264,0,1,263
16_191_003,567,210,0,210,0,1,209
16_192_001,532,186,0,186,0,1,185
16_192_002,683,217,0,217,0,1,216
16_192_003,724,198,0,198,0,0,198
16_192_004,116,51,0,51,0,1,50
16_193_001,732,242,0,242,0,3,239
16_193_002,692,154,0,154,0,0,154
16_193_003,406,141,0,141,0,0,141
16_193_004,105,52,0,52,0,0,52
16_194_001,590,301,0,301,0,4,297
16_194_002,651,269,0,269,0,0,269
16_195_001,758,248,0,248,0,2,246
16_196_001,644,266,0,266,0,8,258
16_197_001,961,363,0,363,0,3,360
16_197_002,1023,323,0,322,-1,0,322
16_197_003,862,301,0,300,-1,7,293
16_197_004,920,328,0,328,0,3,325
16_197_005,325,55,0,55,0,2,53
16_197_006,188,97,0,97,0,4,93
16_198_001,517,234,0,234,0,0,234
16_199_001,603,172,0,172,0,0,172
16_199_002,624,212,0,212,0,1,211
16_199_003,292,99,0,99,0,2,97
16_200_001,419,89,0,89,0,1,88
16_201_001,821,329,0,329,0,1,328
16_202_001,951,293,0,293,0,3,290
16_203_001,617,197,0,197,0,0,197
16_203_002,518,167,0,167,0,2,165
16_204_001,755,125,0,125,0,0,125
16_204_002,708,168,0,168,0,1,167
16_204_003,994,377,0,377,0,1,376
16_204_004,1201,317,0,317,0,0,317
16_204_005,686,220,0,220,0,1,219
16_204_006,714,225,0,225,0,0,225
16_204_007,1075,387,0,387,0,0,387
16_204_008,1183,402,0,402,0,2,400
16_204_009,1094,393,0,393,0,1,392
16_204_010,1279,260,0,260,0,11,249
16_205_001,408,140,0,140,0,1,139
16_206_001,515,239,0,239,0,0,239
16_207_001,170,87,0,87,0,0,87
16_208_001,628,215,0,215,0,4,211
16_208_002,655,205,0,205,0,0,205
16_208_003,775,175,0,175,0,2,173
16_209_001,721,316,1,315,-1,0,315
16_209_002,644,225,0,225,0,2,223
16_209_003,612,175,0,175,0,1,174
16_210_001,914,305,0,305,0,1,304
16_210_002,808,274,0,274,0,1,273
16_210_003,818,241,0,241,0,2,239
16_211_001,573,286,0,286,0,8,278
16_212_001,538,253,1,251,-2,1,250
16_213_001,511,172,0,172,0,2,170
16_213_002,565,179,0,179,0,0,179
16_213_003,503,124,0,124,0,1,123
16_214_001,516,261,0,261,0,0,261
16_215_001,388,175,0,175,0,1,174
16_216_001,535,154,0,154,0,1,153
16_217_001,1202,470,0,470,0,2,468
16_217_002,1419,459,0,459,0,1,458
16_217_003,1172,344,0,344,0,0,344
16_217_004,1413,419,0,419,0,2,417
16_217_005,1357,316,0,316,0,1,315
16_217_006,1063,309,0,309,0,2,307
16_217_007,1157,384,0,384,0,1,383
16_217_008,1307,324,0,324,0,3,321
16_218_001,784,224,0,224,0,2,222
16_219_001,1012,270,0,270,0,5,265
16_219_002,1039,373,0,373,0,4,369
16_219_003,809,308,0,308,0,2,306
16_220_001,613,145,0,145,0,0,145
16_220_002,669,159,0,159,0,1,158
16_221_001,1013,404,0,404,0,2,402
16_222_001,474,154,0,154,0,3,151
16_223_001,460,279,0,279,0,6,273
16_224_001,741,290,0,290,0,1,289
16_224_002,977,376,0,376,0,3,373
16_224_003,1134,548,0,548,0,0,548
16_224_004,952,285,0,285,0,2,283
16_224_005,683,315,0,315,0,4,311
16_224_006,580,243,0,243,0,4,239
16_224_007,828,352,0,352,0,2,350
16_224_008,1075,374,0,374,0,1,373
16_224_009,188,89,0,89,0,1,88
16_225_001,348,139,0,139,0,1,138
16_226_001,974,415,0,415,0,2,413
16_226_002,1029,413,0,413,0,12,401
16_226_003,808,360,0,360,0,8,352
16_226_004,860,371,0,371,0,8,363
16_227_001,347,135,0,135,0,1,134
16_228_001,582,261,0,261,0,8,253
16_229_001,797,276,0,276,0,4,272
17_001_001,575,248,0,248,0,2,246
17_002_001,575,203,0,203,0,0,203
17_003_001,369,163,0,163,0,0,163
17_003_002,478,235,0,235,0,0,235
17_004_001,648,247,0,247,0,1,246
17_005_001,638,277,1,276,-1,3,273
17_005_002,644,225,0,225,0,8,217
17_006_001,330,99,0,99,0,0,99
17_007_001,1066,402,0,402,0,3,399
17_007_002,967,420,0,420,0,3,417
17_007_003,1050,450,0,450,0,5,445
17_007_004,1101,357,0,357,0,0,357
17_007_005,1076,402,1,400,-2,11,389
17_008_001,214,108,0,108,0,2,106
17_009_001,373,148,0,148,0,1,147
17_010_001,886,297,0,297,0,2,295
17_010_002,855,296,0,296,0,2,294
17_011_001,726,348,0,348,0,1,347
17_011_002,683,315,0,315,0,2,313
17_011_003,646,284,0,284,0,2,282
17_011_004,650,296,1,296,0,0,296
17_011_005,652,337,0,337,0,2,335
17_011_006,669,319,0,319,0,1,318
17_011_007,684,304,0,304,0,0,304
17_011_008,714,338,0,338,0,0,338
17_011_009,656,288,0,288,0,2,286
17_011_010,663,332,0,332,0,1,331
17_011_011,680,333,0,333,0,0,333
17_011_012,665,331,0,331,0,1,330
17_011_013,666,311,0,311,0,1,310
17_011_014,632,324,0,323,-1,7,316
17_011_015,929,418,0,417,-1,2,415
17_011_016,271,92,0,92,0,0,92
17_011_017,117,65,0,65,0,0,65
17_012_001,376,202,0,202,0,0,202
17_013_001,773,300,0,300,0,0,300
17_013_002,718,275,0,275,0,1,274
17_013_003,700,244,1,243,-1,1,242
17_014_001,745,257,0,257,0,0,257
17_015_001,240,81,0,81,0,0,81
17_016_001,658,240,0,240,0,1,239
17_017_001,864,313,0,312,-1,2,310
17_017_002,142,60,0,60,0,0,60
17_018_001,864,268,0,268,0,4,264
17_018_002,794,224,0,224,0,2,222
17_018_003,852,235,0,235,0,0,235
17_018_004,776,267,0,267,0,4,263
17_019_001,276,116,0,116,0,0,116
17_020_001,734,250,0,250,0,0,250
17_020_002,864,339,0,339,0,0,339
17_020_003,825,323,0,323,0,1,322
17_020_004,954,322,0,322,0,0,322
17_020_005,685,330,1,329,-1,0,329
17_020_006,550,211,0,211,0,2,209
17_020_007,579,268,0,268,0,1,267
17_020_008,826,393,0,393,0,2,391
17_020_009,807,340,0,340,0,2,338
17_020_010,907,424,0,424,0,2,422
17_020_011,743,305,0,305,0,0,305
17_020_012,611,227,0,227,0,0,227
17_020_013,690,300,0,299,-1,1,298
17_020_014,622,271,0,271,0,1,270
17_020_015,711,302,0,302,0,1,301
17_020_016,749,337,0,337,0,2,335
17_020_017,692,307,0,307,0,1,306
17_020_018,650,269,0,269,0,1,268
17_020_019,721,276,2,274,-2,0,274
17_020_020,596,211,0,211,0,7,204
17_020_021,199,37,0,37,0,0,37
17_020_022,611,234,0,234,0,0,234
17_021_001,563,194,0,194,0,1,193
17_021_002,486,126,0,126,0,0,126
17_021_003,509,143,0,143,0,1,142
17_022_001,1081,450,0,449,-1,1,448
17_022_002,1069,535,0,535,0,0,535
17_022_003,795,301,0,301,0,0,301
17_022_004,770,244,0,244,0,0,244
17_022_005,846,308,0,308,0,6,302
17_022_006,1189,424,0,424,0,2,422
17_022_007,1123,406,0,406,0,0,406
17_023_001,647,276,0,276,0,3,273
17_023_002,785,309,0,309,0,2,307
17_023_003,626,246,0,246,0,2,244
17_024_001,197,85,0,85,0,0,85
17_025_001,512,161,0,161,0,3,158
17_026_001,836,220,0,220,0,6,214
17_026_002,812,199,0,199,0,0,199
17_026_003,889,359,0,359,0,5,354
17_026_004,780,319,0,319,0,0,319
17_027_001,554,170,0,170,0,1,169
17_028_001,493,178,0,178,0,0,178
17_029_001,829,359,0,359,0,1,358
17_030_001,511,107,0,107,0,0,107
17_031_001,1014,356,0,356,0,2,354
17_032_001,134,73,0,73,0,0,73
17_033_001,751,327,0,327,0,0,327
17_033_002,734,311,0,311,0,0,311
17_034_001,556,205,0,205,0,1,204
17_035_001,806,307,0,307,0,1,306
17_036_001,642,186,0,186,0,0,186
17_037_001,697,257,1,256,-1,2,254
17_038_001,790,338,0,338,0,0,338
17_038_002,714,251,0,251,0,2,249
17_038_003,769,197,0,197,0,0,197
17_039_001,681,218,0,218,0,0,218
17_039_002,754,244,0,244,0,1,243
17_039_003,643,208,0,208,0,2,206
17_040_001,379,142,0,142,0,0,142
17_041_001,198,67,0,67,0,0,67
17_042_001,929,304,0,304,0,3,301
17_043_001,707,314,0,314,0,0,314
17_043_002,686,316,0,316,0,0,316
17_044_001,109,50,0,50,0,2,48
17_045_001,530,241,0,241,0,0,241
17_045_002,152,61,0,61,0,0,61
17_046_001,932,311,0,311,0,1,310
17_046_002,295,108,0,108,0,1,107
17_047_001,173,96,0,96,0,1,95
17_048_001,574,243,0,243,0,1,242
17_049_001,629,237,1,236,-1,1,235
17_050_001,279,116,0,116,0,0,116
17_051_001,244,132,0,132,0,1,131
17_052_001,276,113,0,113,0,2,111
17_053_001,291,90,0,90,0,0,90
17_054_001,933,201,0,201,0,2,199
17_055_001,251,100,0,100,0,0,100
17_056_001,559,148,0,148,0,1,147
17_056_002,552,155,0,155,0,1,154
17_056_003,81,25,0,25,0,0,25
17_057_001,911,254,0,254,0,1,253
17_058_001,120,51,0,51,0,0,51
17_059_001,408,189,0,189,0,2,187
17_060_001,482,211,0,211,0,1,210
17_060_002,631,283,0,283,0,1,282
17_060_003,443,210,0,210,0,0,210
17_061_001,839,192,0,192,0,2,190
17_062_001,534,192,0,192,0,1,191
17_062_002,92,28,0,28,0,0,28
17_063_001,237,120,0,120,0,1,119
17_064_001,499,182,0,182,0,3,179
17_064_002,82,29,0,29,0,0,29
17_065_001,281,112,0,112,0,0,112
17_066_001,299,146,0,146,0,0,146
17_067_001,345,107,0,107,0,1,106
17_068_001,47,24,0,24,0,1,23
17_069_001,663,239,0,239,0,1,238
17_069_002,702,252,0,252,0,1,251
17_069_003,750,230,0,230,0,0,230
17_070_001,56,20,0,20,0,0,20
17_070_002,788,275,0,275,0,2,273
17_071_001,909,375,0,375,0,4,371
17_071_002,988,465,0,465,0,6,459
17_072_001,314,144,0,144,0,0,144
17_073_001,668,228,0,228,0,2,226
17_074_001,118,47,0,47,0,0,47
17_075_001,431,137,0,137,0,0,137
17_076_001,718,259,0,259,0,1,258
17_076_002,691,258,0,258,0,2,256
17_077_001,650,229,0,229,0,0,229
17_077_002,590,204,0,204,0,0,204
17_078_001,792,351,0,351,0,0,351
17_078_002,595,183,0,183,0,0,183
17_078_003,586,157,0,157,0,1,156
17_079_001,846,471,0,471,0,5,466
17_079_002,1068,451,0,451,0,3,448
17_079_003,967,474,0,474,0,1,473
17_079_004,1184,592,0,592,0,0,592
17_079_005,1017,477,0,477,0,2,475
17_079_006,955,403,0,403,0,2,401
17_079_007,1048,508,0,508,0,1,507
17_079_008,1059,560,0,560,0,1,559
17_079_009,897,359,0,359,0,0,359
17_079_010,944,332,0,332,0,2,330
17_079_011,963,420,0,420,0,0,420
17_079_012,848,400,0,400,0,0,400
17_079_013,986,468,0,468,0,0,468
17_079_014,917,339,0,339,0,1,338
17_079_015,950,324,0,324,0,4,320
17_079_016,275,88,0,88,0,1,87
17_079_017,309,89,0,89,0,0,89
17_080_001,623,197,0,197,0,3,194
17_080_002,444,154,0,154,0,1,153
17_080_003,66,31,0,31,0,2,29
17_081_001,1045,418,0,418,0,0,418
17_081_002,748,281,0,281,0,4,277
17_082_001,445,168,0,168,0,0,168
17_083_001,804,224,0,224,0,0,224
17_084_001,875,360,0,360,0,3,357
17_085_001,445,118,0,118,0,2,116
17_086_001,570,207,0,207,0,1,206
17_086_002,194,76,0,76,0,0,76
17_086_003,69,27,0,27,0,0,27
17_087_001,1054,295,0,295,0,1,294
17_087_002,1102,378,0,378,0,0,378
17_087_003,1122,340,0,340,0,1,339
17_088_001,511,303,0,303,0,2,301
17_088_002,527,263,0,263,0,0,263
17_089_001,184,94,0,94,0,0,94
17_090_001,612,246,0,246,0,14,232
17_090_002,428,127,0,127,0,1,126
17_091_001,682,206,0,206,0,1,205
17_092_001,535,265,0,265,0,2,263
17_093_001,191,114,0,114,0,1,113
17_094_001,590,226,0,226,0,1,225
17_094_002,633,239,0,239,0,3,236
17_094_003,607,177,0,177,0,1,176
17_095_001,1079,409,0,409,0,2,407
17_095_002,699,347,0,346,-1,1,345
17_095_003,737,290,0,290,0,2,288
17_095_004,751,355,0,355,0,2,353
17_095_005,325,72,0,72,0,0,72
17_095_006,582,306,0,306,0,3,303
17_095_007,589,276,0,276,0,0,276
17_095_008,645,329,0,329,0,0,329
17_095_009,463,276,0,276,0,4,272
17_095_010,747,375,0,375,0,4,371
17_095_011,1090,544,0,544,0,0,544
17_095_012,692,333,0,333,0,0,333
17_095_013,515,224,0,224,0,0,224
17_095_014,465,205,0,205,0,1,204
17_095_015,557,276,2,274,-2,3,271
17_095_016,501,240,0,239,-1,1,238
17_095_017,571,235,1,235,0,1,234
17_095_018,613,325,1,324,-1,2,322
17_095_019,980,545,0,545,0,2,543
17_095_020,794,345,0,345,0,2,343
17_095_021,559,350,1,349,-1,4,345
17_095_022,530,281,0,281,0,3,278
17_095_023,576,298,0,298,0,1,297
17_095_024,513,280,0,280,0,0,280
17_095_025,521,289,0,289,0,5,284
17_095_026,655,323,0,323,0,3,320
17_095_027,611,261,0,261,0,5,256
17_095_028,611,250,0,250,0,5,245
17_095_029,670,258,0,258,0,1,257
17_095_030,831,285,0,285,0,2,283
17_095_031,624,283,0,282,-1,1,281
17_095_032,719,291,0,291,0,0,291
17_095_033,657,295,0,295,0,1,294
17_095_034,763,372,0,372,0,1,371
17_095_035,688,310,0,311,1,9,302
17_095_036,828,402,0,402,0,3,399
17_095_037,916,404,0,404,0,0,404
17_095_038,894,457,0,457,0,2,455
17_095_039,959,437,0,437,0,2,435
17_096_001,242,75,0,75,0,0,75
17_096_002,920,419,0,419,0,4,415
17_096_003,898,314,0,314,0,12,302
17_096_004,891,400,0,400,0,3,397
17_096_005,1021,432,0,432,0,3,429
17_096_006,789,344,0,344,0,2,342
17_096_007,275,71,0,71,0,0,71
17_096_008,952,527,0,526,-1,2,524
17_096_009,603,205,0,205,0,0,205
17_097_001,659,259,0,259,0,1,258
17_097_002,298,84,0,84,0,1,83
17_097_003,219,42,0,42,0,0,42
17_097_004,625,216,0,216,0,3,213
17_098_001,571,209,0,209,0,1,208
17_098_002,556,203,0,203,0,0,203
17_099_001,1185,386,0,386,0,3,383
17_099_002,661,258,0,258,0,2,256
17_099_003,590,227,0,227,0,1,226
17_099_004,1012,384,0,384,0,1,383
17_099_005,701,292,0,292,0,1,291
17_099_006,625,264,0,264,0,2,262
17_099_007,719,223,0,223,0,3,220
17_099_008,599,226,0,226,0,1,225
17_099_009,583,260,0,260,0,2,258
17_099_010,614,262,0,262,0,4,258
17_099_011,899,398,0,398,0,2,396
17_099_012,608,183,0,183,0,0,183
17_099_013,589,201,0,201,0,0,201
17_100_001,845,291,0,291,0,3,288
17_101_001,268,100,0,100,0,0,100
17_102_001,220,93,0,93,0,1,92
17_103_001,290,137,0,137,0,1,136
17_104_001,661,254,0,254,0,1,253
17_105_001,979,425,0,425,0,2,423
17_106_001,118,53,0,53,0,0,53
17_107_001,226,130,0,130,0,0,130
17_108_001,632,287,0,286,-1,1,285
17_108_002,478,192,0,192,0,0,192
17_108_003,494,226,0,226,0,2,224
17_108_004,93,50,0,50,0,0,50
17_109_001,500,192,0,192,0,0,192
18_001_001,517,244,0,244,0,2,242
18_002_001,296,150,0,150,0,0,150
18_003_001,456,237,0,237,0,1,236
18_004_001,192,89,0,89,0,0,89
18_005_001,338,183,0,183,0,0,183
18_006_001,393,241,0,241,0,0,241
18_007_001,970,447,0,447,0,2,445
18_008_001,371,185,0,185,0,2,183
18_009_001,399,123,0,123,0,0,123
18_010_001,696,343,0,343,0,2,341
18_011_001,135,79,0,79,0,0,79
18_012_001,308,197,0,197,0,1,196
18_013_001,248,132,0,132,0,4,128
18_014_001,315,178,0,178,0,0,178
18_015_001,253,124,0,124,0,0,124
18_016_001,559,300,0,300,0,3,297
18_017_001,478,302,0,302,0,3,299
18_018_001,899,365,0,365,0,2,363
18_018_002,1006,498,0,498,0,0,498
18_018_003,976,441,0,441,0,3,438
18_019_001,230,136,0,136,0,0,136
18_020_001,1087,497,0,497,0,3,494
18_020_002,1000,536,0,536,0,4,532
18_020_003,1043,471,0,471,0,1,470
18_020_004,1030,506,0,506,0,1,505
18_020_005,1038,510,0,510,0,4,506
18_020_006,1079,449,0,449,0,2,447
18_020_007,913,334,1,333,-1,1,332
18_020_008,1171,465,0,465,0,2,463
18_020_009,283,144,0,144,0,0,144
18_021_001,147,74,0,74,0,0,74
18_022_001,503,249,0,249,0,2,247
18_022_002,719,327,0,327,0,3,324
18_023_001,288,161,0,161,0,1,160
18_024_001,208,101,0,101,0,1,100
18_025_001,290,140,0,140,0,1,139
18_026_001,276,144,0,144,0,2,142
18_027_001,1007,471,0,471,0,2,469
18_027_002,894,424,0,424,0,1,423
18_027_003,750,389,0,389,0,5,384
18_028_001,545,252,0,252,0,2,250
18_029_001,274,156,0,156,0,0,156
18_030_001,313,136,0,136,0,2,134
18_031_001,714,285,0,285,0,1,284
18_032_001,79,42,0,42,0,0,42
18_033_001,200,135,0,135,0,2,133
18_034_001,117,69,0,69,0,1,68
18_035_001,84,60,0,60,0,0,60
18_036_001,215,102,0,102,0,2,100
18_037_001,280,110,0,110,0,1,109
18_038_001,282,135,0,135,0,0,135
18_039_001,460,220,0,220,0,4,216
18_040_001,1072,592,0,590,-2,4,586
18_041_001,374,184,0,184,0,0,184
18_042_001,166,111,0,111,0,0,111
18_043_001,220,119,0,119,0,3,116
18_044_001,479,222,0,222,0,2,220
18_045_001,353,166,0,166,0,1,165
18_046_001,1050,582,0,582,0,3,579
18_046_002,1091,570,0,570,0,1,569
18_047_001,560,246,0,246,0,2,244
18_048_001,931,328,0,328,0,2,326
18_049_001,218,132,0,132,0,0,132
18_050_001,119,63,0,63,0,0,63
18_051_001,883,449,0,448,-1,3,445
18_052_001,531,234,0,234,0,0,234
18_053_001,73,43,0,43,0,1,42
18_054_001,217,125,0,125,0,1,124
18_055_001,128,63,0,63,0,0,63
18_056_001,641,315,1,314,-1,2,312
18_057_001,131,86,0,86,0,0,86
18_058_001,123,74,0,74,0,0,74
18_059_001,238,128,0,128,0,3,125
18_060_001,53,43,0,43,0,0,43
18_061_001,125,77,0,77,0,2,75
18_062_001,156,102,0,102,0,0,102
18_063_001,670,330,0,330,0,0,330
18_064_001,564,236,0,236,0,0,236
18_065_001,751,328,0,328,0,1,327
18_065_002,690,285,0,285,0,0,285
18_066_001,39,20,0,20,0,0,20
18_067_001,100,69,0,69,0,0,69
18_068_001,407,201,0,201,0,3,198
18_069_001,1110,401,0,401,0,0,401
18_069_002,934,364,0,364,0,9,355
18_070_001,403,181,0,181,0,2,179
18_071_001,696,252,0,252,0,1,251
18_071_002,633,245,0,245,0,3,242
18_071_003,736,224,1,223,-1,1,222
18_072_001,168,56,0,56,0,0,56
18_073_001,275,155,0,155,0,0,155
18_074_001,858,361,0,361,0,4,357
18_075_001,395,179,0,179,0,0,179
18_076_001,65,32,0,32,0,0,32
18_077_001,77,45,0,45,0,1,44
18_078_001,713,312,0,312,0,0,312
18_079_001,433,182,0,182,0,4,178
18_080_001,333,123,0,123,0,0,123
18_081_001,473,177,0,177,0,0,177
18_082_001,170,72,0,72,0,0,72
18_083_001,184,108,0,108,0,0,108
18_084_001,220,99,0,99,0,1,98
18_085_001,689,360,0,360,0,1,359
18_086_001,200,116,0,116,0,2,114
18_087_001,55,39,0,39,0,0,39
18_088_001,112,65,0,65,0,0,65
18_089_001,160,100,0,100,0,0,100
18_090_001,197,72,0,72,0,0,72
18_091_001,362,176,0,176,0,1,175
18_092_001,68,42,0,42,0,0,42
18_093_001,423,219,0,219,0,3,216
18_094_001,215,100,0,100,0,1,99
18_095_001,1028,553,0,553,0,0,553
18_095_002,1081,481,0,480,-1,1,479
18_095_003,1130,579,0,577,-2,2,575
18_095_004,1208,623,0,621,-2,4,617
18_095_005,1268,602,0,602,0,2,600
18_095_006,1187,618,0,618,0,3,615
18_095_007,1137,555,0,555,0,1,554
18_095_008,367,173,0,173,0,1,172
18_095_009,695,378,0,378,0,0,378
18_095_010,148,97,0,97,0,0,97
18_096_001,1130,539,0,539,0,1,538
18_096_002,1310,694,0,693,-1,4,689
18_096_003,1072,492,0,492,0,3,489
18_096_004,1128,495,0,495,0,3,492
18_096_005,1093,525,0,525,0,1,524
18_096_006,1408,744,0,743,-1,4,739
18_096_007,1053,472,0,472,0,0,472
18_096_008,695,331,0,331,0,3,328
18_096_009,421,249,0,249,0,1,248
18_097_001,207,118,0,118,0,2,116
18_098_001,153,72,0,72,0,0,72
18_099_001,406,216,0,216,0,2,214
18_100_001,89,52,0,52,0,0,52
18_101_001,888,453,0,453,0,3,450
18_102_001,657,328,0,328,0,0,328
18_103_001,184,107,0,107,0,0,107
18_104_001,364,195,0,195,0,4,191
18_105_001,222,123,0,123,0,1,122
18_106_001,549,208,0,208,0,1,207
18_107_001,259,129,0,129,0,0,129
18_108_001,477,229,0,229,0,2,227
18_109_001,136,69,0,69,0,0,69
18_110_001,178,92,0,92,0,1,91
18_111_001,181,113,0,113,0,4,109
18_112_001,244,98,0,98,0,1,97
18_113_001,334,181,0,181,0,1,180
18_114_001,222,111,0,111,0,1,110
18_115_001,117,61,0,61,0,0,61
18_116_001,96,73,0,73,0,0,73
18_117_001,221,111,0,111,0,0,111
18_118_001,810,376,0,376,0,1,375
18_119_001,103,33,0,33,0,0,33
18_120_001,407,265,0,265,0,1,264
18_121_001,1071,505,0,505,0,5,500
18_122_001,1098,517,0,517,0,2,515
18_123_001,520,244,0,244,0,2,242
18_124_001,244,144,0,144,0,2,142
18_125_001,237,104,0,104,0,0,104
18_126_001,262,128,0,128,0,0,128
18_127_001,300,132,0,132,0,1,131
18_128_001,110,62,0,62,0,0,62
18_129_001,24,14,0,14,0,0,14
18_130_001,228,100,0,100,0,2,98
18_131_001,441,235,0,235,0,1,234
18_132_001,270,144,0,144,0,2,142
18_133_001,321,144,0,144,0,0,144
18_134_001,70,44,0,44,0,0,44
18_135_001,649,298,0,298,0,1,297
18_136_001,539,222,0,222,0,1,221
18_137_001,88,50,0,50,0,0,50
18_138_001,587,235,0,235,0,0,235
18_139_001,197,126,0,126,0,0,126
18_140_001,977,525,0,525,0,1,524
18_141_001,360,162,0,162,0,0,162
18_142_001,244,116,0,116,0,2,114
18_143_001,239,147,0,147,0,1,146
18_144_001,650,298,0,298,0,1,297
18_145_001,559,309,0,309,0,1,308
18_146_001,432,250,0,250,0,4,246
18_147_001,176,100,0,100,0,3,97
18_148_001,145,83,0,83,0,3,80
18_149_001,277,172,0,172,0,3,169
18_150_001,115,62,0,62,0,2,60
18_151_001,225,126,0,126,0,1,125
18_152_001,128,74,0,74,0,2,72
18_153_001,717,381,0,381,0,5,376
18_154_001,640,300,0,300,0,4,296
18_155_001,779,269,0,269,0,1,268
18_156_001,721,265,0,265,0,1,264
18_156_002,646,250,0,250,0,0,250
18_157_001,196,100,0,100,0,0,100
18_158_001,226,130,0,130,0,0,130
18_159_001,187,85,0,85,0,1,84
18_160_001,648,332,0,332,0,0,332
18_160_002,873,430,0,430,0,2,428
18_160_003,654,319,0,319,0,2,317
18_161_001,97,59,0,59,0,1,58
18_162_001,339,130,0,130,0,0,130
18_163_001,924,365,0,365,0,2,363
18_164_001,244,130,0,130,0,0,130
18_165_001,387,200,0,200,0,0,200
18_166_001,81,55,0,55,0,0,55
18_167_001,828,384,0,384,0,3,381
18_167_002,539,198,0,198,0,0,198
18_167_003,601,286,0,286,0,4,282
18_167_004,669,300,0,300,0,1,299
18_167_005,45,27,0,27,0,0,27
18_167_006,678,344,0,344,0,0,344
18_167_007,653,345,0,345,0,0,345
18_167_008,833,418,0,417,-1,0,417
18_167_009,676,313,0,313,0,1,312
18_167_010,891,441,0,441,0,3,438
18_167_011,620,284,0,284,0,1,283
18_167_012,702,342,0,342,0,2,340
18_167_013,776,347,0,347,0,2,345
18_167_014,910,522,0,522,0,1,521
18_167_015,826,340,0,340,0,1,339
18_167_016,1061,523,1,522,-1,5,517
18_167_017,510,226,0,226,0,2,224
18_167_018,101,55,0,55,0,0,55
18_168_001,1102,531,0,531,0,1,530
18_169_001,431,220,0,220,0,4,216
18_170_001,569,276,0,276,0,3,273
18_171_001,313,134,0,134,0,1,133
18_171_002,135,69,0,69,0,1,68
18_171_003,87,39,0,39,0,0,39
18_172_001,204,99,0,99,0,1,98
18_173_001,662,295,0,295,0,0,295
18_174_001,513,249,0,249,0,1,248
18_175_001,651,302,0,302,0,4,298
18_176_001,49,42,0,42,0,0,42
18_177_001,298,157,0,157,0,1,156
18_178_001,182,101,0,101,0,1,100
18_179_001,195,124,0,124,0,0,124
18_180_001,59,42,0,42,0,0,42
18_181_001,527,247,0,247,0,1,246
18_182_001,274,91,0,91,0,1,90
18_183_001,622,222,0,222,0,2,220
18_183_002,680,304,0,304,0,2,302
18_183_003,719,339,0,339,0,2,337
18_183_004,778,461,0,461,0,1,460
18_183_005,699,369,0,369,0,1,368
18_183_006,649,319,0,319,0,1,318
18_183_007,635,322,0,322,0,0,322
18_183_008,377,169,0,169,0,0,169
18_183_009,682,386,0,386,0,4,382
18_183_010,217,120,0,120,0,0,120
18_183_011,307,153,0,153,0,1,152
18_183_012,283,148,0,148,0,0,148
18_183_013,58,41,0,41,0,0,41
18_184_001,838,471,0,471,0,1,470
18_185_001,246,106,0,106,0,0,106
18_186_001,864,525,0,525,0,0,525
18_186_002,906,514,0,514,0,1,513
18_186_003,893,510,0,510,0,2,508
18_186_004,871,514,0,514,0,2,512
18_186_005,1058,554,0,554,0,0,554
18_186_006,1020,496,0,496,0,5,491
18_186_007,1008,588,0,585,-3,0,585
18_186_008,874,418,0,418,0,5,413
18_186_009,687,327,0,327,0,4,323
18_186_010,735,298,0,299,1,12,287
18_186_011,844,423,0,423,0,0,423
18_186_012,942,426,0,426,0,1,425
18_186_013,876,422,0,422,0,0,422
18_186_014,855,332,0,332,0,3,329
18_186_015,848,382,0,382,0,2,380
18_186_016,776,366,0,366,0,3,363
18_186_017,785,386,0,386,0,0,386
18_186_018,867,383,0,383,0,1,382
18_186_019,866,371,1,370,-1,2,368
18_186_020,843,397,0,397,0,2,395
18_186_021,908,398,0,398,0,0,398
18_186_022,820,345,0,344,-1,0,344
18_186_023,875,443,0,443,0,2,441
18_186_024,809,383,0,383,0,0,383
18_186_025,781,365,0,365,0,1,364
18_186_026,991,476,0,476,0,0,476
18_186_027,830,470,2,468,-2,1,467
18_186_028,714,329,0,328,-1,2,326
18_186_029,768,423,0,423,0,1,422
18_186_030,1030,569,0,569,0,1,568
18_186_031,716,284,1,283,-1,0,283
18_186_032,711,306,0,306,0,2,304
18_186_033,983,444,0,444,0,4,440
18_186_034,881,442,0,442,0,0,442
18_186_035,1009,550,0,549,-1,1,548
18_186_036,933,474,0,474,0,4,470
18_186_037,680,406,0,406,0,3,403
18_186_038,1015,509,0,509,0,3,506
18_186_039,915,420,0,420,0,2,418
18_186_040,1330,798,0,798,0,9,789
18_186_041,876,392,0,392,0,0,392
18_186_042,823,365,0,365,0,2,363
18_186_043,810,418,0,418,0,1,417
18_186_044,920,418,0,417,-1,0,417
18_186_045,952,528,0,528,0,2,526
18_186_046,825,400,0,400,0,1,399
18_186_047,1031,574,0,574,0,3,571
18_186_048,873,480,1,479,-1,0,479
18_186_049,903,350,0,350,0,0,350
18_186_050,874,424,0,422,-2,1,421
18_186_051,1165,631,0,631,0,5,626
18_186_052,1431,745,0,744,-1,0,744
18_186_053,986,553,0,553,0,1,552
18_186_054,999,566,0,566,0,0,566
18_186_055,1443,801,0,801,0,6,795
18_186_056,681,370,0,370,0,1,369
18_186_057,776,439,0,439,0,3,436
18_186_058,693,339,0,339,0,5,334
18_186_059,469,233,0,232,-1,0,232
18_186_060,690,392,0,392,0,1,391
18_186_061,998,560,0,560,0,3,557
18_186_062,981,480,0,480,0,2,478
18_186_063,787,409,0,409,0,5,404
18_186_064,942,472,0,472,0,3,469
18_186_065,603,339,0,339,0,1,338
18_186_066,1258,643,0,643,0,5,638
18_186_067,1312,711,0,711,0,1,710
18_186_068,1006,494,0,494,0,0,494
18_186_069,745,407,0,407,0,1,406
18_187_001,282,156,0,156,0,0,156
18_188_001,612,300,0,300,0,0,300
18_189_001,1064,483,0,483,0,5,478
18_189_002,987,454,0,454,0,1,453
18_190_001,413,172,0,172,0,1,171
18_191_001,276,144,0,144,0,2,142
18_192_001,252,130,0,130,0,1,129
18_193_001,268,135,0,135,0,1,134
18_194_001,834,375,0,375,0,2,373
18_194_002,734,203,0,203,0,0,203
18_195_001,238,138,0,138,0,2,136
18_196_001,410,169,0,169,0,0,169
18_196_002,301,119,0,119,0,0,119
18_197_001,283,134,0,134,0,1,133
18_198_001,311,175,0,175,0,3,172
18_199_001,309,177,0,177,0,0,177
18_200_001,312,158,0,158,0,3,155
18_201_001,277,201,0,201,0,0,201
18_202_001,658,308,0,308,0,0,308
18_203_001,285,143,0,143,0,0,143
18_204_001,477,188,0,188,0,0,188
18_204_002,645,298,0,298,0,1,297
18_205_001,342,163,0,163,0,1,162
18_206_001,628,318,0,318,0,0,318
18_206_002,613,273,0,273,0,0,273
18_206_003,669,243,0,243,0,2,241
18_206_004,691,344,0,344,0,0,344
18_206_005,703,352,0,352,0,0,352
18_206_006,87,43,0,43,0,1,42
18_206_007,60,37,0,37,0,0,37
18_207_001,254,158,0,158,0,0,158
18_208_001,283,160,0,160,0,2,158
18_209_001,565,222,0,222,0,3,219
18_210_001,330,190,0,190,0,0,190
18_211_001,67,50,0,50,0,0,50
18_212_001,739,215,0,215,0,0,215
18_212_002,656,273,0,273,0,0,273
18_212_003,696,324,0,324,0,2,322
18_212_004,611,291,0,291,0,0,291
18_213_001,225,126,0,126,0,0,126
18_214_001,610,294,0,294,0,2,292
18_215_001,85,55,0,55,0,0,55
18_216_001,166,83,0,83,0,0,83
19_001_001,676,298,0,298,0,4,294
19_002_001,308,109,0,109,0,3,106
19_003_001,942,409,0,409,0,2,407
19_003_002,917,416,0,416,0,0,416
19_003_003,715,357,1,357,0,1,356
19_003_004,1048,527,1,526,-1,1,525
19_003_005,732,304,0,304,0,1,303
19_003_006,871,324,0,324,0,0,324
19_003_007,610,251,0,251,0,0,251
19_003_008,871,394,0,393,-1,0,393
19_003_009,924,288,0,288,0,0,288
19_003_010,834,336,0,336,0,2,334
19_003_011,713,343,0,343,0,0,343
19_003_012,999,377,0,377,0,6,371
19_003_013,637,231,0,231,0,0,231
19_003_014,991,400,0,400,0,1,399
19_003_015,848,364,0,364,0,1,363
19_003_016,766,320,0,320,0,1,319
19_003_017,609,281,0,281,0,0,281
19_003_018,876,413,0,413,0,1,412
19_003_019,823,364,0,364,0,0,364
19_003_020,734,391,0,391,0,0,391
19_003_021,753,303,0,303,0,4,299
19_003_022,1005,419,0,418,-1,0,418
19_003_023,813,299,0,299,0,1,298
19_003_024,452,140,0,140,0,1,139
19_003_025,889,467,0,467,0,1,466
19_003_026,893,457,0,457,0,2,455
19_003_027,773,253,0,253,0,2,251
19_003_028,621,229,0,229,0,0,229
19_003_029,911,345,0,345,0,2,343
19_004_001,921,549,0,549,0,0,549
19_004_002,701,377,0,377,0,1,376
19_005_001,131,59,0,59,0,1,58
19_006_001,407,252,0,252,0,4,248
19_007_001,543,367,0,367,0,1,366
19_008_001,845,512,0,512,0,1,511
19_008_002,566,281,0,281,0,4,277
19_008_003,579,256,0,256,0,1,255
19_009_001,796,445,0,445,0,2,443
19_010_001,1018,465,0,464,-1,0,464
19_011_001,590,304,0,304,0,4,300
19_012_001,179,96,0,96,0,1,95
19_013_001,819,276,0,276,0,2,274
19_014_001,370,169,0,169,0,0,169
19_015_001,327,119,0,119,0,0,119
19_016_001,59,36,0,36,0,1,35
19_017_001,168,87,0,87,0,1,86
19_018_001,689,234,0,234,0,0,234
19_019_001,253,140,0,140,0,0,140
19_020_001,503,203,0,203,0,0,203
19_021_001,677,372,1,371,-1,1,370
19_022_001,945,488,0,488,0,2,486
19_022_002,888,496,0,496,0,2,494
19_022_003,998,566,0,566,0,4,562
19_022_004,1191,797,0,797,0,2,795
19_022_005,948,509,0,509,0,1,508
19_022_006,1064,446,0,446,0,2,444
19_022_007,1071,512,0,511,-1,1,510
19_022_008,996,555,0,555,0,2,553
19_023_001,200,94,0,94,0,0,94
19_024_001,882,418,0,418,0,2,416
19_025_001,1127,450,0,450,0,7,443
19_026_001,1285,609,0,609,0,3,606
19_026_002,1271,512,0,512,0,4,508
19_026_003,1393,557,0,557,0,1,556
19_026_004,1366,552,0,552,0,0,552
19_026_005,2302,1509,0,1509,0,2,1507
19_026_006,1314,634,0,634,0,2,632
19_026_007,1386,727,0,727,0,0,727
19_026_008,1387,723,0,723,0,1,722
19_027_001,906,497,0,497,0,2,495
19_027_002,756,378,0,378,0,0,378
19_027_003,670,308,0,308,0,1,307
19_027_004,748,292,0,292,0,1,291
19_027_005,705,389,0,389,0,0,389
19_028_001,110,61,0,61,0,0,61
19_029_001,786,384,0,384,0,3,381
19_029_002,721,335,0,335,0,3,332
19_029_003,904,546,0,546,0,0,546
19_030_001,175,121,0,121,0,0,121
19_031_001,464,272,0,272,0,8,264
19_032_001,527,236,0,236,0,1,235
19_033_001,372,239,0,239,0,3,236
19_035_001,114,77,0,77,0,0,77
19_036_001,355,106,0,106,0,0,106
19_037_001,546,298,0,298,0,2,296
19_038_001,793,226,0,226,0,0,226
19_038_002,816,210,0,210,0,2,208
19_038_003,839,186,0,186,0,0,186
19_038_004,935,274,0,274,0,2,272
19_038_005,629,206,0,206,0,3,203
19_038_006,596,229,0,229,0,0,229
19_039_001,199,120,0,120,0,2,118
19_040_001,165,74,0,74,0,0,74
19_041_001,86,49,0,49,0,0,49
19_042_001,281,133,0,133,0,0,133
19_043_001,606,235,0,235,0,1,234
19_044_001,666,299,0,299,0,0,299
19_044_002,642,217,0,217,0,3,214
19_044_003,712,238,0,238,0,0,238
19_044_004,281,60,0,60,0,0,60
19_044_005,57,45,0,45,0,0,45
19_045_001,700,236,0,236,0,2,234
19_046_001,246,142,0,142,0,1,141
19_047_001,436,200,0,200,0,2,198
19_048_001,749,316,0,316,0,2,314
19_048_002,773,333,0,333,0,0,333
19_049_001,928,560,0,556,-4,3,553
19_049_002,888,507,0,507,0,3,504
19_050_001,806,314,0,314,0,3,311
19_051_001,518,198,0,198,0,1,197
19_052_001,355,126,0,126,0,2,124
19_053_001,330,104,0,104,0,5,99
19_054_001,347,157,0,157,0,1,156
19_055_001,871,283,0,283,0,7,276
19_055_002,896,330,0,330,0,3,327
19_055_003,866,325,0,325,0,1,324
19_055_004,880,250,0,250,0,1,249
19_056_001,379,200,0,200,0,1,199
19_057_001,233,122,0,122,0,0,122
19_058_001,254,163,0,163,0,0,163
19_059_001,674,242,0,242,0,2,240
19_059_002,709,279,0,279,0,0,279
19_060_001,185,129,0,129,0,1,128
19_061_001,398,160,0,160,0,0,160
19_062_001,431,233,0,233,0,0,233
19_063_001,356,220,0,220,0,4,216
19_064_001,1421,755,0,755,0,1,754
19_065_001,224,142,0,142,0,1,141
19_066_001,326,120,0,120,0,1,119
19_067_001,305,115,0,115,0,0,115
19_068_001,641,222,0,222,0,1,221
19_069_001,271,124,0,124,0,0,124
19_070_001,604,241,0,241,0,1,240
19_071_001,933,395,0,395,0,3,392
19_071_002,683,205,0,205,0,1,204
19_071_003,852,193,0,193,0,1,192
19_072_001,960,344,0,344,0,4,340
19_073_001,548,276,0,276,0,0,276
19_074_001,142,91,0,91,0,0,91
19_075_001,238,134,0,134,0,0,134
19_076_001,730,382,0,382,0,2,380
19_076_002,718,334,0,334,0,1,333
19_076_003,670,290,0,290,0,1,289
19_076_004,721,307,0,307,0,1,306
19_077_001,76,29,0,29,0,0,29
19_078_001,363,176,0,176,0,1,175
19_079_001,566,231,0,231,0,1,230
19_080_001,60,39,0,39,0,0,39
19_081_001,277,135,0,135,0,2,133
19_082_001,615,301,0,301,0,3,298
19_083_001,281,121,0,121,0,3,118
19_084_001,309,131,0,131,0,0,131
19_085_001,225,108,0,108,0,0,108
19_086_001,661,237,0,237,0,2,235
19_087_001,401,191,0,191,0,0,191
19_088_001,371,129,0,129,0,1,128
19_089_001,492,202,0,202,0,1,201
19_090_001,461,187,0,187,0,1,186
19_091_001,66,49,0,49,0,0,49
19_092_001,421,169,0,169,0,1,168
19_093_001,309,135,0,135,0,1,134
19_094_001,81,36,0,36,0,0,36
19_095_001,90,56,0,56,0,0,56
19_096_001,969,349,0,349,0,2,347
19_097_001,60,34,0,34,0,1,33
19_098_001,96,34,0,34,0,0,34
19_099_001,592,200,0,200,0,1,199
19_100_001,319,170,0,170,0,2,168
19_101_001,662,316,0,316,0,3,313
19_102_001,369,116,0,116,0,0,116
19_103_001,635,254,0,254,0,5,249
19_104_001,446,167,0,167,0,2,165
19_105_001,261,126,0,126,0,1,125
19_106_001,796,305,0,305,0,0,305
19_107_001,797,308,0,308,0,0,308
19_108_001,895,384,1,384,0,0,384
19_108_002,876,373,1,372,-1,0,372
19_109_001,404,238,0,238,0,2,236
19_110_001,915,318,0,317,-1,7,310
19_111_001,374,158,0,157,-1,0,157
19_112_001,427,154,0,154,0,1,153
19_113_001,1106,506,0,506,0,4,502
19_114_001,427,213,0,213,0,1,212
19_115_001,318,114,0,114,0,0,114
19_116_001,432,163,0,163,0,0,163
19_116_002,205,99,0,99,0,1,98
19_117_001,1151,605,0,605,0,1,604
19_118_001,28,14,0,14,0,0,14
19_119_001,237,126,0,126,0,1,125
19_120_001,760,277,0,277,0,2,275
19_121_001,609,233,0,233,0,3,230
19_122_001,241,104,0,104,0,0,104
19_123_001,905,395,0,395,0,1,394
19_124_001,108,66,0,66,0,0,66
19_125_001,535,205,0,205,0,2,203
19_126_001,389,176,0,176,0,1,175
19_127_001,274,99,0,99,0,1,98
19_128_001,951,339,0,339,0,0,339
19_129_001,465,235,0,235,0,1,234
19_130_001,226,102,0,102,0,1,101
19_131_001,449,211,0,211,0,0,211
19_132_001,840,402,0,402,0,1,401
19_132_002,643,240,0,240,0,4,236
19_133_001,530,239,0,239,0,1,238
19_134_001,840,387,0,387,0,2,385
19_135_001,298,119,0,119,0,0,119
19_136_001,704,282,0,282,0,1,281
19_137_001,1163,551,0,545,-6,1,544
19_137_002,1173,577,0,577,0,2,575
19_138_001,299,144,1,143,-1,0,143
19_139_001,81,55,0,55,0,1,54
19_140_001,794,296,0,296,0,1,295
19_141_001,183,115,0,115,0,1,114
19_142_001,720,371,0,371,0,3,368
19_143_001,810,304,0,304,0,1,303
19_143_002,708,276,0,276,0,1,275
19_144_001,854,382,0,382,0,1,381
19_145_001,117,51,0,51,0,0,51
19_146_001,43,34,0,34,0,1,33
19_147_001,161,78,0,78,0,1,77
19_148_001,165,115,0,115,0,1,114
19_149_001,1073,427,0,427,0,0,427
19_149_002,784,280,0,280,0,1,279
19_150_001,1022,353,1,353,0,1,352
19_150_002,644,246,0,246,0,4,242
19_151_001,455,292,0,292,0,2,290
19_152_001,1101,327,0,327,0,0,327
19_152_002,185,81,0,81,0,1,80
19_153_001,902,400,0,400,0,1,399
19_153_002,776,340,1,339,-1,1,338
19_153_003,772,290,0,290,0,3,287
19_153_004,909,518,0,518,0,1,517
19_153_005,783,442,0,442,0,6,436
19_153_006,909,405,0,405,0,5,400
19_153_007,988,415,0,415,0,1,414
19_153_008,586,304,0,304,0,0,304
19_153_009,648,345,0,345,0,0,345
19_153_010,928,538,0,538,0,6,532
19_153_011,938,540,0,539,-1,2,537
19_153_012,624,321,0,321,0,1,320
19_153_013,688,365,0,365,0,2,363
19_153_014,763,314,0,314,0,0,314
19_153_015,1047,459,0,459,0,2,457
19_153_016,990,405,0,405,0,4,401
19_153_017,647,295,0,295,0,0,295
19_153_018,781,272,0,272,0,4,268
19_153_019,663,364,0,364,0,0,364
19_153_020,365,184,0,184,0,3,181
19_153_021,695,321,0,321,0,0,321
19_153_022,630,308,0,308,0,1,307
19_153_023,983,497,0,497,0,3,494
19_153_024,772,363,0,363,0,0,363
19_153_025,701,343,0,342,-1,0,342
19_153_026,607,305,0,305,0,0,305
19_153_027,657,284,0,284,0,1,283
19_153_028,974,427,0,427,0,1,426
19_153_029,762,266,0,266,0,1,265
19_153_030,1071,333,0,332,-1,3,329
19_153_031,699,369,0,369,0,0,369
19_154_001,215,106,0,106,0,1,105
19_155_001,475,218,0,218,0,0,218
19_156_001,264,84,0,84,0,0,84
19_157_001,944,356,0,356,0,2,354
19_158_001,504,272,0,272,0,2,270
19_159_001,286,115,0,115,0,0,115
19_160_001,613,234,0,234,0,1,233
19_160_002,813,323,0,323,0,0,323
19_160_003,776,235,0,235,0,0,235
19_160_004,859,326,0,325,-1,1,324
19_160_005,778,268,0,268,0,3,265
19_161_001,377,172,0,172,0,1,171
19_162_001,160,93,0,93,0,0,93
19_163_001,308,98,0,98,0,1,97
19_164_001,210,112,0,112,0,0,112
19_165_001,1114,659,0,659,0,4,655
19_166_001,159,53,0,53,0,0,53
19_167_001,75,49,0,49,0,0,49
19_168_001,225,111,0,111,0,2,109
19_169_001,236,89,0,89,0,2,87
19_170_001,539,225,0,225,0,6,219
19_171_001,900,322,0,322,0,4,318
19_172_001,68,38,0,38,0,0,38
19_173_001,420,213,0,213,0,4,209
19_174_001,832,354,0,353,-1,2,351
19_174_002,620,284,0,284,0,2,282
19_174_003,592,193,0,193,0,0,193
19_174_004,780,347,0,347,0,3,344
19_174_005,669,332,0,331,-1,2,329
19_174_006,791,330,0,330,0,0,330
19_174_007,725,283,0,283,0,2,281
19_175_001,519,192,0,192,0,1,191
19_176_001,404,148,0,148,0,4,144
19_177_001,369,142,0,142,0,2,140
19_178_001,214,139,0,139,0,1,138
19_179_001,788,250,0,250,0,1,249
19_179_002,705,278,0,278,0,2,276
19_179_003,712,232,0,231,-1,0,231
19_180_001,174,66,0,66,0,0,66
19_181_001,88,57,0,57,0,0,57
19_182_001,804,348,0,348,0,2,346
19_182_002,826,373,0,373,0,1,372
19_183_001,833,452,0,452,0,0,452
19_184_001,356,152,0,152,0,0,152
19_185_001,81,56,0,56,0,0,56
19_186_001,689,285,0,285,0,0,285
19_187_001,556,202,0,202,0,0,202
19_188_001,876,490,0,490,0,1,489
19_188_002,950,335,1,334,-1,3,331
19_188_003,1255,573,0,573,0,3,570
19_188_004,804,344,0,344,0,3,341
19_188_005,875,401,0,401,0,0,401
19_188_006,847,396,0,396,0,1,395
19_188_007,847,369,0,369,0,0,369
19_188_008,883,430,0,430,0,1,429
19_188_009,794,364,0,364,0,2,362
19_188_010,960,400,0,400,0,1,399
19_188_011,808,326,0,326,0,0,326
19_188_012,888,444,0,444,0,1,443
19_188_013,801,382,0,382,0,2,380
19_188_014,647,343,0,343,0,4,339
19_188_015,708,316,0,316,0,0,316
19_189_001,698,311,0,311,0,1,310
19_190_001,1269,724,0,724,0,5,719
19_191_001,1088,490,0,489,-1,4,485
19_192_001,472,205,0,205,0,1,204
19_193_001,1083,426,0,426,0,4,422
19_194_001,275,97,0,97,0,1,96
19_195_001,279,134,0,134,0,2,132
19_196_001,869,294,0,294,0,1,293
19_196_002,837,336,0,336,0,3,333
19_197_001,446,174,0,174,0,2,172
19_198_001,635,254,0,254,0,2,252
19_198_002,607,267,0,267,0,0,267
19_199_001,151,81,0,81,0,1,80
19_200_001,1080,490,0,490,0,4,486
19_201_001,870,388,0,388,0,4,384
19_201_002,974,324,0,324,0,0,324
19_201_003,817,333,0,332,-1,10,322
19_201_004,955,422,0,422,0,2,420
19_201_005,1046,413,0,413,0,1,412
19_201_006,1024,391,0,391,0,0,391
19_201_007,676,280,0,280,0,2,278
19_201_008,748,353,0,353,0,4,349
19_201_009,713,277,0,277,0,3,274
19_201_010,815,334,0,334,0,2,332
19_201_011,798,284,0,284,0,1,283
19_201_012,1003,377,1,376,-1,5,371
19_201_013,779,324,0,324,0,1,323
19_201_014,895,397,0,397,0,0,397
19_201_015,1088,485,2,482,-3,3,479
19_201_016,984,363,0,363,0,0,363
19_201_017,761,336,0,336,0,0,336
19_201_018,753,359,1,358,-1,1,357
19_201_019,788,233,0,233,0,3,230
19_202_001,217,142,0,142,0,2,140
19_203_001,1469,927,0,927,0,3,924
19_203_002,806,407,0,407,0,4,403
19_203_003,697,400,0,400,0,4,396
19_203_004,1102,593,0,592,-1,1,591
19_203_005,819,494,0,494,0,6,488
19_203_006,735,434,0,433,-1,1,432
19_203_007,841,501,0,501,0,2,499
19_203_008,1076,599,0,598,-1,3,595
19_203_009,823,402,0,401,-1,1,400
19_203_010,855,427,0,427,0,2,425
19_203_011,937,565,0,565,0,2,563
19_203_012,876,420,0,420,0,0,420
19_203_013,1079,608,0,608,0,0,608
19_203_014,812,528,0,528,0,1,527
19_203_015,585,286,0,286,0,0,286
19_203_016,705,351,0,351,0,1,350
19_203_017,598,380,0,380,0,1,379
19_203_018,671,374,0,374,0,0,374
19_203_019,683,416,0,416,0,1,415
19_203_020,690,431,0,431,0,1,430
19_203_021,746,422,0,422,0,1,421
19_203_022,653,299,0,299,0,2,297
19_203_023,807,402,0,402,0,2,400
19_203_024,918,478,0,478,0,1,477
19_203_025,1041,514,0,514,0,2,512
19_203_026,930,446,0,446,0,0,446
19_203_027,1050,595,0,595,0,1,594
19_203_028,557,205,1,204,-1,2,202
19_203_029,760,450,0,450,0,1,449
19_203_030,661,398,0,397,-1,1,396
19_203_031,1055,609,0,609,0,4,605
19_203_032,940,578,0,578,0,1,577
19_203_033,660,279,0,279,0,1,278
19_203_034,980,443,0,443,0,1,442
19_203_035,910,398,0,397,-1,1,396
19_203_036,844,334,0,334,0,1,333
19_203_037,609,229,0,229,0,2,227
19_203_038,852,341,0,341,0,0,341
19_203_039,691,260,0,260,0,2,258
19_203_040,893,358,0,358,0,0,358
19_203_041,600,217,0,215,-2,1,214
19_203_042,705,286,0,286,0,0,286
19_203_043,808,317,0,317,0,3,314
19_203_044,920,409,0,409,0,4,405
19_203_045,766,317,0,317,0,0,317
19_203_046,618,275,0,275,0,0,275
19_203_047,599,290,1,289,-1,0,289
19_203_048,384,209,0,209,0,1,208
19_203_049,750,387,0,387,0,0,387
19_203_050,1026,471,0,471,0,1,470
19_203_051,832,365,0,365,0,2,363
19_203_052,231,113,0,113,0,1,112
19_203_053,1173,594,0,594,0,3,591
19_203_054,787,397,0,395,-2,0,395
19_203_055,742,366,0,366,0,2,364
19_203_056,793,337,0,337,0,3,334
19_204_001,199,124,0,124,0,2,122
19_205_001,220,90,0,90,0,1,89
19_206_001,105,47,0,47,0,0,47
19_207_001,165,73,0,73,0,1,72
19_208_001,527,191,0,191,0,0,191
19_209_001,190,92,0,92,0,0,92
19_210_001,67,37,0,37,0,0,37
19_211_001,203,48,0,48,0,0,48
19_212_001,342,136,0,136,0,1,135
19_213_001,1028,388,0,388,0,0,388
19_214_001,45,21,0,21,0,1,20
19_215_001,123,69,0,69,0,0,69
19_216_001,864,468,0,468,0,5,463
19_217_001,774,316,0,316,0,5,311
19_217_002,752,285,0,285,0,2,283
19_217_003,786,345,0,344,-1,4,340
19_217_004,749,349,0,349,0,0,349
19_217_005,837,405,0,405,0,2,403
19_217_006,695,347,0,347,0,3,344
19_217_007,986,491,0,490,-1,6,484
19_218_001,896,543,0,543,0,4,539
20_001_001,341,172,0,172,0,1,171
20_002_001,64,38,0,38,0,0,38
20_003_001,576,247,0,247,0,1,246
20_004_001,1197,547,0,547,0,6,541
20_005_001,271,78,0,78,0,0,78
20_006_001,52,38,0,38,0,1,37
20_007_001,409,216,0,216,0,0,216
20_008_001,36,26,0,26,0,0,26
20_009_001,1026,442,0,442,0,3,439
20_010_001,662,309,0,309,0,2,307
20_010_002,675,287,0,287,0,3,284
20_011_001,278,96,0,96,0,0,96
20_012_001,1039,615,0,613,-2,2,611
20_013_001,382,119,0,119,0,0,119
20_014_001,110,68,0,68,0,0,68
20_015_001,296,111,0,111,0,0,111
20_016_001,474,173,0,173,0,6,167
20_017_001,482,241,0,241,0,2,239
20_017_002,102,52,0,52,0,0,52
20_018_001,634,247,0,247,0,0,247
20_018_002,590,230,0,230,0,0,230
20_018_003,477,158,0,158,0,3,155
20_019_001,645,260,0,260,0,0,260
20_020_001,615,206,0,206,0,3,203
20_021_001,87,56,0,56,0,0,56
20_022_001,110,57,0,57,0,1,56
20_023_001,932,400,0,400,0,2,398
20_024_001,248,86,0,86,0,0,86
20_025_001,259,144,0,144,0,0,144
20_026_001,582,192,0,192,0,5,187
20_027_001,237,105,0,105,0,1,104
20_028_001,222,103,0,103,0,1,102
20_029_001,36,26,0,26,0,0,26
20_030_001,43,21,0,21,0,1,20
20_031_001,590,301,0,301,0,1,300
20_032_001,176,78,0,78,0,0,78
20_033_001,121,49,0,49,0,0,49
20_034_001,426,193,0,193,0,0,193
20_035_001,1259,586,0,586,0,6,580
20_035_002,1059,478,0,478,0,3,475
20_036_001,32,9,0,9,0,0,9
20_037_001,706,393,0,393,0,1,392
20_038_001,283,141,0,141,0,2,139
20_039_001,67,47,0,47,0,0,47
20_040_001,477,192,0,192,0,1,191
20_041_001,324,103,0,103,0,1,102
20_042_001,382,136,0,136,0,0,136
20_043_001,146,68,0,68,0,0,68
20_044_001,121,76,0,76,0,4,72
20_045_001,71,47,0,47,0,2,45
20_046_001,26,21,0,21,0,0,21
20_047_001,247,100,0,100,0,4,96
20_048_001,854,367,0,366,-1,1,365
20_049_001,555,225,0,225,0,0,225
20_050_001,320,109,0,109,0,0,109
20_051_001,534,261,0,261,0,2,259
20_052_001,585,241,0,241,0,0,241
20_053_001,18,18,0,18,0,0,18
20_054_001,537,210,0,210,0,0,210
20_055_001,115,61,0,61,0,0,61
20_056_001,959,317,0,317,0,0,317
20_057_001,527,188,0,188,0,0,188
20_058_001,54,35,0,35,0,0,35
20_059_001,801,380,0,380,0,1,379
20_059_002,479,209,0,209,0,0,209
20_060_001,395,122,0,122,0,1,121
20_060_002,484,136,0,136,0,0,136
20_061_001,218,97,0,97,0,0,97
20_062_001,73,28,0,28,0,0,28
20_063_001,42,30,0,30,0,0,30
20_064_001,49,37,0,37,0,0,37
20_065_001,241,118,0,118,0,0,118
20_066_001,666,252,0,252,0,0,252
20_066_002,188,68,0,68,0,0,68
20_067_001,1047,479,0,479,0,3,476
20_067_002,1021,557,0,557,0,6,551
20_067_003,966,460,0,460,0,2,458
20_068_001,76,34,0,34,0,0,34
20_069_001,242,109,0,109,0,1,108
20_070_001,346,130,0,130,0,0,130
20_070_002,434,184,0,184,0,3,181
20_070_003,108,43,0,43,0,0,43
20_071_001,65,35,0,35,0,1,34
20_072_001,1221,911,1,910,-1,1,909
20_072_002,676,336,0,336,0,1,335
20_072_003,791,400,0,400,0,0,400
20_072_004,748,371,0,371,0,0,371
20_072_005,937,457,0,457,0,0,457
20_073_001,183,86,0,86,0,2,84
20_074_001,147,64,0,64,0,0,64
20_075_001,282,130,0,130,0,1,129
20_076_001,9,8,0,8,0,0,8
20_077_001,245,115,0,115,0,2,113
20_078_001,165,78,0,78,0,1,77
20_079_001,74,42,0,42,0,0,42
20_080_001,589,255,0,255,0,1,254
20_081_001,126,87,0,87,0,0,87
20_082_001,106,55,0,55,0,0,55
20_083_001,189,109,0,109,0,0,109
20_084_001,562,245,0,245,0,0,245
20_084_002,304,145,0,145,0,1,144
20_085_001,124,51,0,51,0,2,49
20_085_002,276,115,0,115,0,1,114
20_086_001,72,29,0,29,0,0,29
20_087_001,185,36,0,36,0,0,36
20_088_001,235,116,0,116,0,1,115
20_089_001,97,59,0,59,0,0,59
20_090_001,86,59,0,59,0,0,59
20_091_001,194,84,0,84,0,1,83
20_092_001,143,67,0,67,0,1,66
20_093_001,913,413,0,413,0,1,412
20_093_002,794,337,0,337,0,2,335
20_093_003,967,443,0,443,0,2,441
20_093_004,961,560,0,560,0,4,556
20_093_005,939,478,0,478,0,2,476
20_093_006,1155,533,0,531,-2,1,530
20_093_007,799,488,0,488,0,4,484
20_093_008,843,428,0,428,0,3,425
20_093_009,703,334,0,334,0,3,331
20_093_010,971,500,0,500,0,3,497
20_093_011,1062,512,0,512,0,0,512
20_093_012,815,438,0,438,0,1,437
20_093_013,948,412,0,412,0,0,412
20_093_014,1130,434,0,434,0,0,434
20_093_015,1023,427,0,427,0,1,426
20_093_016,1021,433,0,433,0,0,433
20_093_017,855,443,0,442,-1,0,442
20_094_001,183,75,0,75,0,0,75
20_095_001,372,150,0,150,0,1,149
20_096_001,150,72,0,72,0,0,72
20_097_001,142,75,0,75,0,0,75
20_098_001,166,81,0,81,0,0,81
20_099_001,219,123,0,123,0,0,123
20_100_001,142,66,0,66,0,0,66
20_101_001,139,74,0,74,0,0,74
20_102_001,138,50,0,50,0,0,50
20_103_001,43,27,0,27,0,0,27
20_104_001,35,29,0,29,0,0,29
20_105_001,389,165,0,165,0,0,165
20_106_001,66,38,0,38,0,0,38
20_107_001,386,180,0,180,0,3,177
20_108_001,49,21,0,21,0,0,21
20_109_001,25,18,0,18,0,0,18
20_110_001,32,23,0,23,0,1,22
20_111_001,996,582,0,582,0,8,574
20_111_002,1027,610,0,610,0,1,609
20_111_003,675,441,0,441,0,1,440
20_111_004,832,446,0,446,0,7,439
20_111_005,622,383,0,383,0,1,382
20_111_006,905,547,0,547,0,2,545
20_111_007,472,265,0,265,0,1,264
20_111_008,298,185,0,185,0,0,185
20_111_009,257,137,0,137,0,1,136
20_111_010,257,144,0,144,0,0,144
20_111_011,134,81,0,81,0,0,81
20_112_001,687,271,1,271,0,0,271
20_112_002,782,295,0,295,0,0,295
20_112_003,796,287,0,287,0,1,286
20_112_004,623,204,0,204,0,2,202
20_112_005,483,178,0,178,0,2,176
20_113_001,154,84,0,84,0,0,84
20_114_001,46,30,0,30,0,0,30
20_115_001,73,28,0,28,0,0,28
20_115_002,157,64,0,64,0,0,64
20_116_001,310,134,0,134,0,1,133
20_117_001,964,400,3,397,-3,0,397
20_118_001,47,29,0,29,0,0,29
20_119_001,220,97,0,97,0,0,97
20_120_001,366,159,0,159,0,3,156
20_121_001,65,31,0,31,0,1,30
20_122_001,41,32,0,32,0,0,32
20_123_001,595,193,0,193,0,2,191
20_124_001,292,154,1,152,-2,2,150
20_125_001,228,129,0,129,0,5,124
20_126_001,253,111,0,111,0,3,108
20_127_001,241,92,0,92,0,0,92
20_128_001,590,253,0,253,0,1,252
20_129_001,864,254,0,254,0,0,254
20_129_002,575,188,0,188,0,1,187
20_130_001,207,84,1,83,-1,0,83
20_131_001,207,85,0,85,0,0,85
20_131_002,93,53,0,53,0,2,51
20_131_003,78,39,0,39,0,0,39
20_132_001,342,120,0,120,0,2,118
20_133_001,126,60,0,60,0,1,59
20_134_001,876,371,0,371,0,0,371
20_134_002,1040,534,0,534,0,2,532
20_134_003,812,359,0,359,0,1,358
20_134_004,1205,485,0,485,0,3,482
20_134_005,960,440,0,440,0,1,439
20_134_006,1027,497,0,497,0,2,495
20_134_007,698,300,0,300,0,1,299
20_134_008,1043,438,0,438,0,2,436
20_134_009,1214,571,0,570,-1,1,569
20_134_010,1000,466,0,466,0,3,463
20_134_011,794,399,0,399,0,2,397
20_134_012,1071,584,0,584,0,5,579
20_134_013,888,470,0,470,0,1,469
20_134_014,1066,449,0,449,0,3,446
20_134_015,1011,447,0,447,0,2,445
20_134_016,790,185,0,185,0,0,185
20_134_017,218,87,0,87,0,1,86
20_134_018,1072,474,0,473,-1,3,470
20_134_019,1036,379,0,379,0,2,377
20_134_020,837,274,0,274,0,0,274
20_134_021,802,317,0,317,0,0,317
20_134_022,1013,400,0,398,-2,4,394
20_134_023,1078,431,0,431,0,0,431
20_134_024,765,348,0,348,0,1,347
20_134_025,820,324,0,324,0,1,323
20_134_026,1225,394,0,394,0,0,394
20_134_027,1257,516,0,516,0,1,515
20_134_028,1191,393,0,393,0,0,393
20_134_029,1135,525,0,525,0,1,524
20_134_030,964,363,0,363,0,2,361
20_134_031,750,331,0,331,0,0,331
20_134_032,846,395,0,395,0,3,392
20_134_033,954,448,0,448,0,1,447
20_134_034,1228,589,0,588,-1,2,586
20_134_035,1233,507,0,507,0,1,506
20_134_036,510,192,0,192,0,2,190
20_134_037,829,384,1,383,-1,0,383
20_134_038,914,407,0,407,0,3,404
20_134_039,1175,498,0,498,0,0,498
20_134_040,1131,488,0,488,0,1,487
20_135_001,726,265,0,265,0,2,263
20_136_001,370,191,0,191,0,0,191
20_137_001,395,187,0,187,0,0,187
20_138_001,407,168,0,168,0,0,168
20_139_001,404,145,1,145,0,0,145
20_140_001,891,374,0,374,0,1,373
20_141_001,387,151,0,151,0,0,151
20_142_001,537,255,0,255,0,6,249
20_143_001,217,103,0,103,0,1,102
20_144_001,129,83,0,83,0,0,83
20_145_001,218,87,1,87,0,0,87
20_146_001,261,129,0,129,0,1,128
20_147_001,251,111,0,111,0,3,108
20_148_001,211,102,0,102,0,0,102
20_149_001,160,103,0,103,0,0,103
20_150_001,640,236,0,236,0,0,236
20_151_001,200,55,0,55,0,0,55
20_152_001,95,47,0,47,0,0,47
20_153_001,83,55,0,55,0,1,54
20_154_001,333,93,0,93,0,0,93
20_155_001,95,42,0,42,0,1,41
20_156_001,153,80,0,80,0,0,80
20_157_001,459,159,0,159,0,1,158
20_158_001,640,210,0,210,0,2,208
20_158_002,696,267,0,267,0,1,266
20_159_001,98,49,0,49,0,0,49
20_160_001,694,220,0,220,0,0,220
20_161_001,148,74,0,74,0,2,72
20_162_001,832,392,0,392,0,2,390
20_162_002,119,56,0,56,0,1,55
20_163_001,142,69,0,69,0,0,69
20_164_001,344,123,1,122,-1,2,120
20_165_001,311,148,0,148,0,1,147
20_166_001,308,115,0,115,0,0,115
20_167_001,765,306,0,306,0,1,305
20_168_001,232,157,0,157,0,0,157
20_169_001,672,234,0,234,0,1,233
20_170_001,296,90,0,90,0,1,89
20_171_001,34,30,0,30,0,0,30
20_172_001,231,105,0,105,0,1,104
20_173_001,26,24,0,24,0,0,24
20_174_001,138,68,0,68,0,0,68
20_175_001,434,180,0,180,0,0,180
20_176_001,467,219,0,219,0,3,216
20_177_001,30,18,0,18,0,1,17
20_178_001,231,97,0,97,0,0,97
20_179_001,1018,401,0,400,-1,2,398
20_180_001,753,352,0,352,0,1,351
20_181_001,330,158,0,158,0,2,156
20_182_001,479,219,0,219,0,3,216
20_183_001,322,141,0,141,0,0,141
20_184_001,627,298,0,298,0,2,296
20_185_001,774,248,0,248,0,1,247
20_185_002,735,222,1,221,-1,5,216
20_186_001,495,205,0,205,0,1,204
20_187_001,42,29,0,29,0,0,29
20_188_001,735,351,0,351,0,1,350
20_189_001,575,178,0,178,0,1,177
20_189_002,626,173,0,173,0,1,172
20_190_001,484,189,0,189,0,0,189
20_191_001,495,233,0,233,0,2,231
20_192_001,163,73,0,73,0,0,73
20_193_001,256,118,0,118,0,1,117
20_194_001,329,160,0,160,0,1,159
20_195_001,50,29,0,29,0,1,28
20_196_001,247,98,1,97,-1,1,96
20_197_001,69,31,0,31,0,0,31
20_198_001,108,39,0,39,0,0,39
20_199_001,692,169,0,169,0,0,169
20_200_001,625,220,0,220,0,3,217
20_200_002,664,226,0,226,0,1,225
20_201_001,185,103,0,103,0,0,103
20_202_001,20,12,0,12,0,0,12
20_203_001,150,110,0,110,0,0,110
20_204_001,872,440,0,440,0,1,439
20_205_001,73,53,0,53,0,0,53
20_205_002,54,35,0,35,0,0,35
20_206_001,290,132,0,132,0,0,132
20_207_001,452,189,0,189,0,4,185
20_208_001,550,174,0,174,0,0,174
20_209_001,701,248,0,248,0,0,248
20_210_001,404,139,0,139,0,0,139
20_210_002,497,169,0,169,0,0,169
20_211_001,476,98,0,98,0,1,97
20_211_002,781,276,0,276,0,4,272
20_212_001,800,333,0,333,0,1,332
20_213_001,47,23,0,23,0,0,23
20_214_001,467,185,0,185,0,1,184
20_215_001,236,151,0,151,0,1,150
20_215_002,59,36,0,36,0,0,36
20_216_001,110,47,0,47,0,0,47
20_217_001,154,47,0,47,0,2,45
20_218_001,877,401,0,401,0,0,401
20_219_001,100,56,0,56,0,1,55
20_220_001,61,30,0,30,0,0,30
20_221_001,281,127,0,127,0,0,127
20_222_001,1034,511,0,511,0,5,506
20_222_002,926,481,0,481,0,2,479
20_223_001,68,45,0,45,0,0,45
20_224_001,177,73,0,73,0,2,71
20_225_001,633,258,0,258,0,4,254
20_225_002,576,231,0,231,0,1,230
20_226_001,528,259,0,259,0,4,255
20_227_001,568,217,0,217,0,0,217
20_228_001,295,130,0,130,0,1,129
20_229_001,811,330,0,330,0,1,329
20_230_001,406,182,0,182,0,1,181
20_231_001,724,333,0,333,0,1,332
20_231_002,1084,502,0,502,0,0,502
20_231_003,1163,586,0,586,0,1,585
20_231_004,884,457,0,457,0,0,457
20_231_005,796,313,0,313,0,1,312
20_231_006,1201,571,0,571,0,2,569
20_231_007,827,354,0,354,0,3,351
20_231_008,695,343,0,343,0,1,342
20_231_009,828,405,0,405,0,1,404
20_231_010,859,397,0,397,0,0,397
20_231_011,803,359,0,359,0,2,357
20_231_012,1011,472,0,472,0,2,470
20_231_013,1089,514,0,513,-1,1,512
20_231_014,878,367,0,367,0,3,364
20_231_015,941,433,1,432,-1,1,431
20_231_016,1443,751,0,751,0,4,747
20_231_017,990,499,0,499,0,0,499
20_231_018,954,472,0,471,-1,4,467
20_231_019,857,447,1,447,0,4,443
20_231_020,968,502,0,502,0,0,502
20_231_021,1085,533,1,533,0,3,530
20_231_022,902,407,0,407,0,3,404
20_231_023,1110,588,0,588,0,3,585
20_231_024,495,203,0,203,0,1,202
20_231_025,529,265,0,265,0,0,265
20_231_026,1312,613,0,613,0,1,612
20_231_027,978,421,0,419,-2,2,417
20_231_028,1371,617,1,615,-2,2,613
20_231_029,892,433,0,432,-1,2,430
20_231_030,595,230,0,230,0,4,226
20_231_031,707,286,0,286,0,3,283
20_231_032,788,380,0,380,0,3,377
20_231_033,825,366,0,366,0,1,365
20_231_034,982,447,0,447,0,1,446
20_231_035,875,481,0,480,-1,2,478
20_231_036,980,456,0,456,0,2,454
20_231_037,1029,557,0,557,0,1,556
20_231_038,871,407,0,407,0,3,404
20_231_039,841,394,0,394,0,0,394
20_231_040,1013,567,0,567,0,3,564
20_231_041,1072,530,0,530,0,1,529
20_231_042,664,344,0,344,0,1,343
20_231_043,925,424,1,424,0,2,422
20_231_044,922,447,0,447,0,2,445
20_231_045,847,373,0,373,0,0,373
20_231_046,831,388,0,388,0,0,388
20_231_047,714,395,0,395,0,2,393
20_231_048,1373,697,0,697,0,6,691
20_231_049,997,474,0,474,0,3,471
20_231_050,652,263,0,263,0,3,260
20_231_051,633,349,0,349,0,0,349
20_232_001,302,153,0,153,0,0,153
20_233_001,88,46,0,46,0,1,45
20_234_001,303,137,0,137,0,1,136
20_235_001,1054,599,0,599,0,5,594
20_235_002,925,345,0,345,0,2,343
20_236_001,671,149,0,149,0,2,147
20_236_002,693,242,0,242,0,2,240
20_236_003,722,172,0,172,0,0,172
20_237_001,22,17,0,17,0,0,17
20_238_001,524,252,0,252,0,0,252
20_238_002,527,221,0,221,0,2,219
20_238_003,505,195,0,195,0,0,195
20_238_004,500,218,0,218,0,0,218
20_238_005,196,106,0,106,0,0,106
20_238_006,74,44,0,44,0,0,44
20_239_001,138,87,0,87,0,0,87
20_240_001,101,45,0,45,0,1,44
20_241_001,428,174,0,174,0,1,173
20_242_001,747,324,0,324,0,3,321
20_243_001,654,277,0,277,0,1,276
20_244_001,661,260,0,260,0,1,259
20_244_002,687,327,0,327,0,0,327
20_244_003,820,374,0,373,-1,0,373
20_244_004,1062,435,0,435,0,1,434
20_244_005,428,176,0,176,0,1,175
20_244_006,536,235,0,235,0,2,233
20_244_007,155,56,0,56,0,0,56
20_244_008,253,101,0,101,0,1,100
20_244_009,234,82,0,82,0,2,80
20_244_010,388,188,0,188,0,1,187
20_245_001,353,186,0,186,0,0,186
20_246_001,829,371,0,371,0,1,370
20_247_001,237,80,0,80,0,3,77
20_248_001,412,178,0,178,0,0,178
20_248_002,216,77,0,77,0,0,77
20_249_001,227,114,0,114,0,2,112
20_250_001,61,47,1,46,-1,1,45
20_251_001,814,330,0,330,0,0,330
20_252_001,46,40,0,40,0,1,39
20_253_001,504,173,0,173,0,0,173
20_254_001,75,45,0,45,0,0,45
20_255_001,740,279,0,279,0,3,276
20_256_001,290,113,0,113,0,0,113
20_257_001,46,27,0,27,0,0,27
20_258_001,380,161,0,161,0,0,161
