SZAVAZOKOR,VALASZTOPOLGAR,MEGJELENTEK,URNABAN_BELYEGZES_NELKULI,URNABAN_LEBELYEGZETT,ELTERES,ERVENYTELEN,ERVENYES
01_001_001,1265,,,,,,
01_001_002,1311,,,,,,
01_001_003,1205,,,,,,
01_001_004,924,,,,,,
01_001_005,1409,,,,,,
01_001_006,1203,,,,,,
01_001_007,1157,,,,,,
01_001_008,1259,,,,,,
01_001_009,1158,,,,,,
01_001_010,1251,,,,,,
01_001_011,1310,,,,,,
01_001_012,1143,,,,,,
01_001_013,1322,,,,,,
01_001_014,1235,,,,,,
01_001_015,1291,,,,,,
01_001_016,1179,,,,,,
01_002_001,945,,,,,,
01_002_002,891,,,,,,
01_002_003,672,,,,,,
01_002_004,1076,,,,,,
01_002_005,1090,,,,,,
01_002_006,885,,,,,,
01_002_007,795,,,,,,
01_002_008,938,,,,,,
01_002_009,869,,,,,,
01_002_010,727,,,,,,
01_002_011,625,,,,,,
01_002_012,1040,,,,,,
01_002_013,676,,,,,,
01_002_014,862,,,,,,
01_002_015,783,,,,,,
01_002_016,1104,,,,,,
01_002_017,827,,,,,,
01_002_018,716,,,,,,
01_002_019,849,,,,,,
01_002_020,823,,,,,,
01_002_021,878,,,,,,
01_002_022,850,,,,,,
01_002_023,860,,,,,,
01_002_024,986,,,,,,
01_002_025,890,,,,,,
01_002_026,871,,,,,,
01_002_027,751,,,,,,
01_002_028,662,,,,,,
01_002_029,501,,,,,,
01_002_030,571,,,,,,
01_002_031,1099,,,,,,
01_002_032,935,,,,,,
01_002_033,852,,,,,,
01_002_034,762,,,,,,
01_002_035,902,,,,,,
01_002_036,891,,,,,,
01_002_037,920,,,,,,
01_002_038,1042,,,,,,
01_002_039,1010,,,,,,
01_002_040,839,,,,,,
01_002_041,834,,,,,,
01_002_042,816,,,,,,
01_002_043,859,,,,,,
01_002_044,994,,,,,,
01_002_045,894,,,,,,
01_002_046,905,,,,,,
01_002_047,958,,,,,,
01_002_048,926,,,,,,
01_002_049,926,,,,,,
01_002_050,899,,,,,,
01_002_051,688,,,,,,
01_002_052,665,,,,,,
01_002_053,668,,,,,,
01_002_054,965,,,,,,
01_002_055,865,,,,,,
01_002_056,725,,,,,,
01_002_057,778,,,,,,
01_002_058,918,,,,,,
01_002_059,783,,,,,,
01_002_060,742,,,,,,
01_002_061,911,,,,,,
01_002_062,618,,,,,,
01_002_063,819,,,,,,
01_002_064,826,,,,,,
01_002_065,935,,,,,,
01_002_066,903,,,,,,
01_002_067,787,,,,,,
01_002_068,812,,,,,,
01_002_069,951,,,,,,
01_002_070,818,,,,,,
01_002_071,832,,,,,,
01_002_072,927,,,,,,
01_002_073,866,,,,,,
01_002_074,783,,,,,,
01_002_111,483,,,,,,
01_003_001,1286,,,,,,
01_003_002,1077,,,,,,
01_003_003,1129,,,,,,
01_003_004,904,,,,,,
01_003_005,1065,,,,,,
01_003_006,1239,,,,,,
01_003_007,824,,,,,,
01_003_008,1185,,,,,,
01_003_009,1097,,,,,,
01_003_010,893,,,,,,
01_003_011,803,,,,,,
01_003_012,811,,,,,,
01_003_013,900,,,,,,
01_003_014,1151,,,,,,
01_003_015,1267,,,,,,
01_003_016,1335,,,,,,
01_003_017,1246,,,,,,
01_003_018,1238,,,,,,
01_003_019,1317,,,,,,
01_003_020,952,,,,,,
01_003_021,1010,,,,,,
01_003_022,769,,,,,,
01_003_023,733,,,,,,
01_003_024,875,,,,,,
01_003_025,1175,,,,,,
01_003_026,1025,,,,,,
01_003_027,970,,,,,,
01_003_028,1293,,,,,,
01_003_029,1256,,,,,,
01_003_030,1240,,,,,,
01_003_031,618,,,,,,
01_003_032,1295,,,,,,
01_003_033,1082,,,,,,
01_003_034,1235,,,,,,
01_003_035,1244,,,,,,
01_003_036,938,,,,,,
01_003_037,868,,,,,,
01_003_038,1202,,,,,,
01_003_039,1287,,,,,,
01_003_040,1167,,,,,,
01_003_041,1233,,,,,,
01_003_042,1118,,,,,,
01_003_043,1101,,,,,,
01_003_044,953,,,,,,
01_003_045,841,,,,,,
01_003_046,792,,,,,,
01_003_047,928,,,,,,
01_003_048,894,,,,,,
01_003_049,940,,,,,,
01_003_050,835,,,,,,
01_003_051,1164,,,,,,
01_003_052,1117,,,,,,
01_003_053,996,,,,,,
01_003_054,770,,,,,,
01_003_055,1160,,,,,,
01_003_056,1257,,,,,,
01_003_057,828,,,,,,
01_003_058,954,,,,,,
01_003_059,899,,,,,,
01_003_060,888,,,,,,
01_003_061,911,,,,,,
01_003_062,1009,,,,,,
01_003_063,1080,,,,,,
01_003_064,1145,,,,,,
01_003_065,724,,,,,,
01_003_066,1055,,,,,,
01_003_067,975,,,,,,
01_003_068,823,,,,,,
01_003_069,833,,,,,,
01_003_070,1137,,,,,,
01_003_071,1279,,,,,,
01_003_072,947,,,,,,
01_003_073,931,,,,,,
01_003_074,1224,,,,,,
01_003_075,1279,,,,,,
01_003_076,1225,,,,,,
01_003_077,916,,,,,,
01_003_078,858,,,,,,
01_003_079,1049,,,,,,
01_003_080,1017,,,,,,
01_003_081,1196,,,,,,
01_003_082,1173,,,,,,
01_003_083,902,,,,,,
01_003_084,793,,,,,,
01_003_085,981,,,,,,
01_003_086,1078,,,,,,
01_003_087,1133,,,,,,
01_003_088,835,,,,,,
01_003_089,805,,,,,,
01_003_090,1039,,,,,,
01_003_091,1064,,,,,,
01_003_092,1080,,,,,,
01_003_093,1023,,,,,,
01_003_094,23,,,,,,
01_003_200,756,,,,,,
01_004_001,1217,,,,,,
01_004_002,1095,,,,,,
01_004_003,886,,,,,,
01_004_004,1243,,,,,,
01_004_005,1109,,,,,,
01_004_006,1001,,,,,,
01_004_007,936,,,,,,
01_004_008,1117,,,,,,
01_004_009,1225,,,,,,
01_004_010,1117,,,,,,
01_004_011,1046,,,,,,
01_004_012,1015,,,,,,
01_004_013,1069,,,,,,
01_004_014,1003,,,,,,
01_004_015,1054,,,,,,
01_004_016,500,,,,,,
01_004_017,1293,,,,,,
01_004_018,1349,,,,,,
01_004_019,998,,,,,,
01_004_020,1020,,,,,,
01_004_021,1258,,,,,,
01_004_022,1006,,,,,,
01_004_023,1049,,,,,,
01_004_024,1094,,,,,,
01_004_025,963,,,,,,
01_004_026,1245,,,,,,
01_004_027,1050,,,,,,
01_004_028,909,,,,,,
01_004_029,997,,,,,,
01_004_030,1148,,,,,,
01_004_031,996,,,,,,
01_004_032,906,,,,,,
01_004_033,901,,,,,,
01_004_034,966,,,,,,
01_004_035,1014,,,,,,
01_004_036,1263,,,,,,
01_004_037,1278,,,,,,
01_004_038,1020,,,,,,
01_004_039,933,,,,,,
01_004_040,879,,,,,,
01_004_041,999,,,,,,
01_004_042,818,,,,,,
01_004_043,983,,,,,,
01_004_044,1009,,,,,,
01_004_045,1067,,,,,,
01_004_046,1088,,,,,,
01_004_047,912,,,,,,
01_004_048,947,,,,,,
01_004_049,1218,,,,,,
01_004_050,1095,,,,,,
01_004_051,983,,,,,,
01_004_052,819,,,,,,
01_004_053,782,,,,,,
01_004_054,969,,,,,,
01_004_055,971,,,,,,
01_004_056,1051,,,,,,
01_004_057,843,,,,,,
01_004_058,1151,,,,,,
01_004_059,900,,,,,,
01_004_060,1016,,,,,,
01_004_061,1131,,,,,,
01_004_062,925,,,,,,
01_004_063,1246,,,,,,
01_004_064,1230,,,,,,
01_004_065,982,,,,,,
01_004_066,1024,,,,,,
01_004_067,972,,,,,,
01_004_068,1100,,,,,,
01_004_069,1031,,,,,,
01_004_070,1082,,,,,,
01_004_080,651,,,,,,
01_005_001,831,,,,,,
01_005_002,555,,,,,,
01_005_003,877,,,,,,
01_005_004,718,,,,,,
01_005_005,1011,,,,,,
01_005_006,539,,,,,,
01_005_007,373,,,,,,
01_005_008,473,,,,,,
01_005_009,518,,,,,,
01_005_010,784,,,,,,
01_005_011,1163,,,,,,
01_005_012,926,,,,,,
01_005_013,1197,,,,,,
01_005_014,1170,,,,,,
01_005_015,967,,,,,,
01_005_016,922,,,,,,
01_005_017,1118,,,,,,
01_005_018,1087,,,,,,
01_005_019,1063,,,,,,
01_005_020,186,,,,,,
01_006_001,580,,,,,,
01_006_002,590,,,,,,
01_006_003,617,,,,,,
01_006_004,694,,,,,,
01_006_005,712,,,,,,
01_006_006,627,,,,,,
01_006_007,636,,,,,,
01_006_008,592,,,,,,
01_006_009,628,,,,,,
01_006_010,479,,,,,,
01_006_011,790,,,,,,
01_006_012,730,,,,,,
01_006_013,707,,,,,,
01_006_014,838,,,,,,
01_006_015,840,,,,,,
01_006_016,772,,,,,,
01_006_017,850,,,,,,
01_006_018,910,,,,,,
01_006_019,880,,,,,,
01_006_020,716,,,,,,
01_006_021,935,,,,,,
01_006_022,794,,,,,,
01_006_023,955,,,,,,
01_006_024,845,,,,,,
01_006_025,424,,,,,,
01_006_026,1183,,,,,,
01_006_027,839,,,,,,
01_006_028,771,,,,,,
01_006_029,899,,,,,,
01_006_030,771,,,,,,
01_006_031,97,,,,,,
01_007_001,714,,,,,,
01_007_002,707,,,,,,
01_007_003,704,,,,,,
01_007_004,652,,,,,,
01_007_005,744,,,,,,
01_007_006,887,,,,,,
01_007_007,690,,,,,,
01_007_008,864,,,,,,
01_007_009,571,,,,,,
01_007_010,421,,,,,,
01_007_011,593,,,,,,
01_007_012,659,,,,,,
01_007_013,731,,,,,,
01_007_014,633,,,,,,
01_007_015,913,,,,,,
01_007_016,794,,,,,,
01_007_017,1042,,,,,,
01_007_018,416,,,,,,
01_007_019,908,,,,,,
01_007_020,902,,,,,,
01_007_021,856,,,,,,
01_007_022,717,,,,,,
01_007_023,920,,,,,,
01_007_024,773,,,,,,
01_007_025,852,,,,,,
01_007_026,861,,,,,,
01_007_027,855,,,,,,
01_007_028,799,,,,,,
01_007_029,780,,,,,,
01_007_030,701,,,,,,
01_007_031,691,,,,,,
01_007_032,814,,,,,,
01_007_033,828,,,,,,
01_007_034,923,,,,,,
01_007_035,953,,,,,,
01_007_036,748,,,,,,
01_007_037,821,,,,,,
01_007_038,956,,,,,,
01_007_039,819,,,,,,
01_007_040,900,,,,,,
01_007_041,787,,,,,,
01_007_042,399,,,,,,
01_008_001,743,,,,,,
01_008_002,910,,,,,,
01_008_003,868,,,,,,
01_008_004,618,,,,,,
01_008_005,619,,,,,,
01_008_006,583,,,,,,
01_008_007,820,,,,,,
01_008_008,1838,,,,,,
01_008_009,780,,,,,,
01_008_010,923,,,,,,
01_008_011,1030,,,,,,
01_008_012,920,,,,,,
01_008_013,850,,,,,,
01_008_014,613,,,,,,
01_008_015,864,,,,,,
01_008_016,1063,,,,,,
01_008_017,917,,,,,,
01_008_018,1015,,,,,,
01_008_019,1123,,,,,,
01_008_020,1480,,,,,,
01_008_021,1001,,,,,,
01_008_022,1081,,,,,,
01_008_023,677,,,,,,
01_008_024,692,,,,,,
01_008_025,761,,,,,,
01_008_026,617,,,,,,
01_008_027,899,,,,,,
01_008_028,978,,,,,,
01_008_029,793,,,,,,
01_008_030,1332,,,,,,
01_008_031,1222,,,,,,
01_008_032,652,,,,,,
01_008_033,659,,,,,,
01_008_034,1177,,,,,,
01_008_035,648,,,,,,
01_008_036,864,,,,,,
01_008_037,1104,,,,,,
01_008_038,1153,,,,,,
01_008_039,740,,,,,,
01_008_040,842,,,,,,
01_008_041,1220,,,,,,
01_008_042,1298,,,,,,
01_008_043,1296,,,,,,
01_008_044,927,,,,,,
01_008_045,1216,,,,,,
01_008_046,943,,,,,,
01_008_047,658,,,,,,
01_008_048,1102,,,,,,
01_008_049,1029,,,,,,
01_008_050,1141,,,,,,
01_008_051,597,,,,,,
01_009_001,649,,,,,,
01_009_002,638,,,,,,
01_009_003,766,,,,,,
01_009_004,691,,,,,,
01_009_005,684,,,,,,
01_009_006,665,,,,,,
01_009_007,765,,,,,,
01_009_008,782,,,,,,
01_009_009,915,,,,,,
01_009_010,643,,,,,,
01_009_011,843,,,,,,
01_009_012,705,,,,,,
01_009_013,707,,,,,,
01_009_014,812,,,,,,
01_009_015,795,,,,,,
01_009_016,755,,,,,,
01_009_017,863,,,,,,
01_009_018,907,,,,,,
01_009_019,931,,,,,,
01_009_020,727,,,,,,
01_009_021,911,,,,,,
01_009_022,728,,,,,,
01_009_023,908,,,,,,
01_009_024,733,,,,,,
01_009_025,837,,,,,,
01_009_026,906,,,,,,
01_009_027,686,,,,,,
01_009_028,861,,,,,,
01_009_029,799,,,,,,
01_009_030,843,,,,,,
01_009_031,848,,,,,,
01_009_032,984,,,,,,
01_009_033,884,,,,,,
01_009_034,774,,,,,,
01_009_035,658,,,,,,
01_009_036,995,,,,,,
01_009_037,1083,,,,,,
01_009_038,688,,,,,,
01_009_039,706,,,,,,
01_009_040,712,,,,,,
01_009_041,746,,,,,,
01_009_042,678,,,,,,
01_009_043,848,,,,,,
01_009_044,706,,,,,,
01_009_045,700,,,,,,
01_009_046,662,,,,,,
01_009_047,668,,,,,,
01_009_048,730,,,,,,
01_009_049,757,,,,,,
01_009_050,770,,,,,,
01_010_001,839,,,,,,
01_010_002,949,,,,,,
01_010_003,902,,,,,,
01_010_004,735,,,,,,
01_010_005,760,,,,,,
01_010_006,964,,,,,,
01_010_007,985,,,,,,
01_010_008,913,,,,,,
01_010_009,953,,,,,,
01_010_010,919,,,,,,
01_010_011,867,,,,,,
01_010_012,853,,,,,,
01_010_013,726,,,,,,
01_010_014,800,,,,,,
01_010_015,888,,,,,,
01_010_016,919,,,,,,
01_010_017,995,,,,,,
01_010_018,890,,,,,,
01_010_019,678,,,,,,
01_010_020,659,,,,,,
01_010_021,974,,,,,,
01_010_022,992,,,,,,
01_010_023,855,,,,,,
01_010_024,610,,,,,,
01_010_025,690,,,,,,
01_010_026,801,,,,,,
01_010_027,777,,,,,,
01_010_028,1131,,,,,,
01_010_029,919,,,,,,
01_010_030,912,,,,,,
01_010_031,936,,,,,,
01_010_032,986,,,,,,
01_010_033,1039,,,,,,
01_010_034,1038,,,,,,
01_010_035,860,,,,,,
01_010_036,777,,,,,,
01_010_037,822,,,,,,
01_010_038,807,,,,,,
01_010_039,854,,,,,,
01_010_040,408,,,,,,
01_010_041,928,,,,,,
01_010_042,897,,,,,,
01_010_043,904,,,,,,
01_010_044,950,,,,,,
01_010_045,848,,,,,,
01_010_046,813,,,,,,
01_010_047,789,,,,,,
01_010_048,828,,,,,,
01_010_049,826,,,,,,
01_010_050,1032,,,,,,
01_010_051,997,,,,,,
01_010_052,1032,,,,,,
01_010_053,1092,,,,,,
01_010_054,843,,,,,,
01_010_055,847,,,,,,
01_010_056,821,,,,,,
01_010_057,735,,,,,,
01_010_058,665,,,,,,
01_010_059,649,,,,,,
01_010_060,559,,,,,,
01_011_001,1176,,,,,,
01_011_002,1433,,,,,,
01_011_003,1170,,,,,,
01_011_004,1141,,,,,,
01_011_005,1171,,,,,,
01_011_006,1217,,,,,,
01_011_007,1221,,,,,,
01_011_008,1195,,,,,,
01_011_009,1197,,,,,,
01_011_010,1201,,,,,,
01_011_011,1127,,,,,,
01_011_012,1175,,,,,,
01_011_013,1178,,,,,,
01_011_014,1202,,,,,,
01_011_015,1190,,,,,,
01_011_016,1166,,,,,,
01_011_017,1162,,,,,,
01_011_018,1147,,,,,,
01_011_019,1257,,,,,,
01_011_020,1190,,,,,,
01_011_021,1303,,,,,,
01_011_022,1136,,,,,,
01_011_023,651,,,,,,
01_011_024,821,,,,,,
01_011_025,7,,,,,,
01_011_026,805,,,,,,
01_011_027,882,,,,,,
01_011_028,811,,,,,,
01_011_029,696,,,,,,
01_011_030,681,,,,,,
01_011_031,1227,,,,,,
01_011_032,1136,,,,,,
01_011_033,1227,,,,,,
01_011_034,1173,,,,,,
01_011_035,678,,,,,,
01_011_036,757,,,,,,
01_011_037,1224,,,,,,
01_011_038,1203,,,,,,
01_011_039,1148,,,,,,
01_011_040,1103,,,,,,
01_011_041,1181,,,,,,
01_011_042,1223,,,,,,
01_011_043,1225,,,,,,
01_011_044,1216,,,,,,
01_011_045,1234,,,,,,
01_011_046,1242,,,,,,
01_011_047,1255,,,,,,
01_011_048,1092,,,,,,
01_011_049,1238,,,,,,
01_011_050,1266,,,,,,
01_011_051,715,,,,,,
01_011_052,1018,,,,,,
01_011_053,1107,,,,,,
01_011_054,1287,,,,,,
01_011_055,1161,,,,,,
01_011_056,1145,,,,,,
01_011_057,1209,,,,,,
01_011_058,1190,,,,,,
01_011_059,1287,,,,,,
01_011_060,954,,,,,,
01_011_061,1255,,,,,,
01_011_062,1287,,,,,,
01_011_063,1210,,,,,,
01_011_064,1311,,,,,,
01_011_065,1302,,,,,,
01_011_066,1013,,,,,,
01_011_067,617,,,,,,
01_011_068,937,,,,,,
01_011_069,1117,,,,,,
01_011_070,1223,,,,,,
01_011_071,1098,,,,,,
01_011_072,1143,,,,,,
01_011_073,1204,,,,,,
01_011_074,1128,,,,,,
01_011_075,1115,,,,,,
01_011_076,1070,,,,,,
01_011_077,1055,,,,,,
01_011_078,1217,,,,,,
01_011_079,1025,,,,,,
01_011_080,1097,,,,,,
01_011_081,1072,,,,,,
01_011_082,1164,,,,,,
01_011_083,1113,,,,,,
01_011_084,1123,,,,,,
01_011_085,959,,,,,,
01_011_086,1152,,,,,,
01_011_087,1128,,,,,,
01_011_088,1186,,,,,,
01_011_089,1100,,,,,,
01_011_090,1190,,,,,,
01_011_091,1251,,,,,,
01_011_092,1274,,,,,,
01_012_001,687,,,,,,
01_012_002,676,,,,,,
01_012_003,501,,,,,,
01_012_004,695,,,,,,
01_012_005,579,,,,,,
01_012_006,510,,,,,,
01_012_007,748,,,,,,
01_012_008,842,,,,,,
01_012_009,827,,,,,,
01_012_010,959,,,,,,
01_012_011,773,,,,,,
01_012_012,883,,,,,,
01_012_013,610,,,,,,
01_012_014,627,,,,,,
01_012_015,664,,,,,,
01_012_016,670,,,,,,
01_012_017,898,,,,,,
01_012_018,936,,,,,,
01_012_019,602,,,,,,
01_012_020,787,,,,,,
01_012_021,711,,,,,,
01_012_022,479,,,,,,
01_012_023,551,,,,,,
01_012_024,657,,,,,,
01_012_025,818,,,,,,
01_012_026,691,,,,,,
01_012_027,671,,,,,,
01_012_028,862,,,,,,
01_012_029,686,,,,,,
01_012_030,910,,,,,,
01_012_031,502,,,,,,
01_012_032,1078,,,,,,
01_012_033,936,,,,,,
01_012_034,877,,,,,,
01_012_035,782,,,,,,
01_012_036,652,,,,,,
01_012_037,732,,,,,,
01_012_038,919,,,,,,
01_012_039,987,,,,,,
01_012_040,725,,,,,,
01_012_041,554,,,,,,
01_012_042,815,,,,,,
01_012_043,872,,,,,,
01_012_044,1010,,,,,,
01_012_045,669,,,,,,
01_012_046,941,,,,,,
01_012_047,1080,,,,,,
01_012_048,786,,,,,,
01_012_049,854,,,,,,
01_012_050,783,,,,,,
01_012_051,515,,,,,,
01_012_052,934,,,,,,
01_012_053,837,,,,,,
01_012_054,674,,,,,,
01_012_055,657,,,,,,
01_012_099,413,,,,,,
01_013_001,1013,,,,,,
01_013_002,890,,,,,,
01_013_003,873,,,,,,
01_013_004,872,,,,,,
01_013_005,860,,,,,,
01_013_006,1092,,,,,,
01_013_007,918,,,,,,
01_013_008,1486,,,,,,
01_013_009,1071,,,,,,
01_013_010,999,,,,,,
01_013_011,720,,,,,,
01_013_012,857,,,,,,
01_013_013,916,,,,,,
01_013_014,951,,,,,,
01_013_015,1021,,,,,,
01_013_016,817,,,,,,
01_013_017,1038,,,,,,
01_013_018,1090,,,,,,
01_013_019,1081,,,,,,
01_013_020,1105,,,,,,
01_013_021,1124,,,,,,
01_013_022,1097,,,,,,
01_013_023,1210,,,,,,
01_013_024,1079,,,,,,
01_013_025,914,,,,,,
01_013_026,1033,,,,,,
01_013_027,1238,,,,,,
01_013_028,875,,,,,,
01_013_029,1000,,,,,,
01_013_030,928,,,,,,
01_013_031,892,,,,,,
01_013_032,906,,,,,,
01_013_033,936,,,,,,
01_013_034,668,,,,,,
01_013_035,1040,,,,,,
01_013_036,1025,,,,,,
01_013_037,1341,,,,,,
01_013_038,991,,,,,,
01_013_039,1349,,,,,,
01_013_040,897,,,,,,
01_013_041,847,,,,,,
01_013_042,1089,,,,,,
01_013_043,801,,,,,,
01_013_044,892,,,,,,
01_013_045,1045,,,,,,
01_013_046,853,,,,,,
01_013_047,1080,,,,,,
01_013_048,734,,,,,,
01_013_049,774,,,,,,
01_013_050,995,,,,,,
01_013_051,996,,,,,,
01_013_052,922,,,,,,
01_013_053,1250,,,,,,
01_013_054,789,,,,,,
01_013_055,787,,,,,,
01_013_056,695,,,,,,
01_013_057,1264,,,,,,
01_013_058,1225,,,,,,
01_013_059,1145,,,,,,
01_013_060,951,,,,,,
01_013_061,875,,,,,,
01_013_062,1166,,,,,,
01_013_063,1033,,,,,,
01_013_064,1199,,,,,,
01_013_065,944,,,,,,
01_013_066,794,,,,,,
01_013_067,1099,,,,,,
01_013_068,1254,,,,,,
01_013_069,1042,,,,,,
01_013_070,1112,,,,,,
01_013_071,1155,,,,,,
01_013_072,1185,,,,,,
01_013_073,1133,,,,,,
01_013_074,995,,,,,,
01_013_075,939,,,,,,
01_013_076,1359,,,,,,
01_013_077,1170,,,,,,
01_013_078,840,,,,,,
01_013_079,1227,,,,,,
01_013_080,1171,,,,,,
01_013_081,1134,,,,,,
01_013_082,1244,,,,,,
01_013_083,1332,,,,,,
01_013_084,1167,,,,,,
01_013_085,1464,,,,,,
01_013_086,675,,,,,,
01_013_087,773,,,,,,
01_013_088,902,,,,,,
01_013_089,1178,,,,,,
01_014_001,1132,,,,,,
01_014_002,1035,,,,,,
01_014_003,1208,,,,,,
01_014_004,858,,,,,,
01_014_005,973,,,,,,
01_014_006,1133,,,,,,
01_014_007,1315,,,,,,
01_014_008,1325,,,,,,
01_014_009,1293,,,,,,
01_014_010,1346,,,,,,
01_014_011,1033,,,,,,
01_014_012,1129,,,,,,
01_014_013,1257,,,,,,
01_014_014,1142,,,,,,
01_014_015,1281,,,,,,
01_014_016,1179,,,,,,
01_014_017,1169,,,,,,
01_014_018,1221,,,,,,
01_014_019,1276,,,,,,
01_014_020,1246,,,,,,
01_014_021,1155,,,,,,
01_014_022,869,,,,,,
01_014_023,1256,,,,,,
01_014_024,837,,,,,,
01_014_025,1324,,,,,,
01_014_026,1340,,,,,,
01_014_027,1384,,,,,,
01_014_028,1118,,,,,,
01_014_029,1243,,,,,,
01_014_030,1309,,,,,,
01_014_031,1037,,,,,,
01_014_032,839,,,,,,
01_014_033,1004,,,,,,
01_014_034,1172,,,,,,
01_014_035,1089,,,,,,
01_014_036,1227,,,,,,
01_014_037,1305,,,,,,
01_014_038,1231,,,,,,
01_014_039,1224,,,,,,
01_014_040,1172,,,,,,
01_014_041,1209,,,,,,
01_014_042,1146,,,,,,
01_014_043,991,,,,,,
01_014_044,872,,,,,,
01_014_045,1117,,,,,,
01_014_046,960,,,,,,
01_014_047,901,,,,,,
01_014_048,1145,,,,,,
01_014_049,1180,,,,,,
01_014_050,1173,,,,,,
01_014_051,1037,,,,,,
01_014_052,747,,,,,,
01_014_053,1336,,,,,,
01_014_054,1309,,,,,,
01_014_055,1319,,,,,,
01_014_056,1297,,,,,,
01_014_057,1233,,,,,,
01_014_058,1019,,,,,,
01_014_059,971,,,,,,
01_014_060,1006,,,,,,
01_014_061,1068,,,,,,
01_014_062,1010,,,,,,
01_014_063,1059,,,,,,
01_014_064,1086,,,,,,
01_014_065,1070,,,,,,
01_014_066,905,,,,,,
01_014_067,1140,,,,,,
01_014_068,978,,,,,,
01_014_069,1145,,,,,,
01_014_070,1074,,,,,,
01_014_071,937,,,,,,
01_014_072,981,,,,,,
01_014_073,1075,,,,,,
01_014_074,951,,,,,,
01_014_075,1158,,,,,,
01_014_076,1036,,,,,,
01_014_077,103,,,,,,
01_014_078,674,,,,,,
01_014_079,1055,,,,,,
01_014_080,1331,,,,,,
01_015_001,966,,,,,,
01_015_002,806,,,,,,
01_015_003,1063,,,,,,
01_015_004,956,,,,,,
01_015_005,994,,,,,,
01_015_006,982,,,,,,
01_015_007,922,,,,,,
01_015_008,926,,,,,,
01_015_009,827,,,,,,
01_015_010,931,,,,,,
01_015_011,998,,,,,,
01_015_012,1032,,,,,,
01_015_013,932,,,,,,
01_015_014,1152,,,,,,
01_015_015,1067,,,,,,
01_015_016,1016,,,,,,
01_015_017,1090,,,,,,
01_015_018,1006,,,,,,
01_015_019,986,,,,,,
01_015_020,919,,,,,,
01_015_021,1083,,,,,,
01_015_022,969,,,,,,
01_015_023,870,,,,,,
01_015_024,890,,,,,,
01_015_025,985,,,,,,
01_015_026,1023,,,,,,
01_015_027,988,,,,,,
01_015_028,952,,,,,,
01_015_029,886,,,,,,
01_015_030,1063,,,,,,
01_015_031,844,,,,,,
01_015_032,768,,,,,,
01_015_033,999,,,,,,
01_015_034,857,,,,,,
01_015_035,920,,,,,,
01_015_036,1010,,,,,,
01_015_037,884,,,,,,
01_015_038,974,,,,,,
01_015_039,896,,,,,,
01_015_040,967,,,,,,
01_015_041,956,,,,,,
01_015_042,883,,,,,,
01_015_043,988,,,,,,
01_015_044,1000,,,,,,
01_015_045,1127,,,,,,
01_015_046,969,,,,,,
01_015_047,1012,,,,,,
01_015_048,1032,,,,,,
01_015_049,993,,,,,,
01_015_050,988,,,,,,
01_015_051,901,,,,,,
01_015_052,974,,,,,,
01_015_053,920,,,,,,
01_015_054,994,,,,,,
01_015_055,1041,,,,,,
01_015_056,1003,,,,,,
01_015_057,891,,,,,,
01_015_058,1030,,,,,,
01_015_059,984,,,,,,
01_015_060,1041,,,,,,
01_015_061,60,,,,,,
01_015_062,595,,,,,,
01_016_001,1007,,,,,,
01_016_002,969,,,,,,
01_016_003,921,,,,,,
01_016_004,942,,,,,,
01_016_005,851,,,,,,
01_016_006,822,,,,,,
01_016_007,880,,,,,,
01_016_008,774,,,,,,
01_016_009,990,,,,,,
01_016_010,753,,,,,,
01_016_011,1075,,,,,,
01_016_012,952,,,,,,
01_016_013,1102,,,,,,
01_016_014,941,,,,,,
01_016_015,1068,,,,,,
01_016_016,789,,,,,,
01_016_017,893,,,,,,
01_016_018,800,,,,,,
01_016_019,711,,,,,,
01_016_020,735,,,,,,
01_016_021,780,,,,,,
01_016_022,803,,,,,,
01_016_023,877,,,,,,
01_016_024,729,,,,,,
01_016_025,790,,,,,,
01_016_026,1018,,,,,,
01_016_027,997,,,,,,
01_016_028,746,,,,,,
01_016_029,716,,,,,,
01_016_030,891,,,,,,
01_016_031,809,,,,,,
01_016_032,1062,,,,,,
01_016_033,1161,,,,,,
01_016_034,1251,,,,,,
01_016_035,1056,,,,,,
01_016_036,851,,,,,,
01_016_037,745,,,,,,
01_016_038,922,,,,,,
01_016_039,787,,,,,,
01_016_040,1007,,,,,,
01_016_041,698,,,,,,
01_016_042,908,,,,,,
01_016_043,986,,,,,,
01_016_044,688,,,,,,
01_016_045,991,,,,,,
01_016_046,688,,,,,,
01_016_047,786,,,,,,
01_016_048,908,,,,,,
01_016_049,948,,,,,,
01_016_050,750,,,,,,
01_016_051,957,,,,,,
01_016_052,969,,,,,,
01_016_053,764,,,,,,
01_016_054,933,,,,,,
01_016_055,970,,,,,,
01_016_056,851,,,,,,
01_016_057,894,,,,,,
01_016_058,788,,,,,,
01_016_059,897,,,,,,
01_016_060,1119,,,,,,
01_016_061,801,,,,,,
01_016_062,348,,,,,,
01_016_063,955,,,,,,
01_017_001,820,,,,,,
01_017_002,828,,,,,,
01_017_003,899,,,,,,
01_017_004,831,,,,,,
01_017_005,724,,,,,,
01_017_006,811,,,,,,
01_017_007,852,,,,,,
01_017_008,1015,,,,,,
01_017_009,853,,,,,,
01_017_010,738,,,,,,
01_017_011,930,,,,,,
01_017_012,800,,,,,,
01_017_013,797,,,,,,
01_017_014,872,,,,,,
01_017_015,766,,,,,,
01_017_016,349,,,,,,
01_017_017,798,,,,,,
01_017_018,740,,,,,,
01_017_019,759,,,,,,
01_017_020,924,,,,,,
01_017_021,635,,,,,,
01_017_022,988,,,,,,
01_017_023,896,,,,,,
01_017_024,1025,,,,,,
01_017_025,1130,,,,,,
01_017_026,829,,,,,,
01_017_027,647,,,,,,
01_017_028,691,,,,,,
01_017_029,988,,,,,,
01_017_030,1011,,,,,,
01_017_031,757,,,,,,
01_017_032,847,,,,,,
01_017_033,883,,,,,,
01_017_034,874,,,,,,
01_017_035,1075,,,,,,
01_017_036,1005,,,,,,
01_017_037,1021,,,,,,
01_017_038,1082,,,,,,
01_017_039,1027,,,,,,
01_017_040,1145,,,,,,
01_017_041,1065,,,,,,
01_017_042,1128,,,,,,
01_017_043,989,,,,,,
01_017_044,744,,,,,,
01_017_045,805,,,,,,
01_017_046,1081,,,,,,
01_017_047,1087,,,,,,
01_017_048,890,,,,,,
01_017_049,933,,,,,,
01_017_050,824,,,,,,
01_017_051,1244,,,,,,
01_017_052,972,,,,,,
01_017_053,868,,,,,,
01_017_054,729,,,,,,
01_017_055,912,,,,,,
01_017_056,993,,,,,,
01_017_057,797,,,,,,
01_017_058,929,,,,,,
01_017_059,1069,,,,,,
01_017_060,1005,,,,,,
01_017_061,1026,,,,,,
01_017_062,733,,,,,,
01_017_063,817,,,,,,
01_017_064,1009,,,,,,
01_017_065,900,,,,,,
01_017_066,897,,,,,,
01_017_067,934,,,,,,
01_017_068,940,,,,,,
01_017_069,892,,,,,,
01_017_070,894,,,,,,
01_017_071,903,,,,,,
01_017_072,936,,,,,,
01_017_073,976,,,,,,
01_017_074,686,,,,,,
01_017_075,1386,,,,,,
01_018_001,1024,,,,,,
01_018_002,982,,,,,,
01_018_003,1088,,,,,,
01_018_004,1051,,,,,,
01_018_005,1179,,,,,,
01_018_006,933,,,,,,
01_018_007,808,,,,,,
01_018_008,764,,,,,,
01_018_009,692,,,,,,
01_018_010,945,,,,,,
01_018_011,930,,,,,,
01_018_012,910,,,,,,
01_018_013,742,,,,,,
01_018_014,855,,,,,,
01_018_015,1152,,,,,,
01_018_016,864,,,,,,
01_018_017,831,,,,,,
01_018_018,997,,,,,,
01_018_019,1065,,,,,,
01_018_020,906,,,,,,
01_018_021,1034,,,,,,
01_018_022,835,,,,,,
01_018_023,937,,,,,,
01_018_024,969,,,,,,
01_018_025,821,,,,,,
01_018_026,1073,,,,,,
01_018_027,1177,,,,,,
01_018_028,1019,,,,,,
01_018_029,1154,,,,,,
01_018_030,1023,,,,,,
01_018_031,1152,,,,,,
01_018_032,1016,,,,,,
01_018_033,942,,,,,,
01_018_034,782,,,,,,
01_018_035,913,,,,,,
01_018_036,908,,,,,,
01_018_037,875,,,,,,
01_018_038,922,,,,,,
01_018_039,876,,,,,,
01_018_040,1247,,,,,,
01_018_041,1161,,,,,,
01_018_042,1272,,,,,,
01_018_043,1262,,,,,,
01_018_044,176,,,,,,
01_018_045,711,,,,,,
01_018_046,786,,,,,,
01_018_047,1097,,,,,,
01_018_048,786,,,,,,
01_018_049,1006,,,,,,
01_018_050,1026,,,,,,
01_018_051,892,,,,,,
01_018_052,1218,,,,,,
01_018_053,1397,,,,,,
01_018_054,998,,,,,,
01_018_055,1088,,,,,,
01_018_056,1216,,,,,,
01_018_057,1100,,,,,,
01_018_058,956,,,,,,
01_018_059,1046,,,,,,
01_018_060,1129,,,,,,
01_018_061,1347,,,,,,
01_018_062,1243,,,,,,
01_018_063,1185,,,,,,
01_018_064,928,,,,,,
01_018_065,1135,,,,,,
01_018_066,869,,,,,,
01_018_067,973,,,,,,
01_018_068,961,,,,,,
01_018_069,1121,,,,,,
01_018_070,1063,,,,,,
01_018_071,940,,,,,,
01_018_072,1117,,,,,,
01_018_073,1123,,,,,,
01_018_074,1166,,,,,,
01_018_075,1184,,,,,,
01_018_076,1072,,,,,,
01_018_077,926,,,,,,
01_018_078,463,,,,,,
01_019_001,943,,,,,,
01_019_002,1094,,,,,,
01_019_003,1069,,,,,,
01_019_004,998,,,,,,
01_019_005,1217,,,,,,
01_019_006,1096,,,,,,
01_019_007,1016,,,,,,
01_019_008,896,,,,,,
01_019_009,967,,,,,,
01_019_010,857,,,,,,
01_019_011,1348,,,,,,
01_019_012,1186,,,,,,
01_019_013,1019,,,,,,
01_019_014,1152,,,,,,
01_019_015,1029,,,,,,
01_019_016,982,,,,,,
01_019_017,1003,,,,,,
01_019_018,1330,,,,,,
01_019_019,856,,,,,,
01_019_020,1084,,,,,,
01_019_021,847,,,,,,
01_019_022,1149,,,,,,
01_019_023,867,,,,,,
01_019_024,924,,,,,,
01_019_025,845,,,,,,
01_019_026,1133,,,,,,
01_019_027,952,,,,,,
01_019_028,898,,,,,,
01_019_029,1037,,,,,,
01_019_030,1062,,,,,,
01_019_031,1028,,,,,,
01_019_032,1116,,,,,,
01_019_033,861,,,,,,
01_019_034,1049,,,,,,
01_019_035,1234,,,,,,
01_019_036,1046,,,,,,
01_019_037,789,,,,,,
01_019_038,1004,,,,,,
01_019_039,930,,,,,,
01_019_040,979,,,,,,
01_019_041,983,,,,,,
01_019_042,1191,,,,,,
01_019_043,351,,,,,,
01_020_001,738,,,,,,
01_020_002,1156,,,,,,
01_020_003,714,,,,,,
01_020_004,560,,,,,,
01_020_005,751,,,,,,
01_020_006,858,,,,,,
01_020_007,613,,,,,,
01_020_008,734,,,,,,
01_020_009,765,,,,,,
01_020_010,626,,,,,,
01_020_011,665,,,,,,
01_020_012,392,,,,,,
01_020_013,933,,,,,,
01_020_014,260,,,,,,
01_020_015,682,,,,,,
01_020_016,864,,,,,,
01_020_017,891,,,,,,
01_020_018,663,,,,,,
01_020_019,1242,,,,,,
01_020_020,1042,,,,,,
01_020_021,808,,,,,,
01_020_022,841,,,,,,
01_020_023,654,,,,,,
01_020_024,616,,,,,,
01_020_025,783,,,,,,
01_020_026,826,,,,,,
01_020_027,203,,,,,,
01_020_028,592,,,,,,
01_020_029,585,,,,,,
01_020_030,660,,,,,,
01_020_031,994,,,,,,
01_020_032,572,,,,,,
01_020_033,605,,,,,,
01_020_034,688,,,,,,
01_020_035,825,,,,,,
01_020_036,612,,,,,,
01_020_037,840,,,,,,
01_020_038,714,,,,,,
01_020_039,997,,,,,,
01_020_040,914,,,,,,
01_020_041,757,,,,,,
01_020_042,945,,,,,,
01_020_043,765,,,,,,
01_020_044,735,,,,,,
01_020_045,855,,,,,,
01_020_046,608,,,,,,
01_020_047,835,,,,,,
01_020_048,622,,,,,,
01_020_049,887,,,,,,
01_020_050,1016,,,,,,
01_020_051,821,,,,,,
01_020_052,739,,,,,,
01_020_053,642,,,,,,
01_020_054,795,,,,,,
01_020_055,604,,,,,,
01_020_056,902,,,,,,
01_020_057,813,,,,,,
01_020_058,936,,,,,,
01_020_059,778,,,,,,
01_020_060,872,,,,,,
01_020_061,620,,,,,,
01_020_062,408,,,,,,
01_020_063,420,,,,,,
01_020_064,367,,,,,,
01_020_065,272,,,,,,
01_020_066,324,,,,,,
01_021_001,810,,,,,,
01_021_002,803,,,,,,
01_021_003,764,,,,,,
01_021_004,742,,,,,,
01_021_005,842,,,,,,
01_021_006,810,,,,,,
01_021_007,736,,,,,,
01_021_008,977,,,,,,
01_021_009,945,,,,,,
01_021_010,950,,,,,,
01_021_011,692,,,,,,
01_021_012,753,,,,,,
01_021_013,746,,,,,,
01_021_014,964,,,,,,
01_021_015,919,,,,,,
01_021_016,805,,,,,,
01_021_017,985,,,,,,
01_021_018,876,,,,,,
01_021_019,705,,,,,,
01_021_020,663,,,,,,
01_021_021,704,,,,,,
01_021_022,782,,,,,,
01_021_023,713,,,,,,
01_021_024,742,,,,,,
01_021_025,758,,,,,,
01_021_026,803,,,,,,
01_021_027,678,,,,,,
01_021_028,920,,,,,,
01_021_029,614,,,,,,
01_021_030,665,,,,,,
01_021_031,661,,,,,,
01_021_032,893,,,,,,
01_021_033,740,,,,,,
01_021_034,689,,,,,,
01_021_035,667,,,,,,
01_021_036,702,,,,,,
01_021_037,772,,,,,,
01_021_038,1244,,,,,,
01_021_039,630,,,,,,
01_021_040,840,,,,,,
01_021_041,716,,,,,,
01_021_042,899,,,,,,
01_021_043,992,,,,,,
01_021_044,650,,,,,,
01_021_045,630,,,,,,
01_021_046,602,,,,,,
01_021_047,629,,,,,,
01_021_048,824,,,,,,
01_021_049,759,,,,,,
01_021_050,760,,,,,,
01_021_051,895,,,,,,
01_021_052,705,,,,,,
01_021_053,735,,,,,,
01_021_054,719,,,,,,
01_021_055,778,,,,,,
01_021_056,689,,,,,,
01_021_057,686,,,,,,
01_021_058,874,,,,,,
01_021_059,842,,,,,,
01_021_060,765,,,,,,
01_021_061,697,,,,,,
01_021_062,755,,,,,,
01_021_063,655,,,,,,
01_021_064,779,,,,,,
01_021_065,1085,,,,,,
01_021_066,821,,,,,,
01_021_067,916,,,,,,
01_021_068,882,,,,,,
01_021_069,712,,,,,,
01_021_070,740,,,,,,
01_022_001,1072,,,,,,
01_022_002,909,,,,,,
01_022_003,1244,,,,,,
01_022_004,1339,,,,,,
01_022_005,1467,,,,,,
01_022_006,1429,,,,,,
01_022_007,876,,,,,,
01_022_008,806,,,,,,
01_022_009,732,,,,,,
01_022_010,872,,,,,,
01_022_011,1243,,,,,,
01_022_012,1344,,,,,,
01_022_013,1136,,,,,,
01_022_014,1064,,,,,,
01_022_015,1056,,,,,,
01_022_016,1194,,,,,,
01_022_017,1025,,,,,,
01_022_018,1042,,,,,,
01_022_019,1250,,,,,,
01_022_020,1159,,,,,,
01_022_021,1113,,,,,,
01_022_022,974,,,,,,
01_022_023,1089,,,,,,
01_022_024,1428,,,,,,
01_022_025,1062,,,,,,
01_022_026,1231,,,,,,
01_022_027,1194,,,,,,
01_022_028,1101,,,,,,
01_022_029,1258,,,,,,
01_022_030,1122,,,,,,
01_022_031,1434,,,,,,
01_022_032,1150,,,,,,
01_022_033,1188,,,,,,
01_022_034,1300,,,,,,
01_022_035,1240,,,,,,
01_022_036,1442,,,,,,
01_022_037,1387,,,,,,
01_023_001,605,,,,,,
01_023_002,736,,,,,,
01_023_003,720,,,,,,
01_023_004,627,,,,,,
01_023_005,795,,,,,,
01_023_006,845,,,,,,
01_023_007,922,,,,,,
01_023_008,604,,,,,,
01_023_009,620,,,,,,
01_023_010,703,,,,,,
01_023_011,672,,,,,,
01_023_012,752,,,,,,
01_023_013,737,,,,,,
01_023_014,662,,,,,,
01_023_015,741,,,,,,
01_023_016,779,,,,,,
01_023_017,762,,,,,,
01_023_018,697,,,,,,
01_023_019,778,,,,,,
01_023_020,779,,,,,,
01_023_021,840,,,,,,
01_023_022,848,,,,,,
01_023_023,726,,,,,,
01_023_024,822,,,,,,
02_001_001,486,,,,,,
02_002_001,133,,,,,,
02_003_001,266,,,,,,
02_004_001,56,,,,,,
02_005_001,226,,,,,,
02_006_001,825,,,,,,
02_007_001,100,,,,,,
02_008_001,286,,,,,,
02_009_001,133,,,,,,
02_010_001,150,,,,,,
02_011_001,550,,,,,,
02_012_001,74,,,,,,
02_013_001,289,,,,,,
02_014_001,219,,,,,,
02_015_001,647,,,,,,
02_016_001,134,,,,,,
02_017_001,341,,,,,,
02_018_001,81,,,,,,
02_019_001,155,,,,,,
02_020_001,129,,,,,,
02_021_001,471,,,,,,
02_022_001,316,,,,,,
02_023_001,639,,,,,,
02_023_002,614,,,,,,
02_023_003,632,,,,,,
02_024_001,635,,,,,,
02_025_001,88,,,,,,
02_026_001,162,,,,,,
02_027_001,802,,,,,,
02_028_001,541,,,,,,
02_029_001,438,,,,,,
02_030_001,201,,,,,,
02_031_001,343,,,,,,
02_032_001,172,,,,,,
02_033_001,925,,,,,,
02_034_001,327,,,,,,
02_035_001,211,,,,,,
02_036_001,287,,,,,,
02_037_001,306,,,,,,
02_038_001,108,,,,,,
02_039_001,272,,,,,,
02_040_001,695,,,,,,
02_040_002,678,,,,,,
02_040_003,666,,,,,,
02_040_004,723,,,,,,
02_041_001,478,,,,,,
02_041_002,390,,,,,,
02_042_001,54,,,,,,
02_043_001,105,,,,,,
02_044_001,487,,,,,,
02_045_001,57,,,,,,
02_046_001,294,,,,,,
02_047_001,557,,,,,,
02_048_001,310,,,,,,
02_049_001,131,,,,,,
02_050_001,159,,,,,,
02_051_001,425,,,,,,
02_052_001,61,,,,,,
02_053_001,514,,,,,,
02_054_001,136,,,,,,
02_055_001,174,,,,,,
02_056_001,372,,,,,,
02_057_001,118,,,,,,
02_058_001,81,,,,,,
02_059_001,212,,,,,,
02_060_001,78,,,,,,
02_061_001,541,,,,,,
02_062_001,127,,,,,,
02_063_001,293,,,,,,
02_064_001,788,,,,,,
02_064_002,711,,,,,,
02_065_001,785,,,,,,
02_066_001,258,,,,,,
02_067_001,587,,,,,,
02_068_001,180,,,,,,
02_069_001,286,,,,,,
02_070_001,55,,,,,,
02_071_001,275,,,,,,
02_072_001,224,,,,,,
02_073_001,154,,,,,,
02_074_001,157,,,,,,
02_075_001,104,,,,,,
02_076_001,658,,,,,,
02_077_001,244,,,,,,
02_078_001,393,,,,,,
02_079_001,345,,,,,,
02_079_002,237,,,,,,
02_080_001,149,,,,,,
02_081_001,256,,,,,,
02_082_001,214,,,,,,
02_083_001,445,,,,,,
02_083_002,166,,,,,,
02_084_001,520,,,,,,
02_084_002,649,,,,,,
02_084_003,135,,,,,,
02_085_001,282,,,,,,
02_086_001,657,,,,,,
02_087_001,104,,,,,,
02_088_001,233,,,,,,
02_089_001,686,,,,,,
02_089_002,844,,,,,,
02_089_003,1015,,,,,,
02_089_004,991,,,,,,
02_089_005,881,,,,,,
02_090_001,255,,,,,,
02_091_001,102,,,,,,
02_092_001,340,,,,,,
02_093_001,290,,,,,,
02_094_001,380,,,,,,
02_095_001,780,,,,,,
02_095_002,848,,,,,,
02_096_001,798,,,,,,
02_097_001,172,,,,,,
02_098_001,385,,,,,,
02_098_002,389,,,,,,
02_099_001,457,,,,,,
02_100_001,39,,,,,,
02_101_001,903,,,,,,
02_101_002,856,,,,,,
02_101_003,970,,,,,,
02_102_001,41,,,,,,
02_103_001,150,,,,,,
02_104_001,191,,,,,,
02_105_001,167,,,,,,
02_106_001,82,,,,,,
02_107_001,163,,,,,,
02_108_001,209,,,,,,
02_109_001,101,,,,,,
02_110_001,155,,,,,,
02_111_001,262,,,,,,
02_112_001,220,,,,,,
02_113_001,250,,,,,,
02_114_001,46,,,,,,
02_115_001,1168,,,,,,
02_116_001,140,,,,,,
02_117_001,364,,,,,,
02_118_001,524,,,,,,
02_119_001,718,,,,,,
02_120_001,148,,,,,,
02_121_001,62,,,,,,
02_122_001,62,,,,,,
02_123_001,107,,,,,,
02_124_001,191,,,,,,
02_125_001,147,,,,,,
02_126_001,383,,,,,,
02_127_001,173,,,,,,
02_128_001,81,,,,,,
02_129_001,192,,,,,,
02_130_001,232,,,,,,
02_131_001,129,,,,,,
02_132_001,114,,,,,,
02_132_002,55,,,,,,
02_133_001,95,,,,,,
02_134_001,158,,,,,,
02_135_001,259,,,,,,
02_136_001,223,,,,,,
02_137_001,875,,,,,,
02_137_002,805,,,,,,
02_137_003,987,,,,,,
02_137_004,1126,,,,,,
02_137_005,935,,,,,,
02_137_006,1157,,,,,,
02_137_007,738,,,,,,
02_137_008,753,,,,,,
02_137_009,1165,,,,,,
02_137_010,670,,,,,,
02_137_011,730,,,,,,
02_137_012,1133,,,,,,
02_137_013,1158,,,,,,
02_137_014,1054,,,,,,
02_137_015,1171,,,,,,
02_137_016,885,,,,,,
02_137_017,1339,,,,,,
02_137_018,874,,,,,,
02_137_019,703,,,,,,
02_137_020,349,,,,,,
02_137_021,610,,,,,,
02_137_022,160,,,,,,
02_138_001,185,,,,,,
02_139_001,49,,,,,,
02_140_001,1028,,,,,,
02_140_002,1064,,,,,,
02_140_003,1116,,,,,,
02_140_004,1130,,,,,,
02_140_005,998,,,,,,
02_141_001,153,,,,,,
02_142_001,157,,,,,,
02_143_001,545,,,,,,
02_144_001,823,,,,,,
02_145_001,630,,,,,,
02_145_002,515,,,,,,
02_146_001,270,,,,,,
02_147_001,136,,,,,,
02_148_001,1035,,,,,,
02_148_002,930,,,,,,
02_149_001,283,,,,,,
02_150_001,383,,,,,,
02_151_001,138,,,,,,
02_152_001,220,,,,,,
02_153_001,233,,,,,,
02_154_001,157,,,,,,
02_155_001,736,,,,,,
02_156_001,561,,,,,,
02_157_001,414,,,,,,
02_157_002,86,,,,,,
02_158_001,70,,,,,,
02_159_001,252,,,,,,
02_160_001,248,,,,,,
02_161_001,812,,,,,,
02_162_001,139,,,,,,
02_163_001,748,,,,,,
02_164_001,139,,,,,,
02_165_001,42,,,,,,
02_166_001,62,,,,,,
02_167_001,201,,,,,,
02_168_001,247,,,,,,
02_169_001,922,,,,,,
02_169_002,893,,,,,,
02_170_001,661,,,,,,
02_171_001,145,,,,,,
02_172_001,419,,,,,,
02_173_001,336,,,,,,
02_174_001,696,,,,,,
02_174_002,228,,,,,,
02_175_001,637,,,,,,
02_175_002,609,,,,,,
02_176_001,329,,,,,,
02_177_001,210,,,,,,
02_178_001,173,,,,,,
02_179_001,100,,,,,,
02_180_001,249,,,,,,
02_180_002,347,,,,,,
02_181_001,831,,,,,,
02_181_002,580,,,,,,
02_181_003,534,,,,,,
02_181_004,820,,,,,,
02_181_005,541,,,,,,
02_181_006,642,,,,,,
02_181_007,800,,,,,,
02_181_008,625,,,,,,
02_181_009,568,,,,,,
02_181_010,1010,,,,,,
02_181_011,683,,,,,,
02_181_012,841,,,,,,
02_181_013,647,,,,,,
02_181_014,734,,,,,,
02_181_015,780,,,,,,
02_181_016,797,,,,,,
02_181_017,722,,,,,,
02_181_018,655,,,,,,
02_181_019,838,,,,,,
02_181_020,81,,,,,,
02_181_021,167,,,,,,
02_181_022,51,,,,,,
02_181_023,425,,,,,,
02_182_001,142,,,,,,
02_183_001,152,,,,,,
02_184_001,446,,,,,,
02_184_002,211,,,,,,
02_185_001,136,,,,,,
02_186_001,104,,,,,,
02_187_001,456,,,,,,
02_188_001,208,,,,,,
02_189_001,555,,,,,,
02_189_002,590,,,,,,
02_190_001,783,,,,,,
02_190_002,852,,,,,,
02_191_001,544,,,,,,
02_192_001,289,,,,,,
02_193_001,511,,,,,,
02_194_001,267,,,,,,
02_195_001,226,,,,,,
02_196_001,95,,,,,,
02_196_002,90,,,,,,
02_197_001,185,,,,,,
02_198_001,114,,,,,,
02_199_001,60,,,,,,
02_200_001,480,,,,,,
02_201_001,223,,,,,,
02_202_001,976,,,,,,
02_203_001,236,,,,,,
02_204_001,98,,,,,,
02_205_001,296,,,,,,
02_206_001,269,,,,,,
02_207_001,114,,,,,,
02_208_001,67,,,,,,
02_209_001,202,,,,,,
02_210_001,607,,,,,,
02_211_001,249,,,,,,
02_212_001,126,,,,,,
02_213_001,1085,,,,,,
02_213_002,838,,,,,,
02_214_001,145,,,,,,
02_215_001,166,,,,,,
02_216_001,110,,,,,,
02_217_001,683,,,,,,
02_217_002,649,,,,,,
02_217_003,1005,,,,,,
02_217_004,951,,,,,,
02_217_005,834,,,,,,
02_217_006,781,,,,,,
02_217_007,1187,,,,,,
02_217_008,1080,,,,,,
02_217_009,751,,,,,,
02_217_010,768,,,,,,
02_217_011,926,,,,,,
02_217_012,929,,,,,,
02_217_013,969,,,,,,
02_217_014,790,,,,,,
02_217_015,852,,,,,,
02_217_016,769,,,,,,
02_217_017,1268,,,,,,
02_217_018,1023,,,,,,
02_217_019,907,,,,,,
02_217_020,158,,,,,,
02_217_021,858,,,,,,
02_217_022,949,,,,,,
02_217_023,841,,,,,,
02_217_024,951,,,,,,
02_217_025,671,,,,,,
02_217_026,707,,,,,,
02_217_027,1155,,,,,,
02_217_028,1140,,,,,,
02_217_029,1128,,,,,,
02_217_030,1035,,,,,,
02_217_031,822,,,,,,
02_217_032,796,,,,,,
02_217_033,941,,,,,,
02_217_034,908,,,,,,
02_217_035,1085,,,,,,
02_217_036,1165,,,,,,
02_217_037,1095,,,,,,
02_217_038,953,,,,,,
02_217_039,820,,,,,,
02_217_040,743,,,,,,
02_217_041,868,,,,,,
02_217_042,843,,,,,,
02_217_043,920,,,,,,
02_217_044,1151,,,,,,
02_217_045,665,,,,,,
02_217_046,707,,,,,,
02_217_047,906,,,,,,
02_217_048,1069,,,,,,
02_217_049,1120,,,,,,
02_217_050,1479,,,,,,
02_217_051,805,,,,,,
02_217_052,933,,,,,,
02_217_053,749,,,,,,
02_217_054,920,,,,,,
02_217_055,1142,,,,,,
02_217_056,980,,,,,,
02_217_057,925,,,,,,
02_217_058,757,,,,,,
02_217_059,813,,,,,,
02_217_060,850,,,,,,
02_217_061,675,,,,,,
02_217_062,759,,,,,,
02_217_063,886,,,,,,
02_217_064,1033,,,,,,
02_217_065,1016,,,,,,
02_217_066,1254,,,,,,
02_217_067,933,,,,,,
02_217_068,1057,,,,,,
02_217_069,1086,,,,,,
02_217_070,1058,,,,,,
02_217_071,1133,,,,,,
02_217_072,979,,,,,,
02_217_073,1155,,,,,,
02_217_074,1005,,,,,,
02_217_075,1115,,,,,,
02_217_076,759,,,,,,
02_217_077,1857,,,,,,
02_217_078,775,,,,,,
02_217_079,918,,,,,,
02_217_080,976,,,,,,
02_217_081,1047,,,,,,
02_217_082,771,,,,,,
02_217_083,858,,,,,,
02_217_084,938,,,,,,
02_217_085,875,,,,,,
02_217_086,931,,,,,,
02_217_087,1006,,,,,,
02_217_088,1008,,,,,,
02_217_089,881,,,,,,
02_217_090,1053,,,,,,
02_217_091,1213,,,,,,
02_217_092,1140,,,,,,
02_217_093,1085,,,,,,
02_217_094,995,,,,,,
02_217_095,968,,,,,,
02_217_096,854,,,,,,
02_217_097,976,,,,,,
02_217_098,897,,,,,,
02_217_099,832,,,,,,
02_217_100,962,,,,,,
02_217_101,811,,,,,,
02_217_102,1016,,,,,,
02_217_103,1136,,,,,,
02_217_104,1127,,,,,,
02_217_105,913,,,,,,
02_217_106,1021,,,,,,
02_217_107,1449,,,,,,
02_217_108,1175,,,,,,
02_217_109,1205,,,,,,
02_217_110,1176,,,,,,
02_217_111,1115,,,,,,
02_217_112,1055,,,,,,
02_217_113,865,,,,,,
02_218_001,79,,,,,,
02_219_001,78,,,,,,
02_220_001,664,,,,,,
02_221_001,1135,,,,,,
02_221_002,1043,,,,,,
02_221_003,1041,,,,,,
02_222_001,170,,,,,,
02_223_001,555,,,,,,
02_223_002,495,,,,,,
02_224_001,142,,,,,,
02_225_001,158,,,,,,
02_226_001,126,,,,,,
02_227_001,449,,,,,,
02_228_001,258,,,,,,
02_229_001,158,,,,,,
02_230_001,79,,,,,,
02_231_001,842,,,,,,
02_231_002,795,,,,,,
02_231_003,770,,,,,,
02_232_001,500,,,,,,
02_233_001,619,,,,,,
02_233_002,715,,,,,,
02_233_003,773,,,,,,
02_234_001,651,,,,,,
02_234_002,604,,,,,,
02_234_003,826,,,,,,
02_234_004,797,,,,,,
02_234_005,876,,,,,,
02_234_006,967,,,,,,
02_234_007,935,,,,,,
02_234_008,859,,,,,,
02_234_009,947,,,,,,
02_235_001,117,,,,,,
02_236_001,293,,,,,,
02_237_001,559,,,,,,
02_237_002,568,,,,,,
02_238_001,358,,,,,,
02_239_001,228,,,,,,
02_240_001,185,,,,,,
02_240_002,97,,,,,,
02_241_001,164,,,,,,
02_242_001,108,,,,,,
02_243_001,235,,,,,,
02_243_002,64,,,,,,
02_244_001,645,,,,,,
02_245_001,659,,,,,,
02_246_001,228,,,,,,
02_247_001,572,,,,,,
02_247_002,405,,,,,,
02_248_001,174,,,,,,
02_249_001,253,,,,,,
02_250_001,92,,,,,,
02_251_001,34,,,,,,
02_252_001,990,,,,,,
02_252_002,904,,,,,,
02_253_001,269,,,,,,
02_254_001,692,,,,,,
02_254_002,749,,,,,,
02_255_001,114,,,,,,
02_256_001,418,,,,,,
02_257_001,255,,,,,,
02_258_001,251,,,,,,
02_259_001,77,,,,,,
02_260_001,603,,,,,,
02_261_001,734,,,,,,
02_261_002,675,,,,,,
02_261_003,679,,,,,,
02_261_004,652,,,,,,
02_261_005,650,,,,,,
02_261_006,734,,,,,,
02_261_007,649,,,,,,
02_261_008,145,,,,,,
02_262_001,446,,,,,,
02_263_001,890,,,,,,
02_263_002,1016,,,,,,
02_263_003,1189,,,,,,
02_263_004,934,,,,,,
02_263_005,1024,,,,,,
02_263_006,961,,,,,,
02_263_007,1098,,,,,,
02_263_008,255,,,,,,
02_263_009,538,,,,,,
02_264_001,225,,,,,,
02_265_001,119,,,,,,
02_266_001,58,,,,,,
02_267_001,89,,,,,,
02_268_001,300,,,,,,
02_269_001,168,,,,,,
02_270_001,205,,,,,,
02_271_001,73,,,,,,
02_272_001,215,,,,,,
02_273_001,48,,,,,,
02_274_001,172,,,,,,
02_275_001,129,,,,,,
02_276_001,228,,,,,,
02_277_001,190,,,,,,
02_278_001,92,,,,,,
02_279_001,115,,,,,,
02_280_001,405,,,,,,
02_281_001,221,,,,,,
02_282_001,100,,,,,,
02_283_001,785,,,,,,
02_284_001,689,,,,,,
02_284_002,668,,,,,,
02_285_001,57,,,,,,
02_286_001,116,,,,,,
02_287_001,153,,,,,,
02_288_001,827,,,,,,
02_289_001,90,,,,,,
02_290_001,122,,,,,,
02_291_001,106,,,,,,
02_292_001,676,,,,,,
02_293_001,118,,,,,,
02_294_001,1049,,,,,,
02_295_001,840,,,,,,
02_295_002,787,,,,,,
02_295_003,139,,,,,,
02_296_001,185,,,,,,
02_297_001,670,,,,,,
02_298_001,176,,,,,,
02_299_001,241,,,,,,
02_300_001,337,,,,,,
02_301_001,231,,,,,,
03_001_001,1378,,,,,,
03_001_002,1238,,,,,,
03_002_001,853,,,,,,
03_002_002,855,,,,,,
03_003_001,749,,,,,,
03_003_002,761,,,,,,
03_004_001,977,,,,,,
03_004_002,1134,,,,,,
03_004_003,819,,,,,,
03_004_004,967,,,,,,
03_004_005,953,,,,,,
03_004_006,1181,,,,,,
03_004_007,864,,,,,,
03_004_008,798,,,,,,
03_004_009,881,,,,,,
03_004_010,964,,,,,,
03_004_011,732,,,,,,
03_004_012,956,,,,,,
03_004_013,825,,,,,,
03_004_014,906,,,,,,
03_004_015,1083,,,,,,
03_004_016,1246,,,,,,
03_004_017,880,,,,,,
03_004_018,799,,,,,,
03_004_019,646,,,,,,
03_004_020,882,,,,,,
03_004_021,1044,,,,,,
03_004_022,867,,,,,,
03_004_023,961,,,,,,
03_004_024,1025,,,,,,
03_004_025,785,,,,,,
03_004_026,698,,,,,,
03_004_027,887,,,,,,
03_004_028,649,,,,,,
03_004_029,1010,,,,,,
03_004_030,205,,,,,,
03_004_031,382,,,,,,
03_004_032,463,,,,,,
03_005_001,791,,,,,,
03_005_002,864,,,,,,
03_005_003,833,,,,,,
03_005_004,863,,,,,,
03_006_001,1138,,,,,,
03_007_001,886,,,,,,
03_007_002,899,,,,,,
03_007_003,734,,,,,,
03_007_004,863,,,,,,
03_007_005,824,,,,,,
03_007_006,858,,,,,,
03_008_001,1008,,,,,,
03_008_002,1022,,,,,,
03_009_001,894,,,,,,
03_010_001,113,,,,,,
03_011_001,255,,,,,,
03_012_001,626,,,,,,
03_012_002,620,,,,,,
03_013_001,825,,,,,,
03_013_002,772,,,,,,
03_014_001,995,,,,,,
03_015_001,700,,,,,,
03_015_002,720,,,,,,
03_016_001,920,,,,,,
03_016_002,895,,,,,,
03_016_003,346,,,,,,
03_017_001,216,,,,,,
03_018_001,925,,,,,,
03_018_002,887,,,,,,
03_019_001,528,,,,,,
03_019_002,540,,,,,,
03_020_001,652,,,,,,
03_020_002,760,,,,,,
03_021_001,837,,,,,,
03_021_002,845,,,,,,
03_022_001,583,,,,,,
03_023_001,672,,,,,,
03_023_002,564,,,,,,
03_024_001,768,,,,,,
03_024_002,752,,,,,,
03_025_001,230,,,,,,
03_026_001,613,,,,,,
03_026_002,622,,,,,,
03_027_001,663,,,,,,
03_028_001,852,,,,,,
03_028_002,846,,,,,,
03_028_003,918,,,,,,
03_029_001,626,,,,,,
03_030_001,447,,,,,,
03_031_001,785,,,,,,
03_031_002,794,,,,,,
03_031_003,801,,,,,,
03_031_004,763,,,,,,
03_032_001,763,,,,,,
03_032_002,807,,,,,,
03_032_003,773,,,,,,
03_033_001,1064,,,,,,
03_033_002,1213,,,,,,
03_034_001,457,,,,,,
03_035_001,715,,,,,,
03_035_002,568,,,,,,
03_036_001,805,,,,,,
03_037_001,860,,,,,,
03_037_002,628,,,,,,
03_038_001,652,,,,,,
03_038_002,510,,,,,,
03_039_001,681,,,,,,
03_040_001,912,,,,,,
03_041_001,926,,,,,,
03_041_002,895,,,,,,
03_042_001,683,,,,,,
03_042_002,847,,,,,,
03_043_001,720,,,,,,
03_044_001,763,,,,,,
03_045_001,800,,,,,,
03_045_002,802,,,,,,
03_045_003,696,,,,,,
03_046_001,638,,,,,,
03_047_001,826,,,,,,
03_047_002,895,,,,,,
03_047_003,869,,,,,,
03_047_004,64,,,,,,
03_047_005,54,,,,,,
03_048_001,1120,,,,,,
03_048_002,1133,,,,,,
03_048_003,994,,,,,,
03_048_004,888,,,,,,
03_049_001,782,,,,,,
03_049_002,745,,,,,,
03_050_001,617,,,,,,
03_050_002,184,,,,,,
03_050_003,110,,,,,,
03_050_004,126,,,,,,
03_051_001,480,,,,,,
03_052_001,719,,,,,,
03_052_002,1011,,,,,,
03_052_003,785,,,,,,
03_052_004,836,,,,,,
03_052_005,956,,,,,,
03_052_006,255,,,,,,
03_053_001,1101,,,,,,
03_053_002,1064,,,,,,
03_054_001,983,,,,,,
03_054_002,1068,,,,,,
03_054_003,1274,,,,,,
03_054_004,1086,,,,,,
03_054_005,1186,,,,,,
03_054_006,1104,,,,,,
03_055_001,1029,,,,,,
03_055_002,979,,,,,,
03_056_001,824,,,,,,
03_056_002,815,,,,,,
03_056_003,810,,,,,,
03_056_004,685,,,,,,
03_056_005,714,,,,,,
03_056_006,804,,,,,,
03_056_007,657,,,,,,
03_056_008,813,,,,,,
03_056_009,139,,,,,,
03_056_010,703,,,,,,
03_056_011,735,,,,,,
03_056_012,636,,,,,,
03_056_013,903,,,,,,
03_056_014,706,,,,,,
03_056_015,750,,,,,,
03_056_016,723,,,,,,
03_056_017,689,,,,,,
03_057_001,761,,,,,,
03_058_001,664,,,,,,
03_058_002,643,,,,,,
03_059_001,990,,,,,,
03_059_002,974,,,,,,
03_059_003,992,,,,,,
03_059_004,765,,,,,,
03_059_005,1058,,,,,,
03_059_006,1058,,,,,,
03_059_007,620,,,,,,
03_060_001,768,,,,,,
03_060_002,980,,,,,,
03_060_003,808,,,,,,
03_060_004,849,,,,,,
03_060_005,622,,,,,,
03_060_006,1163,,,,,,
03_060_007,1063,,,,,,
03_060_008,1064,,,,,,
03_060_009,1085,,,,,,
03_060_010,869,,,,,,
03_060_011,1055,,,,,,
03_060_012,752,,,,,,
03_060_013,752,,,,,,
03_060_014,803,,,,,,
03_060_015,762,,,,,,
03_060_016,755,,,,,,
03_060_017,644,,,,,,
03_060_018,724,,,,,,
03_060_019,1138,,,,,,
03_060_020,706,,,,,,
03_060_021,783,,,,,,
03_060_022,797,,,,,,
03_060_023,752,,,,,,
03_060_024,860,,,,,,
03_060_025,494,,,,,,
03_060_026,848,,,,,,
03_060_027,766,,,,,,
03_060_028,924,,,,,,
03_060_029,831,,,,,,
03_060_030,923,,,,,,
03_060_031,896,,,,,,
03_060_032,1067,,,,,,
03_060_033,741,,,,,,
03_060_034,1005,,,,,,
03_060_035,723,,,,,,
03_060_036,945,,,,,,
03_060_037,900,,,,,,
03_060_038,924,,,,,,
03_060_039,600,,,,,,
03_060_040,906,,,,,,
03_060_041,1033,,,,,,
03_060_042,795,,,,,,
03_060_043,1060,,,,,,
03_060_044,1050,,,,,,
03_060_045,589,,,,,,
03_060_046,1029,,,,,,
03_060_047,786,,,,,,
03_060_048,923,,,,,,
03_060_049,733,,,,,,
03_060_050,524,,,,,,
03_060_051,666,,,,,,
03_060_052,950,,,,,,
03_060_053,1004,,,,,,
03_060_054,757,,,,,,
03_060_055,796,,,,,,
03_060_056,648,,,,,,
03_060_057,765,,,,,,
03_060_058,968,,,,,,
03_060_059,884,,,,,,
03_060_060,557,,,,,,
03_060_061,651,,,,,,
03_060_062,872,,,,,,
03_060_063,759,,,,,,
03_060_064,1084,,,,,,
03_060_065,848,,,,,,
03_060_066,805,,,,,,
03_060_067,984,,,,,,
03_060_068,546,,,,,,
03_060_069,947,,,,,,
03_060_070,993,,,,,,
03_060_071,663,,,,,,
03_060_072,866,,,,,,
03_060_073,1207,,,,,,
03_060_074,1159,,,,,,
03_060_075,1254,,,,,,
03_060_076,941,,,,,,
03_060_077,838,,,,,,
03_060_078,602,,,,,,
03_060_079,746,,,,,,
03_060_080,625,,,,,,
03_060_081,761,,,,,,
03_060_082,847,,,,,,
03_060_083,804,,,,,,
03_060_084,671,,,,,,
03_060_085,1173,,,,,,
03_060_086,770,,,,,,
03_060_087,1197,,,,,,
03_060_088,1121,,,,,,
03_060_089,1188,,,,,,
03_060_090,1141,,,,,,
03_060_091,375,,,,,,
03_060_092,1190,,,,,,
03_060_093,1051,,,,,,
03_060_094,1235,,,,,,
03_060_095,555,,,,,,
03_060_096,563,,,,,,
03_060_097,798,,,,,,
03_060_098,734,,,,,,
03_060_099,302,,,,,,
03_061_001,568,,,,,,
03_061_002,642,,,,,,
03_061_003,665,,,,,,
03_061_004,85,,,,,,
03_062_001,1073,,,,,,
03_062_002,971,,,,,,
03_062_003,960,,,,,,
03_062_004,954,,,,,,
03_062_005,1123,,,,,,
03_063_001,337,,,,,,
03_064_001,623,,,,,,
03_064_002,600,,,,,,
03_064_003,1295,,,,,,
03_064_004,1295,,,,,,
03_064_005,698,,,,,,
03_064_006,843,,,,,,
03_064_007,1345,,,,,,
03_064_008,1413,,,,,,
03_064_009,744,,,,,,
03_064_010,781,,,,,,
03_064_011,1349,,,,,,
03_065_001,807,,,,,,
03_065_002,663,,,,,,
03_065_003,776,,,,,,
03_065_004,768,,,,,,
03_065_005,737,,,,,,
03_065_006,712,,,,,,
03_065_007,853,,,,,,
03_065_008,621,,,,,,
03_065_009,627,,,,,,
03_065_010,840,,,,,,
03_065_011,808,,,,,,
03_065_012,705,,,,,,
03_065_013,720,,,,,,
03_065_014,952,,,,,,
03_065_015,858,,,,,,
03_065_016,1174,,,,,,
03_065_017,943,,,,,,
03_065_018,205,,,,,,
03_065_019,272,,,,,,
03_065_020,828,,,,,,
03_065_021,942,,,,,,
03_065_022,404,,,,,,
03_065_023,605,,,,,,
03_065_024,631,,,,,,
03_065_025,778,,,,,,
03_065_026,822,,,,,,
03_065_027,778,,,,,,
03_065_028,817,,,,,,
03_065_029,662,,,,,,
03_065_030,745,,,,,,
03_065_031,1065,,,,,,
03_066_001,1090,,,,,,
03_066_002,916,,,,,,
03_066_003,1198,,,,,,
03_066_004,1201,,,,,,
03_066_005,1261,,,,,,
03_066_006,1150,,,,,,
03_066_007,1009,,,,,,
03_066_008,1398,,,,,,
03_066_009,1093,,,,,,
03_066_010,1084,,,,,,
03_066_011,968,,,,,,
03_066_012,971,,,,,,
03_066_013,854,,,,,,
03_066_014,930,,,,,,
03_066_015,926,,,,,,
03_066_016,888,,,,,,
03_066_017,992,,,,,,
03_066_018,947,,,,,,
03_066_019,1081,,,,,,
03_066_020,1060,,,,,,
03_067_001,818,,,,,,
03_067_002,805,,,,,,
03_067_003,971,,,,,,
03_067_004,1020,,,,,,
03_067_005,1117,,,,,,
03_067_006,1055,,,,,,
03_067_007,1081,,,,,,
03_067_008,1183,,,,,,
03_067_009,200,,,,,,
03_067_010,373,,,,,,
03_068_001,970,,,,,,
03_068_002,884,,,,,,
03_069_001,546,,,,,,
03_070_001,1123,,,,,,
03_071_001,563,,,,,,
03_071_002,630,,,,,,
03_072_001,553,,,,,,
03_073_001,984,,,,,,
03_073_002,766,,,,,,
03_073_003,95,,,,,,
03_074_001,630,,,,,,
03_075_001,1404,,,,,,
03_076_001,725,,,,,,
03_076_002,929,,,,,,
03_076_003,735,,,,,,
03_076_004,779,,,,,,
03_076_005,863,,,,,,
03_076_006,992,,,,,,
03_076_007,1090,,,,,,
03_076_008,302,,,,,,
03_077_001,1398,,,,,,
03_078_001,979,,,,,,
03_078_002,955,,,,,,
03_078_003,1109,,,,,,
03_078_004,1125,,,,,,
03_078_005,1209,,,,,,
03_078_006,1267,,,,,,
03_078_007,1315,,,,,,
03_078_008,561,,,,,,
03_078_009,549,,,,,,
03_079_001,798,,,,,,
03_079_002,658,,,,,,
03_079_003,914,,,,,,
03_079_004,1163,,,,,,
03_079_005,457,,,,,,
03_080_001,763,,,,,,
03_080_002,768,,,,,,
03_080_003,702,,,,,,
03_081_001,402,,,,,,
03_082_001,731,,,,,,
03_082_002,721,,,,,,
03_082_003,740,,,,,,
03_082_004,823,,,,,,
03_082_005,777,,,,,,
03_082_006,77,,,,,,
03_083_001,629,,,,,,
03_083_002,626,,,,,,
03_084_001,322,,,,,,
03_085_001,909,,,,,,
03_085_002,839,,,,,,
03_086_001,830,,,,,,
03_086_002,575,,,,,,
03_087_001,954,,,,,,
03_087_002,897,,,,,,
03_088_001,341,,,,,,
03_089_001,910,,,,,,
03_089_002,892,,,,,,
03_089_003,815,,,,,,
03_090_001,600,,,,,,
03_091_001,947,,,,,,
03_092_001,705,,,,,,
03_092_002,674,,,,,,
03_093_001,615,,,,,,
03_093_002,555,,,,,,
03_094_001,733,,,,,,
03_095_001,964,,,,,,
03_096_001,691,,,,,,
03_096_002,875,,,,,,
03_096_003,658,,,,,,
03_096_004,865,,,,,,
03_096_005,924,,,,,,
03_096_006,991,,,,,,
03_097_001,1064,,,,,,
03_098_001,1101,,,,,,
03_098_002,1120,,,,,,
03_098_003,866,,,,,,
03_098_004,897,,,,,,
03_098_005,859,,,,,,
03_098_006,832,,,,,,
03_099_001,998,,,,,,
03_099_002,898,,,,,,
03_099_003,1017,,,,,,
03_100_001,587,,,,,,
03_100_002,658,,,,,,
03_100_003,682,,,,,,
03_100_004,630,,,,,,
03_100_005,653,,,,,,
03_100_006,665,,,,,,
03_100_007,661,,,,,,
03_100_008,267,,,,,,
03_101_001,924,,,,,,
03_102_001,756,,,,,,
03_102_002,887,,,,,,
03_102_003,730,,,,,,
03_103_001,960,,,,,,
03_103_002,875,,,,,,
03_104_001,579,,,,,,
03_104_002,949,,,,,,
03_105_001,1093,,,,,,
03_106_001,868,,,,,,
03_107_001,1117,,,,,,
03_107_002,1137,,,,,,
03_108_001,914,,,,,,
03_109_001,675,,,,,,
03_109_002,659,,,,,,
03_110_001,702,,,,,,
03_110_002,751,,,,,,
03_110_003,792,,,,,,
03_110_004,723,,,,,,
03_110_005,896,,,,,,
03_111_001,1260,,,,,,
03_111_002,1210,,,,,,
03_111_003,1156,,,,,,
03_111_004,1257,,,,,,
03_111_005,1174,,,,,,
03_111_006,1056,,,,,,
03_111_007,678,,,,,,
03_111_008,396,,,,,,
03_111_009,673,,,,,,
03_111_010,296,,,,,,
03_112_001,634,,,,,,
03_113_001,693,,,,,,
03_113_002,643,,,,,,
03_113_003,684,,,,,,
03_113_004,706,,,,,,
03_113_005,851,,,,,,
03_114_001,717,,,,,,
03_115_001,140,,,,,,
03_116_001,288,,,,,,
03_117_001,885,,,,,,
03_117_002,976,,,,,,
03_117_003,817,,,,,,
03_118_001,910,,,,,,
03_118_002,780,,,,,,
03_119_001,548,,,,,,
04_001_001,636,,,,,,
04_002_001,667,,,,,,
04_002_002,615,,,,,,
04_002_003,540,,,,,,
04_002_004,746,,,,,,
04_002_005,823,,,,,,
04_002_006,772,,,,,,
04_003_001,1061,,,,,,
04_003_002,976,,,,,,
04_003_003,1010,,,,,,
04_003_004,1057,,,,,,
04_003_005,995,,,,,,
04_003_006,1146,,,,,,
04_003_007,823,,,,,,
04_003_008,874,,,,,,
04_003_009,897,,,,,,
04_003_010,934,,,,,,
04_003_011,736,,,,,,
04_003_012,945,,,,,,
04_003_013,818,,,,,,
04_003_014,855,,,,,,
04_003_015,821,,,,,,
04_003_016,850,,,,,,
04_004_001,619,,,,,,
04_004_002,553,,,,,,
04_004_003,599,,,,,,
04_004_004,865,,,,,,
04_004_005,816,,,,,,
04_004_006,495,,,,,,
04_004_007,752,,,,,,
04_004_008,534,,,,,,
04_004_009,1078,,,,,,
04_004_010,673,,,,,,
04_004_011,849,,,,,,
04_004_012,529,,,,,,
04_004_013,457,,,,,,
04_004_014,560,,,,,,
04_004_015,788,,,,,,
04_004_016,705,,,,,,
04_004_017,789,,,,,,
04_004_018,501,,,,,,
04_004_019,834,,,,,,
04_004_020,786,,,,,,
04_004_021,629,,,,,,
04_004_022,645,,,,,,
04_004_023,550,,,,,,
04_004_024,478,,,,,,
04_004_025,411,,,,,,
04_004_026,450,,,,,,
04_004_027,590,,,,,,
04_004_028,889,,,,,,
04_004_029,671,,,,,,
04_004_030,865,,,,,,
04_004_031,576,,,,,,
04_004_032,669,,,,,,
04_004_033,652,,,,,,
04_004_034,557,,,,,,
04_004_035,717,,,,,,
04_004_036,674,,,,,,
04_004_037,616,,,,,,
04_004_038,601,,,,,,
04_004_039,613,,,,,,
04_004_040,505,,,,,,
04_004_041,869,,,,,,
04_004_042,768,,,,,,
04_004_043,584,,,,,,
04_004_044,786,,,,,,
04_004_045,533,,,,,,
04_004_046,877,,,,,,
04_004_047,923,,,,,,
04_004_048,962,,,,,,
04_004_049,700,,,,,,
04_004_050,827,,,,,,
04_004_051,899,,,,,,
04_004_052,801,,,,,,
04_004_053,518,,,,,,
04_004_054,147,,,,,,
04_004_055,227,,,,,,
04_004_056,739,,,,,,
04_004_057,829,,,,,,
04_004_058,675,,,,,,
04_004_059,576,,,,,,
04_004_060,801,,,,,,
04_004_061,242,,,,,,
04_004_062,1169,,,,,,
04_004_063,722,,,,,,
04_004_064,887,,,,,,
04_004_065,533,,,,,,
04_004_066,472,,,,,,
04_004_067,826,,,,,,
04_004_068,779,,,,,,
04_004_069,90,,,,,,
04_005_001,571,,,,,,
04_005_002,624,,,,,,
04_005_003,608,,,,,,
04_006_001,472,,,,,,
04_006_002,395,,,,,,
04_006_003,407,,,,,,
04_006_004,446,,,,,,
04_006_005,668,,,,,,
04_006_006,500,,,,,,
04_006_007,32,,,,,,
04_007_001,715,,,,,,
04_008_001,704,,,,,,
04_009_001,865,,,,,,
04_009_002,860,,,,,,
04_010_001,648,,,,,,
04_010_002,690,,,,,,
04_010_003,64,,,,,,
04_011_001,235,,,,,,
04_012_001,940,,,,,,
04_012_002,1030,,,,,,
04_013_001,339,,,,,,
04_014_001,791,,,,,,
04_014_002,774,,,,,,
04_014_003,783,,,,,,
04_014_004,696,,,,,,
04_014_005,774,,,,,,
04_015_001,721,,,,,,
04_015_002,765,,,,,,
04_015_003,747,,,,,,
04_015_004,664,,,,,,
04_015_005,603,,,,,,
04_015_006,596,,,,,,
04_015_007,762,,,,,,
04_015_008,712,,,,,,
04_016_001,762,,,,,,
04_016_002,638,,,,,,
04_016_003,735,,,,,,
04_016_004,628,,,,,,
04_016_005,600,,,,,,
04_017_001,582,,,,,,
04_017_002,492,,,,,,
04_017_003,370,,,,,,
04_018_001,402,,,,,,
04_019_001,892,,,,,,
04_020_001,440,,,,,,
04_020_002,617,,,,,,
04_020_003,595,,,,,,
04_020_004,629,,,,,,
04_020_005,657,,,,,,
04_020_006,617,,,,,,
04_021_001,805,,,,,,
04_021_002,830,,,,,,
04_021_003,860,,,,,,
04_021_004,943,,,,,,
04_021_005,894,,,,,,
04_022_001,922,,,,,,
04_022_002,933,,,,,,
04_022_003,995,,,,,,
04_023_001,488,,,,,,
04_023_002,443,,,,,,
04_024_001,543,,,,,,
04_025_001,1370,,,,,,
04_025_002,1338,,,,,,
04_025_003,616,,,,,,
04_025_004,625,,,,,,
04_025_005,711,,,,,,
04_025_006,615,,,,,,
04_025_007,1277,,,,,,
04_025_008,695,,,,,,
04_025_009,699,,,,,,
04_025_010,1250,,,,,,
04_025_011,801,,,,,,
04_025_012,507,,,,,,
04_026_001,1139,,,,,,
04_026_002,1041,,,,,,
04_026_003,597,,,,,,
04_026_004,692,,,,,,
04_026_005,679,,,,,,
04_026_006,981,,,,,,
04_026_007,1018,,,,,,
04_026_008,993,,,,,,
04_026_009,610,,,,,,
04_026_010,767,,,,,,
04_026_011,642,,,,,,
04_026_012,647,,,,,,
04_026_013,650,,,,,,
04_026_014,875,,,,,,
04_026_015,797,,,,,,
04_026_016,877,,,,,,
04_026_017,638,,,,,,
04_026_018,749,,,,,,
04_026_019,1254,,,,,,
04_026_020,730,,,,,,
04_026_021,865,,,,,,
04_026_022,816,,,,,,
04_026_023,1039,,,,,,
04_026_024,666,,,,,,
04_026_025,950,,,,,,
04_026_026,798,,,,,,
04_026_027,633,,,,,,
04_026_028,642,,,,,,
04_026_029,642,,,,,,
04_026_030,133,,,,,,
04_027_001,495,,,,,,
04_028_001,472,,,,,,
04_028_002,322,,,,,,
04_029_001,444,,,,,,
04_030_001,648,,,,,,
04_031_001,683,,,,,,
04_031_002,634,,,,,,
04_031_003,124,,,,,,
04_032_001,281,,,,,,
04_033_001,611,,,,,,
04_033_002,681,,,,,,
04_034_001,745,,,,,,
04_034_002,715,,,,,,
04_034_003,820,,,,,,
04_034_004,548,,,,,,
04_035_001,546,,,,,,
04_035_002,483,,,,,,
04_036_001,338,,,,,,
04_037_001,558,,,,,,
04_037_002,610,,,,,,
04_037_003,594,,,,,,
04_037_004,522,,,,,,
04_037_005,587,,,,,,
04_037_006,612,,,,,,
04_037_007,374,,,,,,
04_038_001,781,,,,,,
04_038_002,855,,,,,,
04_038_003,838,,,,,,
04_038_004,837,,,,,,
04_039_001,436,,,,,,
04_040_001,614,,,,,,
04_040_002,660,,,,,,
04_040_003,634,,,,,,
04_041_001,338,,,,,,
04_042_001,552,,,,,,
04_042_002,556,,,,,,
04_043_001,620,,,,,,
04_043_002,578,,,,,,
04_043_003,755,,,,,,
04_044_001,704,,,,,,
04_044_002,596,,,,,,
04_045_001,568,,,,,,
04_045_002,451,,,,,,
04_045_003,532,,,,,,
04_046_001,172,,,,,,
04_047_001,483,,,,,,
04_047_002,244,,,,,,
04_048_001,941,,,,,,
04_048_002,802,,,,,,
04_048_003,746,,,,,,
04_048_004,237,,,,,,
04_049_001,1005,,,,,,
04_049_002,939,,,,,,
04_049_003,1006,,,,,,
04_049_004,1028,,,,,,
04_049_005,874,,,,,,
04_049_006,1037,,,,,,
04_049_007,996,,,,,,
04_049_008,922,,,,,,
04_050_001,655,,,,,,
04_050_002,73,,,,,,
04_051_001,776,,,,,,
04_051_002,810,,,,,,
04_051_003,726,,,,,,
04_051_004,754,,,,,,
04_051_005,724,,,,,,
04_052_001,735,,,,,,
04_052_002,851,,,,,,
04_052_003,937,,,,,,
04_052_004,1030,,,,,,
04_052_005,879,,,,,,
04_053_001,837,,,,,,
04_053_002,828,,,,,,
04_054_001,447,,,,,,
04_054_002,495,,,,,,
04_055_001,966,,,,,,
04_056_001,369,,,,,,
04_056_002,565,,,,,,
04_057_001,779,,,,,,
04_057_002,1035,,,,,,
04_057_003,909,,,,,,
04_057_004,1038,,,,,,
04_058_001,870,,,,,,
04_058_002,867,,,,,,
04_059_001,603,,,,,,
04_059_002,815,,,,,,
04_059_003,656,,,,,,
04_059_004,722,,,,,,
04_059_005,684,,,,,,
04_059_006,747,,,,,,
04_059_007,730,,,,,,
04_059_008,806,,,,,,
04_059_009,586,,,,,,
04_059_010,904,,,,,,
04_059_011,970,,,,,,
04_059_012,676,,,,,,
04_059_013,749,,,,,,
04_059_014,738,,,,,,
04_059_015,769,,,,,,
04_059_016,735,,,,,,
04_059_017,894,,,,,,
04_059_018,483,,,,,,
04_059_019,964,,,,,,
04_059_020,869,,,,,,
04_059_021,829,,,,,,
04_059_022,784,,,,,,
04_059_023,143,,,,,,
04_059_024,56,,,,,,
04_059_025,143,,,,,,
04_059_026,815,,,,,,
04_059_027,777,,,,,,
04_059_028,866,,,,,,
04_059_029,1038,,,,,,
04_059_030,608,,,,,,
04_059_031,617,,,,,,
04_060_001,256,,,,,,
04_061_001,730,,,,,,
04_061_002,504,,,,,,
04_062_001,197,,,,,,
04_062_002,60,,,,,,
04_063_001,982,,,,,,
04_063_002,937,,,,,,
04_063_003,936,,,,,,
04_063_004,948,,,,,,
04_063_005,988,,,,,,
04_063_006,868,,,,,,
04_063_007,1007,,,,,,
04_063_008,873,,,,,,
04_064_001,553,,,,,,
04_064_002,541,,,,,,
04_064_003,93,,,,,,
04_065_001,610,,,,,,
04_065_002,736,,,,,,
04_065_003,650,,,,,,
04_066_001,626,,,,,,
04_066_002,814,,,,,,
04_066_003,710,,,,,,
04_066_004,636,,,,,,
04_066_005,797,,,,,,
04_066_006,667,,,,,,
04_066_007,610,,,,,,
04_066_008,884,,,,,,
04_066_009,1054,,,,,,
04_066_010,488,,,,,,
04_066_011,1175,,,,,,
04_066_012,576,,,,,,
04_066_013,765,,,,,,
04_066_014,875,,,,,,
04_066_015,185,,,,,,
04_066_016,200,,,,,,
04_066_017,358,,,,,,
04_066_018,537,,,,,,
04_067_001,972,,,,,,
04_067_002,971,,,,,,
04_067_003,793,,,,,,
04_067_004,985,,,,,,
04_067_005,944,,,,,,
04_067_006,1016,,,,,,
04_067_007,1017,,,,,,
04_068_001,625,,,,,,
04_069_001,581,,,,,,
04_069_002,659,,,,,,
04_070_001,763,,,,,,
04_070_002,775,,,,,,
04_070_003,743,,,,,,
04_070_004,739,,,,,,
04_070_005,755,,,,,,
04_070_006,765,,,,,,
04_071_001,757,,,,,,
04_071_002,655,,,,,,
04_071_003,682,,,,,,
04_071_004,676,,,,,,
04_071_005,723,,,,,,
04_071_006,576,,,,,,
04_072_001,77,,,,,,
04_073_001,965,,,,,,
04_074_001,668,,,,,,
04_074_002,632,,,,,,
04_074_003,681,,,,,,
04_074_004,624,,,,,,
04_074_005,900,,,,,,
04_074_006,811,,,,,,
04_074_007,780,,,,,,
04_075_001,582,,,,,,
04_075_002,585,,,,,,
05_001_001,68,,,,,,
05_002_001,395,,,,,,
05_002_002,67,,,,,,
05_003_001,62,,,,,,
05_004_001,794,,,,,,
05_004_002,755,,,,,,
05_004_003,680,,,,,,
05_005_001,131,,,,,,
05_006_001,103,,,,,,
05_007_001,127,,,,,,
05_008_001,423,,,,,,
05_009_001,563,,,,,,
05_010_001,590,,,,,,
05_011_001,208,,,,,,
05_012_001,64,,,,,,
05_013_001,152,,,,,,
05_014_001,322,,,,,,
05_015_001,108,,,,,,
05_016_001,1063,,,,,,
05_017_001,723,,,,,,
05_017_002,729,,,,,,
05_017_003,953,,,,,,
05_017_004,816,,,,,,
05_017_005,1000,,,,,,
05_018_001,48,,,,,,
05_019_001,803,,,,,,
05_019_002,806,,,,,,
05_019_003,865,,,,,,
05_020_001,817,,,,,,
05_020_002,1043,,,,,,
05_021_001,685,,,,,,
05_021_002,648,,,,,,
05_022_001,779,,,,,,
05_023_001,534,,,,,,
05_024_001,344,,,,,,
05_025_001,140,,,,,,
05_026_001,1040,,,,,,
05_027_001,930,,,,,,
05_028_001,22,,,,,,
05_029_001,933,,,,,,
05_029_002,1027,,,,,,
05_030_001,860,,,,,,
05_031_001,208,,,,,,
05_032_001,737,,,,,,
05_033_001,965,,,,,,
05_034_001,728,,,,,,
05_035_001,642,,,,,,
05_036_001,717,,,,,,
05_037_001,798,,,,,,
05_037_002,866,,,,,,
05_038_001,398,,,,,,
05_039_001,682,,,,,,
05_040_001,1011,,,,,,
05_040_002,828,,,,,,
05_041_001,595,,,,,,
05_042_001,218,,,,,,
05_043_001,414,,,,,,
05_044_001,793,,,,,,
05_044_002,777,,,,,,
05_044_003,659,,,,,,
05_045_001,850,,,,,,
05_046_001,910,,,,,,
05_047_001,188,,,,,,
05_048_001,59,,,,,,
05_049_001,694,,,,,,
05_050_001,153,,,,,,
05_051_001,774,,,,,,
05_051_002,602,,,,,,
05_051_003,649,,,,,,
05_052_001,1207,,,,,,
05_053_001,606,,,,,,
05_053_002,716,,,,,,
05_054_001,102,,,,,,
05_055_001,919,,,,,,
05_056_001,814,,,,,,
05_057_001,125,,,,,,
05_058_001,787,,,,,,
05_058_002,723,,,,,,
05_058_003,731,,,,,,
05_059_001,297,,,,,,
05_060_001,821,,,,,,
05_061_001,312,,,,,,
05_062_001,499,,,,,,
05_063_001,424,,,,,,
05_064_001,549,,,,,,
05_065_001,507,,,,,,
05_066_001,528,,,,,,
05_067_001,179,,,,,,
05_068_001,252,,,,,,
05_069_001,11,,,,,,
05_070_001,193,,,,,,
05_071_001,1112,,,,,,
05_072_001,588,,,,,,
05_073_001,216,,,,,,
05_074_001,229,,,,,,
05_075_001,949,,,,,,
05_075_002,971,,,,,,
05_075_003,1051,,,,,,
05_075_004,776,,,,,,
05_075_005,828,,,,,,
05_075_006,787,,,,,,
05_075_007,977,,,,,,
05_075_008,942,,,,,,
05_076_001,424,,,,,,
05_077_001,752,,,,,,
05_077_002,782,,,,,,
05_077_003,779,,,,,,
05_077_004,853,,,,,,
05_077_005,826,,,,,,
05_078_001,730,,,,,,
05_078_002,851,,,,,,
05_078_003,654,,,,,,
05_078_004,711,,,,,,
05_078_005,688,,,,,,
05_078_006,553,,,,,,
05_078_007,467,,,,,,
05_079_001,858,,,,,,
05_080_001,426,,,,,,
05_081_001,43,,,,,,
05_082_001,241,,,,,,
05_083_001,631,,,,,,
05_083_002,604,,,,,,
05_084_001,296,,,,,,
05_085_001,212,,,,,,
05_086_001,656,,,,,,
05_087_001,155,,,,,,
05_088_001,300,,,,,,
05_089_001,801,,,,,,
05_090_001,200,,,,,,
05_091_001,508,,,,,,
05_092_001,368,,,,,,
05_093_001,692,,,,,,
05_093_002,975,,,,,,
05_093_003,990,,,,,,
05_093_004,616,,,,,,
05_093_005,943,,,,,,
05_093_006,1029,,,,,,
05_094_001,66,,,,,,
05_095_001,224,,,,,,
05_096_001,998,,,,,,
05_096_002,930,,,,,,
05_097_001,267,,,,,,
05_098_001,297,,,,,,
05_099_001,83,,,,,,
05_100_001,215,,,,,,
05_101_001,226,,,,,,
05_102_001,172,,,,,,
05_103_001,25,,,,,,
05_104_001,123,,,,,,
05_105_001,151,,,,,,
05_106_001,62,,,,,,
05_107_001,255,,,,,,
05_108_001,425,,,,,,
05_109_001,967,,,,,,
05_109_002,796,,,,,,
05_109_003,201,,,,,,
05_110_001,615,,,,,,
05_111_001,456,,,,,,
05_112_001,68,,,,,,
05_113_001,688,,,,,,
05_113_002,693,,,,,,
05_114_001,424,,,,,,
05_115_001,404,,,,,,
05_116_001,615,,,,,,
05_116_002,659,,,,,,
05_117_001,446,,,,,,
05_118_001,561,,,,,,
05_118_002,563,,,,,,
05_119_001,800,,,,,,
05_119_002,797,,,,,,
05_120_001,116,,,,,,
05_121_001,83,,,,,,
05_122_001,176,,,,,,
05_123_001,623,,,,,,
05_123_002,632,,,,,,
05_124_001,807,,,,,,
05_125_001,229,,,,,,
05_126_001,784,,,,,,
05_127_001,537,,,,,,
05_128_001,498,,,,,,
05_129_001,102,,,,,,
05_130_001,160,,,,,,
05_131_001,128,,,,,,
05_131_002,1101,,,,,,
05_132_001,228,,,,,,
05_133_001,920,,,,,,
05_133_002,869,,,,,,
05_133_003,898,,,,,,
05_134_001,155,,,,,,
05_135_001,293,,,,,,
05_136_001,129,,,,,,
05_137_001,664,,,,,,
05_138_001,379,,,,,,
05_139_001,606,,,,,,
05_140_001,379,,,,,,
05_141_001,565,,,,,,
05_142_001,707,,,,,,
05_143_001,866,,,,,,
05_144_001,77,,,,,,
05_145_001,901,,,,,,
05_146_001,64,,,,,,
05_147_001,636,,,,,,
05_147_002,624,,,,,,
05_148_001,384,,,,,,
05_149_001,708,,,,,,
05_149_002,569,,,,,,
05_150_001,216,,,,,,
05_151_001,681,,,,,,
05_151_002,643,,,,,,
05_152_001,376,,,,,,
05_153_001,607,,,,,,
05_153_002,730,,,,,,
05_153_003,885,,,,,,
05_153_004,1162,,,,,,
05_153_005,797,,,,,,
05_153_006,844,,,,,,
05_153_007,1036,,,,,,
05_153_008,890,,,,,,
05_153_009,602,,,,,,
05_153_010,591,,,,,,
05_153_011,982,,,,,,
05_153_012,1088,,,,,,
05_153_013,673,,,,,,
05_153_014,839,,,,,,
05_153_015,522,,,,,,
05_153_016,905,,,,,,
05_153_017,603,,,,,,
05_153_018,741,,,,,,
05_153_019,1081,,,,,,
05_153_020,644,,,,,,
05_153_021,579,,,,,,
05_153_022,578,,,,,,
05_153_023,596,,,,,,
05_153_024,588,,,,,,
05_153_025,777,,,,,,
05_153_026,686,,,,,,
05_154_001,424,,,,,,
05_155_001,124,,,,,,
05_156_001,53,,,,,,
05_157_001,707,,,,,,
05_158_001,342,,,,,,
05_159_001,910,,,,,,
05_160_001,34,,,,,,
05_161_001,669,,,,,,
05_161_002,636,,,,,,
05_162_001,114,,,,,,
05_163_001,126,,,,,,
05_163_002,426,,,,,,
05_164_001,127,,,,,,
05_165_001,656,,,,,,
05_165_002,620,,,,,,
05_166_001,223,,,,,,
05_167_001,257,,,,,,
05_168_001,160,,,,,,
05_169_001,231,,,,,,
05_170_001,876,,,,,,
05_170_002,1016,,,,,,
05_171_001,120,,,,,,
05_172_001,195,,,,,,
05_173_001,452,,,,,,
05_174_001,232,,,,,,
05_175_001,465,,,,,,
05_176_001,869,,,,,,
05_177_001,316,,,,,,
05_178_001,122,,,,,,
05_179_001,490,,,,,,
05_179_002,659,,,,,,
05_180_001,436,,,,,,
05_181_001,199,,,,,,
05_182_001,204,,,,,,
05_183_001,1111,,,,,,
05_184_001,319,,,,,,
05_185_001,200,,,,,,
05_186_001,32,,,,,,
05_187_001,625,,,,,,
05_188_001,251,,,,,,
05_189_001,869,,,,,,
05_189_002,753,,,,,,
05_190_001,847,,,,,,
05_190_002,783,,,,,,
05_190_003,608,,,,,,
05_190_004,627,,,,,,
05_190_005,673,,,,,,
05_191_001,388,,,,,,
05_192_001,624,,,,,,
05_192_002,649,,,,,,
05_192_003,657,,,,,,
05_193_001,131,,,,,,
05_194_001,948,,,,,,
05_194_002,891,,,,,,
05_194_003,927,,,,,,
05_194_004,885,,,,,,
05_194_005,926,,,,,,
05_195_001,687,,,,,,
05_195_002,789,,,,,,
05_195_003,742,,,,,,
05_195_004,617,,,,,,
05_196_001,922,,,,,,
05_196_002,772,,,,,,
05_196_003,836,,,,,,
05_196_004,858,,,,,,
05_196_005,904,,,,,,
05_196_006,748,,,,,,
05_196_007,764,,,,,,
05_196_008,739,,,,,,
05_196_009,738,,,,,,
05_196_010,1003,,,,,,
05_196_011,923,,,,,,
05_196_012,682,,,,,,
05_196_013,809,,,,,,
05_196_014,649,,,,,,
05_196_015,698,,,,,,
05_196_016,779,,,,,,
05_197_001,766,,,,,,
05_198_001,704,,,,,,
05_198_002,630,,,,,,
05_199_001,911,,,,,,
05_199_002,827,,,,,,
05_200_001,533,,,,,,
05_200_002,538,,,,,,
05_201_001,431,,,,,,
05_202_001,856,,,,,,
05_202_002,887,,,,,,
05_202_003,838,,,,,,
05_202_004,848,,,,,,
05_202_005,817,,,,,,
05_202_006,1080,,,,,,
05_202_007,1038,,,,,,
05_202_008,814,,,,,,
05_202_009,814,,,,,,
05_202_010,834,,,,,,
05_202_011,817,,,,,,
05_202_012,1094,,,,,,
05_202_013,1060,,,,,,
05_202_014,1175,,,,,,
05_202_015,909,,,,,,
05_202_016,934,,,,,,
05_202_017,936,,,,,,
05_202_018,839,,,,,,
05_202_019,933,,,,,,
05_202_020,974,,,,,,
05_202_021,939,,,,,,
05_202_022,1010,,,,,,
05_202_023,712,,,,,,
05_202_024,929,,,,,,
05_202_025,883,,,,,,
05_202_026,905,,,,,,
05_202_027,979,,,,,,
05_202_028,1035,,,,,,
05_202_029,934,,,,,,
05_202_030,912,,,,,,
05_202_031,898,,,,,,
05_202_032,962,,,,,,
05_202_033,925,,,,,,
05_202_034,931,,,,,,
05_202_035,922,,,,,,
05_202_036,974,,,,,,
05_202_037,935,,,,,,
05_202_038,951,,,,,,
05_202_039,982,,,,,,
05_202_040,903,,,,,,
05_202_041,904,,,,,,
05_202_042,929,,,,,,
05_202_043,934,,,,,,
05_202_044,903,,,,,,
05_202_045,935,,,,,,
05_202_046,943,,,,,,
05_202_047,944,,,,,,
05_202_048,928,,,,,,
05_202_049,935,,,,,,
05_202_050,996,,,,,,
05_202_051,889,,,,,,
05_202_052,716,,,,,,
05_202_053,805,,,,,,
05_202_054,1027,,,,,,
05_202_055,991,,,,,,
05_202_056,986,,,,,,
05_202_057,912,,,,,,
05_202_058,929,,,,,,
05_202_059,918,,,,,,
05_202_060,902,,,,,,
05_202_061,919,,,,,,
05_202_062,908,,,,,,
05_202_063,848,,,,,,
05_202_064,929,,,,,,
05_202_065,877,,,,,,
05_202_066,828,,,,,,
05_202_067,978,,,,,,
05_202_068,922,,,,,,
05_202_069,897,,,,,,
05_202_070,909,,,,,,
05_202_071,997,,,,,,
05_202_072,908,,,,,,
05_202_073,922,,,,,,
05_202_074,936,,,,,,
05_202_075,981,,,,,,
05_202_076,791,,,,,,
05_202_077,1017,,,,,,
05_202_078,898,,,,,,
05_202_079,986,,,,,,
05_202_080,949,,,,,,
05_202_081,886,,,,,,
05_202_082,895,,,,,,
05_202_083,903,,,,,,
05_202_084,868,,,,,,
05_202_085,737,,,,,,
05_202_086,790,,,,,,
05_202_087,992,,,,,,
05_202_088,907,,,,,,
05_202_089,949,,,,,,
05_202_090,719,,,,,,
05_202_091,800,,,,,,
05_202_092,734,,,,,,
05_202_093,920,,,,,,
05_202_094,817,,,,,,
05_202_095,923,,,,,,
05_202_096,872,,,,,,
05_202_097,888,,,,,,
05_202_098,879,,,,,,
05_202_099,869,,,,,,
05_202_100,430,,,,,,
05_202_101,911,,,,,,
05_202_102,937,,,,,,
05_202_103,968,,,,,,
05_202_104,951,,,,,,
05_202_105,893,,,,,,
05_202_106,902,,,,,,
05_202_107,897,,,,,,
05_202_108,963,,,,,,
05_202_109,962,,,,,,
05_202_110,885,,,,,,
05_202_111,887,,,,,,
05_202_112,930,,,,,,
05_202_113,936,,,,,,
05_202_114,946,,,,,,
05_202_115,960,,,,,,
05_202_116,930,,,,,,
05_202_117,939,,,,,,
05_202_118,906,,,,,,
05_202_119,894,,,,,,
05_202_120,872,,,,,,
05_202_121,919,,,,,,
05_202_122,895,,,,,,
05_202_123,901,,,,,,
05_202_124,900,,,,,,
05_202_125,875,,,,,,
05_202_126,903,,,,,,
05_202_127,851,,,,,,
05_202_128,895,,,,,,
05_202_129,337,,,,,,
05_202_130,100,,,,,,
05_203_001,69,,,,,,
05_204_001,202,,,,,,
05_205_001,575,,,,,,
05_205_002,612,,,,,,
05_206_001,399,,,,,,
05_207_001,748,,,,,,
05_207_002,692,,,,,,
05_207_003,761,,,,,,
05_208_001,670,,,,,,
05_209_001,594,,,,,,
05_210_001,34,,,,,,
05_211_001,210,,,,,,
05_212_001,506,,,,,,
05_213_001,520,,,,,,
05_214_001,700,,,,,,
05_215_001,234,,,,,,
05_216_001,928,,,,,,
05_217_001,830,,,,,,
05_217_002,709,,,,,,
05_217_003,753,,,,,,
05_217_004,741,,,,,,
05_217_005,1057,,,,,,
05_218_001,22,,,,,,
05_219_001,278,,,,,,
05_220_001,224,,,,,,
05_221_001,1145,,,,,,
05_222_001,747,,,,,,
05_222_002,839,,,,,,
05_222_003,927,,,,,,
05_222_004,894,,,,,,
05_222_005,160,,,,,,
05_222_006,83,,,,,,
05_223_001,595,,,,,,
05_223_002,557,,,,,,
05_224_001,263,,,,,,
05_225_001,856,,,,,,
05_225_002,874,,,,,,
05_226_001,577,,,,,,
05_226_002,804,,,,,,
05_226_003,891,,,,,,
05_226_004,901,,,,,,
05_226_005,763,,,,,,
05_226_006,1213,,,,,,
05_226_007,740,,,,,,
05_226_008,691,,,,,,
05_226_009,529,,,,,,
05_226_010,716,,,,,,
05_226_011,807,,,,,,
05_226_012,841,,,,,,
05_226_013,753,,,,,,
05_226_014,760,,,,,,
05_226_015,712,,,,,,
05_226_016,601,,,,,,
05_226_017,631,,,,,,
05_226_018,296,,,,,,
05_226_019,612,,,,,,
05_226_020,663,,,,,,
05_226_021,397,,,,,,
05_226_022,175,,,,,,
05_226_023,779,,,,,,
05_226_024,836,,,,,,
05_226_025,758,,,,,,
05_226_026,668,,,,,,
05_226_027,606,,,,,,
05_226_028,702,,,,,,
05_226_029,195,,,,,,
05_226_030,166,,,,,,
05_226_031,808,,,,,,
05_226_032,880,,,,,,
05_226_033,948,,,,,,
05_226_034,735,,,,,,
05_226_035,880,,,,,,
05_226_036,433,,,,,,
05_226_037,267,,,,,,
05_227_001,36,,,,,,
05_228_001,911,,,,,,
05_229_001,1115,,,,,,
05_230_001,844,,,,,,
05_231_001,36,,,,,,
05_232_001,239,,,,,,
05_233_001,15,,,,,,
05_234_001,556,,,,,,
05_235_001,914,,,,,,
05_235_002,882,,,,,,
05_236_001,181,,,,,,
05_237_001,155,,,,,,
05_238_001,690,,,,,,
05_238_002,693,,,,,,
05_238_003,498,,,,,,
05_238_004,613,,,,,,
05_238_005,637,,,,,,
05_238_006,710,,,,,,
05_238_007,570,,,,,,
05_238_008,305,,,,,,
05_239_001,471,,,,,,
05_240_001,478,,,,,,
05_241_001,564,,,,,,
05_242_001,202,,,,,,
05_243_001,396,,,,,,
05_244_001,793,,,,,,
05_245_001,64,,,,,,
05_246_001,362,,,,,,
05_247_001,345,,,,,,
05_248_001,555,,,,,,
05_248_002,591,,,,,,
05_249_001,646,,,,,,
05_249_002,568,,,,,,
05_249_003,661,,,,,,
05_250_001,551,,,,,,
05_251_001,694,,,,,,
05_251_002,647,,,,,,
05_251_003,676,,,,,,
05_252_001,856,,,,,,
05_253_001,260,,,,,,
05_254_001,720,,,,,,
05_255_001,527,,,,,,
05_256_001,767,,,,,,
05_256_002,535,,,,,,
05_256_003,886,,,,,,
05_257_001,320,,,,,,
05_258_001,1239,,,,,,
05_259_001,1116,,,,,,
05_259_002,1166,,,,,,
05_260_001,357,,,,,,
05_261_001,163,,,,,,
05_262_001,318,,,,,,
05_263_001,1229,,,,,,
05_264_001,598,,,,,,
05_265_001,1135,,,,,,
05_266_001,389,,,,,,
05_267_001,288,,,,,,
05_268_001,1050,,,,,,
05_268_002,608,,,,,,
05_268_003,638,,,,,,
05_268_004,1091,,,,,,
05_268_005,1131,,,,,,
05_268_006,268,,,,,,
05_268_007,969,,,,,,
05_268_008,959,,,,,,
05_268_009,1216,,,,,,
05_268_010,1251,,,,,,
05_269_001,935,,,,,,
05_269_002,960,,,,,,
05_270_001,839,,,,,,
05_270_002,814,,,,,,
05_271_001,580,,,,,,
05_272_001,1133,,,,,,
05_273_001,177,,,,,,
05_274_001,512,,,,,,
05_274_002,500,,,,,,
05_274_003,618,,,,,,
05_274_004,589,,,,,,
05_274_005,584,,,,,,
05_274_006,458,,,,,,
05_274_007,652,,,,,,
05_274_008,605,,,,,,
05_274_009,596,,,,,,
05_274_010,664,,,,,,
05_274_011,649,,,,,,
05_274_012,637,,,,,,
05_274_013,421,,,,,,
05_274_014,563,,,,,,
05_274_015,646,,,,,,
05_274_016,214,,,,,,
05_274_017,115,,,,,,
05_275_001,808,,,,,,
05_276_001,401,,,,,,
05_276_002,1048,,,,,,
05_276_003,207,,,,,,
05_276_004,582,,,,,,
05_276_005,600,,,,,,
05_276_006,690,,,,,,
05_276_007,644,,,,,,
05_276_008,650,,,,,,
05_276_009,724,,,,,,
05_276_010,589,,,,,,
05_276_011,714,,,,,,
05_276_012,650,,,,,,
05_276_013,629,,,,,,
05_276_014,679,,,,,,
05_276_015,642,,,,,,
05_276_016,1075,,,,,,
05_276_017,241,,,,,,
05_277_001,345,,,,,,
05_278_001,382,,,,,,
05_279_001,736,,,,,,
05_280_001,29,,,,,,
05_281_001,182,,,,,,
05_282_001,125,,,,,,
05_283_001,359,,,,,,
05_284_001,708,,,,,,
05_285_001,679,,,,,,
05_286_001,74,,,,,,
05_287_001,245,,,,,,
05_288_001,176,,,,,,
05_289_001,260,,,,,,
05_290_001,599,,,,,,
05_290_002,814,,,,,,
05_290_003,678,,,,,,
05_290_004,715,,,,,,
05_291_001,1346,,,,,,
05_292_001,608,,,,,,
05_292_002,666,,,,,,
05_292_003,641,,,,,,
05_293_001,218,,,,,,
05_294_001,1222,,,,,,
05_294_002,1002,,,,,,
05_294_003,1291,,,,,,
05_294_004,1114,,,,,,
05_294_005,1027,,,,,,
05_294_006,1086,,,,,,
05_294_007,453,,,,,,
05_295_001,613,,,,,,
05_295_002,623,,,,,,
05_295_003,624,,,,,,
05_295_004,597,,,,,,
05_295_005,604,,,,,,
05_295_006,616,,,,,,
05_295_007,605,,,,,,
05_296_001,525,,,,,,
05_297_001,155,,,,,,
05_298_001,957,,,,,,
05_298_002,867,,,,,,
05_298_003,767,,,,,,
05_298_004,850,,,,,,
05_299_001,1216,,,,,,
05_300_001,475,,,,,,
05_301_001,103,,,,,,
05_302_001,92,,,,,,
05_303_001,791,,,,,,
05_304_001,827,,,,,,
05_305_001,388,,,,,,
05_306_001,752,,,,,,
05_306_002,711,,,,,,
05_306_003,601,,,,,,
05_306_004,596,,,,,,
05_307_001,789,,,,,,
05_308_001,689,,,,,,
05_308_002,664,,,,,,
05_309_001,1097,,,,,,
05_309_002,1052,,,,,,
05_310_001,912,,,,,,
05_311_001,836,,,,,,
05_312_001,681,,,,,,
05_312_002,667,,,,,,
05_313_001,458,,,,,,
05_314_001,32,,,,,,
05_315_001,1037,,,,,,
05_316_001,240,,,,,,
05_317_001,339,,,,,,
05_318_001,308,,,,,,
05_319_001,756,,,,,,
05_319_002,781,,,,,,
05_319_003,184,,,,,,
05_320_001,685,,,,,,
05_320_002,621,,,,,,
05_320_003,649,,,,,,
05_321_001,475,,,,,,
05_322_001,747,,,,,,
05_322_002,840,,,,,,
05_322_003,712,,,,,,
05_322_004,728,,,,,,
05_322_005,763,,,,,,
05_323_001,1139,,,,,,
05_324_001,194,,,,,,
05_325_001,1033,,,,,,
05_326_001,635,,,,,,
05_326_002,638,,,,,,
05_326_003,184,,,,,,
05_326_004,698,,,,,,
05_326_005,726,,,,,,
05_326_006,716,,,,,,
05_326_007,743,,,,,,
05_326_008,719,,,,,,
05_326_009,796,,,,,,
05_326_010,585,,,,,,
05_326_011,865,,,,,,
05_326_012,694,,,,,,
05_326_013,718,,,,,,
05_326_014,817,,,,,,
05_326_015,730,,,,,,
05_326_016,601,,,,,,
05_326_017,988,,,,,,
05_327_001,254,,,,,,
05_328_001,556,,,,,,
05_328_002,329,,,,,,
05_328_003,568,,,,,,
05_328_004,691,,,,,,
05_328_005,704,,,,,,
05_329_001,643,,,,,,
05_329_002,665,,,,,,
05_330_001,171,,,,,,
05_331_001,22,,,,,,
05_332_001,20,,,,,,
05_333_001,426,,,,,,
05_334_001,129,,,,,,
05_335_001,128,,,,,,
05_336_001,269,,,,,,
05_337_001,155,,,,,,
05_338_001,244,,,,,,
05_339_001,593,,,,,,
05_340_001,500,,,,,,
05_341_001,974,,,,,,
05_342_001,886,,,,,,
05_343_001,42,,,,,,
05_344_001,710,,,,,,
05_345_001,100,,,,,,
05_346_001,584,,,,,,
05_347_001,911,,,,,,
05_348_001,202,,,,,,
05_349_001,409,,,,,,
05_350_001,52,,,,,,
05_351_001,601,,,,,,
05_352_001,161,,,,,,
05_353_001,317,,,,,,
05_354_001,469,,,,,,
05_355_001,293,,,,,,
05_356_001,202,,,,,,
05_357_001,387,,,,,,
05_358_001,291,,,,,,
06_001_001,1091,,,,,,
06_001_002,1099,,,,,,
06_001_003,1097,,,,,,
06_001_004,1054,,,,,,
06_002_001,371,,,,,,
06_003_001,748,,,,,,
06_003_002,764,,,,,,
06_003_003,886,,,,,,
06_004_001,347,,,,,,
06_005_001,751,,,,,,
06_005_002,770,,,,,,
06_005_003,734,,,,,,
06_005_004,441,,,,,,
06_005_005,474,,,,,,
06_006_001,775,,,,,,
06_006_002,737,,,,,,
06_007_001,746,,,,,,
06_007_002,734,,,,,,
06_007_003,705,,,,,,
06_007_004,509,,,,,,
06_008_001,885,,,,,,
06_008_002,866,,,,,,
06_008_003,912,,,,,,
06_009_001,347,,,,,,
06_010_001,717,,,,,,
06_010_002,740,,,,,,
06_010_003,727,,,,,,
06_011_001,703,,,,,,
06_011_002,718,,,,,,
06_011_003,704,,,,,,
06_012_001,771,,,,,,
06_012_002,688,,,,,,
06_013_001,982,,,,,,
06_013_002,837,,,,,,
06_013_003,771,,,,,,
06_013_004,895,,,,,,
06_013_005,798,,,,,,
06_013_006,877,,,,,,
06_013_007,882,,,,,,
06_013_008,886,,,,,,
06_013_009,754,,,,,,
06_013_010,802,,,,,,
06_013_011,640,,,,,,
06_013_012,772,,,,,,
06_013_013,859,,,,,,
06_013_014,700,,,,,,
06_013_015,514,,,,,,
06_013_016,770,,,,,,
06_014_001,395,,,,,,
06_014_002,579,,,,,,
06_014_003,130,,,,,,
06_015_001,827,,,,,,
06_015_002,772,,,,,,
06_015_003,834,,,,,,
06_015_004,804,,,,,,
06_016_001,896,,,,,,
06_016_002,1107,,,,,,
06_016_003,818,,,,,,
06_016_004,1212,,,,,,
06_017_001,573,,,,,,
06_018_001,358,,,,,,
06_019_001,521,,,,,,
06_019_002,545,,,,,,
06_019_003,503,,,,,,
06_020_001,495,,,,,,
06_020_002,404,,,,,,
06_021_001,531,,,,,,
06_022_001,754,,,,,,
06_022_002,897,,,,,,
06_023_001,889,,,,,,
06_023_002,834,,,,,,
06_023_003,763,,,,,,
06_024_001,669,,,,,,
06_024_002,614,,,,,,
06_024_003,634,,,,,,
06_024_004,701,,,,,,
06_024_005,713,,,,,,
06_024_006,765,,,,,,
06_024_007,576,,,,,,
06_024_008,563,,,,,,
06_024_009,569,,,,,,
06_024_010,660,,,,,,
06_024_011,751,,,,,,
06_024_012,627,,,,,,
06_024_013,649,,,,,,
06_024_014,928,,,,,,
06_024_015,676,,,,,,
06_024_016,798,,,,,,
06_024_017,945,,,,,,
06_024_018,795,,,,,,
06_024_019,832,,,,,,
06_024_020,875,,,,,,
06_024_021,783,,,,,,
06_024_022,781,,,,,,
06_024_023,923,,,,,,
06_024_024,595,,,,,,
06_024_025,647,,,,,,
06_024_026,661,,,,,,
06_024_027,618,,,,,,
06_024_028,685,,,,,,
06_024_029,561,,,,,,
06_024_030,592,,,,,,
06_024_031,564,,,,,,
06_024_032,772,,,,,,
06_024_033,772,,,,,,
06_024_034,841,,,,,,
06_024_035,828,,,,,,
06_024_036,844,,,,,,
06_024_037,811,,,,,,
06_024_038,827,,,,,,
06_024_039,879,,,,,,
06_024_040,812,,,,,,
06_024_041,853,,,,,,
06_024_042,232,,,,,,
06_024_043,400,,,,,,
06_024_044,229,,,,,,
06_024_045,420,,,,,,
06_024_046,298,,,,,,
06_024_047,250,,,,,,
06_024_048,532,,,,,,
06_024_049,149,,,,,,
06_024_050,644,,,,,,
06_024_051,744,,,,,,
06_025_001,472,,,,,,
06_026_001,988,,,,,,
06_026_002,889,,,,,,
06_026_003,1015,,,,,,
06_026_004,968,,,,,,
06_026_005,910,,,,,,
06_026_006,1065,,,,,,
06_027_001,782,,,,,,
06_027_002,786,,,,,,
06_027_003,780,,,,,,
06_027_004,755,,,,,,
06_028_001,412,,,,,,
06_029_001,276,,,,,,
06_030_001,1181,,,,,,
06_031_001,1008,,,,,,
06_032_001,701,,,,,,
06_032_002,835,,,,,,
06_032_003,876,,,,,,
06_032_004,824,,,,,,
06_032_005,682,,,,,,
06_032_006,704,,,,,,
06_032_007,675,,,,,,
06_032_008,624,,,,,,
06_032_009,887,,,,,,
06_032_010,991,,,,,,
06_032_011,983,,,,,,
06_032_012,672,,,,,,
06_032_013,914,,,,,,
06_032_014,805,,,,,,
06_032_015,897,,,,,,
06_032_016,649,,,,,,
06_032_017,713,,,,,,
06_032_018,820,,,,,,
06_032_019,643,,,,,,
06_032_020,741,,,,,,
06_032_021,813,,,,,,
06_032_022,745,,,,,,
06_032_023,875,,,,,,
06_033_001,859,,,,,,
06_033_002,853,,,,,,
06_034_001,705,,,,,,
06_034_002,347,,,,,,
06_035_001,1118,,,,,,
06_035_002,1101,,,,,,
06_035_003,1113,,,,,,
06_035_004,949,,,,,,
06_035_005,1032,,,,,,
06_036_001,750,,,,,,
06_036_002,804,,,,,,
06_036_003,871,,,,,,
06_036_004,854,,,,,,
06_036_005,1024,,,,,,
06_036_006,317,,,,,,
06_036_007,279,,,,,,
06_036_008,291,,,,,,
06_036_009,171,,,,,,
06_037_001,374,,,,,,
06_038_001,331,,,,,,
06_039_001,803,,,,,,
06_039_002,755,,,,,,
06_039_003,493,,,,,,
06_039_004,120,,,,,,
06_040_001,316,,,,,,
06_041_001,386,,,,,,
06_042_001,628,,,,,,
06_042_002,442,,,,,,
06_042_003,297,,,,,,
06_042_004,151,,,,,,
06_043_001,409,,,,,,
06_043_002,133,,,,,,
06_044_001,544,,,,,,
06_044_002,497,,,,,,
06_045_001,837,,,,,,
06_046_001,744,,,,,,
06_046_002,415,,,,,,
06_047_001,1057,,,,,,
06_047_002,1324,,,,,,
06_047_003,534,,,,,,
06_048_001,1032,,,,,,
06_048_002,905,,,,,,
06_049_001,934,,,,,,
06_049_002,963,,,,,,
06_049_003,881,,,,,,
06_049_004,1026,,,,,,
06_049_005,828,,,,,,
06_049_006,827,,,,,,
06_049_007,793,,,,,,
06_049_008,534,,,,,,
06_050_001,769,,,,,,
06_050_002,873,,,,,,
06_050_003,842,,,,,,
06_050_004,862,,,,,,
06_050_005,868,,,,,,
06_051_001,1230,,,,,,
06_051_002,1086,,,,,,
06_051_003,1292,,,,,,
06_051_004,1103,,,,,,
06_051_005,955,,,,,,
06_051_006,1130,,,,,,
06_051_007,1293,,,,,,
06_051_008,1201,,,,,,
06_051_009,1215,,,,,,
06_051_010,915,,,,,,
06_051_011,1367,,,,,,
06_051_012,1135,,,,,,
06_051_013,1156,,,,,,
06_051_014,1333,,,,,,
06_051_015,1012,,,,,,
06_051_016,1242,,,,,,
06_051_017,1239,,,,,,
06_051_018,1302,,,,,,
06_051_019,1146,,,,,,
06_051_101,1210,,,,,,
06_051_102,956,,,,,,
06_051_103,814,,,,,,
06_051_104,1102,,,,,,
06_051_105,993,,,,,,
06_051_106,1090,,,,,,
06_051_107,1301,,,,,,
06_051_108,1279,,,,,,
06_051_109,1230,,,,,,
06_051_110,940,,,,,,
06_051_111,1263,,,,,,
06_051_112,1162,,,,,,
06_051_113,1125,,,,,,
06_051_114,1223,,,,,,
06_051_115,1165,,,,,,
06_051_116,1239,,,,,,
06_051_117,1169,,,,,,
06_051_118,1321,,,,,,
06_051_119,1269,,,,,,
06_051_201,1222,,,,,,
06_051_202,916,,,,,,
06_051_203,840,,,,,,
06_051_204,1063,,,,,,
06_051_205,1008,,,,,,
06_051_206,1040,,,,,,
06_051_207,1296,,,,,,
06_051_208,1224,,,,,,
06_051_209,1302,,,,,,
06_051_210,734,,,,,,
06_051_211,1323,,,,,,
06_051_212,948,,,,,,
06_051_213,1147,,,,,,
06_051_214,1170,,,,,,
06_051_215,1029,,,,,,
06_051_216,1267,,,,,,
06_051_217,1238,,,,,,
06_051_218,1302,,,,,,
06_051_219,1177,,,,,,
06_051_301,1023,,,,,,
06_051_302,1139,,,,,,
06_051_303,892,,,,,,
06_051_304,1149,,,,,,
06_051_305,1342,,,,,,
06_051_306,1031,,,,,,
06_051_307,1291,,,,,,
06_051_308,1247,,,,,,
06_051_309,1322,,,,,,
06_051_310,948,,,,,,
06_051_311,1317,,,,,,
06_051_312,1006,,,,,,
06_051_313,1040,,,,,,
06_051_314,1326,,,,,,
06_051_315,1142,,,,,,
06_051_316,1260,,,,,,
06_051_317,858,,,,,,
06_051_318,1298,,,,,,
06_051_319,1133,,,,,,
06_051_401,672,,,,,,
06_051_402,967,,,,,,
06_051_403,888,,,,,,
06_051_404,1133,,,,,,
06_051_405,1112,,,,,,
06_051_406,992,,,,,,
06_051_407,1371,,,,,,
06_051_408,1292,,,,,,
06_051_409,1274,,,,,,
06_051_410,1176,,,,,,
06_051_411,1156,,,,,,
06_051_412,895,,,,,,
06_051_413,1112,,,,,,
06_051_414,1242,,,,,,
06_051_415,1091,,,,,,
06_051_416,1204,,,,,,
06_051_417,1048,,,,,,
06_051_418,1337,,,,,,
06_051_419,1031,,,,,,
06_051_501,1171,,,,,,
06_051_502,997,,,,,,
06_051_503,1078,,,,,,
06_051_504,767,,,,,,
06_051_505,1132,,,,,,
06_051_506,841,,,,,,
06_051_510,742,,,,,,
06_051_512,1048,,,,,,
06_051_513,1108,,,,,,
06_051_515,906,,,,,,
06_051_517,1117,,,,,,
06_051_519,1084,,,,,,
06_051_601,604,,,,,,
06_051_602,738,,,,,,
06_051_603,1004,,,,,,
06_051_604,701,,,,,,
06_051_610,656,,,,,,
06_052_001,664,,,,,,
06_052_002,679,,,,,,
06_052_003,689,,,,,,
06_052_004,685,,,,,,
06_052_005,690,,,,,,
06_053_001,684,,,,,,
06_053_002,540,,,,,,
06_053_003,616,,,,,,
06_053_004,49,,,,,,
06_053_005,184,,,,,,
06_053_006,987,,,,,,
06_053_007,887,,,,,,
06_053_008,572,,,,,,
06_053_009,565,,,,,,
06_053_010,795,,,,,,
06_053_011,96,,,,,,
06_053_012,123,,,,,,
06_053_013,94,,,,,,
06_053_014,859,,,,,,
06_053_015,927,,,,,,
06_053_016,716,,,,,,
06_053_017,746,,,,,,
06_053_018,568,,,,,,
06_053_019,609,,,,,,
06_053_020,577,,,,,,
06_053_021,820,,,,,,
06_053_022,684,,,,,,
06_053_023,630,,,,,,
06_053_024,604,,,,,,
06_053_025,844,,,,,,
06_053_026,719,,,,,,
06_053_027,646,,,,,,
06_053_028,675,,,,,,
06_053_029,781,,,,,,
06_053_030,618,,,,,,
06_053_031,209,,,,,,
06_053_032,827,,,,,,
06_053_033,906,,,,,,
06_053_034,73,,,,,,
06_053_035,154,,,,,,
06_054_001,811,,,,,,
06_054_002,846,,,,,,
06_055_001,718,,,,,,
06_055_002,804,,,,,,
06_056_001,709,,,,,,
06_056_002,619,,,,,,
06_057_001,866,,,,,,
06_057_002,775,,,,,,
06_058_001,824,,,,,,
06_058_002,918,,,,,,
06_058_003,847,,,,,,
06_059_001,1107,,,,,,
06_059_002,1098,,,,,,
06_060_001,911,,,,,,
06_060_002,930,,,,,,
06_060_003,1055,,,,,,
07_001_001,1052,,,,,,
07_001_002,1020,,,,,,
07_001_003,191,,,,,,
07_001_004,181,,,,,,
07_001_005,1185,,,,,,
07_002_001,1055,,,,,,
07_002_002,1257,,,,,,
07_002_003,1083,,,,,,
07_003_001,785,,,,,,
07_003_002,643,,,,,,
07_004_001,476,,,,,,
07_004_002,709,,,,,,
07_005_001,465,,,,,,
07_006_001,773,,,,,,
07_006_002,852,,,,,,
07_006_003,845,,,,,,
07_007_001,123,,,,,,
07_008_001,390,,,,,,
07_008_002,350,,,,,,
07_009_001,720,,,,,,
07_009_002,682,,,,,,
07_009_003,781,,,,,,
07_009_004,761,,,,,,
07_010_001,1253,,,,,,
07_010_002,964,,,,,,
07_010_003,102,,,,,,
07_011_001,867,,,,,,
07_012_001,718,,,,,,
07_012_002,790,,,,,,
07_013_001,1130,,,,,,
07_013_002,1141,,,,,,
07_013_003,1149,,,,,,
07_013_004,1236,,,,,,
07_013_005,955,,,,,,
07_013_006,1110,,,,,,
07_013_007,1146,,,,,,
07_013_008,1231,,,,,,
07_014_001,760,,,,,,
07_014_002,706,,,,,,
07_014_003,721,,,,,,
07_014_004,975,,,,,,
07_015_001,211,,,,,,
07_016_001,747,,,,,,
07_016_002,632,,,,,,
07_016_003,660,,,,,,
07_017_001,885,,,,,,
07_017_002,180,,,,,,
07_018_001,940,,,,,,
07_019_001,921,,,,,,
07_019_002,689,,,,,,
07_019_003,923,,,,,,
07_019_004,967,,,,,,
07_019_005,816,,,,,,
07_020_001,1284,,,,,,
07_021_001,838,,,,,,
07_021_002,736,,,,,,
07_022_001,811,,,,,,
07_023_001,796,,,,,,
07_023_002,862,,,,,,
07_024_001,1151,,,,,,
07_024_002,1276,,,,,,
07_024_003,1205,,,,,,
07_024_004,940,,,,,,
07_024_005,827,,,,,,
07_024_006,890,,,,,,
07_024_007,1045,,,,,,
07_024_008,986,,,,,,
07_024_009,1043,,,,,,
07_024_010,1385,,,,,,
07_024_011,1255,,,,,,
07_024_012,1072,,,,,,
07_024_013,1177,,,,,,
07_024_014,1071,,,,,,
07_024_015,1254,,,,,,
07_024_016,1194,,,,,,
07_024_017,961,,,,,,
07_024_018,1321,,,,,,
07_024_019,1249,,,,,,
07_024_020,979,,,,,,
07_024_021,1088,,,,,,
07_024_022,978,,,,,,
07_024_023,1130,,,,,,
07_024_024,824,,,,,,
07_024_025,1207,,,,,,
07_024_026,1005,,,,,,
07_024_027,1110,,,,,,
07_024_028,1021,,,,,,
07_024_029,1360,,,,,,
07_024_030,1486,,,,,,
07_024_031,336,,,,,,
07_025_001,786,,,,,,
07_025_002,442,,,,,,
07_025_003,592,,,,,,
07_026_001,829,,,,,,
07_026_002,790,,,,,,
07_026_003,840,,,,,,
07_026_004,952,,,,,,
07_026_005,842,,,,,,
07_026_006,599,,,,,,
07_026_007,270,,,,,,
07_026_008,132,,,,,,
07_027_001,1052,,,,,,
07_027_002,975,,,,,,
07_027_003,1116,,,,,,
07_027_004,784,,,,,,
07_027_005,939,,,,,,
07_027_006,1127,,,,,,
07_027_007,214,,,,,,
07_027_008,288,,,,,,
07_028_001,1165,,,,,,
07_028_002,1238,,,,,,
07_028_003,1140,,,,,,
07_028_004,111,,,,,,
07_029_001,882,,,,,,
07_029_002,885,,,,,,
07_030_001,725,,,,,,
07_030_002,804,,,,,,
07_031_001,722,,,,,,
07_032_001,497,,,,,,
07_033_001,1602,,,,,,
07_033_002,1110,,,,,,
07_033_003,1438,,,,,,
07_033_004,1346,,,,,,
07_033_005,1072,,,,,,
07_033_006,1392,,,,,,
07_033_007,1488,,,,,,
07_033_008,940,,,,,,
07_034_001,1073,,,,,,
07_035_001,734,,,,,,
07_036_001,313,,,,,,
07_036_002,191,,,,,,
07_036_003,209,,,,,,
07_037_001,1046,,,,,,
07_037_002,825,,,,,,
07_038_001,664,,,,,,
07_038_002,81,,,,,,
07_039_001,1164,,,,,,
07_039_002,1063,,,,,,
07_040_001,1066,,,,,,
07_041_001,1018,,,,,,
07_042_001,1006,,,,,,
07_042_002,903,,,,,,
07_043_001,951,,,,,,
07_043_002,1064,,,,,,
07_043_003,344,,,,,,
07_043_004,950,,,,,,
07_044_001,499,,,,,,
07_044_002,687,,,,,,
07_045_001,625,,,,,,
07_045_002,623,,,,,,
07_046_001,910,,,,,,
07_046_002,1017,,,,,,
07_047_001,605,,,,,,
07_047_002,725,,,,,,
07_048_001,1052,,,,,,
07_048_002,1002,,,,,,
07_048_003,978,,,,,,
07_049_001,338,,,,,,
07_049_002,31,,,,,,
07_049_003,669,,,,,,
07_049_004,664,,,,,,
07_050_001,875,,,,,,
07_050_002,884,,,,,,
07_050_003,723,,,,,,
07_051_001,744,,,,,,
07_051_002,699,,,,,,
07_051_003,829,,,,,,
07_052_001,1318,,,,,,
07_053_001,1091,,,,,,
07_053_002,1146,,,,,,
07_053_003,1108,,,,,,
07_053_004,1144,,,,,,
07_054_001,1077,,,,,,
07_054_002,896,,,,,,
07_055_001,596,,,,,,
07_056_001,967,,,,,,
07_056_002,954,,,,,,
07_056_003,908,,,,,,
07_056_004,845,,,,,,
07_057_001,732,,,,,,
07_058_001,449,,,,,,
07_058_002,549,,,,,,
07_059_001,707,,,,,,
07_059_002,945,,,,,,
07_060_001,476,,,,,,
07_061_001,657,,,,,,
07_061_002,821,,,,,,
07_061_003,706,,,,,,
07_061_004,787,,,,,,
07_061_005,654,,,,,,
07_061_006,620,,,,,,
07_061_007,812,,,,,,
07_061_008,458,,,,,,
07_061_009,839,,,,,,
07_061_010,546,,,,,,
07_061_011,1072,,,,,,
07_061_012,1206,,,,,,
07_061_013,661,,,,,,
07_061_014,659,,,,,,
07_061_015,171,,,,,,
07_062_001,607,,,,,,
07_063_001,477,,,,,,
07_063_002,614,,,,,,
07_064_001,813,,,,,,
07_065_001,541,,,,,,
07_066_001,822,,,,,,
07_066_002,895,,,,,,
07_066_003,800,,,,,,
07_066_004,768,,,,,,
07_066_005,118,,,,,,
07_067_001,428,,,,,,
07_067_002,526,,,,,,
07_067_003,468,,,,,,
07_068_001,444,,,,,,
07_068_002,282,,,,,,
07_069_001,1158,,,,,,
07_069_002,1014,,,,,,
07_069_003,895,,,,,,
07_070_001,767,,,,,,
07_070_002,740,,,,,,
07_071_001,953,,,,,,
07_071_002,909,,,,,,
07_072_001,751,,,,,,
07_072_002,841,,,,,,
07_072_003,790,,,,,,
07_072_004,780,,,,,,
07_073_001,342,,,,,,
07_073_002,939,,,,,,
07_073_003,1040,,,,,,
07_073_004,924,,,,,,
07_073_005,807,,,,,,
07_073_006,1069,,,,,,
07_073_007,178,,,,,,
07_074_001,992,,,,,,
07_074_002,742,,,,,,
07_074_003,952,,,,,,
07_074_004,997,,,,,,
07_074_005,1135,,,,,,
07_075_001,991,,,,,,
07_075_002,988,,,,,,
07_076_001,921,,,,,,
07_076_002,1114,,,,,,
07_076_003,959,,,,,,
07_076_004,1056,,,,,,
07_077_001,926,,,,,,
07_077_002,940,,,,,,
07_077_003,1051,,,,,,
07_078_001,712,,,,,,
07_078_002,653,,,,,,
07_078_003,466,,,,,,
07_078_004,621,,,,,,
07_078_005,585,,,,,,
07_078_006,462,,,,,,
07_078_007,556,,,,,,
07_078_008,570,,,,,,
07_078_009,713,,,,,,
07_078_010,633,,,,,,
07_078_011,633,,,,,,
07_078_012,697,,,,,,
07_078_013,466,,,,,,
07_078_014,586,,,,,,
07_078_015,215,,,,,,
07_078_016,166,,,,,,
07_078_017,522,,,,,,
07_078_018,176,,,,,,
07_078_019,60,,,,,,
07_079_001,550,,,,,,
07_080_001,1286,,,,,,
07_081_001,893,,,,,,
07_081_002,912,,,,,,
07_082_001,482,,,,,,
07_083_001,1079,,,,,,
07_083_002,802,,,,,,
07_083_003,676,,,,,,
07_084_001,947,,,,,,
07_084_002,148,,,,,,
07_085_001,891,,,,,,
07_085_002,920,,,,,,
07_085_003,721,,,,,,
07_086_001,1048,,,,,,
07_086_002,1056,,,,,,
07_086_003,774,,,,,,
07_086_004,703,,,,,,
07_087_001,740,,,,,,
07_087_002,709,,,,,,
07_088_001,445,,,,,,
07_089_001,840,,,,,,
07_089_002,858,,,,,,
07_090_001,915,,,,,,
07_090_002,926,,,,,,
07_090_003,1121,,,,,,
07_090_004,939,,,,,,
07_091_001,1242,,,,,,
07_091_002,437,,,,,,
07_092_001,612,,,,,,
07_093_001,643,,,,,,
07_093_002,744,,,,,,
07_094_001,984,,,,,,
07_094_002,1201,,,,,,
07_094_003,940,,,,,,
07_094_004,1102,,,,,,
07_094_005,1395,,,,,,
07_094_006,997,,,,,,
07_094_007,866,,,,,,
07_094_008,1120,,,,,,
07_094_009,1204,,,,,,
07_094_010,1106,,,,,,
07_094_011,1188,,,,,,
07_094_012,1374,,,,,,
07_094_013,1430,,,,,,
07_094_014,896,,,,,,
07_094_015,892,,,,,,
07_094_016,930,,,,,,
07_094_017,847,,,,,,
07_094_018,853,,,,,,
07_094_019,1084,,,,,,
07_094_020,1062,,,,,,
07_094_021,1081,,,,,,
07_094_022,1086,,,,,,
07_094_023,907,,,,,,
07_094_024,950,,,,,,
07_094_025,930,,,,,,
07_094_026,1054,,,,,,
07_094_027,1010,,,,,,
07_094_028,899,,,,,,
07_094_029,953,,,,,,
07_094_030,928,,,,,,
07_094_031,943,,,,,,
07_094_032,1043,,,,,,
07_094_033,1030,,,,,,
07_094_034,1081,,,,,,
07_094_035,910,,,,,,
07_094_036,939,,,,,,
07_094_037,974,,,,,,
07_094_038,994,,,,,,
07_094_039,986,,,,,,
07_094_040,1115,,,,,,
07_094_041,1187,,,,,,
07_094_042,690,,,,,,
07_094_043,819,,,,,,
07_094_044,1034,,,,,,
07_094_045,1002,,,,,,
07_094_046,1089,,,,,,
07_094_047,1078,,,,,,
07_094_048,1207,,,,,,
07_094_049,1096,,,,,,
07_094_050,1256,,,,,,
07_094_051,1290,,,,,,
07_094_052,1068,,,,,,
07_094_053,921,,,,,,
07_094_054,852,,,,,,
07_094_055,1016,,,,,,
07_094_056,1270,,,,,,
07_094_057,1274,,,,,,
07_094_058,1206,,,,,,
07_094_059,1155,,,,,,
07_094_060,1154,,,,,,
07_094_061,208,,,,,,
07_094_062,1231,,,,,,
07_094_063,1171,,,,,,
07_094_064,1066,,,,,,
07_094_065,1263,,,,,,
07_094_066,660,,,,,,
07_094_067,1154,,,,,,
07_094_068,1034,,,,,,
07_094_069,1020,,,,,,
07_094_070,976,,,,,,
07_094_071,1011,,,,,,
07_094_072,401,,,,,,
07_094_073,120,,,,,,
07_094_074,48,,,,,,
07_094_200,339,,,,,,
07_095_001,762,,,,,,
07_096_001,691,,,,,,
07_096_002,717,,,,,,
07_097_001,803,,,,,,
07_097_002,866,,,,,,
07_098_001,415,,,,,,
07_099_001,1107,,,,,,
07_099_002,1114,,,,,,
07_100_001,615,,,,,,
07_101_001,733,,,,,,
07_101_002,763,,,,,,
07_101_003,656,,,,,,
07_102_001,911,,,,,,
07_102_002,757,,,,,,
07_102_003,682,,,,,,
07_102_004,750,,,,,,
07_102_005,932,,,,,,
07_102_006,976,,,,,,
07_102_007,945,,,,,,
07_103_001,661,,,,,,
07_104_001,732,,,,,,
07_104_002,734,,,,,,
07_105_001,737,,,,,,
07_106_001,925,,,,,,
07_106_002,955,,,,,,
07_107_001,712,,,,,,
07_108_001,579,,,,,,
07_108_002,422,,,,,,
08_001_001,575,,,,,,
08_001_002,728,,,,,,
08_001_003,777,,,,,,
08_001_004,551,,,,,,
08_002_001,394,,,,,,
08_003_001,768,,,,,,
08_004_001,896,,,,,,
08_004_002,961,,,,,,
08_005_001,229,,,,,,
08_006_001,941,,,,,,
08_006_002,815,,,,,,
08_007_001,886,,,,,,
08_008_001,137,,,,,,
08_009_001,242,,,,,,
08_010_001,805,,,,,,
08_010_002,602,,,,,,
08_011_001,621,,,,,,
08_012_001,571,,,,,,
08_012_002,484,,,,,,
08_013_001,913,,,,,,
08_013_002,904,,,,,,
08_013_003,234,,,,,,
08_014_001,361,,,,,,
08_014_002,363,,,,,,
08_014_003,121,,,,,,
08_015_001,429,,,,,,
08_016_001,279,,,,,,
08_017_001,503,,,,,,
08_018_001,1127,,,,,,
08_019_001,811,,,,,,
08_019_002,783,,,,,,
08_019_003,223,,,,,,
08_020_001,875,,,,,,
08_020_002,845,,,,,,
08_021_001,41,,,,,,
08_022_001,409,,,,,,
08_023_001,448,,,,,,
08_024_001,170,,,,,,
08_025_001,25,,,,,,
08_026_001,395,,,,,,
08_027_001,1017,,,,,,
08_027_002,1052,,,,,,
08_027_003,990,,,,,,
08_027_004,937,,,,,,
08_027_005,939,,,,,,
08_027_006,889,,,,,,
08_027_007,942,,,,,,
08_027_008,1037,,,,,,
08_028_001,653,,,,,,
08_028_002,664,,,,,,
08_029_001,328,,,,,,
08_030_001,485,,,,,,
08_031_001,647,,,,,,
08_031_002,706,,,,,,
08_032_001,210,,,,,,
08_033_001,991,,,,,,
08_033_002,906,,,,,,
08_034_001,588,,,,,,
08_035_001,244,,,,,,
08_035_002,442,,,,,,
08_035_003,582,,,,,,
08_036_001,129,,,,,,
08_037_001,91,,,,,,
08_038_001,422,,,,,,
08_039_001,734,,,,,,
08_040_001,707,,,,,,
08_040_002,774,,,,,,
08_041_001,898,,,,,,
08_041_002,873,,,,,,
08_042_001,773,,,,,,
08_042_002,786,,,,,,
08_043_001,376,,,,,,
08_044_001,457,,,,,,
08_045_001,792,,,,,,
08_046_001,72,,,,,,
08_047_001,248,,,,,,
08_048_001,1098,,,,,,
08_048_002,653,,,,,,
08_048_003,808,,,,,,
08_048_004,89,,,,,,
08_049_001,513,,,,,,
08_050_001,723,,,,,,
08_051_001,1070,,,,,,
08_051_002,823,,,,,,
08_052_001,897,,,,,,
08_052_002,780,,,,,,
08_052_003,848,,,,,,
08_052_004,646,,,,,,
08_053_001,1124,,,,,,
08_054_001,861,,,,,,
08_054_002,858,,,,,,
08_054_003,880,,,,,,
08_055_001,64,,,,,,
08_056_001,1134,,,,,,
08_057_001,292,,,,,,
08_058_001,997,,,,,,
08_059_001,1090,,,,,,
08_059_002,1091,,,,,,
08_059_003,1005,,,,,,
08_059_004,944,,,,,,
08_059_005,906,,,,,,
08_059_006,1320,,,,,,
08_059_007,813,,,,,,
08_059_008,799,,,,,,
08_059_009,776,,,,,,
08_059_010,815,,,,,,
08_059_011,1062,,,,,,
08_059_012,900,,,,,,
08_059_013,885,,,,,,
08_059_014,918,,,,,,
08_059_015,917,,,,,,
08_059_016,906,,,,,,
08_059_017,961,,,,,,
08_059_018,955,,,,,,
08_059_019,1009,,,,,,
08_059_020,912,,,,,,
08_059_021,1104,,,,,,
08_059_022,1167,,,,,,
08_059_023,1306,,,,,,
08_059_024,1206,,,,,,
08_059_025,1078,,,,,,
08_059_026,1123,,,,,,
08_059_027,1149,,,,,,
08_059_028,1168,,,,,,
08_059_029,1121,,,,,,
08_059_030,993,,,,,,
08_059_031,844,,,,,,
08_059_032,897,,,,,,
08_059_033,911,,,,,,
08_059_034,915,,,,,,
08_059_035,914,,,,,,
08_059_036,983,,,,,,
08_059_037,1086,,,,,,
08_059_038,896,,,,,,
08_059_039,841,,,,,,
08_059_040,984,,,,,,
08_059_041,973,,,,,,
08_059_042,996,,,,,,
08_059_043,894,,,,,,
08_059_044,912,,,,,,
08_059_045,980,,,,,,
08_059_046,903,,,,,,
08_059_047,1020,,,,,,
08_059_048,877,,,,,,
08_059_049,984,,,,,,
08_059_050,937,,,,,,
08_059_051,875,,,,,,
08_059_052,844,,,,,,
08_059_053,945,,,,,,
08_059_054,919,,,,,,
08_059_055,813,,,,,,
08_059_056,876,,,,,,
08_059_057,930,,,,,,
08_059_058,828,,,,,,
08_059_059,993,,,,,,
08_059_060,902,,,,,,
08_059_061,1069,,,,,,
08_059_062,1015,,,,,,
08_059_063,894,,,,,,
08_059_064,840,,,,,,
08_059_065,941,,,,,,
08_059_066,811,,,,,,
08_059_067,877,,,,,,
08_059_068,994,,,,,,
08_059_069,991,,,,,,
08_059_070,929,,,,,,
08_059_071,829,,,,,,
08_059_072,921,,,,,,
08_059_073,960,,,,,,
08_059_074,1088,,,,,,
08_059_075,1006,,,,,,
08_059_076,1189,,,,,,
08_059_077,1028,,,,,,
08_059_078,1097,,,,,,
08_059_079,1122,,,,,,
08_059_080,923,,,,,,
08_059_081,943,,,,,,
08_059_082,954,,,,,,
08_059_083,1134,,,,,,
08_059_084,1070,,,,,,
08_059_085,1088,,,,,,
08_059_086,1332,,,,,,
08_059_087,631,,,,,,
08_059_088,1278,,,,,,
08_059_089,1304,,,,,,
08_059_090,1189,,,,,,
08_059_091,1224,,,,,,
08_059_092,1165,,,,,,
08_059_093,954,,,,,,
08_059_094,1026,,,,,,
08_059_095,1180,,,,,,
08_059_096,714,,,,,,
08_059_097,706,,,,,,
08_059_098,626,,,,,,
08_060_001,409,,,,,,
08_061_001,797,,,,,,
08_061_002,728,,,,,,
08_062_001,1412,,,,,,
08_063_001,649,,,,,,
08_064_001,767,,,,,,
08_064_002,907,,,,,,
08_064_003,574,,,,,,
08_064_004,634,,,,,,
08_065_001,1333,,,,,,
08_065_002,1317,,,,,,
08_065_003,1218,,,,,,
08_065_004,1287,,,,,,
08_065_005,1306,,,,,,
08_066_001,939,,,,,,
08_066_002,908,,,,,,
08_067_001,1030,,,,,,
08_067_002,960,,,,,,
08_067_003,988,,,,,,
08_068_001,792,,,,,,
08_068_002,818,,,,,,
08_068_003,829,,,,,,
08_068_004,155,,,,,,
08_069_001,1215,,,,,,
08_069_002,1201,,,,,,
08_070_001,957,,,,,,
08_070_002,912,,,,,,
08_070_003,803,,,,,,
08_071_001,1313,,,,,,
08_072_001,1063,,,,,,
08_073_001,343,,,,,,
08_074_001,540,,,,,,
08_075_001,280,,,,,,
08_076_001,778,,,,,,
08_076_002,699,,,,,,
08_077_001,954,,,,,,
08_078_001,865,,,,,,
08_078_002,858,,,,,,
08_078_003,704,,,,,,
08_078_004,766,,,,,,
08_078_005,781,,,,,,
08_078_006,594,,,,,,
08_078_007,193,,,,,,
08_079_001,414,,,,,,
08_080_001,1044,,,,,,
08_081_001,130,,,,,,
08_081_002,1118,,,,,,
08_081_003,831,,,,,,
08_081_004,936,,,,,,
08_081_005,988,,,,,,
08_081_006,983,,,,,,
08_081_007,995,,,,,,
08_081_008,1125,,,,,,
08_081_009,866,,,,,,
08_082_001,665,,,,,,
08_082_002,950,,,,,,
08_082_003,185,,,,,,
08_083_001,196,,,,,,
08_084_001,723,,,,,,
08_085_001,285,,,,,,
08_086_001,601,,,,,,
08_087_001,899,,,,,,
08_087_002,1131,,,,,,
08_088_001,1111,,,,,,
08_088_002,1106,,,,,,
08_089_001,884,,,,,,
08_089_002,769,,,,,,
08_090_001,1136,,,,,,
08_091_001,429,,,,,,
08_092_001,790,,,,,,
08_092_002,1076,,,,,,
08_093_001,1128,,,,,,
08_093_002,696,,,,,,
08_093_003,732,,,,,,
08_094_001,666,,,,,,
08_095_001,1169,,,,,,
08_096_001,87,,,,,,
08_097_001,351,,,,,,
08_098_001,427,,,,,,
08_099_001,863,,,,,,
08_099_002,845,,,,,,
08_100_001,534,,,,,,
08_101_001,750,,,,,,
08_101_002,273,,,,,,
08_102_001,86,,,,,,
08_103_001,894,,,,,,
08_104_001,992,,,,,,
08_104_002,816,,,,,,
08_104_003,750,,,,,,
08_104_004,968,,,,,,
08_104_005,884,,,,,,
08_104_006,811,,,,,,
08_104_007,870,,,,,,
08_104_008,668,,,,,,
08_104_009,928,,,,,,
08_104_010,826,,,,,,
08_104_011,903,,,,,,
08_104_012,684,,,,,,
08_104_013,870,,,,,,
08_104_014,852,,,,,,
08_104_015,932,,,,,,
08_104_016,894,,,,,,
08_104_017,690,,,,,,
08_104_018,735,,,,,,
08_104_019,969,,,,,,
08_104_020,835,,,,,,
08_104_021,766,,,,,,
08_104_022,673,,,,,,
08_104_023,906,,,,,,
08_104_024,911,,,,,,
08_104_025,923,,,,,,
08_104_026,931,,,,,,
08_104_027,661,,,,,,
08_104_028,799,,,,,,
08_104_029,929,,,,,,
08_104_030,788,,,,,,
08_105_001,959,,,,,,
08_105_002,1134,,,,,,
08_106_001,720,,,,,,
08_106_002,712,,,,,,
08_107_001,673,,,,,,
08_108_001,930,,,,,,
08_109_001,1116,,,,,,
08_109_002,1082,,,,,,
08_110_001,753,,,,,,
08_111_001,855,,,,,,
08_111_002,793,,,,,,
08_112_001,173,,,,,,
08_113_001,399,,,,,,
08_114_001,990,,,,,,
08_114_002,1041,,,,,,
08_114_003,1110,,,,,,
08_114_004,629,,,,,,
08_115_001,709,,,,,,
08_116_001,842,,,,,,
08_116_002,754,,,,,,
08_116_003,807,,,,,,
08_117_001,1001,,,,,,
08_117_002,755,,,,,,
08_117_003,802,,,,,,
08_117_004,222,,,,,,
08_118_001,319,,,,,,
08_119_001,237,,,,,,
08_120_001,960,,,,,,
08_121_001,1217,,,,,,
08_122_001,885,,,,,,
08_123_001,1109,,,,,,
08_123_002,903,,,,,,
08_124_001,285,,,,,,
08_125_001,82,,,,,,
08_126_001,234,,,,,,
08_127_001,538,,,,,,
08_128_001,402,,,,,,
08_128_002,524,,,,,,
08_128_003,394,,,,,,
08_129_001,994,,,,,,
08_130_001,448,,,,,,
08_131_001,485,,,,,,
08_132_001,582,,,,,,
08_133_001,1173,,,,,,
08_133_002,1196,,,,,,
08_134_001,815,,,,,,
08_135_001,72,,,,,,
08_136_001,391,,,,,,
08_137_001,406,,,,,,
08_138_001,124,,,,,,
08_139_001,814,,,,,,
08_140_001,132,,,,,,
08_141_001,219,,,,,,
08_142_001,280,,,,,,
08_143_001,417,,,,,,
08_144_001,259,,,,,,
08_145_001,359,,,,,,
08_146_001,488,,,,,,
08_146_002,192,,,,,,
08_146_003,71,,,,,,
08_147_001,259,,,,,,
08_148_001,224,,,,,,
08_149_001,897,,,,,,
08_150_001,1192,,,,,,
08_150_002,869,,,,,,
08_150_003,1005,,,,,,
08_150_004,864,,,,,,
08_150_005,762,,,,,,
08_150_006,838,,,,,,
08_150_007,936,,,,,,
08_150_008,723,,,,,,
08_150_009,1001,,,,,,
08_150_010,966,,,,,,
08_150_011,794,,,,,,
08_150_012,767,,,,,,
08_150_013,698,,,,,,
08_150_014,697,,,,,,
08_150_015,681,,,,,,
08_150_016,752,,,,,,
08_150_017,604,,,,,,
08_150_018,1026,,,,,,
08_150_019,1209,,,,,,
08_150_020,846,,,,,,
08_150_021,1049,,,,,,
08_150_022,898,,,,,,
08_150_023,1094,,,,,,
08_150_024,883,,,,,,
08_150_025,676,,,,,,
08_150_026,618,,,,,,
08_150_027,835,,,,,,
08_150_028,954,,,,,,
08_150_029,1315,,,,,,
08_150_030,666,,,,,,
08_150_031,983,,,,,,
08_150_032,918,,,,,,
08_150_033,1008,,,,,,
08_150_034,905,,,,,,
08_150_035,874,,,,,,
08_150_036,997,,,,,,
08_150_037,839,,,,,,
08_150_038,846,,,,,,
08_150_039,987,,,,,,
08_150_040,1273,,,,,,
08_150_041,954,,,,,,
08_150_042,786,,,,,,
08_150_043,886,,,,,,
08_150_044,858,,,,,,
08_150_045,685,,,,,,
08_150_046,782,,,,,,
08_150_047,1028,,,,,,
08_150_048,979,,,,,,
08_150_049,1312,,,,,,
08_150_050,771,,,,,,
08_151_001,688,,,,,,
08_152_001,1141,,,,,,
08_153_001,232,,,,,,
08_154_001,341,,,,,,
08_155_001,901,,,,,,
08_155_002,834,,,,,,
08_156_001,841,,,,,,
08_157_001,695,,,,,,
08_158_001,1069,,,,,,
08_159_001,542,,,,,,
08_160_001,369,,,,,,
08_161_001,620,,,,,,
08_162_001,747,,,,,,
08_163_001,153,,,,,,
08_164_001,1421,,,,,,
08_165_001,1171,,,,,,
08_165_002,1015,,,,,,
08_165_003,1094,,,,,,
08_166_001,862,,,,,,
08_166_002,894,,,,,,
08_167_001,265,,,,,,
08_168_001,774,,,,,,
08_169_001,639,,,,,,
08_170_001,74,,,,,,
08_171_001,417,,,,,,
08_172_001,742,,,,,,
08_172_002,731,,,,,,
08_172_003,896,,,,,,
08_173_001,275,,,,,,
08_174_001,130,,,,,,
08_175_001,772,,,,,,
08_176_001,812,,,,,,
08_177_001,170,,,,,,
08_178_001,1144,,,,,,
08_179_001,334,,,,,,
08_180_001,124,,,,,,
08_181_001,535,,,,,,
08_182_001,441,,,,,,
08_183_001,325,,,,,,
09_001_001,721,,,,,,
09_001_002,682,,,,,,
09_002_001,564,,,,,,
09_003_001,940,,,,,,
09_003_002,932,,,,,,
09_004_001,941,,,,,,
09_005_001,1021,,,,,,
09_005_002,616,,,,,,
09_005_003,903,,,,,,
09_005_004,856,,,,,,
09_005_005,735,,,,,,
09_005_006,895,,,,,,
09_005_007,720,,,,,,
09_005_008,930,,,,,,
09_005_009,998,,,,,,
09_005_010,772,,,,,,
09_005_011,1009,,,,,,
09_005_012,884,,,,,,
09_005_013,847,,,,,,
09_005_014,769,,,,,,
09_005_015,813,,,,,,
09_005_016,872,,,,,,
09_005_017,77,,,,,,
09_006_001,567,,,,,,
09_006_002,680,,,,,,
09_006_003,659,,,,,,
09_007_001,322,,,,,,
09_008_001,693,,,,,,
09_008_002,788,,,,,,
09_009_001,699,,,,,,
09_009_002,599,,,,,,
09_009_003,650,,,,,,
09_009_004,905,,,,,,
09_009_005,593,,,,,,
09_009_006,816,,,,,,
09_009_007,701,,,,,,
09_009_008,704,,,,,,
09_009_009,826,,,,,,
09_009_010,661,,,,,,
09_009_011,743,,,,,,
09_009_012,734,,,,,,
09_009_013,928,,,,,,
09_009_014,557,,,,,,
09_009_015,693,,,,,,
09_009_016,734,,,,,,
09_010_001,142,,,,,,
09_011_001,758,,,,,,
09_011_002,696,,,,,,
09_011_003,702,,,,,,
09_011_004,922,,,,,,
09_011_005,757,,,,,,
09_012_001,594,,,,,,
09_012_002,635,,,,,,
09_012_003,680,,,,,,
09_013_001,752,,,,,,
09_014_001,1060,,,,,,
09_014_002,1092,,,,,,
09_014_003,1063,,,,,,
09_015_001,421,,,,,,
09_016_001,715,,,,,,
09_016_002,679,,,,,,
09_016_003,43,,,,,,
09_017_001,418,,,,,,
09_018_001,462,,,,,,
09_018_011,634,,,,,,
09_018_012,1435,,,,,,
09_018_013,1476,,,,,,
09_018_014,1351,,,,,,
09_018_015,1453,,,,,,
09_018_016,585,,,,,,
09_018_021,1331,,,,,,
09_018_022,1335,,,,,,
09_018_023,1330,,,,,,
09_018_024,1233,,,,,,
09_018_025,1189,,,,,,
09_018_031,1192,,,,,,
09_018_032,1287,,,,,,
09_018_033,1055,,,,,,
09_018_034,978,,,,,,
09_018_035,1278,,,,,,
09_018_041,1064,,,,,,
09_018_042,1309,,,,,,
09_018_043,965,,,,,,
09_018_044,766,,,,,,
09_018_045,920,,,,,,
09_018_046,1273,,,,,,
09_018_051,1163,,,,,,
09_018_052,1275,,,,,,
09_018_053,1335,,,,,,
09_018_054,1228,,,,,,
09_018_055,1113,,,,,,
09_018_061,776,,,,,,
09_018_062,1412,,,,,,
09_018_063,1380,,,,,,
09_018_064,567,,,,,,
09_018_065,1278,,,,,,
09_018_066,849,,,,,,
09_018_067,753,,,,,,
09_018_071,888,,,,,,
09_018_072,1463,,,,,,
09_018_073,1440,,,,,,
09_018_074,1404,,,,,,
09_018_075,1265,,,,,,
09_018_076,1224,,,,,,
09_018_081,1264,,,,,,
09_018_082,1452,,,,,,
09_018_083,1316,,,,,,
09_018_084,1250,,,,,,
09_018_085,1024,,,,,,
09_018_086,857,,,,,,
09_018_091,1408,,,,,,
09_018_092,1443,,,,,,
09_018_093,1479,,,,,,
09_018_094,1450,,,,,,
09_018_095,1372,,,,,,
09_018_101,1178,,,,,,
09_018_102,1145,,,,,,
09_018_103,1409,,,,,,
09_018_104,923,,,,,,
09_018_105,1470,,,,,,
09_018_106,1449,,,,,,
09_018_111,1190,,,,,,
09_018_112,1202,,,,,,
09_018_113,1118,,,,,,
09_018_114,1047,,,,,,
09_018_115,1059,,,,,,
09_018_116,681,,,,,,
09_018_117,812,,,,,,
09_018_121,945,,,,,,
09_018_122,869,,,,,,
09_018_123,1061,,,,,,
09_018_124,1022,,,,,,
09_018_125,1079,,,,,,
09_018_126,949,,,,,,
09_018_127,1038,,,,,,
09_018_131,1094,,,,,,
09_018_132,1032,,,,,,
09_018_133,1133,,,,,,
09_018_134,1070,,,,,,
09_018_135,1049,,,,,,
09_018_136,875,,,,,,
09_018_141,1395,,,,,,
09_018_142,1478,,,,,,
09_018_143,1462,,,,,,
09_018_144,1239,,,,,,
09_018_145,1068,,,,,,
09_018_151,885,,,,,,
09_018_152,1028,,,,,,
09_018_153,1347,,,,,,
09_018_154,1154,,,,,,
09_018_155,1173,,,,,,
09_018_156,1002,,,,,,
09_018_161,1284,,,,,,
09_018_162,1060,,,,,,
09_018_163,1128,,,,,,
09_018_164,1126,,,,,,
09_018_165,1190,,,,,,
09_018_166,1396,,,,,,
09_018_171,1106,,,,,,
09_018_172,906,,,,,,
09_018_173,1437,,,,,,
09_018_174,820,,,,,,
09_018_175,1131,,,,,,
09_018_176,619,,,,,,
09_018_181,866,,,,,,
09_018_182,594,,,,,,
09_018_183,1243,,,,,,
09_018_184,1114,,,,,,
09_018_185,947,,,,,,
09_018_186,1390,,,,,,
09_018_187,970,,,,,,
09_018_191,777,,,,,,
09_018_192,728,,,,,,
09_018_193,960,,,,,,
09_018_194,1316,,,,,,
09_018_195,719,,,,,,
09_018_196,1286,,,,,,
09_018_201,980,,,,,,
09_018_202,1322,,,,,,
09_018_203,1207,,,,,,
09_018_204,1150,,,,,,
09_018_205,1053,,,,,,
09_018_206,1117,,,,,,
09_018_211,601,,,,,,
09_018_212,715,,,,,,
09_018_213,392,,,,,,
09_018_214,1288,,,,,,
09_018_215,852,,,,,,
09_018_216,1327,,,,,,
09_018_217,1325,,,,,,
09_018_221,1094,,,,,,
09_018_222,1091,,,,,,
09_018_223,1186,,,,,,
09_018_224,924,,,,,,
09_018_225,929,,,,,,
09_018_226,399,,,,,,
09_018_231,1290,,,,,,
09_018_232,1431,,,,,,
09_018_233,1406,,,,,,
09_018_234,1412,,,,,,
09_018_235,1131,,,,,,
09_019_001,958,,,,,,
09_019_002,907,,,,,,
09_019_003,857,,,,,,
09_019_004,929,,,,,,
09_019_005,861,,,,,,
09_019_006,928,,,,,,
09_019_007,802,,,,,,
09_019_008,390,,,,,,
09_020_001,996,,,,,,
09_020_002,917,,,,,,
09_020_003,1055,,,,,,
09_020_004,874,,,,,,
09_021_001,656,,,,,,
09_021_002,587,,,,,,
09_021_003,734,,,,,,
09_021_004,660,,,,,,
09_021_005,746,,,,,,
09_021_006,422,,,,,,
09_021_007,140,,,,,,
09_022_001,1064,,,,,,
09_023_001,233,,,,,,
09_024_001,789,,,,,,
09_024_002,830,,,,,,
09_024_003,728,,,,,,
09_024_004,776,,,,,,
09_025_001,928,,,,,,
09_026_001,430,,,,,,
09_026_002,359,,,,,,
09_026_003,395,,,,,,
09_026_004,142,,,,,,
09_027_001,663,,,,,,
09_028_001,906,,,,,,
09_028_002,972,,,,,,
09_028_003,36,,,,,,
09_029_001,834,,,,,,
09_029_002,800,,,,,,
09_030_001,922,,,,,,
09_030_002,871,,,,,,
09_030_003,640,,,,,,
09_030_004,1109,,,,,,
09_030_005,1026,,,,,,
09_030_006,1084,,,,,,
09_030_007,933,,,,,,
09_030_008,169,,,,,,
09_030_009,1165,,,,,,
09_030_010,1124,,,,,,
09_030_011,759,,,,,,
09_030_012,1067,,,,,,
09_030_013,679,,,,,,
09_030_014,681,,,,,,
09_030_015,729,,,,,,
09_030_016,668,,,,,,
09_030_017,937,,,,,,
09_030_018,934,,,,,,
09_030_019,971,,,,,,
09_030_020,803,,,,,,
09_030_021,845,,,,,,
09_030_022,942,,,,,,
09_030_023,1073,,,,,,
09_030_024,1101,,,,,,
09_030_025,1109,,,,,,
09_030_026,743,,,,,,
09_030_027,760,,,,,,
09_031_001,810,,,,,,
09_031_002,958,,,,,,
09_031_003,936,,,,,,
09_031_004,1014,,,,,,
09_031_005,910,,,,,,
09_031_006,794,,,,,,
09_031_007,735,,,,,,
09_031_008,645,,,,,,
09_032_001,1220,,,,,,
09_032_002,1080,,,,,,
09_032_003,1217,,,,,,
09_032_004,1201,,,,,,
09_032_005,1086,,,,,,
09_032_006,1226,,,,,,
09_032_007,1248,,,,,,
09_032_008,1237,,,,,,
09_032_009,108,,,,,,
09_033_001,841,,,,,,
09_033_002,650,,,,,,
09_033_003,800,,,,,,
09_033_004,861,,,,,,
09_033_005,857,,,,,,
09_033_006,855,,,,,,
09_033_007,866,,,,,,
09_033_008,829,,,,,,
09_033_009,750,,,,,,
09_033_010,809,,,,,,
09_033_011,782,,,,,,
09_033_012,818,,,,,,
09_033_013,795,,,,,,
09_033_014,785,,,,,,
09_033_015,695,,,,,,
09_033_016,689,,,,,,
09_033_017,326,,,,,,
09_034_001,1464,,,,,,
09_034_002,1485,,,,,,
09_034_003,1296,,,,,,
09_034_004,1225,,,,,,
09_034_005,1326,,,,,,
09_034_006,535,,,,,,
09_034_007,1084,,,,,,
09_034_008,1614,,,,,,
09_034_009,1538,,,,,,
09_035_001,1099,,,,,,
09_035_002,1073,,,,,,
09_035_003,896,,,,,,
09_035_004,793,,,,,,
09_035_005,687,,,,,,
09_035_006,936,,,,,,
09_035_007,724,,,,,,
09_035_008,1210,,,,,,
09_035_009,785,,,,,,
09_035_010,896,,,,,,
09_035_011,869,,,,,,
09_035_012,698,,,,,,
09_035_013,973,,,,,,
09_035_014,920,,,,,,
09_035_015,1061,,,,,,
09_035_016,1219,,,,,,
09_035_017,1004,,,,,,
09_035_018,1233,,,,,,
09_035_019,1234,,,,,,
09_035_020,1431,,,,,,
09_036_001,730,,,,,,
09_036_002,757,,,,,,
09_036_003,824,,,,,,
09_037_001,868,,,,,,
09_038_001,1121,,,,,,
09_039_001,1108,,,,,,
09_039_002,1191,,,,,,
09_039_003,1049,,,,,,
09_039_004,1109,,,,,,
09_040_001,905,,,,,,
09_040_002,900,,,,,,
09_040_003,918,,,,,,
09_040_004,901,,,,,,
09_040_005,914,,,,,,
09_041_001,978,,,,,,
09_042_001,491,,,,,,
09_043_001,566,,,,,,
09_043_002,572,,,,,,
09_043_003,578,,,,,,
09_043_004,592,,,,,,
09_043_005,553,,,,,,
09_043_006,600,,,,,,
09_043_007,438,,,,,,
09_043_008,66,,,,,,
09_044_001,719,,,,,,
09_044_002,899,,,,,,
09_045_001,567,,,,,,
09_046_001,697,,,,,,
09_046_002,75,,,,,,
09_047_001,1018,,,,,,
09_047_002,864,,,,,,
09_047_003,1155,,,,,,
09_047_004,1069,,,,,,
09_047_005,762,,,,,,
09_047_006,790,,,,,,
09_048_001,650,,,,,,
09_049_001,545,,,,,,
09_050_001,496,,,,,,
09_051_001,847,,,,,,
09_051_002,811,,,,,,
09_051_003,811,,,,,,
09_051_004,808,,,,,,
09_051_005,831,,,,,,
09_052_001,824,,,,,,
09_052_002,955,,,,,,
09_053_001,1225,,,,,,
09_053_002,1085,,,,,,
09_054_001,1041,,,,,,
09_055_001,823,,,,,,
09_055_002,823,,,,,,
09_056_001,1351,,,,,,
09_056_002,1289,,,,,,
09_056_003,1308,,,,,,
09_056_004,1351,,,,,,
09_056_005,1400,,,,,,
09_057_001,423,,,,,,
09_057_002,795,,,,,,
09_057_003,593,,,,,,
09_057_004,934,,,,,,
09_057_005,80,,,,,,
09_057_006,173,,,,,,
09_058_001,745,,,,,,
09_058_002,735,,,,,,
09_058_003,861,,,,,,
09_058_004,662,,,,,,
09_058_005,805,,,,,,
09_058_006,845,,,,,,
09_058_007,735,,,,,,
09_058_008,399,,,,,,
09_059_001,815,,,,,,
09_059_002,808,,,,,,
09_059_003,576,,,,,,
09_059_004,763,,,,,,
09_059_005,71,,,,,,
09_060_001,772,,,,,,
09_060_002,784,,,,,,
09_061_001,868,,,,,,
09_061_002,1082,,,,,,
09_062_001,1358,,,,,,
09_062_002,1288,,,,,,
09_062_003,1210,,,,,,
09_062_004,1220,,,,,,
09_062_005,1192,,,,,,
09_063_001,609,,,,,,
09_063_002,577,,,,,,
09_063_003,623,,,,,,
09_063_004,728,,,,,,
09_063_005,680,,,,,,
09_063_006,634,,,,,,
09_063_007,722,,,,,,
09_063_008,718,,,,,,
09_063_009,789,,,,,,
09_063_010,645,,,,,,
09_063_011,667,,,,,,
09_063_012,694,,,,,,
09_063_013,695,,,,,,
09_063_014,588,,,,,,
09_063_015,713,,,,,,
09_063_016,788,,,,,,
09_064_001,660,,,,,,
09_065_001,878,,,,,,
09_065_002,969,,,,,,
09_066_001,779,,,,,,
09_066_002,720,,,,,,
09_066_003,775,,,,,,
09_067_001,852,,,,,,
09_068_001,961,,,,,,
09_069_001,477,,,,,,
09_069_002,554,,,,,,
09_070_001,1262,,,,,,
09_070_002,1278,,,,,,
09_070_003,1267,,,,,,
09_070_004,1323,,,,,,
09_071_001,775,,,,,,
09_072_001,656,,,,,,
09_072_002,732,,,,,,
09_072_003,731,,,,,,
09_072_004,687,,,,,,
09_072_005,709,,,,,,
09_072_006,68,,,,,,
09_073_001,548,,,,,,
09_074_001,241,,,,,,
09_075_001,372,,,,,,
09_076_001,836,,,,,,
09_077_001,1102,,,,,,
09_078_001,663,,,,,,
09_079_001,1076,,,,,,
09_079_002,827,,,,,,
09_079_003,842,,,,,,
09_079_004,712,,,,,,
09_079_005,811,,,,,,
09_080_001,929,,,,,,
09_081_001,87,,,,,,
09_082_001,1170,,,,,,
10_001_001,1049,,,,,,
10_001_002,1001,,,,,,
10_002_001,696,,,,,,
10_002_002,746,,,,,,
10_002_003,664,,,,,,
10_003_001,587,,,,,,
10_004_001,1045,,,,,,
10_004_002,1067,,,,,,
10_005_001,771,,,,,,
10_005_002,602,,,,,,
10_005_003,618,,,,,,
10_006_001,885,,,,,,
10_006_002,595,,,,,,
10_007_001,1017,,,,,,
10_008_001,791,,,,,,
10_009_001,319,,,,,,
10_010_001,504,,,,,,
10_011_001,711,,,,,,
10_011_002,614,,,,,,
10_011_003,714,,,,,,
10_012_001,731,,,,,,
10_012_002,799,,,,,,
10_012_003,636,,,,,,
10_013_001,1056,,,,,,
10_014_001,562,,,,,,
10_015_001,845,,,,,,
10_015_002,793,,,,,,
10_015_003,742,,,,,,
10_016_001,796,,,,,,
10_017_001,218,,,,,,
10_018_001,569,,,,,,
10_019_001,594,,,,,,
10_019_002,553,,,,,,
10_019_003,602,,,,,,
10_020_001,536,,,,,,
10_021_001,955,,,,,,
10_022_001,726,,,,,,
10_022_002,859,,,,,,
10_023_001,729,,,,,,
10_024_001,920,,,,,,
10_024_002,856,,,,,,
10_024_003,825,,,,,,
10_025_001,867,,,,,,
10_025_002,946,,,,,,
10_025_003,923,,,,,,
10_025_004,916,,,,,,
10_025_005,1135,,,,,,
10_025_006,1019,,,,,,
10_025_007,923,,,,,,
10_025_008,1099,,,,,,
10_025_009,1046,,,,,,
10_025_010,1030,,,,,,
10_025_011,816,,,,,,
10_025_012,695,,,,,,
10_025_013,847,,,,,,
10_025_014,988,,,,,,
10_025_015,1044,,,,,,
10_025_016,1088,,,,,,
10_025_017,1010,,,,,,
10_025_018,766,,,,,,
10_025_019,657,,,,,,
10_025_020,1016,,,,,,
10_025_021,695,,,,,,
10_025_022,1062,,,,,,
10_025_023,704,,,,,,
10_025_024,1110,,,,,,
10_025_025,1143,,,,,,
10_025_026,898,,,,,,
10_025_027,925,,,,,,
10_025_028,1040,,,,,,
10_025_029,1071,,,,,,
10_025_030,1201,,,,,,
10_025_031,1004,,,,,,
10_025_032,1091,,,,,,
10_025_033,1051,,,,,,
10_025_034,1180,,,,,,
10_025_035,1003,,,,,,
10_025_036,1081,,,,,,
10_025_037,1239,,,,,,
10_025_038,1059,,,,,,
10_025_039,944,,,,,,
10_025_040,976,,,,,,
10_025_041,797,,,,,,
10_025_100,121,,,,,,
10_026_001,1176,,,,,,
10_027_001,432,,,,,,
10_028_001,212,,,,,,
10_028_002,416,,,,,,
10_028_003,401,,,,,,
10_029_001,539,,,,,,
10_030_001,858,,,,,,
10_030_002,731,,,,,,
10_031_001,845,,,,,,
10_032_001,479,,,,,,
10_033_001,777,,,,,,
10_033_002,880,,,,,,
10_033_003,899,,,,,,
10_034_001,647,,,,,,
10_035_001,234,,,,,,
10_036_001,825,,,,,,
10_037_001,1034,,,,,,
10_037_002,922,,,,,,
10_037_003,837,,,,,,
10_038_001,1014,,,,,,
10_038_002,931,,,,,,
10_038_003,899,,,,,,
10_038_004,996,,,,,,
10_038_005,906,,,,,,
10_038_006,1023,,,,,,
10_039_001,648,,,,,,
10_039_002,995,,,,,,
10_039_003,662,,,,,,
10_039_004,799,,,,,,
10_039_005,943,,,,,,
10_039_006,739,,,,,,
10_039_007,814,,,,,,
10_039_008,636,,,,,,
10_039_009,974,,,,,,
10_039_010,706,,,,,,
10_039_011,957,,,,,,
10_039_012,638,,,,,,
10_039_013,659,,,,,,
10_039_014,621,,,,,,
10_039_015,606,,,,,,
10_039_016,711,,,,,,
10_039_017,680,,,,,,
10_039_018,599,,,,,,
10_039_019,796,,,,,,
10_039_020,762,,,,,,
10_039_021,695,,,,,,
10_039_022,755,,,,,,
10_039_023,745,,,,,,
10_039_024,609,,,,,,
10_039_025,698,,,,,,
10_039_026,601,,,,,,
10_039_027,758,,,,,,
10_039_028,583,,,,,,
10_039_029,614,,,,,,
10_039_030,605,,,,,,
10_040_001,1118,,,,,,
10_040_002,1040,,,,,,
10_041_001,1058,,,,,,
10_042_001,889,,,,,,
10_042_002,1011,,,,,,
10_043_001,717,,,,,,
10_043_002,811,,,,,,
10_043_003,840,,,,,,
10_044_001,881,,,,,,
10_044_002,1004,,,,,,
10_045_001,301,,,,,,
10_045_002,618,,,,,,
10_046_001,749,,,,,,
10_046_002,1067,,,,,,
10_046_003,1183,,,,,,
10_046_004,969,,,,,,
10_046_005,802,,,,,,
10_046_006,806,,,,,,
10_046_007,970,,,,,,
10_046_008,945,,,,,,
10_046_009,847,,,,,,
10_046_010,778,,,,,,
10_046_011,1096,,,,,,
10_046_012,1262,,,,,,
10_046_013,637,,,,,,
10_046_014,1089,,,,,,
10_046_015,1247,,,,,,
10_046_016,600,,,,,,
10_046_017,1011,,,,,,
10_047_001,763,,,,,,
10_047_002,723,,,,,,
10_048_001,1045,,,,,,
10_048_002,915,,,,,,
10_048_003,1045,,,,,,
10_048_004,203,,,,,,
10_048_005,1028,,,,,,
10_048_006,928,,,,,,
10_048_007,1005,,,,,,
10_048_008,1012,,,,,,
10_048_009,590,,,,,,
10_049_001,431,,,,,,
10_050_001,515,,,,,,
10_051_001,766,,,,,,
10_051_002,734,,,,,,
10_051_003,794,,,,,,
10_051_004,733,,,,,,
10_052_001,1016,,,,,,
10_052_002,133,,,,,,
10_053_001,280,,,,,,
10_054_001,810,,,,,,
10_054_002,773,,,,,,
10_054_003,755,,,,,,
10_055_001,750,,,,,,
10_055_002,824,,,,,,
10_055_003,699,,,,,,
10_055_004,432,,,,,,
10_056_001,650,,,,,,
10_056_002,491,,,,,,
10_057_001,837,,,,,,
10_057_002,770,,,,,,
10_058_001,112,,,,,,
10_059_001,765,,,,,,
10_059_002,573,,,,,,
10_059_003,715,,,,,,
10_060_001,803,,,,,,
10_061_001,696,,,,,,
10_061_002,785,,,,,,
10_062_001,679,,,,,,
10_062_002,680,,,,,,
10_063_001,635,,,,,,
10_063_002,827,,,,,,
10_063_003,851,,,,,,
10_063_004,786,,,,,,
10_063_005,721,,,,,,
10_063_006,615,,,,,,
10_064_001,599,,,,,,
10_065_001,652,,,,,,
10_065_002,657,,,,,,
10_065_003,699,,,,,,
10_066_001,697,,,,,,
10_066_002,782,,,,,,
10_067_001,586,,,,,,
10_068_001,686,,,,,,
10_068_002,724,,,,,,
10_069_001,364,,,,,,
10_070_001,849,,,,,,
10_071_001,1199,,,,,,
10_072_001,545,,,,,,
10_073_001,295,,,,,,
10_074_001,1310,,,,,,
10_075_001,457,,,,,,
10_076_001,986,,,,,,
10_076_002,929,,,,,,
10_076_003,723,,,,,,
10_077_001,714,,,,,,
10_078_001,545,,,,,,
10_079_001,737,,,,,,
10_080_001,753,,,,,,
10_080_002,773,,,,,,
10_081_001,510,,,,,,
10_081_002,646,,,,,,
10_082_001,740,,,,,,
10_082_002,734,,,,,,
10_082_003,910,,,,,,
10_083_001,585,,,,,,
10_083_002,478,,,,,,
10_083_003,273,,,,,,
10_083_004,154,,,,,,
10_084_001,334,,,,,,
10_085_001,1038,,,,,,
10_085_002,989,,,,,,
10_086_001,1006,,,,,,
10_087_001,586,,,,,,
10_087_002,559,,,,,,
10_087_003,568,,,,,,
10_088_001,648,,,,,,
10_088_002,776,,,,,,
10_088_003,707,,,,,,
10_089_001,754,,,,,,
10_089_002,748,,,,,,
10_089_003,638,,,,,,
10_090_001,835,,,,,,
10_090_002,763,,,,,,
10_091_001,824,,,,,,
10_092_001,665,,,,,,
10_092_002,584,,,,,,
10_092_003,172,,,,,,
10_093_001,174,,,,,,
10_093_002,309,,,,,,
10_094_001,364,,,,,,
10_095_001,828,,,,,,
10_095_002,830,,,,,,
10_096_001,546,,,,,,
10_096_002,690,,,,,,
10_097_001,186,,,,,,
10_097_002,93,,,,,,
10_098_001,722,,,,,,
10_098_002,533,,,,,,
10_099_001,457,,,,,,
10_100_001,524,,,,,,
10_100_002,639,,,,,,
10_101_001,654,,,,,,
10_101_002,639,,,,,,
10_102_001,1247,,,,,,
10_103_001,187,,,,,,
10_104_001,591,,,,,,
10_105_001,862,,,,,,
10_106_001,933,,,,,,
10_107_001,134,,,,,,
10_108_001,900,,,,,,
10_108_002,855,,,,,,
10_109_001,440,,,,,,
10_110_001,178,,,,,,
10_111_001,784,,,,,,
10_111_002,812,,,,,,
10_112_001,396,,,,,,
10_113_001,618,,,,,,
10_113_002,810,,,,,,
10_113_003,652,,,,,,
10_113_004,864,,,,,,
10_114_001,481,,,,,,
10_115_001,1001,,,,,,
10_116_001,892,,,,,,
10_117_001,886,,,,,,
10_117_002,614,,,,,,
10_118_001,374,,,,,,
10_119_001,313,,,,,,
10_120_001,514,,,,,,
10_121_001,782,,,,,,
11_001_001,626,,,,,,
11_001_002,581,,,,,,
11_001_003,664,,,,,,
11_001_004,720,,,,,,
11_001_005,612,,,,,,
11_002_001,651,,,,,,
11_002_002,966,,,,,,
11_003_001,1106,,,,,,
11_004_001,1024,,,,,,
11_004_002,813,,,,,,
11_004_003,836,,,,,,
11_005_001,974,,,,,,
11_005_002,998,,,,,,
11_005_003,839,,,,,,
11_005_004,185,,,,,,
11_006_001,252,,,,,,
11_007_001,1083,,,,,,
11_007_002,660,,,,,,
11_007_003,299,,,,,,
11_008_001,544,,,,,,
11_008_002,735,,,,,,
11_009_001,1079,,,,,,
11_009_002,1076,,,,,,
11_009_003,1059,,,,,,
11_009_004,1067,,,,,,
11_009_005,729,,,,,,
11_010_001,141,,,,,,
11_011_001,921,,,,,,
11_011_002,1053,,,,,,
11_012_001,667,,,,,,
11_012_002,677,,,,,,
11_012_003,730,,,,,,
11_012_004,678,,,,,,
11_013_001,920,,,,,,
11_013_002,874,,,,,,
11_013_003,934,,,,,,
11_013_004,953,,,,,,
11_013_005,798,,,,,,
11_013_006,948,,,,,,
11_013_007,935,,,,,,
11_014_001,575,,,,,,
11_015_001,1020,,,,,,
11_015_002,1209,,,,,,
11_015_003,1305,,,,,,
11_015_004,1150,,,,,,
11_015_005,1312,,,,,,
11_016_001,837,,,,,,
11_016_002,949,,,,,,
11_016_003,1074,,,,,,
11_016_004,1213,,,,,,
11_016_005,928,,,,,,
11_016_006,933,,,,,,
11_016_007,1037,,,,,,
11_016_008,1013,,,,,,
11_016_009,955,,,,,,
11_016_010,909,,,,,,
11_016_011,992,,,,,,
11_016_012,1054,,,,,,
11_016_013,1064,,,,,,
11_016_014,959,,,,,,
11_016_015,1309,,,,,,
11_016_016,957,,,,,,
11_016_017,901,,,,,,
11_016_018,883,,,,,,
11_016_019,728,,,,,,
11_016_020,676,,,,,,
11_016_021,735,,,,,,
11_017_001,718,,,,,,
11_017_002,700,,,,,,
11_018_001,879,,,,,,
11_018_002,858,,,,,,
11_019_001,754,,,,,,
11_019_002,658,,,,,,
11_020_001,889,,,,,,
11_020_002,949,,,,,,
11_020_003,965,,,,,,
11_020_004,942,,,,,,
11_020_005,894,,,,,,
11_021_001,299,,,,,,
11_022_001,774,,,,,,
11_022_002,815,,,,,,
11_022_003,709,,,,,,
11_023_001,791,,,,,,
11_023_002,781,,,,,,
11_023_003,832,,,,,,
11_023_004,709,,,,,,
11_023_005,787,,,,,,
11_024_001,713,,,,,,
11_024_002,770,,,,,,
11_024_003,617,,,,,,
11_024_004,590,,,,,,
11_024_005,703,,,,,,
11_024_006,687,,,,,,
11_025_001,966,,,,,,
11_025_002,1076,,,,,,
11_026_001,591,,,,,,
11_026_002,591,,,,,,
11_027_001,880,,,,,,
11_027_002,716,,,,,,
11_027_003,918,,,,,,
11_027_004,926,,,,,,
11_027_005,837,,,,,,
11_027_006,975,,,,,,
11_027_007,820,,,,,,
11_027_008,804,,,,,,
11_027_009,882,,,,,,
11_027_010,1010,,,,,,
11_027_011,987,,,,,,
11_027_012,1043,,,,,,
11_027_013,1041,,,,,,
11_027_014,952,,,,,,
11_027_015,1011,,,,,,
11_027_016,990,,,,,,
11_028_001,766,,,,,,
11_028_002,755,,,,,,
11_028_003,711,,,,,,
11_028_004,742,,,,,,
11_028_005,368,,,,,,
11_029_001,672,,,,,,
11_029_002,591,,,,,,
11_029_003,635,,,,,,
11_029_004,612,,,,,,
11_029_005,212,,,,,,
11_030_001,515,,,,,,
11_031_001,1047,,,,,,
11_031_002,1050,,,,,,
11_031_003,1169,,,,,,
11_031_004,960,,,,,,
11_031_005,1040,,,,,,
11_031_006,962,,,,,,
11_031_007,1003,,,,,,
11_031_008,1047,,,,,,
11_032_001,602,,,,,,
11_032_002,570,,,,,,
11_033_001,460,,,,,,
11_034_001,805,,,,,,
11_034_002,647,,,,,,
11_034_003,646,,,,,,
11_034_004,969,,,,,,
11_034_005,839,,,,,,
11_034_006,835,,,,,,
11_034_007,966,,,,,,
11_035_001,523,,,,,,
11_035_002,541,,,,,,
11_035_003,556,,,,,,
11_035_004,571,,,,,,
11_035_005,521,,,,,,
11_035_006,544,,,,,,
11_035_007,573,,,,,,
11_036_001,519,,,,,,
11_036_002,666,,,,,,
11_036_003,618,,,,,,
11_036_004,602,,,,,,
11_036_005,626,,,,,,
11_036_006,741,,,,,,
11_036_007,744,,,,,,
11_036_008,896,,,,,,
11_036_009,223,,,,,,
11_036_010,520,,,,,,
11_037_001,638,,,,,,
11_037_002,951,,,,,,
11_037_003,844,,,,,,
11_037_004,805,,,,,,
11_037_005,680,,,,,,
11_037_006,954,,,,,,
11_038_001,563,,,,,,
11_039_001,254,,,,,,
11_040_001,726,,,,,,
11_040_002,834,,,,,,
11_040_003,835,,,,,,
11_040_004,866,,,,,,
11_040_005,876,,,,,,
11_040_006,861,,,,,,
11_040_007,799,,,,,,
11_040_008,773,,,,,,
11_040_009,810,,,,,,
11_040_010,770,,,,,,
11_040_011,855,,,,,,
11_040_012,771,,,,,,
11_040_013,747,,,,,,
11_040_014,745,,,,,,
11_040_015,764,,,,,,
11_040_016,748,,,,,,
11_041_001,815,,,,,,
11_042_001,602,,,,,,
11_042_002,657,,,,,,
11_043_001,529,,,,,,
11_044_001,564,,,,,,
11_044_002,582,,,,,,
11_044_003,631,,,,,,
11_044_004,590,,,,,,
11_045_001,392,,,,,,
11_045_002,404,,,,,,
11_046_001,1261,,,,,,
11_047_001,947,,,,,,
11_047_002,836,,,,,,
11_047_003,821,,,,,,
11_047_004,851,,,,,,
11_047_005,882,,,,,,
11_048_001,812,,,,,,
11_048_002,720,,,,,,
11_049_001,801,,,,,,
11_049_002,637,,,,,,
11_049_003,722,,,,,,
11_049_004,945,,,,,,
11_050_001,790,,,,,,
11_051_001,612,,,,,,
11_051_002,203,,,,,,
11_052_001,741,,,,,,
11_052_002,733,,,,,,
11_052_003,1007,,,,,,
11_052_004,735,,,,,,
11_052_005,780,,,,,,
11_052_006,879,,,,,,
11_052_007,740,,,,,,
11_052_008,640,,,,,,
11_052_009,658,,,,,,
11_052_010,597,,,,,,
11_052_011,618,,,,,,
11_052_012,912,,,,,,
11_052_013,705,,,,,,
11_052_014,639,,,,,,
11_052_015,936,,,,,,
11_052_016,916,,,,,,
11_052_017,653,,,,,,
11_052_018,542,,,,,,
11_052_019,745,,,,,,
11_052_020,716,,,,,,
11_052_021,663,,,,,,
11_052_022,503,,,,,,
11_052_023,631,,,,,,
11_052_024,665,,,,,,
11_052_025,656,,,,,,
11_052_026,709,,,,,,
11_052_027,606,,,,,,
11_052_028,679,,,,,,
11_052_029,559,,,,,,
11_052_030,978,,,,,,
11_052_031,623,,,,,,
11_052_032,534,,,,,,
11_052_033,724,,,,,,
11_052_034,648,,,,,,
11_052_035,663,,,,,,
11_052_036,701,,,,,,
11_052_037,679,,,,,,
11_052_038,773,,,,,,
11_052_039,644,,,,,,
11_052_040,722,,,,,,
11_052_041,783,,,,,,
11_052_042,657,,,,,,
11_052_043,783,,,,,,
11_052_044,1123,,,,,,
11_052_045,708,,,,,,
11_052_046,783,,,,,,
11_052_047,773,,,,,,
11_052_048,758,,,,,,
11_052_049,660,,,,,,
11_052_050,776,,,,,,
11_052_051,1129,,,,,,
11_052_052,678,,,,,,
11_052_053,702,,,,,,
11_052_054,926,,,,,,
11_052_055,750,,,,,,
11_052_056,982,,,,,,
11_052_057,786,,,,,,
11_052_058,742,,,,,,
11_052_059,913,,,,,,
11_052_060,964,,,,,,
11_052_061,688,,,,,,
11_052_062,836,,,,,,
11_052_063,965,,,,,,
11_052_064,918,,,,,,
11_052_065,813,,,,,,
11_052_066,795,,,,,,
11_052_067,872,,,,,,
11_052_068,818,,,,,,
11_052_069,945,,,,,,
11_052_070,959,,,,,,
11_053_001,633,,,,,,
11_053_002,730,,,,,,
11_054_001,1021,,,,,,
11_054_002,945,,,,,,
11_055_001,827,,,,,,
11_056_001,1013,,,,,,
11_056_002,1034,,,,,,
11_056_003,1031,,,,,,
11_056_004,1028,,,,,,
11_056_005,1101,,,,,,
11_056_006,1094,,,,,,
11_056_007,973,,,,,,
11_056_008,998,,,,,,
11_057_001,546,,,,,,
11_057_002,1046,,,,,,
11_057_003,1160,,,,,,
11_057_004,1125,,,,,,
11_057_005,1119,,,,,,
11_057_006,1078,,,,,,
11_057_007,960,,,,,,
11_057_008,1040,,,,,,
11_057_009,100,,,,,,
11_057_010,401,,,,,,
11_058_001,772,,,,,,
11_059_001,526,,,,,,
11_060_001,316,,,,,,
11_061_001,817,,,,,,
11_061_002,395,,,,,,
11_062_001,902,,,,,,
11_062_002,143,,,,,,
11_063_001,1019,,,,,,
11_064_001,763,,,,,,
11_064_002,841,,,,,,
11_065_001,647,,,,,,
11_065_002,701,,,,,,
11_066_001,821,,,,,,
11_067_001,566,,,,,,
11_067_002,546,,,,,,
11_068_001,645,,,,,,
11_068_002,655,,,,,,
11_068_003,184,,,,,,
11_069_001,686,,,,,,
11_069_002,596,,,,,,
11_070_001,1047,,,,,,
11_070_002,218,,,,,,
11_071_001,519,,,,,,
11_072_001,890,,,,,,
11_072_002,1056,,,,,,
11_072_003,846,,,,,,
11_072_004,814,,,,,,
11_073_001,961,,,,,,
11_073_002,899,,,,,,
11_073_003,1091,,,,,,
11_073_004,1016,,,,,,
11_073_005,1106,,,,,,
11_073_006,1123,,,,,,
11_073_007,648,,,,,,
11_073_008,687,,,,,,
11_073_009,635,,,,,,
11_073_010,758,,,,,,
11_073_011,974,,,,,,
11_073_012,682,,,,,,
11_073_013,521,,,,,,
11_073_014,734,,,,,,
11_073_015,1033,,,,,,
11_073_016,976,,,,,,
11_073_017,1006,,,,,,
11_073_018,1010,,,,,,
11_074_001,635,,,,,,
11_074_002,731,,,,,,
11_074_003,617,,,,,,
11_074_004,624,,,,,,
11_074_005,651,,,,,,
11_074_006,623,,,,,,
11_074_007,678,,,,,,
11_074_008,694,,,,,,
11_074_009,660,,,,,,
11_074_010,678,,,,,,
11_075_001,919,,,,,,
11_075_002,784,,,,,,
11_075_003,720,,,,,,
11_075_004,776,,,,,,
11_075_005,811,,,,,,
11_075_006,827,,,,,,
11_076_001,497,,,,,,
11_077_001,568,,,,,,
11_077_002,620,,,,,,
11_077_003,631,,,,,,
11_077_004,585,,,,,,
11_077_005,436,,,,,,
11_078_001,1135,,,,,,
12_001_001,213,,,,,,
12_002_001,563,,,,,,
12_002_002,520,,,,,,
12_002_003,551,,,,,,
12_003_001,732,,,,,,
12_004_001,755,,,,,,
12_004_002,701,,,,,,
12_004_003,733,,,,,,
12_004_004,647,,,,,,
12_004_005,630,,,,,,
12_004_006,687,,,,,,
12_004_007,727,,,,,,
12_004_008,702,,,,,,
12_005_001,562,,,,,,
12_006_001,692,,,,,,
12_006_002,670,,,,,,
12_006_003,1003,,,,,,
12_007_001,792,,,,,,
12_007_002,757,,,,,,
12_008_001,1262,,,,,,
12_009_001,335,,,,,,
12_010_001,783,,,,,,
12_011_001,568,,,,,,
12_011_002,552,,,,,,
12_012_001,642,,,,,,
12_012_002,601,,,,,,
12_013_001,748,,,,,,
12_013_002,624,,,,,,
12_013_003,645,,,,,,
12_013_004,721,,,,,,
12_014_001,601,,,,,,
12_015_001,887,,,,,,
12_015_002,870,,,,,,
12_016_001,194,,,,,,
12_017_001,629,,,,,,
12_017_002,853,,,,,,
12_018_001,330,,,,,,
12_019_001,285,,,,,,
12_020_001,990,,,,,,
12_020_002,772,,,,,,
12_020_003,828,,,,,,
12_021_001,805,,,,,,
12_022_001,762,,,,,,
12_023_001,982,,,,,,
12_023_002,1074,,,,,,
12_023_003,1126,,,,,,
12_023_004,675,,,,,,
12_023_005,636,,,,,,
12_023_006,628,,,,,,
12_023_007,683,,,,,,
12_023_008,1172,,,,,,
12_023_009,886,,,,,,
12_023_010,1149,,,,,,
12_024_001,967,,,,,,
12_025_001,746,,,,,,
12_025_002,685,,,,,,
12_026_001,447,,,,,,
12_027_001,506,,,,,,
12_028_001,742,,,,,,
12_028_002,807,,,,,,
12_028_003,776,,,,,,
12_028_004,1313,,,,,,
12_028_005,1147,,,,,,
12_028_006,952,,,,,,
12_028_007,948,,,,,,
12_028_008,606,,,,,,
12_028_009,629,,,,,,
12_028_010,604,,,,,,
12_028_011,669,,,,,,
12_028_012,1004,,,,,,
12_028_013,671,,,,,,
12_028_014,843,,,,,,
12_028_015,863,,,,,,
12_028_016,647,,,,,,
12_028_017,1030,,,,,,
12_028_018,1094,,,,,,
12_028_019,747,,,,,,
12_028_020,1029,,,,,,
12_028_021,248,,,,,,
12_028_022,667,,,,,,
12_028_023,973,,,,,,
12_028_024,720,,,,,,
12_028_025,844,,,,,,
12_028_026,873,,,,,,
12_028_027,730,,,,,,
12_029_001,477,,,,,,
12_030_001,1256,,,,,,
12_031_001,914,,,,,,
12_032_001,919,,,,,,
12_032_002,742,,,,,,
12_033_001,522,,,,,,
12_034_001,714,,,,,,
12_034_002,737,,,,,,
12_034_003,783,,,,,,
12_035_001,896,,,,,,
12_035_002,787,,,,,,
12_035_003,756,,,,,,
12_035_004,759,,,,,,
12_035_005,770,,,,,,
12_035_006,359,,,,,,
12_036_001,393,,,,,,
12_037_001,1039,,,,,,
12_037_002,1091,,,,,,
12_038_001,415,,,,,,
12_038_002,967,,,,,,
12_038_003,602,,,,,,
12_038_004,930,,,,,,
12_038_005,1023,,,,,,
12_038_006,840,,,,,,
12_038_007,780,,,,,,
12_038_008,990,,,,,,
12_038_009,695,,,,,,
12_038_010,1396,,,,,,
12_038_011,493,,,,,,
12_038_012,759,,,,,,
12_038_013,757,,,,,,
12_038_014,801,,,,,,
12_038_015,1169,,,,,,
12_038_016,1203,,,,,,
12_038_017,848,,,,,,
12_039_001,857,,,,,,
12_040_001,935,,,,,,
12_040_002,913,,,,,,
12_040_003,925,,,,,,
12_040_004,1091,,,,,,
12_041_001,687,,,,,,
12_041_002,800,,,,,,
12_041_003,699,,,,,,
12_041_004,964,,,,,,
12_041_005,794,,,,,,
12_042_001,721,,,,,,
12_042_002,750,,,,,,
12_043_001,548,,,,,,
12_044_001,866,,,,,,
12_044_002,854,,,,,,
12_045_001,707,,,,,,
12_046_001,643,,,,,,
12_046_002,679,,,,,,
12_046_003,832,,,,,,
12_046_004,106,,,,,,
12_047_001,1234,,,,,,
12_048_001,1086,,,,,,
12_048_002,862,,,,,,
12_049_001,582,,,,,,
12_049_002,505,,,,,,
12_050_001,750,,,,,,
12_050_002,896,,,,,,
12_050_003,1020,,,,,,
12_050_004,959,,,,,,
12_050_005,857,,,,,,
12_050_006,668,,,,,,
12_050_007,650,,,,,,
12_051_001,955,,,,,,
12_051_002,833,,,,,,
12_051_003,937,,,,,,
12_051_004,1057,,,,,,
12_051_005,846,,,,,,
12_051_006,687,,,,,,
12_051_007,864,,,,,,
12_051_008,825,,,,,,
12_051_009,757,,,,,,
12_051_010,757,,,,,,
12_051_011,822,,,,,,
12_051_012,709,,,,,,
12_051_013,851,,,,,,
12_051_014,891,,,,,,
12_051_015,907,,,,,,
12_051_016,1069,,,,,,
12_052_001,1076,,,,,,
12_052_002,1016,,,,,,
12_053_001,881,,,,,,
12_053_002,843,,,,,,
12_054_001,1034,,,,,,
12_055_001,744,,,,,,
12_055_002,763,,,,,,
12_055_003,782,,,,,,
12_056_001,501,,,,,,
12_056_002,490,,,,,,
12_057_001,763,,,,,,
12_057_002,857,,,,,,
12_058_001,1221,,,,,,
12_059_001,930,,,,,,
12_059_002,1064,,,,,,
12_060_001,922,,,,,,
12_061_001,898,,,,,,
12_061_002,987,,,,,,
12_062_001,1336,,,,,,
12_063_001,976,,,,,,
12_063_002,1075,,,,,,
12_063_003,98,,,,,,
12_064_001,922,,,,,,
12_064_002,851,,,,,,
12_064_003,802,,,,,,
12_064_004,1230,,,,,,
12_064_005,1324,,,,,,
12_064_006,927,,,,,,
12_064_007,970,,,,,,
12_064_008,1034,,,,,,
12_064_009,948,,,,,,
12_064_010,1056,,,,,,
12_064_011,1032,,,,,,
12_064_012,1050,,,,,,
12_064_013,1041,,,,,,
12_064_014,692,,,,,,
12_064_015,819,,,,,,
12_064_016,751,,,,,,
12_064_017,1149,,,,,,
12_064_018,960,,,,,,
12_064_019,481,,,,,,
12_065_001,1000,,,,,,
12_065_002,1247,,,,,,
12_065_003,583,,,,,,
12_065_004,430,,,,,,
12_065_005,779,,,,,,
12_065_006,816,,,,,,
12_065_007,856,,,,,,
12_065_008,1085,,,,,,
12_065_009,965,,,,,,
12_065_010,1118,,,,,,
12_065_011,936,,,,,,
12_065_012,895,,,,,,
12_065_013,828,,,,,,
12_065_014,863,,,,,,
12_065_015,1111,,,,,,
12_065_016,1144,,,,,,
12_065_017,1106,,,,,,
12_065_018,1081,,,,,,
12_065_019,827,,,,,,
12_065_020,791,,,,,,
12_065_021,847,,,,,,
12_065_022,819,,,,,,
12_065_023,806,,,,,,
12_065_024,547,,,,,,
12_065_025,675,,,,,,
12_065_026,765,,,,,,
12_065_027,936,,,,,,
12_065_028,783,,,,,,
12_065_029,1564,,,,,,
12_065_030,800,,,,,,
12_065_031,780,,,,,,
12_065_032,737,,,,,,
12_065_033,961,,,,,,
12_065_034,819,,,,,,
12_065_035,753,,,,,,
12_065_036,737,,,,,,
12_065_037,833,,,,,,
12_065_038,1158,,,,,,
12_065_039,809,,,,,,
12_065_040,785,,,,,,
12_065_041,735,,,,,,
12_065_042,716,,,,,,
12_065_043,843,,,,,,
12_065_044,796,,,,,,
12_065_045,750,,,,,,
12_065_046,922,,,,,,
12_065_047,780,,,,,,
12_065_048,868,,,,,,
12_065_049,905,,,,,,
12_065_050,757,,,,,,
12_065_051,811,,,,,,
12_065_052,1318,,,,,,
12_065_053,892,,,,,,
12_065_054,860,,,,,,
12_065_055,972,,,,,,
12_065_056,943,,,,,,
12_065_057,1084,,,,,,
12_065_058,1077,,,,,,
12_065_059,818,,,,,,
12_066_001,996,,,,,,
12_066_002,177,,,,,,
12_067_001,634,,,,,,
12_067_002,940,,,,,,
12_067_003,733,,,,,,
12_067_004,747,,,,,,
12_067_005,686,,,,,,
12_067_006,611,,,,,,
12_068_001,196,,,,,,
12_068_002,771,,,,,,
12_068_003,741,,,,,,
12_068_004,719,,,,,,
12_068_005,971,,,,,,
12_069_001,849,,,,,,
12_069_002,752,,,,,,
12_069_003,681,,,,,,
12_070_001,604,,,,,,
12_071_001,524,,,,,,
12_072_001,475,,,,,,
12_073_001,1178,,,,,,
12_074_001,895,,,,,,
12_074_002,1053,,,,,,
12_074_003,932,,,,,,
12_075_001,460,,,,,,
12_076_001,752,,,,,,
12_076_002,643,,,,,,
13_001_001,498,,,,,,
13_002_001,185,,,,,,
13_003_001,741,,,,,,
13_003_002,736,,,,,,
13_003_003,799,,,,,,
13_003_004,630,,,,,,
13_003_005,717,,,,,,
13_003_006,752,,,,,,
13_003_007,677,,,,,,
13_003_008,761,,,,,,
13_003_009,665,,,,,,
13_003_010,691,,,,,,
13_003_011,627,,,,,,
13_003_012,824,,,,,,
13_003_013,710,,,,,,
13_003_014,738,,,,,,
13_003_015,623,,,,,,
13_003_016,715,,,,,,
13_004_001,630,,,,,,
13_005_001,746,,,,,,
13_006_001,1123,,,,,,
13_006_002,1153,,,,,,
13_006_003,1079,,,,,,
13_006_004,1024,,,,,,
13_006_005,1119,,,,,,
13_006_006,1162,,,,,,
13_006_007,1149,,,,,,
13_006_008,1274,,,,,,
13_007_001,418,,,,,,
13_008_001,594,,,,,,
13_008_002,713,,,,,,
13_009_001,634,,,,,,
13_010_001,294,,,,,,
13_011_001,86,,,,,,
13_012_001,727,,,,,,
13_013_001,812,,,,,,
13_013_002,783,,,,,,
13_014_001,803,,,,,,
13_015_001,278,,,,,,
13_016_001,601,,,,,,
13_017_001,103,,,,,,
13_018_001,257,,,,,,
13_019_001,691,,,,,,
13_020_001,319,,,,,,
13_021_001,70,,,,,,
13_022_001,1122,,,,,,
13_023_001,730,,,,,,
13_023_002,762,,,,,,
13_023_003,801,,,,,,
13_024_001,478,,,,,,
13_024_002,316,,,,,,
13_025_001,1099,,,,,,
13_026_001,898,,,,,,
13_027_001,327,,,,,,
13_028_001,544,,,,,,
13_029_001,877,,,,,,
13_030_001,442,,,,,,
13_031_001,438,,,,,,
13_032_001,703,,,,,,
13_032_002,110,,,,,,
13_032_003,215,,,,,,
13_033_001,697,,,,,,
13_033_002,824,,,,,,
13_033_003,621,,,,,,
13_033_004,695,,,,,,
13_034_001,476,,,,,,
13_035_001,122,,,,,,
13_036_001,502,,,,,,
13_037_001,35,,,,,,
13_038_001,469,,,,,,
13_039_001,785,,,,,,
13_040_001,265,,,,,,
13_041_001,395,,,,,,
13_042_001,141,,,,,,
13_043_001,639,,,,,,
13_044_001,121,,,,,,
13_045_001,312,,,,,,
13_046_001,633,,,,,,
13_047_001,820,,,,,,
13_047_002,721,,,,,,
13_048_001,623,,,,,,
13_048_002,552,,,,,,
13_049_001,668,,,,,,
13_050_001,600,,,,,,
13_050_002,566,,,,,,
13_050_003,177,,,,,,
13_051_001,640,,,,,,
13_051_002,707,,,,,,
13_051_003,625,,,,,,
13_052_001,920,,,,,,
13_053_001,571,,,,,,
13_053_002,577,,,,,,
13_053_003,221,,,,,,
13_054_001,1100,,,,,,
13_055_001,600,,,,,,
13_056_001,385,,,,,,
13_057_001,334,,,,,,
13_058_001,133,,,,,,
13_059_001,179,,,,,,
13_060_001,433,,,,,,
13_061_001,132,,,,,,
13_062_001,74,,,,,,
13_063_001,387,,,,,,
13_064_001,575,,,,,,
13_065_001,457,,,,,,
13_066_001,634,,,,,,
13_066_002,373,,,,,,
13_067_001,473,,,,,,
13_067_002,138,,,,,,
13_068_001,893,,,,,,
13_069_001,199,,,,,,
13_070_001,604,,,,,,
13_071_001,885,,,,,,
13_071_002,425,,,,,,
13_072_001,740,,,,,,
13_073_001,1186,,,,,,
13_074_001,859,,,,,,
13_074_002,491,,,,,,
13_075_001,600,,,,,,
13_075_002,549,,,,,,
13_075_003,219,,,,,,
13_076_001,443,,,,,,
13_077_001,714,,,,,,
13_078_001,475,,,,,,
13_079_001,201,,,,,,
13_080_001,525,,,,,,
13_080_002,532,,,,,,
13_080_003,50,,,,,,
13_081_001,755,,,,,,
13_081_002,792,,,,,,
13_082_001,578,,,,,,
13_083_001,987,,,,,,
13_084_001,783,,,,,,
13_084_002,532,,,,,,
13_085_001,487,,,,,,
13_086_001,346,,,,,,
13_087_001,606,,,,,,
13_087_002,635,,,,,,
13_088_001,738,,,,,,
13_089_001,570,,,,,,
13_090_001,427,,,,,,
13_091_001,994,,,,,,
13_092_001,853,,,,,,
13_093_001,265,,,,,,
13_094_001,679,,,,,,
13_094_002,665,,,,,,
13_095_001,714,,,,,,
13_096_001,603,,,,,,
13_097_001,894,,,,,,
13_097_002,917,,,,,,
13_097_003,656,,,,,,
13_097_004,693,,,,,,
13_097_005,973,,,,,,
13_097_006,890,,,,,,
13_097_007,1036,,,,,,
13_097_008,757,,,,,,
13_097_009,280,,,,,,
13_098_001,450,,,,,,
13_099_001,148,,,,,,
13_100_001,1091,,,,,,
13_100_002,1022,,,,,,
13_101_001,568,,,,,,
13_101_002,618,,,,,,
13_102_001,854,,,,,,
13_102_002,890,,,,,,
13_103_001,805,,,,,,
13_103_002,613,,,,,,
13_103_003,782,,,,,,
13_103_004,654,,,,,,
13_103_005,767,,,,,,
13_103_006,647,,,,,,
13_103_007,684,,,,,,
13_103_008,479,,,,,,
13_103_009,186,,,,,,
13_103_010,206,,,,,,
13_103_011,100,,,,,,
13_103_012,107,,,,,,
13_103_013,636,,,,,,
13_103_014,721,,,,,,
13_103_015,555,,,,,,
13_103_016,1006,,,,,,
13_103_017,737,,,,,,
13_103_018,987,,,,,,
13_103_019,933,,,,,,
13_103_020,789,,,,,,
13_103_021,719,,,,,,
13_103_022,1055,,,,,,
13_103_023,725,,,,,,
13_103_024,656,,,,,,
13_103_025,854,,,,,,
13_103_026,804,,,,,,
13_103_027,690,,,,,,
13_103_028,614,,,,,,
13_103_029,604,,,,,,
13_103_030,663,,,,,,
13_103_031,616,,,,,,
13_103_032,879,,,,,,
13_103_033,969,,,,,,
13_103_034,901,,,,,,
13_103_035,1193,,,,,,
13_103_036,844,,,,,,
13_103_037,749,,,,,,
13_104_001,716,,,,,,
13_105_001,196,,,,,,
13_106_001,639,,,,,,
13_107_001,360,,,,,,
13_108_001,338,,,,,,
13_108_002,144,,,,,,
13_109_001,338,,,,,,
13_110_001,365,,,,,,
13_111_001,718,,,,,,
13_111_002,615,,,,,,
13_112_001,241,,,,,,
13_113_001,168,,,,,,
13_114_001,972,,,,,,
13_114_002,981,,,,,,
13_114_003,1042,,,,,,
13_114_004,1019,,,,,,
13_114_005,147,,,,,,
13_114_006,208,,,,,,
13_115_001,338,,,,,,
13_116_001,207,,,,,,
13_117_001,782,,,,,,
13_118_001,405,,,,,,
13_118_002,61,,,,,,
13_119_001,880,,,,,,
13_119_002,642,,,,,,
13_120_001,619,,,,,,
13_120_002,530,,,,,,
13_121_001,800,,,,,,
13_121_002,701,,,,,,
13_122_001,577,,,,,,
13_123_001,273,,,,,,
13_124_001,607,,,,,,
13_125_001,955,,,,,,
13_126_001,539,,,,,,
13_126_002,706,,,,,,
13_127_001,980,,,,,,
13_128_001,319,,,,,,
13_129_001,484,,,,,,
13_130_001,445,,,,,,
13_131_001,954,,,,,,
13_131_002,819,,,,,,
14_001_001,735,,,,,,
14_001_002,756,,,,,,
14_001_003,733,,,,,,
14_001_004,714,,,,,,
14_001_005,698,,,,,,
14_001_006,718,,,,,,
14_001_007,702,,,,,,
14_001_008,741,,,,,,
14_001_009,714,,,,,,
14_001_010,785,,,,,,
14_001_011,714,,,,,,
14_001_012,684,,,,,,
14_001_013,731,,,,,,
14_001_014,735,,,,,,
14_001_015,748,,,,,,
14_001_016,695,,,,,,
14_002_001,1093,,,,,,
14_003_001,625,,,,,,
14_003_002,714,,,,,,
14_003_003,781,,,,,,
14_003_004,646,,,,,,
14_003_005,785,,,,,,
14_003_006,692,,,,,,
14_003_007,822,,,,,,
14_003_008,711,,,,,,
14_003_009,683,,,,,,
14_003_010,646,,,,,,
14_003_011,634,,,,,,
14_003_012,715,,,,,,
14_003_013,673,,,,,,
14_003_014,694,,,,,,
14_003_015,631,,,,,,
14_003_016,655,,,,,,
14_004_001,863,,,,,,
14_004_002,814,,,,,,
14_004_003,859,,,,,,
14_004_004,864,,,,,,
14_004_005,925,,,,,,
14_005_001,914,,,,,,
14_006_001,724,,,,,,
14_006_002,751,,,,,,
14_006_003,824,,,,,,
14_006_004,791,,,,,,
14_006_005,921,,,,,,
14_006_006,874,,,,,,
14_007_001,1004,,,,,,
14_008_001,729,,,,,,
14_008_002,734,,,,,,
14_008_003,857,,,,,,
14_008_004,713,,,,,,
14_009_001,644,,,,,,
14_010_001,1028,,,,,,
14_011_001,896,,,,,,
14_011_002,776,,,,,,
14_011_003,621,,,,,,
14_011_004,673,,,,,,
14_011_005,793,,,,,,
14_011_006,741,,,,,,
14_011_007,755,,,,,,
14_011_008,819,,,,,,
14_011_009,708,,,,,,
14_011_010,700,,,,,,
14_011_011,681,,,,,,
14_011_012,738,,,,,,
14_011_013,668,,,,,,
14_011_014,622,,,,,,
14_011_015,856,,,,,,
14_011_016,686,,,,,,
14_012_001,1064,,,,,,
14_012_002,936,,,,,,
14_013_001,1184,,,,,,
14_013_002,1180,,,,,,
14_013_003,1191,,,,,,
14_013_004,1166,,,,,,
14_013_005,1223,,,,,,
14_013_006,1178,,,,,,
14_013_007,1146,,,,,,
14_013_008,1153,,,,,,
14_014_001,768,,,,,,
14_014_002,810,,,,,,
14_014_003,738,,,,,,
14_014_004,810,,,,,,
14_014_005,727,,,,,,
14_014_006,847,,,,,,
14_014_007,721,,,,,,
14_014_008,763,,,,,,
14_014_009,741,,,,,,
14_014_010,851,,,,,,
14_014_011,717,,,,,,
14_014_012,722,,,,,,
14_014_013,707,,,,,,
14_014_014,780,,,,,,
14_014_015,754,,,,,,
14_014_016,800,,,,,,
14_015_001,1192,,,,,,
14_015_002,1160,,,,,,
14_015_003,1154,,,,,,
14_015_004,1126,,,,,,
14_015_005,1123,,,,,,
14_015_006,1146,,,,,,
14_015_007,1099,,,,,,
14_015_008,1151,,,,,,
14_015_009,1130,,,,,,
14_015_010,1137,,,,,,
14_015_011,1063,,,,,,
14_015_012,1124,,,,,,
14_015_013,1272,,,,,,
14_015_014,964,,,,,,
14_015_015,1074,,,,,,
14_015_016,1048,,,,,,
14_015_017,1138,,,,,,
14_015_018,1191,,,,,,
14_015_019,980,,,,,,
14_015_020,1181,,,,,,
14_016_001,821,,,,,,
14_016_002,781,,,,,,
14_016_003,710,,,,,,
14_016_004,806,,,,,,
14_016_005,804,,,,,,
14_016_006,203,,,,,,
14_016_007,187,,,,,,
14_017_001,729,,,,,,
14_017_002,734,,,,,,
14_017_003,971,,,,,,
14_017_004,678,,,,,,
14_017_005,1063,,,,,,
14_017_006,885,,,,,,
14_017_007,592,,,,,,
14_017_008,607,,,,,,
14_017_009,927,,,,,,
14_017_010,965,,,,,,
14_017_011,631,,,,,,
14_017_012,645,,,,,,
14_017_013,1065,,,,,,
14_017_014,894,,,,,,
14_017_015,729,,,,,,
14_017_016,787,,,,,,
14_017_017,911,,,,,,
14_017_018,705,,,,,,
14_017_019,139,,,,,,
14_017_020,1164,,,,,,
14_017_021,908,,,,,,
14_017_022,1051,,,,,,
14_017_023,1170,,,,,,
14_017_024,853,,,,,,
14_017_025,926,,,,,,
14_017_026,1028,,,,,,
14_017_027,1110,,,,,,
14_017_028,784,,,,,,
14_017_029,643,,,,,,
14_017_030,724,,,,,,
14_017_031,921,,,,,,
14_017_032,951,,,,,,
14_017_033,991,,,,,,
14_017_034,769,,,,,,
14_018_001,781,,,,,,
14_018_002,758,,,,,,
14_018_003,706,,,,,,
14_018_004,692,,,,,,
14_018_005,672,,,,,,
14_019_001,1196,,,,,,
14_019_002,844,,,,,,
14_019_003,1461,,,,,,
14_020_001,934,,,,,,
14_020_002,795,,,,,,
14_021_001,955,,,,,,
14_021_002,962,,,,,,
14_021_003,985,,,,,,
14_022_001,1467,,,,,,
14_023_001,987,,,,,,
14_023_002,996,,,,,,
14_023_003,981,,,,,,
14_023_004,1005,,,,,,
14_023_005,1050,,,,,,
14_023_006,995,,,,,,
14_023_007,869,,,,,,
14_023_008,998,,,,,,
14_024_001,516,,,,,,
14_025_001,902,,,,,,
14_025_002,865,,,,,,
14_025_003,889,,,,,,
14_025_004,888,,,,,,
14_025_005,865,,,,,,
14_025_006,865,,,,,,
14_025_007,774,,,,,,
14_025_008,1047,,,,,,
14_025_009,745,,,,,,
14_025_010,820,,,,,,
14_025_011,826,,,,,,
14_025_012,815,,,,,,
14_025_013,828,,,,,,
14_025_014,794,,,,,,
14_025_015,1177,,,,,,
14_025_016,710,,,,,,
14_026_001,748,,,,,,
14_026_002,1134,,,,,,
14_026_003,309,,,,,,
14_027_001,886,,,,,,
14_027_002,830,,,,,,
14_027_003,904,,,,,,
14_027_004,1077,,,,,,
14_028_001,1173,,,,,,
14_028_002,1170,,,,,,
14_028_003,1075,,,,,,
14_028_004,1163,,,,,,
14_029_001,952,,,,,,
14_029_002,1096,,,,,,
14_029_003,1042,,,,,,
14_029_004,1055,,,,,,
14_029_005,1105,,,,,,
14_029_006,1140,,,,,,
14_029_007,1158,,,,,,
14_029_008,1286,,,,,,
14_030_001,668,,,,,,
14_030_002,645,,,,,,
14_030_003,487,,,,,,
14_031_001,944,,,,,,
14_031_002,972,,,,,,
14_031_003,1163,,,,,,
14_031_004,933,,,,,,
14_031_005,887,,,,,,
14_032_001,787,,,,,,
14_032_002,911,,,,,,
14_032_003,945,,,,,,
14_033_001,1332,,,,,,
14_033_002,1173,,,,,,
14_033_003,1084,,,,,,
14_033_004,967,,,,,,
14_033_005,973,,,,,,
14_033_006,1011,,,,,,
14_033_007,1211,,,,,,
14_033_008,1500,,,,,,
14_033_009,1046,,,,,,
14_033_010,1041,,,,,,
14_033_011,889,,,,,,
14_033_012,1316,,,,,,
14_033_013,1502,,,,,,
14_033_014,1320,,,,,,
14_033_015,1165,,,,,,
14_033_016,1056,,,,,,
14_034_001,1394,,,,,,
14_034_002,1201,,,,,,
14_034_003,1064,,,,,,
14_034_004,981,,,,,,
14_034_005,1000,,,,,,
14_034_006,951,,,,,,
14_034_007,1062,,,,,,
14_034_008,1233,,,,,,
14_034_009,1140,,,,,,
14_034_010,1091,,,,,,
14_034_011,985,,,,,,
14_034_012,1023,,,,,,
14_034_013,954,,,,,,
14_034_014,928,,,,,,
14_034_015,1049,,,,,,
14_034_016,1148,,,,,,
14_034_017,990,,,,,,
14_034_018,930,,,,,,
14_034_019,1202,,,,,,
14_034_020,1023,,,,,,
14_034_021,1193,,,,,,
14_034_022,1138,,,,,,
14_034_023,1200,,,,,,
14_034_024,1059,,,,,,
14_034_025,1004,,,,,,
14_034_026,1436,,,,,,
14_034_027,1427,,,,,,
14_034_028,1227,,,,,,
14_034_029,1178,,,,,,
14_034_030,959,,,,,,
14_035_001,984,,,,,,
14_035_002,1131,,,,,,
14_035_003,1304,,,,,,
14_035_004,1337,,,,,,
14_035_005,1223,,,,,,
14_035_006,1137,,,,,,
14_036_001,925,,,,,,
14_036_002,679,,,,,,
14_036_003,797,,,,,,
14_036_004,945,,,,,,
14_037_001,968,,,,,,
14_037_002,1144,,,,,,
14_037_003,1131,,,,,,
14_037_004,1128,,,,,,
14_037_005,1157,,,,,,
14_037_006,1173,,,,,,
14_037_007,1137,,,,,,
14_038_001,1259,,,,,,
14_038_002,1088,,,,,,
14_038_003,1052,,,,,,
14_038_004,896,,,,,,
14_038_005,1144,,,,,,
14_038_006,1258,,,,,,
14_038_007,1171,,,,,,
14_038_008,1084,,,,,,
14_038_009,1001,,,,,,
14_038_010,1208,,,,,,
14_038_011,1167,,,,,,
14_038_012,1281,,,,,,
14_038_013,1107,,,,,,
14_038_014,995,,,,,,
14_038_015,1281,,,,,,
14_038_016,1111,,,,,,
14_038_017,836,,,,,,
14_038_018,1027,,,,,,
14_038_019,1131,,,,,,
14_038_020,1255,,,,,,
14_038_021,1026,,,,,,
14_038_022,974,,,,,,
14_038_023,1062,,,,,,
14_038_024,1134,,,,,,
14_038_025,1185,,,,,,
14_038_026,1114,,,,,,
14_038_027,1274,,,,,,
14_038_028,1156,,,,,,
14_038_029,1179,,,,,,
14_038_030,943,,,,,,
14_038_031,1052,,,,,,
14_038_032,1116,,,,,,
14_038_033,1345,,,,,,
14_038_034,1429,,,,,,
14_038_035,1320,,,,,,
14_038_036,1224,,,,,,
14_038_037,1327,,,,,,
14_038_038,1356,,,,,,
14_038_039,1341,,,,,,
14_038_040,1315,,,,,,
14_038_041,1334,,,,,,
14_038_042,1280,,,,,,
14_038_043,1244,,,,,,
14_038_044,1183,,,,,,
14_038_045,1099,,,,,,
14_038_046,1433,,,,,,
14_038_047,1412,,,,,,
14_038_048,1433,,,,,,
14_039_001,946,,,,,,
14_039_002,1011,,,,,,
14_039_003,903,,,,,,
14_040_001,643,,,,,,
14_040_002,812,,,,,,
14_040_003,828,,,,,,
14_040_004,755,,,,,,
14_041_001,1191,,,,,,
14_041_002,907,,,,,,
14_041_003,1032,,,,,,
14_041_004,944,,,,,,
14_041_005,1105,,,,,,
14_041_006,962,,,,,,
14_041_007,1068,,,,,,
14_041_008,824,,,,,,
14_041_009,1258,,,,,,
14_041_010,1223,,,,,,
14_041_011,862,,,,,,
14_041_012,878,,,,,,
14_041_013,1292,,,,,,
14_041_014,1027,,,,,,
14_041_015,891,,,,,,
14_041_016,1131,,,,,,
14_042_001,742,,,,,,
14_043_001,710,,,,,,
14_043_002,677,,,,,,
14_043_003,700,,,,,,
14_044_001,933,,,,,,
14_044_002,629,,,,,,
14_045_001,1272,,,,,,
14_045_002,1150,,,,,,
14_045_003,146,,,,,,
14_046_001,1051,,,,,,
14_046_002,1104,,,,,,
14_046_003,933,,,,,,
14_046_004,1064,,,,,,
14_046_005,1066,,,,,,
14_046_006,1198,,,,,,
14_046_007,1153,,,,,,
14_046_008,1006,,,,,,
14_046_009,803,,,,,,
14_046_010,1086,,,,,,
14_046_011,1015,,,,,,
14_046_012,922,,,,,,
14_046_013,1127,,,,,,
14_046_014,1194,,,,,,
14_046_015,1197,,,,,,
14_046_016,1010,,,,,,
14_047_001,686,,,,,,
14_047_002,874,,,,,,
14_047_003,1052,,,,,,
14_047_004,877,,,,,,
14_047_005,1015,,,,,,
14_047_006,622,,,,,,
14_047_007,619,,,,,,
14_047_008,921,,,,,,
14_047_009,871,,,,,,
14_047_010,981,,,,,,
14_047_011,1304,,,,,,
14_047_012,728,,,,,,
14_047_013,845,,,,,,
14_047_014,714,,,,,,
14_047_015,824,,,,,,
14_047_016,683,,,,,,
14_047_017,881,,,,,,
14_047_018,1154,,,,,,
14_047_019,1191,,,,,,
14_047_020,731,,,,,,
14_047_021,752,,,,,,
14_047_022,1043,,,,,,
14_047_023,1312,,,,,,
14_047_024,1428,,,,,,
14_047_025,616,,,,,,
14_047_026,875,,,,,,
14_047_027,1075,,,,,,
14_048_001,1154,,,,,,
14_048_002,1197,,,,,,
14_048_003,1236,,,,,,
14_048_004,1158,,,,,,
14_048_005,1124,,,,,,
14_048_006,1149,,,,,,
14_048_007,1137,,,,,,
14_048_008,1095,,,,,,
14_048_009,1356,,,,,,
14_048_010,1178,,,,,,
14_048_011,789,,,,,,
14_048_012,831,,,,,,
14_048_013,845,,,,,,
14_048_014,996,,,,,,
14_048_015,885,,,,,,
14_048_016,739,,,,,,
14_048_017,888,,,,,,
14_048_018,842,,,,,,
14_048_019,861,,,,,,
14_049_001,1062,,,,,,
14_049_002,1007,,,,,,
14_049_003,1045,,,,,,
14_049_004,813,,,,,,
14_049_005,988,,,,,,
14_049_006,814,,,,,,
14_049_007,941,,,,,,
14_049_008,1088,,,,,,
14_049_009,1013,,,,,,
14_049_010,792,,,,,,
14_049_011,777,,,,,,
14_049_012,891,,,,,,
14_049_013,992,,,,,,
14_049_014,1153,,,,,,
14_049_015,1080,,,,,,
14_049_016,1083,,,,,,
14_050_001,1081,,,,,,
14_050_002,1374,,,,,,
14_050_003,1052,,,,,,
14_050_004,1082,,,,,,
14_050_005,1092,,,,,,
14_050_006,1354,,,,,,
14_050_007,1150,,,,,,
14_050_008,1359,,,,,,
14_051_001,908,,,,,,
14_051_002,1162,,,,,,
14_052_001,1020,,,,,,
14_052_002,1238,,,,,,
14_052_003,1126,,,,,,
14_053_001,1059,,,,,,
14_053_002,874,,,,,,
14_053_003,824,,,,,,
14_054_001,875,,,,,,
14_054_002,768,,,,,,
14_055_001,1060,,,,,,
14_055_002,906,,,,,,
14_055_003,983,,,,,,
14_055_004,945,,,,,,
14_056_001,336,,,,,,
14_057_001,200,,,,,,
14_058_001,1267,,,,,,
14_058_002,1297,,,,,,
14_058_003,1314,,,,,,
14_058_004,1287,,,,,,
14_058_005,1018,,,,,,
14_058_006,982,,,,,,
14_058_007,1035,,,,,,
14_058_008,1033,,,,,,
14_059_001,781,,,,,,
14_059_002,647,,,,,,
14_059_003,642,,,,,,
14_060_001,834,,,,,,
14_060_002,781,,,,,,
14_060_003,878,,,,,,
14_061_001,813,,,,,,
14_061_002,803,,,,,,
14_061_003,811,,,,,,
14_061_004,779,,,,,,
14_061_005,825,,,,,,
14_061_006,771,,,,,,
14_062_001,528,,,,,,
14_063_001,781,,,,,,
14_064_001,1165,,,,,,
14_064_002,1332,,,,,,
14_064_003,1161,,,,,,
14_064_004,1287,,,,,,
14_064_005,1037,,,,,,
14_064_006,1064,,,,,,
14_064_007,958,,,,,,
14_064_008,1036,,,,,,
14_065_001,1031,,,,,,
14_065_002,980,,,,,,
14_065_003,1170,,,,,,
14_065_004,1200,,,,,,
14_065_005,1093,,,,,,
14_065_006,1102,,,,,,
14_065_007,1076,,,,,,
14_066_001,1060,,,,,,
14_066_002,1009,,,,,,
14_067_001,577,,,,,,
14_068_001,837,,,,,,
14_069_001,1341,,,,,,
14_069_002,1397,,,,,,
14_069_003,1377,,,,,,
14_069_004,1255,,,,,,
14_069_005,1370,,,,,,
14_069_006,1277,,,,,,
14_069_007,1229,,,,,,
14_069_008,1404,,,,,,
14_070_001,721,,,,,,
14_070_002,752,,,,,,
14_071_001,1169,,,,,,
14_071_002,884,,,,,,
14_072_001,616,,,,,,
14_072_002,792,,,,,,
14_072_003,1243,,,,,,
14_072_004,1102,,,,,,
14_073_001,607,,,,,,
14_074_001,661,,,,,,
14_075_001,696,,,,,,
14_075_002,898,,,,,,
14_075_003,825,,,,,,
14_075_004,829,,,,,,
14_076_001,870,,,,,,
14_077_001,251,,,,,,
14_078_001,1192,,,,,,
14_078_002,1283,,,,,,
14_078_003,1364,,,,,,
14_078_004,1169,,,,,,
14_078_005,1212,,,,,,
14_078_006,1103,,,,,,
14_078_007,1211,,,,,,
14_078_008,1418,,,,,,
14_079_001,1412,,,,,,
14_080_001,1037,,,,,,
14_081_001,633,,,,,,
14_082_001,770,,,,,,
14_082_002,846,,,,,,
14_082_003,865,,,,,,
14_082_004,1043,,,,,,
14_083_001,566,,,,,,
14_084_001,1037,,,,,,
14_084_002,1070,,,,,,
14_084_003,1040,,,,,,
14_084_004,1212,,,,,,
14_084_005,1090,,,,,,
14_084_006,1150,,,,,,
14_085_001,815,,,,,,
14_085_002,996,,,,,,
14_085_003,911,,,,,,
14_085_004,1106,,,,,,
14_085_005,901,,,,,,
14_085_006,882,,,,,,
14_085_007,1039,,,,,,
14_085_008,879,,,,,,
14_085_009,928,,,,,,
14_085_010,880,,,,,,
14_085_011,882,,,,,,
14_085_012,683,,,,,,
14_085_013,944,,,,,,
14_085_014,922,,,,,,
14_085_015,1178,,,,,,
14_085_016,1146,,,,,,
14_086_001,506,,,,,,
14_087_001,1303,,,,,,
14_087_002,1260,,,,,,
14_087_003,1336,,,,,,
14_087_004,1222,,,,,,
14_087_005,1165,,,,,,
14_087_006,1052,,,,,,
14_087_007,1320,,,,,,
14_087_008,1199,,,,,,
14_088_001,860,,,,,,
14_088_002,827,,,,,,
14_088_003,942,,,,,,
14_088_004,956,,,,,,
14_088_005,996,,,,,,
14_088_006,924,,,,,,
14_088_007,964,,,,,,
14_089_001,1267,,,,,,
14_089_002,1057,,,,,,
14_089_003,919,,,,,,
14_089_004,1089,,,,,,
14_089_005,1145,,,,,,
14_089_006,1095,,,,,,
14_089_007,853,,,,,,
14_089_008,819,,,,,,
14_089_009,746,,,,,,
14_089_010,717,,,,,,
14_089_011,717,,,,,,
14_089_012,727,,,,,,
14_089_013,1062,,,,,,
14_089_014,1033,,,,,,
14_089_015,744,,,,,,
14_089_016,795,,,,,,
14_089_017,894,,,,,,
14_089_018,858,,,,,,
14_089_019,852,,,,,,
14_089_020,1027,,,,,,
14_090_001,992,,,,,,
14_090_002,1075,,,,,,
14_090_003,793,,,,,,
14_090_004,1172,,,,,,
14_091_001,1037,,,,,,
14_091_002,936,,,,,,
14_091_003,1000,,,,,,
14_091_004,955,,,,,,
14_091_005,992,,,,,,
14_092_001,1137,,,,,,
14_092_002,1018,,,,,,
14_092_003,1012,,,,,,
14_093_001,837,,,,,,
14_093_002,744,,,,,,
14_094_001,1012,,,,,,
14_094_002,1085,,,,,,
14_094_003,975,,,,,,
14_094_004,952,,,,,,
14_094_005,846,,,,,,
14_094_006,498,,,,,,
14_094_007,1011,,,,,,
14_094_008,152,,,,,,
14_094_009,440,,,,,,
14_094_010,960,,,,,,
14_095_001,759,,,,,,
14_095_002,1089,,,,,,
14_095_003,966,,,,,,
14_095_004,1011,,,,,,
14_096_001,958,,,,,,
14_096_002,1110,,,,,,
14_096_003,788,,,,,,
14_096_004,859,,,,,,
14_096_005,860,,,,,,
14_096_006,918,,,,,,
14_096_007,1140,,,,,,
14_097_001,654,,,,,,
14_097_002,821,,,,,,
14_098_001,1146,,,,,,
14_098_002,1055,,,,,,
14_098_003,1178,,,,,,
14_098_004,1148,,,,,,
14_098_005,1044,,,,,,
14_098_006,1048,,,,,,
14_099_001,1230,,,,,,
14_100_001,888,,,,,,
14_100_002,828,,,,,,
14_101_001,330,,,,,,
14_102_001,1066,,,,,,
14_102_002,873,,,,,,
14_102_003,762,,,,,,
14_102_004,750,,,,,,
14_102_005,788,,,,,,
14_102_006,665,,,,,,
14_102_007,809,,,,,,
14_102_008,749,,,,,,
14_102_009,1054,,,,,,
14_102_010,999,,,,,,
14_102_011,940,,,,,,
14_102_012,912,,,,,,
14_102_013,755,,,,,,
14_102_014,734,,,,,,
14_102_015,765,,,,,,
14_102_016,794,,,,,,
14_103_001,1097,,,,,,
14_103_002,1054,,,,,,
14_104_001,1158,,,,,,
14_104_002,1187,,,,,,
14_104_003,1231,,,,,,
14_104_004,1101,,,,,,
14_104_005,1217,,,,,,
14_104_006,1283,,,,,,
14_104_007,1251,,,,,,
14_104_008,1211,,,,,,
14_105_001,1110,,,,,,
14_105_002,1091,,,,,,
14_105_003,1187,,,,,,
14_106_001,1305,,,,,,
14_106_002,1177,,,,,,
14_106_003,1011,,,,,,
14_106_004,853,,,,,,
14_106_005,1271,,,,,,
14_106_006,948,,,,,,
14_107_001,855,,,,,,
14_107_002,840,,,,,,
14_108_001,950,,,,,,
14_108_002,1307,,,,,,
14_109_001,1186,,,,,,
14_109_002,1266,,,,,,
14_109_003,1044,,,,,,
14_110_001,952,,,,,,
14_110_002,839,,,,,,
14_111_001,1016,,,,,,
14_112_001,1714,,,,,,
14_112_002,1617,,,,,,
14_112_003,1443,,,,,,
14_112_004,1308,,,,,,
14_112_005,1423,,,,,,
14_112_006,1406,,,,,,
14_112_007,1286,,,,,,
14_112_008,1480,,,,,,
14_113_001,989,,,,,,
14_113_002,893,,,,,,
14_113_003,827,,,,,,
14_113_004,881,,,,,,
14_113_005,826,,,,,,
14_113_006,1067,,,,,,
14_113_007,846,,,,,,
14_113_008,1057,,,,,,
14_113_009,898,,,,,,
14_113_010,979,,,,,,
14_113_011,882,,,,,,
14_113_012,932,,,,,,
14_113_013,880,,,,,,
14_113_014,917,,,,,,
14_113_015,909,,,,,,
14_113_016,795,,,,,,
14_114_001,1314,,,,,,
14_114_002,1094,,,,,,
14_115_001,1048,,,,,,
14_116_001,986,,,,,,
14_117_001,1091,,,,,,
14_118_001,596,,,,,,
14_119_001,1128,,,,,,
14_119_002,1173,,,,,,
14_119_003,963,,,,,,
14_119_004,1065,,,,,,
14_119_005,1026,,,,,,
14_119_006,1050,,,,,,
14_119_007,1157,,,,,,
14_119_008,1278,,,,,,
14_120_001,1603,,,,,,
14_121_001,1044,,,,,,
14_121_002,1138,,,,,,
14_121_003,1133,,,,,,
14_121_004,1102,,,,,,
14_121_005,1213,,,,,,
14_121_006,1110,,,,,,
14_121_007,1175,,,,,,
14_121_008,1166,,,,,,
14_122_001,1203,,,,,,
14_122_002,835,,,,,,
14_122_003,949,,,,,,
14_123_001,873,,,,,,
14_123_002,982,,,,,,
14_123_003,941,,,,,,
14_123_004,1139,,,,,,
14_123_005,886,,,,,,
14_123_006,994,,,,,,
14_123_007,1125,,,,,,
14_124_001,1298,,,,,,
14_124_002,1322,,,,,,
14_124_003,1288,,,,,,
14_124_004,1126,,,,,,
14_125_001,907,,,,,,
14_125_002,884,,,,,,
14_125_003,771,,,,,,
14_125_004,753,,,,,,
14_125_005,802,,,,,,
14_125_006,779,,,,,,
14_125_007,790,,,,,,
14_125_008,893,,,,,,
14_125_009,942,,,,,,
14_125_010,1068,,,,,,
14_125_011,1035,,,,,,
14_125_012,1017,,,,,,
14_125_013,871,,,,,,
14_125_014,889,,,,,,
14_125_015,1005,,,,,,
14_125_016,1052,,,,,,
14_126_001,1097,,,,,,
14_126_002,1324,,,,,,
14_126_003,1055,,,,,,
14_126_004,1057,,,,,,
14_126_005,1022,,,,,,
14_126_006,1064,,,,,,
14_126_007,1055,,,,,,
14_126_008,1009,,,,,,
14_126_009,1064,,,,,,
14_126_010,1063,,,,,,
14_126_011,1112,,,,,,
14_126_012,1097,,,,,,
14_126_013,1135,,,,,,
14_126_014,1127,,,,,,
14_126_015,1148,,,,,,
14_126_016,1155,,,,,,
14_126_017,1166,,,,,,
14_126_018,1192,,,,,,
14_126_019,1206,,,,,,
14_126_020,1214,,,,,,
14_127_001,818,,,,,,
14_127_002,725,,,,,,
14_128_001,978,,,,,,
14_128_002,1026,,,,,,
14_128_003,1134,,,,,,
14_128_004,962,,,,,,
14_129_001,1167,,,,,,
14_130_001,1132,,,,,,
14_130_002,1201,,,,,,
14_131_001,924,,,,,,
14_131_002,881,,,,,,
14_131_003,964,,,,,,
14_131_004,899,,,,,,
14_131_005,906,,,,,,
14_131_006,975,,,,,,
14_131_007,957,,,,,,
14_131_008,944,,,,,,
14_131_009,886,,,,,,
14_131_010,929,,,,,,
14_131_011,961,,,,,,
14_131_012,913,,,,,,
14_131_013,912,,,,,,
14_131_014,1035,,,,,,
14_131_015,976,,,,,,
14_131_016,926,,,,,,
14_132_001,1126,,,,,,
14_132_002,1363,,,,,,
14_133_001,974,,,,,,
14_133_002,1208,,,,,,
14_134_001,1512,,,,,,
14_134_002,751,,,,,,
14_134_003,768,,,,,,
14_134_004,1298,,,,,,
14_134_005,992,,,,,,
14_134_006,978,,,,,,
14_134_007,914,,,,,,
14_134_008,1095,,,,,,
14_134_009,1499,,,,,,
14_134_010,1110,,,,,,
14_134_011,1199,,,,,,
14_134_012,1055,,,,,,
14_134_013,965,,,,,,
14_134_014,985,,,,,,
14_134_015,1124,,,,,,
14_134_016,1033,,,,,,
14_134_017,871,,,,,,
14_134_018,878,,,,,,
14_134_019,1006,,,,,,
14_134_020,931,,,,,,
14_134_021,1042,,,,,,
14_134_022,1058,,,,,,
14_134_023,923,,,,,,
14_134_024,921,,,,,,
14_134_025,1066,,,,,,
14_134_026,1092,,,,,,
14_134_027,1047,,,,,,
14_134_028,1132,,,,,,
14_134_029,1175,,,,,,
14_134_030,1026,,,,,,
14_135_001,1116,,,,,,
14_135_002,804,,,,,,
14_136_001,666,,,,,,
14_136_002,629,,,,,,
14_136_003,786,,,,,,
14_137_001,695,,,,,,
14_137_002,844,,,,,,
14_138_001,857,,,,,,
14_138_002,872,,,,,,
14_138_003,857,,,,,,
14_139_001,1042,,,,,,
14_139_002,1236,,,,,,
14_139_003,807,,,,,,
14_139_004,789,,,,,,
14_140_001,1010,,,,,,
14_140_002,1241,,,,,,
14_140_003,1474,,,,,,
14_140_004,1454,,,,,,
14_141_001,841,,,,,,
14_141_002,996,,,,,,
14_141_003,882,,,,,,
14_141_004,961,,,,,,
14_141_005,957,,,,,,
14_141_006,860,,,,,,
14_142_001,806,,,,,,
14_142_002,671,,,,,,
14_143_001,974,,,,,,
14_143_002,865,,,,,,
14_143_003,872,,,,,,
14_144_001,893,,,,,,
14_144_002,945,,,,,,
14_144_003,1065,,,,,,
14_145_001,650,,,,,,
14_145_002,857,,,,,,
14_145_003,639,,,,,,
14_145_004,711,,,,,,
14_146_001,566,,,,,,
14_146_002,922,,,,,,
14_146_003,787,,,,,,
14_147_001,796,,,,,,
14_147_002,545,,,,,,
14_147_003,718,,,,,,
14_147_004,675,,,,,,
14_147_005,828,,,,,,
14_147_006,806,,,,,,
14_147_007,627,,,,,,
14_148_001,881,,,,,,
14_148_002,869,,,,,,
14_148_003,673,,,,,,
14_148_004,878,,,,,,
14_148_005,807,,,,,,
14_148_006,741,,,,,,
14_149_001,1006,,,,,,
14_149_002,915,,,,,,
14_149_003,996,,,,,,
14_149_004,1269,,,,,,
14_149_005,611,,,,,,
14_150_001,568,,,,,,
14_150_002,617,,,,,,
14_150_003,656,,,,,,
14_150_004,617,,,,,,
14_151_001,1057,,,,,,
14_151_002,1076,,,,,,
14_151_003,1089,,,,,,
14_151_004,974,,,,,,
14_151_005,1039,,,,,,
14_151_006,1051,,,,,,
14_151_007,1098,,,,,,
14_151_008,1163,,,,,,
14_152_001,818,,,,,,
14_152_002,813,,,,,,
14_152_003,811,,,,,,
14_152_004,928,,,,,,
14_153_001,82,,,,,,
14_154_001,810,,,,,,
14_154_002,763,,,,,,
14_155_001,1069,,,,,,
14_155_002,1085,,,,,,
14_155_003,1133,,,,,,
14_156_001,1164,,,,,,
14_157_001,928,,,,,,
14_157_002,1029,,,,,,
14_157_003,1051,,,,,,
14_157_004,1202,,,,,,
14_157_005,1113,,,,,,
14_157_006,1043,,,,,,
14_157_007,1083,,,,,,
14_157_008,1196,,,,,,
14_158_001,734,,,,,,
14_158_002,610,,,,,,
14_158_003,767,,,,,,
14_158_004,700,,,,,,
14_158_005,708,,,,,,
14_158_006,776,,,,,,
14_158_007,769,,,,,,
14_158_008,704,,,,,,
14_158_009,720,,,,,,
14_158_010,644,,,,,,
14_158_011,754,,,,,,
14_158_012,631,,,,,,
14_158_013,764,,,,,,
14_158_014,695,,,,,,
14_158_015,713,,,,,,
14_158_016,692,,,,,,
14_159_001,877,,,,,,
14_159_002,845,,,,,,
14_159_003,866,,,,,,
14_159_004,809,,,,,,
14_160_001,1275,,,,,,
14_160_002,1266,,,,,,
14_160_003,1197,,,,,,
14_160_004,1208,,,,,,
14_160_005,1289,,,,,,
14_161_001,761,,,,,,
14_161_002,782,,,,,,
14_161_003,794,,,,,,
14_162_001,727,,,,,,
14_162_002,775,,,,,,
14_163_001,673,,,,,,
14_163_002,758,,,,,,
14_163_003,733,,,,,,
14_164_001,1042,,,,,,
14_164_002,1063,,,,,,
14_165_001,1302,,,,,,
14_165_002,1307,,,,,,
14_165_003,1190,,,,,,
14_165_004,1262,,,,,,
14_165_005,1212,,,,,,
14_165_006,1291,,,,,,
14_165_007,1340,,,,,,
14_165_008,1266,,,,,,
14_166_001,984,,,,,,
14_166_002,1409,,,,,,
14_166_003,1429,,,,,,
14_166_004,1484,,,,,,
14_166_005,1290,,,,,,
14_167_001,1076,,,,,,
14_167_002,926,,,,,,
14_168_001,776,,,,,,
14_168_002,842,,,,,,
14_169_001,621,,,,,,
14_169_002,951,,,,,,
14_169_003,798,,,,,,
14_169_004,1089,,,,,,
14_169_005,632,,,,,,
14_169_006,822,,,,,,
14_169_007,897,,,,,,
14_169_008,791,,,,,,
14_169_009,816,,,,,,
14_169_010,891,,,,,,
14_169_011,962,,,,,,
14_169_012,790,,,,,,
14_169_013,798,,,,,,
14_169_014,794,,,,,,
14_169_015,743,,,,,,
14_169_016,725,,,,,,
14_169_017,1081,,,,,,
14_169_018,1037,,,,,,
14_169_019,1050,,,,,,
14_169_020,888,,,,,,
14_169_021,934,,,,,,
14_169_022,961,,,,,,
14_169_023,964,,,,,,
14_169_024,948,,,,,,
14_169_025,923,,,,,,
14_169_026,818,,,,,,
14_169_027,866,,,,,,
14_169_028,818,,,,,,
14_169_029,1194,,,,,,
14_169_030,965,,,,,,
14_170_001,1465,,,,,,
14_171_001,761,,,,,,
14_172_001,718,,,,,,
14_172_002,815,,,,,,
14_173_001,396,,,,,,
14_174_001,1016,,,,,,
14_174_002,1088,,,,,,
14_175_001,952,,,,,,
14_175_002,854,,,,,,
14_176_001,596,,,,,,
14_176_002,553,,,,,,
14_177_001,615,,,,,,
14_177_002,618,,,,,,
14_177_003,589,,,,,,
14_177_004,563,,,,,,
14_177_005,707,,,,,,
14_177_006,655,,,,,,
14_177_007,651,,,,,,
14_177_008,605,,,,,,
14_177_009,630,,,,,,
14_177_010,637,,,,,,
14_177_011,610,,,,,,
14_177_012,718,,,,,,
14_177_013,731,,,,,,
14_177_014,781,,,,,,
14_177_015,842,,,,,,
14_177_016,618,,,,,,
14_177_017,677,,,,,,
14_177_018,643,,,,,,
14_177_019,841,,,,,,
14_177_020,809,,,,,,
14_177_021,733,,,,,,
14_177_022,854,,,,,,
14_177_023,791,,,,,,
14_177_024,827,,,,,,
14_178_001,1123,,,,,,
14_178_002,935,,,,,,
14_178_003,921,,,,,,
14_178_004,1032,,,,,,
14_178_005,956,,,,,,
14_178_006,1068,,,,,,
14_178_007,1016,,,,,,
14_178_008,1193,,,,,,
14_178_009,991,,,,,,
14_178_010,937,,,,,,
14_178_011,895,,,,,,
14_178_012,928,,,,,,
14_178_013,1078,,,,,,
14_178_014,917,,,,,,
14_178_015,958,,,,,,
14_178_016,1053,,,,,,
14_179_001,933,,,,,,
14_179_002,1128,,,,,,
14_179_003,1084,,,,,,
14_180_001,1038,,,,,,
14_181_001,740,,,,,,
14_181_002,636,,,,,,
14_182_001,1051,,,,,,
14_183_001,1329,,,,,,
14_183_002,1279,,,,,,
14_183_003,913,,,,,,
14_183_004,977,,,,,,
14_184_001,955,,,,,,
14_184_002,1059,,,,,,
14_185_001,840,,,,,,
14_185_002,882,,,,,,
14_186_001,845,,,,,,
14_187_001,1157,,,,,,
14_187_002,1013,,,,,,
14_187_003,989,,,,,,
14_187_004,1100,,,,,,
15_001_001,184,,,,,,
15_002_001,656,,,,,,
15_002_002,95,,,,,,
15_003_001,765,,,,,,
15_003_002,1003,,,,,,
15_004_001,629,,,,,,
15_004_002,524,,,,,,
15_005_001,130,,,,,,
15_006_001,923,,,,,,
15_007_001,960,,,,,,
15_007_002,746,,,,,,
15_007_003,808,,,,,,
15_007_004,853,,,,,,
15_007_005,797,,,,,,
15_007_006,559,,,,,,
15_008_001,1085,,,,,,
15_009_001,851,,,,,,
15_009_002,922,,,,,,
15_009_003,110,,,,,,
15_010_001,957,,,,,,
15_010_002,986,,,,,,
15_011_001,729,,,,,,
15_011_002,711,,,,,,
15_012_001,826,,,,,,
15_012_002,816,,,,,,
15_012_003,863,,,,,,
15_012_004,681,,,,,,
15_012_005,854,,,,,,
15_013_001,670,,,,,,
15_014_001,453,,,,,,
15_015_001,771,,,,,,
15_015_002,573,,,,,,
15_015_003,514,,,,,,
15_015_004,550,,,,,,
15_016_001,908,,,,,,
15_016_002,921,,,,,,
15_017_001,750,,,,,,
15_017_002,679,,,,,,
15_018_001,642,,,,,,
15_018_002,595,,,,,,
15_019_001,349,,,,,,
15_020_001,924,,,,,,
15_020_002,856,,,,,,
15_020_003,523,,,,,,
15_020_004,1085,,,,,,
15_020_005,957,,,,,,
15_020_006,1111,,,,,,
15_020_007,1066,,,,,,
15_020_008,1067,,,,,,
15_020_009,469,,,,,,
15_020_010,230,,,,,,
15_021_001,605,,,,,,
15_022_001,630,,,,,,
15_023_001,475,,,,,,
15_024_001,897,,,,,,
15_025_001,300,,,,,,
15_026_001,408,,,,,,
15_027_001,828,,,,,,
15_027_002,989,,,,,,
15_028_001,268,,,,,,
15_029_001,312,,,,,,
15_030_001,325,,,,,,
15_031_001,515,,,,,,
15_032_001,180,,,,,,
15_033_001,867,,,,,,
15_033_002,840,,,,,,
15_034_001,373,,,,,,
15_035_001,583,,,,,,
15_035_002,377,,,,,,
15_036_001,192,,,,,,
15_037_001,173,,,,,,
15_038_001,176,,,,,,
15_039_001,576,,,,,,
15_039_002,571,,,,,,
15_040_001,341,,,,,,
15_041_001,220,,,,,,
15_042_001,724,,,,,,
15_043_001,213,,,,,,
15_044_001,542,,,,,,
15_044_002,664,,,,,,
15_044_003,737,,,,,,
15_044_004,791,,,,,,
15_044_005,574,,,,,,
15_044_006,561,,,,,,
15_045_001,114,,,,,,
15_046_001,685,,,,,,
15_047_001,119,,,,,,
15_048_001,162,,,,,,
15_049_001,145,,,,,,
15_050_001,134,,,,,,
15_051_001,269,,,,,,
15_052_001,83,,,,,,
15_053_001,261,,,,,,
15_054_001,1038,,,,,,
15_054_002,1016,,,,,,
15_054_003,1117,,,,,,
15_054_004,1104,,,,,,
15_055_001,57,,,,,,
15_056_001,67,,,,,,
15_057_001,220,,,,,,
15_058_001,441,,,,,,
15_058_002,89,,,,,,
15_059_001,171,,,,,,
15_060_001,297,,,,,,
15_061_001,515,,,,,,
15_061_002,81,,,,,,
15_062_001,355,,,,,,
15_062_002,463,,,,,,
15_063_001,771,,,,,,
15_064_001,234,,,,,,
15_065_001,163,,,,,,
15_066_001,265,,,,,,
15_067_001,517,,,,,,
15_068_001,288,,,,,,
15_069_001,250,,,,,,
15_070_001,194,,,,,,
15_071_001,910,,,,,,
15_072_001,182,,,,,,
15_073_001,809,,,,,,
15_074_001,40,,,,,,
15_075_001,1133,,,,,,
15_076_001,363,,,,,,
15_077_001,987,,,,,,
15_078_001,897,,,,,,
15_079_001,373,,,,,,
15_080_001,469,,,,,,
15_081_001,967,,,,,,
15_082_001,652,,,,,,
15_082_002,641,,,,,,
15_082_003,619,,,,,,
15_083_001,500,,,,,,
15_084_001,639,,,,,,
15_084_002,601,,,,,,
15_085_001,76,,,,,,
15_086_001,356,,,,,,
15_087_001,229,,,,,,
15_088_001,680,,,,,,
15_088_002,606,,,,,,
15_088_003,640,,,,,,
15_089_001,822,,,,,,
15_090_001,574,,,,,,
15_091_001,833,,,,,,
15_091_002,812,,,,,,
15_091_003,939,,,,,,
15_091_004,802,,,,,,
15_091_005,868,,,,,,
15_091_006,976,,,,,,
15_091_007,807,,,,,,
15_091_008,940,,,,,,
15_091_009,1012,,,,,,
15_091_010,955,,,,,,
15_091_011,859,,,,,,
15_091_012,686,,,,,,
15_091_013,848,,,,,,
15_091_014,868,,,,,,
15_091_015,858,,,,,,
15_091_016,958,,,,,,
15_091_017,890,,,,,,
15_091_018,923,,,,,,
15_091_019,929,,,,,,
15_091_020,1011,,,,,,
15_091_021,1148,,,,,,
15_091_022,909,,,,,,
15_091_023,871,,,,,,
15_091_024,974,,,,,,
15_091_025,898,,,,,,
15_091_026,910,,,,,,
15_091_027,950,,,,,,
15_091_028,855,,,,,,
15_091_029,727,,,,,,
15_091_030,806,,,,,,
15_091_031,685,,,,,,
15_091_032,671,,,,,,
15_091_033,787,,,,,,
15_091_034,831,,,,,,
15_091_035,801,,,,,,
15_091_036,977,,,,,,
15_091_037,854,,,,,,
15_091_038,912,,,,,,
15_091_039,730,,,,,,
15_091_040,799,,,,,,
15_091_041,759,,,,,,
15_091_042,706,,,,,,
15_091_043,744,,,,,,
15_091_044,697,,,,,,
15_091_045,666,,,,,,
15_091_046,647,,,,,,
15_091_047,724,,,,,,
15_091_048,793,,,,,,
15_091_049,1075,,,,,,
15_091_050,753,,,,,,
15_091_051,1031,,,,,,
15_091_052,885,,,,,,
15_091_053,740,,,,,,
15_091_054,1114,,,,,,
15_091_055,873,,,,,,
15_091_056,951,,,,,,
15_092_001,506,,,,,,
15_092_002,608,,,,,,
15_093_001,139,,,,,,
15_094_001,74,,,,,,
15_095_001,216,,,,,,
15_096_001,400,,,,,,
15_097_001,356,,,,,,
15_098_001,49,,,,,,
15_099_001,260,,,,,,
15_100_001,268,,,,,,
15_101_001,443,,,,,,
15_102_001,551,,,,,,
15_102_002,509,,,,,,
15_102_003,581,,,,,,
15_103_001,132,,,,,,
15_104_001,263,,,,,,
15_105_001,277,,,,,,
15_106_001,109,,,,,,
15_107_001,151,,,,,,
15_108_001,687,,,,,,
15_109_001,140,,,,,,
15_110_001,411,,,,,,
15_111_001,271,,,,,,
15_111_002,120,,,,,,
15_112_001,1187,,,,,,
15_113_001,489,,,,,,
15_113_002,525,,,,,,
15_114_001,450,,,,,,
15_115_001,410,,,,,,
15_116_001,766,,,,,,
15_116_002,668,,,,,,
15_117_001,513,,,,,,
15_117_002,583,,,,,,
15_118_001,750,,,,,,
15_118_002,702,,,,,,
15_118_003,827,,,,,,
15_119_001,26,,,,,,
15_120_001,155,,,,,,
15_121_001,499,,,,,,
15_121_002,149,,,,,,
15_122_001,487,,,,,,
15_123_001,961,,,,,,
15_123_002,159,,,,,,
15_123_003,909,,,,,,
15_123_004,1125,,,,,,
15_123_005,1062,,,,,,
15_123_006,1108,,,,,,
15_123_007,1081,,,,,,
15_123_008,753,,,,,,
15_123_009,1080,,,,,,
15_123_010,375,,,,,,
15_123_011,47,,,,,,
15_123_012,258,,,,,,
15_124_001,1001,,,,,,
15_124_002,90,,,,,,
15_125_001,594,,,,,,
15_125_002,368,,,,,,
15_126_001,933,,,,,,
15_127_001,457,,,,,,
15_128_001,138,,,,,,
15_129_001,674,,,,,,
15_130_001,197,,,,,,
15_130_002,967,,,,,,
15_130_003,939,,,,,,
15_130_004,944,,,,,,
15_130_005,1047,,,,,,
15_130_006,1036,,,,,,
15_130_007,1090,,,,,,
15_130_008,1014,,,,,,
15_130_009,861,,,,,,
15_131_001,815,,,,,,
15_131_002,777,,,,,,
15_131_003,831,,,,,,
15_132_001,1114,,,,,,
15_133_001,1103,,,,,,
15_134_001,290,,,,,,
15_135_001,373,,,,,,
15_136_001,267,,,,,,
15_137_001,449,,,,,,
15_138_001,511,,,,,,
15_139_001,88,,,,,,
15_140_001,425,,,,,,
15_141_001,462,,,,,,
15_142_001,264,,,,,,
15_143_001,457,,,,,,
15_144_001,634,,,,,,
15_145_001,554,,,,,,
15_146_001,529,,,,,,
15_146_002,575,,,,,,
15_147_001,613,,,,,,
15_148_001,91,,,,,,
15_148_002,271,,,,,,
15_149_001,204,,,,,,
15_150_001,239,,,,,,
15_151_001,49,,,,,,
15_152_001,193,,,,,,
15_153_001,219,,,,,,
15_154_001,116,,,,,,
15_155_001,382,,,,,,
15_156_001,172,,,,,,
15_157_001,152,,,,,,
15_158_001,215,,,,,,
15_159_001,60,,,,,,
15_160_001,146,,,,,,
15_161_001,435,,,,,,
15_161_002,128,,,,,,
15_162_001,331,,,,,,
15_163_001,359,,,,,,
15_164_001,139,,,,,,
15_165_001,122,,,,,,
15_166_001,269,,,,,,
15_167_001,221,,,,,,
15_168_001,24,,,,,,
15_169_001,827,,,,,,
15_169_002,820,,,,,,
15_170_001,416,,,,,,
15_171_001,318,,,,,,
15_172_001,846,,,,,,
15_172_002,949,,,,,,
15_173_001,113,,,,,,
15_174_001,312,,,,,,
15_175_001,418,,,,,,
15_175_002,849,,,,,,
15_175_003,586,,,,,,
15_175_004,598,,,,,,
15_175_005,691,,,,,,
15_175_006,851,,,,,,
15_175_007,1010,,,,,,
15_175_008,949,,,,,,
15_175_009,592,,,,,,
15_175_010,936,,,,,,
15_175_011,925,,,,,,
15_175_012,577,,,,,,
15_175_013,818,,,,,,
15_175_014,844,,,,,,
15_175_015,725,,,,,,
15_175_016,857,,,,,,
15_175_017,837,,,,,,
15_175_018,1043,,,,,,
15_175_019,1247,,,,,,
15_175_020,1327,,,,,,
15_175_021,1264,,,,,,
15_175_022,325,,,,,,
15_175_023,933,,,,,,
15_175_024,937,,,,,,
15_176_001,533,,,,,,
15_177_001,551,,,,,,
15_178_001,315,,,,,,
15_179_001,102,,,,,,
15_180_001,120,,,,,,
15_181_001,476,,,,,,
15_181_002,127,,,,,,
15_182_001,396,,,,,,
15_183_001,79,,,,,,
15_184_001,113,,,,,,
15_185_001,108,,,,,,
15_186_001,135,,,,,,
15_187_001,373,,,,,,
15_188_001,306,,,,,,
15_189_001,559,,,,,,
15_189_002,684,,,,,,
15_190_001,360,,,,,,
15_191_001,492,,,,,,
15_192_001,988,,,,,,
15_193_001,42,,,,,,
15_194_001,477,,,,,,
15_195_001,515,,,,,,
15_196_001,524,,,,,,
15_196_002,655,,,,,,
15_197_001,376,,,,,,
15_198_001,419,,,,,,
15_198_002,404,,,,,,
15_199_001,551,,,,,,
15_200_001,714,,,,,,
15_200_002,457,,,,,,
15_200_003,95,,,,,,
15_201_001,237,,,,,,
15_201_002,157,,,,,,
15_202_001,215,,,,,,
15_203_001,413,,,,,,
15_204_001,597,,,,,,
15_205_001,153,,,,,,
15_206_001,577,,,,,,
15_207_001,290,,,,,,
15_208_001,238,,,,,,
15_209_001,82,,,,,,
15_210_001,360,,,,,,
15_211_001,232,,,,,,
15_212_001,144,,,,,,
15_213_001,77,,,,,,
15_214_001,453,,,,,,
15_215_001,177,,,,,,
15_216_001,459,,,,,,
15_216_002,556,,,,,,
15_217_001,463,,,,,,
15_218_001,648,,,,,,
15_218_002,626,,,,,,
15_218_003,630,,,,,,
15_218_004,705,,,,,,
15_218_005,717,,,,,,
15_219_001,398,,,,,,
15_220_001,883,,,,,,
15_221_001,714,,,,,,
15_221_002,741,,,,,,
15_222_001,260,,,,,,
15_223_001,147,,,,,,
15_224_001,317,,,,,,
15_225_001,93,,,,,,
15_226_001,174,,,,,,
15_227_001,176,,,,,,
15_228_001,322,,,,,,
15_229_001,86,,,,,,
15_229_002,80,,,,,,
15_230_001,90,,,,,,
15_231_001,330,,,,,,
15_232_001,537,,,,,,
15_233_001,169,,,,,,
15_234_001,141,,,,,,
15_235_001,406,,,,,,
15_236_001,322,,,,,,
15_237_001,193,,,,,,
15_238_001,1028,,,,,,
15_238_002,1162,,,,,,
15_239_001,373,,,,,,
15_239_002,471,,,,,,
15_240_001,262,,,,,,
15_241_001,397,,,,,,
15_242_001,195,,,,,,
15_243_001,324,,,,,,
15_244_001,341,,,,,,
15_245_001,409,,,,,,
15_246_001,1218,,,,,,
16_001_001,961,,,,,,
16_001_002,850,,,,,,
16_001_003,1071,,,,,,
16_002_001,782,,,,,,
16_002_002,745,,,,,,
16_003_001,603,,,,,,
16_003_002,592,,,,,,
16_003_003,662,,,,,,
16_004_001,725,,,,,,
16_004_002,758,,,,,,
16_005_001,762,,,,,,
16_005_002,849,,,,,,
16_005_003,1125,,,,,,
16_006_001,764,,,,,,
16_006_002,953,,,,,,
16_006_003,1053,,,,,,
16_006_004,316,,,,,,
16_006_005,583,,,,,,
16_006_006,984,,,,,,
16_007_001,563,,,,,,
16_008_001,738,,,,,,
16_009_001,503,,,,,,
16_010_001,363,,,,,,
16_011_001,741,,,,,,
16_012_001,588,,,,,,
16_013_001,593,,,,,,
16_014_001,583,,,,,,
16_015_001,733,,,,,,
16_016_001,1035,,,,,,
16_017_001,623,,,,,,
16_018_001,556,,,,,,
16_018_002,590,,,,,,
16_018_003,589,,,,,,
16_018_004,610,,,,,,
16_019_001,645,,,,,,
16_019_002,621,,,,,,
16_019_003,594,,,,,,
16_020_001,504,,,,,,
16_021_001,420,,,,,,
16_022_001,505,,,,,,
16_023_001,294,,,,,,
16_024_001,546,,,,,,
16_025_001,704,,,,,,
16_025_002,756,,,,,,
16_025_003,893,,,,,,
16_025_004,704,,,,,,
16_025_005,799,,,,,,
16_026_001,645,,,,,,
16_027_001,571,,,,,,
16_028_001,109,,,,,,
16_029_001,607,,,,,,
16_029_002,896,,,,,,
16_029_003,888,,,,,,
16_029_004,602,,,,,,
16_029_005,193,,,,,,
16_030_001,985,,,,,,
16_030_002,1018,,,,,,
16_030_003,849,,,,,,
16_031_001,891,,,,,,
16_031_002,815,,,,,,
16_032_001,662,,,,,,
16_032_002,713,,,,,,
16_033_001,844,,,,,,
16_034_001,600,,,,,,
16_034_002,719,,,,,,
16_035_001,491,,,,,,
16_035_002,716,,,,,,
16_035_003,181,,,,,,
16_036_001,925,,,,,,
16_036_002,843,,,,,,
16_036_003,758,,,,,,
16_036_004,843,,,,,,
16_036_005,905,,,,,,
16_036_006,921,,,,,,
16_036_007,881,,,,,,
16_037_001,1010,,,,,,
16_037_002,944,,,,,,
16_038_001,349,,,,,,
16_039_001,268,,,,,,
16_040_001,629,,,,,,
16_041_001,111,,,,,,
16_042_001,841,,,,,,
16_042_002,920,,,,,,
16_042_003,859,,,,,,
16_043_001,439,,,,,,
16_044_001,614,,,,,,
16_045_001,720,,,,,,
16_045_002,638,,,,,,
16_046_001,386,,,,,,
16_047_001,764,,,,,,
16_047_002,699,,,,,,
16_048_001,785,,,,,,
16_049_001,109,,,,,,
16_050_001,1163,,,,,,
16_051_001,737,,,,,,
16_051_002,778,,,,,,
16_052_001,240,,,,,,
16_053_001,943,,,,,,
16_054_001,217,,,,,,
16_055_001,245,,,,,,
16_056_001,865,,,,,,
16_056_002,710,,,,,,
16_056_003,760,,,,,,
16_057_001,937,,,,,,
16_057_002,945,,,,,,
16_057_003,1014,,,,,,
16_057_004,1134,,,,,,
16_057_005,920,,,,,,
16_057_006,203,,,,,,
16_058_001,881,,,,,,
16_059_001,600,,,,,,
16_060_001,1334,,,,,,
16_061_001,1019,,,,,,
16_062_001,612,,,,,,
16_063_001,581,,,,,,
16_063_002,720,,,,,,
16_063_003,582,,,,,,
16_063_004,795,,,,,,
16_063_005,224,,,,,,
16_064_001,698,,,,,,
16_064_002,618,,,,,,
16_064_003,150,,,,,,
16_065_001,694,,,,,,
16_065_002,870,,,,,,
16_066_001,1093,,,,,,
16_066_002,889,,,,,,
16_066_003,794,,,,,,
16_066_004,973,,,,,,
16_067_001,737,,,,,,
16_067_002,784,,,,,,
16_068_001,550,,,,,,
16_068_002,543,,,,,,
16_069_001,233,,,,,,
16_070_001,767,,,,,,
16_071_001,45,,,,,,
16_072_001,1185,,,,,,
16_073_001,239,,,,,,
16_074_001,465,,,,,,
16_075_001,455,,,,,,
16_076_001,801,,,,,,
16_077_001,622,,,,,,
16_077_002,852,,,,,,
16_077_003,705,,,,,,
16_077_004,926,,,,,,
16_077_005,1003,,,,,,
16_077_006,685,,,,,,
16_077_007,790,,,,,,
16_077_008,920,,,,,,
16_077_009,753,,,,,,
16_077_010,796,,,,,,
16_077_011,801,,,,,,
16_077_012,621,,,,,,
16_077_013,846,,,,,,
16_077_014,771,,,,,,
16_077_015,778,,,,,,
16_077_016,737,,,,,,
16_078_001,923,,,,,,
16_078_002,589,,,,,,
16_078_003,694,,,,,,
16_079_001,119,,,,,,
16_080_001,1015,,,,,,
16_081_001,1229,,,,,,
16_081_002,1181,,,,,,
16_081_003,1230,,,,,,
16_082_001,1049,,,,,,
16_083_001,420,,,,,,
16_084_001,720,,,,,,
16_085_001,766,,,,,,
16_085_002,717,,,,,,
16_085_003,790,,,,,,
16_086_001,636,,,,,,
16_087_001,396,,,,,,
16_088_001,236,,,,,,
16_089_001,686,,,,,,
16_090_001,237,,,,,,
16_091_001,675,,,,,,
16_091_002,744,,,,,,
16_091_003,910,,,,,,
16_091_004,746,,,,,,
16_092_001,766,,,,,,
16_092_002,770,,,,,,
16_093_001,480,,,,,,
16_094_001,1114,,,,,,
16_094_002,676,,,,,,
16_094_003,648,,,,,,
16_094_004,711,,,,,,
16_094_005,710,,,,,,
16_094_006,802,,,,,,
16_094_007,730,,,,,,
16_094_008,633,,,,,,
16_094_009,815,,,,,,
16_094_010,705,,,,,,
16_094_011,791,,,,,,
16_094_012,920,,,,,,
16_094_013,720,,,,,,
16_094_014,718,,,,,,
16_094_015,911,,,,,,
16_094_016,903,,,,,,
16_095_001,241,,,,,,
16_096_001,782,,,,,,
16_097_001,531,,,,,,
16_098_001,1085,,,,,,
16_098_002,599,,,,,,
16_099_001,699,,,,,,
16_100_001,513,,,,,,
16_101_001,917,,,,,,
16_101_002,204,,,,,,
16_101_003,102,,,,,,
16_102_001,815,,,,,,
16_102_002,820,,,,,,
16_103_001,762,,,,,,
16_103_002,723,,,,,,
16_103_003,790,,,,,,
16_103_004,735,,,,,,
16_103_005,862,,,,,,
16_103_006,749,,,,,,
16_104_001,694,,,,,,
16_104_002,757,,,,,,
16_104_003,788,,,,,,
16_104_004,835,,,,,,
16_104_005,435,,,,,,
16_104_006,815,,,,,,
16_105_001,113,,,,,,
16_106_001,978,,,,,,
16_106_002,954,,,,,,
16_106_003,909,,,,,,
16_106_004,850,,,,,,
16_106_005,915,,,,,,
16_106_006,980,,,,,,
16_106_007,860,,,,,,
16_106_008,963,,,,,,
16_107_001,410,,,,,,
16_108_001,1133,,,,,,
16_109_001,925,,,,,,
16_109_002,957,,,,,,
16_109_003,1120,,,,,,
16_110_001,722,,,,,,
16_111_001,89,,,,,,
16_112_001,1268,,,,,,
16_112_002,1138,,,,,,
16_112_003,1106,,,,,,
16_112_004,1099,,,,,,
16_112_005,1073,,,,,,
16_112_006,1239,,,,,,
16_112_007,1159,,,,,,
16_112_008,999,,,,,,
16_113_001,675,,,,,,
16_113_002,813,,,,,,
16_113_003,622,,,,,,
16_114_001,909,,,,,,
16_114_002,722,,,,,,
16_114_003,828,,,,,,
16_115_001,575,,,,,,
16_115_002,883,,,,,,
16_115_003,832,,,,,,
16_116_001,1081,,,,,,
16_116_002,625,,,,,,
16_117_001,923,,,,,,
16_118_001,436,,,,,,
16_119_001,814,,,,,,
16_119_002,973,,,,,,
16_119_003,718,,,,,,
16_119_004,1089,,,,,,
16_119_005,1080,,,,,,
16_119_006,875,,,,,,
16_119_007,781,,,,,,
16_119_008,885,,,,,,
16_119_009,786,,,,,,
16_119_010,800,,,,,,
16_119_011,894,,,,,,
16_119_012,708,,,,,,
16_119_013,852,,,,,,
16_119_014,879,,,,,,
16_119_015,1032,,,,,,
16_119_016,1146,,,,,,
16_119_017,799,,,,,,
16_119_018,767,,,,,,
16_119_019,1038,,,,,,
16_119_020,805,,,,,,
16_119_021,631,,,,,,
16_119_022,1082,,,,,,
16_119_023,861,,,,,,
16_119_024,941,,,,,,
16_119_025,830,,,,,,
16_119_026,717,,,,,,
16_119_027,682,,,,,,
16_119_028,1139,,,,,,
16_119_029,740,,,,,,
16_119_030,975,,,,,,
16_119_031,781,,,,,,
16_119_032,828,,,,,,
16_119_033,755,,,,,,
16_119_034,685,,,,,,
16_119_035,924,,,,,,
16_119_036,844,,,,,,
16_119_037,903,,,,,,
16_119_038,882,,,,,,
16_119_039,729,,,,,,
16_119_040,1222,,,,,,
16_119_041,1191,,,,,,
16_119_042,1164,,,,,,
16_119_043,1193,,,,,,
16_119_044,869,,,,,,
16_119_045,689,,,,,,
16_119_046,785,,,,,,
16_119_047,1034,,,,,,
16_119_048,956,,,,,,
16_119_049,599,,,,,,
16_119_050,801,,,,,,
16_119_051,895,,,,,,
16_119_052,806,,,,,,
16_119_053,677,,,,,,
16_119_054,1100,,,,,,
16_119_055,827,,,,,,
16_119_056,697,,,,,,
16_119_057,942,,,,,,
16_119_058,822,,,,,,
16_119_059,817,,,,,,
16_119_060,677,,,,,,
16_119_061,803,,,,,,
16_119_062,1153,,,,,,
16_119_063,1022,,,,,,
16_119_064,1003,,,,,,
16_119_065,909,,,,,,
16_119_066,877,,,,,,
16_119_067,898,,,,,,
16_119_068,943,,,,,,
16_119_069,952,,,,,,
16_119_070,989,,,,,,
16_119_071,1180,,,,,,
16_119_072,834,,,,,,
16_119_073,1080,,,,,,
16_119_074,1096,,,,,,
16_119_075,1117,,,,,,
16_119_076,582,,,,,,
16_119_077,576,,,,,,
16_119_078,613,,,,,,
16_119_079,1112,,,,,,
16_119_080,990,,,,,,
16_119_081,1206,,,,,,
16_119_082,903,,,,,,
16_119_083,645,,,,,,
16_119_084,1129,,,,,,
16_119_085,997,,,,,,
16_119_086,1065,,,,,,
16_119_087,841,,,,,,
16_119_088,865,,,,,,
16_119_089,1010,,,,,,
16_119_090,1058,,,,,,
16_119_091,1222,,,,,,
16_119_092,834,,,,,,
16_119_093,1388,,,,,,
16_119_094,1249,,,,,,
16_119_095,973,,,,,,
16_119_096,1184,,,,,,
16_119_097,844,,,,,,
16_119_098,829,,,,,,
16_119_099,1047,,,,,,
16_119_100,669,,,,,,
16_119_101,1157,,,,,,
16_120_001,686,,,,,,
16_120_002,169,,,,,,
16_121_001,691,,,,,,
16_121_002,803,,,,,,
16_122_001,887,,,,,,
16_123_001,652,,,,,,
16_124_001,758,,,,,,
16_124_002,999,,,,,,
16_125_001,685,,,,,,
16_125_002,714,,,,,,
16_126_001,614,,,,,,
16_127_001,553,,,,,,
16_128_001,802,,,,,,
16_128_002,962,,,,,,
16_128_003,347,,,,,,
16_129_001,1047,,,,,,
16_129_002,830,,,,,,
16_129_003,919,,,,,,
16_129_004,857,,,,,,
16_130_001,1090,,,,,,
16_130_002,986,,,,,,
16_131_001,705,,,,,,
16_131_002,761,,,,,,
16_132_001,685,,,,,,
16_133_001,702,,,,,,
16_133_002,700,,,,,,
16_133_003,804,,,,,,
16_133_004,974,,,,,,
16_134_001,605,,,,,,
16_135_001,819,,,,,,
16_135_002,684,,,,,,
16_136_001,888,,,,,,
16_136_002,1048,,,,,,
16_136_003,1108,,,,,,
16_136_004,739,,,,,,
16_136_005,1066,,,,,,
16_136_006,700,,,,,,
16_137_001,833,,,,,,
16_138_001,822,,,,,,
16_138_002,804,,,,,,
16_139_001,806,,,,,,
16_139_002,730,,,,,,
16_140_001,529,,,,,,
16_141_001,232,,,,,,
16_142_001,1028,,,,,,
16_142_002,1033,,,,,,
16_143_001,943,,,,,,
16_143_002,1201,,,,,,
16_144_001,615,,,,,,
16_144_002,678,,,,,,
16_145_001,359,,,,,,
16_146_001,633,,,,,,
16_146_002,532,,,,,,
16_147_001,427,,,,,,
16_148_001,735,,,,,,
16_148_002,732,,,,,,
16_149_001,633,,,,,,
16_150_001,903,,,,,,
16_151_001,703,,,,,,
16_151_002,890,,,,,,
16_151_003,633,,,,,,
16_152_001,542,,,,,,
16_153_001,744,,,,,,
16_154_001,590,,,,,,
16_155_001,673,,,,,,
16_155_002,602,,,,,,
16_156_001,643,,,,,,
16_156_002,672,,,,,,
16_157_001,701,,,,,,
16_157_002,666,,,,,,
16_157_003,619,,,,,,
16_158_001,621,,,,,,
16_158_002,620,,,,,,
16_159_001,1073,,,,,,
16_160_001,610,,,,,,
16_160_002,817,,,,,,
16_160_003,734,,,,,,
16_160_004,667,,,,,,
16_160_005,787,,,,,,
16_161_001,1090,,,,,,
16_162_001,106,,,,,,
16_163_001,808,,,,,,
16_164_001,932,,,,,,
16_165_001,539,,,,,,
16_166_001,1182,,,,,,
16_167_001,618,,,,,,
16_168_001,285,,,,,,
16_169_001,893,,,,,,
16_170_001,543,,,,,,
16_170_002,556,,,,,,
16_171_001,836,,,,,,
16_171_002,679,,,,,,
16_171_003,636,,,,,,
16_172_001,412,,,,,,
16_173_001,341,,,,,,
16_174_001,314,,,,,,
16_175_001,567,,,,,,
16_176_001,594,,,,,,
16_176_002,807,,,,,,
16_177_001,252,,,,,,
16_178_001,306,,,,,,
16_179_001,605,,,,,,
16_179_002,613,,,,,,
16_180_001,777,,,,,,
16_181_001,921,,,,,,
16_181_002,913,,,,,,
16_182_001,287,,,,,,
16_183_001,534,,,,,,
16_184_001,784,,,,,,
16_185_001,916,,,,,,
16_186_001,476,,,,,,
16_187_001,996,,,,,,
16_188_001,716,,,,,,
16_188_002,652,,,,,,
16_189_001,745,,,,,,
16_189_002,715,,,,,,
16_190_001,193,,,,,,
16_191_001,535,,,,,,
16_191_002,545,,,,,,
16_191_003,546,,,,,,
16_192_001,498,,,,,,
16_192_002,688,,,,,,
16_192_003,718,,,,,,
16_192_004,107,,,,,,
16_193_001,736,,,,,,
16_193_002,663,,,,,,
16_193_003,364,,,,,,
16_193_004,93,,,,,,
16_194_001,556,,,,,,
16_194_002,614,,,,,,
16_195_001,684,,,,,,
16_196_001,585,,,,,,
16_197_001,855,,,,,,
16_197_002,976,,,,,,
16_197_003,777,,,,,,
16_197_004,967,,,,,,
16_197_005,335,,,,,,
16_197_006,201,,,,,,
16_198_001,490,,,,,,
16_199_001,573,,,,,,
16_199_002,602,,,,,,
16_199_003,277,,,,,,
16_200_001,403,,,,,,
16_201_001,746,,,,,,
16_202_001,916,,,,,,
16_203_001,572,,,,,,
16_203_002,471,,,,,,
16_204_001,620,,,,,,
16_204_002,577,,,,,,
16_204_003,1093,,,,,,
16_204_004,1224,,,,,,
16_204_005,624,,,,,,
16_204_006,611,,,,,,
16_204_007,1128,,,,,,
16_204_008,1084,,,,,,
16_204_009,1203,,,,,,
16_204_010,1316,,,,,,
16_205_001,383,,,,,,
16_206_001,486,,,,,,
16_207_001,149,,,,,,
16_208_001,574,,,,,,
16_208_002,620,,,,,,
16_208_003,705,,,,,,
16_209_001,700,,,,,,
16_209_002,612,,,,,,
16_209_003,565,,,,,,
16_210_001,919,,,,,,
16_210_002,703,,,,,,
16_210_003,793,,,,,,
16_211_001,530,,,,,,
16_212_001,510,,,,,,
16_213_001,511,,,,,,
16_213_002,514,,,,,,
16_213_003,473,,,,,,
16_214_001,472,,,,,,
16_215_001,342,,,,,,
16_216_001,501,,,,,,
16_217_001,1218,,,,,,
16_217_002,1347,,,,,,
16_217_003,1121,,,,,,
16_217_004,1426,,,,,,
16_217_005,1277,,,,,,
16_217_006,1099,,,,,,
16_217_007,1178,,,,,,
16_217_008,1230,,,,,,
16_218_001,729,,,,,,
16_219_001,974,,,,,,
16_219_002,930,,,,,,
16_219_003,750,,,,,,
16_220_001,622,,,,,,
16_220_002,685,,,,,,
16_221_001,1016,,,,,,
16_222_001,446,,,,,,
16_223_001,391,,,,,,
16_224_001,634,,,,,,
16_224_002,855,,,,,,
16_224_003,1057,,,,,,
16_224_004,764,,,,,,
16_224_005,793,,,,,,
16_224_006,578,,,,,,
16_224_007,759,,,,,,
16_224_008,952,,,,,,
16_224_009,160,,,,,,
16_225_001,324,,,,,,
16_226_001,934,,,,,,
16_226_002,909,,,,,,
16_226_003,748,,,,,,
16_226_004,809,,,,,,
16_227_001,334,,,,,,
16_228_001,540,,,,,,
16_229_001,717,,,,,,
17_001_001,531,,,,,,
17_002_001,563,,,,,,
17_003_001,382,,,,,,
17_003_002,426,,,,,,
17_004_001,608,,,,,,
17_005_001,594,,,,,,
17_005_002,602,,,,,,
17_006_001,309,,,,,,
17_007_001,1010,,,,,,
17_007_002,903,,,,,,
17_007_003,1031,,,,,,
17_007_004,1061,,,,,,
17_007_005,1009,,,,,,
17_008_001,202,,,,,,
17_009_001,329,,,,,,
17_010_001,869,,,,,,
17_010_002,823,,,,,,
17_011_001,631,,,,,,
17_011_002,585,,,,,,
17_011_003,613,,,,,,
17_011_004,616,,,,,,
17_011_005,609,,,,,,
17_011_006,610,,,,,,
17_011_007,602,,,,,,
17_011_008,599,,,,,,
17_011_009,599,,,,,,
17_011_010,572,,,,,,
17_011_011,628,,,,,,
17_011_012,650,,,,,,
17_011_013,676,,,,,,
17_011_014,612,,,,,,
17_011_015,893,,,,,,
17_011_016,249,,,,,,
17_011_017,106,,,,,,
17_012_001,350,,,,,,
17_013_001,724,,,,,,
17_013_002,715,,,,,,
17_013_003,683,,,,,,
17_014_001,747,,,,,,
17_015_001,203,,,,,,
17_016_001,661,,,,,,
17_017_001,926,,,,,,
17_018_001,796,,,,,,
17_018_002,766,,,,,,
17_018_003,828,,,,,,
17_018_004,760,,,,,,
17_019_001,254,,,,,,
17_020_001,712,,,,,,
17_020_002,724,,,,,,
17_020_003,775,,,,,,
17_020_004,841,,,,,,
17_020_005,585,,,,,,
17_020_006,491,,,,,,
17_020_007,479,,,,,,
17_020_008,706,,,,,,
17_020_009,781,,,,,,
17_020_010,857,,,,,,
17_020_011,723,,,,,,
17_020_012,509,,,,,,
17_020_013,696,,,,,,
17_020_014,577,,,,,,
17_020_015,667,,,,,,
17_020_016,704,,,,,,
17_020_017,650,,,,,,
17_020_018,613,,,,,,
17_020_019,719,,,,,,
17_020_020,826,,,,,,
17_020_021,586,,,,,,
17_021_001,526,,,,,,
17_021_002,438,,,,,,
17_021_003,491,,,,,,
17_022_001,1062,,,,,,
17_022_002,1052,,,,,,
17_022_003,805,,,,,,
17_022_004,702,,,,,,
17_022_005,811,,,,,,
17_022_006,1156,,,,,,
17_022_007,1039,,,,,,
17_023_001,605,,,,,,
17_023_002,756,,,,,,
17_023_003,599,,,,,,
17_024_001,199,,,,,,
17_025_001,524,,,,,,
17_026_001,785,,,,,,
17_026_002,797,,,,,,
17_026_003,828,,,,,,
17_026_004,784,,,,,,
17_027_001,549,,,,,,
17_028_001,451,,,,,,
17_029_001,828,,,,,,
17_030_001,499,,,,,,
17_031_001,978,,,,,,
17_032_001,126,,,,,,
17_033_001,709,,,,,,
17_033_002,683,,,,,,
17_034_001,505,,,,,,
17_035_001,777,,,,,,
17_036_001,594,,,,,,
17_037_001,654,,,,,,
17_038_001,751,,,,,,
17_038_002,687,,,,,,
17_038_003,721,,,,,,
17_039_001,645,,,,,,
17_039_002,730,,,,,,
17_039_003,609,,,,,,
17_040_001,346,,,,,,
17_041_001,178,,,,,,
17_042_001,836,,,,,,
17_043_001,689,,,,,,
17_043_002,613,,,,,,
17_044_001,104,,,,,,
17_045_001,530,,,,,,
17_045_002,142,,,,,,
17_046_001,928,,,,,,
17_046_002,312,,,,,,
17_047_001,153,,,,,,
17_048_001,534,,,,,,
17_049_001,559,,,,,,
17_050_001,272,,,,,,
17_051_001,238,,,,,,
17_052_001,241,,,,,,
17_053_001,268,,,,,,
17_054_001,898,,,,,,
17_055_001,242,,,,,,
17_056_001,504,,,,,,
17_056_002,517,,,,,,
17_056_003,63,,,,,,
17_057_001,859,,,,,,
17_058_001,102,,,,,,
17_059_001,365,,,,,,
17_060_001,749,,,,,,
17_060_002,747,,,,,,
17_061_001,802,,,,,,
17_062_001,502,,,,,,
17_062_002,94,,,,,,
17_063_001,220,,,,,,
17_064_001,497,,,,,,
17_064_002,70,,,,,,
17_065_001,264,,,,,,
17_066_001,276,,,,,,
17_067_001,329,,,,,,
17_068_001,45,,,,,,
17_069_001,619,,,,,,
17_069_002,682,,,,,,
17_069_003,719,,,,,,
17_070_001,57,,,,,,
17_070_002,739,,,,,,
17_071_001,884,,,,,,
17_071_002,930,,,,,,
17_072_001,294,,,,,,
17_073_001,636,,,,,,
17_074_001,113,,,,,,
17_075_001,400,,,,,,
17_076_001,649,,,,,,
17_076_002,674,,,,,,
17_077_001,610,,,,,,
17_077_002,570,,,,,,
17_078_001,741,,,,,,
17_078_002,570,,,,,,
17_078_003,573,,,,,,
17_079_001,794,,,,,,
17_079_002,971,,,,,,
17_079_003,915,,,,,,
17_079_004,1008,,,,,,
17_079_005,950,,,,,,
17_079_006,874,,,,,,
17_079_007,1001,,,,,,
17_079_008,976,,,,,,
17_079_009,758,,,,,,
17_079_010,727,,,,,,
17_079_011,874,,,,,,
17_079_012,699,,,,,,
17_079_013,986,,,,,,
17_079_014,918,,,,,,
17_079_015,884,,,,,,
17_079_016,301,,,,,,
17_079_017,247,,,,,,
17_080_001,631,,,,,,
17_080_002,391,,,,,,
17_080_003,71,,,,,,
17_081_001,1011,,,,,,
17_081_002,724,,,,,,
17_082_001,444,,,,,,
17_083_001,746,,,,,,
17_084_001,821,,,,,,
17_085_001,432,,,,,,
17_086_001,554,,,,,,
17_086_002,184,,,,,,
17_086_003,61,,,,,,
17_087_001,939,,,,,,
17_087_002,1055,,,,,,
17_087_003,1047,,,,,,
17_088_001,538,,,,,,
17_088_002,491,,,,,,
17_089_001,152,,,,,,
17_090_001,573,,,,,,
17_090_002,446,,,,,,
17_091_001,609,,,,,,
17_092_001,519,,,,,,
17_093_001,164,,,,,,
17_094_001,517,,,,,,
17_094_002,574,,,,,,
17_094_003,572,,,,,,
17_095_001,1119,,,,,,
17_095_002,628,,,,,,
17_095_003,682,,,,,,
17_095_004,745,,,,,,
17_095_005,285,,,,,,
17_095_006,511,,,,,,
17_095_007,511,,,,,,
17_095_008,608,,,,,,
17_095_009,458,,,,,,
17_095_010,652,,,,,,
17_095_011,1100,,,,,,
17_095_012,594,,,,,,
17_095_013,443,,,,,,
17_095_014,429,,,,,,
17_095_015,469,,,,,,
17_095_016,454,,,,,,
17_095_017,499,,,,,,
17_095_018,504,,,,,,
17_095_019,725,,,,,,
17_095_020,813,,,,,,
17_095_021,541,,,,,,
17_095_022,468,,,,,,
17_095_023,507,,,,,,
17_095_024,485,,,,,,
17_095_025,463,,,,,,
17_095_026,556,,,,,,
17_095_027,566,,,,,,
17_095_028,552,,,,,,
17_095_029,562,,,,,,
17_095_030,748,,,,,,
17_095_031,521,,,,,,
17_095_032,615,,,,,,
17_095_033,581,,,,,,
17_095_034,698,,,,,,
17_095_035,604,,,,,,
17_095_036,717,,,,,,
17_095_037,927,,,,,,
17_095_038,890,,,,,,
17_095_039,985,,,,,,
17_096_001,227,,,,,,
17_096_002,970,,,,,,
17_096_003,848,,,,,,
17_096_004,768,,,,,,
17_096_005,990,,,,,,
17_096_006,665,,,,,,
17_096_007,260,,,,,,
17_096_008,913,,,,,,
17_096_009,556,,,,,,
17_097_001,729,,,,,,
17_097_002,288,,,,,,
17_097_003,710,,,,,,
17_098_001,527,,,,,,
17_098_002,513,,,,,,
17_099_001,1102,,,,,,
17_099_002,1167,,,,,,
17_099_003,1019,,,,,,
17_099_004,1207,,,,,,
17_099_005,1154,,,,,,
17_099_006,1129,,,,,,
17_099_007,993,,,,,,
17_099_008,1076,,,,,,
17_100_001,777,,,,,,
17_101_001,225,,,,,,
17_102_001,199,,,,,,
17_103_001,268,,,,,,
17_104_001,618,,,,,,
17_105_001,911,,,,,,
17_106_001,100,,,,,,
17_107_001,201,,,,,,
17_108_001,612,,,,,,
17_108_002,441,,,,,,
17_108_003,459,,,,,,
17_108_004,102,,,,,,
17_109_001,467,,,,,,
18_001_001,511,,,,,,
18_002_001,289,,,,,,
18_003_001,454,,,,,,
18_004_001,202,,,,,,
18_005_001,310,,,,,,
18_006_001,396,,,,,,
18_007_001,930,,,,,,
18_008_001,353,,,,,,
18_009_001,389,,,,,,
18_010_001,640,,,,,,
18_011_001,134,,,,,,
18_012_001,312,,,,,,
18_013_001,239,,,,,,
18_014_001,310,,,,,,
18_015_001,268,,,,,,
18_016_001,557,,,,,,
18_017_001,483,,,,,,
18_018_001,739,,,,,,
18_018_002,611,,,,,,
18_018_003,796,,,,,,
18_018_004,625,,,,,,
18_019_001,244,,,,,,
18_020_001,1034,,,,,,
18_020_002,888,,,,,,
18_020_003,926,,,,,,
18_020_004,962,,,,,,
18_020_005,1016,,,,,,
18_020_006,1026,,,,,,
18_020_007,873,,,,,,
18_020_008,1101,,,,,,
18_020_009,271,,,,,,
18_021_001,165,,,,,,
18_022_001,512,,,,,,
18_022_002,730,,,,,,
18_023_001,304,,,,,,
18_024_001,203,,,,,,
18_025_001,268,,,,,,
18_026_001,278,,,,,,
18_027_001,949,,,,,,
18_027_002,867,,,,,,
18_027_003,733,,,,,,
18_028_001,568,,,,,,
18_029_001,290,,,,,,
18_030_001,282,,,,,,
18_031_001,658,,,,,,
18_032_001,82,,,,,,
18_033_001,262,,,,,,
18_034_001,128,,,,,,
18_035_001,99,,,,,,
18_036_001,202,,,,,,
18_037_001,287,,,,,,
18_038_001,237,,,,,,
18_039_001,453,,,,,,
18_040_001,1088,,,,,,
18_041_001,408,,,,,,
18_042_001,156,,,,,,
18_043_001,212,,,,,,
18_044_001,451,,,,,,
18_045_001,364,,,,,,
18_046_001,1148,,,,,,
18_046_002,1021,,,,,,
18_047_001,558,,,,,,
18_048_001,891,,,,,,
18_049_001,256,,,,,,
18_050_001,131,,,,,,
18_051_001,916,,,,,,
18_052_001,513,,,,,,
18_053_001,61,,,,,,
18_054_001,196,,,,,,
18_055_001,154,,,,,,
18_056_001,586,,,,,,
18_057_001,120,,,,,,
18_058_001,107,,,,,,
18_059_001,235,,,,,,
18_060_001,55,,,,,,
18_061_001,110,,,,,,
18_062_001,143,,,,,,
18_063_001,621,,,,,,
18_064_001,535,,,,,,
18_065_001,706,,,,,,
18_065_002,648,,,,,,
18_066_001,40,,,,,,
18_067_001,82,,,,,,
18_068_001,393,,,,,,
18_069_001,1162,,,,,,
18_069_002,946,,,,,,
18_070_001,406,,,,,,
18_071_001,663,,,,,,
18_071_002,609,,,,,,
18_071_003,642,,,,,,
18_072_001,159,,,,,,
18_073_001,275,,,,,,
18_074_001,829,,,,,,
18_075_001,368,,,,,,
18_076_001,69,,,,,,
18_077_001,79,,,,,,
18_078_001,705,,,,,,
18_079_001,405,,,,,,
18_080_001,324,,,,,,
18_081_001,424,,,,,,
18_082_001,173,,,,,,
18_083_001,185,,,,,,
18_084_001,217,,,,,,
18_085_001,671,,,,,,
18_086_001,183,,,,,,
18_087_001,59,,,,,,
18_088_001,102,,,,,,
18_089_001,141,,,,,,
18_090_001,185,,,,,,
18_091_001,374,,,,,,
18_092_001,77,,,,,,
18_093_001,405,,,,,,
18_094_001,228,,,,,,
18_095_001,935,,,,,,
18_095_002,1035,,,,,,
18_095_003,1000,,,,,,
18_095_004,1102,,,,,,
18_095_005,1287,,,,,,
18_095_006,1059,,,,,,
18_095_007,997,,,,,,
18_095_008,338,,,,,,
18_095_009,685,,,,,,
18_095_010,144,,,,,,
18_096_001,1115,,,,,,
18_096_002,1271,,,,,,
18_096_003,1004,,,,,,
18_096_004,1140,,,,,,
18_096_005,1115,,,,,,
18_096_006,1101,,,,,,
18_096_007,1133,,,,,,
18_096_008,780,,,,,,
18_096_009,425,,,,,,
18_097_001,239,,,,,,
18_098_001,162,,,,,,
18_099_001,462,,,,,,
18_100_001,90,,,,,,
18_101_001,882,,,,,,
18_102_001,632,,,,,,
18_103_001,211,,,,,,
18_104_001,339,,,,,,
18_105_001,205,,,,,,
18_106_001,569,,,,,,
18_107_001,265,,,,,,
18_108_001,475,,,,,,
18_109_001,129,,,,,,
18_110_001,178,,,,,,
18_111_001,174,,,,,,
18_112_001,244,,,,,,
18_113_001,348,,,,,,
18_114_001,204,,,,,,
18_115_001,129,,,,,,
18_116_001,98,,,,,,
18_117_001,200,,,,,,
18_118_001,752,,,,,,
18_119_001,106,,,,,,
18_120_001,374,,,,,,
18_121_001,1102,,,,,,
18_122_001,1161,,,,,,
18_123_001,516,,,,,,
18_124_001,258,,,,,,
18_125_001,233,,,,,,
18_126_001,265,,,,,,
18_127_001,300,,,,,,
18_128_001,123,,,,,,
18_129_001,24,,,,,,
18_130_001,221,,,,,,
18_131_001,448,,,,,,
18_132_001,278,,,,,,
18_133_001,314,,,,,,
18_134_001,62,,,,,,
18_135_001,623,,,,,,
18_136_001,503,,,,,,
18_137_001,83,,,,,,
18_138_001,540,,,,,,
18_139_001,161,,,,,,
18_140_001,918,,,,,,
18_141_001,348,,,,,,
18_142_001,230,,,,,,
18_143_001,232,,,,,,
18_144_001,627,,,,,,
18_145_001,530,,,,,,
18_146_001,359,,,,,,
18_147_001,173,,,,,,
18_148_001,141,,,,,,
18_149_001,279,,,,,,
18_150_001,124,,,,,,
18_151_001,215,,,,,,
18_152_001,123,,,,,,
18_153_001,696,,,,,,
18_154_001,592,,,,,,
18_155_001,734,,,,,,
18_156_001,736,,,,,,
18_156_002,666,,,,,,
18_157_001,177,,,,,,
18_158_001,246,,,,,,
18_159_001,186,,,,,,
18_160_001,620,,,,,,
18_160_002,794,,,,,,
18_160_003,670,,,,,,
18_161_001,105,,,,,,
18_162_001,311,,,,,,
18_163_001,981,,,,,,
18_164_001,245,,,,,,
18_165_001,390,,,,,,
18_166_001,68,,,,,,
18_167_001,785,,,,,,
18_167_002,509,,,,,,
18_167_003,544,,,,,,
18_167_004,627,,,,,,
18_167_005,34,,,,,,
18_167_006,639,,,,,,
18_167_007,601,,,,,,
18_167_008,776,,,,,,
18_167_009,638,,,,,,
18_167_010,837,,,,,,
18_167_011,587,,,,,,
18_167_012,644,,,,,,
18_167_013,692,,,,,,
18_167_014,764,,,,,,
18_167_015,771,,,,,,
18_167_016,909,,,,,,
18_167_017,607,,,,,,
18_167_018,110,,,,,,
18_168_001,1097,,,,,,
18_169_001,419,,,,,,
18_170_001,575,,,,,,
18_171_001,522,,,,,,
18_172_001,200,,,,,,
18_173_001,640,,,,,,
18_174_001,522,,,,,,
18_175_001,641,,,,,,
18_176_001,45,,,,,,
18_177_001,300,,,,,,
18_178_001,194,,,,,,
18_179_001,188,,,,,,
18_180_001,54,,,,,,
18_181_001,538,,,,,,
18_182_001,264,,,,,,
18_183_001,480,,,,,,
18_183_002,605,,,,,,
18_183_003,699,,,,,,
18_183_004,650,,,,,,
18_183_005,714,,,,,,
18_183_006,637,,,,,,
18_183_007,612,,,,,,
18_183_008,385,,,,,,
18_183_009,653,,,,,,
18_183_010,218,,,,,,
18_183_011,321,,,,,,
18_183_012,276,,,,,,
18_183_013,55,,,,,,
18_184_001,812,,,,,,
18_185_001,228,,,,,,
18_186_001,875,,,,,,
18_186_002,1164,,,,,,
18_186_003,975,,,,,,
18_186_004,809,,,,,,
18_186_005,1093,,,,,,
18_186_006,924,,,,,,
18_186_007,913,,,,,,
18_186_008,780,,,,,,
18_186_009,648,,,,,,
18_186_010,686,,,,,,
18_186_011,1167,,,,,,
18_186_012,743,,,,,,
18_186_013,944,,,,,,
18_186_014,815,,,,,,
18_186_015,712,,,,,,
18_186_016,748,,,,,,
18_186_017,622,,,,,,
18_186_018,685,,,,,,
18_186_019,681,,,,,,
18_186_020,662,,,,,,
18_186_021,751,,,,,,
18_186_022,779,,,,,,
18_186_023,738,,,,,,
18_186_024,695,,,,,,
18_186_025,751,,,,,,
18_186_026,747,,,,,,
18_186_027,747,,,,,,
18_186_028,743,,,,,,
18_186_029,739,,,,,,
18_186_030,713,,,,,,
18_186_031,864,,,,,,
18_186_032,660,,,,,,
18_186_033,640,,,,,,
18_186_034,897,,,,,,
18_186_035,836,,,,,,
18_186_036,1017,,,,,,
18_186_037,944,,,,,,
18_186_038,646,,,,,,
18_186_039,863,,,,,,
18_186_040,641,,,,,,
18_186_041,777,,,,,,
18_186_042,878,,,,,,
18_186_043,1092,,,,,,
18_186_044,644,,,,,,
18_186_045,1210,,,,,,
18_186_046,1120,,,,,,
18_186_047,717,,,,,,
18_186_048,848,,,,,,
18_186_049,626,,,,,,
18_186_050,758,,,,,,
18_186_051,676,,,,,,
18_186_052,721,,,,,,
18_186_053,787,,,,,,
18_186_054,1183,,,,,,
18_186_055,705,,,,,,
18_186_056,1215,,,,,,
18_186_057,1205,,,,,,
18_186_058,1202,,,,,,
18_186_059,743,,,,,,
18_186_060,1026,,,,,,
18_186_061,1153,,,,,,
18_186_062,677,,,,,,
18_186_063,897,,,,,,
18_186_064,648,,,,,,
18_186_065,726,,,,,,
18_186_066,860,,,,,,
18_186_067,717,,,,,,
18_186_068,893,,,,,,
18_186_069,639,,,,,,
18_186_070,789,,,,,,
18_186_071,845,,,,,,
18_186_072,436,,,,,,
18_186_073,631,,,,,,
18_186_100,203,,,,,,
18_187_001,263,,,,,,
18_188_001,645,,,,,,
18_189_001,1139,,,,,,
18_189_002,982,,,,,,
18_190_001,361,,,,,,
18_191_001,298,,,,,,
18_192_001,251,,,,,,
18_193_001,245,,,,,,
18_194_001,877,,,,,,
18_194_002,706,,,,,,
18_195_001,239,,,,,,
18_196_001,389,,,,,,
18_196_002,302,,,,,,
18_197_001,258,,,,,,
18_198_001,348,,,,,,
18_199_001,286,,,,,,
18_200_001,297,,,,,,
18_201_001,268,,,,,,
18_202_001,605,,,,,,
18_203_001,287,,,,,,
18_204_001,474,,,,,,
18_204_002,609,,,,,,
18_205_001,333,,,,,,
18_206_001,590,,,,,,
18_206_002,604,,,,,,
18_206_003,652,,,,,,
18_206_004,677,,,,,,
18_206_005,625,,,,,,
18_206_006,100,,,,,,
18_206_007,59,,,,,,
18_207_001,244,,,,,,
18_208_001,288,,,,,,
18_209_001,545,,,,,,
18_210_001,327,,,,,,
18_211_001,67,,,,,,
18_212_001,699,,,,,,
18_212_002,665,,,,,,
18_212_003,642,,,,,,
18_212_004,663,,,,,,
18_213_001,208,,,,,,
18_214_001,583,,,,,,
18_215_001,82,,,,,,
18_216_001,183,,,,,,
19_001_001,635,,,,,,
19_002_001,305,,,,,,
19_003_001,900,,,,,,
19_003_002,979,,,,,,
19_003_003,662,,,,,,
19_003_004,1029,,,,,,
19_003_005,623,,,,,,
19_003_006,776,,,,,,
19_003_007,552,,,,,,
19_003_008,747,,,,,,
19_003_009,801,,,,,,
19_003_010,730,,,,,,
19_003_011,685,,,,,,
19_003_012,812,,,,,,
19_003_013,546,,,,,,
19_003_014,890,,,,,,
19_003_015,681,,,,,,
19_003_016,652,,,,,,
19_003_017,594,,,,,,
19_003_018,796,,,,,,
19_003_019,791,,,,,,
19_003_020,693,,,,,,
19_003_021,819,,,,,,
19_003_022,947,,,,,,
19_003_023,776,,,,,,
19_003_024,412,,,,,,
19_003_025,899,,,,,,
19_003_026,937,,,,,,
19_003_027,811,,,,,,
19_003_028,563,,,,,,
19_003_029,898,,,,,,
19_004_001,856,,,,,,
19_004_002,843,,,,,,
19_005_001,133,,,,,,
19_006_001,381,,,,,,
19_007_001,522,,,,,,
19_008_001,630,,,,,,
19_008_002,567,,,,,,
19_008_003,576,,,,,,
19_009_001,738,,,,,,
19_010_001,931,,,,,,
19_011_001,582,,,,,,
19_012_001,167,,,,,,
19_013_001,785,,,,,,
19_014_001,348,,,,,,
19_015_001,337,,,,,,
19_016_001,43,,,,,,
19_017_001,158,,,,,,
19_018_001,662,,,,,,
19_019_001,210,,,,,,
19_020_001,477,,,,,,
19_021_001,612,,,,,,
19_022_001,1082,,,,,,
19_022_002,993,,,,,,
19_022_003,943,,,,,,
19_022_004,979,,,,,,
19_022_005,1114,,,,,,
19_022_006,1073,,,,,,
19_022_007,1058,,,,,,
19_022_008,994,,,,,,
19_023_001,203,,,,,,
19_024_001,866,,,,,,
19_025_001,1096,,,,,,
19_026_001,1307,,,,,,
19_026_002,1118,,,,,,
19_026_003,1504,,,,,,
19_026_004,1320,,,,,,
19_026_005,1481,,,,,,
19_026_006,1322,,,,,,
19_026_007,1329,,,,,,
19_026_008,1545,,,,,,
19_027_001,852,,,,,,
19_027_002,904,,,,,,
19_027_003,576,,,,,,
19_027_004,695,,,,,,
19_027_005,680,,,,,,
19_028_001,122,,,,,,
19_029_001,781,,,,,,
19_029_002,700,,,,,,
19_029_003,741,,,,,,
19_030_001,173,,,,,,
19_031_001,421,,,,,,
19_032_001,522,,,,,,
19_033_001,337,,,,,,
19_035_001,98,,,,,,
19_036_001,344,,,,,,
19_037_001,571,,,,,,
19_038_001,854,,,,,,
19_038_002,821,,,,,,
19_038_003,828,,,,,,
19_038_004,920,,,,,,
19_038_005,572,,,,,,
19_038_006,573,,,,,,
19_039_001,211,,,,,,
19_040_001,164,,,,,,
19_041_001,74,,,,,,
19_042_001,299,,,,,,
19_043_001,624,,,,,,
19_044_001,642,,,,,,
19_044_002,622,,,,,,
19_044_003,710,,,,,,
19_044_004,281,,,,,,
19_044_005,53,,,,,,
19_045_001,667,,,,,,
19_046_001,251,,,,,,
19_047_001,402,,,,,,
19_048_001,748,,,,,,
19_048_002,742,,,,,,
19_049_001,820,,,,,,
19_049_002,963,,,,,,
19_050_001,736,,,,,,
19_051_001,496,,,,,,
19_052_001,334,,,,,,
19_053_001,325,,,,,,
19_054_001,355,,,,,,
19_055_001,841,,,,,,
19_055_002,910,,,,,,
19_055_003,923,,,,,,
19_055_004,829,,,,,,
19_056_001,378,,,,,,
19_057_001,222,,,,,,
19_058_001,240,,,,,,
19_059_001,699,,,,,,
19_059_002,685,,,,,,
19_060_001,190,,,,,,
19_061_001,386,,,,,,
19_062_001,470,,,,,,
19_063_001,325,,,,,,
19_064_001,838,,,,,,
19_064_002,779,,,,,,
19_065_001,212,,,,,,
19_066_001,311,,,,,,
19_067_001,279,,,,,,
19_068_001,578,,,,,,
19_069_001,276,,,,,,
19_070_001,571,,,,,,
19_071_001,931,,,,,,
19_071_002,740,,,,,,
19_071_003,773,,,,,,
19_072_001,945,,,,,,
19_073_001,567,,,,,,
19_074_001,146,,,,,,
19_075_001,222,,,,,,
19_076_001,745,,,,,,
19_076_002,791,,,,,,
19_076_003,692,,,,,,
19_076_004,715,,,,,,
19_077_001,79,,,,,,
19_078_001,378,,,,,,
19_079_001,537,,,,,,
19_080_001,58,,,,,,
19_081_001,286,,,,,,
19_082_001,566,,,,,,
19_083_001,277,,,,,,
19_084_001,340,,,,,,
19_085_001,217,,,,,,
19_086_001,631,,,,,,
19_087_001,404,,,,,,
19_088_001,370,,,,,,
19_089_001,521,,,,,,
19_090_001,427,,,,,,
19_091_001,51,,,,,,
19_092_001,384,,,,,,
19_093_001,287,,,,,,
19_094_001,75,,,,,,
19_095_001,87,,,,,,
19_096_001,990,,,,,,
19_097_001,59,,,,,,
19_098_001,95,,,,,,
19_099_001,547,,,,,,
19_100_001,285,,,,,,
19_101_001,569,,,,,,
19_102_001,363,,,,,,
19_103_001,557,,,,,,
19_104_001,436,,,,,,
19_105_001,250,,,,,,
19_106_001,777,,,,,,
19_107_001,731,,,,,,
19_108_001,886,,,,,,
19_108_002,912,,,,,,
19_109_001,457,,,,,,
19_110_001,945,,,,,,
19_111_001,385,,,,,,
19_112_001,397,,,,,,
19_113_001,1079,,,,,,
19_114_001,423,,,,,,
19_115_001,300,,,,,,
19_116_001,419,,,,,,
19_116_002,209,,,,,,
19_117_001,740,,,,,,
19_117_002,663,,,,,,
19_118_001,25,,,,,,
19_119_001,239,,,,,,
19_120_001,753,,,,,,
19_121_001,596,,,,,,
19_122_001,206,,,,,,
19_123_001,900,,,,,,
19_124_001,96,,,,,,
19_125_001,517,,,,,,
19_126_001,413,,,,,,
19_127_001,254,,,,,,
19_128_001,943,,,,,,
19_129_001,444,,,,,,
19_130_001,199,,,,,,
19_131_001,420,,,,,,
19_132_001,811,,,,,,
19_132_002,637,,,,,,
19_133_001,529,,,,,,
19_134_001,790,,,,,,
19_135_001,291,,,,,,
19_136_001,692,,,,,,
19_137_001,814,,,,,,
19_137_002,828,,,,,,
19_137_003,801,,,,,,
19_138_001,278,,,,,,
19_139_001,106,,,,,,
19_140_001,799,,,,,,
19_141_001,159,,,,,,
19_142_001,711,,,,,,
19_143_001,782,,,,,,
19_143_002,698,,,,,,
19_144_001,840,,,,,,
19_145_001,111,,,,,,
19_146_001,49,,,,,,
19_147_001,168,,,,,,
19_148_001,143,,,,,,
19_149_001,1016,,,,,,
19_149_002,807,,,,,,
19_150_001,861,,,,,,
19_150_002,742,,,,,,
19_151_001,516,,,,,,
19_152_001,1053,,,,,,
19_152_002,168,,,,,,
19_153_001,796,,,,,,
19_153_002,629,,,,,,
19_153_003,703,,,,,,
19_153_004,743,,,,,,
19_153_005,732,,,,,,
19_153_006,877,,,,,,
19_153_007,832,,,,,,
19_153_008,643,,,,,,
19_153_009,603,,,,,,
19_153_010,846,,,,,,
19_153_011,772,,,,,,
19_153_012,774,,,,,,
19_153_013,652,,,,,,
19_153_014,671,,,,,,
19_153_015,1043,,,,,,
19_153_016,901,,,,,,
19_153_017,678,,,,,,
19_153_018,672,,,,,,
19_153_019,636,,,,,,
19_153_020,360,,,,,,
19_153_021,668,,,,,,
19_153_022,613,,,,,,
19_153_023,917,,,,,,
19_153_024,718,,,,,,
19_153_025,633,,,,,,
19_153_026,602,,,,,,
19_153_027,623,,,,,,
19_153_028,782,,,,,,
19_153_029,843,,,,,,
19_153_030,896,,,,,,
19_153_031,676,,,,,,
19_154_001,229,,,,,,
19_155_001,468,,,,,,
19_156_001,277,,,,,,
19_157_001,961,,,,,,
19_158_001,505,,,,,,
19_159_001,271,,,,,,
19_160_001,1054,,,,,,
19_160_002,717,,,,,,
19_160_003,801,,,,,,
19_160_004,1047,,,,,,
19_161_001,383,,,,,,
19_162_001,144,,,,,,
19_163_001,309,,,,,,
19_164_001,212,,,,,,
19_165_001,1008,,,,,,
19_166_001,157,,,,,,
19_167_001,70,,,,,,
19_168_001,230,,,,,,
19_169_001,239,,,,,,
19_170_001,541,,,,,,
19_171_001,834,,,,,,
19_172_001,75,,,,,,
19_173_001,462,,,,,,
19_174_001,725,,,,,,
19_174_002,601,,,,,,
19_174_003,530,,,,,,
19_174_004,698,,,,,,
19_174_005,600,,,,,,
19_174_006,795,,,,,,
19_174_007,711,,,,,,
19_175_001,489,,,,,,
19_176_001,398,,,,,,
19_177_001,374,,,,,,
19_178_001,180,,,,,,
19_179_001,813,,,,,,
19_179_002,681,,,,,,
19_179_003,689,,,,,,
19_180_001,148,,,,,,
19_181_001,98,,,,,,
19_182_001,873,,,,,,
19_182_002,879,,,,,,
19_183_001,792,,,,,,
19_184_001,328,,,,,,
19_185_001,86,,,,,,
19_186_001,675,,,,,,
19_187_001,521,,,,,,
19_188_001,836,,,,,,
19_188_002,847,,,,,,
19_188_003,1058,,,,,,
19_188_004,721,,,,,,
19_188_005,807,,,,,,
19_188_006,733,,,,,,
19_188_007,789,,,,,,
19_188_008,757,,,,,,
19_188_009,697,,,,,,
19_188_010,911,,,,,,
19_188_011,705,,,,,,
19_188_012,789,,,,,,
19_188_013,735,,,,,,
19_188_014,679,,,,,,
19_188_015,714,,,,,,
19_189_001,727,,,,,,
19_190_001,1141,,,,,,
19_191_001,1120,,,,,,
19_192_001,443,,,,,,
19_193_001,1043,,,,,,
19_194_001,236,,,,,,
19_195_001,259,,,,,,
19_196_001,826,,,,,,
19_196_002,771,,,,,,
19_197_001,406,,,,,,
19_198_001,645,,,,,,
19_198_002,633,,,,,,
19_199_001,148,,,,,,
19_200_001,1081,,,,,,
19_201_001,719,,,,,,
19_201_002,852,,,,,,
19_201_003,706,,,,,,
19_201_004,896,,,,,,
19_201_005,1099,,,,,,
19_201_006,1013,,,,,,
19_201_007,709,,,,,,
19_201_008,697,,,,,,
19_201_009,642,,,,,,
19_201_010,660,,,,,,
19_201_011,764,,,,,,
19_201_012,673,,,,,,
19_201_013,859,,,,,,
19_201_014,1123,,,,,,
19_201_015,1097,,,,,,
19_201_016,975,,,,,,
19_201_017,851,,,,,,
19_201_018,731,,,,,,
19_201_019,771,,,,,,
19_202_001,236,,,,,,
19_203_001,938,,,,,,
19_203_002,557,,,,,,
19_203_003,724,,,,,,
19_203_004,1167,,,,,,
19_203_005,763,,,,,,
19_203_006,658,,,,,,
19_203_007,798,,,,,,
19_203_008,981,,,,,,
19_203_009,742,,,,,,
19_203_010,768,,,,,,
19_203_011,897,,,,,,
19_203_012,773,,,,,,
19_203_013,1037,,,,,,
19_203_014,722,,,,,,
19_203_015,490,,,,,,
19_203_016,587,,,,,,
19_203_017,556,,,,,,
19_203_018,643,,,,,,
19_203_019,628,,,,,,
19_203_020,635,,,,,,
19_203_021,817,,,,,,
19_203_022,728,,,,,,
19_203_023,737,,,,,,
19_203_024,987,,,,,,
19_203_025,1036,,,,,,
19_203_026,968,,,,,,
19_203_027,985,,,,,,
19_203_028,603,,,,,,
19_203_029,725,,,,,,
19_203_030,698,,,,,,
19_203_031,975,,,,,,
19_203_032,898,,,,,,
19_203_033,588,,,,,,
19_203_034,850,,,,,,
19_203_035,791,,,,,,
19_203_036,757,,,,,,
19_203_037,546,,,,,,
19_203_038,707,,,,,,
19_203_039,586,,,,,,
19_203_040,789,,,,,,
19_203_041,502,,,,,,
19_203_042,575,,,,,,
19_203_043,676,,,,,,
19_203_044,819,,,,,,
19_203_045,857,,,,,,
19_203_046,224,,,,,,
19_203_047,913,,,,,,
19_203_048,440,,,,,,
19_203_049,728,,,,,,
19_203_050,1166,,,,,,
19_203_051,857,,,,,,
19_203_052,221,,,,,,
19_203_053,1197,,,,,,
19_203_054,804,,,,,,
19_203_055,733,,,,,,
19_203_056,716,,,,,,
19_204_001,203,,,,,,
19_205_001,240,,,,,,
19_206_001,90,,,,,,
19_207_001,154,,,,,,
19_208_001,577,,,,,,
19_209_001,174,,,,,,
19_210_001,86,,,,,,
19_211_001,201,,,,,,
19_212_001,339,,,,,,
19_213_001,1034,,,,,,
19_214_001,50,,,,,,
19_215_001,117,,,,,,
19_216_001,830,,,,,,
19_217_001,703,,,,,,
19_217_002,661,,,,,,
19_217_003,710,,,,,,
19_217_004,706,,,,,,
19_217_005,785,,,,,,
19_217_006,670,,,,,,
19_217_007,973,,,,,,
19_218_001,896,,,,,,
20_001_001,331,,,,,,
20_002_001,60,,,,,,
20_003_001,548,,,,,,
20_004_001,1212,,,,,,
20_005_001,262,,,,,,
20_006_001,42,,,,,,
20_007_001,431,,,,,,
20_008_001,34,,,,,,
20_009_001,979,,,,,,
20_010_001,631,,,,,,
20_010_002,637,,,,,,
20_011_001,285,,,,,,
20_012_001,1040,,,,,,
20_013_001,348,,,,,,
20_014_001,96,,,,,,
20_015_001,291,,,,,,
20_016_001,473,,,,,,
20_017_001,434,,,,,,
20_017_002,99,,,,,,
20_018_001,603,,,,,,
20_018_002,569,,,,,,
20_018_003,443,,,,,,
20_019_001,616,,,,,,
20_020_001,533,,,,,,
20_021_001,94,,,,,,
20_022_001,115,,,,,,
20_023_001,946,,,,,,
20_024_001,235,,,,,,
20_025_001,301,,,,,,
20_026_001,547,,,,,,
20_027_001,217,,,,,,
20_028_001,219,,,,,,
20_029_001,39,,,,,,
20_030_001,34,,,,,,
20_031_001,571,,,,,,
20_032_001,166,,,,,,
20_033_001,123,,,,,,
20_034_001,418,,,,,,
20_035_001,806,,,,,,
20_035_002,932,,,,,,
20_035_003,818,,,,,,
20_036_001,29,,,,,,
20_037_001,674,,,,,,
20_038_001,267,,,,,,
20_039_001,52,,,,,,
20_040_001,476,,,,,,
20_041_001,302,,,,,,
20_042_001,357,,,,,,
20_043_001,120,,,,,,
20_044_001,130,,,,,,
20_045_001,58,,,,,,
20_046_001,26,,,,,,
20_047_001,252,,,,,,
20_048_001,834,,,,,,
20_049_001,533,,,,,,
20_050_001,335,,,,,,
20_051_001,572,,,,,,
20_052_001,601,,,,,,
20_053_001,14,,,,,,
20_054_001,532,,,,,,
20_055_001,105,,,,,,
20_056_001,932,,,,,,
20_057_001,494,,,,,,
20_058_001,52,,,,,,
20_059_001,771,,,,,,
20_059_002,470,,,,,,
20_060_001,855,,,,,,
20_061_001,205,,,,,,
20_062_001,78,,,,,,
20_063_001,46,,,,,,
20_064_001,50,,,,,,
20_065_001,246,,,,,,
20_066_001,762,,,,,,
20_067_001,1128,,,,,,
20_067_002,1092,,,,,,
20_067_003,1038,,,,,,
20_068_001,57,,,,,,
20_069_001,236,,,,,,
20_070_001,321,,,,,,
20_070_002,409,,,,,,
20_070_003,102,,,,,,
20_071_001,67,,,,,,
20_072_001,579,,,,,,
20_072_002,635,,,,,,
20_072_003,791,,,,,,
20_072_004,694,,,,,,
20_072_005,1008,,,,,,
20_073_001,212,,,,,,
20_074_001,136,,,,,,
20_075_001,282,,,,,,
20_076_001,13,,,,,,
20_077_001,224,,,,,,
20_078_001,163,,,,,,
20_079_001,71,,,,,,
20_080_001,566,,,,,,
20_081_001,105,,,,,,
20_082_001,93,,,,,,
20_083_001,199,,,,,,
20_084_001,634,,,,,,
20_084_002,296,,,,,,
20_085_001,383,,,,,,
20_086_001,64,,,,,,
20_087_001,191,,,,,,
20_088_001,233,,,,,,
20_089_001,107,,,,,,
20_090_001,94,,,,,,
20_091_001,178,,,,,,
20_092_001,137,,,,,,
20_093_001,859,,,,,,
20_093_002,715,,,,,,
20_093_003,883,,,,,,
20_093_004,897,,,,,,
20_093_005,855,,,,,,
20_093_006,1084,,,,,,
20_093_007,497,,,,,,
20_093_008,789,,,,,,
20_093_009,701,,,,,,
20_093_010,920,,,,,,
20_093_011,996,,,,,,
20_093_012,805,,,,,,
20_093_013,890,,,,,,
20_093_014,990,,,,,,
20_093_015,951,,,,,,
20_093_016,953,,,,,,
20_093_017,1016,,,,,,
20_094_001,165,,,,,,
20_095_001,362,,,,,,
20_096_001,150,,,,,,
20_097_001,147,,,,,,
20_098_001,156,,,,,,
20_099_001,235,,,,,,
20_100_001,134,,,,,,
20_101_001,117,,,,,,
20_102_001,123,,,,,,
20_103_001,57,,,,,,
20_104_001,29,,,,,,
20_105_001,383,,,,,,
20_106_001,58,,,,,,
20_107_001,375,,,,,,
20_108_001,40,,,,,,
20_109_001,32,,,,,,
20_110_001,41,,,,,,
20_111_001,955,,,,,,
20_111_002,873,,,,,,
20_111_003,574,,,,,,
20_111_004,750,,,,,,
20_111_005,585,,,,,,
20_111_006,913,,,,,,
20_111_007,429,,,,,,
20_111_008,262,,,,,,
20_111_009,258,,,,,,
20_111_010,218,,,,,,
20_111_011,129,,,,,,
20_112_001,618,,,,,,
20_112_002,737,,,,,,
20_112_003,736,,,,,,
20_112_004,613,,,,,,
20_112_005,478,,,,,,
20_113_001,155,,,,,,
20_114_001,55,,,,,,
20_115_001,65,,,,,,
20_115_002,145,,,,,,
20_116_001,312,,,,,,
20_117_001,923,,,,,,
20_118_001,44,,,,,,
20_119_001,209,,,,,,
20_120_001,363,,,,,,
20_121_001,57,,,,,,
20_122_001,52,,,,,,
20_123_001,563,,,,,,
20_124_001,292,,,,,,
20_125_001,216,,,,,,
20_126_001,256,,,,,,
20_127_001,218,,,,,,
20_128_001,559,,,,,,
20_129_001,826,,,,,,
20_129_002,526,,,,,,
20_130_001,189,,,,,,
20_131_001,185,,,,,,
20_131_002,85,,,,,,
20_131_003,90,,,,,,
20_132_001,322,,,,,,
20_133_001,143,,,,,,
20_134_001,826,,,,,,
20_134_002,1072,,,,,,
20_134_003,756,,,,,,
20_134_004,1130,,,,,,
20_134_005,990,,,,,,
20_134_006,964,,,,,,
20_134_007,631,,,,,,
20_134_008,874,,,,,,
20_134_009,1065,,,,,,
20_134_010,956,,,,,,
20_134_011,800,,,,,,
20_134_012,722,,,,,,
20_134_013,868,,,,,,
20_134_014,958,,,,,,
20_134_015,1114,,,,,,
20_134_016,889,,,,,,
20_134_017,228,,,,,,
20_134_018,963,,,,,,
20_134_019,890,,,,,,
20_134_020,751,,,,,,
20_134_021,737,,,,,,
20_134_022,950,,,,,,
20_134_023,1001,,,,,,
20_134_024,690,,,,,,
20_134_025,741,,,,,,
20_134_026,1097,,,,,,
20_134_027,1108,,,,,,
20_134_028,1045,,,,,,
20_134_029,1071,,,,,,
20_134_030,896,,,,,,
20_134_031,698,,,,,,
20_134_032,820,,,,,,
20_134_033,858,,,,,,
20_134_034,1216,,,,,,
20_134_035,1161,,,,,,
20_134_036,491,,,,,,
20_134_037,795,,,,,,
20_134_038,836,,,,,,
20_134_039,1113,,,,,,
20_134_040,1076,,,,,,
20_134_041,62,,,,,,
20_135_001,707,,,,,,
20_136_001,359,,,,,,
20_137_001,406,,,,,,
20_138_001,451,,,,,,
20_139_001,360,,,,,,
20_140_001,917,,,,,,
20_141_001,396,,,,,,
20_142_001,565,,,,,,
20_143_001,206,,,,,,
20_144_001,101,,,,,,
20_145_001,218,,,,,,
20_146_001,256,,,,,,
20_147_001,230,,,,,,
20_148_001,207,,,,,,
20_149_001,165,,,,,,
20_150_001,605,,,,,,
20_151_001,166,,,,,,
20_152_001,85,,,,,,
20_153_001,93,,,,,,
20_154_001,292,,,,,,
20_155_001,94,,,,,,
20_156_001,136,,,,,,
20_157_001,438,,,,,,
20_158_001,622,,,,,,
20_158_002,627,,,,,,
20_159_001,90,,,,,,
20_160_001,674,,,,,,
20_161_001,131,,,,,,
20_162_001,749,,,,,,
20_162_002,108,,,,,,
20_163_001,133,,,,,,
20_164_001,358,,,,,,
20_165_001,291,,,,,,
20_166_001,273,,,,,,
20_167_001,760,,,,,,
20_168_001,217,,,,,,
20_169_001,621,,,,,,
20_170_001,288,,,,,,
20_171_001,43,,,,,,
20_172_001,206,,,,,,
20_173_001,15,,,,,,
20_174_001,139,,,,,,
20_175_001,434,,,,,,
20_176_001,457,,,,,,
20_177_001,23,,,,,,
20_178_001,215,,,,,,
20_179_001,1080,,,,,,
20_180_001,770,,,,,,
20_181_001,323,,,,,,
20_182_001,478,,,,,,
20_183_001,314,,,,,,
20_184_001,584,,,,,,
20_185_001,785,,,,,,
20_185_002,709,,,,,,
20_186_001,451,,,,,,
20_187_001,51,,,,,,
20_188_001,680,,,,,,
20_189_001,539,,,,,,
20_189_002,645,,,,,,
20_190_001,479,,,,,,
20_191_001,475,,,,,,
20_192_001,146,,,,,,
20_193_001,284,,,,,,
20_194_001,294,,,,,,
20_195_001,65,,,,,,
20_196_001,234,,,,,,
20_197_001,65,,,,,,
20_198_001,107,,,,,,
20_199_001,657,,,,,,
20_200_001,611,,,,,,
20_200_002,661,,,,,,
20_201_001,167,,,,,,
20_202_001,28,,,,,,
20_203_001,154,,,,,,
20_204_001,1043,,,,,,
20_205_001,74,,,,,,
20_205_002,52,,,,,,
20_206_001,258,,,,,,
20_207_001,407,,,,,,
20_208_001,527,,,,,,
20_209_001,630,,,,,,
20_210_001,414,,,,,,
20_210_002,483,,,,,,
20_211_001,528,,,,,,
20_211_002,726,,,,,,
20_212_001,789,,,,,,
20_213_001,49,,,,,,
20_214_001,466,,,,,,
20_215_001,239,,,,,,
20_215_002,54,,,,,,
20_216_001,97,,,,,,
20_217_001,154,,,,,,
20_218_001,812,,,,,,
20_219_001,92,,,,,,
20_220_001,62,,,,,,
20_221_001,274,,,,,,
20_222_001,1087,,,,,,
20_222_002,940,,,,,,
20_223_001,70,,,,,,
20_224_001,153,,,,,,
20_225_001,577,,,,,,
20_225_002,610,,,,,,
20_226_001,470,,,,,,
20_227_001,551,,,,,,
20_228_001,302,,,,,,
20_229_001,816,,,,,,
20_230_001,384,,,,,,
20_231_001,763,,,,,,
20_231_002,889,,,,,,
20_231_003,1138,,,,,,
20_231_004,1273,,,,,,
20_231_005,752,,,,,,
20_231_006,1333,,,,,,
20_231_007,723,,,,,,
20_231_008,647,,,,,,
20_231_009,973,,,,,,
20_231_010,786,,,,,,
20_231_011,642,,,,,,
20_231_012,939,,,,,,
20_231_013,1137,,,,,,
20_231_014,894,,,,,,
20_231_015,821,,,,,,
20_231_016,1090,,,,,,
20_231_017,862,,,,,,
20_231_018,836,,,,,,
20_231_019,848,,,,,,
20_231_020,888,,,,,,
20_231_021,1075,,,,,,
20_231_022,820,,,,,,
20_231_023,1068,,,,,,
20_231_024,496,,,,,,
20_231_025,618,,,,,,
20_231_026,1223,,,,,,
20_231_027,1116,,,,,,
20_231_028,1310,,,,,,
20_231_029,777,,,,,,
20_231_030,514,,,,,,
20_231_031,593,,,,,,
20_231_032,695,,,,,,
20_231_033,709,,,,,,
20_231_034,903,,,,,,
20_231_035,813,,,,,,
20_231_036,894,,,,,,
20_231_037,975,,,,,,
20_231_038,742,,,,,,
20_231_039,750,,,,,,
20_231_040,1027,,,,,,
20_231_041,988,,,,,,
20_231_042,645,,,,,,
20_231_043,855,,,,,,
20_231_044,862,,,,,,
20_231_045,742,,,,,,
20_231_046,748,,,,,,
20_231_047,653,,,,,,
20_231_048,1300,,,,,,
20_231_049,975,,,,,,
20_231_050,684,,,,,,
20_231_051,620,,,,,,
20_232_001,306,,,,,,
20_233_001,70,,,,,,
20_234_001,294,,,,,,
20_235_001,922,,,,,,
20_235_002,1133,,,,,,
20_236_001,676,,,,,,
20_236_002,672,,,,,,
20_236_003,705,,,,,,
20_237_001,29,,,,,,
20_238_001,474,,,,,,
20_238_002,538,,,,,,
20_238_003,479,,,,,,
20_238_004,511,,,,,,
20_238_005,192,,,,,,
20_238_006,79,,,,,,
20_239_001,144,,,,,,
20_240_001,112,,,,,,
20_241_001,410,,,,,,
20_242_001,772,,,,,,
20_243_001,672,,,,,,
20_244_001,609,,,,,,
20_244_002,645,,,,,,
20_244_003,734,,,,,,
20_244_004,745,,,,,,
20_244_005,701,,,,,,
20_244_006,494,,,,,,
20_244_007,133,,,,,,
20_244_008,249,,,,,,
20_244_009,221,,,,,,
20_244_010,389,,,,,,
20_245_001,328,,,,,,
20_246_001,800,,,,,,
20_247_001,234,,,,,,
20_248_001,368,,,,,,
20_248_002,212,,,,,,
20_249_001,209,,,,,,
20_250_001,65,,,,,,
20_251_001,792,,,,,,
20_252_001,31,,,,,,
20_253_001,489,,,,,,
20_254_001,84,,,,,,
20_255_001,706,,,,,,
20_256_001,285,,,,,,
20_257_001,39,,,,,,
20_258_001,358,,,,,,
