evk_lst,maz,megnev,megnev_en,szk_db,taz,atjel,atjelInnen,honos,indulo,kuvi,osszesen
['01'],01,Budapest 01. kerület,Budapest 1st district,16,001,166,183,19456,19686,120,19622
['04'],01,Budapest 02. kerület,Budapest 2nd district,75,002,483,574,62861,63483,442,63344
"['04', '11']",01,Budapest 03. kerület,Budapest 3rd district,95,003,756,646,96211,96984,348,96967
"['12', '13']",01,Budapest 04. kerület,Budapest 4th district,71,004,651,454,72512,73093,237,73163
"['01', '02']",01,Budapest 05. kerület,Budapest 5th district,20,005,186,139,16292,16495,77,16478
"['01', '05']",01,Budapest 06. kerület,Budapest 6th district,31,006,288,214,22413,22713,129,22701
"['01', '06']",01,Budapest 07. kerület,Budapest 7th district,42,007,399,295,31899,32308,134,32298
"['02', '07']",01,Budapest 08. kerület,Budapest 8th district,51,008,601,423,47295,47829,204,47896
"['02', '08', '09']",01,Budapest 09. kerület,Budapest 9th district,50,009,770,362,38282,38745,167,39052
"['07', '14']",01,Budapest 10. kerület,Budapest 10th district,60,010,559,286,50878,51233,131,51437
"['01', '03', '09', '10']",01,Budapest 11. kerület,Budapest 11th district,92,011,1274,799,100692,101421,466,101966
"['01', '03']",01,Budapest 12. kerület,Budapest 12th district,56,012,413,376,41681,42199,280,42094
"['05', '12']",01,Budapest 13. kerület,Budapest 13th district,89,013,1178,821,89730,90780,407,90908
"['06', '07']",01,Budapest 14. kerület,Budapest 14th district,80,014,1036,648,87454,88244,331,88490
"['06', '13']",01,Budapest 15. kerület,Budapest 15th district,62,015,439,278,58342,58778,129,58781
['14'],01,Budapest 16. kerület,Budapest 16th district,63,016,348,276,55222,55577,153,55570
['15'],01,Budapest 17. kerület,Budapest 17th district,75,017,292,308,67363,67773,165,67655
"['08', '14', '15', '16']",01,Budapest 18. kerület,Budapest 18th district,78,018,463,382,77069,77602,202,77532
['08'],01,Budapest 19. kerület,Budapest 19th district,43,019,351,240,43066,43372,125,43417
"['09', '16']",01,Budapest 20. kerület,Budapest 20th district,66,020,324,199,47492,47825,89,47816
['09'],01,Budapest 21. kerület,Budapest 21st district,70,021,390,240,54505,54827,95,54895
['10'],01,Budapest 22. kerület,Budapest 22nd district,37,022,246,219,42726,43026,115,42972
['16'],01,Budapest 23. kerület,Budapest 23rd district,24,023,99,80,17673,17760,36,17772
['04'],02,Abaliget,Abaliget,1,001,3,5,483,487,3,486
['04'],02,Adorjás,Adorjás,1,002,0,0,133,134,0,133
['04'],02,Almamellék,Almamellék,1,003,0,1,266,266,0,266
['04'],02,Almáskeresztúr,Almáskeresztúr,1,004,1,0,55,55,0,56
['03'],02,Alsómocsolád,Alsómocsolád,1,005,0,2,226,228,0,226
['04'],02,Alsószentmárton,Alsószentmárton,1,006,0,0,825,825,0,825
['03'],02,Apátvarasd,Apátvarasd,1,007,0,0,100,100,0,100
['04'],02,Aranyosgadány,Aranyosgadány,1,008,1,0,285,285,0,286
['03'],02,Ág,Ág,1,009,0,1,133,132,0,133
['04'],02,Áta,Áta,1,010,0,1,150,152,0,150
['03'],02,Babarc,Babarc,1,011,1,4,549,556,2,550
['04'],02,Babarcszőlős,Babarcszőlős,1,012,0,0,74,75,0,74
['04'],02,Bakonya,Bakonya,1,013,0,0,289,291,0,289
['04'],02,Bakóca,Bakóca,1,014,0,0,219,218,0,219
['04'],02,Baksa,Baksa,1,015,1,2,646,649,1,647
['04'],02,Baranyahídvég,Baranyahídvég,1,016,0,0,134,132,0,134
['04'],02,Baranyajenő,Baranyajenő,1,017,0,1,341,343,1,341
['04'],02,Baranyaszentgyörgy,Baranyaszentgyörgy,1,018,0,1,81,83,0,81
['04'],02,Basal,Basal,1,019,0,0,155,155,0,155
['04'],02,Bánfa,Bánfa,1,020,0,0,129,129,0,129
['03'],02,Bár,Bár,1,021,0,0,471,472,0,471
['03'],02,Belvárdgyula,Belvárdgyula,1,022,0,1,316,316,0,316
['03'],02,Beremend,Beremend,3,023,0,8,1885,1899,0,1885
['02'],02,Berkesd,Berkesd,1,024,0,0,635,635,0,635
['04'],02,Besence,Besence,1,025,0,0,88,88,0,88
['03'],02,Bezedek,Bezedek,1,026,0,1,162,164,0,162
['04'],02,Bicsérd,Bicsérd,1,027,1,2,801,804,0,802
['03'],02,Bikal,Bikal,1,028,3,1,538,539,0,541
['03'],02,Birján,Birján,1,029,0,1,438,439,0,438
['04'],02,Bisse,Bisse,1,030,0,0,201,203,0,201
['04'],02,Boda,Boda,1,031,1,3,342,346,1,343
['04'],02,Bodolyabér,Bodolyabér,1,032,0,0,172,172,0,172
['02'],02,Bogád,Bogád,1,033,3,4,922,929,1,925
['04'],02,Bogádmindszent,Bogádmindszent,1,034,0,1,327,329,0,327
['04'],02,Bogdása,Bogdása,1,035,0,0,211,211,0,211
['04'],02,Boldogasszonyfa,Boldogasszonyfa,1,036,0,1,287,287,0,287
['03'],02,Borjád,Borjád,1,037,0,3,306,311,1,306
['04'],02,Bosta,Bosta,1,038,0,0,108,108,0,108
['04'],02,Botykapeterd,Botykapeterd,1,039,0,0,272,272,0,272
['03'],02,Bóly,Bóly,4,040,7,9,2755,2776,1,2762
['04'],02,Bükkösd,Bükkösd,2,041,2,1,866,874,0,868
['04'],02,Bürüs,Bürüs,1,042,0,0,54,55,0,54
['04'],02,Csarnóta,Csarnóta,1,043,0,0,105,106,0,105
['04'],02,Csányoszró,Csányoszró,1,044,0,4,487,491,1,487
['04'],02,Csebény,Csebény,1,045,0,0,57,57,0,57
['04'],02,Cserdi,Cserdi,1,046,0,1,294,294,0,294
['02'],02,Cserkút,Cserkút,1,047,0,3,557,559,1,557
['04'],02,Csertő,Csertő,1,048,0,2,310,313,0,310
['04'],02,Csonkamindszent,Csonkamindszent,1,049,0,0,131,132,0,131
['04'],02,Cún,Cún,1,050,0,2,159,161,0,159
['04'],02,Dencsháza,Dencsháza,1,051,0,1,425,427,1,425
['04'],02,Dinnyeberki,Dinnyeberki,1,052,0,0,61,61,0,61
['04'],02,Diósviszló,Diósviszló,1,053,0,0,514,512,0,514
['04'],02,Drávacsehi,Drávacsehi,1,054,0,1,136,138,0,136
['04'],02,Drávacsepely,Drávacsepely,1,055,1,0,173,173,0,174
['04'],02,Drávafok,Drávafok,1,056,0,2,372,373,0,372
['04'],02,Drávaiványi,Drávaiványi,1,057,0,0,118,120,0,118
['04'],02,Drávakeresztúr,Drávakeresztúr,1,058,0,1,81,82,0,81
['04'],02,Drávapalkonya,Drávapalkonya,1,059,0,0,212,214,0,212
['04'],02,Drávapiski,Drávapiski,1,060,0,1,78,78,1,78
['04'],02,Drávaszabolcs,Drávaszabolcs,1,061,0,4,541,548,0,541
['04'],02,Drávaszerdahely,Drávaszerdahely,1,062,0,0,127,127,0,127
['04'],02,Drávasztára,Drávasztára,1,063,0,0,293,291,0,293
['03'],02,Dunaszekcső,Dunaszekcső,2,064,4,7,1495,1504,2,1499
['03'],02,Egerág,Egerág,1,065,2,2,783,785,0,785
['03'],02,Egyházasharaszti,Egyházasharaszti,1,066,0,0,258,259,0,258
['03'],02,Egyházaskozár,Egyházaskozár,1,067,0,1,587,589,0,587
['02'],02,Ellend,Ellend,1,068,0,0,180,182,0,180
['04'],02,Endrőc,Endrőc,1,069,0,1,286,287,0,286
['03'],02,Erdősmárok,Erdősmárok,1,070,0,0,55,56,0,55
['03'],02,Erdősmecske,Erdősmecske,1,071,1,1,274,272,0,275
['03'],02,Erzsébet,Erzsébet,1,072,1,1,223,225,0,224
['03'],02,Fazekasboda,Fazekasboda,1,073,0,0,154,154,0,154
['03'],02,Feked,Feked,1,074,0,1,157,157,0,157
['04'],02,Felsőegerszeg,Felsőegerszeg,1,075,0,0,104,103,0,104
['04'],02,Felsőszentmárton,Felsőszentmárton,1,076,0,5,658,665,2,658
['04'],02,Garé,Garé,1,077,0,1,244,245,0,244
['04'],02,Gerde,Gerde,1,078,0,1,393,394,0,393
['03'],02,Geresdlak,Geresdlak,2,079,1,5,581,584,0,582
['04'],02,Gerényes,Gerényes,1,080,0,0,149,149,0,149
['04'],02,Gilvánfa,Gilvánfa,1,081,0,1,256,261,0,256
['04'],02,Gordisa,Gordisa,1,082,1,1,213,219,0,214
['04'],02,Gödre,Gödre,2,083,1,4,610,616,0,611
['04'],02,Görcsöny,Görcsöny,3,084,1,3,1303,1304,1,1304
['03'],02,Görcsönydoboka,Görcsönydoboka,1,085,0,1,282,283,1,282
['01'],02,Gyód,Gyód,1,086,1,1,656,659,1,657
['04'],02,Gyöngyfa,Gyöngyfa,1,087,0,0,104,105,0,104
['04'],02,Gyöngyösmellék,Gyöngyösmellék,1,088,0,0,233,233,0,233
['04'],02,Harkány,Harkány,5,089,5,23,4412,4424,1,4417
['02'],02,Hásságy,Hásságy,1,090,0,0,255,258,0,255
['03'],02,Hegyhátmaróc,Hegyhátmaróc,1,091,0,0,102,103,0,102
['04'],02,Hegyszentmárton,Hegyszentmárton,1,092,0,0,340,340,0,340
['04'],02,Helesfa,Helesfa,1,093,4,1,286,286,0,290
['04'],02,Hetvehely,Hetvehely,1,094,1,1,379,380,1,380
['03'],02,Hidas,Hidas,2,095,1,1,1627,1631,0,1628
['03'],02,Himesháza,Himesháza,1,096,0,3,798,802,1,798
['04'],02,Hirics,Hirics,1,097,0,0,172,172,0,172
['04'],02,Hobol,Hobol,2,098,0,1,774,777,0,774
['03'],02,Homorúd,Homorúd,1,099,0,0,457,459,0,457
['04'],02,Horváthertelend,Horváthertelend,1,100,0,0,39,38,0,39
['03'],02,Hosszúhetény,Hosszúhetény,3,101,5,18,2724,2738,4,2729
['04'],02,Husztót,Husztót,1,102,0,0,41,41,0,41
['04'],02,Ibafa,Ibafa,1,103,0,1,150,152,0,150
['03'],02,Illocska,Illocska,1,104,0,0,191,194,0,191
['04'],02,Ipacsfa,Ipacsfa,1,105,0,1,167,168,0,167
['03'],02,Ivánbattyán,Ivánbattyán,1,106,1,0,81,82,0,82
['03'],02,Ivándárda,Ivándárda,1,107,0,1,163,164,0,163
['04'],02,Kacsóta,Kacsóta,1,108,0,1,209,210,0,209
['04'],02,Katádfa,Katádfa,1,109,0,1,101,102,0,101
['04'],02,Kákics,Kákics,1,110,0,1,155,156,0,155
['03'],02,Kárász,Kárász,1,111,0,2,262,265,0,262
['03'],02,Kásád,Kásád,1,112,0,0,220,221,0,220
['03'],02,Kátoly,Kátoly,1,113,1,0,249,250,0,250
['04'],02,Kemse,Kemse,1,114,0,0,46,46,0,46
['01'],02,Keszü,Keszü,1,115,6,12,1162,1178,6,1168
['03'],02,Kékesd,Kékesd,1,116,0,1,140,141,0,140
['04'],02,Kémes,Kémes,1,117,0,1,364,367,0,364
['04'],02,Kétújfalu,Kétújfalu,1,118,0,5,524,531,1,524
['04'],02,Királyegyháza,Királyegyháza,1,119,0,3,718,721,0,718
['04'],02,Kisasszonyfa,Kisasszonyfa,1,120,0,0,148,148,0,148
['04'],02,Kisbeszterce,Kisbeszterce,1,121,0,0,62,63,0,62
['03'],02,Kisbudmér,Kisbudmér,1,122,0,0,62,63,0,62
['04'],02,Kisdér,Kisdér,1,123,1,0,106,104,0,107
['04'],02,Kisdobsza,Kisdobsza,1,124,0,1,191,190,1,191
['04'],02,Kishajmás,Kishajmás,1,125,0,0,147,146,0,147
['03'],02,Kisharsány,Kisharsány,1,126,0,2,383,386,0,383
['03'],02,Kisherend,Kisherend,1,127,0,2,173,178,0,173
['03'],02,Kisjakabfalva,Kisjakabfalva,1,128,0,0,81,81,0,81
['03'],02,Kiskassa,Kiskassa,1,129,1,1,191,192,0,192
['03'],02,Kislippó,Kislippó,1,130,0,0,232,231,0,232
['03'],02,Kisnyárád,Kisnyárád,1,131,0,0,129,129,0,129
['04'],02,Kisszentmárton,Kisszentmárton,2,132,0,0,169,168,0,169
['04'],02,Kistamási,Kistamási,1,133,0,0,95,95,0,95
['03'],02,Kistapolca,Kistapolca,1,134,0,1,158,159,0,158
['04'],02,Kistótfalu,Kistótfalu,1,135,3,1,256,257,0,259
['04'],02,Kisvaszar,Kisvaszar,1,136,0,0,223,224,0,223
['02'],02,Komló,Komló,22,137,18,74,19359,19459,25,19377
['04'],02,Kovácshida,Kovácshida,1,138,0,0,185,186,0,185
['04'],02,Kovácsszénája,Kovácsszénája,1,139,0,0,49,49,0,49
['02'],02,Kozármisleny,Kozármisleny,5,140,19,35,5317,5360,15,5336
['04'],02,Kórós,Kórós,1,141,0,0,153,155,0,153
['03'],02,Köblény,Köblény,1,142,0,2,157,159,0,157
['01'],02,Kökény,Kökény,1,143,0,1,545,548,1,545
['03'],02,Kölked,Kölked,1,144,1,0,822,827,0,823
['02'],02,Kővágószőlős,Kővágószőlős,2,145,4,4,1141,1146,1,1145
['04'],02,Kővágótöttös,Kővágótöttös,1,146,0,0,270,269,0,270
['03'],02,Lapáncsa,Lapáncsa,1,147,0,0,136,135,0,136
['03'],02,Lánycsók,Lánycsók,2,148,1,6,1964,1973,1,1965
['04'],02,Liget,Liget,1,149,0,2,283,285,0,283
['03'],02,Lippó,Lippó,1,150,0,2,383,384,0,383
['03'],02,Liptód,Liptód,1,151,0,1,138,139,0,138
['02'],02,Lothárd,Lothárd,1,152,0,0,220,220,0,220
['03'],02,Lovászhetény,Lovászhetény,1,153,1,1,232,228,0,233
['04'],02,Lúzsok,Lúzsok,1,154,0,0,157,157,0,157
['03'],02,Magyarbóly,Magyarbóly,1,155,0,5,736,743,2,736
['03'],02,Magyaregregy,Magyaregregy,1,156,0,2,561,568,1,561
['04'],02,Magyarhertelend,Magyarhertelend,2,157,0,0,500,499,0,500
['04'],02,Magyarlukafa,Magyarlukafa,1,158,0,0,70,69,0,70
['04'],02,Magyarmecske,Magyarmecske,1,159,1,1,251,252,0,252
['02'],02,Magyarsarlós,Magyarsarlós,1,160,0,0,248,248,0,248
['04'],02,Magyarszék,Magyarszék,1,161,2,6,810,817,0,812
['04'],02,Magyartelek,Magyartelek,1,162,0,0,139,139,0,139
['03'],02,Majs,Majs,1,163,0,2,748,748,0,748
['03'],02,Maráza,Maráza,1,164,0,0,139,140,0,139
['04'],02,Markóc,Markóc,1,165,0,1,42,43,1,42
['04'],02,Marócsa,Marócsa,1,166,0,0,62,61,0,62
['03'],02,Martonfa,Martonfa,1,167,0,0,201,202,0,201
['04'],02,Matty,Matty,1,168,0,2,247,251,1,247
['03'],02,Mágocs,Mágocs,2,169,1,4,1814,1820,3,1815
['02'],02,Mánfa,Mánfa,1,170,0,2,661,666,1,661
['04'],02,Márfa,Márfa,1,171,0,0,145,148,0,145
['03'],02,Máriakéménd,Máriakéménd,1,172,1,1,418,421,0,419
['03'],02,Márok,Márok,1,173,0,0,336,339,0,336
['03'],02,Máza,Máza,2,174,0,1,924,925,0,924
['03'],02,Mecseknádasd,Mecseknádasd,2,175,0,4,1246,1246,1,1246
['04'],02,Mecsekpölöske,Mecsekpölöske,1,176,0,0,329,331,0,329
['03'],02,Mekényes,Mekényes,1,177,0,0,210,210,0,210
['04'],02,Merenye,Merenye,1,178,0,0,173,172,0,173
['04'],02,Meződ,Meződ,1,179,0,0,100,100,0,100
['04'],02,Mindszentgodisa,Mindszentgodisa,2,180,0,0,596,596,0,596
['03'],02,Mohács,Mohács,23,181,17,62,14355,14445,18,14372
['04'],02,Molvány,Molvány,1,182,0,0,142,142,0,142
['03'],02,Monyoród,Monyoród,1,183,0,0,152,153,0,152
['04'],02,Mozsgó,Mozsgó,2,184,1,1,656,659,0,657
['03'],02,Nagybudmér,Nagybudmér,1,185,1,2,135,136,0,136
['04'],02,Nagycsány,Nagycsány,1,186,0,0,104,104,0,104
['04'],02,Nagydobsza,Nagydobsza,1,187,1,1,455,456,0,456
['03'],02,Nagyhajmás,Nagyhajmás,1,188,0,1,208,210,1,208
['03'],02,Nagyharsány,Nagyharsány,2,189,0,2,1145,1150,0,1145
['02'],02,Nagykozár,Nagykozár,2,190,5,13,1630,1652,2,1635
['03'],02,Nagynyárád,Nagynyárád,1,191,1,1,543,545,0,544
['03'],02,Nagypall,Nagypall,1,192,0,1,289,292,0,289
['04'],02,Nagypeterd,Nagypeterd,1,193,0,4,511,515,1,511
['03'],02,Nagytótfalu,Nagytótfalu,1,194,0,1,267,270,1,267
['04'],02,Nagyváty,Nagyváty,1,195,0,0,226,227,0,226
['04'],02,Nemeske,Nemeske,2,196,0,0,185,185,0,185
['04'],02,Nyugotszenterzsébet,Nyugotszenterzsébet,1,197,0,1,185,188,0,185
['04'],02,Okorág,Okorág,1,198,0,0,114,114,0,114
['04'],02,Okorvölgy,Okorvölgy,1,199,0,0,60,60,0,60
['03'],02,Olasz,Olasz,1,200,0,2,480,481,0,480
['03'],02,Old,Old,1,201,0,0,223,223,0,223
['02'],02,Orfű,Orfű,1,202,3,7,973,974,1,976
['04'],02,Oroszló,Oroszló,1,203,0,0,236,233,0,236
['03'],02,Óbánya,Óbánya,1,204,0,0,98,97,0,98
['04'],02,Ócsárd,Ócsárd,1,205,0,2,296,299,1,296
['03'],02,Ófalu,Ófalu,1,206,0,0,269,272,0,269
['04'],02,Ózdfalu,Ózdfalu,1,207,0,1,114,115,1,114
['04'],02,Palé,Palé,1,208,0,0,67,67,0,67
['03'],02,Palkonya,Palkonya,1,209,0,0,202,202,0,202
['03'],02,Palotabozsok,Palotabozsok,1,210,1,3,606,608,1,607
['04'],02,Patapoklosi,Patapoklosi,1,211,0,2,249,251,0,249
['04'],02,Páprád,Páprád,1,212,1,0,125,125,0,126
['04'],02,Pellérd,Pellérd,2,213,3,9,1920,1928,2,1923
['02'],02,Pereked,Pereked,1,214,0,0,145,148,0,145
['03'],02,Peterd,Peterd,1,215,1,1,165,166,0,166
['04'],02,Pettend,Pettend,1,216,0,0,110,111,0,110
"['01', '02']",02,Pécs,Pécs,113,217,457,694,107971,108925,239,108428
['04'],02,Pécsbagota,Pécsbagota,1,218,0,0,79,79,0,79
['03'],02,Pécsdevecser,Pécsdevecser,1,219,1,0,77,78,0,78
['01'],02,Pécsudvard,Pécsudvard,1,220,5,6,659,667,4,664
['03'],02,Pécsvárad,Pécsvárad,3,221,3,13,3216,3233,5,3219
['04'],02,Piskó,Piskó,1,222,0,0,170,170,0,170
['01'],02,Pogány,Pogány,2,223,1,5,1049,1047,4,1050
['03'],02,Pócsa,Pócsa,1,224,0,0,142,140,0,142
['04'],02,Rádfalva,Rádfalva,1,225,0,2,158,160,1,158
['04'],02,Regenye,Regenye,1,226,0,2,126,127,0,126
['02'],02,Romonya,Romonya,1,227,0,4,449,455,1,449
['04'],02,Rózsafa,Rózsafa,1,228,0,0,258,259,0,258
['04'],02,Sámod,Sámod,1,229,0,1,158,159,0,158
['03'],02,Sárok,Sárok,1,230,0,0,79,79,0,79
['04'],02,Sásd,Sásd,3,231,5,9,2402,2420,3,2407
['03'],02,Sátorhely,Sátorhely,1,232,0,3,500,504,1,500
['04'],02,Sellye,Sellye,3,233,1,14,2106,2126,4,2107
['04'],02,Siklós,Siklós,9,234,4,36,7458,7492,14,7462
['04'],02,Siklósbodony,Siklósbodony,1,235,0,0,117,118,0,117
['03'],02,Siklósnagyfalu,Siklósnagyfalu,1,236,0,0,293,295,0,293
['03'],02,Somberek,Somberek,2,237,1,2,1126,1129,0,1127
['04'],02,Somogyapáti,Somogyapáti,1,238,2,1,356,357,0,358
['04'],02,Somogyhatvan,Somogyhatvan,1,239,1,1,227,227,0,228
['04'],02,Somogyhárságy,Somogyhárságy,2,240,0,1,282,282,0,282
['04'],02,Somogyviszló,Somogyviszló,1,241,0,3,164,167,0,164
['04'],02,Sósvertike,Sósvertike,1,242,0,0,108,108,0,108
['04'],02,Sumony,Sumony,2,243,0,1,299,298,0,299
['04'],02,Szabadszentkirály,Szabadszentkirály,1,244,0,2,645,649,0,645
['03'],02,Szajk,Szajk,1,245,1,3,658,663,3,659
['03'],02,Szalatnak,Szalatnak,1,246,1,0,227,227,0,228
['04'],02,Szalánta,Szalánta,2,247,2,2,975,974,0,977
['04'],02,Szaporca,Szaporca,1,248,0,1,174,175,0,174
['04'],02,Szava,Szava,1,249,0,1,253,257,0,253
['04'],02,Szágy,Szágy,1,250,0,0,92,92,0,92
['03'],02,Szárász,Szárász,1,251,0,0,34,34,0,34
['03'],02,Szászvár,Szászvár,2,252,2,4,1892,1903,2,1894
['03'],02,Szebény,Szebény,1,253,0,2,269,271,1,269
['03'],02,Szederkény,Szederkény,2,254,1,6,1440,1453,1,1441
['03'],02,Szellő,Szellő,1,255,0,1,114,114,0,114
['02'],02,Szemely,Szemely,1,256,1,0,417,418,0,418
['04'],02,Szentdénes,Szentdénes,1,257,0,0,255,254,0,255
['04'],02,Szentegát,Szentegát,1,258,0,1,251,254,1,251
['04'],02,Szentkatalin,Szentkatalin,1,259,1,0,76,76,0,77
['04'],02,Szentlászló,Szentlászló,1,260,0,3,603,608,0,603
['04'],02,Szentlőrinc,Szentlőrinc,8,261,10,11,4908,4922,2,4918
['03'],02,Székelyszabar,Székelyszabar,1,262,0,0,446,443,0,446
['04'],02,Szigetvár,Szigetvár,9,263,3,35,7902,7948,11,7905
['02'],02,Szilágy,Szilágy,1,264,0,1,225,225,1,225
['04'],02,Szilvás,Szilvás,1,265,0,1,119,119,0,119
['04'],02,Szörény,Szörény,1,266,0,0,58,58,0,58
['04'],02,Szőke,Szőke,1,267,0,0,89,91,0,89
['03'],02,Szőkéd,Szőkéd,1,268,0,0,300,297,0,300
['04'],02,Szulimán,Szulimán,1,269,0,0,168,167,0,168
['03'],02,Szűr,Szűr,1,270,0,1,205,207,1,205
['04'],02,Tarrós,Tarrós,1,271,0,0,73,74,0,73
['04'],02,Teklafalu,Teklafalu,1,272,0,1,215,216,0,215
['04'],02,Tengeri,Tengeri,1,273,0,0,48,49,0,48
['04'],02,Tékes,Tékes,1,274,0,0,172,173,0,172
['04'],02,Tésenfa,Tésenfa,1,275,0,0,129,129,0,129
['04'],02,Téseny,Téseny,1,276,0,1,228,230,0,228
['04'],02,Tormás,Tormás,1,277,0,0,190,190,0,190
['03'],02,Tófű,Tófű,1,278,0,1,92,93,0,92
['04'],02,Tótszentgyörgy,Tótszentgyörgy,1,279,0,0,115,116,0,115
['03'],02,Töttös,Töttös,1,280,0,0,405,406,0,405
['04'],02,Túrony,Túrony,1,281,0,0,221,221,0,221
['03'],02,Udvar,Udvar,1,282,0,1,100,100,1,100
['03'],02,Újpetre,Újpetre,1,283,0,4,785,788,0,785
['04'],02,Vajszló,Vajszló,2,284,0,2,1357,1354,0,1357
['04'],02,Varga,Varga,1,285,0,0,57,57,0,57
['04'],02,Várad,Várad,1,286,0,0,116,117,0,116
['04'],02,Vásárosbéc,Vásárosbéc,1,287,1,0,152,152,0,153
['04'],02,Vásárosdombó,Vásárosdombó,1,288,0,3,827,836,1,827
['04'],02,Vázsnok,Vázsnok,1,289,0,1,90,91,0,90
['04'],02,Vejti,Vejti,1,290,0,0,122,121,0,122
['04'],02,Velény,Velény,1,291,0,0,106,108,0,106
['03'],02,Versend,Versend,1,292,0,2,676,677,0,676
['03'],02,Vékény,Vékény,1,293,1,0,117,117,0,118
['03'],02,Véménd,Véménd,1,294,0,3,1049,1053,0,1049
['03'],02,Villány,Villány,3,295,2,5,1764,1768,0,1766
['03'],02,Villánykövesd,Villánykövesd,1,296,0,0,185,187,0,185
['03'],02,Vokány,Vokány,1,297,0,2,670,671,0,670
['04'],02,Zaláta,Zaláta,1,298,0,2,176,179,0,176
['04'],02,Zádor,Zádor,1,299,0,0,241,242,0,241
['03'],02,Zengővárkony,Zengővárkony,1,300,0,0,337,339,0,337
['04'],02,Zók,Zók,1,301,0,3,231,237,0,231
['03'],03,Akasztó,Akasztó,2,001,2,12,2614,2627,4,2616
['03'],03,Apostag,Apostag,2,002,1,8,1707,1710,0,1708
['04'],03,Ágasegyháza,Ágasegyháza,2,003,1,7,1509,1516,1,1510
['06'],03,Baja,Baja,32,004,55,155,27414,27599,52,27469
['02'],03,Ballószög,Ballószög,4,005,7,14,3344,3369,6,3351
['05'],03,Balotaszállás,Balotaszállás,1,006,1,4,1137,1140,0,1138
['05'],03,Bácsalmás,Bácsalmás,6,007,3,24,5061,5086,4,5064
['06'],03,Bácsbokod,Bácsbokod,2,008,2,12,2028,2043,4,2030
['06'],03,Bácsborsód,Bácsborsód,1,009,0,2,894,897,1,894
['06'],03,Bácsszentgyörgy,Bácsszentgyörgy,1,010,0,2,113,115,1,113
['05'],03,Bácsszőlős,Bácsszőlős,1,011,0,2,255,257,0,255
['06'],03,Bátmonostor,Bátmonostor,2,012,2,2,1244,1251,0,1246
['03'],03,Bátya,Bátya,2,013,0,9,1597,1603,1,1597
['05'],03,Borota,Borota,1,014,1,3,994,998,0,995
['04'],03,Bócsa,Bócsa,2,015,2,5,1418,1426,3,1420
['04'],03,Bugac,Bugac,3,016,1,7,2160,2166,0,2161
['04'],03,Bugacpusztaháza,Bugacpusztaháza,1,017,0,1,216,218,1,216
['05'],03,Császártöltés,Császártöltés,2,018,0,3,1812,1824,0,1812
['06'],03,Csátalja,Csátalja,2,019,1,4,1067,1076,2,1068
['06'],03,Csávoly,Csávoly,2,020,0,5,1412,1414,0,1412
['03'],03,Csengőd,Csengőd,2,021,1,5,1681,1692,0,1682
['05'],03,Csikéria,Csikéria,1,022,0,4,583,591,2,583
['04'],03,Csólyospálos,Csólyospálos,2,023,2,4,1234,1238,1,1236
['06'],03,Dávod,Dávod,2,024,0,10,1520,1535,0,1520
['03'],03,Drágszél,Drágszél,1,025,0,2,230,232,1,230
['03'],03,Dunaegyháza,Dunaegyháza,2,026,3,4,1232,1240,0,1235
['06'],03,Dunafalva,Dunafalva,1,027,1,4,662,662,0,663
['03'],03,Dunapataj,Dunapataj,3,028,5,8,2611,2627,3,2616
['03'],03,Dunaszentbenedek,Dunaszentbenedek,1,029,1,0,625,630,0,626
['03'],03,Dunatetétlen,Dunatetétlen,1,030,0,0,447,450,0,447
['03'],03,Dunavecse,Dunavecse,4,031,8,12,3135,3149,0,3143
['06'],03,Dusnok,Dusnok,3,032,4,16,2339,2359,4,2343
['06'],03,Érsekcsanád,Érsekcsanád,2,033,2,12,2275,2294,0,2277
['06'],03,Érsekhalma,Érsekhalma,1,034,0,4,457,464,0,457
['06'],03,Fajsz,Fajsz,2,035,0,12,1283,1299,1,1283
['01'],03,Felsőlajos,Felsőlajos,1,036,3,3,802,806,0,805
['06'],03,Felsőszentiván,Felsőszentiván,2,037,1,6,1487,1498,1,1488
['03'],03,Foktő,Foktő,2,038,1,7,1161,1174,2,1162
['01'],03,Fülöpháza,Fülöpháza,1,039,0,4,681,685,1,681
['04'],03,Fülöpjakab,Fülöpjakab,1,040,1,0,911,917,0,912
['04'],03,Fülöpszállás,Fülöpszállás,2,041,0,4,1821,1829,0,1821
['06'],03,Gara,Gara,2,042,1,13,1529,1545,4,1530
['04'],03,Gátér,Gátér,1,043,0,2,720,723,1,720
['03'],03,Géderlak,Géderlak,1,044,1,2,762,767,0,763
['05'],03,Hajós,Hajós,3,045,3,11,2295,2310,6,2298
['05'],03,Harkakötöny,Harkakötöny,1,046,3,5,635,640,0,638
['03'],03,Harta,Harta,5,047,7,9,2701,2718,0,2708
['02'],03,Helvécia,Helvécia,4,048,9,7,4126,4138,0,4135
['06'],03,Hercegszántó,Hercegszántó,2,049,2,8,1525,1537,0,1527
['03'],03,Homokmégy,Homokmégy,4,050,1,5,1036,1041,0,1037
['05'],03,Imrehegy,Imrehegy,1,051,0,3,480,487,0,480
['04'],03,Izsák,Izsák,6,052,8,13,4554,4568,3,4562
['04'],03,Jakabszállás,Jakabszállás,2,053,1,4,2164,2171,0,2165
['05'],03,Jánoshalma,Jánoshalma,6,054,6,27,6695,6743,2,6701
['04'],03,Jászszentlászló,Jászszentlászló,2,055,1,11,2007,2022,3,2008
['03'],03,Kalocsa,Kalocsa,17,056,25,66,12081,12161,14,12106
['03'],03,Kaskantyú,Kaskantyú,1,057,0,4,761,769,0,761
['06'],03,Katymár,Katymár,2,058,0,9,1307,1318,1,1307
['05'],03,Kecel,Kecel,7,059,5,22,6452,6487,2,6457
"['01', '02']",03,Kecskemét,Kecskemét,99,060,302,409,84128,84610,142,84430
['05'],03,Kelebia,Kelebia,4,061,3,12,1957,1978,2,1960
['01'],03,Kerekegyháza,Kerekegyháza,5,062,4,16,5077,5096,6,5081
['05'],03,Kéleshalom,Kéleshalom,1,063,0,0,337,337,0,337
['03'],03,Kiskőrös,Kiskőrös,11,064,22,51,10964,11024,11,10986
['04'],03,Kiskunfélegyháza,Kiskunfélegyháza,31,065,27,76,23091,23208,19,23118
['05'],03,Kiskunhalas,Kiskunhalas,20,066,42,112,20975,21139,36,21017
['04'],03,Kiskunmajsa,Kiskunmajsa,10,067,6,24,8617,8646,10,8623
['05'],03,Kisszállás,Kisszállás,2,068,1,4,1853,1860,0,1854
['04'],03,Kömpöc,Kömpöc,1,069,0,1,546,548,0,546
['01'],03,Kunadacs,Kunadacs,1,070,1,2,1122,1125,1,1123
['05'],03,Kunbaja,Kunbaja,2,071,0,9,1193,1207,0,1193
['01'],03,Kunbaracs,Kunbaracs,1,072,0,2,553,555,1,553
['05'],03,Kunfehértó,Kunfehértó,3,073,3,11,1842,1850,2,1845
['01'],03,Kunpeszér,Kunpeszér,1,074,1,1,629,631,0,630
['04'],03,Kunszállás,Kunszállás,1,075,4,7,1400,1408,2,1404
['01'],03,Kunszentmiklós,Kunszentmiklós,8,076,3,31,6412,6450,4,6415
['01'],03,Ladánybene,Ladánybene,1,077,2,5,1396,1398,0,1398
['01'],03,Lajosmizse,Lajosmizse,9,078,10,29,9059,9106,10,9069
['04'],03,Lakitelek,Lakitelek,5,079,1,16,3989,4014,2,3990
['06'],03,Madaras,Madaras,3,080,0,14,2233,2252,2,2233
['06'],03,Mátételke,Mátételke,1,081,0,2,402,399,0,402
['05'],03,Mélykút,Mélykút,6,082,5,28,3864,3892,4,3869
['03'],03,Miske,Miske,2,083,0,7,1255,1266,2,1255
['04'],03,Móricgát,Móricgát,1,084,0,1,322,327,0,322
['06'],03,Nagybaracska,Nagybaracska,2,085,2,5,1746,1760,0,1748
['06'],03,Nemesnádudvar,Nemesnádudvar,2,086,1,14,1404,1420,1,1405
['04'],03,Nyárlőrinc,Nyárlőrinc,2,087,2,2,1849,1857,0,1851
['03'],03,Ordas,Ordas,1,088,1,3,340,343,0,341
['04'],03,Orgovány,Orgovány,3,089,0,5,2617,2626,1,2617
['03'],03,Öregcsertő,Öregcsertő,1,090,0,1,600,601,0,600
['03'],03,Páhi,Páhi,1,091,2,4,945,947,0,947
['04'],03,Pálmonostora,Pálmonostora,2,092,2,4,1377,1387,1,1379
['04'],03,Petőfiszállás,Petőfiszállás,2,093,1,4,1169,1174,0,1170
['05'],03,Pirtó,Pirtó,1,094,0,3,733,737,0,733
['06'],03,Rém,Rém,1,095,2,3,962,970,0,964
['03'],03,Solt,Solt,6,096,9,30,4995,5031,8,5004
['03'],03,Soltszentimre,Soltszentimre,1,097,0,3,1064,1065,1,1064
['03'],03,Soltvadkert,Soltvadkert,6,098,5,21,5670,5702,1,5675
['06'],03,Sükösd,Sükösd,3,099,4,11,2909,2923,0,2913
['01'],03,Szabadszállás,Szabadszállás,8,100,3,19,4800,4826,2,4803
['03'],03,Szakmár,Szakmár,1,101,2,4,922,926,1,924
['01'],03,Szalkszentmárton,Szalkszentmárton,3,102,3,9,2370,2378,1,2373
['04'],03,Szank,Szank,2,103,0,10,1835,1850,0,1835
['02'],03,Szentkirály,Szentkirály,2,104,2,0,1526,1526,0,1528
['06'],03,Szeremle,Szeremle,1,105,2,2,1091,1092,0,1093
['03'],03,Tabdi,Tabdi,1,106,1,2,867,870,0,868
['01'],03,Tass,Tass,2,107,4,7,2250,2268,0,2254
['05'],03,Tataháza,Tataháza,1,108,0,3,914,920,0,914
['05'],03,Tázlár,Tázlár,2,109,0,3,1334,1336,2,1334
['04'],03,Tiszaalpár,Tiszaalpár,5,110,1,16,3863,3878,5,3864
['02'],03,Tiszakécske,Tiszakécske,10,111,13,30,9143,9189,6,9156
['04'],03,Tiszaug,Tiszaug,1,112,0,2,634,637,1,634
['05'],03,Tompa,Tompa,5,113,2,14,3575,3589,2,3577
['03'],03,Uszód,Uszód,1,114,0,5,717,723,0,717
['03'],03,Újsolt,Újsolt,1,115,0,1,140,140,0,140
['03'],03,Újtelek,Újtelek,1,116,0,6,288,295,1,288
['06'],03,Vaskút,Vaskút,3,117,3,12,2675,2691,1,2678
['02'],03,Városföld,Városföld,2,118,0,8,1690,1704,2,1690
['05'],03,Zsana,Zsana,1,119,1,4,547,552,1,548
['04'],04,Almáskamarás,Almáskamarás,1,001,0,6,636,646,0,636
['04'],04,Battonya,Battonya,6,002,3,20,4160,4183,2,4163
['02'],04,Békés,Békés,16,003,3,64,14795,14884,14,14798
['01'],04,Békéscsaba,Békéscsaba,69,004,90,324,45811,46226,81,45901
['04'],04,Békéssámson,Békéssámson,3,005,1,5,1802,1810,3,1803
['02'],04,Békésszentandrás,Békésszentandrás,7,006,4,21,2916,2941,3,2920
['03'],04,Bélmegyer,Bélmegyer,1,007,0,2,715,718,0,715
['03'],04,Biharugra,Biharugra,1,008,0,5,704,709,0,704
['02'],04,Bucsa,Bucsa,2,009,0,8,1725,1736,1,1725
['02'],04,Csabacsűd,Csabacsűd,3,010,0,3,1402,1410,0,1402
['01'],04,Csabaszabadi,Csabaszabadi,1,011,0,5,235,239,1,235
['04'],04,Csanádapáca,Csanádapáca,2,012,0,9,1970,1986,0,1970
['02'],04,Csárdaszállás,Csárdaszállás,1,013,0,1,339,340,0,339
['01'],04,Csorvás,Csorvás,5,014,1,34,3817,3851,11,3818
['02'],04,Dévaványa,Dévaványa,8,015,1,27,5569,5606,7,5570
['03'],04,Doboz,Doboz,5,016,4,13,3359,3376,2,3363
['04'],04,Dombegyház,Dombegyház,3,017,0,10,1444,1457,0,1444
['04'],04,Dombiratos,Dombiratos,1,018,0,1,402,404,1,402
['02'],04,Ecsegfalva,Ecsegfalva,1,019,0,5,892,899,0,892
['03'],04,Elek,Elek,6,020,5,12,3550,3568,0,3555
['03'],04,Füzesgyarmat,Füzesgyarmat,5,021,1,23,4331,4348,1,4332
['04'],04,Gádoros,Gádoros,3,022,4,18,2846,2875,5,2850
['01'],04,Gerendás,Gerendás,2,023,1,3,930,937,1,931
['03'],04,Geszt,Geszt,1,024,1,3,542,551,1,543
['02'],04,Gyomaendrőd,Gyomaendrőd,12,025,8,69,10496,10582,11,10504
['03'],04,Gyula,Gyula,30,026,25,135,23535,23753,34,23560
['02'],04,Hunya,Hunya,1,027,0,2,495,497,0,495
['02'],04,Kamut,Kamut,2,028,0,1,794,797,0,794
['02'],04,Kardos,Kardos,1,029,2,2,442,446,1,444
['04'],04,Kardoskút,Kardoskút,1,030,0,5,648,652,0,648
['04'],04,Kaszaper,Kaszaper,3,031,1,9,1440,1455,2,1441
['02'],04,Kertészsziget,Kertészsziget,1,032,0,1,281,280,0,281
['04'],04,Kevermes,Kevermes,2,033,3,3,1289,1294,0,1292
['01'],04,Kétegyháza,Kétegyháza,4,034,1,6,2827,2828,1,2828
['01'],04,Kétsoprony,Kétsoprony,2,035,1,3,1028,1034,0,1029
['04'],04,Kisdombegyház,Kisdombegyház,1,036,0,1,338,338,0,338
['01'],04,Kondoros,Kondoros,7,037,5,15,3852,3874,0,3857
['02'],04,Körösladány,Körösladány,4,038,7,16,3304,3330,0,3311
['03'],04,Körösnagyharsány,Körösnagyharsány,1,039,1,3,435,438,0,436
['02'],04,Köröstarcsa,Köröstarcsa,3,040,3,8,1905,1911,2,1908
['03'],04,Körösújfalu,Körösújfalu,1,041,0,4,338,344,1,338
['03'],04,Kötegyán,Kötegyán,2,042,1,5,1107,1119,0,1108
['04'],04,Kunágota,Kunágota,3,043,0,12,1953,1968,1,1953
['04'],04,Lőkösháza,Lőkösháza,2,044,2,7,1298,1295,0,1300
['04'],04,Magyarbánhegyes,Magyarbánhegyes,3,045,1,4,1550,1558,0,1551
['04'],04,Magyardombegyház,Magyardombegyház,1,046,0,0,172,171,0,172
['04'],04,Medgyesbodzás,Medgyesbodzás,2,047,2,5,725,732,0,727
['04'],04,Medgyesegyháza,Medgyesegyháza,4,048,1,10,2725,2736,3,2726
['02'],04,Mezőberény,Mezőberény,8,049,3,42,7804,7857,8,7807
['03'],04,Mezőgyán,Mezőgyán,2,050,0,6,728,740,0,728
['04'],04,Mezőhegyes,Mezőhegyes,5,051,2,40,3788,3835,6,3790
['04'],04,Mezőkovácsháza,Mezőkovácsháza,5,052,3,22,4429,4474,5,4432
['03'],04,Méhkerék,Méhkerék,2,053,1,3,1664,1672,0,1665
['02'],04,Murony,Murony,2,054,1,8,941,950,1,942
['04'],04,Nagybánhegyes,Nagybánhegyes,1,055,0,14,966,984,1,966
['04'],04,Nagykamarás,Nagykamarás,2,056,0,3,934,946,2,934
['04'],04,Nagyszénás,Nagyszénás,4,057,1,22,3760,3790,3,3761
['03'],04,Okány,Okány,2,058,0,12,1737,1752,2,1737
['04'],04,Orosháza,Orosháza,31,059,21,139,21755,21959,29,21776
['02'],04,Örménykút,Örménykút,1,060,2,0,254,254,0,256
['04'],04,Pusztaföldvár,Pusztaföldvár,2,061,0,4,1234,1237,1,1234
['04'],04,Pusztaottlaka,Pusztaottlaka,2,062,0,0,257,258,0,257
['03'],04,Sarkad,Sarkad,8,063,2,32,7537,7581,3,7539
['03'],04,Sarkadkeresztúr,Sarkadkeresztúr,3,064,0,9,1187,1197,1,1187
['01'],04,Szabadkígyós,Szabadkígyós,3,065,1,9,1995,2010,2,1996
['02'],04,Szarvas,Szarvas,18,066,17,65,11940,12017,25,11957
['03'],04,Szeghalom,Szeghalom,7,067,2,45,6696,6760,6,6698
['03'],04,Tarhos,Tarhos,1,068,0,2,625,628,0,625
['01'],04,Telekgerendás,Telekgerendás,2,069,0,14,1240,1252,5,1240
['04'],04,Tótkomlós,Tótkomlós,6,070,5,21,4535,4559,3,4540
['01'],04,Újkígyós,Újkígyós,6,071,4,20,4065,4090,3,4069
['03'],04,Újszalonta,Újszalonta,1,072,0,0,77,76,0,77
['04'],04,Végegyháza,Végegyháza,1,073,1,3,964,971,1,965
['03'],04,Vésztő,Vésztő,7,074,0,24,5096,5118,3,5096
['03'],04,Zsadány,Zsadány,2,075,1,7,1166,1178,0,1167
['05'],05,Abaújalpár,Abaújalpár,1,001,0,0,68,68,0,68
['05'],05,Abaújkér,Abaújkér,2,002,0,1,462,464,0,462
['04'],05,Abaújlak,Abaújlak,1,003,0,2,62,64,0,62
['05'],05,Abaújszántó,Abaújszántó,3,004,0,9,2229,2237,3,2229
['04'],05,Abaújszolnok,Abaújszolnok,1,005,0,0,131,130,0,131
['05'],05,Abaújvár,Abaújvár,1,006,0,0,103,103,0,103
['04'],05,Abod,Abod,1,007,0,0,127,127,0,127
['03'],05,Aggtelek,Aggtelek,1,008,2,3,421,423,1,423
['04'],05,Alacska,Alacska,1,009,1,3,562,564,0,563
['05'],05,Alsóberecki,Alsóberecki,1,010,0,4,590,595,0,590
['06'],05,Alsódobsza,Alsódobsza,1,011,0,1,208,212,0,208
['04'],05,Alsógagy,Alsógagy,1,012,0,0,64,63,0,64
['05'],05,Alsóregmec,Alsóregmec,1,013,0,1,152,155,0,152
['03'],05,Alsószuha,Alsószuha,1,014,0,2,322,325,0,322
['03'],05,Alsótelekes,Alsótelekes,1,015,0,1,108,107,0,108
['04'],05,Alsóvadász,Alsóvadász,1,016,2,9,1061,1075,1,1063
['01'],05,Alsózsolca,Alsózsolca,5,017,2,6,4219,4228,2,4221
['05'],05,Arka,Arka,1,018,0,0,48,49,0,48
['03'],05,Arló,Arló,3,019,2,4,2472,2484,1,2474
['01'],05,Arnót,Arnót,2,020,1,12,1859,1880,3,1860
['06'],05,Aszaló,Aszaló,2,021,1,2,1332,1331,0,1333
['07'],05,Ároktő,Ároktő,1,022,1,1,778,779,0,779
['04'],05,Baktakék,Baktakék,1,023,0,3,534,541,0,534
['04'],05,Balajt,Balajt,1,024,0,0,344,346,0,344
['05'],05,Baskó,Baskó,1,025,0,0,140,142,0,140
['04'],05,Bánhorváti,Bánhorváti,1,026,0,1,1040,1044,0,1040
['03'],05,Bánréve,Bánréve,1,027,0,2,930,933,0,930
['03'],05,Becskeháza,Becskeháza,1,028,0,0,22,22,0,22
['06'],05,Bekecs,Bekecs,2,029,1,7,1959,1969,0,1960
['04'],05,Berente,Berente,1,030,0,4,860,862,1,860
['04'],05,Beret,Beret,1,031,0,0,208,209,0,208
['07'],05,Berzék,Berzék,1,032,0,3,737,743,2,737
['05'],05,Bodroghalom,Bodroghalom,1,033,0,3,965,969,0,965
['06'],05,Bodrogkeresztúr,Bodrogkeresztúr,1,034,0,3,728,733,1,728
['06'],05,Bodrogkisfalud,Bodrogkisfalud,1,035,0,7,642,650,2,642
['05'],05,Bodrogolaszi,Bodrogolaszi,1,036,0,5,717,718,1,717
['07'],05,Bogács,Bogács,2,037,6,6,1658,1669,1,1664
['05'],05,Boldogkőújfalu,Boldogkőújfalu,1,038,0,0,398,398,0,398
['05'],05,Boldogkőváralja,Boldogkőváralja,1,039,2,7,680,688,0,682
['04'],05,Boldva,Boldva,2,040,1,5,1838,1845,1,1839
['03'],05,Borsodbóta,Borsodbóta,1,041,1,0,594,597,0,595
['07'],05,Borsodgeszt,Borsodgeszt,1,042,0,0,218,216,0,218
['07'],05,Borsodivánka,Borsodivánka,1,043,1,0,413,413,0,414
['03'],05,Borsodnádasd,Borsodnádasd,3,044,2,6,2227,2239,3,2229
['03'],05,Borsodszentgyörgy,Borsodszentgyörgy,1,045,1,5,849,851,0,850
['04'],05,Borsodszirák,Borsodszirák,1,046,0,3,910,919,0,910
['03'],05,Bódvalenke,Bódvalenke,1,047,0,0,188,190,0,188
['03'],05,Bódvarákó,Bódvarákó,1,048,0,0,59,60,0,59
['03'],05,Bódvaszilas,Bódvaszilas,1,049,0,5,694,697,1,694
['05'],05,Bózsva,Bózsva,1,050,0,1,153,152,0,153
['06'],05,Bőcs,Bőcs,3,051,2,6,2023,2029,1,2025
['07'],05,Bükkaranyos,Bükkaranyos,1,052,2,5,1205,1212,1,1207
['07'],05,Bükkábrány,Bükkábrány,2,053,1,10,1321,1329,2,1322
['03'],05,Bükkmogyorósd,Bükkmogyorósd,1,054,0,0,102,103,0,102
['07'],05,Bükkszentkereszt,Bükkszentkereszt,1,055,1,11,918,932,1,919
['07'],05,Bükkzsérc,Bükkzsérc,1,056,1,0,813,814,0,814
['04'],05,Büttös,Büttös,1,057,0,1,125,127,0,125
['05'],05,Cigánd,Cigánd,3,058,1,12,2240,2257,1,2241
['04'],05,Csenyéte,Csenyéte,1,059,0,0,297,297,0,297
['07'],05,Cserépfalu,Cserépfalu,1,060,1,4,820,819,0,821
['07'],05,Cserépváralja,Cserépváralja,1,061,0,1,312,317,1,312
['03'],05,Csernely,Csernely,1,062,2,4,497,504,0,499
['07'],05,Csincse,Csincse,1,063,0,1,424,425,0,424
['06'],05,Csobaj,Csobaj,1,064,0,4,549,556,1,549
['04'],05,Csobád,Csobád,1,065,0,2,507,513,0,507
['03'],05,Csokvaomány,Csokvaomány,1,066,0,2,528,530,1,528
['04'],05,Damak,Damak,1,067,0,0,179,182,0,179
['05'],05,Dámóc,Dámóc,1,068,0,0,252,253,0,252
['04'],05,Debréte,Debréte,1,069,0,0,11,11,0,11
['04'],05,Detek,Detek,1,070,0,0,193,193,0,193
['04'],05,Dédestapolcsány,Dédestapolcsány,1,071,5,9,1107,1118,1,1112
['03'],05,Domaháza,Domaháza,1,072,0,0,588,590,0,588
['03'],05,Dövény,Dövény,1,073,0,3,216,219,1,216
['03'],05,Dubicsány,Dubicsány,1,074,0,1,229,231,0,229
['04'],05,Edelény,Edelény,8,075,7,14,7274,7292,1,7281
['07'],05,Egerlövő,Egerlövő,1,076,0,5,424,428,1,424
['07'],05,Emőd,Emőd,5,077,1,4,3991,4006,2,3992
['05'],05,Encs,Encs,7,078,14,19,4640,4668,1,4654
['05'],05,Erdőbénye,Erdőbénye,1,079,0,10,858,871,0,858
['05'],05,Erdőhorváti,Erdőhorváti,1,080,0,1,426,426,0,426
['03'],05,Égerszög,Égerszög,1,081,0,0,43,43,0,43
['04'],05,Fancsal,Fancsal,1,082,0,0,241,239,0,241
['03'],05,Farkaslyuk,Farkaslyuk,2,083,2,3,1233,1235,0,1235
['04'],05,Fáj,Fáj,1,084,0,0,296,296,0,296
['05'],05,Felsőberecki,Felsőberecki,1,085,0,1,212,215,0,212
['05'],05,Felsődobsza,Felsődobsza,1,086,0,3,656,657,0,656
['04'],05,Felsőgagy,Felsőgagy,1,087,0,1,155,156,0,155
['03'],05,Felsőkelecsény,Felsőkelecsény,1,088,0,0,300,299,0,300
['03'],05,Felsőnyárád,Felsőnyárád,1,089,1,0,800,796,0,801
['05'],05,Felsőregmec,Felsőregmec,1,090,0,0,200,200,0,200
['03'],05,Felsőtelekes,Felsőtelekes,1,091,0,0,508,513,0,508
['04'],05,Felsővadász,Felsővadász,1,092,0,0,368,370,0,368
['01'],05,Felsőzsolca,Felsőzsolca,6,093,10,17,5235,5260,7,5245
['05'],05,Filkeháza,Filkeháza,1,094,0,0,66,67,0,66
['05'],05,Fony,Fony,1,095,0,0,224,226,0,224
['04'],05,Forró,Forró,2,096,0,6,1928,1934,1,1928
['05'],05,Fulókércs,Fulókércs,1,097,0,0,267,267,0,267
['05'],05,Füzér,Füzér,1,098,0,4,297,302,0,297
['05'],05,Füzérkajata,Füzérkajata,1,099,0,2,83,85,0,83
['05'],05,Füzérkomlós,Füzérkomlós,1,100,0,1,215,219,0,215
['05'],05,Füzérradvány,Füzérradvány,1,101,0,0,226,226,0,226
['04'],05,Gadna,Gadna,1,102,0,0,172,171,0,172
['04'],05,Gagyapáti,Gagyapáti,1,103,0,0,25,26,0,25
['04'],05,Gagybátor,Gagybátor,1,104,0,1,123,125,0,123
['04'],05,Gagyvendégi,Gagyvendégi,1,105,0,1,151,152,0,151
['04'],05,Galvács,Galvács,1,106,0,0,62,63,0,62
['05'],05,Garadna,Garadna,1,107,1,0,254,254,0,255
['07'],05,Gelej,Gelej,1,108,1,1,424,423,0,425
['06'],05,Gesztely,Gesztely,3,109,2,6,1962,1981,1,1964
['06'],05,Girincs,Girincs,1,110,0,2,615,620,0,615
['05'],05,Golop,Golop,1,111,0,1,456,458,0,456
['03'],05,Gömörszőlős,Gömörszőlős,1,112,0,1,68,68,0,68
['05'],05,Gönc,Gönc,2,113,3,8,1378,1391,2,1381
['05'],05,Göncruszka,Göncruszka,1,114,0,1,424,429,0,424
['05'],05,Györgytarló,Györgytarló,1,115,0,5,404,410,0,404
['06'],05,Halmaj,Halmaj,2,116,2,2,1272,1276,0,1274
['04'],05,Hangács,Hangács,1,117,0,0,446,448,0,446
['03'],05,Hangony,Hangony,2,118,0,5,1124,1129,1,1124
['07'],05,Harsány,Harsány,2,119,1,2,1596,1601,0,1597
['05'],05,Háromhuta,Háromhuta,1,120,0,1,116,116,0,116
['04'],05,Hegymeg,Hegymeg,1,121,0,0,83,82,0,83
['05'],05,Hejce,Hejce,1,122,0,1,176,177,0,176
['07'],05,Hejőbába,Hejőbába,2,123,0,3,1255,1259,0,1255
['07'],05,Hejőkeresztúr,Hejőkeresztúr,1,124,0,3,807,812,1,807
['07'],05,Hejőkürt,Hejőkürt,1,125,0,0,229,229,0,229
['07'],05,Hejőpapi,Hejőpapi,1,126,0,3,784,789,0,784
['07'],05,Hejőszalonta,Hejőszalonta,1,127,1,1,536,537,0,537
['05'],05,Hercegkút,Hercegkút,1,128,0,4,498,503,2,498
['05'],05,Hernádbűd,Hernádbűd,1,129,0,1,102,104,0,102
['05'],05,Hernádcéce,Hernádcéce,1,130,0,0,160,161,0,160
['06'],05,Hernádkak,Hernádkak,2,131,1,2,1228,1233,0,1229
['06'],05,Hernádkércs,Hernádkércs,1,132,0,0,228,231,0,228
['06'],05,Hernádnémeti,Hernádnémeti,3,133,1,4,2686,2691,1,2687
['05'],05,Hernádpetri,Hernádpetri,1,134,0,0,155,155,0,155
['04'],05,Hernádszentandrás,Hernádszentandrás,1,135,1,1,292,295,0,293
['05'],05,Hernádszurdok,Hernádszurdok,1,136,0,1,129,130,0,129
['05'],05,Hernádvécse,Hernádvécse,1,137,0,2,664,668,0,664
['03'],05,Hét,Hét,1,138,1,2,378,381,0,379
['05'],05,Hidasnémeti,Hidasnémeti,1,139,1,8,605,617,1,606
['03'],05,Hidvégardó,Hidvégardó,1,140,1,1,378,381,1,379
['05'],05,Hollóháza,Hollóháza,1,141,0,3,565,567,0,565
['04'],05,Homrogd,Homrogd,1,142,0,3,707,712,1,707
['07'],05,Igrici,Igrici,1,143,0,1,866,871,0,866
['03'],05,Imola,Imola,1,144,0,0,77,76,0,77
['04'],05,Ináncs,Ináncs,1,145,0,4,901,904,1,901
['04'],05,Irota,Irota,1,146,0,1,64,65,0,64
['04'],05,Izsófalva,Izsófalva,2,147,0,2,1260,1266,0,1260
['03'],05,Jákfalva,Jákfalva,1,148,0,2,384,390,0,384
['03'],05,Járdánháza,Járdánháza,2,149,0,2,1277,1283,0,1277
['03'],05,Jósvafő,Jósvafő,1,150,1,2,215,219,0,216
['05'],05,Karcsa,Karcsa,2,151,0,4,1324,1329,0,1324
['05'],05,Karos,Karos,1,152,0,1,376,378,0,376
['04'],05,Kazincbarcika,Kazincbarcika,26,153,28,120,19998,20178,25,20026
['07'],05,Kács,Kács,1,154,2,2,422,424,0,424
['03'],05,Kánó,Kánó,1,155,1,0,123,123,0,124
['04'],05,Kány,Kány,1,156,0,0,53,54,0,53
['04'],05,Kázsmárk,Kázsmárk,1,157,0,3,707,709,0,707
['03'],05,Kelemér,Kelemér,1,158,0,0,342,342,0,342
['05'],05,Kenézlő,Kenézlő,1,159,0,6,910,914,0,910
['04'],05,Keresztéte,Keresztéte,1,160,0,0,34,36,0,34
['06'],05,Kesznyéten,Kesznyéten,2,161,0,6,1305,1315,0,1305
['05'],05,Kéked,Kéked,1,162,1,3,113,117,0,114
['03'],05,Királd,Királd,2,163,0,3,552,557,1,552
['06'],05,Kiscsécs,Kiscsécs,1,164,0,0,127,127,0,127
['07'],05,Kisgyőr,Kisgyőr,2,165,0,3,1276,1286,1,1276
['05'],05,Kishuta,Kishuta,1,166,0,1,223,225,0,223
['04'],05,Kiskinizs,Kiskinizs,1,167,0,2,257,258,1,257
['05'],05,Kisrozvágy,Kisrozvágy,1,168,0,1,160,160,1,160
['03'],05,Kissikátor,Kissikátor,1,169,0,1,231,232,1,231
['07'],05,Kistokaj,Kistokaj,2,170,1,9,1891,1896,4,1892
['03'],05,Komjáti,Komjáti,1,171,0,0,120,120,0,120
['05'],05,Komlóska,Komlóska,1,172,0,2,195,198,0,195
['04'],05,Kondó,Kondó,1,173,1,3,451,457,0,452
['05'],05,Korlát,Korlát,1,174,0,0,232,233,0,232
['05'],05,Kovácsvágás,Kovácsvágás,1,175,0,1,465,470,0,465
['07'],05,Köröm,Köröm,1,176,0,2,869,874,0,869
['04'],05,Krasznokvajda,Krasznokvajda,1,177,0,0,316,317,0,316
['04'],05,Kupa,Kupa,1,178,1,0,121,121,0,122
['03'],05,Kurityán,Kurityán,2,179,0,5,1149,1150,0,1149
['04'],05,Lak,Lak,1,180,0,0,436,440,0,436
['05'],05,Lácacséke,Lácacséke,1,181,0,1,199,200,0,199
['04'],05,Ládbesenyő,Ládbesenyő,1,182,0,0,204,206,0,204
['06'],05,Legyesbénye,Legyesbénye,1,183,0,4,1111,1114,2,1111
['04'],05,Léh,Léh,1,184,0,0,319,318,0,319
['03'],05,Lénárddaróc,Lénárddaróc,1,185,0,1,200,204,0,200
['04'],05,Litka,Litka,1,186,1,0,31,31,0,32
['05'],05,Makkoshotyka,Makkoshotyka,1,187,0,3,625,629,1,625
['03'],05,Martonyi,Martonyi,1,188,0,0,251,252,0,251
['06'],05,Mád,Mád,2,189,0,20,1622,1643,1,1622
['07'],05,Mályi,Mályi,5,190,2,13,3536,3542,2,3538
['04'],05,Mályinka,Mályinka,1,191,1,2,387,389,0,388
['06'],05,Megyaszó,Megyaszó,3,192,0,5,1930,1937,0,1930
['04'],05,Meszes,Meszes,1,193,0,1,131,133,0,131
['07'],05,Mezőcsát,Mezőcsát,5,194,4,18,4573,4590,4,4577
['07'],05,Mezőkeresztes,Mezőkeresztes,4,195,3,11,2832,2852,3,2835
['07'],05,Mezőkövesd,Mezőkövesd,16,196,13,63,12811,12900,16,12824
['07'],05,Mezőnagymihály,Mezőnagymihály,1,197,0,4,766,772,0,766
['07'],05,Mezőnyárád,Mezőnyárád,2,198,0,6,1334,1335,0,1334
['06'],05,Mezőzombor,Mezőzombor,2,199,1,7,1737,1748,2,1738
['05'],05,Méra,Méra,2,200,0,3,1071,1075,0,1071
['05'],05,Mikóháza,Mikóháza,1,201,1,1,430,433,1,431
"['01', '02']",05,Miskolc,Miskolc,130,202,211,673,116556,117497,207,116767
['05'],05,Mogyoróska,Mogyoróska,1,203,0,2,69,73,0,69
['04'],05,Monaj,Monaj,1,204,0,0,202,202,0,202
['06'],05,Monok,Monok,2,205,1,4,1186,1192,0,1187
['07'],05,Muhi,Muhi,1,206,1,1,398,397,0,399
['04'],05,Múcsony,Múcsony,3,207,0,6,2201,2210,2,2201
['04'],05,Nagybarca,Nagybarca,1,208,0,3,670,671,1,670
['07'],05,Nagycsécs,Nagycsécs,1,209,0,3,594,601,1,594
['05'],05,Nagyhuta,Nagyhuta,1,210,0,0,34,34,0,34
['06'],05,Nagykinizs,Nagykinizs,1,211,0,1,210,211,0,210
['05'],05,Nagyrozvágy,Nagyrozvágy,1,212,0,2,506,508,0,506
['03'],05,Nekézseny,Nekézseny,1,213,0,1,520,523,0,520
['07'],05,Nemesbikk,Nemesbikk,1,214,0,1,700,704,0,700
['07'],05,Négyes,Négyes,1,215,0,0,234,233,0,234
['05'],05,Novajidrány,Novajidrány,1,216,0,4,928,940,1,928
['07'],05,Nyékládháza,Nyékládháza,5,217,5,19,4085,4112,5,4090
['04'],05,Nyésta,Nyésta,1,218,0,0,22,22,0,22
['05'],05,Nyíri,Nyíri,1,219,1,2,277,278,0,278
['04'],05,Nyomár,Nyomár,1,220,0,0,224,224,0,224
['05'],05,Olaszliszka,Olaszliszka,1,221,0,7,1145,1155,1,1145
['06'],05,Onga,Onga,6,222,0,8,3650,3668,2,3650
['03'],05,Ormosbánya,Ormosbánya,2,223,0,1,1152,1144,0,1152
['06'],05,Oszlár,Oszlár,1,224,2,2,261,259,0,263
['07'],05,Ónod,Ónod,2,225,1,3,1729,1743,0,1730
['03'],05,Ózd,Ózd,37,226,12,131,24722,24898,15,24734
['04'],05,Pamlény,Pamlény,1,227,0,0,36,37,0,36
['02'],05,Parasznya,Parasznya,1,228,1,3,910,913,0,911
['05'],05,Pácin,Pácin,1,229,2,3,1113,1110,0,1115
['05'],05,Pálháza,Pálháza,1,230,1,5,843,850,1,844
['05'],05,Pányok,Pányok,1,231,0,0,36,36,0,36
['05'],05,Pere,Pere,1,232,0,1,239,243,0,239
['04'],05,Perecse,Perecse,1,233,0,0,15,15,0,15
['03'],05,Perkupa,Perkupa,1,234,0,0,556,558,0,556
['06'],05,Prügy,Prügy,2,235,0,1,1796,1802,0,1796
['05'],05,Pusztafalu,Pusztafalu,1,236,0,1,181,184,0,181
['05'],05,Pusztaradvány,Pusztaradvány,1,237,1,0,154,153,0,155
['03'],05,Putnok,Putnok,8,238,3,26,4713,4746,2,4716
['02'],05,Radostyán,Radostyán,1,239,0,1,471,471,0,471
['03'],05,Ragály,Ragály,1,240,0,4,478,483,0,478
['04'],05,Rakaca,Rakaca,1,241,0,4,564,570,0,564
['04'],05,Rakacaszend,Rakacaszend,1,242,0,0,202,204,0,202
['04'],05,Rásonysápberencs,Rásonysápberencs,1,243,0,0,396,395,0,396
['05'],05,Rátka,Rátka,1,244,0,5,793,799,0,793
['05'],05,Regéc,Regéc,1,245,0,1,64,65,0,64
['07'],05,Répáshuta,Répáshuta,1,246,0,2,362,367,0,362
['05'],05,Révleányvár,Révleányvár,1,247,0,1,345,346,0,345
['05'],05,Ricse,Ricse,2,248,0,10,1146,1158,1,1146
['03'],05,Rudabánya,Rudabánya,3,249,4,11,1871,1886,1,1875
['04'],05,Rudolftelep,Rudolftelep,1,250,0,5,551,560,0,551
['02'],05,Sajóbábony,Sajóbábony,3,251,1,11,2016,2033,1,2017
['04'],05,Sajóecseg,Sajóecseg,1,252,1,3,855,861,0,856
['03'],05,Sajógalgóc,Sajógalgóc,1,253,0,0,260,260,0,260
['07'],05,Sajóhídvég,Sajóhídvég,1,254,1,4,719,726,0,720
['04'],05,Sajóivánka,Sajóivánka,1,255,0,2,527,531,0,527
['03'],05,Sajókaza,Sajókaza,3,256,2,8,2186,2203,1,2188
['04'],05,Sajókápolna,Sajókápolna,1,257,0,3,320,324,1,320
['01'],05,Sajókeresztúr,Sajókeresztúr,1,258,1,5,1238,1249,2,1239
['07'],05,Sajólád,Sajólád,2,259,1,9,2281,2297,1,2282
['02'],05,Sajólászlófalva,Sajólászlófalva,1,260,0,0,357,357,0,357
['03'],05,Sajómercse,Sajómercse,1,261,0,0,163,165,0,163
['03'],05,Sajónémeti,Sajónémeti,1,262,0,0,318,318,0,318
['06'],05,Sajóörös,Sajóörös,1,263,1,9,1228,1237,6,1229
['04'],05,Sajópálfala,Sajópálfala,1,264,0,2,598,601,0,598
['07'],05,Sajópetri,Sajópetri,1,265,1,5,1134,1143,3,1135
['03'],05,Sajópüspöki,Sajópüspöki,1,266,0,1,389,390,0,389
['04'],05,Sajósenye,Sajósenye,1,267,0,1,288,290,1,288
['04'],05,Sajószentpéter,Sajószentpéter,10,268,3,41,9178,9236,6,9181
['06'],05,Sajószöged,Sajószöged,2,269,2,12,1893,1904,0,1895
['04'],05,Sajóvámos,Sajóvámos,2,270,1,3,1652,1658,1,1653
['03'],05,Sajóvelezd,Sajóvelezd,1,271,1,4,579,583,1,580
['07'],05,Sály,Sály,1,272,1,3,1132,1141,0,1133
['05'],05,Sárazsadány,Sárazsadány,1,273,0,0,177,176,0,177
['05'],05,Sárospatak,Sárospatak,17,274,13,47,9010,9065,13,9023
['03'],05,Sáta,Sáta,1,275,0,5,808,815,0,808
['05'],05,Sátoraljaújhely,Sátoraljaújhely,17,276,11,62,10754,10834,7,10765
['04'],05,Selyeb,Selyeb,1,277,0,1,345,343,0,345
['05'],05,Semjén,Semjén,1,278,0,1,382,385,0,382
['03'],05,Serényfalva,Serényfalva,1,279,0,0,736,737,0,736
['05'],05,Sima,Sima,1,280,0,1,29,30,0,29
['06'],05,Sóstófalva,Sóstófalva,1,281,0,1,182,184,0,182
['04'],05,Szakácsi,Szakácsi,1,282,0,0,125,124,0,125
['07'],05,Szakáld,Szakáld,1,283,0,2,359,363,0,359
['05'],05,Szalaszend,Szalaszend,1,284,1,4,707,714,0,708
['03'],05,Szalonna,Szalonna,1,285,0,5,679,686,0,679
['04'],05,Szászfa,Szászfa,1,286,0,1,74,76,0,74
['05'],05,Szegi,Szegi,1,287,0,4,245,248,0,245
['05'],05,Szegilong,Szegilong,1,288,0,0,176,176,0,176
['05'],05,Szemere,Szemere,1,289,0,0,260,262,0,260
['03'],05,Szendrő,Szendrő,4,290,0,14,2806,2823,2,2806
['04'],05,Szendrőlád,Szendrőlád,1,291,0,1,1346,1346,1,1346
['07'],05,Szentistván,Szentistván,3,292,1,5,1914,1920,2,1915
['06'],05,Szentistvánbaksa,Szentistvánbaksa,1,293,0,0,218,218,0,218
['06'],05,Szerencs,Szerencs,7,294,11,32,7184,7234,7,7195
['06'],05,Szikszó,Szikszó,7,295,4,14,4278,4300,4,4282
['03'],05,Szin,Szin,1,296,0,0,525,527,0,525
['03'],05,Szinpetri,Szinpetri,1,297,0,1,155,157,1,155
['01'],05,Szirmabesenyő,Szirmabesenyő,4,298,7,12,3434,3443,4,3441
['07'],05,Szomolya,Szomolya,1,299,3,4,1213,1215,0,1216
['03'],05,Szögliget,Szögliget,1,300,0,2,475,477,0,475
['03'],05,Szőlősardó,Szőlősardó,1,301,0,0,103,103,0,103
['03'],05,Szuhafő,Szuhafő,1,302,0,1,92,95,0,92
['04'],05,Szuhakálló,Szuhakálló,1,303,0,1,791,790,0,791
['03'],05,Szuhogy,Szuhogy,1,304,0,1,827,831,0,827
['06'],05,Taktabáj,Taktabáj,1,305,0,0,388,390,0,388
['06'],05,Taktaharkány,Taktaharkány,4,306,2,5,2658,2670,0,2660
['06'],05,Taktakenéz,Taktakenéz,1,307,0,1,789,787,0,789
['06'],05,Taktaszada,Taktaszada,2,308,0,3,1353,1357,0,1353
['06'],05,Tarcal,Tarcal,2,309,3,11,2146,2156,1,2149
['07'],05,Tard,Tard,1,310,2,5,910,916,0,912
['04'],05,Tardona,Tardona,1,311,1,3,835,841,1,836
['05'],05,Tállya,Tállya,2,312,0,7,1348,1352,0,1348
['05'],05,Telkibánya,Telkibánya,1,313,0,4,458,464,1,458
['03'],05,Teresztenye,Teresztenye,1,314,0,0,32,32,0,32
['07'],05,Tibolddaróc,Tibolddaróc,1,315,1,5,1036,1044,1,1037
['07'],05,Tiszabábolna,Tiszabábolna,1,316,1,2,239,242,0,240
['05'],05,Tiszacsermely,Tiszacsermely,1,317,0,0,339,340,0,339
['07'],05,Tiszadorogma,Tiszadorogma,1,318,0,2,308,310,0,308
['05'],05,Tiszakarád,Tiszakarád,3,319,0,9,1721,1733,0,1721
['07'],05,Tiszakeszi,Tiszakeszi,3,320,0,3,1955,1957,0,1955
['06'],05,Tiszaladány,Tiszaladány,1,321,0,2,475,478,0,475
['06'],05,Tiszalúc,Tiszalúc,5,322,0,11,3790,3806,1,3790
['06'],05,Tiszapalkonya,Tiszapalkonya,1,323,2,2,1137,1138,1,1139
['06'],05,Tiszatardos,Tiszatardos,1,324,0,3,194,198,1,194
['07'],05,Tiszatarján,Tiszatarján,1,325,2,1,1031,1038,0,1033
['06'],05,Tiszaújváros,Tiszaújváros,17,326,23,81,11830,11964,13,11853
['07'],05,Tiszavalk,Tiszavalk,1,327,0,0,254,253,0,254
['06'],05,Tokaj,Tokaj,5,328,3,17,2845,2866,6,2848
['05'],05,Tolcsva,Tolcsva,2,329,0,5,1308,1315,0,1308
['04'],05,Tomor,Tomor,1,330,0,0,171,170,0,171
['04'],05,Tornabarakony,Tornabarakony,1,331,0,1,22,23,0,22
['03'],05,Tornakápolna,Tornakápolna,1,332,0,0,20,19,0,20
['03'],05,Tornanádaska,Tornanádaska,1,333,0,0,426,426,0,426
['03'],05,Tornaszentandrás,Tornaszentandrás,1,334,0,0,129,129,0,129
['04'],05,Tornaszentjakab,Tornaszentjakab,1,335,1,0,127,127,0,128
['05'],05,Tornyosnémeti,Tornyosnémeti,1,336,0,1,269,271,1,269
['03'],05,Trizs,Trizs,1,337,0,0,155,152,0,155
['03'],05,Uppony,Uppony,1,338,0,1,244,244,1,244
['06'],05,Újcsanálos,Újcsanálos,1,339,0,1,593,595,0,593
['04'],05,Vadna,Vadna,1,340,1,7,499,506,2,500
['05'],05,Vajdácska,Vajdácska,1,341,0,4,974,981,1,974
['02'],05,Varbó,Varbó,1,342,2,5,884,897,0,886
['03'],05,Varbóc,Varbóc,1,343,0,0,42,42,0,42
['07'],05,Vatta,Vatta,1,344,0,0,710,710,0,710
['05'],05,Vágáshuta,Vágáshuta,1,345,0,4,100,105,1,100
['05'],05,Vámosújfalu,Vámosújfalu,1,346,0,2,584,588,1,584
['05'],05,Vilmány,Vilmány,1,347,0,4,911,920,0,911
['05'],05,Vilyvitány,Vilyvitány,1,348,0,2,202,205,2,202
['05'],05,Viss,Viss,1,349,2,2,407,409,0,409
['04'],05,Viszló,Viszló,1,350,0,0,52,52,0,52
['05'],05,Vizsoly,Vizsoly,1,351,0,0,601,603,0,601
['05'],05,Zalkod,Zalkod,1,352,1,1,160,162,0,161
['03'],05,Zádorfalva,Zádorfalva,1,353,0,2,317,323,0,317
['05'],05,Zemplénagárd,Zemplénagárd,1,354,0,5,469,475,0,469
['04'],05,Ziliz,Ziliz,1,355,0,5,293,296,3,293
['05'],05,Zsujta,Zsujta,1,356,0,1,202,205,0,202
['03'],05,Zubogy,Zubogy,1,357,0,1,387,387,1,387
['05'],05,Gibárt,Gibárt,1,358,0,1,291,293,0,291
['04'],06,Algyő,Algyő,4,001,6,14,4335,4357,5,4341
['04'],06,Ambrózfalva,Ambrózfalva,1,002,0,2,371,374,0,371
['04'],06,Apátfalva,Apátfalva,3,003,1,7,2397,2402,0,2398
['03'],06,Árpádhalom,Árpádhalom,1,004,0,1,347,351,0,347
['02'],06,Ásotthalom,Ásotthalom,5,005,2,8,3168,3177,1,3170
['03'],06,Baks,Baks,2,006,0,6,1512,1522,1,1512
['03'],06,Balástya,Balástya,4,007,2,9,2692,2712,3,2694
['02'],06,Bordány,Bordány,3,008,2,8,2661,2667,2,2663
['04'],06,Csanádalberti,Csanádalberti,1,009,0,3,347,352,1,347
['04'],06,Csanádpalota,Csanádpalota,3,010,0,12,2184,2210,0,2184
['03'],06,Csanytelek,Csanytelek,3,011,2,13,2123,2135,2,2125
['03'],06,Csengele,Csengele,2,012,3,4,1456,1455,0,1459
['03'],06,Csongrád,Csongrád,16,013,13,65,12726,12814,14,12739
['03'],06,Derekegyház,Derekegyház,3,014,0,1,1104,1104,0,1104
['02'],06,Deszk,Deszk,4,015,4,15,3233,3249,10,3237
['02'],06,Domaszék,Domaszék,4,016,3,10,4030,4055,3,4033
['03'],06,Dóc,Dóc,1,017,0,2,573,576,0,573
['03'],06,Eperjes,Eperjes,1,018,0,2,358,359,0,358
['03'],06,Fábiánsebestyén,Fábiánsebestyén,3,019,2,4,1567,1571,1,1569
['03'],06,Felgyő,Felgyő,2,020,1,3,898,904,0,899
['04'],06,Ferencszállás,Ferencszállás,1,021,1,2,530,534,0,531
['02'],06,Forráskút,Forráskút,2,022,2,9,1649,1662,2,1651
['04'],06,Földeák,Földeák,3,023,0,10,2486,2490,2,2486
['04'],06,Hódmezővásárhely,Hódmezővásárhely,51,024,60,140,33827,34054,33,33887
['04'],06,Királyhegyes,Királyhegyes,1,025,1,1,471,475,0,472
['03'],06,Kistelek,Kistelek,6,026,5,17,5830,5863,7,5835
['04'],06,Kiszombor,Kiszombor,4,027,2,13,3101,3117,2,3103
['04'],06,Klárafalva,Klárafalva,1,028,0,2,412,415,0,412
['04'],06,Kövegy,Kövegy,1,029,0,2,276,277,0,276
['02'],06,Kübekháza,Kübekháza,1,030,1,5,1180,1188,0,1181
['04'],06,Magyarcsanád,Magyarcsanád,1,031,0,0,1008,1007,0,1008
['04'],06,Makó,Makó,23,032,32,61,18037,18128,10,18069
['04'],06,Maroslele,Maroslele,2,033,4,4,1708,1718,0,1712
['04'],06,Mártély,Mártély,2,034,1,4,1051,1054,1,1052
['03'],06,Mindszent,Mindszent,5,035,7,13,5306,5323,3,5313
['02'],06,Mórahalom,Mórahalom,9,036,6,25,5355,5381,7,5361
['04'],06,Nagyér,Nagyér,1,037,1,0,373,375,0,374
['04'],06,Nagylak,Nagylak,1,038,0,2,331,332,0,331
['03'],06,Nagymágocs,Nagymágocs,4,039,1,7,2170,2183,1,2171
['03'],06,Nagytőke,Nagytőke,1,040,0,2,316,320,0,316
['04'],06,Óföldeák,Óföldeák,1,041,0,0,386,382,0,386
['03'],06,Ópusztaszer,Ópusztaszer,4,042,1,2,1517,1515,1,1518
['02'],06,Öttömös,Öttömös,2,043,1,0,541,544,0,542
['04'],06,Pitvaros,Pitvaros,2,044,0,7,1041,1052,1,1041
['02'],06,Pusztamérges,Pusztamérges,1,045,0,2,837,846,0,837
['03'],06,Pusztaszer,Pusztaszer,2,046,0,5,1159,1161,1,1159
['02'],06,Röszke,Röszke,3,047,6,16,2909,2923,6,2915
['02'],06,Ruzsa,Ruzsa,2,048,0,3,1937,1943,0,1937
['03'],06,Sándorfalva,Sándorfalva,8,049,10,19,6776,6790,7,6786
['03'],06,Szatymaz,Szatymaz,5,050,9,16,4205,4231,4,4214
"['01', '02']",06,Szeged,Szeged,112,051,656,770,123244,124229,333,123900
['03'],06,Szegvár,Szegvár,5,052,0,16,3407,3427,2,3407
['03'],06,Szentes,Szentes,35,053,39,96,20345,20482,31,20384
['04'],06,Székkutas,Székkutas,2,054,2,9,1655,1666,3,1657
['02'],06,Tiszasziget,Tiszasziget,2,055,2,7,1520,1532,4,1522
['03'],06,Tömörkény,Tömörkény,2,056,0,6,1328,1327,1,1328
['02'],06,Újszentiván,Újszentiván,2,057,2,6,1639,1652,2,1641
['02'],06,Üllés,Üllés,3,058,3,9,2586,2601,2,2589
['02'],06,Zákányszék,Zákányszék,2,059,2,7,2203,2207,2,2205
['02'],06,Zsombó,Zsombó,3,060,3,15,2893,2912,4,2896
['05'],07,Aba,Aba,5,001,4,12,3625,3639,0,3629
['04'],07,Adony,Adony,3,002,2,6,3393,3393,1,3395
['05'],07,Alap,Alap,2,003,0,6,1428,1433,2,1428
['03'],07,Alcsútdoboz,Alcsútdoboz,2,004,6,6,1179,1177,2,1185
['05'],07,Alsószentiván,Alsószentiván,1,005,1,2,464,465,0,465
['02'],07,Bakonycsernye,Bakonycsernye,3,006,4,7,2466,2471,0,2470
['02'],07,Bakonykúti,Bakonykúti,1,007,0,4,123,128,3,123
['02'],07,Balinka,Balinka,2,008,1,4,739,745,0,740
['05'],07,Baracs,Baracs,4,009,4,14,2940,2953,3,2944
['03'],07,Baracska,Baracska,3,010,8,12,2311,2330,6,2319
['04'],07,Beloiannisz,Beloiannisz,1,011,0,3,867,870,3,867
['04'],07,Besnyő,Besnyő,2,012,4,8,1504,1511,2,1508
['03'],07,Bicske,Bicske,8,013,29,33,9069,9110,10,9098
['02'],07,Bodajk,Bodajk,4,014,7,12,3155,3173,1,3162
['03'],07,Bodmér,Bodmér,1,015,0,0,211,210,0,211
['05'],07,Cece,Cece,3,016,0,9,2039,2055,2,2039
['03'],07,Csabdi,Csabdi,2,017,5,2,1060,1063,0,1065
['02'],07,Csákberény,Csákberény,1,018,5,5,935,940,2,940
['03'],07,Csákvár,Csákvár,5,019,11,23,4305,4328,3,4316
['02'],07,Csókakő,Csókakő,1,020,0,6,1284,1289,2,1284
['02'],07,Csór,Csór,2,021,12,3,1562,1565,2,1574
['05'],07,Csősz,Csősz,1,022,0,3,811,816,0,811
['05'],07,Dég,Dég,2,023,1,5,1657,1666,0,1658
['04'],07,Dunaújváros,Dunaújváros,31,024,90,167,33736,33981,44,33826
['05'],07,Előszállás,Előszállás,3,025,3,7,1817,1824,2,1820
['05'],07,Enying,Enying,8,026,4,18,5250,5273,1,5254
['04'],07,Ercsi,Ercsi,8,027,13,23,6482,6531,6,6495
['03'],07,Etyek,Etyek,4,028,13,16,3641,3648,5,3654
['02'],07,Fehérvárcsurgó,Fehérvárcsurgó,2,029,2,4,1765,1767,1,1767
['03'],07,Felcsút,Felcsút,2,030,2,7,1527,1531,0,1529
['01'],07,Füle,Füle,1,031,0,4,722,726,0,722
['03'],07,Gánt,Gánt,1,032,0,5,497,497,4,497
['03'],07,Gárdony,Gárdony,8,033,60,56,10328,10360,30,10388
['03'],07,Gyúró,Gyúró,1,034,0,5,1073,1075,1,1073
['05'],07,Hantos,Hantos,1,035,0,3,734,738,0,734
['05'],07,Igar,Igar,3,036,0,3,713,714,0,713
['02'],07,Iszkaszentgyörgy,Iszkaszentgyörgy,2,037,6,4,1865,1865,1,1871
['02'],07,Isztimér,Isztimér,2,038,1,1,744,747,1,745
['04'],07,Iváncsa,Iváncsa,2,039,3,6,2224,2239,1,2227
['01'],07,Jenő,Jenő,1,040,2,3,1064,1071,2,1066
['03'],07,Kajászó,Kajászó,1,041,4,3,1014,1014,0,1018
['05'],07,Káloz,Káloz,2,042,0,7,1909,1915,5,1909
['03'],07,Kápolnásnyék,Kápolnásnyék,4,043,5,16,3304,3315,8,3309
['02'],07,Kincsesbánya,Kincsesbánya,2,044,0,9,1186,1202,0,1186
['05'],07,Kisapostag,Kisapostag,2,045,4,7,1244,1241,2,1248
['05'],07,Kisláng,Kisláng,2,046,2,13,1925,1944,0,1927
['01'],07,Kőszárhegy,Kőszárhegy,2,047,1,5,1329,1333,0,1330
['04'],07,Kulcs,Kulcs,3,048,7,14,3025,3027,6,3032
['05'],07,Lajoskomárom,Lajoskomárom,4,049,2,9,1700,1709,1,1702
['05'],07,Lepsény,Lepsény,3,050,0,6,2482,2492,1,2482
['02'],07,Lovasberény,Lovasberény,3,051,4,6,2268,2280,1,2272
['02'],07,Magyaralmás,Magyaralmás,1,052,2,6,1316,1325,1,1318
['03'],07,Martonvásár,Martonvásár,4,053,16,21,4473,4504,6,4489
['03'],07,Mány,Mány,2,054,6,6,1967,1978,1,1973
['05'],07,Mátyásdomb,Mátyásdomb,1,055,0,5,596,600,1,596
['05'],07,Mezőfalva,Mezőfalva,4,056,3,12,3671,3693,3,3674
['05'],07,Mezőkomárom,Mezőkomárom,1,057,1,9,731,743,1,732
['05'],07,Mezőszentgyörgy,Mezőszentgyörgy,2,058,2,4,996,1000,0,998
['05'],07,Mezőszilas,Mezőszilas,2,059,1,6,1651,1662,1,1652
['02'],07,Moha,Moha,1,060,1,4,475,480,1,476
['02'],07,Mór,Mór,15,061,19,40,10650,10709,11,10669
['03'],07,Nadap,Nadap,1,062,2,2,605,606,0,607
['05'],07,Nagykarácsony,Nagykarácsony,2,063,1,6,1090,1099,2,1091
['05'],07,Nagylók,Nagylók,1,064,1,5,812,820,0,813
['02'],07,Nagyveleg,Nagyveleg,1,065,2,2,539,539,0,541
['04'],07,Nagyvenyim,Nagyvenyim,5,066,5,15,3398,3412,3,3403
['01'],07,Nádasdladány,Nádasdladány,3,067,4,5,1418,1420,0,1422
['03'],07,Óbarok,Óbarok,2,068,2,3,724,729,0,726
['02'],07,Pákozd,Pákozd,3,069,9,14,3058,3062,5,3067
['02'],07,Pátka,Pátka,2,070,3,7,1504,1502,3,1507
['03'],07,Pázmánd,Pázmánd,2,071,2,15,1860,1877,6,1862
['04'],07,Perkáta,Perkáta,4,072,2,19,3160,3185,3,3162
['01'],07,Polgárdi,Polgárdi,7,073,5,29,5294,5320,8,5299
['04'],07,Pusztaszabolcs,Pusztaszabolcs,5,074,12,17,4806,4813,4,4818
['02'],07,Pusztavám,Pusztavám,2,075,6,5,1973,1977,2,1979
['04'],07,Rácalmás,Rácalmás,4,076,8,13,4042,4063,3,4050
['03'],07,Ráckeresztúr,Ráckeresztúr,3,077,7,9,2910,2918,2,2917
['05'],07,Sárbogárd,Sárbogárd,19,078,8,34,9484,9518,4,9492
['05'],07,Sáregres,Sáregres,1,079,0,2,550,553,1,550
['02'],07,Sárkeresztes,Sárkeresztes,1,080,2,5,1284,1290,2,1286
['05'],07,Sárkeresztúr,Sárkeresztúr,2,081,0,6,1805,1818,0,1805
['01'],07,Sárkeszi,Sárkeszi,1,082,0,1,482,483,0,482
['05'],07,Sárosd,Sárosd,3,083,3,5,2554,2562,3,2557
['05'],07,Sárszentágota,Sárszentágota,2,084,1,1,1094,1100,0,1095
['01'],07,Sárszentmihály,Sárszentmihály,3,085,4,8,2528,2538,1,2532
['05'],07,Seregélyes,Seregélyes,4,086,3,8,3578,3585,4,3581
['05'],07,Soponya,Soponya,2,087,0,13,1449,1469,5,1449
['02'],07,Söréd,Söréd,1,088,0,3,445,444,0,445
['03'],07,Sukoró,Sukoró,2,089,13,14,1685,1694,6,1698
['01'],07,Szabadbattyán,Szabadbattyán,4,090,2,14,3899,3917,8,3901
['05'],07,Szabadegyháza,Szabadegyháza,2,091,4,6,1675,1686,1,1679
['05'],07,Szabadhídvég,Szabadhídvég,1,092,0,3,612,615,0,612
['03'],07,Szár,Szár,2,093,2,11,1385,1393,6,1387
"['01', '02']",07,Székesfehérvár,Székesfehérvár,75,094,339,382,74311,74822,180,74650
['03'],07,Tabajd,Tabajd,1,095,1,2,761,766,1,762
['01'],07,Tác,Tác,2,096,0,5,1408,1403,1,1408
['03'],07,Tordas,Tordas,2,097,8,9,1661,1666,3,1669
['03'],07,Újbarok,Újbarok,1,098,1,5,414,420,1,415
['01'],07,Úrhida,Úrhida,2,099,6,11,2215,2226,5,2221
['05'],07,Vajta,Vajta,1,100,2,4,613,619,2,615
['03'],07,Vál,Vál,3,101,3,4,2149,2160,0,2152
['03'],07,Velence,Velence,7,102,28,33,5925,5940,12,5953
['03'],07,Vereb,Vereb,1,103,4,0,657,649,0,661
['03'],07,Vértesacsa,Vértesacsa,2,104,2,5,1464,1467,0,1466
['03'],07,Vértesboglár,Vértesboglár,1,105,0,3,737,739,3,737
['02'],07,Zámoly,Zámoly,2,106,3,6,1877,1886,1,1880
['05'],07,Zichyújfalu,Zichyújfalu,1,107,0,3,712,715,0,712
['05'],07,Daruszentmiklós,Daruszentmiklós,2,108,1,6,1000,1005,1,1001
['05'],08,Abda,Abda,4,001,3,10,2628,2643,4,2631
['03'],08,Acsalag,Acsalag,1,002,0,1,394,397,0,394
['03'],08,Agyagosszergény,Agyagosszergény,1,003,0,2,768,770,1,768
['04'],08,Ágfalva,Ágfalva,2,004,3,0,1854,1864,0,1857
['03'],08,Árpás,Árpás,1,005,1,0,228,229,0,229
['05'],08,Ásványráró,Ásványráró,2,006,3,4,1753,1754,2,1756
['03'],08,Babót,Babót,1,007,1,1,885,887,0,886
['02'],08,Bakonygyirót,Bakonygyirót,1,008,0,1,137,138,0,137
['02'],08,Bakonypéterd,Bakonypéterd,1,009,0,1,242,243,0,242
['02'],08,Bakonyszentlászló,Bakonyszentlászló,2,010,3,6,1404,1411,0,1407
['03'],08,Barbacs,Barbacs,1,011,0,5,621,624,1,621
['03'],08,Bágyogszovát,Bágyogszovát,2,012,1,3,1054,1058,3,1055
['03'],08,Beled,Beled,3,013,1,10,2050,2067,2,2051
['05'],08,Bezenye,Bezenye,3,014,2,1,843,842,0,845
['03'],08,Bezi,Bezi,1,015,1,2,428,430,0,429
['03'],08,Bodonhely,Bodonhely,1,016,0,1,279,283,1,279
['03'],08,Bogyoszló,Bogyoszló,1,017,1,2,502,505,1,503
['05'],08,Börcs,Börcs,1,018,4,2,1123,1129,0,1127
['02'],08,Bőny,Bőny,3,019,2,3,1815,1819,0,1817
['03'],08,Bősárkány,Bősárkány,2,020,0,10,1720,1730,1,1720
['05'],08,Cakóháza,Cakóháza,1,021,0,0,41,41,0,41
['03'],08,Cirák,Cirák,1,022,2,0,407,409,0,409
['03'],08,Csapod,Csapod,1,023,0,2,448,450,0,448
['03'],08,Csáfordjánosfa,Csáfordjánosfa,1,024,1,0,169,168,0,170
['03'],08,Csér,Csér,1,025,0,0,25,25,0,25
['03'],08,Csikvánd,Csikvánd,1,026,2,2,393,395,0,395
['03'],08,Csorna,Csorna,8,027,18,39,7785,7820,12,7803
['05'],08,Darnózseli,Darnózseli,2,028,2,5,1315,1318,1,1317
['03'],08,Dénesfa,Dénesfa,1,029,0,1,328,331,0,328
['03'],08,Dör,Dör,1,030,0,0,485,484,0,485
['05'],08,Dunakiliti,Dunakiliti,2,031,2,2,1351,1353,0,1353
['05'],08,Dunaremete,Dunaremete,1,032,0,1,210,211,0,210
['05'],08,Dunaszeg,Dunaszeg,2,033,5,7,1892,1899,4,1897
['05'],08,Dunaszentpál,Dunaszentpál,1,034,1,2,587,591,1,588
['05'],08,Dunasziget,Dunasziget,3,035,1,4,1267,1270,1,1268
['04'],08,Ebergőc,Ebergőc,1,036,0,1,129,131,0,129
['03'],08,Edve,Edve,1,037,0,0,91,91,0,91
['03'],08,Egyed,Egyed,1,038,2,1,420,424,1,422
['04'],08,Egyházasfalu,Egyházasfalu,1,039,1,3,733,742,1,734
['03'],08,Enese,Enese,2,040,4,4,1477,1478,1,1481
['02'],08,Écs,Écs,2,041,9,2,1762,1766,1,1771
['03'],08,Farád,Farád,2,042,5,4,1554,1557,2,1559
['03'],08,Fehértó,Fehértó,1,043,2,0,374,376,0,376
['05'],08,Feketeerdő,Feketeerdő,1,044,0,1,457,457,0,457
['02'],08,Felpéc,Felpéc,1,045,1,1,791,789,0,792
['02'],08,Fenyőfő,Fenyőfő,1,046,0,1,72,73,0,72
['04'],08,Fertőboz,Fertőboz,1,047,1,0,247,250,0,248
['04'],08,Fertőd,Fertőd,4,048,13,12,2635,2647,2,2648
['03'],08,Fertőendréd,Fertőendréd,1,049,0,1,513,514,1,513
['04'],08,Fertőhomok,Fertőhomok,1,050,0,6,723,726,0,723
['04'],08,Fertőrákos,Fertőrákos,2,051,11,15,1882,1899,2,1893
['04'],08,Fertőszentmiklós,Fertőszentmiklós,4,052,5,6,3166,3167,2,3171
['04'],08,Fertőszéplak,Fertőszéplak,1,053,1,0,1123,1123,0,1124
['02'],08,Gönyű,Gönyű,3,054,6,9,2593,2603,2,2599
['04'],08,Gyalóka,Gyalóka,1,055,0,0,64,64,0,64
['03'],08,Gyarmat,Gyarmat,1,056,3,2,1131,1134,0,1134
['03'],08,Gyóró,Gyóró,1,057,0,0,292,291,0,292
['02'],08,Gyömöre,Gyömöre,1,058,0,2,997,1002,1,997
"['01', '02']",08,Győr,Győr,98,059,626,434,95487,96085,157,96113
['02'],08,Győrasszonyfa,Győrasszonyfa,1,060,1,1,408,410,1,409
['05'],08,Győrladamér,Győrladamér,2,061,5,9,1520,1531,1,1525
['02'],08,Győrság,Győrság,1,062,7,6,1405,1404,1,1412
['03'],08,Győrsövényház,Győrsövényház,1,063,1,1,648,651,0,649
['03'],08,Győrszemere,Győrszemere,4,064,8,16,2874,2887,4,2882
['02'],08,Győrújbarát,Győrújbarát,5,065,20,28,6441,6478,14,6461
['05'],08,Győrújfalu,Győrújfalu,2,066,7,12,1840,1855,5,1847
['05'],08,Győrzámoly,Győrzámoly,3,067,6,5,2972,2969,3,2978
['05'],08,Halászi,Halászi,4,068,3,13,2591,2610,3,2594
['04'],08,Harka,Harka,2,069,10,8,2406,2400,5,2416
['05'],08,Hegyeshalom,Hegyeshalom,3,070,12,2,2660,2675,0,2672
['04'],08,Hegykő,Hegykő,1,071,5,2,1308,1311,0,1313
['05'],08,Hédervár,Hédervár,1,072,1,8,1062,1067,2,1063
['04'],08,Hidegség,Hidegség,1,073,1,1,342,343,0,343
['03'],08,Himod,Himod,1,074,0,0,540,540,0,540
['03'],08,Hövej,Hövej,1,075,0,2,280,281,1,280
['03'],08,Ikrény,Ikrény,2,076,2,13,1475,1487,7,1477
['03'],08,Iván,Iván,1,077,1,3,953,955,0,954
['05'],08,Jánossomorja,Jánossomorja,7,078,4,10,4757,4770,3,4761
['03'],08,Jobaháza,Jobaháza,1,079,0,1,414,417,0,414
['02'],08,Kajárpéc,Kajárpéc,1,080,1,2,1043,1045,0,1044
['03'],08,Kapuvár,Kapuvár,9,081,15,34,7957,7996,6,7972
['05'],08,Kimle,Kimle,3,082,4,4,1796,1796,2,1800
['03'],08,Kisbabot,Kisbabot,1,083,1,0,195,194,0,196
['01'],08,Kisbajcs,Kisbajcs,1,084,4,3,719,724,2,723
['05'],08,Kisbodak,Kisbodak,1,085,2,0,283,284,0,285
['03'],08,Kisfalud,Kisfalud,1,086,1,1,600,602,0,601
['03'],08,Koroncó,Koroncó,2,087,4,3,2026,2023,0,2030
['03'],08,Kóny,Kóny,2,088,6,3,2211,2221,0,2217
['04'],08,Kópháza,Kópháza,2,089,3,4,1650,1657,2,1653
['05'],08,Kunsziget,Kunsziget,1,090,2,1,1134,1137,0,1136
['02'],08,Lázi,Lázi,1,091,1,0,428,430,0,429
['05'],08,Levél,Levél,2,092,4,9,1862,1866,2,1866
['05'],08,Lébény,Lébény,3,093,2,13,2554,2564,5,2556
['05'],08,Lipót,Lipót,1,094,4,3,662,663,2,666
['04'],08,Lövő,Lövő,1,095,0,2,1169,1175,0,1169
['03'],08,Maglóca,Maglóca,1,096,1,0,86,85,0,87
['03'],08,Magyarkeresztúr,Magyarkeresztúr,1,097,0,1,351,353,0,351
['03'],08,Markotabödöge,Markotabödöge,1,098,0,3,427,428,1,427
['05'],08,Máriakálnok,Máriakálnok,2,099,6,4,1702,1701,1,1708
['05'],08,Mecsér,Mecsér,1,100,2,1,532,531,0,534
['02'],08,Mezőörs,Mezőörs,2,101,3,6,1020,1025,2,1023
['03'],08,Mérges,Mérges,1,102,1,1,85,84,0,86
['03'],08,Mihályi,Mihályi,1,103,2,5,892,897,1,894
['05'],08,Mosonmagyaróvár,Mosonmagyaróvár,30,104,115,78,25049,25128,27,25164
['05'],08,Mosonszentmiklós,Mosonszentmiklós,2,105,4,12,2089,2106,4,2093
['05'],08,Mosonszolnok,Mosonszolnok,2,106,3,2,1429,1434,1,1432
['03'],08,Mórichida,Mórichida,1,107,3,0,670,674,0,673
['01'],08,Nagybajcs,Nagybajcs,1,108,2,2,928,929,0,930
['04'],08,Nagycenk,Nagycenk,2,109,5,6,2193,2191,3,2198
['04'],08,Nagylózs,Nagylózs,1,110,0,3,753,759,1,753
['02'],08,Nagyszentjános,Nagyszentjános,2,111,1,1,1647,1642,0,1648
['04'],08,Nemeskér,Nemeskér,1,112,0,0,173,174,0,173
['02'],08,Nyalka,Nyalka,1,113,0,1,399,398,0,399
['02'],08,Nyúl,Nyúl,4,114,13,9,3757,3760,2,3770
['03'],08,Osli,Osli,1,115,2,0,707,712,0,709
['05'],08,Öttevény,Öttevény,3,116,2,7,2401,2413,0,2403
['02'],08,Pannonhalma,Pannonhalma,4,117,8,10,2772,2787,6,2780
['03'],08,Páli,Páli,1,118,0,0,319,320,0,319
['03'],08,Pásztori,Pásztori,1,119,0,1,237,237,0,237
['02'],08,Pázmándfalu,Pázmándfalu,1,120,1,2,959,963,0,960
['04'],08,Pereszteg,Pereszteg,1,121,1,2,1216,1217,2,1217
['04'],08,Petőháza,Petőháza,1,122,0,3,885,892,0,885
['02'],08,Pér,Pér,2,123,7,8,2005,2015,0,2012
['04'],08,Pinnye,Pinnye,1,124,2,0,283,285,0,285
['03'],08,Potyond,Potyond,1,125,0,0,82,82,0,82
['03'],08,Pusztacsalád,Pusztacsalád,1,126,0,0,234,234,0,234
['05'],08,Püski,Püski,1,127,0,2,538,542,0,538
['05'],08,Rajka,Rajka,3,128,7,6,1313,1320,1,1320
['02'],08,Ravazd,Ravazd,1,129,4,2,990,992,1,994
['03'],08,Rábacsanak,Rábacsanak,1,130,0,0,448,449,0,448
['03'],08,Rábacsécsény,Rábacsécsény,1,131,0,1,485,485,0,485
['03'],08,Rábakecöl,Rábakecöl,1,132,0,2,582,587,1,582
['03'],08,Rábapatona,Rábapatona,2,133,5,4,2364,2361,1,2369
['03'],08,Rábapordány,Rábapordány,1,134,1,4,814,820,0,815
['03'],08,Rábasebes,Rábasebes,1,135,0,0,72,73,0,72
['03'],08,Rábaszentandrás,Rábaszentandrás,1,136,2,1,389,392,0,391
['03'],08,Rábaszentmihály,Rábaszentmihály,1,137,0,2,406,408,0,406
['03'],08,Rábaszentmiklós,Rábaszentmiklós,1,138,1,0,123,122,0,124
['03'],08,Rábatamási,Rábatamási,1,139,2,1,812,812,0,814
['05'],08,Rábcakapi,Rábcakapi,1,140,0,1,132,133,1,132
['03'],08,Répceszemere,Répceszemere,1,141,0,0,219,220,0,219
['04'],08,Répcevis,Répcevis,1,142,0,0,280,278,0,280
['02'],08,Rétalap,Rétalap,1,143,0,0,417,417,0,417
['02'],08,Románd,Románd,1,144,0,1,259,258,0,259
['04'],08,Röjtökmuzsaj,Röjtökmuzsaj,1,145,0,1,359,359,1,359
['04'],08,Sarród,Sarród,3,146,4,2,747,745,0,751
['02'],08,Sikátor,Sikátor,1,147,0,2,259,263,0,259
['03'],08,Sobor,Sobor,1,148,1,1,223,225,0,224
['02'],08,Sokorópátka,Sokorópátka,1,149,0,6,897,900,0,897
['04'],08,Sopron,Sopron,50,150,312,198,44577,44837,49,44889
['04'],08,Sopronhorpács,Sopronhorpács,1,151,1,5,687,692,1,688
['04'],08,Sopronkövesd,Sopronkövesd,1,152,0,1,1141,1140,1,1141
['03'],08,Sopronnémeti,Sopronnémeti,1,153,0,2,232,234,0,232
['04'],08,Szakony,Szakony,1,154,0,1,341,340,1,341
['03'],08,Szany,Szany,2,155,0,1,1735,1737,0,1735
['03'],08,Szárföld,Szárföld,1,156,0,1,841,848,0,841
['02'],08,Szerecseny,Szerecseny,1,157,0,2,695,696,0,695
['03'],08,Szil,Szil,1,158,4,2,1065,1070,2,1069
['03'],08,Szilsárkány,Szilsárkány,1,159,0,3,542,549,1,542
['02'],08,Tarjánpuszta,Tarjánpuszta,1,160,0,1,369,368,1,369
['02'],08,Táp,Táp,1,161,1,5,619,622,3,620
['02'],08,Tápszentmiklós,Tápszentmiklós,1,162,2,4,745,747,0,747
['03'],08,Tárnokréti,Tárnokréti,1,163,2,0,151,151,0,153
['02'],08,Tényő,Tényő,1,164,3,3,1418,1419,0,1421
['03'],08,Tét,Tét,3,165,4,10,3276,3288,1,3280
['02'],08,Töltéstava,Töltéstava,2,166,4,3,1752,1749,2,1756
['04'],08,Und,Und,1,167,0,1,265,265,0,265
['04'],08,Újkér,Újkér,1,168,0,3,774,779,0,774
['05'],08,Újrónafő,Újrónafő,1,169,0,1,639,639,1,639
['03'],08,Vadosfa,Vadosfa,1,170,0,0,74,74,0,74
['03'],08,Vág,Vág,1,171,1,2,416,419,0,417
['05'],08,Vámosszabadi,Vámosszabadi,3,172,19,18,2350,2366,4,2369
['05'],08,Várbalog,Várbalog,1,173,0,1,275,280,0,275
['03'],08,Vásárosfalu,Vásárosfalu,1,174,0,0,130,132,0,130
['03'],08,Veszkény,Veszkény,1,175,2,4,770,774,0,772
['02'],08,Veszprémvarsány,Veszprémvarsány,1,176,0,4,812,817,2,812
['01'],08,Vének,Vének,1,177,1,1,169,168,0,170
['03'],08,Vitnyéd,Vitnyéd,1,178,1,2,1143,1151,0,1144
['04'],08,Völcsej,Völcsej,1,179,1,0,333,331,0,334
['03'],08,Zsebeháza,Zsebeháza,1,180,0,0,124,124,0,124
['04'],08,Zsira,Zsira,1,181,0,2,535,535,0,535
['05'],08,Károlyháza,Károlyháza,1,182,1,1,440,442,0,441
['05'],08,Mosonudvar,Mosonudvar,1,183,0,1,325,326,0,325
['03'],09,Álmosd,Álmosd,2,001,2,4,1401,1408,0,1403
['04'],09,Ártánd,Ártánd,1,002,3,2,561,562,1,564
['03'],09,Bagamér,Bagamér,2,003,1,4,1871,1879,3,1872
['04'],09,Bakonszeg,Bakonszeg,1,004,1,4,940,943,1,941
['06'],09,Balmazújváros,Balmazújváros,17,005,11,48,13706,13767,11,13717
['05'],09,Báránd,Báránd,3,006,3,18,1903,1920,2,1906
['04'],09,Bedő,Bedő,1,007,0,1,322,322,0,322
['04'],09,Berekböszörmény,Berekböszörmény,2,008,0,2,1481,1490,1,1481
['04'],09,Berettyóújfalu,Berettyóújfalu,16,009,12,63,11531,11603,15,11543
['04'],09,Bihardancsháza,Bihardancsháza,1,010,0,1,142,144,1,142
['04'],09,Biharkeresztes,Biharkeresztes,5,011,9,8,3826,3837,1,3835
['04'],09,Biharnagybajom,Biharnagybajom,3,012,1,6,1908,1922,0,1909
['04'],09,Bihartorda,Bihartorda,1,013,0,3,752,755,0,752
['03'],09,Bocskaikert,Bocskaikert,3,014,6,9,3209,3214,3,3215
['04'],09,Bojt,Bojt,1,015,0,0,421,419,0,421
['04'],09,Csökmő,Csökmő,3,016,0,6,1437,1447,1,1437
['04'],09,Darvas,Darvas,1,017,0,2,418,422,0,418
"['01', '02', '03']",09,Debrecen,Debrecen,138,018,462,926,153432,154679,299,153894
['04'],09,Derecske,Derecske,8,019,5,22,6627,6660,8,6632
['05'],09,Ebes,Ebes,4,020,2,10,3840,3835,3,3842
['05'],09,Egyek,Egyek,7,021,4,7,3941,3959,0,3945
['04'],09,Esztár,Esztár,1,022,1,3,1063,1068,0,1064
['06'],09,Folyás,Folyás,1,023,0,3,233,235,3,233
['05'],09,Földes,Földes,4,024,3,11,3120,3139,4,3123
['04'],09,Furta,Furta,1,025,0,5,928,934,0,928
['03'],09,Fülöp,Fülöp,4,026,1,6,1325,1329,0,1326
['04'],09,Gáborján,Gáborján,1,027,1,1,662,662,1,663
['06'],09,Görbeháza,Görbeháza,3,028,2,10,1912,1927,2,1914
['04'],09,Hajdúbagos,Hajdúbagos,2,029,0,7,1634,1639,1,1634
['06'],09,Hajdúböszörmény,Hajdúböszörmény,27,030,18,96,23826,23962,18,23844
['06'],09,Hajdúdorog,Hajdúdorog,8,031,6,12,6796,6819,3,6802
['03'],09,Hajdúhadház,Hajdúhadház,9,032,3,25,9620,9680,5,9623
['06'],09,Hajdúnánás,Hajdúnánás,17,033,7,51,13001,13074,12,13008
['03'],09,Hajdúsámson,Hajdúsámson,9,034,7,49,11560,11620,12,11567
['05'],09,Hajdúszoboszló,Hajdúszoboszló,20,035,32,109,19709,19833,26,19741
['05'],09,Hajdúszovát,Hajdúszovát,3,036,2,6,2309,2323,0,2311
['04'],09,Hencida,Hencida,1,037,0,1,868,871,0,868
['05'],09,Hortobágy,Hortobágy,1,038,0,9,1121,1123,3,1121
['04'],09,Hosszúpályi,Hosszúpályi,4,039,2,11,4455,4468,0,4457
['05'],09,Kaba,Kaba,5,040,4,17,4534,4561,5,4538
['04'],09,Kismarja,Kismarja,1,041,0,8,978,985,0,978
['03'],09,Kokad,Kokad,1,042,0,1,491,493,0,491
['04'],09,Komádi,Komádi,8,043,0,23,3965,4001,4,3965
['04'],09,Konyár,Konyár,2,044,0,7,1618,1625,0,1618
['04'],09,Körösszakál,Körösszakál,1,045,1,3,566,572,0,567
['04'],09,Körösszegapáti,Körösszegapáti,2,046,1,7,771,779,1,772
['03'],09,Létavértes,Létavértes,6,047,4,26,5654,5690,3,5658
['04'],09,Magyarhomorog,Magyarhomorog,1,048,1,5,649,653,0,650
['04'],09,Mezőpeterd,Mezőpeterd,1,049,0,0,545,542,0,545
['04'],09,Mezősas,Mezősas,1,050,0,5,496,502,1,496
['04'],09,Mikepércs,Mikepércs,5,051,6,18,4102,4120,4,4108
['04'],09,Monostorpályi,Monostorpályi,2,052,1,5,1778,1786,0,1779
['05'],09,Nagyhegyes,Nagyhegyes,2,053,0,6,2310,2319,0,2310
['04'],09,Nagykereki,Nagykereki,1,054,0,3,1041,1048,0,1041
['04'],09,Nagyrábé,Nagyrábé,2,055,1,3,1645,1656,0,1646
['05'],09,Nádudvar,Nádudvar,5,056,3,21,6696,6719,2,6699
['03'],09,Nyíracsád,Nyíracsád,6,057,5,6,2993,2997,0,2998
['03'],09,Nyíradony,Nyíradony,8,058,1,22,5786,5813,7,5787
['03'],09,Nyírábrány,Nyírábrány,5,059,3,13,3030,3044,3,3033
['03'],09,Nyírmártonfalva,Nyírmártonfalva,2,060,1,3,1555,1566,1,1556
['04'],09,Pocsaj,Pocsaj,2,061,0,12,1950,1969,3,1950
['06'],09,Polgár,Polgár,5,062,6,17,6262,6277,5,6268
['05'],09,Püspökladány,Püspökladány,16,063,9,47,10861,10928,12,10870
['04'],09,Sáp,Sáp,1,064,0,4,660,667,0,660
['04'],09,Sáránd,Sáránd,2,065,1,7,1846,1853,0,1847
['05'],09,Sárrétudvari,Sárrétudvari,3,066,5,8,2269,2281,1,2274
['04'],09,Szentpéterszeg,Szentpéterszeg,1,067,0,1,852,852,0,852
['05'],09,Szerep,Szerep,1,068,0,3,961,968,1,961
['05'],09,Tetétlen,Tetétlen,2,069,2,2,1029,1032,1,1031
['03'],09,Téglás,Téglás,4,070,2,17,5128,5160,5,5130
['04'],09,Tépe,Tépe,1,071,1,2,774,777,0,775
['05'],09,Tiszacsege,Tiszacsege,6,072,4,8,3579,3595,2,3583
['06'],09,Tiszagyulaháza,Tiszagyulaháza,1,073,1,2,547,549,1,548
['04'],09,Told,Told,1,074,0,1,241,243,0,241
['04'],09,Újiráz,Újiráz,1,075,0,4,372,377,0,372
['03'],09,Újléta,Újléta,1,076,1,5,835,842,0,836
['06'],09,Újszentmargita,Újszentmargita,1,077,0,2,1102,1106,1,1102
['06'],09,Újtikos,Újtikos,1,078,0,2,663,666,1,663
['03'],09,Vámospércs,Vámospércs,5,079,4,10,4264,4269,4,4268
['04'],09,Váncsod,Váncsod,1,080,1,4,928,933,0,929
['04'],09,Vekerd,Vekerd,1,081,0,0,87,87,0,87
['04'],09,Zsáka,Zsáka,1,082,2,7,1168,1181,1,1170
['02'],10,Abasár,Abasár,2,001,6,9,2044,2063,2,2050
['03'],10,Adács,Adács,3,002,3,8,2103,2109,0,2106
['02'],10,Aldebrő,Aldebrő,1,003,0,1,587,591,0,587
['01'],10,Andornaktálya,Andornaktálya,2,004,4,11,2108,2120,5,2112
['03'],10,Apc,Apc,3,005,3,2,1988,1989,1,1991
['03'],10,Atkár,Atkár,2,006,0,5,1480,1483,2,1480
['01'],10,Átány,Átány,1,007,0,2,1017,1018,1,1017
['02'],10,Balaton,Balaton,1,008,2,4,789,794,0,791
['02'],10,Bátor,Bátor,1,009,0,3,319,322,0,319
['02'],10,Bekölce,Bekölce,1,010,1,1,503,508,0,504
['01'],10,Besenyőtelek,Besenyőtelek,3,011,2,5,2037,2050,1,2039
['02'],10,Bélapátfalva,Bélapátfalva,3,012,3,11,2163,2182,2,2166
['03'],10,Boconád,Boconád,1,013,3,2,1053,1055,0,1056
['02'],10,Bodony,Bodony,1,014,1,0,561,561,0,562
['03'],10,Boldog,Boldog,3,015,1,8,2379,2393,0,2380
['02'],10,Bükkszenterzsébet,Bükkszenterzsébet,1,016,0,4,796,802,2,796
['02'],10,Bükkszentmárton,Bükkszentmárton,1,017,0,3,218,221,1,218
['02'],10,Bükkszék,Bükkszék,1,018,2,3,567,571,1,569
['03'],10,Csány,Csány,3,019,1,4,1748,1759,0,1749
['01'],10,Demjén,Demjén,1,020,0,1,536,531,1,536
['02'],10,Detk,Detk,1,021,0,2,955,962,0,955
['02'],10,Domoszló,Domoszló,2,022,2,6,1583,1592,2,1585
['01'],10,Dormánd,Dormánd,1,023,1,2,728,734,0,729
['03'],10,Ecséd,Ecséd,3,024,3,12,2598,2615,4,2601
['01'],10,Eger,Eger,42,025,121,265,40105,40456,87,40226
['01'],10,Egerbakta,Egerbakta,1,026,2,7,1174,1183,0,1176
['02'],10,Egerbocs,Egerbocs,1,027,2,2,430,433,0,432
['02'],10,Egercsehi,Egercsehi,3,028,1,7,1028,1037,0,1029
['01'],10,Egerfarmos,Egerfarmos,1,029,2,6,537,543,0,539
['01'],10,Egerszalók,Egerszalók,2,030,4,11,1585,1591,2,1589
['01'],10,Egerszólát,Egerszólát,1,031,2,5,843,849,1,845
['02'],10,Erdőkövesd,Erdőkövesd,1,032,0,2,479,483,1,479
['03'],10,Erdőtelek,Erdőtelek,3,033,2,12,2554,2575,1,2556
['03'],10,Erk,Erk,1,034,0,1,647,652,0,647
['02'],10,Fedémes,Fedémes,1,035,0,2,234,238,1,234
['02'],10,Feldebrő,Feldebrő,1,036,2,2,823,823,0,825
['01'],10,Felsőtárkány,Felsőtárkány,3,037,0,10,2793,2811,1,2793
['01'],10,Füzesabony,Füzesabony,6,038,3,25,5766,5801,5,5769
['02'],10,Gyöngyös,Gyöngyös,30,039,70,115,21538,21709,32,21608
['03'],10,Gyöngyöshalász,Gyöngyöshalász,2,040,3,6,2155,2166,3,2158
['02'],10,Gyöngyösoroszi,Gyöngyösoroszi,1,041,1,3,1057,1064,0,1058
['02'],10,Gyöngyöspata,Gyöngyöspata,2,042,0,10,1900,1915,4,1900
['02'],10,Gyöngyössolymos,Gyöngyössolymos,3,043,2,12,2366,2383,1,2368
['02'],10,Gyöngyöstarján,Gyöngyöstarján,2,044,3,7,1882,1895,3,1885
['02'],10,Halmajugra,Halmajugra,2,045,1,1,918,924,1,919
['03'],10,Hatvan,Hatvan,17,046,31,70,16027,16112,15,16058
['03'],10,Heréd,Heréd,2,047,4,5,1482,1486,1,1486
['03'],10,Heves,Heves,9,048,7,34,7764,7803,1,7771
['02'],10,Hevesaranyos,Hevesaranyos,1,049,1,2,430,436,0,431
['03'],10,Hevesvezekény,Hevesvezekény,1,050,0,2,515,519,0,515
['03'],10,Hort,Hort,4,051,3,10,3024,3037,4,3027
['02'],10,Istenmezeje,Istenmezeje,2,052,0,6,1149,1154,0,1149
['02'],10,Ivád,Ivád,1,053,0,2,280,284,0,280
['03'],10,Karácsond,Karácsond,3,054,0,4,2338,2349,2,2338
['02'],10,Kál,Kál,4,055,1,8,2704,2717,2,2705
['02'],10,Kápolna,Kápolna,2,056,1,5,1140,1140,1,1141
['01'],10,Kerecsend,Kerecsend,2,057,1,4,1606,1613,0,1607
['02'],10,Kisfüzes,Kisfüzes,1,058,0,1,112,111,0,112
['03'],10,Kisköre,Kisköre,3,059,1,3,2052,2064,1,2053
['02'],10,Kisnána,Kisnána,1,060,2,2,801,805,0,803
['02'],10,Kompolt,Kompolt,2,061,1,2,1480,1487,0,1481
['01'],10,Kömlő,Kömlő,2,062,0,2,1359,1373,0,1359
['03'],10,Lőrinci,Lőrinci,6,063,4,19,4431,4460,4,4435
['03'],10,Ludas,Ludas,1,064,1,6,598,608,3,599
['01'],10,Maklár,Maklár,3,065,2,9,2006,2021,1,2008
['02'],10,Markaz,Markaz,2,066,3,9,1476,1483,2,1479
['02'],10,Mátraballa,Mátraballa,1,067,0,1,586,592,0,586
['02'],10,Mátraderecske,Mátraderecske,2,068,1,13,1409,1426,2,1410
['02'],10,Mátraszentimre,Mátraszentimre,1,069,2,9,362,371,1,364
['01'],10,Mezőszemere,Mezőszemere,1,070,0,10,849,861,0,849
['01'],10,Mezőtárkány,Mezőtárkány,1,071,1,2,1198,1199,0,1199
['02'],10,Mikófalva,Mikófalva,1,072,0,4,545,551,0,545
['02'],10,Mónosbél,Mónosbél,1,073,0,0,295,295,0,295
['03'],10,Nagyfüged,Nagyfüged,1,074,4,5,1306,1315,0,1310
['03'],10,Nagykökényes,Nagykökényes,1,075,0,2,457,459,1,457
['03'],10,Nagyréde,Nagyréde,3,076,1,15,2637,2660,0,2638
['01'],10,Nagytálya,Nagytálya,1,077,2,1,712,713,0,714
['03'],10,Nagyút,Nagyút,1,078,2,1,543,547,0,545
['02'],10,Nagyvisnyó,Nagyvisnyó,1,079,1,4,736,739,1,737
['01'],10,Noszvaj,Noszvaj,2,080,1,6,1525,1525,1,1526
['01'],10,Novaj,Novaj,2,081,3,1,1153,1155,1,1156
['01'],10,Ostoros,Ostoros,3,082,3,16,2381,2404,4,2384
['02'],10,Parád,Parád,4,083,1,8,1489,1498,2,1490
['02'],10,Parádsasvár,Parádsasvár,1,084,3,1,331,330,0,334
['03'],10,Petőfibánya,Petőfibánya,2,085,10,6,2017,2026,0,2027
['03'],10,Pély,Pély,1,086,1,5,1005,1013,0,1006
['02'],10,Pétervására,Pétervására,3,087,0,8,1713,1723,0,1713
['01'],10,Poroszló,Poroszló,3,088,2,18,2129,2155,1,2131
['02'],10,Recsk,Recsk,3,089,3,6,2137,2141,0,2140
['03'],10,Rózsaszentmárton,Rózsaszentmárton,2,090,1,11,1597,1612,2,1598
['01'],10,Sarud,Sarud,1,091,1,8,823,830,0,824
['02'],10,Sirok,Sirok,3,092,3,9,1418,1425,1,1421
['02'],10,Szajla,Szajla,2,093,0,0,483,481,0,483
['02'],10,Szentdomonkos,Szentdomonkos,1,094,0,0,364,364,0,364
['01'],10,Szihalom,Szihalom,2,095,3,5,1655,1662,0,1658
['02'],10,Szilvásvárad,Szilvásvárad,2,096,1,4,1235,1239,1,1236
['02'],10,Szúcs,Szúcs,2,097,1,1,278,280,0,279
['03'],10,Szűcsi,Szűcsi,2,098,4,2,1251,1253,0,1255
['03'],10,Tarnabod,Tarnabod,1,099,0,0,457,465,0,457
['02'],10,Tarnalelesz,Tarnalelesz,2,100,0,1,1163,1170,0,1163
['03'],10,Tarnaméra,Tarnaméra,2,101,1,6,1292,1300,1,1293
['03'],10,Tarnaörs,Tarnaörs,1,102,0,2,1247,1249,0,1247
['02'],10,Tarnaszentmária,Tarnaszentmária,1,103,1,3,186,190,0,187
['03'],10,Tarnaszentmiklós,Tarnaszentmiklós,1,104,0,1,591,596,0,591
['03'],10,Tarnazsadány,Tarnazsadány,1,105,0,2,862,869,0,862
['03'],10,Tenk,Tenk,1,106,0,6,933,941,0,933
['02'],10,Terpes,Terpes,1,107,0,0,134,134,0,134
['01'],10,Tiszanána,Tiszanána,2,108,0,6,1755,1767,0,1755
['02'],10,Tófalu,Tófalu,1,109,0,3,440,446,0,440
['01'],10,Újlőrincfalva,Újlőrincfalva,1,110,0,3,178,182,0,178
['03'],10,Vámosgyörk,Vámosgyörk,2,111,2,4,1594,1600,2,1596
['02'],10,Váraszó,Váraszó,1,112,0,0,396,394,0,396
['02'],10,Verpelét,Verpelét,4,113,2,9,2942,2963,1,2944
['02'],10,Vécs,Vécs,1,114,0,2,481,485,0,481
['02'],10,Visonta,Visonta,1,115,0,1,1001,1007,0,1001
['03'],10,Visznek,Visznek,1,116,0,2,892,893,1,892
['03'],10,Zagyvaszántó,Zagyvaszántó,2,117,1,5,1499,1505,2,1500
['03'],10,Zaránk,Zaránk,1,118,0,1,374,378,1,374
['01'],10,Szarvaskő,Szarvaskő,1,119,4,3,309,312,1,313
['02'],10,Pálosvörösmart,Pálosvörösmart,1,120,0,4,514,519,1,514
['03'],10,Kerekharaszt,Kerekharaszt,1,121,0,2,782,785,0,782
['03'],11,Abádszalók,Abádszalók,5,001,3,23,3200,3230,2,3203
['02'],11,Alattyán,Alattyán,2,002,1,6,1616,1620,1,1617
['03'],11,Berekfürdő,Berekfürdő,1,003,0,9,1106,1112,2,1106
['01'],11,Besenyszög,Besenyszög,3,004,2,8,2671,2679,4,2673
['04'],11,Cibakháza,Cibakháza,4,005,0,12,2996,3011,1,2996
['01'],11,Csataszög,Csataszög,1,006,0,2,252,254,0,252
['04'],11,Cserkeszőlő,Cserkeszőlő,3,007,3,15,2039,2056,2,2042
['04'],11,Csépa,Csépa,2,008,0,4,1279,1286,0,1279
['03'],11,Fegyvernek,Fegyvernek,5,009,1,28,5009,5052,4,5010
['01'],11,Hunyadfalva,Hunyadfalva,1,010,1,1,140,141,0,141
['02'],11,Jánoshida,Jánoshida,2,011,3,5,1971,1975,1,1974
['02'],11,Jászalsószentgyörgy,Jászalsószentgyörgy,4,012,2,15,2750,2770,2,2752
['02'],11,Jászapáti,Jászapáti,7,013,3,29,6359,6396,8,6362
['02'],11,Jászágó,Jászágó,1,014,1,1,574,576,0,575
['02'],11,Jászárokszállás,Jászárokszállás,5,015,5,25,5991,6029,10,5996
['02'],11,Jászberény,Jászberény,21,016,43,86,20063,20175,29,20106
['02'],11,Jászboldogháza,Jászboldogháza,2,017,1,4,1417,1424,1,1418
['02'],11,Jászdózsa,Jászdózsa,2,018,4,4,1733,1743,0,1737
['02'],11,Jászfelsőszentgyörgy,Jászfelsőszentgyörgy,2,019,2,4,1410,1419,0,1412
['02'],11,Jászfényszaru,Jászfényszaru,5,020,5,12,4634,4663,2,4639
['02'],11,Jászivány,Jászivány,1,021,0,3,299,305,0,299
['02'],11,Jászjákóhalma,Jászjákóhalma,3,022,1,9,2297,2315,2,2298
['02'],11,Jászkisér,Jászkisér,5,023,2,12,3898,3920,1,3900
['02'],11,Jászladány,Jászladány,6,024,3,12,4077,4097,0,4080
['02'],11,Jászszentandrás,Jászszentandrás,2,025,2,10,2040,2053,1,2042
['02'],11,Jásztelek,Jásztelek,2,026,0,2,1182,1190,0,1182
['03'],11,Karcag,Karcag,16,027,3,54,14789,14867,9,14792
['03'],11,Kenderes,Kenderes,5,028,2,9,3340,3355,2,3342
['04'],11,Kengyel,Kengyel,5,029,3,11,2719,2735,0,2722
['04'],11,Kétpó,Kétpó,1,030,0,1,515,517,0,515
['03'],11,Kisújszállás,Kisújszállás,8,031,10,46,8268,8323,7,8278
['01'],11,Kőtelek,Kőtelek,2,032,0,2,1172,1175,2,1172
['04'],11,Kuncsorba,Kuncsorba,1,033,0,1,460,463,0,460
['03'],11,Kunhegyes,Kunhegyes,7,034,2,46,5705,5763,9,5707
['03'],11,Kunmadaras,Kunmadaras,7,035,3,17,3826,3860,0,3829
['04'],11,Kunszentmárton,Kunszentmárton,10,036,8,28,6147,6197,5,6155
['04'],11,Martfű,Martfű,6,037,7,29,4865,4904,5,4872
['04'],11,Mesterszállás,Mesterszállás,1,038,1,4,562,566,0,563
['04'],11,Mezőhék,Mezőhék,1,039,0,1,254,255,0,254
['04'],11,Mezőtúr,Mezőtúr,16,040,17,69,12763,12857,12,12780
['03'],11,Nagyiván,Nagyiván,1,041,1,3,814,819,0,815
['01'],11,Nagykörű,Nagykörű,2,042,0,6,1259,1262,1,1259
['04'],11,Nagyrév,Nagyrév,1,043,0,1,529,533,0,529
['04'],11,Öcsöd,Öcsöd,4,044,6,13,2361,2383,2,2367
['04'],11,Örményes,Örményes,2,045,0,5,796,801,0,796
['02'],11,Pusztamonostor,Pusztamonostor,1,046,0,3,1261,1263,0,1261
['01'],11,Rákóczifalva,Rákóczifalva,5,047,9,12,4328,4346,1,4337
['01'],11,Rákócziújfalu,Rákócziújfalu,2,048,3,7,1529,1540,3,1532
['04'],11,Szajol,Szajol,4,049,5,15,3100,3111,3,3105
['01'],11,Szászberek,Szászberek,1,050,0,4,790,794,1,790
['04'],11,Szelevény,Szelevény,2,051,1,6,814,821,0,815
['01'],11,Szolnok,Szolnok,70,052,124,345,53113,53581,105,53237
['03'],11,Tiszabő,Tiszabő,2,053,1,0,1362,1366,0,1363
['03'],11,Tiszabura,Tiszabura,2,054,0,2,1966,1966,0,1966
['03'],11,Tiszaderzs,Tiszaderzs,1,055,0,6,827,833,0,827
['04'],11,Tiszaföldvár,Tiszaföldvár,8,056,4,30,8268,8311,4,8272
['03'],11,Tiszafüred,Tiszafüred,10,057,7,60,8568,8642,9,8575
['03'],11,Tiszagyenda,Tiszagyenda,1,058,0,5,772,777,0,772
['03'],11,Tiszaigar,Tiszaigar,1,059,0,4,526,532,0,526
['04'],11,Tiszainoka,Tiszainoka,1,060,0,1,316,321,0,316
['01'],11,Tiszajenő,Tiszajenő,2,061,3,4,1209,1213,0,1212
['04'],11,Tiszakürt,Tiszakürt,2,062,1,2,1044,1049,2,1045
['03'],11,Tiszaörs,Tiszaörs,1,063,0,5,1019,1025,0,1019
['04'],11,Tiszapüspöki,Tiszapüspöki,2,064,0,12,1604,1613,2,1604
['03'],11,Tiszaroff,Tiszaroff,2,065,3,7,1345,1358,0,1348
['04'],11,Tiszasas,Tiszasas,1,066,0,4,821,827,1,821
['02'],11,Tiszasüly,Tiszasüly,2,067,2,8,1110,1126,1,1112
['03'],11,Tiszaszentimre,Tiszaszentimre,3,068,0,2,1484,1491,0,1484
['04'],11,Tiszatenyő,Tiszatenyő,2,069,1,6,1281,1292,1,1282
['01'],11,Tiszavárkony,Tiszavárkony,2,070,1,3,1264,1271,1,1265
['03'],11,Tomajmonostora,Tomajmonostora,1,071,0,4,519,524,0,519
['01'],11,Tószeg,Tószeg,4,072,5,11,3601,3615,2,3606
['04'],11,Törökszentmiklós,Törökszentmiklós,18,073,12,63,15848,15936,11,15860
['03'],11,Túrkeve,Túrkeve,10,074,3,30,6588,6630,4,6591
['02'],11,Újszász,Újszász,6,075,4,13,4833,4841,6,4837
['01'],11,Vezseny,Vezseny,1,076,2,2,495,497,0,497
['01'],11,Zagyvarékas,Zagyvarékas,5,077,2,11,2838,2856,3,2840
['03'],11,Tiszaszőlős,Tiszaszőlős,1,078,0,5,1135,1144,1,1135
['03'],12,Aka,Aka,1,001,1,2,212,215,0,213
['03'],12,Almásfüzitő,Almásfüzitő,3,002,7,8,1627,1639,3,1634
['02'],12,Annavölgy,Annavölgy,1,003,1,3,731,738,0,732
['03'],12,Ács,Ács,8,004,4,15,5578,5597,2,5582
['03'],12,Ácsteszér,Ácsteszér,1,005,1,1,561,560,1,562
['01'],12,Baj,Baj,3,006,7,6,2358,2356,1,2365
['02'],12,Bajna,Bajna,2,007,1,9,1548,1557,2,1549
['02'],12,Bajót,Bajót,1,008,0,7,1262,1268,5,1262
['03'],12,Bakonybánk,Bakonybánk,1,009,0,1,335,332,0,335
['03'],12,Bakonysárkány,Bakonysárkány,1,010,1,2,782,783,0,783
['03'],12,Bakonyszombathely,Bakonyszombathely,2,011,2,6,1118,1127,1,1120
['03'],12,Bana,Bana,2,012,2,3,1241,1244,2,1243
['03'],12,Bábolna,Bábolna,4,013,8,16,2730,2736,8,2738
['03'],12,Bársonyos,Bársonyos,1,014,1,2,600,608,1,601
['03'],12,Bokod,Bokod,2,015,1,12,1756,1768,2,1757
['03'],12,Csatka,Csatka,1,016,1,1,193,193,0,194
['03'],12,Császár,Császár,2,017,0,7,1482,1489,0,1482
['03'],12,Csém,Csém,1,018,1,1,329,331,1,330
['03'],12,Csép,Csép,1,019,0,1,285,286,0,285
['02'],12,Csolnok,Csolnok,3,020,4,8,2586,2594,4,2590
['03'],12,Dad,Dad,1,021,1,5,804,813,0,805
['02'],12,Dág,Dág,1,022,2,8,760,767,2,762
['02'],12,Dorog,Dorog,10,023,35,40,8976,9036,6,9011
['02'],12,Dömös,Dömös,1,024,3,7,964,968,1,967
['03'],12,Dunaalmás,Dunaalmás,2,025,3,3,1428,1427,0,1431
['03'],12,Dunaszentmiklós,Dunaszentmiklós,1,026,1,2,446,449,0,447
['02'],12,Epöl,Epöl,1,027,1,2,505,507,0,506
['02'],12,Esztergom,Esztergom,27,028,73,79,22103,22197,30,22176
['03'],12,Ete,Ete,1,029,0,1,477,480,0,477
['02'],12,Gyermely,Gyermely,1,030,4,3,1252,1257,3,1256
['02'],12,Héreg,Héreg,1,031,3,1,911,913,1,914
['03'],12,Kecskéd,Kecskéd,2,032,2,4,1659,1671,1,1661
['03'],12,Kerékteleki,Kerékteleki,1,033,1,5,521,524,0,522
['02'],12,Kesztölc,Kesztölc,3,034,10,12,2224,2244,5,2234
['03'],12,Kisbér,Kisbér,6,035,4,22,4323,4352,3,4327
['03'],12,Kisigmánd,Kisigmánd,1,036,1,0,392,391,0,393
['03'],12,Kocs,Kocs,2,037,3,6,2127,2138,2,2130
['03'],12,Komárom,Komárom,17,038,67,60,14601,14667,13,14668
['03'],12,Kömlőd,Kömlőd,1,039,0,2,857,860,0,857
['03'],12,Környe,Környe,4,040,8,9,3856,3863,3,3864
['02'],12,Lábatlan,Lábatlan,5,041,7,18,3937,3959,5,3944
['02'],12,Leányvár,Leányvár,2,042,4,9,1467,1482,3,1471
['02'],12,Máriahalom,Máriahalom,1,043,4,2,544,546,0,548
['03'],12,Mocsa,Mocsa,2,044,1,4,1719,1730,1,1720
['02'],12,Mogyorósbánya,Mogyorósbánya,1,045,1,5,706,716,1,707
['03'],12,Nagyigmánd,Nagyigmánd,4,046,4,11,2256,2270,1,2260
['02'],12,Nagysáp,Nagysáp,1,047,2,3,1232,1232,2,1234
['03'],12,Naszály,Naszály,2,048,6,11,1942,1957,2,1948
['03'],12,Neszmély,Neszmély,2,049,5,2,1082,1083,0,1087
['02'],12,Nyergesújfalu,Nyergesújfalu,7,050,16,25,5784,5823,8,5800
['03'],12,Oroszlány,Oroszlány,16,051,25,68,13742,13852,24,13767
['02'],12,Piliscsév,Piliscsév,2,052,3,6,2089,2091,1,2092
['02'],12,Pilismarót,Pilismarót,2,053,5,6,1719,1725,1,1724
['03'],12,Réde,Réde,1,054,1,3,1033,1042,2,1034
['02'],12,Sárisáp,Sárisáp,3,055,3,7,2286,2295,0,2289
['03'],12,Súr,Súr,2,056,1,0,990,991,0,991
['02'],12,Süttő,Süttő,2,057,2,3,1618,1626,1,1620
['03'],12,Szákszend,Szákszend,1,058,3,5,1218,1226,1,1221
['01'],12,Szárliget,Szárliget,2,059,9,8,1985,1993,3,1994
['02'],12,Szomor,Szomor,1,060,2,1,920,920,1,922
['03'],12,Szomód,Szomód,2,061,1,4,1884,1883,1,1885
['02'],12,Tardos,Tardos,1,062,2,5,1334,1338,2,1336
['02'],12,Tarján,Tarján,3,063,3,11,2146,2160,2,2149
['01'],12,Tata,Tata,19,064,69,70,17970,18076,38,18039
['01'],12,Tatabánya,Tatabánya,59,065,91,203,52131,52458,56,52222
['03'],12,Tárkány,Tárkány,2,066,1,5,1172,1179,0,1173
['02'],12,Tát,Tát,6,067,7,16,4344,4364,5,4351
['02'],12,Tokod,Tokod,5,068,3,9,3395,3408,1,3398
['02'],12,Tokodaltáró,Tokodaltáró,3,069,9,9,2273,2290,1,2282
['02'],12,Úny,Úny,1,070,8,3,596,595,0,604
['03'],12,Várgesztes,Várgesztes,1,071,1,2,523,521,2,524
['03'],12,Vérteskethely,Vérteskethely,1,072,0,1,475,478,0,475
['03'],12,Vértessomló,Vértessomló,1,073,4,4,1174,1174,2,1178
['01'],12,Vértesszőlős,Vértesszőlős,3,074,3,12,2877,2885,5,2880
['02'],12,Vértestolna,Vértestolna,1,075,1,3,459,465,0,460
['03'],12,Ászár,Ászár,2,076,9,6,1386,1393,1,1395
['02'],13,Alsópetény,Alsópetény,1,001,0,1,498,499,0,498
['01'],13,Alsótold,Alsótold,1,002,0,1,185,186,0,185
['02'],13,Balassagyarmat,Balassagyarmat,16,003,16,74,11390,11480,23,11406
['02'],13,Bánk,Bánk,1,004,0,8,630,641,4,630
['01'],13,Bárna,Bárna,1,005,1,3,745,751,1,746
['01'],13,Bátonyterenye,Bátonyterenye,8,006,9,40,9074,9132,11,9083
['02'],13,Becske,Becske,1,007,0,2,418,420,0,418
['02'],13,Bercel,Bercel,2,008,2,8,1305,1318,1,1307
['02'],13,Berkenye,Berkenye,1,009,5,1,629,628,0,634
['02'],13,Bér,Bér,1,010,0,2,294,296,0,294
['01'],13,Bokor,Bokor,1,011,0,0,86,87,0,86
['02'],13,Borsosberény,Borsosberény,1,012,1,1,726,728,0,727
['01'],13,Buják,Buják,2,013,2,3,1593,1598,0,1595
['01'],13,Cered,Cered,1,014,1,6,802,810,1,803
['02'],13,Cserháthaláp,Cserháthaláp,1,015,0,2,278,280,0,278
['02'],13,Cserhátsurány,Cserhátsurány,1,016,1,5,600,607,1,601
['01'],13,Cserhátszentiván,Cserhátszentiván,1,017,0,0,103,103,0,103
['02'],13,Csesztve,Csesztve,1,018,0,0,257,256,0,257
['01'],13,Csécse,Csécse,1,019,1,1,690,692,0,691
['02'],13,Csitár,Csitár,1,020,0,1,319,321,0,319
['02'],13,Debercsény,Debercsény,1,021,0,1,70,71,0,70
['02'],13,Dejtár,Dejtár,1,022,1,3,1121,1126,0,1122
['02'],13,Diósjenő,Diósjenő,3,023,3,8,2290,2307,1,2293
['01'],13,Dorogháza,Dorogháza,2,024,0,3,794,797,0,794
['02'],13,Drégelypalánk,Drégelypalánk,1,025,4,3,1095,1101,2,1099
['01'],13,Ecseg,Ecseg,1,026,0,3,898,909,0,898
['01'],13,Egyházasdengeleg,Egyházasdengeleg,1,027,0,0,327,327,0,327
['02'],13,Egyházasgerge,Egyházasgerge,1,028,0,1,544,540,0,544
['02'],13,Endrefalva,Endrefalva,1,029,0,1,877,883,1,877
['02'],13,Erdőkürt,Erdőkürt,1,030,0,3,442,444,0,442
['02'],13,Erdőtarcsa,Erdőtarcsa,1,031,1,2,437,442,0,438
['02'],13,Etes,Etes,3,032,1,6,1027,1035,0,1028
['02'],13,Érsekvadkert,Érsekvadkert,4,033,1,12,2836,2846,6,2837
['02'],13,Felsőpetény,Felsőpetény,1,034,0,3,476,478,0,476
['01'],13,Felsőtold,Felsőtold,1,035,1,2,121,124,1,122
['02'],13,Galgaguta,Galgaguta,1,036,3,1,499,498,0,502
['01'],13,Garáb,Garáb,1,037,0,0,35,35,0,35
['02'],13,Herencsény,Herencsény,1,038,0,0,469,470,0,469
['01'],13,Héhalom,Héhalom,1,039,0,1,785,789,0,785
['01'],13,Hollókő,Hollókő,1,040,0,2,265,266,1,265
['02'],13,Hont,Hont,1,041,1,1,394,395,1,395
['02'],13,Horpács,Horpács,1,042,0,1,141,142,1,141
['02'],13,Hugyag,Hugyag,1,043,0,0,639,641,0,639
['02'],13,Iliny,Iliny,1,044,2,0,119,118,0,121
['02'],13,Ipolytarnóc,Ipolytarnóc,1,045,0,1,312,314,0,312
['02'],13,Ipolyvece,Ipolyvece,1,046,1,1,632,637,0,633
['01'],13,Jobbágyi,Jobbágyi,2,047,3,4,1538,1542,0,1541
['02'],13,Karancsalja,Karancsalja,2,048,0,6,1175,1181,2,1175
['02'],13,Karancsberény,Karancsberény,1,049,0,5,668,673,0,668
['02'],13,Karancskeszi,Karancskeszi,3,050,1,4,1342,1352,0,1343
['02'],13,Karancslapujtő,Karancslapujtő,3,051,0,8,1972,1982,0,1972
['02'],13,Karancsság,Karancsság,1,052,1,6,919,926,2,920
['01'],13,Kazár,Kazár,3,053,1,2,1368,1371,1,1369
['02'],13,Kálló,Kálló,1,054,0,3,1100,1102,0,1100
['02'],13,Keszeg,Keszeg,1,055,1,2,599,603,0,600
['02'],13,Kétbodony,Kétbodony,1,056,1,9,384,390,1,385
['01'],13,Kisbágyon,Kisbágyon,1,057,0,0,334,335,0,334
['01'],13,Kisbárkány,Kisbárkány,1,058,0,0,133,133,0,133
['02'],13,Kisecset,Kisecset,1,059,0,0,179,177,0,179
['01'],13,Kishartyán,Kishartyán,1,060,1,1,432,432,0,433
['01'],13,Kozárd,Kozárd,1,061,0,3,132,135,1,132
['01'],13,Kutasó,Kutasó,1,062,1,0,73,72,0,74
['02'],13,Legénd,Legénd,1,063,2,3,385,390,2,387
['02'],13,Litke,Litke,1,064,0,1,575,575,0,575
['01'],13,Lucfalva,Lucfalva,1,065,1,2,456,457,1,457
['02'],13,Ludányhalászi,Ludányhalászi,2,066,0,3,1007,1012,1,1007
['02'],13,Magyargéc,Magyargéc,2,067,1,1,610,610,1,611
['02'],13,Magyarnándor,Magyarnándor,1,068,0,3,893,898,0,893
['01'],13,Márkháza,Márkháza,1,069,1,0,198,198,0,199
['01'],13,Mátramindszent,Mátramindszent,1,070,0,2,604,605,0,604
['01'],13,Mátranovák,Mátranovák,2,071,2,6,1308,1316,1,1310
['01'],13,Mátraszele,Mátraszele,1,072,2,2,738,739,2,740
['01'],13,Mátraszőlős,Mátraszőlős,1,073,1,1,1185,1186,0,1186
['01'],13,Mátraterenye,Mátraterenye,2,074,2,10,1348,1361,3,1350
['01'],13,Mátraverebély,Mátraverebély,3,075,1,7,1367,1373,0,1368
['02'],13,Mihálygerge,Mihálygerge,1,076,0,3,443,445,2,443
['02'],13,Mohora,Mohora,1,077,2,4,712,717,0,714
['01'],13,Nagybárkány,Nagybárkány,1,078,0,3,475,478,0,475
['01'],13,Nagykeresztúr,Nagykeresztúr,1,079,0,2,201,203,0,201
['02'],13,Nagylóc,Nagylóc,3,080,0,2,1107,1110,0,1107
['02'],13,Nagyoroszi,Nagyoroszi,2,081,1,8,1546,1556,0,1547
['01'],13,Nemti,Nemti,1,082,2,5,576,580,0,578
['02'],13,Nézsa,Nézsa,1,083,0,3,987,994,0,987
['02'],13,Nógrád,Nógrád,2,084,6,7,1309,1322,2,1315
['02'],13,Nógrádkövesd,Nógrádkövesd,1,085,0,1,487,489,0,487
['02'],13,Nógrádmarcal,Nógrádmarcal,1,086,0,1,346,344,0,346
['02'],13,Nógrádmegyer,Nógrádmegyer,2,087,0,3,1241,1247,1,1241
['02'],13,Nógrádsáp,Nógrádsáp,1,088,0,5,738,745,2,738
['02'],13,Nógrádsipek,Nógrádsipek,1,089,0,2,570,570,0,570
['02'],13,Nógrádszakál,Nógrádszakál,1,090,0,4,427,432,2,427
['02'],13,Nőtincs,Nőtincs,1,091,2,6,992,998,1,994
['02'],13,Őrhalom,Őrhalom,1,092,0,1,853,854,0,853
['02'],13,Ősagárd,Ősagárd,1,093,1,1,264,265,0,265
['01'],13,Palotás,Palotás,2,094,3,8,1341,1352,0,1344
['02'],13,Patak,Patak,1,095,1,4,713,717,3,714
['02'],13,Patvarc,Patvarc,1,096,0,4,603,608,0,603
['01'],13,Pásztó,Pásztó,9,097,10,29,7086,7134,10,7096
['02'],13,Piliny,Piliny,1,098,0,3,450,451,0,450
['02'],13,Pusztaberki,Pusztaberki,1,099,0,0,148,150,0,148
['02'],13,Rétság,Rétság,2,100,4,8,2109,2123,5,2113
['02'],13,Rimóc,Rimóc,2,101,2,5,1184,1190,1,1186
['02'],13,Romhány,Romhány,2,102,0,11,1744,1756,1,1744
['01'],13,Salgótarján,Salgótarján,37,103,31,176,25898,26144,31,25929
['02'],13,Ságújfalu,Ságújfalu,1,104,0,2,716,717,0,716
['01'],13,Sámsonháza,Sámsonháza,1,105,0,0,196,196,0,196
['01'],13,Sóshartyán,Sóshartyán,1,106,0,0,639,641,0,639
['02'],13,Szalmatercs,Szalmatercs,1,107,0,1,360,364,0,360
['02'],13,Szanda,Szanda,2,108,3,4,479,483,0,482
['01'],13,Szarvasgede,Szarvasgede,1,109,1,1,337,339,0,338
['02'],13,Szátok,Szátok,1,110,0,1,365,366,0,365
['02'],13,Szendehely,Szendehely,2,111,4,8,1329,1345,1,1333
['02'],13,Szente,Szente,1,112,1,1,240,242,0,241
['02'],13,Szécsénke,Szécsénke,1,113,0,1,168,169,0,168
['02'],13,Szécsény,Szécsény,6,114,5,18,4364,4392,3,4369
['02'],13,Szécsényfelfalu,Szécsényfelfalu,1,115,0,0,338,340,0,338
['01'],13,Szilaspogony,Szilaspogony,1,116,0,2,207,208,0,207
['02'],13,Szirák,Szirák,1,117,0,1,782,787,0,782
['01'],13,Szuha,Szuha,2,118,0,3,466,467,1,466
['01'],13,Szurdokpüspöki,Szurdokpüspöki,2,119,2,7,1520,1522,1,1522
['02'],13,Szügy,Szügy,2,120,2,2,1147,1151,2,1149
['01'],13,Tar,Tar,2,121,1,1,1500,1498,0,1501
['02'],13,Tereske,Tereske,1,122,0,4,577,583,0,577
['02'],13,Terény,Terény,1,123,0,2,273,275,1,273
['02'],13,Tolmács,Tolmács,1,124,1,0,606,605,0,607
['02'],13,Vanyarc,Vanyarc,1,125,0,5,955,965,2,955
['02'],13,Varsány,Varsány,2,126,0,6,1245,1252,3,1245
['01'],13,Vizslás,Vizslás,1,127,0,13,980,996,0,980
['01'],13,Zabar,Zabar,1,128,2,3,317,322,0,319
['01'],13,Rákóczibánya,Rákóczibánya,1,129,0,0,484,486,0,484
['02'],13,Ipolyszög,Ipolyszög,1,130,0,1,445,447,0,445
['01'],13,Somoskőújfalu,Somoskőújfalu,2,131,1,10,1772,1786,2,1773
['14'],14,Abony,Abony,16,001,12,44,11591,11649,7,11603
['11'],14,Acsa,Acsa,1,002,0,5,1093,1102,2,1093
['13'],14,Albertirsa,Albertirsa,16,003,35,40,11072,11112,11,11107
['09'],14,Alsónémedi,Alsónémedi,5,004,15,17,4310,4330,4,4325
['09'],14,Apaj,Apaj,1,005,0,1,914,916,1,914
['11'],14,Aszód,Aszód,6,006,16,26,4869,4905,9,4885
['09'],14,Áporka,Áporka,1,007,4,6,1000,1008,1,1004
['07'],14,Bag,Bag,4,008,6,11,3027,3038,3,3033
['04'],14,Bernecebaráti,Bernecebaráti,1,009,1,6,643,651,1,644
['12'],14,Bénye,Bénye,1,010,0,6,1028,1037,0,1028
['02'],14,Biatorbágy,Biatorbágy,16,011,59,74,11674,11742,42,11733
['03'],14,Budajenő,Budajenő,2,012,14,12,1986,1984,8,2000
['03'],14,Budakalász,Budakalász,8,013,42,43,9379,9424,33,9421
['02'],14,Budakeszi,Budakeszi,16,014,44,69,12212,12306,47,12256
['02'],14,Budaörs,Budaörs,20,015,149,133,22304,22455,87,22453
['09'],14,Bugyi,Bugyi,7,016,5,10,4307,4318,1,4312
['14'],14,Cegléd,Cegléd,34,017,57,119,28593,28747,42,28650
['13'],14,Ceglédbercel,Ceglédbercel,5,018,2,13,3607,3620,1,3609
['14'],14,Csemő,Csemő,3,019,4,16,3497,3515,4,3501
['13'],14,Csévharaszt,Csévharaszt,2,020,5,2,1724,1729,0,1729
['03'],14,Csobánka,Csobánka,3,021,6,26,2896,2921,12,2902
['05'],14,Csomád,Csomád,1,022,6,4,1461,1459,0,1467
['05'],14,Csömör,Csömör,8,023,26,42,7855,7895,25,7881
['11'],14,Csővár,Csővár,1,024,0,2,516,521,1,516
['13'],14,Dabas,Dabas,16,025,26,47,13784,13853,19,13810
['13'],14,Dánszentmiklós,Dánszentmiklós,3,026,4,13,2187,2197,4,2191
['07'],14,Dány,Dány,4,027,12,17,3685,3705,2,3697
['09'],14,Délegyháza,Délegyháza,4,028,11,25,4570,4600,4,4581
['02'],14,Diósd,Diósd,8,029,44,38,8790,8804,20,8834
['11'],14,Domony,Domony,3,030,3,11,1797,1807,5,1800
['09'],14,Dömsöd,Dömsöd,5,031,13,22,4886,4921,3,4899
['04'],14,Dunabogdány,Dunabogdány,3,032,14,10,2629,2640,6,2643
['10'],14,Dunaharaszti,Dunaharaszti,16,033,67,63,18519,18584,29,18586
['05'],14,Dunakeszi,Dunakeszi,30,034,193,177,32977,33149,101,33170
['09'],14,Dunavarsány,Dunavarsány,6,035,24,26,7092,7138,10,7116
['08'],14,Ecser,Ecser,4,036,17,12,3329,3330,4,3346
['11'],14,Erdőkertes,Erdőkertes,7,037,27,40,7811,7836,14,7838
['01'],14,Érd,Érd,48,038,197,276,56445,56770,139,56642
['12'],14,Farmos,Farmos,3,039,3,18,2857,2874,2,2860
['08'],14,Felsőpakony,Felsőpakony,4,040,11,14,3027,3045,2,3038
['05'],14,Fót,Fót,16,041,55,73,16540,16611,36,16595
['11'],14,Galgagyörk,Galgagyörk,1,042,0,3,742,745,0,742
['07'],14,Galgahévíz,Galgahévíz,3,043,5,8,2082,2097,4,2087
['11'],14,Galgamácsa,Galgamácsa,2,044,2,6,1560,1575,0,1562
['12'],14,Gomba,Gomba,3,045,6,10,2562,2566,2,2568
['05'],14,Göd,Göd,16,046,71,94,16858,16973,53,16929
['06'],14,Gödöllő,Gödöllő,27,047,133,107,24541,24665,54,24674
['08'],14,Gyál,Gyál,19,048,83,75,19377,19450,27,19460
['08'],14,Gyömrő,Gyömrő,16,049,64,63,15475,15552,32,15539
['10'],14,Halásztelek,Halásztelek,8,050,33,34,9511,9555,13,9544
['03'],14,Herceghalom,Herceghalom,2,051,12,10,2058,2072,3,2070
['13'],14,Hernád,Hernád,3,052,7,18,3377,3406,7,3384
['07'],14,Hévízgyörk,Hévízgyörk,3,053,6,7,2751,2764,0,2757
['11'],14,Iklad,Iklad,2,054,6,3,1637,1641,0,1643
['13'],14,Inárcs,Inárcs,4,055,5,13,3889,3901,3,3894
['04'],14,Ipolydamásd,Ipolydamásd,1,056,0,0,336,335,0,336
['04'],14,Ipolytölgyes,Ipolytölgyes,1,057,1,2,199,200,0,200
['07'],14,Isaszeg,Isaszeg,8,058,23,38,9210,9270,17,9233
['14'],14,Jászkarajenő,Jászkarajenő,3,059,0,8,2070,2078,1,2070
['13'],14,Kakucs,Kakucs,3,060,0,5,2493,2491,3,2493
['07'],14,Kartal,Kartal,6,061,9,12,4793,4809,2,4802
['12'],14,Káva,Káva,1,062,2,0,526,527,0,528
['04'],14,Kemence,Kemence,1,063,2,4,779,785,0,781
['06'],14,Kerepes,Kerepes,8,064,28,42,9012,9038,18,9040
['09'],14,Kiskunlacháza,Kiskunlacháza,7,065,17,32,7635,7673,13,7652
['04'],14,Kismaros,Kismaros,2,066,5,6,2064,2070,2,2069
['11'],14,Kisnémedi,Kisnémedi,1,067,0,0,577,581,0,577
['04'],14,Kisoroszi,Kisoroszi,1,068,5,4,832,836,1,837
['06'],14,Kistarcsa,Kistarcsa,8,069,45,44,10605,10657,21,10650
['14'],14,Kocsér,Kocsér,2,070,1,3,1472,1472,1,1473
['11'],14,Kosd,Kosd,2,071,3,11,2050,2067,4,2053
['07'],14,Kóka,Kóka,4,072,11,21,3742,3765,4,3753
['04'],14,Kóspallag,Kóspallag,1,073,3,5,604,610,0,607
['14'],14,Kőröstetétlen,Kőröstetétlen,1,074,1,1,660,661,0,661
['04'],14,Leányfalu,Leányfalu,4,075,11,17,3237,3262,10,3248
['04'],14,Letkés,Letkés,1,076,1,3,869,876,2,870
['09'],14,Lórév,Lórév,1,077,0,2,251,251,1,251
['07'],14,Maglód,Maglód,8,078,43,36,9909,9948,12,9952
['09'],14,Majosháza,Majosháza,1,079,5,10,1407,1416,4,1412
['09'],14,Makád,Makád,1,080,4,6,1033,1040,1,1037
['04'],14,Márianosztra,Márianosztra,1,081,1,2,632,632,0,633
['07'],14,Mende,Mende,4,082,9,17,3515,3513,4,3524
['13'],14,Mikebuda,Mikebuda,1,083,2,3,564,567,0,566
['06'],14,Mogyoród,Mogyoród,6,084,36,33,6563,6576,15,6599
['12'],14,Monor,Monor,16,085,40,65,15052,15138,21,15092
['04'],14,Nagybörzsöny,Nagybörzsöny,1,086,1,4,505,508,0,506
['12'],14,Nagykáta,Nagykáta,8,087,10,31,9847,9889,7,9857
['02'],14,Nagykovácsi,Nagykovácsi,7,088,21,41,6448,6489,28,6469
['14'],14,Nagykőrös,Nagykőrös,20,089,22,55,18394,18484,15,18416
['04'],14,Nagymaros,Nagymaros,4,090,13,20,4019,4045,8,4032
['06'],14,Nagytarcsa,Nagytarcsa,5,091,27,21,4893,4905,12,4920
['13'],14,Nyáregyháza,Nyáregyháza,3,092,3,13,3164,3176,2,3167
['14'],14,Nyársapát,Nyársapát,2,093,1,8,1580,1586,3,1581
['09'],14,Ócsa,Ócsa,10,094,13,15,7918,7943,4,7931
['13'],14,Örkény,Örkény,4,095,3,11,3822,3843,2,3825
['11'],14,Őrbottyán,Őrbottyán,7,096,22,28,6611,6634,12,6633
['12'],14,Pánd,Pánd,2,097,0,4,1475,1484,0,1475
['03'],14,Páty,Páty,6,098,28,28,6591,6609,15,6619
['11'],14,Penc,Penc,1,099,3,5,1227,1234,0,1230
['03'],14,Perbál,Perbál,2,100,4,3,1712,1717,2,1716
['04'],14,Perőcsény,Perőcsény,1,101,2,2,328,330,0,330
['07'],14,Pécel,Pécel,16,102,48,58,13367,13462,23,13415
['08'],14,Péteri,Péteri,2,103,8,6,2143,2147,3,2151
['13'],14,Pilis,Pilis,8,104,29,37,9610,9653,4,9639
['03'],14,Pilisborosjenő,Pilisborosjenő,3,105,10,5,3378,3394,3,3388
['03'],14,Piliscsaba,Piliscsaba,6,106,19,46,6546,6586,24,6565
['03'],14,Pilisjászfalu,Pilisjászfalu,2,107,4,10,1691,1700,4,1695
['03'],14,Pilisszántó,Pilisszántó,2,108,7,13,2250,2264,7,2257
['03'],14,Pilisszentiván,Pilisszentiván,3,109,20,13,3476,3493,10,3496
['03'],14,Pilisszentkereszt,Pilisszentkereszt,2,110,10,5,1781,1787,4,1791
['04'],14,Pilisszentlászló,Pilisszentlászló,1,111,6,9,1010,1022,4,1016
['03'],14,Pilisvörösvár,Pilisvörösvár,8,112,31,35,11646,11695,12,11677
['04'],14,Pomáz,Pomáz,16,113,46,91,14532,14630,45,14578
['04'],14,Pócsmegyer,Pócsmegyer,2,114,9,21,2399,2413,3,2408
['13'],14,Pusztavacs,Pusztavacs,1,115,2,3,1046,1051,0,1048
['02'],14,Pusztazámor,Pusztazámor,1,116,9,2,977,974,2,986
['11'],14,Püspökhatvan,Püspökhatvan,1,117,1,6,1090,1097,1,1091
['11'],14,Püspökszilágy,Püspökszilágy,1,118,1,6,595,601,0,596
['09'],14,Ráckeve,Ráckeve,8,119,29,46,8811,8873,9,8840
['11'],14,Rád,Rád,1,120,2,2,1601,1604,1,1603
['03'],14,Solymár,Solymár,8,121,42,54,9039,9103,27,9081
['02'],14,Sóskút,Sóskút,3,122,23,12,2964,2973,6,2987
['07'],14,Sülysáp,Sülysáp,7,123,22,35,6918,6960,9,6940
['06'],14,Szada,Szada,4,124,14,19,5020,5027,7,5034
['01'],14,Százhalombatta,Százhalombatta,16,125,49,77,14409,14516,22,14458
['04'],14,Szentendre,Szentendre,20,126,92,166,22270,22452,100,22362
['12'],14,Szentlőrinckáta,Szentlőrinckáta,2,127,2,8,1541,1552,0,1543
['12'],14,Szentmártonkáta,Szentmártonkáta,4,128,4,23,4096,4123,3,4100
['09'],14,Szigetbecse,Szigetbecse,1,129,0,4,1167,1170,0,1167
['09'],14,Szigetcsép,Szigetcsép,2,130,4,6,2329,2325,2,2333
['10'],14,Szigethalom,Szigethalom,16,131,46,56,14942,15007,13,14988
['04'],14,Szigetmonostor,Szigetmonostor,2,132,12,23,2477,2498,8,2489
['09'],14,Szigetszentmárton,Szigetszentmárton,2,133,9,8,2173,2180,2,2182
['10'],14,Szigetszentmiklós,Szigetszentmiklós,30,134,131,175,31315,31515,76,31446
['09'],14,Szigetújfalu,Szigetújfalu,2,135,4,14,1916,1934,4,1920
['04'],14,Szob,Szob,3,136,6,5,2075,2083,0,2081
['04'],14,Szokolya,Szokolya,2,137,4,5,1535,1537,2,1539
['11'],14,Sződ,Sződ,3,138,6,14,2580,2590,4,2586
['11'],14,Sződliget,Sződliget,4,139,17,19,3857,3881,10,3874
['04'],14,Tahitótfalu,Tahitótfalu,4,140,27,26,5152,5186,9,5179
['09'],14,Taksony,Taksony,6,141,26,20,5471,5493,6,5497
['13'],14,Tatárszentgyörgy,Tatárszentgyörgy,2,142,0,3,1477,1484,0,1477
['13'],14,Táborfalva,Táborfalva,3,143,3,11,2708,2719,2,2711
['12'],14,Tápióbicske,Tápióbicske,3,144,3,3,2900,2891,0,2903
['12'],14,Tápiógyörgye,Tápiógyörgye,4,145,2,19,2855,2879,1,2857
['12'],14,Tápióság,Tápióság,3,146,3,10,2272,2279,2,2275
['12'],14,Tápiószecső,Tápiószecső,7,147,10,25,4985,5014,6,4995
['12'],14,Tápiószele,Tápiószele,6,148,3,24,4846,4880,3,4849
['12'],14,Tápiószentmárton,Tápiószentmárton,5,149,10,10,4787,4797,0,4797
['12'],14,Tápiószőlős,Tápiószőlős,4,150,1,5,2457,2463,0,2458
['01'],14,Tárnok,Tárnok,8,151,38,36,8509,8555,20,8547
['03'],14,Telki,Telki,4,152,13,23,3357,3381,17,3370
['04'],14,Tésa,Tésa,1,153,1,0,81,85,0,82
['03'],14,Tinnye,Tinnye,2,154,5,7,1568,1570,3,1573
['12'],14,Tóalmás,Tóalmás,3,155,8,22,3279,3305,2,3287
['03'],14,Tök,Tök,1,156,6,9,1158,1163,5,1164
['09'],14,Tököl,Tököl,8,157,32,31,8613,8655,10,8645
['02'],14,Törökbálint,Törökbálint,16,158,67,60,11314,11377,33,11381
['14'],14,Törtel,Törtel,4,159,3,13,3394,3412,0,3397
['07'],14,Tura,Tura,5,160,11,18,6224,6237,3,6235
['13'],14,Újhartyán,Újhartyán,3,161,5,4,2332,2334,1,2337
['13'],14,Újlengyel,Újlengyel,2,162,1,7,1501,1507,0,1502
['14'],14,Újszilvás,Újszilvás,3,163,1,12,2163,2176,4,2164
['12'],14,Úri,Úri,2,164,4,17,2101,2119,4,2105
['08'],14,Üllő,Üllő,8,165,37,30,10133,10178,13,10170
['03'],14,Üröm,Üröm,5,166,15,46,6581,6622,35,6596
['07'],14,Valkó,Valkó,2,167,2,7,2000,2015,0,2002
['13'],14,Vasad,Vasad,2,168,7,1,1611,1614,0,1618
['11'],14,Vác,Vác,30,169,116,119,26451,26589,48,26567
['11'],14,Vácduka,Vácduka,1,170,7,8,1458,1466,4,1465
['11'],14,Vácegres,Vácegres,1,171,1,3,760,760,1,761
['11'],14,Váchartyán,Váchartyán,2,172,3,4,1530,1533,0,1533
['11'],14,Váckisújfalu,Váckisújfalu,1,173,0,1,396,399,0,396
['11'],14,Vácrátót,Vácrátót,2,174,6,5,2098,2109,3,2104
['07'],14,Vácszentlászló,Vácszentlászló,2,175,8,5,1798,1799,0,1806
['04'],14,Vámosmikola,Vámosmikola,2,176,0,8,1149,1157,0,1149
['08'],14,Vecsés,Vecsés,24,177,67,84,16678,16796,35,16745
['06'],14,Veresegyház,Veresegyház,16,178,84,89,15917,15985,45,16001
['04'],14,Verőce,Verőce,3,179,14,21,3131,3145,9,3145
['07'],14,Verseg,Verseg,1,180,0,4,1038,1040,0,1038
['04'],14,Visegrád,Visegrád,2,181,11,10,1365,1381,5,1376
['04'],14,Zebegény,Zebegény,1,182,7,11,1044,1056,4,1051
['03'],14,Zsámbék,Zsámbék,4,183,16,21,4482,4522,11,4498
['07'],14,Zsámbok,Zsámbok,2,184,3,9,2011,2034,2,2014
['11'],14,Csörög,Csörög,2,185,1,7,1721,1732,1,1722
['02'],14,Remeteszőlős,Remeteszőlős,1,186,1,12,844,857,7,845
['12'],14,Monorierdő,Monorierdő,4,187,12,16,4247,4255,2,4259
['03'],15,Alsóbogát,Alsóbogát,1,001,0,0,184,185,0,184
['04'],15,Andocs,Andocs,2,002,0,5,751,755,1,751
['04'],15,Ádánd,Ádánd,2,003,6,8,1762,1774,2,1768
['02'],15,Babócsa,Babócsa,2,004,0,4,1153,1160,0,1153
['02'],15,Bakháza,Bakháza,1,005,0,1,130,131,0,130
['03'],15,Balatonberény,Balatonberény,1,006,3,9,920,927,2,923
['03'],15,Balatonboglár,Balatonboglár,6,007,22,39,4701,4747,5,4723
['04'],15,Balatonendréd,Balatonendréd,1,008,3,10,1082,1096,2,1085
['03'],15,Balatonfenyves,Balatonfenyves,3,009,11,27,1872,1886,4,1883
['04'],15,Balatonföldvár,Balatonföldvár,2,010,12,21,1931,1953,4,1943
['03'],15,Balatonkeresztúr,Balatonkeresztúr,2,011,6,9,1434,1440,1,1440
['03'],15,Balatonlelle,Balatonlelle,5,012,25,36,4015,4040,5,4040
['03'],15,Balatonmáriafürdő,Balatonmáriafürdő,1,013,4,12,666,674,3,670
['04'],15,Balatonőszöd,Balatonőszöd,1,014,0,3,453,460,0,453
['04'],15,Balatonszabadi,Balatonszabadi,4,015,1,12,2407,2418,4,2408
['04'],15,Balatonszárszó,Balatonszárszó,2,016,6,13,1823,1828,3,1829
['04'],15,Balatonszemes,Balatonszemes,2,017,8,19,1421,1442,4,1429
['03'],15,Balatonszentgyörgy,Balatonszentgyörgy,2,018,0,2,1237,1241,1,1237
['03'],15,Balatonújlak,Balatonújlak,1,019,2,4,347,354,1,349
['02'],15,Barcs,Barcs,10,020,7,42,8281,8338,6,8288
['04'],15,Baté,Baté,1,021,2,4,603,609,1,605
['04'],15,Bábonymegyer,Bábonymegyer,1,022,0,1,630,631,0,630
['04'],15,Bálványos,Bálványos,1,023,1,0,474,473,0,475
['02'],15,Bárdudvarnok,Bárdudvarnok,1,024,1,5,896,902,1,897
['04'],15,Bedegkér,Bedegkér,1,025,0,1,300,300,0,300
['02'],15,Beleg,Beleg,1,026,0,1,408,412,1,408
['02'],15,Berzence,Berzence,2,027,1,11,1816,1836,0,1817
['02'],15,Bélavár,Bélavár,1,028,0,0,268,267,0,268
['03'],15,Bodrog,Bodrog,1,029,0,2,312,315,0,312
['02'],15,Bolhás,Bolhás,1,030,0,2,325,331,0,325
['02'],15,Bolhó,Bolhó,1,031,0,0,515,518,0,515
['04'],15,Bonnya,Bonnya,1,032,0,1,180,180,1,180
['03'],15,Böhönye,Böhönye,2,033,1,3,1706,1711,1,1707
['01'],15,Bőszénfa,Bőszénfa,1,034,2,0,371,372,0,373
['03'],15,Buzsák,Buzsák,2,035,2,10,958,965,1,960
['04'],15,Büssü,Büssü,1,036,0,0,192,192,0,192
['03'],15,Csákány,Csákány,1,037,0,1,173,176,0,173
['01'],15,Cserénfa,Cserénfa,1,038,0,0,176,177,0,176
['02'],15,Csokonyavisonta,Csokonyavisonta,2,039,2,6,1145,1155,3,1147
['01'],15,Csoma,Csoma,1,040,0,0,341,342,0,341
['03'],15,Csombárd,Csombárd,1,041,0,1,220,224,0,220
['02'],15,Csököly,Csököly,1,042,1,1,723,723,0,724
['03'],15,Csömend,Csömend,1,043,0,1,213,214,0,213
['02'],15,Csurgó,Csurgó,6,044,3,27,3866,3903,4,3869
['02'],15,Csurgónagymarton,Csurgónagymarton,1,045,0,3,114,118,2,114
['02'],15,Darány,Darány,1,046,1,0,684,684,0,685
['02'],15,Drávagárdony,Drávagárdony,1,047,0,1,119,120,0,119
['02'],15,Drávatamási,Drávatamási,1,048,0,1,162,166,0,162
['04'],15,Ecseny,Ecseny,1,049,0,1,145,146,1,145
['03'],15,Edde,Edde,1,050,0,0,134,134,0,134
['04'],15,Felsőmocsolád,Felsőmocsolád,1,051,1,2,268,269,0,269
['04'],15,Fiad,Fiad,1,052,0,1,83,85,0,83
['04'],15,Fonó,Fonó,1,053,0,0,261,261,0,261
['03'],15,Fonyód,Fonyód,4,054,20,45,4255,4305,12,4275
['03'],15,Főnyed,Főnyed,1,055,0,0,57,57,0,57
['04'],15,Gadács,Gadács,1,056,0,0,67,67,0,67
['03'],15,Gadány,Gadány,1,057,1,1,219,225,0,220
['03'],15,Gamás,Gamás,2,058,2,0,528,527,0,530
['01'],15,Gálosfa,Gálosfa,1,059,0,1,171,172,0,171
['02'],15,Gige,Gige,1,060,0,0,297,298,0,297
['04'],15,Gölle,Gölle,2,061,0,3,596,600,0,596
['02'],15,Görgeteg,Görgeteg,2,062,0,2,818,820,0,818
['02'],15,Gyékényes,Gyékényes,1,063,2,1,769,771,0,771
['03'],15,Gyugy,Gyugy,1,064,1,1,233,235,0,234
['01'],15,Hajmás,Hajmás,1,065,0,0,163,163,0,163
['03'],15,Hács,Hács,1,066,0,0,265,265,0,265
['02'],15,Háromfa,Háromfa,1,067,0,1,517,519,0,517
['02'],15,Hedrehely,Hedrehely,1,068,0,1,288,291,0,288
['02'],15,Hencse,Hencse,1,069,1,0,249,249,0,250
['02'],15,Heresznye,Heresznye,1,070,0,0,194,195,0,194
['03'],15,Hetes,Hetes,1,071,1,1,909,912,0,910
['03'],15,Hollád,Hollád,1,072,0,0,182,182,0,182
['02'],15,Homokszentgyörgy,Homokszentgyörgy,1,073,0,2,809,810,0,809
['03'],15,Hosszúvíz,Hosszúvíz,1,074,0,3,40,43,0,40
['04'],15,Igal,Igal,1,075,2,4,1131,1137,1,1133
['02'],15,Iharos,Iharos,1,076,0,0,363,363,0,363
['02'],15,Iharosberény,Iharosberény,1,077,0,5,987,995,0,987
['02'],15,Inke,Inke,1,078,0,3,897,896,0,897
['02'],15,Istvándi,Istvándi,1,079,0,0,373,377,0,373
['02'],15,Jákó,Jákó,1,080,0,2,469,475,2,469
['01'],15,Juta,Juta,1,081,0,4,967,972,0,967
['02'],15,Kadarkút,Kadarkút,3,082,2,12,1910,1913,2,1912
['04'],15,Kapoly,Kapoly,1,083,0,4,500,504,0,500
['02'],15,Kaposfő,Kaposfő,2,084,0,6,1240,1249,0,1240
['01'],15,Kaposgyarmat,Kaposgyarmat,1,085,0,0,76,75,0,76
['01'],15,Kaposhomok,Kaposhomok,1,086,0,1,356,355,0,356
['01'],15,Kaposkeresztúr,Kaposkeresztúr,1,087,0,0,229,230,0,229
['01'],15,Kaposmérő,Kaposmérő,3,088,4,9,1922,1934,1,1926
['01'],15,Kaposszerdahely,Kaposszerdahely,1,089,0,5,822,825,0,822
['01'],15,Kaposújlak,Kaposújlak,1,090,0,0,574,573,0,574
['01'],15,Kaposvár,Kaposvár,56,091,116,335,47911,48357,83,48027
['04'],15,Karád,Karád,2,092,6,6,1108,1118,1,1114
['02'],15,Kastélyosdombó,Kastélyosdombó,1,093,1,1,138,139,0,139
['02'],15,Kaszó,Kaszó,1,094,0,0,74,73,0,74
['04'],15,Kazsok,Kazsok,1,095,1,0,215,216,0,216
['02'],15,Kálmáncsa,Kálmáncsa,1,096,0,0,400,400,0,400
['04'],15,Kánya,Kánya,1,097,0,0,356,355,0,356
['04'],15,Kára,Kára,1,098,0,1,49,50,0,49
['03'],15,Kelevíz,Kelevíz,1,099,0,1,260,261,0,260
['01'],15,Kercseliget,Kercseliget,1,100,0,2,268,272,0,268
['04'],15,Kereki,Kereki,1,101,0,2,443,447,0,443
['03'],15,Kéthely,Kéthely,3,102,8,6,1633,1639,0,1641
['02'],15,Kisasszond,Kisasszond,1,103,0,2,132,134,0,132
['02'],15,Kisbajom,Kisbajom,1,104,1,0,262,263,0,263
['04'],15,Kisbárapáti,Kisbárapáti,1,105,1,2,276,278,0,277
['03'],15,Kisberény,Kisberény,1,106,0,0,109,109,0,109
['04'],15,Kisgyalán,Kisgyalán,1,107,0,0,151,151,0,151
['02'],15,Kiskorpád,Kiskorpád,1,108,0,1,687,684,0,687
['02'],15,Komlósd,Komlósd,1,109,0,0,140,140,0,140
['04'],15,Kötcse,Kötcse,1,110,1,0,410,415,0,411
['02'],15,Kőkút,Kőkút,2,111,0,0,391,393,0,391
['04'],15,Kőröshegy,Kőröshegy,1,112,3,7,1184,1189,2,1187
['02'],15,Kutas,Kutas,2,113,2,5,1012,1015,0,1014
['02'],15,Lad,Lad,1,114,0,1,450,450,0,450
['02'],15,Lakócsa,Lakócsa,1,115,0,1,410,412,0,410
['02'],15,Lábod,Lábod,2,116,2,7,1432,1437,1,1434
['03'],15,Látrány,Látrány,2,117,2,5,1094,1096,2,1096
['03'],15,Lengyeltóti,Lengyeltóti,3,118,3,11,2276,2293,1,2279
['03'],15,Libickozma,Libickozma,1,119,0,0,26,26,0,26
['04'],15,Lulla,Lulla,1,120,0,1,155,157,0,155
['04'],15,Magyaratád,Magyaratád,2,121,0,4,648,655,2,648
['03'],15,Magyaregres,Magyaregres,1,122,0,1,487,486,0,487
['03'],15,Marcali,Marcali,12,123,10,61,8908,8993,7,8918
['04'],15,Mernye,Mernye,2,124,0,11,1091,1106,1,1091
['03'],15,Mesztegnyő,Mesztegnyő,2,125,1,7,961,973,1,962
['03'],15,Mezőcsokonya,Mezőcsokonya,1,126,2,4,931,941,0,933
['02'],15,Mike,Mike,1,127,1,4,456,459,1,457
['04'],15,Miklósi,Miklósi,1,128,0,1,138,138,0,138
['01'],15,Mosdós,Mosdós,1,129,0,7,674,688,1,674
['02'],15,Nagyatád,Nagyatád,9,130,9,53,8086,8158,6,8095
['03'],15,Nagybajom,Nagybajom,3,131,2,10,2421,2436,0,2423
['04'],15,Nagyberény,Nagyberény,1,132,6,9,1108,1117,3,1114
['01'],15,Nagyberki,Nagyberki,1,133,2,1,1101,1100,0,1103
['04'],15,Nagycsepely,Nagycsepely,1,134,0,2,290,294,2,290
['02'],15,Nagykorpád,Nagykorpád,1,135,0,0,373,371,0,373
['03'],15,Nagyszakácsi,Nagyszakácsi,1,136,2,1,265,268,0,267
['04'],15,Nágocs,Nágocs,1,137,0,1,449,452,0,449
['03'],15,Nemesdéd,Nemesdéd,1,138,0,1,511,511,0,511
['03'],15,Nemeskisfalud,Nemeskisfalud,1,139,0,1,88,91,0,88
['03'],15,Nemesvid,Nemesvid,1,140,0,0,425,424,0,425
['03'],15,Nikla,Nikla,1,141,0,1,462,462,0,462
['04'],15,Nyim,Nyim,1,142,1,1,263,263,0,264
['04'],15,Orci,Orci,1,143,1,2,456,458,1,457
['03'],15,Ordacsehi,Ordacsehi,1,144,1,3,633,632,2,634
['03'],15,Osztopán,Osztopán,1,145,0,5,554,562,1,554
['03'],15,Öreglak,Öreglak,2,146,2,8,1102,1109,1,1104
['02'],15,Ötvöskónyi,Ötvöskónyi,1,147,0,1,613,615,0,613
['02'],15,Őrtilos,Őrtilos,2,148,0,2,362,368,0,362
['03'],15,Pamuk,Pamuk,1,149,0,0,204,205,0,204
['04'],15,Patalom,Patalom,1,150,0,0,239,237,0,239
['01'],15,Patca,Patca,1,151,0,1,49,50,0,49
['02'],15,Patosfa,Patosfa,1,152,0,1,193,195,0,193
['03'],15,Pálmajor,Pálmajor,1,153,0,0,219,220,0,219
['02'],15,Péterhida,Péterhida,1,154,0,0,116,116,0,116
['02'],15,Pogányszentpéter,Pogányszentpéter,1,155,0,1,382,385,0,382
['03'],15,Polány,Polány,1,156,0,0,172,171,0,172
['02'],15,Porrog,Porrog,1,157,0,0,152,152,0,152
['02'],15,Porrogszentkirály,Porrogszentkirály,1,158,0,1,215,215,0,215
['02'],15,Porrogszentpál,Porrogszentpál,1,159,0,0,60,61,0,60
['02'],15,Potony,Potony,1,160,0,2,146,147,0,146
['03'],15,Pusztakovácsi,Pusztakovácsi,2,161,0,3,563,569,0,563
['04'],15,Pusztaszemes,Pusztaszemes,1,162,0,6,331,338,0,331
['04'],15,Ráksi,Ráksi,1,163,0,1,359,362,1,359
['02'],15,Rinyabesenyő,Rinyabesenyő,1,164,0,0,139,141,0,139
['02'],15,Rinyakovácsi,Rinyakovácsi,1,165,0,1,122,123,0,122
['02'],15,Rinyaszentkirály,Rinyaszentkirály,1,166,0,0,269,269,0,269
['02'],15,Rinyaújlak,Rinyaújlak,1,167,0,0,221,221,0,221
['02'],15,Rinyaújnép,Rinyaújnép,1,168,0,0,24,24,0,24
['04'],15,Ságvár,Ságvár,2,169,2,11,1645,1655,2,1647
['01'],15,Sántos,Sántos,1,170,0,0,416,416,0,416
['03'],15,Sávoly,Sávoly,1,171,1,0,317,316,0,318
['02'],15,Segesd,Segesd,2,172,0,7,1795,1811,2,1795
['04'],15,Sérsekszőlős,Sérsekszőlős,1,173,0,0,113,113,0,113
['01'],15,Simonfa,Simonfa,1,174,0,3,312,316,2,312
['04'],15,Siófok,Siófok,24,175,81,134,20058,20228,33,20139
['04'],15,Siójut,Siójut,1,176,2,4,531,536,1,533
['04'],15,Som,Som,1,177,1,2,550,549,0,551
['04'],15,Somodor,Somodor,1,178,0,1,315,316,0,315
['04'],15,Somogyacsa,Somogyacsa,1,179,0,0,102,101,0,102
['02'],15,Somogyaracs,Somogyaracs,1,180,0,0,120,120,0,120
['03'],15,Somogyaszaló,Somogyaszaló,2,181,0,5,603,607,0,603
['04'],15,Somogybabod,Somogybabod,1,182,0,1,396,399,0,396
['02'],15,Somogybükkösd,Somogybükkösd,1,183,0,1,79,79,1,79
['02'],15,Somogycsicsó,Somogycsicsó,1,184,0,0,113,114,0,113
['04'],15,Somogydöröcske,Somogydöröcske,1,185,0,1,108,110,0,108
['04'],15,Somogyegres,Somogyegres,1,186,1,1,134,135,0,135
['03'],15,Somogyfajsz,Somogyfajsz,1,187,0,0,373,373,0,373
['03'],15,Somogygeszti,Somogygeszti,1,188,0,1,306,309,0,306
['03'],15,Somogyjád,Somogyjád,2,189,1,8,1242,1254,3,1243
['04'],15,Somogymeggyes,Somogymeggyes,1,190,0,1,360,362,0,360
['03'],15,Somogysámson,Somogysámson,1,191,0,0,492,493,0,492
['03'],15,Somogysárd,Somogysárd,1,192,0,5,988,992,3,988
['03'],15,Somogysimonyi,Somogysimonyi,1,193,0,0,42,43,0,42
['03'],15,Somogyszentpál,Somogyszentpál,1,194,0,2,477,481,0,477
['04'],15,Somogyszil,Somogyszil,1,195,1,2,514,513,0,515
['02'],15,Somogyszob,Somogyszob,2,196,2,4,1177,1188,3,1179
['03'],15,Somogytúr,Somogytúr,1,197,2,4,374,378,0,376
['02'],15,Somogyudvarhely,Somogyudvarhely,2,198,0,6,823,835,0,823
['03'],15,Somogyvámos,Somogyvámos,1,199,0,1,551,551,0,551
['03'],15,Somogyvár,Somogyvár,3,200,0,3,1266,1271,0,1266
['03'],15,Somogyzsitfa,Somogyzsitfa,2,201,0,2,394,395,0,394
['01'],15,Szabadi,Szabadi,1,202,0,0,215,216,0,215
['02'],15,Szabás,Szabás,1,203,0,1,413,413,0,413
['04'],15,Szántód,Szántód,1,204,7,5,590,590,0,597
['03'],15,Szegerdő,Szegerdő,1,205,1,0,152,153,0,153
['01'],15,Szenna,Szenna,1,206,0,2,577,580,1,577
['02'],15,Szenta,Szenta,1,207,0,0,290,291,0,290
['01'],15,Szentbalázs,Szentbalázs,1,208,0,0,238,239,0,238
['02'],15,Szentborbás,Szentborbás,1,209,0,0,82,83,0,82
['04'],15,Szentgáloskér,Szentgáloskér,1,210,0,2,360,361,0,360
['03'],15,Szenyér,Szenyér,1,211,1,0,231,231,0,232
['01'],15,Szilvásszentmárton,Szilvásszentmárton,1,212,0,0,144,146,0,144
['04'],15,Szorosad,Szorosad,1,213,0,0,77,77,0,77
['04'],15,Szólád,Szólád,1,214,0,5,453,461,0,453
['03'],15,Szőkedencs,Szőkedencs,1,215,0,1,177,181,0,177
['03'],15,Szőlősgyörök,Szőlősgyörök,2,216,0,11,1015,1028,2,1015
['02'],15,Szulok,Szulok,1,217,0,1,463,465,0,463
['04'],15,Tab,Tab,5,218,2,15,3324,3344,5,3326
['03'],15,Tapsony,Tapsony,1,219,0,4,398,404,0,398
['02'],15,Tarany,Tarany,1,220,1,2,882,885,0,883
['04'],15,Taszár,Taszár,2,221,1,11,1454,1469,0,1455
['03'],15,Táska,Táska,1,222,0,0,260,264,0,260
['04'],15,Teleki,Teleki,1,223,0,2,147,146,0,147
['04'],15,Tengőd,Tengőd,1,224,0,1,317,319,0,317
['03'],15,Tikos,Tikos,1,225,0,0,93,94,0,93
['04'],15,Torvaj,Torvaj,1,226,0,1,174,173,0,174
['02'],15,Tótújfalu,Tótújfalu,1,227,0,2,176,178,0,176
['04'],15,Törökkoppány,Törökkoppány,1,228,0,3,322,325,0,322
['03'],15,Újvárfalva,Újvárfalva,2,229,0,1,166,168,0,166
['03'],15,Varászló,Varászló,1,230,0,0,90,89,0,90
['03'],15,Várda,Várda,1,231,0,0,330,330,0,330
['02'],15,Vése,Vése,1,232,1,5,536,537,0,537
['02'],15,Visnye,Visnye,1,233,1,1,168,169,0,169
['04'],15,Visz,Visz,1,234,0,0,141,140,0,141
['02'],15,Vízvár,Vízvár,1,235,0,1,406,411,0,406
['03'],15,Vörs,Vörs,1,236,0,1,322,321,0,322
['04'],15,Zala,Zala,1,237,0,0,193,194,0,193
['04'],15,Zamárdi,Zamárdi,2,238,11,30,2179,2215,4,2190
['02'],15,Zákány,Zákány,2,239,0,8,844,854,0,844
['04'],15,Zics,Zics,1,240,0,0,262,264,0,262
['04'],15,Zimány,Zimány,1,241,0,0,397,397,0,397
['01'],15,Zselickisfalud,Zselickisfalud,1,242,0,0,195,195,0,195
['01'],15,Zselickislak,Zselickislak,1,243,0,1,324,326,0,324
['01'],15,Zselicszentpál,Zselicszentpál,1,244,0,6,341,349,3,341
['02'],15,Zákányfalu,Zákányfalu,1,245,0,1,409,414,0,409
['04'],15,Balatonvilágos,Balatonvilágos,1,246,6,11,1212,1217,0,1218
['03'],16,Ajak,Ajak,3,001,1,11,2881,2895,0,2882
['03'],16,Anarcs,Anarcs,2,002,1,6,1526,1537,0,1527
['05'],16,Apagy,Apagy,3,003,1,5,1856,1865,1,1857
['04'],16,Aranyosapáti,Aranyosapáti,2,004,0,7,1483,1493,0,1483
['05'],16,Baktalórántháza,Baktalórántháza,3,005,0,10,2736,2758,1,2736
['06'],16,Balkány,Balkány,6,006,1,15,4652,4674,3,4653
['02'],16,Balsa,Balsa,1,007,0,2,563,567,0,563
['04'],16,Barabás,Barabás,1,008,0,8,738,748,4,738
['06'],16,Bátorliget,Bátorliget,1,009,0,1,503,508,0,503
['04'],16,Benk,Benk,1,010,0,2,363,364,1,363
['04'],16,Beregdaróc,Beregdaróc,1,011,0,5,741,744,0,741
['04'],16,Beregsurány,Beregsurány,1,012,0,4,588,590,0,588
['03'],16,Berkesz,Berkesz,1,013,1,5,592,599,1,593
['05'],16,Besenyőd,Besenyőd,1,014,0,0,583,582,0,583
['03'],16,Beszterec,Beszterec,1,015,0,2,733,736,0,733
['06'],16,Biri,Biri,1,016,0,2,1035,1039,1,1035
['04'],16,Botpalád,Botpalád,1,017,0,4,623,629,0,623
['06'],16,Bököny,Bököny,4,018,1,6,2344,2352,0,2345
['02'],16,Buj,Buj,3,019,0,3,1860,1863,1,1860
['04'],16,Cégénydányád,Cégénydányád,1,020,0,5,504,513,1,504
['04'],16,Csaholc,Csaholc,1,021,1,0,419,419,0,420
['04'],16,Csaroda,Csaroda,1,022,0,1,505,510,0,505
['04'],16,Császló,Császló,1,023,0,0,294,296,0,294
['04'],16,Csegöld,Csegöld,1,024,0,3,546,547,0,546
['05'],16,Csenger,Csenger,5,025,8,25,3848,3885,2,3856
['05'],16,Csengersima,Csengersima,1,026,2,7,643,652,0,645
['05'],16,Csengerújfalu,Csengerújfalu,1,027,0,2,571,574,0,571
['04'],16,Darnó,Darnó,1,028,0,2,109,113,0,109
['03'],16,Demecser,Demecser,5,029,2,12,3184,3197,0,3186
['03'],16,Dombrád,Dombrád,3,030,3,15,2849,2868,2,2852
['03'],16,Döge,Döge,2,031,0,3,1706,1717,0,1706
['06'],16,Encsencs,Encsencs,2,032,0,4,1375,1380,1,1375
['04'],16,Eperjeske,Eperjeske,1,033,0,4,844,850,0,844
['06'],16,Érpatak,Érpatak,2,034,1,8,1318,1331,0,1319
['06'],16,Fábiánháza,Fábiánháza,3,035,0,2,1388,1396,0,1388
['04'],16,Fehérgyarmat,Fehérgyarmat,7,036,7,39,6069,6125,2,6076
['03'],16,Fényeslitke,Fényeslitke,2,037,1,14,1953,1973,2,1954
['04'],16,Fülesd,Fülesd,1,038,0,2,349,354,0,349
['05'],16,Fülpösdaróc,Fülpösdaróc,1,039,0,2,268,271,0,268
['04'],16,Gacsály,Gacsály,1,040,0,1,629,631,0,629
['04'],16,Garbolc,Garbolc,1,041,0,0,111,111,0,111
['02'],16,Gávavencsellő,Gávavencsellő,3,042,2,4,2618,2631,0,2620
['04'],16,Gelénes,Gelénes,1,043,0,2,439,443,2,439
['03'],16,Gemzse,Gemzse,1,044,0,4,614,620,0,614
['06'],16,Geszteréd,Geszteréd,2,045,3,7,1355,1359,0,1358
['05'],16,Géberjén,Géberjén,1,046,1,1,385,386,0,386
['03'],16,Gégény,Gégény,2,047,0,9,1463,1473,1,1463
['04'],16,Gulács,Gulács,1,048,0,2,785,790,0,785
['04'],16,Győröcske,Győröcske,1,049,0,0,109,110,0,109
['05'],16,Győrtelek,Győrtelek,1,050,0,5,1163,1169,3,1163
['03'],16,Gyulaháza,Gyulaháza,2,051,1,4,1514,1520,0,1515
['04'],16,Gyügye,Gyügye,1,052,2,3,238,243,0,240
['04'],16,Gyüre,Gyüre,1,053,0,5,943,950,2,943
['04'],16,Hermánszeg,Hermánszeg,1,054,0,2,217,218,1,217
['04'],16,Hetefejércse,Hetefejércse,1,055,0,2,245,245,0,245
['05'],16,Hodász,Hodász,3,056,3,1,2332,2340,0,2335
['02'],16,Ibrány,Ibrány,6,057,4,13,5149,5165,2,5153
['04'],16,Ilk,Ilk,1,058,0,5,881,888,1,881
['04'],16,Jánd,Jánd,1,059,0,1,600,604,0,600
['04'],16,Jánkmajtis,Jánkmajtis,1,060,0,5,1334,1340,0,1334
['05'],16,Jármi,Jármi,1,061,0,1,1019,1022,0,1019
['03'],16,Jéke,Jéke,1,062,1,6,611,618,0,612
['06'],16,Kállósemjén,Kállósemjén,5,063,0,7,2902,2915,1,2902
['02'],16,Kálmánháza,Kálmánháza,3,064,0,4,1466,1469,1,1466
['05'],16,Kántorjánosi,Kántorjánosi,2,065,0,2,1564,1565,0,1564
['03'],16,Kemecse,Kemecse,4,066,1,15,3748,3779,4,3749
['03'],16,Kék,Kék,2,067,0,3,1521,1532,0,1521
['03'],16,Kékcse,Kékcse,2,068,0,2,1093,1101,0,1093
['04'],16,Kérsemjén,Kérsemjén,1,069,0,0,233,234,0,233
['04'],16,Kisar,Kisar,1,070,0,2,767,776,0,767
['04'],16,Kishódos,Kishódos,1,071,0,0,45,45,0,45
['06'],16,Kisléta,Kisléta,1,072,0,6,1185,1196,0,1185
['04'],16,Kisnamény,Kisnamény,1,073,0,0,239,241,0,239
['04'],16,Kispalád,Kispalád,1,074,0,1,465,467,0,465
['04'],16,Kisszekeres,Kisszekeres,1,075,2,0,453,452,0,455
['04'],16,Kisvarsány,Kisvarsány,1,076,0,4,801,806,0,801
['03'],16,Kisvárda,Kisvárda,16,077,8,82,12598,12714,16,12606
['05'],16,Kocsord,Kocsord,3,078,1,9,2205,2218,0,2206
['05'],16,Komlódtótfalu,Komlódtótfalu,1,079,0,1,119,117,0,119
['03'],16,Komoró,Komoró,1,080,0,9,1015,1022,0,1015
['02'],16,Kótaj,Kótaj,3,081,0,15,3640,3666,4,3640
['04'],16,Kölcse,Kölcse,1,082,1,2,1048,1054,0,1049
['04'],16,Kömörő,Kömörő,1,083,0,2,420,423,0,420
['05'],16,Laskod,Laskod,1,084,1,5,719,723,0,720
['05'],16,Levelek,Levelek,3,085,5,11,2268,2282,3,2273
['04'],16,Lónya,Lónya,1,086,1,0,635,639,0,636
['03'],16,Lövőpetri,Lövőpetri,1,087,0,1,396,399,0,396
['04'],16,Magosliget,Magosliget,1,088,0,0,236,236,0,236
['05'],16,Magy,Magy,1,089,0,2,686,694,0,686
['04'],16,Mánd,Mánd,1,090,0,4,237,242,0,237
['04'],16,Mándok,Mándok,4,091,0,18,3075,3099,3,3075
['06'],16,Máriapócs,Máriapócs,2,092,1,6,1535,1544,0,1536
['04'],16,Márokpapi,Márokpapi,1,093,0,1,480,484,1,480
['05'],16,Mátészalka,Mátészalka,16,094,15,68,12492,12580,10,12507
['04'],16,Mátyus,Mátyus,1,095,0,2,241,244,0,241
['03'],16,Mezőladány,Mezőladány,1,096,2,5,780,785,0,782
['04'],16,Méhtelek,Méhtelek,1,097,0,0,531,534,0,531
['06'],16,Mérk,Mérk,2,098,0,4,1684,1687,0,1684
['04'],16,Milota,Milota,1,099,1,1,698,699,0,699
['04'],16,Nagyar,Nagyar,1,100,0,0,513,513,0,513
['02'],16,Nagycserkesz,Nagycserkesz,3,101,2,2,1221,1221,0,1223
['04'],16,Nagydobos,Nagydobos,2,102,1,7,1634,1641,3,1635
['05'],16,Nagyecsed,Nagyecsed,6,103,0,14,4621,4640,2,4621
['03'],16,Nagyhalász,Nagyhalász,6,104,2,11,4322,4332,1,4324
['04'],16,Nagyhódos,Nagyhódos,1,105,0,0,113,115,0,113
['06'],16,Nagykálló,Nagykálló,8,106,5,29,7404,7437,5,7409
['04'],16,Nagyszekeres,Nagyszekeres,1,107,0,1,410,412,0,410
['04'],16,Nagyvarsány,Nagyvarsány,1,108,1,3,1132,1137,0,1133
['03'],16,Napkor,Napkor,3,109,2,16,3000,2998,3,3002
['04'],16,Nábrád,Nábrád,1,110,0,3,722,728,0,722
['04'],16,Nemesborzova,Nemesborzova,1,111,0,1,89,90,0,89
['06'],16,Nyírbátor,Nyírbátor,8,112,9,42,9072,9147,15,9081
['06'],16,Nyírbéltek,Nyírbéltek,3,113,1,5,2109,2119,0,2110
['06'],16,Nyírbogát,Nyírbogát,3,114,1,9,2458,2474,0,2459
['03'],16,Nyírbogdány,Nyírbogdány,3,115,0,4,2290,2298,0,2290
['05'],16,Nyírcsaholy,Nyírcsaholy,2,116,0,10,1706,1718,0,1706
['06'],16,Nyírcsászári,Nyírcsászári,1,117,1,6,922,926,0,923
['06'],16,Nyírderzs,Nyírderzs,1,118,0,1,436,438,0,436
"['01', '02']",16,Nyíregyháza,Nyíregyháza,101,119,176,523,92081,92714,132,92257
['06'],16,Nyírgelse,Nyírgelse,2,120,0,3,855,860,1,855
['06'],16,Nyírgyulaj,Nyírgyulaj,2,121,0,7,1494,1496,0,1494
['03'],16,Nyíribrony,Nyíribrony,1,122,0,5,887,896,0,887
['05'],16,Nyírjákó,Nyírjákó,1,123,1,3,651,655,0,652
['05'],16,Nyírkarász,Nyírkarász,2,124,0,8,1757,1769,1,1757
['06'],16,Nyírkáta,Nyírkáta,2,125,3,7,1396,1401,0,1399
['05'],16,Nyírkércs,Nyírkércs,1,126,0,3,614,619,0,614
['03'],16,Nyírlövő,Nyírlövő,1,127,0,1,553,556,0,553
['06'],16,Nyírlugos,Nyírlugos,3,128,0,10,2111,2122,1,2111
['05'],16,Nyírmada,Nyírmada,4,129,3,16,3650,3676,0,3653
['05'],16,Nyírmeggyes,Nyírmeggyes,2,130,1,10,2075,2089,0,2076
['06'],16,Nyírmihálydi,Nyírmihálydi,2,131,1,7,1465,1477,0,1466
['05'],16,Nyírparasznya,Nyírparasznya,1,132,0,2,685,687,0,685
['03'],16,Nyírpazony,Nyírpazony,4,133,3,15,3177,3190,0,3180
['06'],16,Nyírpilis,Nyírpilis,1,134,0,1,605,609,0,605
['03'],16,Nyírtass,Nyírtass,2,135,0,10,1503,1512,1,1503
['02'],16,Nyírtelek,Nyírtelek,6,136,2,23,5547,5572,4,5549
['03'],16,Nyírtét,Nyírtét,1,137,1,2,832,836,0,833
['03'],16,Nyírtura,Nyírtura,2,138,2,5,1624,1628,2,1626
['06'],16,Nyírvasvári,Nyírvasvári,2,139,0,1,1536,1536,0,1536
['04'],16,Olcsva,Olcsva,1,140,0,1,529,531,0,529
['04'],16,Olcsvaapáti,Olcsvaapáti,1,141,0,1,232,233,0,232
['05'],16,Ófehértó,Ófehértó,2,142,0,6,2061,2068,0,2061
['05'],16,Ópályi,Ópályi,2,143,1,11,2143,2157,1,2144
['05'],16,Ököritófülpös,Ököritófülpös,2,144,1,5,1292,1298,1,1293
['06'],16,Ömböly,Ömböly,1,145,0,1,359,360,0,359
['05'],16,Őr,Őr,2,146,0,1,1165,1166,1,1165
['04'],16,Panyola,Panyola,1,147,0,4,427,431,0,427
['03'],16,Pap,Pap,2,148,0,13,1467,1479,1,1467
['05'],16,Papos,Papos,1,149,0,3,633,639,0,633
['02'],16,Paszab,Paszab,1,150,0,0,903,902,0,903
['03'],16,Pátroha,Pátroha,3,151,0,10,2226,2240,0,2226
['05'],16,Pátyod,Pátyod,1,152,0,2,542,544,0,542
['06'],16,Penészlek,Penészlek,1,153,0,3,744,749,0,744
['04'],16,Penyige,Penyige,1,154,0,3,590,594,0,590
['05'],16,Petneháza,Petneháza,2,155,0,14,1275,1296,0,1275
['06'],16,Piricse,Piricse,2,156,0,0,1315,1319,0,1315
['05'],16,Porcsalma,Porcsalma,3,157,1,6,1985,2000,0,1986
['06'],16,Pócspetri,Pócspetri,2,158,0,5,1241,1239,0,1241
['05'],16,Pusztadobos,Pusztadobos,1,159,0,4,1073,1080,0,1073
['02'],16,Rakamaz,Rakamaz,5,160,2,11,3613,3626,4,3615
['03'],16,Ramocsaháza,Ramocsaháza,1,161,1,4,1089,1094,0,1090
['05'],16,Rápolt,Rápolt,1,162,0,0,106,105,0,106
['03'],16,Rétközberencs,Rétközberencs,1,163,0,0,808,808,0,808
['05'],16,Rohod,Rohod,1,164,0,2,932,934,2,932
['04'],16,Rozsály,Rozsály,1,165,0,1,539,540,0,539
['03'],16,Sényő,Sényő,1,166,0,2,1182,1185,0,1182
['04'],16,Sonkád,Sonkád,1,167,0,2,618,621,0,618
['02'],16,Szabolcs,Szabolcs,1,168,0,1,285,285,0,285
['03'],16,Szabolcsbáka,Szabolcsbáka,1,169,0,2,893,895,1,893
['03'],16,Szabolcsveresmart,Szabolcsveresmart,2,170,0,4,1099,1101,0,1099
['06'],16,Szakoly,Szakoly,3,171,1,5,2150,2163,1,2151
['05'],16,Szamosangyalos,Szamosangyalos,1,172,1,0,411,415,0,412
['05'],16,Szamosbecs,Szamosbecs,1,173,0,3,341,342,2,341
['04'],16,Szamoskér,Szamoskér,1,174,0,0,314,315,0,314
['04'],16,Szamossályi,Szamossályi,1,175,0,0,567,570,0,567
['04'],16,Szamosszeg,Szamosszeg,2,176,0,2,1401,1403,0,1401
['05'],16,Szamostatárfalva,Szamostatárfalva,1,177,0,1,252,250,0,252
['04'],16,Szamosújlak,Szamosújlak,1,178,0,4,306,311,0,306
['04'],16,Szatmárcseke,Szatmárcseke,2,179,0,6,1218,1225,0,1218
['03'],16,Székely,Székely,1,180,1,3,776,784,0,777
['04'],16,Tarpa,Tarpa,2,181,1,10,1833,1852,2,1834
['04'],16,Tákos,Tákos,1,182,0,2,287,288,0,287
['06'],16,Terem,Terem,1,183,0,4,534,538,1,534
['05'],16,Tiborszállás,Tiborszállás,1,184,0,1,784,789,0,784
['02'],16,Timár,Timár,1,185,0,2,916,922,2,916
['04'],16,Tiszaadony,Tiszaadony,1,186,0,2,476,481,0,476
['04'],16,Tiszabecs,Tiszabecs,1,187,1,5,995,1003,3,996
['02'],16,Tiszabercel,Tiszabercel,2,188,0,3,1368,1381,0,1368
['04'],16,Tiszabezdéd,Tiszabezdéd,2,189,1,12,1459,1444,1,1460
['04'],16,Tiszacsécse,Tiszacsécse,1,190,0,1,193,195,0,193
['02'],16,Tiszadada,Tiszadada,3,191,0,12,1626,1636,1,1626
['02'],16,Tiszadob,Tiszadob,4,192,1,12,2010,2024,2,2011
['02'],16,Tiszaeszlár,Tiszaeszlár,4,193,1,8,1855,1861,1,1856
['03'],16,Tiszakanyár,Tiszakanyár,2,194,0,2,1170,1173,1,1170
['04'],16,Tiszakerecseny,Tiszakerecseny,1,195,0,1,684,688,0,684
['04'],16,Tiszakóród,Tiszakóród,1,196,0,3,585,589,0,585
['02'],16,Tiszalök,Tiszalök,6,197,2,21,4109,4136,0,4111
['04'],16,Tiszamogyorós,Tiszamogyorós,1,198,0,2,490,496,0,490
['02'],16,Tiszanagyfalu,Tiszanagyfalu,3,199,0,7,1452,1466,1,1452
['03'],16,Tiszarád,Tiszarád,1,200,0,0,403,404,0,403
['04'],16,Tiszaszalka,Tiszaszalka,1,201,0,3,746,755,0,746
['04'],16,Tiszaszentmárton,Tiszaszentmárton,1,202,0,5,916,923,0,916
['03'],16,Tiszatelek,Tiszatelek,2,203,1,4,1042,1046,0,1043
['02'],16,Tiszavasvári,Tiszavasvári,10,204,2,35,9478,9539,5,9480
['04'],16,Tiszavid,Tiszavid,1,205,0,1,383,383,0,383
['04'],16,Tisztaberek,Tisztaberek,1,206,0,1,486,488,0,486
['04'],16,Tivadar,Tivadar,1,207,0,0,149,149,0,149
['03'],16,Tornyospálca,Tornyospálca,3,208,1,12,1898,1916,1,1899
['04'],16,Tunyogmatolcs,Tunyogmatolcs,3,209,0,5,1877,1886,0,1877
['04'],16,Tuzsér,Tuzsér,3,210,0,9,2415,2420,2,2415
['04'],16,Túristvándi,Túristvándi,1,211,0,4,530,537,0,530
['04'],16,Túrricse,Túrricse,1,212,0,1,510,511,0,510
['05'],16,Tyukod,Tyukod,3,213,1,8,1497,1501,0,1498
['05'],16,Ura,Ura,1,214,1,3,471,474,0,472
['04'],16,Uszka,Uszka,1,215,0,0,342,343,0,342
['03'],16,Újdombrád,Újdombrád,1,216,0,2,501,502,0,501
['06'],16,Újfehértó,Újfehértó,8,217,2,42,9894,9957,5,9896
['03'],16,Újkenéz,Újkenéz,1,218,0,2,729,736,0,729
['05'],16,Vaja,Vaja,3,219,4,12,2650,2679,0,2654
['03'],16,Vasmegyer,Vasmegyer,2,220,0,5,1307,1313,1,1307
['06'],16,Vállaj,Vállaj,1,221,2,4,1014,1016,1,1016
['04'],16,Vámosatya,Vámosatya,1,222,0,1,446,448,0,446
['04'],16,Vámosoroszi,Vámosoroszi,1,223,0,1,391,396,0,391
['04'],16,Vásárosnamény,Vásárosnamény,9,224,6,41,6546,6586,5,6552
['04'],16,Zajta,Zajta,1,225,2,2,322,328,0,324
['04'],16,Záhony,Záhony,4,226,5,21,3395,3431,1,3400
['04'],16,Zsarolyán,Zsarolyán,1,227,0,0,334,333,0,334
['04'],16,Zsurk,Zsurk,1,228,1,3,539,543,0,540
['02'],16,Szorgalmatos,Szorgalmatos,1,229,0,2,717,725,0,717
['02'],17,Alsónána,Alsónána,1,001,1,0,530,528,0,531
['01'],17,Alsónyék,Alsónyék,1,002,0,0,563,568,0,563
['02'],17,Aparhant,Aparhant,2,003,0,4,808,819,0,808
['02'],17,Attala,Attala,1,004,0,2,608,608,0,608
['01'],17,Báta,Báta,2,005,0,5,1196,1205,0,1196
['02'],17,Bátaapáti,Bátaapáti,1,006,0,0,309,310,0,309
['01'],17,Bátaszék,Bátaszék,5,007,6,10,5008,5033,5,5014
['03'],17,Belecska,Belecska,1,008,0,3,202,204,0,202
['03'],17,Bikács,Bikács,1,009,0,0,329,328,0,329
['01'],17,Bogyiszló,Bogyiszló,2,010,1,2,1691,1690,0,1692
['02'],17,Bonyhád,Bonyhád,17,011,16,47,9834,9891,13,9850
['02'],17,Bonyhádvarasd,Bonyhádvarasd,1,012,0,3,350,353,0,350
['03'],17,Bölcske,Bölcske,3,013,0,6,2122,2132,4,2122
['02'],17,Cikó,Cikó,1,014,0,1,747,746,0,747
['02'],17,Csibrák,Csibrák,1,015,0,0,203,205,0,203
['02'],17,Csikóstőttős,Csikóstőttős,1,016,1,0,660,660,0,661
['02'],17,Dalmand,Dalmand,1,017,0,1,926,924,0,926
['01'],17,Decs,Decs,4,018,3,17,3147,3163,3,3150
['02'],17,Diósberény,Diósberény,1,019,0,1,254,256,0,254
['02'],17,Dombóvár,Dombóvár,21,020,21,79,14200,14323,17,14221
['02'],17,Döbrököz,Döbrököz,3,021,0,2,1455,1457,0,1455
['03'],17,Dunaföldvár,Dunaföldvár,7,022,8,22,6619,6646,3,6627
['03'],17,Dunaszentgyörgy,Dunaszentgyörgy,3,023,2,4,1958,1966,0,1960
['02'],17,Dúzs,Dúzs,1,024,0,0,199,198,0,199
['02'],17,Értény,Értény,1,025,0,0,524,524,0,524
['01'],17,Fadd,Fadd,4,026,2,17,3192,3211,4,3194
['01'],17,Fácánkert,Fácánkert,1,027,0,5,549,554,1,549
['02'],17,Felsőnána,Felsőnána,1,028,0,1,451,452,0,451
['03'],17,Felsőnyék,Felsőnyék,1,029,1,2,827,826,0,828
['03'],17,Fürged,Fürged,1,030,0,1,499,499,0,499
['03'],17,Gerjen,Gerjen,1,031,1,8,977,989,2,978
['02'],17,Grábóc,Grábóc,1,032,1,1,125,126,1,126
['03'],17,Gyönk,Gyönk,2,033,1,9,1391,1404,1,1392
['02'],17,Györe,Györe,1,034,1,2,504,506,0,505
['03'],17,Györköny,Györköny,1,035,0,7,777,780,4,777
['02'],17,Gyulaj,Gyulaj,1,036,0,0,594,600,0,594
['02'],17,Harc,Harc,1,037,0,4,654,660,1,654
['02'],17,Hőgyész,Hőgyész,3,038,2,9,2157,2163,4,2159
['03'],17,Iregszemcse,Iregszemcse,3,039,0,4,1984,1984,0,1984
['02'],17,Izmény,Izmény,1,040,0,1,346,350,0,346
['02'],17,Jágónak,Jágónak,1,041,0,0,178,177,0,178
['03'],17,Kajdacs,Kajdacs,1,042,0,4,836,846,2,836
['02'],17,Kakasd,Kakasd,2,043,3,3,1299,1306,1,1302
['02'],17,Kalaznó,Kalaznó,1,044,0,0,104,104,0,104
['02'],17,Kapospula,Kapospula,2,045,0,2,672,679,0,672
['02'],17,Kaposszekcső,Kaposszekcső,2,046,1,3,1239,1244,1,1240
['03'],17,Keszőhidegkút,Keszőhidegkút,1,047,0,1,153,153,0,153
['02'],17,Kéty,Kéty,1,048,0,2,534,537,0,534
['02'],17,Kisdorog,Kisdorog,1,049,0,3,559,560,0,559
['02'],17,Kismányok,Kismányok,1,050,0,3,272,276,0,272
['03'],17,Kisszékely,Kisszékely,1,051,1,1,237,241,0,238
['02'],17,Kistormás,Kistormás,1,052,1,1,240,241,0,241
['02'],17,Kisvejke,Kisvejke,1,053,0,0,268,267,0,268
['02'],17,Kocsola,Kocsola,1,054,0,2,898,902,0,898
['02'],17,Koppányszántó,Koppányszántó,1,055,0,1,242,244,0,242
['02'],17,Kölesd,Kölesd,3,056,0,0,1084,1092,0,1084
['02'],17,Kurd,Kurd,1,057,0,2,859,868,1,859
['02'],17,Lápafő,Lápafő,1,058,0,0,102,101,0,102
['02'],17,Lengyel,Lengyel,1,059,0,2,365,371,1,365
['03'],17,Madocsa,Madocsa,2,060,1,5,1495,1501,2,1496
['03'],17,Magyarkeszi,Magyarkeszi,1,061,1,2,801,812,0,802
['01'],17,Medina,Medina,2,062,1,1,595,597,0,596
['03'],17,Miszla,Miszla,1,063,0,1,220,224,0,220
['02'],17,Mórágy,Mórágy,2,064,1,1,566,565,0,567
['02'],17,Mőcsény,Mőcsény,1,065,0,2,264,267,0,264
['02'],17,Mucsfa,Mucsfa,1,066,0,2,276,278,0,276
['02'],17,Mucsi,Mucsi,1,067,0,0,329,328,0,329
['02'],17,Murga,Murga,1,068,0,0,45,45,0,45
['03'],17,Nagydorog,Nagydorog,3,069,3,5,2017,2018,1,2020
['02'],17,Nagykónyi,Nagykónyi,2,070,0,3,796,801,1,796
['02'],17,Nagymányok,Nagymányok,2,071,1,8,1813,1829,4,1814
['03'],17,Nagyszékely,Nagyszékely,1,072,0,3,294,299,0,294
['03'],17,Nagyszokoly,Nagyszokoly,1,073,0,2,636,639,0,636
['02'],17,Nagyvejke,Nagyvejke,1,074,0,2,113,116,2,113
['02'],17,Nak,Nak,1,075,0,0,400,400,0,400
['03'],17,Németkér,Németkér,2,076,1,6,1322,1332,1,1323
['03'],17,Ozora,Ozora,2,077,0,4,1180,1189,1,1180
['01'],17,Őcsény,Őcsény,3,078,0,9,1884,1895,3,1884
['03'],17,Paks,Paks,17,079,33,75,13850,13947,25,13883
['03'],17,Pálfa,Pálfa,3,080,2,1,1091,1091,0,1093
['03'],17,Pincehely,Pincehely,2,081,0,5,1735,1740,0,1735
['01'],17,Pörböly,Pörböly,1,082,0,5,444,450,1,444
['03'],17,Pusztahencse,Pusztahencse,1,083,0,2,746,757,0,746
['03'],17,Regöly,Regöly,1,084,0,4,821,825,0,821
['01'],17,Sárpilis,Sárpilis,1,085,1,0,431,428,0,432
['03'],17,Sárszentlőrinc,Sárszentlőrinc,3,086,1,2,798,803,1,799
['03'],17,Simontornya,Simontornya,3,087,7,16,3034,3057,3,3041
['01'],17,Sióagárd,Sióagárd,2,088,2,3,1027,1031,1,1029
['02'],17,Szakadát,Szakadát,1,089,0,0,152,152,0,152
['02'],17,Szakály,Szakály,2,090,2,3,1017,1025,0,1019
['02'],17,Szakcs,Szakcs,1,091,0,1,609,610,0,609
['02'],17,Szálka,Szálka,1,092,2,5,517,523,3,519
['03'],17,Szárazd,Szárazd,1,093,0,0,164,164,0,164
['01'],17,Szedres,Szedres,3,094,0,4,1663,1676,0,1663
['01'],17,Szekszárd,Szekszárd,39,095,47,139,24168,24378,44,24215
['03'],17,Tamási,Tamási,9,096,5,32,6192,6239,4,6197
['01'],17,Tengelic,Tengelic,3,097,0,3,1727,1730,0,1727
['02'],17,Tevel,Tevel,2,098,0,5,1040,1048,2,1040
['01'],17,Tolna,Tolna,8,099,4,34,8843,8894,8,8847
['03'],17,Tolnanémedi,Tolnanémedi,1,100,1,4,776,778,0,777
['03'],17,Udvari,Udvari,1,101,2,1,223,225,0,225
['02'],17,Újireg,Újireg,1,102,1,0,198,198,0,199
['02'],17,Varsád,Varsád,1,103,0,1,268,269,0,268
['02'],17,Váralja,Váralja,1,104,0,0,618,618,0,618
['01'],17,Várdomb,Várdomb,1,105,1,4,910,917,1,911
['02'],17,Várong,Várong,1,106,1,2,99,101,0,100
['02'],17,Závod,Závod,1,107,0,2,201,203,0,201
['02'],17,Zomba,Zomba,4,108,1,5,1613,1621,3,1614
['03'],17,Pári,Pári,1,109,0,3,467,470,0,467
['02'],18,Acsád,Acsád,1,001,0,0,511,513,0,511
['03'],18,Alsószölnök,Alsószölnök,1,002,2,1,287,288,0,289
['03'],18,Alsóújlak,Alsóújlak,1,003,0,0,454,453,0,454
['03'],18,Andrásfa,Andrásfa,1,004,0,0,202,205,0,202
['03'],18,Apátistvánfalva,Apátistvánfalva,1,005,0,0,310,311,0,310
['03'],18,Bajánsenye,Bajánsenye,1,006,0,1,396,398,0,396
['01'],18,Balogunyom,Balogunyom,1,007,1,2,929,931,1,930
['03'],18,Bejcgyertyános,Bejcgyertyános,1,008,0,0,353,353,0,353
['03'],18,Bérbaltavár,Bérbaltavár,1,009,0,1,389,389,0,389
['03'],18,Boba,Boba,1,010,1,3,639,641,0,640
['03'],18,Borgáta,Borgáta,1,011,0,0,134,134,0,134
['02'],18,Bozsok,Bozsok,1,012,2,0,310,308,0,312
['02'],18,Bozzai,Bozzai,1,013,0,0,239,238,0,239
['02'],18,Bögöt,Bögöt,1,014,0,0,310,311,0,310
['03'],18,Bögöte,Bögöte,1,015,0,1,268,269,0,268
['02'],18,Bő,Bő,1,016,1,1,556,558,0,557
['01'],18,Bucsu,Bucsu,1,017,0,1,483,484,0,483
['02'],18,Bük,Bük,4,018,23,15,2748,2772,7,2771
['02'],18,Cák,Cák,1,019,3,2,241,244,0,244
['02'],18,Celldömölk,Celldömölk,9,020,6,29,8091,8138,4,8097
['02'],18,Chernelházadamonya,Chernelházadamonya,1,021,0,0,165,162,0,165
['03'],18,Csákánydoroszló,Csákánydoroszló,2,022,1,2,1241,1248,0,1242
['02'],18,Csánig,Csánig,1,023,0,0,304,299,0,304
['03'],18,Csehi,Csehi,1,024,0,0,203,203,0,203
['03'],18,Csehimindszent,Csehimindszent,1,025,0,0,268,267,0,268
['03'],18,Csempeszkopács,Csempeszkopács,1,026,0,1,278,279,1,278
['02'],18,Csepreg,Csepreg,3,027,5,11,2544,2553,2,2549
['02'],18,Csénye,Csénye,1,028,0,4,568,574,0,568
['03'],18,Csipkerek,Csipkerek,1,029,1,0,289,290,0,290
['02'],18,Csönge,Csönge,1,030,0,1,282,284,0,282
['03'],18,Csörötnek,Csörötnek,1,031,0,3,658,663,0,658
['03'],18,Daraboshegy,Daraboshegy,1,032,0,0,82,82,0,82
['01'],18,Dozmat,Dozmat,1,033,0,0,262,262,0,262
['03'],18,Döbörhegy,Döbörhegy,1,034,0,0,128,128,0,128
['03'],18,Döröske,Döröske,1,035,1,0,98,99,0,99
['03'],18,Duka,Duka,1,036,1,3,201,203,0,202
['03'],18,Egervölgy,Egervölgy,1,037,0,0,287,288,0,287
['03'],18,Egyházashetye,Egyházashetye,1,038,0,0,237,238,0,237
['03'],18,Egyházashollós,Egyházashollós,1,039,2,1,451,452,0,453
['03'],18,Egyházasrádóc,Egyházasrádóc,1,040,3,4,1085,1087,1,1088
['01'],18,Felsőcsatár,Felsőcsatár,1,041,0,2,408,411,1,408
['03'],18,Felsőjánosfa,Felsőjánosfa,1,042,0,0,156,154,0,156
['03'],18,Felsőmarác,Felsőmarác,1,043,0,2,212,213,0,212
['03'],18,Felsőszölnök,Felsőszölnök,1,044,0,1,451,451,0,451
['03'],18,Gasztony,Gasztony,1,045,1,2,363,365,0,364
['02'],18,Gencsapáti,Gencsapáti,2,046,1,18,2168,2183,7,2169
['03'],18,Gersekarát,Gersekarát,1,047,0,2,558,558,2,558
['03'],18,Gérce,Gérce,1,048,1,1,890,889,0,891
['02'],18,Gór,Gór,1,049,1,0,255,255,0,256
['03'],18,Gyanógeregye,Gyanógeregye,1,050,0,0,131,131,0,131
['02'],18,Gyöngyösfalu,Gyöngyösfalu,1,051,1,3,915,922,1,916
['03'],18,Győrvár,Győrvár,1,052,0,0,513,512,0,513
['03'],18,Halastó,Halastó,1,053,0,0,61,61,0,61
['03'],18,Halogy,Halogy,1,054,0,2,196,198,1,196
['03'],18,Harasztifalu,Harasztifalu,1,055,0,1,154,156,0,154
['02'],18,Hegyfalu,Hegyfalu,1,056,0,4,586,590,0,586
['03'],18,Hegyháthodász,Hegyháthodász,1,057,0,1,120,121,0,120
['03'],18,Hegyhátsál,Hegyhátsál,1,058,0,0,107,108,0,107
['03'],18,Hegyhátszentjakab,Hegyhátszentjakab,1,059,1,1,234,236,0,235
['03'],18,Hegyhátszentmárton,Hegyhátszentmárton,1,060,0,0,55,54,0,55
['03'],18,Hegyhátszentpéter,Hegyhátszentpéter,1,061,0,2,110,112,0,110
['01'],18,Horvátlövő,Horvátlövő,1,062,0,1,143,145,0,143
['02'],18,Horvátzsidány,Horvátzsidány,1,063,2,4,619,626,0,621
['03'],18,Hosszúpereszteg,Hosszúpereszteg,1,064,1,1,534,536,1,535
['03'],18,Ikervár,Ikervár,2,065,0,4,1354,1360,2,1354
['02'],18,Iklanberény,Iklanberény,1,066,0,1,40,41,0,40
['03'],18,Ispánk,Ispánk,1,067,0,0,82,83,0,82
['03'],18,Ivánc,Ivánc,1,068,1,1,392,394,1,393
['03'],18,Ják,Ják,2,069,1,2,2107,2112,0,2108
['02'],18,Jákfa,Jákfa,1,070,0,1,406,407,1,406
['03'],18,Jánosháza,Jánosháza,3,071,2,13,1912,1929,0,1914
['03'],18,Karakó,Karakó,1,072,0,0,159,159,0,159
['03'],18,Katafa,Katafa,1,073,2,0,273,276,0,275
['03'],18,Káld,Káld,1,074,0,0,829,834,0,829
['03'],18,Kám,Kám,1,075,0,1,368,372,0,368
['03'],18,Keléd,Keléd,1,076,0,0,69,70,0,69
['03'],18,Kemeneskápolna,Kemeneskápolna,1,077,0,0,79,79,0,79
['02'],18,Kemenesmagasi,Kemenesmagasi,1,078,0,0,705,707,0,705
['02'],18,Kemenesmihályfa,Kemenesmihályfa,1,079,0,4,405,410,0,405
['03'],18,Kemenespálfa,Kemenespálfa,1,080,0,0,324,324,0,324
['02'],18,Kemenessömjén,Kemenessömjén,1,081,0,3,424,429,2,424
['02'],18,Kemenesszentmárton,Kemenesszentmárton,1,082,0,0,173,173,0,173
['03'],18,Kemestaródfa,Kemestaródfa,1,083,0,1,185,185,1,185
['03'],18,Kenéz,Kenéz,1,084,0,2,217,219,0,217
['02'],18,Kenyeri,Kenyeri,1,085,0,2,671,674,1,671
['03'],18,Kercaszomor,Kercaszomor,1,086,0,1,183,184,0,183
['03'],18,Kerkáskápolna,Kerkáskápolna,1,087,0,0,59,59,0,59
['03'],18,Kétvölgy,Kétvölgy,1,088,0,0,102,102,0,102
['03'],18,Kisrákos,Kisrákos,1,089,0,1,141,144,1,141
['03'],18,Kissomlyó,Kissomlyó,1,090,0,0,185,186,0,185
['03'],18,Kisunyom,Kisunyom,1,091,1,1,373,373,0,374
['02'],18,Kiszsidány,Kiszsidány,1,092,0,1,77,78,0,77
['03'],18,Kondorfa,Kondorfa,1,093,1,2,404,407,0,405
['03'],18,Köcsk,Köcsk,1,094,0,0,228,228,0,228
['03'],18,Körmend,Körmend,10,095,17,31,8565,8601,4,8582
['02'],18,Kőszeg,Kőszeg,9,096,34,47,9050,9119,12,9084
['02'],18,Kőszegdoroszló,Kőszegdoroszló,1,097,0,0,239,239,0,239
['02'],18,Kőszegpaty,Kőszegpaty,1,098,0,0,162,162,0,162
['02'],18,Kőszegszerdahely,Kőszegszerdahely,1,099,2,5,460,457,1,462
['02'],18,Lócs,Lócs,1,100,0,0,90,94,0,90
['02'],18,Lukácsháza,Lukácsháza,1,101,0,6,882,889,2,882
['03'],18,Magyarlak,Magyarlak,1,102,0,2,632,634,0,632
['03'],18,Magyarnádalja,Magyarnádalja,1,103,0,0,211,210,0,211
['03'],18,Magyarszecsőd,Magyarszecsőd,1,104,1,1,338,340,0,339
['03'],18,Magyarszombatfa,Magyarszombatfa,1,105,2,1,203,205,0,205
['03'],18,Meggyeskovácsi,Meggyeskovácsi,1,106,1,1,568,567,0,569
['03'],18,Megyehíd,Megyehíd,1,107,0,1,265,266,0,265
['02'],18,Mersevát,Mersevát,1,108,1,1,474,478,1,475
['02'],18,Mesterháza,Mesterháza,1,109,0,0,129,129,0,129
['02'],18,Mesteri,Mesteri,1,110,0,0,178,177,0,178
['02'],18,Meszlen,Meszlen,1,111,1,0,173,170,0,174
['03'],18,Mikosszéplak,Mikosszéplak,1,112,0,0,244,242,0,244
['03'],18,Molnaszecsőd,Molnaszecsőd,1,113,0,1,348,348,0,348
['02'],18,Nagygeresd,Nagygeresd,1,114,0,0,204,205,0,204
['03'],18,Nagykölked,Nagykölked,1,115,0,0,129,128,0,129
['03'],18,Nagymizdó,Nagymizdó,1,116,0,0,98,98,0,98
['03'],18,Nagyrákos,Nagyrákos,1,117,3,2,197,199,0,200
['02'],18,Nagysimonyi,Nagysimonyi,1,118,0,3,752,762,1,752
['03'],18,Nagytilaj,Nagytilaj,1,119,0,0,106,106,0,106
['01'],18,Narda,Narda,1,120,0,0,374,375,0,374
['03'],18,Nádasd,Nádasd,1,121,1,7,1101,1109,0,1102
['01'],18,Nárai,Nárai,1,122,2,3,1159,1162,0,1161
['02'],18,Nemesbőd,Nemesbőd,1,123,2,3,514,518,2,516
['02'],18,Nemescsó,Nemescsó,1,124,0,2,258,260,0,258
['03'],18,Nemeskeresztúr,Nemeskeresztúr,1,125,0,1,233,234,0,233
['03'],18,Nemeskocs,Nemeskocs,1,126,0,1,265,266,0,265
['03'],18,Nemeskolta,Nemeskolta,1,127,0,3,300,303,2,300
['02'],18,Nemesládony,Nemesládony,1,128,2,0,121,121,0,123
['03'],18,Nemesmedves,Nemesmedves,1,129,0,0,24,24,0,24
['03'],18,Nemesrempehollós,Nemesrempehollós,1,130,0,0,221,221,0,221
['02'],18,Nick,Nick,1,131,0,1,448,442,0,448
['03'],18,Nyőgér,Nyőgér,1,132,0,5,278,283,1,278
['03'],18,Olaszfa,Olaszfa,1,133,0,1,314,317,0,314
['03'],18,Orfalu,Orfalu,1,134,1,0,61,60,0,62
['02'],18,Ostffyasszonyfa,Ostffyasszonyfa,1,135,0,0,623,622,0,623
['03'],18,Oszkó,Oszkó,1,136,0,0,503,502,0,503
['02'],18,Ólmod,Ólmod,1,137,0,1,83,81,0,83
['02'],18,Ölbő,Ölbő,1,138,0,2,540,545,0,540
['03'],18,Őrimagyarósd,Őrimagyarósd,1,139,0,0,161,164,0,161
['03'],18,Őriszentpéter,Őriszentpéter,1,140,6,6,912,920,3,918
['03'],18,Pankasz,Pankasz,1,141,1,3,347,350,0,348
['03'],18,Pácsony,Pácsony,1,142,0,0,230,233,0,230
['02'],18,Pápoc,Pápoc,1,143,1,1,231,230,0,232
['03'],18,Pecöl,Pecöl,1,144,0,3,627,632,3,627
['02'],18,Perenye,Perenye,1,145,0,0,530,528,0,530
['02'],18,Peresznye,Peresznye,1,146,2,3,357,363,0,359
['03'],18,Petőmihályfa,Petőmihályfa,1,147,0,0,173,173,0,173
['03'],18,Pinkamindszent,Pinkamindszent,1,148,0,0,141,141,0,141
['01'],18,Pornóapáti,Pornóapáti,1,149,1,2,278,282,0,279
['02'],18,Porpác,Porpác,1,150,0,1,124,125,0,124
['02'],18,Pósfa,Pósfa,1,151,1,0,214,213,0,215
['02'],18,Pusztacsó,Pusztacsó,1,152,0,0,123,123,0,123
['03'],18,Püspökmolnári,Püspökmolnári,1,153,0,6,696,701,0,696
['03'],18,Rábagyarmat,Rábagyarmat,1,154,0,1,592,594,1,592
['03'],18,Rábahídvég,Rábahídvég,1,155,1,2,733,734,1,734
['02'],18,Rábapaty,Rábapaty,2,156,1,2,1401,1403,0,1402
['03'],18,Rábatöttös,Rábatöttös,1,157,0,1,177,179,0,177
['03'],18,Rádóckölked,Rádóckölked,1,158,1,5,245,251,3,246
['03'],18,Rátót,Rátót,1,159,1,6,185,192,6,186
['02'],18,Répcelak,Répcelak,3,160,4,6,2080,2087,2,2084
['02'],18,Répceszentgyörgy,Répceszentgyörgy,1,161,0,0,105,105,0,105
['03'],18,Rönök,Rönök,1,162,0,1,311,311,0,311
['03'],18,Rum,Rum,1,163,1,5,980,981,0,981
['02'],18,Sajtoskál,Sajtoskál,1,164,0,1,245,246,0,245
['02'],18,Salköveskút,Salköveskút,1,165,1,2,389,390,1,390
['03'],18,Sárfimizdó,Sárfimizdó,1,166,0,0,68,71,0,68
['02'],18,Sárvár,Sárvár,18,167,13,41,11061,11118,10,11074
['01'],18,Sé,Sé,1,168,5,7,1092,1096,3,1097
['02'],18,Simaság,Simaság,1,169,0,2,419,422,0,419
['02'],18,Sitke,Sitke,1,170,0,0,575,575,0,575
['03'],18,Sorkifalud,Sorkifalud,1,171,1,2,521,521,0,522
['03'],18,Sorkikápolna,Sorkikápolna,1,172,0,0,200,200,0,200
['03'],18,Sorokpolány,Sorokpolány,1,173,0,6,640,646,2,640
['03'],18,Sótony,Sótony,1,174,2,3,520,524,0,522
['02'],18,Söpte,Söpte,1,175,3,0,638,637,0,641
['03'],18,Szaknyér,Szaknyér,1,176,0,1,45,48,0,45
['03'],18,Szakonyfalu,Szakonyfalu,1,177,1,0,299,299,0,300
['03'],18,Szalafő,Szalafő,1,178,2,2,192,195,0,194
['03'],18,Szarvaskend,Szarvaskend,1,179,0,1,188,189,0,188
['03'],18,Szatta,Szatta,1,180,0,0,54,54,0,54
['02'],18,Szeleste,Szeleste,1,181,2,1,536,538,0,538
['03'],18,Szemenye,Szemenye,1,182,0,1,264,267,0,264
['03'],18,Szentgotthárd,Szentgotthárd,13,183,30,20,6275,6311,3,6305
['03'],18,Szentpéterfa,Szentpéterfa,1,184,1,2,811,814,0,812
['02'],18,Szergény,Szergény,1,185,0,0,228,231,0,228
['01'],18,Szombathely,Szombathely,74,186,203,255,60101,60478,76,60304
['03'],18,Szőce,Szőce,1,187,0,0,263,261,0,263
['03'],18,Tanakajd,Tanakajd,1,188,0,1,645,648,0,645
['03'],18,Táplánszentkereszt,Táplánszentkereszt,2,189,2,4,2119,2121,1,2121
['03'],18,Telekes,Telekes,1,190,0,2,361,365,0,361
['02'],18,Tokorcs,Tokorcs,1,191,0,3,298,298,2,298
['02'],18,Tompaládony,Tompaládony,1,192,0,0,251,250,0,251
['02'],18,Tormásliget,Tormásliget,1,193,0,0,245,242,0,245
['01'],18,Torony,Torony,2,194,8,7,1575,1583,3,1583
['02'],18,Tömörd,Tömörd,1,195,1,1,238,238,0,239
['02'],18,Uraiújfalu,Uraiújfalu,2,196,1,2,690,694,0,691
['03'],18,Vasalja,Vasalja,1,197,0,1,258,259,0,258
['02'],18,Vasasszonyfa,Vasasszonyfa,1,198,1,1,347,348,0,348
['02'],18,Vasegerszeg,Vasegerszeg,1,199,0,1,286,286,0,286
['03'],18,Vashosszúfalu,Vashosszúfalu,1,200,0,1,297,298,0,297
['01'],18,Vaskeresztes,Vaskeresztes,1,201,1,2,267,268,0,268
['02'],18,Vassurány,Vassurány,1,202,1,1,604,605,0,605
['03'],18,Vasszentmihály,Vasszentmihály,1,203,0,1,287,281,0,287
['03'],18,Vasszécseny,Vasszécseny,2,204,0,2,1083,1088,0,1083
['02'],18,Vasszilvágy,Vasszilvágy,1,205,1,0,332,332,0,333
['03'],18,Vasvár,Vasvár,7,206,7,15,3300,3322,2,3307
['02'],18,Vámoscsalád,Vámoscsalád,1,207,0,1,244,245,0,244
['03'],18,Vásárosmiske,Vásárosmiske,1,208,0,0,288,288,0,288
['02'],18,Vát,Vát,1,209,1,2,544,548,0,545
['02'],18,Velem,Velem,1,210,1,3,326,330,2,327
['03'],18,Velemér,Velemér,1,211,1,0,66,67,0,67
['02'],18,Vép,Vép,4,212,0,6,2669,2684,2,2669
['03'],18,Viszák,Viszák,1,213,0,0,208,207,0,208
['02'],18,Vönöck,Vönöck,1,214,1,1,582,584,0,583
['03'],18,Zsennye,Zsennye,1,215,0,1,82,83,0,82
['02'],18,Zsédeny,Zsédeny,1,216,0,0,183,184,0,183
['04'],19,Adásztevel,Adásztevel,1,001,1,2,634,634,0,635
['04'],19,Adorjánháza,Adorjánháza,1,002,1,1,304,304,0,305
['03'],19,Ajka,Ajka,29,003,30,103,21971,22100,25,22001
['02'],19,Alsóörs,Alsóörs,2,004,8,16,1691,1699,5,1699
['04'],19,Apácatorna,Apácatorna,1,005,0,0,133,134,0,133
['02'],19,Aszófő,Aszófő,1,006,1,2,380,379,0,381
['03'],19,Ábrahámhegy,Ábrahámhegy,1,007,7,3,515,514,0,522
['03'],19,Badacsonytomaj,Badacsonytomaj,3,008,7,16,1766,1781,7,1773
['03'],19,Badacsonytördemic,Badacsonytördemic,1,009,4,7,734,741,4,738
['04'],19,Bakonybél,Bakonybél,1,010,3,3,928,926,1,931
['04'],19,Bakonyjákó,Bakonyjákó,1,011,0,3,582,588,0,582
['04'],19,Bakonykoppány,Bakonykoppány,1,012,0,0,167,168,0,167
['01'],19,Bakonynána,Bakonynána,1,013,0,3,785,787,1,785
['04'],19,Bakonyoszlop,Bakonyoszlop,1,014,0,1,348,351,0,348
['04'],19,Bakonypölöske,Bakonypölöske,1,015,1,1,336,338,0,337
['04'],19,Bakonyság,Bakonyság,1,016,0,0,43,43,0,43
['04'],19,Bakonyszentiván,Bakonyszentiván,1,017,0,0,158,157,0,158
['04'],19,Bakonyszentkirály,Bakonyszentkirály,1,018,0,7,662,671,2,662
['04'],19,Bakonyszücs,Bakonyszücs,1,019,0,0,210,209,0,210
['04'],19,Bakonytamási,Bakonytamási,1,020,0,0,477,478,0,477
['02'],19,Balatonakali,Balatonakali,1,021,6,3,606,611,2,612
['02'],19,Balatonalmádi,Balatonalmádi,8,022,36,60,8200,8277,19,8236
['02'],19,Balatoncsicsó,Balatoncsicsó,1,023,0,3,203,204,1,203
['03'],19,Balatonederics,Balatonederics,1,024,1,10,865,874,2,866
['02'],19,Balatonfőkajár,Balatonfőkajár,1,025,1,9,1095,1097,0,1096
['02'],19,Balatonfüred,Balatonfüred,8,026,63,95,10863,10956,28,10926
['02'],19,Balatonfűzfő,Balatonfűzfő,5,027,14,35,3693,3724,10,3707
['02'],19,Balatonhenye,Balatonhenye,1,028,1,1,121,121,1,122
['02'],19,Balatonkenese,Balatonkenese,3,029,9,27,2213,2236,9,2222
['03'],19,Balatonrendes,Balatonrendes,1,030,3,2,170,169,0,173
['02'],19,Balatonszepezd,Balatonszepezd,1,031,1,8,420,429,2,421
['02'],19,Balatonszőlős,Balatonszőlős,1,032,0,4,522,525,2,522
['02'],19,Balatonudvari,Balatonudvari,1,033,2,10,335,340,1,337
['02'],19,Barnag,Barnag,1,035,0,1,98,100,0,98
['03'],19,Bazsi,Bazsi,1,036,0,0,344,343,0,344
['01'],19,Bánd,Bánd,1,037,3,1,568,570,0,571
['02'],19,Berhida,Berhida,6,038,1,11,4567,4580,2,4568
['04'],19,Béb,Béb,1,039,0,0,211,211,0,211
['04'],19,Békás,Békás,1,040,0,1,164,165,0,164
['03'],19,Bodorfa,Bodorfa,1,041,0,0,74,74,0,74
['04'],19,Borszörcsök,Borszörcsök,1,042,3,0,296,296,0,299
['04'],19,Borzavár,Borzavár,1,043,1,5,623,626,2,624
['03'],19,Csabrendek,Csabrendek,5,044,1,10,2307,2317,2,2308
['02'],19,Csajág,Csajág,1,045,2,6,665,671,0,667
['01'],19,Csehbánya,Csehbánya,1,046,2,0,249,248,0,251
['04'],19,Csesznek,Csesznek,1,047,1,3,401,405,0,402
['01'],19,Csetény,Csetény,2,048,1,3,1489,1495,1,1490
['02'],19,Csopak,Csopak,2,049,7,11,1776,1784,3,1783
['04'],19,Csót,Csót,1,050,1,2,735,740,0,736
['04'],19,Csögle,Csögle,1,051,2,2,494,500,0,496
['03'],19,Dabronc,Dabronc,1,052,1,4,333,338,0,334
['04'],19,Dabrony,Dabrony,1,053,2,1,323,321,0,325
['04'],19,Dáka,Dáka,1,054,0,2,355,356,0,355
['04'],19,Devecser,Devecser,4,055,0,11,3503,3519,5,3503
['04'],19,Doba,Doba,1,056,0,1,378,379,1,378
['04'],19,Döbrönte,Döbrönte,1,057,0,1,222,225,0,222
['02'],19,Dörgicse,Dörgicse,1,058,0,1,240,238,0,240
['01'],19,Dudar,Dudar,2,059,0,8,1384,1399,1,1384
['04'],19,Egeralja,Egeralja,1,060,1,0,189,190,0,190
['04'],19,Egyházaskesző,Egyházaskesző,1,061,0,2,386,390,0,386
['01'],19,Eplény,Eplény,1,062,1,2,469,471,0,470
['04'],19,Farkasgyepű,Farkasgyepű,1,063,0,0,325,327,0,325
['02'],19,Felsőörs,Felsőörs,2,064,3,6,1614,1618,3,1617
['04'],19,Ganna,Ganna,1,065,0,2,212,215,0,212
['04'],19,Gecse,Gecse,1,066,0,1,311,312,0,311
['04'],19,Gic,Gic,1,067,0,1,279,280,0,279
['03'],19,Gógánfa,Gógánfa,1,068,0,4,578,583,0,578
['03'],19,Gyepükaján,Gyepükaján,1,069,0,0,276,276,0,276
['03'],19,Gyulakeszi,Gyulakeszi,1,070,1,3,570,572,1,571
['01'],19,Hajmáskér,Hajmáskér,3,071,2,12,2442,2459,0,2444
['03'],19,Halimba,Halimba,1,072,0,1,945,945,0,945
['01'],19,Hárskút,Hárskút,1,073,3,5,564,569,1,567
['03'],19,Hegyesd,Hegyesd,1,074,2,2,144,144,0,146
['03'],19,Hegymagas,Hegymagas,1,075,0,0,222,221,0,222
['01'],19,Herend,Herend,4,076,5,18,2938,2959,5,2943
['03'],19,Hetyefő,Hetyefő,1,077,0,1,79,80,0,79
['02'],19,Hidegkút,Hidegkút,1,078,1,1,377,379,0,378
['04'],19,Homokbödöge,Homokbödöge,1,079,1,1,536,539,0,537
['03'],19,Hosztót,Hosztót,1,080,0,1,58,59,0,58
['04'],19,Iszkáz,Iszkáz,1,081,0,2,286,291,0,286
['01'],19,Jásd,Jásd,1,082,2,2,564,566,0,566
['04'],19,Kamond,Kamond,1,083,0,0,277,279,0,277
['03'],19,Kapolcs,Kapolcs,1,084,1,3,339,343,0,340
['04'],19,Karakószörcsök,Karakószörcsök,1,085,0,0,217,218,0,217
['03'],19,Káptalanfa,Káptalanfa,1,086,0,2,631,634,1,631
['03'],19,Káptalantóti,Káptalantóti,1,087,2,2,402,406,1,404
['04'],19,Kemeneshőgyész,Kemeneshőgyész,1,088,0,2,370,371,1,370
['04'],19,Kemenesszentpéter,Kemenesszentpéter,1,089,1,1,520,522,0,521
['04'],19,Kerta,Kerta,1,090,0,1,427,428,0,427
['03'],19,Kékkút,Kékkút,1,091,0,0,51,51,0,51
['01'],19,Királyszentistván,Királyszentistván,1,092,0,1,384,388,0,384
['03'],19,Kisapáti,Kisapáti,1,093,0,2,287,293,1,287
['04'],19,Kisberzseny,Kisberzseny,1,094,0,1,75,78,0,75
['04'],19,Kiscsősz,Kiscsősz,1,095,0,0,87,88,0,87
['01'],19,Kislőd,Kislőd,1,096,1,2,989,992,1,990
['04'],19,Kispirit,Kispirit,1,097,0,0,59,60,0,59
['04'],19,Kisszőlős,Kisszőlős,1,098,0,0,95,95,0,95
['04'],19,Kolontár,Kolontár,1,099,0,4,547,551,1,547
['02'],19,Köveskál,Köveskál,1,100,3,3,282,283,1,285
['03'],19,Kővágóörs,Kővágóörs,1,101,1,9,568,576,2,569
['04'],19,Kup,Kup,1,102,0,0,363,366,0,363
['04'],19,Külsővat,Külsővat,1,103,0,2,557,552,1,557
['02'],19,Küngös,Küngös,1,104,1,2,435,439,0,436
['03'],19,Lesencefalu,Lesencefalu,1,105,0,0,250,250,0,250
['03'],19,Lesenceistvánd,Lesenceistvánd,1,106,0,1,777,781,0,777
['03'],19,Lesencetomaj,Lesencetomaj,1,107,0,3,731,736,0,731
['02'],19,Litér,Litér,2,108,1,4,1797,1802,0,1798
['02'],19,Lovas,Lovas,1,109,2,3,455,458,0,457
['04'],19,Lovászpatona,Lovászpatona,1,110,0,5,945,948,2,945
['01'],19,Lókút,Lókút,1,111,1,1,384,385,0,385
['04'],19,Magyargencs,Magyargencs,1,112,0,1,397,397,0,397
['04'],19,Magyarpolány,Magyarpolány,1,113,1,5,1078,1083,4,1079
['04'],19,Malomsok,Malomsok,1,114,0,1,423,424,0,423
['04'],19,Marcalgergelyi,Marcalgergelyi,1,115,1,0,299,300,0,300
['04'],19,Marcaltő,Marcaltő,2,116,0,0,628,628,0,628
['01'],19,Márkó,Márkó,2,117,4,10,1399,1406,3,1403
['03'],19,Megyer,Megyer,1,118,0,0,25,25,0,25
['02'],19,Mencshely,Mencshely,1,119,0,1,239,237,0,239
['04'],19,Mezőlak,Mezőlak,1,120,0,2,753,757,0,753
['04'],19,Mihályháza,Mihályháza,1,121,0,1,596,598,0,596
['03'],19,Mindszentkálla,Mindszentkálla,1,122,2,1,204,203,0,206
['03'],19,Monostorapáti,Monostorapáti,1,123,1,3,899,904,0,900
['02'],19,Monoszló,Monoszló,1,124,1,2,95,99,0,96
['04'],19,Nagyacsád,Nagyacsád,1,125,0,1,517,514,0,517
['04'],19,Nagyalásony,Nagyalásony,1,126,0,2,413,416,1,413
['04'],19,Nagydém,Nagydém,1,127,0,0,254,254,0,254
['04'],19,Nagyesztergár,Nagyesztergár,1,128,0,3,943,949,0,943
['04'],19,Nagygyimót,Nagygyimót,1,129,2,2,442,444,0,444
['04'],19,Nagypirit,Nagypirit,1,130,0,1,199,200,0,199
['04'],19,Nagytevel,Nagytevel,1,131,0,1,420,421,0,420
['03'],19,Nagyvázsony,Nagyvázsony,2,132,2,7,1446,1454,1,1448
['04'],19,Nemesgörzsöny,Nemesgörzsöny,1,133,3,1,526,529,1,529
['03'],19,Nemesgulács,Nemesgulács,1,134,2,5,788,798,2,790
['03'],19,Nemeshany,Nemeshany,1,135,0,1,291,294,0,291
['04'],19,Nemesszalók,Nemesszalók,1,136,0,3,692,691,0,692
['01'],19,Nemesvámos,Nemesvámos,3,137,5,7,2438,2448,4,2443
['03'],19,Nemesvita,Nemesvita,1,138,0,1,278,282,0,278
['04'],19,Németbánya,Németbánya,1,139,0,1,106,106,0,106
['04'],19,Noszlop,Noszlop,1,140,0,1,799,803,0,799
['04'],19,Nóráp,Nóráp,1,141,4,0,155,154,0,159
['04'],19,Nyárád,Nyárád,1,142,0,1,711,713,0,711
['03'],19,Nyirád,Nyirád,2,143,3,7,1477,1484,1,1480
['01'],19,Olaszfalu,Olaszfalu,1,144,2,4,838,845,0,840
['04'],19,Oroszi,Oroszi,1,145,0,1,111,113,1,111
['02'],19,Óbudavár,Óbudavár,1,146,0,0,49,48,0,49
['03'],19,Öcs,Öcs,1,147,0,1,168,170,0,168
['02'],19,Örvényes,Örvényes,1,148,0,0,143,145,0,143
['01'],19,Öskü,Öskü,2,149,1,6,1822,1833,1,1823
['02'],19,Ősi,Ősi,2,150,3,12,1600,1612,4,1603
['02'],19,Paloznak,Paloznak,1,151,3,7,513,521,2,516
['02'],19,Papkeszi,Papkeszi,2,152,1,4,1220,1226,3,1221
['04'],19,Pápa,Pápa,31,153,45,103,22489,22651,18,22534
['04'],19,Pápadereske,Pápadereske,1,154,0,0,229,229,0,229
['04'],19,Pápakovácsi,Pápakovácsi,1,155,1,0,467,467,0,468
['04'],19,Pápasalamon,Pápasalamon,1,156,0,0,277,277,0,277
['04'],19,Pápateszér,Pápateszér,1,157,0,0,961,962,0,961
['02'],19,Pécsely,Pécsely,1,158,3,0,502,502,0,505
['04'],19,Pénzesgyőr,Pénzesgyőr,1,159,0,2,271,272,0,271
['02'],19,Pétfürdő,Pétfürdő,4,160,3,9,3616,3637,2,3619
['04'],19,Porva,Porva,1,161,2,3,381,385,1,383
['03'],19,Pula,Pula,1,162,0,0,144,144,0,144
['03'],19,Pusztamiske,Pusztamiske,1,163,0,1,309,309,0,309
['03'],19,Raposka,Raposka,1,164,0,2,212,216,1,212
['03'],19,Révfülöp,Révfülöp,1,165,5,15,1003,1015,2,1008
['03'],19,Rigács,Rigács,1,166,0,0,157,155,0,157
['03'],19,Salföld,Salföld,1,167,0,0,70,70,0,70
['03'],19,Sáska,Sáska,1,168,0,0,230,230,0,230
['04'],19,Somlójenő,Somlójenő,1,169,1,3,238,241,1,239
['04'],19,Somlószőlős,Somlószőlős,1,170,1,3,540,545,1,541
['04'],19,Somlóvásárhely,Somlóvásárhely,1,171,2,5,832,837,2,834
['04'],19,Somlóvecse,Somlóvecse,1,172,1,0,74,74,0,75
['01'],19,Sóly,Sóly,1,173,1,1,461,461,0,462
['03'],19,Sümeg,Sümeg,7,174,7,25,4653,4684,4,4660
['03'],19,Sümegprága,Sümegprága,1,175,0,4,489,493,2,489
['01'],19,Szápár,Szápár,1,176,0,4,398,402,0,398
['02'],19,Szentantalfa,Szentantalfa,1,177,0,2,374,375,0,374
['03'],19,Szentbékkálla,Szentbékkálla,1,178,0,0,180,181,0,180
['01'],19,Szentgál,Szentgál,3,179,3,6,2180,2184,0,2183
['03'],19,Szentimrefalva,Szentimrefalva,1,180,0,1,148,152,1,148
['02'],19,Szentjakabfa,Szentjakabfa,1,181,0,0,98,98,0,98
['02'],19,Szentkirályszabadja,Szentkirályszabadja,2,182,2,3,1750,1747,0,1752
['03'],19,Szigliget,Szigliget,1,183,0,5,792,795,0,792
['03'],19,Szőc,Szőc,1,184,0,0,328,326,0,328
['02'],19,Tagyon,Tagyon,1,185,0,1,86,87,0,86
['04'],19,Takácsi,Takácsi,1,186,0,1,675,677,0,675
['03'],19,Taliándörögd,Taliándörögd,1,187,0,2,521,524,0,521
['03'],19,Tapolca,Tapolca,15,188,32,76,11746,11854,16,11778
['01'],19,Tés,Tés,1,189,1,3,726,730,1,727
['02'],19,Tihany,Tihany,1,190,13,6,1128,1137,1,1141
['02'],19,Tótvázsony,Tótvázsony,1,191,0,1,1120,1119,0,1120
['04'],19,Tüskevár,Tüskevár,1,192,1,2,442,446,1,443
['04'],19,Ugod,Ugod,1,193,2,10,1041,1058,4,1043
['03'],19,Ukk,Ukk,1,194,1,3,235,237,0,236
['03'],19,Uzsa,Uzsa,1,195,1,1,258,259,0,259
['01'],19,Úrkút,Úrkút,2,196,0,1,1597,1601,0,1597
['04'],19,Vanyola,Vanyola,1,197,0,1,406,412,1,406
['04'],19,Vaszar,Vaszar,2,198,3,4,1275,1278,0,1278
['04'],19,Várkesző,Várkesző,1,199,0,2,148,149,1,148
['01'],19,Városlőd,Városlőd,1,200,3,2,1078,1079,0,1081
['02'],19,Várpalota,Várpalota,19,201,34,88,15803,15899,28,15837
['02'],19,Vászoly,Vászoly,1,202,0,3,236,239,2,236
['01'],19,Veszprém,Veszprém,56,203,224,237,42039,42353,84,42263
['02'],19,Veszprémfajsz,Veszprémfajsz,1,204,1,1,202,203,0,203
['03'],19,Veszprémgalsa,Veszprémgalsa,1,205,0,1,240,241,0,240
['04'],19,Vid,Vid,1,206,0,0,90,90,0,90
['03'],19,Vigántpetend,Vigántpetend,1,207,0,0,154,154,0,154
['01'],19,Vilonya,Vilonya,1,208,0,1,577,575,1,577
['04'],19,Vinár,Vinár,1,209,0,1,174,177,1,174
['02'],19,Vöröstó,Vöröstó,1,210,0,0,86,86,0,86
['03'],19,Zalaerdőd,Zalaerdőd,1,211,0,1,201,200,0,201
['03'],19,Zalagyömörő,Zalagyömörő,1,212,0,1,339,341,0,339
['03'],19,Zalahaláp,Zalahaláp,1,213,0,6,1034,1042,0,1034
['03'],19,Zalameggyes,Zalameggyes,1,214,0,0,50,50,0,50
['03'],19,Zalaszegvár,Zalaszegvár,1,215,0,0,117,118,0,117
['02'],19,Zánka,Zánka,1,216,3,16,827,848,3,830
['04'],19,Zirc,Zirc,7,217,12,26,5196,5230,3,5208
['02'],19,Balatonakarattya,Balatonakarattya,1,218,10,11,886,890,3,896
['02'],20,Alibánfa,Alibánfa,1,001,0,2,331,332,0,331
['02'],20,Almásháza,Almásháza,1,002,0,0,60,58,0,60
['02'],20,Alsónemesapáti,Alsónemesapáti,1,003,2,2,546,545,1,548
['02'],20,Alsópáhok,Alsópáhok,1,004,1,7,1211,1213,4,1212
['02'],20,Alsórajk,Alsórajk,1,005,1,0,261,261,0,262
['01'],20,Alsószenterzsébet,Alsószenterzsébet,1,006,0,0,42,42,0,42
['01'],20,Babosdöbréte,Babosdöbréte,1,007,0,2,431,431,0,431
['01'],20,Baglad,Baglad,1,008,0,0,34,33,0,34
['01'],20,Bagod,Bagod,1,009,3,6,976,980,1,979
['01'],20,Bak,Bak,2,010,1,5,1267,1268,1,1268
['02'],20,Baktüttös,Baktüttös,1,011,0,0,285,285,0,285
['02'],20,Balatongyörök,Balatongyörök,1,012,8,15,1032,1047,2,1040
['02'],20,Balatonmagyaród,Balatonmagyaród,1,013,0,1,348,350,1,348
['01'],20,Barlahida,Barlahida,1,014,0,0,96,97,0,96
['02'],20,Batyk,Batyk,1,015,0,4,291,296,0,291
['03'],20,Bánokszentgyörgy,Bánokszentgyörgy,1,016,0,4,473,477,0,473
['03'],20,Bázakerettye,Bázakerettye,2,017,0,6,533,538,0,533
['03'],20,Becsehely,Becsehely,3,018,2,9,1613,1619,1,1615
['01'],20,Becsvölgye,Becsvölgye,1,019,0,2,616,615,0,616
['03'],20,Belezna,Belezna,1,020,0,1,533,535,0,533
['01'],20,Belsősárd,Belsősárd,1,021,0,0,94,94,0,94
['02'],20,Bezeréd,Bezeréd,1,022,0,0,115,115,0,115
['01'],20,Bocfölde,Bocfölde,1,023,2,3,944,948,0,946
['03'],20,Bocska,Bocska,1,024,1,2,234,236,2,235
['01'],20,Boncodfölde,Boncodfölde,1,025,3,1,298,298,0,301
['03'],20,Borsfa,Borsfa,1,026,0,0,547,550,0,547
['02'],20,Bókaháza,Bókaháza,1,027,1,3,216,223,0,217
['01'],20,Böde,Böde,1,028,0,1,219,218,0,219
['01'],20,Bödeháza,Bödeháza,1,029,0,0,39,39,0,39
['03'],20,Börzönce,Börzönce,1,030,0,0,34,34,0,34
['02'],20,Búcsúszentlászló,Búcsúszentlászló,1,031,1,1,570,570,1,571
['03'],20,Bucsuta,Bucsuta,1,032,2,1,164,167,0,166
['03'],20,Csapi,Csapi,1,033,0,1,123,124,0,123
['01'],20,Csatár,Csatár,1,034,0,3,418,421,0,418
['02'],20,Cserszegtomaj,Cserszegtomaj,3,035,4,16,2552,2576,7,2556
['03'],20,Csertalakos,Csertalakos,1,036,0,0,29,28,0,29
['01'],20,Csesztreg,Csesztreg,1,037,0,5,674,682,1,674
['01'],20,Csonkahegyhát,Csonkahegyhát,1,038,1,1,266,268,1,267
['01'],20,Csöde,Csöde,1,039,0,1,52,53,0,52
['03'],20,Csömödér,Csömödér,1,040,0,3,476,481,0,476
['03'],20,Csörnyeföld,Csörnyeföld,1,041,0,4,302,305,0,302
['02'],20,Dióskál,Dióskál,1,042,0,1,357,357,0,357
['03'],20,Dobri,Dobri,1,043,1,1,119,120,0,120
['01'],20,Dobronhegy,Dobronhegy,1,044,0,0,130,130,0,130
['02'],20,Döbröce,Döbröce,1,045,1,0,57,57,0,58
['02'],20,Dötk,Dötk,1,046,0,0,26,26,0,26
['02'],20,Egeraracsa,Egeraracsa,1,047,0,1,252,252,0,252
['02'],20,Egervár,Egervár,1,048,1,4,833,840,2,834
['03'],20,Eszteregnye,Eszteregnye,1,049,1,0,532,531,0,533
['02'],20,Esztergályhorváti,Esztergályhorváti,1,050,0,3,335,332,0,335
['02'],20,Felsőpáhok,Felsőpáhok,1,051,2,6,570,574,1,572
['02'],20,Felsőrajk,Felsőrajk,1,052,0,0,601,602,0,601
['01'],20,Felsőszenterzsébet,Felsőszenterzsébet,1,053,0,0,14,14,0,14
['03'],20,Fityeház,Fityeház,1,054,1,2,531,532,0,532
['03'],20,Fűzvölgy,Fűzvölgy,1,055,0,0,105,105,0,105
['03'],20,Galambok,Galambok,1,056,1,1,931,937,0,932
['02'],20,Garabonc,Garabonc,1,057,0,1,494,497,0,494
['01'],20,Gáborjánháza,Gáborjánháza,1,058,0,0,52,52,0,52
['01'],20,Gellénháza,Gellénháza,2,059,1,5,1240,1245,2,1241
['02'],20,Gelse,Gelse,1,060,0,2,855,855,1,855
['03'],20,Gelsesziget,Gelsesziget,1,061,0,0,205,207,0,205
['02'],20,Gétye,Gétye,1,062,0,0,78,78,0,78
['01'],20,Gombosszeg,Gombosszeg,1,063,0,0,46,46,0,46
['01'],20,Gosztola,Gosztola,1,064,0,0,50,49,0,50
['02'],20,Gősfa,Gősfa,1,065,0,2,246,248,1,246
['03'],20,Gutorfölde,Gutorfölde,1,066,3,0,759,766,0,762
['02'],20,Gyenesdiás,Gyenesdiás,3,067,8,16,3250,3252,1,3258
['02'],20,Gyűrűs,Gyűrűs,1,068,0,0,57,57,0,57
['01'],20,Hagyárosbörönd,Hagyárosbörönd,1,069,0,2,236,240,1,236
['02'],20,Hahót,Hahót,3,070,0,4,832,838,2,832
['01'],20,Hernyék,Hernyék,1,071,0,2,67,71,0,67
['02'],20,Hévíz,Hévíz,5,072,32,32,3675,3709,4,3707
['03'],20,Homokkomárom,Homokkomárom,1,073,0,1,212,211,1,212
['03'],20,Hosszúvölgy,Hosszúvölgy,1,074,0,1,136,137,0,136
['01'],20,Hottó,Hottó,1,075,0,3,282,282,2,282
['01'],20,Iborfia,Iborfia,1,076,1,0,12,12,0,13
['03'],20,Iklódbördőce,Iklódbördőce,1,077,0,1,224,226,0,224
['03'],20,Kacorlak,Kacorlak,1,078,0,2,163,165,0,163
['02'],20,Kallósd,Kallósd,1,079,0,0,71,72,0,71
['02'],20,Karmacs,Karmacs,1,080,2,4,564,569,0,566
['01'],20,Kálócfa,Kálócfa,1,081,1,0,104,103,0,105
['03'],20,Kányavár,Kányavár,1,082,0,0,93,94,0,93
['01'],20,Kávás,Kávás,1,083,1,1,198,199,1,199
['02'],20,Kehidakustány,Kehidakustány,2,084,6,5,924,927,0,930
['02'],20,Kemendollár,Kemendollár,1,085,1,1,382,382,1,383
['01'],20,Keménfa,Keménfa,1,086,0,0,64,64,0,64
['02'],20,Kerecseny,Kerecseny,1,087,0,1,191,192,0,191
['01'],20,Kerkabarabás,Kerkabarabás,1,088,0,0,233,234,0,233
['01'],20,Kerkafalva,Kerkafalva,1,089,2,0,105,105,0,107
['01'],20,Kerkakutas,Kerkakutas,1,090,0,1,94,95,0,94
['03'],20,Kerkaszentkirály,Kerkaszentkirály,1,091,2,2,176,179,0,178
['03'],20,Kerkateskánd,Kerkateskánd,1,092,0,3,137,141,0,137
['02'],20,Keszthely,Keszthely,17,093,53,91,14748,14870,30,14801
['02'],20,Kilimán,Kilimán,1,094,0,0,165,166,0,165
['02'],20,Kisbucsa,Kisbucsa,1,095,0,0,362,361,0,362
['03'],20,Kiscsehi,Kiscsehi,1,096,0,0,150,150,0,150
['02'],20,Kisgörbő,Kisgörbő,1,097,0,0,147,146,0,147
['01'],20,Kiskutas,Kiskutas,1,098,0,2,156,158,1,156
['01'],20,Kispáli,Kispáli,1,099,0,0,235,235,0,235
['03'],20,Kisrécse,Kisrécse,1,100,1,0,133,138,0,134
['03'],20,Kissziget,Kissziget,1,101,0,0,117,120,0,117
['03'],20,Kistolmács,Kistolmács,1,102,0,1,123,124,0,123
['02'],20,Kisvásárhely,Kisvásárhely,1,103,0,0,57,57,0,57
['01'],20,Kozmadombja,Kozmadombja,1,104,0,0,29,29,0,29
['01'],20,Kustánszeg,Kustánszeg,1,105,0,0,383,383,0,383
['01'],20,Külsősárd,Külsősárd,1,106,0,1,58,59,0,58
['02'],20,Lakhegy,Lakhegy,1,107,0,1,375,371,1,375
['03'],20,Lasztonya,Lasztonya,1,108,0,0,40,41,0,40
['01'],20,Lendvadedes,Lendvadedes,1,109,0,0,32,32,0,32
['01'],20,Lendvajakabfa,Lendvajakabfa,1,110,0,0,41,41,0,41
['01'],20,Lenti,Lenti,11,111,6,27,5940,5977,5,5946
['03'],20,Letenye,Letenye,5,112,8,17,3174,3201,2,3182
['01'],20,Lickóvadamos,Lickóvadamos,1,113,0,2,155,157,0,155
['02'],20,Ligetfalva,Ligetfalva,1,114,0,1,55,57,0,55
['03'],20,Lispeszentadorján,Lispeszentadorján,2,115,0,3,210,214,3,210
['03'],20,Liszó,Liszó,1,116,3,1,309,310,1,312
['03'],20,Lovászi,Lovászi,1,117,3,4,920,923,2,923
['01'],20,Magyarföld,Magyarföld,1,118,0,0,44,46,0,44
['03'],20,Magyarszentmiklós,Magyarszentmiklós,1,119,1,2,208,210,2,209
['03'],20,Magyarszerdahely,Magyarszerdahely,1,120,0,0,363,364,0,363
['03'],20,Maróc,Maróc,1,121,1,0,56,56,0,57
['01'],20,Márokföld,Márokföld,1,122,0,1,52,53,0,52
['03'],20,Miháld,Miháld,1,123,0,2,563,566,0,563
['02'],20,Mihályfa,Mihályfa,1,124,0,5,292,298,1,292
['01'],20,Mikekarácsonyfa,Mikekarácsonyfa,1,125,2,0,214,215,0,216
['01'],20,Milejszeg,Milejszeg,1,126,0,1,256,256,0,256
['02'],20,Misefa,Misefa,1,127,0,1,218,219,1,218
['03'],20,Molnári,Molnári,1,128,1,1,558,558,0,559
['03'],20,Murakeresztúr,Murakeresztúr,2,129,5,5,1347,1361,1,1352
['03'],20,Murarátka,Murarátka,1,130,0,1,189,190,0,189
['03'],20,Muraszemenye,Muraszemenye,3,131,0,0,360,362,0,360
['03'],20,Nagybakónak,Nagybakónak,1,132,0,0,322,322,0,322
['02'],20,Nagygörbő,Nagygörbő,1,133,1,1,142,143,0,143
['03'],20,Nagykanizsa,Nagykanizsa,41,134,62,203,35847,36128,51,35909
['02'],20,Nagykapornak,Nagykapornak,1,135,3,2,704,710,0,707
['01'],20,Nagykutas,Nagykutas,1,136,2,2,357,361,0,359
['01'],20,Nagylengyel,Nagylengyel,1,137,1,4,405,409,2,406
['01'],20,Nagypáli,Nagypáli,1,138,0,3,451,453,0,451
['02'],20,Nagyrada,Nagyrada,1,139,1,3,359,364,1,360
['03'],20,Nagyrécse,Nagyrécse,1,140,1,3,916,919,0,917
['02'],20,Nemesapáti,Nemesapáti,1,141,0,4,396,400,0,396
['02'],20,Nemesbük,Nemesbük,1,142,1,2,564,567,0,565
['02'],20,Nemeshetés,Nemeshetés,1,143,0,0,206,206,0,206
['01'],20,Nemesnép,Nemesnép,1,144,1,1,100,102,0,101
['03'],20,Nemespátró,Nemespátró,1,145,0,1,218,219,0,218
['02'],20,Nemesrádó,Nemesrádó,1,146,0,0,256,256,0,256
['02'],20,Nemessándorháza,Nemessándorháza,1,147,0,1,230,234,0,230
['02'],20,Nemesszentandrás,Nemesszentandrás,1,148,2,1,205,206,0,207
['01'],20,Németfalu,Németfalu,1,149,0,0,165,164,0,165
['01'],20,Nova,Nova,1,150,2,1,603,604,0,605
['03'],20,Oltárc,Oltárc,1,151,0,0,166,166,0,166
['02'],20,Orbányosfa,Orbányosfa,1,152,0,0,85,85,0,85
['01'],20,Ormándlak,Ormándlak,1,153,0,2,93,96,0,93
['02'],20,Orosztony,Orosztony,1,154,0,2,292,295,0,292
['03'],20,Ortaháza,Ortaháza,1,155,0,0,94,94,0,94
['01'],20,Ozmánbük,Ozmánbük,1,156,0,2,136,138,0,136
['02'],20,Óhíd,Óhíd,1,157,2,2,436,445,0,438
['02'],20,Pacsa,Pacsa,2,158,1,3,1248,1259,0,1249
['02'],20,Padár,Padár,1,159,1,1,89,90,1,90
['02'],20,Pakod,Pakod,1,160,0,5,674,680,1,674
['03'],20,Pat,Pat,1,161,1,2,130,134,1,131
['03'],20,Páka,Páka,2,162,1,3,856,859,0,857
['01'],20,Pálfiszeg,Pálfiszeg,1,163,0,0,133,135,0,133
['02'],20,Pethőhenye,Pethőhenye,1,164,2,2,356,359,0,358
['01'],20,Petrikeresztúr,Petrikeresztúr,1,165,0,1,291,293,0,291
['03'],20,Petrivente,Petrivente,1,166,0,2,273,276,0,273
['02'],20,Pókaszepetk,Pókaszepetk,1,167,1,4,759,764,1,760
['01'],20,Pórszombat,Pórszombat,1,168,0,2,217,220,0,217
['02'],20,Pölöske,Pölöske,1,169,2,1,619,623,0,621
['02'],20,Pölöskefő,Pölöskefő,1,170,0,2,288,290,0,288
['03'],20,Pördefölde,Pördefölde,1,171,0,0,43,43,0,43
['02'],20,Pötréte,Pötréte,1,172,0,0,206,206,0,206
['01'],20,Pusztaapáti,Pusztaapáti,1,173,2,0,13,13,0,15
['03'],20,Pusztaederics,Pusztaederics,1,174,1,0,138,138,0,139
['03'],20,Pusztamagyaród,Pusztamagyaród,1,175,1,1,433,435,0,434
['03'],20,Pusztaszentlászló,Pusztaszentlászló,1,176,2,2,455,456,0,457
['01'],20,Ramocsa,Ramocsa,1,177,0,0,23,23,0,23
['01'],20,Resznek,Resznek,1,178,1,0,214,214,0,215
['02'],20,Rezi,Rezi,1,179,1,6,1079,1084,0,1080
['01'],20,Rédics,Rédics,1,180,1,2,769,775,0,770
['03'],20,Rigyác,Rigyác,1,181,0,1,323,324,1,323
['01'],20,Salomvár,Salomvár,1,182,0,1,478,481,0,478
['03'],20,Sand,Sand,1,183,0,3,314,318,0,314
['01'],20,Sárhida,Sárhida,1,184,0,3,584,590,1,584
['02'],20,Sármellék,Sármellék,2,185,2,13,1492,1502,2,1494
['03'],20,Semjénháza,Semjénháza,1,186,1,1,450,451,0,451
['02'],20,Sénye,Sénye,1,187,0,0,51,51,0,51
['03'],20,Sormás,Sormás,1,188,1,4,679,685,0,680
['02'],20,Söjtör,Söjtör,2,189,0,7,1184,1189,0,1184
['03'],20,Surd,Surd,1,190,0,2,479,483,0,479
['02'],20,Sümegcsehi,Sümegcsehi,1,191,0,0,475,476,0,475
['02'],20,Szalapa,Szalapa,1,192,0,0,146,148,0,146
['02'],20,Szentgyörgyvár,Szentgyörgyvár,1,193,0,1,284,285,0,284
['01'],20,Szentgyörgyvölgy,Szentgyörgyvölgy,1,194,0,0,294,293,0,294
['03'],20,Szentkozmadombja,Szentkozmadombja,1,195,0,1,65,64,0,65
['03'],20,Szentliszló,Szentliszló,1,196,3,2,231,233,0,234
['03'],20,Szentmargitfalva,Szentmargitfalva,1,197,0,1,65,64,0,65
['03'],20,Szentpéterfölde,Szentpéterfölde,1,198,0,1,107,108,0,107
['02'],20,Szentpéterúr,Szentpéterúr,1,199,0,1,657,660,1,657
['03'],20,Szepetnek,Szepetnek,2,200,2,5,1270,1276,0,1272
['03'],20,Szécsisziget,Szécsisziget,1,201,0,1,167,168,0,167
['01'],20,Szijártóháza,Szijártóháza,1,202,0,0,28,28,0,28
['01'],20,Szilvágy,Szilvágy,1,203,1,0,153,154,0,154
['01'],20,Teskánd,Teskánd,1,204,4,3,1039,1047,0,1043
['02'],20,Tilaj,Tilaj,2,205,0,2,126,130,0,126
['03'],20,Tormafölde,Tormafölde,1,206,1,0,257,256,0,258
['03'],20,Tornyiszentmiklós,Tornyiszentmiklós,1,207,0,2,407,411,0,407
['03'],20,Tófej,Tófej,1,208,0,8,527,539,2,527
['03'],20,Tótszentmárton,Tótszentmárton,1,209,0,3,630,632,1,630
['03'],20,Tótszerdahely,Tótszerdahely,2,210,3,2,894,900,0,897
['02'],20,Türje,Türje,2,211,0,6,1254,1266,2,1254
['03'],20,Újudvar,Újudvar,1,212,0,5,789,793,4,789
['03'],20,Valkonya,Valkonya,1,213,0,1,49,50,0,49
['02'],20,Vasboldogasszony,Vasboldogasszony,1,214,2,1,464,469,0,466
['01'],20,Vaspör,Vaspör,2,215,0,3,293,297,0,293
['02'],20,Vállus,Vállus,1,216,0,0,97,97,0,97
['03'],20,Várfölde,Várfölde,1,217,0,0,154,155,0,154
['02'],20,Várvölgy,Várvölgy,1,218,1,3,811,814,0,812
['02'],20,Vindornyafok,Vindornyafok,1,219,0,0,92,92,0,92
['02'],20,Vindornyalak,Vindornyalak,1,220,0,0,62,61,0,62
['02'],20,Vindornyaszőlős,Vindornyaszőlős,1,221,0,1,274,275,0,274
['02'],20,Vonyarcvashegy,Vonyarcvashegy,2,222,6,18,2021,2042,3,2027
['02'],20,Vöckönd,Vöckönd,1,223,0,0,70,70,0,70
['03'],20,Zajk,Zajk,1,224,0,1,153,153,0,153
['02'],20,Zalaapáti,Zalaapáti,2,225,3,6,1184,1195,0,1187
['01'],20,Zalabaksa,Zalabaksa,1,226,0,3,470,470,0,470
['02'],20,Zalabér,Zalabér,1,227,1,1,550,555,0,551
['01'],20,Zalaboldogfa,Zalaboldogfa,1,228,0,0,302,302,0,302
['02'],20,Zalacsány,Zalacsány,1,229,3,5,813,823,0,816
['01'],20,Zalacséb,Zalacséb,1,230,0,1,384,381,0,384
['01'],20,Zalaegerszeg,Zalaegerszeg,51,231,88,282,44336,44734,60,44424
['01'],20,Zalaháshágy,Zalaháshágy,1,232,1,2,305,308,0,306
['02'],20,Zalaigrice,Zalaigrice,1,233,0,0,70,70,0,70
['02'],20,Zalaistvánd,Zalaistvánd,1,234,0,1,294,293,0,294
['02'],20,Zalakaros,Zalakaros,2,235,2,11,2053,2059,2,2055
['03'],20,Zalakomár,Zalakomár,3,236,0,5,2053,2064,2,2053
['02'],20,Zalaköveskút,Zalaköveskút,1,237,0,0,29,29,0,29
['01'],20,Zalalövő,Zalalövő,6,238,0,9,2273,2288,1,2273
['02'],20,Zalamerenye,Zalamerenye,1,239,0,0,144,145,0,144
['03'],20,Zalasárszeg,Zalasárszeg,1,240,1,1,111,111,1,112
['02'],20,Zalaszabar,Zalaszabar,1,241,0,2,410,414,0,410
['02'],20,Zalaszántó,Zalaszántó,1,242,3,4,769,774,4,772
['03'],20,Zalaszentbalázs,Zalaszentbalázs,1,243,0,3,672,676,0,672
['02'],20,Zalaszentgrót,Zalaszentgrót,10,244,6,24,4914,4946,2,4920
['01'],20,Zalaszentgyörgy,Zalaszentgyörgy,1,245,0,2,328,331,2,328
['02'],20,Zalaszentiván,Zalaszentiván,1,246,0,5,800,806,0,800
['03'],20,Zalaszentjakab,Zalaszentjakab,1,247,0,0,234,235,0,234
['02'],20,Zalaszentlászló,Zalaszentlászló,2,248,1,3,579,583,0,580
['02'],20,Zalaszentlőrinc,Zalaszentlőrinc,1,249,0,0,209,210,0,209
['02'],20,Zalaszentmárton,Zalaszentmárton,1,250,0,0,65,65,0,65
['02'],20,Zalaszentmihály,Zalaszentmihály,1,251,2,8,790,799,0,792
['01'],20,Zalaszombatfa,Zalaszombatfa,1,252,0,0,31,31,0,31
['01'],20,Zalatárnok,Zalatárnok,1,253,0,3,489,489,3,489
['03'],20,Zalaújlak,Zalaújlak,1,254,0,1,84,88,0,84
['02'],20,Zalavár,Zalavár,1,255,3,1,703,709,0,706
['02'],20,Zalavég,Zalavég,1,256,0,2,285,287,0,285
['03'],20,Zebecke,Zebecke,1,257,0,0,39,39,0,39
['02'],20,Tekenye,Tekenye,1,258,0,2,358,359,0,358
