JKV_AZONOSITO,SZAVAZOKOR,VALASZTOPOLGAR,MEGJELENTEK,URNABAN_LEVO,ELTERES,ERVENYTELEN,ERVENYES,TIPUS,HATARIDOBEN_BEERKEZETT_SZAVAZASI_IRATOK,ERVENYES_SZAVAZASI_IRATOK,IRATOKBAN_LEVO_SZAVAZOLAP
227666,01_001_001,1003,827,827,0,12,815,EGYENI,,,
227668,01_001_002,940,776,776,0,10,766,EGYENI,,,
227670,01_001_003,907,612,612,0,3,609,EGYENI,,,
227672,01_001_004,1288,784,783,-1,13,770,EGYENI,,,
227674,01_001_005,871,702,701,-1,3,698,EGYENI,,,
227676,01_001_006,936,774,774,0,4,770,EGYENI,,,
227678,01_001_007,837,671,671,0,3,668,EGYENI,,,
227680,01_001_008,843,674,671,-3,6,665,EGYENI,,,
227682,01_001_009,953,756,755,-1,7,748,EGYENI,,,
227684,01_001_010,901,718,717,-1,9,708,EGYENI,,,
227686,01_001_011,889,742,742,0,2,740,EGYENI,,,
227688,01_001_012,940,753,753,0,5,748,EGYENI,,,
227690,01_001_013,984,777,777,0,7,770,EGYENI,,,
227692,01_001_014,997,812,812,0,3,809,EGYENI,,,
227694,01_001_015,896,702,702,0,2,700,EGYENI,,,
227696,01_001_016,832,677,678,1,14,664,EGYENI,,,
227698,01_001_017,972,769,769,0,7,762,EGYENI,,,
227700,01_001_018,954,753,750,-3,2,748,EGYENI,,,
227702,01_001_019,893,693,697,4,31,666,EGYENI,,,
227704,01_001_020,848,667,667,0,6,661,EGYENI,,,
227706,01_002_001,976,763,762,-1,4,758,EGYENI,,,
227708,01_002_002,866,680,680,0,8,672,EGYENI,,,
227710,01_002_003,653,508,508,0,8,500,EGYENI,,,
227712,01_002_004,994,764,763,-1,8,755,EGYENI,,,
227714,01_002_005,1038,857,856,-1,7,849,EGYENI,,,
227716,01_002_006,847,689,688,-1,9,679,EGYENI,,,
227718,01_002_007,770,650,650,0,1,649,EGYENI,,,
227720,01_002_008,859,711,711,0,2,709,EGYENI,,,
227722,01_002_009,803,643,643,0,7,636,EGYENI,,,
227724,01_002_010,4640,4244,4181,-63,18,4163,EGYENI,,,
227726,01_002_011,573,462,462,0,6,456,EGYENI,,,
227728,01_002_012,927,775,774,-1,5,769,EGYENI,,,
227730,01_002_013,638,500,499,-1,2,497,EGYENI,,,
227732,01_002_014,808,660,659,-1,3,656,EGYENI,,,
227734,01_002_015,731,609,609,0,6,603,EGYENI,,,
227736,01_002_016,1098,732,731,-1,3,728,EGYENI,,,
227738,01_002_017,818,686,686,0,8,678,EGYENI,,,
227740,01_002_018,703,586,586,0,5,581,EGYENI,,,
227742,01_002_019,836,681,683,2,16,667,EGYENI,,,
227744,01_002_020,786,650,651,1,10,641,EGYENI,,,
227746,01_002_021,804,675,675,0,2,673,EGYENI,,,
227748,01_002_022,801,674,674,0,6,668,EGYENI,,,
227750,01_002_023,852,702,702,0,5,697,EGYENI,,,
227752,01_002_024,952,760,760,0,0,760,EGYENI,,,
227754,01_002_025,826,688,688,0,3,685,EGYENI,,,
227756,01_002_026,824,701,700,-1,3,697,EGYENI,,,
227758,01_002_027,703,576,576,0,2,574,EGYENI,,,
227760,01_002_028,650,539,538,-1,5,533,EGYENI,,,
227762,01_002_029,478,383,382,-1,3,379,EGYENI,,,
227764,01_002_030,548,425,426,1,8,418,EGYENI,,,
227766,01_002_031,1054,834,834,0,5,829,EGYENI,,,
227768,01_002_032,909,755,754,-1,7,747,EGYENI,,,
227770,01_002_033,815,684,684,0,4,680,EGYENI,,,
227772,01_002_034,720,556,556,0,7,549,EGYENI,,,
227774,01_002_035,843,678,679,1,10,669,EGYENI,,,
227776,01_002_036,858,726,725,-1,1,724,EGYENI,,,
227778,01_002_037,868,704,704,0,6,698,EGYENI,,,
227780,01_002_038,993,837,837,0,5,832,EGYENI,,,
227782,01_002_039,911,773,773,0,3,770,EGYENI,,,
227784,01_002_040,838,689,689,0,1,688,EGYENI,,,
227786,01_002_041,783,636,635,-1,6,629,EGYENI,,,
227788,01_002_042,794,639,639,0,8,631,EGYENI,,,
227790,01_002_043,796,648,647,-1,3,644,EGYENI,,,
227792,01_002_044,916,772,772,0,3,769,EGYENI,,,
227794,01_002_045,873,702,702,0,2,700,EGYENI,,,
227796,01_002_046,877,749,749,0,4,745,EGYENI,,,
227798,01_002_047,890,727,726,-1,2,724,EGYENI,,,
227800,01_002_048,884,758,757,-1,2,755,EGYENI,,,
227802,01_002_049,845,676,676,0,1,675,EGYENI,,,
227804,01_002_050,817,657,656,-1,5,651,EGYENI,,,
227806,01_002_051,698,586,584,-2,7,577,EGYENI,,,
227808,01_002_052,640,524,522,-2,2,520,EGYENI,,,
227810,01_002_053,661,554,553,-1,3,550,EGYENI,,,
227812,01_002_054,971,773,772,-1,2,770,EGYENI,,,
227814,01_002_055,852,700,700,0,2,698,EGYENI,,,
227816,01_002_056,722,576,576,0,4,572,EGYENI,,,
227818,01_002_057,729,607,607,0,4,603,EGYENI,,,
227820,01_002_058,867,667,666,-1,4,662,EGYENI,,,
227822,01_002_059,743,624,622,-2,8,614,EGYENI,,,
227824,01_002_060,746,595,593,-2,2,591,EGYENI,,,
227826,01_002_061,856,683,682,-1,5,677,EGYENI,,,
227828,01_002_062,597,468,468,0,3,465,EGYENI,,,
227830,01_002_063,806,641,639,-2,4,635,EGYENI,,,
227832,01_002_064,793,613,613,0,3,610,EGYENI,,,
227834,01_002_065,838,668,668,0,4,664,EGYENI,,,
227836,01_002_066,957,760,759,-1,8,751,EGYENI,,,
227838,01_002_067,778,585,583,-2,5,578,EGYENI,,,
227840,01_002_068,808,617,615,-2,4,611,EGYENI,,,
227842,01_002_069,898,693,696,3,26,670,EGYENI,,,
227844,01_002_070,837,662,662,0,4,658,EGYENI,,,
227846,01_002_071,814,655,643,-12,4,639,EGYENI,,,
227848,01_002_072,883,697,696,-1,4,692,EGYENI,,,
227850,01_002_073,855,696,696,0,14,682,EGYENI,,,
227852,01_002_074,784,619,619,0,2,617,EGYENI,,,
227854,01_003_001,877,721,720,-1,6,714,EGYENI,,,
227856,01_003_002,790,631,630,-1,10,620,EGYENI,,,
227858,01_003_003,940,723,723,0,6,717,EGYENI,,,
227860,01_003_004,941,754,753,-1,8,745,EGYENI,,,
227862,01_003_005,802,587,586,-1,15,571,EGYENI,,,
227864,01_003_006,937,733,733,0,5,728,EGYENI,,,
227866,01_003_007,893,683,683,0,2,681,EGYENI,,,
227868,01_003_008,793,590,589,-1,7,582,EGYENI,,,
227870,01_003_009,847,692,691,-1,3,688,EGYENI,,,
227872,01_003_010,823,665,664,-1,4,660,EGYENI,,,
227874,01_003_011,875,690,690,0,6,684,EGYENI,,,
227876,01_003_012,888,741,741,0,1,740,EGYENI,,,
227878,01_003_013,904,733,732,-1,4,728,EGYENI,,,
227880,01_003_014,822,691,692,1,13,679,EGYENI,,,
227882,01_003_015,733,628,627,-1,5,622,EGYENI,,,
227884,01_003_016,777,660,660,0,2,658,EGYENI,,,
227886,01_003_017,855,722,721,-1,4,717,EGYENI,,,
227888,01_003_018,956,786,785,-1,6,779,EGYENI,,,
227890,01_003_019,1197,1021,1020,-1,10,1010,EGYENI,,,
227892,01_003_020,1305,1040,1039,-1,5,1034,EGYENI,,,
227894,01_003_021,979,777,777,0,10,767,EGYENI,,,
227896,01_003_022,1245,1051,1054,3,24,1030,EGYENI,,,
227898,01_003_023,839,714,711,-3,5,706,EGYENI,,,
227900,01_003_024,951,805,802,-3,17,785,EGYENI,,,
227902,01_003_025,730,545,545,0,3,542,EGYENI,,,
227904,01_003_026,747,604,604,0,6,598,EGYENI,,,
227906,01_003_027,852,708,708,0,6,702,EGYENI,,,
227908,01_003_028,877,704,702,-2,7,695,EGYENI,,,
227910,01_003_029,887,716,716,0,1,715,EGYENI,,,
227912,01_003_030,877,723,723,0,7,716,EGYENI,,,
227914,01_003_031,836,640,637,-3,6,631,EGYENI,,,
227916,01_003_032,894,694,694,0,4,690,EGYENI,,,
227918,01_003_033,852,659,658,-1,7,651,EGYENI,,,
227920,01_003_034,777,589,589,0,3,586,EGYENI,,,
227922,01_003_035,789,581,577,-4,4,573,EGYENI,,,
227924,01_003_036,752,594,593,-1,4,589,EGYENI,,,
227926,01_003_037,876,695,695,0,8,687,EGYENI,,,
227928,01_003_038,749,581,579,-2,3,576,EGYENI,,,
227930,01_003_039,752,575,575,0,3,572,EGYENI,,,
227932,01_003_040,699,495,496,1,10,486,EGYENI,,,
227934,01_003_041,751,562,561,-1,7,554,EGYENI,,,
227936,01_003_042,674,292,292,0,1,291,EGYENI,,,
227938,01_003_043,967,736,736,0,6,730,EGYENI,,,
227940,01_003_044,933,750,750,0,5,745,EGYENI,,,
227942,01_003_045,917,651,651,0,9,642,EGYENI,,,
227944,01_003_046,790,595,595,0,2,593,EGYENI,,,
227946,01_003_047,3250,2930,2919,-11,18,2901,EGYENI,,,
227948,01_003_048,806,568,566,-2,4,562,EGYENI,,,
227950,01_003_049,825,627,626,-1,6,620,EGYENI,,,
227952,01_003_050,801,633,628,-5,5,623,EGYENI,,,
227954,01_003_051,748,579,579,0,10,569,EGYENI,,,
227956,01_003_052,926,732,731,-1,6,725,EGYENI,,,
227958,01_003_053,726,587,587,0,4,583,EGYENI,,,
227960,01_003_054,870,695,695,0,7,688,EGYENI,,,
227962,01_003_055,807,604,603,-1,5,598,EGYENI,,,
227964,01_003_056,823,634,632,-2,4,628,EGYENI,,,
227966,01_003_057,918,688,687,-1,6,681,EGYENI,,,
227968,01_003_058,787,592,591,-1,5,586,EGYENI,,,
227970,01_003_059,752,655,654,-1,8,646,EGYENI,,,
227972,01_003_060,813,646,646,0,3,643,EGYENI,,,
227974,01_003_061,848,653,653,0,2,651,EGYENI,,,
227976,01_003_062,848,601,600,-1,3,597,EGYENI,,,
227978,01_003_063,846,621,622,1,12,610,EGYENI,,,
227980,01_003_064,736,598,598,0,3,595,EGYENI,,,
227982,01_003_065,973,785,784,-1,8,776,EGYENI,,,
227984,01_003_066,792,614,610,-4,3,607,EGYENI,,,
227986,01_003_067,784,634,633,-1,4,629,EGYENI,,,
227988,01_003_068,782,655,655,0,4,651,EGYENI,,,
227990,01_003_069,746,609,610,1,15,595,EGYENI,,,
227992,01_003_070,756,594,592,-2,3,589,EGYENI,,,
227994,01_003_071,870,717,716,-1,6,710,EGYENI,,,
227996,01_003_072,852,678,678,0,1,677,EGYENI,,,
227998,01_003_073,811,667,667,0,7,660,EGYENI,,,
228000,01_003_074,825,716,716,0,3,713,EGYENI,,,
228002,01_003_075,704,588,587,-1,1,586,EGYENI,,,
228004,01_003_076,954,797,797,0,5,792,EGYENI,,,
228006,01_003_077,824,690,688,-2,3,685,EGYENI,,,
228008,01_003_078,806,648,649,1,9,640,EGYENI,,,
228010,01_003_079,869,726,725,-1,7,718,EGYENI,,,
228012,01_003_080,877,734,734,0,8,726,EGYENI,,,
228014,01_003_081,933,787,791,4,33,758,EGYENI,,,
228016,01_003_082,1002,851,850,-1,4,846,EGYENI,,,
228018,01_003_083,987,841,841,0,5,836,EGYENI,,,
228020,01_003_084,880,717,717,0,4,713,EGYENI,,,
228022,01_003_085,769,604,601,-3,2,599,EGYENI,,,
228024,01_003_086,763,540,539,-1,3,536,EGYENI,,,
228026,01_003_087,892,621,621,0,2,619,EGYENI,,,
228028,01_003_088,829,606,605,-1,3,602,EGYENI,,,
228030,01_003_089,933,691,691,0,8,683,EGYENI,,,
228032,01_003_090,776,547,547,0,3,544,EGYENI,,,
228034,01_003_091,712,542,542,0,4,538,EGYENI,,,
228036,01_003_092,918,664,663,-1,4,659,EGYENI,,,
228038,01_003_093,853,641,638,-3,3,635,EGYENI,,,
228040,01_003_094,758,580,579,-1,3,576,EGYENI,,,
228042,01_003_095,765,534,534,0,4,530,EGYENI,,,
228044,01_003_096,925,682,681,-1,6,675,EGYENI,,,
228046,01_003_097,946,711,709,-2,4,705,EGYENI,,,
228048,01_003_098,666,455,455,0,2,453,EGYENI,,,
228050,01_003_099,927,654,654,0,2,652,EGYENI,,,
228052,01_003_100,829,556,554,-2,7,547,EGYENI,,,
228054,01_003_101,829,547,547,0,5,542,EGYENI,,,
228056,01_003_102,843,614,612,-2,4,608,EGYENI,,,
228058,01_003_103,798,627,626,-1,4,622,EGYENI,,,
228060,01_003_104,738,560,553,-7,6,547,EGYENI,,,
228062,01_003_105,722,544,542,-2,5,537,EGYENI,,,
228064,01_003_106,814,616,616,0,4,612,EGYENI,,,
228066,01_003_107,750,588,588,0,6,582,EGYENI,,,
228068,01_003_108,811,602,602,0,7,595,EGYENI,,,
228070,01_003_109,758,575,580,5,40,540,EGYENI,,,
228072,01_003_110,766,557,555,-2,8,547,EGYENI,,,
228074,01_003_111,732,540,540,0,4,536,EGYENI,,,
228076,01_003_112,784,538,538,0,7,531,EGYENI,,,
228080,01_004_001,1225,1021,1021,0,7,1014,EGYENI,,,
228082,01_004_002,1118,851,851,0,5,846,EGYENI,,,
228084,01_004_003,1098,880,879,-1,7,872,EGYENI,,,
228086,01_004_004,1420,1203,1203,0,9,1194,EGYENI,,,
228088,01_004_005,1219,892,891,-1,6,885,EGYENI,,,
228090,01_004_006,1207,974,974,0,6,968,EGYENI,,,
228092,01_004_007,1159,875,875,0,1,874,EGYENI,,,
228094,01_004_008,921,662,662,0,8,654,EGYENI,,,
228096,01_004_009,978,761,758,-3,7,751,EGYENI,,,
228098,01_004_010,1102,865,862,-3,5,857,EGYENI,,,
228100,01_004_011,900,727,727,0,1,726,EGYENI,,,
228102,01_004_012,1011,736,736,0,6,730,EGYENI,,,
228104,01_004_013,959,722,722,0,4,718,EGYENI,,,
228106,01_004_014,919,710,707,-3,2,705,EGYENI,,,
228108,01_004_015,927,718,718,0,3,715,EGYENI,,,
228110,01_004_016,989,773,772,-1,7,765,EGYENI,,,
228112,01_004_017,1128,936,937,1,11,926,EGYENI,,,
228114,01_004_018,1060,866,866,0,5,861,EGYENI,,,
228116,01_004_019,988,632,632,0,9,623,EGYENI,,,
228118,01_004_020,975,702,701,-1,8,693,EGYENI,,,
228120,01_004_021,981,786,786,0,4,782,EGYENI,,,
228122,01_004_022,1011,793,790,-3,4,786,EGYENI,,,
228124,01_004_023,985,783,782,-1,1,781,EGYENI,,,
228126,01_004_024,1115,846,844,-2,6,838,EGYENI,,,
228128,01_004_025,985,766,765,-1,10,755,EGYENI,,,
228130,01_004_026,1057,887,886,-1,3,883,EGYENI,,,
228132,01_004_027,1073,845,845,0,7,838,EGYENI,,,
228134,01_004_028,1031,844,844,0,7,837,EGYENI,,,
228136,01_004_029,1042,786,786,0,10,776,EGYENI,,,
228138,01_004_030,1135,799,797,-2,10,787,EGYENI,,,
228140,01_004_031,912,584,584,0,6,578,EGYENI,,,
228142,01_004_032,917,721,721,0,3,718,EGYENI,,,
228144,01_004_033,930,658,658,0,8,650,EGYENI,,,
228146,01_004_034,967,595,595,0,3,592,EGYENI,,,
228148,01_004_035,1034,661,659,-2,6,653,EGYENI,,,
228150,01_004_036,1142,856,856,0,6,850,EGYENI,,,
228152,01_004_037,1268,836,836,0,7,829,EGYENI,,,
228154,01_004_038,1008,728,727,-1,3,724,EGYENI,,,
228156,01_004_039,915,713,713,0,6,707,EGYENI,,,
228158,01_004_040,932,642,640,-2,6,634,EGYENI,,,
228160,01_004_041,993,791,790,-1,5,785,EGYENI,,,
228162,01_004_042,819,575,574,-1,4,570,EGYENI,,,
228164,01_004_043,999,766,765,-1,3,762,EGYENI,,,
228166,01_004_044,1010,721,719,-2,11,708,EGYENI,,,
228168,01_004_045,1038,772,772,0,5,767,EGYENI,,,
228170,01_004_046,1166,885,883,-2,7,876,EGYENI,,,
228172,01_004_047,935,715,714,-1,7,707,EGYENI,,,
228174,01_004_048,968,697,695,-2,7,688,EGYENI,,,
228176,01_004_049,1193,901,900,-1,6,894,EGYENI,,,
228178,01_004_050,1160,847,847,0,8,839,EGYENI,,,
228180,01_004_051,1066,633,632,-1,7,625,EGYENI,,,
228182,01_004_052,859,642,642,0,9,633,EGYENI,,,
228184,01_004_053,826,597,597,0,8,589,EGYENI,,,
228186,01_004_054,987,733,732,-1,1,731,EGYENI,,,
228188,01_004_055,1015,751,751,0,8,743,EGYENI,,,
228190,01_004_056,1044,772,771,-1,8,763,EGYENI,,,
228192,01_004_057,865,631,631,0,10,621,EGYENI,,,
228194,01_004_058,1196,872,872,0,6,866,EGYENI,,,
228196,01_004_059,942,647,647,0,4,643,EGYENI,,,
228198,01_004_060,1043,762,761,-1,6,755,EGYENI,,,
228200,01_004_061,1092,813,812,-1,9,803,EGYENI,,,
228202,01_004_062,935,675,675,0,8,667,EGYENI,,,
228204,01_004_063,1270,741,740,-1,7,733,EGYENI,,,
228206,01_004_064,3609,3210,3144,-66,20,3124,EGYENI,,,
228208,01_004_065,999,712,712,0,2,710,EGYENI,,,
228210,01_004_066,1041,739,736,-3,2,734,EGYENI,,,
228212,01_004_067,990,714,714,0,11,703,EGYENI,,,
228214,01_004_068,1087,790,791,1,17,774,EGYENI,,,
228216,01_004_069,1081,771,761,-10,5,756,EGYENI,,,
228218,01_004_070,1078,770,768,-2,6,762,EGYENI,,,
228222,01_005_001,849,604,604,0,5,599,EGYENI,,,
228224,01_005_002,688,507,507,0,2,505,EGYENI,,,
228226,01_005_003,659,510,510,0,2,508,EGYENI,,,
228228,01_005_004,855,664,664,0,4,660,EGYENI,,,
228230,01_005_005,848,615,614,-1,7,607,EGYENI,,,
228232,01_005_006,709,524,520,-4,5,515,EGYENI,,,
228234,01_005_007,791,575,573,-2,4,569,EGYENI,,,
228236,01_005_008,5091,4588,4567,-21,40,4527,EGYENI,,,
228238,01_005_009,634,475,473,-2,3,470,EGYENI,,,
228240,01_005_010,581,409,409,0,0,409,EGYENI,,,
228242,01_005_011,662,399,399,0,2,397,EGYENI,,,
228244,01_005_012,852,623,623,0,4,619,EGYENI,,,
228246,01_005_013,830,625,624,-1,4,620,EGYENI,,,
228248,01_005_014,881,627,627,0,6,621,EGYENI,,,
228250,01_005_015,825,624,624,0,7,617,EGYENI,,,
228252,01_005_016,709,531,530,-1,5,525,EGYENI,,,
228254,01_005_017,723,535,534,-1,4,530,EGYENI,,,
228256,01_005_018,781,590,590,0,5,585,EGYENI,,,
228258,01_005_019,778,589,589,0,7,582,EGYENI,,,
228260,01_005_020,860,656,655,-1,2,653,EGYENI,,,
228262,01_005_021,914,667,666,-1,3,663,EGYENI,,,
228266,01_006_001,695,499,499,0,13,486,EGYENI,,,
228268,01_006_002,575,401,401,0,11,390,EGYENI,,,
228270,01_006_003,622,418,418,0,4,414,EGYENI,,,
228272,01_006_004,727,491,491,0,3,488,EGYENI,,,
228274,01_006_005,708,504,505,1,7,498,EGYENI,,,
228276,01_006_006,636,408,408,0,7,401,EGYENI,,,
228278,01_006_007,627,399,389,-10,5,384,EGYENI,,,
228280,01_006_008,595,375,375,0,4,371,EGYENI,,,
228282,01_006_009,650,425,425,0,7,418,EGYENI,,,
228284,01_006_010,631,436,436,0,2,434,EGYENI,,,
228286,01_006_011,674,480,480,0,3,477,EGYENI,,,
228288,01_006_012,741,522,521,-1,2,519,EGYENI,,,
228290,01_006_013,689,463,464,1,7,457,EGYENI,,,
228292,01_006_014,832,551,551,0,4,547,EGYENI,,,
228294,01_006_015,800,557,557,0,4,553,EGYENI,,,
228296,01_006_016,801,523,523,0,4,519,EGYENI,,,
228298,01_006_017,864,558,557,-1,4,553,EGYENI,,,
228300,01_006_018,916,608,608,0,7,601,EGYENI,,,
228302,01_006_019,908,603,603,0,1,602,EGYENI,,,
228304,01_006_020,704,495,494,-1,6,488,EGYENI,,,
228306,01_006_021,877,645,645,0,6,639,EGYENI,,,
228308,01_006_022,810,544,545,1,9,536,EGYENI,,,
228310,01_006_023,897,652,651,-1,2,649,EGYENI,,,
228312,01_006_024,866,592,592,0,2,590,EGYENI,,,
228314,01_006_025,584,405,405,0,2,403,EGYENI,,,
228316,01_006_026,700,425,423,-2,4,419,EGYENI,,,
228318,01_006_027,826,582,580,-2,4,576,EGYENI,,,
228320,01_006_028,749,538,537,-1,4,533,EGYENI,,,
228322,01_006_029,836,626,624,-2,3,621,EGYENI,,,
228324,01_006_030,744,544,545,1,11,534,EGYENI,,,
228326,01_007_001,919,599,599,0,11,588,EGYENI,,,
228328,01_007_002,1034,682,682,0,8,674,EGYENI,,,
228330,01_007_003,966,597,597,0,10,587,EGYENI,,,
228334,01_007_005,5061,4392,4377,-15,37,4340,EGYENI,,,
228336,01_007_006,990,670,670,0,8,662,EGYENI,,,
228338,01_007_007,1070,605,604,-1,5,599,EGYENI,,,
228340,01_007_008,539,308,307,-1,5,302,EGYENI,,,
228342,01_007_009,889,419,421,2,11,410,EGYENI,,,
228344,01_007_010,889,578,576,-2,3,573,EGYENI,,,
228346,01_007_011,888,648,647,-1,8,639,EGYENI,,,
228348,01_007_012,672,440,440,0,2,438,EGYENI,,,
228350,01_007_013,895,613,612,-1,11,601,EGYENI,,,
228352,01_007_014,841,572,570,-2,6,564,EGYENI,,,
228354,01_007_015,1030,720,720,0,3,717,EGYENI,,,
228356,01_007_016,759,487,487,0,8,479,EGYENI,,,
228358,01_007_017,750,520,520,0,12,508,EGYENI,,,
228360,01_007_018,952,646,646,0,8,638,EGYENI,,,
228362,01_007_019,758,529,529,0,1,528,EGYENI,,,
228364,01_007_020,729,499,498,-1,5,493,EGYENI,,,
228366,01_007_021,950,661,660,-1,3,657,EGYENI,,,
228368,01_007_022,884,604,603,-1,14,589,EGYENI,,,
228370,01_007_023,773,477,477,0,1,476,EGYENI,,,
228372,01_007_024,870,559,559,0,3,556,EGYENI,,,
228374,01_007_025,847,596,596,0,2,594,EGYENI,,,
228376,01_007_026,775,601,600,-1,5,595,EGYENI,,,
228378,01_007_027,793,571,571,0,4,567,EGYENI,,,
228380,01_007_028,1043,650,650,0,5,645,EGYENI,,,
228382,01_007_029,1016,613,606,-7,7,599,EGYENI,,,
228384,01_007_030,1081,715,714,-1,3,711,EGYENI,,,
228386,01_007_031,802,566,565,-1,9,556,EGYENI,,,
228388,01_007_032,1057,716,714,-2,5,709,EGYENI,,,
228390,01_007_033,902,623,623,0,3,620,EGYENI,,,
228392,01_007_034,681,452,452,0,3,449,EGYENI,,,
228394,01_007_035,967,642,642,0,12,630,EGYENI,,,
228396,01_007_036,832,543,542,-1,13,529,EGYENI,,,
228398,01_007_037,946,601,600,-1,9,591,EGYENI,,,
228400,01_007_038,780,503,502,-1,2,500,EGYENI,,,
228402,01_008_001,653,463,463,0,0,463,EGYENI,,,
228404,01_008_002,668,463,463,0,2,461,EGYENI,,,
228406,01_008_003,592,449,447,-2,1,446,EGYENI,,,
228408,01_008_004,597,430,429,-1,2,427,EGYENI,,,
228410,01_008_005,682,503,502,-1,3,499,EGYENI,,,
228412,01_008_006,569,397,397,0,5,392,EGYENI,,,
228414,01_008_007,879,618,616,-2,4,612,EGYENI,,,
228416,01_008_008,1226,374,374,0,3,371,EGYENI,,,
228418,01_008_009,791,578,578,0,2,576,EGYENI,,,
228420,01_008_010,697,532,532,0,3,529,EGYENI,,,
228422,01_008_011,942,670,668,-2,9,659,EGYENI,,,
228424,01_008_012,700,429,429,0,3,426,EGYENI,,,
228426,01_008_013,905,568,568,0,3,565,EGYENI,,,
228428,01_008_014,961,633,632,-1,4,628,EGYENI,,,
228430,01_008_015,808,517,519,2,13,506,EGYENI,,,
228432,01_008_016,1023,702,702,0,5,697,EGYENI,,,
228434,01_008_017,929,650,650,0,5,645,EGYENI,,,
228436,01_008_018,729,502,502,0,3,499,EGYENI,,,
228438,01_008_019,790,529,529,0,2,527,EGYENI,,,
228440,01_008_020,1041,634,635,1,11,624,EGYENI,,,
228442,01_008_021,872,539,539,0,7,532,EGYENI,,,
228444,01_008_022,804,473,473,0,6,467,EGYENI,,,
228446,01_008_023,613,406,406,0,4,402,EGYENI,,,
228448,01_008_024,814,509,507,-2,3,504,EGYENI,,,
228450,01_008_025,709,462,462,0,4,458,EGYENI,,,
228452,01_008_026,715,477,476,-1,4,472,EGYENI,,,
228454,01_008_027,754,480,479,-1,4,475,EGYENI,,,
228456,01_008_028,620,377,377,0,5,372,EGYENI,,,
228458,01_008_029,913,570,570,0,4,566,EGYENI,,,
228460,01_008_030,973,540,540,0,6,534,EGYENI,,,
228462,01_008_031,1402,406,406,0,12,394,EGYENI,,,
228464,01_008_032,863,487,487,0,8,479,EGYENI,,,
228466,01_008_033,587,400,400,0,4,396,EGYENI,,,
228468,01_008_034,614,423,423,0,5,418,EGYENI,,,
228470,01_008_035,607,369,369,0,1,368,EGYENI,,,
228472,01_008_036,682,497,494,-3,5,489,EGYENI,,,
228474,01_008_037,501,260,260,0,0,260,EGYENI,,,
228476,01_008_038,688,476,476,0,3,473,EGYENI,,,
228478,01_008_039,698,452,448,-4,7,441,EGYENI,,,
228480,01_008_040,645,457,456,-1,4,452,EGYENI,,,
228482,01_008_041,852,557,556,-1,9,547,EGYENI,,,
228484,01_008_042,1140,641,639,-2,5,634,EGYENI,,,
228486,01_008_043,981,584,582,-2,5,577,EGYENI,,,
228488,01_008_044,764,373,371,-2,11,360,EGYENI,,,
228490,01_008_045,739,460,460,0,4,456,EGYENI,,,
228492,01_008_046,864,484,484,0,3,481,EGYENI,,,
228494,01_008_047,471,320,317,-3,4,313,EGYENI,,,
228496,01_008_048,911,493,493,0,11,482,EGYENI,,,
228498,01_008_049,1145,732,730,-2,7,723,EGYENI,,,
228500,01_008_050,1012,507,506,-1,9,497,EGYENI,,,
228502,01_008_051,692,360,360,0,5,355,EGYENI,,,
228504,01_008_052,945,577,576,-1,9,567,EGYENI,,,
228506,01_008_053,638,500,499,-1,5,494,EGYENI,,,
228508,01_008_054,972,703,702,-1,4,698,EGYENI,,,
228510,01_008_055,710,390,390,0,7,383,EGYENI,,,
228512,01_008_056,996,760,760,0,5,755,EGYENI,,,
228514,01_008_057,584,457,457,0,2,455,EGYENI,,,
228516,01_008_058,607,504,504,0,2,502,EGYENI,,,
228518,01_008_059,582,404,405,1,7,398,EGYENI,,,
228520,01_008_060,4072,3625,3606,-19,26,3580,EGYENI,,,
228522,01_009_001,575,413,413,0,1,412,EGYENI,,,
228524,01_009_002,570,414,413,-1,7,406,EGYENI,,,
228526,01_009_003,552,408,408,0,2,406,EGYENI,,,
228528,01_009_004,559,404,404,0,5,399,EGYENI,,,
228530,01_009_005,561,415,415,0,8,407,EGYENI,,,
228532,01_009_006,608,451,451,0,4,447,EGYENI,,,
228534,01_009_007,674,494,494,0,3,491,EGYENI,,,
228536,01_009_008,584,423,423,0,3,420,EGYENI,,,
228538,01_009_009,878,443,443,0,7,436,EGYENI,,,
228540,01_009_010,594,473,472,-1,2,470,EGYENI,,,
228542,01_009_011,584,438,438,0,4,434,EGYENI,,,
228544,01_009_012,656,495,496,1,15,481,EGYENI,,,
228546,01_009_013,750,579,579,0,8,571,EGYENI,,,
228548,01_009_014,811,632,632,0,6,626,EGYENI,,,
228550,01_009_015,620,456,456,0,1,455,EGYENI,,,
228552,01_009_016,629,452,452,0,3,449,EGYENI,,,
228554,01_009_017,935,727,727,0,4,723,EGYENI,,,
228556,01_009_018,672,470,470,0,7,463,EGYENI,,,
228558,01_009_019,931,619,617,-2,6,611,EGYENI,,,
228560,01_009_020,954,573,573,0,6,567,EGYENI,,,
228562,01_009_021,785,546,545,-1,2,543,EGYENI,,,
228564,01_009_022,780,550,548,-2,8,540,EGYENI,,,
228566,01_009_023,724,420,420,0,7,413,EGYENI,,,
228568,01_009_024,570,409,409,0,5,404,EGYENI,,,
228570,01_009_025,857,624,624,0,6,618,EGYENI,,,
228572,01_009_026,667,461,461,0,3,458,EGYENI,,,
228574,01_009_027,666,512,512,0,4,508,EGYENI,,,
228576,01_009_028,648,477,477,0,0,477,EGYENI,,,
228578,01_009_029,1005,662,661,-1,9,652,EGYENI,,,
228580,01_009_030,894,604,602,-2,11,591,EGYENI,,,
228582,01_009_031,828,528,528,0,9,519,EGYENI,,,
228584,01_009_032,660,418,418,0,2,416,EGYENI,,,
228586,01_009_033,805,552,551,-1,4,547,EGYENI,,,
228588,01_009_034,1005,710,709,-1,3,706,EGYENI,,,
228590,01_009_035,715,556,556,0,9,547,EGYENI,,,
228592,01_009_036,1076,811,811,0,6,805,EGYENI,,,
228594,01_009_037,675,399,399,0,5,394,EGYENI,,,
228596,01_009_038,782,371,371,0,3,368,EGYENI,,,
228598,01_009_039,813,321,321,0,4,317,EGYENI,,,
228600,01_009_040,587,253,251,-2,2,249,EGYENI,,,
228602,01_009_041,621,460,459,-1,7,452,EGYENI,,,
228604,01_009_042,620,493,493,0,5,488,EGYENI,,,
228606,01_009_043,593,483,483,0,5,478,EGYENI,,,
228608,01_009_044,609,466,466,0,8,458,EGYENI,,,
228610,01_009_045,769,532,532,0,7,525,EGYENI,,,
228612,01_009_046,668,479,479,0,3,476,EGYENI,,,
228614,01_009_047,627,481,480,-1,5,475,EGYENI,,,
228616,01_009_048,645,484,484,0,6,478,EGYENI,,,
228618,01_009_049,774,597,597,0,7,590,EGYENI,,,
228620,01_009_050,742,595,594,-1,12,582,EGYENI,,,
228622,01_009_051,753,566,566,0,5,561,EGYENI,,,
228624,01_009_052,730,536,536,0,7,529,EGYENI,,,
228626,01_009_053,675,501,501,0,10,491,EGYENI,,,
228630,01_010_001,578,407,407,0,4,403,EGYENI,,,
228632,01_010_002,693,452,452,0,4,448,EGYENI,,,
228634,01_010_003,624,369,369,0,3,366,EGYENI,,,
228636,01_010_004,631,380,380,0,1,379,EGYENI,,,
228638,01_010_005,576,345,345,0,6,339,EGYENI,,,
228640,01_010_006,613,436,437,1,1,436,EGYENI,,,
228642,01_010_007,700,445,445,0,1,444,EGYENI,,,
228644,01_010_008,674,450,450,0,0,450,EGYENI,,,
228646,01_010_009,700,611,611,0,3,608,EGYENI,,,
228648,01_010_010,604,422,422,0,2,420,EGYENI,,,
228650,01_010_011,653,480,480,0,1,479,EGYENI,,,
228652,01_010_012,634,494,494,0,4,490,EGYENI,,,
228654,01_010_013,659,467,468,1,9,459,EGYENI,,,
228656,01_010_014,641,430,429,-1,8,421,EGYENI,,,
228658,01_010_015,714,448,447,-1,6,441,EGYENI,,,
228660,01_010_016,660,507,508,1,9,499,EGYENI,,,
228662,01_010_017,661,490,490,0,5,485,EGYENI,,,
228664,01_010_018,681,418,418,0,4,414,EGYENI,,,
228666,01_010_019,2939,2625,2551,-74,22,2529,EGYENI,,,
228668,01_010_020,857,554,553,-1,2,551,EGYENI,,,
228670,01_010_021,878,608,606,-2,6,600,EGYENI,,,
228672,01_010_022,729,542,542,0,4,538,EGYENI,,,
228674,01_010_023,657,485,485,0,2,483,EGYENI,,,
228676,01_010_024,767,518,517,-1,4,513,EGYENI,,,
228678,01_010_025,516,359,359,0,2,357,EGYENI,,,
228680,01_010_026,563,409,408,-1,3,405,EGYENI,,,
228682,01_010_027,744,462,462,0,3,459,EGYENI,,,
228684,01_010_028,688,488,486,-2,0,486,EGYENI,,,
228686,01_010_029,749,528,528,0,3,525,EGYENI,,,
228688,01_010_030,609,438,437,-1,7,430,EGYENI,,,
228690,01_010_031,821,618,618,0,5,613,EGYENI,,,
228692,01_010_032,870,731,728,-3,6,722,EGYENI,,,
228694,01_010_033,632,386,386,0,6,380,EGYENI,,,
228696,01_010_034,599,389,389,0,11,378,EGYENI,,,
228698,01_010_035,1054,416,416,0,4,412,EGYENI,,,
228700,01_010_036,758,556,556,0,3,553,EGYENI,,,
228702,01_010_037,738,479,479,0,9,470,EGYENI,,,
228704,01_010_038,728,533,532,-1,2,530,EGYENI,,,
228706,01_010_039,574,388,388,0,2,386,EGYENI,,,
228708,01_010_040,577,373,373,0,2,371,EGYENI,,,
228710,01_010_041,584,449,449,0,4,445,EGYENI,,,
228712,01_010_042,590,418,417,-1,4,413,EGYENI,,,
228714,01_010_043,573,396,396,0,9,387,EGYENI,,,
228716,01_010_044,587,422,422,0,3,419,EGYENI,,,
228718,01_010_045,570,439,439,0,3,436,EGYENI,,,
228720,01_010_046,607,427,425,-2,4,421,EGYENI,,,
228722,01_010_047,630,416,416,0,3,413,EGYENI,,,
228724,01_010_048,587,330,330,0,4,326,EGYENI,,,
228726,01_010_049,652,409,409,0,2,407,EGYENI,,,
228728,01_010_050,754,397,397,0,5,392,EGYENI,,,
228730,01_010_051,596,435,435,0,7,428,EGYENI,,,
228732,01_010_052,623,467,467,0,1,466,EGYENI,,,
228734,01_010_053,583,462,461,-1,6,455,EGYENI,,,
228736,01_010_054,617,478,478,0,8,470,EGYENI,,,
228738,01_010_055,673,459,457,-2,4,453,EGYENI,,,
228740,01_010_056,775,501,501,0,4,497,EGYENI,,,
228742,01_010_057,758,527,523,-4,9,514,EGYENI,,,
228744,01_010_058,613,412,413,1,9,404,EGYENI,,,
228746,01_010_059,636,459,459,0,5,454,EGYENI,,,
228748,01_010_060,664,448,448,0,5,443,EGYENI,,,
228750,01_010_061,727,539,537,-2,5,532,EGYENI,,,
228752,01_010_062,629,477,477,0,1,476,EGYENI,,,
228754,01_010_063,749,538,539,1,16,523,EGYENI,,,
228756,01_010_064,705,502,502,0,3,499,EGYENI,,,
228758,01_010_065,701,497,494,-3,8,486,EGYENI,,,
228760,01_010_066,765,516,516,0,10,506,EGYENI,,,
228762,01_010_067,690,471,471,0,2,469,EGYENI,,,
228764,01_010_068,616,457,457,0,2,455,EGYENI,,,
228766,01_010_069,635,437,437,0,4,433,EGYENI,,,
228768,01_010_070,870,615,611,-4,9,602,EGYENI,,,
228770,01_010_071,840,575,575,0,1,574,EGYENI,,,
228772,01_010_072,869,573,572,-1,7,565,EGYENI,,,
228774,01_010_073,857,561,560,-1,6,554,EGYENI,,,
228776,01_010_074,757,520,520,0,9,511,EGYENI,,,
228778,01_010_075,632,499,499,0,6,493,EGYENI,,,
228780,01_010_076,646,506,506,0,2,504,EGYENI,,,
228784,01_011_001,686,551,551,0,3,548,EGYENI,,,
228786,01_011_002,770,628,626,-2,6,620,EGYENI,,,
228788,01_011_003,704,580,579,-1,4,575,EGYENI,,,
228790,01_011_004,750,590,585,-5,4,581,EGYENI,,,
228792,01_011_005,754,628,626,-2,5,621,EGYENI,,,
228794,01_011_006,801,655,654,-1,5,649,EGYENI,,,
228796,01_011_007,731,571,572,1,7,565,EGYENI,,,
228798,01_011_008,669,554,554,0,1,553,EGYENI,,,
228800,01_011_009,693,553,553,0,1,552,EGYENI,,,
228802,01_011_010,988,753,754,1,10,744,EGYENI,,,
228804,01_011_011,926,721,718,-3,6,712,EGYENI,,,
228806,01_011_012,790,622,620,-2,3,617,EGYENI,,,
228808,01_011_013,727,601,594,-7,6,588,EGYENI,,,
228810,01_011_014,912,704,704,0,3,701,EGYENI,,,
228812,01_011_015,691,540,540,0,5,535,EGYENI,,,
228814,01_011_016,730,565,565,0,2,563,EGYENI,,,
228816,01_011_017,714,563,562,-1,8,554,EGYENI,,,
228818,01_011_018,834,652,652,0,4,648,EGYENI,,,
228820,01_011_019,681,525,525,0,2,523,EGYENI,,,
228822,01_011_020,770,610,609,-1,5,604,EGYENI,,,
228824,01_011_021,750,585,586,1,11,575,EGYENI,,,
228826,01_011_022,655,548,547,-1,2,545,EGYENI,,,
228828,01_011_023,786,638,637,-1,6,631,EGYENI,,,
228830,01_011_024,760,612,613,1,10,603,EGYENI,,,
228832,01_011_025,761,616,616,0,4,612,EGYENI,,,
228834,01_011_026,873,709,709,0,5,704,EGYENI,,,
228836,01_011_027,777,620,621,1,13,608,EGYENI,,,
228838,01_011_028,981,789,781,-8,2,779,EGYENI,,,
228840,01_011_029,757,597,598,1,11,587,EGYENI,,,
228842,01_011_030,730,594,594,0,3,591,EGYENI,,,
228844,01_011_031,953,731,730,-1,5,725,EGYENI,,,
228846,01_011_032,1028,822,821,-1,6,815,EGYENI,,,
228848,01_011_033,894,580,580,0,4,576,EGYENI,,,
228850,01_011_034,839,659,658,-1,2,656,EGYENI,,,
228852,01_011_035,785,612,612,0,6,606,EGYENI,,,
228854,01_011_036,721,601,602,1,15,587,EGYENI,,,
228856,01_011_037,864,731,731,0,4,727,EGYENI,,,
228858,01_011_038,805,674,674,0,2,672,EGYENI,,,
228860,01_011_039,727,591,591,0,5,586,EGYENI,,,
228862,01_011_040,910,790,790,0,8,782,EGYENI,,,
228864,01_011_041,933,802,796,-6,7,789,EGYENI,,,
228866,01_011_042,865,754,752,-2,6,746,EGYENI,,,
228868,01_011_043,769,668,668,0,5,663,EGYENI,,,
228870,01_011_044,921,809,808,-1,3,805,EGYENI,,,
228872,01_011_045,1103,968,963,-5,5,958,EGYENI,,,
228874,01_011_046,901,782,782,0,2,780,EGYENI,,,
228876,01_011_047,1069,905,903,-2,2,901,EGYENI,,,
228878,01_011_048,770,608,608,0,6,602,EGYENI,,,
228880,01_011_049,831,624,625,1,7,618,EGYENI,,,
228882,01_011_050,699,574,574,0,3,571,EGYENI,,,
228884,01_011_051,762,644,642,-2,7,635,EGYENI,,,
228886,01_011_052,741,597,591,-6,5,586,EGYENI,,,
228888,01_011_053,820,677,677,0,4,673,EGYENI,,,
228890,01_011_054,783,652,651,-1,2,649,EGYENI,,,
228892,01_011_055,717,586,586,0,4,582,EGYENI,,,
228894,01_011_056,658,501,501,0,5,496,EGYENI,,,
228896,01_011_057,1032,892,890,-2,4,886,EGYENI,,,
228898,01_011_058,958,824,817,-7,7,810,EGYENI,,,
228900,01_011_059,1079,883,881,-2,6,875,EGYENI,,,
228902,01_011_060,1169,1005,1005,0,2,1003,EGYENI,,,
228904,01_011_061,1067,876,873,-3,6,867,EGYENI,,,
228906,01_011_062,1014,820,820,0,3,817,EGYENI,,,
228908,01_011_063,912,739,739,0,4,735,EGYENI,,,
228910,01_011_064,762,590,591,1,11,580,EGYENI,,,
228912,01_011_065,980,758,757,-1,7,750,EGYENI,,,
228914,01_011_066,711,518,518,0,3,515,EGYENI,,,
228916,01_011_067,883,637,637,0,3,634,EGYENI,,,
228918,01_011_068,670,475,474,-1,4,470,EGYENI,,,
228920,01_011_069,706,540,540,0,9,531,EGYENI,,,
228922,01_011_070,952,797,795,-2,4,791,EGYENI,,,
228924,01_011_071,727,492,489,-3,5,484,EGYENI,,,
228926,01_011_072,615,472,473,1,7,466,EGYENI,,,
228928,01_011_073,862,645,645,0,9,636,EGYENI,,,
228930,01_011_074,979,763,762,-1,9,753,EGYENI,,,
228932,01_011_075,855,679,678,-1,8,670,EGYENI,,,
228934,01_011_076,627,467,467,0,4,463,EGYENI,,,
228936,01_011_077,4254,3910,3893,-17,25,3868,EGYENI,,,
228938,01_011_078,988,807,807,0,6,801,EGYENI,,,
228940,01_011_079,1111,850,850,0,6,844,EGYENI,,,
228942,01_011_080,1110,768,767,-1,8,759,EGYENI,,,
228944,01_011_081,1156,965,965,0,8,957,EGYENI,,,
228946,01_011_082,1023,781,782,1,13,769,EGYENI,,,
228948,01_011_083,767,604,604,0,3,601,EGYENI,,,
228950,01_011_084,783,583,583,0,3,580,EGYENI,,,
228952,01_011_085,1056,820,818,-2,8,810,EGYENI,,,
228954,01_011_086,986,769,758,-11,4,754,EGYENI,,,
228956,01_011_087,714,536,536,0,2,534,EGYENI,,,
228958,01_011_088,709,576,575,-1,9,566,EGYENI,,,
228960,01_011_089,987,763,761,-2,8,753,EGYENI,,,
228962,01_011_090,673,487,487,0,3,484,EGYENI,,,
228964,01_011_091,909,667,663,-4,12,651,EGYENI,,,
228966,01_011_092,602,473,473,0,6,467,EGYENI,,,
228968,01_011_093,730,554,553,-1,1,552,EGYENI,,,
228970,01_011_094,1046,803,800,-3,9,791,EGYENI,,,
228972,01_011_095,1033,710,709,-1,4,705,EGYENI,,,
228974,01_011_096,717,550,550,0,4,546,EGYENI,,,
228976,01_011_097,774,574,574,0,2,572,EGYENI,,,
228978,01_011_098,799,662,661,-1,7,654,EGYENI,,,
228980,01_011_099,937,788,791,3,27,764,EGYENI,,,
228982,01_011_100,1002,791,789,-2,10,779,EGYENI,,,
228984,01_011_101,827,631,631,0,9,622,EGYENI,,,
228986,01_011_102,719,535,535,0,5,530,EGYENI,,,
228988,01_011_103,664,487,485,-2,9,476,EGYENI,,,
228990,01_011_104,738,627,627,0,6,621,EGYENI,,,
228992,01_011_105,666,496,496,0,1,495,EGYENI,,,
228994,01_011_106,771,608,608,0,6,602,EGYENI,,,
228996,01_011_107,834,712,703,-9,5,698,EGYENI,,,
228998,01_011_108,800,680,681,1,12,669,EGYENI,,,
229000,01_011_109,949,783,779,-4,6,773,EGYENI,,,
229002,01_011_110,1026,867,866,-1,11,855,EGYENI,,,
229004,01_011_111,792,641,641,0,1,640,EGYENI,,,
229006,01_011_112,1152,955,950,-5,4,946,EGYENI,,,
229008,01_011_113,1010,572,572,0,8,564,EGYENI,,,
229010,01_011_114,805,604,604,0,10,594,EGYENI,,,
229014,01_012_001,643,521,523,2,17,506,EGYENI,,,
229016,01_012_002,643,492,492,0,7,485,EGYENI,,,
229018,01_012_003,475,352,352,0,4,348,EGYENI,,,
229020,01_012_004,702,597,597,0,1,596,EGYENI,,,
229022,01_012_005,569,416,415,-1,1,414,EGYENI,,,
229024,01_012_006,4632,4281,4249,-32,23,4226,EGYENI,,,
229026,01_012_007,714,560,560,0,7,553,EGYENI,,,
229028,01_012_008,771,620,619,-1,3,616,EGYENI,,,
229030,01_012_009,844,719,719,0,4,715,EGYENI,,,
229032,01_012_010,931,773,771,-2,3,768,EGYENI,,,
229034,01_012_011,725,591,591,0,4,587,EGYENI,,,
229036,01_012_012,880,720,720,0,6,714,EGYENI,,,
229038,01_012_013,584,473,473,0,3,470,EGYENI,,,
229040,01_012_014,619,500,490,-10,5,485,EGYENI,,,
229042,01_012_015,663,561,561,0,2,559,EGYENI,,,
229044,01_012_016,637,537,538,1,7,531,EGYENI,,,
229046,01_012_017,915,722,722,0,5,717,EGYENI,,,
229048,01_012_018,801,649,647,-2,14,633,EGYENI,,,
229050,01_012_019,724,586,588,2,13,575,EGYENI,,,
229052,01_012_020,706,600,600,0,3,597,EGYENI,,,
229054,01_012_021,691,550,548,-2,2,546,EGYENI,,,
229056,01_012_022,472,388,388,0,5,383,EGYENI,,,
229058,01_012_023,634,470,470,0,1,469,EGYENI,,,
229060,01_012_024,578,492,492,0,2,490,EGYENI,,,
229062,01_012_025,728,608,608,0,4,604,EGYENI,,,
229064,01_012_026,680,572,572,0,2,570,EGYENI,,,
229066,01_012_027,640,558,558,0,3,555,EGYENI,,,
229068,01_012_028,931,744,745,1,12,733,EGYENI,,,
229070,01_012_029,682,548,546,-2,1,545,EGYENI,,,
229072,01_012_030,868,724,724,0,5,719,EGYENI,,,
229074,01_012_031,658,528,528,0,5,523,EGYENI,,,
229076,01_012_032,760,643,642,-1,7,635,EGYENI,,,
229078,01_012_033,877,677,676,-1,6,670,EGYENI,,,
229080,01_012_034,809,684,677,-7,9,668,EGYENI,,,
229082,01_012_035,810,700,700,0,4,696,EGYENI,,,
229084,01_012_036,632,515,515,0,3,512,EGYENI,,,
229086,01_012_037,734,624,623,-1,5,618,EGYENI,,,
229088,01_012_038,890,754,754,0,5,749,EGYENI,,,
229090,01_012_039,952,810,811,1,10,801,EGYENI,,,
229092,01_012_040,705,611,611,0,3,608,EGYENI,,,
229094,01_012_041,510,421,420,-1,8,412,EGYENI,,,
229096,01_012_042,818,696,696,0,2,694,EGYENI,,,
229098,01_012_043,841,691,689,-2,4,685,EGYENI,,,
229100,01_012_044,928,764,764,0,4,760,EGYENI,,,
229102,01_012_045,623,493,494,1,9,485,EGYENI,,,
229104,01_012_046,922,747,745,-2,7,738,EGYENI,,,
229106,01_012_047,996,837,835,-2,2,833,EGYENI,,,
229108,01_012_048,787,606,606,0,6,600,EGYENI,,,
229110,01_012_049,808,661,660,-1,5,655,EGYENI,,,
229112,01_012_050,754,632,632,0,2,630,EGYENI,,,
229114,01_012_051,552,453,453,0,0,453,EGYENI,,,
229116,01_012_052,831,697,695,-2,3,692,EGYENI,,,
229118,01_012_053,829,678,677,-1,6,671,EGYENI,,,
229120,01_012_054,656,521,523,2,19,504,EGYENI,,,
229122,01_012_055,664,543,543,0,4,539,EGYENI,,,
229126,01_013_001,946,637,635,-2,7,628,EGYENI,,,
229128,01_013_002,896,654,654,0,4,650,EGYENI,,,
229130,01_013_003,866,662,662,0,2,660,EGYENI,,,
229132,01_013_004,852,663,663,0,6,657,EGYENI,,,
229134,01_013_005,854,699,696,-3,6,690,EGYENI,,,
229136,01_013_006,1091,830,828,-2,8,820,EGYENI,,,
229138,01_013_007,940,693,693,0,4,689,EGYENI,,,
229140,01_013_008,1014,739,740,1,14,726,EGYENI,,,
229142,01_013_009,1008,788,787,-1,12,775,EGYENI,,,
229144,01_013_010,959,757,756,-1,8,748,EGYENI,,,
229146,01_013_011,703,562,558,-4,0,558,EGYENI,,,
229148,01_013_012,861,632,632,0,5,627,EGYENI,,,
229150,01_013_013,927,701,701,0,6,695,EGYENI,,,
229152,01_013_014,953,723,723,0,4,719,EGYENI,,,
229154,01_013_015,1001,750,746,-4,5,741,EGYENI,,,
229156,01_013_016,794,625,625,0,0,625,EGYENI,,,
229158,01_013_017,992,783,783,0,7,776,EGYENI,,,
229160,01_013_018,995,759,759,0,14,745,EGYENI,,,
229162,01_013_019,1033,793,791,-2,3,788,EGYENI,,,
229164,01_013_020,1120,797,797,0,6,791,EGYENI,,,
229166,01_013_021,1065,813,813,0,7,806,EGYENI,,,
229168,01_013_022,1121,813,812,-1,2,810,EGYENI,,,
229170,01_013_023,1115,871,870,-1,8,862,EGYENI,,,
229172,01_013_024,1059,782,781,-1,7,774,EGYENI,,,
229174,01_013_025,816,621,619,-2,10,609,EGYENI,,,
229176,01_013_026,920,582,582,0,6,576,EGYENI,,,
229178,01_013_027,1092,736,736,0,4,732,EGYENI,,,
229180,01_013_028,830,656,656,0,11,645,EGYENI,,,
229182,01_013_029,932,740,740,0,7,733,EGYENI,,,
229184,01_013_030,923,710,710,0,13,697,EGYENI,,,
229186,01_013_031,885,702,702,0,5,697,EGYENI,,,
229188,01_013_032,897,707,707,0,7,700,EGYENI,,,
229190,01_013_033,933,622,623,1,18,605,EGYENI,,,
229192,01_013_034,1070,561,560,-1,0,560,EGYENI,,,
229194,01_013_035,1021,774,772,-2,11,761,EGYENI,,,
229196,01_013_036,1045,709,709,0,7,702,EGYENI,,,
229198,01_013_037,1112,838,837,-1,5,832,EGYENI,,,
229200,01_013_038,1000,724,723,-1,9,714,EGYENI,,,
229202,01_013_039,1200,946,938,-8,8,930,EGYENI,,,
229204,01_013_040,809,293,293,0,8,285,EGYENI,,,
229206,01_013_041,881,583,582,-1,6,576,EGYENI,,,
229208,01_013_042,966,695,695,0,9,686,EGYENI,,,
229210,01_013_043,661,399,399,0,2,397,EGYENI,,,
229212,01_013_044,916,719,719,0,4,715,EGYENI,,,
229214,01_013_045,978,544,542,-2,4,538,EGYENI,,,
229216,01_013_046,902,481,481,0,5,476,EGYENI,,,
229218,01_013_047,1013,742,740,-2,7,733,EGYENI,,,
229220,01_013_048,1207,848,847,-1,10,837,EGYENI,,,
229222,01_013_049,1083,752,750,-2,7,743,EGYENI,,,
229224,01_013_050,967,741,740,-1,5,735,EGYENI,,,
229226,01_013_051,981,743,743,0,5,738,EGYENI,,,
229228,01_013_052,954,589,588,-1,6,582,EGYENI,,,
229230,01_013_053,1016,825,823,-2,1,822,EGYENI,,,
229232,01_013_054,823,633,633,0,6,627,EGYENI,,,
229234,01_013_055,819,616,616,0,10,606,EGYENI,,,
229236,01_013_056,719,529,528,-1,3,525,EGYENI,,,
229238,01_013_057,1077,858,856,-2,4,852,EGYENI,,,
229240,01_013_058,1185,801,800,-1,5,795,EGYENI,,,
229242,01_013_059,1139,859,859,0,9,850,EGYENI,,,
229244,01_013_060,989,766,765,-1,6,759,EGYENI,,,
229246,01_013_061,871,644,644,0,6,638,EGYENI,,,
229248,01_013_062,5009,4537,4536,-1,24,4512,EGYENI,,,
229250,01_013_063,1288,973,971,-2,5,966,EGYENI,,,
229252,01_013_064,1061,781,781,0,6,775,EGYENI,,,
229254,01_013_065,882,655,655,0,4,651,EGYENI,,,
229256,01_013_066,825,636,636,0,8,628,EGYENI,,,
229258,01_013_067,1092,871,871,0,6,865,EGYENI,,,
229260,01_013_068,1166,929,929,0,7,922,EGYENI,,,
229262,01_013_069,1046,824,824,0,7,817,EGYENI,,,
229264,01_013_070,878,649,646,-3,6,640,EGYENI,,,
229266,01_013_071,1094,745,744,-1,8,736,EGYENI,,,
229268,01_013_072,717,518,518,0,5,513,EGYENI,,,
229270,01_013_073,1113,802,802,0,9,793,EGYENI,,,
229272,01_013_074,1011,711,711,0,7,704,EGYENI,,,
229274,01_013_075,892,682,680,-2,10,670,EGYENI,,,
229276,01_013_076,1301,744,744,0,7,737,EGYENI,,,
229278,01_013_077,1163,935,935,0,7,928,EGYENI,,,
229280,01_013_078,831,615,615,0,7,608,EGYENI,,,
229282,01_013_079,1102,865,865,0,8,857,EGYENI,,,
229284,01_013_080,975,749,748,-1,10,738,EGYENI,,,
229286,01_013_081,741,582,577,-5,2,575,EGYENI,,,
229288,01_013_082,1190,911,911,0,9,902,EGYENI,,,
229290,01_013_083,1282,959,956,-3,11,945,EGYENI,,,
229292,01_013_084,1109,857,857,0,8,849,EGYENI,,,
229294,01_013_085,1191,866,866,0,5,861,EGYENI,,,
229296,01_013_086,682,459,458,-1,4,454,EGYENI,,,
229298,01_013_087,961,736,736,0,3,733,EGYENI,,,
229302,01_014_001,1073,821,821,0,8,813,EGYENI,,,
229304,01_014_002,1089,793,793,0,6,787,EGYENI,,,
229306,01_014_003,1101,883,882,-1,5,877,EGYENI,,,
229308,01_014_004,1170,889,889,0,3,886,EGYENI,,,
229310,01_014_005,1394,1033,1033,0,9,1024,EGYENI,,,
229312,01_014_006,1121,846,846,0,6,840,EGYENI,,,
229314,01_014_007,1084,784,786,2,17,769,EGYENI,,,
229316,01_014_008,1083,771,771,0,8,763,EGYENI,,,
229318,01_014_009,1033,737,736,-1,6,730,EGYENI,,,
229320,01_014_010,1003,736,735,-1,2,733,EGYENI,,,
229322,01_014_011,1175,858,858,0,3,855,EGYENI,,,
229324,01_014_012,1054,775,773,-2,9,764,EGYENI,,,
229326,01_014_013,4502,4014,4002,-12,19,3983,EGYENI,,,
229328,01_014_014,1243,684,683,-1,5,678,EGYENI,,,
229330,01_014_015,988,707,707,0,2,705,EGYENI,,,
229332,01_014_016,1253,1001,1001,0,14,987,EGYENI,,,
229334,01_014_017,1087,824,816,-8,4,812,EGYENI,,,
229336,01_014_018,1128,824,822,-2,7,815,EGYENI,,,
229338,01_014_019,1193,913,914,1,11,903,EGYENI,,,
229340,01_014_020,1185,900,899,-1,4,895,EGYENI,,,
229342,01_014_021,1273,971,967,-4,12,955,EGYENI,,,
229344,01_014_022,1153,780,780,0,9,771,EGYENI,,,
229346,01_014_023,1224,628,628,0,6,622,EGYENI,,,
229348,01_014_024,1106,799,800,1,13,787,EGYENI,,,
229350,01_014_025,1191,916,918,2,20,898,EGYENI,,,
229352,01_014_026,1112,831,831,0,9,822,EGYENI,,,
229354,01_014_027,1109,858,858,0,5,853,EGYENI,,,
229356,01_014_028,1035,715,713,-2,2,711,EGYENI,,,
229358,01_014_029,1142,883,882,-1,5,877,EGYENI,,,
229360,01_014_030,1138,883,883,0,2,881,EGYENI,,,
229362,01_014_031,1355,861,861,0,8,853,EGYENI,,,
229364,01_014_032,1091,846,846,0,13,833,EGYENI,,,
229366,01_014_033,1131,944,943,-1,9,934,EGYENI,,,
229368,01_014_034,1133,904,894,-10,3,891,EGYENI,,,
229370,01_014_035,1134,945,944,-1,5,939,EGYENI,,,
229372,01_014_036,1130,945,936,-9,7,929,EGYENI,,,
229374,01_014_037,1238,1013,1012,-1,7,1005,EGYENI,,,
229376,01_014_038,1213,977,975,-2,7,968,EGYENI,,,
229378,01_014_039,983,804,802,-2,3,799,EGYENI,,,
229380,01_014_040,1048,822,820,-2,24,796,EGYENI,,,
229382,01_014_041,1178,948,948,0,6,942,EGYENI,,,
229384,01_014_042,1036,860,860,0,12,848,EGYENI,,,
229386,01_014_043,1347,1104,1106,2,32,1074,EGYENI,,,
229388,01_014_044,1151,936,936,0,12,924,EGYENI,,,
229390,01_014_045,1100,798,798,0,12,786,EGYENI,,,
229392,01_014_046,1059,796,795,-1,10,785,EGYENI,,,
229394,01_014_047,1237,953,951,-2,7,944,EGYENI,,,
229396,01_014_048,988,694,694,0,10,684,EGYENI,,,
229398,01_014_049,1147,833,835,2,27,808,EGYENI,,,
229400,01_014_050,1034,733,731,-2,4,727,EGYENI,,,
229402,01_014_051,1086,814,814,0,6,808,EGYENI,,,
229404,01_014_052,1016,693,693,0,4,689,EGYENI,,,
229406,01_014_053,998,712,710,-2,5,705,EGYENI,,,
229408,01_014_054,1025,747,746,-1,7,739,EGYENI,,,
229410,01_014_055,1166,899,900,1,9,891,EGYENI,,,
229412,01_014_056,1092,851,851,0,6,845,EGYENI,,,
229414,01_014_057,1164,855,852,-3,7,845,EGYENI,,,
229416,01_014_058,939,680,678,-2,6,672,EGYENI,,,
229418,01_014_059,1069,775,770,-5,6,764,EGYENI,,,
229420,01_014_060,1146,899,898,-1,16,882,EGYENI,,,
229422,01_014_061,1213,1036,1036,0,13,1023,EGYENI,,,
229424,01_014_062,1117,910,909,-1,6,903,EGYENI,,,
229426,01_014_063,1044,869,869,0,11,858,EGYENI,,,
229428,01_014_064,1044,835,833,-2,8,825,EGYENI,,,
229430,01_014_065,1205,991,989,-2,8,981,EGYENI,,,
229432,01_014_066,1249,927,924,-3,5,919,EGYENI,,,
229434,01_014_067,1050,731,730,-1,8,722,EGYENI,,,
229436,01_014_068,1099,889,889,0,7,882,EGYENI,,,
229438,01_014_069,1047,782,779,-3,6,773,EGYENI,,,
229440,01_014_070,1033,843,843,0,5,838,EGYENI,,,
229442,01_014_071,1061,776,776,0,9,767,EGYENI,,,
229444,01_014_072,1072,791,790,-1,11,779,EGYENI,,,
229446,01_014_073,1107,857,856,-1,5,851,EGYENI,,,
229448,01_014_074,1132,810,810,0,4,806,EGYENI,,,
229450,01_014_075,995,780,781,1,15,766,EGYENI,,,
229454,01_015_001,848,685,685,0,2,683,EGYENI,,,
229456,01_015_002,827,666,666,0,5,661,EGYENI,,,
229458,01_015_003,1077,853,852,-1,8,844,EGYENI,,,
229460,01_015_004,901,701,701,0,6,695,EGYENI,,,
229462,01_015_005,738,604,604,0,5,599,EGYENI,,,
229464,01_015_006,1042,805,804,-1,2,802,EGYENI,,,
229466,01_015_007,728,563,563,0,4,559,EGYENI,,,
229468,01_015_008,709,546,546,0,1,545,EGYENI,,,
229470,01_015_009,854,620,620,0,8,612,EGYENI,,,
229472,01_015_010,784,569,569,0,7,562,EGYENI,,,
229474,01_015_011,810,580,579,-1,9,570,EGYENI,,,
229476,01_015_012,1064,744,743,-1,5,738,EGYENI,,,
229478,01_015_013,1217,842,844,2,19,825,EGYENI,,,
229480,01_015_014,804,603,601,-2,2,599,EGYENI,,,
229482,01_015_015,976,514,514,0,3,511,EGYENI,,,
229484,01_015_016,1117,850,850,0,4,846,EGYENI,,,
229486,01_015_017,731,544,541,-3,10,531,EGYENI,,,
229488,01_015_018,739,539,539,0,4,535,EGYENI,,,
229490,01_015_019,983,715,715,0,4,711,EGYENI,,,
229492,01_015_020,1067,761,761,0,6,755,EGYENI,,,
229494,01_015_021,981,665,664,-1,4,660,EGYENI,,,
229496,01_015_022,1071,768,766,-2,8,758,EGYENI,,,
229498,01_015_023,726,584,583,-1,7,576,EGYENI,,,
229500,01_015_024,971,731,730,-1,13,717,EGYENI,,,
229502,01_015_025,977,759,758,-1,11,747,EGYENI,,,
229504,01_015_026,788,631,630,-1,8,622,EGYENI,,,
229506,01_015_027,809,616,616,0,9,607,EGYENI,,,
229508,01_015_028,778,567,566,-1,8,558,EGYENI,,,
229510,01_015_029,789,565,564,-1,9,555,EGYENI,,,
229512,01_015_030,681,544,544,0,5,539,EGYENI,,,
229514,01_015_031,760,539,539,0,5,534,EGYENI,,,
229516,01_015_032,758,559,559,0,2,557,EGYENI,,,
229518,01_015_033,829,622,622,0,3,619,EGYENI,,,
229520,01_015_034,715,576,576,0,3,573,EGYENI,,,
229522,01_015_035,1068,811,811,0,7,804,EGYENI,,,
229524,01_015_036,826,621,621,0,10,611,EGYENI,,,
229526,01_015_037,791,612,612,0,3,609,EGYENI,,,
229528,01_015_038,944,716,716,0,1,715,EGYENI,,,
229530,01_015_039,923,678,678,0,2,676,EGYENI,,,
229532,01_015_040,2639,2290,2287,-3,24,2263,EGYENI,,,
229534,01_015_041,733,505,505,0,3,502,EGYENI,,,
229536,01_015_042,888,612,612,0,5,607,EGYENI,,,
229538,01_015_043,862,578,578,0,6,572,EGYENI,,,
229540,01_015_044,842,594,594,0,9,585,EGYENI,,,
229542,01_015_045,705,490,490,0,5,485,EGYENI,,,
229544,01_015_046,843,608,608,0,4,604,EGYENI,,,
229546,01_015_047,804,580,579,-1,4,575,EGYENI,,,
229548,01_015_048,726,496,494,-2,4,490,EGYENI,,,
229550,01_015_049,735,524,524,0,12,512,EGYENI,,,
229552,01_015_050,650,425,425,0,8,417,EGYENI,,,
229554,01_015_051,681,462,462,0,4,458,EGYENI,,,
229556,01_015_052,796,522,522,0,2,520,EGYENI,,,
229558,01_015_053,714,513,513,0,6,507,EGYENI,,,
229560,01_015_054,888,552,552,0,9,543,EGYENI,,,
229562,01_015_055,830,603,603,0,10,593,EGYENI,,,
229564,01_015_056,825,594,594,0,7,587,EGYENI,,,
229566,01_015_057,881,554,554,0,11,543,EGYENI,,,
229568,01_015_058,760,521,521,0,10,511,EGYENI,,,
229570,01_015_059,793,504,503,-1,5,498,EGYENI,,,
229572,01_015_060,1040,700,699,-1,6,693,EGYENI,,,
229574,01_015_061,986,699,699,0,8,691,EGYENI,,,
229576,01_015_062,762,524,524,0,5,519,EGYENI,,,
229578,01_015_063,938,681,680,-1,7,673,EGYENI,,,
229580,01_015_064,895,620,620,0,4,616,EGYENI,,,
229582,01_015_065,705,516,515,-1,5,510,EGYENI,,,
229584,01_015_066,814,616,616,0,2,614,EGYENI,,,
229586,01_015_067,901,642,641,-1,4,637,EGYENI,,,
229588,01_015_068,751,528,527,-1,3,524,EGYENI,,,
229590,01_015_069,740,526,526,0,5,521,EGYENI,,,
229592,01_015_070,823,546,546,0,5,541,EGYENI,,,
229594,01_016_001,1008,834,832,-2,13,819,EGYENI,,,
229596,01_016_002,978,781,781,0,5,776,EGYENI,,,
229598,01_016_003,919,730,730,0,9,721,EGYENI,,,
229600,01_016_004,886,690,690,0,9,681,EGYENI,,,
229602,01_016_005,829,669,669,0,7,662,EGYENI,,,
229604,01_016_006,1115,892,892,0,7,885,EGYENI,,,
229606,01_016_007,1076,842,841,-1,7,834,EGYENI,,,
229608,01_016_008,1014,802,801,-1,7,794,EGYENI,,,
229610,01_016_009,970,797,797,0,3,794,EGYENI,,,
229612,01_016_010,938,756,755,-1,13,742,EGYENI,,,
229614,01_016_011,1019,835,835,0,8,827,EGYENI,,,
229616,01_016_012,967,814,804,-10,8,796,EGYENI,,,
229618,01_016_013,873,670,671,1,15,656,EGYENI,,,
229620,01_016_014,966,808,808,0,11,797,EGYENI,,,
229622,01_016_015,1024,855,854,-1,12,842,EGYENI,,,
229624,01_016_016,804,636,637,1,5,632,EGYENI,,,
229626,01_016_017,831,598,598,0,2,596,EGYENI,,,
229628,01_016_018,804,643,643,0,7,636,EGYENI,,,
229630,01_016_019,686,527,524,-3,8,516,EGYENI,,,
229632,01_016_020,742,612,612,0,8,604,EGYENI,,,
229634,01_016_021,766,612,611,-1,3,608,EGYENI,,,
229636,01_016_022,767,659,659,0,12,647,EGYENI,,,
229638,01_016_023,883,693,694,1,11,683,EGYENI,,,
229640,01_016_024,769,576,576,0,3,573,EGYENI,,,
229642,01_016_025,791,638,638,0,17,621,EGYENI,,,
229644,01_016_026,1002,797,797,0,9,788,EGYENI,,,
229646,01_016_027,976,833,832,-1,7,825,EGYENI,,,
229648,01_016_028,729,600,605,5,43,562,EGYENI,,,
229650,01_016_029,752,605,604,-1,6,598,EGYENI,,,
229652,01_016_030,918,708,708,0,7,701,EGYENI,,,
229654,01_016_031,812,662,664,2,21,643,EGYENI,,,
229656,01_016_032,1040,848,848,0,7,841,EGYENI,,,
229658,01_016_033,1108,905,903,-2,4,899,EGYENI,,,
229660,01_016_034,920,774,775,1,16,759,EGYENI,,,
229662,01_016_035,1075,871,871,0,4,867,EGYENI,,,
229664,01_016_036,840,689,689,0,7,682,EGYENI,,,
229666,01_016_037,730,575,575,0,3,572,EGYENI,,,
229668,01_016_038,906,771,771,0,6,765,EGYENI,,,
229670,01_016_039,780,621,617,-4,12,605,EGYENI,,,
229672,01_016_040,990,800,800,0,8,792,EGYENI,,,
229674,01_016_041,733,555,555,0,3,552,EGYENI,,,
229676,01_016_042,895,683,683,0,6,677,EGYENI,,,
229678,01_016_043,956,813,811,-2,9,802,EGYENI,,,
229680,01_016_044,906,729,728,-1,11,717,EGYENI,,,
229682,01_016_045,967,813,813,0,10,803,EGYENI,,,
229684,01_016_046,724,535,535,0,2,533,EGYENI,,,
229686,01_016_047,638,494,495,1,13,482,EGYENI,,,
229688,01_016_048,913,728,728,0,9,719,EGYENI,,,
229690,01_016_049,925,784,785,1,14,771,EGYENI,,,
229692,01_016_050,761,603,602,-1,3,599,EGYENI,,,
229694,01_016_051,972,753,753,0,9,744,EGYENI,,,
229696,01_016_052,867,719,719,0,12,707,EGYENI,,,
229698,01_016_053,2911,2640,2632,-8,21,2611,EGYENI,,,
229700,01_016_054,914,757,757,0,3,754,EGYENI,,,
229702,01_016_055,910,744,744,0,4,740,EGYENI,,,
229704,01_016_056,841,690,687,-3,3,684,EGYENI,,,
229706,01_016_057,1083,806,802,-4,7,795,EGYENI,,,
229708,01_016_058,768,607,608,1,10,598,EGYENI,,,
229710,01_016_059,890,705,705,0,8,697,EGYENI,,,
229712,01_016_060,1084,847,848,1,13,835,EGYENI,,,
229714,01_016_061,771,677,676,-1,2,674,EGYENI,,,
229718,01_017_001,821,658,658,0,7,651,EGYENI,,,
229720,01_017_002,836,687,685,-2,5,680,EGYENI,,,
229722,01_017_003,890,680,676,-4,7,669,EGYENI,,,
229724,01_017_004,803,639,639,0,7,632,EGYENI,,,
229726,01_017_005,711,580,581,1,13,568,EGYENI,,,
229728,01_017_006,807,689,688,-1,7,681,EGYENI,,,
229730,01_017_007,878,667,666,-1,4,662,EGYENI,,,
229732,01_017_008,1067,761,761,0,3,758,EGYENI,,,
229734,01_017_009,927,611,611,0,5,606,EGYENI,,,
229736,01_017_010,757,517,517,0,3,514,EGYENI,,,
229738,01_017_011,974,639,636,-3,0,636,EGYENI,,,
229740,01_017_012,829,625,624,-1,4,620,EGYENI,,,
229742,01_017_013,838,579,579,0,5,574,EGYENI,,,
229744,01_017_014,901,635,635,0,2,633,EGYENI,,,
229746,01_017_015,782,584,584,0,4,580,EGYENI,,,
229748,01_017_016,2325,1973,1966,-7,20,1946,EGYENI,,,
229750,01_017_017,674,461,461,0,5,456,EGYENI,,,
229752,01_017_018,786,577,576,-1,5,571,EGYENI,,,
229754,01_017_019,932,672,662,-10,4,658,EGYENI,,,
229756,01_017_020,773,517,515,-2,3,512,EGYENI,,,
229758,01_017_021,284,19,19,0,0,19,EGYENI,,,
229760,01_017_022,873,640,640,0,4,636,EGYENI,,,
229762,01_017_023,948,654,654,0,8,646,EGYENI,,,
229764,01_017_024,946,767,767,0,3,764,EGYENI,,,
229766,01_017_025,1060,860,858,-2,3,855,EGYENI,,,
229768,01_017_026,834,720,720,0,5,715,EGYENI,,,
229770,01_017_027,630,505,505,0,2,503,EGYENI,,,
229772,01_017_028,714,566,566,0,5,561,EGYENI,,,
229774,01_017_029,912,677,677,0,6,671,EGYENI,,,
229776,01_017_030,941,771,771,0,3,768,EGYENI,,,
229778,01_017_031,843,671,670,-1,6,664,EGYENI,,,
229780,01_017_032,870,668,668,0,4,664,EGYENI,,,
229782,01_017_033,876,680,680,0,6,674,EGYENI,,,
229784,01_017_034,881,649,649,0,7,642,EGYENI,,,
229786,01_017_035,1042,703,701,-2,9,692,EGYENI,,,
229788,01_017_036,987,712,710,-2,4,706,EGYENI,,,
229790,01_017_037,997,740,740,0,2,738,EGYENI,,,
229792,01_017_038,1092,824,824,0,13,811,EGYENI,,,
229794,01_017_039,977,810,810,0,5,805,EGYENI,,,
229796,01_017_040,1085,863,859,-4,2,857,EGYENI,,,
229798,01_017_041,1034,806,805,-1,6,799,EGYENI,,,
229800,01_017_042,1067,881,881,0,5,876,EGYENI,,,
229802,01_017_043,960,756,756,0,3,753,EGYENI,,,
229804,01_017_044,741,569,567,-2,9,558,EGYENI,,,
229806,01_017_045,813,644,634,-10,5,629,EGYENI,,,
229808,01_017_046,1049,824,823,-1,11,812,EGYENI,,,
229810,01_017_047,1063,870,872,2,25,847,EGYENI,,,
229812,01_017_048,842,662,662,0,3,659,EGYENI,,,
229814,01_017_049,904,733,732,-1,4,728,EGYENI,,,
229816,01_017_050,787,640,639,-1,4,635,EGYENI,,,
229818,01_017_051,1187,931,929,-2,4,925,EGYENI,,,
229820,01_017_052,994,800,800,0,7,793,EGYENI,,,
229822,01_017_053,866,675,674,-1,4,670,EGYENI,,,
229824,01_017_054,744,598,598,0,6,592,EGYENI,,,
229826,01_017_055,916,731,731,0,10,721,EGYENI,,,
229828,01_017_056,1010,779,779,0,8,771,EGYENI,,,
229830,01_017_057,766,577,577,0,7,570,EGYENI,,,
229832,01_017_058,938,731,731,0,4,727,EGYENI,,,
229834,01_017_059,1099,829,829,0,6,823,EGYENI,,,
229836,01_017_060,961,728,731,3,26,705,EGYENI,,,
229838,01_017_061,1011,719,719,0,13,706,EGYENI,,,
229840,01_017_062,708,540,540,0,3,537,EGYENI,,,
229842,01_017_063,868,676,676,0,7,669,EGYENI,,,
229844,01_017_064,973,790,792,2,15,777,EGYENI,,,
229846,01_017_065,895,715,714,-1,5,709,EGYENI,,,
229848,01_017_066,901,709,709,0,5,704,EGYENI,,,
229850,01_017_067,899,740,740,0,1,739,EGYENI,,,
229852,01_017_068,940,744,743,-1,6,737,EGYENI,,,
229854,01_017_069,843,653,653,0,7,646,EGYENI,,,
229856,01_017_070,897,733,733,0,8,725,EGYENI,,,
229858,01_017_071,874,673,673,0,4,669,EGYENI,,,
229860,01_017_072,951,788,788,0,8,780,EGYENI,,,
229862,01_017_073,972,805,805,0,5,800,EGYENI,,,
229864,01_017_074,709,516,515,-1,1,514,EGYENI,,,
229866,01_017_075,982,779,778,-1,6,772,EGYENI,,,
229868,01_017_076,547,365,364,-1,2,362,EGYENI,,,
229870,01_018_001,1076,865,865,0,4,861,EGYENI,,,
229872,01_018_002,885,692,692,0,8,684,EGYENI,,,
229874,01_018_003,1087,815,815,0,9,806,EGYENI,,,
229876,01_018_004,1046,806,805,-1,5,800,EGYENI,,,
229878,01_018_005,1161,865,865,0,7,858,EGYENI,,,
229880,01_018_006,921,676,676,0,12,664,EGYENI,,,
229882,01_018_007,848,614,614,0,5,609,EGYENI,,,
229884,01_018_008,831,601,601,0,10,591,EGYENI,,,
229886,01_018_009,754,544,540,-4,6,534,EGYENI,,,
229888,01_018_010,950,743,743,0,7,736,EGYENI,,,
229890,01_018_011,972,532,534,2,21,513,EGYENI,,,
229892,01_018_012,835,675,675,0,2,673,EGYENI,,,
229894,01_018_013,1013,768,768,0,3,765,EGYENI,,,
229896,01_018_014,926,731,731,0,5,726,EGYENI,,,
229898,01_018_015,916,728,728,0,4,724,EGYENI,,,
229900,01_018_016,823,641,640,-1,2,638,EGYENI,,,
229902,01_018_017,847,662,662,0,13,649,EGYENI,,,
229904,01_018_018,979,771,771,0,2,769,EGYENI,,,
229906,01_018_019,1042,822,822,0,9,813,EGYENI,,,
229908,01_018_020,876,674,674,0,3,671,EGYENI,,,
229910,01_018_021,1000,786,786,0,6,780,EGYENI,,,
229912,01_018_022,841,646,646,0,5,641,EGYENI,,,
229914,01_018_023,902,709,709,0,3,706,EGYENI,,,
229916,01_018_024,969,616,616,0,7,609,EGYENI,,,
229918,01_018_025,899,678,679,1,16,663,EGYENI,,,
229920,01_018_026,1060,737,737,0,4,733,EGYENI,,,
229922,01_018_027,1188,839,839,0,11,828,EGYENI,,,
229924,01_018_028,976,750,749,-1,6,743,EGYENI,,,
229926,01_018_029,1139,749,748,-1,9,739,EGYENI,,,
229928,01_018_030,1035,715,713,-2,4,709,EGYENI,,,
229930,01_018_031,1190,776,776,0,7,769,EGYENI,,,
229932,01_018_032,1017,640,639,-1,5,634,EGYENI,,,
229934,01_018_033,986,600,600,0,6,594,EGYENI,,,
229936,01_018_034,2792,2305,2304,-1,14,2290,EGYENI,,,
229938,01_018_035,975,648,648,0,8,640,EGYENI,,,
229940,01_018_036,942,585,586,1,13,573,EGYENI,,,
229942,01_018_037,905,615,614,-1,3,611,EGYENI,,,
229944,01_018_038,1006,667,662,-5,7,655,EGYENI,,,
229946,01_018_039,888,600,599,-1,6,593,EGYENI,,,
229948,01_018_040,969,727,727,0,8,719,EGYENI,,,
229950,01_018_041,1031,795,795,0,6,789,EGYENI,,,
229952,01_018_042,1116,832,832,0,6,826,EGYENI,,,
229954,01_018_043,806,624,624,0,4,620,EGYENI,,,
229956,01_018_044,1168,896,895,-1,3,892,EGYENI,,,
229958,01_018_045,695,537,537,0,2,535,EGYENI,,,
229960,01_018_046,786,606,606,0,13,593,EGYENI,,,
229962,01_018_047,1026,787,789,2,17,772,EGYENI,,,
229964,01_018_048,780,610,610,0,4,606,EGYENI,,,
229966,01_018_049,1070,815,815,0,7,808,EGYENI,,,
229968,01_018_050,1022,839,836,-3,8,828,EGYENI,,,
229970,01_018_051,884,709,708,-1,4,704,EGYENI,,,
229972,01_018_052,986,816,787,-29,8,779,EGYENI,,,
229974,01_018_053,1157,933,933,0,14,919,EGYENI,,,
229976,01_018_054,1026,842,842,0,8,834,EGYENI,,,
229978,01_018_055,1078,847,844,-3,5,839,EGYENI,,,
229980,01_018_056,1311,1043,1042,-1,10,1032,EGYENI,,,
229982,01_018_057,1078,880,879,-1,5,874,EGYENI,,,
229984,01_018_058,1226,940,941,1,12,929,EGYENI,,,
229986,01_018_059,1320,1071,1070,-1,5,1065,EGYENI,,,
229988,01_018_060,1139,852,851,-1,9,842,EGYENI,,,
229990,01_018_061,1323,998,998,0,6,992,EGYENI,,,
229992,01_018_062,1155,891,891,0,5,886,EGYENI,,,
229994,01_018_063,1174,903,903,0,10,893,EGYENI,,,
229996,01_018_064,922,685,685,0,7,678,EGYENI,,,
229998,01_018_065,1110,829,826,-3,11,815,EGYENI,,,
230000,01_018_066,738,544,544,0,5,539,EGYENI,,,
230002,01_018_067,1064,834,833,-1,8,825,EGYENI,,,
230004,01_018_068,934,703,700,-3,5,695,EGYENI,,,
230006,01_018_069,1125,877,877,0,9,868,EGYENI,,,
230008,01_018_070,1053,799,791,-8,10,781,EGYENI,,,
230010,01_018_071,849,617,617,0,6,611,EGYENI,,,
230012,01_018_072,1116,837,837,0,6,831,EGYENI,,,
230014,01_018_073,1100,862,862,0,8,854,EGYENI,,,
230016,01_018_074,1141,867,869,2,16,853,EGYENI,,,
230018,01_018_075,1216,954,952,-2,10,942,EGYENI,,,
230020,01_018_076,966,723,723,0,6,717,EGYENI,,,
230022,01_019_001,938,652,652,0,9,643,EGYENI,,,
230024,01_019_002,1121,745,743,-2,4,739,EGYENI,,,
230026,01_019_003,1130,769,769,0,10,759,EGYENI,,,
230028,01_019_004,962,701,701,0,6,695,EGYENI,,,
230030,01_019_005,1269,897,902,5,46,856,EGYENI,,,
230032,01_019_006,1101,769,769,0,7,762,EGYENI,,,
230034,01_019_007,1006,737,737,0,4,733,EGYENI,,,
230036,01_019_008,921,669,669,0,6,663,EGYENI,,,
230038,01_019_009,970,715,715,0,8,707,EGYENI,,,
230040,01_019_010,898,638,638,0,5,633,EGYENI,,,
230042,01_019_011,1305,904,907,3,25,882,EGYENI,,,
230044,01_019_012,1193,871,870,-1,13,857,EGYENI,,,
230046,01_019_013,1062,718,716,-2,12,704,EGYENI,,,
230048,01_019_014,1114,762,762,0,11,751,EGYENI,,,
230050,01_019_015,1065,760,761,1,17,744,EGYENI,,,
230052,01_019_016,1029,787,787,0,7,780,EGYENI,,,
230054,01_019_017,1087,802,802,0,3,799,EGYENI,,,
230056,01_019_018,1154,839,839,0,9,830,EGYENI,,,
230058,01_019_019,865,617,617,0,3,614,EGYENI,,,
230060,01_019_020,1064,760,760,0,2,758,EGYENI,,,
230062,01_019_021,1129,802,799,-3,6,793,EGYENI,,,
230064,01_019_022,916,605,604,-1,6,598,EGYENI,,,
230066,01_019_023,868,681,680,-1,5,675,EGYENI,,,
230068,01_019_024,911,722,722,0,5,717,EGYENI,,,
230070,01_019_025,831,665,662,-3,6,656,EGYENI,,,
230072,01_019_026,1119,903,899,-4,4,895,EGYENI,,,
230074,01_019_027,946,758,751,-7,5,746,EGYENI,,,
230076,01_019_028,889,705,705,0,5,700,EGYENI,,,
230078,01_019_029,1069,829,826,-3,9,817,EGYENI,,,
230080,01_019_030,1075,779,778,-1,3,775,EGYENI,,,
230082,01_019_031,1025,722,720,-2,5,715,EGYENI,,,
230084,01_019_032,1159,815,810,-5,18,792,EGYENI,,,
230086,01_019_033,898,675,672,-3,9,663,EGYENI,,,
230088,01_019_034,1061,780,781,1,15,766,EGYENI,,,
230090,01_019_035,1204,890,890,0,5,885,EGYENI,,,
230092,01_019_036,1037,798,798,0,5,793,EGYENI,,,
230094,01_019_037,770,549,549,0,2,547,EGYENI,,,
230096,01_019_038,993,736,736,0,6,730,EGYENI,,,
230098,01_019_039,910,602,602,0,8,594,EGYENI,,,
230100,01_019_040,951,740,740,0,11,729,EGYENI,,,
230102,01_019_041,947,776,775,-1,3,772,EGYENI,,,
230104,01_019_042,1163,931,932,1,11,921,EGYENI,,,
230106,01_019_043,179,17,17,0,0,17,EGYENI,,,
230108,01_020_001,768,517,517,0,3,514,EGYENI,,,
230110,01_020_002,1075,891,891,0,9,882,EGYENI,,,
230112,01_020_003,729,493,493,0,3,490,EGYENI,,,
230114,01_020_004,609,382,381,-1,3,378,EGYENI,,,
230116,01_020_005,777,546,546,0,7,539,EGYENI,,,
230118,01_020_006,2856,2438,2436,-2,13,2423,EGYENI,,,
230120,01_020_007,628,452,452,0,6,446,EGYENI,,,
230122,01_020_008,745,524,520,-4,4,516,EGYENI,,,
230124,01_020_009,762,511,511,0,6,505,EGYENI,,,
230126,01_020_010,667,453,453,0,8,445,EGYENI,,,
230128,01_020_011,680,508,506,-2,2,504,EGYENI,,,
230130,01_020_012,823,517,517,0,4,513,EGYENI,,,
230132,01_020_013,939,697,695,-2,8,687,EGYENI,,,
230134,01_020_014,663,427,426,-1,1,425,EGYENI,,,
230136,01_020_015,674,408,407,-1,7,400,EGYENI,,,
230138,01_020_016,901,497,497,0,5,492,EGYENI,,,
230140,01_020_017,894,535,535,0,8,527,EGYENI,,,
230142,01_020_018,680,390,390,0,7,383,EGYENI,,,
230144,01_020_019,1278,896,896,0,16,880,EGYENI,,,
230146,01_020_020,1067,709,709,0,5,704,EGYENI,,,
230148,01_020_021,804,592,592,0,9,583,EGYENI,,,
230150,01_020_022,843,636,636,0,11,625,EGYENI,,,
230152,01_020_023,629,502,500,-2,6,494,EGYENI,,,
230154,01_020_024,631,439,439,0,7,432,EGYENI,,,
230156,01_020_025,781,506,506,0,7,499,EGYENI,,,
230158,01_020_026,838,560,557,-3,6,551,EGYENI,,,
230160,01_020_027,585,384,383,-1,5,378,EGYENI,,,
230162,01_020_028,628,413,413,0,1,412,EGYENI,,,
230164,01_020_029,606,448,448,0,6,442,EGYENI,,,
230166,01_020_030,666,476,474,-2,4,470,EGYENI,,,
230168,01_020_031,935,433,433,0,10,423,EGYENI,,,
230170,01_020_032,595,407,407,0,2,405,EGYENI,,,
230172,01_020_033,617,441,440,-1,5,435,EGYENI,,,
230174,01_020_034,748,520,517,-3,8,509,EGYENI,,,
230176,01_020_035,850,574,574,0,5,569,EGYENI,,,
230178,01_020_036,833,518,518,0,3,515,EGYENI,,,
230180,01_020_037,825,567,564,-3,12,552,EGYENI,,,
230182,01_020_038,721,504,503,-1,6,497,EGYENI,,,
230184,01_020_039,951,652,652,0,6,646,EGYENI,,,
230186,01_020_040,905,662,662,0,7,655,EGYENI,,,
230188,01_020_041,757,556,555,-1,12,543,EGYENI,,,
230190,01_020_042,935,650,650,0,7,643,EGYENI,,,
230192,01_020_043,752,544,544,0,7,537,EGYENI,,,
230194,01_020_044,751,521,520,-1,8,512,EGYENI,,,
230196,01_020_045,858,610,610,0,9,601,EGYENI,,,
230198,01_020_046,613,467,466,-1,2,464,EGYENI,,,
230200,01_020_047,821,599,598,-1,6,592,EGYENI,,,
230202,01_020_048,634,467,467,0,6,461,EGYENI,,,
230204,01_020_049,842,649,649,0,8,641,EGYENI,,,
230206,01_020_050,1021,731,728,-3,7,721,EGYENI,,,
230208,01_020_051,739,572,570,-2,5,565,EGYENI,,,
230210,01_020_052,748,555,555,0,12,543,EGYENI,,,
230212,01_020_053,656,475,475,0,2,473,EGYENI,,,
230214,01_020_054,816,574,573,-1,11,562,EGYENI,,,
230216,01_020_055,622,422,422,0,1,421,EGYENI,,,
230218,01_020_056,895,612,610,-2,4,606,EGYENI,,,
230220,01_020_057,792,569,569,0,6,563,EGYENI,,,
230222,01_020_058,986,653,653,0,7,646,EGYENI,,,
230224,01_020_059,764,559,559,0,2,557,EGYENI,,,
230226,01_020_060,894,633,632,-1,15,617,EGYENI,,,
230228,01_020_061,656,414,414,0,1,413,EGYENI,,,
230232,01_021_001,810,630,631,1,9,622,EGYENI,,,
230234,01_021_002,811,635,635,0,7,628,EGYENI,,,
230236,01_021_003,772,643,640,-3,7,633,EGYENI,,,
230238,01_021_004,734,582,581,-1,5,576,EGYENI,,,
230240,01_021_005,842,667,665,-2,8,657,EGYENI,,,
230242,01_021_006,789,606,605,-1,12,593,EGYENI,,,
230244,01_021_007,697,545,546,1,6,540,EGYENI,,,
230246,01_021_008,946,752,752,0,5,747,EGYENI,,,
230248,01_021_009,926,696,697,1,10,687,EGYENI,,,
230250,01_021_010,951,777,776,-1,7,769,EGYENI,,,
230252,01_021_011,684,521,521,0,4,517,EGYENI,,,
230254,01_021_012,799,632,633,1,14,619,EGYENI,,,
230256,01_021_013,769,544,544,0,10,534,EGYENI,,,
230258,01_021_014,912,706,706,0,8,698,EGYENI,,,
230260,01_021_015,2839,2506,2492,-14,12,2480,EGYENI,,,
230262,01_021_016,817,643,643,0,5,638,EGYENI,,,
230264,01_021_017,945,765,762,-3,16,746,EGYENI,,,
230266,01_021_018,891,720,720,0,6,714,EGYENI,,,
230268,01_021_019,731,577,576,-1,3,573,EGYENI,,,
230270,01_021_020,639,514,515,1,10,505,EGYENI,,,
230272,01_021_021,734,525,524,-1,6,518,EGYENI,,,
230274,01_021_022,805,608,608,0,18,590,EGYENI,,,
230276,01_021_023,727,528,527,-1,5,522,EGYENI,,,
230278,01_021_024,727,491,489,-2,2,487,EGYENI,,,
230280,01_021_025,805,529,529,0,6,523,EGYENI,,,
230282,01_021_026,824,584,584,0,7,577,EGYENI,,,
230284,01_021_027,715,522,522,0,8,514,EGYENI,,,
230286,01_021_028,916,638,638,0,13,625,EGYENI,,,
230288,01_021_029,664,434,433,-1,5,428,EGYENI,,,
230290,01_021_030,678,437,437,0,5,432,EGYENI,,,
230292,01_021_031,692,441,441,0,10,431,EGYENI,,,
230294,01_021_032,924,618,616,-2,7,609,EGYENI,,,
230296,01_021_033,766,502,503,1,12,491,EGYENI,,,
230298,01_021_034,675,326,324,-2,5,319,EGYENI,,,
230300,01_021_035,695,346,346,0,6,340,EGYENI,,,
230302,01_021_036,739,489,489,0,9,480,EGYENI,,,
230304,01_021_037,746,530,529,-1,6,523,EGYENI,,,
230306,01_021_038,791,335,333,-2,2,331,EGYENI,,,
230308,01_021_039,643,432,432,0,6,426,EGYENI,,,
230310,01_021_040,879,600,600,0,5,595,EGYENI,,,
230312,01_021_041,755,440,440,0,6,434,EGYENI,,,
230314,01_021_042,913,603,603,0,8,595,EGYENI,,,
230316,01_021_043,982,699,699,0,7,692,EGYENI,,,
230318,01_021_044,655,458,457,-1,9,448,EGYENI,,,
230320,01_021_045,646,451,451,0,3,448,EGYENI,,,
230322,01_021_046,643,421,421,0,5,416,EGYENI,,,
230324,01_021_047,665,435,434,-1,8,426,EGYENI,,,
230326,01_021_048,789,631,630,-1,10,620,EGYENI,,,
230328,01_021_049,751,587,587,0,5,582,EGYENI,,,
230330,01_021_050,763,545,545,0,1,544,EGYENI,,,
230332,01_021_051,938,666,666,0,9,657,EGYENI,,,
230334,01_021_052,738,514,514,0,4,510,EGYENI,,,
230336,01_021_053,793,559,557,-2,8,549,EGYENI,,,
230338,01_021_054,747,566,564,-2,7,557,EGYENI,,,
230340,01_021_055,804,594,593,-1,4,589,EGYENI,,,
230342,01_021_056,765,486,483,-3,4,479,EGYENI,,,
230344,01_021_057,705,499,499,0,5,494,EGYENI,,,
230346,01_021_058,907,695,695,0,5,690,EGYENI,,,
230348,01_021_059,857,647,649,2,15,634,EGYENI,,,
230350,01_021_060,791,611,611,0,4,607,EGYENI,,,
230352,01_021_061,694,529,529,0,4,525,EGYENI,,,
230354,01_021_062,784,522,521,-1,9,512,EGYENI,,,
230356,01_021_063,677,501,501,0,12,489,EGYENI,,,
230358,01_021_064,801,546,544,-2,3,541,EGYENI,,,
230360,01_021_065,1088,655,652,-3,11,641,EGYENI,,,
230362,01_021_066,858,591,591,0,5,586,EGYENI,,,
230364,01_021_067,851,518,512,-6,9,503,EGYENI,,,
230366,01_021_068,923,676,673,-3,7,666,EGYENI,,,
230368,01_021_069,698,509,509,0,9,500,EGYENI,,,
230370,01_021_070,766,477,477,0,6,471,EGYENI,,,
230372,01_022_001,1072,909,909,0,9,900,EGYENI,,,
230374,01_022_002,913,742,742,0,8,734,EGYENI,,,
230376,01_022_003,1171,989,980,-9,4,976,EGYENI,,,
230378,01_022_004,1303,1093,1093,0,12,1081,EGYENI,,,
230380,01_022_005,1350,1160,1160,0,10,1150,EGYENI,,,
230382,01_022_006,1330,1125,1124,-1,4,1120,EGYENI,,,
230384,01_022_007,902,684,684,0,5,679,EGYENI,,,
230386,01_022_008,799,562,562,0,8,554,EGYENI,,,
230388,01_022_009,3630,3194,3192,-2,26,3166,EGYENI,,,
230390,01_022_010,619,346,345,-1,2,343,EGYENI,,,
230392,01_022_011,1196,873,862,-11,4,858,EGYENI,,,
230394,01_022_012,1332,1120,1117,-3,3,1114,EGYENI,,,
230396,01_022_013,1159,856,855,-1,12,843,EGYENI,,,
230398,01_022_014,1091,881,881,0,11,870,EGYENI,,,
230400,01_022_015,1068,841,840,-1,7,833,EGYENI,,,
230402,01_022_016,1207,940,940,0,11,929,EGYENI,,,
230404,01_022_017,981,748,744,-4,5,739,EGYENI,,,
230406,01_022_018,1018,713,713,0,3,710,EGYENI,,,
230408,01_022_019,1165,969,969,0,5,964,EGYENI,,,
230410,01_022_020,1164,969,958,-11,8,950,EGYENI,,,
230412,01_022_021,1108,893,889,-4,19,870,EGYENI,,,
230414,01_022_022,952,817,817,0,3,814,EGYENI,,,
230416,01_022_023,1122,869,870,1,19,851,EGYENI,,,
230418,01_022_024,1341,1090,1088,-2,9,1079,EGYENI,,,
230420,01_022_025,1014,822,822,0,7,815,EGYENI,,,
230422,01_022_026,1204,943,943,0,12,931,EGYENI,,,
230424,01_022_027,1199,958,958,0,13,945,EGYENI,,,
230426,01_022_028,1076,855,855,0,8,847,EGYENI,,,
230428,01_022_029,1280,969,968,-1,8,960,EGYENI,,,
230430,01_022_030,1154,864,864,0,3,861,EGYENI,,,
230432,01_022_031,1329,1035,1034,-1,5,1029,EGYENI,,,
230434,01_022_032,1161,937,935,-2,3,932,EGYENI,,,
230436,01_022_033,1200,934,934,0,10,924,EGYENI,,,
230438,01_022_034,1220,914,904,-10,11,893,EGYENI,,,
230440,01_022_035,1231,858,857,-1,18,839,EGYENI,,,
230442,01_022_036,1357,947,947,0,8,939,EGYENI,,,
230444,01_022_037,1334,958,960,2,19,941,EGYENI,,,
230448,01_023_001,636,463,461,-2,6,455,EGYENI,,,
230450,01_023_002,742,522,522,0,6,516,EGYENI,,,
230452,01_023_003,930,684,684,0,4,680,EGYENI,,,
230454,01_023_004,631,486,486,0,3,483,EGYENI,,,
230456,01_023_005,736,555,555,0,2,553,EGYENI,,,
230458,01_023_006,627,498,498,0,7,491,EGYENI,,,
230460,01_023_007,703,491,491,0,4,487,EGYENI,,,
230462,01_023_008,618,456,456,0,2,454,EGYENI,,,
230464,01_023_009,639,441,441,0,3,438,EGYENI,,,
230466,01_023_010,601,418,416,-2,2,414,EGYENI,,,
230468,01_023_011,639,468,468,0,5,463,EGYENI,,,
230470,01_023_012,737,536,535,-1,8,527,EGYENI,,,
230472,01_023_013,611,477,477,0,7,470,EGYENI,,,
230474,01_023_014,714,472,472,0,5,467,EGYENI,,,
230476,01_023_015,722,486,485,-1,2,483,EGYENI,,,
230478,01_023_016,706,525,517,-8,3,514,EGYENI,,,
230480,01_023_017,714,481,481,0,2,479,EGYENI,,,
230482,01_023_018,662,436,436,0,5,431,EGYENI,,,
230484,01_023_019,934,738,738,0,8,730,EGYENI,,,
230486,01_023_020,752,528,527,-1,7,520,EGYENI,,,
230488,01_023_021,807,489,489,0,7,482,EGYENI,,,
230490,01_023_022,894,668,668,0,7,661,EGYENI,,,
230492,01_023_023,728,528,522,-6,6,516,EGYENI,,,
230494,01_023_024,777,559,558,-1,8,550,EGYENI,,,
230496,02_001_001,510,369,369,0,4,365,EGYENI,,,
230498,02_002_001,134,85,85,0,3,82,EGYENI,,,
230500,02_003_001,308,192,192,0,6,186,EGYENI,,,
230502,02_004_001,58,45,45,0,0,45,EGYENI,,,
230504,02_005_001,242,151,151,0,2,149,EGYENI,,,
230506,02_006_001,821,525,524,-1,6,518,EGYENI,,,
230508,02_007_001,102,66,66,0,0,66,EGYENI,,,
230510,02_008_001,295,173,173,0,1,172,EGYENI,,,
230512,02_009_001,131,99,99,0,3,96,EGYENI,,,
230514,02_010_001,144,93,93,0,5,88,EGYENI,,,
230516,02_011_001,567,349,349,0,1,348,EGYENI,,,
230518,02_012_001,85,56,56,0,1,55,EGYENI,,,
230520,02_013_001,277,177,177,0,3,174,EGYENI,,,
230522,02_014_001,221,107,107,0,1,106,EGYENI,,,
230524,02_015_001,617,411,411,0,5,406,EGYENI,,,
230526,02_016_001,145,85,85,0,3,82,EGYENI,,,
230528,02_017_001,359,193,193,0,0,193,EGYENI,,,
230530,02_018_001,86,63,63,0,1,62,EGYENI,,,
230532,02_019_001,152,105,105,0,1,104,EGYENI,,,
230534,02_020_001,132,79,79,0,2,77,EGYENI,,,
230536,02_021_001,450,309,309,0,3,306,EGYENI,,,
230538,02_022_001,313,198,197,-1,1,196,EGYENI,,,
230540,02_023_001,646,442,442,0,0,442,EGYENI,,,
230542,02_023_002,633,403,403,0,8,395,EGYENI,,,
230544,02_023_003,633,416,416,0,6,410,EGYENI,,,
230546,02_024_001,636,428,429,1,13,416,EGYENI,,,
230548,02_025_001,87,50,50,0,0,50,EGYENI,,,
230550,02_026_001,172,115,95,-20,1,94,EGYENI,,,
230552,02_027_001,812,531,531,0,12,519,EGYENI,,,
230554,02_028_001,561,383,383,0,8,375,EGYENI,,,
230556,02_029_001,424,302,302,0,4,298,EGYENI,,,
230558,02_030_001,193,117,117,0,1,116,EGYENI,,,
230560,02_031_001,327,239,239,0,5,234,EGYENI,,,
230562,02_032_001,174,102,102,0,0,102,EGYENI,,,
230564,02_033_001,877,598,598,0,0,598,EGYENI,,,
230566,02_034_001,330,216,216,0,7,209,EGYENI,,,
230568,02_035_001,202,124,124,0,2,122,EGYENI,,,
230570,02_036_001,203,147,143,-4,1,142,EGYENI,,,
230572,02_036_002,29,25,25,0,0,25,EGYENI,,,
230574,02_036_003,67,48,48,0,3,45,EGYENI,,,
230576,02_037_001,316,203,203,0,1,202,EGYENI,,,
230578,02_038_001,113,75,75,0,1,74,EGYENI,,,
230580,02_039_001,250,158,158,0,5,153,EGYENI,,,
230582,02_040_001,689,464,464,0,8,456,EGYENI,,,
230584,02_040_002,628,453,453,0,4,449,EGYENI,,,
230586,02_040_003,780,577,577,0,2,575,EGYENI,,,
230588,02_040_004,631,475,474,-1,6,468,EGYENI,,,
230590,02_041_001,469,276,276,0,5,271,EGYENI,,,
230592,02_041_002,396,214,214,0,2,212,EGYENI,,,
230594,02_042_001,63,39,39,0,1,38,EGYENI,,,
230596,02_043_001,105,62,62,0,0,62,EGYENI,,,
230598,02_044_001,500,294,293,-1,4,289,EGYENI,,,
230600,02_045_001,72,51,51,0,1,50,EGYENI,,,
230602,02_046_001,288,154,154,0,6,148,EGYENI,,,
230604,02_047_001,520,384,382,-2,3,379,EGYENI,,,
230606,02_048_001,317,195,195,0,2,193,EGYENI,,,
230608,02_049_001,127,98,98,0,1,97,EGYENI,,,
230610,02_050_001,165,94,94,0,1,93,EGYENI,,,
230612,02_051_001,446,247,247,0,4,243,EGYENI,,,
230614,02_052_001,56,31,31,0,0,31,EGYENI,,,
230616,02_053_001,546,325,325,0,3,322,EGYENI,,,
230618,02_054_001,126,85,85,0,2,83,EGYENI,,,
230620,02_055_001,175,116,116,0,0,116,EGYENI,,,
230622,02_056_001,387,215,215,0,6,209,EGYENI,,,
230624,02_057_001,124,88,88,0,1,87,EGYENI,,,
230626,02_058_001,86,45,45,0,1,44,EGYENI,,,
230628,02_059_001,215,122,122,0,8,114,EGYENI,,,
230630,02_060_001,66,35,35,0,1,34,EGYENI,,,
230632,02_061_001,541,341,340,-1,8,332,EGYENI,,,
230634,02_062_001,140,96,96,0,2,94,EGYENI,,,
230636,02_063_001,306,179,177,-2,5,172,EGYENI,,,
230638,02_064_001,782,405,405,0,3,402,EGYENI,,,
230640,02_064_002,712,449,449,0,2,447,EGYENI,,,
230642,02_065_001,763,542,542,0,5,537,EGYENI,,,
230644,02_066_001,235,153,153,0,7,146,EGYENI,,,
230646,02_067_001,578,372,372,0,7,365,EGYENI,,,
230648,02_068_001,172,108,108,0,4,104,EGYENI,,,
230650,02_069_001,287,174,173,-1,6,167,EGYENI,,,
230652,02_070_001,54,46,43,-3,1,42,EGYENI,,,
230654,02_071_001,278,176,174,-2,0,174,EGYENI,,,
230656,02_072_001,230,143,140,-3,2,138,EGYENI,,,
230658,02_073_001,152,103,103,0,4,99,EGYENI,,,
230660,02_074_001,151,128,128,0,1,127,EGYENI,,,
230662,02_075_001,108,72,72,0,3,69,EGYENI,,,
230664,02_076_001,670,434,431,-3,8,423,EGYENI,,,
230666,02_077_001,228,154,153,-1,3,150,EGYENI,,,
230668,02_078_001,397,219,219,0,5,214,EGYENI,,,
230670,02_079_001,355,245,245,0,3,242,EGYENI,,,
230672,02_079_002,241,148,148,0,1,147,EGYENI,,,
230674,02_080_001,149,80,80,0,1,79,EGYENI,,,
230676,02_081_001,249,132,132,0,1,131,EGYENI,,,
230678,02_082_001,227,128,128,0,1,127,EGYENI,,,
230680,02_083_001,439,282,282,0,2,280,EGYENI,,,
230682,02_083_002,177,121,121,0,2,119,EGYENI,,,
230684,02_084_001,606,413,413,0,1,412,EGYENI,,,
230686,02_084_002,521,316,316,0,8,308,EGYENI,,,
230688,02_084_003,137,69,69,0,2,67,EGYENI,,,
230690,02_085_001,298,177,177,0,3,174,EGYENI,,,
230692,02_086_001,592,410,410,0,3,407,EGYENI,,,
230694,02_087_001,105,76,75,-1,1,74,EGYENI,,,
230696,02_088_001,218,112,112,0,3,109,EGYENI,,,
230698,02_089_001,924,621,621,0,4,617,EGYENI,,,
230700,02_089_002,980,692,692,0,7,685,EGYENI,,,
230702,02_089_003,948,646,645,-1,7,638,EGYENI,,,
230704,02_089_004,1100,699,699,0,2,697,EGYENI,,,
230706,02_090_001,253,190,189,-1,1,188,EGYENI,,,
230708,02_091_001,111,72,72,0,2,70,EGYENI,,,
230710,02_092_001,339,212,212,0,2,210,EGYENI,,,
230712,02_093_001,289,154,154,0,6,148,EGYENI,,,
230714,02_094_001,359,246,246,0,4,242,EGYENI,,,
230716,02_095_001,817,510,510,0,12,498,EGYENI,,,
230718,02_095_002,838,573,573,0,9,564,EGYENI,,,
230720,02_096_001,809,565,565,0,6,559,EGYENI,,,
230722,02_097_001,171,88,88,0,2,86,EGYENI,,,
230724,02_098_001,372,218,218,0,2,216,EGYENI,,,
230726,02_098_002,401,280,280,0,6,274,EGYENI,,,
230728,02_099_001,459,282,282,0,7,275,EGYENI,,,
230730,02_100_001,42,28,28,0,0,28,EGYENI,,,
230732,02_101_001,930,649,647,-2,11,636,EGYENI,,,
230734,02_101_002,839,626,626,0,11,615,EGYENI,,,
230736,02_101_003,925,627,626,-1,7,619,EGYENI,,,
230738,02_102_001,38,32,32,0,0,32,EGYENI,,,
230740,02_103_001,152,93,93,0,0,93,EGYENI,,,
230742,02_104_001,198,118,117,-1,3,114,EGYENI,,,
230744,02_105_001,174,125,125,0,2,123,EGYENI,,,
230746,02_106_001,88,65,63,-2,2,61,EGYENI,,,
230748,02_107_001,178,127,127,0,1,126,EGYENI,,,
230750,02_108_001,209,135,135,0,4,131,EGYENI,,,
230752,02_109_001,118,71,71,0,2,69,EGYENI,,,
230754,02_110_001,160,94,94,0,6,88,EGYENI,,,
230756,02_111_001,256,177,176,-1,0,176,EGYENI,,,
230758,02_112_001,225,148,148,0,0,148,EGYENI,,,
230760,02_113_001,243,171,165,-6,0,165,EGYENI,,,
230762,02_114_001,48,38,38,0,3,35,EGYENI,,,
230764,02_115_001,1096,818,817,-1,11,806,EGYENI,,,
230766,02_116_001,141,100,98,-2,1,97,EGYENI,,,
230768,02_117_001,367,253,253,0,3,250,EGYENI,,,
230770,02_118_001,532,329,328,-1,4,324,EGYENI,,,
230772,02_119_001,697,401,401,0,5,396,EGYENI,,,
230774,02_120_001,156,106,106,0,4,102,EGYENI,,,
230776,02_121_001,56,42,42,0,0,42,EGYENI,,,
230778,02_122_001,78,49,49,0,2,47,EGYENI,,,
230780,02_123_001,90,62,62,0,0,62,EGYENI,,,
230782,02_124_001,184,118,118,0,5,113,EGYENI,,,
230784,02_125_001,140,84,84,0,2,82,EGYENI,,,
230786,02_126_001,388,235,235,0,2,233,EGYENI,,,
230788,02_127_001,162,113,113,0,2,111,EGYENI,,,
230790,02_128_001,92,54,50,-4,0,50,EGYENI,,,
230792,02_129_001,188,129,129,0,1,128,EGYENI,,,
230794,02_130_001,236,145,145,0,3,142,EGYENI,,,
230796,02_131_001,141,87,87,0,1,86,EGYENI,,,
230798,02_132_001,128,78,78,0,3,75,EGYENI,,,
230800,02_132_002,77,36,36,0,2,34,EGYENI,,,
230802,02_133_001,102,47,47,0,1,46,EGYENI,,,
230804,02_134_001,161,98,98,0,2,96,EGYENI,,,
230806,02_135_001,251,156,156,0,5,151,EGYENI,,,
230808,02_136_001,237,121,121,0,2,119,EGYENI,,,
230810,02_137_001,884,468,467,-1,8,459,EGYENI,,,
230812,02_137_002,837,460,460,0,10,450,EGYENI,,,
230814,02_137_003,905,462,464,2,19,445,EGYENI,,,
230816,02_137_004,1128,689,689,0,7,682,EGYENI,,,
230818,02_137_005,941,592,592,0,11,581,EGYENI,,,
230820,02_137_006,1112,649,650,1,20,630,EGYENI,,,
230822,02_137_007,787,507,507,0,8,499,EGYENI,,,
230824,02_137_008,797,522,522,0,8,514,EGYENI,,,
230826,02_137_009,1199,759,755,-4,5,750,EGYENI,,,
230828,02_137_010,707,462,461,-1,7,454,EGYENI,,,
230830,02_137_011,745,527,527,0,9,518,EGYENI,,,
230832,02_137_012,1180,550,550,0,13,537,EGYENI,,,
230834,02_137_013,1156,568,568,0,13,555,EGYENI,,,
230836,02_137_014,1084,628,623,-5,10,613,EGYENI,,,
230838,02_137_015,1135,649,649,0,18,631,EGYENI,,,
230840,02_137_016,874,471,468,-3,5,463,EGYENI,,,
230842,02_137_017,1310,770,768,-2,17,751,EGYENI,,,
230844,02_137_018,837,609,607,-2,4,603,EGYENI,,,
230846,02_137_019,722,525,525,0,7,518,EGYENI,,,
230848,02_137_020,358,254,254,0,3,251,EGYENI,,,
230850,02_137_021,590,380,378,-2,5,373,EGYENI,,,
230852,02_137_022,151,103,103,0,0,103,EGYENI,,,
230854,02_138_001,197,132,132,0,2,130,EGYENI,,,
230857,02_139_001,50,43,43,0,2,41,EGYENI,,,
230859,02_140_001,963,684,684,0,8,676,EGYENI,,,
230860,02_140_002,935,732,731,-1,6,725,EGYENI,,,
230862,02_140_003,1042,824,821,-3,6,815,EGYENI,,,
230864,02_140_004,1049,789,787,-2,12,775,EGYENI,,,
230866,02_140_005,961,758,754,-4,8,746,EGYENI,,,
230868,02_141_001,157,86,86,0,2,84,EGYENI,,,
230870,02_142_001,168,99,99,0,4,95,EGYENI,,,
230872,02_143_001,539,387,387,0,1,386,EGYENI,,,
230874,02_144_001,776,442,442,0,8,434,EGYENI,,,
230876,02_145_001,602,427,425,-2,7,418,EGYENI,,,
230878,02_145_002,473,256,256,0,1,255,EGYENI,,,
230880,02_146_001,265,176,176,0,4,172,EGYENI,,,
230882,02_147_001,136,96,95,-1,1,94,EGYENI,,,
230884,02_148_001,1046,750,750,0,12,738,EGYENI,,,
230886,02_148_002,942,604,604,0,6,598,EGYENI,,,
230888,02_149_001,299,193,193,0,4,189,EGYENI,,,
230890,02_150_001,397,258,258,0,3,255,EGYENI,,,
230892,02_151_001,145,92,92,0,3,89,EGYENI,,,
230894,02_152_001,196,132,132,0,1,131,EGYENI,,,
230896,02_153_001,224,128,128,0,1,127,EGYENI,,,
230898,02_154_001,156,89,89,0,2,87,EGYENI,,,
230900,02_155_001,735,464,464,0,2,462,EGYENI,,,
230902,02_156_001,568,391,391,0,6,385,EGYENI,,,
230904,02_157_001,413,295,295,0,2,293,EGYENI,,,
230906,02_157_002,87,54,54,0,1,53,EGYENI,,,
230908,02_158_001,65,45,45,0,0,45,EGYENI,,,
230910,02_159_001,230,158,158,0,1,157,EGYENI,,,
230912,02_160_001,243,178,178,0,2,176,EGYENI,,,
230914,02_161_001,814,571,570,-1,12,558,EGYENI,,,
230916,02_162_001,152,102,103,1,1,102,EGYENI,,,
230918,02_163_001,741,484,482,-2,3,479,EGYENI,,,
230920,02_164_001,153,89,89,0,2,87,EGYENI,,,
230922,02_165_001,45,33,33,0,0,33,EGYENI,,,
230924,02_166_001,63,47,47,0,1,46,EGYENI,,,
230926,02_167_001,191,152,152,0,2,150,EGYENI,,,
230928,02_168_001,245,163,163,0,1,162,EGYENI,,,
230930,02_169_001,924,626,626,0,7,619,EGYENI,,,
230932,02_169_002,892,541,539,-2,6,533,EGYENI,,,
230934,02_170_001,636,425,425,0,6,419,EGYENI,,,
230936,02_171_001,149,107,107,0,1,106,EGYENI,,,
230938,02_172_001,408,221,219,-2,4,215,EGYENI,,,
230940,02_173_001,350,253,253,0,2,251,EGYENI,,,
230942,02_174_001,713,445,444,-1,8,436,EGYENI,,,
230944,02_174_002,234,152,152,0,1,151,EGYENI,,,
230946,02_175_001,650,476,476,0,5,471,EGYENI,,,
230948,02_175_002,632,408,405,-3,3,402,EGYENI,,,
230950,02_176_001,335,210,210,0,2,208,EGYENI,,,
230952,02_177_001,221,135,136,1,7,129,EGYENI,,,
230954,02_178_001,184,136,136,0,3,133,EGYENI,,,
230956,02_179_001,101,59,59,0,2,57,EGYENI,,,
230958,02_180_001,249,139,139,0,2,137,EGYENI,,,
230960,02_180_002,355,244,244,0,5,239,EGYENI,,,
230962,02_181_001,787,549,548,-1,5,543,EGYENI,,,
230964,02_181_002,610,423,424,1,8,416,EGYENI,,,
230966,02_181_003,2117,1802,1798,-4,29,1769,EGYENI,,,
230968,02_181_004,838,591,591,0,5,586,EGYENI,,,
230970,02_181_005,552,368,368,0,3,365,EGYENI,,,
230972,02_181_006,609,450,451,1,9,442,EGYENI,,,
230974,02_181_007,792,567,567,0,8,559,EGYENI,,,
230976,02_181_008,658,451,445,-6,8,437,EGYENI,,,
230978,02_181_009,606,306,306,0,3,303,EGYENI,,,
230980,02_181_010,920,674,670,-4,0,670,EGYENI,,,
230982,02_181_011,720,421,421,0,4,417,EGYENI,,,
230984,02_181_012,854,591,592,1,12,580,EGYENI,,,
230986,02_181_013,680,483,483,0,4,479,EGYENI,,,
230988,02_181_014,739,508,504,-4,6,498,EGYENI,,,
230990,02_181_015,787,543,543,0,3,540,EGYENI,,,
230992,02_181_016,787,462,463,1,8,455,EGYENI,,,
230994,02_181_017,758,443,442,-1,5,437,EGYENI,,,
230996,02_181_018,753,403,405,2,16,389,EGYENI,,,
230998,02_181_019,780,485,485,0,2,483,EGYENI,,,
231000,02_181_020,98,47,47,0,1,46,EGYENI,,,
231002,02_181_021,169,103,103,0,2,101,EGYENI,,,
231004,02_181_022,61,33,33,0,0,33,EGYENI,,,
231006,02_181_023,443,279,278,-1,5,273,EGYENI,,,
231008,02_182_001,142,91,91,0,0,91,EGYENI,,,
231010,02_183_001,140,101,101,0,2,99,EGYENI,,,
231012,02_184_001,468,288,288,0,5,283,EGYENI,,,
231014,02_184_002,221,113,113,0,6,107,EGYENI,,,
231016,02_185_001,142,109,109,0,0,109,EGYENI,,,
231018,02_186_001,103,73,73,0,2,71,EGYENI,,,
231020,02_187_001,442,229,222,-7,9,213,EGYENI,,,
231022,02_188_001,230,144,138,-6,8,130,EGYENI,,,
231024,02_189_001,571,338,338,0,8,330,EGYENI,,,
231026,02_189_002,576,362,362,0,3,359,EGYENI,,,
231028,02_190_001,742,550,546,-4,6,540,EGYENI,,,
231030,02_190_002,805,648,647,-1,4,643,EGYENI,,,
231032,02_191_001,554,415,415,0,3,412,EGYENI,,,
231034,02_192_001,293,199,197,-2,4,193,EGYENI,,,
231036,02_193_001,527,347,347,0,2,345,EGYENI,,,
231038,02_194_001,255,177,177,0,5,172,EGYENI,,,
231040,02_195_001,237,184,182,-2,7,175,EGYENI,,,
231042,02_196_001,93,70,70,0,4,66,EGYENI,,,
231044,02_196_002,95,61,61,0,3,58,EGYENI,,,
231046,02_197_001,178,105,105,0,2,103,EGYENI,,,
231048,02_198_001,114,61,61,0,1,60,EGYENI,,,
231050,02_199_001,63,44,44,0,0,44,EGYENI,,,
231052,02_200_001,478,338,338,0,2,336,EGYENI,,,
231054,02_201_001,230,151,151,0,9,142,EGYENI,,,
231056,02_202_001,860,622,620,-2,8,612,EGYENI,,,
231058,02_203_001,235,155,153,-2,5,148,EGYENI,,,
231060,02_204_001,99,81,80,-1,2,78,EGYENI,,,
231062,02_205_001,311,205,201,-4,1,200,EGYENI,,,
231064,02_206_001,275,220,220,0,3,217,EGYENI,,,
231066,02_207_001,118,79,79,0,4,75,EGYENI,,,
231068,02_208_001,66,48,48,0,0,48,EGYENI,,,
231070,02_209_001,210,145,145,0,0,145,EGYENI,,,
231072,02_210_001,661,491,491,0,3,488,EGYENI,,,
231074,02_211_001,256,159,160,1,7,153,EGYENI,,,
231076,02_212_001,135,108,108,0,2,106,EGYENI,,,
231078,02_213_001,1007,701,700,-1,6,694,EGYENI,,,
231080,02_213_002,864,635,633,-2,5,628,EGYENI,,,
231082,02_214_001,131,104,104,0,2,102,EGYENI,,,
231084,02_215_001,173,119,119,0,1,118,EGYENI,,,
231086,02_216_001,106,70,68,-2,1,67,EGYENI,,,
231088,02_217_001,696,476,475,-1,8,467,EGYENI,,,
231090,02_217_002,677,465,465,0,7,458,EGYENI,,,
231092,02_217_003,1028,604,604,0,13,591,EGYENI,,,
231094,02_217_004,940,629,623,-6,3,620,EGYENI,,,
231096,02_217_005,836,530,529,-1,1,528,EGYENI,,,
231098,02_217_006,823,494,494,0,5,489,EGYENI,,,
231100,02_217_007,689,438,436,-2,17,419,EGYENI,,,
231102,02_217_008,980,624,624,0,3,621,EGYENI,,,
231104,02_217_009,1031,600,600,0,11,589,EGYENI,,,
231106,02_217_010,623,462,462,0,2,460,EGYENI,,,
231108,02_217_011,1017,547,547,0,8,539,EGYENI,,,
231110,02_217_012,685,462,462,0,3,459,EGYENI,,,
231112,02_217_013,1031,521,521,0,4,517,EGYENI,,,
231114,02_217_014,801,510,510,0,7,503,EGYENI,,,
231116,02_217_015,708,400,404,4,39,365,EGYENI,,,
231118,02_217_016,789,598,598,0,4,594,EGYENI,,,
231120,02_217_017,848,591,591,0,8,583,EGYENI,,,
231122,02_217_018,660,408,408,0,12,396,EGYENI,,,
231124,02_217_019,916,686,687,1,14,673,EGYENI,,,
231126,02_217_020,1145,852,850,-2,9,841,EGYENI,,,
231128,02_217_021,1000,753,753,0,9,744,EGYENI,,,
231130,02_217_022,153,129,129,0,1,128,EGYENI,,,
231132,02_217_023,691,425,424,-1,6,418,EGYENI,,,
231134,02_217_024,790,526,527,1,14,513,EGYENI,,,
231136,02_217_025,753,591,584,-7,5,579,EGYENI,,,
231138,02_217_026,848,649,649,0,10,639,EGYENI,,,
231140,02_217_027,711,551,551,0,3,548,EGYENI,,,
231142,02_217_028,733,511,508,-3,4,504,EGYENI,,,
231144,02_217_029,743,487,481,-6,4,477,EGYENI,,,
231146,02_217_030,704,464,464,0,11,453,EGYENI,,,
231148,02_217_031,794,575,575,0,6,569,EGYENI,,,
231150,02_217_032,744,567,566,-1,11,555,EGYENI,,,
231152,02_217_033,669,477,477,0,3,474,EGYENI,,,
231154,02_217_034,581,429,429,0,2,427,EGYENI,,,
231156,02_217_035,749,592,591,-1,5,586,EGYENI,,,
231158,02_217_036,896,637,637,0,5,632,EGYENI,,,
231160,02_217_037,738,491,491,0,10,481,EGYENI,,,
231162,02_217_038,645,408,408,0,4,404,EGYENI,,,
231164,02_217_039,1096,821,820,-1,8,812,EGYENI,,,
231166,02_217_040,814,517,517,0,2,515,EGYENI,,,
231168,02_217_041,589,338,337,-1,9,328,EGYENI,,,
231170,02_217_042,1500,499,498,-1,5,493,EGYENI,,,
231172,02_217_043,601,435,435,0,8,427,EGYENI,,,
231174,02_217_044,1182,864,857,-7,4,853,EGYENI,,,
231176,02_217_045,731,508,507,-1,10,497,EGYENI,,,
231178,02_217_046,631,462,462,0,5,457,EGYENI,,,
231180,02_217_047,165,118,118,0,0,118,EGYENI,,,
231182,02_217_048,3439,3046,3030,-16,15,3015,EGYENI,,,
231184,02_217_049,716,509,509,0,8,501,EGYENI,,,
231186,02_217_050,710,546,545,-1,7,538,EGYENI,,,
231188,02_217_051,930,698,698,0,7,691,EGYENI,,,
231190,02_217_052,936,702,701,-1,7,694,EGYENI,,,
231192,02_217_053,633,472,472,0,0,472,EGYENI,,,
231194,02_217_054,662,483,483,0,3,480,EGYENI,,,
231196,02_217_055,703,508,508,0,6,502,EGYENI,,,
231198,02_217_056,1022,724,723,-1,7,716,EGYENI,,,
231200,02_217_057,618,452,451,-1,4,447,EGYENI,,,
231202,02_217_058,950,660,661,1,18,643,EGYENI,,,
231204,02_217_059,649,512,512,0,5,507,EGYENI,,,
231206,02_217_060,1008,798,798,0,6,792,EGYENI,,,
231208,02_217_061,638,495,495,0,2,493,EGYENI,,,
231210,02_217_062,737,622,621,-1,5,616,EGYENI,,,
231212,02_217_063,1016,827,827,0,16,811,EGYENI,,,
231214,02_217_064,824,671,610,-61,7,603,EGYENI,,,
231216,02_217_065,1001,792,790,-2,6,784,EGYENI,,,
231218,02_217_066,1114,734,734,0,4,730,EGYENI,,,
231220,02_217_067,827,644,644,0,2,642,EGYENI,,,
231222,02_217_068,684,583,582,-1,4,578,EGYENI,,,
231224,02_217_069,2944,2565,2563,-2,21,2542,EGYENI,,,
231226,02_217_070,650,460,460,0,9,451,EGYENI,,,
231228,02_217_071,720,486,485,-1,4,481,EGYENI,,,
231230,02_217_072,914,601,599,-2,13,586,EGYENI,,,
231232,02_217_073,968,658,658,0,6,652,EGYENI,,,
231234,02_217_074,739,506,505,-1,6,499,EGYENI,,,
231236,02_217_075,827,566,566,0,6,560,EGYENI,,,
231238,02_217_076,919,636,630,-6,7,623,EGYENI,,,
231240,02_217_077,886,636,633,-3,6,627,EGYENI,,,
231242,02_217_078,676,429,428,-1,7,421,EGYENI,,,
231244,02_217_079,626,494,494,0,4,490,EGYENI,,,
231246,02_217_080,621,473,473,0,4,469,EGYENI,,,
231248,02_217_081,1064,814,808,-6,6,802,EGYENI,,,
231250,02_217_082,1033,707,703,-4,9,694,EGYENI,,,
231252,02_217_083,1044,831,830,-1,10,820,EGYENI,,,
231254,02_217_084,873,646,646,0,9,637,EGYENI,,,
231256,02_217_085,914,706,706,0,5,701,EGYENI,,,
231258,02_217_086,737,522,520,-2,18,502,EGYENI,,,
231260,02_217_087,979,735,737,2,22,715,EGYENI,,,
231262,02_217_088,1130,939,938,-1,8,930,EGYENI,,,
231264,02_217_089,1017,743,743,0,11,732,EGYENI,,,
231266,02_217_090,1150,846,846,0,14,832,EGYENI,,,
231268,02_217_091,954,680,679,-1,14,665,EGYENI,,,
231270,02_217_092,792,611,610,-1,6,604,EGYENI,,,
231272,02_217_093,693,514,513,-1,7,506,EGYENI,,,
231274,02_217_094,601,468,468,0,4,464,EGYENI,,,
231276,02_217_095,706,483,483,0,1,482,EGYENI,,,
231278,02_217_096,772,533,532,-1,5,527,EGYENI,,,
231280,02_217_097,953,593,590,-3,9,581,EGYENI,,,
231282,02_217_098,743,451,450,-1,6,444,EGYENI,,,
231284,02_217_099,674,432,432,0,7,425,EGYENI,,,
231286,02_217_100,923,619,616,-3,6,610,EGYENI,,,
231288,02_217_101,984,622,622,0,12,610,EGYENI,,,
231290,02_217_102,772,527,523,-4,3,520,EGYENI,,,
231292,02_217_103,920,597,595,-2,5,590,EGYENI,,,
231294,02_217_104,672,461,460,-1,2,458,EGYENI,,,
231296,02_217_105,721,523,524,1,14,510,EGYENI,,,
231298,02_217_106,774,506,505,-1,4,501,EGYENI,,,
231300,02_217_107,712,473,470,-3,7,463,EGYENI,,,
231302,02_217_108,691,477,479,2,22,457,EGYENI,,,
231304,02_217_109,645,401,401,0,2,399,EGYENI,,,
231306,02_217_110,899,587,587,0,5,582,EGYENI,,,
231308,02_217_111,876,661,658,-3,4,654,EGYENI,,,
231310,02_217_112,901,575,575,0,2,573,EGYENI,,,
231312,02_217_113,855,572,570,-2,2,568,EGYENI,,,
231314,02_217_114,829,505,505,0,10,495,EGYENI,,,
231316,02_217_115,861,537,532,-5,6,526,EGYENI,,,
231318,02_217_116,808,529,529,0,3,526,EGYENI,,,
231320,02_217_117,735,493,488,-5,3,485,EGYENI,,,
231322,02_217_118,688,462,460,-2,1,459,EGYENI,,,
231324,02_217_119,789,539,540,1,9,531,EGYENI,,,
231326,02_217_120,601,406,403,-3,3,400,EGYENI,,,
231328,02_217_121,944,653,651,-2,5,646,EGYENI,,,
231330,02_217_122,993,665,665,0,6,659,EGYENI,,,
231332,02_217_123,1338,964,962,-2,6,956,EGYENI,,,
231334,02_217_124,821,532,532,0,8,524,EGYENI,,,
231336,02_217_125,1207,792,791,-1,9,782,EGYENI,,,
231338,02_217_126,735,472,472,0,5,467,EGYENI,,,
231340,02_217_127,876,622,622,0,6,616,EGYENI,,,
231342,02_217_128,889,600,599,-1,6,593,EGYENI,,,
231344,02_217_129,827,581,578,-3,3,575,EGYENI,,,
231346,02_217_130,887,595,592,-3,6,586,EGYENI,,,
231348,02_217_131,1064,785,782,-3,7,775,EGYENI,,,
231350,02_217_132,766,531,531,0,5,526,EGYENI,,,
231352,02_217_133,749,526,525,-1,6,519,EGYENI,,,
231354,02_217_134,616,333,332,-1,6,326,EGYENI,,,
231356,02_218_001,83,51,51,0,0,51,EGYENI,,,
231358,02_219_001,80,48,48,0,0,48,EGYENI,,,
231360,02_220_001,622,471,466,-5,11,455,EGYENI,,,
231362,02_221_001,1106,780,780,0,14,766,EGYENI,,,
231364,02_221_002,1069,794,794,0,7,787,EGYENI,,,
231366,02_221_003,1008,661,661,0,11,650,EGYENI,,,
231368,02_222_001,177,143,141,-2,0,141,EGYENI,,,
231370,02_223_001,1038,751,752,1,19,733,EGYENI,,,
231372,02_224_001,141,91,91,0,3,88,EGYENI,,,
231374,02_225_001,160,116,116,0,7,109,EGYENI,,,
231376,02_226_001,140,71,71,0,1,70,EGYENI,,,
231378,02_227_001,433,329,329,0,1,328,EGYENI,,,
231380,02_228_001,258,155,155,0,5,150,EGYENI,,,
231382,02_229_001,156,118,118,0,6,112,EGYENI,,,
231384,02_230_001,91,62,62,0,3,59,EGYENI,,,
231386,02_231_001,853,492,492,0,3,489,EGYENI,,,
231388,02_231_002,801,556,556,0,4,552,EGYENI,,,
231390,02_231_003,778,498,498,0,11,487,EGYENI,,,
231392,02_232_001,513,357,355,-2,1,354,EGYENI,,,
231394,02_233_001,635,405,405,0,2,403,EGYENI,,,
231396,02_233_002,733,412,412,0,6,406,EGYENI,,,
231398,02_233_003,775,509,508,-1,8,500,EGYENI,,,
231400,02_234_001,611,431,431,0,2,429,EGYENI,,,
231402,02_234_002,507,321,320,-1,4,316,EGYENI,,,
231404,02_234_003,870,503,503,0,8,495,EGYENI,,,
231406,02_234_004,920,577,577,0,3,574,EGYENI,,,
231408,02_234_005,936,618,618,0,10,608,EGYENI,,,
231410,02_234_006,958,638,638,0,5,633,EGYENI,,,
231412,02_234_007,931,601,606,5,39,567,EGYENI,,,
231414,02_234_008,828,577,577,0,7,570,EGYENI,,,
231416,02_234_009,938,554,549,-5,5,544,EGYENI,,,
231418,02_235_001,103,67,67,0,2,65,EGYENI,,,
231420,02_236_001,302,169,169,0,1,168,EGYENI,,,
231422,02_237_001,642,431,430,-1,7,423,EGYENI,,,
231424,02_237_002,560,405,405,0,7,398,EGYENI,,,
231426,02_238_001,362,225,225,0,4,221,EGYENI,,,
231428,02_239_001,246,138,138,0,2,136,EGYENI,,,
231430,02_240_001,189,124,124,0,3,121,EGYENI,,,
231432,02_240_002,114,71,71,0,4,67,EGYENI,,,
231434,02_241_001,166,96,95,-1,1,94,EGYENI,,,
231436,02_242_001,121,91,91,0,6,85,EGYENI,,,
231438,02_243_001,258,152,152,0,2,150,EGYENI,,,
231440,02_243_002,72,48,48,0,1,47,EGYENI,,,
231442,02_244_001,644,423,423,0,7,416,EGYENI,,,
231444,02_245_001,622,473,473,0,4,469,EGYENI,,,
231446,02_246_001,244,150,150,0,5,145,EGYENI,,,
231448,02_247_001,765,537,537,0,5,532,EGYENI,,,
231450,02_247_002,161,107,107,0,2,105,EGYENI,,,
231452,02_248_001,175,123,123,0,2,121,EGYENI,,,
231454,02_249_001,254,144,144,0,1,143,EGYENI,,,
231456,02_250_001,93,67,67,0,1,66,EGYENI,,,
231458,02_251_001,37,24,24,0,0,24,EGYENI,,,
231460,02_252_001,980,598,593,-5,10,583,EGYENI,,,
231462,02_252_002,905,633,603,-30,7,596,EGYENI,,,
231464,02_253_001,270,176,174,-2,4,170,EGYENI,,,
231466,02_254_001,712,494,495,1,13,482,EGYENI,,,
231468,02_254_002,717,433,438,5,30,408,EGYENI,,,
231470,02_255_001,110,57,57,0,2,55,EGYENI,,,
231472,02_256_001,392,265,256,-9,4,252,EGYENI,,,
231474,02_257_001,241,145,145,0,2,143,EGYENI,,,
231476,02_258_001,268,179,179,0,11,168,EGYENI,,,
231478,02_259_001,75,49,49,0,0,49,EGYENI,,,
231480,02_260_001,379,234,234,0,4,230,EGYENI,,,
231482,02_260_002,227,157,157,0,1,156,EGYENI,,,
231484,02_261_001,899,644,645,1,10,635,EGYENI,,,
231486,02_261_002,509,332,331,-1,3,328,EGYENI,,,
231488,02_261_003,624,409,409,0,1,408,EGYENI,,,
231490,02_261_004,695,507,507,0,5,502,EGYENI,,,
231492,02_261_005,777,498,498,0,3,495,EGYENI,,,
231494,02_261_006,748,486,487,1,12,475,EGYENI,,,
231496,02_261_007,651,439,439,0,6,433,EGYENI,,,
231498,02_261_008,160,85,85,0,0,85,EGYENI,,,
231500,02_262_001,433,280,280,0,3,277,EGYENI,,,
231502,02_263_001,924,613,613,0,6,607,EGYENI,,,
231504,02_263_002,1021,720,719,-1,8,711,EGYENI,,,
231506,02_263_003,971,665,665,0,3,662,EGYENI,,,
231508,02_263_004,651,423,423,0,6,417,EGYENI,,,
231510,02_263_005,2187,1836,1823,-13,16,1807,EGYENI,,,
231512,02_263_006,1007,606,606,0,10,596,EGYENI,,,
231514,02_263_007,966,634,634,0,3,631,EGYENI,,,
231516,02_263_008,632,437,437,0,5,432,EGYENI,,,
231518,02_263_009,572,368,367,-1,3,364,EGYENI,,,
231520,02_263_010,249,142,142,0,1,141,EGYENI,,,
231522,02_263_011,544,241,241,0,3,238,EGYENI,,,
231524,02_264_001,233,161,161,0,2,159,EGYENI,,,
231526,02_265_001,107,77,77,0,5,72,EGYENI,,,
231528,02_266_001,58,39,39,0,0,39,EGYENI,,,
231530,02_267_001,96,60,60,0,4,56,EGYENI,,,
231532,02_268_001,293,187,187,0,3,184,EGYENI,,,
231534,02_269_001,187,116,116,0,3,113,EGYENI,,,
231536,02_270_001,206,131,131,0,2,129,EGYENI,,,
231538,02_271_001,75,44,44,0,0,44,EGYENI,,,
231540,02_272_001,251,130,131,1,7,124,EGYENI,,,
231542,02_273_001,48,37,37,0,1,36,EGYENI,,,
231544,02_274_001,190,107,107,0,2,105,EGYENI,,,
231546,02_275_001,142,90,90,0,1,89,EGYENI,,,
231548,02_276_001,228,125,124,-1,3,121,EGYENI,,,
231550,02_277_001,199,119,119,0,2,117,EGYENI,,,
231552,02_278_001,98,69,69,0,2,67,EGYENI,,,
231554,02_279_001,110,85,85,0,2,83,EGYENI,,,
231556,02_280_001,415,242,240,-2,5,235,EGYENI,,,
231558,02_281_001,205,137,137,0,3,134,EGYENI,,,
231560,02_282_001,113,79,77,-2,1,76,EGYENI,,,
231562,02_283_001,793,491,491,0,9,482,EGYENI,,,
231564,02_284_001,695,448,447,-1,5,442,EGYENI,,,
231566,02_284_002,684,433,433,0,1,432,EGYENI,,,
231568,02_285_001,61,50,50,0,0,50,EGYENI,,,
231570,02_286_001,100,59,58,-1,0,58,EGYENI,,,
231572,02_287_001,155,97,97,0,0,97,EGYENI,,,
231574,02_288_001,863,483,483,0,7,476,EGYENI,,,
231576,02_289_001,92,60,60,0,0,60,EGYENI,,,
231578,02_290_001,125,90,90,0,2,88,EGYENI,,,
231580,02_291_001,106,60,60,0,2,58,EGYENI,,,
231582,02_292_001,685,388,388,0,7,381,EGYENI,,,
231584,02_293_001,112,81,81,0,5,76,EGYENI,,,
231586,02_294_001,1066,646,646,0,16,630,EGYENI,,,
231588,02_295_001,870,565,565,0,12,553,EGYENI,,,
231590,02_295_002,783,598,597,-1,8,589,EGYENI,,,
231592,02_295_003,153,105,105,0,0,105,EGYENI,,,
231594,02_296_001,189,151,151,0,2,149,EGYENI,,,
231596,02_297_001,654,415,415,0,3,412,EGYENI,,,
231598,02_298_001,193,127,127,0,0,127,EGYENI,,,
231600,02_299_001,251,151,151,0,3,148,EGYENI,,,
231602,02_300_001,342,268,268,0,3,265,EGYENI,,,
231604,02_301_001,227,142,142,0,3,139,EGYENI,,,
231606,03_001_001,1364,988,986,-2,3,983,EGYENI,,,
231608,03_001_002,1263,870,870,0,13,857,EGYENI,,,
231610,03_002_001,818,547,547,0,7,540,EGYENI,,,
231612,03_002_002,841,527,524,-3,11,513,EGYENI,,,
231614,03_003_001,776,504,504,0,5,499,EGYENI,,,
231616,03_003_002,716,477,477,0,3,474,EGYENI,,,
231618,03_004_001,935,634,633,-1,7,626,EGYENI,,,
231620,03_004_002,1146,817,816,-1,13,803,EGYENI,,,
231622,03_004_003,807,603,603,0,11,592,EGYENI,,,
231624,03_004_004,972,693,691,-2,6,685,EGYENI,,,
231626,03_004_005,956,740,739,-1,10,729,EGYENI,,,
231628,03_004_006,1153,852,851,-1,9,842,EGYENI,,,
231630,03_004_007,880,653,652,-1,4,648,EGYENI,,,
231632,03_004_008,821,579,578,-1,4,574,EGYENI,,,
231634,03_004_009,890,604,603,-1,2,601,EGYENI,,,
231636,03_004_010,1038,741,741,0,6,735,EGYENI,,,
231638,03_004_011,775,568,568,0,4,564,EGYENI,,,
231640,03_004_012,947,728,728,0,7,721,EGYENI,,,
231642,03_004_013,805,609,609,0,0,609,EGYENI,,,
231644,03_004_014,927,657,656,-1,7,649,EGYENI,,,
231646,03_004_015,1111,786,786,0,5,781,EGYENI,,,
231648,03_004_016,1207,838,838,0,10,828,EGYENI,,,
231650,03_004_017,876,639,639,0,7,632,EGYENI,,,
231652,03_004_018,891,612,612,0,3,609,EGYENI,,,
231654,03_004_019,586,431,431,0,5,426,EGYENI,,,
231656,03_004_020,893,522,523,1,11,512,EGYENI,,,
231658,03_004_021,1080,744,743,-1,4,739,EGYENI,,,
231660,03_004_022,886,572,572,0,5,567,EGYENI,,,
231662,03_004_023,933,608,605,-3,6,599,EGYENI,,,
231664,03_004_024,1008,695,695,0,5,690,EGYENI,,,
231666,03_004_025,829,542,541,-1,10,531,EGYENI,,,
231668,03_004_026,764,530,526,-4,6,520,EGYENI,,,
231670,03_004_027,917,625,625,0,7,618,EGYENI,,,
231672,03_004_028,668,453,453,0,7,446,EGYENI,,,
231674,03_004_029,1030,662,662,0,8,654,EGYENI,,,
231676,03_004_030,1970,1766,1758,-8,9,1749,EGYENI,,,
231678,03_004_031,355,209,208,-1,2,206,EGYENI,,,
231680,03_004_032,476,242,242,0,6,236,EGYENI,,,
231682,03_005_001,730,555,554,-1,7,547,EGYENI,,,
231684,03_005_002,1141,747,749,2,20,729,EGYENI,,,
231686,03_005_003,1176,898,898,0,10,888,EGYENI,,,
231688,03_006_001,1012,613,612,-1,4,608,EGYENI,,,
231690,03_006_002,135,53,53,0,0,53,EGYENI,,,
231692,03_007_001,847,487,487,0,7,480,EGYENI,,,
231694,03_007_002,918,506,506,0,8,498,EGYENI,,,
231696,03_007_003,764,468,468,0,7,461,EGYENI,,,
231698,03_007_004,888,472,472,0,10,462,EGYENI,,,
231700,03_007_005,847,548,548,0,12,536,EGYENI,,,
231702,03_007_006,856,567,567,0,4,563,EGYENI,,,
231704,03_008_001,1052,579,578,-1,8,570,EGYENI,,,
231706,03_008_002,1039,603,603,0,13,590,EGYENI,,,
231708,03_009_001,890,507,506,-1,4,502,EGYENI,,,
231710,03_010_001,121,85,85,0,0,85,EGYENI,,,
231712,03_011_001,253,142,142,0,4,138,EGYENI,,,
231714,03_012_001,643,418,420,2,15,405,EGYENI,,,
231716,03_012_002,565,388,388,0,2,386,EGYENI,,,
231718,03_013_001,800,557,557,0,12,545,EGYENI,,,
231720,03_013_002,826,506,506,0,9,497,EGYENI,,,
231722,03_014_001,995,599,600,1,8,592,EGYENI,,,
231724,03_015_001,710,475,475,0,7,468,EGYENI,,,
231726,03_015_002,707,486,483,-3,16,467,EGYENI,,,
231728,03_016_001,920,611,610,-1,8,602,EGYENI,,,
231730,03_016_002,898,604,604,0,6,598,EGYENI,,,
231732,03_016_003,320,219,219,0,4,215,EGYENI,,,
231735,03_017_001,204,141,141,0,6,135,EGYENI,,,
231737,03_018_001,611,364,364,0,3,361,EGYENI,,,
231738,03_018_002,600,397,395,-2,5,390,EGYENI,,,
231740,03_018_003,623,439,439,0,4,435,EGYENI,,,
231742,03_019_001,554,370,370,0,2,368,EGYENI,,,
231744,03_019_002,584,352,352,0,8,344,EGYENI,,,
231746,03_020_001,628,408,407,-1,5,402,EGYENI,,,
231748,03_020_002,755,439,439,0,6,433,EGYENI,,,
231750,03_021_001,827,587,586,-1,11,575,EGYENI,,,
231752,03_021_002,838,539,539,0,0,539,EGYENI,,,
231754,03_022_001,622,357,357,0,7,350,EGYENI,,,
231756,03_023_001,671,448,448,0,4,444,EGYENI,,,
231758,03_023_002,573,406,406,0,5,401,EGYENI,,,
231760,03_024_001,802,434,433,-1,6,427,EGYENI,,,
231762,03_024_002,781,468,468,0,7,461,EGYENI,,,
231764,03_025_001,264,164,164,0,2,162,EGYENI,,,
231766,03_026_001,591,342,342,0,7,335,EGYENI,,,
231768,03_026_002,606,362,362,0,2,360,EGYENI,,,
231770,03_027_001,709,483,483,0,11,472,EGYENI,,,
231772,03_028_001,849,494,492,-2,3,489,EGYENI,,,
231774,03_028_002,821,596,596,0,6,590,EGYENI,,,
231776,03_028_003,929,573,572,-1,7,565,EGYENI,,,
231778,03_029_001,620,375,375,0,2,373,EGYENI,,,
231780,03_030_001,455,291,290,-1,2,288,EGYENI,,,
231782,03_031_001,748,489,489,0,7,482,EGYENI,,,
231784,03_031_002,774,481,481,0,4,477,EGYENI,,,
231786,03_031_003,760,453,453,0,8,445,EGYENI,,,
231788,03_031_004,762,415,415,0,6,409,EGYENI,,,
231790,03_032_001,734,567,551,-16,5,546,EGYENI,,,
231792,03_032_002,836,542,540,-2,8,532,EGYENI,,,
231794,03_032_003,810,556,556,0,12,544,EGYENI,,,
231796,03_033_001,1069,682,682,0,10,672,EGYENI,,,
231798,03_033_002,1197,741,741,0,12,729,EGYENI,,,
231800,03_034_001,479,295,294,-1,4,290,EGYENI,,,
231802,03_035_001,711,463,463,0,10,453,EGYENI,,,
231804,03_035_002,580,379,379,0,6,373,EGYENI,,,
231806,03_036_001,757,528,528,0,3,525,EGYENI,,,
231808,03_037_001,896,563,561,-2,7,554,EGYENI,,,
231810,03_037_002,613,389,389,0,8,381,EGYENI,,,
231812,03_038_001,666,441,439,-2,7,432,EGYENI,,,
231814,03_038_002,564,384,383,-1,7,376,EGYENI,,,
231816,03_039_001,690,486,485,-1,4,481,EGYENI,,,
231818,03_040_001,909,655,655,0,4,651,EGYENI,,,
231820,03_041_001,910,513,510,-3,9,501,EGYENI,,,
231822,03_041_002,911,563,563,0,7,556,EGYENI,,,
231824,03_042_001,683,401,400,-1,0,400,EGYENI,,,
231826,03_042_002,872,499,499,0,7,492,EGYENI,,,
231828,03_043_001,736,513,513,0,10,503,EGYENI,,,
231830,03_044_001,744,498,498,0,8,490,EGYENI,,,
231832,03_045_001,841,536,536,0,7,529,EGYENI,,,
231834,03_045_002,800,564,564,0,3,561,EGYENI,,,
231836,03_045_003,675,450,450,0,9,441,EGYENI,,,
231838,03_046_001,649,475,475,0,9,466,EGYENI,,,
231840,03_047_001,793,595,595,0,5,590,EGYENI,,,
231842,03_047_002,884,621,621,0,12,609,EGYENI,,,
231844,03_047_003,896,643,643,0,10,633,EGYENI,,,
231846,03_047_004,65,39,39,0,1,38,EGYENI,,,
231848,03_047_005,71,38,38,0,0,38,EGYENI,,,
231850,03_048_001,1427,1010,1010,0,9,1001,EGYENI,,,
231852,03_048_002,1209,838,836,-2,9,827,EGYENI,,,
231854,03_048_003,1165,715,714,-1,12,702,EGYENI,,,
231856,03_049_001,810,481,479,-2,2,477,EGYENI,,,
231858,03_049_002,756,449,447,-2,6,441,EGYENI,,,
231860,03_050_001,605,401,401,0,3,398,EGYENI,,,
231862,03_050_002,181,116,116,0,1,115,EGYENI,,,
231864,03_050_003,117,63,63,0,1,62,EGYENI,,,
231866,03_050_004,137,99,99,0,0,99,EGYENI,,,
231868,03_051_001,498,332,332,0,6,326,EGYENI,,,
231870,03_052_001,761,502,502,0,4,498,EGYENI,,,
231872,03_052_002,1021,658,658,0,8,650,EGYENI,,,
231874,03_052_003,802,543,543,0,5,538,EGYENI,,,
231876,03_052_004,848,451,451,0,3,448,EGYENI,,,
231878,03_052_005,925,584,585,1,11,574,EGYENI,,,
231880,03_052_006,257,157,157,0,1,156,EGYENI,,,
231882,03_053_001,1112,770,769,-1,13,756,EGYENI,,,
231884,03_053_002,1016,710,711,1,14,697,EGYENI,,,
231886,03_054_001,833,499,499,0,8,491,EGYENI,,,
231888,03_054_002,875,592,592,0,8,584,EGYENI,,,
231890,03_054_003,856,481,481,0,4,477,EGYENI,,,
231892,03_054_004,816,442,441,-1,6,435,EGYENI,,,
231894,03_054_005,836,452,452,0,7,445,EGYENI,,,
231896,03_054_006,782,524,524,0,3,521,EGYENI,,,
231898,03_054_007,767,467,467,0,4,463,EGYENI,,,
231900,03_054_008,894,528,528,0,7,521,EGYENI,,,
231902,03_055_001,1049,708,708,0,4,704,EGYENI,,,
231904,03_055_002,940,646,646,0,8,638,EGYENI,,,
231906,03_056_001,848,570,570,0,1,569,EGYENI,,,
231908,03_056_002,791,559,559,0,4,555,EGYENI,,,
231910,03_056_003,856,635,633,-2,6,627,EGYENI,,,
231912,03_056_004,719,485,483,-2,3,480,EGYENI,,,
231914,03_056_005,691,493,493,0,12,481,EGYENI,,,
231916,03_056_006,864,581,578,-3,8,570,EGYENI,,,
231918,03_056_007,690,473,473,0,7,466,EGYENI,,,
231920,03_056_008,815,537,537,0,11,526,EGYENI,,,
231922,03_056_009,1882,1733,1726,-7,8,1718,EGYENI,,,
231924,03_056_010,730,451,451,0,9,442,EGYENI,,,
231926,03_056_011,747,472,472,0,4,468,EGYENI,,,
231928,03_056_012,632,502,502,0,6,496,EGYENI,,,
231930,03_056_013,912,655,655,0,4,651,EGYENI,,,
231932,03_056_014,712,518,518,0,3,515,EGYENI,,,
231934,03_056_015,751,600,601,1,13,588,EGYENI,,,
231936,03_056_016,741,574,572,-2,7,565,EGYENI,,,
231938,03_056_017,716,486,486,0,5,481,EGYENI,,,
231940,03_057_001,781,526,525,-1,5,520,EGYENI,,,
231942,03_058_001,709,388,388,0,6,382,EGYENI,,,
231944,03_058_002,685,394,394,0,7,387,EGYENI,,,
231946,03_059_001,1028,647,647,0,9,638,EGYENI,,,
231948,03_059_002,954,592,592,0,16,576,EGYENI,,,
231950,03_059_003,746,560,560,0,8,552,EGYENI,,,
231952,03_059_004,701,519,518,-1,11,507,EGYENI,,,
231954,03_059_005,883,620,618,-2,9,609,EGYENI,,,
231956,03_059_006,965,674,673,-1,5,668,EGYENI,,,
231958,03_059_007,584,328,326,-2,3,323,EGYENI,,,
231960,03_059_008,712,489,489,0,8,481,EGYENI,,,
231962,03_060_001,748,611,611,0,4,607,EGYENI,,,
231964,03_060_002,1073,898,897,-1,2,895,EGYENI,,,
231966,03_060_003,782,614,614,0,2,612,EGYENI,,,
231968,03_060_004,858,687,686,-1,5,681,EGYENI,,,
231970,03_060_005,567,455,455,0,2,453,EGYENI,,,
231972,03_060_006,1087,742,742,0,6,736,EGYENI,,,
231974,03_060_007,970,690,688,-2,8,680,EGYENI,,,
231976,03_060_008,1219,760,757,-3,10,747,EGYENI,,,
231978,03_060_009,919,730,729,-1,6,723,EGYENI,,,
231980,03_060_010,843,665,664,-1,4,660,EGYENI,,,
231982,03_060_011,1083,805,805,0,6,799,EGYENI,,,
231984,03_060_012,741,531,531,0,2,529,EGYENI,,,
231986,03_060_013,742,569,567,-2,4,563,EGYENI,,,
231988,03_060_014,812,604,610,6,39,571,EGYENI,,,
231990,03_060_015,820,600,599,-1,5,594,EGYENI,,,
231992,03_060_016,824,635,632,-3,5,627,EGYENI,,,
231994,03_060_017,693,495,494,-1,7,487,EGYENI,,,
231996,03_060_018,587,379,379,0,5,374,EGYENI,,,
231998,03_060_019,1112,859,859,0,5,854,EGYENI,,,
232000,03_060_020,767,510,510,0,6,504,EGYENI,,,
232002,03_060_021,797,519,518,-1,6,512,EGYENI,,,
232004,03_060_022,857,616,616,0,10,606,EGYENI,,,
232006,03_060_023,824,545,543,-2,9,534,EGYENI,,,
232008,03_060_024,913,591,591,0,5,586,EGYENI,,,
232010,03_060_025,530,322,322,0,5,317,EGYENI,,,
232012,03_060_026,925,599,599,0,2,597,EGYENI,,,
232014,03_060_027,732,535,535,0,9,526,EGYENI,,,
232016,03_060_028,963,681,681,0,8,673,EGYENI,,,
232018,03_060_029,1038,741,742,1,11,731,EGYENI,,,
232020,03_060_030,805,591,591,0,4,587,EGYENI,,,
232022,03_060_031,757,590,589,-1,4,585,EGYENI,,,
232024,03_060_032,946,652,650,-2,5,645,EGYENI,,,
232026,03_060_033,703,516,516,0,6,510,EGYENI,,,
232028,03_060_034,1015,659,658,-1,3,655,EGYENI,,,
232030,03_060_035,776,556,555,-1,7,548,EGYENI,,,
232032,03_060_036,957,709,709,0,6,703,EGYENI,,,
232034,03_060_037,970,638,638,0,10,628,EGYENI,,,
232036,03_060_038,823,585,585,0,4,581,EGYENI,,,
232038,03_060_039,642,479,479,0,5,474,EGYENI,,,
232040,03_060_040,908,741,741,0,5,736,EGYENI,,,
232042,03_060_041,1027,834,834,0,7,827,EGYENI,,,
232044,03_060_042,798,639,637,-2,6,631,EGYENI,,,
232046,03_060_043,1049,773,773,0,24,749,EGYENI,,,
232048,03_060_044,1037,738,739,1,19,720,EGYENI,,,
232050,03_060_045,2120,1864,1861,-3,11,1850,EGYENI,,,
232052,03_060_046,996,717,723,6,39,684,EGYENI,,,
232056,03_060_048,964,711,711,0,11,700,EGYENI,,,
232058,03_060_049,789,572,570,-2,6,564,EGYENI,,,
232060,03_060_050,2331,2086,2069,-17,20,2049,EGYENI,,,
232062,03_060_051,693,495,495,0,13,482,EGYENI,,,
232064,03_060_052,964,673,672,-1,12,660,EGYENI,,,
232066,03_060_053,987,747,746,-1,9,737,EGYENI,,,
232068,03_060_054,801,563,563,0,6,557,EGYENI,,,
232070,03_060_055,805,340,340,0,7,333,EGYENI,,,
232072,03_060_056,661,311,311,0,5,306,EGYENI,,,
232074,03_060_057,797,555,553,-2,7,546,EGYENI,,,
232076,03_060_058,1082,802,802,0,6,796,EGYENI,,,
232078,03_060_059,898,702,702,0,7,695,EGYENI,,,
232080,03_060_060,545,415,415,0,6,409,EGYENI,,,
232082,03_060_061,640,480,479,-1,5,474,EGYENI,,,
232084,03_060_062,818,603,603,0,8,595,EGYENI,,,
232086,03_060_063,744,509,507,-2,8,499,EGYENI,,,
232088,03_060_064,1030,758,757,-1,13,744,EGYENI,,,
232090,03_060_065,862,633,633,0,4,629,EGYENI,,,
232092,03_060_066,852,589,591,2,21,570,EGYENI,,,
232094,03_060_067,972,745,744,-1,10,734,EGYENI,,,
232096,03_060_068,577,322,322,0,5,317,EGYENI,,,
232098,03_060_069,937,644,643,-1,11,632,EGYENI,,,
232100,03_060_070,1034,703,702,-1,8,694,EGYENI,,,
232102,03_060_071,657,329,329,0,9,320,EGYENI,,,
232104,03_060_072,808,519,519,0,8,511,EGYENI,,,
232106,03_060_073,1152,696,695,-1,10,685,EGYENI,,,
232108,03_060_074,1018,766,766,0,4,762,EGYENI,,,
232110,03_060_075,1289,966,956,-10,11,945,EGYENI,,,
232112,03_060_076,819,553,552,-1,6,546,EGYENI,,,
232114,03_060_077,767,522,522,0,2,520,EGYENI,,,
232116,03_060_078,595,409,409,0,4,405,EGYENI,,,
232118,03_060_079,887,609,608,-1,4,604,EGYENI,,,
232120,03_060_080,659,451,451,0,0,451,EGYENI,,,
232122,03_060_081,805,583,583,0,5,578,EGYENI,,,
232124,03_060_082,1050,703,702,-1,8,694,EGYENI,,,
232126,03_060_083,683,373,373,0,6,367,EGYENI,,,
232128,03_060_084,677,475,475,0,7,468,EGYENI,,,
232130,03_060_085,1144,700,699,-1,9,690,EGYENI,,,
232132,03_060_086,700,409,408,-1,4,404,EGYENI,,,
232134,03_060_087,1002,751,751,0,8,743,EGYENI,,,
232136,03_060_088,1055,759,757,-2,11,746,EGYENI,,,
232138,03_060_089,1201,663,663,0,5,658,EGYENI,,,
232140,03_060_090,1074,709,707,-2,3,704,EGYENI,,,
232142,03_060_091,580,356,356,0,5,351,EGYENI,,,
232144,03_060_092,1071,836,835,-1,18,817,EGYENI,,,
232146,03_060_093,939,702,704,2,15,689,EGYENI,,,
232148,03_060_094,886,709,707,-2,3,704,EGYENI,,,
232150,03_060_095,634,347,347,0,3,344,EGYENI,,,
232152,03_060_096,565,358,357,-1,3,354,EGYENI,,,
232154,03_060_097,672,529,529,0,5,524,EGYENI,,,
232156,03_060_098,716,481,481,0,6,475,EGYENI,,,
232158,03_060_099,759,392,392,0,4,388,EGYENI,,,
232160,03_061_001,573,340,340,0,8,332,EGYENI,,,
232162,03_061_002,650,419,419,0,8,411,EGYENI,,,
232164,03_061_003,667,376,376,0,9,367,EGYENI,,,
232166,03_061_004,104,50,50,0,1,49,EGYENI,,,
232168,03_062_001,1051,720,717,-3,8,709,EGYENI,,,
232170,03_062_002,953,669,669,0,7,662,EGYENI,,,
232172,03_062_003,943,671,669,-2,12,657,EGYENI,,,
232174,03_062_004,965,652,650,-2,8,642,EGYENI,,,
232176,03_062_005,1108,708,708,0,6,702,EGYENI,,,
232178,03_063_001,346,198,198,0,3,195,EGYENI,,,
232180,03_064_001,623,428,428,0,5,423,EGYENI,,,
232182,03_064_002,595,427,427,0,5,422,EGYENI,,,
232184,03_064_003,661,517,517,0,2,515,EGYENI,,,
232186,03_064_004,637,483,483,0,7,476,EGYENI,,,
232188,03_064_005,636,489,489,0,3,486,EGYENI,,,
232190,03_064_006,693,551,551,0,8,543,EGYENI,,,
232192,03_064_007,702,581,579,-2,4,575,EGYENI,,,
232194,03_064_008,797,551,551,0,11,540,EGYENI,,,
232196,03_064_009,667,522,520,-2,5,515,EGYENI,,,
232198,03_064_010,671,501,501,0,4,497,EGYENI,,,
232200,03_064_011,734,525,521,-4,6,515,EGYENI,,,
232202,03_064_012,696,480,479,-1,5,474,EGYENI,,,
232204,03_064_013,755,446,446,0,5,441,EGYENI,,,
232206,03_064_014,768,568,568,0,3,565,EGYENI,,,
232208,03_064_015,647,497,497,0,3,494,EGYENI,,,
232210,03_064_016,721,561,561,0,12,549,EGYENI,,,
232212,03_065_001,833,626,626,0,6,620,EGYENI,,,
232214,03_065_002,667,529,529,0,6,523,EGYENI,,,
232216,03_065_003,821,571,571,0,11,560,EGYENI,,,
232218,03_065_004,745,494,494,0,7,487,EGYENI,,,
232220,03_065_005,749,543,543,0,9,534,EGYENI,,,
232222,03_065_006,733,500,498,-2,8,490,EGYENI,,,
232224,03_065_007,870,672,672,0,7,665,EGYENI,,,
232226,03_065_008,640,427,426,-1,7,419,EGYENI,,,
232228,03_065_009,655,439,439,0,8,431,EGYENI,,,
232230,03_065_010,807,605,607,2,18,589,EGYENI,,,
232232,03_065_011,820,592,592,0,9,583,EGYENI,,,
232234,03_065_012,710,402,402,0,4,398,EGYENI,,,
232236,03_065_013,684,472,472,0,5,467,EGYENI,,,
232238,03_065_014,964,621,619,-2,11,608,EGYENI,,,
232240,03_065_015,817,538,538,0,6,532,EGYENI,,,
232242,03_065_016,1062,755,755,0,7,748,EGYENI,,,
232244,03_065_017,946,644,644,0,4,640,EGYENI,,,
232246,03_065_018,1630,1452,1446,-6,11,1435,EGYENI,,,
232248,03_065_019,280,179,179,0,1,178,EGYENI,,,
232250,03_065_020,832,475,474,-1,4,470,EGYENI,,,
232252,03_065_021,958,611,611,0,6,605,EGYENI,,,
232254,03_065_022,409,267,267,0,5,262,EGYENI,,,
232256,03_065_023,654,437,437,0,7,430,EGYENI,,,
232258,03_065_024,678,474,474,0,4,470,EGYENI,,,
232260,03_065_025,796,546,546,0,9,537,EGYENI,,,
232262,03_065_026,838,648,648,0,11,637,EGYENI,,,
232264,03_065_027,778,559,559,0,9,550,EGYENI,,,
232266,03_065_028,829,567,563,-4,13,550,EGYENI,,,
232268,03_065_029,653,344,343,-1,2,341,EGYENI,,,
232270,03_065_030,728,497,497,0,3,494,EGYENI,,,
232272,03_065_031,1066,672,672,0,12,660,EGYENI,,,
232274,03_066_001,619,385,386,1,7,379,EGYENI,,,
232276,03_066_002,556,356,355,-1,2,353,EGYENI,,,
232278,03_066_003,728,388,388,0,7,381,EGYENI,,,
232280,03_066_004,1028,510,510,0,7,503,EGYENI,,,
232282,03_066_005,882,710,710,0,1,709,EGYENI,,,
232284,03_066_006,711,537,537,0,9,528,EGYENI,,,
232286,03_066_007,610,420,420,0,4,416,EGYENI,,,
232288,03_066_008,2434,2081,2069,-12,18,2051,EGYENI,,,
232290,03_066_009,777,562,561,-1,0,561,EGYENI,,,
232292,03_066_010,1112,529,529,0,5,524,EGYENI,,,
232294,03_066_011,798,495,495,0,8,487,EGYENI,,,
232296,03_066_012,714,456,455,-1,4,451,EGYENI,,,
232298,03_066_013,878,638,638,0,7,631,EGYENI,,,
232300,03_066_014,651,380,378,-2,5,373,EGYENI,,,
232302,03_066_015,684,520,519,-1,4,515,EGYENI,,,
232304,03_066_016,637,470,470,0,6,464,EGYENI,,,
232306,03_066_017,601,422,420,-2,5,415,EGYENI,,,
232308,03_066_018,804,511,511,0,8,503,EGYENI,,,
232310,03_066_019,600,379,378,-1,5,373,EGYENI,,,
232312,03_066_020,652,449,449,0,4,445,EGYENI,,,
232314,03_066_021,635,426,426,0,4,422,EGYENI,,,
232316,03_066_022,643,454,453,-1,6,447,EGYENI,,,
232318,03_066_023,583,375,375,0,6,369,EGYENI,,,
232320,03_066_024,653,400,400,0,7,393,EGYENI,,,
232322,03_066_025,655,449,449,0,5,444,EGYENI,,,
232324,03_066_026,619,446,446,0,0,446,EGYENI,,,
232326,03_066_027,682,423,413,-10,4,409,EGYENI,,,
232328,03_066_028,599,356,356,0,4,352,EGYENI,,,
232330,03_066_029,806,462,462,0,8,454,EGYENI,,,
232332,03_066_030,768,427,427,0,4,423,EGYENI,,,
232334,03_067_001,841,562,561,-1,3,558,EGYENI,,,
232336,03_067_002,802,533,532,-1,9,523,EGYENI,,,
232338,03_067_003,1010,674,674,0,3,671,EGYENI,,,
232340,03_067_004,1029,728,725,-3,9,716,EGYENI,,,
232342,03_067_005,1116,699,699,0,11,688,EGYENI,,,
232344,03_067_006,1119,696,695,-1,12,683,EGYENI,,,
232346,03_067_007,1107,639,639,0,10,629,EGYENI,,,
232348,03_067_008,1162,714,714,0,14,700,EGYENI,,,
232350,03_067_009,218,112,112,0,3,109,EGYENI,,,
232352,03_067_010,382,252,252,0,6,246,EGYENI,,,
232354,03_068_001,230,119,119,0,3,116,EGYENI,,,
232356,03_068_002,859,539,539,0,6,533,EGYENI,,,
232358,03_068_003,823,504,504,0,9,495,EGYENI,,,
232360,03_069_001,549,396,396,0,6,390,EGYENI,,,
232362,03_070_001,1152,704,701,-3,12,689,EGYENI,,,
232364,03_071_001,559,317,317,0,6,311,EGYENI,,,
232366,03_071_002,618,377,376,-1,4,372,EGYENI,,,
232368,03_072_001,522,342,342,0,1,341,EGYENI,,,
232370,03_073_001,957,641,641,0,4,637,EGYENI,,,
232372,03_073_002,756,525,525,0,6,519,EGYENI,,,
232374,03_073_003,109,67,67,0,0,67,EGYENI,,,
232376,03_074_001,575,401,401,0,8,393,EGYENI,,,
232378,03_075_001,1367,1000,1000,0,10,990,EGYENI,,,
232380,03_076_001,769,536,536,0,9,527,EGYENI,,,
232382,03_076_002,946,634,633,-1,7,626,EGYENI,,,
232384,03_076_003,747,448,448,0,4,444,EGYENI,,,
232386,03_076_004,792,571,571,0,6,565,EGYENI,,,
232388,03_076_005,872,675,674,-1,5,669,EGYENI,,,
232390,03_076_006,986,741,740,-1,25,715,EGYENI,,,
232392,03_076_007,1087,744,744,0,14,730,EGYENI,,,
232394,03_076_008,323,200,200,0,1,199,EGYENI,,,
232396,03_077_001,1371,870,870,0,20,850,EGYENI,,,
232398,03_078_001,1008,719,719,0,9,710,EGYENI,,,
232400,03_078_002,989,752,751,-1,11,740,EGYENI,,,
232402,03_078_003,1089,797,797,0,9,788,EGYENI,,,
232404,03_078_004,1140,695,695,0,8,687,EGYENI,,,
232406,03_078_005,1209,684,684,0,18,666,EGYENI,,,
232408,03_078_006,1196,801,801,0,14,787,EGYENI,,,
232410,03_078_007,1284,745,746,1,20,726,EGYENI,,,
232412,03_078_008,576,349,349,0,4,345,EGYENI,,,
232414,03_078_009,555,325,325,0,2,323,EGYENI,,,
232416,03_079_001,784,544,544,0,6,538,EGYENI,,,
232418,03_079_002,586,425,424,-1,6,418,EGYENI,,,
232420,03_079_003,986,651,651,0,4,647,EGYENI,,,
232422,03_079_004,1106,754,753,-1,9,744,EGYENI,,,
232424,03_079_005,370,209,209,0,4,205,EGYENI,,,
232426,03_080_001,746,417,417,0,5,412,EGYENI,,,
232428,03_080_002,763,439,439,0,8,431,EGYENI,,,
232430,03_080_003,729,374,374,0,13,361,EGYENI,,,
232432,03_081_001,397,238,238,0,2,236,EGYENI,,,
232434,03_082_001,767,482,482,0,4,478,EGYENI,,,
232436,03_082_002,760,494,494,0,6,488,EGYENI,,,
232438,03_082_003,768,468,468,0,12,456,EGYENI,,,
232440,03_082_004,802,456,456,0,8,448,EGYENI,,,
232442,03_082_005,788,398,398,0,13,385,EGYENI,,,
232444,03_082_006,95,57,57,0,1,56,EGYENI,,,
232446,03_083_001,670,376,376,0,2,374,EGYENI,,,
232448,03_083_002,655,444,444,0,5,439,EGYENI,,,
232450,03_084_001,350,255,255,0,2,253,EGYENI,,,
232452,03_085_001,941,537,537,0,11,526,EGYENI,,,
232454,03_085_002,874,496,496,0,7,489,EGYENI,,,
232456,03_086_001,837,482,482,0,7,475,EGYENI,,,
232458,03_086_002,584,385,384,-1,7,377,EGYENI,,,
232460,03_087_001,930,677,677,0,6,671,EGYENI,,,
232462,03_087_002,894,605,605,0,7,598,EGYENI,,,
232464,03_088_001,350,262,262,0,3,259,EGYENI,,,
232466,03_089_001,933,598,598,0,8,590,EGYENI,,,
232468,03_089_002,868,568,567,-1,14,553,EGYENI,,,
232470,03_089_003,814,459,459,0,3,456,EGYENI,,,
232472,03_090_001,602,367,367,0,6,361,EGYENI,,,
232474,03_091_001,896,643,642,-1,18,624,EGYENI,,,
232476,03_092_001,719,449,449,0,8,441,EGYENI,,,
232478,03_092_002,678,422,422,0,4,418,EGYENI,,,
232480,03_093_001,626,452,452,0,3,449,EGYENI,,,
232482,03_093_002,558,330,330,0,8,322,EGYENI,,,
232484,03_094_001,766,534,533,-1,11,522,EGYENI,,,
232486,03_095_001,1007,530,530,0,7,523,EGYENI,,,
232488,03_096_001,671,469,469,0,4,465,EGYENI,,,
232490,03_096_002,910,597,596,-1,6,590,EGYENI,,,
232492,03_096_003,661,468,468,0,5,463,EGYENI,,,
232494,03_096_004,839,582,582,0,3,579,EGYENI,,,
232496,03_096_005,943,617,617,0,5,612,EGYENI,,,
232498,03_096_006,1004,663,663,0,10,653,EGYENI,,,
232501,03_097_001,1031,655,653,-2,11,642,EGYENI,,,
232503,03_098_001,1092,833,831,-2,6,825,EGYENI,,,
232504,03_098_002,1146,801,800,-1,11,789,EGYENI,,,
232506,03_098_003,863,599,599,0,16,583,EGYENI,,,
232508,03_098_004,903,588,588,0,7,581,EGYENI,,,
232510,03_098_005,859,557,557,0,6,551,EGYENI,,,
232512,03_098_006,809,542,542,0,10,532,EGYENI,,,
232514,03_099_001,988,653,654,1,8,646,EGYENI,,,
232516,03_099_002,913,603,601,-2,8,593,EGYENI,,,
232518,03_099_003,977,596,596,0,10,586,EGYENI,,,
232520,03_100_001,599,370,370,0,4,366,EGYENI,,,
232522,03_100_002,676,397,397,0,3,394,EGYENI,,,
232524,03_100_003,682,412,412,0,7,405,EGYENI,,,
232526,03_100_004,623,364,364,0,7,357,EGYENI,,,
232528,03_100_005,655,363,363,0,4,359,EGYENI,,,
232530,03_100_006,672,391,391,0,3,388,EGYENI,,,
232532,03_100_007,693,452,452,0,5,447,EGYENI,,,
232534,03_100_008,274,141,141,0,1,140,EGYENI,,,
232536,03_101_001,936,598,598,0,18,580,EGYENI,,,
232538,03_102_001,748,470,469,-1,7,462,EGYENI,,,
232540,03_102_002,852,555,555,0,10,545,EGYENI,,,
232542,03_102_003,706,492,491,-1,7,484,EGYENI,,,
232544,03_103_001,967,673,673,0,4,669,EGYENI,,,
232546,03_103_002,888,618,617,-1,3,614,EGYENI,,,
232548,03_104_001,577,405,405,0,9,396,EGYENI,,,
232550,03_104_002,885,732,732,0,14,718,EGYENI,,,
232552,03_105_001,1104,683,682,-1,9,673,EGYENI,,,
232554,03_106_001,867,613,613,0,5,608,EGYENI,,,
232556,03_107_001,1086,740,742,2,18,724,EGYENI,,,
232558,03_107_002,1147,697,697,0,3,694,EGYENI,,,
232560,03_108_001,950,559,559,0,10,549,EGYENI,,,
232562,03_109_001,652,470,469,-1,11,458,EGYENI,,,
232564,03_109_002,692,456,455,-1,11,444,EGYENI,,,
232566,03_110_001,713,406,406,0,4,402,EGYENI,,,
232568,03_110_002,756,461,461,0,6,455,EGYENI,,,
232570,03_110_003,807,529,530,1,12,518,EGYENI,,,
232572,03_110_004,714,400,398,-2,4,394,EGYENI,,,
232574,03_110_005,872,617,617,0,5,612,EGYENI,,,
232576,03_111_001,1199,780,780,0,9,771,EGYENI,,,
232578,03_111_002,1239,863,861,-2,19,842,EGYENI,,,
232580,03_111_003,1167,916,916,0,11,905,EGYENI,,,
232582,03_111_004,1234,830,832,2,19,813,EGYENI,,,
232584,03_111_005,1206,758,758,0,5,753,EGYENI,,,
232586,03_111_006,1165,727,727,0,13,714,EGYENI,,,
232588,03_111_007,704,408,408,0,6,402,EGYENI,,,
232590,03_111_008,399,243,243,0,5,238,EGYENI,,,
232592,03_111_009,469,299,299,0,7,292,EGYENI,,,
232594,03_111_010,312,154,154,0,1,153,EGYENI,,,
232596,03_112_001,650,430,430,0,4,426,EGYENI,,,
232598,03_113_001,595,318,318,0,3,315,EGYENI,,,
232600,03_113_002,768,470,469,-1,8,461,EGYENI,,,
232602,03_113_003,703,431,431,0,5,426,EGYENI,,,
232604,03_113_004,766,421,421,0,6,415,EGYENI,,,
232606,03_113_005,781,376,376,0,6,370,EGYENI,,,
232608,03_114_001,723,474,474,0,8,466,EGYENI,,,
232610,03_115_001,145,101,101,0,0,101,EGYENI,,,
232612,03_116_001,307,215,215,0,4,211,EGYENI,,,
232614,03_117_001,850,532,532,0,7,525,EGYENI,,,
232616,03_117_002,973,654,654,0,9,645,EGYENI,,,
232618,03_117_003,841,562,562,0,8,554,EGYENI,,,
232620,03_118_001,950,707,707,0,8,699,EGYENI,,,
232622,03_118_002,810,553,551,-2,5,546,EGYENI,,,
232624,03_119_001,578,397,397,0,7,390,EGYENI,,,
232626,04_001_001,665,385,385,0,7,378,EGYENI,,,
232628,04_002_001,676,356,356,0,11,345,EGYENI,,,
232630,04_002_002,619,357,357,0,8,349,EGYENI,,,
232632,04_002_003,552,273,273,0,10,263,EGYENI,,,
232634,04_002_004,774,383,383,0,12,371,EGYENI,,,
232636,04_002_005,878,503,503,0,14,489,EGYENI,,,
232638,04_002_006,801,445,445,0,10,435,EGYENI,,,
232640,04_003_001,1058,717,717,0,14,703,EGYENI,,,
232642,04_003_002,987,628,628,0,18,610,EGYENI,,,
232644,04_003_003,1024,713,713,0,7,706,EGYENI,,,
232646,04_003_004,1053,789,789,0,11,778,EGYENI,,,
232648,04_003_005,983,707,707,0,11,696,EGYENI,,,
232650,04_003_006,1141,800,800,0,14,786,EGYENI,,,
232652,04_003_007,812,519,519,0,8,511,EGYENI,,,
232654,04_003_008,895,610,610,0,11,599,EGYENI,,,
232656,04_003_009,898,635,635,0,10,625,EGYENI,,,
232658,04_003_010,968,546,544,-2,12,532,EGYENI,,,
232660,04_003_011,776,499,498,-1,3,495,EGYENI,,,
232662,04_003_012,939,503,503,0,11,492,EGYENI,,,
232664,04_003_013,840,556,556,0,4,552,EGYENI,,,
232666,04_003_014,848,600,599,-1,13,586,EGYENI,,,
232668,04_003_015,2805,2361,2356,-5,18,2338,EGYENI,,,
232670,04_003_016,910,478,478,0,15,463,EGYENI,,,
232672,04_004_001,634,438,437,-1,11,426,EGYENI,,,
232674,04_004_002,557,417,415,-2,3,412,EGYENI,,,
232676,04_004_003,570,443,443,0,5,438,EGYENI,,,
232678,04_004_004,847,671,671,0,7,664,EGYENI,,,
232680,04_004_005,793,647,645,-2,8,637,EGYENI,,,
232682,04_004_006,512,403,403,0,8,395,EGYENI,,,
232684,04_004_007,758,552,551,-1,6,545,EGYENI,,,
232686,04_004_008,563,393,390,-3,4,386,EGYENI,,,
232688,04_004_009,1023,786,785,-1,6,779,EGYENI,,,
232690,04_004_010,702,483,483,0,1,482,EGYENI,,,
232692,04_004_011,884,682,682,0,7,675,EGYENI,,,
232694,04_004_012,553,347,347,0,3,344,EGYENI,,,
232696,04_004_013,460,328,327,-1,3,324,EGYENI,,,
232698,04_004_014,581,420,416,-4,4,412,EGYENI,,,
232700,04_004_015,744,597,593,-4,3,590,EGYENI,,,
232702,04_004_016,763,487,486,-1,2,484,EGYENI,,,
232704,04_004_017,806,575,575,0,7,568,EGYENI,,,
232706,04_004_018,505,366,366,0,5,361,EGYENI,,,
232708,04_004_019,869,651,649,-2,7,642,EGYENI,,,
232710,04_004_020,783,546,546,0,13,533,EGYENI,,,
232712,04_004_021,658,472,470,-2,8,462,EGYENI,,,
232714,04_004_022,670,461,461,0,11,450,EGYENI,,,
232716,04_004_023,587,373,373,0,4,369,EGYENI,,,
232718,04_004_024,504,315,315,0,7,308,EGYENI,,,
232720,04_004_025,453,309,309,0,2,307,EGYENI,,,
232722,04_004_026,503,333,333,0,5,328,EGYENI,,,
232724,04_004_027,601,402,402,0,4,398,EGYENI,,,
232726,04_004_028,843,626,626,0,6,620,EGYENI,,,
232728,04_004_029,696,461,461,0,6,455,EGYENI,,,
232730,04_004_030,866,669,668,-1,6,662,EGYENI,,,
232732,04_004_031,584,399,396,-3,2,394,EGYENI,,,
232734,04_004_032,688,458,457,-1,7,450,EGYENI,,,
232736,04_004_033,655,484,482,-2,5,477,EGYENI,,,
232738,04_004_034,618,445,440,-5,6,434,EGYENI,,,
232740,04_004_035,722,492,492,0,10,482,EGYENI,,,
232742,04_004_036,664,492,492,0,5,487,EGYENI,,,
232744,04_004_037,633,436,434,-2,3,431,EGYENI,,,
232746,04_004_038,601,453,453,0,7,446,EGYENI,,,
232748,04_004_039,657,421,421,0,8,413,EGYENI,,,
232750,04_004_040,550,352,351,-1,4,347,EGYENI,,,
232752,04_004_041,934,607,607,0,2,605,EGYENI,,,
232754,04_004_042,741,571,561,-10,8,553,EGYENI,,,
232756,04_004_043,553,444,442,-2,6,436,EGYENI,,,
232758,04_004_044,781,540,541,1,14,527,EGYENI,,,
232760,04_004_045,548,363,361,-2,10,351,EGYENI,,,
232762,04_004_046,833,584,583,-1,4,579,EGYENI,,,
232764,04_004_047,908,655,651,-4,5,646,EGYENI,,,
232766,04_004_048,926,673,673,0,7,666,EGYENI,,,
232768,04_004_049,723,505,503,-2,2,501,EGYENI,,,
232770,04_004_050,823,602,602,0,9,593,EGYENI,,,
232772,04_004_051,917,652,650,-2,5,645,EGYENI,,,
232774,04_004_052,779,521,520,-1,2,518,EGYENI,,,
232776,04_004_053,528,421,418,-3,6,412,EGYENI,,,
232778,04_004_054,163,92,92,0,2,90,EGYENI,,,
232780,04_004_055,223,144,143,-1,1,142,EGYENI,,,
232782,04_004_056,712,531,526,-5,4,522,EGYENI,,,
232784,04_004_057,805,589,588,-1,4,584,EGYENI,,,
232786,04_004_058,627,453,452,-1,3,449,EGYENI,,,
232788,04_004_059,576,354,354,0,10,344,EGYENI,,,
232790,04_004_060,815,567,567,0,13,554,EGYENI,,,
232792,04_004_061,2669,2409,2398,-11,14,2384,EGYENI,,,
232794,04_004_062,1087,752,752,0,9,743,EGYENI,,,
232796,04_004_063,669,504,503,-1,9,494,EGYENI,,,
232798,04_004_064,828,646,646,0,3,643,EGYENI,,,
232800,04_004_065,557,439,439,0,0,439,EGYENI,,,
232802,04_004_066,477,360,360,0,5,355,EGYENI,,,
232804,04_004_067,771,492,489,-3,18,471,EGYENI,,,
232806,04_004_068,753,540,538,-2,6,532,EGYENI,,,
232810,04_005_001,574,400,400,0,6,394,EGYENI,,,
232812,04_005_002,638,413,412,-1,5,407,EGYENI,,,
232814,04_005_003,638,365,365,0,4,361,EGYENI,,,
232816,04_006_001,441,324,324,0,7,317,EGYENI,,,
232818,04_006_002,421,302,302,0,4,298,EGYENI,,,
232820,04_006_003,437,257,257,0,5,252,EGYENI,,,
232822,04_006_004,430,313,312,-1,1,311,EGYENI,,,
232824,04_006_005,654,451,448,-3,5,443,EGYENI,,,
232826,04_006_006,487,354,353,-1,7,346,EGYENI,,,
232828,04_006_007,39,32,32,0,0,32,EGYENI,,,
232830,04_007_001,741,501,500,-1,10,490,EGYENI,,,
232832,04_008_001,711,511,511,0,6,505,EGYENI,,,
232834,04_009_001,855,528,528,0,9,519,EGYENI,,,
232836,04_009_002,853,525,524,-1,7,517,EGYENI,,,
232838,04_010_001,648,463,463,0,7,456,EGYENI,,,
232840,04_010_002,666,456,456,0,3,453,EGYENI,,,
232842,04_010_003,76,34,34,0,0,34,EGYENI,,,
232844,04_011_001,225,175,175,0,7,168,EGYENI,,,
232846,04_012_001,942,607,606,-1,8,598,EGYENI,,,
232848,04_012_002,1052,580,580,0,4,576,EGYENI,,,
232850,04_013_001,338,234,234,0,2,232,EGYENI,,,
232852,04_014_001,781,509,510,1,20,490,EGYENI,,,
232854,04_014_002,803,469,469,0,7,462,EGYENI,,,
232856,04_014_003,786,467,467,0,7,460,EGYENI,,,
232858,04_014_004,694,421,421,0,10,411,EGYENI,,,
232860,04_014_005,771,484,484,0,12,472,EGYENI,,,
232862,04_015_001,716,391,390,-1,7,383,EGYENI,,,
232864,04_015_002,715,442,441,-1,6,435,EGYENI,,,
232866,04_015_003,777,461,461,0,8,453,EGYENI,,,
232868,04_015_004,622,384,385,1,11,374,EGYENI,,,
232870,04_015_005,685,454,454,0,8,446,EGYENI,,,
232872,04_015_006,682,427,427,0,11,416,EGYENI,,,
232874,04_015_007,791,489,489,0,10,479,EGYENI,,,
232876,04_015_008,762,447,447,0,5,442,EGYENI,,,
232878,04_016_001,781,433,433,0,10,423,EGYENI,,,
232880,04_016_002,625,432,432,0,6,426,EGYENI,,,
232882,04_016_003,696,457,457,0,6,451,EGYENI,,,
232884,04_016_004,607,394,394,0,4,390,EGYENI,,,
232886,04_016_005,624,381,381,0,7,374,EGYENI,,,
232888,04_017_001,598,377,376,-1,10,366,EGYENI,,,
232890,04_017_002,518,315,315,0,3,312,EGYENI,,,
232892,04_017_003,387,213,213,0,6,207,EGYENI,,,
232894,04_018_001,438,288,288,0,7,281,EGYENI,,,
232896,04_019_001,951,512,511,-1,7,504,EGYENI,,,
232898,04_020_001,459,254,254,0,3,251,EGYENI,,,
232900,04_020_002,588,357,346,-11,4,342,EGYENI,,,
232902,04_020_003,631,385,385,0,1,384,EGYENI,,,
232904,04_020_004,588,366,366,0,3,363,EGYENI,,,
232906,04_020_005,654,393,393,0,7,386,EGYENI,,,
232908,04_020_006,626,340,340,0,5,335,EGYENI,,,
232910,04_021_001,834,547,547,0,5,542,EGYENI,,,
232912,04_021_002,799,519,517,-2,2,515,EGYENI,,,
232914,04_021_003,864,529,527,-2,7,520,EGYENI,,,
232916,04_021_004,978,610,611,1,20,591,EGYENI,,,
232918,04_021_005,913,604,603,-1,8,595,EGYENI,,,
232920,04_022_001,908,518,518,0,11,507,EGYENI,,,
232922,04_022_002,949,637,637,0,11,626,EGYENI,,,
232924,04_022_003,969,574,578,4,13,565,EGYENI,,,
232926,04_023_001,487,313,312,-1,3,309,EGYENI,,,
232928,04_023_002,452,314,314,0,8,306,EGYENI,,,
232930,04_024_001,559,360,360,0,4,356,EGYENI,,,
232932,04_025_001,673,435,435,0,4,431,EGYENI,,,
232934,04_025_002,703,484,484,0,3,481,EGYENI,,,
232936,04_025_003,651,414,414,0,5,409,EGYENI,,,
232938,04_025_004,710,462,461,-1,5,456,EGYENI,,,
232940,04_025_005,641,418,418,0,14,404,EGYENI,,,
232942,04_025_006,608,398,398,0,1,397,EGYENI,,,
232944,04_025_007,710,430,430,0,10,420,EGYENI,,,
232946,04_025_008,640,371,371,0,5,366,EGYENI,,,
232948,04_025_009,624,392,392,0,3,389,EGYENI,,,
232950,04_025_010,594,398,393,-5,4,389,EGYENI,,,
232952,04_025_011,756,443,442,-1,6,436,EGYENI,,,
232954,04_025_012,693,408,408,0,4,404,EGYENI,,,
232956,04_025_013,593,303,301,-2,7,294,EGYENI,,,
232958,04_025_014,574,344,344,0,3,341,EGYENI,,,
232960,04_025_015,116,59,59,0,0,59,EGYENI,,,
232962,04_025_016,785,505,503,-2,5,498,EGYENI,,,
232964,04_025_017,544,251,250,-1,3,247,EGYENI,,,
232966,04_026_001,1093,827,827,0,3,824,EGYENI,,,
232968,04_026_002,1013,787,787,0,5,782,EGYENI,,,
232970,04_026_003,653,439,435,-4,3,432,EGYENI,,,
232972,04_026_004,586,454,453,-1,3,450,EGYENI,,,
232974,04_026_005,804,528,528,0,6,522,EGYENI,,,
232976,04_026_006,998,529,527,-2,5,522,EGYENI,,,
232978,04_026_007,1021,683,681,-2,7,674,EGYENI,,,
232980,04_026_008,908,656,655,-1,5,650,EGYENI,,,
232982,04_026_009,660,479,479,0,0,479,EGYENI,,,
232984,04_026_010,761,581,580,-1,9,571,EGYENI,,,
232986,04_026_011,693,466,464,-2,6,458,EGYENI,,,
232988,04_026_012,673,416,416,0,5,411,EGYENI,,,
232990,04_026_013,641,426,426,0,1,425,EGYENI,,,
232992,04_026_014,943,610,608,-2,4,604,EGYENI,,,
232994,04_026_015,794,611,611,0,9,602,EGYENI,,,
232996,04_026_016,880,608,607,-1,5,602,EGYENI,,,
232998,04_026_017,666,443,442,-1,4,438,EGYENI,,,
233000,04_026_018,720,499,499,0,4,495,EGYENI,,,
233002,04_026_019,1173,817,817,0,10,807,EGYENI,,,
233004,04_026_020,707,542,542,0,1,541,EGYENI,,,
233006,04_026_021,873,642,641,-1,3,638,EGYENI,,,
233008,04_026_022,826,598,596,-2,5,591,EGYENI,,,
233010,04_026_023,1025,757,757,0,7,750,EGYENI,,,
233012,04_026_024,694,474,474,0,5,469,EGYENI,,,
233014,04_026_025,908,689,690,1,7,683,EGYENI,,,
233016,04_026_026,801,545,545,0,4,541,EGYENI,,,
233018,04_026_027,625,418,416,-2,4,412,EGYENI,,,
233020,04_026_028,616,410,411,1,12,399,EGYENI,,,
233022,04_026_029,638,443,442,-1,4,438,EGYENI,,,
233024,04_026_030,2142,1925,1914,-11,20,1894,EGYENI,,,
233026,04_027_001,516,340,339,-1,8,331,EGYENI,,,
233028,04_028_001,459,348,348,0,5,343,EGYENI,,,
233030,04_028_002,357,262,262,0,1,261,EGYENI,,,
233032,04_029_001,446,301,301,0,2,299,EGYENI,,,
233034,04_030_001,654,446,445,-1,3,442,EGYENI,,,
233036,04_031_001,654,410,410,0,5,405,EGYENI,,,
233038,04_031_002,637,409,409,0,1,408,EGYENI,,,
233040,04_031_003,140,76,76,0,2,74,EGYENI,,,
233042,04_032_001,282,193,193,0,5,188,EGYENI,,,
233044,04_033_001,655,363,363,0,9,354,EGYENI,,,
233046,04_033_002,695,429,429,0,7,422,EGYENI,,,
233048,04_034_001,732,480,479,-1,5,474,EGYENI,,,
233050,04_034_002,689,426,425,-1,13,412,EGYENI,,,
233052,04_034_003,793,511,511,0,9,502,EGYENI,,,
233054,04_034_004,598,333,333,0,9,324,EGYENI,,,
233056,04_035_001,742,571,567,-4,10,557,EGYENI,,,
233058,04_035_002,305,172,172,0,1,171,EGYENI,,,
233060,04_036_001,363,212,211,-1,4,207,EGYENI,,,
233062,04_037_001,560,368,368,0,6,362,EGYENI,,,
233064,04_037_002,623,441,441,0,4,437,EGYENI,,,
233066,04_037_003,601,389,388,-1,7,381,EGYENI,,,
233068,04_037_004,558,366,366,0,6,360,EGYENI,,,
233070,04_037_005,599,390,390,0,6,384,EGYENI,,,
233072,04_037_006,593,419,419,0,6,413,EGYENI,,,
233074,04_037_007,405,239,239,0,3,236,EGYENI,,,
233076,04_038_001,781,469,468,-1,3,465,EGYENI,,,
233078,04_038_002,880,480,478,-2,5,473,EGYENI,,,
233080,04_038_003,856,561,557,-4,5,552,EGYENI,,,
233082,04_038_004,846,560,559,-1,3,556,EGYENI,,,
233084,04_039_001,448,265,265,0,5,260,EGYENI,,,
233086,04_040_001,632,384,383,-1,4,379,EGYENI,,,
233088,04_040_002,660,435,435,0,4,431,EGYENI,,,
233090,04_040_003,642,403,403,0,3,400,EGYENI,,,
233092,04_041_001,357,197,196,-1,1,195,EGYENI,,,
233094,04_042_001,532,315,315,0,5,310,EGYENI,,,
233096,04_042_002,569,335,335,0,7,328,EGYENI,,,
233098,04_043_001,643,371,372,1,13,359,EGYENI,,,
233100,04_043_002,614,344,344,0,11,333,EGYENI,,,
233102,04_043_003,780,428,428,0,17,411,EGYENI,,,
233104,04_044_001,719,466,460,-6,8,452,EGYENI,,,
233106,04_044_002,594,381,381,0,6,375,EGYENI,,,
233108,04_045_001,563,338,336,-2,8,328,EGYENI,,,
233110,04_045_002,462,253,253,0,4,249,EGYENI,,,
233112,04_045_003,533,296,296,0,8,288,EGYENI,,,
233114,04_046_001,161,89,89,0,0,89,EGYENI,,,
233116,04_047_001,479,307,307,0,5,302,EGYENI,,,
233118,04_047_002,252,162,162,0,3,159,EGYENI,,,
233120,04_048_001,923,599,599,0,6,593,EGYENI,,,
233122,04_048_002,788,523,522,-1,7,515,EGYENI,,,
233124,04_048_003,778,527,527,0,14,513,EGYENI,,,
233126,04_048_004,246,121,121,0,0,121,EGYENI,,,
233128,04_049_001,1001,520,520,0,11,509,EGYENI,,,
233130,04_049_002,967,611,611,0,8,603,EGYENI,,,
233132,04_049_003,960,652,650,-2,7,643,EGYENI,,,
233134,04_049_004,1006,645,645,0,9,636,EGYENI,,,
233136,04_049_005,880,638,638,0,7,631,EGYENI,,,
233138,04_049_006,1089,602,602,0,15,587,EGYENI,,,
233140,04_049_007,999,623,623,0,10,613,EGYENI,,,
233142,04_049_008,922,567,566,-1,15,551,EGYENI,,,
233144,04_050_001,682,459,459,0,4,455,EGYENI,,,
233146,04_050_002,71,51,51,0,0,51,EGYENI,,,
233148,04_051_001,651,391,391,0,7,384,EGYENI,,,
233150,04_051_002,581,364,364,0,7,357,EGYENI,,,
233152,04_051_003,643,383,383,0,10,373,EGYENI,,,
233154,04_051_004,720,522,522,0,6,516,EGYENI,,,
233156,04_051_005,730,440,439,-1,7,432,EGYENI,,,
233158,04_051_006,675,345,345,0,9,336,EGYENI,,,
233160,04_052_001,742,493,493,0,4,489,EGYENI,,,
233162,04_052_002,878,567,568,1,14,554,EGYENI,,,
233164,04_052_003,972,625,623,-2,10,613,EGYENI,,,
233166,04_052_004,1027,641,640,-1,6,634,EGYENI,,,
233168,04_052_005,887,558,558,0,8,550,EGYENI,,,
233170,04_053_001,819,586,586,0,5,581,EGYENI,,,
233172,04_053_002,838,619,611,-8,8,603,EGYENI,,,
233174,04_054_001,465,314,313,-1,0,313,EGYENI,,,
233176,04_054_002,492,321,321,0,3,318,EGYENI,,,
233178,04_055_001,970,661,660,-1,9,651,EGYENI,,,
233180,04_056_001,407,240,240,0,2,238,EGYENI,,,
233182,04_056_002,582,352,348,-4,4,344,EGYENI,,,
233184,04_057_001,827,485,482,-3,9,473,EGYENI,,,
233186,04_057_002,1087,728,727,-1,17,710,EGYENI,,,
233188,04_057_003,919,596,596,0,5,591,EGYENI,,,
233190,04_057_004,1055,690,690,0,20,670,EGYENI,,,
233192,04_058_001,891,517,517,0,9,508,EGYENI,,,
233194,04_058_002,890,526,526,0,5,521,EGYENI,,,
233196,04_059_001,615,403,402,-1,2,400,EGYENI,,,
233198,04_059_002,614,394,393,-1,2,391,EGYENI,,,
233200,04_059_003,634,437,437,0,5,432,EGYENI,,,
233202,04_059_004,747,455,456,1,10,446,EGYENI,,,
233204,04_059_005,584,400,400,0,5,395,EGYENI,,,
233206,04_059_006,828,552,552,0,1,551,EGYENI,,,
233208,04_059_007,419,310,310,0,4,306,EGYENI,,,
233210,04_059_008,482,334,334,0,4,330,EGYENI,,,
233212,04_059_009,486,325,324,-1,4,320,EGYENI,,,
233214,04_059_010,716,518,518,0,9,509,EGYENI,,,
233216,04_059_011,581,406,406,0,2,404,EGYENI,,,
233218,04_059_012,598,402,401,-1,0,401,EGYENI,,,
233220,04_059_013,560,389,388,-1,5,383,EGYENI,,,
233222,04_059_014,510,340,340,0,8,332,EGYENI,,,
233224,04_059_015,462,311,311,0,7,304,EGYENI,,,
233226,04_059_016,2175,1989,1967,-22,11,1956,EGYENI,,,
233228,04_059_017,574,365,368,3,28,340,EGYENI,,,
233230,04_059_018,489,313,313,0,7,306,EGYENI,,,
233232,04_059_019,695,500,499,-1,8,491,EGYENI,,,
233234,04_059_020,908,626,627,1,11,616,EGYENI,,,
233236,04_059_021,696,515,515,0,6,509,EGYENI,,,
233238,04_059_022,750,481,479,-2,3,476,EGYENI,,,
233240,04_059_023,1028,692,691,-1,12,679,EGYENI,,,
233242,04_059_024,928,661,660,-1,5,655,EGYENI,,,
233244,04_059_025,895,634,633,-1,7,626,EGYENI,,,
233246,04_059_026,842,535,534,-1,6,528,EGYENI,,,
233248,04_059_027,763,531,529,-2,5,524,EGYENI,,,
233250,04_059_028,418,301,301,0,3,298,EGYENI,,,
233252,04_059_029,369,231,230,-1,5,225,EGYENI,,,
233254,04_059_030,825,470,471,1,11,460,EGYENI,,,
233256,04_059_031,830,529,529,0,14,515,EGYENI,,,
233258,04_059_032,593,355,355,0,4,351,EGYENI,,,
233260,04_059_033,633,347,347,0,6,341,EGYENI,,,
233262,04_059_034,158,82,82,0,3,79,EGYENI,,,
233264,04_059_035,148,88,88,0,3,85,EGYENI,,,
233266,04_059_036,601,408,408,0,6,402,EGYENI,,,
233268,04_059_037,67,47,47,0,4,43,EGYENI,,,
233270,04_060_001,279,185,185,0,3,182,EGYENI,,,
233272,04_061_001,720,486,486,0,3,483,EGYENI,,,
233274,04_061_002,521,300,300,0,7,293,EGYENI,,,
233276,04_062_001,199,132,132,0,1,131,EGYENI,,,
233278,04_062_002,66,39,39,0,0,39,EGYENI,,,
233280,04_063_001,986,589,590,1,16,574,EGYENI,,,
233282,04_063_002,947,550,550,0,7,543,EGYENI,,,
233284,04_063_003,994,558,558,0,4,554,EGYENI,,,
233286,04_063_004,958,630,630,0,7,623,EGYENI,,,
233288,04_063_005,963,535,535,0,8,527,EGYENI,,,
233290,04_063_006,858,527,527,0,8,519,EGYENI,,,
233292,04_063_007,1035,659,659,0,4,655,EGYENI,,,
233294,04_063_008,891,504,504,0,7,497,EGYENI,,,
233296,04_064_001,564,349,349,0,3,346,EGYENI,,,
233298,04_064_002,513,344,344,0,4,340,EGYENI,,,
233300,04_064_003,112,66,66,0,1,65,EGYENI,,,
233302,04_064_004,49,30,30,0,1,29,EGYENI,,,
233304,04_065_001,612,412,413,1,17,396,EGYENI,,,
233306,04_065_002,764,527,529,2,22,507,EGYENI,,,
233308,04_065_003,677,457,457,0,5,452,EGYENI,,,
233310,04_066_001,701,512,512,0,2,510,EGYENI,,,
233312,04_066_002,854,536,536,0,3,533,EGYENI,,,
233314,04_066_003,713,532,525,-7,9,516,EGYENI,,,
233316,04_066_004,642,466,465,-1,3,462,EGYENI,,,
233318,04_066_005,813,596,594,-2,1,593,EGYENI,,,
233320,04_066_006,685,466,467,1,10,457,EGYENI,,,
233322,04_066_007,622,386,386,0,3,383,EGYENI,,,
233324,04_066_008,883,610,610,0,3,607,EGYENI,,,
233326,04_066_009,1039,850,849,-1,4,845,EGYENI,,,
233328,04_066_010,812,533,533,0,4,529,EGYENI,,,
233330,04_066_011,865,600,600,0,10,590,EGYENI,,,
233332,04_066_012,718,502,501,-1,3,498,EGYENI,,,
233334,04_066_013,845,539,539,0,9,530,EGYENI,,,
233336,04_066_014,740,491,490,-1,9,481,EGYENI,,,
233338,04_066_015,213,129,128,-1,4,124,EGYENI,,,
233340,04_066_016,209,118,118,0,1,117,EGYENI,,,
233342,04_066_017,365,225,225,0,2,223,EGYENI,,,
233344,04_066_018,442,263,263,0,2,261,EGYENI,,,
233346,04_067_001,977,631,630,-1,13,617,EGYENI,,,
233348,04_067_002,1005,700,698,-2,8,690,EGYENI,,,
233350,04_067_003,819,547,547,0,7,540,EGYENI,,,
233352,04_067_004,987,673,673,0,8,665,EGYENI,,,
233354,04_067_005,994,621,620,-1,12,608,EGYENI,,,
233356,04_067_006,1027,673,673,0,10,663,EGYENI,,,
233358,04_067_007,1069,628,628,0,15,613,EGYENI,,,
233360,04_068_001,628,409,409,0,7,402,EGYENI,,,
233362,04_069_001,579,404,404,0,10,394,EGYENI,,,
233364,04_069_002,653,471,465,-6,6,459,EGYENI,,,
233366,04_070_001,470,295,294,-1,3,291,EGYENI,,,
233368,04_070_002,650,406,406,0,9,397,EGYENI,,,
233370,04_070_003,475,340,340,0,4,336,EGYENI,,,
233372,04_070_004,483,342,339,-3,4,335,EGYENI,,,
233374,04_070_005,523,298,298,0,6,292,EGYENI,,,
233376,04_070_006,470,286,287,1,11,276,EGYENI,,,
233378,04_070_007,715,476,476,0,7,469,EGYENI,,,
233380,04_070_008,769,495,495,0,7,488,EGYENI,,,
233382,04_071_001,753,479,479,0,13,466,EGYENI,,,
233384,04_071_002,644,419,419,0,2,417,EGYENI,,,
233386,04_071_003,671,419,419,0,5,414,EGYENI,,,
233388,04_071_004,671,457,457,0,3,454,EGYENI,,,
233390,04_071_005,731,491,490,-1,9,481,EGYENI,,,
233392,04_071_006,584,367,367,0,6,361,EGYENI,,,
233394,04_072_001,87,51,51,0,0,51,EGYENI,,,
233396,04_073_001,997,559,556,-3,16,540,EGYENI,,,
233398,04_074_001,673,430,430,0,4,426,EGYENI,,,
233400,04_074_002,643,426,426,0,6,420,EGYENI,,,
233402,04_074_003,681,456,455,-1,10,445,EGYENI,,,
233404,04_074_004,627,447,446,-1,2,444,EGYENI,,,
233406,04_074_005,927,538,538,0,9,529,EGYENI,,,
233408,04_074_006,803,468,468,0,6,462,EGYENI,,,
233410,04_074_007,787,400,399,-1,8,391,EGYENI,,,
233412,04_075_001,601,404,404,0,4,400,EGYENI,,,
233414,04_075_002,570,369,369,0,5,364,EGYENI,,,
233416,05_001_001,60,40,40,0,0,40,EGYENI,,,
233418,05_002_001,400,278,278,0,6,272,EGYENI,,,
233420,05_002_002,75,46,46,0,1,45,EGYENI,,,
233422,05_003_001,81,51,51,0,0,51,EGYENI,,,
233424,05_004_001,799,467,466,-1,10,456,EGYENI,,,
233426,05_004_002,791,475,475,0,3,472,EGYENI,,,
233428,05_004_003,668,453,453,0,9,444,EGYENI,,,
233430,05_005_001,115,60,60,0,3,57,EGYENI,,,
233432,05_006_001,129,99,99,0,2,97,EGYENI,,,
233434,05_007_001,127,97,94,-3,0,94,EGYENI,,,
233436,05_008_001,428,311,311,0,0,311,EGYENI,,,
233438,05_009_001,588,331,331,0,7,324,EGYENI,,,
233440,05_010_001,586,371,371,0,7,364,EGYENI,,,
233442,05_011_001,229,165,165,0,2,163,EGYENI,,,
233444,05_012_001,71,48,48,0,0,48,EGYENI,,,
233446,05_013_001,153,113,113,0,1,112,EGYENI,,,
233448,05_014_001,348,243,243,0,4,239,EGYENI,,,
233450,05_015_001,108,76,76,0,2,74,EGYENI,,,
233452,05_016_001,1067,584,584,0,9,575,EGYENI,,,
233454,05_017_001,731,514,514,0,5,509,EGYENI,,,
233456,05_017_002,734,509,509,0,9,500,EGYENI,,,
233458,05_017_003,994,595,594,-1,8,586,EGYENI,,,
233460,05_017_004,813,555,555,0,7,548,EGYENI,,,
233462,05_017_005,981,590,589,-1,18,571,EGYENI,,,
233464,05_018_001,51,37,37,0,1,36,EGYENI,,,
233466,05_019_001,849,317,317,0,1,316,EGYENI,,,
233468,05_019_002,822,382,382,0,2,380,EGYENI,,,
233470,05_019_003,866,396,396,0,3,393,EGYENI,,,
233472,05_020_001,834,600,600,0,9,591,EGYENI,,,
233474,05_020_002,1047,794,793,-1,16,777,EGYENI,,,
233476,05_021_001,686,418,418,0,7,411,EGYENI,,,
233478,05_021_002,670,381,380,-1,3,377,EGYENI,,,
233480,05_022_001,766,517,517,0,8,509,EGYENI,,,
233482,05_023_001,522,287,286,-1,2,284,EGYENI,,,
233484,05_024_001,347,187,187,0,10,177,EGYENI,,,
233486,05_025_001,153,131,131,0,1,130,EGYENI,,,
233488,05_026_001,526,357,357,0,4,353,EGYENI,,,
233490,05_026_002,537,337,337,0,2,335,EGYENI,,,
233492,05_027_001,935,573,572,-1,3,569,EGYENI,,,
233494,05_028_001,26,25,25,0,1,24,EGYENI,,,
233496,05_029_001,951,635,635,0,13,622,EGYENI,,,
233498,05_029_002,1018,739,739,0,3,736,EGYENI,,,
233500,05_030_001,874,489,491,2,26,465,EGYENI,,,
233502,05_031_001,211,132,132,0,1,131,EGYENI,,,
233504,05_032_001,763,503,502,-1,11,491,EGYENI,,,
233506,05_033_001,962,486,486,0,5,481,EGYENI,,,
233508,05_034_001,801,602,602,0,7,595,EGYENI,,,
233510,05_035_001,678,485,485,0,8,477,EGYENI,,,
233512,05_036_001,683,436,436,0,9,427,EGYENI,,,
233514,05_037_001,720,502,502,0,12,490,EGYENI,,,
233516,05_037_002,851,586,585,-1,9,576,EGYENI,,,
233518,05_038_001,397,214,214,0,8,206,EGYENI,,,
233520,05_039_001,719,467,467,0,9,458,EGYENI,,,
233522,05_040_001,984,476,476,0,11,465,EGYENI,,,
233524,05_040_002,808,530,530,0,8,522,EGYENI,,,
233526,05_041_001,596,327,325,-2,12,313,EGYENI,,,
233529,05_042_001,231,170,170,0,1,169,EGYENI,,,
233531,05_043_001,416,312,306,-6,7,299,EGYENI,,,
233532,05_044_001,813,460,460,0,10,450,EGYENI,,,
233534,05_044_002,812,441,441,0,5,436,EGYENI,,,
233536,05_044_003,664,369,369,0,2,367,EGYENI,,,
233538,05_045_001,911,576,576,0,9,567,EGYENI,,,
233540,05_046_001,905,557,557,0,9,548,EGYENI,,,
233542,05_047_001,173,111,111,0,0,111,EGYENI,,,
233544,05_048_001,70,47,47,0,2,45,EGYENI,,,
233546,05_049_001,757,507,508,1,13,495,EGYENI,,,
233548,05_050_001,140,102,102,0,2,100,EGYENI,,,
233550,05_051_001,776,454,454,0,10,444,EGYENI,,,
233552,05_051_002,592,421,421,0,8,413,EGYENI,,,
233554,05_051_003,660,452,452,0,6,446,EGYENI,,,
233556,05_052_001,1214,784,786,2,29,757,EGYENI,,,
233558,05_053_001,605,462,461,-1,8,453,EGYENI,,,
233560,05_053_002,716,521,520,-1,9,511,EGYENI,,,
233562,05_054_001,106,73,73,0,2,71,EGYENI,,,
233564,05_055_001,910,646,648,2,23,625,EGYENI,,,
233566,05_056_001,827,579,579,0,11,568,EGYENI,,,
233568,05_057_001,138,96,97,1,4,93,EGYENI,,,
233570,05_058_001,801,362,362,0,5,357,EGYENI,,,
233572,05_058_002,712,385,385,0,9,376,EGYENI,,,
233574,05_058_003,731,333,333,0,12,321,EGYENI,,,
233576,05_059_001,270,142,142,0,7,135,EGYENI,,,
233578,05_060_001,800,612,612,0,5,607,EGYENI,,,
233580,05_061_001,321,256,256,0,9,247,EGYENI,,,
233582,05_062_001,522,317,316,-1,2,314,EGYENI,,,
233584,05_063_001,456,302,302,0,7,295,EGYENI,,,
233586,05_064_001,535,324,324,0,2,322,EGYENI,,,
233588,05_065_001,514,355,355,0,6,349,EGYENI,,,
233590,05_066_001,588,343,343,0,7,336,EGYENI,,,
233592,05_067_001,184,140,140,0,2,138,EGYENI,,,
233594,05_068_001,249,156,156,0,2,154,EGYENI,,,
233596,05_069_001,11,8,8,0,0,8,EGYENI,,,
233598,05_070_001,198,136,136,0,2,134,EGYENI,,,
233600,05_071_001,1143,711,709,-2,14,695,EGYENI,,,
233602,05_072_001,587,301,301,0,3,298,EGYENI,,,
233604,05_073_001,215,151,151,0,0,151,EGYENI,,,
233606,05_074_001,219,168,168,0,0,168,EGYENI,,,
233608,05_075_001,916,560,559,-1,6,553,EGYENI,,,
233610,05_075_002,1008,752,752,0,8,744,EGYENI,,,
233612,05_075_003,1082,658,658,0,7,651,EGYENI,,,
233614,05_075_004,810,569,567,-2,5,562,EGYENI,,,
233616,05_075_005,850,608,607,-1,3,604,EGYENI,,,
233618,05_075_006,780,548,547,-1,5,542,EGYENI,,,
233620,05_075_007,985,663,661,-2,11,650,EGYENI,,,
233622,05_075_008,975,555,554,-1,25,529,EGYENI,,,
233624,05_076_001,434,329,329,0,5,324,EGYENI,,,
233626,05_077_001,736,401,400,-1,2,398,EGYENI,,,
233628,05_077_002,774,480,480,0,3,477,EGYENI,,,
233630,05_077_003,787,467,465,-2,10,455,EGYENI,,,
233632,05_077_004,845,490,485,-5,12,473,EGYENI,,,
233634,05_077_005,826,519,519,0,12,507,EGYENI,,,
233636,05_078_001,763,591,590,-1,6,584,EGYENI,,,
233638,05_078_002,864,583,583,0,11,572,EGYENI,,,
233640,05_078_003,655,311,311,0,7,304,EGYENI,,,
233642,05_078_004,727,450,450,0,6,444,EGYENI,,,
233644,05_078_005,686,531,530,-1,7,523,EGYENI,,,
233646,05_078_006,556,385,385,0,1,384,EGYENI,,,
233648,05_078_007,461,260,260,0,12,248,EGYENI,,,
233650,05_079_001,856,524,523,-1,7,516,EGYENI,,,
233652,05_080_001,447,272,272,0,6,266,EGYENI,,,
233654,05_081_001,44,40,40,0,0,40,EGYENI,,,
233656,05_082_001,253,178,178,0,2,176,EGYENI,,,
233658,05_083_001,690,410,409,-1,9,400,EGYENI,,,
233660,05_083_002,508,272,272,0,9,263,EGYENI,,,
233662,05_084_001,273,216,216,0,3,213,EGYENI,,,
233664,05_085_001,208,127,127,0,1,126,EGYENI,,,
233666,05_086_001,670,343,343,0,14,329,EGYENI,,,
233668,05_087_001,148,88,88,0,1,87,EGYENI,,,
233670,05_088_001,298,199,198,-1,2,196,EGYENI,,,
233672,05_089_001,783,494,494,0,6,488,EGYENI,,,
233674,05_090_001,197,122,123,1,7,116,EGYENI,,,
233676,05_091_001,509,298,298,0,7,291,EGYENI,,,
233678,05_092_001,365,209,209,0,5,204,EGYENI,,,
233680,05_093_001,697,521,521,0,8,513,EGYENI,,,
233682,05_093_002,872,630,630,0,3,627,EGYENI,,,
233684,05_093_003,1090,767,764,-3,5,759,EGYENI,,,
233686,05_093_004,604,427,427,0,6,421,EGYENI,,,
233688,05_093_005,907,582,581,-1,9,572,EGYENI,,,
233690,05_093_006,970,648,649,1,11,638,EGYENI,,,
233692,05_094_001,76,54,54,0,1,53,EGYENI,,,
233694,05_095_001,241,147,147,0,1,146,EGYENI,,,
233696,05_096_001,975,591,591,0,10,581,EGYENI,,,
233698,05_096_002,947,642,641,-1,13,628,EGYENI,,,
233700,05_097_001,266,135,135,0,6,129,EGYENI,,,
233702,05_098_001,282,216,216,0,6,210,EGYENI,,,
233704,05_099_001,84,57,56,-1,2,54,EGYENI,,,
233706,05_100_001,222,170,169,-1,3,166,EGYENI,,,
233708,05_101_001,241,147,147,0,6,141,EGYENI,,,
233710,05_102_001,158,118,118,0,0,118,EGYENI,,,
233712,05_103_001,28,19,19,0,0,19,EGYENI,,,
233714,05_104_001,127,86,82,-4,5,77,EGYENI,,,
233716,05_105_001,147,95,96,1,8,88,EGYENI,,,
233718,05_106_001,67,60,60,0,3,57,EGYENI,,,
233720,05_107_001,269,197,197,0,4,193,EGYENI,,,
233722,05_108_001,438,346,346,0,1,345,EGYENI,,,
233724,05_109_001,599,426,422,-4,7,415,EGYENI,,,
233726,05_109_002,549,371,371,0,4,367,EGYENI,,,
233728,05_109_003,640,447,447,0,10,437,EGYENI,,,
233730,05_109_004,222,123,123,0,10,113,EGYENI,,,
233732,05_110_001,612,377,377,0,5,372,EGYENI,,,
233734,05_111_001,440,334,334,0,5,329,EGYENI,,,
233736,05_112_001,65,51,51,0,0,51,EGYENI,,,
233738,05_113_001,714,521,520,-1,9,511,EGYENI,,,
233740,05_113_002,703,373,371,-2,16,355,EGYENI,,,
233742,05_114_001,427,266,266,0,9,257,EGYENI,,,
233745,05_115_001,429,212,212,0,6,206,EGYENI,,,
233747,05_116_001,621,439,438,-1,5,433,EGYENI,,,
233748,05_116_002,669,423,423,0,4,419,EGYENI,,,
233750,05_117_001,458,296,296,0,12,284,EGYENI,,,
233752,05_118_001,585,303,303,0,7,296,EGYENI,,,
233754,05_118_002,553,316,316,0,9,307,EGYENI,,,
233756,05_119_001,767,495,494,-1,6,488,EGYENI,,,
233758,05_119_002,788,557,557,0,10,547,EGYENI,,,
233760,05_120_001,115,91,91,0,4,87,EGYENI,,,
233762,05_121_001,83,73,73,0,1,72,EGYENI,,,
233764,05_122_001,172,129,129,0,2,127,EGYENI,,,
233766,05_123_001,606,371,371,0,3,368,EGYENI,,,
233768,05_123_002,633,363,363,0,2,361,EGYENI,,,
233770,05_124_001,812,536,536,0,4,532,EGYENI,,,
233772,05_125_001,231,156,156,0,2,154,EGYENI,,,
233774,05_126_001,794,466,466,0,16,450,EGYENI,,,
233776,05_127_001,550,399,398,-1,3,395,EGYENI,,,
233778,05_128_001,534,425,423,-2,4,419,EGYENI,,,
233780,05_129_001,100,77,77,0,2,75,EGYENI,,,
233782,05_130_001,155,87,87,0,6,81,EGYENI,,,
233784,05_131_001,119,69,69,0,1,68,EGYENI,,,
233786,05_131_002,1093,777,777,0,9,768,EGYENI,,,
233788,05_132_001,241,180,180,0,0,180,EGYENI,,,
233790,05_133_001,927,589,589,0,6,583,EGYENI,,,
233792,05_133_002,854,521,521,0,7,514,EGYENI,,,
233794,05_133_003,913,609,609,0,14,595,EGYENI,,,
233796,05_134_001,155,69,69,0,2,67,EGYENI,,,
233798,05_135_001,306,178,178,0,4,174,EGYENI,,,
233800,05_136_001,125,103,103,0,2,101,EGYENI,,,
233802,05_137_001,665,371,370,-1,12,358,EGYENI,,,
233804,05_138_001,387,253,253,0,5,248,EGYENI,,,
233806,05_139_001,692,452,451,-1,15,436,EGYENI,,,
233808,05_140_001,413,277,277,0,13,264,EGYENI,,,
233810,05_141_001,608,418,418,0,10,408,EGYENI,,,
233812,05_142_001,682,407,407,0,6,401,EGYENI,,,
233814,05_143_001,876,479,478,-1,12,466,EGYENI,,,
233816,05_144_001,88,63,63,0,0,63,EGYENI,,,
233818,05_145_001,907,583,585,2,13,572,EGYENI,,,
233820,05_146_001,72,51,51,0,0,51,EGYENI,,,
233822,05_147_001,667,393,393,0,9,384,EGYENI,,,
233824,05_147_002,601,357,356,-1,10,346,EGYENI,,,
233826,05_148_001,383,247,247,0,14,233,EGYENI,,,
233828,05_149_001,713,391,391,0,6,385,EGYENI,,,
233830,05_149_002,594,286,286,0,9,277,EGYENI,,,
233832,05_150_001,218,165,164,-1,6,158,EGYENI,,,
233834,05_151_001,679,364,364,0,9,355,EGYENI,,,
233836,05_151_002,648,418,418,0,6,412,EGYENI,,,
233838,05_152_001,379,233,233,0,3,230,EGYENI,,,
233840,05_153_001,656,483,483,0,0,483,EGYENI,,,
233842,05_153_002,670,516,516,0,3,513,EGYENI,,,
233844,05_153_003,738,372,371,-1,1,370,EGYENI,,,
233846,05_153_004,1194,839,839,0,7,832,EGYENI,,,
233848,05_153_005,778,565,561,-4,7,554,EGYENI,,,
233850,05_153_006,862,454,454,0,3,451,EGYENI,,,
233852,05_153_007,1129,516,516,0,14,502,EGYENI,,,
233854,05_153_008,946,467,465,-2,7,458,EGYENI,,,
233856,05_153_009,606,421,418,-3,2,416,EGYENI,,,
233858,05_153_010,562,380,380,0,6,374,EGYENI,,,
233860,05_153_011,706,466,464,-2,6,458,EGYENI,,,
233862,05_153_012,1030,670,670,0,7,663,EGYENI,,,
233864,05_153_013,713,464,464,0,5,459,EGYENI,,,
233866,05_153_014,913,570,570,0,4,566,EGYENI,,,
233868,05_153_015,938,406,406,0,3,403,EGYENI,,,
233870,05_153_016,1082,622,621,-1,6,615,EGYENI,,,
233872,05_153_017,715,433,437,4,36,401,EGYENI,,,
233874,05_153_018,2316,1961,1960,-1,24,1936,EGYENI,,,
233876,05_153_019,1152,682,681,-1,6,675,EGYENI,,,
233878,05_153_020,851,493,493,0,11,482,EGYENI,,,
233880,05_153_021,773,499,499,0,6,493,EGYENI,,,
233882,05_153_022,628,406,406,0,3,403,EGYENI,,,
233884,05_153_023,983,610,609,-1,2,607,EGYENI,,,
233886,05_153_024,622,397,397,0,0,397,EGYENI,,,
233888,05_153_025,951,582,581,-1,3,578,EGYENI,,,
233890,05_154_001,419,305,305,0,1,304,EGYENI,,,
233892,05_155_001,133,120,120,0,2,118,EGYENI,,,
233894,05_156_001,40,32,32,0,0,32,EGYENI,,,
233896,05_157_001,715,447,447,0,12,435,EGYENI,,,
233898,05_158_001,354,251,251,0,7,244,EGYENI,,,
233900,05_159_001,918,489,489,0,6,483,EGYENI,,,
233902,05_160_001,21,18,18,0,0,18,EGYENI,,,
233904,05_161_001,632,391,391,0,10,381,EGYENI,,,
233906,05_161_002,645,374,374,0,5,369,EGYENI,,,
233908,05_162_001,114,81,81,0,1,80,EGYENI,,,
233910,05_163_001,135,76,77,1,5,72,EGYENI,,,
233912,05_163_002,468,260,261,1,14,247,EGYENI,,,
233914,05_164_001,133,98,98,0,1,97,EGYENI,,,
233916,05_165_001,643,441,440,-1,3,437,EGYENI,,,
233918,05_165_002,606,373,373,0,5,368,EGYENI,,,
233920,05_166_001,246,177,177,0,4,173,EGYENI,,,
233922,05_167_001,250,189,189,0,4,185,EGYENI,,,
233924,05_168_001,165,98,98,0,0,98,EGYENI,,,
233926,05_169_001,243,191,191,0,4,187,EGYENI,,,
233928,05_170_001,829,588,587,-1,8,579,EGYENI,,,
233930,05_170_002,938,674,675,1,20,655,EGYENI,,,
233932,05_171_001,140,107,107,0,3,104,EGYENI,,,
233934,05_172_001,202,156,156,0,6,150,EGYENI,,,
233936,05_173_001,481,288,287,-1,1,286,EGYENI,,,
233938,05_174_001,220,158,158,0,4,154,EGYENI,,,
233940,05_175_001,454,261,261,0,1,260,EGYENI,,,
233942,05_176_001,862,465,464,-1,23,441,EGYENI,,,
233944,05_177_001,339,220,220,0,1,219,EGYENI,,,
233946,05_178_001,129,87,87,0,1,86,EGYENI,,,
233948,05_179_001,490,300,300,0,4,296,EGYENI,,,
233950,05_179_002,672,445,444,-1,19,425,EGYENI,,,
233952,05_180_001,447,327,327,0,4,323,EGYENI,,,
233954,05_181_001,200,83,83,0,0,83,EGYENI,,,
233956,05_182_001,208,146,146,0,2,144,EGYENI,,,
233959,05_183_001,1142,722,721,-1,15,706,EGYENI,,,
233961,05_184_001,330,231,231,0,4,227,EGYENI,,,
233962,05_185_001,223,158,158,0,0,158,EGYENI,,,
233964,05_186_001,35,22,22,0,0,22,EGYENI,,,
233966,05_187_001,634,366,366,0,5,361,EGYENI,,,
233968,05_188_001,276,159,159,0,3,156,EGYENI,,,
233970,05_189_001,879,634,634,0,2,632,EGYENI,,,
233972,05_189_002,759,545,545,0,2,543,EGYENI,,,
233974,05_190_001,809,512,511,-1,5,506,EGYENI,,,
233976,05_190_002,739,481,481,0,7,474,EGYENI,,,
233978,05_190_003,613,450,450,0,2,448,EGYENI,,,
233980,05_190_004,609,449,449,0,8,441,EGYENI,,,
233982,05_190_005,609,470,470,0,6,464,EGYENI,,,
233984,05_191_001,380,264,264,0,5,259,EGYENI,,,
233986,05_192_001,633,322,322,0,2,320,EGYENI,,,
233988,05_192_002,586,389,389,0,3,386,EGYENI,,,
233990,05_192_003,676,417,417,0,6,411,EGYENI,,,
233992,05_193_001,140,96,96,0,1,95,EGYENI,,,
233994,05_194_001,927,543,542,-1,10,532,EGYENI,,,
233996,05_194_002,897,527,527,0,9,518,EGYENI,,,
233998,05_194_003,944,609,609,0,8,601,EGYENI,,,
234000,05_194_004,886,499,499,0,5,494,EGYENI,,,
234002,05_194_005,932,564,562,-2,12,550,EGYENI,,,
234004,05_195_001,562,336,336,0,5,331,EGYENI,,,
234006,05_195_002,548,376,376,0,5,371,EGYENI,,,
234008,05_195_003,565,389,388,-1,9,379,EGYENI,,,
234010,05_195_004,546,350,350,0,8,342,EGYENI,,,
234012,05_195_005,642,363,363,0,8,355,EGYENI,,,
234014,05_196_001,912,722,722,0,4,718,EGYENI,,,
234016,05_196_002,788,607,607,0,3,604,EGYENI,,,
234018,05_196_003,839,624,624,0,8,616,EGYENI,,,
234020,05_196_004,829,548,546,-2,8,538,EGYENI,,,
234022,05_196_005,914,550,549,-1,8,541,EGYENI,,,
234024,05_196_006,781,472,472,0,9,463,EGYENI,,,
234026,05_196_007,756,552,552,0,9,543,EGYENI,,,
234028,05_196_008,731,565,564,-1,7,557,EGYENI,,,
234030,05_196_009,759,579,577,-2,15,562,EGYENI,,,
234032,05_196_010,1018,690,689,-1,15,674,EGYENI,,,
234034,05_196_011,947,624,621,-3,15,606,EGYENI,,,
234036,05_196_012,2343,2022,2014,-8,20,1994,EGYENI,,,
234038,05_196_013,826,620,620,0,2,618,EGYENI,,,
234040,05_196_014,620,473,472,-1,4,468,EGYENI,,,
234042,05_196_015,719,527,526,-1,7,519,EGYENI,,,
234044,05_196_016,733,556,556,0,5,551,EGYENI,,,
234046,05_197_001,797,542,542,0,15,527,EGYENI,,,
234048,05_198_001,692,471,471,0,7,464,EGYENI,,,
234050,05_198_002,618,425,425,0,6,419,EGYENI,,,
234052,05_199_001,905,573,573,0,12,561,EGYENI,,,
234054,05_199_002,814,466,466,0,4,462,EGYENI,,,
234056,05_200_001,581,295,295,0,10,285,EGYENI,,,
234058,05_200_002,572,373,373,0,9,364,EGYENI,,,
234060,05_201_001,420,312,311,-1,10,301,EGYENI,,,
234062,05_202_001,2847,2529,2520,-9,17,2503,EGYENI,,,
234064,05_202_002,835,598,598,0,14,584,EGYENI,,,
234066,05_202_003,850,676,676,0,4,672,EGYENI,,,
234068,05_202_004,930,552,552,0,13,539,EGYENI,,,
234070,05_202_005,932,418,402,-16,1,401,EGYENI,,,
234072,05_202_006,1014,655,652,-3,11,641,EGYENI,,,
234074,05_202_007,902,728,728,0,3,725,EGYENI,,,
234076,05_202_008,1002,796,796,0,6,790,EGYENI,,,
234078,05_202_009,823,588,587,-1,4,583,EGYENI,,,
234080,05_202_010,719,553,553,0,10,543,EGYENI,,,
234082,05_202_011,804,556,556,0,5,551,EGYENI,,,
234084,05_202_012,1144,908,907,-1,15,892,EGYENI,,,
234086,05_202_013,1004,762,762,0,5,757,EGYENI,,,
234088,05_202_014,1096,830,830,0,11,819,EGYENI,,,
234090,05_202_015,690,524,524,0,5,519,EGYENI,,,
234092,05_202_016,862,625,624,-1,11,613,EGYENI,,,
234094,05_202_017,970,705,705,0,10,695,EGYENI,,,
234096,05_202_018,1057,674,671,-3,6,665,EGYENI,,,
234098,05_202_019,800,450,449,-1,3,446,EGYENI,,,
234100,05_202_020,846,565,565,0,6,559,EGYENI,,,
234102,05_202_021,757,555,555,0,2,553,EGYENI,,,
234104,05_202_022,1074,773,773,0,3,770,EGYENI,,,
234106,05_202_023,1049,823,819,-4,7,812,EGYENI,,,
234108,05_202_024,1101,779,776,-3,6,770,EGYENI,,,
234110,05_202_025,997,759,759,0,3,756,EGYENI,,,
234112,05_202_026,985,716,716,0,5,711,EGYENI,,,
234114,05_202_027,1023,759,758,-1,5,753,EGYENI,,,
234116,05_202_028,966,485,484,-1,5,479,EGYENI,,,
234118,05_202_029,884,553,552,-1,4,548,EGYENI,,,
234120,05_202_030,939,482,482,0,7,475,EGYENI,,,
234122,05_202_031,998,585,583,-2,10,573,EGYENI,,,
234124,05_202_032,966,555,555,0,4,551,EGYENI,,,
234126,05_202_033,930,603,603,0,2,601,EGYENI,,,
234128,05_202_034,1086,661,656,-5,3,653,EGYENI,,,
234130,05_202_035,1056,596,596,0,10,586,EGYENI,,,
234132,05_202_036,1068,602,602,0,3,599,EGYENI,,,
234134,05_202_037,956,524,524,0,6,518,EGYENI,,,
234136,05_202_038,870,449,448,-1,4,444,EGYENI,,,
234138,05_202_039,886,558,555,-3,6,549,EGYENI,,,
234140,05_202_040,846,593,593,0,7,586,EGYENI,,,
234142,05_202_041,849,544,544,0,4,540,EGYENI,,,
234144,05_202_042,841,531,531,0,5,526,EGYENI,,,
234146,05_202_043,817,498,498,0,4,494,EGYENI,,,
234148,05_202_044,957,631,630,-1,4,626,EGYENI,,,
234150,05_202_045,827,565,564,-1,3,561,EGYENI,,,
234152,05_202_046,952,655,653,-2,3,650,EGYENI,,,
234154,05_202_047,747,560,560,0,7,553,EGYENI,,,
234156,05_202_048,757,510,510,0,7,503,EGYENI,,,
234158,05_202_049,895,557,557,0,9,548,EGYENI,,,
234160,05_202_050,901,607,605,-2,9,596,EGYENI,,,
234162,05_202_051,851,684,682,-2,5,677,EGYENI,,,
234164,05_202_052,856,693,693,0,4,689,EGYENI,,,
234166,05_202_053,924,774,772,-2,10,762,EGYENI,,,
234168,05_202_054,965,678,668,-10,7,661,EGYENI,,,
234170,05_202_055,1071,758,758,0,9,749,EGYENI,,,
234172,05_202_056,1007,624,621,-3,5,616,EGYENI,,,
234174,05_202_057,963,712,712,0,8,704,EGYENI,,,
234176,05_202_058,941,555,555,0,6,549,EGYENI,,,
234178,05_202_059,957,631,632,1,17,615,EGYENI,,,
234180,05_202_060,914,568,568,0,8,560,EGYENI,,,
234182,05_202_061,991,512,512,0,4,508,EGYENI,,,
234184,05_202_062,939,686,684,-2,6,678,EGYENI,,,
234186,05_202_063,989,672,672,0,11,661,EGYENI,,,
234188,05_202_064,890,671,669,-2,6,663,EGYENI,,,
234190,05_202_065,924,673,672,-1,5,667,EGYENI,,,
234192,05_202_066,1221,528,528,0,2,526,EGYENI,,,
234194,05_202_067,980,603,603,0,4,599,EGYENI,,,
234196,05_202_068,977,629,631,2,17,614,EGYENI,,,
234198,05_202_069,1075,569,567,-2,1,566,EGYENI,,,
234200,05_202_070,1010,569,569,0,7,562,EGYENI,,,
234202,05_202_071,758,455,455,0,2,453,EGYENI,,,
234204,05_202_072,813,631,631,0,6,625,EGYENI,,,
234206,05_202_073,967,655,652,-3,6,646,EGYENI,,,
234208,05_202_074,915,601,601,0,4,597,EGYENI,,,
234210,05_202_075,907,680,680,0,7,673,EGYENI,,,
234212,05_202_076,915,705,702,-3,5,697,EGYENI,,,
234214,05_202_077,955,722,722,0,9,713,EGYENI,,,
234216,05_202_078,831,622,622,0,6,616,EGYENI,,,
234218,05_202_079,1063,785,785,0,4,781,EGYENI,,,
234220,05_202_080,917,660,660,0,11,649,EGYENI,,,
234222,05_202_081,887,611,610,-1,3,607,EGYENI,,,
234224,05_202_082,995,689,689,0,8,681,EGYENI,,,
234226,05_202_083,940,645,643,-2,1,642,EGYENI,,,
234228,05_202_084,863,586,584,-2,7,577,EGYENI,,,
234230,05_202_085,913,643,643,0,8,635,EGYENI,,,
234232,05_202_086,957,613,612,-1,4,608,EGYENI,,,
234234,05_202_087,922,276,276,0,26,250,EGYENI,,,
234236,05_202_088,975,554,553,-1,2,551,EGYENI,,,
234238,05_202_089,925,642,641,-1,3,638,EGYENI,,,
234240,05_202_090,837,642,641,-1,5,636,EGYENI,,,
234242,05_202_091,915,675,675,0,6,669,EGYENI,,,
234244,05_202_092,964,629,629,0,9,620,EGYENI,,,
234246,05_202_093,995,386,386,0,7,379,EGYENI,,,
234248,05_202_094,1014,508,506,-2,6,500,EGYENI,,,
234250,05_202_095,929,663,663,0,2,661,EGYENI,,,
234252,05_202_096,880,622,622,0,1,621,EGYENI,,,
234254,05_202_097,936,653,651,-2,6,645,EGYENI,,,
234256,05_202_098,1037,515,516,1,17,499,EGYENI,,,
234258,05_202_099,1156,896,894,-2,6,888,EGYENI,,,
234260,05_202_100,426,306,306,0,9,297,EGYENI,,,
234262,05_202_101,1107,574,574,0,5,569,EGYENI,,,
234264,05_202_102,986,558,557,-1,5,552,EGYENI,,,
234266,05_202_103,1043,658,657,-1,10,647,EGYENI,,,
234268,05_202_104,1062,573,573,0,2,571,EGYENI,,,
234270,05_202_105,972,648,646,-2,1,645,EGYENI,,,
234272,05_202_106,931,673,671,-2,8,663,EGYENI,,,
234274,05_202_107,908,604,604,0,1,603,EGYENI,,,
234276,05_202_108,931,636,636,0,7,629,EGYENI,,,
234278,05_202_109,855,561,561,0,5,556,EGYENI,,,
234280,05_202_110,880,564,563,-1,6,557,EGYENI,,,
234282,05_202_111,883,622,621,-1,7,614,EGYENI,,,
234284,05_202_112,881,696,694,-2,7,687,EGYENI,,,
234286,05_202_113,862,600,600,0,9,591,EGYENI,,,
234288,05_202_114,919,647,647,0,4,643,EGYENI,,,
234290,05_202_115,951,656,656,0,5,651,EGYENI,,,
234292,05_202_116,927,594,594,0,6,588,EGYENI,,,
234294,05_202_117,888,583,583,0,7,576,EGYENI,,,
234296,05_202_118,879,584,584,0,7,577,EGYENI,,,
234298,05_202_119,901,612,610,-2,8,602,EGYENI,,,
234300,05_202_120,948,714,713,-1,6,707,EGYENI,,,
234302,05_202_121,911,675,674,-1,6,668,EGYENI,,,
234304,05_202_122,968,646,645,-1,8,637,EGYENI,,,
234306,05_202_123,957,621,620,-1,8,612,EGYENI,,,
234308,05_202_124,1037,809,808,-1,3,805,EGYENI,,,
234310,05_202_125,987,708,707,-1,8,699,EGYENI,,,
234312,05_202_126,937,629,628,-1,6,622,EGYENI,,,
234314,05_202_127,956,727,725,-2,5,720,EGYENI,,,
234316,05_202_128,378,274,271,-3,0,271,EGYENI,,,
234318,05_202_129,2369,2190,2181,-9,16,2165,EGYENI,,,
234320,05_203_001,70,54,54,0,0,54,EGYENI,,,
234322,05_204_001,180,112,112,0,5,107,EGYENI,,,
234324,05_205_001,581,372,372,0,2,370,EGYENI,,,
234326,05_205_002,582,405,405,0,5,400,EGYENI,,,
234328,05_206_001,388,285,286,1,9,277,EGYENI,,,
234330,05_207_001,744,475,474,-1,7,467,EGYENI,,,
234332,05_207_002,736,421,421,0,13,408,EGYENI,,,
234334,05_207_003,762,454,454,0,4,450,EGYENI,,,
234336,05_208_001,682,405,405,0,5,400,EGYENI,,,
234338,05_209_001,611,379,379,0,6,373,EGYENI,,,
234340,05_210_001,49,39,39,0,1,38,EGYENI,,,
234342,05_211_001,217,145,145,0,3,142,EGYENI,,,
234344,05_212_001,497,263,263,0,2,261,EGYENI,,,
234346,05_213_001,557,290,290,0,3,287,EGYENI,,,
234348,05_214_001,690,463,466,3,33,433,EGYENI,,,
234350,05_215_001,234,157,157,0,4,153,EGYENI,,,
234352,05_216_001,957,543,543,0,9,534,EGYENI,,,
234354,05_217_001,848,596,596,0,9,587,EGYENI,,,
234356,05_217_002,737,531,529,-2,7,522,EGYENI,,,
234358,05_217_003,777,502,502,0,3,499,EGYENI,,,
234360,05_217_004,730,506,506,0,9,497,EGYENI,,,
234362,05_217_005,981,637,636,-1,5,631,EGYENI,,,
234364,05_218_001,32,23,23,0,0,23,EGYENI,,,
234366,05_219_001,289,208,208,0,5,203,EGYENI,,,
234368,05_220_001,222,166,165,-1,3,162,EGYENI,,,
234370,05_221_001,1166,674,673,-1,11,662,EGYENI,,,
234372,05_222_001,743,482,482,0,3,479,EGYENI,,,
234374,05_222_002,815,444,444,0,11,433,EGYENI,,,
234376,05_222_003,878,635,635,0,4,631,EGYENI,,,
234378,05_222_004,882,656,656,0,5,651,EGYENI,,,
234380,05_222_005,167,112,112,0,2,110,EGYENI,,,
234382,05_222_006,104,66,66,0,3,63,EGYENI,,,
234384,05_223_001,611,346,345,-1,8,337,EGYENI,,,
234386,05_223_002,571,330,330,0,8,322,EGYENI,,,
234388,05_224_001,280,205,205,0,2,203,EGYENI,,,
234390,05_225_001,876,494,494,0,7,487,EGYENI,,,
234392,05_225_002,878,483,483,0,7,476,EGYENI,,,
234394,05_226_001,577,301,301,0,0,301,EGYENI,,,
234396,05_226_002,827,441,441,0,9,432,EGYENI,,,
234398,05_226_003,902,467,467,0,1,466,EGYENI,,,
234400,05_226_004,928,491,491,0,3,488,EGYENI,,,
234402,05_226_005,774,442,442,0,1,441,EGYENI,,,
234404,05_226_006,1208,691,691,0,15,676,EGYENI,,,
234406,05_226_007,784,448,446,-2,9,437,EGYENI,,,
234408,05_226_008,739,329,328,-1,2,326,EGYENI,,,
234410,05_226_009,555,295,295,0,1,294,EGYENI,,,
234412,05_226_010,718,348,348,0,3,345,EGYENI,,,
234414,05_226_011,811,464,464,0,5,459,EGYENI,,,
234416,05_226_012,870,553,553,0,7,546,EGYENI,,,
234418,05_226_013,772,464,464,0,8,456,EGYENI,,,
234420,05_226_014,740,416,416,0,2,414,EGYENI,,,
234422,05_226_015,718,464,463,-1,6,457,EGYENI,,,
234424,05_226_016,624,464,464,0,5,459,EGYENI,,,
234426,05_226_017,634,409,408,-1,3,405,EGYENI,,,
234428,05_226_018,293,179,179,0,0,179,EGYENI,,,
234430,05_226_019,645,314,314,0,6,308,EGYENI,,,
234432,05_226_020,673,389,388,-1,6,382,EGYENI,,,
234434,05_226_021,382,237,237,0,3,234,EGYENI,,,
234436,05_226_022,195,113,113,0,4,109,EGYENI,,,
234438,05_226_023,773,379,378,-1,3,375,EGYENI,,,
234440,05_226_024,838,387,387,0,6,381,EGYENI,,,
234442,05_226_025,795,241,240,-1,5,235,EGYENI,,,
234444,05_226_026,666,301,301,0,10,291,EGYENI,,,
234446,05_226_027,610,246,247,1,15,232,EGYENI,,,
234448,05_226_028,723,332,332,0,1,331,EGYENI,,,
234450,05_226_029,213,120,120,0,6,114,EGYENI,,,
234452,05_226_030,1747,1508,1504,-4,7,1497,EGYENI,,,
234454,05_226_031,862,418,417,-1,9,408,EGYENI,,,
234456,05_226_032,855,445,445,0,10,435,EGYENI,,,
234458,05_226_033,934,592,592,0,12,580,EGYENI,,,
234460,05_226_034,733,386,386,0,4,382,EGYENI,,,
234462,05_226_035,917,482,480,-2,3,477,EGYENI,,,
234464,05_226_036,444,172,172,0,8,164,EGYENI,,,
234466,05_226_037,270,109,109,0,3,106,EGYENI,,,
234468,05_227_001,34,25,25,0,0,25,EGYENI,,,
234470,05_228_001,904,538,538,0,9,529,EGYENI,,,
234472,05_229_001,1076,592,591,-1,13,578,EGYENI,,,
234474,05_230_001,835,611,609,-2,7,602,EGYENI,,,
234476,05_231_001,41,25,25,0,0,25,EGYENI,,,
234478,05_232_001,234,140,140,0,1,139,EGYENI,,,
234480,05_233_001,18,13,13,0,0,13,EGYENI,,,
234482,05_234_001,580,373,371,-2,5,366,EGYENI,,,
234484,05_235_001,919,575,575,0,6,569,EGYENI,,,
234486,05_235_002,892,592,591,-1,5,586,EGYENI,,,
234488,05_236_001,185,129,129,0,5,124,EGYENI,,,
234490,05_237_001,139,95,91,-4,2,89,EGYENI,,,
234492,05_238_001,750,463,463,0,3,460,EGYENI,,,
234494,05_238_002,677,326,327,1,24,303,EGYENI,,,
234496,05_238_003,484,330,330,0,3,327,EGYENI,,,
234498,05_238_004,646,411,411,0,5,406,EGYENI,,,
234500,05_238_005,632,318,317,-1,10,307,EGYENI,,,
234502,05_238_006,731,466,466,0,8,458,EGYENI,,,
234504,05_238_007,587,397,397,0,11,386,EGYENI,,,
234506,05_238_008,291,176,178,2,22,156,EGYENI,,,
234508,05_239_001,471,312,313,1,8,305,EGYENI,,,
234510,05_240_001,492,319,319,0,6,313,EGYENI,,,
234512,05_241_001,553,287,284,-3,6,278,EGYENI,,,
234514,05_242_001,226,145,144,-1,2,142,EGYENI,,,
234516,05_243_001,395,252,252,0,4,248,EGYENI,,,
234518,05_244_001,759,550,550,0,5,545,EGYENI,,,
234520,05_245_001,60,46,46,0,0,46,EGYENI,,,
234522,05_246_001,374,270,270,0,5,265,EGYENI,,,
234524,05_247_001,345,201,201,0,5,196,EGYENI,,,
234526,05_248_001,609,311,311,0,10,301,EGYENI,,,
234528,05_248_002,596,286,285,-1,4,281,EGYENI,,,
234530,05_249_001,625,361,356,-5,5,351,EGYENI,,,
234532,05_249_002,638,342,342,0,9,333,EGYENI,,,
234534,05_249_003,591,312,311,-1,5,306,EGYENI,,,
234536,05_250_001,578,269,269,0,10,259,EGYENI,,,
234538,05_251_001,711,433,432,-1,3,429,EGYENI,,,
234540,05_251_002,658,367,366,-1,7,359,EGYENI,,,
234542,05_251_003,683,414,414,0,10,404,EGYENI,,,
234544,05_252_001,842,610,610,0,5,605,EGYENI,,,
234546,05_253_001,264,158,158,0,2,156,EGYENI,,,
234548,05_254_001,716,397,396,-1,7,389,EGYENI,,,
234550,05_255_001,494,358,356,-2,8,348,EGYENI,,,
234552,05_256_001,754,420,420,0,8,412,EGYENI,,,
234554,05_256_002,531,303,303,0,17,286,EGYENI,,,
234556,05_256_003,847,496,494,-2,16,478,EGYENI,,,
234558,05_257_001,335,236,236,0,1,235,EGYENI,,,
234560,05_258_001,1218,871,871,0,9,862,EGYENI,,,
234562,05_259_001,1091,726,725,-1,4,721,EGYENI,,,
234564,05_259_002,1161,564,564,0,8,556,EGYENI,,,
234567,05_260_001,340,217,217,0,2,215,EGYENI,,,
234569,05_261_001,158,100,100,0,2,98,EGYENI,,,
234570,05_262_001,332,204,204,0,3,201,EGYENI,,,
234572,05_263_001,1198,902,902,0,6,896,EGYENI,,,
234574,05_264_001,591,423,424,1,12,412,EGYENI,,,
234576,05_265_001,1131,602,602,0,22,580,EGYENI,,,
234578,05_266_001,409,259,259,0,9,250,EGYENI,,,
234580,05_267_001,306,226,226,0,1,225,EGYENI,,,
234582,05_268_001,1047,584,584,0,10,574,EGYENI,,,
234584,05_268_002,599,336,336,0,2,334,EGYENI,,,
234586,05_268_003,663,381,381,0,8,373,EGYENI,,,
234588,05_268_004,1128,675,675,0,12,663,EGYENI,,,
234590,05_268_005,1072,222,222,0,5,217,EGYENI,,,
234592,05_268_006,273,185,185,0,1,184,EGYENI,,,
234594,05_268_007,1010,606,606,0,8,598,EGYENI,,,
234596,05_268_008,1016,603,603,0,9,594,EGYENI,,,
234598,05_268_009,1246,682,682,0,16,666,EGYENI,,,
234600,05_268_010,1264,656,656,0,5,651,EGYENI,,,
234602,05_269_001,908,621,620,-1,5,615,EGYENI,,,
234604,05_269_002,938,706,691,-15,9,682,EGYENI,,,
234606,05_270_001,850,588,588,0,5,583,EGYENI,,,
234608,05_270_002,800,541,541,0,4,537,EGYENI,,,
234610,05_271_001,595,362,362,0,1,361,EGYENI,,,
234612,05_272_001,1167,716,715,-1,18,697,EGYENI,,,
234614,05_273_001,170,119,119,0,6,113,EGYENI,,,
234616,05_274_001,743,525,525,0,3,522,EGYENI,,,
234618,05_274_002,577,366,366,0,3,363,EGYENI,,,
234620,05_274_003,636,466,466,0,5,461,EGYENI,,,
234622,05_274_004,597,440,439,-1,3,436,EGYENI,,,
234624,05_274_005,642,431,431,0,6,425,EGYENI,,,
234626,05_274_006,568,314,314,0,0,314,EGYENI,,,
234628,05_274_007,718,479,476,-3,4,472,EGYENI,,,
234630,05_274_008,618,348,348,0,4,344,EGYENI,,,
234632,05_274_009,573,387,387,0,3,384,EGYENI,,,
234634,05_274_010,691,468,469,1,11,458,EGYENI,,,
234636,05_274_011,607,421,421,0,3,418,EGYENI,,,
234638,05_274_012,666,456,456,0,3,453,EGYENI,,,
234640,05_274_013,425,310,310,0,6,304,EGYENI,,,
234642,05_274_014,592,368,368,0,6,362,EGYENI,,,
234644,05_274_015,180,70,70,0,3,67,EGYENI,,,
234646,05_274_016,248,144,144,0,1,143,EGYENI,,,
234648,05_274_017,116,75,75,0,0,75,EGYENI,,,
234650,05_275_001,842,492,492,0,10,482,EGYENI,,,
234652,05_276_001,401,278,278,0,3,275,EGYENI,,,
234654,05_276_002,560,339,339,0,6,333,EGYENI,,,
234656,05_276_003,545,333,332,-1,2,330,EGYENI,,,
234658,05_276_004,211,170,170,0,1,169,EGYENI,,,
234660,05_276_005,592,439,439,0,7,432,EGYENI,,,
234662,05_276_006,581,302,302,0,8,294,EGYENI,,,
234664,05_276_007,669,373,373,0,4,369,EGYENI,,,
234666,05_276_008,675,304,304,0,5,299,EGYENI,,,
234668,05_276_009,670,383,383,0,4,379,EGYENI,,,
234670,05_276_010,735,481,480,-1,3,477,EGYENI,,,
234672,05_276_011,590,360,359,-1,5,354,EGYENI,,,
234674,05_276_012,735,473,473,0,4,469,EGYENI,,,
234676,05_276_013,675,465,461,-4,8,453,EGYENI,,,
234678,05_276_014,3026,2590,2577,-13,21,2556,EGYENI,,,
234680,05_276_015,702,469,458,-11,5,453,EGYENI,,,
234682,05_276_016,635,457,457,0,10,447,EGYENI,,,
234684,05_276_017,614,416,416,0,1,415,EGYENI,,,
234686,05_276_018,519,353,348,-5,9,339,EGYENI,,,
234688,05_276_019,238,179,179,0,4,175,EGYENI,,,
234690,05_277_001,323,202,202,0,0,202,EGYENI,,,
234692,05_278_001,369,161,161,0,4,157,EGYENI,,,
234694,05_279_001,777,449,449,0,8,441,EGYENI,,,
234696,05_280_001,30,22,22,0,0,22,EGYENI,,,
234698,05_281_001,164,121,121,0,0,121,EGYENI,,,
234700,05_282_001,103,63,63,0,1,62,EGYENI,,,
234702,05_283_001,355,236,236,0,4,232,EGYENI,,,
234704,05_284_001,730,404,404,0,8,396,EGYENI,,,
234706,05_285_001,697,383,383,0,9,374,EGYENI,,,
234708,05_286_001,83,55,55,0,0,55,EGYENI,,,
234710,05_287_001,242,168,168,0,2,166,EGYENI,,,
234712,05_288_001,187,131,131,0,0,131,EGYENI,,,
234714,05_289_001,258,143,143,0,3,140,EGYENI,,,
234716,05_290_001,619,333,333,0,6,327,EGYENI,,,
234718,05_290_002,783,471,470,-1,9,461,EGYENI,,,
234720,05_290_003,720,435,435,0,7,428,EGYENI,,,
234722,05_290_004,722,455,455,0,8,447,EGYENI,,,
234724,05_291_001,1347,656,656,0,19,637,EGYENI,,,
234726,05_292_001,612,408,408,0,8,400,EGYENI,,,
234728,05_292_002,656,463,463,0,8,455,EGYENI,,,
234730,05_292_003,632,442,443,1,12,431,EGYENI,,,
234732,05_293_001,228,156,156,0,4,152,EGYENI,,,
234734,05_294_001,777,567,562,-5,1,561,EGYENI,,,
234736,05_294_002,677,486,486,0,7,479,EGYENI,,,
234738,05_294_003,732,590,588,-2,4,584,EGYENI,,,
234740,05_294_004,734,572,572,0,4,568,EGYENI,,,
234742,05_294_005,745,450,450,0,6,444,EGYENI,,,
234744,05_294_006,850,563,563,0,7,556,EGYENI,,,
234746,05_294_007,785,599,599,0,8,591,EGYENI,,,
234748,05_294_008,813,564,564,0,4,560,EGYENI,,,
234750,05_294_009,559,396,396,0,3,393,EGYENI,,,
234752,05_294_010,466,327,325,-2,4,321,EGYENI,,,
234754,05_295_001,615,450,450,0,6,444,EGYENI,,,
234756,05_295_002,670,476,476,0,3,473,EGYENI,,,
234758,05_295_003,642,439,439,0,4,435,EGYENI,,,
234760,05_295_004,605,372,372,0,3,369,EGYENI,,,
234762,05_295_005,608,401,401,0,3,398,EGYENI,,,
234764,05_295_006,599,375,375,0,2,373,EGYENI,,,
234766,05_295_007,594,357,357,0,1,356,EGYENI,,,
234768,05_296_001,517,359,359,0,5,354,EGYENI,,,
234770,05_297_001,161,118,118,0,3,115,EGYENI,,,
234772,05_298_001,989,713,713,0,4,709,EGYENI,,,
234774,05_298_002,853,682,682,0,3,679,EGYENI,,,
234776,05_298_003,784,574,574,0,6,568,EGYENI,,,
234778,05_298_004,819,589,589,0,6,583,EGYENI,,,
234780,05_299_001,1204,788,788,0,16,772,EGYENI,,,
234782,05_300_001,492,337,337,0,9,328,EGYENI,,,
234784,05_301_001,96,73,73,0,0,73,EGYENI,,,
234786,05_302_001,103,80,80,0,0,80,EGYENI,,,
234788,05_303_001,766,479,479,0,7,472,EGYENI,,,
234790,05_304_001,806,484,483,-1,10,473,EGYENI,,,
234792,05_305_001,404,277,277,0,2,275,EGYENI,,,
234794,05_306_001,757,487,487,0,10,477,EGYENI,,,
234796,05_306_002,693,416,416,0,13,403,EGYENI,,,
234798,05_306_003,629,387,387,0,6,381,EGYENI,,,
234800,05_306_004,610,378,378,0,1,377,EGYENI,,,
234802,05_307_001,826,520,520,0,5,515,EGYENI,,,
234804,05_308_001,667,399,399,0,3,396,EGYENI,,,
234806,05_308_002,695,377,377,0,3,374,EGYENI,,,
234808,05_309_001,1080,714,689,-25,12,677,EGYENI,,,
234810,05_309_002,1082,677,677,0,16,661,EGYENI,,,
234812,05_310_001,925,680,680,0,7,673,EGYENI,,,
234814,05_311_001,810,539,539,0,8,531,EGYENI,,,
234816,05_312_001,727,406,405,-1,13,392,EGYENI,,,
234818,05_312_002,643,437,437,0,9,428,EGYENI,,,
234820,05_313_001,447,312,312,0,6,306,EGYENI,,,
234822,05_314_001,19,15,15,0,0,15,EGYENI,,,
234824,05_315_001,1048,654,653,-1,4,649,EGYENI,,,
234826,05_316_001,252,169,169,0,0,169,EGYENI,,,
234828,05_317_001,349,177,177,0,5,172,EGYENI,,,
234830,05_318_001,308,220,220,0,7,213,EGYENI,,,
234832,05_319_001,732,369,369,0,7,362,EGYENI,,,
234834,05_319_002,792,334,334,0,8,326,EGYENI,,,
234836,05_319_003,196,82,82,0,1,81,EGYENI,,,
234838,05_320_001,684,438,438,0,12,426,EGYENI,,,
234840,05_320_002,611,382,381,-1,7,374,EGYENI,,,
234842,05_320_003,630,360,360,0,11,349,EGYENI,,,
234845,05_321_001,470,350,350,0,6,344,EGYENI,,,
234847,05_322_001,751,406,406,0,8,398,EGYENI,,,
234848,05_322_002,843,494,493,-1,8,485,EGYENI,,,
234850,05_322_003,720,396,396,0,6,390,EGYENI,,,
234852,05_322_004,747,380,379,-1,9,370,EGYENI,,,
234854,05_322_005,767,385,385,0,10,375,EGYENI,,,
234856,05_323_001,1127,705,705,0,7,698,EGYENI,,,
234858,05_324_001,167,126,126,0,2,124,EGYENI,,,
234861,05_325_001,1032,635,635,0,14,621,EGYENI,,,
234863,05_326_001,663,430,430,0,2,428,EGYENI,,,
234864,05_326_002,673,393,392,-1,5,387,EGYENI,,,
234866,05_326_003,193,144,144,0,1,143,EGYENI,,,
234868,05_326_004,690,463,463,0,4,459,EGYENI,,,
234870,05_326_005,725,480,480,0,6,474,EGYENI,,,
234872,05_326_006,833,663,663,0,6,657,EGYENI,,,
234874,05_326_007,737,498,497,-1,3,494,EGYENI,,,
234876,05_326_008,718,465,465,0,6,459,EGYENI,,,
234878,05_326_009,2675,2336,2333,-3,24,2309,EGYENI,,,
234880,05_326_010,612,420,420,0,2,418,EGYENI,,,
234882,05_326_011,748,548,548,0,7,541,EGYENI,,,
234884,05_326_012,731,472,471,-1,2,469,EGYENI,,,
234886,05_326_013,786,560,560,0,6,554,EGYENI,,,
234888,05_326_014,779,514,514,0,4,510,EGYENI,,,
234890,05_326_015,754,503,503,0,6,497,EGYENI,,,
234892,05_326_016,688,495,494,-1,3,491,EGYENI,,,
234894,05_326_017,965,815,815,0,6,809,EGYENI,,,
234896,05_327_001,250,205,205,0,10,195,EGYENI,,,
234899,05_328_001,569,394,390,-4,6,384,EGYENI,,,
234901,05_328_002,372,253,254,1,6,248,EGYENI,,,
234902,05_328_003,586,430,430,0,2,428,EGYENI,,,
234904,05_328_004,711,505,505,0,6,499,EGYENI,,,
234906,05_328_005,701,489,489,0,5,484,EGYENI,,,
234908,05_329_001,663,417,417,0,7,410,EGYENI,,,
234910,05_329_002,650,406,406,0,5,401,EGYENI,,,
234912,05_330_001,180,140,139,-1,1,138,EGYENI,,,
234914,05_331_001,16,14,14,0,0,14,EGYENI,,,
234916,05_332_001,20,17,17,0,0,17,EGYENI,,,
234918,05_333_001,393,270,270,0,6,264,EGYENI,,,
234920,05_334_001,139,90,90,0,1,89,EGYENI,,,
234922,05_335_001,127,91,91,0,3,88,EGYENI,,,
234924,05_336_001,311,218,218,0,5,213,EGYENI,,,
234926,05_337_001,162,116,116,0,2,114,EGYENI,,,
234928,05_338_001,241,154,154,0,1,153,EGYENI,,,
234930,05_339_001,662,403,403,0,6,397,EGYENI,,,
234932,05_340_001,493,323,323,0,5,318,EGYENI,,,
234934,05_341_001,946,531,531,0,4,527,EGYENI,,,
234936,05_342_001,904,669,670,1,12,658,EGYENI,,,
234938,05_343_001,52,43,43,0,0,43,EGYENI,,,
234940,05_344_001,686,493,493,0,6,487,EGYENI,,,
234942,05_345_001,80,52,52,0,0,52,EGYENI,,,
234944,05_346_001,577,413,413,0,13,400,EGYENI,,,
234946,05_347_001,943,489,486,-3,36,450,EGYENI,,,
234948,05_348_001,207,133,133,0,1,132,EGYENI,,,
234950,05_349_001,417,171,171,0,6,165,EGYENI,,,
234952,05_350_001,52,43,43,0,0,43,EGYENI,,,
234954,05_351_001,599,374,374,0,15,359,EGYENI,,,
234956,05_352_001,166,109,109,0,6,103,EGYENI,,,
234958,05_353_001,316,175,175,0,7,168,EGYENI,,,
234960,05_354_001,503,256,256,0,3,253,EGYENI,,,
234962,05_355_001,296,191,191,0,7,184,EGYENI,,,
234964,05_356_001,143,100,100,0,2,98,EGYENI,,,
234966,05_357_001,400,276,276,0,5,271,EGYENI,,,
234968,05_358_001,288,200,200,0,4,196,EGYENI,,,
234970,06_001_001,1062,810,810,0,4,806,EGYENI,,,
234972,06_001_002,1097,789,789,0,15,774,EGYENI,,,
234974,06_001_003,1092,792,792,0,13,779,EGYENI,,,
234976,06_001_004,1052,690,690,0,6,684,EGYENI,,,
234978,06_002_001,359,238,230,-8,5,225,EGYENI,,,
234980,06_003_001,710,459,460,1,12,448,EGYENI,,,
234982,06_003_002,765,471,471,0,4,467,EGYENI,,,
234984,06_003_003,853,520,519,-1,11,508,EGYENI,,,
234986,06_004_001,355,255,255,0,0,255,EGYENI,,,
234988,06_005_001,730,475,475,0,5,470,EGYENI,,,
234990,06_005_002,776,515,514,-1,17,497,EGYENI,,,
234992,06_005_003,709,485,484,-1,19,465,EGYENI,,,
234994,06_005_004,450,222,222,0,6,216,EGYENI,,,
234996,06_005_005,444,248,248,0,4,244,EGYENI,,,
234998,06_006_001,798,451,451,0,3,448,EGYENI,,,
235000,06_006_002,719,402,402,0,10,392,EGYENI,,,
235002,06_007_001,725,486,485,-1,7,478,EGYENI,,,
235004,06_007_002,710,542,542,0,6,536,EGYENI,,,
235006,06_007_003,707,384,384,0,5,379,EGYENI,,,
235008,06_007_004,520,319,319,0,2,317,EGYENI,,,
235010,06_008_001,871,614,614,0,8,606,EGYENI,,,
235012,06_008_002,864,619,617,-2,9,608,EGYENI,,,
235014,06_008_003,867,516,516,0,12,504,EGYENI,,,
235016,06_009_001,348,225,225,0,0,225,EGYENI,,,
235018,06_010_001,737,479,479,0,10,469,EGYENI,,,
235020,06_010_002,765,518,518,0,7,511,EGYENI,,,
235022,06_010_003,718,447,447,0,4,443,EGYENI,,,
235024,06_011_001,667,404,404,0,4,400,EGYENI,,,
235026,06_011_002,707,464,464,0,5,459,EGYENI,,,
235028,06_011_003,720,385,385,0,2,383,EGYENI,,,
235030,06_012_001,790,607,607,0,9,598,EGYENI,,,
235032,06_012_002,682,450,450,0,9,441,EGYENI,,,
235034,06_013_001,971,643,643,0,8,635,EGYENI,,,
235036,06_013_002,828,574,574,0,9,565,EGYENI,,,
235038,06_013_003,769,564,565,1,14,551,EGYENI,,,
235040,06_013_004,923,598,598,0,7,591,EGYENI,,,
235042,06_013_005,774,513,512,-1,10,502,EGYENI,,,
235044,06_013_006,886,515,515,0,0,515,EGYENI,,,
235046,06_013_007,833,640,640,0,5,635,EGYENI,,,
235048,06_013_008,897,634,634,0,7,627,EGYENI,,,
235050,06_013_009,762,569,569,0,7,562,EGYENI,,,
235052,06_013_010,859,611,611,0,10,601,EGYENI,,,
235054,06_013_011,664,481,481,0,9,472,EGYENI,,,
235056,06_013_012,790,587,588,1,9,579,EGYENI,,,
235058,06_013_013,878,660,660,0,4,656,EGYENI,,,
235060,06_013_014,716,537,538,1,14,524,EGYENI,,,
235062,06_013_015,508,280,280,0,2,278,EGYENI,,,
235064,06_013_016,734,512,511,-1,9,502,EGYENI,,,
235066,06_014_001,415,277,277,0,4,273,EGYENI,,,
235068,06_014_002,575,385,385,0,5,380,EGYENI,,,
235070,06_014_003,159,121,121,0,3,118,EGYENI,,,
235072,06_015_001,819,627,625,-2,6,619,EGYENI,,,
235074,06_015_002,755,553,553,0,8,545,EGYENI,,,
235076,06_015_003,749,507,507,0,2,505,EGYENI,,,
235078,06_015_004,740,527,525,-2,8,517,EGYENI,,,
235080,06_016_001,894,636,636,0,7,629,EGYENI,,,
235082,06_016_002,1097,739,739,0,4,735,EGYENI,,,
235084,06_016_003,824,556,556,0,12,544,EGYENI,,,
235086,06_016_004,1133,810,810,0,8,802,EGYENI,,,
235088,06_017_001,429,293,293,0,4,289,EGYENI,,,
235090,06_017_002,151,92,92,0,2,90,EGYENI,,,
235092,06_018_001,368,258,258,0,7,251,EGYENI,,,
235094,06_019_001,552,409,409,0,7,402,EGYENI,,,
235096,06_019_002,494,349,350,1,9,341,EGYENI,,,
235098,06_019_003,502,336,336,0,3,333,EGYENI,,,
235100,06_020_001,518,386,386,0,6,380,EGYENI,,,
235102,06_020_002,424,266,266,0,1,265,EGYENI,,,
235104,06_021_001,525,356,356,0,8,348,EGYENI,,,
235106,06_022_001,754,538,538,0,10,528,EGYENI,,,
235108,06_022_002,871,599,599,0,5,594,EGYENI,,,
235110,06_023_001,889,655,655,0,9,646,EGYENI,,,
235112,06_023_002,834,577,578,1,13,565,EGYENI,,,
235114,06_023_003,729,503,502,-1,8,494,EGYENI,,,
235116,06_024_001,688,507,507,0,4,503,EGYENI,,,
235118,06_024_002,626,421,421,0,4,417,EGYENI,,,
235120,06_024_003,622,383,382,-1,3,379,EGYENI,,,
235122,06_024_004,724,536,535,-1,10,525,EGYENI,,,
235124,06_024_005,667,542,542,0,6,536,EGYENI,,,
235126,06_024_006,725,584,583,-1,3,580,EGYENI,,,
235128,06_024_007,567,458,458,0,6,452,EGYENI,,,
235130,06_024_008,563,457,457,0,2,455,EGYENI,,,
235132,06_024_009,571,467,467,0,2,465,EGYENI,,,
235134,06_024_010,667,525,524,-1,2,522,EGYENI,,,
235136,06_024_011,777,594,593,-1,5,588,EGYENI,,,
235138,06_024_012,627,491,489,-2,2,487,EGYENI,,,
235140,06_024_013,652,508,507,-1,8,499,EGYENI,,,
235142,06_024_014,916,662,662,0,10,652,EGYENI,,,
235144,06_024_015,700,516,516,0,1,515,EGYENI,,,
235146,06_024_016,812,545,543,-2,12,531,EGYENI,,,
235148,06_024_017,951,747,747,0,9,738,EGYENI,,,
235150,06_024_018,826,651,650,-1,12,638,EGYENI,,,
235152,06_024_019,832,671,671,0,7,664,EGYENI,,,
235154,06_024_020,887,663,662,-1,8,654,EGYENI,,,
235156,06_024_021,770,615,613,-2,7,606,EGYENI,,,
235158,06_024_022,760,565,564,-1,5,559,EGYENI,,,
235160,06_024_023,946,728,728,0,1,727,EGYENI,,,
235162,06_024_024,595,401,401,0,4,397,EGYENI,,,
235164,06_024_025,666,493,493,0,4,489,EGYENI,,,
235166,06_024_026,681,482,482,0,7,475,EGYENI,,,
235168,06_024_027,673,513,512,-1,5,507,EGYENI,,,
235170,06_024_028,665,490,489,-1,11,478,EGYENI,,,
235172,06_024_029,600,423,423,0,5,418,EGYENI,,,
235174,06_024_030,615,448,448,0,1,447,EGYENI,,,
235176,06_024_031,550,384,383,-1,4,379,EGYENI,,,
235178,06_024_032,768,573,573,0,7,566,EGYENI,,,
235180,06_024_033,795,550,550,0,4,546,EGYENI,,,
235182,06_024_034,855,645,644,-1,7,637,EGYENI,,,
235184,06_024_035,859,610,610,0,6,604,EGYENI,,,
235186,06_024_036,853,645,643,-2,11,632,EGYENI,,,
235188,06_024_037,787,631,630,-1,8,622,EGYENI,,,
235190,06_024_038,841,683,682,-1,6,676,EGYENI,,,
235192,06_024_039,855,668,670,2,19,651,EGYENI,,,
235194,06_024_040,830,632,632,0,7,625,EGYENI,,,
235196,06_024_041,852,706,705,-1,17,688,EGYENI,,,
235198,06_024_042,228,167,167,0,4,163,EGYENI,,,
235200,06_024_043,413,292,292,0,3,289,EGYENI,,,
235202,06_024_044,247,164,164,0,2,162,EGYENI,,,
235204,06_024_045,437,332,332,0,2,330,EGYENI,,,
235206,06_024_046,295,198,198,0,0,198,EGYENI,,,
235208,06_024_047,267,197,197,0,6,191,EGYENI,,,
235210,06_024_048,517,381,381,0,1,380,EGYENI,,,
235212,06_024_049,1975,1787,1781,-6,7,1774,EGYENI,,,
235214,06_024_050,623,526,525,-1,3,522,EGYENI,,,
235216,06_024_051,656,516,514,-2,6,508,EGYENI,,,
235218,06_025_001,443,326,325,-1,5,320,EGYENI,,,
235220,06_025_002,30,22,22,0,0,22,EGYENI,,,
235222,06_026_001,967,667,666,-1,2,664,EGYENI,,,
235224,06_026_002,940,577,576,-1,17,559,EGYENI,,,
235226,06_026_003,1007,659,659,0,6,653,EGYENI,,,
235228,06_026_004,985,673,673,0,11,662,EGYENI,,,
235230,06_026_005,937,662,661,-1,14,647,EGYENI,,,
235232,06_026_006,1025,673,672,-1,6,666,EGYENI,,,
235234,06_027_001,781,501,500,-1,5,495,EGYENI,,,
235236,06_027_002,757,454,454,0,3,451,EGYENI,,,
235238,06_027_003,762,537,537,0,5,532,EGYENI,,,
235240,06_027_004,771,543,543,0,2,541,EGYENI,,,
235242,06_028_001,417,257,257,0,1,256,EGYENI,,,
235244,06_029_001,295,208,208,0,3,205,EGYENI,,,
235246,06_030_001,1217,746,743,-3,11,732,EGYENI,,,
235248,06_031_001,537,348,348,0,7,341,EGYENI,,,
235250,06_031_002,482,287,287,0,3,284,EGYENI,,,
235252,06_032_001,703,534,533,-1,5,528,EGYENI,,,
235254,06_032_002,810,574,574,0,4,570,EGYENI,,,
235256,06_032_003,911,636,636,0,10,626,EGYENI,,,
235258,06_032_004,796,538,538,0,6,532,EGYENI,,,
235260,06_032_005,668,511,511,0,7,504,EGYENI,,,
235262,06_032_006,696,480,480,0,5,475,EGYENI,,,
235264,06_032_007,586,424,424,0,6,418,EGYENI,,,
235266,06_032_008,716,541,541,0,8,533,EGYENI,,,
235268,06_032_009,914,473,473,0,9,464,EGYENI,,,
235270,06_032_010,1013,732,731,-1,15,716,EGYENI,,,
235272,06_032_011,1009,655,653,-2,15,638,EGYENI,,,
235274,06_032_012,701,517,517,0,2,515,EGYENI,,,
235276,06_032_013,922,712,709,-3,6,703,EGYENI,,,
235278,06_032_014,801,581,581,0,5,576,EGYENI,,,
235280,06_032_015,875,662,662,0,6,656,EGYENI,,,
235282,06_032_016,662,500,500,0,9,491,EGYENI,,,
235284,06_032_017,725,531,531,0,6,525,EGYENI,,,
235286,06_032_018,828,506,503,-3,7,496,EGYENI,,,
235288,06_032_019,644,457,456,-1,6,450,EGYENI,,,
235290,06_032_020,703,502,502,0,8,494,EGYENI,,,
235292,06_032_021,851,624,584,-40,9,575,EGYENI,,,
235294,06_032_022,719,528,526,-2,8,518,EGYENI,,,
235296,06_032_023,904,593,593,0,6,587,EGYENI,,,
235298,06_033_001,829,597,596,-1,5,591,EGYENI,,,
235300,06_033_002,831,564,563,-1,10,553,EGYENI,,,
235302,06_034_001,668,518,518,0,9,509,EGYENI,,,
235304,06_034_002,341,273,273,0,5,268,EGYENI,,,
235306,06_035_001,1116,710,709,-1,9,700,EGYENI,,,
235308,06_035_002,1122,727,726,-1,13,713,EGYENI,,,
235310,06_035_003,1112,768,768,0,8,760,EGYENI,,,
235312,06_035_004,957,602,602,0,2,600,EGYENI,,,
235314,06_035_005,1008,621,620,-1,5,615,EGYENI,,,
235316,06_036_001,664,506,506,0,15,491,EGYENI,,,
235318,06_036_002,765,564,564,0,6,558,EGYENI,,,
235320,06_036_003,885,659,659,0,9,650,EGYENI,,,
235322,06_036_004,810,630,629,-1,9,620,EGYENI,,,
235324,06_036_005,859,645,644,-1,10,634,EGYENI,,,
235326,06_036_006,314,194,193,-1,4,189,EGYENI,,,
235328,06_036_007,269,162,162,0,5,157,EGYENI,,,
235330,06_036_008,307,210,210,0,3,207,EGYENI,,,
235332,06_036_009,161,117,117,0,3,114,EGYENI,,,
235334,06_037_001,382,223,223,0,0,223,EGYENI,,,
235336,06_038_001,349,258,258,0,3,255,EGYENI,,,
235338,06_039_001,540,317,316,-1,6,310,EGYENI,,,
235340,06_039_002,661,395,395,0,9,386,EGYENI,,,
235342,06_039_003,486,318,317,-1,1,316,EGYENI,,,
235344,06_039_004,436,273,273,0,9,264,EGYENI,,,
235346,06_039_005,130,79,79,0,2,77,EGYENI,,,
235348,06_040_001,317,211,211,0,2,209,EGYENI,,,
235350,06_041_001,364,260,260,0,10,250,EGYENI,,,
235352,06_042_001,593,387,387,0,4,383,EGYENI,,,
235354,06_042_002,468,276,276,0,2,274,EGYENI,,,
235356,06_042_003,327,181,181,0,3,178,EGYENI,,,
235358,06_042_004,146,85,85,0,0,85,EGYENI,,,
235360,06_043_001,391,300,300,0,4,296,EGYENI,,,
235362,06_043_002,143,77,77,0,0,77,EGYENI,,,
235364,06_044_001,557,386,386,0,10,376,EGYENI,,,
235366,06_044_002,504,373,373,0,0,373,EGYENI,,,
235368,06_045_001,863,568,568,0,10,558,EGYENI,,,
235370,06_046_001,731,526,526,0,6,520,EGYENI,,,
235372,06_046_002,418,221,220,-1,6,214,EGYENI,,,
235374,06_047_001,1080,713,713,0,6,707,EGYENI,,,
235376,06_047_002,1280,876,876,0,17,859,EGYENI,,,
235378,06_047_003,546,293,293,0,3,290,EGYENI,,,
235380,06_048_001,1033,680,679,-1,14,665,EGYENI,,,
235382,06_048_002,939,657,657,0,18,639,EGYENI,,,
235384,06_049_001,844,553,553,0,4,549,EGYENI,,,
235386,06_049_002,834,540,540,0,7,533,EGYENI,,,
235388,06_049_003,658,478,478,0,5,473,EGYENI,,,
235390,06_049_004,716,445,445,0,5,440,EGYENI,,,
235392,06_049_005,805,582,582,0,5,577,EGYENI,,,
235394,06_049_006,848,605,605,0,4,601,EGYENI,,,
235396,06_049_007,782,587,587,0,5,582,EGYENI,,,
235398,06_049_008,709,508,508,0,3,505,EGYENI,,,
235400,06_049_009,482,246,246,0,0,246,EGYENI,,,
235402,06_050_001,993,610,607,-3,6,601,EGYENI,,,
235404,06_050_002,996,718,718,0,6,712,EGYENI,,,
235406,06_050_003,1020,634,634,0,6,628,EGYENI,,,
235408,06_050_004,1094,687,687,0,13,674,EGYENI,,,
235410,06_051_001,1204,747,746,-1,12,734,EGYENI,,,
235412,06_051_002,1134,784,783,-1,4,779,EGYENI,,,
235414,06_051_003,1231,853,852,-1,9,843,EGYENI,,,
235416,06_051_004,1192,784,783,-1,9,774,EGYENI,,,
235418,06_051_005,965,704,704,0,11,693,EGYENI,,,
235420,06_051_006,1266,977,977,0,13,964,EGYENI,,,
235422,06_051_007,1380,994,992,-2,9,983,EGYENI,,,
235424,06_051_008,1036,725,725,0,4,721,EGYENI,,,
235426,06_051_009,1208,763,763,0,6,757,EGYENI,,,
235428,06_051_010,983,669,668,-1,11,657,EGYENI,,,
235430,06_051_011,1071,691,691,0,7,684,EGYENI,,,
235432,06_051_012,1370,1028,1029,1,14,1015,EGYENI,,,
235434,06_051_013,1091,775,775,0,4,771,EGYENI,,,
235436,06_051_014,1373,983,983,0,3,980,EGYENI,,,
235438,06_051_015,1086,676,676,0,9,667,EGYENI,,,
235440,06_051_016,1212,780,780,0,4,776,EGYENI,,,
235442,06_051_017,1265,895,897,2,20,877,EGYENI,,,
235444,06_051_018,1160,803,798,-5,2,796,EGYENI,,,
235446,06_051_019,1374,1069,1068,-1,12,1056,EGYENI,,,
235448,06_051_020,1030,765,762,-3,10,752,EGYENI,,,
235450,06_051_101,1214,927,927,0,5,922,EGYENI,,,
235452,06_051_102,1391,996,987,-9,9,978,EGYENI,,,
235454,06_051_103,1091,807,806,-1,13,793,EGYENI,,,
235456,06_051_104,1168,748,748,0,10,738,EGYENI,,,
235458,06_051_105,1047,691,689,-2,10,679,EGYENI,,,
235460,06_051_106,1186,926,923,-3,8,915,EGYENI,,,
235462,06_051_107,1297,941,940,-1,11,929,EGYENI,,,
235464,06_051_108,1182,787,788,1,10,778,EGYENI,,,
235466,06_051_109,1203,821,820,-1,4,816,EGYENI,,,
235468,06_051_110,1149,809,809,0,9,800,EGYENI,,,
235470,06_051_111,983,673,670,-3,3,667,EGYENI,,,
235472,06_051_112,1391,1048,1044,-4,5,1039,EGYENI,,,
235474,06_051_113,1189,811,810,-1,5,805,EGYENI,,,
235476,06_051_114,1185,728,727,-1,7,720,EGYENI,,,
235478,06_051_115,1126,772,772,0,7,765,EGYENI,,,
235480,06_051_116,1294,887,887,0,4,883,EGYENI,,,
235482,06_051_117,1160,798,797,-1,8,789,EGYENI,,,
235484,06_051_118,1148,810,808,-2,15,793,EGYENI,,,
235486,06_051_119,1317,1048,1055,7,58,997,EGYENI,,,
235488,06_051_120,1406,1147,1142,-5,9,1133,EGYENI,,,
235490,06_051_201,1196,780,777,-3,8,769,EGYENI,,,
235492,06_051_202,1211,869,863,-6,8,855,EGYENI,,,
235494,06_051_203,1089,836,836,0,4,832,EGYENI,,,
235496,06_051_204,1211,754,753,-1,11,742,EGYENI,,,
235498,06_051_205,1029,675,673,-2,11,662,EGYENI,,,
235500,06_051_206,1118,861,861,0,6,855,EGYENI,,,
235502,06_051_207,721,571,570,-1,8,562,EGYENI,,,
235504,06_051_208,1224,843,843,0,8,835,EGYENI,,,
235506,06_051_209,1142,825,822,-3,4,818,EGYENI,,,
235508,06_051_210,912,595,594,-1,5,589,EGYENI,,,
235510,06_051_211,603,429,426,-3,5,421,EGYENI,,,
235512,06_051_212,1003,679,678,-1,12,666,EGYENI,,,
235514,06_051_213,1128,790,788,-2,8,780,EGYENI,,,
235516,06_051_214,1132,725,725,0,13,712,EGYENI,,,
235518,06_051_215,1180,744,742,-2,12,730,EGYENI,,,
235520,06_051_216,1189,813,812,-1,10,802,EGYENI,,,
235522,06_051_217,1036,747,747,0,8,739,EGYENI,,,
235524,06_051_218,1096,722,722,0,4,718,EGYENI,,,
235526,06_051_219,1278,1001,1000,-1,12,988,EGYENI,,,
235528,06_051_220,1431,1159,1158,-1,10,1148,EGYENI,,,
235530,06_051_301,1188,801,801,0,26,775,EGYENI,,,
235532,06_051_302,943,659,657,-2,8,649,EGYENI,,,
235534,06_051_303,894,680,680,0,6,674,EGYENI,,,
235536,06_051_304,1183,822,821,-1,9,812,EGYENI,,,
235538,06_051_305,1326,954,952,-2,7,945,EGYENI,,,
235540,06_051_306,1010,766,765,-1,11,754,EGYENI,,,
235542,06_051_307,1341,1037,1032,-5,18,1014,EGYENI,,,
235544,06_051_308,1120,746,746,0,5,741,EGYENI,,,
235546,06_051_309,1119,780,780,0,9,771,EGYENI,,,
235548,06_051_310,3691,3249,3249,0,24,3225,EGYENI,,,
235550,06_051_311,994,385,384,-1,5,379,EGYENI,,,
235552,06_051_312,1134,882,882,0,6,876,EGYENI,,,
235554,06_051_313,1064,669,668,-1,7,661,EGYENI,,,
235556,06_051_314,1241,875,874,-1,9,865,EGYENI,,,
235558,06_051_315,1117,738,735,-3,11,724,EGYENI,,,
235560,06_051_316,1214,777,778,1,12,766,EGYENI,,,
235562,06_051_317,1220,787,785,-2,6,779,EGYENI,,,
235564,06_051_318,1199,935,935,0,6,929,EGYENI,,,
235566,06_051_319,1181,849,847,-2,10,837,EGYENI,,,
235568,06_051_320,1132,833,831,-2,8,823,EGYENI,,,
235570,06_051_401,1169,853,853,0,5,848,EGYENI,,,
235572,06_051_402,951,602,601,-1,7,594,EGYENI,,,
235574,06_051_403,859,658,658,0,10,648,EGYENI,,,
235576,06_051_404,1169,784,784,0,8,776,EGYENI,,,
235578,06_051_405,926,617,617,0,4,613,EGYENI,,,
235580,06_051_406,850,595,595,0,8,587,EGYENI,,,
235582,06_051_407,1181,875,875,0,6,869,EGYENI,,,
235584,06_051_408,1075,724,723,-1,10,713,EGYENI,,,
235586,06_051_409,1314,959,959,0,7,952,EGYENI,,,
235588,06_051_410,1034,699,699,0,4,695,EGYENI,,,
235590,06_051_411,3620,3148,3143,-5,28,3115,EGYENI,,,
235592,06_051_412,1266,888,888,0,14,874,EGYENI,,,
235594,06_051_413,1178,726,725,-1,5,720,EGYENI,,,
235596,06_051_414,1253,822,822,0,5,817,EGYENI,,,
235598,06_051_415,1234,722,721,-1,16,705,EGYENI,,,
235600,06_051_416,1245,922,923,1,12,911,EGYENI,,,
235602,06_051_417,1139,772,770,-2,9,761,EGYENI,,,
235604,06_051_418,1169,825,824,-1,9,815,EGYENI,,,
235606,06_051_419,1230,943,943,0,7,936,EGYENI,,,
235608,06_051_420,1036,782,781,-1,7,774,EGYENI,,,
235610,06_051_501,1197,760,759,-1,9,750,EGYENI,,,
235612,06_051_502,990,712,712,0,2,710,EGYENI,,,
235614,06_051_503,1149,848,847,-1,8,839,EGYENI,,,
235616,06_051_505,1110,730,730,0,7,723,EGYENI,,,
235618,06_051_507,1075,724,723,-1,6,717,EGYENI,,,
235620,06_051_511,614,418,418,0,6,412,EGYENI,,,
235622,06_051_520,1082,739,739,0,7,732,EGYENI,,,
235624,06_051_603,905,731,731,0,4,727,EGYENI,,,
235626,06_051_611,682,462,461,-1,6,455,EGYENI,,,
235630,06_052_001,624,471,471,0,5,466,EGYENI,,,
235632,06_052_002,617,471,470,-1,4,466,EGYENI,,,
235634,06_052_003,536,391,391,0,3,388,EGYENI,,,
235636,06_052_004,599,418,418,0,4,414,EGYENI,,,
235638,06_052_005,532,373,373,0,2,371,EGYENI,,,
235640,06_052_006,540,376,376,0,5,371,EGYENI,,,
235642,06_053_001,688,536,535,-1,1,534,EGYENI,,,
235644,06_053_002,550,394,392,-2,4,388,EGYENI,,,
235646,06_053_003,670,498,498,0,4,494,EGYENI,,,
235648,06_053_004,1822,1679,1674,-5,21,1653,EGYENI,,,
235650,06_053_005,200,138,138,0,6,132,EGYENI,,,
235652,06_053_006,851,602,601,-1,9,592,EGYENI,,,
235654,06_053_007,1001,736,736,0,2,734,EGYENI,,,
235656,06_053_008,579,387,387,0,4,383,EGYENI,,,
235658,06_053_009,640,454,453,-1,5,448,EGYENI,,,
235660,06_053_010,763,507,507,0,6,501,EGYENI,,,
235662,06_053_011,121,67,67,0,1,66,EGYENI,,,
235664,06_053_012,152,73,73,0,1,72,EGYENI,,,
235666,06_053_013,89,67,67,0,2,65,EGYENI,,,
235668,06_053_014,846,661,661,0,9,652,EGYENI,,,
235670,06_053_015,909,652,650,-2,17,633,EGYENI,,,
235672,06_053_016,648,446,446,0,10,436,EGYENI,,,
235674,06_053_017,847,605,604,-1,9,595,EGYENI,,,
235676,06_053_018,645,476,480,4,5,475,EGYENI,,,
235678,06_053_019,555,377,377,0,3,374,EGYENI,,,
235680,06_053_020,594,419,418,-1,5,413,EGYENI,,,
235682,06_053_021,809,613,612,-1,4,608,EGYENI,,,
235684,06_053_022,783,560,559,-1,6,553,EGYENI,,,
235686,06_053_023,694,478,476,-2,3,473,EGYENI,,,
235688,06_053_024,580,402,402,0,1,401,EGYENI,,,
235690,06_053_025,907,654,654,0,7,647,EGYENI,,,
235692,06_053_026,863,607,603,-4,6,597,EGYENI,,,
235694,06_053_027,588,410,410,0,3,407,EGYENI,,,
235696,06_053_028,748,502,502,0,3,499,EGYENI,,,
235698,06_053_029,824,558,558,0,6,552,EGYENI,,,
235700,06_053_030,583,446,446,0,7,439,EGYENI,,,
235702,06_053_031,154,104,104,0,5,99,EGYENI,,,
235704,06_053_032,1056,676,675,-1,2,673,EGYENI,,,
235706,06_053_033,669,405,404,-1,10,394,EGYENI,,,
235708,06_053_034,82,59,59,0,2,57,EGYENI,,,
235710,06_053_035,152,104,104,0,1,103,EGYENI,,,
235712,06_054_001,843,625,623,-2,10,613,EGYENI,,,
235714,06_054_002,848,678,677,-1,14,663,EGYENI,,,
235716,06_055_001,687,480,479,-1,3,476,EGYENI,,,
235718,06_055_002,779,539,539,0,8,531,EGYENI,,,
235720,06_056_001,720,476,476,0,2,474,EGYENI,,,
235722,06_056_002,651,374,374,0,5,369,EGYENI,,,
235724,06_057_001,804,588,587,-1,6,581,EGYENI,,,
235726,06_057_002,730,491,490,-1,8,482,EGYENI,,,
235728,06_058_001,823,499,499,0,13,486,EGYENI,,,
235730,06_058_002,889,618,618,0,5,613,EGYENI,,,
235732,06_058_003,832,577,576,-1,2,574,EGYENI,,,
235734,06_059_001,1126,762,761,-1,10,751,EGYENI,,,
235736,06_059_002,1126,777,777,0,13,764,EGYENI,,,
235738,06_060_001,877,629,629,0,5,624,EGYENI,,,
235740,06_060_002,871,607,607,0,6,601,EGYENI,,,
235742,06_060_003,1026,814,809,-5,4,805,EGYENI,,,
235744,07_001_001,1071,614,614,0,6,608,EGYENI,,,
235746,07_001_002,1003,622,622,0,8,614,EGYENI,,,
235748,07_001_003,188,133,133,0,0,133,EGYENI,,,
235750,07_001_004,180,127,127,0,2,125,EGYENI,,,
235752,07_001_005,1165,821,821,0,4,817,EGYENI,,,
235754,07_002_001,1004,657,656,-1,2,654,EGYENI,,,
235756,07_002_002,1190,727,727,0,7,720,EGYENI,,,
235758,07_002_003,1048,755,755,0,11,744,EGYENI,,,
235760,07_003_001,815,513,513,0,7,506,EGYENI,,,
235762,07_003_002,662,425,425,0,5,420,EGYENI,,,
235764,07_004_001,481,377,377,0,5,372,EGYENI,,,
235766,07_004_002,669,502,501,-1,1,500,EGYENI,,,
235768,07_005_001,468,298,298,0,2,296,EGYENI,,,
235770,07_006_001,764,537,536,-1,5,531,EGYENI,,,
235772,07_006_002,861,631,630,-1,5,625,EGYENI,,,
235774,07_006_003,837,600,600,0,2,598,EGYENI,,,
235776,07_007_001,124,96,96,0,1,95,EGYENI,,,
235778,07_008_001,366,237,214,-23,0,214,EGYENI,,,
235780,07_008_002,377,266,266,0,6,260,EGYENI,,,
235782,07_009_001,718,467,466,-1,7,459,EGYENI,,,
235784,07_009_002,655,412,412,0,3,409,EGYENI,,,
235786,07_009_003,806,577,577,0,4,573,EGYENI,,,
235788,07_009_004,730,473,473,0,3,470,EGYENI,,,
235790,07_010_001,1196,838,838,0,8,830,EGYENI,,,
235792,07_010_002,947,634,634,0,5,629,EGYENI,,,
235794,07_010_003,115,79,79,0,0,79,EGYENI,,,
235796,07_011_001,870,603,589,-14,11,578,EGYENI,,,
235798,07_012_001,685,466,466,0,6,460,EGYENI,,,
235800,07_012_002,777,527,526,-1,8,518,EGYENI,,,
235802,07_013_001,1108,878,878,0,12,866,EGYENI,,,
235804,07_013_002,1173,750,747,-3,4,743,EGYENI,,,
235806,07_013_003,1090,780,778,-2,7,771,EGYENI,,,
235808,07_013_004,1186,808,798,-10,14,784,EGYENI,,,
235810,07_013_005,985,737,737,0,3,734,EGYENI,,,
235812,07_013_006,1073,807,807,0,4,803,EGYENI,,,
235814,07_013_007,1130,849,849,0,7,842,EGYENI,,,
235816,07_013_008,3163,2629,2614,-15,19,2595,EGYENI,,,
235819,07_014_001,734,526,525,-1,4,521,EGYENI,,,
235821,07_014_002,734,526,526,0,6,520,EGYENI,,,
235822,07_014_003,717,543,543,0,7,536,EGYENI,,,
235824,07_014_004,944,705,702,-3,3,699,EGYENI,,,
235826,07_015_001,205,166,166,0,0,166,EGYENI,,,
235828,07_016_001,719,501,501,0,2,499,EGYENI,,,
235830,07_016_002,617,392,392,0,13,379,EGYENI,,,
235832,07_016_003,689,452,452,0,6,446,EGYENI,,,
235834,07_017_001,810,627,626,-1,6,620,EGYENI,,,
235836,07_017_002,170,139,139,0,6,133,EGYENI,,,
235838,07_018_001,929,725,727,2,14,713,EGYENI,,,
235840,07_019_001,921,690,690,0,5,685,EGYENI,,,
235842,07_019_002,694,511,511,0,19,492,EGYENI,,,
235844,07_019_003,913,660,658,-2,6,652,EGYENI,,,
235846,07_019_004,968,649,648,-1,8,640,EGYENI,,,
235848,07_019_005,804,540,540,0,3,537,EGYENI,,,
235850,07_020_001,1219,921,920,-1,9,911,EGYENI,,,
235852,07_021_001,817,574,575,1,10,565,EGYENI,,,
235854,07_021_002,695,469,469,0,4,465,EGYENI,,,
235856,07_022_001,785,500,500,0,11,489,EGYENI,,,
235858,07_023_001,820,477,477,0,5,472,EGYENI,,,
235860,07_023_002,858,506,506,0,6,500,EGYENI,,,
235862,07_024_001,859,591,591,0,10,581,EGYENI,,,
235864,07_024_002,835,542,542,0,7,535,EGYENI,,,
235866,07_024_003,452,326,325,-1,6,319,EGYENI,,,
235868,07_024_004,695,482,482,0,6,476,EGYENI,,,
235870,07_024_005,859,377,377,0,5,372,EGYENI,,,
235872,07_024_006,487,364,363,-1,6,357,EGYENI,,,
235874,07_024_007,589,415,411,-4,9,402,EGYENI,,,
235876,07_024_008,535,356,357,1,8,349,EGYENI,,,
235878,07_024_009,679,439,440,1,13,427,EGYENI,,,
235880,07_024_010,848,566,566,0,5,561,EGYENI,,,
235882,07_024_011,638,406,406,0,3,403,EGYENI,,,
235884,07_024_012,711,487,485,-2,6,479,EGYENI,,,
235886,07_024_013,752,519,519,0,0,519,EGYENI,,,
235888,07_024_014,768,516,515,-1,6,509,EGYENI,,,
235890,07_024_015,719,481,480,-1,3,477,EGYENI,,,
235892,07_024_016,683,479,479,0,6,473,EGYENI,,,
235894,07_024_017,458,304,302,-2,1,301,EGYENI,,,
235896,07_024_018,704,463,463,0,9,454,EGYENI,,,
235898,07_024_019,605,452,452,0,4,448,EGYENI,,,
235900,07_024_020,620,420,420,0,8,412,EGYENI,,,
235902,07_024_021,2039,1769,1767,-2,14,1753,EGYENI,,,
235904,07_024_022,735,527,524,-3,6,518,EGYENI,,,
235906,07_024_023,647,471,465,-6,8,457,EGYENI,,,
235908,07_024_024,727,500,499,-1,3,496,EGYENI,,,
235910,07_024_025,664,410,409,-1,6,403,EGYENI,,,
235912,07_024_026,676,450,446,-4,3,443,EGYENI,,,
235914,07_024_027,559,373,373,0,4,369,EGYENI,,,
235916,07_024_028,600,424,424,0,6,418,EGYENI,,,
235918,07_024_029,576,378,375,-3,3,372,EGYENI,,,
235920,07_024_030,742,518,518,0,6,512,EGYENI,,,
235922,07_024_031,551,361,360,-1,4,356,EGYENI,,,
235924,07_024_032,732,505,504,-1,7,497,EGYENI,,,
235926,07_024_033,719,459,459,0,4,455,EGYENI,,,
235928,07_024_034,593,399,397,-2,3,394,EGYENI,,,
235930,07_024_035,721,443,443,0,5,438,EGYENI,,,
235932,07_024_036,854,597,596,-1,8,588,EGYENI,,,
235934,07_024_037,930,636,635,-1,2,633,EGYENI,,,
235936,07_024_038,1058,736,735,-1,6,729,EGYENI,,,
235938,07_024_039,921,595,595,0,4,591,EGYENI,,,
235940,07_024_040,895,623,623,0,3,620,EGYENI,,,
235942,07_024_041,971,665,665,0,3,662,EGYENI,,,
235944,07_024_042,930,671,670,-1,4,666,EGYENI,,,
235946,07_024_043,1022,851,842,-9,5,837,EGYENI,,,
235948,07_024_044,1043,839,837,-2,10,827,EGYENI,,,
235950,07_024_045,1111,810,809,-1,6,803,EGYENI,,,
235952,07_024_046,1259,967,966,-1,19,947,EGYENI,,,
235954,07_024_047,402,242,242,0,1,241,EGYENI,,,
235958,07_025_001,805,483,483,0,9,474,EGYENI,,,
235960,07_025_002,465,305,305,0,2,303,EGYENI,,,
235962,07_025_003,571,376,376,0,4,372,EGYENI,,,
235964,07_026_001,788,494,494,0,6,488,EGYENI,,,
235966,07_026_002,788,496,496,0,2,494,EGYENI,,,
235968,07_026_003,860,531,529,-2,6,523,EGYENI,,,
235970,07_026_004,956,609,607,-2,8,599,EGYENI,,,
235972,07_026_005,817,467,467,0,5,462,EGYENI,,,
235974,07_026_006,570,356,356,0,3,353,EGYENI,,,
235976,07_026_007,287,168,168,0,3,165,EGYENI,,,
235978,07_026_008,138,87,87,0,2,85,EGYENI,,,
235980,07_027_001,1095,659,659,0,5,654,EGYENI,,,
235982,07_027_002,990,674,672,-2,10,662,EGYENI,,,
235984,07_027_003,1073,766,766,0,11,755,EGYENI,,,
235986,07_027_004,772,533,533,0,9,524,EGYENI,,,
235988,07_027_005,944,632,633,1,11,622,EGYENI,,,
235990,07_027_006,1082,628,628,0,11,617,EGYENI,,,
235992,07_027_007,213,142,142,0,1,141,EGYENI,,,
235994,07_027_008,286,165,165,0,3,162,EGYENI,,,
235996,07_028_001,1040,796,796,0,7,789,EGYENI,,,
235998,07_028_002,1006,776,774,-2,5,769,EGYENI,,,
236000,07_028_003,1253,953,953,0,12,941,EGYENI,,,
236002,07_028_004,116,74,74,0,1,73,EGYENI,,,
236004,07_029_001,973,702,699,-3,10,689,EGYENI,,,
236006,07_029_002,725,514,513,-1,2,511,EGYENI,,,
236008,07_030_001,681,547,545,-2,6,539,EGYENI,,,
236010,07_030_002,759,657,614,-43,7,607,EGYENI,,,
236012,07_031_001,717,522,522,0,1,521,EGYENI,,,
236014,07_032_001,501,381,381,0,6,375,EGYENI,,,
236016,07_033_001,1351,998,994,-4,9,985,EGYENI,,,
236018,07_033_002,1098,816,815,-1,16,799,EGYENI,,,
236020,07_033_003,1301,989,987,-2,10,977,EGYENI,,,
236022,07_033_004,1207,923,922,-1,4,918,EGYENI,,,
236024,07_033_005,1021,732,732,0,8,724,EGYENI,,,
236026,07_033_006,1344,1046,1045,-1,4,1041,EGYENI,,,
236028,07_033_007,1282,959,959,0,5,954,EGYENI,,,
236030,07_033_008,914,648,647,-1,5,642,EGYENI,,,
236032,07_034_001,1020,796,796,0,2,794,EGYENI,,,
236034,07_035_001,726,457,457,0,8,449,EGYENI,,,
236036,07_036_001,287,180,180,0,3,177,EGYENI,,,
236038,07_036_002,199,116,115,-1,0,115,EGYENI,,,
236040,07_036_003,228,132,132,0,1,131,EGYENI,,,
236042,07_037_001,980,739,739,0,8,731,EGYENI,,,
236044,07_037_002,750,526,525,-1,5,520,EGYENI,,,
236047,07_038_001,651,438,437,-1,5,432,EGYENI,,,
236049,07_038_002,81,59,59,0,0,59,EGYENI,,,
236050,07_039_001,1182,786,786,0,12,774,EGYENI,,,
236052,07_039_002,1050,683,680,-3,11,669,EGYENI,,,
236054,07_040_001,1047,670,670,0,5,665,EGYENI,,,
236056,07_041_001,949,712,712,0,2,710,EGYENI,,,
236058,07_042_001,974,637,635,-2,7,628,EGYENI,,,
236060,07_042_002,890,595,595,0,8,587,EGYENI,,,
236062,07_043_001,1101,873,872,-1,5,867,EGYENI,,,
236064,07_043_002,821,617,617,0,7,610,EGYENI,,,
236066,07_043_003,334,249,249,0,2,247,EGYENI,,,
236068,07_043_004,893,685,685,0,7,678,EGYENI,,,
236070,07_044_001,513,369,369,0,3,366,EGYENI,,,
236072,07_044_002,715,522,520,-2,1,519,EGYENI,,,
236074,07_045_001,611,464,464,0,1,463,EGYENI,,,
236076,07_045_002,618,473,472,-1,1,471,EGYENI,,,
236078,07_046_001,904,456,455,-1,7,448,EGYENI,,,
236080,07_046_002,1058,612,612,0,3,609,EGYENI,,,
236082,07_047_001,613,434,434,0,4,430,EGYENI,,,
236084,07_047_002,693,492,492,0,3,489,EGYENI,,,
236086,07_048_001,907,602,602,0,6,596,EGYENI,,,
236088,07_048_002,937,693,693,0,2,691,EGYENI,,,
236090,07_048_003,905,606,606,0,7,599,EGYENI,,,
236092,07_049_001,365,219,219,0,3,216,EGYENI,,,
236094,07_049_002,36,22,22,0,0,22,EGYENI,,,
236096,07_049_003,685,463,463,0,6,457,EGYENI,,,
236098,07_049_004,674,446,446,0,4,442,EGYENI,,,
236100,07_050_001,878,538,537,-1,5,532,EGYENI,,,
236102,07_050_002,870,548,548,0,7,541,EGYENI,,,
236104,07_050_003,720,479,479,0,7,472,EGYENI,,,
236107,07_051_001,722,533,532,-1,6,526,EGYENI,,,
236109,07_051_002,650,482,480,-2,5,475,EGYENI,,,
236110,07_051_003,773,529,529,0,4,525,EGYENI,,,
236112,07_052_001,1273,1027,1025,-2,15,1010,EGYENI,,,
236114,07_053_001,1039,732,732,0,8,724,EGYENI,,,
236116,07_053_002,1095,842,839,-3,6,833,EGYENI,,,
236118,07_053_003,1078,862,861,-1,9,852,EGYENI,,,
236120,07_053_004,1134,860,860,0,8,852,EGYENI,,,
236122,07_054_001,1059,781,782,1,15,767,EGYENI,,,
236124,07_054_002,845,547,546,-1,7,539,EGYENI,,,
236126,07_055_001,582,375,375,0,8,367,EGYENI,,,
236128,07_056_001,1003,658,658,0,2,656,EGYENI,,,
236130,07_056_002,945,583,583,0,12,571,EGYENI,,,
236132,07_056_003,910,592,592,0,8,584,EGYENI,,,
236134,07_056_004,855,403,403,0,8,395,EGYENI,,,
236136,07_057_001,709,451,451,0,5,446,EGYENI,,,
236138,07_058_001,451,262,262,0,8,254,EGYENI,,,
236140,07_058_002,567,287,287,0,9,278,EGYENI,,,
236142,07_059_001,712,393,393,0,7,386,EGYENI,,,
236144,07_059_002,937,567,567,0,6,561,EGYENI,,,
236146,07_060_001,436,330,330,0,2,328,EGYENI,,,
236148,07_061_001,633,398,398,0,5,393,EGYENI,,,
236150,07_061_002,823,587,587,0,7,580,EGYENI,,,
236152,07_061_003,727,515,514,-1,7,507,EGYENI,,,
236154,07_061_004,755,608,608,0,5,603,EGYENI,,,
236156,07_061_005,653,487,482,-5,4,478,EGYENI,,,
236158,07_061_006,628,512,512,0,6,506,EGYENI,,,
236160,07_061_007,881,652,652,0,8,644,EGYENI,,,
236162,07_061_008,505,357,357,0,4,353,EGYENI,,,
236164,07_061_009,807,605,605,0,4,601,EGYENI,,,
236166,07_061_010,574,473,468,-5,3,465,EGYENI,,,
236168,07_061_011,1076,807,807,0,6,801,EGYENI,,,
236170,07_061_012,1171,918,918,0,15,903,EGYENI,,,
236172,07_061_013,671,541,541,0,7,534,EGYENI,,,
236174,07_061_014,689,549,551,2,19,532,EGYENI,,,
236176,07_061_015,166,117,117,0,1,116,EGYENI,,,
236178,07_062_001,529,431,432,1,12,420,EGYENI,,,
236180,07_063_001,486,318,318,0,4,314,EGYENI,,,
236182,07_063_002,501,334,334,0,6,328,EGYENI,,,
236184,07_063_003,118,68,68,0,0,68,EGYENI,,,
236186,07_064_001,823,490,490,0,7,483,EGYENI,,,
236188,07_065_001,509,388,388,0,2,386,EGYENI,,,
236190,07_066_001,792,558,555,-3,2,553,EGYENI,,,
236192,07_066_002,864,676,675,-1,1,674,EGYENI,,,
236194,07_066_003,782,613,613,0,7,606,EGYENI,,,
236196,07_066_004,765,555,555,0,1,554,EGYENI,,,
236198,07_066_005,108,64,64,0,2,62,EGYENI,,,
236200,07_067_001,425,270,270,0,1,269,EGYENI,,,
236202,07_067_002,525,360,360,0,7,353,EGYENI,,,
236204,07_067_003,465,302,302,0,1,301,EGYENI,,,
236206,07_068_001,441,350,329,-21,3,326,EGYENI,,,
236208,07_068_002,224,145,145,0,3,142,EGYENI,,,
236210,07_069_001,999,788,785,-3,8,777,EGYENI,,,
236212,07_069_002,908,708,705,-3,6,699,EGYENI,,,
236214,07_069_003,875,687,686,-1,5,681,EGYENI,,,
236216,07_070_001,707,513,512,-1,9,503,EGYENI,,,
236218,07_070_002,706,493,493,0,5,488,EGYENI,,,
236220,07_071_001,942,749,748,-1,8,740,EGYENI,,,
236222,07_071_002,833,645,644,-1,8,636,EGYENI,,,
236224,07_072_001,761,447,445,-2,2,443,EGYENI,,,
236226,07_072_002,807,499,499,0,6,493,EGYENI,,,
236228,07_072_003,794,479,479,0,6,473,EGYENI,,,
236230,07_072_004,780,440,439,-1,5,434,EGYENI,,,
236232,07_073_001,317,184,184,0,6,178,EGYENI,,,
236234,07_073_002,923,587,586,-1,7,579,EGYENI,,,
236236,07_073_003,993,686,686,0,3,683,EGYENI,,,
236238,07_073_004,937,570,570,0,10,560,EGYENI,,,
236240,07_073_005,795,506,506,0,6,500,EGYENI,,,
236242,07_073_006,1062,704,704,0,7,697,EGYENI,,,
236244,07_073_007,191,104,104,0,3,101,EGYENI,,,
236246,07_074_001,956,627,627,0,11,616,EGYENI,,,
236248,07_074_002,713,454,456,2,16,440,EGYENI,,,
236250,07_074_003,959,577,577,0,7,570,EGYENI,,,
236252,07_074_004,1016,647,647,0,12,635,EGYENI,,,
236254,07_074_005,1110,733,733,0,11,722,EGYENI,,,
236256,07_075_001,987,708,707,-1,5,702,EGYENI,,,
236258,07_075_002,985,718,717,-1,11,706,EGYENI,,,
236260,07_076_001,924,660,656,-4,5,651,EGYENI,,,
236262,07_076_002,1016,695,695,0,6,689,EGYENI,,,
236264,07_076_003,911,701,702,1,19,683,EGYENI,,,
236266,07_076_004,987,780,780,0,5,775,EGYENI,,,
236268,07_077_001,898,616,617,1,12,605,EGYENI,,,
236270,07_077_002,923,601,602,1,13,589,EGYENI,,,
236272,07_077_003,967,631,631,0,10,621,EGYENI,,,
236274,07_078_001,698,444,443,-1,5,438,EGYENI,,,
236276,07_078_002,624,421,421,0,2,419,EGYENI,,,
236278,07_078_003,477,327,327,0,1,326,EGYENI,,,
236280,07_078_004,652,406,406,0,5,401,EGYENI,,,
236282,07_078_005,582,411,411,0,1,410,EGYENI,,,
236284,07_078_006,467,319,318,-1,2,316,EGYENI,,,
236286,07_078_007,552,394,394,0,2,392,EGYENI,,,
236288,07_078_008,562,378,377,-1,5,372,EGYENI,,,
236290,07_078_009,645,469,469,0,3,466,EGYENI,,,
236292,07_078_010,638,460,460,0,0,460,EGYENI,,,
236294,07_078_011,646,475,473,-2,1,472,EGYENI,,,
236296,07_078_012,687,488,479,-9,1,478,EGYENI,,,
236298,07_078_013,467,329,329,0,4,325,EGYENI,,,
236300,07_078_014,607,416,416,0,6,410,EGYENI,,,
236302,07_078_015,210,163,163,0,0,163,EGYENI,,,
236304,07_078_016,167,105,105,0,1,104,EGYENI,,,
236306,07_078_017,497,332,332,0,1,331,EGYENI,,,
236308,07_078_018,186,129,129,0,2,127,EGYENI,,,
236310,07_078_019,1228,1134,1126,-8,4,1122,EGYENI,,,
236312,07_079_001,578,417,417,0,1,416,EGYENI,,,
236314,07_080_001,1256,999,999,0,11,988,EGYENI,,,
236316,07_081_001,646,326,326,0,6,320,EGYENI,,,
236318,07_081_002,1079,547,547,0,6,541,EGYENI,,,
236320,07_082_001,480,329,329,0,5,324,EGYENI,,,
236322,07_083_001,1058,633,633,0,7,626,EGYENI,,,
236324,07_083_002,792,530,530,0,6,524,EGYENI,,,
236326,07_083_003,716,360,360,0,4,356,EGYENI,,,
236328,07_084_001,950,680,680,0,4,676,EGYENI,,,
236330,07_084_002,145,110,110,0,3,107,EGYENI,,,
236332,07_085_001,838,600,600,0,3,597,EGYENI,,,
236334,07_085_002,887,659,659,0,4,655,EGYENI,,,
236336,07_085_003,742,474,474,0,8,466,EGYENI,,,
236338,07_086_001,1010,709,709,0,3,706,EGYENI,,,
236340,07_086_002,1058,695,694,-1,2,692,EGYENI,,,
236342,07_086_003,801,541,541,0,8,533,EGYENI,,,
236344,07_086_004,705,437,437,0,3,434,EGYENI,,,
236346,07_087_001,746,479,479,0,4,475,EGYENI,,,
236348,07_087_002,732,494,494,0,3,491,EGYENI,,,
236350,07_088_001,404,328,328,0,5,323,EGYENI,,,
236352,07_089_001,1434,1200,1199,-1,10,1189,EGYENI,,,
236354,07_090_001,900,620,620,0,9,611,EGYENI,,,
236356,07_090_002,929,698,697,-1,8,689,EGYENI,,,
236358,07_090_003,1053,687,686,-1,10,676,EGYENI,,,
236360,07_090_004,940,618,623,5,6,617,EGYENI,,,
236362,07_091_001,1211,815,815,0,7,808,EGYENI,,,
236364,07_091_002,464,278,278,0,5,273,EGYENI,,,
236366,07_092_001,647,359,359,0,8,351,EGYENI,,,
236368,07_093_001,619,495,495,0,5,490,EGYENI,,,
236370,07_093_002,704,550,550,0,9,541,EGYENI,,,
236372,07_094_001,707,531,531,0,3,528,EGYENI,,,
236374,07_094_002,780,554,554,0,2,552,EGYENI,,,
236376,07_094_003,595,414,413,-1,4,409,EGYENI,,,
236378,07_094_004,517,395,396,1,7,389,EGYENI,,,
236380,07_094_005,630,427,427,0,4,423,EGYENI,,,
236382,07_094_006,445,355,354,-1,0,354,EGYENI,,,
236384,07_094_007,880,663,663,0,6,657,EGYENI,,,
236386,07_094_008,711,571,570,-1,5,565,EGYENI,,,
236388,07_094_009,802,548,548,0,13,535,EGYENI,,,
236390,07_094_010,743,530,518,-12,6,512,EGYENI,,,
236392,07_094_011,702,506,506,0,2,504,EGYENI,,,
236394,07_094_012,762,568,569,1,7,562,EGYENI,,,
236396,07_094_013,840,614,614,0,4,610,EGYENI,,,
236398,07_094_014,715,505,503,-2,2,501,EGYENI,,,
236400,07_094_015,624,468,467,-1,2,465,EGYENI,,,
236402,07_094_016,648,484,484,0,4,480,EGYENI,,,
236404,07_094_017,651,435,434,-1,5,429,EGYENI,,,
236406,07_094_018,783,573,573,0,5,568,EGYENI,,,
236408,07_094_019,735,537,536,-1,4,532,EGYENI,,,
236410,07_094_020,768,515,514,-1,3,511,EGYENI,,,
236412,07_094_021,894,669,669,0,6,663,EGYENI,,,
236414,07_094_022,778,557,557,0,9,548,EGYENI,,,
236416,07_094_023,858,653,653,0,10,643,EGYENI,,,
236418,07_094_024,580,423,423,0,3,420,EGYENI,,,
236420,07_094_025,521,371,371,0,5,366,EGYENI,,,
236422,07_094_026,638,466,464,-2,5,459,EGYENI,,,
236424,07_094_027,793,616,616,0,7,609,EGYENI,,,
236426,07_094_028,1163,536,536,0,6,530,EGYENI,,,
236428,07_094_029,806,557,557,0,4,553,EGYENI,,,
236430,07_094_030,972,658,655,-3,2,653,EGYENI,,,
236432,07_094_031,759,539,539,0,5,534,EGYENI,,,
236434,07_094_032,846,601,601,0,5,596,EGYENI,,,
236436,07_094_033,531,387,387,0,2,385,EGYENI,,,
236438,07_094_034,1070,822,822,0,6,816,EGYENI,,,
236440,07_094_035,830,622,620,-2,1,619,EGYENI,,,
236442,07_094_036,807,610,610,0,3,607,EGYENI,,,
236444,07_094_037,740,558,558,0,4,554,EGYENI,,,
236446,07_094_038,873,625,625,0,5,620,EGYENI,,,
236448,07_094_039,832,651,651,0,5,646,EGYENI,,,
236450,07_094_040,1006,757,755,-2,6,749,EGYENI,,,
236452,07_094_041,1027,772,770,-2,3,767,EGYENI,,,
236454,07_094_042,919,648,649,1,13,636,EGYENI,,,
236456,07_094_043,992,814,815,1,11,804,EGYENI,,,
236458,07_094_044,906,651,649,-2,5,644,EGYENI,,,
236460,07_094_045,630,456,454,-2,2,452,EGYENI,,,
236462,07_094_046,812,570,570,0,4,566,EGYENI,,,
236464,07_094_047,777,591,591,0,9,582,EGYENI,,,
236466,07_094_048,1162,943,944,1,8,936,EGYENI,,,
236468,07_094_049,1229,981,970,-11,6,964,EGYENI,,,
236470,07_094_050,743,559,560,1,13,547,EGYENI,,,
236472,07_094_051,1203,881,881,0,7,874,EGYENI,,,
236474,07_094_052,617,491,491,0,0,491,EGYENI,,,
236476,07_094_053,798,615,605,-10,4,601,EGYENI,,,
236478,07_094_054,1018,807,806,-1,5,801,EGYENI,,,
236480,07_094_055,709,565,565,0,4,561,EGYENI,,,
236482,07_094_056,2379,2149,2140,-9,13,2127,EGYENI,,,
236484,07_094_057,572,441,441,0,1,440,EGYENI,,,
236486,07_094_058,922,709,709,0,5,704,EGYENI,,,
236488,07_094_059,602,476,476,0,5,471,EGYENI,,,
236490,07_094_060,548,425,425,0,0,425,EGYENI,,,
236492,07_094_061,604,488,488,0,3,485,EGYENI,,,
236494,07_094_062,690,553,553,0,4,549,EGYENI,,,
236496,07_094_063,792,630,628,-2,6,622,EGYENI,,,
236498,07_094_064,955,775,775,0,4,771,EGYENI,,,
236500,07_094_065,686,573,571,-2,3,568,EGYENI,,,
236502,07_094_066,1067,893,894,1,13,881,EGYENI,,,
236504,07_094_067,1096,879,879,0,3,876,EGYENI,,,
236506,07_094_068,857,704,705,1,12,693,EGYENI,,,
236508,07_094_069,794,658,656,-2,10,646,EGYENI,,,
236510,07_094_070,959,799,799,0,6,793,EGYENI,,,
236512,07_094_071,775,651,651,0,2,649,EGYENI,,,
236514,07_094_072,875,732,732,0,9,723,EGYENI,,,
236516,07_094_073,1208,1006,1005,-1,8,997,EGYENI,,,
236518,07_094_074,665,532,529,-3,1,528,EGYENI,,,
236520,07_094_075,385,305,305,0,1,304,EGYENI,,,
236522,07_094_076,1033,717,717,0,6,711,EGYENI,,,
236524,07_094_077,939,796,796,0,5,791,EGYENI,,,
236526,07_094_078,1030,791,790,-1,9,781,EGYENI,,,
236528,07_094_079,850,674,674,0,4,670,EGYENI,,,
236530,07_094_080,1240,993,990,-3,15,975,EGYENI,,,
236532,07_094_081,797,608,607,-1,8,599,EGYENI,,,
236534,07_094_082,535,420,420,0,7,413,EGYENI,,,
236536,07_094_083,838,693,693,0,6,687,EGYENI,,,
236538,07_094_084,604,439,438,-1,1,437,EGYENI,,,
236540,07_094_085,914,719,720,1,16,704,EGYENI,,,
236542,07_094_086,1113,765,764,-1,3,761,EGYENI,,,
236544,07_094_087,715,609,609,0,2,607,EGYENI,,,
236546,07_094_088,774,600,598,-2,1,597,EGYENI,,,
236548,07_094_089,1597,1173,1174,1,7,1167,EGYENI,,,
236550,07_094_090,1328,1000,999,-1,4,995,EGYENI,,,
236552,07_094_091,2013,1702,1695,-7,15,1680,EGYENI,,,
236554,07_094_092,189,147,147,0,0,147,EGYENI,,,
236558,07_095_001,746,557,557,0,2,555,EGYENI,,,
236560,07_096_001,686,513,513,0,3,510,EGYENI,,,
236562,07_096_002,658,476,475,-1,1,474,EGYENI,,,
236564,07_097_001,734,582,582,0,4,578,EGYENI,,,
236566,07_097_002,780,625,625,0,1,624,EGYENI,,,
236568,07_098_001,379,286,286,0,9,277,EGYENI,,,
236570,07_099_001,970,726,726,0,9,717,EGYENI,,,
236572,07_099_002,1001,763,763,0,6,757,EGYENI,,,
236575,07_100_001,638,397,398,1,9,389,EGYENI,,,
236577,07_101_001,719,520,520,0,4,516,EGYENI,,,
236578,07_101_002,720,511,511,0,5,506,EGYENI,,,
236580,07_101_003,612,466,466,0,4,462,EGYENI,,,
236582,07_102_001,1150,893,893,0,7,886,EGYENI,,,
236584,07_102_002,998,754,754,0,8,746,EGYENI,,,
236586,07_102_003,1046,812,812,0,8,804,EGYENI,,,
236588,07_102_004,1114,892,891,-1,7,884,EGYENI,,,
236590,07_102_005,1052,807,807,0,4,803,EGYENI,,,
236592,07_103_001,634,467,467,0,3,464,EGYENI,,,
236594,07_104_001,674,449,449,0,1,448,EGYENI,,,
236596,07_104_002,711,510,510,0,9,501,EGYENI,,,
236598,07_105_001,708,558,557,-1,8,549,EGYENI,,,
236600,07_106_001,902,591,589,-2,6,583,EGYENI,,,
236602,07_106_002,929,680,680,0,3,677,EGYENI,,,
236604,07_107_001,726,509,508,-1,4,504,EGYENI,,,
236606,07_108_001,571,345,345,0,6,339,EGYENI,,,
236608,07_108_002,411,251,251,0,4,247,EGYENI,,,
236610,08_001_001,588,440,441,1,10,431,EGYENI,,,
236612,08_001_002,694,484,484,0,7,477,EGYENI,,,
236614,08_001_003,762,564,564,0,11,553,EGYENI,,,
236616,08_001_004,550,409,409,0,6,403,EGYENI,,,
236618,08_002_001,398,327,327,0,2,325,EGYENI,,,
236620,08_003_001,769,601,601,0,13,588,EGYENI,,,
236622,08_004_001,801,570,570,0,4,566,EGYENI,,,
236624,08_004_002,922,711,711,0,2,709,EGYENI,,,
236626,08_005_001,206,161,161,0,0,161,EGYENI,,,
236628,08_006_001,885,622,622,0,5,617,EGYENI,,,
236630,08_006_002,776,552,550,-2,4,546,EGYENI,,,
236632,08_007_001,879,630,630,0,6,624,EGYENI,,,
236634,08_008_001,135,105,105,0,1,104,EGYENI,,,
236636,08_009_001,235,168,168,0,1,167,EGYENI,,,
236638,08_010_001,798,536,536,0,3,533,EGYENI,,,
236640,08_010_002,595,372,372,0,6,366,EGYENI,,,
236642,08_011_001,620,441,441,0,7,434,EGYENI,,,
236644,08_012_001,564,444,444,0,4,440,EGYENI,,,
236646,08_012_002,507,356,356,0,4,352,EGYENI,,,
236648,08_013_001,912,660,660,0,11,649,EGYENI,,,
236650,08_013_002,927,700,700,0,5,695,EGYENI,,,
236652,08_013_003,233,164,164,0,0,164,EGYENI,,,
236654,08_014_001,409,311,309,-2,2,307,EGYENI,,,
236656,08_014_002,366,293,293,0,2,291,EGYENI,,,
236658,08_014_003,133,97,97,0,3,94,EGYENI,,,
236660,08_015_001,391,296,296,0,2,294,EGYENI,,,
236662,08_016_001,265,198,198,0,1,197,EGYENI,,,
236664,08_017_001,514,369,369,0,8,361,EGYENI,,,
236666,08_018_001,1060,751,751,0,5,746,EGYENI,,,
236668,08_019_001,753,512,511,-1,4,507,EGYENI,,,
236670,08_019_002,790,513,513,0,18,495,EGYENI,,,
236672,08_019_003,212,155,153,-2,2,151,EGYENI,,,
236674,08_020_001,840,645,645,0,5,640,EGYENI,,,
236676,08_020_002,852,659,660,1,10,650,EGYENI,,,
236678,08_021_001,38,34,34,0,0,34,EGYENI,,,
236680,08_022_001,421,329,329,0,2,327,EGYENI,,,
236682,08_023_001,435,317,317,0,4,313,EGYENI,,,
236684,08_024_001,170,132,132,0,5,127,EGYENI,,,
236686,08_025_001,25,23,23,0,0,23,EGYENI,,,
236688,08_026_001,402,280,276,-4,1,275,EGYENI,,,
236690,08_027_001,1054,832,833,1,12,821,EGYENI,,,
236692,08_027_002,1045,856,857,1,13,844,EGYENI,,,
236694,08_027_003,2140,1827,1818,-9,27,1791,EGYENI,,,
236696,08_027_004,916,729,729,0,2,727,EGYENI,,,
236698,08_027_005,956,730,730,0,2,728,EGYENI,,,
236700,08_027_006,884,692,692,0,20,672,EGYENI,,,
236702,08_027_007,947,698,698,0,5,693,EGYENI,,,
236704,08_027_008,1010,742,742,0,5,737,EGYENI,,,
236706,08_028_001,631,479,479,0,7,472,EGYENI,,,
236708,08_028_002,646,475,475,0,7,468,EGYENI,,,
236710,08_029_001,323,230,230,0,5,225,EGYENI,,,
236712,08_030_001,486,376,376,0,3,373,EGYENI,,,
236715,08_031_001,668,452,452,0,7,445,EGYENI,,,
236717,08_031_002,742,529,528,-1,5,523,EGYENI,,,
236718,08_032_001,211,172,172,0,3,169,EGYENI,,,
236720,08_033_001,935,730,730,0,6,724,EGYENI,,,
236722,08_033_002,847,622,622,0,10,612,EGYENI,,,
236724,08_034_001,582,422,421,-1,7,414,EGYENI,,,
236726,08_035_001,204,139,139,0,2,137,EGYENI,,,
236728,08_035_002,427,342,342,0,4,338,EGYENI,,,
236730,08_035_003,576,433,432,-1,6,426,EGYENI,,,
236732,08_036_001,127,95,95,0,2,93,EGYENI,,,
236734,08_037_001,100,82,82,0,0,82,EGYENI,,,
236736,08_038_001,417,305,303,-2,1,302,EGYENI,,,
236738,08_039_001,709,530,530,0,10,520,EGYENI,,,
236740,08_040_001,1413,1037,1037,0,7,1030,EGYENI,,,
236742,08_041_001,869,641,641,0,6,635,EGYENI,,,
236744,08_041_002,806,619,619,0,6,613,EGYENI,,,
236746,08_042_001,747,597,597,0,6,591,EGYENI,,,
236748,08_042_002,785,620,620,0,9,611,EGYENI,,,
236750,08_043_001,360,260,259,-1,2,257,EGYENI,,,
236752,08_044_001,434,343,343,0,3,340,EGYENI,,,
236754,08_045_001,746,553,552,-1,3,549,EGYENI,,,
236756,08_046_001,72,46,46,0,1,45,EGYENI,,,
236758,08_047_001,233,177,176,-1,2,174,EGYENI,,,
236760,08_048_001,1061,815,815,0,12,803,EGYENI,,,
236762,08_048_002,619,504,504,0,7,497,EGYENI,,,
236764,08_048_003,812,583,583,0,3,580,EGYENI,,,
236766,08_048_004,96,62,62,0,0,62,EGYENI,,,
236768,08_049_001,505,407,407,0,10,397,EGYENI,,,
236770,08_050_001,678,541,540,-1,8,532,EGYENI,,,
236772,08_051_001,994,696,696,0,4,692,EGYENI,,,
236774,08_051_002,806,564,563,-1,7,556,EGYENI,,,
236776,08_052_001,872,679,677,-2,8,669,EGYENI,,,
236778,08_052_002,760,585,585,0,7,578,EGYENI,,,
236780,08_052_003,775,636,636,0,2,634,EGYENI,,,
236782,08_052_004,649,498,498,0,6,492,EGYENI,,,
236784,08_053_001,1013,742,741,-1,9,732,EGYENI,,,
236786,08_054_001,835,588,588,0,4,584,EGYENI,,,
236788,08_054_002,873,604,603,-1,6,597,EGYENI,,,
236790,08_054_003,853,595,595,0,8,587,EGYENI,,,
236792,08_055_001,53,45,45,0,2,43,EGYENI,,,
236794,08_056_001,1090,777,777,0,12,765,EGYENI,,,
236796,08_057_001,316,232,232,0,2,230,EGYENI,,,
236798,08_058_001,957,645,638,-7,5,633,EGYENI,,,
236800,08_059_001,1038,810,810,0,6,804,EGYENI,,,
236802,08_059_002,1123,789,788,-1,8,780,EGYENI,,,
236804,08_059_003,965,697,697,0,5,692,EGYENI,,,
236806,08_059_004,970,636,637,1,14,623,EGYENI,,,
236808,08_059_005,946,634,634,0,5,629,EGYENI,,,
236810,08_059_006,1211,986,986,0,8,978,EGYENI,,,
236812,08_059_007,859,608,604,-4,7,597,EGYENI,,,
236814,08_059_008,692,360,359,-1,3,356,EGYENI,,,
236816,08_059_009,2608,2275,2279,4,38,2241,EGYENI,,,
236818,08_059_010,814,569,570,1,10,560,EGYENI,,,
236820,08_059_011,1067,695,695,0,6,689,EGYENI,,,
236822,08_059_012,933,496,496,0,7,489,EGYENI,,,
236824,08_059_013,915,706,706,0,12,694,EGYENI,,,
236826,08_059_014,932,670,670,0,4,666,EGYENI,,,
236828,08_059_015,885,691,691,0,4,687,EGYENI,,,
236830,08_059_016,888,670,670,0,12,658,EGYENI,,,
236832,08_059_017,926,695,694,-1,5,689,EGYENI,,,
236834,08_059_018,789,643,643,0,2,641,EGYENI,,,
236836,08_059_019,905,720,718,-2,6,712,EGYENI,,,
236838,08_059_020,787,614,614,0,2,612,EGYENI,,,
236840,08_059_021,1129,843,843,0,4,839,EGYENI,,,
236842,08_059_022,1086,861,861,0,4,857,EGYENI,,,
236844,08_059_023,1207,946,943,-3,7,936,EGYENI,,,
236846,08_059_024,1200,892,889,-3,6,883,EGYENI,,,
236848,08_059_025,974,778,778,0,3,775,EGYENI,,,
236850,08_059_026,1193,959,958,-1,6,952,EGYENI,,,
236852,08_059_027,1328,1011,1007,-4,13,994,EGYENI,,,
236854,08_059_028,1049,809,809,0,7,802,EGYENI,,,
236856,08_059_029,1050,794,794,0,5,789,EGYENI,,,
236858,08_059_030,864,679,674,-5,11,663,EGYENI,,,
236860,08_059_031,779,566,565,-1,4,561,EGYENI,,,
236862,08_059_032,777,520,520,0,4,516,EGYENI,,,
236864,08_059_033,920,660,660,0,5,655,EGYENI,,,
236866,08_059_034,986,688,687,-1,4,683,EGYENI,,,
236868,08_059_035,954,603,603,0,5,598,EGYENI,,,
236870,08_059_036,961,619,619,0,7,612,EGYENI,,,
236872,08_059_037,1022,645,645,0,6,639,EGYENI,,,
236874,08_059_038,1032,610,611,1,11,600,EGYENI,,,
236876,08_059_039,968,633,634,1,7,627,EGYENI,,,
236878,08_059_040,1110,765,763,-2,4,759,EGYENI,,,
236880,08_059_041,802,553,554,1,10,544,EGYENI,,,
236882,08_059_042,972,603,603,0,5,598,EGYENI,,,
236884,08_059_043,953,586,582,-4,1,581,EGYENI,,,
236886,08_059_044,854,579,578,-1,7,571,EGYENI,,,
236888,08_059_045,888,640,630,-10,5,625,EGYENI,,,
236890,08_059_046,886,573,572,-1,3,569,EGYENI,,,
236892,08_059_047,905,565,565,0,1,564,EGYENI,,,
236894,08_059_048,848,606,606,0,6,600,EGYENI,,,
236896,08_059_049,822,522,522,0,7,515,EGYENI,,,
236898,08_059_050,833,536,534,-2,8,526,EGYENI,,,
236900,08_059_051,835,536,536,0,7,529,EGYENI,,,
236902,08_059_052,981,757,755,-2,6,749,EGYENI,,,
236904,08_059_053,2392,2029,2032,3,37,1995,EGYENI,,,
236906,08_059_054,1066,739,737,-2,7,730,EGYENI,,,
236908,08_059_055,1003,622,622,0,7,615,EGYENI,,,
236910,08_059_056,931,666,666,0,2,664,EGYENI,,,
236912,08_059_057,880,609,608,-1,5,603,EGYENI,,,
236914,08_059_058,1034,702,702,0,8,694,EGYENI,,,
236916,08_059_059,947,686,685,-1,6,679,EGYENI,,,
236918,08_059_060,953,664,662,-2,14,648,EGYENI,,,
236920,08_059_061,880,651,651,0,2,649,EGYENI,,,
236922,08_059_062,1034,739,739,0,0,739,EGYENI,,,
236924,08_059_063,939,669,668,-1,4,664,EGYENI,,,
236926,08_059_064,1003,745,744,-1,5,739,EGYENI,,,
236928,08_059_065,940,671,670,-1,8,662,EGYENI,,,
236930,08_059_066,875,655,655,0,3,652,EGYENI,,,
236932,08_059_067,962,693,690,-3,5,685,EGYENI,,,
236934,08_059_068,826,629,628,-1,3,625,EGYENI,,,
236936,08_059_069,1074,849,848,-1,14,834,EGYENI,,,
236938,08_059_070,828,669,669,0,6,663,EGYENI,,,
236940,08_059_071,1081,645,645,0,7,638,EGYENI,,,
236942,08_059_072,1082,720,720,0,13,707,EGYENI,,,
236944,08_059_073,981,612,612,0,6,606,EGYENI,,,
236946,08_059_074,994,716,716,0,6,710,EGYENI,,,
236948,08_059_075,841,672,671,-1,6,665,EGYENI,,,
236950,08_059_076,1101,827,826,-1,4,822,EGYENI,,,
236952,08_059_077,993,784,781,-3,1,780,EGYENI,,,
236954,08_059_078,882,683,682,-1,10,672,EGYENI,,,
236956,08_059_079,883,663,663,0,10,653,EGYENI,,,
236958,08_059_080,1094,865,865,0,5,860,EGYENI,,,
236960,08_059_081,1203,966,966,0,12,954,EGYENI,,,
236962,08_059_082,1296,809,808,-1,6,802,EGYENI,,,
236964,08_059_083,1117,799,797,-2,5,792,EGYENI,,,
236966,08_059_084,1131,815,815,0,12,803,EGYENI,,,
236968,08_059_085,1111,782,780,-2,6,774,EGYENI,,,
236970,08_059_086,1084,810,810,0,8,802,EGYENI,,,
236972,08_059_087,1058,783,783,0,8,775,EGYENI,,,
236974,08_059_088,1276,951,951,0,4,947,EGYENI,,,
236976,08_059_089,1272,964,967,3,20,947,EGYENI,,,
236978,08_059_090,1062,832,828,-4,6,822,EGYENI,,,
236980,08_059_091,1164,954,951,-3,14,937,EGYENI,,,
236982,08_059_092,1083,863,863,0,6,857,EGYENI,,,
236984,08_059_093,1187,975,977,2,22,955,EGYENI,,,
236986,08_059_094,1137,876,875,-1,5,870,EGYENI,,,
236988,08_059_095,1152,910,911,1,15,896,EGYENI,,,
236990,08_059_096,1380,1104,1097,-7,11,1086,EGYENI,,,
236994,08_060_001,397,270,270,0,3,267,EGYENI,,,
236996,08_061_001,681,525,525,0,3,522,EGYENI,,,
236998,08_061_002,692,524,525,1,11,514,EGYENI,,,
237000,08_062_001,1206,917,917,0,7,910,EGYENI,,,
237002,08_063_001,635,426,426,0,4,422,EGYENI,,,
237004,08_064_001,755,429,428,-1,3,425,EGYENI,,,
237006,08_064_002,945,642,642,0,9,633,EGYENI,,,
237008,08_064_003,554,430,430,0,7,423,EGYENI,,,
237010,08_064_004,474,386,386,0,5,381,EGYENI,,,
237012,08_065_001,1187,931,932,1,8,924,EGYENI,,,
237014,08_065_002,1185,951,950,-1,10,940,EGYENI,,,
237016,08_065_003,1140,908,908,0,2,906,EGYENI,,,
237018,08_065_004,1145,890,887,-3,11,876,EGYENI,,,
237020,08_065_005,1187,961,961,0,9,952,EGYENI,,,
237022,08_066_001,848,694,694,0,5,689,EGYENI,,,
237024,08_066_002,866,714,714,0,9,705,EGYENI,,,
237026,08_067_001,878,682,682,0,3,679,EGYENI,,,
237028,08_067_002,899,690,690,0,8,682,EGYENI,,,
237030,08_067_003,868,697,697,0,8,689,EGYENI,,,
237032,08_068_001,1157,835,831,-4,20,811,EGYENI,,,
237034,08_068_002,1237,890,889,-1,6,883,EGYENI,,,
237036,08_068_003,142,112,112,0,2,110,EGYENI,,,
237038,08_069_001,1174,922,921,-1,15,906,EGYENI,,,
237040,08_069_002,976,768,764,-4,15,749,EGYENI,,,
237042,08_070_001,934,656,656,0,6,650,EGYENI,,,
237044,08_070_002,937,637,635,-2,16,619,EGYENI,,,
237046,08_070_003,810,538,538,0,4,534,EGYENI,,,
237048,08_071_001,1229,961,961,0,11,950,EGYENI,,,
237050,08_072_001,981,715,715,0,2,713,EGYENI,,,
237052,08_073_001,349,272,272,0,4,268,EGYENI,,,
237054,08_074_001,530,369,369,0,3,366,EGYENI,,,
237056,08_075_001,265,219,219,0,1,218,EGYENI,,,
237058,08_076_001,784,564,564,0,13,551,EGYENI,,,
237060,08_076_002,698,551,551,0,7,544,EGYENI,,,
237062,08_077_001,959,627,626,-1,6,620,EGYENI,,,
237064,08_078_001,858,626,626,0,14,612,EGYENI,,,
237066,08_078_002,782,517,517,0,5,512,EGYENI,,,
237068,08_078_003,703,480,479,-1,2,477,EGYENI,,,
237070,08_078_004,782,573,573,0,3,570,EGYENI,,,
237072,08_078_005,770,503,503,0,7,496,EGYENI,,,
237074,08_078_006,594,421,421,0,10,411,EGYENI,,,
237076,08_078_007,210,126,126,0,7,119,EGYENI,,,
237078,08_079_001,447,326,326,0,4,322,EGYENI,,,
237080,08_080_001,1023,708,708,0,2,706,EGYENI,,,
237082,08_081_001,140,98,98,0,1,97,EGYENI,,,
237084,08_081_002,1110,858,845,-13,10,835,EGYENI,,,
237086,08_081_003,908,656,656,0,3,653,EGYENI,,,
237088,08_081_004,966,766,766,0,7,759,EGYENI,,,
237090,08_081_005,971,760,760,0,9,751,EGYENI,,,
237092,08_081_006,1044,745,745,0,17,728,EGYENI,,,
237094,08_081_007,991,751,751,0,11,740,EGYENI,,,
237096,08_081_008,1056,808,808,0,7,801,EGYENI,,,
237098,08_081_009,849,626,624,-2,6,618,EGYENI,,,
237100,08_082_001,673,467,467,0,3,464,EGYENI,,,
237102,08_082_002,934,652,652,0,10,642,EGYENI,,,
237104,08_082_003,176,122,122,0,1,121,EGYENI,,,
237106,08_083_001,198,161,161,0,2,159,EGYENI,,,
237108,08_084_001,728,591,590,-1,5,585,EGYENI,,,
237110,08_085_001,290,238,238,0,2,236,EGYENI,,,
237112,08_086_001,601,473,473,0,8,465,EGYENI,,,
237114,08_087_001,859,600,600,0,6,594,EGYENI,,,
237116,08_087_002,1035,727,726,-1,7,719,EGYENI,,,
237118,08_088_001,1073,785,785,0,6,779,EGYENI,,,
237120,08_088_002,1075,815,813,-2,10,803,EGYENI,,,
237122,08_089_001,839,664,664,0,10,654,EGYENI,,,
237124,08_089_002,763,607,607,0,8,599,EGYENI,,,
237126,08_090_001,1046,797,797,0,7,790,EGYENI,,,
237128,08_091_001,434,269,269,0,3,266,EGYENI,,,
237130,08_092_001,694,466,466,0,9,457,EGYENI,,,
237132,08_092_002,855,571,571,0,9,562,EGYENI,,,
237134,08_093_001,1100,815,815,0,12,803,EGYENI,,,
237136,08_093_002,671,458,458,0,3,455,EGYENI,,,
237138,08_093_003,742,525,525,0,6,519,EGYENI,,,
237140,08_094_001,615,472,472,0,9,463,EGYENI,,,
237142,08_095_001,1159,877,871,-6,14,857,EGYENI,,,
237144,08_096_001,84,55,55,0,2,53,EGYENI,,,
237146,08_097_001,357,266,266,0,6,260,EGYENI,,,
237148,08_098_001,408,290,290,0,1,289,EGYENI,,,
237150,08_099_001,694,508,508,0,4,504,EGYENI,,,
237152,08_099_002,867,632,632,0,5,627,EGYENI,,,
237154,08_100_001,500,381,381,0,12,369,EGYENI,,,
237156,08_101_001,758,522,522,0,7,515,EGYENI,,,
237158,08_102_001,78,63,63,0,1,62,EGYENI,,,
237160,08_103_001,883,705,705,0,7,698,EGYENI,,,
237162,08_104_001,803,630,630,0,4,626,EGYENI,,,
237164,08_104_002,690,384,384,0,4,380,EGYENI,,,
237166,08_104_003,811,558,560,2,17,543,EGYENI,,,
237168,08_104_004,1253,986,984,-2,9,975,EGYENI,,,
237170,08_104_005,859,641,639,-2,5,634,EGYENI,,,
237172,08_104_006,839,585,585,0,3,582,EGYENI,,,
237174,08_104_007,939,657,654,-3,8,646,EGYENI,,,
237176,08_104_008,1215,924,921,-3,10,911,EGYENI,,,
237178,08_104_009,728,499,500,1,12,488,EGYENI,,,
237180,08_104_010,870,543,542,-1,6,536,EGYENI,,,
237182,08_104_011,841,545,540,-5,4,536,EGYENI,,,
237184,08_104_012,759,573,572,-1,8,564,EGYENI,,,
237186,08_104_013,920,666,668,2,29,639,EGYENI,,,
237188,08_104_014,914,679,679,0,5,674,EGYENI,,,
237190,08_104_015,697,499,499,0,7,492,EGYENI,,,
237192,08_104_016,675,504,504,0,6,498,EGYENI,,,
237194,08_104_017,755,511,509,-2,3,506,EGYENI,,,
237196,08_104_018,817,539,538,-1,8,530,EGYENI,,,
237198,08_104_019,809,532,532,0,6,526,EGYENI,,,
237200,08_104_020,742,510,509,-1,6,503,EGYENI,,,
237202,08_104_021,722,468,468,0,9,459,EGYENI,,,
237204,08_104_022,865,568,568,0,7,561,EGYENI,,,
237206,08_104_023,636,418,418,0,5,413,EGYENI,,,
237208,08_104_024,685,493,492,-1,4,488,EGYENI,,,
237210,08_104_025,778,476,476,0,10,466,EGYENI,,,
237212,08_104_026,793,553,553,0,5,548,EGYENI,,,
237214,08_104_027,856,537,536,-1,8,528,EGYENI,,,
237216,08_104_028,807,525,524,-1,5,519,EGYENI,,,
237218,08_104_029,765,516,514,-2,5,509,EGYENI,,,
237220,08_104_030,2185,1864,1857,-7,13,1844,EGYENI,,,
237222,08_105_001,936,669,669,0,6,663,EGYENI,,,
237224,08_105_002,1085,705,705,0,10,695,EGYENI,,,
237226,08_106_001,665,476,475,-1,9,466,EGYENI,,,
237228,08_106_002,702,506,506,0,5,501,EGYENI,,,
237230,08_107_001,666,527,527,0,4,523,EGYENI,,,
237232,08_108_001,838,666,666,0,4,662,EGYENI,,,
237234,08_109_001,955,708,708,0,14,694,EGYENI,,,
237236,08_109_002,987,778,776,-2,7,769,EGYENI,,,
237238,08_110_001,795,580,580,0,8,572,EGYENI,,,
237240,08_111_001,666,468,465,-3,9,456,EGYENI,,,
237242,08_111_002,835,592,592,0,5,587,EGYENI,,,
237244,08_112_001,169,133,133,0,0,133,EGYENI,,,
237246,08_113_001,394,309,309,0,4,305,EGYENI,,,
237248,08_114_001,927,730,729,-1,5,724,EGYENI,,,
237250,08_114_002,982,724,724,0,7,717,EGYENI,,,
237252,08_114_003,1089,804,799,-5,6,793,EGYENI,,,
237254,08_114_004,547,433,433,0,5,428,EGYENI,,,
237256,08_115_001,700,520,520,0,9,511,EGYENI,,,
237258,08_116_001,833,609,605,-4,5,600,EGYENI,,,
237260,08_116_002,759,572,572,0,6,566,EGYENI,,,
237262,08_116_003,808,596,596,0,5,591,EGYENI,,,
237264,08_117_001,1007,687,680,-7,9,671,EGYENI,,,
237266,08_117_002,713,511,510,-1,12,498,EGYENI,,,
237268,08_117_003,796,565,561,-4,4,557,EGYENI,,,
237270,08_117_004,185,150,150,0,2,148,EGYENI,,,
237272,08_118_001,295,218,218,0,1,217,EGYENI,,,
237274,08_119_001,246,183,183,0,1,182,EGYENI,,,
237276,08_120_001,870,583,582,-1,4,578,EGYENI,,,
237278,08_121_001,1161,865,865,0,6,859,EGYENI,,,
237280,08_122_001,860,679,675,-4,11,664,EGYENI,,,
237282,08_123_001,881,618,615,-3,4,611,EGYENI,,,
237284,08_123_002,895,613,613,0,5,608,EGYENI,,,
237286,08_123_003,255,179,179,0,1,178,EGYENI,,,
237288,08_124_001,278,226,226,0,5,221,EGYENI,,,
237290,08_125_001,87,69,69,0,2,67,EGYENI,,,
237292,08_126_001,226,184,184,0,2,182,EGYENI,,,
237294,08_127_001,514,388,388,0,6,382,EGYENI,,,
237296,08_128_001,409,291,291,0,3,288,EGYENI,,,
237298,08_128_002,557,434,434,0,8,426,EGYENI,,,
237300,08_128_003,399,302,298,-4,5,293,EGYENI,,,
237302,08_129_001,1006,702,701,-1,7,694,EGYENI,,,
237304,08_130_001,437,310,310,0,2,308,EGYENI,,,
237306,08_131_001,482,368,367,-1,2,365,EGYENI,,,
237308,08_132_001,564,454,454,0,5,449,EGYENI,,,
237310,08_133_001,1111,792,792,0,12,780,EGYENI,,,
237312,08_133_002,1010,755,754,-1,4,750,EGYENI,,,
237314,08_134_001,808,611,611,0,9,602,EGYENI,,,
237316,08_135_001,70,55,55,0,0,55,EGYENI,,,
237318,08_136_001,364,282,282,0,2,280,EGYENI,,,
237320,08_137_001,413,325,325,0,3,322,EGYENI,,,
237322,08_138_001,119,99,99,0,2,97,EGYENI,,,
237324,08_139_001,798,621,620,-1,8,612,EGYENI,,,
237326,08_140_001,131,102,102,0,2,100,EGYENI,,,
237328,08_141_001,226,181,181,0,0,181,EGYENI,,,
237330,08_142_001,270,230,230,0,2,228,EGYENI,,,
237332,08_143_001,440,294,294,0,2,292,EGYENI,,,
237334,08_144_001,263,201,201,0,4,197,EGYENI,,,
237336,08_145_001,338,268,268,0,6,262,EGYENI,,,
237338,08_146_001,470,376,376,0,6,370,EGYENI,,,
237340,08_146_002,178,147,147,0,0,147,EGYENI,,,
237342,08_146_003,71,59,59,0,2,57,EGYENI,,,
237344,08_147_001,261,170,170,0,2,168,EGYENI,,,
237346,08_148_001,227,154,154,0,1,153,EGYENI,,,
237348,08_149_001,913,637,637,0,7,630,EGYENI,,,
237350,08_150_001,840,480,480,0,6,474,EGYENI,,,
237352,08_150_002,901,614,614,0,2,612,EGYENI,,,
237354,08_150_003,1024,693,693,0,6,687,EGYENI,,,
237356,08_150_004,880,670,662,-8,8,654,EGYENI,,,
237358,08_150_005,763,550,550,0,6,544,EGYENI,,,
237360,08_150_006,862,655,654,-1,6,648,EGYENI,,,
237362,08_150_007,943,706,706,0,7,699,EGYENI,,,
237364,08_150_008,759,565,565,0,7,558,EGYENI,,,
237366,08_150_009,1021,760,760,0,9,751,EGYENI,,,
237368,08_150_010,716,508,508,0,4,504,EGYENI,,,
237370,08_150_011,749,504,504,0,5,499,EGYENI,,,
237372,08_150_012,789,601,601,0,6,595,EGYENI,,,
237374,08_150_013,732,489,489,0,14,475,EGYENI,,,
237376,08_150_014,716,531,531,0,4,527,EGYENI,,,
237378,08_150_015,731,515,509,-6,8,501,EGYENI,,,
237380,08_150_016,848,620,620,0,6,614,EGYENI,,,
237382,08_150_017,633,496,496,0,6,490,EGYENI,,,
237384,08_150_018,900,709,709,0,11,698,EGYENI,,,
237386,08_150_019,1122,910,908,-2,4,904,EGYENI,,,
237388,08_150_020,851,652,651,-1,3,648,EGYENI,,,
237390,08_150_021,920,726,726,0,6,720,EGYENI,,,
237392,08_150_022,899,708,708,0,12,696,EGYENI,,,
237394,08_150_023,1106,851,845,-6,9,836,EGYENI,,,
237396,08_150_024,811,570,570,0,3,567,EGYENI,,,
237398,08_150_025,685,505,505,0,5,500,EGYENI,,,
237400,08_150_026,2452,2178,2174,-4,24,2150,EGYENI,,,
237402,08_150_027,783,617,617,0,5,612,EGYENI,,,
237404,08_150_028,938,594,592,-2,17,575,EGYENI,,,
237406,08_150_029,1274,959,952,-7,8,944,EGYENI,,,
237408,08_150_030,708,472,472,0,6,466,EGYENI,,,
237410,08_150_031,993,717,712,-5,15,697,EGYENI,,,
237412,08_150_032,926,693,693,0,10,683,EGYENI,,,
237414,08_150_033,988,775,776,1,11,765,EGYENI,,,
237416,08_150_034,923,605,604,-1,10,594,EGYENI,,,
237418,08_150_035,910,659,660,1,14,646,EGYENI,,,
237420,08_150_036,991,770,770,0,22,748,EGYENI,,,
237422,08_150_037,901,645,645,0,8,637,EGYENI,,,
237424,08_150_038,916,716,715,-1,6,709,EGYENI,,,
237426,08_150_039,995,803,803,0,6,797,EGYENI,,,
237428,08_150_040,1201,978,978,0,9,969,EGYENI,,,
237430,08_150_041,954,813,812,-1,7,805,EGYENI,,,
237432,08_150_042,804,645,644,-1,12,632,EGYENI,,,
237434,08_150_043,939,731,731,0,6,725,EGYENI,,,
237436,08_150_044,886,663,662,-1,13,649,EGYENI,,,
237438,08_150_045,711,560,558,-2,9,549,EGYENI,,,
237440,08_150_046,742,562,564,2,18,546,EGYENI,,,
237442,08_150_047,944,701,700,-1,3,697,EGYENI,,,
237444,08_150_048,1396,1084,1083,-1,9,1074,EGYENI,,,
237446,08_150_049,1239,957,957,0,12,945,EGYENI,,,
237448,08_150_050,751,507,509,2,15,494,EGYENI,,,
237451,08_151_001,670,551,551,0,3,548,EGYENI,,,
237453,08_152_001,1055,817,817,0,11,806,EGYENI,,,
237454,08_153_001,239,168,168,0,4,164,EGYENI,,,
237456,08_154_001,358,269,269,0,5,264,EGYENI,,,
237458,08_155_001,1045,778,778,0,21,757,EGYENI,,,
237460,08_155_002,677,489,489,0,2,487,EGYENI,,,
237462,08_156_001,801,617,617,0,9,608,EGYENI,,,
237464,08_157_001,669,424,424,0,7,417,EGYENI,,,
237466,08_158_001,1053,698,698,0,9,689,EGYENI,,,
237468,08_159_001,560,428,427,-1,1,426,EGYENI,,,
237470,08_160_001,337,265,259,-6,1,258,EGYENI,,,
237472,08_161_001,585,426,426,0,3,423,EGYENI,,,
237474,08_162_001,721,524,524,0,6,518,EGYENI,,,
237476,08_163_001,149,120,120,0,1,119,EGYENI,,,
237478,08_164_001,1337,974,974,0,11,963,EGYENI,,,
237480,08_165_001,1129,684,684,0,3,681,EGYENI,,,
237482,08_165_002,995,686,686,0,6,680,EGYENI,,,
237484,08_165_003,1062,765,765,0,4,761,EGYENI,,,
237486,08_166_001,851,587,587,0,11,576,EGYENI,,,
237488,08_166_002,859,648,648,0,6,642,EGYENI,,,
237490,08_167_001,262,215,215,0,0,215,EGYENI,,,
237492,08_168_001,791,589,589,0,11,578,EGYENI,,,
237494,08_169_001,635,425,425,0,3,422,EGYENI,,,
237496,08_170_001,65,54,54,0,1,53,EGYENI,,,
237498,08_171_001,418,299,298,-1,5,293,EGYENI,,,
237500,08_172_001,637,500,499,-1,4,495,EGYENI,,,
237502,08_172_002,663,556,556,0,5,551,EGYENI,,,
237504,08_172_003,655,509,508,-1,3,505,EGYENI,,,
237506,08_173_001,284,214,214,0,2,212,EGYENI,,,
237508,08_174_001,129,106,106,0,2,104,EGYENI,,,
237510,08_175_001,772,628,628,0,6,622,EGYENI,,,
237512,08_176_001,799,588,588,0,6,582,EGYENI,,,
237514,08_177_001,163,123,123,0,2,121,EGYENI,,,
237516,08_178_001,1097,856,856,0,3,853,EGYENI,,,
237518,08_179_001,327,273,273,0,1,272,EGYENI,,,
237520,08_180_001,117,94,94,0,2,92,EGYENI,,,
237522,08_181_001,534,404,404,0,5,399,EGYENI,,,
237525,08_182_001,430,286,286,0,3,283,EGYENI,,,
237527,08_183_001,349,221,221,0,3,218,EGYENI,,,
237528,09_001_001,702,415,415,0,2,413,EGYENI,,,
237530,09_001_002,673,413,414,1,10,404,EGYENI,,,
237532,09_002_001,531,306,306,0,6,300,EGYENI,,,
237534,09_003_001,903,577,577,0,14,563,EGYENI,,,
237536,09_003_002,908,496,496,0,20,476,EGYENI,,,
237538,09_004_001,945,652,652,0,19,633,EGYENI,,,
237540,09_005_001,1031,760,759,-1,6,753,EGYENI,,,
237542,09_005_002,685,467,467,0,4,463,EGYENI,,,
237544,09_005_003,864,676,676,0,9,667,EGYENI,,,
237546,09_005_004,860,586,586,0,1,585,EGYENI,,,
237548,09_005_005,720,529,529,0,10,519,EGYENI,,,
237550,09_005_006,833,449,450,1,7,443,EGYENI,,,
237552,09_005_007,739,567,567,0,9,558,EGYENI,,,
237554,09_005_008,913,646,646,0,12,634,EGYENI,,,
237556,09_005_009,1009,629,628,-1,15,613,EGYENI,,,
237558,09_005_010,777,496,496,0,6,490,EGYENI,,,
237560,09_005_011,1007,554,554,0,12,542,EGYENI,,,
237562,09_005_012,868,545,545,0,4,541,EGYENI,,,
237564,09_005_013,878,604,604,0,10,594,EGYENI,,,
237566,09_005_014,764,508,508,0,3,505,EGYENI,,,
237568,09_005_015,810,581,581,0,4,577,EGYENI,,,
237570,09_005_016,890,593,593,0,3,590,EGYENI,,,
237572,09_005_017,85,53,53,0,1,52,EGYENI,,,
237574,09_006_001,562,352,352,0,5,347,EGYENI,,,
237576,09_006_002,672,412,412,0,7,405,EGYENI,,,
237578,09_006_003,689,431,431,0,2,429,EGYENI,,,
237580,09_007_001,307,178,178,0,4,174,EGYENI,,,
237582,09_008_001,692,359,359,0,7,352,EGYENI,,,
237584,09_008_002,789,404,404,0,8,396,EGYENI,,,
237586,09_009_001,725,520,520,0,6,514,EGYENI,,,
237588,09_009_002,605,422,422,0,11,411,EGYENI,,,
237590,09_009_003,665,440,440,0,3,437,EGYENI,,,
237592,09_009_004,893,590,587,-3,9,578,EGYENI,,,
237594,09_009_005,2125,1785,1776,-9,17,1759,EGYENI,,,
237596,09_009_006,818,430,430,0,9,421,EGYENI,,,
237598,09_009_007,695,485,484,-1,7,477,EGYENI,,,
237600,09_009_008,675,404,404,0,2,402,EGYENI,,,
237602,09_009_009,802,573,574,1,14,560,EGYENI,,,
237604,09_009_010,663,439,439,0,2,437,EGYENI,,,
237606,09_009_011,755,554,554,0,7,547,EGYENI,,,
237608,09_009_012,698,507,507,0,6,501,EGYENI,,,
237610,09_009_013,897,584,584,0,11,573,EGYENI,,,
237612,09_009_014,565,449,449,0,2,447,EGYENI,,,
237614,09_009_015,698,438,435,-3,4,431,EGYENI,,,
237616,09_009_016,732,474,474,0,8,466,EGYENI,,,
237618,09_010_001,148,108,108,0,3,105,EGYENI,,,
237620,09_011_001,729,464,463,-1,7,456,EGYENI,,,
237622,09_011_002,649,411,410,-1,10,400,EGYENI,,,
237624,09_011_003,644,358,358,0,8,350,EGYENI,,,
237626,09_011_004,883,513,513,0,20,493,EGYENI,,,
237628,09_011_005,709,403,402,-1,10,392,EGYENI,,,
237630,09_012_001,610,378,378,0,8,370,EGYENI,,,
237632,09_012_002,649,333,333,0,7,326,EGYENI,,,
237634,09_012_003,679,351,351,0,14,337,EGYENI,,,
237636,09_013_001,743,431,431,0,11,420,EGYENI,,,
237638,09_014_001,971,623,623,0,3,620,EGYENI,,,
237640,09_014_002,990,707,707,0,15,692,EGYENI,,,
237642,09_014_003,1034,767,767,0,10,757,EGYENI,,,
237644,09_015_001,430,240,240,0,3,237,EGYENI,,,
237646,09_016_001,711,463,462,-1,10,452,EGYENI,,,
237648,09_016_002,690,402,402,0,7,395,EGYENI,,,
237650,09_016_003,38,25,25,0,1,24,EGYENI,,,
237652,09_017_001,438,263,263,0,9,254,EGYENI,,,
237656,09_018_011,688,327,327,0,8,319,EGYENI,,,
237658,09_018_012,1363,972,972,0,11,961,EGYENI,,,
237660,09_018_013,1496,793,793,0,3,790,EGYENI,,,
237662,09_018_014,1295,952,951,-1,10,941,EGYENI,,,
237664,09_018_015,1280,811,813,2,24,789,EGYENI,,,
237666,09_018_016,2182,1934,1891,-43,21,1870,EGYENI,,,
237668,09_018_021,1341,926,922,-4,12,910,EGYENI,,,
237670,09_018_022,1357,977,977,0,9,968,EGYENI,,,
237672,09_018_023,1307,1038,1038,0,14,1024,EGYENI,,,
237674,09_018_024,1268,954,954,0,11,943,EGYENI,,,
237676,09_018_025,1228,956,956,0,6,950,EGYENI,,,
237678,09_018_031,1225,859,859,0,10,849,EGYENI,,,
237680,09_018_032,1272,972,969,-3,6,963,EGYENI,,,
237682,09_018_033,1035,783,772,-11,7,765,EGYENI,,,
237684,09_018_034,982,776,775,-1,13,762,EGYENI,,,
237686,09_018_035,1293,996,993,-3,10,983,EGYENI,,,
237688,09_018_041,1235,801,801,0,9,792,EGYENI,,,
237690,09_018_042,1132,787,782,-5,8,774,EGYENI,,,
237692,09_018_043,1053,594,593,-1,8,585,EGYENI,,,
237694,09_018_044,795,491,491,0,10,481,EGYENI,,,
237696,09_018_045,951,652,652,0,10,642,EGYENI,,,
237698,09_018_046,1246,642,638,-4,9,629,EGYENI,,,
237700,09_018_051,1194,811,808,-3,9,799,EGYENI,,,
237702,09_018_052,1248,852,850,-2,13,837,EGYENI,,,
237704,09_018_053,1302,1006,1006,0,14,992,EGYENI,,,
237706,09_018_054,1248,845,838,-7,8,830,EGYENI,,,
237708,09_018_055,1221,745,744,-1,10,734,EGYENI,,,
237710,09_018_061,827,453,453,0,6,447,EGYENI,,,
237712,09_018_062,1463,727,726,-1,31,695,EGYENI,,,
237714,09_018_063,1417,1039,1038,-1,15,1023,EGYENI,,,
237716,09_018_064,2744,2333,2312,-21,21,2291,EGYENI,,,
237718,09_018_065,1210,912,912,0,7,905,EGYENI,,,
237720,09_018_066,876,685,685,0,6,679,EGYENI,,,
237722,09_018_067,814,620,620,0,5,615,EGYENI,,,
237724,09_018_071,869,534,530,-4,9,521,EGYENI,,,
237726,09_018_072,1469,929,928,-1,12,916,EGYENI,,,
237728,09_018_073,1408,1026,1022,-4,13,1009,EGYENI,,,
237730,09_018_074,1429,1092,1091,-1,13,1078,EGYENI,,,
237732,09_018_075,988,715,711,-4,7,704,EGYENI,,,
237734,09_018_076,1218,912,911,-1,18,893,EGYENI,,,
237736,09_018_081,1176,724,725,1,18,707,EGYENI,,,
237738,09_018_082,1434,1071,1064,-7,13,1051,EGYENI,,,
237740,09_018_083,1272,907,906,-1,10,896,EGYENI,,,
237742,09_018_084,1276,971,978,7,48,930,EGYENI,,,
237744,09_018_085,882,682,682,0,16,666,EGYENI,,,
237746,09_018_086,843,587,587,0,8,579,EGYENI,,,
237748,09_018_091,1369,807,805,-2,10,795,EGYENI,,,
237750,09_018_092,1448,781,779,-2,18,761,EGYENI,,,
237752,09_018_093,1388,898,897,-1,11,886,EGYENI,,,
237754,09_018_094,1426,722,721,-1,10,711,EGYENI,,,
237756,09_018_095,1432,1018,1017,-1,16,1001,EGYENI,,,
237758,09_018_101,1385,1030,1030,0,11,1019,EGYENI,,,
237760,09_018_102,1198,769,769,0,16,753,EGYENI,,,
237762,09_018_103,1385,1017,1019,2,24,995,EGYENI,,,
237764,09_018_104,990,682,682,0,9,673,EGYENI,,,
237766,09_018_105,1452,1001,1001,0,12,989,EGYENI,,,
237768,09_018_106,1424,1078,1078,0,6,1072,EGYENI,,,
237770,09_018_111,1230,791,791,0,13,778,EGYENI,,,
237772,09_018_112,1268,868,864,-4,12,852,EGYENI,,,
237774,09_018_113,1158,795,790,-5,16,774,EGYENI,,,
237776,09_018_114,1057,809,808,-1,10,798,EGYENI,,,
237778,09_018_115,1068,846,846,0,11,835,EGYENI,,,
237780,09_018_116,691,489,489,0,4,485,EGYENI,,,
237782,09_018_117,815,573,573,0,8,565,EGYENI,,,
237784,09_018_121,1018,740,740,0,13,727,EGYENI,,,
237786,09_018_122,879,575,575,0,11,564,EGYENI,,,
237788,09_018_123,1116,762,762,0,6,756,EGYENI,,,
237790,09_018_124,1054,804,807,3,16,791,EGYENI,,,
237792,09_018_125,1121,753,753,0,9,744,EGYENI,,,
237794,09_018_126,967,675,675,0,10,665,EGYENI,,,
237796,09_018_127,1059,746,741,-5,6,735,EGYENI,,,
237798,09_018_131,1134,764,762,-2,10,752,EGYENI,,,
237800,09_018_132,1095,740,740,0,8,732,EGYENI,,,
237802,09_018_133,1180,778,744,-34,8,736,EGYENI,,,
237804,09_018_134,1133,790,790,0,10,780,EGYENI,,,
237806,09_018_135,1108,788,788,0,9,779,EGYENI,,,
237808,09_018_136,910,549,549,0,4,545,EGYENI,,,
237810,09_018_141,1376,933,927,-6,9,918,EGYENI,,,
237812,09_018_142,1461,1011,1010,-1,5,1005,EGYENI,,,
237814,09_018_143,1474,1032,1031,-1,6,1025,EGYENI,,,
237816,09_018_144,1117,688,687,-1,8,679,EGYENI,,,
237818,09_018_145,1364,1073,1063,-10,8,1055,EGYENI,,,
237820,09_018_151,852,719,711,-8,5,706,EGYENI,,,
237822,09_018_152,1052,723,723,0,8,715,EGYENI,,,
237824,09_018_153,829,674,674,0,2,672,EGYENI,,,
237826,09_018_154,1129,721,721,0,10,711,EGYENI,,,
237828,09_018_155,1121,777,776,-1,9,767,EGYENI,,,
237830,09_018_156,962,629,629,0,12,617,EGYENI,,,
237832,09_018_161,1064,730,730,0,7,723,EGYENI,,,
237834,09_018_162,1062,721,721,0,5,716,EGYENI,,,
237836,09_018_163,1248,845,844,-1,6,838,EGYENI,,,
237838,09_018_164,1104,742,741,-1,11,730,EGYENI,,,
237840,09_018_165,1190,856,854,-2,9,845,EGYENI,,,
237842,09_018_171,1240,928,924,-4,3,921,EGYENI,,,
237844,09_018_172,1343,875,872,-3,5,867,EGYENI,,,
237846,09_018_173,1253,881,881,0,7,874,EGYENI,,,
237848,09_018_174,712,530,527,-3,2,525,EGYENI,,,
237850,09_018_175,1033,813,812,-1,6,806,EGYENI,,,
237852,09_018_176,719,456,455,-1,8,447,EGYENI,,,
237854,09_018_181,679,529,528,-1,5,523,EGYENI,,,
237856,09_018_182,1100,819,818,-1,11,807,EGYENI,,,
237858,09_018_183,1074,841,841,0,7,834,EGYENI,,,
237860,09_018_184,435,314,314,0,2,312,EGYENI,,,
237862,09_018_185,807,635,634,-1,8,626,EGYENI,,,
237864,09_018_186,1241,954,953,-1,7,946,EGYENI,,,
237866,09_018_187,930,680,678,-2,3,675,EGYENI,,,
237868,09_018_188,712,451,451,0,8,443,EGYENI,,,
237870,09_018_191,831,494,493,-1,6,487,EGYENI,,,
237872,09_018_192,1078,652,646,-6,3,643,EGYENI,,,
237874,09_018_193,1190,807,805,-2,17,788,EGYENI,,,
237876,09_018_194,1182,866,864,-2,10,854,EGYENI,,,
237878,09_018_195,746,543,543,0,7,536,EGYENI,,,
237880,09_018_196,1116,814,812,-2,6,806,EGYENI,,,
237882,09_018_201,986,633,633,0,9,624,EGYENI,,,
237884,09_018_202,1275,892,892,0,8,884,EGYENI,,,
237886,09_018_203,1177,804,805,1,11,794,EGYENI,,,
237888,09_018_204,1118,802,799,-3,6,793,EGYENI,,,
237890,09_018_205,1038,729,728,-1,6,722,EGYENI,,,
237892,09_018_211,566,412,412,0,3,409,EGYENI,,,
237894,09_018_212,732,506,505,-1,3,502,EGYENI,,,
237896,09_018_213,2793,2543,2538,-5,18,2520,EGYENI,,,
237898,09_018_214,1253,935,935,0,11,924,EGYENI,,,
237900,09_018_215,830,703,704,1,13,691,EGYENI,,,
237902,09_018_216,1130,936,929,-7,5,924,EGYENI,,,
237904,09_018_217,1328,1078,1075,-3,9,1066,EGYENI,,,
237906,09_018_218,1258,1027,1027,0,3,1024,EGYENI,,,
237908,09_018_221,1118,787,785,-2,4,781,EGYENI,,,
237910,09_018_222,1042,714,715,1,15,700,EGYENI,,,
237912,09_018_223,1158,767,767,0,7,760,EGYENI,,,
237914,09_018_224,972,673,673,0,4,669,EGYENI,,,
237916,09_018_225,963,720,720,0,5,715,EGYENI,,,
237918,09_018_231,1270,947,947,0,7,940,EGYENI,,,
237920,09_018_232,1425,1079,1079,0,6,1073,EGYENI,,,
237922,09_018_233,1366,1027,1026,-1,11,1015,EGYENI,,,
237924,09_018_234,1194,954,953,-1,12,941,EGYENI,,,
237926,09_018_235,1368,1054,1052,-2,8,1044,EGYENI,,,
237928,09_018_236,1115,833,833,0,12,821,EGYENI,,,
237930,09_019_001,937,534,534,0,3,531,EGYENI,,,
237932,09_019_002,913,495,495,0,9,486,EGYENI,,,
237934,09_019_003,867,624,625,1,9,616,EGYENI,,,
237936,09_019_004,898,562,560,-2,5,555,EGYENI,,,
237938,09_019_005,876,625,625,0,8,617,EGYENI,,,
237940,09_019_006,951,625,625,0,8,617,EGYENI,,,
237942,09_019_007,844,584,584,0,9,575,EGYENI,,,
237944,09_019_008,384,210,210,0,6,204,EGYENI,,,
237946,09_020_001,943,668,668,0,9,659,EGYENI,,,
237948,09_020_002,866,572,572,0,16,556,EGYENI,,,
237950,09_020_003,1041,746,746,0,5,741,EGYENI,,,
237952,09_020_004,864,603,603,0,9,594,EGYENI,,,
237954,09_021_001,613,280,280,0,6,274,EGYENI,,,
237956,09_021_002,604,337,337,0,9,328,EGYENI,,,
237958,09_021_003,719,453,453,0,13,440,EGYENI,,,
237960,09_021_004,666,395,395,0,6,389,EGYENI,,,
237962,09_021_005,735,441,440,-1,6,434,EGYENI,,,
237964,09_021_006,431,218,218,0,4,214,EGYENI,,,
237966,09_021_007,140,75,75,0,2,73,EGYENI,,,
237968,09_022_001,1079,677,677,0,6,671,EGYENI,,,
237970,09_023_001,229,135,135,0,1,134,EGYENI,,,
237972,09_024_001,831,534,532,-2,5,527,EGYENI,,,
237974,09_024_002,824,589,589,0,5,584,EGYENI,,,
237976,09_024_003,754,457,457,0,15,442,EGYENI,,,
237978,09_024_004,789,512,511,-1,8,503,EGYENI,,,
237980,09_025_001,896,553,552,-1,12,540,EGYENI,,,
237982,09_026_001,414,246,246,0,2,244,EGYENI,,,
237984,09_026_002,357,226,225,-1,4,221,EGYENI,,,
237986,09_026_003,392,243,243,0,6,237,EGYENI,,,
237988,09_026_004,160,94,94,0,0,94,EGYENI,,,
237990,09_027_001,643,410,410,0,9,401,EGYENI,,,
237992,09_028_001,882,579,579,0,5,574,EGYENI,,,
237994,09_028_002,942,615,615,0,10,605,EGYENI,,,
237996,09_028_003,54,25,25,0,1,24,EGYENI,,,
237998,09_029_001,866,484,483,-1,14,469,EGYENI,,,
238000,09_029_002,770,481,481,0,11,470,EGYENI,,,
238002,09_030_001,1026,735,734,-1,6,728,EGYENI,,,
238004,09_030_002,851,630,629,-1,10,619,EGYENI,,,
238006,09_030_003,653,373,373,0,4,369,EGYENI,,,
238008,09_030_004,1125,777,776,-1,15,761,EGYENI,,,
238010,09_030_005,1012,725,724,-1,6,718,EGYENI,,,
238012,09_030_006,1206,742,742,0,13,729,EGYENI,,,
238014,09_030_007,800,290,290,0,4,286,EGYENI,,,
238016,09_030_008,172,111,111,0,3,108,EGYENI,,,
238018,09_030_009,1179,715,714,-1,12,702,EGYENI,,,
238020,09_030_010,1156,741,741,0,11,730,EGYENI,,,
238022,09_030_011,746,530,530,0,8,522,EGYENI,,,
238024,09_030_012,1041,789,788,-1,11,777,EGYENI,,,
238026,09_030_013,702,462,462,0,7,455,EGYENI,,,
238028,09_030_014,741,564,562,-2,2,560,EGYENI,,,
238030,09_030_015,611,447,447,0,8,439,EGYENI,,,
238032,09_030_016,677,494,495,1,12,483,EGYENI,,,
238034,09_030_017,857,627,627,0,7,620,EGYENI,,,
238036,09_030_018,2111,1813,1805,-8,16,1789,EGYENI,,,
238038,09_030_019,1198,888,888,0,12,876,EGYENI,,,
238040,09_030_020,635,444,444,0,12,432,EGYENI,,,
238042,09_030_021,1257,854,854,0,6,848,EGYENI,,,
238044,09_030_022,865,604,604,0,7,597,EGYENI,,,
238046,09_030_023,998,554,554,0,7,547,EGYENI,,,
238048,09_030_024,1037,592,592,0,13,579,EGYENI,,,
238050,09_030_025,1112,725,725,0,5,720,EGYENI,,,
238052,09_030_026,799,361,361,0,5,356,EGYENI,,,
238054,09_030_027,688,346,345,-1,2,343,EGYENI,,,
238056,09_031_001,814,528,528,0,7,521,EGYENI,,,
238058,09_031_002,951,619,619,0,10,609,EGYENI,,,
238060,09_031_003,941,680,680,0,8,672,EGYENI,,,
238062,09_031_004,993,641,641,0,4,637,EGYENI,,,
238064,09_031_005,870,498,498,0,8,490,EGYENI,,,
238066,09_031_006,748,503,503,0,2,501,EGYENI,,,
238068,09_031_007,765,407,406,-1,3,403,EGYENI,,,
238070,09_031_008,645,421,421,0,4,417,EGYENI,,,
238072,09_032_001,1139,524,525,1,14,511,EGYENI,,,
238074,09_032_002,1006,428,426,-2,5,421,EGYENI,,,
238076,09_032_003,1239,659,659,0,6,653,EGYENI,,,
238078,09_032_004,1205,633,633,0,8,625,EGYENI,,,
238080,09_032_005,1057,560,559,-1,9,550,EGYENI,,,
238082,09_032_006,1273,712,712,0,8,704,EGYENI,,,
238084,09_032_007,1252,797,796,-1,9,787,EGYENI,,,
238086,09_032_008,1231,766,766,0,8,758,EGYENI,,,
238088,09_032_009,110,70,70,0,2,68,EGYENI,,,
238090,09_033_001,859,534,534,0,1,533,EGYENI,,,
238092,09_033_002,670,405,404,-1,2,402,EGYENI,,,
238094,09_033_003,828,558,558,0,5,553,EGYENI,,,
238096,09_033_004,906,540,540,0,5,535,EGYENI,,,
238098,09_033_005,865,516,515,-1,4,511,EGYENI,,,
238100,09_033_006,873,599,599,0,4,595,EGYENI,,,
238102,09_033_007,857,551,551,0,11,540,EGYENI,,,
238104,09_033_008,855,538,538,0,7,531,EGYENI,,,
238106,09_033_009,755,511,511,0,5,506,EGYENI,,,
238108,09_033_010,781,498,498,0,5,493,EGYENI,,,
238110,09_033_011,816,555,554,-1,8,546,EGYENI,,,
238112,09_033_012,841,564,564,0,12,552,EGYENI,,,
238114,09_033_013,762,481,481,0,6,475,EGYENI,,,
238116,09_033_014,797,534,531,-3,7,524,EGYENI,,,
238118,09_033_015,708,417,416,-1,3,413,EGYENI,,,
238120,09_033_016,682,488,488,0,6,482,EGYENI,,,
238122,09_033_017,320,202,202,0,1,201,EGYENI,,,
238124,09_034_001,1410,915,914,-1,11,903,EGYENI,,,
238126,09_034_002,1447,953,953,0,31,922,EGYENI,,,
238128,09_034_003,1338,740,741,1,14,727,EGYENI,,,
238130,09_034_004,1243,817,815,-2,8,807,EGYENI,,,
238132,09_034_005,1278,732,732,0,10,722,EGYENI,,,
238134,09_034_006,551,299,297,-2,2,295,EGYENI,,,
238136,09_034_007,960,631,631,0,5,626,EGYENI,,,
238138,09_034_008,1470,867,867,0,10,857,EGYENI,,,
238140,09_034_009,1352,762,762,0,8,754,EGYENI,,,
238142,09_035_001,1028,703,703,0,5,698,EGYENI,,,
238144,09_035_002,2593,2212,2207,-5,13,2194,EGYENI,,,
238146,09_035_003,852,558,558,0,4,554,EGYENI,,,
238148,09_035_004,821,559,559,0,4,555,EGYENI,,,
238150,09_035_005,727,480,480,0,6,474,EGYENI,,,
238152,09_035_006,884,606,605,-1,9,596,EGYENI,,,
238154,09_035_007,738,512,512,0,0,512,EGYENI,,,
238156,09_035_008,1147,785,785,0,7,778,EGYENI,,,
238158,09_035_009,761,477,477,0,8,469,EGYENI,,,
238160,09_035_010,907,638,638,0,4,634,EGYENI,,,
238162,09_035_011,846,575,574,-1,4,570,EGYENI,,,
238164,09_035_012,692,441,441,0,3,438,EGYENI,,,
238166,09_035_013,966,567,567,0,3,564,EGYENI,,,
238168,09_035_014,900,578,578,0,4,574,EGYENI,,,
238170,09_035_015,1004,725,723,-2,6,717,EGYENI,,,
238172,09_035_016,1161,840,839,-1,5,834,EGYENI,,,
238174,09_035_017,1015,610,610,0,18,592,EGYENI,,,
238176,09_035_018,1194,686,686,0,11,675,EGYENI,,,
238178,09_035_019,1154,836,836,0,5,831,EGYENI,,,
238180,09_035_020,1259,871,863,-8,1,862,EGYENI,,,
238182,09_036_001,739,429,429,0,12,417,EGYENI,,,
238184,09_036_002,759,460,460,0,7,453,EGYENI,,,
238186,09_036_003,785,415,415,0,8,407,EGYENI,,,
238188,09_037_001,847,458,458,0,11,447,EGYENI,,,
238190,09_038_001,993,681,678,-3,8,670,EGYENI,,,
238192,09_038_002,152,72,72,0,4,68,EGYENI,,,
238194,09_039_001,1081,716,715,-1,7,708,EGYENI,,,
238196,09_039_002,1126,598,598,0,17,581,EGYENI,,,
238198,09_039_003,1051,573,573,0,15,558,EGYENI,,,
238200,09_039_004,1105,633,633,0,7,626,EGYENI,,,
238202,09_040_001,887,550,550,0,7,543,EGYENI,,,
238204,09_040_002,941,599,599,0,3,596,EGYENI,,,
238206,09_040_003,913,519,519,0,5,514,EGYENI,,,
238208,09_040_004,929,586,586,0,3,583,EGYENI,,,
238210,09_040_005,940,610,610,0,6,604,EGYENI,,,
238212,09_041_001,948,533,533,0,7,526,EGYENI,,,
238214,09_042_001,489,269,269,0,4,265,EGYENI,,,
238216,09_043_001,615,378,378,0,5,373,EGYENI,,,
238218,09_043_002,584,344,344,0,8,336,EGYENI,,,
238220,09_043_003,558,326,326,0,7,319,EGYENI,,,
238222,09_043_004,544,299,298,-1,5,293,EGYENI,,,
238224,09_043_005,589,321,321,0,5,316,EGYENI,,,
238226,09_043_006,579,288,288,0,10,278,EGYENI,,,
238228,09_043_007,483,282,282,0,6,276,EGYENI,,,
238230,09_043_008,74,42,42,0,1,41,EGYENI,,,
238232,09_044_001,715,366,366,0,4,362,EGYENI,,,
238234,09_044_002,882,467,467,0,8,459,EGYENI,,,
238236,09_045_001,588,353,348,-5,9,339,EGYENI,,,
238238,09_046_001,692,439,439,0,4,435,EGYENI,,,
238240,09_046_002,78,51,51,0,1,50,EGYENI,,,
238242,09_047_001,1002,607,606,-1,5,601,EGYENI,,,
238244,09_047_002,895,524,522,-2,3,519,EGYENI,,,
238246,09_047_003,1144,624,624,0,6,618,EGYENI,,,
238248,09_047_004,1061,543,543,0,10,533,EGYENI,,,
238250,09_047_005,747,409,409,0,9,400,EGYENI,,,
238252,09_047_006,803,410,410,0,4,406,EGYENI,,,
238254,09_048_001,680,408,408,0,3,405,EGYENI,,,
238256,09_049_001,533,301,301,0,1,300,EGYENI,,,
238258,09_050_001,472,271,271,0,5,266,EGYENI,,,
238260,09_051_001,881,593,593,0,8,585,EGYENI,,,
238262,09_051_002,1069,619,618,-1,7,611,EGYENI,,,
238264,09_051_003,950,640,640,0,8,632,EGYENI,,,
238266,09_051_004,962,739,738,-1,7,731,EGYENI,,,
238268,09_052_001,792,476,476,0,9,467,EGYENI,,,
238270,09_052_002,954,543,543,0,10,533,EGYENI,,,
238272,09_053_001,1207,817,817,0,12,805,EGYENI,,,
238274,09_053_002,1092,813,811,-2,13,798,EGYENI,,,
238276,09_054_001,1021,540,540,0,5,535,EGYENI,,,
238278,09_055_001,815,496,496,0,7,489,EGYENI,,,
238280,09_055_002,830,486,486,0,8,478,EGYENI,,,
238282,09_056_001,1003,593,592,-1,4,588,EGYENI,,,
238284,09_056_002,961,569,569,0,9,560,EGYENI,,,
238286,09_056_003,1039,701,701,0,8,693,EGYENI,,,
238288,09_056_004,967,537,537,0,10,527,EGYENI,,,
238290,09_056_005,1007,633,632,-1,14,618,EGYENI,,,
238292,09_056_006,913,577,577,0,14,563,EGYENI,,,
238294,09_056_007,881,563,563,0,8,555,EGYENI,,,
238296,09_057_001,433,249,249,0,8,241,EGYENI,,,
238298,09_057_002,798,506,505,-1,4,501,EGYENI,,,
238300,09_057_003,586,378,378,0,7,371,EGYENI,,,
238302,09_057_004,915,628,627,-1,14,613,EGYENI,,,
238304,09_057_005,85,49,49,0,1,48,EGYENI,,,
238306,09_057_006,161,114,114,0,3,111,EGYENI,,,
238308,09_058_001,725,525,525,0,7,518,EGYENI,,,
238310,09_058_002,740,518,518,0,8,510,EGYENI,,,
238312,09_058_003,678,436,436,0,12,424,EGYENI,,,
238314,09_058_004,573,417,417,0,2,415,EGYENI,,,
238316,09_058_005,844,594,594,0,13,581,EGYENI,,,
238318,09_058_006,1128,645,640,-5,12,628,EGYENI,,,
238320,09_058_007,746,478,477,-1,11,466,EGYENI,,,
238322,09_058_008,401,221,221,0,5,216,EGYENI,,,
238324,09_059_001,796,495,495,0,6,489,EGYENI,,,
238326,09_059_002,795,443,443,0,3,440,EGYENI,,,
238328,09_059_003,568,300,299,-1,4,295,EGYENI,,,
238330,09_059_004,748,419,419,0,11,408,EGYENI,,,
238332,09_059_005,79,54,54,0,1,53,EGYENI,,,
238334,09_060_001,786,527,527,0,7,520,EGYENI,,,
238336,09_060_002,778,525,526,1,12,514,EGYENI,,,
238338,09_061_001,864,510,512,2,27,485,EGYENI,,,
238340,09_061_002,1019,678,675,-3,18,657,EGYENI,,,
238342,09_062_001,801,488,488,0,7,481,EGYENI,,,
238344,09_062_002,879,574,573,-1,8,565,EGYENI,,,
238346,09_062_003,836,569,568,-1,3,565,EGYENI,,,
238348,09_062_004,704,367,367,0,3,364,EGYENI,,,
238350,09_062_005,994,637,637,0,7,630,EGYENI,,,
238352,09_062_006,1132,517,517,0,5,512,EGYENI,,,
238354,09_062_007,935,405,405,0,9,396,EGYENI,,,
238356,09_063_001,688,462,462,0,9,453,EGYENI,,,
238358,09_063_002,589,422,422,0,8,414,EGYENI,,,
238360,09_063_003,648,456,456,0,2,454,EGYENI,,,
238362,09_063_004,738,494,494,0,3,491,EGYENI,,,
238364,09_063_005,718,450,450,0,4,446,EGYENI,,,
238366,09_063_006,641,419,419,0,4,415,EGYENI,,,
238368,09_063_007,739,504,502,-2,2,500,EGYENI,,,
238370,09_063_008,746,551,549,-2,5,544,EGYENI,,,
238372,09_063_009,805,605,605,0,2,603,EGYENI,,,
238374,09_063_010,639,482,482,0,4,478,EGYENI,,,
238376,09_063_011,651,414,414,0,5,409,EGYENI,,,
238378,09_063_012,733,472,470,-2,9,461,EGYENI,,,
238380,09_063_013,763,543,543,0,7,536,EGYENI,,,
238382,09_063_014,549,376,376,0,7,369,EGYENI,,,
238384,09_063_015,698,359,358,-1,4,354,EGYENI,,,
238386,09_063_016,816,430,430,0,3,427,EGYENI,,,
238388,09_064_001,663,345,344,-1,12,332,EGYENI,,,
238390,09_065_001,879,581,579,-2,18,561,EGYENI,,,
238392,09_065_002,947,522,522,0,12,510,EGYENI,,,
238394,09_066_001,782,481,481,0,9,472,EGYENI,,,
238396,09_066_002,721,472,471,-1,8,463,EGYENI,,,
238398,09_066_003,769,482,482,0,4,478,EGYENI,,,
238400,09_067_001,889,565,565,0,13,552,EGYENI,,,
238402,09_068_001,953,525,521,-4,12,509,EGYENI,,,
238404,09_068_002,48,27,27,0,1,26,EGYENI,,,
238406,09_069_001,485,296,296,0,12,284,EGYENI,,,
238408,09_069_002,546,332,332,0,4,328,EGYENI,,,
238410,09_070_001,1192,736,736,0,9,727,EGYENI,,,
238412,09_070_002,1015,621,621,0,13,608,EGYENI,,,
238414,09_070_003,983,625,625,0,6,619,EGYENI,,,
238416,09_070_004,952,608,608,0,6,602,EGYENI,,,
238418,09_070_005,884,582,582,0,2,580,EGYENI,,,
238420,09_071_001,793,541,541,0,6,535,EGYENI,,,
238422,09_072_001,685,358,358,0,1,357,EGYENI,,,
238424,09_072_002,635,359,359,0,2,357,EGYENI,,,
238426,09_072_003,811,486,486,0,5,481,EGYENI,,,
238428,09_072_004,778,401,399,-2,7,392,EGYENI,,,
238430,09_072_005,658,356,357,1,12,345,EGYENI,,,
238432,09_072_006,78,47,47,0,1,46,EGYENI,,,
238434,09_073_001,566,364,364,0,2,362,EGYENI,,,
238436,09_074_001,251,105,105,0,4,101,EGYENI,,,
238438,09_075_001,394,277,277,0,6,271,EGYENI,,,
238440,09_076_001,826,492,492,0,15,477,EGYENI,,,
238442,09_077_001,1113,708,708,0,11,697,EGYENI,,,
238444,09_078_001,678,422,422,0,1,421,EGYENI,,,
238446,09_079_001,1086,641,641,0,10,631,EGYENI,,,
238448,09_079_002,883,545,543,-2,11,532,EGYENI,,,
238450,09_079_003,840,535,535,0,10,525,EGYENI,,,
238452,09_079_004,684,496,496,0,7,489,EGYENI,,,
238454,09_079_005,809,549,549,0,8,541,EGYENI,,,
238456,09_080_001,915,543,543,0,14,529,EGYENI,,,
238458,09_081_001,96,78,78,0,2,76,EGYENI,,,
238460,09_082_001,1198,677,677,0,14,663,EGYENI,,,
238462,10_001_001,1031,730,729,-1,11,718,EGYENI,,,
238464,10_001_002,1020,732,732,0,6,726,EGYENI,,,
238466,10_002_001,700,407,406,-1,7,399,EGYENI,,,
238468,10_002_002,731,503,503,0,5,498,EGYENI,,,
238470,10_002_003,703,461,460,-1,4,456,EGYENI,,,
238472,10_003_001,581,410,410,0,6,404,EGYENI,,,
238474,10_004_001,1074,811,811,0,5,806,EGYENI,,,
238476,10_004_002,1077,796,796,0,7,789,EGYENI,,,
238478,10_005_001,757,436,436,0,6,430,EGYENI,,,
238480,10_005_002,586,372,372,0,1,371,EGYENI,,,
238482,10_005_003,599,402,403,1,8,395,EGYENI,,,
238485,10_006_001,720,499,499,0,5,494,EGYENI,,,
238487,10_006_002,727,521,521,0,5,516,EGYENI,,,
238488,10_007_001,1003,585,585,0,15,570,EGYENI,,,
238490,10_008_001,461,299,299,0,8,291,EGYENI,,,
238492,10_008_002,336,202,202,0,2,200,EGYENI,,,
238494,10_009_001,304,228,228,0,2,226,EGYENI,,,
238496,10_010_001,510,306,306,0,4,302,EGYENI,,,
238498,10_011_001,706,443,443,0,7,436,EGYENI,,,
238500,10_011_002,622,368,368,0,6,362,EGYENI,,,
238502,10_011_003,738,414,413,-1,7,406,EGYENI,,,
238504,10_012_001,740,513,513,0,8,505,EGYENI,,,
238506,10_012_002,820,492,492,0,4,488,EGYENI,,,
238508,10_012_003,637,403,403,0,4,399,EGYENI,,,
238510,10_013_001,1046,674,674,0,9,665,EGYENI,,,
238512,10_014_001,566,407,407,0,5,402,EGYENI,,,
238514,10_015_001,831,538,538,0,10,528,EGYENI,,,
238516,10_015_002,766,564,564,0,8,556,EGYENI,,,
238518,10_015_003,756,524,524,0,10,514,EGYENI,,,
238520,10_016_001,787,513,513,0,10,503,EGYENI,,,
238522,10_017_001,216,133,133,0,0,133,EGYENI,,,
238524,10_018_001,588,434,433,-1,4,429,EGYENI,,,
238526,10_019_001,581,354,354,0,4,350,EGYENI,,,
238528,10_019_002,531,307,307,0,6,301,EGYENI,,,
238530,10_019_003,579,361,360,-1,1,359,EGYENI,,,
238532,10_020_001,482,345,345,0,3,342,EGYENI,,,
238534,10_021_001,925,628,628,0,8,620,EGYENI,,,
238536,10_022_001,721,464,463,-1,6,457,EGYENI,,,
238538,10_022_002,858,611,611,0,7,604,EGYENI,,,
238540,10_023_001,710,465,465,0,8,457,EGYENI,,,
238542,10_024_001,891,588,587,-1,3,584,EGYENI,,,
238544,10_024_002,873,550,549,-1,9,540,EGYENI,,,
238546,10_024_003,832,544,544,0,7,537,EGYENI,,,
238548,10_025_001,664,523,522,-1,5,517,EGYENI,,,
238550,10_025_002,768,576,575,-1,4,571,EGYENI,,,
238552,10_025_003,819,614,614,0,7,607,EGYENI,,,
238554,10_025_004,1015,774,773,-1,9,764,EGYENI,,,
238556,10_025_005,950,718,717,-1,6,711,EGYENI,,,
238558,10_025_006,959,729,729,0,8,721,EGYENI,,,
238560,10_025_007,908,706,705,-1,6,699,EGYENI,,,
238562,10_025_008,744,569,569,0,4,565,EGYENI,,,
238564,10_025_009,760,592,592,0,6,586,EGYENI,,,
238566,10_025_010,948,747,747,0,6,741,EGYENI,,,
238568,10_025_011,1024,797,787,-10,4,783,EGYENI,,,
238570,10_025_012,909,666,666,0,10,656,EGYENI,,,
238572,10_025_013,937,736,737,1,4,733,EGYENI,,,
238574,10_025_014,846,613,612,-1,6,606,EGYENI,,,
238576,10_025_015,1146,840,829,-11,4,825,EGYENI,,,
238578,10_025_016,630,506,506,0,10,496,EGYENI,,,
238580,10_025_017,607,440,440,0,1,439,EGYENI,,,
238582,10_025_018,596,433,433,0,5,428,EGYENI,,,
238584,10_025_019,850,645,644,-1,5,639,EGYENI,,,
238586,10_025_020,625,428,428,0,4,424,EGYENI,,,
238588,10_025_021,1071,907,906,-1,9,897,EGYENI,,,
238590,10_025_022,1057,811,811,0,4,807,EGYENI,,,
238592,10_025_023,721,472,471,-1,6,465,EGYENI,,,
238594,10_025_024,877,658,658,0,11,647,EGYENI,,,
238596,10_025_025,915,716,716,0,7,709,EGYENI,,,
238598,10_025_026,808,604,604,0,4,600,EGYENI,,,
238600,10_025_027,744,553,553,0,4,549,EGYENI,,,
238602,10_025_028,1008,583,578,-5,7,571,EGYENI,,,
238604,10_025_029,789,583,583,0,5,578,EGYENI,,,
238606,10_025_030,897,690,690,0,6,684,EGYENI,,,
238608,10_025_031,3133,2810,2795,-15,19,2776,EGYENI,,,
238610,10_025_032,792,534,534,0,3,531,EGYENI,,,
238612,10_025_033,718,494,494,0,6,488,EGYENI,,,
238614,10_025_034,870,630,629,-1,9,620,EGYENI,,,
238616,10_025_035,691,473,472,-1,3,469,EGYENI,,,
238618,10_025_036,760,534,535,1,10,525,EGYENI,,,
238620,10_025_037,913,638,637,-1,6,631,EGYENI,,,
238622,10_025_038,862,595,594,-1,4,590,EGYENI,,,
238624,10_025_039,834,567,567,0,2,565,EGYENI,,,
238626,10_025_040,866,509,509,0,8,501,EGYENI,,,
238628,10_025_041,1109,846,846,0,5,841,EGYENI,,,
238630,10_025_042,1042,740,740,0,4,736,EGYENI,,,
238632,10_025_043,666,447,447,0,2,445,EGYENI,,,
238634,10_025_044,1061,708,708,0,1,707,EGYENI,,,
238636,10_025_045,1173,883,883,0,14,869,EGYENI,,,
238638,10_025_046,795,607,606,-1,4,602,EGYENI,,,
238640,10_025_047,768,550,549,-1,6,543,EGYENI,,,
238644,10_026_001,1157,805,805,0,15,790,EGYENI,,,
238646,10_027_001,454,322,322,0,4,318,EGYENI,,,
238648,10_028_001,221,143,143,0,3,140,EGYENI,,,
238650,10_028_002,447,278,278,0,4,274,EGYENI,,,
238652,10_028_003,385,198,198,0,4,194,EGYENI,,,
238654,10_029_001,549,320,320,0,3,317,EGYENI,,,
238656,10_030_001,808,598,597,-1,5,592,EGYENI,,,
238658,10_030_002,713,533,532,-1,2,530,EGYENI,,,
238660,10_031_001,892,644,644,0,5,639,EGYENI,,,
238662,10_032_001,490,314,314,0,2,312,EGYENI,,,
238664,10_033_001,761,503,503,0,7,496,EGYENI,,,
238666,10_033_002,840,484,484,0,12,472,EGYENI,,,
238668,10_033_003,882,446,446,0,15,431,EGYENI,,,
238670,10_034_001,594,320,319,-1,6,313,EGYENI,,,
238672,10_035_001,249,188,189,1,6,183,EGYENI,,,
238674,10_036_001,770,509,508,-1,10,498,EGYENI,,,
238676,10_037_001,990,752,750,-2,6,744,EGYENI,,,
238678,10_037_002,903,588,588,0,7,581,EGYENI,,,
238680,10_037_003,873,681,681,0,6,675,EGYENI,,,
238682,10_038_001,595,403,403,0,4,399,EGYENI,,,
238684,10_038_002,638,410,410,0,5,405,EGYENI,,,
238686,10_038_003,723,496,494,-2,1,493,EGYENI,,,
238688,10_038_004,933,586,586,0,7,579,EGYENI,,,
238690,10_038_005,621,385,385,0,7,378,EGYENI,,,
238692,10_038_006,593,371,371,0,6,365,EGYENI,,,
238694,10_038_007,819,496,496,0,5,491,EGYENI,,,
238696,10_038_008,934,570,570,0,9,561,EGYENI,,,
238698,10_039_001,633,514,514,0,4,510,EGYENI,,,
238700,10_039_002,999,813,805,-8,9,796,EGYENI,,,
238702,10_039_003,656,484,484,0,9,475,EGYENI,,,
238704,10_039_004,819,620,620,0,3,617,EGYENI,,,
238706,10_039_005,990,560,556,-4,10,546,EGYENI,,,
238708,10_039_006,663,398,398,0,5,393,EGYENI,,,
238710,10_039_007,840,669,669,0,7,662,EGYENI,,,
238712,10_039_008,652,506,506,0,3,503,EGYENI,,,
238714,10_039_009,931,760,758,-2,6,752,EGYENI,,,
238716,10_039_010,738,562,560,-2,6,554,EGYENI,,,
238718,10_039_011,979,738,738,0,4,734,EGYENI,,,
238720,10_039_012,2709,2391,2363,-28,27,2336,EGYENI,,,
238722,10_039_013,726,541,541,0,6,535,EGYENI,,,
238724,10_039_014,647,468,468,0,6,462,EGYENI,,,
238726,10_039_015,663,495,494,-1,2,492,EGYENI,,,
238728,10_039_016,769,523,523,0,8,515,EGYENI,,,
238730,10_039_017,718,486,482,-4,2,480,EGYENI,,,
238732,10_039_018,613,409,409,0,2,407,EGYENI,,,
238734,10_039_019,787,579,579,0,3,576,EGYENI,,,
238736,10_039_020,783,591,591,0,6,585,EGYENI,,,
238738,10_039_021,702,509,508,-1,3,505,EGYENI,,,
238740,10_039_022,779,545,544,-1,5,539,EGYENI,,,
238742,10_039_023,911,544,543,-1,9,534,EGYENI,,,
238744,10_039_024,523,408,407,-1,3,404,EGYENI,,,
238746,10_039_025,749,477,477,0,9,468,EGYENI,,,
238748,10_039_026,560,396,396,0,2,394,EGYENI,,,
238750,10_039_027,790,544,544,0,1,543,EGYENI,,,
238752,10_039_028,775,501,501,0,2,499,EGYENI,,,
238754,10_039_029,707,499,499,0,5,494,EGYENI,,,
238756,10_039_030,433,268,268,0,1,267,EGYENI,,,
238758,10_040_001,1078,783,780,-3,5,775,EGYENI,,,
238760,10_040_002,1002,753,752,-1,7,745,EGYENI,,,
238762,10_041_001,1049,650,650,0,12,638,EGYENI,,,
238765,10_042_001,907,567,567,0,2,565,EGYENI,,,
238767,10_042_002,1027,751,752,1,15,737,EGYENI,,,
238768,10_043_001,736,492,492,0,5,487,EGYENI,,,
238770,10_043_002,831,659,658,-1,2,656,EGYENI,,,
238772,10_043_003,837,649,649,0,5,644,EGYENI,,,
238774,10_044_001,881,710,710,0,8,702,EGYENI,,,
238776,10_044_002,977,724,723,-1,9,714,EGYENI,,,
238778,10_045_001,311,165,165,0,2,163,EGYENI,,,
238780,10_045_002,626,372,372,0,9,363,EGYENI,,,
238782,10_046_001,716,510,512,2,20,492,EGYENI,,,
238784,10_046_002,1104,809,805,-4,15,790,EGYENI,,,
238786,10_046_003,1140,706,706,0,14,692,EGYENI,,,
238788,10_046_004,949,673,673,0,10,663,EGYENI,,,
238790,10_046_005,888,573,573,0,8,565,EGYENI,,,
238792,10_046_006,859,623,623,0,9,614,EGYENI,,,
238794,10_046_007,1013,691,690,-1,6,684,EGYENI,,,
238796,10_046_008,930,679,678,-1,8,670,EGYENI,,,
238798,10_046_009,851,603,603,0,2,601,EGYENI,,,
238800,10_046_010,786,559,559,0,7,552,EGYENI,,,
238802,10_046_011,1106,794,796,2,19,777,EGYENI,,,
238804,10_046_012,1233,930,929,-1,18,911,EGYENI,,,
238806,10_046_013,644,480,480,0,3,477,EGYENI,,,
238808,10_046_014,1066,769,766,-3,11,755,EGYENI,,,
238810,10_046_015,1244,838,837,-1,14,823,EGYENI,,,
238812,10_046_016,2079,1784,1777,-7,19,1758,EGYENI,,,
238814,10_046_017,1034,681,682,1,12,670,EGYENI,,,
238816,10_047_001,796,575,575,0,9,566,EGYENI,,,
238818,10_047_002,718,468,468,0,2,466,EGYENI,,,
238820,10_048_001,1017,726,726,0,16,710,EGYENI,,,
238822,10_048_002,931,673,673,0,7,666,EGYENI,,,
238824,10_048_003,1076,713,713,0,12,701,EGYENI,,,
238826,10_048_004,209,131,131,0,1,130,EGYENI,,,
238828,10_048_005,1046,711,711,0,8,703,EGYENI,,,
238830,10_048_006,955,589,588,-1,7,581,EGYENI,,,
238832,10_048_007,1057,678,684,6,34,650,EGYENI,,,
238834,10_048_008,1041,719,719,0,7,712,EGYENI,,,
238836,10_048_009,650,335,335,0,7,328,EGYENI,,,
238838,10_049_001,458,305,305,0,3,302,EGYENI,,,
238840,10_050_001,519,329,329,0,8,321,EGYENI,,,
238842,10_051_001,727,507,508,1,8,500,EGYENI,,,
238844,10_051_002,745,534,534,0,7,527,EGYENI,,,
238846,10_051_003,787,503,502,-1,10,492,EGYENI,,,
238848,10_051_004,743,516,518,2,18,500,EGYENI,,,
238850,10_052_001,534,362,363,1,11,352,EGYENI,,,
238852,10_052_002,505,285,285,0,2,283,EGYENI,,,
238854,10_052_003,148,98,98,0,0,98,EGYENI,,,
238856,10_053_001,282,212,211,-1,3,208,EGYENI,,,
238858,10_054_001,819,533,533,0,9,524,EGYENI,,,
238860,10_054_002,755,441,441,0,5,436,EGYENI,,,
238862,10_054_003,751,487,487,0,11,476,EGYENI,,,
238864,10_055_001,739,413,413,0,7,406,EGYENI,,,
238866,10_055_002,810,411,411,0,6,405,EGYENI,,,
238868,10_055_003,700,407,407,0,7,400,EGYENI,,,
238870,10_055_004,420,295,295,0,0,295,EGYENI,,,
238872,10_056_001,646,395,395,0,1,394,EGYENI,,,
238874,10_056_002,508,313,312,-1,4,308,EGYENI,,,
238876,10_057_001,848,539,538,-1,8,530,EGYENI,,,
238878,10_057_002,778,501,500,-1,7,493,EGYENI,,,
238880,10_058_001,113,91,91,0,2,89,EGYENI,,,
238882,10_059_001,780,476,476,0,5,471,EGYENI,,,
238884,10_059_002,568,318,318,0,2,316,EGYENI,,,
238886,10_059_003,741,409,409,0,5,404,EGYENI,,,
238888,10_060_001,797,523,515,-8,2,513,EGYENI,,,
238890,10_061_001,707,341,341,0,8,333,EGYENI,,,
238892,10_061_002,760,546,546,0,1,545,EGYENI,,,
238894,10_062_001,678,382,382,0,12,370,EGYENI,,,
238896,10_062_002,661,432,432,0,13,419,EGYENI,,,
238898,10_063_001,642,419,419,0,4,415,EGYENI,,,
238900,10_063_002,800,490,490,0,7,483,EGYENI,,,
238902,10_063_003,846,504,504,0,5,499,EGYENI,,,
238904,10_063_004,739,477,477,0,4,473,EGYENI,,,
238906,10_063_005,741,468,468,0,10,458,EGYENI,,,
238908,10_063_006,591,428,428,0,6,422,EGYENI,,,
238910,10_064_001,590,402,402,0,7,395,EGYENI,,,
238912,10_065_001,662,462,462,0,13,449,EGYENI,,,
238914,10_065_002,655,483,482,-1,3,479,EGYENI,,,
238916,10_065_003,654,443,443,0,0,443,EGYENI,,,
238919,10_066_001,649,463,463,0,6,457,EGYENI,,,
238921,10_066_002,773,590,589,-1,5,584,EGYENI,,,
238922,10_067_001,617,478,476,-2,6,470,EGYENI,,,
238924,10_068_001,750,525,525,0,8,517,EGYENI,,,
238926,10_068_002,744,492,492,0,3,489,EGYENI,,,
238928,10_069_001,351,245,245,0,5,240,EGYENI,,,
238930,10_070_001,831,467,467,0,13,454,EGYENI,,,
238932,10_071_001,1198,713,710,-3,10,700,EGYENI,,,
238934,10_072_001,561,362,362,0,3,359,EGYENI,,,
238936,10_073_001,280,193,192,-1,1,191,EGYENI,,,
238938,10_074_001,1245,710,710,0,7,703,EGYENI,,,
238940,10_075_001,462,348,348,0,5,343,EGYENI,,,
238942,10_076_001,972,692,692,0,8,684,EGYENI,,,
238944,10_076_002,917,672,671,-1,4,667,EGYENI,,,
238946,10_076_003,734,539,538,-1,10,528,EGYENI,,,
238948,10_077_001,712,535,535,0,2,533,EGYENI,,,
238950,10_078_001,545,324,324,0,5,319,EGYENI,,,
238952,10_079_001,732,487,487,0,7,480,EGYENI,,,
238954,10_080_001,751,556,558,2,14,544,EGYENI,,,
238956,10_080_002,757,577,578,1,13,565,EGYENI,,,
238958,10_081_001,494,351,351,0,1,350,EGYENI,,,
238960,10_081_002,636,488,487,-1,6,481,EGYENI,,,
238962,10_082_001,585,402,401,-1,2,399,EGYENI,,,
238964,10_082_002,748,548,548,0,6,542,EGYENI,,,
238966,10_082_003,923,732,732,0,8,724,EGYENI,,,
238968,10_083_001,562,397,396,-1,5,391,EGYENI,,,
238970,10_083_002,526,309,309,0,6,303,EGYENI,,,
238972,10_083_003,278,209,209,0,2,207,EGYENI,,,
238974,10_083_004,162,129,129,0,1,128,EGYENI,,,
238976,10_084_001,335,263,263,0,4,259,EGYENI,,,
238978,10_085_001,1043,690,696,6,37,659,EGYENI,,,
238980,10_085_002,1030,632,632,0,11,621,EGYENI,,,
238982,10_086_001,1052,517,517,0,9,508,EGYENI,,,
238984,10_087_001,562,362,362,0,7,355,EGYENI,,,
238986,10_087_002,564,383,383,0,4,379,EGYENI,,,
238988,10_087_003,548,373,373,0,2,371,EGYENI,,,
238990,10_088_001,675,472,471,-1,6,465,EGYENI,,,
238992,10_088_002,759,472,472,0,6,466,EGYENI,,,
238994,10_088_003,714,387,387,0,7,380,EGYENI,,,
238996,10_089_001,746,489,489,0,6,483,EGYENI,,,
238998,10_089_002,775,427,427,0,5,422,EGYENI,,,
239000,10_089_003,638,457,457,0,3,454,EGYENI,,,
239002,10_090_001,791,540,539,-1,4,535,EGYENI,,,
239004,10_090_002,752,532,529,-3,8,521,EGYENI,,,
239006,10_091_001,825,502,502,0,4,498,EGYENI,,,
239008,10_092_001,663,470,469,-1,8,461,EGYENI,,,
239010,10_092_002,579,425,424,-1,3,421,EGYENI,,,
239012,10_092_003,189,132,132,0,0,132,EGYENI,,,
239014,10_093_001,165,103,101,-2,2,99,EGYENI,,,
239016,10_093_002,292,224,224,0,3,221,EGYENI,,,
239018,10_094_001,366,219,219,0,2,217,EGYENI,,,
239020,10_095_001,836,549,548,-1,10,538,EGYENI,,,
239022,10_095_002,819,528,528,0,9,519,EGYENI,,,
239024,10_096_001,559,408,407,-1,3,404,EGYENI,,,
239026,10_096_002,676,466,466,0,3,463,EGYENI,,,
239028,10_097_001,187,105,105,0,0,105,EGYENI,,,
239030,10_097_002,97,54,54,0,0,54,EGYENI,,,
239032,10_098_001,715,501,501,0,7,494,EGYENI,,,
239034,10_098_002,506,375,375,0,5,370,EGYENI,,,
239036,10_099_001,427,175,175,0,2,173,EGYENI,,,
239038,10_100_001,544,396,396,0,4,392,EGYENI,,,
239040,10_100_002,655,494,494,0,13,481,EGYENI,,,
239042,10_101_001,650,484,484,0,2,482,EGYENI,,,
239044,10_101_002,665,467,467,0,5,462,EGYENI,,,
239046,10_102_001,1250,754,751,-3,12,739,EGYENI,,,
239048,10_103_001,196,155,155,0,0,155,EGYENI,,,
239050,10_104_001,604,346,346,0,8,338,EGYENI,,,
239052,10_105_001,360,219,219,0,2,217,EGYENI,,,
239054,10_105_002,483,285,285,0,5,280,EGYENI,,,
239056,10_106_001,954,613,612,-1,4,608,EGYENI,,,
239058,10_107_001,151,110,110,0,3,107,EGYENI,,,
239060,10_108_001,885,520,518,-2,17,501,EGYENI,,,
239062,10_108_002,877,555,555,0,10,545,EGYENI,,,
239064,10_109_001,441,305,305,0,1,304,EGYENI,,,
239066,10_110_001,164,111,111,0,1,110,EGYENI,,,
239068,10_111_001,787,522,522,0,9,513,EGYENI,,,
239070,10_111_002,814,572,572,0,9,563,EGYENI,,,
239072,10_112_001,385,298,297,-1,3,294,EGYENI,,,
239074,10_113_001,598,386,385,-1,3,382,EGYENI,,,
239076,10_113_002,813,432,432,0,4,428,EGYENI,,,
239078,10_113_003,655,427,427,0,8,419,EGYENI,,,
239080,10_113_004,840,592,592,0,5,587,EGYENI,,,
239082,10_114_001,485,335,335,0,8,327,EGYENI,,,
239084,10_115_001,979,699,699,0,11,688,EGYENI,,,
239086,10_116_001,868,586,586,0,6,580,EGYENI,,,
239088,10_117_001,864,618,617,-1,10,607,EGYENI,,,
239090,10_117_002,625,415,414,-1,9,405,EGYENI,,,
239092,10_118_001,361,234,233,-1,3,230,EGYENI,,,
239094,10_119_001,310,250,250,0,3,247,EGYENI,,,
239096,10_120_001,511,411,407,-4,3,404,EGYENI,,,
239098,10_121_001,791,577,576,-1,10,566,EGYENI,,,
239100,11_001_001,601,336,336,0,2,334,EGYENI,,,
239102,11_001_002,666,362,362,0,7,355,EGYENI,,,
239104,11_001_003,676,362,362,0,4,358,EGYENI,,,
239106,11_001_004,693,378,378,0,4,374,EGYENI,,,
239108,11_001_005,618,399,399,0,11,388,EGYENI,,,
239110,11_002_001,605,412,411,-1,7,404,EGYENI,,,
239112,11_002_002,952,604,601,-3,3,598,EGYENI,,,
239114,11_003_001,1045,724,724,0,7,717,EGYENI,,,
239116,11_004_001,997,638,638,0,17,621,EGYENI,,,
239118,11_004_002,798,581,581,0,10,571,EGYENI,,,
239120,11_004_003,823,559,549,-10,24,525,EGYENI,,,
239122,11_005_001,988,575,575,0,7,568,EGYENI,,,
239124,11_005_002,990,512,511,-1,9,502,EGYENI,,,
239126,11_005_003,819,456,455,-1,4,451,EGYENI,,,
239128,11_005_004,202,57,57,0,4,53,EGYENI,,,
239130,11_006_001,235,167,165,-2,1,164,EGYENI,,,
239132,11_007_001,994,695,695,0,6,689,EGYENI,,,
239134,11_007_002,592,352,351,-1,5,346,EGYENI,,,
239136,11_007_003,298,155,155,0,2,153,EGYENI,,,
239138,11_008_001,528,274,274,0,5,269,EGYENI,,,
239140,11_008_002,714,413,413,0,2,411,EGYENI,,,
239142,11_009_001,1065,660,658,-2,7,651,EGYENI,,,
239144,11_009_002,1085,565,565,0,12,553,EGYENI,,,
239146,11_009_003,1073,596,596,0,15,581,EGYENI,,,
239148,11_009_004,1073,596,587,-9,11,576,EGYENI,,,
239150,11_009_005,741,418,417,-1,8,409,EGYENI,,,
239152,11_010_001,127,72,68,-4,1,67,EGYENI,,,
239154,11_011_001,570,362,362,0,8,354,EGYENI,,,
239156,11_011_002,800,537,535,-2,4,531,EGYENI,,,
239158,11_011_003,567,387,388,1,8,380,EGYENI,,,
239160,11_012_001,679,429,429,0,5,424,EGYENI,,,
239162,11_012_002,658,406,406,0,1,405,EGYENI,,,
239164,11_012_003,726,500,500,0,5,495,EGYENI,,,
239166,11_012_004,682,471,470,-1,3,467,EGYENI,,,
239168,11_013_001,905,623,623,0,4,619,EGYENI,,,
239170,11_013_002,849,525,525,0,4,521,EGYENI,,,
239172,11_013_003,899,593,593,0,4,589,EGYENI,,,
239174,11_013_004,983,627,626,-1,7,619,EGYENI,,,
239176,11_013_005,825,546,546,0,8,538,EGYENI,,,
239178,11_013_006,973,621,621,0,3,618,EGYENI,,,
239180,11_013_007,972,630,629,-1,5,624,EGYENI,,,
239182,11_014_001,570,410,410,0,8,402,EGYENI,,,
239184,11_015_001,1018,680,680,0,6,674,EGYENI,,,
239186,11_015_002,1203,788,788,0,9,779,EGYENI,,,
239188,11_015_003,1310,870,868,-2,11,857,EGYENI,,,
239190,11_015_004,1160,713,713,0,11,702,EGYENI,,,
239192,11_015_005,1310,785,784,-1,8,776,EGYENI,,,
239194,11_016_001,848,566,566,0,7,559,EGYENI,,,
239196,11_016_002,956,726,725,-1,3,722,EGYENI,,,
239198,11_016_003,1090,792,792,0,6,786,EGYENI,,,
239200,11_016_004,1204,908,907,-1,6,901,EGYENI,,,
239202,11_016_005,949,733,731,-2,9,722,EGYENI,,,
239204,11_016_006,991,732,722,-10,11,711,EGYENI,,,
239206,11_016_007,2383,2042,2037,-5,30,2007,EGYENI,,,
239208,11_016_008,1028,778,778,0,8,770,EGYENI,,,
239210,11_016_009,976,736,735,-1,5,730,EGYENI,,,
239212,11_016_010,958,724,724,0,13,711,EGYENI,,,
239214,11_016_011,1023,719,719,0,3,716,EGYENI,,,
239216,11_016_012,1048,767,767,0,8,759,EGYENI,,,
239218,11_016_013,1071,818,818,0,5,813,EGYENI,,,
239220,11_016_014,994,753,753,0,0,753,EGYENI,,,
239222,11_016_015,1236,973,973,0,5,968,EGYENI,,,
239224,11_016_016,932,664,664,0,4,660,EGYENI,,,
239226,11_016_017,909,700,700,0,8,692,EGYENI,,,
239228,11_016_018,929,665,665,0,4,661,EGYENI,,,
239230,11_016_019,749,508,508,0,8,500,EGYENI,,,
239232,11_016_020,668,420,420,0,3,417,EGYENI,,,
239234,11_016_021,701,336,336,0,5,331,EGYENI,,,
239236,11_017_001,701,524,524,0,5,519,EGYENI,,,
239238,11_017_002,700,538,538,0,10,528,EGYENI,,,
239240,11_018_001,562,387,387,0,5,382,EGYENI,,,
239242,11_018_002,581,370,366,-4,2,364,EGYENI,,,
239244,11_018_003,566,356,356,0,2,354,EGYENI,,,
239246,11_019_001,730,468,468,0,8,460,EGYENI,,,
239248,11_019_002,669,459,459,0,1,458,EGYENI,,,
239250,11_020_001,879,541,538,-3,9,529,EGYENI,,,
239252,11_020_002,944,543,541,-2,10,531,EGYENI,,,
239254,11_020_003,986,593,593,0,6,587,EGYENI,,,
239256,11_020_004,919,575,572,-3,7,565,EGYENI,,,
239258,11_020_005,897,655,654,-1,3,651,EGYENI,,,
239260,11_021_001,294,217,217,0,2,215,EGYENI,,,
239262,11_022_001,767,499,499,0,3,496,EGYENI,,,
239264,11_022_002,807,523,523,0,9,514,EGYENI,,,
239266,11_022_003,708,472,472,0,4,468,EGYENI,,,
239268,11_023_001,788,480,480,0,8,472,EGYENI,,,
239270,11_023_002,797,489,488,-1,4,484,EGYENI,,,
239272,11_023_003,809,394,394,0,6,388,EGYENI,,,
239274,11_023_004,709,392,392,0,5,387,EGYENI,,,
239276,11_023_005,785,563,563,0,4,559,EGYENI,,,
239278,11_024_001,697,341,341,0,6,335,EGYENI,,,
239280,11_024_002,784,399,399,0,3,396,EGYENI,,,
239282,11_024_003,580,345,345,0,7,338,EGYENI,,,
239284,11_024_004,587,390,390,0,1,389,EGYENI,,,
239286,11_024_005,653,362,362,0,5,357,EGYENI,,,
239288,11_024_006,681,431,431,0,13,418,EGYENI,,,
239290,11_025_001,952,671,670,-1,6,664,EGYENI,,,
239292,11_025_002,1049,758,758,0,9,749,EGYENI,,,
239294,11_026_001,609,379,379,0,2,377,EGYENI,,,
239296,11_026_002,557,371,371,0,5,366,EGYENI,,,
239298,11_027_001,876,593,593,0,8,585,EGYENI,,,
239300,11_027_002,729,462,462,0,7,455,EGYENI,,,
239302,11_027_003,956,676,676,0,4,672,EGYENI,,,
239304,11_027_004,937,638,636,-2,7,629,EGYENI,,,
239306,11_027_005,2818,2419,2402,-17,15,2387,EGYENI,,,
239308,11_027_006,953,534,534,0,3,531,EGYENI,,,
239310,11_027_007,863,599,599,0,10,589,EGYENI,,,
239312,11_027_008,824,548,548,0,7,541,EGYENI,,,
239314,11_027_009,911,691,691,0,3,688,EGYENI,,,
239316,11_027_010,1017,689,687,-2,10,677,EGYENI,,,
239318,11_027_011,1021,693,693,0,13,680,EGYENI,,,
239320,11_027_012,1048,656,656,0,7,649,EGYENI,,,
239322,11_027_013,1036,669,669,0,5,664,EGYENI,,,
239324,11_027_014,977,585,583,-2,4,579,EGYENI,,,
239326,11_027_015,1041,612,612,0,9,603,EGYENI,,,
239328,11_027_016,1018,702,702,0,10,692,EGYENI,,,
239330,11_028_001,785,512,510,-2,8,502,EGYENI,,,
239332,11_028_002,742,469,469,0,14,455,EGYENI,,,
239334,11_028_003,710,411,411,0,5,406,EGYENI,,,
239336,11_028_004,742,390,390,0,4,386,EGYENI,,,
239338,11_028_005,373,254,254,0,4,250,EGYENI,,,
239340,11_029_001,677,407,407,0,10,397,EGYENI,,,
239342,11_029_002,577,350,350,0,9,341,EGYENI,,,
239344,11_029_003,648,337,337,0,7,330,EGYENI,,,
239346,11_029_004,627,362,362,0,3,359,EGYENI,,,
239348,11_029_005,211,135,135,0,2,133,EGYENI,,,
239350,11_030_001,497,363,363,0,3,360,EGYENI,,,
239352,11_031_001,1072,726,723,-3,4,719,EGYENI,,,
239354,11_031_002,1071,659,656,-3,17,639,EGYENI,,,
239356,11_031_003,1201,732,731,-1,12,719,EGYENI,,,
239358,11_031_004,1002,609,609,0,11,598,EGYENI,,,
239360,11_031_005,1044,672,672,0,10,662,EGYENI,,,
239362,11_031_006,958,663,663,0,10,653,EGYENI,,,
239364,11_031_007,1030,725,726,1,17,709,EGYENI,,,
239366,11_031_008,1062,652,653,1,17,636,EGYENI,,,
239368,11_032_001,606,389,389,0,2,387,EGYENI,,,
239370,11_032_002,579,338,337,-1,11,326,EGYENI,,,
239372,11_033_001,460,321,321,0,5,316,EGYENI,,,
239374,11_034_001,820,498,498,0,4,494,EGYENI,,,
239376,11_034_002,668,405,405,0,13,392,EGYENI,,,
239378,11_034_003,669,385,385,0,5,380,EGYENI,,,
239380,11_034_004,978,612,611,-1,11,600,EGYENI,,,
239382,11_034_005,901,440,438,-2,9,429,EGYENI,,,
239384,11_034_006,858,476,476,0,10,466,EGYENI,,,
239386,11_034_007,1035,633,632,-1,7,625,EGYENI,,,
239388,11_035_001,522,300,300,0,6,294,EGYENI,,,
239390,11_035_002,552,309,307,-2,6,301,EGYENI,,,
239392,11_035_003,552,334,334,0,5,329,EGYENI,,,
239394,11_035_004,551,334,334,0,4,330,EGYENI,,,
239396,11_035_005,548,293,293,0,6,287,EGYENI,,,
239398,11_035_006,568,298,298,0,8,290,EGYENI,,,
239400,11_035_007,569,294,294,0,11,283,EGYENI,,,
239402,11_036_001,538,350,350,0,2,348,EGYENI,,,
239404,11_036_002,719,408,409,1,12,397,EGYENI,,,
239406,11_036_003,657,378,378,0,4,374,EGYENI,,,
239408,11_036_004,621,382,380,-2,3,377,EGYENI,,,
239410,11_036_005,619,403,404,1,10,394,EGYENI,,,
239412,11_036_006,728,491,491,0,7,484,EGYENI,,,
239414,11_036_007,777,500,499,-1,7,492,EGYENI,,,
239416,11_036_008,924,561,560,-1,8,552,EGYENI,,,
239418,11_036_009,227,145,145,0,2,143,EGYENI,,,
239420,11_036_010,520,312,304,-8,3,301,EGYENI,,,
239422,11_037_001,662,447,447,0,6,441,EGYENI,,,
239424,11_037_002,914,651,651,0,12,639,EGYENI,,,
239426,11_037_003,911,610,612,2,23,589,EGYENI,,,
239428,11_037_004,827,577,577,0,10,567,EGYENI,,,
239430,11_037_005,737,497,497,0,4,493,EGYENI,,,
239432,11_037_006,958,690,690,0,8,682,EGYENI,,,
239434,11_038_001,556,394,394,0,6,388,EGYENI,,,
239436,11_039_001,259,162,162,0,6,156,EGYENI,,,
239438,11_040_001,734,455,453,-2,1,452,EGYENI,,,
239440,11_040_002,833,565,565,0,2,563,EGYENI,,,
239442,11_040_003,828,559,558,-1,4,554,EGYENI,,,
239444,11_040_004,869,595,595,0,9,586,EGYENI,,,
239446,11_040_005,851,548,548,0,7,541,EGYENI,,,
239448,11_040_006,850,502,502,0,5,497,EGYENI,,,
239450,11_040_007,800,516,515,-1,2,513,EGYENI,,,
239452,11_040_008,818,561,561,0,7,554,EGYENI,,,
239454,11_040_009,806,504,504,0,3,501,EGYENI,,,
239456,11_040_010,815,504,503,-1,4,499,EGYENI,,,
239458,11_040_011,839,570,570,0,6,564,EGYENI,,,
239460,11_040_012,775,482,482,0,12,470,EGYENI,,,
239462,11_040_013,758,479,479,0,5,474,EGYENI,,,
239464,11_040_014,781,552,552,0,1,551,EGYENI,,,
239466,11_040_015,805,557,557,0,3,554,EGYENI,,,
239468,11_040_016,784,581,579,-2,5,574,EGYENI,,,
239470,11_041_001,814,544,544,0,6,538,EGYENI,,,
239472,11_042_001,610,359,357,-2,2,355,EGYENI,,,
239474,11_042_002,648,414,414,0,7,407,EGYENI,,,
239476,11_043_001,537,317,316,-1,2,314,EGYENI,,,
239478,11_044_001,589,333,333,0,12,321,EGYENI,,,
239480,11_044_002,571,320,320,0,8,312,EGYENI,,,
239482,11_044_003,646,366,366,0,9,357,EGYENI,,,
239484,11_044_004,600,332,332,0,5,327,EGYENI,,,
239486,11_045_001,398,237,237,0,3,234,EGYENI,,,
239488,11_045_002,397,300,300,0,4,296,EGYENI,,,
239490,11_046_001,1262,848,848,0,11,837,EGYENI,,,
239492,11_047_001,936,621,619,-2,13,606,EGYENI,,,
239494,11_047_002,860,581,581,0,14,567,EGYENI,,,
239496,11_047_003,844,577,577,0,4,573,EGYENI,,,
239498,11_047_004,836,587,587,0,8,579,EGYENI,,,
239500,11_047_005,870,519,519,0,6,513,EGYENI,,,
239502,11_048_001,814,496,496,0,7,489,EGYENI,,,
239504,11_048_002,733,467,467,0,2,465,EGYENI,,,
239506,11_049_001,801,580,580,0,12,568,EGYENI,,,
239508,11_049_002,595,400,400,0,2,398,EGYENI,,,
239510,11_049_003,717,484,484,0,10,474,EGYENI,,,
239512,11_049_004,985,693,693,0,6,687,EGYENI,,,
239514,11_050_001,779,575,574,-1,6,568,EGYENI,,,
239516,11_051_001,611,402,402,0,4,398,EGYENI,,,
239518,11_051_002,189,127,127,0,2,125,EGYENI,,,
239520,11_052_001,766,558,558,0,7,551,EGYENI,,,
239522,11_052_002,814,656,655,-1,6,649,EGYENI,,,
239524,11_052_003,1001,768,765,-3,8,757,EGYENI,,,
239526,11_052_004,778,622,621,-1,9,612,EGYENI,,,
239528,11_052_005,763,585,584,-1,7,577,EGYENI,,,
239530,11_052_006,911,658,657,-1,8,649,EGYENI,,,
239532,11_052_007,792,573,573,0,7,566,EGYENI,,,
239534,11_052_008,641,458,459,1,13,446,EGYENI,,,
239536,11_052_009,682,498,498,0,12,486,EGYENI,,,
239538,11_052_010,656,478,478,0,9,469,EGYENI,,,
239540,11_052_011,609,478,478,0,4,474,EGYENI,,,
239542,11_052_012,882,705,706,1,16,690,EGYENI,,,
239544,11_052_013,699,489,489,0,3,486,EGYENI,,,
239546,11_052_014,665,480,481,1,15,466,EGYENI,,,
239548,11_052_015,942,636,636,0,7,629,EGYENI,,,
239550,11_052_016,891,654,646,-8,9,637,EGYENI,,,
239552,11_052_017,676,477,476,-1,4,472,EGYENI,,,
239554,11_052_018,556,416,416,0,5,411,EGYENI,,,
239556,11_052_019,785,571,573,2,18,555,EGYENI,,,
239558,11_052_020,757,414,412,-2,5,407,EGYENI,,,
239560,11_052_021,702,458,458,0,5,453,EGYENI,,,
239562,11_052_022,576,382,382,0,7,375,EGYENI,,,
239564,11_052_023,618,494,495,1,12,483,EGYENI,,,
239566,11_052_024,706,490,490,0,7,483,EGYENI,,,
239568,11_052_025,449,303,303,0,4,299,EGYENI,,,
239570,11_052_026,692,511,511,0,5,506,EGYENI,,,
239572,11_052_027,2875,2581,2577,-4,17,2560,EGYENI,,,
239574,11_052_028,731,556,556,0,11,545,EGYENI,,,
239576,11_052_029,598,395,395,0,4,391,EGYENI,,,
239578,11_052_030,950,630,630,0,8,622,EGYENI,,,
239580,11_052_031,647,495,491,-4,1,490,EGYENI,,,
239582,11_052_032,555,347,347,0,5,342,EGYENI,,,
239584,11_052_033,786,536,534,-2,9,525,EGYENI,,,
239586,11_052_034,690,460,462,2,22,440,EGYENI,,,
239588,11_052_035,689,452,452,0,4,448,EGYENI,,,
239590,11_052_036,730,487,487,0,6,481,EGYENI,,,
239592,11_052_037,711,480,481,1,10,471,EGYENI,,,
239594,11_052_038,765,523,523,0,1,522,EGYENI,,,
239596,11_052_039,683,466,466,0,5,461,EGYENI,,,
239598,11_052_040,759,512,512,0,6,506,EGYENI,,,
239600,11_052_041,791,496,495,-1,9,486,EGYENI,,,
239602,11_052_042,654,432,431,-1,6,425,EGYENI,,,
239604,11_052_043,814,520,519,-1,8,511,EGYENI,,,
239606,11_052_044,1093,846,845,-1,3,842,EGYENI,,,
239608,11_052_045,735,512,512,0,1,511,EGYENI,,,
239610,11_052_046,774,526,527,1,13,514,EGYENI,,,
239612,11_052_047,808,547,546,-1,4,542,EGYENI,,,
239614,11_052_048,756,418,417,-1,6,411,EGYENI,,,
239616,11_052_049,699,380,380,0,7,373,EGYENI,,,
239618,11_052_050,809,504,503,-1,7,496,EGYENI,,,
239620,11_052_051,1122,621,621,0,11,610,EGYENI,,,
239622,11_052_052,641,377,377,0,10,367,EGYENI,,,
239624,11_052_053,729,464,464,0,5,459,EGYENI,,,
239626,11_052_054,926,631,631,0,7,624,EGYENI,,,
239628,11_052_055,782,555,554,-1,7,547,EGYENI,,,
239630,11_052_056,963,753,753,0,9,744,EGYENI,,,
239632,11_052_057,800,515,515,0,5,510,EGYENI,,,
239634,11_052_058,755,572,572,0,6,566,EGYENI,,,
239636,11_052_059,907,717,714,-3,8,706,EGYENI,,,
239638,11_052_060,909,703,694,-9,6,688,EGYENI,,,
239640,11_052_061,867,671,669,-2,7,662,EGYENI,,,
239642,11_052_062,845,635,635,0,7,628,EGYENI,,,
239644,11_052_063,740,579,579,0,7,572,EGYENI,,,
239646,11_052_064,869,712,712,0,7,705,EGYENI,,,
239648,11_052_065,791,609,609,0,4,605,EGYENI,,,
239650,11_052_066,783,561,561,0,6,555,EGYENI,,,
239652,11_052_067,870,679,676,-3,4,672,EGYENI,,,
239654,11_052_068,825,606,606,0,9,597,EGYENI,,,
239656,11_052_069,846,623,623,0,16,607,EGYENI,,,
239658,11_052_070,868,639,639,0,3,636,EGYENI,,,
239660,11_053_001,601,450,450,0,2,448,EGYENI,,,
239662,11_053_002,700,540,542,2,13,529,EGYENI,,,
239664,11_054_001,823,566,566,0,11,555,EGYENI,,,
239666,11_054_002,900,617,617,0,2,615,EGYENI,,,
239668,11_054_003,192,106,106,0,1,105,EGYENI,,,
239670,11_055_001,850,515,514,-1,9,505,EGYENI,,,
239672,11_056_001,1005,587,586,-1,6,580,EGYENI,,,
239674,11_056_002,1081,552,553,1,13,540,EGYENI,,,
239676,11_056_003,1053,730,729,-1,5,724,EGYENI,,,
239678,11_056_004,1022,664,663,-1,8,655,EGYENI,,,
239680,11_056_005,1106,653,653,0,22,631,EGYENI,,,
239682,11_056_006,1058,629,629,0,14,615,EGYENI,,,
239684,11_056_007,1003,648,648,0,18,630,EGYENI,,,
239686,11_056_008,1045,509,509,0,7,502,EGYENI,,,
239688,11_057_001,553,379,379,0,2,377,EGYENI,,,
239690,11_057_002,1051,686,685,-1,16,669,EGYENI,,,
239692,11_057_003,1192,778,778,0,7,771,EGYENI,,,
239694,11_057_004,1111,710,710,0,6,704,EGYENI,,,
239696,11_057_005,1144,775,775,0,8,767,EGYENI,,,
239698,11_057_006,1095,796,796,0,6,790,EGYENI,,,
239700,11_057_007,1005,679,674,-5,8,666,EGYENI,,,
239702,11_057_008,1057,623,623,0,7,616,EGYENI,,,
239704,11_057_009,119,66,66,0,2,64,EGYENI,,,
239706,11_057_010,401,271,271,0,4,267,EGYENI,,,
239708,11_058_001,805,468,467,-1,5,462,EGYENI,,,
239710,11_059_001,550,317,317,0,6,311,EGYENI,,,
239712,11_060_001,292,179,177,-2,1,176,EGYENI,,,
239714,11_061_001,814,547,545,-2,12,533,EGYENI,,,
239716,11_061_002,417,268,268,0,2,266,EGYENI,,,
239718,11_062_001,902,544,544,0,4,540,EGYENI,,,
239720,11_062_002,140,76,76,0,4,72,EGYENI,,,
239722,11_063_001,1024,615,614,-1,5,609,EGYENI,,,
239724,11_064_001,756,419,418,-1,1,417,EGYENI,,,
239726,11_064_002,818,408,408,0,4,404,EGYENI,,,
239728,11_065_001,616,361,361,0,5,356,EGYENI,,,
239730,11_065_002,687,387,387,0,5,382,EGYENI,,,
239732,11_066_001,821,509,509,0,11,498,EGYENI,,,
239734,11_067_001,597,395,395,0,6,389,EGYENI,,,
239736,11_067_002,578,352,352,0,9,343,EGYENI,,,
239738,11_068_001,687,380,380,0,5,375,EGYENI,,,
239740,11_068_002,619,379,379,0,2,377,EGYENI,,,
239742,11_068_003,196,103,103,0,0,103,EGYENI,,,
239744,11_069_001,661,365,365,0,14,351,EGYENI,,,
239746,11_069_002,623,350,350,0,7,343,EGYENI,,,
239748,11_070_001,1024,676,675,-1,11,664,EGYENI,,,
239750,11_070_002,210,130,130,0,1,129,EGYENI,,,
239752,11_071_001,551,338,338,0,2,336,EGYENI,,,
239754,11_072_001,901,596,597,1,11,586,EGYENI,,,
239756,11_072_002,1063,740,740,0,10,730,EGYENI,,,
239758,11_072_003,821,536,535,-1,8,527,EGYENI,,,
239760,11_072_004,827,537,539,2,22,517,EGYENI,,,
239763,11_073_001,998,657,656,-1,9,647,EGYENI,,,
239765,11_073_002,922,643,643,0,3,640,EGYENI,,,
239766,11_073_003,1067,760,765,5,9,756,EGYENI,,,
239768,11_073_004,969,586,586,0,9,577,EGYENI,,,
239770,11_073_005,1132,701,701,0,11,690,EGYENI,,,
239772,11_073_006,1154,686,686,0,7,679,EGYENI,,,
239774,11_073_007,682,479,478,-1,8,470,EGYENI,,,
239776,11_073_008,672,460,460,0,9,451,EGYENI,,,
239778,11_073_009,639,444,443,-1,2,441,EGYENI,,,
239780,11_073_010,779,509,509,0,6,503,EGYENI,,,
239782,11_073_011,981,623,622,-1,9,613,EGYENI,,,
239784,11_073_012,658,407,407,0,7,400,EGYENI,,,
239786,11_073_013,521,264,264,0,3,261,EGYENI,,,
239788,11_073_014,2530,1976,1965,-11,14,1951,EGYENI,,,
239790,11_073_015,1015,492,492,0,6,486,EGYENI,,,
239792,11_073_016,1001,603,603,0,5,598,EGYENI,,,
239794,11_073_017,1026,697,697,0,8,689,EGYENI,,,
239796,11_073_018,1034,673,672,-1,2,670,EGYENI,,,
239798,11_074_001,680,351,352,1,37,315,EGYENI,,,
239800,11_074_002,740,450,450,0,6,444,EGYENI,,,
239802,11_074_003,614,381,381,0,7,374,EGYENI,,,
239804,11_074_004,653,403,403,0,9,394,EGYENI,,,
239806,11_074_005,642,405,405,0,9,396,EGYENI,,,
239808,11_074_006,608,407,407,0,8,399,EGYENI,,,
239810,11_074_007,648,377,378,1,9,369,EGYENI,,,
239812,11_074_008,686,385,385,0,12,373,EGYENI,,,
239814,11_074_009,689,425,425,0,3,422,EGYENI,,,
239816,11_074_010,717,389,388,-1,3,385,EGYENI,,,
239818,11_075_001,911,567,567,0,6,561,EGYENI,,,
239820,11_075_002,857,505,505,0,7,498,EGYENI,,,
239822,11_075_003,673,453,453,0,11,442,EGYENI,,,
239824,11_075_004,740,534,534,0,10,524,EGYENI,,,
239826,11_075_005,797,496,496,0,9,487,EGYENI,,,
239828,11_075_006,831,535,535,0,8,527,EGYENI,,,
239830,11_076_001,495,305,305,0,5,300,EGYENI,,,
239832,11_077_001,587,321,320,-1,7,313,EGYENI,,,
239834,11_077_002,618,343,343,0,4,339,EGYENI,,,
239836,11_077_003,596,355,354,-1,1,353,EGYENI,,,
239838,11_077_004,580,357,356,-1,5,351,EGYENI,,,
239840,11_077_005,429,278,278,0,3,275,EGYENI,,,
239842,11_078_001,574,374,373,-1,9,364,EGYENI,,,
239844,11_078_002,573,374,374,0,5,369,EGYENI,,,
239846,12_001_001,195,150,150,0,0,150,EGYENI,,,
239848,12_002_001,564,416,416,0,4,412,EGYENI,,,
239850,12_002_002,554,384,381,-3,7,374,EGYENI,,,
239852,12_002_003,567,357,357,0,5,352,EGYENI,,,
239854,12_003_001,733,444,444,0,8,436,EGYENI,,,
239856,12_004_001,746,434,434,0,6,428,EGYENI,,,
239858,12_004_002,686,417,417,0,6,411,EGYENI,,,
239860,12_004_003,735,501,501,0,6,495,EGYENI,,,
239862,12_004_004,633,365,365,0,9,356,EGYENI,,,
239864,12_004_005,642,417,417,0,5,412,EGYENI,,,
239866,12_004_006,646,430,430,0,2,428,EGYENI,,,
239868,12_004_007,754,451,451,0,2,449,EGYENI,,,
239870,12_004_008,703,454,454,0,7,447,EGYENI,,,
239872,12_005_001,542,381,381,0,6,375,EGYENI,,,
239874,12_006_001,707,513,513,0,5,508,EGYENI,,,
239876,12_006_002,663,497,495,-2,4,491,EGYENI,,,
239878,12_006_003,882,649,649,0,7,642,EGYENI,,,
239880,12_007_001,805,549,549,0,3,546,EGYENI,,,
239882,12_007_002,720,523,523,0,13,510,EGYENI,,,
239884,12_008_001,1242,776,773,-3,9,764,EGYENI,,,
239886,12_009_001,327,204,203,-1,3,200,EGYENI,,,
239888,12_010_001,759,558,558,0,3,555,EGYENI,,,
239891,12_011_001,559,306,306,0,2,304,EGYENI,,,
239893,12_011_002,557,365,364,-1,4,360,EGYENI,,,
239894,12_012_001,656,442,442,0,4,438,EGYENI,,,
239896,12_012_002,613,410,409,-1,1,408,EGYENI,,,
239898,12_013_001,743,567,567,0,4,563,EGYENI,,,
239900,12_013_002,610,414,413,-1,9,404,EGYENI,,,
239902,12_013_003,638,377,377,0,2,375,EGYENI,,,
239904,12_013_004,718,552,552,0,11,541,EGYENI,,,
239906,12_014_001,634,376,376,0,8,368,EGYENI,,,
239908,12_015_001,845,633,633,0,0,633,EGYENI,,,
239910,12_015_002,880,585,585,0,4,581,EGYENI,,,
239912,12_016_001,185,132,132,0,3,129,EGYENI,,,
239914,12_017_001,648,444,443,-1,8,435,EGYENI,,,
239916,12_017_002,824,547,547,0,8,539,EGYENI,,,
239918,12_018_001,331,235,235,0,3,232,EGYENI,,,
239920,12_019_001,284,188,188,0,1,187,EGYENI,,,
239922,12_020_001,975,674,674,0,13,661,EGYENI,,,
239924,12_020_002,755,493,493,0,4,489,EGYENI,,,
239926,12_020_003,849,575,575,0,5,570,EGYENI,,,
239928,12_021_001,818,626,626,0,1,625,EGYENI,,,
239930,12_022_001,749,540,542,2,21,521,EGYENI,,,
239932,12_023_001,991,690,689,-1,2,687,EGYENI,,,
239934,12_023_002,1080,719,718,-1,8,710,EGYENI,,,
239936,12_023_003,1076,781,781,0,9,772,EGYENI,,,
239938,12_023_004,598,390,385,-5,5,380,EGYENI,,,
239940,12_023_005,714,490,489,-1,2,487,EGYENI,,,
239942,12_023_006,594,402,402,0,6,396,EGYENI,,,
239944,12_023_007,659,415,415,0,7,408,EGYENI,,,
239946,12_023_008,1278,785,784,-1,5,779,EGYENI,,,
239948,12_023_009,966,590,590,0,7,583,EGYENI,,,
239950,12_023_010,1188,777,777,0,10,767,EGYENI,,,
239952,12_024_001,925,619,617,-2,4,613,EGYENI,,,
239954,12_025_001,694,465,465,0,2,463,EGYENI,,,
239956,12_025_002,619,442,442,0,8,434,EGYENI,,,
239958,12_026_001,373,288,288,0,2,286,EGYENI,,,
239960,12_027_001,495,374,374,0,2,372,EGYENI,,,
239962,12_028_001,798,591,591,0,17,574,EGYENI,,,
239964,12_028_002,788,634,634,0,3,631,EGYENI,,,
239966,12_028_003,753,612,612,0,3,609,EGYENI,,,
239968,12_028_004,1244,912,912,0,10,902,EGYENI,,,
239970,12_028_005,1159,895,895,0,5,890,EGYENI,,,
239972,12_028_006,848,609,606,-3,6,600,EGYENI,,,
239974,12_028_007,856,649,650,1,5,645,EGYENI,,,
239976,12_028_008,604,457,457,0,8,449,EGYENI,,,
239978,12_028_009,575,423,423,0,4,419,EGYENI,,,
239980,12_028_010,634,458,459,1,13,446,EGYENI,,,
239982,12_028_011,2587,2231,2236,5,43,2193,EGYENI,,,
239984,12_028_012,882,369,369,0,4,365,EGYENI,,,
239986,12_028_013,686,478,474,-4,4,470,EGYENI,,,
239988,12_028_014,809,585,585,0,5,580,EGYENI,,,
239990,12_028_015,897,640,638,-2,5,633,EGYENI,,,
239992,12_028_016,630,457,457,0,2,455,EGYENI,,,
239994,12_028_017,1098,714,714,0,5,709,EGYENI,,,
239996,12_028_018,1107,807,807,0,9,798,EGYENI,,,
239998,12_028_019,758,583,583,0,7,576,EGYENI,,,
240000,12_028_020,993,751,751,0,10,741,EGYENI,,,
240002,12_028_021,238,171,171,0,0,171,EGYENI,,,
240004,12_028_022,634,328,328,0,6,322,EGYENI,,,
240006,12_028_023,945,625,625,0,5,620,EGYENI,,,
240008,12_028_024,799,563,563,0,6,557,EGYENI,,,
240010,12_028_025,838,547,547,0,1,546,EGYENI,,,
240012,12_028_026,828,480,480,0,6,474,EGYENI,,,
240014,12_028_027,748,368,366,-2,3,363,EGYENI,,,
240016,12_029_001,475,360,360,0,2,358,EGYENI,,,
240018,12_030_001,1163,894,894,0,10,884,EGYENI,,,
240020,12_031_001,852,565,566,1,9,557,EGYENI,,,
240022,12_032_001,861,603,603,0,2,601,EGYENI,,,
240024,12_032_002,749,569,569,0,1,568,EGYENI,,,
240026,12_033_001,516,323,323,0,5,318,EGYENI,,,
240028,12_034_001,672,460,460,0,8,452,EGYENI,,,
240030,12_034_002,737,523,523,0,4,519,EGYENI,,,
240032,12_034_003,746,478,474,-4,7,467,EGYENI,,,
240034,12_035_001,880,609,609,0,4,605,EGYENI,,,
240036,12_035_002,806,569,569,0,7,562,EGYENI,,,
240038,12_035_003,772,499,498,-1,5,493,EGYENI,,,
240040,12_035_004,765,532,532,0,5,527,EGYENI,,,
240042,12_035_005,800,540,540,0,7,533,EGYENI,,,
240044,12_035_006,352,236,235,-1,2,233,EGYENI,,,
240046,12_036_001,414,266,266,0,4,262,EGYENI,,,
240048,12_037_001,1037,752,752,0,10,742,EGYENI,,,
240050,12_037_002,1063,757,754,-3,6,748,EGYENI,,,
240052,12_038_001,415,278,278,0,2,276,EGYENI,,,
240054,12_038_002,980,721,721,0,9,712,EGYENI,,,
240056,12_038_003,596,452,452,0,3,449,EGYENI,,,
240058,12_038_004,868,599,599,0,8,591,EGYENI,,,
240060,12_038_005,994,720,720,0,5,715,EGYENI,,,
240062,12_038_006,816,602,602,0,3,599,EGYENI,,,
240064,12_038_007,919,687,685,-2,3,682,EGYENI,,,
240066,12_038_008,2529,2209,2199,-10,18,2181,EGYENI,,,
240068,12_038_009,643,402,403,1,11,392,EGYENI,,,
240070,12_038_010,1388,1039,1039,0,5,1034,EGYENI,,,
240072,12_038_011,535,345,345,0,5,340,EGYENI,,,
240074,12_038_012,773,569,569,0,7,562,EGYENI,,,
240076,12_038_013,702,490,490,0,3,487,EGYENI,,,
240078,12_038_014,717,479,479,0,5,474,EGYENI,,,
240080,12_038_015,1139,783,783,0,6,777,EGYENI,,,
240082,12_038_016,1286,960,960,0,11,949,EGYENI,,,
240084,12_038_017,826,627,627,0,2,625,EGYENI,,,
240086,12_039_001,832,594,594,0,7,587,EGYENI,,,
240088,12_040_001,933,718,718,0,6,712,EGYENI,,,
240090,12_040_002,863,644,643,-1,2,641,EGYENI,,,
240092,12_040_003,915,613,613,0,2,611,EGYENI,,,
240094,12_040_004,1041,635,635,0,8,627,EGYENI,,,
240096,12_041_001,699,440,440,0,2,438,EGYENI,,,
240098,12_041_002,809,534,534,0,9,525,EGYENI,,,
240100,12_041_003,700,381,381,0,9,372,EGYENI,,,
240102,12_041_004,945,638,638,0,11,627,EGYENI,,,
240104,12_041_005,808,568,568,0,6,562,EGYENI,,,
240106,12_042_001,1429,1012,1012,0,10,1002,EGYENI,,,
240108,12_043_001,521,352,350,-2,2,348,EGYENI,,,
240110,12_044_001,860,592,592,0,6,586,EGYENI,,,
240112,12_044_002,874,642,642,0,4,638,EGYENI,,,
240114,12_045_001,710,533,532,-1,4,528,EGYENI,,,
240116,12_046_001,674,485,485,0,9,476,EGYENI,,,
240118,12_046_002,686,483,482,-1,2,480,EGYENI,,,
240120,12_046_003,844,614,615,1,11,604,EGYENI,,,
240122,12_046_004,110,61,61,0,4,57,EGYENI,,,
240124,12_047_001,1130,686,688,2,18,670,EGYENI,,,
240126,12_048_001,1071,756,755,-1,11,744,EGYENI,,,
240128,12_048_002,865,590,590,0,3,587,EGYENI,,,
240130,12_049_001,552,383,365,-18,3,362,EGYENI,,,
240132,12_049_002,513,346,345,-1,5,340,EGYENI,,,
240134,12_050_001,749,434,434,0,6,428,EGYENI,,,
240136,12_050_002,891,634,634,0,8,626,EGYENI,,,
240138,12_050_003,947,637,637,0,6,631,EGYENI,,,
240140,12_050_004,951,742,741,-1,7,734,EGYENI,,,
240142,12_050_005,868,606,606,0,5,601,EGYENI,,,
240144,12_050_006,718,483,483,0,8,475,EGYENI,,,
240146,12_050_007,672,453,453,0,6,447,EGYENI,,,
240148,12_051_001,919,631,631,0,5,626,EGYENI,,,
240150,12_051_002,856,616,615,-1,5,610,EGYENI,,,
240152,12_051_003,932,638,635,-3,6,629,EGYENI,,,
240154,12_051_004,1058,592,592,0,7,585,EGYENI,,,
240156,12_051_005,895,522,522,0,4,518,EGYENI,,,
240158,12_051_006,728,429,429,0,5,424,EGYENI,,,
240160,12_051_007,904,497,496,-1,3,493,EGYENI,,,
240162,12_051_008,859,505,505,0,9,496,EGYENI,,,
240164,12_051_009,739,501,501,0,4,497,EGYENI,,,
240166,12_051_010,799,519,519,0,2,517,EGYENI,,,
240168,12_051_011,872,604,603,-1,5,598,EGYENI,,,
240170,12_051_012,767,488,488,0,11,477,EGYENI,,,
240172,12_051_013,880,566,564,-2,8,556,EGYENI,,,
240174,12_051_014,896,654,654,0,3,651,EGYENI,,,
240176,12_051_015,927,668,668,0,3,665,EGYENI,,,
240178,12_051_016,1093,667,667,0,11,656,EGYENI,,,
240180,12_052_001,1059,715,709,-6,5,704,EGYENI,,,
240182,12_052_002,975,729,729,0,3,726,EGYENI,,,
240184,12_053_001,810,548,548,0,10,538,EGYENI,,,
240186,12_053_002,852,611,611,0,5,606,EGYENI,,,
240188,12_054_001,1024,740,740,0,5,735,EGYENI,,,
240190,12_055_001,681,462,462,0,16,446,EGYENI,,,
240192,12_055_002,782,497,497,0,8,489,EGYENI,,,
240194,12_055_003,766,473,471,-2,6,465,EGYENI,,,
240196,12_056_001,998,605,605,0,9,596,EGYENI,,,
240198,12_057_001,744,501,501,0,5,496,EGYENI,,,
240200,12_057_002,809,566,565,-1,2,563,EGYENI,,,
240202,12_058_001,1158,759,759,0,3,756,EGYENI,,,
240204,12_059_001,917,671,671,0,9,662,EGYENI,,,
240206,12_059_002,1008,768,767,-1,5,762,EGYENI,,,
240208,12_060_001,892,649,649,0,6,643,EGYENI,,,
240210,12_061_001,859,622,622,0,6,616,EGYENI,,,
240212,12_061_002,929,695,695,0,10,685,EGYENI,,,
240214,12_062_001,1368,964,963,-1,17,946,EGYENI,,,
240216,12_063_001,900,670,670,0,10,660,EGYENI,,,
240218,12_063_002,1131,853,852,-1,10,842,EGYENI,,,
240220,12_063_003,94,55,55,0,2,53,EGYENI,,,
240222,12_064_001,795,512,516,4,28,488,EGYENI,,,
240224,12_064_002,835,651,654,3,31,623,EGYENI,,,
240226,12_064_003,795,558,555,-3,3,552,EGYENI,,,
240228,12_064_004,821,613,613,0,2,611,EGYENI,,,
240230,12_064_005,745,581,581,0,3,578,EGYENI,,,
240232,12_064_006,849,605,605,0,9,596,EGYENI,,,
240234,12_064_007,716,517,516,-1,2,514,EGYENI,,,
240236,12_064_008,605,496,496,0,4,492,EGYENI,,,
240238,12_064_009,639,480,479,-1,5,474,EGYENI,,,
240240,12_064_010,567,410,410,0,6,404,EGYENI,,,
240242,12_064_011,509,401,401,0,1,400,EGYENI,,,
240244,12_064_012,972,718,713,-5,11,702,EGYENI,,,
240246,12_064_013,585,467,467,0,4,463,EGYENI,,,
240248,12_064_014,756,596,596,0,4,592,EGYENI,,,
240250,12_064_015,745,605,605,0,5,600,EGYENI,,,
240252,12_064_016,661,505,505,0,4,501,EGYENI,,,
240254,12_064_017,725,543,543,0,8,535,EGYENI,,,
240256,12_064_018,710,479,479,0,5,474,EGYENI,,,
240258,12_064_019,697,497,497,0,4,493,EGYENI,,,
240260,12_064_020,804,643,643,0,5,638,EGYENI,,,
240262,12_064_021,813,621,621,0,8,613,EGYENI,,,
240264,12_064_022,1057,720,720,0,11,709,EGYENI,,,
240266,12_064_023,947,740,741,1,14,727,EGYENI,,,
240268,12_064_024,487,368,368,0,7,361,EGYENI,,,
240270,12_065_001,1004,682,681,-1,3,678,EGYENI,,,
240272,12_065_002,1109,744,744,0,10,734,EGYENI,,,
240274,12_065_003,561,297,297,0,2,295,EGYENI,,,
240276,12_065_004,479,203,203,0,3,200,EGYENI,,,
240278,12_065_005,749,336,336,0,10,326,EGYENI,,,
240280,12_065_006,851,503,504,1,20,484,EGYENI,,,
240282,12_065_007,867,581,581,0,6,575,EGYENI,,,
240284,12_065_008,875,592,592,0,13,579,EGYENI,,,
240286,12_065_009,804,549,549,0,2,547,EGYENI,,,
240288,12_065_010,927,702,702,0,7,695,EGYENI,,,
240290,12_065_011,1029,764,763,-1,2,761,EGYENI,,,
240292,12_065_012,976,733,733,0,3,730,EGYENI,,,
240294,12_065_013,888,648,647,-1,8,639,EGYENI,,,
240296,12_065_014,824,569,568,-1,2,566,EGYENI,,,
240298,12_065_015,692,472,472,0,4,468,EGYENI,,,
240300,12_065_016,615,440,440,0,2,438,EGYENI,,,
240302,12_065_017,1081,796,792,-4,5,787,EGYENI,,,
240304,12_065_018,1061,826,826,0,3,823,EGYENI,,,
240306,12_065_019,1078,861,858,-3,5,853,EGYENI,,,
240308,12_065_020,1023,757,757,0,3,754,EGYENI,,,
240310,12_065_021,799,599,597,-2,8,589,EGYENI,,,
240312,12_065_022,879,601,601,0,3,598,EGYENI,,,
240314,12_065_023,781,558,558,0,8,550,EGYENI,,,
240316,12_065_024,792,542,542,0,4,538,EGYENI,,,
240318,12_065_025,2380,2082,2073,-9,14,2059,EGYENI,,,
240320,12_065_026,667,469,469,0,3,466,EGYENI,,,
240322,12_065_027,804,589,589,0,6,583,EGYENI,,,
240324,12_065_028,941,593,593,0,3,590,EGYENI,,,
240326,12_065_029,804,521,521,0,3,518,EGYENI,,,
240328,12_065_030,764,491,491,0,5,486,EGYENI,,,
240330,12_065_031,828,587,585,-2,2,583,EGYENI,,,
240332,12_065_032,782,555,555,0,4,551,EGYENI,,,
240334,12_065_033,793,557,557,0,4,553,EGYENI,,,
240336,12_065_034,943,608,608,0,5,603,EGYENI,,,
240338,12_065_035,882,602,601,-1,6,595,EGYENI,,,
240340,12_065_036,817,504,504,0,1,503,EGYENI,,,
240342,12_065_037,1483,571,571,0,4,567,EGYENI,,,
240344,12_065_038,885,604,604,0,4,600,EGYENI,,,
240346,12_065_039,1098,644,644,0,6,638,EGYENI,,,
240348,12_065_040,820,550,550,0,1,549,EGYENI,,,
240350,12_065_041,840,542,542,0,4,538,EGYENI,,,
240352,12_065_042,717,460,460,0,6,454,EGYENI,,,
240354,12_065_043,761,533,533,0,4,529,EGYENI,,,
240356,12_065_044,829,614,613,-1,7,606,EGYENI,,,
240358,12_065_045,804,527,527,0,9,518,EGYENI,,,
240360,12_065_046,765,555,554,-1,2,552,EGYENI,,,
240362,12_065_047,907,649,649,0,6,643,EGYENI,,,
240364,12_065_048,768,556,556,0,2,554,EGYENI,,,
240366,12_065_049,906,604,603,-1,6,597,EGYENI,,,
240368,12_065_050,721,508,508,0,6,502,EGYENI,,,
240370,12_065_051,703,448,447,-1,3,444,EGYENI,,,
240372,12_065_052,694,516,515,-1,3,512,EGYENI,,,
240374,12_065_053,1433,1070,1066,-4,9,1057,EGYENI,,,
240376,12_065_054,911,456,456,0,6,450,EGYENI,,,
240378,12_065_055,921,552,552,0,4,548,EGYENI,,,
240380,12_065_056,828,473,473,0,2,471,EGYENI,,,
240382,12_065_057,979,711,710,-1,5,705,EGYENI,,,
240384,12_065_058,1023,760,759,-1,4,755,EGYENI,,,
240386,12_065_059,1084,815,815,0,9,806,EGYENI,,,
240388,12_065_060,823,511,510,-1,5,505,EGYENI,,,
240390,12_066_001,978,633,633,0,6,627,EGYENI,,,
240392,12_066_002,184,116,115,-1,3,112,EGYENI,,,
240394,12_067_001,530,398,398,0,3,395,EGYENI,,,
240396,12_067_002,1066,754,753,-1,9,744,EGYENI,,,
240398,12_067_003,734,526,524,-2,5,519,EGYENI,,,
240400,12_067_004,764,510,509,-1,3,506,EGYENI,,,
240402,12_067_005,724,477,477,0,5,472,EGYENI,,,
240404,12_067_006,584,433,433,0,3,430,EGYENI,,,
240406,12_068_001,191,92,92,0,0,92,EGYENI,,,
240408,12_068_002,707,461,461,0,6,455,EGYENI,,,
240410,12_068_003,738,542,541,-1,5,536,EGYENI,,,
240412,12_068_004,712,462,461,-1,7,454,EGYENI,,,
240414,12_068_005,1002,654,654,0,6,648,EGYENI,,,
240416,12_069_001,788,439,438,-1,7,431,EGYENI,,,
240418,12_069_002,805,529,529,0,9,520,EGYENI,,,
240420,12_069_003,663,460,458,-2,2,456,EGYENI,,,
240422,12_070_001,597,418,417,-1,8,409,EGYENI,,,
240424,12_071_001,501,380,381,1,12,369,EGYENI,,,
240426,12_072_001,464,318,318,0,4,314,EGYENI,,,
240428,12_073_001,1110,856,855,-1,6,849,EGYENI,,,
240430,12_074_001,863,647,646,-1,4,642,EGYENI,,,
240432,12_074_002,984,498,496,-2,5,491,EGYENI,,,
240434,12_074_003,897,726,725,-1,3,722,EGYENI,,,
240436,12_075_001,456,320,320,0,6,314,EGYENI,,,
240438,12_076_001,750,520,520,0,4,516,EGYENI,,,
240440,12_076_002,628,435,435,0,5,430,EGYENI,,,
240442,13_001_001,479,325,325,0,2,323,EGYENI,,,
240444,13_002_001,198,148,148,0,1,147,EGYENI,,,
240446,13_003_001,2749,2385,2375,-10,22,2353,EGYENI,,,
240448,13_003_002,769,509,509,0,5,504,EGYENI,,,
240450,13_003_003,789,590,590,0,3,587,EGYENI,,,
240452,13_003_004,616,418,415,-3,2,413,EGYENI,,,
240454,13_003_005,740,586,586,0,6,580,EGYENI,,,
240456,13_003_006,749,550,549,-1,5,544,EGYENI,,,
240458,13_003_007,698,475,473,-2,3,470,EGYENI,,,
240460,13_003_008,744,495,495,0,6,489,EGYENI,,,
240462,13_003_009,670,494,494,0,7,487,EGYENI,,,
240464,13_003_010,777,477,477,0,12,465,EGYENI,,,
240466,13_003_011,624,459,460,1,9,451,EGYENI,,,
240468,13_003_012,793,607,606,-1,4,602,EGYENI,,,
240470,13_003_013,705,558,556,-2,6,550,EGYENI,,,
240472,13_003_014,711,550,549,-1,9,540,EGYENI,,,
240474,13_003_015,673,516,516,0,6,510,EGYENI,,,
240476,13_003_016,739,571,571,0,1,570,EGYENI,,,
240478,13_004_001,595,452,452,0,2,450,EGYENI,,,
240480,13_005_001,771,503,503,0,10,493,EGYENI,,,
240482,13_006_001,1120,647,647,0,15,632,EGYENI,,,
240484,13_006_002,1185,668,668,0,5,663,EGYENI,,,
240486,13_006_003,1138,667,666,-1,4,662,EGYENI,,,
240488,13_006_004,1046,608,608,0,5,603,EGYENI,,,
240490,13_006_005,1144,789,788,-1,10,778,EGYENI,,,
240492,13_006_006,1218,796,796,0,15,781,EGYENI,,,
240494,13_006_007,1150,690,689,-1,6,683,EGYENI,,,
240496,13_006_008,1272,730,730,0,9,721,EGYENI,,,
240498,13_007_001,436,297,297,0,5,292,EGYENI,,,
240500,13_008_001,621,441,440,-1,1,439,EGYENI,,,
240502,13_008_002,703,504,504,0,1,503,EGYENI,,,
240504,13_009_001,551,417,417,0,5,412,EGYENI,,,
240506,13_010_001,286,209,209,0,4,205,EGYENI,,,
240508,13_011_001,84,63,63,0,0,63,EGYENI,,,
240510,13_012_001,764,479,478,-1,12,466,EGYENI,,,
240512,13_013_001,850,556,556,0,5,551,EGYENI,,,
240514,13_013_002,778,518,518,0,5,513,EGYENI,,,
240516,13_014_001,832,507,507,0,8,499,EGYENI,,,
240518,13_015_001,291,225,225,0,3,222,EGYENI,,,
240520,13_016_001,605,420,420,0,7,413,EGYENI,,,
240522,13_017_001,102,81,81,0,1,80,EGYENI,,,
240524,13_018_001,257,170,170,0,2,168,EGYENI,,,
240526,13_019_001,709,474,474,0,6,468,EGYENI,,,
240528,13_020_001,307,205,205,0,3,202,EGYENI,,,
240530,13_021_001,72,48,48,0,2,46,EGYENI,,,
240532,13_022_001,1082,686,685,-1,3,682,EGYENI,,,
240534,13_023_001,743,462,462,0,8,454,EGYENI,,,
240536,13_023_002,743,486,485,-1,6,479,EGYENI,,,
240538,13_023_003,788,545,545,0,3,542,EGYENI,,,
240540,13_024_001,475,319,319,0,7,312,EGYENI,,,
240542,13_024_002,328,212,212,0,2,210,EGYENI,,,
240544,13_025_001,1086,702,700,-2,8,692,EGYENI,,,
240546,13_026_001,889,556,554,-2,18,536,EGYENI,,,
240548,13_027_001,347,257,248,-9,4,244,EGYENI,,,
240550,13_028_001,526,355,356,1,12,344,EGYENI,,,
240552,13_029_001,860,493,493,0,6,487,EGYENI,,,
240554,13_030_001,436,321,321,0,2,319,EGYENI,,,
240556,13_031_001,413,274,275,1,10,265,EGYENI,,,
240558,13_032_001,681,405,404,-1,5,399,EGYENI,,,
240560,13_032_002,115,48,48,0,1,47,EGYENI,,,
240562,13_032_003,211,110,110,0,4,106,EGYENI,,,
240564,13_033_001,674,457,458,1,7,451,EGYENI,,,
240566,13_033_002,827,523,523,0,3,520,EGYENI,,,
240568,13_033_003,593,406,406,0,2,404,EGYENI,,,
240570,13_033_004,707,461,460,-1,5,455,EGYENI,,,
240572,13_034_001,461,355,355,0,2,353,EGYENI,,,
240574,13_035_001,113,83,83,0,0,83,EGYENI,,,
240576,13_036_001,494,340,340,0,5,335,EGYENI,,,
240578,13_037_001,31,26,26,0,0,26,EGYENI,,,
240580,13_038_001,448,302,302,0,4,298,EGYENI,,,
240582,13_039_001,823,548,548,0,4,544,EGYENI,,,
240584,13_040_001,274,214,214,0,2,212,EGYENI,,,
240586,13_041_001,395,269,269,0,4,265,EGYENI,,,
240588,13_042_001,146,103,103,0,1,102,EGYENI,,,
240590,13_043_001,630,410,408,-2,9,399,EGYENI,,,
240592,13_044_001,128,99,99,0,0,99,EGYENI,,,
240594,13_045_001,327,210,209,-1,4,205,EGYENI,,,
240596,13_046_001,651,428,428,0,3,425,EGYENI,,,
240598,13_047_001,816,428,428,0,11,417,EGYENI,,,
240600,13_047_002,720,480,480,0,8,472,EGYENI,,,
240602,13_048_001,634,387,387,0,4,383,EGYENI,,,
240604,13_048_002,565,369,369,0,5,364,EGYENI,,,
240606,13_049_001,675,440,440,0,5,435,EGYENI,,,
240608,13_050_001,617,358,358,0,5,353,EGYENI,,,
240610,13_050_002,562,343,343,0,3,340,EGYENI,,,
240612,13_050_003,179,117,117,0,1,116,EGYENI,,,
240614,13_051_001,633,382,382,0,10,372,EGYENI,,,
240616,13_051_002,708,458,457,-1,8,449,EGYENI,,,
240618,13_051_003,653,458,458,0,8,450,EGYENI,,,
240620,13_052_001,908,530,530,0,9,521,EGYENI,,,
240622,13_053_001,560,333,332,-1,10,322,EGYENI,,,
240624,13_053_002,599,359,359,0,10,349,EGYENI,,,
240626,13_053_003,227,103,103,0,5,98,EGYENI,,,
240628,13_054_001,1078,659,657,-2,9,648,EGYENI,,,
240630,13_055_001,577,428,428,0,4,424,EGYENI,,,
240632,13_056_001,384,293,293,0,1,292,EGYENI,,,
240634,13_057_001,328,219,219,0,1,218,EGYENI,,,
240636,13_058_001,130,107,107,0,1,106,EGYENI,,,
240638,13_059_001,154,103,103,0,0,103,EGYENI,,,
240640,13_060_001,447,322,322,0,8,314,EGYENI,,,
240642,13_061_001,142,114,114,0,2,112,EGYENI,,,
240644,13_062_001,81,54,54,0,3,51,EGYENI,,,
240646,13_063_001,377,243,243,0,6,237,EGYENI,,,
240648,13_064_001,582,383,383,0,7,376,EGYENI,,,
240650,13_065_001,467,333,324,-9,6,318,EGYENI,,,
240652,13_066_001,625,293,293,0,5,288,EGYENI,,,
240654,13_066_002,386,223,223,0,4,219,EGYENI,,,
240656,13_067_001,466,346,346,0,9,337,EGYENI,,,
240658,13_067_002,133,74,74,0,0,74,EGYENI,,,
240660,13_068_001,896,642,642,0,8,634,EGYENI,,,
240662,13_069_001,183,154,151,-3,5,146,EGYENI,,,
240664,13_070_001,603,408,408,0,3,405,EGYENI,,,
240666,13_071_001,884,574,574,0,6,568,EGYENI,,,
240668,13_071_002,440,274,274,0,5,269,EGYENI,,,
240671,13_072_001,740,486,485,-1,12,473,EGYENI,,,
240673,13_073_001,1178,781,781,0,12,769,EGYENI,,,
240674,13_074_001,869,509,509,0,7,502,EGYENI,,,
240676,13_074_002,508,321,321,0,2,319,EGYENI,,,
240678,13_075_001,609,371,371,0,8,363,EGYENI,,,
240680,13_075_002,599,322,320,-2,13,307,EGYENI,,,
240682,13_075_003,222,145,145,0,2,143,EGYENI,,,
240684,13_076_001,445,306,305,-1,0,305,EGYENI,,,
240686,13_077_001,709,425,425,0,5,420,EGYENI,,,
240689,13_078_001,478,369,369,0,8,361,EGYENI,,,
240691,13_079_001,211,149,149,0,0,149,EGYENI,,,
240692,13_080_001,605,418,417,-1,8,409,EGYENI,,,
240694,13_080_002,446,310,310,0,5,305,EGYENI,,,
240696,13_080_003,58,42,42,0,0,42,EGYENI,,,
240698,13_081_001,729,408,408,0,7,401,EGYENI,,,
240700,13_081_002,794,492,492,0,3,489,EGYENI,,,
240702,13_082_001,580,388,388,0,1,387,EGYENI,,,
240704,13_083_001,975,678,678,0,9,669,EGYENI,,,
240706,13_084_001,743,546,546,0,4,542,EGYENI,,,
240708,13_084_002,511,372,372,0,0,372,EGYENI,,,
240710,13_085_001,478,311,311,0,6,305,EGYENI,,,
240712,13_086_001,356,260,260,0,1,259,EGYENI,,,
240715,13_087_001,601,381,381,0,6,375,EGYENI,,,
240717,13_087_002,629,376,376,0,8,368,EGYENI,,,
240718,13_088_001,748,524,524,0,4,520,EGYENI,,,
240720,13_089_001,575,379,379,0,2,377,EGYENI,,,
240722,13_090_001,427,261,261,0,9,252,EGYENI,,,
240724,13_091_001,958,746,746,0,6,740,EGYENI,,,
240726,13_092_001,806,533,532,-1,4,528,EGYENI,,,
240728,13_093_001,261,184,184,0,2,182,EGYENI,,,
240730,13_094_001,655,415,415,0,4,411,EGYENI,,,
240732,13_094_002,637,477,476,-1,4,472,EGYENI,,,
240734,13_095_001,704,515,515,0,4,511,EGYENI,,,
240736,13_096_001,592,409,409,0,4,405,EGYENI,,,
240738,13_097_001,908,649,648,-1,5,643,EGYENI,,,
240740,13_097_002,944,632,632,0,9,623,EGYENI,,,
240742,13_097_003,676,478,478,0,8,470,EGYENI,,,
240744,13_097_004,699,516,516,0,7,509,EGYENI,,,
240746,13_097_005,999,702,702,0,6,696,EGYENI,,,
240748,13_097_006,916,654,654,0,9,645,EGYENI,,,
240750,13_097_007,1010,805,806,1,13,793,EGYENI,,,
240752,13_097_008,763,560,560,0,10,550,EGYENI,,,
240754,13_097_009,299,223,223,0,5,218,EGYENI,,,
240756,13_098_001,439,309,310,1,8,302,EGYENI,,,
240758,13_099_001,144,121,121,0,3,118,EGYENI,,,
240760,13_100_001,1108,759,759,0,7,752,EGYENI,,,
240762,13_100_002,1020,737,735,-2,7,728,EGYENI,,,
240764,13_101_001,693,431,430,-1,5,425,EGYENI,,,
240766,13_101_002,529,368,368,0,2,366,EGYENI,,,
240768,13_102_001,902,617,616,-1,6,610,EGYENI,,,
240770,13_102_002,880,530,528,-2,5,523,EGYENI,,,
240772,13_103_001,810,560,559,-1,8,551,EGYENI,,,
240774,13_103_002,664,458,458,0,5,453,EGYENI,,,
240776,13_103_003,800,531,531,0,2,529,EGYENI,,,
240778,13_103_004,682,497,497,0,0,497,EGYENI,,,
240780,13_103_005,793,561,561,0,4,557,EGYENI,,,
240782,13_103_006,686,483,482,-1,4,478,EGYENI,,,
240784,13_103_007,687,485,485,0,6,479,EGYENI,,,
240786,13_103_008,507,284,284,0,4,280,EGYENI,,,
240788,13_103_009,210,118,118,0,2,116,EGYENI,,,
240790,13_103_010,2194,1986,1819,-167,11,1808,EGYENI,,,
240792,13_103_011,109,65,65,0,2,63,EGYENI,,,
240794,13_103_012,104,80,80,0,0,80,EGYENI,,,
240796,13_103_013,642,395,396,1,11,385,EGYENI,,,
240798,13_103_014,729,437,437,0,2,435,EGYENI,,,
240800,13_103_015,566,291,291,0,3,288,EGYENI,,,
240802,13_103_016,1017,553,552,-1,14,538,EGYENI,,,
240804,13_103_017,784,591,591,0,5,586,EGYENI,,,
240806,13_103_018,1066,684,683,-1,10,673,EGYENI,,,
240808,13_103_019,448,300,300,0,2,298,EGYENI,,,
240810,13_103_020,543,365,363,-2,2,361,EGYENI,,,
240812,13_103_021,831,619,619,0,1,618,EGYENI,,,
240814,13_103_022,720,509,509,0,1,508,EGYENI,,,
240816,13_103_023,520,365,365,0,2,363,EGYENI,,,
240818,13_103_024,564,348,348,0,3,345,EGYENI,,,
240820,13_103_025,772,502,502,0,3,499,EGYENI,,,
240822,13_103_026,742,347,347,0,2,345,EGYENI,,,
240824,13_103_027,886,488,488,0,9,479,EGYENI,,,
240826,13_103_028,807,509,508,-1,6,502,EGYENI,,,
240828,13_103_029,704,449,449,0,6,443,EGYENI,,,
240830,13_103_030,534,359,358,-1,2,356,EGYENI,,,
240832,13_103_031,701,539,539,0,0,539,EGYENI,,,
240834,13_103_032,704,367,367,0,4,363,EGYENI,,,
240836,13_103_033,652,368,369,1,14,355,EGYENI,,,
240838,13_103_034,743,417,417,0,6,411,EGYENI,,,
240840,13_103_035,798,413,413,0,4,409,EGYENI,,,
240842,13_103_036,765,332,331,-1,9,322,EGYENI,,,
240844,13_103_037,546,368,368,0,5,363,EGYENI,,,
240846,13_103_038,1190,764,764,0,10,754,EGYENI,,,
240848,13_103_039,858,540,533,-7,8,525,EGYENI,,,
240850,13_103_040,756,525,525,0,7,518,EGYENI,,,
240852,13_104_001,740,410,409,-1,3,406,EGYENI,,,
240854,13_105_001,211,166,165,-1,6,159,EGYENI,,,
240856,13_106_001,635,373,373,0,8,365,EGYENI,,,
240858,13_107_001,358,258,259,1,17,242,EGYENI,,,
240860,13_108_001,334,236,236,0,2,234,EGYENI,,,
240862,13_108_002,135,108,108,0,1,107,EGYENI,,,
240864,13_109_001,334,242,242,0,5,237,EGYENI,,,
240866,13_110_001,355,198,198,0,3,195,EGYENI,,,
240868,13_111_001,1022,764,766,2,25,741,EGYENI,,,
240870,13_111_002,271,208,208,0,1,207,EGYENI,,,
240872,13_112_001,254,194,194,0,3,191,EGYENI,,,
240874,13_113_001,170,121,121,0,1,120,EGYENI,,,
240876,13_114_001,986,676,679,3,25,654,EGYENI,,,
240878,13_114_002,1034,731,731,0,4,727,EGYENI,,,
240880,13_114_003,1029,724,724,0,6,718,EGYENI,,,
240882,13_114_004,1045,720,719,-1,9,710,EGYENI,,,
240884,13_114_005,149,99,99,0,0,99,EGYENI,,,
240886,13_114_006,201,133,133,0,1,132,EGYENI,,,
240888,13_115_001,317,215,215,0,5,210,EGYENI,,,
240890,13_116_001,211,137,137,0,2,135,EGYENI,,,
240892,13_117_001,783,452,452,0,7,445,EGYENI,,,
240894,13_118_001,379,285,285,0,6,279,EGYENI,,,
240896,13_118_002,64,49,49,0,1,48,EGYENI,,,
240898,13_119_001,862,613,613,0,3,610,EGYENI,,,
240900,13_119_002,621,399,399,0,3,396,EGYENI,,,
240902,13_120_001,595,437,437,0,5,432,EGYENI,,,
240904,13_120_002,515,394,394,0,1,393,EGYENI,,,
240906,13_121_001,797,456,455,-1,3,452,EGYENI,,,
240908,13_121_002,697,455,454,-1,4,450,EGYENI,,,
240910,13_122_001,536,366,363,-3,4,359,EGYENI,,,
240912,13_123_001,273,212,212,0,1,211,EGYENI,,,
240914,13_124_001,612,421,421,0,11,410,EGYENI,,,
240916,13_125_001,958,609,609,0,10,599,EGYENI,,,
240918,13_126_001,547,364,364,0,7,357,EGYENI,,,
240920,13_126_002,688,502,501,-1,2,499,EGYENI,,,
240922,13_127_001,1019,636,636,0,9,627,EGYENI,,,
240924,13_128_001,322,189,189,0,1,188,EGYENI,,,
240926,13_129_001,485,286,286,0,2,284,EGYENI,,,
240928,13_130_001,475,338,338,0,4,334,EGYENI,,,
240930,13_131_001,950,595,595,0,4,591,EGYENI,,,
240932,13_131_002,832,566,566,0,8,558,EGYENI,,,
240934,14_001_001,749,403,403,0,4,399,EGYENI,,,
240936,14_001_002,772,479,479,0,6,473,EGYENI,,,
240938,14_001_003,723,430,430,0,7,423,EGYENI,,,
240940,14_001_004,700,463,463,0,7,456,EGYENI,,,
240942,14_001_005,694,438,437,-1,20,417,EGYENI,,,
240944,14_001_006,724,491,491,0,0,491,EGYENI,,,
240946,14_001_007,729,481,481,0,2,479,EGYENI,,,
240948,14_001_008,711,463,463,0,3,460,EGYENI,,,
240950,14_001_009,695,438,438,0,6,432,EGYENI,,,
240952,14_001_010,747,461,460,-1,5,455,EGYENI,,,
240954,14_001_011,732,491,491,0,6,485,EGYENI,,,
240956,14_001_012,674,436,436,0,1,435,EGYENI,,,
240958,14_001_013,693,459,459,0,3,456,EGYENI,,,
240960,14_001_014,683,449,449,0,2,447,EGYENI,,,
240962,14_001_015,703,470,469,-1,5,464,EGYENI,,,
240964,14_001_016,686,480,468,-12,4,464,EGYENI,,,
240966,14_002_001,1107,747,747,0,10,737,EGYENI,,,
240968,14_003_001,589,427,426,-1,3,423,EGYENI,,,
240970,14_003_002,620,469,469,0,4,465,EGYENI,,,
240972,14_003_003,681,404,403,-1,6,397,EGYENI,,,
240974,14_003_004,622,420,420,0,4,416,EGYENI,,,
240976,14_003_005,712,505,505,0,0,505,EGYENI,,,
240978,14_003_006,675,431,428,-3,7,421,EGYENI,,,
240980,14_003_007,772,510,510,0,4,506,EGYENI,,,
240982,14_003_008,710,499,499,0,1,498,EGYENI,,,
240984,14_003_009,669,443,443,0,4,439,EGYENI,,,
240986,14_003_010,632,386,386,0,5,381,EGYENI,,,
240988,14_003_011,602,418,418,0,4,414,EGYENI,,,
240990,14_003_012,662,428,428,0,5,423,EGYENI,,,
240992,14_003_013,664,430,429,-1,4,425,EGYENI,,,
240994,14_003_014,631,441,439,-2,4,435,EGYENI,,,
240996,14_003_015,634,418,418,0,3,415,EGYENI,,,
240998,14_003_016,634,422,421,-1,6,415,EGYENI,,,
241000,14_004_001,796,568,568,0,4,564,EGYENI,,,
241002,14_004_002,751,545,545,0,8,537,EGYENI,,,
241004,14_004_003,794,575,567,-8,9,558,EGYENI,,,
241006,14_004_004,692,540,540,0,9,531,EGYENI,,,
241008,14_004_005,1070,825,825,0,8,817,EGYENI,,,
241010,14_005_001,912,563,563,0,12,551,EGYENI,,,
241012,14_006_001,780,535,535,0,8,527,EGYENI,,,
241014,14_006_002,763,560,560,0,8,552,EGYENI,,,
241016,14_006_003,825,636,636,0,11,625,EGYENI,,,
241018,14_006_004,778,575,575,0,8,567,EGYENI,,,
241020,14_006_005,850,647,647,0,4,643,EGYENI,,,
241022,14_006_006,815,572,571,-1,1,570,EGYENI,,,
241024,14_007_001,977,652,651,-1,9,642,EGYENI,,,
241026,14_008_001,758,572,572,0,9,563,EGYENI,,,
241028,14_008_002,764,494,494,0,6,488,EGYENI,,,
241030,14_008_003,809,542,542,0,8,534,EGYENI,,,
241032,14_008_004,666,492,490,-2,6,484,EGYENI,,,
241034,14_009_001,641,441,441,0,1,440,EGYENI,,,
241036,14_010_001,997,728,727,-1,11,716,EGYENI,,,
241038,14_011_001,1439,1091,1090,-1,13,1077,EGYENI,,,
241040,14_011_002,1342,995,994,-1,9,985,EGYENI,,,
241042,14_011_003,1431,1176,1171,-5,5,1166,EGYENI,,,
241044,14_011_004,1242,1078,1076,-2,8,1068,EGYENI,,,
241046,14_011_005,1269,997,996,-1,7,989,EGYENI,,,
241048,14_011_006,1316,1061,1061,0,8,1053,EGYENI,,,
241050,14_011_007,1245,797,797,0,6,791,EGYENI,,,
241052,14_011_008,1279,1035,1032,-3,5,1027,EGYENI,,,
241054,14_012_001,797,670,670,0,4,666,EGYENI,,,
241056,14_012_002,822,672,672,0,8,664,EGYENI,,,
241058,14_013_001,1058,847,847,0,5,842,EGYENI,,,
241060,14_013_002,1029,761,761,0,5,756,EGYENI,,,
241062,14_013_003,1200,973,974,1,19,955,EGYENI,,,
241064,14_013_004,1053,799,798,-1,7,791,EGYENI,,,
241066,14_013_005,1334,1095,1093,-2,12,1081,EGYENI,,,
241068,14_013_006,986,862,862,0,6,856,EGYENI,,,
241070,14_013_007,1094,915,915,0,5,910,EGYENI,,,
241072,14_013_008,1093,880,880,0,6,874,EGYENI,,,
241074,14_014_001,657,558,558,0,7,551,EGYENI,,,
241076,14_014_002,555,437,436,-1,4,432,EGYENI,,,
241078,14_014_003,696,511,510,-1,10,500,EGYENI,,,
241080,14_014_004,636,481,475,-6,2,473,EGYENI,,,
241082,14_014_005,1243,980,980,0,12,968,EGYENI,,,
241084,14_014_006,911,777,777,0,4,773,EGYENI,,,
241086,14_014_007,3994,3678,3658,-20,19,3639,EGYENI,,,
241088,14_014_008,729,625,625,0,6,619,EGYENI,,,
241090,14_014_009,685,530,530,0,3,527,EGYENI,,,
241092,14_014_010,582,469,469,0,4,465,EGYENI,,,
241094,14_014_011,572,477,477,0,3,474,EGYENI,,,
241096,14_014_012,668,564,561,-3,4,557,EGYENI,,,
241098,14_014_013,681,557,557,0,8,549,EGYENI,,,
241100,14_014_014,683,593,585,-8,5,580,EGYENI,,,
241102,14_014_015,786,631,631,0,3,628,EGYENI,,,
241104,14_014_016,623,478,478,0,6,472,EGYENI,,,
241106,14_015_001,1222,1010,1010,0,6,1004,EGYENI,,,
241108,14_015_002,1134,892,885,-7,3,882,EGYENI,,,
241110,14_015_003,1108,859,859,0,6,853,EGYENI,,,
241112,14_015_004,996,816,816,0,4,812,EGYENI,,,
241114,14_015_005,1161,939,941,2,19,922,EGYENI,,,
241116,14_015_006,1023,857,857,0,4,853,EGYENI,,,
241118,14_015_007,1076,896,896,0,3,893,EGYENI,,,
241120,14_015_008,1105,934,933,-1,8,925,EGYENI,,,
241122,14_015_009,998,720,720,0,10,710,EGYENI,,,
241124,14_015_010,1062,764,762,-2,7,755,EGYENI,,,
241126,14_015_011,1031,744,738,-6,3,735,EGYENI,,,
241128,14_015_012,1099,799,799,0,5,794,EGYENI,,,
241130,14_015_013,1061,740,740,0,9,731,EGYENI,,,
241132,14_015_014,1040,778,777,-1,5,772,EGYENI,,,
241134,14_015_015,904,690,690,0,3,687,EGYENI,,,
241136,14_015_016,974,793,791,-2,7,784,EGYENI,,,
241138,14_015_017,1295,1098,1098,0,7,1091,EGYENI,,,
241140,14_015_018,1424,1226,1226,0,5,1221,EGYENI,,,
241142,14_015_019,941,744,743,-1,8,735,EGYENI,,,
241144,14_015_020,1146,966,966,0,2,964,EGYENI,,,
241146,14_016_001,754,509,509,0,9,500,EGYENI,,,
241148,14_016_002,779,524,524,0,8,516,EGYENI,,,
241150,14_016_003,684,451,451,0,8,443,EGYENI,,,
241152,14_016_004,758,534,534,0,4,530,EGYENI,,,
241154,14_016_005,769,546,545,-1,7,538,EGYENI,,,
241156,14_016_006,212,140,140,0,3,137,EGYENI,,,
241158,14_016_007,197,96,96,0,2,94,EGYENI,,,
241160,14_017_001,732,575,573,-2,5,568,EGYENI,,,
241162,14_017_002,716,522,522,0,7,515,EGYENI,,,
241164,14_017_003,981,731,731,0,7,724,EGYENI,,,
241166,14_017_004,689,513,513,0,10,503,EGYENI,,,
241168,14_017_005,1099,772,772,0,4,768,EGYENI,,,
241170,14_017_006,798,562,563,1,10,553,EGYENI,,,
241172,14_017_007,1974,1684,1676,-8,18,1658,EGYENI,,,
241174,14_017_008,611,479,479,0,5,474,EGYENI,,,
241176,14_017_009,877,675,674,-1,3,671,EGYENI,,,
241178,14_017_010,973,711,710,-1,7,703,EGYENI,,,
241180,14_017_011,636,490,490,0,2,488,EGYENI,,,
241182,14_017_012,630,484,484,0,4,480,EGYENI,,,
241184,14_017_013,1129,759,758,-1,8,750,EGYENI,,,
241186,14_017_014,933,605,604,-1,9,595,EGYENI,,,
241188,14_017_015,772,551,551,0,5,546,EGYENI,,,
241190,14_017_016,794,590,590,0,5,585,EGYENI,,,
241192,14_017_017,888,597,595,-2,4,591,EGYENI,,,
241194,14_017_018,731,315,315,0,2,313,EGYENI,,,
241196,14_017_019,170,83,83,0,1,82,EGYENI,,,
241198,14_017_020,1157,655,664,9,53,611,EGYENI,,,
241200,14_017_021,915,547,547,0,5,542,EGYENI,,,
241202,14_017_022,1021,696,697,1,14,683,EGYENI,,,
241204,14_017_023,1139,805,803,-2,10,793,EGYENI,,,
241206,14_017_024,832,548,548,0,2,546,EGYENI,,,
241208,14_017_025,914,586,586,0,6,580,EGYENI,,,
241210,14_017_026,984,445,444,-1,5,439,EGYENI,,,
241212,14_017_027,1128,690,690,0,11,679,EGYENI,,,
241214,14_017_028,796,534,534,0,7,527,EGYENI,,,
241216,14_017_029,619,414,414,0,3,411,EGYENI,,,
241218,14_017_030,685,501,501,0,2,499,EGYENI,,,
241220,14_017_031,893,702,702,0,4,698,EGYENI,,,
241222,14_017_032,840,497,497,0,4,493,EGYENI,,,
241224,14_017_033,987,679,679,0,7,672,EGYENI,,,
241226,14_017_034,759,455,454,-1,3,451,EGYENI,,,
241228,14_018_001,784,527,527,0,7,520,EGYENI,,,
241230,14_018_002,749,488,487,-1,6,481,EGYENI,,,
241232,14_018_003,713,474,474,0,10,464,EGYENI,,,
241234,14_018_004,663,463,470,7,40,430,EGYENI,,,
241236,14_018_005,629,431,431,0,5,426,EGYENI,,,
241238,14_019_001,1212,776,776,0,3,773,EGYENI,,,
241240,14_019_002,832,424,424,0,10,414,EGYENI,,,
241242,14_019_003,1350,701,700,-1,10,690,EGYENI,,,
241244,14_020_001,851,563,565,2,20,545,EGYENI,,,
241246,14_020_002,784,505,503,-2,3,500,EGYENI,,,
241248,14_021_001,951,594,594,0,5,589,EGYENI,,,
241250,14_021_002,872,667,677,10,57,620,EGYENI,,,
241252,14_021_003,899,718,718,0,7,711,EGYENI,,,
241254,14_022_001,1333,998,998,0,5,993,EGYENI,,,
241256,14_023_001,993,792,791,-1,6,785,EGYENI,,,
241258,14_023_002,1032,792,792,0,6,786,EGYENI,,,
241260,14_023_003,1058,821,819,-2,8,811,EGYENI,,,
241262,14_023_004,976,749,749,0,9,740,EGYENI,,,
241264,14_023_005,1058,781,781,0,13,768,EGYENI,,,
241266,14_023_006,1177,951,952,1,20,932,EGYENI,,,
241268,14_023_007,1239,988,988,0,8,980,EGYENI,,,
241270,14_024_001,512,385,382,-3,5,377,EGYENI,,,
241272,14_025_001,862,592,592,0,8,584,EGYENI,,,
241274,14_025_002,863,663,663,0,11,652,EGYENI,,,
241276,14_025_003,877,655,654,-1,4,650,EGYENI,,,
241278,14_025_004,883,659,658,-1,6,652,EGYENI,,,
241280,14_025_005,820,601,600,-1,2,598,EGYENI,,,
241282,14_025_006,818,650,649,-1,11,638,EGYENI,,,
241284,14_025_007,767,511,511,0,11,500,EGYENI,,,
241286,14_025_008,2757,2420,2411,-9,25,2386,EGYENI,,,
241288,14_025_009,766,611,610,-1,5,605,EGYENI,,,
241290,14_025_010,826,604,604,0,5,599,EGYENI,,,
241292,14_025_011,801,602,601,-1,6,595,EGYENI,,,
241294,14_025_012,830,617,617,0,7,610,EGYENI,,,
241296,14_025_013,860,586,586,0,8,578,EGYENI,,,
241298,14_025_014,787,533,532,-1,7,525,EGYENI,,,
241300,14_025_015,1124,757,757,0,12,745,EGYENI,,,
241302,14_025_016,656,458,457,-1,4,453,EGYENI,,,
241304,14_026_001,771,445,444,-1,3,441,EGYENI,,,
241306,14_026_002,1119,734,734,0,5,729,EGYENI,,,
241308,14_026_003,313,204,204,0,2,202,EGYENI,,,
241310,14_027_001,818,586,586,0,5,581,EGYENI,,,
241312,14_027_002,795,574,574,0,8,566,EGYENI,,,
241314,14_027_003,902,625,625,0,5,620,EGYENI,,,
241316,14_027_004,1026,677,677,0,9,668,EGYENI,,,
241318,14_028_001,1166,695,695,0,5,690,EGYENI,,,
241320,14_028_002,1058,755,753,-2,7,746,EGYENI,,,
241322,14_028_003,1011,688,687,-1,3,684,EGYENI,,,
241324,14_028_004,1059,812,812,0,6,806,EGYENI,,,
241326,14_029_001,900,679,679,0,3,676,EGYENI,,,
241328,14_029_002,1005,765,763,-2,4,759,EGYENI,,,
241330,14_029_003,1010,851,849,-2,6,843,EGYENI,,,
241332,14_029_004,989,787,786,-1,10,776,EGYENI,,,
241334,14_029_005,989,833,832,-1,0,832,EGYENI,,,
241336,14_029_006,1032,817,817,0,10,807,EGYENI,,,
241338,14_029_007,1067,893,893,0,6,887,EGYENI,,,
241340,14_029_008,1040,903,900,-3,3,897,EGYENI,,,
241342,14_030_001,542,344,344,0,4,340,EGYENI,,,
241344,14_030_002,762,587,587,0,4,583,EGYENI,,,
241346,14_030_003,417,302,301,-1,1,300,EGYENI,,,
241348,14_031_001,931,574,574,0,5,569,EGYENI,,,
241350,14_031_002,966,643,640,-3,8,632,EGYENI,,,
241352,14_031_003,1071,559,558,-1,8,550,EGYENI,,,
241354,14_031_004,944,669,669,0,9,660,EGYENI,,,
241356,14_031_005,912,562,561,-1,6,555,EGYENI,,,
241358,14_032_001,772,598,598,0,10,588,EGYENI,,,
241360,14_032_002,898,675,675,0,9,666,EGYENI,,,
241362,14_032_003,883,681,681,0,7,674,EGYENI,,,
241364,14_033_001,1245,874,872,-2,10,862,EGYENI,,,
241366,14_033_002,1115,757,757,0,5,752,EGYENI,,,
241368,14_033_003,1018,749,746,-3,8,738,EGYENI,,,
241370,14_033_004,944,705,684,-21,3,681,EGYENI,,,
241372,14_033_005,981,706,705,-1,7,698,EGYENI,,,
241374,14_033_006,1001,774,774,0,2,772,EGYENI,,,
241376,14_033_007,1193,940,940,0,7,933,EGYENI,,,
241378,14_033_008,1331,1054,1053,-1,4,1049,EGYENI,,,
241380,14_033_009,1001,757,754,-3,3,751,EGYENI,,,
241382,14_033_010,1023,785,784,-1,8,776,EGYENI,,,
241384,14_033_011,898,610,610,0,4,606,EGYENI,,,
241386,14_033_012,1236,962,957,-5,9,948,EGYENI,,,
241388,14_033_013,1294,967,968,1,18,950,EGYENI,,,
241390,14_033_014,1289,941,935,-6,7,928,EGYENI,,,
241392,14_033_015,1109,854,853,-1,5,848,EGYENI,,,
241394,14_033_016,977,736,733,-3,12,721,EGYENI,,,
241396,14_034_001,1194,985,984,-1,3,981,EGYENI,,,
241398,14_034_002,1158,919,921,2,27,894,EGYENI,,,
241400,14_034_003,1038,829,829,0,8,821,EGYENI,,,
241402,14_034_004,998,748,749,1,5,744,EGYENI,,,
241404,14_034_005,1002,766,766,0,8,758,EGYENI,,,
241406,14_034_006,911,701,700,-1,7,693,EGYENI,,,
241408,14_034_007,1053,818,818,0,6,812,EGYENI,,,
241410,14_034_008,1135,858,854,-4,12,842,EGYENI,,,
241412,14_034_009,1114,878,878,0,4,874,EGYENI,,,
241414,14_034_010,3752,3185,3177,-8,25,3152,EGYENI,,,
241416,14_034_011,821,562,563,1,12,551,EGYENI,,,
241418,14_034_012,1086,772,772,0,6,766,EGYENI,,,
241420,14_034_013,957,821,821,0,3,818,EGYENI,,,
241422,14_034_014,951,770,770,0,7,763,EGYENI,,,
241424,14_034_015,1011,837,820,-17,4,816,EGYENI,,,
241426,14_034_016,1115,892,894,2,21,873,EGYENI,,,
241428,14_034_017,978,766,764,-2,7,757,EGYENI,,,
241430,14_034_018,912,685,684,-1,8,676,EGYENI,,,
241432,14_034_019,1204,906,909,3,25,884,EGYENI,,,
241434,14_034_020,992,793,793,0,6,787,EGYENI,,,
241436,14_034_021,1115,774,773,-1,7,766,EGYENI,,,
241438,14_034_022,1121,827,826,-1,4,822,EGYENI,,,
241440,14_034_023,1134,864,864,0,4,860,EGYENI,,,
241442,14_034_024,1042,812,812,0,8,804,EGYENI,,,
241444,14_034_025,1074,874,873,-1,7,866,EGYENI,,,
241446,14_034_026,1352,1057,1057,0,6,1051,EGYENI,,,
241448,14_034_027,1180,971,971,0,4,967,EGYENI,,,
241450,14_034_028,1212,867,865,-2,10,855,EGYENI,,,
241452,14_034_029,1173,849,848,-1,5,843,EGYENI,,,
241454,14_034_030,966,718,718,0,8,710,EGYENI,,,
241456,14_035_001,970,686,687,1,19,668,EGYENI,,,
241458,14_035_002,1050,750,750,0,2,748,EGYENI,,,
241460,14_035_003,1236,883,883,0,11,872,EGYENI,,,
241462,14_035_004,1207,783,781,-2,9,772,EGYENI,,,
241464,14_035_005,1106,799,799,0,11,788,EGYENI,,,
241466,14_035_006,1081,749,748,-1,7,741,EGYENI,,,
241468,14_036_001,923,680,680,0,6,674,EGYENI,,,
241470,14_036_002,673,508,508,0,7,501,EGYENI,,,
241472,14_036_003,775,564,564,0,15,549,EGYENI,,,
241474,14_036_004,827,697,697,0,6,691,EGYENI,,,
241476,14_037_001,1169,796,794,-2,12,782,EGYENI,,,
241478,14_037_002,1302,896,895,-1,13,882,EGYENI,,,
241480,14_037_003,1089,738,738,0,2,736,EGYENI,,,
241482,14_037_004,1169,782,783,1,11,772,EGYENI,,,
241484,14_037_005,1248,877,875,-2,10,865,EGYENI,,,
241486,14_037_006,1105,703,703,0,7,696,EGYENI,,,
241488,14_038_001,1194,748,748,0,6,742,EGYENI,,,
241490,14_038_002,1027,777,777,0,9,768,EGYENI,,,
241492,14_038_003,1004,807,806,-1,4,802,EGYENI,,,
241494,14_038_004,923,656,656,0,9,647,EGYENI,,,
241496,14_038_005,935,556,550,-6,3,547,EGYENI,,,
241498,14_038_006,1210,956,917,-39,2,915,EGYENI,,,
241500,14_038_007,1172,881,879,-2,5,874,EGYENI,,,
241502,14_038_008,1149,791,791,0,5,786,EGYENI,,,
241504,14_038_009,974,638,635,-3,9,626,EGYENI,,,
241506,14_038_010,1186,805,805,0,8,797,EGYENI,,,
241508,14_038_011,1069,802,803,1,12,791,EGYENI,,,
241510,14_038_012,1253,956,954,-2,4,950,EGYENI,,,
241512,14_038_013,988,743,741,-2,5,736,EGYENI,,,
241514,14_038_014,979,782,782,0,5,777,EGYENI,,,
241516,14_038_015,1200,902,898,-4,4,894,EGYENI,,,
241518,14_038_016,1098,860,860,0,5,855,EGYENI,,,
241520,14_038_017,3366,2902,2895,-7,20,2875,EGYENI,,,
241522,14_038_018,988,785,784,-1,2,782,EGYENI,,,
241524,14_038_019,1112,818,817,-1,3,814,EGYENI,,,
241526,14_038_020,1251,874,874,0,4,870,EGYENI,,,
241528,14_038_021,987,672,670,-2,3,667,EGYENI,,,
241530,14_038_022,983,729,729,0,5,724,EGYENI,,,
241532,14_038_023,1081,840,838,-2,6,832,EGYENI,,,
241534,14_038_024,1067,869,869,0,4,865,EGYENI,,,
241536,14_038_025,1191,867,867,0,7,860,EGYENI,,,
241538,14_038_026,1107,853,847,-6,7,840,EGYENI,,,
241540,14_038_027,1194,912,911,-1,7,904,EGYENI,,,
241542,14_038_028,1118,816,815,-1,9,806,EGYENI,,,
241544,14_038_029,1134,937,934,-3,3,931,EGYENI,,,
241546,14_038_030,942,709,709,0,8,701,EGYENI,,,
241548,14_038_031,1037,807,806,-1,4,802,EGYENI,,,
241550,14_038_032,1111,838,838,0,4,834,EGYENI,,,
241552,14_038_033,1406,1039,1039,0,12,1027,EGYENI,,,
241554,14_038_034,1269,883,881,-2,9,872,EGYENI,,,
241556,14_038_035,1114,849,850,1,14,836,EGYENI,,,
241558,14_038_036,1192,906,902,-4,5,897,EGYENI,,,
241560,14_038_037,1162,918,917,-1,3,914,EGYENI,,,
241562,14_038_038,1281,1008,1005,-3,8,997,EGYENI,,,
241564,14_038_039,1055,792,792,0,5,787,EGYENI,,,
241566,14_038_040,1128,854,854,0,4,850,EGYENI,,,
241568,14_038_041,1052,780,780,0,6,774,EGYENI,,,
241570,14_038_042,1149,921,920,-1,3,917,EGYENI,,,
241572,14_038_043,1237,926,924,-2,3,921,EGYENI,,,
241574,14_038_044,1053,773,772,-1,4,768,EGYENI,,,
241576,14_038_045,1245,976,976,0,3,973,EGYENI,,,
241578,14_038_046,1342,1074,1074,0,7,1067,EGYENI,,,
241580,14_038_047,1228,956,956,0,5,951,EGYENI,,,
241582,14_038_048,1638,1272,1272,0,9,1263,EGYENI,,,
241584,14_039_001,914,608,608,0,8,600,EGYENI,,,
241586,14_039_002,1001,624,623,-1,15,608,EGYENI,,,
241588,14_039_003,909,500,500,0,6,494,EGYENI,,,
241590,14_040_001,735,507,507,0,4,503,EGYENI,,,
241592,14_040_002,723,511,510,-1,11,499,EGYENI,,,
241594,14_040_003,738,539,539,0,4,535,EGYENI,,,
241596,14_040_004,729,530,528,-2,7,521,EGYENI,,,
241598,14_041_001,1141,821,820,-1,9,811,EGYENI,,,
241600,14_041_002,905,714,714,0,5,709,EGYENI,,,
241602,14_041_003,1028,763,763,0,7,756,EGYENI,,,
241604,14_041_004,931,723,723,0,7,716,EGYENI,,,
241606,14_041_005,1085,806,806,0,15,791,EGYENI,,,
241608,14_041_006,968,740,740,0,7,733,EGYENI,,,
241610,14_041_007,1023,800,800,0,7,793,EGYENI,,,
241612,14_041_008,813,640,640,0,7,633,EGYENI,,,
241614,14_041_009,1116,766,767,1,13,754,EGYENI,,,
241616,14_041_010,1142,867,867,0,5,862,EGYENI,,,
241618,14_041_011,873,667,666,-1,4,662,EGYENI,,,
241620,14_041_012,898,545,545,0,7,538,EGYENI,,,
241622,14_041_013,1205,968,968,0,5,963,EGYENI,,,
241624,14_041_014,979,744,742,-2,9,733,EGYENI,,,
241626,14_041_015,853,644,643,-1,3,640,EGYENI,,,
241628,14_041_016,1038,780,778,-2,6,772,EGYENI,,,
241630,14_042_001,755,530,529,-1,7,522,EGYENI,,,
241632,14_043_001,702,549,549,0,11,538,EGYENI,,,
241634,14_043_002,676,466,465,-1,2,463,EGYENI,,,
241636,14_043_003,730,472,472,0,4,468,EGYENI,,,
241638,14_044_001,901,604,604,0,9,595,EGYENI,,,
241640,14_044_002,602,419,419,0,7,412,EGYENI,,,
241642,14_045_001,1237,823,823,0,13,810,EGYENI,,,
241644,14_045_002,1125,750,750,0,8,742,EGYENI,,,
241646,14_045_003,139,62,62,0,0,62,EGYENI,,,
241648,14_046_001,770,632,632,0,4,628,EGYENI,,,
241650,14_046_002,836,670,672,2,21,651,EGYENI,,,
241652,14_046_003,913,762,762,0,9,753,EGYENI,,,
241654,14_046_004,1073,863,863,0,8,855,EGYENI,,,
241656,14_046_005,993,815,815,0,7,808,EGYENI,,,
241658,14_046_006,887,705,703,-2,6,697,EGYENI,,,
241660,14_046_007,1070,812,812,0,6,806,EGYENI,,,
241662,14_046_008,1210,973,973,0,12,961,EGYENI,,,
241664,14_046_009,269,187,187,0,1,186,EGYENI,,,
241666,14_046_010,714,539,538,-1,5,533,EGYENI,,,
241668,14_046_011,855,690,690,0,4,686,EGYENI,,,
241670,14_046_012,870,712,711,-1,6,705,EGYENI,,,
241672,14_046_013,775,596,595,-1,5,590,EGYENI,,,
241674,14_046_014,1282,1022,1022,0,17,1005,EGYENI,,,
241676,14_046_015,1329,1018,1019,1,15,1004,EGYENI,,,
241678,14_046_016,1225,973,973,0,4,969,EGYENI,,,
241680,14_046_017,1076,924,924,0,4,920,EGYENI,,,
241682,14_047_001,875,734,734,0,7,727,EGYENI,,,
241684,14_047_002,801,556,555,-1,1,554,EGYENI,,,
241686,14_047_003,1309,1018,1018,0,9,1009,EGYENI,,,
241688,14_047_004,857,675,675,0,6,669,EGYENI,,,
241690,14_047_005,891,678,675,-3,8,667,EGYENI,,,
241692,14_047_006,1152,915,915,0,6,909,EGYENI,,,
241694,14_047_007,906,681,681,0,5,676,EGYENI,,,
241696,14_047_008,873,712,711,-1,4,707,EGYENI,,,
241698,14_047_009,942,752,751,-1,10,741,EGYENI,,,
241700,14_047_010,1272,923,923,0,12,911,EGYENI,,,
241702,14_047_011,1050,837,836,-1,4,832,EGYENI,,,
241704,14_047_012,885,683,683,0,3,680,EGYENI,,,
241706,14_047_013,850,641,641,0,3,638,EGYENI,,,
241708,14_047_014,818,618,616,-2,8,608,EGYENI,,,
241710,14_047_015,861,661,661,0,6,655,EGYENI,,,
241712,14_047_016,753,547,547,0,6,541,EGYENI,,,
241714,14_047_017,662,480,480,0,7,473,EGYENI,,,
241716,14_047_018,727,525,524,-1,5,519,EGYENI,,,
241718,14_047_019,756,576,575,-1,5,570,EGYENI,,,
241720,14_047_020,930,680,680,0,3,677,EGYENI,,,
241722,14_047_021,601,486,487,1,11,476,EGYENI,,,
241724,14_047_022,2937,2616,2599,-17,14,2585,EGYENI,,,
241726,14_047_023,1186,994,994,0,10,984,EGYENI,,,
241728,14_047_024,769,638,638,0,5,633,EGYENI,,,
241730,14_047_025,784,653,654,1,13,641,EGYENI,,,
241732,14_047_026,863,618,617,-1,7,610,EGYENI,,,
241734,14_047_027,1044,827,826,-1,7,819,EGYENI,,,
241736,14_048_001,1100,789,789,0,7,782,EGYENI,,,
241738,14_048_002,1113,803,803,0,8,795,EGYENI,,,
241740,14_048_003,1132,758,758,0,8,750,EGYENI,,,
241742,14_048_004,1294,942,942,0,9,933,EGYENI,,,
241744,14_048_005,1164,778,778,0,8,770,EGYENI,,,
241746,14_048_006,1139,749,749,0,13,736,EGYENI,,,
241748,14_048_007,1102,738,738,0,12,726,EGYENI,,,
241750,14_048_008,1000,679,679,0,13,666,EGYENI,,,
241752,14_048_009,1346,864,861,-3,9,852,EGYENI,,,
241754,14_048_010,1081,670,670,0,10,660,EGYENI,,,
241756,14_048_011,756,485,486,1,11,475,EGYENI,,,
241758,14_048_012,897,584,584,0,9,575,EGYENI,,,
241760,14_048_013,868,549,549,0,6,543,EGYENI,,,
241762,14_048_014,1000,685,684,-1,4,680,EGYENI,,,
241764,14_048_015,960,630,630,0,15,615,EGYENI,,,
241766,14_048_016,948,621,619,-2,9,610,EGYENI,,,
241768,14_048_017,1185,816,816,0,7,809,EGYENI,,,
241770,14_048_018,1010,703,703,0,5,698,EGYENI,,,
241772,14_049_001,1167,863,862,-1,5,857,EGYENI,,,
241774,14_049_002,1062,747,747,0,9,738,EGYENI,,,
241776,14_049_003,952,691,691,0,3,688,EGYENI,,,
241778,14_049_004,777,518,518,0,7,511,EGYENI,,,
241780,14_049_005,801,610,610,0,7,603,EGYENI,,,
241782,14_049_006,836,561,560,-1,6,554,EGYENI,,,
241784,14_049_007,1117,799,799,0,6,793,EGYENI,,,
241786,14_049_008,1120,829,829,0,8,821,EGYENI,,,
241788,14_049_009,973,611,612,1,13,599,EGYENI,,,
241790,14_049_010,753,551,551,0,11,540,EGYENI,,,
241792,14_049_011,740,546,546,0,1,545,EGYENI,,,
241794,14_049_012,874,666,663,-3,4,659,EGYENI,,,
241796,14_049_013,773,586,586,0,7,579,EGYENI,,,
241798,14_049_014,822,558,557,-1,3,554,EGYENI,,,
241800,14_049_015,864,624,623,-1,10,613,EGYENI,,,
241802,14_049_016,1252,1017,1016,-1,10,1006,EGYENI,,,
241804,14_050_001,1077,776,776,0,5,771,EGYENI,,,
241806,14_050_002,1160,871,871,0,4,867,EGYENI,,,
241808,14_050_003,1073,782,782,0,8,774,EGYENI,,,
241810,14_050_004,1020,700,700,0,8,692,EGYENI,,,
241812,14_050_005,1051,771,771,0,11,760,EGYENI,,,
241814,14_050_006,1267,997,997,0,9,988,EGYENI,,,
241816,14_050_007,1060,739,737,-2,3,734,EGYENI,,,
241818,14_050_008,1238,967,967,0,5,962,EGYENI,,,
241820,14_051_001,888,689,689,0,2,687,EGYENI,,,
241822,14_051_002,1050,876,865,-11,8,857,EGYENI,,,
241824,14_052_001,989,619,618,-1,7,611,EGYENI,,,
241826,14_052_002,1214,757,756,-1,15,741,EGYENI,,,
241828,14_052_003,1093,693,693,0,9,684,EGYENI,,,
241830,14_053_001,1004,781,781,0,5,776,EGYENI,,,
241832,14_053_002,823,612,612,0,7,605,EGYENI,,,
241834,14_053_003,794,615,615,0,5,610,EGYENI,,,
241836,14_054_001,851,657,657,0,2,655,EGYENI,,,
241838,14_054_002,759,563,563,0,8,555,EGYENI,,,
241840,14_055_001,1051,749,749,0,12,737,EGYENI,,,
241842,14_055_002,805,583,583,0,7,576,EGYENI,,,
241844,14_055_003,928,675,675,0,8,667,EGYENI,,,
241846,14_055_004,868,623,623,0,10,613,EGYENI,,,
241848,14_056_001,324,239,239,0,0,239,EGYENI,,,
241850,14_057_001,205,138,138,0,2,136,EGYENI,,,
241852,14_058_001,1375,978,976,-2,13,963,EGYENI,,,
241854,14_058_002,1150,800,799,-1,11,788,EGYENI,,,
241856,14_058_003,1151,780,780,0,15,765,EGYENI,,,
241858,14_058_004,1389,953,951,-2,7,944,EGYENI,,,
241860,14_058_005,1013,764,763,-1,5,758,EGYENI,,,
241862,14_058_006,1016,775,775,0,8,767,EGYENI,,,
241864,14_058_007,973,672,672,0,10,662,EGYENI,,,
241866,14_058_008,1083,731,730,-1,6,724,EGYENI,,,
241868,14_059_001,764,450,450,0,8,442,EGYENI,,,
241870,14_059_002,650,413,413,0,6,407,EGYENI,,,
241872,14_059_003,628,418,418,0,4,414,EGYENI,,,
241874,14_060_001,793,540,541,1,13,528,EGYENI,,,
241876,14_060_002,683,462,460,-2,11,449,EGYENI,,,
241878,14_060_003,866,612,612,0,1,611,EGYENI,,,
241880,14_061_001,804,551,549,-2,7,542,EGYENI,,,
241882,14_061_002,784,534,534,0,5,529,EGYENI,,,
241884,14_061_003,835,551,550,-1,7,543,EGYENI,,,
241886,14_061_004,764,503,509,6,6,503,EGYENI,,,
241888,14_061_005,785,560,560,0,6,554,EGYENI,,,
241890,14_061_006,756,523,523,0,4,519,EGYENI,,,
241892,14_062_001,516,375,375,0,5,370,EGYENI,,,
241894,14_063_001,747,534,534,0,9,525,EGYENI,,,
241896,14_064_001,1078,792,792,0,10,782,EGYENI,,,
241898,14_064_002,1085,832,832,0,7,825,EGYENI,,,
241900,14_064_003,1021,802,799,-3,2,797,EGYENI,,,
241902,14_064_004,1246,812,812,0,8,804,EGYENI,,,
241904,14_064_005,991,725,726,1,12,714,EGYENI,,,
241906,14_064_006,1076,848,847,-1,4,843,EGYENI,,,
241908,14_064_007,931,727,727,0,6,721,EGYENI,,,
241910,14_064_008,1047,781,781,0,7,774,EGYENI,,,
241912,14_065_001,973,594,595,1,13,582,EGYENI,,,
241914,14_065_002,984,642,641,-1,8,633,EGYENI,,,
241916,14_065_003,1118,783,782,-1,13,769,EGYENI,,,
241918,14_065_004,1055,722,722,0,11,711,EGYENI,,,
241920,14_065_005,1066,669,669,0,6,663,EGYENI,,,
241922,14_065_006,1089,735,735,0,14,721,EGYENI,,,
241924,14_065_007,960,662,661,-1,4,657,EGYENI,,,
241926,14_066_001,1099,883,882,-1,8,874,EGYENI,,,
241928,14_066_002,856,717,717,0,10,707,EGYENI,,,
241930,14_067_001,566,401,400,-1,11,389,EGYENI,,,
241932,14_068_001,787,631,630,-1,9,621,EGYENI,,,
241934,14_069_001,1426,1114,1112,-2,9,1103,EGYENI,,,
241936,14_069_002,1159,835,838,3,33,805,EGYENI,,,
241938,14_069_003,1375,1099,1099,0,5,1094,EGYENI,,,
241940,14_069_004,1199,871,871,0,12,859,EGYENI,,,
241942,14_069_005,1425,1128,1128,0,6,1122,EGYENI,,,
241944,14_069_006,1150,905,905,0,5,900,EGYENI,,,
241946,14_069_007,1091,857,856,-1,6,850,EGYENI,,,
241948,14_069_008,1388,1064,1061,-3,12,1049,EGYENI,,,
241950,14_070_001,709,493,493,0,3,490,EGYENI,,,
241952,14_070_002,725,468,467,-1,7,460,EGYENI,,,
241954,14_071_001,1129,810,810,0,3,807,EGYENI,,,
241956,14_071_002,860,650,650,0,5,645,EGYENI,,,
241958,14_072_001,613,424,424,0,1,423,EGYENI,,,
241960,14_072_002,724,489,489,0,9,480,EGYENI,,,
241962,14_072_003,1160,729,728,-1,19,709,EGYENI,,,
241964,14_072_004,1066,614,614,0,4,610,EGYENI,,,
241966,14_073_001,593,436,436,0,8,428,EGYENI,,,
241968,14_074_001,632,452,441,-11,7,434,EGYENI,,,
241970,14_075_001,653,522,521,-1,6,515,EGYENI,,,
241972,14_075_002,849,663,663,0,5,658,EGYENI,,,
241974,14_075_003,769,628,626,-2,12,614,EGYENI,,,
241976,14_075_004,766,611,610,-1,7,603,EGYENI,,,
241978,14_076_001,876,657,656,-1,10,646,EGYENI,,,
241980,14_077_001,245,177,176,-1,1,175,EGYENI,,,
241982,14_078_001,1142,845,844,-1,4,840,EGYENI,,,
241984,14_078_002,1254,946,944,-2,13,931,EGYENI,,,
241986,14_078_003,1357,972,970,-2,12,958,EGYENI,,,
241988,14_078_004,1160,844,845,1,14,831,EGYENI,,,
241990,14_078_005,1180,821,820,-1,12,808,EGYENI,,,
241992,14_078_006,1126,818,812,-6,5,807,EGYENI,,,
241994,14_078_007,1177,873,873,0,5,868,EGYENI,,,
241996,14_078_008,1382,1124,1123,-1,8,1115,EGYENI,,,
241998,14_079_001,1356,964,964,0,11,953,EGYENI,,,
242000,14_080_001,1031,662,662,0,6,656,EGYENI,,,
242002,14_081_001,631,466,466,0,11,455,EGYENI,,,
242004,14_082_001,777,526,525,-1,7,518,EGYENI,,,
242006,14_082_002,699,500,500,0,9,491,EGYENI,,,
242008,14_082_003,838,543,543,0,8,535,EGYENI,,,
242010,14_082_004,1018,737,737,0,9,728,EGYENI,,,
242012,14_083_001,581,354,354,0,11,343,EGYENI,,,
242014,14_084_001,1128,895,895,0,3,892,EGYENI,,,
242016,14_084_002,1147,790,789,-1,5,784,EGYENI,,,
242018,14_084_003,1149,933,933,0,6,927,EGYENI,,,
242020,14_084_004,1158,846,845,-1,12,833,EGYENI,,,
242022,14_084_005,1249,885,885,0,6,879,EGYENI,,,
242024,14_085_001,2325,1947,1941,-6,18,1923,EGYENI,,,
242026,14_085_002,918,496,496,0,6,490,EGYENI,,,
242028,14_085_003,911,628,628,0,9,619,EGYENI,,,
242030,14_085_004,1041,711,710,-1,11,699,EGYENI,,,
242032,14_085_005,866,638,637,-1,3,634,EGYENI,,,
242034,14_085_006,875,630,630,0,3,627,EGYENI,,,
242036,14_085_007,975,647,647,0,6,641,EGYENI,,,
242038,14_085_008,833,541,541,0,1,540,EGYENI,,,
242040,14_085_009,917,652,652,0,8,644,EGYENI,,,
242042,14_085_010,894,642,642,0,3,639,EGYENI,,,
242044,14_085_011,898,680,682,2,19,663,EGYENI,,,
242046,14_085_012,724,526,526,0,5,521,EGYENI,,,
242048,14_085_013,954,702,702,0,6,696,EGYENI,,,
242050,14_085_014,869,653,643,-10,6,637,EGYENI,,,
242052,14_085_015,968,657,655,-2,4,651,EGYENI,,,
242054,14_085_016,1045,670,670,0,11,659,EGYENI,,,
242056,14_086_001,485,312,312,0,4,308,EGYENI,,,
242058,14_087_001,1293,899,899,0,6,893,EGYENI,,,
242060,14_087_002,1280,875,873,-2,7,866,EGYENI,,,
242062,14_087_003,1334,911,909,-2,10,899,EGYENI,,,
242064,14_087_004,1189,893,892,-1,4,888,EGYENI,,,
242066,14_087_005,1165,759,759,0,17,742,EGYENI,,,
242068,14_087_006,2605,2138,2128,-10,22,2106,EGYENI,,,
242070,14_087_007,1272,740,740,0,11,729,EGYENI,,,
242072,14_087_008,1146,658,657,-1,15,642,EGYENI,,,
242074,14_088_001,655,525,524,-1,4,520,EGYENI,,,
242076,14_088_002,794,604,604,0,3,601,EGYENI,,,
242078,14_088_003,765,639,639,0,6,633,EGYENI,,,
242080,14_088_004,883,722,715,-7,2,713,EGYENI,,,
242082,14_088_005,938,830,829,-1,5,824,EGYENI,,,
242084,14_088_006,959,808,806,-2,2,804,EGYENI,,,
242086,14_088_007,1000,844,844,0,4,840,EGYENI,,,
242088,14_089_001,1257,753,751,-2,12,739,EGYENI,,,
242090,14_089_002,1086,790,758,-32,9,749,EGYENI,,,
242092,14_089_003,1009,708,708,0,10,698,EGYENI,,,
242094,14_089_004,1069,691,692,1,11,681,EGYENI,,,
242096,14_089_005,1099,710,707,-3,5,702,EGYENI,,,
242098,14_089_006,1083,775,775,0,10,765,EGYENI,,,
242100,14_089_007,855,557,557,0,10,547,EGYENI,,,
242102,14_089_008,797,552,551,-1,4,547,EGYENI,,,
242104,14_089_009,762,516,516,0,6,510,EGYENI,,,
242106,14_089_010,734,473,473,0,12,461,EGYENI,,,
242108,14_089_011,701,436,436,0,5,431,EGYENI,,,
242110,14_089_012,755,548,548,0,7,541,EGYENI,,,
242112,14_089_013,1054,590,589,-1,9,580,EGYENI,,,
242114,14_089_014,1041,602,601,-1,18,583,EGYENI,,,
242116,14_089_015,740,548,548,0,15,533,EGYENI,,,
242118,14_089_016,814,438,437,-1,3,434,EGYENI,,,
242120,14_089_017,962,611,610,-1,7,603,EGYENI,,,
242122,14_089_018,861,526,526,0,8,518,EGYENI,,,
242124,14_089_019,823,532,529,-3,7,522,EGYENI,,,
242126,14_089_020,972,549,546,-3,10,536,EGYENI,,,
242128,14_090_001,974,699,698,-1,12,686,EGYENI,,,
242130,14_090_002,1045,784,782,-2,5,777,EGYENI,,,
242132,14_090_003,799,643,641,-2,10,631,EGYENI,,,
242134,14_090_004,1105,851,851,0,7,844,EGYENI,,,
242136,14_091_001,781,569,569,0,6,563,EGYENI,,,
242138,14_091_002,941,768,768,0,11,757,EGYENI,,,
242140,14_091_003,1260,1015,1014,-1,4,1010,EGYENI,,,
242142,14_091_004,1265,1060,1055,-5,7,1048,EGYENI,,,
242144,14_092_001,1018,616,616,0,13,603,EGYENI,,,
242146,14_092_002,1057,720,719,-1,6,713,EGYENI,,,
242148,14_092_003,977,584,582,-2,21,561,EGYENI,,,
242150,14_093_001,820,452,452,0,6,446,EGYENI,,,
242152,14_093_002,725,458,458,0,3,455,EGYENI,,,
242154,14_094_001,814,580,579,-1,4,575,EGYENI,,,
242156,14_094_002,916,675,675,0,5,670,EGYENI,,,
242158,14_094_003,854,634,634,0,6,628,EGYENI,,,
242160,14_094_004,1014,696,695,-1,1,694,EGYENI,,,
242162,14_094_005,756,520,520,0,5,515,EGYENI,,,
242164,14_094_006,1034,721,721,0,6,715,EGYENI,,,
242166,14_094_007,656,436,436,0,3,433,EGYENI,,,
242168,14_094_008,154,96,97,1,5,92,EGYENI,,,
242170,14_094_009,447,226,225,-1,3,222,EGYENI,,,
242172,14_094_010,958,691,687,-4,6,681,EGYENI,,,
242174,14_095_001,730,481,481,0,5,476,EGYENI,,,
242176,14_095_002,1055,520,520,0,11,509,EGYENI,,,
242178,14_095_003,956,619,618,-1,9,609,EGYENI,,,
242180,14_095_004,980,613,611,-2,12,599,EGYENI,,,
242182,14_096_001,856,602,602,0,6,596,EGYENI,,,
242184,14_096_002,1033,757,757,0,7,750,EGYENI,,,
242186,14_096_003,754,516,515,-1,7,508,EGYENI,,,
242188,14_096_004,830,635,632,-3,1,631,EGYENI,,,
242190,14_096_005,808,609,606,-3,6,600,EGYENI,,,
242192,14_096_006,828,619,619,0,8,611,EGYENI,,,
242194,14_096_007,1011,765,764,-1,8,756,EGYENI,,,
242196,14_097_001,671,395,395,0,5,390,EGYENI,,,
242198,14_097_002,828,431,431,0,5,426,EGYENI,,,
242200,14_098_001,1179,905,905,0,10,895,EGYENI,,,
242202,14_098_002,1247,986,986,0,3,983,EGYENI,,,
242204,14_098_003,1291,1003,1003,0,14,989,EGYENI,,,
242206,14_098_004,1217,828,824,-4,9,815,EGYENI,,,
242208,14_098_005,1136,834,835,1,13,822,EGYENI,,,
242210,14_099_001,1179,886,885,-1,11,874,EGYENI,,,
242212,14_100_001,842,616,616,0,7,609,EGYENI,,,
242214,14_100_002,777,617,617,0,4,613,EGYENI,,,
242216,14_101_001,276,200,200,0,3,197,EGYENI,,,
242218,14_102_001,945,750,750,0,5,745,EGYENI,,,
242220,14_102_002,831,672,672,0,10,662,EGYENI,,,
242222,14_102_003,778,581,579,-2,9,570,EGYENI,,,
242224,14_102_004,761,577,575,-2,9,566,EGYENI,,,
242226,14_102_005,805,492,492,0,7,485,EGYENI,,,
242228,14_102_006,662,469,469,0,4,465,EGYENI,,,
242230,14_102_007,826,570,568,-2,1,567,EGYENI,,,
242232,14_102_008,687,491,490,-1,4,486,EGYENI,,,
242234,14_102_009,912,741,741,0,4,737,EGYENI,,,
242236,14_102_010,912,759,759,0,6,753,EGYENI,,,
242238,14_102_011,843,611,611,0,4,607,EGYENI,,,
242240,14_102_012,896,680,678,-2,8,670,EGYENI,,,
242242,14_102_013,722,539,539,0,4,535,EGYENI,,,
242244,14_102_014,728,525,525,0,3,522,EGYENI,,,
242246,14_102_015,716,537,536,-1,6,530,EGYENI,,,
242248,14_102_016,779,535,534,-1,4,530,EGYENI,,,
242250,14_103_001,1080,740,733,-7,7,726,EGYENI,,,
242252,14_103_002,967,672,671,-1,12,659,EGYENI,,,
242254,14_104_001,1148,603,602,-1,15,587,EGYENI,,,
242256,14_104_002,1210,836,836,0,17,819,EGYENI,,,
242258,14_104_003,1036,723,723,0,7,716,EGYENI,,,
242260,14_104_004,1123,782,782,0,8,774,EGYENI,,,
242262,14_104_005,1175,734,734,0,9,725,EGYENI,,,
242264,14_104_006,1190,648,648,0,7,641,EGYENI,,,
242266,14_104_007,1157,658,658,0,10,648,EGYENI,,,
242268,14_104_008,681,409,409,0,10,399,EGYENI,,,
242270,14_104_009,669,406,405,-1,7,398,EGYENI,,,
242272,14_105_001,1077,860,860,0,13,847,EGYENI,,,
242274,14_105_002,1422,1141,1141,0,10,1131,EGYENI,,,
242276,14_105_003,606,465,465,0,3,462,EGYENI,,,
242278,14_106_001,1194,946,946,0,13,933,EGYENI,,,
242280,14_106_002,1158,682,682,0,7,675,EGYENI,,,
242282,14_106_003,1004,799,797,-2,12,785,EGYENI,,,
242284,14_106_004,824,699,698,-1,6,692,EGYENI,,,
242286,14_106_005,1134,870,870,0,3,867,EGYENI,,,
242288,14_106_006,920,770,769,-1,3,766,EGYENI,,,
242290,14_107_001,1401,1060,1055,-5,9,1046,EGYENI,,,
242293,14_108_001,947,719,721,2,19,702,EGYENI,,,
242295,14_108_002,1199,847,847,0,11,836,EGYENI,,,
242296,14_109_001,1154,912,912,0,8,904,EGYENI,,,
242298,14_109_002,1239,1035,993,-42,12,981,EGYENI,,,
242300,14_109_003,1025,791,791,0,11,780,EGYENI,,,
242302,14_110_001,900,701,700,-1,3,697,EGYENI,,,
242304,14_110_002,801,622,622,0,5,617,EGYENI,,,
242306,14_111_001,926,677,676,-1,6,670,EGYENI,,,
242308,14_112_001,1425,1076,1073,-3,3,1070,EGYENI,,,
242310,14_112_002,1392,945,945,0,9,936,EGYENI,,,
242312,14_112_003,1441,1103,1103,0,10,1093,EGYENI,,,
242314,14_112_004,1419,1070,1070,0,5,1065,EGYENI,,,
242316,14_112_005,1360,998,997,-1,6,991,EGYENI,,,
242318,14_112_006,1392,1057,1057,0,7,1050,EGYENI,,,
242320,14_112_007,1403,1103,1103,0,20,1083,EGYENI,,,
242322,14_112_008,1439,1044,1045,1,12,1033,EGYENI,,,
242324,14_113_001,945,722,722,0,7,715,EGYENI,,,
242326,14_113_002,839,679,679,0,3,676,EGYENI,,,
242328,14_113_003,872,578,579,1,9,570,EGYENI,,,
242330,14_113_004,747,423,423,0,10,413,EGYENI,,,
242332,14_113_005,906,686,686,0,12,674,EGYENI,,,
242334,14_113_006,986,786,786,0,6,780,EGYENI,,,
242336,14_113_007,1133,826,826,0,6,820,EGYENI,,,
242338,14_113_008,915,675,674,-1,6,668,EGYENI,,,
242340,14_113_009,838,681,679,-2,4,675,EGYENI,,,
242342,14_113_010,921,714,713,-1,8,705,EGYENI,,,
242344,14_113_011,751,600,600,0,3,597,EGYENI,,,
242346,14_113_012,873,670,662,-8,4,658,EGYENI,,,
242348,14_113_013,800,615,615,0,4,611,EGYENI,,,
242350,14_113_014,826,645,645,0,3,642,EGYENI,,,
242352,14_113_015,825,647,645,-2,4,641,EGYENI,,,
242354,14_113_016,801,622,620,-2,10,610,EGYENI,,,
242356,14_114_001,1154,809,807,-2,6,801,EGYENI,,,
242358,14_114_002,1003,753,752,-1,10,742,EGYENI,,,
242360,14_115_001,1056,663,640,-23,4,636,EGYENI,,,
242362,14_116_001,948,683,683,0,7,676,EGYENI,,,
242364,14_117_001,1077,863,863,0,6,857,EGYENI,,,
242366,14_118_001,574,403,403,0,2,401,EGYENI,,,
242368,14_119_001,919,662,658,-4,6,652,EGYENI,,,
242370,14_119_002,1082,694,693,-1,8,685,EGYENI,,,
242372,14_119_003,956,669,668,-1,7,661,EGYENI,,,
242374,14_119_004,1047,767,766,-1,7,759,EGYENI,,,
242376,14_119_005,1011,617,617,0,8,609,EGYENI,,,
242378,14_119_006,1020,589,591,2,18,573,EGYENI,,,
242380,14_119_007,1121,833,832,-1,9,823,EGYENI,,,
242382,14_119_008,1255,905,905,0,7,898,EGYENI,,,
242384,14_120_001,1515,1149,1149,0,17,1132,EGYENI,,,
242386,14_121_001,1064,833,832,-1,9,823,EGYENI,,,
242388,14_121_002,1141,937,937,0,5,932,EGYENI,,,
242390,14_121_003,1072,890,888,-2,6,882,EGYENI,,,
242392,14_121_004,1125,958,953,-5,4,949,EGYENI,,,
242394,14_121_005,1121,903,903,0,12,891,EGYENI,,,
242396,14_121_006,968,784,788,4,32,756,EGYENI,,,
242398,14_121_007,1074,876,878,2,17,861,EGYENI,,,
242400,14_121_008,895,678,678,0,6,672,EGYENI,,,
242402,14_122_001,1145,766,766,0,15,751,EGYENI,,,
242404,14_122_002,801,604,601,-3,5,596,EGYENI,,,
242406,14_122_003,874,667,667,0,5,662,EGYENI,,,
242408,14_123_001,836,601,602,1,18,584,EGYENI,,,
242410,14_123_002,990,663,664,1,13,651,EGYENI,,,
242412,14_123_003,902,634,632,-2,6,626,EGYENI,,,
242414,14_123_004,1051,719,719,0,4,715,EGYENI,,,
242416,14_123_005,842,602,602,0,11,591,EGYENI,,,
242418,14_123_006,951,674,674,0,6,668,EGYENI,,,
242420,14_123_007,1067,697,697,0,6,691,EGYENI,,,
242422,14_124_001,1164,946,945,-1,9,936,EGYENI,,,
242424,14_124_002,1341,1036,1035,-1,7,1028,EGYENI,,,
242426,14_124_003,1196,932,931,-1,6,925,EGYENI,,,
242428,14_124_004,739,581,580,-1,10,570,EGYENI,,,
242430,14_125_001,720,500,500,0,5,495,EGYENI,,,
242432,14_125_002,773,514,513,-1,9,504,EGYENI,,,
242434,14_125_003,742,532,532,0,1,531,EGYENI,,,
242436,14_125_004,792,554,554,0,3,551,EGYENI,,,
242438,14_125_005,840,588,589,1,19,570,EGYENI,,,
242440,14_125_006,729,514,513,-1,6,507,EGYENI,,,
242442,14_125_007,846,598,598,0,7,591,EGYENI,,,
242444,14_125_008,894,565,564,-1,8,556,EGYENI,,,
242446,14_125_009,959,652,653,1,12,641,EGYENI,,,
242448,14_125_010,968,800,800,0,2,798,EGYENI,,,
242450,14_125_011,1024,786,785,-1,3,782,EGYENI,,,
242452,14_125_012,1122,890,890,0,4,886,EGYENI,,,
242454,14_125_013,811,626,626,0,8,618,EGYENI,,,
242456,14_125_014,808,676,674,-2,3,671,EGYENI,,,
242458,14_125_015,1145,862,862,0,4,858,EGYENI,,,
242460,14_125_016,1150,930,930,0,6,924,EGYENI,,,
242462,14_126_001,994,833,833,0,3,830,EGYENI,,,
242464,14_126_002,937,716,716,0,7,709,EGYENI,,,
242466,14_126_003,1047,793,793,0,9,784,EGYENI,,,
242468,14_126_004,1086,749,748,-1,8,740,EGYENI,,,
242470,14_126_005,954,757,756,-1,6,750,EGYENI,,,
242472,14_126_006,1109,906,906,0,7,899,EGYENI,,,
242474,14_126_007,940,657,657,0,13,644,EGYENI,,,
242476,14_126_008,967,768,768,0,5,763,EGYENI,,,
242478,14_126_009,970,734,734,0,5,729,EGYENI,,,
242480,14_126_010,1076,873,870,-3,8,862,EGYENI,,,
242482,14_126_011,1004,852,852,0,3,849,EGYENI,,,
242484,14_126_012,975,803,803,0,3,800,EGYENI,,,
242486,14_126_013,1046,870,869,-1,5,864,EGYENI,,,
242488,14_126_014,1034,864,863,-1,3,860,EGYENI,,,
242490,14_126_015,1090,852,852,0,8,844,EGYENI,,,
242492,14_126_016,1012,821,821,0,10,811,EGYENI,,,
242494,14_126_017,1140,932,931,-1,9,922,EGYENI,,,
242496,14_126_018,4544,4020,3988,-32,26,3962,EGYENI,,,
242498,14_126_019,1298,1012,1012,0,4,1008,EGYENI,,,
242500,14_126_020,1288,1008,1006,-2,2,1004,EGYENI,,,
242502,14_127_001,786,485,485,0,6,479,EGYENI,,,
242504,14_127_002,749,426,424,-2,8,416,EGYENI,,,
242506,14_128_001,969,574,574,0,7,567,EGYENI,,,
242508,14_128_002,928,605,601,-4,6,595,EGYENI,,,
242510,14_128_003,1116,639,636,-3,8,628,EGYENI,,,
242512,14_128_004,972,611,609,-2,9,600,EGYENI,,,
242514,14_129_001,1113,809,799,-10,2,797,EGYENI,,,
242516,14_130_001,1186,814,814,0,9,805,EGYENI,,,
242518,14_130_002,967,688,688,0,10,678,EGYENI,,,
242520,14_131_001,748,506,506,0,9,497,EGYENI,,,
242522,14_131_002,846,546,544,-2,7,537,EGYENI,,,
242524,14_131_003,876,603,603,0,6,597,EGYENI,,,
242526,14_131_004,836,557,577,20,101,476,EGYENI,,,
242528,14_131_005,842,567,567,0,6,561,EGYENI,,,
242530,14_131_006,1064,709,709,0,2,707,EGYENI,,,
242532,14_131_007,1006,604,602,-2,7,595,EGYENI,,,
242534,14_131_008,759,493,493,0,8,485,EGYENI,,,
242536,14_131_009,889,604,603,-1,4,599,EGYENI,,,
242538,14_131_010,966,699,696,-3,12,684,EGYENI,,,
242540,14_131_011,790,535,534,-1,4,530,EGYENI,,,
242542,14_131_012,900,593,593,0,7,586,EGYENI,,,
242544,14_131_013,906,611,611,0,4,607,EGYENI,,,
242546,14_131_014,975,682,682,0,9,673,EGYENI,,,
242548,14_131_015,972,596,596,0,1,595,EGYENI,,,
242550,14_131_016,1003,719,719,0,9,710,EGYENI,,,
242552,14_132_001,1054,793,793,0,5,788,EGYENI,,,
242554,14_132_002,1227,832,831,-1,5,826,EGYENI,,,
242556,14_133_001,898,603,603,0,6,597,EGYENI,,,
242558,14_133_002,1079,787,786,-1,9,777,EGYENI,,,
242560,14_134_001,1231,847,846,-1,9,837,EGYENI,,,
242562,14_134_002,831,612,610,-2,5,605,EGYENI,,,
242564,14_134_003,862,548,548,0,13,535,EGYENI,,,
242566,14_134_004,963,639,639,0,3,636,EGYENI,,,
242568,14_134_005,1008,738,737,-1,3,734,EGYENI,,,
242570,14_134_006,3267,2773,2753,-20,24,2729,EGYENI,,,
242572,14_134_007,871,632,631,-1,9,622,EGYENI,,,
242574,14_134_008,1033,802,802,0,10,792,EGYENI,,,
242576,14_134_009,1203,869,867,-2,6,861,EGYENI,,,
242578,14_134_010,876,568,568,0,9,559,EGYENI,,,
242580,14_134_011,905,574,574,0,4,570,EGYENI,,,
242582,14_134_012,971,687,687,0,9,678,EGYENI,,,
242584,14_134_013,908,712,712,0,7,705,EGYENI,,,
242586,14_134_014,934,695,695,0,6,689,EGYENI,,,
242588,14_134_015,911,591,591,0,5,586,EGYENI,,,
242590,14_134_016,948,725,725,0,7,718,EGYENI,,,
242592,14_134_017,962,722,721,-1,11,710,EGYENI,,,
242594,14_134_018,906,631,631,0,8,623,EGYENI,,,
242596,14_134_019,902,655,655,0,7,648,EGYENI,,,
242598,14_134_020,1154,936,936,0,7,929,EGYENI,,,
242600,14_134_021,869,654,654,0,4,650,EGYENI,,,
242602,14_134_022,1102,806,803,-3,6,797,EGYENI,,,
242604,14_134_023,1090,685,685,0,8,677,EGYENI,,,
242606,14_134_024,1136,737,732,-5,5,727,EGYENI,,,
242608,14_134_025,1070,734,734,0,5,729,EGYENI,,,
242610,14_134_026,1073,741,742,1,10,732,EGYENI,,,
242612,14_134_027,1136,771,771,0,0,771,EGYENI,,,
242614,14_134_028,960,738,737,-1,8,729,EGYENI,,,
242616,14_134_029,1058,735,732,-3,9,723,EGYENI,,,
242618,14_134_030,1061,779,779,0,4,775,EGYENI,,,
242620,14_135_001,1074,751,752,1,14,738,EGYENI,,,
242622,14_135_002,755,524,524,0,5,519,EGYENI,,,
242624,14_136_001,658,452,452,0,3,449,EGYENI,,,
242626,14_136_002,625,432,432,0,2,430,EGYENI,,,
242628,14_136_003,803,607,607,0,7,600,EGYENI,,,
242631,14_137_001,675,461,463,2,21,442,EGYENI,,,
242633,14_137_002,812,583,583,0,5,578,EGYENI,,,
242634,14_138_001,1251,949,950,1,18,932,EGYENI,,,
242636,14_138_002,1213,875,874,-1,8,866,EGYENI,,,
242638,14_139_001,982,780,785,5,40,745,EGYENI,,,
242640,14_139_002,1136,861,860,-1,10,850,EGYENI,,,
242642,14_139_003,801,607,607,0,9,598,EGYENI,,,
242644,14_139_004,762,606,606,0,5,601,EGYENI,,,
242646,14_140_001,953,670,669,-1,3,666,EGYENI,,,
242648,14_140_002,1164,834,832,-2,9,823,EGYENI,,,
242650,14_140_003,1409,1148,1146,-2,2,1144,EGYENI,,,
242652,14_140_004,1331,1021,1020,-1,6,1014,EGYENI,,,
242654,14_141_001,696,489,489,0,14,475,EGYENI,,,
242656,14_141_002,1080,817,817,0,9,808,EGYENI,,,
242658,14_141_003,789,599,599,0,11,588,EGYENI,,,
242660,14_141_004,975,704,704,0,5,699,EGYENI,,,
242662,14_141_005,945,700,700,0,7,693,EGYENI,,,
242664,14_141_006,794,594,594,0,3,591,EGYENI,,,
242666,14_142_001,787,517,517,0,8,509,EGYENI,,,
242668,14_142_002,671,348,347,-1,5,342,EGYENI,,,
242670,14_143_001,953,627,626,-1,8,618,EGYENI,,,
242672,14_143_002,919,507,507,0,9,498,EGYENI,,,
242674,14_143_003,880,539,539,0,4,535,EGYENI,,,
242676,14_144_001,859,578,577,-1,2,575,EGYENI,,,
242678,14_144_002,904,607,607,0,9,598,EGYENI,,,
242680,14_144_003,1019,510,509,-1,7,502,EGYENI,,,
242682,14_145_001,620,328,328,0,6,322,EGYENI,,,
242684,14_145_002,816,486,486,0,7,479,EGYENI,,,
242686,14_145_003,613,361,361,0,6,355,EGYENI,,,
242688,14_145_004,663,364,364,0,6,358,EGYENI,,,
242690,14_146_001,548,309,309,0,6,303,EGYENI,,,
242692,14_146_002,877,592,593,1,17,576,EGYENI,,,
242694,14_146_003,797,512,512,0,6,506,EGYENI,,,
242696,14_147_001,778,464,462,-2,13,449,EGYENI,,,
242698,14_147_002,545,260,260,0,6,254,EGYENI,,,
242700,14_147_003,732,458,458,0,6,452,EGYENI,,,
242702,14_147_004,696,517,517,0,10,507,EGYENI,,,
242704,14_147_005,793,585,585,0,10,575,EGYENI,,,
242706,14_147_006,801,572,572,0,5,567,EGYENI,,,
242708,14_147_007,617,391,391,0,9,382,EGYENI,,,
242710,14_148_001,858,500,500,0,6,494,EGYENI,,,
242712,14_148_002,855,493,493,0,6,487,EGYENI,,,
242714,14_148_003,671,368,368,0,8,360,EGYENI,,,
242716,14_148_004,865,436,435,-1,8,427,EGYENI,,,
242718,14_148_005,806,484,484,0,5,479,EGYENI,,,
242720,14_148_006,732,457,457,0,3,454,EGYENI,,,
242722,14_149_001,993,715,715,0,8,707,EGYENI,,,
242724,14_149_002,880,625,625,0,4,621,EGYENI,,,
242726,14_149_003,982,714,714,0,8,706,EGYENI,,,
242728,14_149_004,1218,653,653,0,11,642,EGYENI,,,
242730,14_149_005,512,299,299,0,4,295,EGYENI,,,
242732,14_150_001,562,288,288,0,7,281,EGYENI,,,
242734,14_150_002,597,406,406,0,6,400,EGYENI,,,
242736,14_150_003,625,374,373,-1,6,367,EGYENI,,,
242738,14_150_004,585,353,353,0,5,348,EGYENI,,,
242740,14_151_001,1334,853,853,0,7,846,EGYENI,,,
242742,14_151_002,971,728,724,-4,5,719,EGYENI,,,
242744,14_151_003,1209,882,882,0,6,876,EGYENI,,,
242746,14_151_004,1191,780,780,0,11,769,EGYENI,,,
242748,14_151_005,1083,779,771,-8,4,767,EGYENI,,,
242750,14_151_006,1063,796,794,-2,7,787,EGYENI,,,
242752,14_151_007,1103,848,848,0,7,841,EGYENI,,,
242754,14_152_001,757,660,661,1,10,651,EGYENI,,,
242756,14_152_002,866,731,731,0,9,722,EGYENI,,,
242758,14_152_003,618,520,519,-1,6,513,EGYENI,,,
242760,14_152_004,812,696,695,-1,10,685,EGYENI,,,
242762,14_153_001,77,56,56,0,0,56,EGYENI,,,
242764,14_154_001,1409,1003,1003,0,15,988,EGYENI,,,
242766,14_155_001,1070,599,599,0,7,592,EGYENI,,,
242768,14_155_002,934,585,588,3,29,559,EGYENI,,,
242770,14_155_003,1083,639,639,0,6,633,EGYENI,,,
242772,14_156_001,1076,826,824,-2,8,816,EGYENI,,,
242774,14_157_001,771,487,487,0,4,483,EGYENI,,,
242776,14_157_002,791,521,521,0,9,512,EGYENI,,,
242778,14_157_003,1086,754,754,0,9,745,EGYENI,,,
242780,14_157_004,1286,861,861,0,9,852,EGYENI,,,
242782,14_157_005,1105,774,774,0,2,772,EGYENI,,,
242784,14_157_006,1124,817,818,1,10,808,EGYENI,,,
242786,14_157_007,1203,861,861,0,6,855,EGYENI,,,
242788,14_157_008,1033,723,722,-1,9,713,EGYENI,,,
242790,14_158_001,664,502,501,-1,6,495,EGYENI,,,
242792,14_158_002,647,452,448,-4,3,445,EGYENI,,,
242794,14_158_003,674,447,447,0,3,444,EGYENI,,,
242796,14_158_004,769,533,531,-2,4,527,EGYENI,,,
242798,14_158_005,578,457,457,0,3,454,EGYENI,,,
242800,14_158_006,607,432,432,0,4,428,EGYENI,,,
242802,14_158_007,656,513,513,0,5,508,EGYENI,,,
242804,14_158_008,685,546,547,1,11,536,EGYENI,,,
242806,14_158_009,632,483,482,-1,6,476,EGYENI,,,
242808,14_158_010,632,503,475,-28,7,468,EGYENI,,,
242810,14_158_011,727,649,650,1,8,642,EGYENI,,,
242812,14_158_012,811,575,574,-1,1,573,EGYENI,,,
242814,14_158_013,663,493,473,-20,5,468,EGYENI,,,
242816,14_158_014,600,477,477,0,7,470,EGYENI,,,
242818,14_158_015,660,508,500,-8,4,496,EGYENI,,,
242820,14_158_016,714,595,595,0,4,591,EGYENI,,,
242822,14_159_001,874,500,500,0,7,493,EGYENI,,,
242824,14_159_002,829,541,541,0,4,537,EGYENI,,,
242826,14_159_003,866,479,479,0,5,474,EGYENI,,,
242828,14_159_004,789,454,454,0,2,452,EGYENI,,,
242830,14_160_001,712,522,522,0,6,516,EGYENI,,,
242832,14_160_002,1029,620,620,0,2,618,EGYENI,,,
242834,14_160_003,948,653,653,0,14,639,EGYENI,,,
242836,14_160_004,668,379,379,0,5,374,EGYENI,,,
242838,14_160_005,722,498,498,0,7,491,EGYENI,,,
242840,14_160_006,674,514,514,0,5,509,EGYENI,,,
242842,14_160_007,610,449,448,-1,2,446,EGYENI,,,
242844,14_160_008,770,546,546,0,4,542,EGYENI,,,
242846,14_161_001,688,516,514,-2,9,505,EGYENI,,,
242848,14_161_002,746,586,585,-1,3,582,EGYENI,,,
242850,14_161_003,786,614,614,0,10,604,EGYENI,,,
242852,14_162_001,700,508,508,0,5,503,EGYENI,,,
242854,14_162_002,736,560,560,0,7,553,EGYENI,,,
242856,14_163_001,673,434,434,0,5,429,EGYENI,,,
242858,14_163_002,741,486,486,0,6,480,EGYENI,,,
242860,14_163_003,713,390,390,0,3,387,EGYENI,,,
242862,14_164_001,1040,730,730,0,7,723,EGYENI,,,
242864,14_164_002,1028,694,694,0,7,687,EGYENI,,,
242866,14_165_001,1196,843,843,0,7,836,EGYENI,,,
242868,14_165_002,1243,830,830,0,10,820,EGYENI,,,
242870,14_165_003,1096,730,730,0,9,721,EGYENI,,,
242872,14_165_004,1016,642,642,0,11,631,EGYENI,,,
242874,14_165_005,1178,775,772,-3,6,766,EGYENI,,,
242876,14_165_006,1237,871,870,-1,7,863,EGYENI,,,
242878,14_165_007,745,533,533,0,3,530,EGYENI,,,
242880,14_165_008,1219,865,861,-4,3,858,EGYENI,,,
242882,14_165_009,740,590,590,0,3,587,EGYENI,,,
242884,14_166_001,947,778,774,-4,10,764,EGYENI,,,
242886,14_166_002,1292,1055,1055,0,4,1051,EGYENI,,,
242888,14_166_003,1328,1064,1062,-2,13,1049,EGYENI,,,
242890,14_166_004,1346,1079,1079,0,9,1070,EGYENI,,,
242892,14_166_005,1148,971,971,0,4,967,EGYENI,,,
242894,14_167_001,1051,635,634,-1,10,624,EGYENI,,,
242896,14_167_002,904,533,532,-1,6,526,EGYENI,,,
242898,14_168_001,747,550,550,0,2,548,EGYENI,,,
242900,14_168_002,783,531,531,0,7,524,EGYENI,,,
242902,14_169_001,1124,823,823,0,9,814,EGYENI,,,
242904,14_169_002,1183,868,868,0,8,860,EGYENI,,,
242906,14_169_003,678,511,511,0,4,507,EGYENI,,,
242908,14_169_004,978,720,719,-1,6,713,EGYENI,,,
242910,14_169_005,878,693,693,0,3,690,EGYENI,,,
242912,14_169_006,824,630,630,0,9,621,EGYENI,,,
242914,14_169_007,716,539,539,0,7,532,EGYENI,,,
242916,14_169_008,783,618,618,0,0,618,EGYENI,,,
242918,14_169_009,858,673,672,-1,8,664,EGYENI,,,
242920,14_169_010,871,716,717,1,8,709,EGYENI,,,
242922,14_169_011,888,587,579,-8,3,576,EGYENI,,,
242924,14_169_012,689,523,523,0,5,518,EGYENI,,,
242926,14_169_013,642,449,450,1,5,445,EGYENI,,,
242928,14_169_014,794,616,616,0,12,604,EGYENI,,,
242930,14_169_015,946,662,662,0,3,659,EGYENI,,,
242932,14_169_016,614,401,401,0,5,396,EGYENI,,,
242934,14_169_017,719,483,483,0,12,471,EGYENI,,,
242936,14_169_018,1128,735,735,0,3,732,EGYENI,,,
242938,14_169_019,616,507,507,0,6,501,EGYENI,,,
242940,14_169_020,906,724,724,0,5,719,EGYENI,,,
242942,14_169_021,1102,873,873,0,11,862,EGYENI,,,
242944,14_169_022,630,522,521,-1,4,517,EGYENI,,,
242946,14_169_023,2818,2406,2398,-8,25,2373,EGYENI,,,
242948,14_169_024,1069,832,832,0,2,830,EGYENI,,,
242950,14_169_025,1031,789,791,2,21,770,EGYENI,,,
242952,14_169_026,734,544,542,-2,10,532,EGYENI,,,
242954,14_169_027,790,573,573,0,5,568,EGYENI,,,
242956,14_169_028,824,665,665,0,4,661,EGYENI,,,
242958,14_169_029,1160,791,791,0,4,787,EGYENI,,,
242960,14_169_030,1206,999,1001,2,22,979,EGYENI,,,
242962,14_170_001,1252,936,936,0,10,926,EGYENI,,,
242964,14_171_001,731,480,480,0,10,470,EGYENI,,,
242966,14_172_001,725,536,536,0,2,534,EGYENI,,,
242968,14_172_002,763,558,558,0,5,553,EGYENI,,,
242970,14_173_001,382,297,297,0,3,294,EGYENI,,,
242972,14_174_001,682,495,494,-1,9,485,EGYENI,,,
242974,14_174_002,892,659,659,0,6,653,EGYENI,,,
242976,14_175_001,891,604,604,0,12,592,EGYENI,,,
242978,14_175_002,832,626,615,-11,4,611,EGYENI,,,
242980,14_176_001,580,394,394,0,5,389,EGYENI,,,
242982,14_176_002,563,344,345,1,15,330,EGYENI,,,
242984,14_177_001,2380,2063,2053,-10,18,2035,EGYENI,,,
242986,14_177_002,537,397,397,0,6,391,EGYENI,,,
242988,14_177_003,592,438,432,-6,7,425,EGYENI,,,
242990,14_177_004,579,442,441,-1,3,438,EGYENI,,,
242992,14_177_005,641,441,441,0,2,439,EGYENI,,,
242994,14_177_006,664,470,470,0,10,460,EGYENI,,,
242996,14_177_007,676,471,471,0,5,466,EGYENI,,,
242998,14_177_008,591,385,385,0,6,379,EGYENI,,,
243000,14_177_009,621,424,424,0,7,417,EGYENI,,,
243002,14_177_010,618,428,428,0,5,423,EGYENI,,,
243004,14_177_011,611,431,431,0,5,426,EGYENI,,,
243006,14_177_012,701,500,500,0,4,496,EGYENI,,,
243008,14_177_013,728,511,511,0,9,502,EGYENI,,,
243010,14_177_014,761,555,554,-1,6,548,EGYENI,,,
243012,14_177_015,807,655,655,0,6,649,EGYENI,,,
243014,14_177_016,618,464,463,-1,6,457,EGYENI,,,
243016,14_177_017,666,499,499,0,5,494,EGYENI,,,
243018,14_177_018,621,478,477,-1,9,468,EGYENI,,,
243020,14_177_019,710,524,526,2,21,505,EGYENI,,,
243022,14_177_020,710,506,506,0,7,499,EGYENI,,,
243024,14_177_021,784,503,503,0,4,499,EGYENI,,,
243026,14_177_022,1081,774,773,-1,18,755,EGYENI,,,
243028,14_177_023,787,531,531,0,5,526,EGYENI,,,
243030,14_177_024,802,548,547,-1,4,543,EGYENI,,,
243032,14_178_001,1027,792,792,0,6,786,EGYENI,,,
243034,14_178_002,954,727,727,0,11,716,EGYENI,,,
243036,14_178_003,909,586,586,0,7,579,EGYENI,,,
243038,14_178_004,942,678,677,-1,5,672,EGYENI,,,
243040,14_178_005,776,558,558,0,2,556,EGYENI,,,
243042,14_178_006,789,608,607,-1,7,600,EGYENI,,,
243044,14_178_007,1017,836,835,-1,6,829,EGYENI,,,
243046,14_178_008,1001,815,815,0,2,813,EGYENI,,,
243048,14_178_009,1085,909,910,1,8,902,EGYENI,,,
243050,14_178_010,1072,904,904,0,7,897,EGYENI,,,
243052,14_178_011,865,718,718,0,5,713,EGYENI,,,
243054,14_178_012,871,670,670,0,3,667,EGYENI,,,
243056,14_178_013,789,616,616,0,3,613,EGYENI,,,
243058,14_178_014,1041,795,793,-2,5,788,EGYENI,,,
243060,14_178_015,843,609,609,0,1,608,EGYENI,,,
243062,14_178_016,814,592,592,0,10,582,EGYENI,,,
243064,14_179_001,947,755,755,0,4,751,EGYENI,,,
243066,14_179_002,1037,784,783,-1,6,777,EGYENI,,,
243068,14_179_003,1008,778,777,-1,9,768,EGYENI,,,
243070,14_180_001,1036,652,652,0,8,644,EGYENI,,,
243072,14_181_001,730,564,566,2,18,548,EGYENI,,,
243074,14_181_002,637,457,456,-1,8,448,EGYENI,,,
243076,14_182_001,978,788,782,-6,5,777,EGYENI,,,
243078,14_183_001,1168,924,926,2,20,906,EGYENI,,,
243080,14_183_002,1224,865,865,0,7,858,EGYENI,,,
243082,14_183_003,880,673,674,1,15,659,EGYENI,,,
243084,14_183_004,982,777,776,-1,8,768,EGYENI,,,
243086,14_184_001,926,621,621,0,2,619,EGYENI,,,
243088,14_184_002,1049,683,683,0,7,676,EGYENI,,,
243090,14_185_001,938,572,572,0,12,560,EGYENI,,,
243092,14_185_002,731,486,486,0,7,479,EGYENI,,,
243094,14_186_001,746,649,648,-1,8,640,EGYENI,,,
243096,14_187_001,1012,659,656,-3,9,647,EGYENI,,,
243098,14_187_002,980,672,672,0,5,667,EGYENI,,,
243100,14_187_003,943,650,650,0,7,643,EGYENI,,,
243102,14_187_004,1019,646,646,0,12,634,EGYENI,,,
243104,15_001_001,186,127,126,-1,2,124,EGYENI,,,
243106,15_002_001,680,469,469,0,5,464,EGYENI,,,
243108,15_002_002,93,65,65,0,0,65,EGYENI,,,
243110,15_003_001,754,500,500,0,14,486,EGYENI,,,
243112,15_003_002,967,641,641,0,6,635,EGYENI,,,
243114,15_004_001,624,397,396,-1,7,389,EGYENI,,,
243116,15_004_002,536,300,300,0,1,299,EGYENI,,,
243118,15_005_001,140,84,84,0,0,84,EGYENI,,,
243120,15_006_001,877,644,642,-2,7,635,EGYENI,,,
243122,15_007_001,852,625,625,0,2,623,EGYENI,,,
243124,15_007_002,730,501,501,0,5,496,EGYENI,,,
243126,15_007_003,768,570,570,0,3,567,EGYENI,,,
243128,15_007_004,824,598,598,0,6,592,EGYENI,,,
243130,15_007_005,756,574,574,0,4,570,EGYENI,,,
243132,15_007_006,544,353,353,0,6,347,EGYENI,,,
243134,15_008_001,1058,728,727,-1,12,715,EGYENI,,,
243136,15_009_001,748,502,500,-2,6,494,EGYENI,,,
243138,15_009_002,833,572,570,-2,11,559,EGYENI,,,
243140,15_009_003,112,72,72,0,3,69,EGYENI,,,
243142,15_010_001,870,665,664,-1,9,655,EGYENI,,,
243144,15_010_002,1001,769,768,-1,8,760,EGYENI,,,
243146,15_011_001,670,494,494,0,8,486,EGYENI,,,
243148,15_011_002,668,446,446,0,4,442,EGYENI,,,
243150,15_012_001,794,541,541,0,5,536,EGYENI,,,
243152,15_012_002,774,523,523,0,4,519,EGYENI,,,
243154,15_012_003,732,534,535,1,9,526,EGYENI,,,
243156,15_012_004,677,496,496,0,5,491,EGYENI,,,
243158,15_012_005,854,622,619,-3,12,607,EGYENI,,,
243160,15_013_001,611,426,425,-1,5,420,EGYENI,,,
243162,15_014_001,410,312,313,1,6,307,EGYENI,,,
243164,15_015_001,707,537,537,0,10,527,EGYENI,,,
243166,15_015_002,551,359,358,-1,4,354,EGYENI,,,
243168,15_015_003,522,356,356,0,4,352,EGYENI,,,
243170,15_015_004,547,378,378,0,1,377,EGYENI,,,
243172,15_016_001,861,647,644,-3,8,636,EGYENI,,,
243174,15_016_002,872,650,650,0,3,647,EGYENI,,,
243176,15_017_001,730,534,534,0,3,531,EGYENI,,,
243178,15_017_002,653,501,501,0,8,493,EGYENI,,,
243180,15_018_001,637,463,463,0,5,458,EGYENI,,,
243182,15_018_002,604,418,418,0,4,414,EGYENI,,,
243184,15_019_001,358,263,263,0,3,260,EGYENI,,,
243186,15_020_001,975,603,591,-12,7,584,EGYENI,,,
243188,15_020_002,866,605,605,0,6,599,EGYENI,,,
243190,15_020_003,1992,1724,1712,-12,10,1702,EGYENI,,,
243192,15_020_004,1111,588,588,0,11,577,EGYENI,,,
243194,15_020_005,992,580,580,0,7,573,EGYENI,,,
243196,15_020_006,1096,793,793,0,9,784,EGYENI,,,
243198,15_020_007,1050,661,660,-1,6,654,EGYENI,,,
243200,15_020_008,1076,705,705,0,10,695,EGYENI,,,
243202,15_020_009,494,311,311,0,5,306,EGYENI,,,
243204,15_020_010,236,148,147,-1,4,143,EGYENI,,,
243206,15_021_001,615,429,429,0,7,422,EGYENI,,,
243208,15_022_001,615,330,330,0,4,326,EGYENI,,,
243210,15_023_001,472,279,279,0,1,278,EGYENI,,,
243212,15_024_001,884,605,603,-2,12,591,EGYENI,,,
243214,15_025_001,302,154,155,1,3,152,EGYENI,,,
243216,15_026_001,404,267,267,0,3,264,EGYENI,,,
243218,15_027_001,835,567,567,0,4,563,EGYENI,,,
243220,15_027_002,1007,603,603,0,6,597,EGYENI,,,
243222,15_028_001,278,192,192,0,2,190,EGYENI,,,
243224,15_029_001,280,199,199,0,2,197,EGYENI,,,
243226,15_030_001,321,236,236,0,6,230,EGYENI,,,
243228,15_031_001,551,295,295,0,3,292,EGYENI,,,
243230,15_032_001,201,126,126,0,1,125,EGYENI,,,
243232,15_033_001,881,534,534,0,11,523,EGYENI,,,
243234,15_033_002,857,505,503,-2,8,495,EGYENI,,,
243236,15_034_001,392,231,231,0,3,228,EGYENI,,,
243238,15_035_001,597,399,398,-1,3,395,EGYENI,,,
243240,15_035_002,377,261,260,-1,5,255,EGYENI,,,
243242,15_036_001,190,118,118,0,2,116,EGYENI,,,
243244,15_037_001,193,97,97,0,2,95,EGYENI,,,
243246,15_038_001,167,133,133,0,0,133,EGYENI,,,
243248,15_039_001,573,375,375,0,4,371,EGYENI,,,
243250,15_039_002,582,334,334,0,9,325,EGYENI,,,
243252,15_040_001,337,234,234,0,1,233,EGYENI,,,
243254,15_041_001,219,156,150,-6,6,144,EGYENI,,,
243256,15_042_001,733,460,460,0,8,452,EGYENI,,,
243258,15_043_001,207,151,151,0,1,150,EGYENI,,,
243260,15_044_001,559,373,373,0,3,370,EGYENI,,,
243262,15_044_002,687,423,423,0,3,420,EGYENI,,,
243264,15_044_003,714,481,480,-1,9,471,EGYENI,,,
243266,15_044_004,806,556,556,0,6,550,EGYENI,,,
243268,15_044_005,559,375,375,0,5,370,EGYENI,,,
243270,15_044_006,547,348,349,1,7,342,EGYENI,,,
243272,15_045_001,119,79,79,0,1,78,EGYENI,,,
243274,15_046_001,691,416,416,0,10,406,EGYENI,,,
243276,15_047_001,111,77,77,0,0,77,EGYENI,,,
243278,15_048_001,179,109,109,0,0,109,EGYENI,,,
243280,15_049_001,154,108,108,0,0,108,EGYENI,,,
243282,15_050_001,139,90,90,0,3,87,EGYENI,,,
243284,15_051_001,271,162,161,-1,1,160,EGYENI,,,
243286,15_052_001,93,64,64,0,2,62,EGYENI,,,
243288,15_053_001,243,148,147,-1,2,145,EGYENI,,,
243290,15_054_001,941,655,654,-1,8,646,EGYENI,,,
243292,15_054_002,1025,755,755,0,4,751,EGYENI,,,
243294,15_054_003,1057,779,779,0,3,776,EGYENI,,,
243296,15_054_004,1036,734,734,0,4,730,EGYENI,,,
243298,15_055_001,64,44,44,0,0,44,EGYENI,,,
243300,15_056_001,68,40,40,0,2,38,EGYENI,,,
243302,15_057_001,244,139,138,-1,7,131,EGYENI,,,
243304,15_058_001,451,257,257,0,4,253,EGYENI,,,
243306,15_058_002,97,65,65,0,1,64,EGYENI,,,
243308,15_059_001,175,113,113,0,3,110,EGYENI,,,
243310,15_060_001,272,157,157,0,3,154,EGYENI,,,
243312,15_061_001,574,359,359,0,2,357,EGYENI,,,
243314,15_061_002,80,43,44,1,3,41,EGYENI,,,
243316,15_062_001,378,244,244,0,5,239,EGYENI,,,
243318,15_062_002,454,223,223,0,6,217,EGYENI,,,
243320,15_063_001,775,540,540,0,10,530,EGYENI,,,
243322,15_064_001,227,162,162,0,1,161,EGYENI,,,
243324,15_065_001,161,105,105,0,0,105,EGYENI,,,
243326,15_066_001,280,182,182,0,5,177,EGYENI,,,
243328,15_067_001,533,340,340,0,9,331,EGYENI,,,
243330,15_068_001,296,163,163,0,6,157,EGYENI,,,
243332,15_069_001,257,181,181,0,4,177,EGYENI,,,
243334,15_070_001,205,123,123,0,3,120,EGYENI,,,
243336,15_071_001,892,649,648,-1,15,633,EGYENI,,,
243338,15_072_001,189,131,131,0,5,126,EGYENI,,,
243340,15_073_001,812,443,442,-1,6,436,EGYENI,,,
243342,15_074_001,40,27,27,0,0,27,EGYENI,,,
243344,15_075_001,1028,725,725,0,8,717,EGYENI,,,
243346,15_076_001,360,207,207,0,4,203,EGYENI,,,
243348,15_077_001,966,545,545,0,8,537,EGYENI,,,
243350,15_078_001,896,476,476,0,5,471,EGYENI,,,
243352,15_079_001,361,186,185,-1,2,183,EGYENI,,,
243354,15_080_001,474,287,287,0,4,283,EGYENI,,,
243356,15_081_001,961,700,700,0,8,692,EGYENI,,,
243358,15_082_001,669,389,395,6,30,365,EGYENI,,,
243360,15_082_002,606,360,360,0,6,354,EGYENI,,,
243362,15_082_003,660,385,385,0,8,377,EGYENI,,,
243364,15_083_001,496,318,318,0,7,311,EGYENI,,,
243366,15_084_001,665,451,452,1,13,439,EGYENI,,,
243368,15_084_002,597,389,381,-8,4,377,EGYENI,,,
243370,15_085_001,78,61,60,-1,1,59,EGYENI,,,
243372,15_086_001,361,203,203,0,8,195,EGYENI,,,
243374,15_087_001,229,131,131,0,8,123,EGYENI,,,
243376,15_088_001,682,489,490,1,18,472,EGYENI,,,
243378,15_088_002,614,436,436,0,10,426,EGYENI,,,
243380,15_088_003,611,471,470,-1,11,459,EGYENI,,,
243382,15_089_001,795,542,542,0,14,528,EGYENI,,,
243384,15_090_001,564,422,421,-1,6,415,EGYENI,,,
243386,15_091_001,848,547,546,-1,10,536,EGYENI,,,
243388,15_091_002,801,573,573,0,6,567,EGYENI,,,
243390,15_091_003,871,560,560,0,9,551,EGYENI,,,
243392,15_091_004,775,498,498,0,7,491,EGYENI,,,
243394,15_091_005,878,596,596,0,8,588,EGYENI,,,
243396,15_091_006,969,734,723,-11,12,711,EGYENI,,,
243398,15_091_007,797,584,582,-2,4,578,EGYENI,,,
243400,15_091_008,878,551,551,0,7,544,EGYENI,,,
243402,15_091_009,700,445,445,0,4,441,EGYENI,,,
243404,15_091_010,633,420,420,0,7,413,EGYENI,,,
243406,15_091_011,649,463,463,0,4,459,EGYENI,,,
243408,15_091_012,873,604,604,0,6,598,EGYENI,,,
243410,15_091_013,852,510,507,-3,11,496,EGYENI,,,
243412,15_091_014,745,521,520,-1,14,506,EGYENI,,,
243414,15_091_015,852,639,639,0,7,632,EGYENI,,,
243416,15_091_016,833,607,607,0,12,595,EGYENI,,,
243418,15_091_017,942,729,725,-4,11,714,EGYENI,,,
243420,15_091_018,847,628,628,0,6,622,EGYENI,,,
243422,15_091_019,613,389,389,0,3,386,EGYENI,,,
243424,15_091_020,643,411,411,0,1,410,EGYENI,,,
243426,15_091_021,937,682,682,0,5,677,EGYENI,,,
243428,15_091_022,1004,709,708,-1,16,692,EGYENI,,,
243430,15_091_023,1085,844,840,-4,11,829,EGYENI,,,
243432,15_091_024,940,576,578,2,32,546,EGYENI,,,
243434,15_091_025,912,636,636,0,12,624,EGYENI,,,
243436,15_091_026,702,519,519,0,5,514,EGYENI,,,
243438,15_091_027,683,428,428,0,7,421,EGYENI,,,
243440,15_091_028,640,420,420,0,2,418,EGYENI,,,
243442,15_091_029,714,434,433,-1,10,423,EGYENI,,,
243444,15_091_030,999,661,657,-4,9,648,EGYENI,,,
243446,15_091_031,895,586,586,0,8,578,EGYENI,,,
243448,15_091_032,763,473,473,0,3,470,EGYENI,,,
243450,15_091_033,812,544,544,0,7,537,EGYENI,,,
243452,15_091_034,695,512,512,0,4,508,EGYENI,,,
243454,15_091_035,688,533,533,0,7,526,EGYENI,,,
243456,15_091_036,688,306,306,0,2,304,EGYENI,,,
243458,15_091_037,2847,2423,2423,0,19,2404,EGYENI,,,
243460,15_091_038,839,591,590,-1,10,580,EGYENI,,,
243462,15_091_039,1010,663,665,2,26,639,EGYENI,,,
243464,15_091_040,816,643,642,-1,10,632,EGYENI,,,
243466,15_091_041,840,679,679,0,3,676,EGYENI,,,
243468,15_091_042,720,576,576,0,6,570,EGYENI,,,
243470,15_091_043,828,654,654,0,7,647,EGYENI,,,
243472,15_091_044,752,542,542,0,12,530,EGYENI,,,
243474,15_091_045,696,510,510,0,4,506,EGYENI,,,
243476,15_091_046,757,570,569,-1,6,563,EGYENI,,,
243478,15_091_047,715,554,553,-1,6,547,EGYENI,,,
243480,15_091_048,690,531,531,0,9,522,EGYENI,,,
243482,15_091_049,693,514,514,0,10,504,EGYENI,,,
243484,15_091_050,757,536,534,-2,11,523,EGYENI,,,
243486,15_091_051,766,433,433,0,6,427,EGYENI,,,
243488,15_091_052,1135,816,816,0,18,798,EGYENI,,,
243490,15_091_053,742,531,530,-1,9,521,EGYENI,,,
243492,15_091_054,1015,550,550,0,7,543,EGYENI,,,
243494,15_091_055,907,409,409,0,15,394,EGYENI,,,
243496,15_091_056,714,531,531,0,4,527,EGYENI,,,
243498,15_091_057,1079,796,794,-2,5,789,EGYENI,,,
243500,15_091_058,861,566,566,0,8,558,EGYENI,,,
243502,15_091_059,972,767,767,0,12,755,EGYENI,,,
243504,15_092_001,517,362,362,0,5,357,EGYENI,,,
243506,15_092_002,596,397,397,0,4,393,EGYENI,,,
243508,15_093_001,156,91,91,0,1,90,EGYENI,,,
243510,15_094_001,76,51,51,0,3,48,EGYENI,,,
243513,15_095_001,216,160,160,0,3,157,EGYENI,,,
243515,15_096_001,413,261,261,0,11,250,EGYENI,,,
243516,15_097_001,352,209,209,0,2,207,EGYENI,,,
243518,15_098_001,41,32,32,0,0,32,EGYENI,,,
243520,15_099_001,273,184,184,0,1,183,EGYENI,,,
243522,15_100_001,273,156,156,0,1,155,EGYENI,,,
243524,15_101_001,424,295,295,0,6,289,EGYENI,,,
243526,15_102_001,563,348,348,0,6,342,EGYENI,,,
243528,15_102_002,493,350,349,-1,3,346,EGYENI,,,
243530,15_102_003,573,387,387,0,8,379,EGYENI,,,
243532,15_103_001,132,66,66,0,2,64,EGYENI,,,
243534,15_104_001,278,171,171,0,2,169,EGYENI,,,
243537,15_105_001,296,196,196,0,4,192,EGYENI,,,
243539,15_106_001,126,80,80,0,1,79,EGYENI,,,
243540,15_107_001,174,109,109,0,2,107,EGYENI,,,
243542,15_108_001,716,453,453,0,1,452,EGYENI,,,
243544,15_109_001,146,103,102,-1,1,101,EGYENI,,,
243546,15_110_001,395,265,265,0,5,260,EGYENI,,,
243548,15_111_001,260,109,109,0,3,106,EGYENI,,,
243550,15_111_002,124,70,70,0,3,67,EGYENI,,,
243552,15_112_001,1154,765,765,0,3,762,EGYENI,,,
243554,15_113_001,500,316,316,0,9,307,EGYENI,,,
243556,15_113_002,534,289,290,1,9,281,EGYENI,,,
243558,15_114_001,472,247,247,0,1,246,EGYENI,,,
243560,15_115_001,412,215,215,0,1,214,EGYENI,,,
243562,15_116_001,760,452,452,0,7,445,EGYENI,,,
243564,15_116_002,680,461,460,-1,16,444,EGYENI,,,
243566,15_117_001,528,385,385,0,7,378,EGYENI,,,
243568,15_117_002,600,397,396,-1,4,392,EGYENI,,,
243570,15_118_001,750,530,529,-1,7,522,EGYENI,,,
243572,15_118_002,705,452,452,0,8,444,EGYENI,,,
243574,15_118_003,823,493,493,0,7,486,EGYENI,,,
243576,15_119_001,28,24,24,0,0,24,EGYENI,,,
243578,15_120_001,172,126,127,1,9,118,EGYENI,,,
243580,15_121_001,503,336,336,0,7,329,EGYENI,,,
243582,15_121_002,149,110,110,0,0,110,EGYENI,,,
243584,15_122_001,471,321,320,-1,4,316,EGYENI,,,
243586,15_123_001,979,635,634,-1,9,625,EGYENI,,,
243588,15_123_002,2249,2054,2046,-8,13,2033,EGYENI,,,
243590,15_123_003,941,669,669,0,4,665,EGYENI,,,
243592,15_123_004,1134,725,725,0,8,717,EGYENI,,,
243594,15_123_005,1083,773,770,-3,7,763,EGYENI,,,
243596,15_123_006,1086,800,798,-2,6,792,EGYENI,,,
243598,15_123_007,1082,709,709,0,8,701,EGYENI,,,
243600,15_123_008,751,512,512,0,3,509,EGYENI,,,
243602,15_123_009,1087,694,695,1,11,684,EGYENI,,,
243604,15_123_010,378,255,255,0,6,249,EGYENI,,,
243606,15_123_011,63,43,43,0,0,43,EGYENI,,,
243608,15_123_012,267,162,162,0,2,160,EGYENI,,,
243610,15_124_001,528,366,365,-1,3,362,EGYENI,,,
243612,15_124_002,447,287,287,0,0,287,EGYENI,,,
243614,15_124_003,95,62,62,0,0,62,EGYENI,,,
243616,15_125_001,608,355,355,0,4,351,EGYENI,,,
243618,15_125_002,389,272,272,0,3,269,EGYENI,,,
243620,15_126_001,922,530,529,-1,10,519,EGYENI,,,
243622,15_127_001,450,232,232,0,6,226,EGYENI,,,
243624,15_128_001,146,108,108,0,2,106,EGYENI,,,
243626,15_129_001,696,427,427,0,1,426,EGYENI,,,
243628,15_130_001,205,124,124,0,3,121,EGYENI,,,
243630,15_130_002,985,692,692,0,1,691,EGYENI,,,
243632,15_130_003,1006,687,687,0,5,682,EGYENI,,,
243634,15_130_004,1004,597,589,-8,5,584,EGYENI,,,
243636,15_130_005,1024,771,770,-1,6,764,EGYENI,,,
243638,15_130_006,1033,749,746,-3,5,741,EGYENI,,,
243640,15_130_007,1125,792,791,-1,5,786,EGYENI,,,
243642,15_130_008,1029,739,738,-1,4,734,EGYENI,,,
243644,15_130_009,861,575,575,0,6,569,EGYENI,,,
243646,15_131_001,830,516,516,0,12,504,EGYENI,,,
243648,15_131_002,796,478,478,0,2,476,EGYENI,,,
243650,15_131_003,810,431,431,0,7,424,EGYENI,,,
243652,15_132_001,1089,699,697,-2,17,680,EGYENI,,,
243654,15_133_001,1108,706,705,-1,16,689,EGYENI,,,
243656,15_134_001,268,212,212,0,2,210,EGYENI,,,
243658,15_135_001,375,242,242,0,2,240,EGYENI,,,
243660,15_136_001,289,166,166,0,4,162,EGYENI,,,
243662,15_137_001,446,268,268,0,2,266,EGYENI,,,
243664,15_138_001,483,330,329,-1,4,325,EGYENI,,,
243666,15_139_001,70,35,35,0,0,35,EGYENI,,,
243668,15_140_001,452,297,297,0,2,295,EGYENI,,,
243670,15_141_001,479,323,323,0,10,313,EGYENI,,,
243672,15_142_001,262,169,169,0,6,163,EGYENI,,,
243674,15_143_001,448,323,320,-3,3,317,EGYENI,,,
243676,15_144_001,637,440,440,0,6,434,EGYENI,,,
243678,15_145_001,554,337,337,0,8,329,EGYENI,,,
243680,15_146_001,560,313,313,0,5,308,EGYENI,,,
243682,15_146_002,587,393,392,-1,2,390,EGYENI,,,
243684,15_147_001,625,386,386,0,2,384,EGYENI,,,
243686,15_148_001,88,48,48,0,3,45,EGYENI,,,
243688,15_148_002,265,192,192,0,4,188,EGYENI,,,
243690,15_149_001,186,118,118,0,3,115,EGYENI,,,
243692,15_150_001,222,169,169,0,1,168,EGYENI,,,
243694,15_151_001,50,38,37,-1,1,36,EGYENI,,,
243696,15_152_001,204,123,123,0,3,120,EGYENI,,,
243698,15_153_001,228,147,147,0,4,143,EGYENI,,,
243700,15_154_001,126,91,91,0,1,90,EGYENI,,,
243702,15_155_001,394,248,248,0,2,246,EGYENI,,,
243704,15_156_001,175,105,105,0,2,103,EGYENI,,,
243706,15_157_001,154,125,125,0,0,125,EGYENI,,,
243708,15_158_001,208,157,157,0,1,156,EGYENI,,,
243710,15_159_001,63,40,40,0,0,40,EGYENI,,,
243712,15_160_001,148,97,97,0,3,94,EGYENI,,,
243714,15_161_001,475,328,328,0,1,327,EGYENI,,,
243716,15_161_002,117,82,83,1,6,77,EGYENI,,,
243718,15_162_001,318,223,223,0,2,221,EGYENI,,,
243720,15_163_001,359,280,280,0,2,278,EGYENI,,,
243722,15_164_001,136,87,87,0,5,82,EGYENI,,,
243724,15_165_001,121,81,81,0,1,80,EGYENI,,,
243726,15_166_001,275,161,160,-1,5,155,EGYENI,,,
243728,15_167_001,221,133,133,0,1,132,EGYENI,,,
243730,15_168_001,28,21,21,0,0,21,EGYENI,,,
243732,15_169_001,795,546,546,0,7,539,EGYENI,,,
243734,15_169_002,763,510,509,-1,9,500,EGYENI,,,
243736,15_170_001,412,299,299,0,3,296,EGYENI,,,
243738,15_171_001,327,218,218,0,4,214,EGYENI,,,
243740,15_172_001,844,410,410,0,12,398,EGYENI,,,
243742,15_172_002,979,532,531,-1,5,526,EGYENI,,,
243744,15_173_001,111,83,83,0,2,81,EGYENI,,,
243746,15_174_001,289,199,199,0,4,195,EGYENI,,,
243748,15_175_001,284,211,211,0,1,210,EGYENI,,,
243750,15_175_002,716,537,537,0,4,533,EGYENI,,,
243752,15_175_003,528,376,376,0,5,371,EGYENI,,,
243754,15_175_004,444,260,260,0,4,256,EGYENI,,,
243756,15_175_005,1193,855,853,-2,4,849,EGYENI,,,
243758,15_175_006,840,676,676,0,4,672,EGYENI,,,
243760,15_175_007,867,602,602,0,9,593,EGYENI,,,
243762,15_175_008,811,607,608,1,12,596,EGYENI,,,
243764,15_175_009,917,701,697,-4,7,690,EGYENI,,,
243766,15_175_010,1063,781,780,-1,15,765,EGYENI,,,
243768,15_175_011,3031,2713,2709,-4,32,2677,EGYENI,,,
243770,15_175_012,533,390,390,0,4,386,EGYENI,,,
243772,15_175_013,826,547,547,0,5,542,EGYENI,,,
243774,15_175_014,716,512,512,0,10,502,EGYENI,,,
243776,15_175_015,740,551,551,0,3,548,EGYENI,,,
243778,15_175_016,787,572,573,1,11,562,EGYENI,,,
243780,15_175_017,1119,713,711,-2,13,698,EGYENI,,,
243782,15_175_018,1023,723,719,-4,5,714,EGYENI,,,
243784,15_175_019,1153,756,756,0,7,749,EGYENI,,,
243786,15_175_020,1299,949,949,0,16,933,EGYENI,,,
243788,15_175_021,1310,958,958,0,16,942,EGYENI,,,
243790,15_175_022,289,220,219,-1,5,214,EGYENI,,,
243792,15_175_023,658,467,467,0,5,462,EGYENI,,,
243794,15_175_024,801,612,612,0,12,600,EGYENI,,,
243796,15_176_001,519,362,362,0,7,355,EGYENI,,,
243798,15_177_001,559,386,386,0,6,380,EGYENI,,,
243800,15_178_001,320,215,214,-1,4,210,EGYENI,,,
243802,15_179_001,110,63,63,0,0,63,EGYENI,,,
243804,15_180_001,103,76,76,0,1,75,EGYENI,,,
243806,15_181_001,465,314,312,-2,3,309,EGYENI,,,
243808,15_181_002,122,83,83,0,4,79,EGYENI,,,
243810,15_182_001,388,281,281,0,2,279,EGYENI,,,
243812,15_183_001,74,54,54,0,0,54,EGYENI,,,
243814,15_184_001,108,71,71,0,0,71,EGYENI,,,
243816,15_185_001,106,77,77,0,2,75,EGYENI,,,
243818,15_186_001,141,85,85,0,1,84,EGYENI,,,
243820,15_187_001,374,237,237,0,5,232,EGYENI,,,
243822,15_188_001,323,184,184,0,3,181,EGYENI,,,
243824,15_189_001,521,346,346,0,6,340,EGYENI,,,
243826,15_189_002,683,435,435,0,8,427,EGYENI,,,
243828,15_190_001,371,219,218,-1,3,215,EGYENI,,,
243830,15_191_001,482,307,308,1,13,295,EGYENI,,,
243832,15_192_001,997,582,575,-7,10,565,EGYENI,,,
243834,15_193_001,37,28,28,0,1,27,EGYENI,,,
243836,15_194_001,471,314,314,0,12,302,EGYENI,,,
243838,15_195_001,518,331,331,0,4,327,EGYENI,,,
243840,15_196_001,532,360,360,0,3,357,EGYENI,,,
243842,15_196_002,674,443,443,0,4,439,EGYENI,,,
243844,15_197_001,360,241,241,0,0,241,EGYENI,,,
243846,15_198_001,421,292,292,0,6,286,EGYENI,,,
243848,15_198_002,405,279,279,0,3,276,EGYENI,,,
243850,15_199_001,561,340,339,-1,5,334,EGYENI,,,
243852,15_200_001,719,521,521,0,5,516,EGYENI,,,
243854,15_200_002,448,289,289,0,2,287,EGYENI,,,
243856,15_200_003,106,60,60,0,0,60,EGYENI,,,
243858,15_201_001,240,128,128,0,3,125,EGYENI,,,
243860,15_201_002,165,113,113,0,4,109,EGYENI,,,
243862,15_202_001,223,146,147,1,2,145,EGYENI,,,
243864,15_203_001,421,289,289,0,6,283,EGYENI,,,
243866,15_204_001,538,403,403,0,6,397,EGYENI,,,
243868,15_205_001,150,111,111,0,3,108,EGYENI,,,
243870,15_206_001,573,406,406,0,7,399,EGYENI,,,
243872,15_207_001,297,204,203,-1,3,200,EGYENI,,,
243874,15_208_001,242,182,182,0,6,176,EGYENI,,,
243876,15_209_001,86,45,45,0,2,43,EGYENI,,,
243878,15_210_001,379,240,240,0,1,239,EGYENI,,,
243880,15_211_001,216,120,120,0,2,118,EGYENI,,,
243882,15_212_001,150,106,106,0,1,105,EGYENI,,,
243884,15_213_001,76,57,57,0,0,57,EGYENI,,,
243886,15_214_001,446,323,323,0,4,319,EGYENI,,,
243888,15_215_001,184,144,144,0,3,141,EGYENI,,,
243890,15_216_001,461,334,334,0,3,331,EGYENI,,,
243892,15_216_002,530,360,360,0,6,354,EGYENI,,,
243894,15_217_001,472,336,336,0,5,331,EGYENI,,,
243896,15_218_001,645,407,407,0,14,393,EGYENI,,,
243898,15_218_002,652,419,416,-3,3,413,EGYENI,,,
243900,15_218_003,635,398,398,0,5,393,EGYENI,,,
243902,15_218_004,689,486,486,0,8,478,EGYENI,,,
243904,15_218_005,705,496,496,0,4,492,EGYENI,,,
243906,15_219_001,419,261,261,0,7,254,EGYENI,,,
243908,15_220_001,447,293,293,0,6,287,EGYENI,,,
243910,15_220_002,457,255,255,0,2,253,EGYENI,,,
243912,15_221_001,721,531,531,0,9,522,EGYENI,,,
243914,15_221_002,764,510,509,-1,8,501,EGYENI,,,
243916,15_222_001,280,216,216,0,4,212,EGYENI,,,
243918,15_223_001,151,106,106,0,1,105,EGYENI,,,
243920,15_224_001,335,206,206,0,6,200,EGYENI,,,
243922,15_225_001,101,58,58,0,2,56,EGYENI,,,
243924,15_226_001,187,123,123,0,3,120,EGYENI,,,
243926,15_227_001,176,113,113,0,1,112,EGYENI,,,
243928,15_228_001,319,204,204,0,5,199,EGYENI,,,
243930,15_229_001,71,40,40,0,2,38,EGYENI,,,
243932,15_229_002,96,65,65,0,3,62,EGYENI,,,
243934,15_230_001,104,72,72,0,0,72,EGYENI,,,
243936,15_231_001,351,271,263,-8,2,261,EGYENI,,,
243938,15_232_001,571,325,325,0,2,323,EGYENI,,,
243940,15_233_001,168,106,106,0,3,103,EGYENI,,,
243942,15_234_001,140,103,103,0,0,103,EGYENI,,,
243944,15_235_001,417,250,240,-10,1,239,EGYENI,,,
243946,15_236_001,339,258,258,0,5,253,EGYENI,,,
243948,15_237_001,192,137,137,0,2,135,EGYENI,,,
243950,15_238_001,891,640,639,-1,4,635,EGYENI,,,
243952,15_238_002,1155,863,863,0,8,855,EGYENI,,,
243954,15_239_001,394,274,265,-9,4,261,EGYENI,,,
243956,15_239_002,485,334,333,-1,5,328,EGYENI,,,
243958,15_240_001,260,170,170,0,8,162,EGYENI,,,
243960,15_241_001,410,278,277,-1,3,274,EGYENI,,,
243962,15_242_001,200,139,139,0,6,133,EGYENI,,,
243964,15_243_001,341,250,241,-9,11,230,EGYENI,,,
243966,15_244_001,336,250,250,0,3,247,EGYENI,,,
243968,15_245_001,410,253,253,0,2,251,EGYENI,,,
243970,15_246_001,1093,821,821,0,9,812,EGYENI,,,
243972,16_001_001,950,681,679,-2,19,660,EGYENI,,,
243974,16_001_002,843,623,622,-1,11,611,EGYENI,,,
243976,16_001_003,1090,750,749,-1,20,729,EGYENI,,,
243978,16_002_001,781,527,527,0,9,518,EGYENI,,,
243980,16_002_002,753,413,413,0,4,409,EGYENI,,,
243982,16_003_001,589,369,368,-1,8,360,EGYENI,,,
243984,16_003_002,602,339,338,-1,4,334,EGYENI,,,
243986,16_003_003,626,365,365,0,5,360,EGYENI,,,
243988,16_004_001,716,478,478,0,6,472,EGYENI,,,
243990,16_004_002,761,496,495,-1,3,492,EGYENI,,,
243992,16_005_001,719,601,601,0,10,591,EGYENI,,,
243994,16_005_002,840,695,695,0,5,690,EGYENI,,,
243996,16_005_003,1108,968,965,-3,14,951,EGYENI,,,
243998,16_006_001,780,508,508,0,9,499,EGYENI,,,
244000,16_006_002,937,577,577,0,12,565,EGYENI,,,
244002,16_006_003,1079,671,671,0,8,663,EGYENI,,,
244004,16_006_004,320,177,177,0,3,174,EGYENI,,,
244006,16_006_005,601,319,319,0,9,310,EGYENI,,,
244008,16_006_006,997,555,555,0,12,543,EGYENI,,,
244010,16_007_001,563,376,376,0,6,370,EGYENI,,,
244012,16_008_001,727,427,427,0,16,411,EGYENI,,,
244014,16_009_001,528,356,356,0,10,346,EGYENI,,,
244016,16_010_001,363,245,245,0,3,242,EGYENI,,,
244018,16_011_001,721,425,425,0,11,414,EGYENI,,,
244020,16_012_001,639,372,372,0,14,358,EGYENI,,,
244023,16_013_001,596,436,436,0,1,435,EGYENI,,,
244025,16_014_001,553,355,355,0,11,344,EGYENI,,,
244026,16_015_001,760,402,402,0,4,398,EGYENI,,,
244028,16_016_001,1087,671,671,0,10,661,EGYENI,,,
244030,16_017_001,623,345,345,0,8,337,EGYENI,,,
244032,16_018_001,572,363,363,0,12,351,EGYENI,,,
244034,16_018_002,589,353,353,0,7,346,EGYENI,,,
244036,16_018_003,611,358,358,0,11,347,EGYENI,,,
244038,16_018_004,601,313,313,0,4,309,EGYENI,,,
244040,16_019_001,606,412,412,0,8,404,EGYENI,,,
244042,16_019_002,581,341,340,-1,9,331,EGYENI,,,
244044,16_019_003,581,318,318,0,2,316,EGYENI,,,
244046,16_020_001,522,362,362,0,5,357,EGYENI,,,
244048,16_021_001,432,274,274,0,1,273,EGYENI,,,
244050,16_022_001,466,305,305,0,7,298,EGYENI,,,
244052,16_023_001,279,175,175,0,2,173,EGYENI,,,
244054,16_024_001,549,388,388,0,6,382,EGYENI,,,
244056,16_025_001,710,422,421,-1,6,415,EGYENI,,,
244058,16_025_002,772,509,508,-1,8,500,EGYENI,,,
244060,16_025_003,894,553,553,0,12,541,EGYENI,,,
244062,16_025_004,703,459,460,1,10,450,EGYENI,,,
244064,16_025_005,785,509,509,0,4,505,EGYENI,,,
244066,16_026_001,645,385,385,0,3,382,EGYENI,,,
244068,16_027_001,612,360,360,0,8,352,EGYENI,,,
244070,16_028_001,114,62,62,0,0,62,EGYENI,,,
244072,16_029_001,612,422,422,0,6,416,EGYENI,,,
244074,16_029_002,886,564,564,0,13,551,EGYENI,,,
244076,16_029_003,907,525,526,1,21,505,EGYENI,,,
244078,16_029_004,648,402,402,0,7,395,EGYENI,,,
244080,16_029_005,203,112,112,0,3,109,EGYENI,,,
244082,16_030_001,1001,539,538,-1,8,530,EGYENI,,,
244084,16_030_002,1013,581,579,-2,12,567,EGYENI,,,
244086,16_030_003,875,533,529,-4,5,524,EGYENI,,,
244088,16_031_001,860,499,499,0,8,491,EGYENI,,,
244090,16_031_002,822,568,568,0,10,558,EGYENI,,,
244092,16_032_001,665,431,431,0,16,415,EGYENI,,,
244094,16_032_002,716,409,409,0,12,397,EGYENI,,,
244096,16_033_001,848,491,491,0,14,477,EGYENI,,,
244098,16_034_001,627,411,411,0,5,406,EGYENI,,,
244100,16_034_002,653,417,417,0,7,410,EGYENI,,,
244102,16_035_001,482,245,245,0,5,240,EGYENI,,,
244104,16_035_002,678,413,413,0,6,407,EGYENI,,,
244106,16_035_003,169,97,97,0,1,96,EGYENI,,,
244108,16_036_001,910,625,623,-2,8,615,EGYENI,,,
244110,16_036_002,877,635,635,0,10,625,EGYENI,,,
244112,16_036_003,797,507,507,0,10,497,EGYENI,,,
244114,16_036_004,856,610,610,0,6,604,EGYENI,,,
244116,16_036_005,899,672,669,-3,11,658,EGYENI,,,
244118,16_036_006,913,607,606,-1,9,597,EGYENI,,,
244120,16_036_007,909,539,539,0,5,534,EGYENI,,,
244122,16_037_001,992,712,711,-1,6,705,EGYENI,,,
244124,16_037_002,953,609,608,-1,8,600,EGYENI,,,
244126,16_038_001,345,225,225,0,2,223,EGYENI,,,
244128,16_039_001,255,194,194,0,5,189,EGYENI,,,
244130,16_040_001,638,369,369,0,8,361,EGYENI,,,
244132,16_041_001,112,90,90,0,1,89,EGYENI,,,
244134,16_042_001,849,533,532,-1,7,525,EGYENI,,,
244136,16_042_002,865,530,529,-1,4,525,EGYENI,,,
244138,16_042_003,841,520,520,0,12,508,EGYENI,,,
244140,16_043_001,442,273,273,0,6,267,EGYENI,,,
244142,16_044_001,614,401,401,0,4,397,EGYENI,,,
244144,16_045_001,722,479,479,0,9,470,EGYENI,,,
244146,16_045_002,651,381,381,0,5,376,EGYENI,,,
244148,16_046_001,388,300,300,0,8,292,EGYENI,,,
244150,16_047_001,783,454,454,0,7,447,EGYENI,,,
244152,16_047_002,715,394,394,0,3,391,EGYENI,,,
244154,16_048_001,758,451,451,0,15,436,EGYENI,,,
244156,16_049_001,102,66,66,0,3,63,EGYENI,,,
244158,16_050_001,1185,690,689,-1,25,664,EGYENI,,,
244160,16_051_001,734,435,435,0,11,424,EGYENI,,,
244162,16_051_002,798,402,401,-1,7,394,EGYENI,,,
244164,16_052_001,229,154,154,0,6,148,EGYENI,,,
244166,16_053_001,929,607,607,0,8,599,EGYENI,,,
244168,16_054_001,207,138,138,0,3,135,EGYENI,,,
244170,16_055_001,239,135,135,0,2,133,EGYENI,,,
244172,16_056_001,872,509,509,0,8,501,EGYENI,,,
244174,16_056_002,702,387,387,0,4,383,EGYENI,,,
244176,16_056_003,769,439,439,0,6,433,EGYENI,,,
244178,16_057_001,957,580,578,-2,8,570,EGYENI,,,
244180,16_057_002,904,616,621,5,34,587,EGYENI,,,
244182,16_057_003,1027,631,631,0,9,622,EGYENI,,,
244184,16_057_004,1137,706,706,0,8,698,EGYENI,,,
244186,16_057_005,919,434,434,0,21,413,EGYENI,,,
244188,16_057_006,192,137,137,0,1,136,EGYENI,,,
244190,16_058_001,926,626,626,0,13,613,EGYENI,,,
244192,16_059_001,606,418,418,0,3,415,EGYENI,,,
244194,16_060_001,1356,909,910,1,7,903,EGYENI,,,
244196,16_061_001,1009,663,662,-1,8,654,EGYENI,,,
244198,16_062_001,607,375,375,0,9,366,EGYENI,,,
244200,16_063_001,581,350,350,0,4,346,EGYENI,,,
244202,16_063_002,719,411,411,0,7,404,EGYENI,,,
244204,16_063_003,571,356,355,-1,3,352,EGYENI,,,
244206,16_063_004,811,498,498,0,6,492,EGYENI,,,
244208,16_063_005,223,138,138,0,3,135,EGYENI,,,
244210,16_064_001,714,452,452,0,5,447,EGYENI,,,
244212,16_064_002,602,399,399,0,2,397,EGYENI,,,
244214,16_064_003,162,111,110,-1,1,109,EGYENI,,,
244216,16_065_001,714,415,415,0,8,407,EGYENI,,,
244218,16_065_002,877,454,455,1,16,439,EGYENI,,,
244220,16_066_001,1090,727,727,0,8,719,EGYENI,,,
244222,16_066_002,878,595,593,-2,10,583,EGYENI,,,
244224,16_066_003,820,564,563,-1,5,558,EGYENI,,,
244226,16_066_004,970,631,631,0,7,624,EGYENI,,,
244228,16_067_001,737,458,453,-5,6,447,EGYENI,,,
244230,16_067_002,796,466,466,0,10,456,EGYENI,,,
244232,16_068_001,581,388,388,0,11,377,EGYENI,,,
244234,16_068_002,561,380,380,0,15,365,EGYENI,,,
244236,16_069_001,234,148,148,0,3,145,EGYENI,,,
244238,16_070_001,781,486,487,1,6,481,EGYENI,,,
244240,16_071_001,50,35,35,0,1,34,EGYENI,,,
244242,16_072_001,1235,848,848,0,28,820,EGYENI,,,
244244,16_073_001,237,154,154,0,3,151,EGYENI,,,
244246,16_074_001,435,264,264,0,2,262,EGYENI,,,
244248,16_075_001,428,276,276,0,2,274,EGYENI,,,
244250,16_076_001,780,455,456,1,13,443,EGYENI,,,
244252,16_077_001,626,369,369,0,1,368,EGYENI,,,
244254,16_077_002,2864,2406,2398,-8,21,2377,EGYENI,,,
244256,16_077_003,694,502,502,0,7,495,EGYENI,,,
244258,16_077_004,888,606,605,-1,11,594,EGYENI,,,
244260,16_077_005,1032,711,709,-2,6,703,EGYENI,,,
244262,16_077_006,661,497,497,0,7,490,EGYENI,,,
244264,16_077_007,784,472,472,0,10,462,EGYENI,,,
244266,16_077_008,913,636,636,0,6,630,EGYENI,,,
244268,16_077_009,754,517,517,0,4,513,EGYENI,,,
244270,16_077_010,798,607,607,0,5,602,EGYENI,,,
244272,16_077_011,782,609,608,-1,13,595,EGYENI,,,
244274,16_077_012,609,436,436,0,9,427,EGYENI,,,
244276,16_077_013,854,590,588,-2,6,582,EGYENI,,,
244278,16_077_014,777,519,519,0,9,510,EGYENI,,,
244280,16_077_015,787,500,500,0,6,494,EGYENI,,,
244282,16_077_016,737,500,500,0,5,495,EGYENI,,,
244284,16_078_001,933,649,649,0,14,635,EGYENI,,,
244286,16_078_002,607,393,393,0,7,386,EGYENI,,,
244288,16_078_003,707,448,447,-1,6,441,EGYENI,,,
244290,16_079_001,117,64,64,0,0,64,EGYENI,,,
244292,16_080_001,1017,641,641,0,12,629,EGYENI,,,
244294,16_081_001,1234,702,702,0,10,692,EGYENI,,,
244296,16_081_002,1170,686,685,-1,11,674,EGYENI,,,
244298,16_081_003,1193,728,728,0,6,722,EGYENI,,,
244300,16_082_001,1033,660,660,0,10,650,EGYENI,,,
244302,16_083_001,446,276,276,0,9,267,EGYENI,,,
244304,16_084_001,753,464,464,0,6,458,EGYENI,,,
244306,16_085_001,762,435,432,-3,1,431,EGYENI,,,
244308,16_085_002,744,448,447,-1,18,429,EGYENI,,,
244310,16_085_003,796,472,472,0,6,466,EGYENI,,,
244312,16_086_001,689,356,355,-1,7,348,EGYENI,,,
244314,16_087_001,386,272,272,0,4,268,EGYENI,,,
244316,16_088_001,226,159,159,0,0,159,EGYENI,,,
244318,16_089_001,657,433,433,0,7,426,EGYENI,,,
244320,16_090_001,233,136,136,0,0,136,EGYENI,,,
244322,16_091_001,679,445,445,0,3,442,EGYENI,,,
244324,16_091_002,714,428,428,0,7,421,EGYENI,,,
244326,16_091_003,942,430,430,0,12,418,EGYENI,,,
244328,16_091_004,745,473,472,-1,9,463,EGYENI,,,
244330,16_092_001,785,555,555,0,11,544,EGYENI,,,
244332,16_092_002,792,463,463,0,7,456,EGYENI,,,
244334,16_093_001,488,281,281,0,11,270,EGYENI,,,
244336,16_094_001,1113,749,748,-1,9,739,EGYENI,,,
244338,16_094_002,2381,1964,1951,-13,17,1934,EGYENI,,,
244340,16_094_003,702,463,463,0,4,459,EGYENI,,,
244342,16_094_004,718,532,531,-1,3,528,EGYENI,,,
244344,16_094_005,728,471,471,0,7,464,EGYENI,,,
244346,16_094_006,808,552,544,-8,4,540,EGYENI,,,
244348,16_094_007,776,491,491,0,7,484,EGYENI,,,
244350,16_094_008,639,465,464,-1,7,457,EGYENI,,,
244352,16_094_009,805,530,528,-2,10,518,EGYENI,,,
244354,16_094_010,749,536,536,0,7,529,EGYENI,,,
244356,16_094_011,794,541,542,1,8,534,EGYENI,,,
244358,16_094_012,934,631,631,0,8,623,EGYENI,,,
244360,16_094_013,752,543,543,0,3,540,EGYENI,,,
244362,16_094_014,733,474,474,0,7,467,EGYENI,,,
244364,16_094_015,899,665,665,0,8,657,EGYENI,,,
244366,16_094_016,905,672,672,0,8,664,EGYENI,,,
244368,16_095_001,207,109,109,0,4,105,EGYENI,,,
244370,16_096_001,805,441,441,0,6,435,EGYENI,,,
244372,16_097_001,534,347,347,0,5,342,EGYENI,,,
244374,16_098_001,1046,646,642,-4,5,637,EGYENI,,,
244376,16_098_002,581,389,389,0,2,387,EGYENI,,,
244378,16_099_001,680,465,465,0,11,454,EGYENI,,,
244380,16_100_001,514,309,309,0,7,302,EGYENI,,,
244382,16_101_001,890,525,525,0,8,517,EGYENI,,,
244384,16_101_002,219,119,119,0,0,119,EGYENI,,,
244386,16_101_003,100,70,70,0,0,70,EGYENI,,,
244388,16_102_001,797,459,458,-1,13,445,EGYENI,,,
244390,16_102_002,798,455,454,-1,6,448,EGYENI,,,
244392,16_103_001,749,419,418,-1,6,412,EGYENI,,,
244394,16_103_002,753,424,423,-1,7,416,EGYENI,,,
244396,16_103_003,803,455,455,0,4,451,EGYENI,,,
244398,16_103_004,776,411,411,0,5,406,EGYENI,,,
244400,16_103_005,868,403,403,0,16,387,EGYENI,,,
244402,16_103_006,770,503,503,0,2,501,EGYENI,,,
244404,16_104_001,728,432,432,0,2,430,EGYENI,,,
244406,16_104_002,766,489,488,-1,7,481,EGYENI,,,
244408,16_104_003,774,451,451,0,8,443,EGYENI,,,
244410,16_104_004,836,422,422,0,8,414,EGYENI,,,
244412,16_104_005,453,299,299,0,6,293,EGYENI,,,
244414,16_104_006,818,473,473,0,9,464,EGYENI,,,
244416,16_105_001,116,76,76,0,7,69,EGYENI,,,
244418,16_106_001,946,600,601,1,8,593,EGYENI,,,
244420,16_106_002,979,561,563,2,15,548,EGYENI,,,
244422,16_106_003,948,603,603,0,2,601,EGYENI,,,
244424,16_106_004,881,526,527,1,16,511,EGYENI,,,
244426,16_106_005,902,601,599,-2,7,592,EGYENI,,,
244428,16_106_006,989,619,617,-2,5,612,EGYENI,,,
244430,16_106_007,870,579,579,0,6,573,EGYENI,,,
244432,16_106_008,977,637,636,-1,7,629,EGYENI,,,
244434,16_107_001,407,228,228,0,3,225,EGYENI,,,
244436,16_108_001,1114,727,727,0,6,721,EGYENI,,,
244438,16_109_001,938,663,663,0,8,655,EGYENI,,,
244440,16_109_002,976,633,633,0,4,629,EGYENI,,,
244442,16_109_003,1125,627,627,0,6,621,EGYENI,,,
244444,16_110_001,706,502,502,0,5,497,EGYENI,,,
244446,16_111_001,81,55,55,0,2,53,EGYENI,,,
244448,16_112_001,1284,666,666,0,65,601,EGYENI,,,
244450,16_112_002,1138,737,735,-2,7,728,EGYENI,,,
244452,16_112_003,2550,2004,1978,-26,18,1960,EGYENI,,,
244454,16_112_004,1079,779,778,-1,1,777,EGYENI,,,
244456,16_112_005,1099,784,784,0,8,776,EGYENI,,,
244458,16_112_006,1220,939,939,0,14,925,EGYENI,,,
244460,16_112_007,1183,785,785,0,12,773,EGYENI,,,
244462,16_112_008,984,660,659,-1,5,654,EGYENI,,,
244464,16_113_001,645,454,454,0,8,446,EGYENI,,,
244466,16_113_002,764,566,565,-1,10,555,EGYENI,,,
244468,16_113_003,612,455,455,0,7,448,EGYENI,,,
244470,16_114_001,888,724,726,2,28,698,EGYENI,,,
244472,16_114_002,719,606,606,0,8,598,EGYENI,,,
244474,16_114_003,802,640,637,-3,15,622,EGYENI,,,
244476,16_115_001,598,396,396,0,4,392,EGYENI,,,
244478,16_115_002,858,470,470,0,6,464,EGYENI,,,
244480,16_115_003,783,501,500,-1,6,494,EGYENI,,,
244482,16_116_001,1080,681,681,0,14,667,EGYENI,,,
244484,16_116_002,619,367,367,0,6,361,EGYENI,,,
244486,16_117_001,918,612,612,0,11,601,EGYENI,,,
244488,16_118_001,448,336,336,0,5,331,EGYENI,,,
244490,16_119_001,818,586,581,-5,6,575,EGYENI,,,
244492,16_119_002,3657,3213,3180,-33,27,3153,EGYENI,,,
244494,16_119_003,688,473,473,0,9,464,EGYENI,,,
244496,16_119_004,1153,831,830,-1,6,824,EGYENI,,,
244498,16_119_005,1171,861,861,0,7,854,EGYENI,,,
244500,16_119_006,890,609,609,0,7,602,EGYENI,,,
244502,16_119_007,810,621,619,-2,3,616,EGYENI,,,
244504,16_119_008,937,679,679,0,2,677,EGYENI,,,
244506,16_119_009,774,488,488,0,3,485,EGYENI,,,
244508,16_119_010,794,571,570,-1,15,555,EGYENI,,,
244510,16_119_011,901,619,619,0,5,614,EGYENI,,,
244512,16_119_012,729,468,468,0,10,458,EGYENI,,,
244514,16_119_013,893,511,511,0,7,504,EGYENI,,,
244516,16_119_014,921,667,666,-1,7,659,EGYENI,,,
244518,16_119_015,1148,897,893,-4,5,888,EGYENI,,,
244520,16_119_016,732,556,556,0,7,549,EGYENI,,,
244522,16_119_017,906,769,770,1,8,762,EGYENI,,,
244524,16_119_018,661,493,493,0,5,488,EGYENI,,,
244526,16_119_019,1075,731,731,0,1,730,EGYENI,,,
244528,16_119_020,785,563,563,0,7,556,EGYENI,,,
244530,16_119_021,723,495,494,-1,7,487,EGYENI,,,
244532,16_119_022,1229,910,909,-1,11,898,EGYENI,,,
244534,16_119_023,883,633,632,-1,5,627,EGYENI,,,
244536,16_119_024,995,700,699,-1,6,693,EGYENI,,,
244538,16_119_025,847,609,609,0,6,603,EGYENI,,,
244540,16_119_026,765,483,483,0,9,474,EGYENI,,,
244542,16_119_027,729,466,466,0,3,463,EGYENI,,,
244544,16_119_028,963,749,748,-1,8,740,EGYENI,,,
244546,16_119_029,787,545,542,-3,7,535,EGYENI,,,
244548,16_119_030,1015,698,697,-1,5,692,EGYENI,,,
244550,16_119_031,785,559,559,0,6,553,EGYENI,,,
244552,16_119_032,812,652,652,0,4,648,EGYENI,,,
244554,16_119_033,842,622,622,0,8,614,EGYENI,,,
244556,16_119_034,925,709,709,0,15,694,EGYENI,,,
244558,16_119_035,745,470,470,0,4,466,EGYENI,,,
244560,16_119_036,931,695,695,0,7,688,EGYENI,,,
244562,16_119_037,540,411,410,-1,3,407,EGYENI,,,
244564,16_119_038,724,574,574,0,4,570,EGYENI,,,
244566,16_119_039,680,426,426,0,5,421,EGYENI,,,
244568,16_119_040,1047,741,741,0,8,733,EGYENI,,,
244570,16_119_041,1153,814,814,0,8,806,EGYENI,,,
244572,16_119_042,1218,852,851,-1,11,840,EGYENI,,,
244574,16_119_043,936,659,659,0,15,644,EGYENI,,,
244576,16_119_044,877,609,609,0,13,596,EGYENI,,,
244578,16_119_045,675,513,513,0,5,508,EGYENI,,,
244580,16_119_046,839,558,558,0,2,556,EGYENI,,,
244582,16_119_047,734,450,451,1,12,439,EGYENI,,,
244584,16_119_048,1093,738,738,0,13,725,EGYENI,,,
244586,16_119_049,621,383,383,0,7,376,EGYENI,,,
244588,16_119_050,816,518,517,-1,7,510,EGYENI,,,
244590,16_119_051,916,579,579,0,12,567,EGYENI,,,
244592,16_119_052,807,546,541,-5,6,535,EGYENI,,,
244594,16_119_053,666,417,416,-1,2,414,EGYENI,,,
244596,16_119_054,1109,776,776,0,10,766,EGYENI,,,
244598,16_119_055,896,595,595,0,8,587,EGYENI,,,
244600,16_119_056,694,509,509,0,10,499,EGYENI,,,
244602,16_119_057,954,711,711,0,5,706,EGYENI,,,
244604,16_119_058,789,604,604,0,8,596,EGYENI,,,
244606,16_119_059,803,618,618,0,4,614,EGYENI,,,
244608,16_119_060,697,535,535,0,2,533,EGYENI,,,
244610,16_119_061,614,394,393,-1,3,390,EGYENI,,,
244612,16_119_062,1287,952,950,-2,10,940,EGYENI,,,
244614,16_119_063,807,529,529,0,7,522,EGYENI,,,
244616,16_119_064,732,486,486,0,6,480,EGYENI,,,
244618,16_119_065,943,587,583,-4,3,580,EGYENI,,,
244620,16_119_066,1188,812,811,-1,6,805,EGYENI,,,
244622,16_119_067,1148,768,768,0,8,760,EGYENI,,,
244624,16_119_068,961,686,686,0,6,680,EGYENI,,,
244626,16_119_069,993,661,660,-1,8,652,EGYENI,,,
244628,16_119_070,1211,928,928,0,4,924,EGYENI,,,
244630,16_119_071,828,664,664,0,10,654,EGYENI,,,
244632,16_119_072,814,496,494,-2,3,491,EGYENI,,,
244634,16_119_073,2737,2384,2364,-20,23,2341,EGYENI,,,
244636,16_119_074,1039,829,829,0,7,822,EGYENI,,,
244638,16_119_075,1070,800,800,0,5,795,EGYENI,,,
244640,16_119_076,640,328,328,0,4,324,EGYENI,,,
244642,16_119_077,619,373,375,2,19,356,EGYENI,,,
244644,16_119_078,662,424,423,-1,3,420,EGYENI,,,
244646,16_119_079,1229,845,845,0,11,834,EGYENI,,,
244648,16_119_080,908,617,617,0,2,615,EGYENI,,,
244650,16_119_081,814,543,543,0,11,532,EGYENI,,,
244652,16_119_082,1055,685,682,-3,5,677,EGYENI,,,
244654,16_119_083,717,356,355,-1,3,352,EGYENI,,,
244656,16_119_084,1104,759,757,-2,12,745,EGYENI,,,
244658,16_119_085,1010,695,695,0,5,690,EGYENI,,,
244660,16_119_086,1037,571,570,-1,9,561,EGYENI,,,
244662,16_119_087,897,647,645,-2,8,637,EGYENI,,,
244664,16_119_088,720,508,507,-1,7,500,EGYENI,,,
244666,16_119_089,1085,794,794,0,9,785,EGYENI,,,
244668,16_119_090,1006,685,685,0,7,678,EGYENI,,,
244670,16_119_091,1096,723,723,0,17,706,EGYENI,,,
244672,16_119_092,833,514,512,-2,4,508,EGYENI,,,
244674,16_119_093,1169,922,922,0,14,908,EGYENI,,,
244676,16_119_094,1086,881,881,0,8,873,EGYENI,,,
244678,16_119_095,1052,771,769,-2,10,759,EGYENI,,,
244680,16_119_096,1175,885,885,0,8,877,EGYENI,,,
244682,16_119_097,817,577,577,0,6,571,EGYENI,,,
244684,16_119_098,706,499,499,0,6,493,EGYENI,,,
244686,16_119_099,926,642,642,0,3,639,EGYENI,,,
244688,16_119_100,662,433,433,0,4,429,EGYENI,,,
244690,16_119_101,1112,758,757,-1,4,753,EGYENI,,,
244692,16_120_001,715,445,443,-2,12,431,EGYENI,,,
244694,16_120_002,184,111,111,0,0,111,EGYENI,,,
244696,16_121_001,727,423,422,-1,12,410,EGYENI,,,
244698,16_121_002,819,478,477,-1,12,465,EGYENI,,,
244700,16_122_001,868,577,576,-1,10,566,EGYENI,,,
244702,16_123_001,669,509,510,1,12,498,EGYENI,,,
244704,16_124_001,751,479,479,0,10,469,EGYENI,,,
244706,16_124_002,1008,628,628,0,16,612,EGYENI,,,
244708,16_125_001,681,477,477,0,7,470,EGYENI,,,
244710,16_125_002,723,480,480,0,9,471,EGYENI,,,
244712,16_126_001,618,444,444,0,2,442,EGYENI,,,
244714,16_127_001,528,371,371,0,7,364,EGYENI,,,
244716,16_128_001,781,540,540,0,5,535,EGYENI,,,
244718,16_128_002,937,603,603,0,8,595,EGYENI,,,
244720,16_128_003,352,203,203,0,6,197,EGYENI,,,
244722,16_129_001,998,424,425,1,15,410,EGYENI,,,
244724,16_129_002,841,406,406,0,8,398,EGYENI,,,
244726,16_129_003,905,523,523,0,13,510,EGYENI,,,
244728,16_129_004,841,522,522,0,9,513,EGYENI,,,
244730,16_130_001,1088,742,742,0,6,736,EGYENI,,,
244732,16_130_002,1007,647,646,-1,8,638,EGYENI,,,
244734,16_131_001,674,424,422,-2,8,414,EGYENI,,,
244736,16_131_002,715,430,429,-1,12,417,EGYENI,,,
244738,16_132_001,668,443,443,0,3,440,EGYENI,,,
244740,16_133_001,628,456,456,0,1,455,EGYENI,,,
244742,16_133_002,682,484,484,0,2,482,EGYENI,,,
244744,16_133_003,794,557,557,0,4,553,EGYENI,,,
244746,16_133_004,873,582,581,-1,4,577,EGYENI,,,
244748,16_134_001,609,406,404,-2,6,398,EGYENI,,,
244750,16_135_001,832,482,482,0,12,470,EGYENI,,,
244752,16_135_002,699,416,415,-1,3,412,EGYENI,,,
244754,16_136_001,880,578,576,-2,10,566,EGYENI,,,
244756,16_136_002,1052,723,721,-2,11,710,EGYENI,,,
244758,16_136_003,1083,649,649,0,13,636,EGYENI,,,
244760,16_136_004,735,337,336,-1,3,333,EGYENI,,,
244762,16_136_005,1095,603,595,-8,8,587,EGYENI,,,
244764,16_136_006,710,500,500,0,10,490,EGYENI,,,
244766,16_137_001,818,540,540,0,10,530,EGYENI,,,
244768,16_138_001,766,513,513,0,6,507,EGYENI,,,
244770,16_138_002,773,460,460,0,10,450,EGYENI,,,
244772,16_139_001,783,501,501,0,6,495,EGYENI,,,
244774,16_139_002,702,448,449,1,13,436,EGYENI,,,
244776,16_140_001,528,361,361,0,2,359,EGYENI,,,
244778,16_141_001,230,170,170,0,9,161,EGYENI,,,
244780,16_142_001,997,561,561,0,11,550,EGYENI,,,
244782,16_142_002,1023,559,559,0,11,548,EGYENI,,,
244784,16_143_001,960,636,636,0,19,617,EGYENI,,,
244786,16_143_002,1200,623,624,1,20,604,EGYENI,,,
244788,16_144_001,645,394,393,-1,6,387,EGYENI,,,
244790,16_144_002,676,404,404,0,4,400,EGYENI,,,
244792,16_145_001,334,192,192,0,6,186,EGYENI,,,
244794,16_146_001,632,361,361,0,5,356,EGYENI,,,
244796,16_146_002,546,339,339,0,4,335,EGYENI,,,
244798,16_147_001,448,314,314,0,7,307,EGYENI,,,
244800,16_148_001,727,469,469,0,5,464,EGYENI,,,
244802,16_148_002,745,420,419,-1,12,407,EGYENI,,,
244804,16_149_001,663,426,426,0,2,424,EGYENI,,,
244806,16_150_001,901,564,564,0,10,554,EGYENI,,,
244808,16_151_001,711,466,466,0,11,455,EGYENI,,,
244810,16_151_002,909,572,571,-1,10,561,EGYENI,,,
244812,16_151_003,624,411,410,-1,8,402,EGYENI,,,
244814,16_152_001,532,307,307,0,6,301,EGYENI,,,
244816,16_153_001,738,516,516,0,14,502,EGYENI,,,
244818,16_154_001,588,365,365,0,7,358,EGYENI,,,
244820,16_155_001,679,406,406,0,2,404,EGYENI,,,
244822,16_155_002,642,401,400,-1,3,397,EGYENI,,,
244824,16_156_001,605,444,444,0,3,441,EGYENI,,,
244826,16_156_002,670,465,465,0,2,463,EGYENI,,,
244828,16_157_001,665,417,416,-1,3,413,EGYENI,,,
244830,16_157_002,654,352,352,0,3,349,EGYENI,,,
244832,16_157_003,620,336,336,0,3,333,EGYENI,,,
244834,16_158_001,649,404,404,0,4,400,EGYENI,,,
244836,16_158_002,628,367,363,-4,7,356,EGYENI,,,
244838,16_159_001,1089,713,713,0,6,707,EGYENI,,,
244840,16_160_001,603,409,409,0,9,400,EGYENI,,,
244842,16_160_002,824,509,509,0,4,505,EGYENI,,,
244844,16_160_003,728,400,398,-2,6,392,EGYENI,,,
244846,16_160_004,638,421,419,-2,8,411,EGYENI,,,
244848,16_160_005,772,482,482,0,3,479,EGYENI,,,
244850,16_161_001,1104,661,661,0,10,651,EGYENI,,,
244852,16_162_001,104,62,62,0,1,61,EGYENI,,,
244854,16_163_001,790,407,406,-1,11,395,EGYENI,,,
244856,16_164_001,941,628,628,0,8,620,EGYENI,,,
244858,16_165_001,526,315,315,0,6,309,EGYENI,,,
244860,16_166_001,1108,704,695,-9,7,688,EGYENI,,,
244862,16_167_001,663,415,415,0,9,406,EGYENI,,,
244864,16_168_001,289,199,199,0,2,197,EGYENI,,,
244866,16_169_001,889,570,570,0,8,562,EGYENI,,,
244868,16_170_001,547,349,349,0,6,343,EGYENI,,,
244870,16_170_002,579,345,345,0,9,336,EGYENI,,,
244872,16_171_001,813,469,469,0,7,462,EGYENI,,,
244874,16_171_002,615,382,382,0,5,377,EGYENI,,,
244876,16_171_003,648,358,357,-1,9,348,EGYENI,,,
244878,16_172_001,413,268,268,0,6,262,EGYENI,,,
244880,16_173_001,329,205,205,0,2,203,EGYENI,,,
244882,16_174_001,311,207,207,0,2,205,EGYENI,,,
244884,16_175_001,581,348,348,0,4,344,EGYENI,,,
244886,16_176_001,601,406,406,0,11,395,EGYENI,,,
244888,16_176_002,801,482,481,-1,8,473,EGYENI,,,
244890,16_177_001,240,162,162,0,3,159,EGYENI,,,
244892,16_178_001,293,218,218,0,4,214,EGYENI,,,
244894,16_179_001,582,379,379,0,9,370,EGYENI,,,
244896,16_179_002,608,354,354,0,9,345,EGYENI,,,
244898,16_180_001,742,444,441,-3,22,419,EGYENI,,,
244900,16_181_001,909,501,501,0,19,482,EGYENI,,,
244902,16_181_002,931,640,640,0,11,629,EGYENI,,,
244904,16_182_001,279,216,216,0,8,208,EGYENI,,,
244906,16_183_001,541,320,320,0,10,310,EGYENI,,,
244908,16_184_001,802,502,502,0,15,487,EGYENI,,,
244910,16_185_001,953,541,541,0,13,528,EGYENI,,,
244912,16_186_001,498,331,331,0,5,326,EGYENI,,,
244914,16_187_001,1027,558,560,2,18,542,EGYENI,,,
244916,16_188_001,698,471,470,-1,13,457,EGYENI,,,
244918,16_188_002,641,424,423,-1,8,415,EGYENI,,,
244920,16_189_001,744,357,357,0,8,349,EGYENI,,,
244922,16_189_002,724,344,344,0,3,341,EGYENI,,,
244924,16_190_001,188,129,129,0,3,126,EGYENI,,,
244926,16_191_001,553,345,345,0,8,337,EGYENI,,,
244928,16_191_002,516,364,364,0,9,355,EGYENI,,,
244930,16_191_003,542,352,352,0,8,344,EGYENI,,,
244932,16_192_001,497,250,250,0,2,248,EGYENI,,,
244934,16_192_002,664,352,351,-1,3,348,EGYENI,,,
244936,16_192_003,729,412,412,0,8,404,EGYENI,,,
244938,16_192_004,115,72,72,0,7,65,EGYENI,,,
244940,16_193_001,708,427,427,0,6,421,EGYENI,,,
244942,16_193_002,674,382,382,0,13,369,EGYENI,,,
244944,16_193_003,366,262,262,0,6,256,EGYENI,,,
244946,16_193_004,102,71,71,0,1,70,EGYENI,,,
244948,16_194_001,574,394,394,0,12,382,EGYENI,,,
244950,16_194_002,632,396,396,0,2,394,EGYENI,,,
244952,16_195_001,727,425,425,0,10,415,EGYENI,,,
244954,16_196_001,626,385,384,-1,7,377,EGYENI,,,
244956,16_197_001,866,586,588,2,24,564,EGYENI,,,
244958,16_197_002,972,575,574,-1,7,567,EGYENI,,,
244960,16_197_003,783,484,484,0,4,480,EGYENI,,,
244962,16_197_004,929,599,599,0,8,591,EGYENI,,,
244964,16_197_005,324,150,150,0,5,145,EGYENI,,,
244966,16_197_006,197,123,123,0,7,116,EGYENI,,,
244968,16_198_001,484,348,348,0,7,341,EGYENI,,,
244970,16_199_001,583,333,334,1,14,320,EGYENI,,,
244972,16_199_002,574,379,380,1,9,371,EGYENI,,,
244974,16_199_003,282,152,152,0,2,150,EGYENI,,,
244976,16_200_001,393,200,200,0,2,198,EGYENI,,,
244978,16_201_001,742,483,481,-2,8,473,EGYENI,,,
244980,16_202_001,912,561,560,-1,8,552,EGYENI,,,
244982,16_203_001,588,369,369,0,5,364,EGYENI,,,
244984,16_203_002,478,295,295,0,6,289,EGYENI,,,
244986,16_204_001,731,346,345,-1,4,341,EGYENI,,,
244988,16_204_002,671,340,340,0,9,331,EGYENI,,,
244990,16_204_003,949,635,634,-1,7,627,EGYENI,,,
244992,16_204_004,1104,654,652,-2,5,647,EGYENI,,,
244994,16_204_005,671,431,430,-1,2,428,EGYENI,,,
244996,16_204_006,679,436,436,0,6,430,EGYENI,,,
244998,16_204_007,986,655,655,0,4,651,EGYENI,,,
245000,16_204_008,1126,767,765,-2,7,758,EGYENI,,,
245002,16_204_009,1039,697,697,0,3,694,EGYENI,,,
245004,16_204_010,1325,796,796,0,26,770,EGYENI,,,
245006,16_205_001,402,229,229,0,0,229,EGYENI,,,
245008,16_206_001,498,320,320,0,8,312,EGYENI,,,
245010,16_207_001,156,119,120,1,5,115,EGYENI,,,
245012,16_208_001,574,359,359,0,3,356,EGYENI,,,
245014,16_208_002,633,388,388,0,5,383,EGYENI,,,
245016,16_208_003,720,400,400,0,10,390,EGYENI,,,
245018,16_209_001,693,439,437,-2,9,428,EGYENI,,,
245020,16_209_002,603,360,360,0,3,357,EGYENI,,,
245022,16_209_003,583,321,321,0,7,314,EGYENI,,,
245024,16_210_001,896,589,589,0,8,581,EGYENI,,,
245026,16_210_002,748,505,506,1,10,496,EGYENI,,,
245028,16_210_003,755,455,455,0,1,454,EGYENI,,,
245030,16_211_001,542,362,362,0,4,358,EGYENI,,,
245032,16_212_001,503,360,360,0,4,356,EGYENI,,,
245034,16_213_001,496,295,295,0,4,291,EGYENI,,,
245036,16_213_002,545,330,330,0,4,326,EGYENI,,,
245038,16_213_003,491,266,266,0,4,262,EGYENI,,,
245040,16_214_001,488,326,326,0,8,318,EGYENI,,,
245042,16_215_001,342,223,223,0,4,219,EGYENI,,,
245044,16_216_001,497,316,314,-2,6,308,EGYENI,,,
245046,16_217_001,1180,838,856,18,93,763,EGYENI,,,
245048,16_217_002,1345,942,941,-1,16,925,EGYENI,,,
245050,16_217_003,1113,685,685,0,7,678,EGYENI,,,
245052,16_217_004,1394,900,900,0,9,891,EGYENI,,,
245054,16_217_005,1302,774,773,-1,8,765,EGYENI,,,
245056,16_217_006,1068,683,683,0,6,677,EGYENI,,,
245058,16_217_007,1145,744,744,0,13,731,EGYENI,,,
245060,16_217_008,1249,770,770,0,10,760,EGYENI,,,
245062,16_218_001,727,411,411,0,10,401,EGYENI,,,
245064,16_219_001,969,638,638,0,20,618,EGYENI,,,
245066,16_219_002,974,662,660,-2,16,644,EGYENI,,,
245068,16_219_003,797,522,519,-3,11,508,EGYENI,,,
245070,16_220_001,616,338,337,-1,9,328,EGYENI,,,
245072,16_220_002,682,367,367,0,3,364,EGYENI,,,
245074,16_221_001,969,548,548,0,5,543,EGYENI,,,
245076,16_222_001,449,273,272,-1,8,264,EGYENI,,,
245078,16_223_001,408,313,313,0,2,311,EGYENI,,,
245080,16_224_001,660,395,395,0,8,387,EGYENI,,,
245082,16_224_002,881,583,584,1,16,568,EGYENI,,,
245084,16_224_003,3455,2966,2957,-9,32,2925,EGYENI,,,
245086,16_224_004,813,449,449,0,7,442,EGYENI,,,
245088,16_224_005,800,539,539,0,4,535,EGYENI,,,
245090,16_224_006,569,378,377,-1,2,375,EGYENI,,,
245092,16_224_007,801,532,532,0,9,523,EGYENI,,,
245094,16_224_008,945,629,629,0,7,622,EGYENI,,,
245096,16_224_009,171,108,108,0,4,104,EGYENI,,,
245098,16_225_001,322,197,197,0,4,193,EGYENI,,,
245100,16_226_001,909,652,651,-1,10,641,EGYENI,,,
245102,16_226_002,907,579,579,0,17,562,EGYENI,,,
245104,16_226_003,750,488,488,0,8,480,EGYENI,,,
245106,16_226_004,802,517,517,0,8,509,EGYENI,,,
245108,16_227_001,323,202,202,0,2,200,EGYENI,,,
245110,16_228_001,559,332,332,0,8,324,EGYENI,,,
245112,16_229_001,746,478,474,-4,6,468,EGYENI,,,
245114,17_001_001,556,374,375,1,9,366,EGYENI,,,
245116,17_002_001,560,366,365,-1,4,361,EGYENI,,,
245118,17_003_001,377,278,277,-1,0,277,EGYENI,,,
245120,17_003_002,426,329,329,0,2,327,EGYENI,,,
245122,17_004_001,627,397,397,0,6,391,EGYENI,,,
245124,17_005_001,604,428,427,-1,4,423,EGYENI,,,
245126,17_005_002,629,411,411,0,9,402,EGYENI,,,
245128,17_006_001,312,212,212,0,5,207,EGYENI,,,
245130,17_007_001,969,646,645,-1,9,636,EGYENI,,,
245132,17_007_002,932,652,652,0,11,641,EGYENI,,,
245134,17_007_003,1034,737,738,1,12,726,EGYENI,,,
245136,17_007_004,1070,648,648,0,10,638,EGYENI,,,
245138,17_007_005,1026,678,677,-1,8,669,EGYENI,,,
245140,17_008_001,203,155,154,-1,3,151,EGYENI,,,
245142,17_009_001,350,228,227,-1,5,222,EGYENI,,,
245144,17_010_001,868,554,549,-5,8,541,EGYENI,,,
245146,17_010_002,830,522,522,0,12,510,EGYENI,,,
245148,17_011_001,631,424,424,0,2,422,EGYENI,,,
245150,17_011_002,631,469,450,-19,2,448,EGYENI,,,
245152,17_011_003,600,419,420,1,10,410,EGYENI,,,
245154,17_011_004,625,439,439,0,4,435,EGYENI,,,
245156,17_011_005,611,466,466,0,3,463,EGYENI,,,
245158,17_011_006,636,478,478,0,3,475,EGYENI,,,
245160,17_011_007,645,462,462,0,2,460,EGYENI,,,
245162,17_011_008,656,469,469,0,3,466,EGYENI,,,
245164,17_011_009,587,382,382,0,8,374,EGYENI,,,
245166,17_011_010,595,432,432,0,6,426,EGYENI,,,
245168,17_011_011,660,462,462,0,4,458,EGYENI,,,
245170,17_011_012,645,492,492,0,3,489,EGYENI,,,
245172,17_011_013,645,483,483,0,5,478,EGYENI,,,
245174,17_011_014,605,465,465,0,6,459,EGYENI,,,
245176,17_011_015,913,690,689,-1,4,685,EGYENI,,,
245178,17_011_016,256,146,146,0,1,145,EGYENI,,,
245180,17_011_017,113,77,77,0,1,76,EGYENI,,,
245182,17_012_001,368,254,254,0,2,252,EGYENI,,,
245184,17_013_001,742,488,487,-1,3,484,EGYENI,,,
245186,17_013_002,697,519,519,0,6,513,EGYENI,,,
245188,17_013_003,680,439,439,0,7,432,EGYENI,,,
245190,17_014_001,743,524,524,0,7,517,EGYENI,,,
245192,17_015_001,215,111,111,0,0,111,EGYENI,,,
245194,17_016_001,642,397,397,0,3,394,EGYENI,,,
245196,17_017_001,787,545,544,-1,7,537,EGYENI,,,
245198,17_017_002,134,89,89,0,0,89,EGYENI,,,
245200,17_018_001,808,501,497,-4,9,488,EGYENI,,,
245202,17_018_002,773,527,527,0,11,516,EGYENI,,,
245204,17_018_003,793,507,507,0,4,503,EGYENI,,,
245206,17_018_004,757,457,457,0,4,453,EGYENI,,,
245208,17_019_001,252,157,157,0,2,155,EGYENI,,,
245210,17_020_001,669,425,424,-1,4,420,EGYENI,,,
245212,17_020_002,796,520,520,0,3,517,EGYENI,,,
245214,17_020_003,772,529,520,-9,10,510,EGYENI,,,
245216,17_020_004,880,516,516,0,9,507,EGYENI,,,
245218,17_020_005,622,484,483,-1,5,478,EGYENI,,,
245220,17_020_006,517,317,317,0,6,311,EGYENI,,,
245222,17_020_007,564,395,392,-3,14,378,EGYENI,,,
245224,17_020_008,757,560,558,-2,6,552,EGYENI,,,
245226,17_020_009,792,536,515,-21,2,513,EGYENI,,,
245228,17_020_010,845,584,582,-2,7,575,EGYENI,,,
245230,17_020_011,726,497,496,-1,11,485,EGYENI,,,
245232,17_020_012,506,227,226,-1,3,223,EGYENI,,,
245234,17_020_013,668,448,445,-3,5,440,EGYENI,,,
245236,17_020_014,572,415,414,-1,4,410,EGYENI,,,
245238,17_020_015,680,461,461,0,2,459,EGYENI,,,
245240,17_020_016,719,523,523,0,5,518,EGYENI,,,
245242,17_020_017,659,485,482,-3,7,475,EGYENI,,,
245244,17_020_018,625,447,447,0,5,442,EGYENI,,,
245246,17_020_019,696,463,461,-2,4,457,EGYENI,,,
245248,17_020_020,653,378,375,-3,6,369,EGYENI,,,
245250,17_020_021,177,50,50,0,0,50,EGYENI,,,
245252,17_020_022,2005,1706,1702,-4,25,1677,EGYENI,,,
245254,17_021_001,548,371,371,0,10,361,EGYENI,,,
245256,17_021_002,439,254,254,0,5,249,EGYENI,,,
245258,17_021_003,490,255,255,0,4,251,EGYENI,,,
245260,17_022_001,1065,713,713,0,8,705,EGYENI,,,
245262,17_022_002,1013,744,746,2,15,731,EGYENI,,,
245264,17_022_003,809,544,544,0,8,536,EGYENI,,,
245266,17_022_004,734,439,439,0,5,434,EGYENI,,,
245268,17_022_005,805,530,530,0,6,524,EGYENI,,,
245270,17_022_006,1158,730,729,-1,8,721,EGYENI,,,
245272,17_022_007,1067,693,693,0,10,683,EGYENI,,,
245274,17_023_001,622,442,441,-1,4,437,EGYENI,,,
245276,17_023_002,760,537,537,0,9,528,EGYENI,,,
245278,17_023_003,591,412,412,0,7,405,EGYENI,,,
245280,17_024_001,186,116,116,0,4,112,EGYENI,,,
245282,17_025_001,508,312,312,0,8,304,EGYENI,,,
245284,17_026_001,784,483,481,-2,4,477,EGYENI,,,
245286,17_026_002,833,451,451,0,4,447,EGYENI,,,
245288,17_026_003,842,574,574,0,8,566,EGYENI,,,
245290,17_026_004,775,546,545,-1,6,539,EGYENI,,,
245292,17_027_001,556,368,368,0,5,363,EGYENI,,,
245294,17_028_001,474,355,355,0,2,353,EGYENI,,,
245296,17_029_001,808,493,493,0,7,486,EGYENI,,,
245298,17_030_001,501,271,271,0,3,268,EGYENI,,,
245300,17_031_001,970,630,631,1,10,621,EGYENI,,,
245302,17_032_001,129,98,98,0,1,97,EGYENI,,,
245304,17_033_001,691,461,463,2,17,446,EGYENI,,,
245306,17_033_002,729,475,475,0,9,466,EGYENI,,,
245308,17_034_001,509,339,337,-2,7,330,EGYENI,,,
245310,17_035_001,785,556,554,-2,14,540,EGYENI,,,
245312,17_036_001,610,343,343,0,6,337,EGYENI,,,
245314,17_037_001,673,430,430,0,1,429,EGYENI,,,
245316,17_038_001,731,504,504,0,10,494,EGYENI,,,
245318,17_038_002,677,456,456,0,5,451,EGYENI,,,
245320,17_038_003,734,413,413,0,6,407,EGYENI,,,
245322,17_039_001,648,378,377,-1,7,370,EGYENI,,,
245324,17_039_002,707,418,418,0,7,411,EGYENI,,,
245326,17_039_003,629,404,404,0,11,393,EGYENI,,,
245328,17_040_001,362,224,224,0,2,222,EGYENI,,,
245330,17_041_001,176,101,99,-2,5,94,EGYENI,,,
245332,17_042_001,864,493,491,-2,4,487,EGYENI,,,
245334,17_043_001,691,500,500,0,2,498,EGYENI,,,
245336,17_043_002,644,481,481,0,6,475,EGYENI,,,
245338,17_044_001,100,63,63,0,1,62,EGYENI,,,
245340,17_045_001,518,366,366,0,6,360,EGYENI,,,
245342,17_045_002,155,106,106,0,1,105,EGYENI,,,
245344,17_046_001,964,602,602,0,6,596,EGYENI,,,
245346,17_046_002,287,178,174,-4,1,173,EGYENI,,,
245348,17_047_001,164,119,119,0,1,118,EGYENI,,,
245350,17_048_001,530,368,368,0,3,365,EGYENI,,,
245352,17_049_001,571,366,366,0,11,355,EGYENI,,,
245354,17_050_001,272,185,185,0,2,183,EGYENI,,,
245356,17_051_001,235,175,175,0,3,172,EGYENI,,,
245358,17_052_001,259,154,154,0,3,151,EGYENI,,,
245360,17_053_001,285,188,187,-1,0,187,EGYENI,,,
245362,17_054_001,918,481,481,0,7,474,EGYENI,,,
245364,17_055_001,250,156,156,0,2,154,EGYENI,,,
245366,17_056_001,517,295,295,0,2,293,EGYENI,,,
245368,17_056_002,527,349,349,0,4,345,EGYENI,,,
245370,17_056_003,69,44,44,0,1,43,EGYENI,,,
245372,17_057_001,868,489,487,-2,10,477,EGYENI,,,
245374,17_058_001,110,66,66,0,2,64,EGYENI,,,
245376,17_059_001,398,254,256,2,2,254,EGYENI,,,
245378,17_060_001,472,331,331,0,3,328,EGYENI,,,
245380,17_060_002,607,454,454,0,4,450,EGYENI,,,
245382,17_060_003,431,329,329,0,7,322,EGYENI,,,
245384,17_061_001,795,413,413,0,3,410,EGYENI,,,
245386,17_062_001,500,330,329,-1,3,326,EGYENI,,,
245388,17_062_002,89,49,49,0,1,48,EGYENI,,,
245390,17_063_001,220,173,173,0,5,168,EGYENI,,,
245392,17_064_001,495,346,345,-1,5,340,EGYENI,,,
245394,17_064_002,79,50,50,0,2,48,EGYENI,,,
245397,17_065_001,275,181,181,0,3,178,EGYENI,,,
245399,17_066_001,285,202,202,0,0,202,EGYENI,,,
245400,17_067_001,326,179,179,0,1,178,EGYENI,,,
245402,17_068_001,51,39,39,0,0,39,EGYENI,,,
245404,17_069_001,606,388,388,0,2,386,EGYENI,,,
245406,17_069_002,684,443,443,0,6,437,EGYENI,,,
245408,17_069_003,732,422,422,0,5,417,EGYENI,,,
245410,17_070_001,52,31,31,0,1,30,EGYENI,,,
245412,17_070_002,738,457,458,1,9,449,EGYENI,,,
245414,17_071_001,857,575,575,0,7,568,EGYENI,,,
245416,17_071_002,926,664,664,0,8,656,EGYENI,,,
245418,17_072_001,298,198,198,0,6,192,EGYENI,,,
245420,17_073_001,652,390,392,2,22,370,EGYENI,,,
245422,17_074_001,108,84,84,0,0,84,EGYENI,,,
245424,17_075_001,417,248,248,0,6,242,EGYENI,,,
245426,17_076_001,658,453,449,-4,8,441,EGYENI,,,
245428,17_076_002,659,456,456,0,11,445,EGYENI,,,
245430,17_077_001,642,417,416,-1,3,413,EGYENI,,,
245432,17_077_002,579,375,375,0,6,369,EGYENI,,,
245434,17_078_001,760,541,541,0,2,539,EGYENI,,,
245436,17_078_002,568,334,334,0,3,331,EGYENI,,,
245438,17_078_003,582,339,339,0,3,336,EGYENI,,,
245440,17_079_001,767,648,647,-1,2,645,EGYENI,,,
245442,17_079_002,1004,750,748,-2,14,734,EGYENI,,,
245444,17_079_003,909,705,705,0,3,702,EGYENI,,,
245446,17_079_004,972,702,710,8,46,664,EGYENI,,,
245448,17_079_005,967,771,771,0,11,760,EGYENI,,,
245450,17_079_006,914,715,715,0,8,707,EGYENI,,,
245452,17_079_007,1012,794,794,0,8,786,EGYENI,,,
245454,17_079_008,996,779,779,0,17,762,EGYENI,,,
245456,17_079_009,796,586,581,-5,11,570,EGYENI,,,
245458,17_079_010,831,540,540,0,3,537,EGYENI,,,
245460,17_079_011,889,684,683,-1,4,679,EGYENI,,,
245462,17_079_012,777,603,603,0,6,597,EGYENI,,,
245464,17_079_013,981,769,765,-4,5,760,EGYENI,,,
245466,17_079_014,888,621,620,-1,5,615,EGYENI,,,
245468,17_079_015,878,616,616,0,14,602,EGYENI,,,
245470,17_079_016,1653,1445,1436,-9,11,1425,EGYENI,,,
245472,17_079_017,283,187,186,-1,4,182,EGYENI,,,
245474,17_080_001,613,372,369,-3,6,363,EGYENI,,,
245476,17_080_002,416,274,274,0,3,271,EGYENI,,,
245478,17_080_003,65,48,48,0,0,48,EGYENI,,,
245480,17_081_001,985,713,714,1,15,699,EGYENI,,,
245482,17_081_002,741,513,514,1,13,501,EGYENI,,,
245484,17_082_001,453,306,306,0,3,303,EGYENI,,,
245486,17_083_001,787,496,495,-1,8,487,EGYENI,,,
245488,17_084_001,818,508,507,-1,6,501,EGYENI,,,
245490,17_085_001,429,279,279,0,8,271,EGYENI,,,
245492,17_086_001,563,389,389,0,4,385,EGYENI,,,
245494,17_086_002,180,124,123,-1,3,120,EGYENI,,,
245496,17_086_003,64,43,43,0,0,43,EGYENI,,,
245498,17_087_001,942,559,559,0,8,551,EGYENI,,,
245500,17_087_002,1059,693,693,0,5,688,EGYENI,,,
245502,17_087_003,1084,714,714,0,12,702,EGYENI,,,
245504,17_088_001,527,412,406,-6,7,399,EGYENI,,,
245506,17_088_002,498,389,389,0,9,380,EGYENI,,,
245508,17_089_001,164,114,114,0,0,114,EGYENI,,,
245510,17_090_001,580,416,405,-11,2,403,EGYENI,,,
245512,17_090_002,442,254,254,0,4,250,EGYENI,,,
245514,17_091_001,663,407,407,0,3,404,EGYENI,,,
245516,17_092_001,479,346,346,0,5,341,EGYENI,,,
245518,17_093_001,172,120,119,-1,2,117,EGYENI,,,
245520,17_094_001,545,370,369,-1,6,363,EGYENI,,,
245522,17_094_002,583,388,388,0,1,387,EGYENI,,,
245524,17_094_003,583,345,345,0,5,340,EGYENI,,,
245526,17_095_001,1080,656,655,-1,7,648,EGYENI,,,
245528,17_095_002,669,507,506,-1,6,500,EGYENI,,,
245530,17_095_003,701,482,482,0,3,479,EGYENI,,,
245532,17_095_004,722,524,524,0,9,515,EGYENI,,,
245534,17_095_005,1850,1591,1585,-6,13,1572,EGYENI,,,
245536,17_095_006,553,432,432,0,10,422,EGYENI,,,
245538,17_095_007,539,399,398,-1,6,392,EGYENI,,,
245540,17_095_008,605,465,465,0,4,461,EGYENI,,,
245542,17_095_009,459,383,383,0,3,380,EGYENI,,,
245544,17_095_010,701,542,542,0,5,537,EGYENI,,,
245546,17_095_011,1106,801,799,-2,4,795,EGYENI,,,
245548,17_095_012,638,460,460,0,3,457,EGYENI,,,
245550,17_095_013,477,358,358,0,6,352,EGYENI,,,
245552,17_095_014,452,313,313,0,3,310,EGYENI,,,
245554,17_095_015,515,385,385,0,6,379,EGYENI,,,
245556,17_095_016,473,347,347,0,5,342,EGYENI,,,
245558,17_095_017,524,363,363,0,2,361,EGYENI,,,
245560,17_095_018,538,395,392,-3,6,386,EGYENI,,,
245562,17_095_019,647,413,409,-4,7,402,EGYENI,,,
245564,17_095_020,775,554,554,0,10,544,EGYENI,,,
245566,17_095_021,538,437,437,0,6,431,EGYENI,,,
245568,17_095_022,493,363,363,0,5,358,EGYENI,,,
245570,17_095_023,528,380,379,-1,3,376,EGYENI,,,
245572,17_095_024,491,357,357,0,3,354,EGYENI,,,
245574,17_095_025,481,377,377,0,5,372,EGYENI,,,
245576,17_095_026,575,425,424,-1,3,421,EGYENI,,,
245578,17_095_027,597,427,427,0,5,422,EGYENI,,,
245580,17_095_028,576,422,417,-5,8,409,EGYENI,,,
245582,17_095_029,608,390,389,-1,5,384,EGYENI,,,
245584,17_095_030,785,494,491,-3,10,481,EGYENI,,,
245586,17_095_031,565,397,397,0,5,392,EGYENI,,,
245588,17_095_032,627,431,431,0,5,426,EGYENI,,,
245590,17_095_033,598,443,441,-2,3,438,EGYENI,,,
245592,17_095_034,706,537,535,-2,4,531,EGYENI,,,
245594,17_095_035,614,463,460,-3,3,457,EGYENI,,,
245596,17_095_036,720,576,576,0,4,572,EGYENI,,,
245598,17_095_037,927,664,663,-1,7,656,EGYENI,,,
245600,17_095_038,858,700,700,0,4,696,EGYENI,,,
245602,17_095_039,943,696,695,-1,7,688,EGYENI,,,
245604,17_096_001,242,139,139,0,1,138,EGYENI,,,
245606,17_096_002,932,635,635,0,7,628,EGYENI,,,
245608,17_096_003,864,542,542,0,8,534,EGYENI,,,
245610,17_096_004,810,643,572,-71,5,567,EGYENI,,,
245612,17_096_005,1018,759,759,0,6,753,EGYENI,,,
245614,17_096_006,697,487,488,1,12,476,EGYENI,,,
245616,17_096_007,260,167,167,0,2,165,EGYENI,,,
245618,17_096_008,906,712,712,0,8,704,EGYENI,,,
245620,17_096_009,562,346,344,-2,6,338,EGYENI,,,
245622,17_097_001,618,399,399,0,5,394,EGYENI,,,
245624,17_097_002,288,160,160,0,1,159,EGYENI,,,
245626,17_097_003,198,101,101,0,0,101,EGYENI,,,
245628,17_097_004,608,368,368,0,3,365,EGYENI,,,
245630,17_098_001,539,330,329,-1,3,326,EGYENI,,,
245632,17_098_002,530,357,356,-1,9,347,EGYENI,,,
245634,17_099_001,1114,686,684,-2,14,670,EGYENI,,,
245636,17_099_002,634,438,438,0,7,431,EGYENI,,,
245638,17_099_003,540,363,363,0,0,363,EGYENI,,,
245640,17_099_004,970,628,628,0,3,625,EGYENI,,,
245642,17_099_005,648,475,474,-1,0,474,EGYENI,,,
245644,17_099_006,572,423,423,0,3,420,EGYENI,,,
245646,17_099_007,654,464,464,0,5,459,EGYENI,,,
245648,17_099_008,580,427,427,0,9,418,EGYENI,,,
245650,17_099_009,576,430,429,-1,1,428,EGYENI,,,
245652,17_099_010,561,412,412,0,1,411,EGYENI,,,
245654,17_099_011,883,646,646,0,4,642,EGYENI,,,
245656,17_099_012,575,355,355,0,4,351,EGYENI,,,
245658,17_099_013,581,414,414,0,2,412,EGYENI,,,
245660,17_100_001,782,505,505,0,6,499,EGYENI,,,
245662,17_101_001,250,149,149,0,1,148,EGYENI,,,
245664,17_102_001,206,149,149,0,1,148,EGYENI,,,
245666,17_103_001,268,179,178,-1,4,174,EGYENI,,,
245668,17_104_001,643,451,432,-19,3,429,EGYENI,,,
245670,17_105_001,935,673,674,1,25,649,EGYENI,,,
245672,17_106_001,97,61,61,0,1,60,EGYENI,,,
245674,17_107_001,189,135,135,0,2,133,EGYENI,,,
245676,17_108_001,616,466,466,0,2,464,EGYENI,,,
245678,17_108_002,459,338,338,0,3,335,EGYENI,,,
245680,17_108_003,479,351,351,0,2,349,EGYENI,,,
245682,17_108_004,95,65,65,0,2,63,EGYENI,,,
245684,17_109_001,472,313,277,-36,6,271,EGYENI,,,
245686,18_001_001,499,353,352,-1,8,344,EGYENI,,,
245688,18_002_001,276,206,206,0,3,203,EGYENI,,,
245690,18_003_001,436,326,326,0,5,321,EGYENI,,,
245692,18_004_001,192,122,121,-1,0,121,EGYENI,,,
245694,18_005_001,334,249,249,0,6,243,EGYENI,,,
245696,18_006_001,389,308,308,0,2,306,EGYENI,,,
245698,18_007_001,927,693,693,0,3,690,EGYENI,,,
245700,18_008_001,359,254,254,0,3,251,EGYENI,,,
245702,18_009_001,378,231,231,0,5,226,EGYENI,,,
245704,18_010_001,648,511,511,0,5,506,EGYENI,,,
245706,18_011_001,128,88,88,0,0,88,EGYENI,,,
245708,18_012_001,289,238,238,0,4,234,EGYENI,,,
245710,18_013_001,237,173,174,1,7,167,EGYENI,,,
245712,18_014_001,295,238,238,0,0,238,EGYENI,,,
245714,18_015_001,249,202,202,0,3,199,EGYENI,,,
245716,18_016_001,565,456,455,-1,7,448,EGYENI,,,
245718,18_017_001,477,386,386,0,10,376,EGYENI,,,
245720,18_018_001,728,474,474,0,6,468,EGYENI,,,
245722,18_018_002,616,399,399,0,2,397,EGYENI,,,
245724,18_018_003,732,529,528,-1,6,522,EGYENI,,,
245726,18_018_004,596,433,433,0,7,426,EGYENI,,,
245728,18_019_001,227,179,179,0,2,177,EGYENI,,,
245730,18_020_001,1071,750,750,0,7,743,EGYENI,,,
245732,18_020_002,931,724,725,1,15,710,EGYENI,,,
245734,18_020_003,946,660,661,1,15,646,EGYENI,,,
245736,18_020_004,967,750,750,0,7,743,EGYENI,,,
245738,18_020_005,1005,762,761,-1,2,759,EGYENI,,,
245740,18_020_006,1052,753,753,0,5,748,EGYENI,,,
245742,18_020_007,904,598,598,0,2,596,EGYENI,,,
245744,18_020_008,1112,782,782,0,10,772,EGYENI,,,
245746,18_020_009,287,228,228,0,1,227,EGYENI,,,
245748,18_021_001,152,113,113,0,1,112,EGYENI,,,
245750,18_022_001,505,359,358,-1,10,348,EGYENI,,,
245752,18_022_002,711,525,525,0,4,521,EGYENI,,,
245754,18_023_001,290,221,221,0,0,221,EGYENI,,,
245756,18_024_001,207,145,145,0,0,145,EGYENI,,,
245758,18_025_001,276,186,185,-1,2,183,EGYENI,,,
245760,18_026_001,270,219,219,0,3,216,EGYENI,,,
245762,18_027_001,945,620,620,0,3,617,EGYENI,,,
245764,18_027_002,859,639,639,0,7,632,EGYENI,,,
245766,18_027_003,726,523,523,0,5,518,EGYENI,,,
245768,18_028_001,553,437,437,0,0,437,EGYENI,,,
245770,18_029_001,285,207,207,0,0,207,EGYENI,,,
245772,18_030_001,292,186,186,0,0,186,EGYENI,,,
245774,18_031_001,696,447,446,-1,13,433,EGYENI,,,
245776,18_032_001,74,55,55,0,2,53,EGYENI,,,
245778,18_033_001,207,185,185,0,2,183,EGYENI,,,
245780,18_034_001,122,87,87,0,2,85,EGYENI,,,
245782,18_035_001,91,73,73,0,0,73,EGYENI,,,
245784,18_036_001,205,148,148,0,5,143,EGYENI,,,
245786,18_037_001,288,206,206,0,3,203,EGYENI,,,
245788,18_038_001,256,188,188,0,1,187,EGYENI,,,
245790,18_039_001,460,341,341,0,5,336,EGYENI,,,
245792,18_040_001,1090,869,869,0,13,856,EGYENI,,,
245794,18_041_001,381,298,296,-2,3,293,EGYENI,,,
245796,18_042_001,150,135,135,0,1,134,EGYENI,,,
245798,18_043_001,216,164,164,0,2,162,EGYENI,,,
245800,18_044_001,465,340,340,0,4,336,EGYENI,,,
245802,18_045_001,350,245,245,0,2,243,EGYENI,,,
245804,18_046_001,1071,884,879,-5,8,871,EGYENI,,,
245806,18_046_002,1013,843,843,0,7,836,EGYENI,,,
245808,18_047_001,565,418,418,0,3,415,EGYENI,,,
245810,18_048_001,888,594,594,0,9,585,EGYENI,,,
245812,18_049_001,225,171,171,0,0,171,EGYENI,,,
245814,18_050_001,131,106,106,0,1,105,EGYENI,,,
245816,18_051_001,894,707,707,0,5,702,EGYENI,,,
245818,18_052_001,516,377,377,0,5,372,EGYENI,,,
245820,18_053_001,67,55,55,0,0,55,EGYENI,,,
245822,18_054_001,212,159,159,0,3,156,EGYENI,,,
245824,18_055_001,154,120,120,0,2,118,EGYENI,,,
245826,18_056_001,616,423,423,0,10,413,EGYENI,,,
245828,18_057_001,116,95,95,0,1,94,EGYENI,,,
245830,18_058_001,114,95,95,0,1,94,EGYENI,,,
245832,18_059_001,235,184,184,0,3,181,EGYENI,,,
245834,18_060_001,50,47,47,0,0,47,EGYENI,,,
245836,18_061_001,114,83,83,0,0,83,EGYENI,,,
245838,18_062_001,154,142,142,0,0,142,EGYENI,,,
245840,18_063_001,629,491,491,0,1,490,EGYENI,,,
245842,18_064_001,529,307,306,-1,3,303,EGYENI,,,
245844,18_065_001,711,507,507,0,4,503,EGYENI,,,
245846,18_065_002,641,457,457,0,7,450,EGYENI,,,
245848,18_066_001,36,33,33,0,0,33,EGYENI,,,
245850,18_067_001,92,77,77,0,3,74,EGYENI,,,
245852,18_068_001,387,290,290,0,7,283,EGYENI,,,
245854,18_069_001,1111,743,742,-1,7,735,EGYENI,,,
245856,18_069_002,922,667,667,0,6,661,EGYENI,,,
245858,18_070_001,406,282,282,0,4,278,EGYENI,,,
245860,18_071_001,660,418,417,-1,5,412,EGYENI,,,
245862,18_071_002,592,378,378,0,7,371,EGYENI,,,
245864,18_071_003,713,415,415,0,5,410,EGYENI,,,
245866,18_072_001,163,112,112,0,4,108,EGYENI,,,
245868,18_073_001,280,219,218,-1,1,217,EGYENI,,,
245870,18_074_001,850,540,540,0,7,533,EGYENI,,,
245872,18_075_001,368,261,261,0,2,259,EGYENI,,,
245874,18_076_001,71,51,51,0,1,50,EGYENI,,,
245876,18_077_001,89,65,65,0,3,62,EGYENI,,,
245878,18_078_001,701,505,505,0,5,500,EGYENI,,,
245880,18_079_001,417,306,306,0,2,304,EGYENI,,,
245882,18_080_001,311,195,195,0,1,194,EGYENI,,,
245884,18_081_001,433,329,329,0,3,326,EGYENI,,,
245886,18_082_001,166,116,116,0,3,113,EGYENI,,,
245888,18_083_001,182,142,145,3,11,134,EGYENI,,,
245890,18_084_001,207,146,146,0,2,144,EGYENI,,,
245892,18_085_001,675,501,500,-1,5,495,EGYENI,,,
245894,18_086_001,176,135,135,0,0,135,EGYENI,,,
245896,18_087_001,53,40,40,0,0,40,EGYENI,,,
245898,18_088_001,96,70,70,0,1,69,EGYENI,,,
245900,18_089_001,143,119,119,0,1,118,EGYENI,,,
245902,18_090_001,187,135,135,0,3,132,EGYENI,,,
245904,18_091_001,357,287,287,0,6,281,EGYENI,,,
245906,18_092_001,80,63,63,0,0,63,EGYENI,,,
245908,18_093_001,423,299,299,0,11,288,EGYENI,,,
245910,18_094_001,218,157,157,0,4,153,EGYENI,,,
245912,18_095_001,940,694,693,-1,13,680,EGYENI,,,
245914,18_095_002,1006,733,736,3,23,713,EGYENI,,,
245916,18_095_003,1027,755,755,0,11,744,EGYENI,,,
245918,18_095_004,1128,873,873,0,19,854,EGYENI,,,
245920,18_095_005,1242,895,895,0,13,882,EGYENI,,,
245922,18_095_006,1107,864,862,-2,7,855,EGYENI,,,
245924,18_095_007,1047,792,791,-1,10,781,EGYENI,,,
245926,18_095_008,366,248,247,-1,2,245,EGYENI,,,
245928,18_095_009,668,540,540,0,4,536,EGYENI,,,
245930,18_095_010,1526,1397,1385,-12,15,1370,EGYENI,,,
245932,18_096_001,1152,824,824,0,7,817,EGYENI,,,
245934,18_096_002,1161,847,845,-2,9,836,EGYENI,,,
245936,18_096_003,1012,690,687,-3,9,678,EGYENI,,,
245938,18_096_004,1052,731,728,-3,7,721,EGYENI,,,
245940,18_096_005,1008,725,722,-3,15,707,EGYENI,,,
245942,18_096_006,1468,1083,1084,1,14,1070,EGYENI,,,
245944,18_096_007,997,679,679,0,7,672,EGYENI,,,
245946,18_096_008,714,560,559,-1,6,553,EGYENI,,,
245948,18_096_009,418,334,334,0,1,333,EGYENI,,,
245950,18_097_001,215,170,170,0,3,167,EGYENI,,,
245952,18_098_001,148,111,111,0,1,110,EGYENI,,,
245954,18_099_001,439,330,328,-2,14,314,EGYENI,,,
245956,18_100_001,90,72,72,0,2,70,EGYENI,,,
245958,18_101_001,871,686,686,0,11,675,EGYENI,,,
245960,18_102_001,639,493,493,0,8,485,EGYENI,,,
245962,18_103_001,217,182,182,0,1,181,EGYENI,,,
245964,18_104_001,347,274,274,0,6,268,EGYENI,,,
245966,18_105_001,209,165,165,0,1,164,EGYENI,,,
245968,18_106_001,554,331,331,0,8,323,EGYENI,,,
245970,18_107_001,259,186,186,0,3,183,EGYENI,,,
245972,18_108_001,463,367,367,0,1,366,EGYENI,,,
245974,18_109_001,132,96,96,0,3,93,EGYENI,,,
245976,18_110_001,174,131,131,0,3,128,EGYENI,,,
245978,18_111_001,171,132,132,0,0,132,EGYENI,,,
245980,18_112_001,250,150,149,-1,1,148,EGYENI,,,
245982,18_113_001,335,262,262,0,4,258,EGYENI,,,
245984,18_114_001,206,162,162,0,0,162,EGYENI,,,
245986,18_115_001,116,86,86,0,1,85,EGYENI,,,
245988,18_116_001,98,86,86,0,1,85,EGYENI,,,
245990,18_117_001,206,166,166,0,6,160,EGYENI,,,
245992,18_118_001,778,608,608,0,4,604,EGYENI,,,
245994,18_119_001,116,57,57,0,1,56,EGYENI,,,
245996,18_120_001,380,310,310,0,1,309,EGYENI,,,
245998,18_121_001,1071,811,813,2,7,806,EGYENI,,,
246000,18_122_001,1128,886,886,0,10,876,EGYENI,,,
246002,18_123_001,508,391,384,-7,7,377,EGYENI,,,
246004,18_124_001,248,206,206,0,2,204,EGYENI,,,
246006,18_125_001,231,171,171,0,4,167,EGYENI,,,
246008,18_126_001,279,211,211,0,1,210,EGYENI,,,
246010,18_127_001,295,199,200,1,6,194,EGYENI,,,
246012,18_128_001,118,88,88,0,2,86,EGYENI,,,
246014,18_129_001,22,18,18,0,1,17,EGYENI,,,
246016,18_130_001,228,159,159,0,5,154,EGYENI,,,
246018,18_131_001,437,342,342,0,2,340,EGYENI,,,
246020,18_132_001,257,194,194,0,3,191,EGYENI,,,
246022,18_133_001,322,210,210,0,1,209,EGYENI,,,
246024,18_134_001,61,46,46,0,0,46,EGYENI,,,
246026,18_135_001,632,446,446,0,1,445,EGYENI,,,
246028,18_136_001,500,366,366,0,3,363,EGYENI,,,
246030,18_137_001,79,58,58,0,0,58,EGYENI,,,
246032,18_138_001,575,407,407,0,5,402,EGYENI,,,
246034,18_139_001,173,139,139,0,2,137,EGYENI,,,
246036,18_140_001,886,695,695,0,6,689,EGYENI,,,
246038,18_141_001,342,245,245,0,5,240,EGYENI,,,
246040,18_142_001,229,177,177,0,2,175,EGYENI,,,
246042,18_143_001,223,176,176,0,6,170,EGYENI,,,
246044,18_144_001,622,471,471,0,5,466,EGYENI,,,
246046,18_145_001,532,419,419,0,3,416,EGYENI,,,
246048,18_146_001,360,290,290,0,3,287,EGYENI,,,
246050,18_147_001,174,136,136,0,2,134,EGYENI,,,
246052,18_148_001,131,98,98,0,0,98,EGYENI,,,
246054,18_149_001,274,232,232,0,4,228,EGYENI,,,
246056,18_150_001,126,88,88,0,2,86,EGYENI,,,
246058,18_151_001,212,166,166,0,3,163,EGYENI,,,
246060,18_152_001,121,98,98,0,2,96,EGYENI,,,
246062,18_153_001,692,523,523,0,13,510,EGYENI,,,
246064,18_154_001,611,483,483,0,3,480,EGYENI,,,
246066,18_155_001,744,513,511,-2,12,499,EGYENI,,,
246068,18_156_001,720,453,454,1,2,452,EGYENI,,,
246070,18_156_002,651,471,471,0,9,462,EGYENI,,,
246072,18_157_001,191,151,151,0,2,149,EGYENI,,,
246074,18_158_001,236,176,176,0,1,175,EGYENI,,,
246076,18_159_001,185,125,125,0,2,123,EGYENI,,,
246078,18_160_001,618,450,450,0,4,446,EGYENI,,,
246080,18_160_002,843,664,664,0,8,656,EGYENI,,,
246082,18_160_003,604,455,455,0,3,452,EGYENI,,,
246084,18_161_001,96,78,78,0,0,78,EGYENI,,,
246086,18_162_001,317,230,230,0,1,229,EGYENI,,,
246088,18_163_001,920,608,608,0,3,605,EGYENI,,,
246090,18_164_001,246,178,179,1,7,172,EGYENI,,,
246092,18_165_001,377,282,277,-5,3,274,EGYENI,,,
246094,18_166_001,78,66,66,0,0,66,EGYENI,,,
246096,18_167_001,788,615,613,-2,8,605,EGYENI,,,
246098,18_167_002,528,366,366,0,4,362,EGYENI,,,
246100,18_167_003,592,451,451,0,6,445,EGYENI,,,
246102,18_167_004,653,454,454,0,11,443,EGYENI,,,
246104,18_167_005,42,32,32,0,0,32,EGYENI,,,
246106,18_167_006,645,482,482,0,5,477,EGYENI,,,
246108,18_167_007,613,471,471,0,5,466,EGYENI,,,
246110,18_167_008,761,586,586,0,12,574,EGYENI,,,
246112,18_167_009,607,440,440,0,5,435,EGYENI,,,
246114,18_167_010,864,640,638,-2,4,634,EGYENI,,,
246116,18_167_011,593,399,399,0,1,398,EGYENI,,,
246118,18_167_012,656,466,466,0,2,464,EGYENI,,,
246120,18_167_013,752,548,548,0,9,539,EGYENI,,,
246122,18_167_014,779,562,562,0,7,555,EGYENI,,,
246124,18_167_015,741,531,531,0,4,527,EGYENI,,,
246126,18_167_016,980,747,745,-2,8,737,EGYENI,,,
246128,18_167_017,2017,1800,1794,-6,8,1786,EGYENI,,,
246130,18_167_018,110,81,81,0,2,79,EGYENI,,,
246132,18_168_001,1078,856,856,0,5,851,EGYENI,,,
246134,18_169_001,422,314,314,0,2,312,EGYENI,,,
246136,18_170_001,572,441,441,0,5,436,EGYENI,,,
246138,18_171_001,314,221,221,0,2,219,EGYENI,,,
246140,18_171_002,135,98,98,0,2,96,EGYENI,,,
246142,18_171_003,78,51,51,0,1,50,EGYENI,,,
246144,18_172_001,184,138,138,0,1,137,EGYENI,,,
246146,18_173_001,650,474,474,0,7,467,EGYENI,,,
246148,18_174_001,529,358,357,-1,7,350,EGYENI,,,
246150,18_175_001,629,526,526,0,5,521,EGYENI,,,
246152,18_176_001,46,38,38,0,1,37,EGYENI,,,
246154,18_177_001,297,233,233,0,5,228,EGYENI,,,
246156,18_178_001,179,145,145,0,1,144,EGYENI,,,
246158,18_179_001,187,162,160,-2,2,158,EGYENI,,,
246160,18_180_001,52,45,45,0,0,45,EGYENI,,,
246162,18_181_001,522,383,383,0,5,378,EGYENI,,,
246164,18_182_001,274,179,179,0,6,173,EGYENI,,,
246166,18_183_001,541,345,345,0,3,342,EGYENI,,,
246168,18_183_002,647,455,455,0,8,447,EGYENI,,,
246170,18_183_003,713,500,500,0,6,494,EGYENI,,,
246172,18_183_004,632,462,461,-1,11,450,EGYENI,,,
246174,18_183_005,692,570,570,0,5,565,EGYENI,,,
246176,18_183_006,636,464,464,0,10,454,EGYENI,,,
246178,18_183_007,615,482,482,0,11,471,EGYENI,,,
246180,18_183_008,378,281,281,0,4,277,EGYENI,,,
246182,18_183_009,673,540,540,0,6,534,EGYENI,,,
246184,18_183_010,212,173,173,0,3,170,EGYENI,,,
246186,18_183_011,326,243,243,0,4,239,EGYENI,,,
246188,18_183_012,267,206,206,0,4,202,EGYENI,,,
246190,18_183_013,58,44,44,0,1,43,EGYENI,,,
246192,18_184_001,814,664,663,-1,5,658,EGYENI,,,
246194,18_185_001,246,158,158,0,1,157,EGYENI,,,
246196,18_186_001,850,700,700,0,8,692,EGYENI,,,
246198,18_186_002,1091,896,895,-1,5,890,EGYENI,,,
246200,18_186_003,892,727,728,1,13,715,EGYENI,,,
246202,18_186_004,840,697,697,0,5,692,EGYENI,,,
246204,18_186_005,1080,877,877,0,13,864,EGYENI,,,
246206,18_186_006,935,704,702,-2,7,695,EGYENI,,,
246208,18_186_007,941,770,769,-1,3,766,EGYENI,,,
246210,18_186_008,823,611,610,-1,5,605,EGYENI,,,
246212,18_186_009,687,473,471,-2,7,464,EGYENI,,,
246214,18_186_010,680,427,426,-1,6,420,EGYENI,,,
246216,18_186_011,781,617,611,-6,3,608,EGYENI,,,
246218,18_186_012,901,723,723,0,8,715,EGYENI,,,
246220,18_186_013,854,662,661,-1,3,658,EGYENI,,,
246222,18_186_014,778,549,549,0,3,546,EGYENI,,,
246224,18_186_015,806,598,598,0,4,594,EGYENI,,,
246226,18_186_016,719,498,498,0,6,492,EGYENI,,,
246228,18_186_017,711,520,520,0,10,510,EGYENI,,,
246230,18_186_018,790,586,586,0,5,581,EGYENI,,,
246232,18_186_019,818,593,593,0,8,585,EGYENI,,,
246234,18_186_020,808,578,578,0,4,574,EGYENI,,,
246236,18_186_021,784,555,555,0,6,549,EGYENI,,,
246238,18_186_022,759,529,529,0,6,523,EGYENI,,,
246240,18_186_023,782,555,553,-2,5,548,EGYENI,,,
246242,18_186_024,756,531,531,0,6,525,EGYENI,,,
246244,18_186_025,718,499,499,0,7,492,EGYENI,,,
246246,18_186_026,912,664,664,0,4,660,EGYENI,,,
246248,18_186_027,818,630,633,3,30,603,EGYENI,,,
246250,18_186_028,658,446,446,0,8,438,EGYENI,,,
246252,18_186_029,752,574,573,-1,5,568,EGYENI,,,
246254,18_186_030,1057,827,826,-1,9,817,EGYENI,,,
246256,18_186_031,686,452,452,0,4,448,EGYENI,,,
246258,18_186_032,655,443,443,0,2,441,EGYENI,,,
246260,18_186_033,937,661,661,0,7,654,EGYENI,,,
246262,18_186_034,842,622,621,-1,9,612,EGYENI,,,
246264,18_186_035,989,815,815,0,9,806,EGYENI,,,
246266,18_186_036,885,631,629,-2,6,623,EGYENI,,,
246268,18_186_037,632,487,485,-2,6,479,EGYENI,,,
246270,18_186_038,954,683,682,-1,8,674,EGYENI,,,
246272,18_186_039,885,637,637,0,4,633,EGYENI,,,
246274,18_186_040,734,443,443,0,5,438,EGYENI,,,
246276,18_186_041,800,544,543,-1,1,542,EGYENI,,,
246278,18_186_042,736,506,506,0,3,503,EGYENI,,,
246280,18_186_043,762,597,595,-2,7,588,EGYENI,,,
246282,18_186_044,838,611,611,0,7,604,EGYENI,,,
246284,18_186_045,1049,795,787,-8,12,775,EGYENI,,,
246286,18_186_046,776,557,557,0,7,550,EGYENI,,,
246288,18_186_047,992,777,777,0,11,766,EGYENI,,,
246290,18_186_048,812,626,625,-1,2,623,EGYENI,,,
246292,18_186_049,960,626,624,-2,5,619,EGYENI,,,
246294,18_186_050,834,631,631,0,10,621,EGYENI,,,
246296,18_186_051,1143,864,864,0,21,843,EGYENI,,,
246298,18_186_052,696,541,541,0,5,536,EGYENI,,,
246300,18_186_053,805,668,668,0,9,659,EGYENI,,,
246302,18_186_054,1034,861,861,0,3,858,EGYENI,,,
246304,18_186_055,1097,895,895,0,9,886,EGYENI,,,
246306,18_186_056,695,557,558,1,9,549,EGYENI,,,
246308,18_186_057,808,675,675,0,9,666,EGYENI,,,
246310,18_186_058,652,504,504,0,4,500,EGYENI,,,
246312,18_186_059,794,620,619,-1,4,615,EGYENI,,,
246314,18_186_060,782,644,643,-1,7,636,EGYENI,,,
246316,18_186_061,2303,2119,2111,-8,23,2088,EGYENI,,,
246318,18_186_062,628,504,504,0,5,499,EGYENI,,,
246320,18_186_063,965,780,780,0,9,771,EGYENI,,,
246322,18_186_064,1133,848,849,1,11,838,EGYENI,,,
246324,18_186_065,763,584,584,0,6,578,EGYENI,,,
246326,18_186_066,864,658,659,1,15,644,EGYENI,,,
246328,18_186_067,610,484,482,-2,5,477,EGYENI,,,
246330,18_186_068,1238,939,938,-1,4,934,EGYENI,,,
246332,18_186_069,1235,998,997,-1,15,982,EGYENI,,,
246334,18_186_070,1092,878,866,-12,10,856,EGYENI,,,
246336,18_186_071,718,570,570,0,2,568,EGYENI,,,
246340,18_187_001,264,195,195,0,4,191,EGYENI,,,
246342,18_188_001,621,475,475,0,6,469,EGYENI,,,
246344,18_189_001,1047,739,739,0,8,731,EGYENI,,,
246346,18_189_002,959,715,716,1,5,711,EGYENI,,,
246348,18_190_001,395,282,282,0,9,273,EGYENI,,,
246350,18_191_001,287,222,223,1,6,217,EGYENI,,,
246352,18_192_001,230,200,200,0,4,196,EGYENI,,,
246355,18_193_001,246,196,197,1,9,188,EGYENI,,,
246357,18_194_001,841,642,642,0,9,633,EGYENI,,,
246358,18_194_002,705,463,463,0,11,452,EGYENI,,,
246360,18_195_001,232,189,189,0,3,186,EGYENI,,,
246362,18_196_001,389,252,252,0,3,249,EGYENI,,,
246364,18_196_002,286,200,199,-1,2,197,EGYENI,,,
246366,18_197_001,276,210,210,0,0,210,EGYENI,,,
246368,18_198_001,310,250,250,0,1,249,EGYENI,,,
246370,18_199_001,290,225,225,0,6,219,EGYENI,,,
246372,18_200_001,313,237,237,0,3,234,EGYENI,,,
246374,18_201_001,272,235,235,0,2,233,EGYENI,,,
246376,18_202_001,635,513,512,-1,4,508,EGYENI,,,
246378,18_203_001,283,210,210,0,3,207,EGYENI,,,
246380,18_204_001,469,354,354,0,4,350,EGYENI,,,
246382,18_204_002,632,478,478,0,7,471,EGYENI,,,
246384,18_205_001,334,248,248,0,1,247,EGYENI,,,
246386,18_206_001,575,437,436,-1,2,434,EGYENI,,,
246388,18_206_002,607,448,448,0,10,438,EGYENI,,,
246390,18_206_003,643,446,446,0,5,441,EGYENI,,,
246392,18_206_004,659,491,491,0,5,486,EGYENI,,,
246394,18_206_005,630,459,459,0,6,453,EGYENI,,,
246396,18_206_006,98,78,78,0,5,73,EGYENI,,,
246398,18_206_007,52,40,40,0,0,40,EGYENI,,,
246400,18_207_001,245,203,203,0,0,203,EGYENI,,,
246402,18_208_001,274,209,209,0,4,205,EGYENI,,,
246404,18_209_001,540,399,399,0,10,389,EGYENI,,,
246406,18_210_001,316,243,243,0,3,240,EGYENI,,,
246408,18_211_001,54,45,45,0,0,45,EGYENI,,,
246410,18_212_001,708,432,432,0,2,430,EGYENI,,,
246412,18_212_002,643,439,438,-1,2,436,EGYENI,,,
246414,18_212_003,670,515,515,0,6,509,EGYENI,,,
246416,18_212_004,636,490,489,-1,0,489,EGYENI,,,
246418,18_213_001,223,185,185,0,1,184,EGYENI,,,
246420,18_214_001,573,418,417,-1,2,415,EGYENI,,,
246422,18_215_001,82,65,65,0,0,65,EGYENI,,,
246424,18_216_001,172,115,115,0,0,115,EGYENI,,,
246426,19_001_001,663,465,465,0,6,459,EGYENI,,,
246428,19_002_001,298,196,196,0,5,191,EGYENI,,,
246430,19_003_001,879,629,627,-2,4,623,EGYENI,,,
246432,19_003_002,949,688,686,-2,7,679,EGYENI,,,
246434,19_003_003,665,493,494,1,6,488,EGYENI,,,
246436,19_003_004,1011,760,760,0,8,752,EGYENI,,,
246438,19_003_005,673,434,434,0,10,424,EGYENI,,,
246440,19_003_006,830,511,511,0,6,505,EGYENI,,,
246442,19_003_007,577,385,385,0,5,380,EGYENI,,,
246444,19_003_008,780,558,555,-3,6,549,EGYENI,,,
246446,19_003_009,849,491,491,0,6,485,EGYENI,,,
246448,19_003_010,778,493,493,0,1,492,EGYENI,,,
246450,19_003_011,668,478,478,0,0,478,EGYENI,,,
246452,19_003_012,910,583,583,0,6,577,EGYENI,,,
246454,19_003_013,588,397,397,0,3,394,EGYENI,,,
246456,19_003_014,919,613,611,-2,7,604,EGYENI,,,
246458,19_003_015,661,381,381,0,2,379,EGYENI,,,
246460,19_003_016,714,460,460,0,2,458,EGYENI,,,
246462,19_003_017,605,432,432,0,2,430,EGYENI,,,
246464,19_003_018,820,633,632,-1,5,627,EGYENI,,,
246466,19_003_019,769,577,576,-1,4,572,EGYENI,,,
246468,19_003_020,702,545,545,0,3,542,EGYENI,,,
246470,19_003_021,770,549,548,-1,2,546,EGYENI,,,
246472,19_003_022,968,670,669,-1,9,660,EGYENI,,,
246474,19_003_023,775,495,495,0,7,488,EGYENI,,,
246476,19_003_024,430,252,252,0,3,249,EGYENI,,,
246478,19_003_025,896,684,682,-2,9,673,EGYENI,,,
246480,19_003_026,893,707,707,0,2,705,EGYENI,,,
246482,19_003_027,794,450,450,0,8,442,EGYENI,,,
246484,19_003_028,579,396,396,0,6,390,EGYENI,,,
246486,19_003_029,916,591,590,-1,4,586,EGYENI,,,
246488,19_004_001,765,590,590,0,2,588,EGYENI,,,
246490,19_004_002,759,598,597,-1,2,595,EGYENI,,,
246492,19_005_001,134,87,86,-1,1,85,EGYENI,,,
246494,19_006_001,367,307,307,0,3,304,EGYENI,,,
246496,19_007_001,456,369,369,0,5,364,EGYENI,,,
246498,19_008_001,608,471,471,0,7,464,EGYENI,,,
246500,19_008_002,521,378,378,0,2,376,EGYENI,,,
246502,19_008_003,573,402,400,-2,1,399,EGYENI,,,
246504,19_009_001,695,502,502,0,6,496,EGYENI,,,
246506,19_010_001,938,688,688,0,6,682,EGYENI,,,
246508,19_011_001,564,412,413,1,14,399,EGYENI,,,
246510,19_012_001,175,125,125,0,0,125,EGYENI,,,
246512,19_013_001,786,527,528,1,9,519,EGYENI,,,
246514,19_014_001,375,255,255,0,5,250,EGYENI,,,
246516,19_015_001,327,205,205,0,2,203,EGYENI,,,
246518,19_016_001,49,37,37,0,0,37,EGYENI,,,
246520,19_017_001,163,117,117,0,2,115,EGYENI,,,
246522,19_018_001,657,448,448,0,5,443,EGYENI,,,
246524,19_019_001,231,180,180,0,4,176,EGYENI,,,
246526,19_020_001,492,339,339,0,5,334,EGYENI,,,
246528,19_021_001,582,445,442,-3,3,439,EGYENI,,,
246530,19_022_001,921,700,698,-2,7,691,EGYENI,,,
246532,19_022_002,856,653,653,0,9,644,EGYENI,,,
246534,19_022_003,1076,841,841,0,4,837,EGYENI,,,
246536,19_022_004,757,570,569,-1,2,567,EGYENI,,,
246538,19_022_005,911,745,739,-6,6,733,EGYENI,,,
246540,19_022_006,1080,770,769,-1,6,763,EGYENI,,,
246542,19_022_007,1083,825,825,0,2,823,EGYENI,,,
246544,19_022_008,999,778,778,0,8,770,EGYENI,,,
246546,19_023_001,190,133,133,0,2,131,EGYENI,,,
246548,19_024_001,817,608,608,0,9,599,EGYENI,,,
246550,19_025_001,1082,710,710,0,4,706,EGYENI,,,
246552,19_026_001,4278,3706,3710,4,47,3663,EGYENI,,,
246554,19_026_002,1141,789,789,0,8,781,EGYENI,,,
246556,19_026_003,1360,965,964,-1,6,958,EGYENI,,,
246558,19_026_004,1304,883,883,0,10,873,EGYENI,,,
246560,19_026_005,1387,1011,1010,-1,8,1002,EGYENI,,,
246562,19_026_006,1309,966,966,0,9,957,EGYENI,,,
246564,19_026_007,1297,968,966,-2,9,957,EGYENI,,,
246566,19_026_008,1416,1087,1086,-1,8,1078,EGYENI,,,
246568,19_027_001,791,593,592,-1,4,588,EGYENI,,,
246570,19_027_002,797,611,611,0,5,606,EGYENI,,,
246572,19_027_003,599,421,422,1,16,406,EGYENI,,,
246574,19_027_004,737,488,488,0,6,482,EGYENI,,,
246576,19_027_005,674,519,519,0,8,511,EGYENI,,,
246578,19_028_001,104,82,82,0,0,82,EGYENI,,,
246580,19_029_001,743,555,555,0,1,554,EGYENI,,,
246582,19_029_002,698,489,488,-1,5,483,EGYENI,,,
246584,19_029_003,695,519,518,-1,8,510,EGYENI,,,
246586,19_030_001,144,100,100,0,1,99,EGYENI,,,
246588,19_031_001,351,258,258,0,2,256,EGYENI,,,
246590,19_032_001,519,388,388,0,2,386,EGYENI,,,
246592,19_033_001,282,224,224,0,1,223,EGYENI,,,
246594,19_035_001,100,78,77,-1,0,77,EGYENI,,,
246596,19_036_001,351,222,222,0,6,216,EGYENI,,,
246598,19_037_001,532,438,426,-12,7,419,EGYENI,,,
246600,19_038_001,808,419,419,0,2,417,EGYENI,,,
246602,19_038_002,800,430,430,0,9,421,EGYENI,,,
246604,19_038_003,826,434,434,0,11,423,EGYENI,,,
246606,19_038_004,908,589,588,-1,10,578,EGYENI,,,
246608,19_038_005,595,360,360,0,3,357,EGYENI,,,
246610,19_038_006,562,401,401,0,9,392,EGYENI,,,
246612,19_039_001,197,145,145,0,2,143,EGYENI,,,
246614,19_040_001,173,116,116,0,0,116,EGYENI,,,
246616,19_041_001,75,51,51,0,0,51,EGYENI,,,
246618,19_042_001,295,200,200,0,4,196,EGYENI,,,
246620,19_043_001,603,438,438,0,4,434,EGYENI,,,
246622,19_044_001,629,476,476,0,4,472,EGYENI,,,
246624,19_044_002,629,386,385,-1,5,380,EGYENI,,,
246626,19_044_003,712,454,454,0,8,446,EGYENI,,,
246628,19_044_004,282,88,88,0,2,86,EGYENI,,,
246630,19_044_005,54,53,53,0,1,52,EGYENI,,,
246632,19_045_001,665,443,443,0,7,436,EGYENI,,,
246634,19_046_001,231,184,184,0,4,180,EGYENI,,,
246636,19_047_001,418,305,304,-1,4,300,EGYENI,,,
246638,19_048_001,712,526,516,-10,2,514,EGYENI,,,
246640,19_048_002,757,560,558,-2,3,555,EGYENI,,,
246642,19_049_001,738,564,564,0,8,556,EGYENI,,,
246644,19_049_002,854,689,688,-1,16,672,EGYENI,,,
246646,19_050_001,756,519,508,-11,8,500,EGYENI,,,
246648,19_051_001,483,330,330,0,5,325,EGYENI,,,
246650,19_052_001,346,223,223,0,3,220,EGYENI,,,
246652,19_053_001,328,196,196,0,1,195,EGYENI,,,
246654,19_054_001,344,257,257,0,4,253,EGYENI,,,
246656,19_055_001,883,470,470,0,6,464,EGYENI,,,
246658,19_055_002,872,507,507,0,6,501,EGYENI,,,
246660,19_055_003,858,543,543,0,7,536,EGYENI,,,
246662,19_055_004,839,473,472,-1,10,462,EGYENI,,,
246664,19_056_001,373,252,252,0,5,247,EGYENI,,,
246666,19_057_001,232,176,176,0,6,170,EGYENI,,,
246668,19_058_001,219,170,170,0,2,168,EGYENI,,,
246670,19_059_001,689,440,439,-1,5,434,EGYENI,,,
246672,19_059_002,677,482,482,0,5,477,EGYENI,,,
246674,19_060_001,179,149,149,0,0,149,EGYENI,,,
246676,19_061_001,395,260,260,0,4,256,EGYENI,,,
246678,19_062_001,448,353,353,0,3,350,EGYENI,,,
246680,19_063_001,309,236,235,-1,5,230,EGYENI,,,
246682,19_064_001,1496,1166,1166,0,16,1150,EGYENI,,,
246684,19_065_001,205,161,161,0,1,160,EGYENI,,,
246686,19_066_001,301,209,210,1,9,201,EGYENI,,,
246688,19_067_001,284,211,211,0,3,208,EGYENI,,,
246690,19_068_001,620,389,377,-12,3,374,EGYENI,,,
246692,19_069_001,276,172,172,0,3,169,EGYENI,,,
246694,19_070_001,567,385,385,0,3,382,EGYENI,,,
246696,19_071_001,904,609,608,-1,2,606,EGYENI,,,
246698,19_071_002,710,470,470,0,6,464,EGYENI,,,
246700,19_071_003,785,384,384,0,2,382,EGYENI,,,
246702,19_072_001,905,585,585,0,3,582,EGYENI,,,
246704,19_073_001,544,414,414,0,2,412,EGYENI,,,
246706,19_074_001,141,119,119,0,3,116,EGYENI,,,
246708,19_075_001,211,158,157,-1,0,157,EGYENI,,,
246710,19_076_001,702,549,549,0,6,543,EGYENI,,,
246712,19_076_002,693,515,515,0,3,512,EGYENI,,,
246714,19_076_003,671,503,504,1,7,497,EGYENI,,,
246716,19_076_004,704,502,503,1,7,496,EGYENI,,,
246718,19_077_001,74,42,42,0,0,42,EGYENI,,,
246720,19_078_001,358,286,286,0,1,285,EGYENI,,,
246722,19_079_001,555,393,393,0,6,387,EGYENI,,,
246724,19_080_001,46,36,36,0,0,36,EGYENI,,,
246726,19_081_001,270,205,205,0,3,202,EGYENI,,,
246728,19_082_001,588,448,422,-26,4,418,EGYENI,,,
246730,19_083_001,286,189,189,0,4,185,EGYENI,,,
246732,19_084_001,307,213,213,0,2,211,EGYENI,,,
246734,19_085_001,204,141,141,0,2,139,EGYENI,,,
246736,19_086_001,634,398,397,-1,5,392,EGYENI,,,
246738,19_087_001,391,301,301,0,0,301,EGYENI,,,
246740,19_088_001,366,264,264,0,7,257,EGYENI,,,
246742,19_089_001,500,361,361,0,2,359,EGYENI,,,
246744,19_090_001,445,283,283,0,3,280,EGYENI,,,
246746,19_091_001,51,41,41,0,0,41,EGYENI,,,
246748,19_092_001,402,284,284,0,2,282,EGYENI,,,
246750,19_093_001,293,204,204,0,2,202,EGYENI,,,
246752,19_094_001,76,39,39,0,0,39,EGYENI,,,
246754,19_095_001,92,66,66,0,1,65,EGYENI,,,
246756,19_096_001,993,655,655,0,6,649,EGYENI,,,
246758,19_097_001,58,42,41,-1,0,41,EGYENI,,,
246760,19_098_001,91,53,53,0,1,52,EGYENI,,,
246762,19_099_001,562,376,376,0,5,371,EGYENI,,,
246764,19_100_001,284,221,221,0,6,215,EGYENI,,,
246766,19_101_001,549,379,379,0,7,372,EGYENI,,,
246768,19_102_001,343,228,228,0,3,225,EGYENI,,,
246770,19_103_001,568,384,384,0,18,366,EGYENI,,,
246772,19_104_001,414,273,273,0,5,268,EGYENI,,,
246774,19_105_001,243,164,164,0,6,158,EGYENI,,,
246776,19_106_001,778,529,522,-7,8,514,EGYENI,,,
246778,19_107_001,728,456,456,0,5,451,EGYENI,,,
246780,19_108_001,847,610,610,0,3,607,EGYENI,,,
246782,19_108_002,877,664,664,0,8,656,EGYENI,,,
246784,19_109_001,395,317,317,0,5,312,EGYENI,,,
246786,19_110_001,942,611,611,0,12,599,EGYENI,,,
246788,19_111_001,363,255,255,0,1,254,EGYENI,,,
246790,19_112_001,395,258,258,0,5,253,EGYENI,,,
246792,19_113_001,1096,775,775,0,11,764,EGYENI,,,
246794,19_114_001,424,336,335,-1,2,333,EGYENI,,,
246796,19_115_001,314,213,213,0,3,210,EGYENI,,,
246798,19_116_001,411,285,285,0,2,283,EGYENI,,,
246800,19_116_002,204,151,151,0,1,150,EGYENI,,,
246802,19_117_001,622,443,443,0,3,440,EGYENI,,,
246804,19_117_002,696,596,596,0,3,593,EGYENI,,,
246806,19_118_001,21,16,16,0,0,16,EGYENI,,,
246808,19_119_001,231,176,177,1,7,170,EGYENI,,,
246810,19_120_001,742,515,517,2,18,499,EGYENI,,,
246812,19_121_001,618,400,400,0,10,390,EGYENI,,,
246814,19_122_001,193,141,141,0,1,140,EGYENI,,,
246816,19_123_001,893,641,641,0,11,630,EGYENI,,,
246818,19_124_001,82,67,67,0,0,67,EGYENI,,,
246820,19_125_001,517,356,356,0,3,353,EGYENI,,,
246822,19_126_001,404,273,273,0,4,269,EGYENI,,,
246824,19_127_001,259,177,177,0,2,175,EGYENI,,,
246826,19_128_001,918,628,628,0,10,618,EGYENI,,,
246828,19_129_001,447,342,342,0,3,339,EGYENI,,,
246830,19_130_001,224,153,153,0,2,151,EGYENI,,,
246832,19_131_001,447,334,334,0,3,331,EGYENI,,,
246834,19_132_001,803,583,582,-1,3,579,EGYENI,,,
246836,19_132_002,605,399,399,0,6,393,EGYENI,,,
246838,19_133_001,528,380,379,-1,3,376,EGYENI,,,
246840,19_134_001,794,607,605,-2,12,593,EGYENI,,,
246842,19_135_001,289,194,193,-1,1,192,EGYENI,,,
246844,19_136_001,711,458,458,0,1,457,EGYENI,,,
246846,19_137_001,1168,895,895,0,11,884,EGYENI,,,
246848,19_137_002,1167,899,892,-7,13,879,EGYENI,,,
246850,19_138_001,278,205,205,0,1,204,EGYENI,,,
246852,19_139_001,77,65,65,0,0,65,EGYENI,,,
246854,19_140_001,770,470,470,0,3,467,EGYENI,,,
246856,19_141_001,168,141,141,0,2,139,EGYENI,,,
246858,19_142_001,699,527,527,0,1,526,EGYENI,,,
246860,19_143_001,799,515,515,0,2,513,EGYENI,,,
246862,19_143_002,695,433,432,-1,7,425,EGYENI,,,
246864,19_144_001,828,606,606,0,7,599,EGYENI,,,
246866,19_145_001,109,75,75,0,2,73,EGYENI,,,
246868,19_146_001,46,42,42,0,1,41,EGYENI,,,
246870,19_147_001,162,98,98,0,1,97,EGYENI,,,
246872,19_148_001,132,108,108,0,2,106,EGYENI,,,
246874,19_149_001,1046,723,723,0,6,717,EGYENI,,,
246876,19_149_002,807,539,539,0,10,529,EGYENI,,,
246878,19_150_001,870,569,569,0,4,565,EGYENI,,,
246880,19_150_002,732,511,511,0,3,508,EGYENI,,,
246882,19_151_001,445,359,359,0,0,359,EGYENI,,,
246884,19_152_001,1050,658,658,0,7,651,EGYENI,,,
246886,19_152_002,183,129,129,0,4,125,EGYENI,,,
246888,19_153_001,810,545,544,-1,2,542,EGYENI,,,
246890,19_153_002,2280,1920,1910,-10,16,1894,EGYENI,,,
246892,19_153_003,732,427,423,-4,4,419,EGYENI,,,
246894,19_153_004,663,502,502,0,2,500,EGYENI,,,
246896,19_153_005,798,625,622,-3,1,621,EGYENI,,,
246898,19_153_006,883,620,620,0,7,613,EGYENI,,,
246900,19_153_007,884,608,608,0,3,605,EGYENI,,,
246902,19_153_008,513,398,397,-1,3,394,EGYENI,,,
246904,19_153_009,601,512,511,-1,1,510,EGYENI,,,
246906,19_153_010,870,694,691,-3,4,687,EGYENI,,,
246908,19_153_011,955,769,769,0,5,764,EGYENI,,,
246910,19_153_012,606,464,463,-1,8,455,EGYENI,,,
246912,19_153_013,665,461,461,0,1,460,EGYENI,,,
246914,19_153_014,746,490,489,-1,9,480,EGYENI,,,
246916,19_153_015,1020,716,716,0,2,714,EGYENI,,,
246918,19_153_016,945,600,600,0,11,589,EGYENI,,,
246920,19_153_017,604,430,429,-1,2,427,EGYENI,,,
246922,19_153_018,770,480,479,-1,2,477,EGYENI,,,
246924,19_153_019,633,487,487,0,1,486,EGYENI,,,
246926,19_153_020,355,260,260,0,2,258,EGYENI,,,
246928,19_153_021,692,545,545,0,0,545,EGYENI,,,
246930,19_153_022,633,501,501,0,0,501,EGYENI,,,
246932,19_153_023,943,727,727,0,5,722,EGYENI,,,
246934,19_153_024,744,511,510,-1,5,505,EGYENI,,,
246936,19_153_025,629,465,465,0,0,465,EGYENI,,,
246938,19_153_026,600,415,415,0,4,411,EGYENI,,,
246940,19_153_027,597,403,403,0,3,400,EGYENI,,,
246942,19_153_028,833,606,606,0,5,601,EGYENI,,,
246944,19_153_029,769,493,493,0,7,486,EGYENI,,,
246946,19_153_030,947,594,594,0,2,592,EGYENI,,,
246948,19_153_031,682,533,533,0,8,525,EGYENI,,,
246950,19_154_001,223,181,181,0,5,176,EGYENI,,,
246952,19_155_001,453,322,322,0,5,317,EGYENI,,,
246954,19_156_001,267,157,157,0,4,153,EGYENI,,,
246956,19_157_001,917,608,602,-6,6,596,EGYENI,,,
246958,19_158_001,465,346,346,0,6,340,EGYENI,,,
246960,19_159_001,280,222,222,0,2,220,EGYENI,,,
246962,19_160_001,585,383,382,-1,2,380,EGYENI,,,
246964,19_160_002,817,595,595,0,4,591,EGYENI,,,
246966,19_160_003,717,437,437,0,6,431,EGYENI,,,
246968,19_160_004,815,571,571,0,7,564,EGYENI,,,
246970,19_160_005,734,471,471,0,6,465,EGYENI,,,
246972,19_161_001,375,267,267,0,3,264,EGYENI,,,
246974,19_162_001,148,100,100,0,1,99,EGYENI,,,
246976,19_163_001,302,172,172,0,1,171,EGYENI,,,
246978,19_164_001,204,163,163,0,1,162,EGYENI,,,
246980,19_165_001,942,706,705,-1,11,694,EGYENI,,,
246982,19_166_001,148,92,92,0,2,90,EGYENI,,,
246984,19_167_001,58,44,44,0,0,44,EGYENI,,,
246986,19_168_001,226,178,178,0,1,177,EGYENI,,,
246988,19_169_001,231,135,135,0,2,133,EGYENI,,,
246990,19_170_001,504,371,371,0,12,359,EGYENI,,,
246992,19_171_001,863,509,509,0,6,503,EGYENI,,,
246994,19_172_001,73,49,49,0,1,48,EGYENI,,,
246996,19_173_001,421,322,322,0,0,322,EGYENI,,,
246998,19_174_001,763,525,525,0,9,516,EGYENI,,,
247000,19_174_002,596,422,422,0,5,417,EGYENI,,,
247002,19_174_003,562,348,348,0,8,340,EGYENI,,,
247004,19_174_004,695,476,476,0,3,473,EGYENI,,,
247006,19_174_005,651,498,498,0,2,496,EGYENI,,,
247008,19_174_006,769,572,572,0,3,569,EGYENI,,,
247010,19_174_007,711,462,461,-1,3,458,EGYENI,,,
247012,19_175_001,485,339,339,0,4,335,EGYENI,,,
247014,19_176_001,386,285,285,0,2,283,EGYENI,,,
247016,19_177_001,363,223,223,0,2,221,EGYENI,,,
247018,19_178_001,174,153,153,0,3,150,EGYENI,,,
247020,19_179_001,767,512,512,0,3,509,EGYENI,,,
247022,19_179_002,686,471,471,0,6,465,EGYENI,,,
247024,19_179_003,709,445,445,0,7,438,EGYENI,,,
247026,19_180_001,151,96,96,0,1,95,EGYENI,,,
247028,19_181_001,92,67,67,0,0,67,EGYENI,,,
247030,19_182_001,810,576,576,0,5,571,EGYENI,,,
247032,19_182_002,816,625,624,-1,5,619,EGYENI,,,
247034,19_183_001,749,543,542,-1,8,534,EGYENI,,,
247036,19_184_001,330,187,186,-1,4,182,EGYENI,,,
247038,19_185_001,78,63,63,0,1,62,EGYENI,,,
247040,19_186_001,658,472,470,-2,0,470,EGYENI,,,
247042,19_187_001,528,369,365,-4,9,356,EGYENI,,,
247044,19_188_001,831,650,650,0,7,643,EGYENI,,,
247046,19_188_002,895,597,596,-1,9,587,EGYENI,,,
247048,19_188_003,1031,617,617,0,3,614,EGYENI,,,
247050,19_188_004,748,504,502,-2,10,492,EGYENI,,,
247052,19_188_005,839,621,621,0,4,617,EGYENI,,,
247054,19_188_006,2851,2503,2503,0,16,2487,EGYENI,,,
247056,19_188_007,820,575,575,0,5,570,EGYENI,,,
247058,19_188_008,798,617,613,-4,1,612,EGYENI,,,
247060,19_188_009,725,544,544,0,7,537,EGYENI,,,
247062,19_188_010,930,615,614,-1,4,610,EGYENI,,,
247064,19_188_011,739,503,503,0,1,502,EGYENI,,,
247066,19_188_012,845,628,627,-1,5,622,EGYENI,,,
247068,19_188_013,741,546,546,0,7,539,EGYENI,,,
247070,19_188_014,641,508,509,1,10,499,EGYENI,,,
247072,19_188_015,701,528,528,0,1,527,EGYENI,,,
247075,19_189_001,694,502,497,-5,8,489,EGYENI,,,
247077,19_190_001,1036,782,779,-3,6,773,EGYENI,,,
247078,19_191_001,1088,785,782,-3,12,770,EGYENI,,,
247080,19_192_001,443,310,310,0,3,307,EGYENI,,,
247082,19_193_001,1027,689,689,0,9,680,EGYENI,,,
247084,19_194_001,257,162,162,0,1,161,EGYENI,,,
247086,19_195_001,261,198,198,0,3,195,EGYENI,,,
247088,19_196_001,837,544,544,0,8,536,EGYENI,,,
247090,19_196_002,763,527,527,0,7,520,EGYENI,,,
247092,19_197_001,432,277,277,0,3,274,EGYENI,,,
247094,19_198_001,615,434,434,0,5,429,EGYENI,,,
247096,19_198_002,613,465,465,0,5,460,EGYENI,,,
247098,19_199_001,142,101,101,0,0,101,EGYENI,,,
247100,19_200_001,1063,709,709,0,8,701,EGYENI,,,
247102,19_201_001,712,404,404,0,1,403,EGYENI,,,
247104,19_201_002,914,545,545,0,8,537,EGYENI,,,
247106,19_201_003,741,498,493,-5,5,488,EGYENI,,,
247108,19_201_004,909,612,609,-3,3,606,EGYENI,,,
247110,19_201_005,1010,680,680,0,7,673,EGYENI,,,
247112,19_201_006,1018,701,700,-1,4,696,EGYENI,,,
247114,19_201_007,675,476,475,-1,12,463,EGYENI,,,
247116,19_201_008,718,507,507,0,7,500,EGYENI,,,
247118,19_201_009,674,506,506,0,9,497,EGYENI,,,
247120,19_201_010,659,440,440,0,3,437,EGYENI,,,
247122,19_201_011,758,481,481,0,5,476,EGYENI,,,
247124,19_201_012,680,448,449,1,12,437,EGYENI,,,
247126,19_201_013,871,606,601,-5,5,596,EGYENI,,,
247128,19_201_014,1083,818,818,0,5,813,EGYENI,,,
247130,19_201_015,1079,802,802,0,5,797,EGYENI,,,
247132,19_201_016,977,637,637,0,7,630,EGYENI,,,
247134,19_201_017,769,562,561,-1,3,558,EGYENI,,,
247136,19_201_018,732,529,529,0,6,523,EGYENI,,,
247138,19_201_019,772,429,429,0,6,423,EGYENI,,,
247140,19_202_001,214,174,174,0,3,171,EGYENI,,,
247142,19_203_001,581,312,314,2,14,300,EGYENI,,,
247144,19_203_002,2697,2365,2358,-7,21,2337,EGYENI,,,
247146,19_203_003,864,654,651,-3,8,643,EGYENI,,,
247148,19_203_004,1069,873,871,-2,4,867,EGYENI,,,
247150,19_203_005,790,654,653,-1,1,652,EGYENI,,,
247152,19_203_006,676,550,547,-3,5,542,EGYENI,,,
247154,19_203_007,799,657,656,-1,7,649,EGYENI,,,
247156,19_203_008,1008,808,807,-1,15,792,EGYENI,,,
247158,19_203_009,757,575,575,0,5,570,EGYENI,,,
247160,19_203_010,798,617,616,-1,2,614,EGYENI,,,
247162,19_203_011,884,731,731,0,7,724,EGYENI,,,
247164,19_203_012,781,606,606,0,10,596,EGYENI,,,
247166,19_203_013,1050,868,866,-2,7,859,EGYENI,,,
247168,19_203_014,735,630,630,0,5,625,EGYENI,,,
247170,19_203_015,541,402,402,0,7,395,EGYENI,,,
247172,19_203_016,599,414,414,0,9,405,EGYENI,,,
247174,19_203_017,564,452,452,0,3,449,EGYENI,,,
247176,19_203_018,631,494,494,0,2,492,EGYENI,,,
247178,19_203_019,641,525,525,0,1,524,EGYENI,,,
247180,19_203_020,630,551,546,-5,2,544,EGYENI,,,
247182,19_203_021,817,688,688,0,4,684,EGYENI,,,
247184,19_203_022,635,467,466,-1,2,464,EGYENI,,,
247186,19_203_023,735,557,553,-4,4,549,EGYENI,,,
247188,19_203_024,963,756,756,0,10,746,EGYENI,,,
247190,19_203_025,1004,731,731,0,7,724,EGYENI,,,
247192,19_203_026,877,681,681,0,9,672,EGYENI,,,
247194,19_203_027,1018,819,819,0,12,807,EGYENI,,,
247196,19_203_028,548,339,339,0,6,333,EGYENI,,,
247198,19_203_029,764,608,608,0,4,604,EGYENI,,,
247200,19_203_030,637,528,528,0,5,523,EGYENI,,,
247202,19_203_031,1006,812,811,-1,8,803,EGYENI,,,
247204,19_203_032,889,736,734,-2,8,726,EGYENI,,,
247206,19_203_033,631,423,423,0,10,413,EGYENI,,,
247208,19_203_034,895,632,632,0,9,623,EGYENI,,,
247210,19_203_035,813,561,561,0,4,557,EGYENI,,,
247212,19_203_036,789,536,536,0,5,531,EGYENI,,,
247214,19_203_037,554,361,361,0,3,358,EGYENI,,,
247216,19_203_038,740,506,506,0,3,503,EGYENI,,,
247218,19_203_039,627,409,409,0,0,409,EGYENI,,,
247220,19_203_040,817,593,594,1,7,587,EGYENI,,,
247222,19_203_041,549,323,323,0,3,320,EGYENI,,,
247224,19_203_042,638,438,438,0,7,431,EGYENI,,,
247226,19_203_043,746,491,491,0,4,487,EGYENI,,,
247228,19_203_044,867,590,590,0,7,583,EGYENI,,,
247230,19_203_045,714,525,525,0,3,522,EGYENI,,,
247232,19_203_046,593,430,430,0,3,427,EGYENI,,,
247234,19_203_047,547,423,423,0,0,423,EGYENI,,,
247236,19_203_048,413,334,334,0,1,333,EGYENI,,,
247238,19_203_049,695,543,543,0,10,533,EGYENI,,,
247240,19_203_050,1092,859,854,-5,7,847,EGYENI,,,
247242,19_203_051,838,633,630,-3,3,627,EGYENI,,,
247244,19_203_052,216,168,168,0,1,167,EGYENI,,,
247246,19_203_053,1151,892,890,-2,2,888,EGYENI,,,
247248,19_203_054,780,603,604,1,6,598,EGYENI,,,
247250,19_203_055,726,571,571,0,5,566,EGYENI,,,
247252,19_203_056,746,533,533,0,7,526,EGYENI,,,
247254,19_204_001,196,166,166,0,0,166,EGYENI,,,
247256,19_205_001,224,163,163,0,2,161,EGYENI,,,
247258,19_206_001,98,56,56,0,0,56,EGYENI,,,
247260,19_207_001,150,103,103,0,1,102,EGYENI,,,
247262,19_208_001,560,411,413,2,14,399,EGYENI,,,
247264,19_209_001,184,146,146,0,0,146,EGYENI,,,
247266,19_210_001,79,62,62,0,1,61,EGYENI,,,
247268,19_211_001,197,117,117,0,1,116,EGYENI,,,
247270,19_212_001,342,241,241,0,4,237,EGYENI,,,
247272,19_213_001,985,637,637,0,3,634,EGYENI,,,
247274,19_214_001,50,32,32,0,0,32,EGYENI,,,
247276,19_215_001,117,89,88,-1,1,87,EGYENI,,,
247278,19_216_001,754,585,585,0,14,571,EGYENI,,,
247280,19_217_001,725,507,506,-1,4,502,EGYENI,,,
247282,19_217_002,697,472,468,-4,5,463,EGYENI,,,
247284,19_217_003,752,536,536,0,7,529,EGYENI,,,
247286,19_217_004,735,535,534,-1,6,528,EGYENI,,,
247288,19_217_005,804,618,618,0,5,613,EGYENI,,,
247290,19_217_006,676,516,516,0,2,514,EGYENI,,,
247292,19_217_007,940,720,720,0,7,713,EGYENI,,,
247294,19_218_001,798,589,589,0,7,582,EGYENI,,,
247296,20_001_001,330,251,251,0,3,248,EGYENI,,,
247298,20_002_001,60,44,44,0,0,44,EGYENI,,,
247300,20_003_001,550,364,363,-1,4,359,EGYENI,,,
247302,20_004_001,1129,837,837,0,10,827,EGYENI,,,
247304,20_005_001,264,149,149,0,0,149,EGYENI,,,
247306,20_006_001,45,43,43,0,3,40,EGYENI,,,
247308,20_007_001,407,286,286,0,9,277,EGYENI,,,
247310,20_008_001,30,24,22,-2,0,22,EGYENI,,,
247312,20_009_001,971,712,714,2,22,692,EGYENI,,,
247314,20_010_001,631,461,461,0,6,455,EGYENI,,,
247316,20_010_002,652,473,473,0,8,465,EGYENI,,,
247318,20_011_001,261,182,182,0,3,179,EGYENI,,,
247320,20_012_001,915,701,697,-4,5,692,EGYENI,,,
247322,20_013_001,352,201,201,0,5,196,EGYENI,,,
247324,20_014_001,94,76,76,0,4,72,EGYENI,,,
247326,20_015_001,301,184,184,0,2,182,EGYENI,,,
247328,20_016_001,479,303,303,0,2,301,EGYENI,,,
247330,20_017_001,444,317,317,0,3,314,EGYENI,,,
247332,20_017_002,109,82,82,0,1,81,EGYENI,,,
247334,20_018_001,608,390,390,0,5,385,EGYENI,,,
247336,20_018_002,554,413,413,0,4,409,EGYENI,,,
247338,20_018_003,459,294,294,0,2,292,EGYENI,,,
247340,20_019_001,625,426,426,0,6,420,EGYENI,,,
247342,20_020_001,572,357,357,0,6,351,EGYENI,,,
247344,20_021_001,82,62,62,0,2,60,EGYENI,,,
247346,20_022_001,109,88,88,0,0,88,EGYENI,,,
247348,20_023_001,919,684,684,0,6,678,EGYENI,,,
247350,20_024_001,234,144,144,0,3,141,EGYENI,,,
247352,20_025_001,275,221,220,-1,2,218,EGYENI,,,
247354,20_026_001,553,350,350,0,6,344,EGYENI,,,
247356,20_027_001,211,158,158,0,6,152,EGYENI,,,
247358,20_028_001,217,158,158,0,0,158,EGYENI,,,
247360,20_029_001,34,32,32,0,0,32,EGYENI,,,
247362,20_030_001,43,30,30,0,0,30,EGYENI,,,
247364,20_031_001,560,443,443,0,1,442,EGYENI,,,
247366,20_032_001,165,106,106,0,4,102,EGYENI,,,
247368,20_033_001,121,85,85,0,3,82,EGYENI,,,
247370,20_034_001,421,324,324,0,3,321,EGYENI,,,
247372,20_035_001,1175,881,881,0,16,865,EGYENI,,,
247374,20_035_002,1183,858,857,-1,10,847,EGYENI,,,
247376,20_036_001,32,14,14,0,0,14,EGYENI,,,
247378,20_037_001,680,515,511,-4,3,508,EGYENI,,,
247380,20_038_001,270,212,212,0,4,208,EGYENI,,,
247382,20_039_001,66,55,55,0,0,55,EGYENI,,,
247384,20_040_001,466,306,306,0,3,303,EGYENI,,,
247386,20_041_001,304,201,200,-1,3,197,EGYENI,,,
247388,20_042_001,347,237,236,-1,1,235,EGYENI,,,
247390,20_043_001,133,98,98,0,1,97,EGYENI,,,
247392,20_044_001,125,106,106,0,0,106,EGYENI,,,
247394,20_045_001,64,54,54,0,1,53,EGYENI,,,
247396,20_046_001,24,22,22,0,1,21,EGYENI,,,
247398,20_047_001,237,154,154,0,0,154,EGYENI,,,
247400,20_048_001,828,631,629,-2,3,626,EGYENI,,,
247402,20_049_001,547,404,403,-1,5,398,EGYENI,,,
247404,20_050_001,322,206,206,0,4,202,EGYENI,,,
247406,20_051_001,539,387,387,0,1,386,EGYENI,,,
247408,20_052_001,588,410,409,-1,9,400,EGYENI,,,
247410,20_053_001,14,13,13,0,0,13,EGYENI,,,
247412,20_054_001,523,374,374,0,3,371,EGYENI,,,
247414,20_055_001,102,78,78,0,0,78,EGYENI,,,
247416,20_056_001,934,571,570,-1,1,569,EGYENI,,,
247418,20_057_001,496,291,289,-2,8,281,EGYENI,,,
247420,20_058_001,46,36,36,0,1,35,EGYENI,,,
247422,20_059_001,758,568,568,0,1,567,EGYENI,,,
247424,20_059_002,461,352,351,-1,3,348,EGYENI,,,
247426,20_060_001,842,546,546,0,8,538,EGYENI,,,
247428,20_061_001,205,146,146,0,5,141,EGYENI,,,
247430,20_062_001,68,46,46,0,0,46,EGYENI,,,
247432,20_063_001,35,24,24,0,0,24,EGYENI,,,
247434,20_064_001,44,36,36,0,2,34,EGYENI,,,
247436,20_065_001,238,166,166,0,2,164,EGYENI,,,
247438,20_066_001,621,439,439,0,9,430,EGYENI,,,
247440,20_066_002,189,112,112,0,2,110,EGYENI,,,
247442,20_067_001,1027,764,763,-1,6,757,EGYENI,,,
247444,20_067_002,1015,774,772,-2,7,765,EGYENI,,,
247446,20_067_003,935,702,701,-1,10,691,EGYENI,,,
247448,20_068_001,57,34,34,0,2,32,EGYENI,,,
247450,20_069_001,227,175,175,0,2,173,EGYENI,,,
247452,20_070_001,340,218,218,0,1,217,EGYENI,,,
247454,20_070_002,405,268,269,1,8,261,EGYENI,,,
247456,20_070_003,96,65,65,0,1,64,EGYENI,,,
247458,20_071_001,66,41,41,0,1,40,EGYENI,,,
247460,20_072_001,541,383,383,0,6,377,EGYENI,,,
247462,20_072_002,635,461,461,0,4,457,EGYENI,,,
247464,20_072_003,772,548,548,0,4,544,EGYENI,,,
247466,20_072_004,712,537,537,0,9,528,EGYENI,,,
247468,20_072_005,908,709,709,0,9,700,EGYENI,,,
247470,20_073_001,202,125,125,0,3,122,EGYENI,,,
247472,20_074_001,136,102,102,0,2,100,EGYENI,,,
247474,20_075_001,277,215,215,0,1,214,EGYENI,,,
247476,20_076_001,16,11,11,0,0,11,EGYENI,,,
247478,20_077_001,236,166,166,0,2,164,EGYENI,,,
247480,20_078_001,157,105,105,0,2,103,EGYENI,,,
247482,20_079_001,80,60,60,0,2,58,EGYENI,,,
247484,20_080_001,558,403,402,-1,7,395,EGYENI,,,
247486,20_081_001,113,86,86,0,2,84,EGYENI,,,
247488,20_082_001,104,69,69,0,1,68,EGYENI,,,
247490,20_083_001,175,138,138,0,5,133,EGYENI,,,
247492,20_084_001,572,382,382,0,5,377,EGYENI,,,
247494,20_084_002,301,234,234,0,3,231,EGYENI,,,
247496,20_085_001,124,88,88,0,0,88,EGYENI,,,
247498,20_085_002,260,175,175,0,2,173,EGYENI,,,
247500,20_086_001,74,42,42,0,0,42,EGYENI,,,
247502,20_087_001,175,90,90,0,2,88,EGYENI,,,
247504,20_088_001,236,164,164,0,4,160,EGYENI,,,
247506,20_089_001,99,83,83,0,1,82,EGYENI,,,
247508,20_090_001,89,68,67,-1,2,65,EGYENI,,,
247510,20_091_001,182,124,124,0,0,124,EGYENI,,,
247512,20_092_001,138,103,103,0,1,102,EGYENI,,,
247514,20_093_001,834,583,584,1,16,568,EGYENI,,,
247516,20_093_002,744,501,500,-1,6,494,EGYENI,,,
247518,20_093_003,920,638,636,-2,3,633,EGYENI,,,
247520,20_093_004,901,712,712,0,8,704,EGYENI,,,
247522,20_093_005,876,667,667,0,3,664,EGYENI,,,
247524,20_093_006,1067,745,744,-1,5,739,EGYENI,,,
247526,20_093_007,444,262,262,0,2,260,EGYENI,,,
247528,20_093_008,795,581,582,1,13,569,EGYENI,,,
247530,20_093_009,678,490,489,-1,9,480,EGYENI,,,
247532,20_093_010,908,685,685,0,8,677,EGYENI,,,
247534,20_093_011,1005,783,780,-3,5,775,EGYENI,,,
247536,20_093_012,789,617,617,0,4,613,EGYENI,,,
247538,20_093_013,3494,3125,3116,-9,33,3083,EGYENI,,,
247540,20_093_014,1038,649,649,0,13,636,EGYENI,,,
247542,20_093_015,973,683,683,0,9,674,EGYENI,,,
247544,20_093_016,989,676,671,-5,5,666,EGYENI,,,
247546,20_093_017,910,663,664,1,11,653,EGYENI,,,
247548,20_094_001,185,119,119,0,3,116,EGYENI,,,
247550,20_095_001,367,277,277,0,2,275,EGYENI,,,
247552,20_096_001,142,119,119,0,1,118,EGYENI,,,
247554,20_097_001,129,78,78,0,2,76,EGYENI,,,
247556,20_098_001,156,126,126,0,3,123,EGYENI,,,
247558,20_099_001,234,184,184,0,5,179,EGYENI,,,
247560,20_100_001,141,99,99,0,0,99,EGYENI,,,
247563,20_101_001,126,90,90,0,1,89,EGYENI,,,
247565,20_102_001,138,96,96,0,3,93,EGYENI,,,
247566,20_103_001,41,35,35,0,0,35,EGYENI,,,
247568,20_104_001,25,24,24,0,1,23,EGYENI,,,
247570,20_105_001,389,269,269,0,1,268,EGYENI,,,
247572,20_106_001,58,42,43,1,5,38,EGYENI,,,
247574,20_107_001,381,300,300,0,7,293,EGYENI,,,
247576,20_108_001,47,29,29,0,0,29,EGYENI,,,
247578,20_109_001,24,20,20,0,1,19,EGYENI,,,
247580,20_110_001,33,27,27,0,1,26,EGYENI,,,
247582,20_111_001,950,722,720,-2,8,712,EGYENI,,,
247584,20_111_002,889,675,675,0,16,659,EGYENI,,,
247586,20_111_003,628,500,499,-1,3,496,EGYENI,,,
247588,20_111_004,762,554,553,-1,4,549,EGYENI,,,
247590,20_111_005,590,464,464,0,5,459,EGYENI,,,
247592,20_111_006,902,752,750,-2,7,743,EGYENI,,,
247594,20_111_007,453,346,345,-1,5,340,EGYENI,,,
247596,20_111_008,272,211,211,0,6,205,EGYENI,,,
247598,20_111_009,257,186,186,0,3,183,EGYENI,,,
247600,20_111_010,226,174,174,0,3,171,EGYENI,,,
247602,20_111_011,126,91,91,0,3,88,EGYENI,,,
247604,20_112_001,628,420,420,0,5,415,EGYENI,,,
247606,20_112_002,744,477,476,-1,2,474,EGYENI,,,
247608,20_112_003,765,525,524,-1,10,514,EGYENI,,,
247610,20_112_004,613,390,390,0,9,381,EGYENI,,,
247612,20_112_005,473,294,294,0,6,288,EGYENI,,,
247614,20_113_001,152,114,114,0,3,111,EGYENI,,,
247616,20_114_001,47,37,37,0,0,37,EGYENI,,,
247618,20_115_001,63,37,37,0,3,34,EGYENI,,,
247620,20_115_002,152,97,97,0,1,96,EGYENI,,,
247622,20_116_001,309,215,215,0,2,213,EGYENI,,,
247624,20_117_001,928,606,606,0,9,597,EGYENI,,,
247626,20_118_001,39,30,30,0,0,30,EGYENI,,,
247628,20_119_001,209,154,154,0,1,153,EGYENI,,,
247630,20_120_001,364,253,253,0,1,252,EGYENI,,,
247632,20_121_001,62,38,38,0,0,38,EGYENI,,,
247634,20_122_001,39,37,37,0,0,37,EGYENI,,,
247636,20_123_001,572,380,380,0,1,379,EGYENI,,,
247638,20_124_001,281,212,212,0,1,211,EGYENI,,,
247640,20_125_001,218,125,125,0,4,121,EGYENI,,,
247642,20_126_001,248,182,182,0,7,175,EGYENI,,,
247644,20_127_001,227,170,170,0,3,167,EGYENI,,,
247646,20_128_001,574,394,388,-6,3,385,EGYENI,,,
247648,20_129_001,801,540,540,0,6,534,EGYENI,,,
247650,20_129_002,541,312,312,0,4,308,EGYENI,,,
247652,20_130_001,186,136,136,0,1,135,EGYENI,,,
247654,20_131_001,190,127,127,0,3,124,EGYENI,,,
247656,20_131_002,90,71,71,0,3,68,EGYENI,,,
247658,20_131_003,84,53,53,0,2,51,EGYENI,,,
247660,20_132_001,315,224,223,-1,4,219,EGYENI,,,
247662,20_133_001,131,95,95,0,4,91,EGYENI,,,
247664,20_134_001,847,626,627,1,9,618,EGYENI,,,
247666,20_134_002,1013,830,829,-1,9,820,EGYENI,,,
247668,20_134_003,781,536,536,0,4,532,EGYENI,,,
247670,20_134_004,1146,748,748,0,9,739,EGYENI,,,
247672,20_134_005,949,735,735,0,9,726,EGYENI,,,
247674,20_134_006,1000,724,723,-1,14,709,EGYENI,,,
247676,20_134_007,639,455,455,0,3,452,EGYENI,,,
247678,20_134_008,961,596,596,0,6,590,EGYENI,,,
247680,20_134_009,1138,807,808,1,15,793,EGYENI,,,
247682,20_134_010,977,674,675,1,14,661,EGYENI,,,
247684,20_134_011,771,611,611,0,3,608,EGYENI,,,
247686,20_134_012,671,447,445,-2,1,444,EGYENI,,,
247688,20_134_013,849,650,650,0,5,645,EGYENI,,,
247690,20_134_014,966,612,612,0,8,604,EGYENI,,,
247692,20_134_015,1033,789,789,0,4,785,EGYENI,,,
247694,20_134_016,844,386,386,0,1,385,EGYENI,,,
247696,20_134_017,2229,2025,2016,-9,15,2001,EGYENI,,,
247698,20_134_018,947,723,723,0,8,715,EGYENI,,,
247700,20_134_019,942,593,592,-1,7,585,EGYENI,,,
247702,20_134_020,777,511,510,-1,7,503,EGYENI,,,
247704,20_134_021,756,508,508,0,4,504,EGYENI,,,
247706,20_134_022,958,655,655,0,9,646,EGYENI,,,
247708,20_134_023,1022,713,713,0,2,711,EGYENI,,,
247710,20_134_024,706,506,506,0,3,503,EGYENI,,,
247712,20_134_025,743,479,479,0,3,476,EGYENI,,,
247714,20_134_026,1139,701,701,0,9,692,EGYENI,,,
247716,20_134_027,1167,841,844,3,25,819,EGYENI,,,
247718,20_134_028,1091,752,753,1,17,736,EGYENI,,,
247720,20_134_029,1056,750,751,1,13,738,EGYENI,,,
247722,20_134_030,911,583,581,-2,8,573,EGYENI,,,
247724,20_134_031,710,492,491,-1,9,482,EGYENI,,,
247726,20_134_032,797,627,626,-1,3,623,EGYENI,,,
247728,20_134_033,891,658,658,0,7,651,EGYENI,,,
247730,20_134_034,1175,924,924,0,7,917,EGYENI,,,
247732,20_134_035,1179,868,867,-1,9,858,EGYENI,,,
247734,20_134_036,498,329,329,0,3,326,EGYENI,,,
247736,20_134_037,794,598,595,-3,5,590,EGYENI,,,
247738,20_134_038,894,646,646,0,8,638,EGYENI,,,
247740,20_134_039,1130,830,828,-2,8,820,EGYENI,,,
247742,20_134_040,1076,760,761,1,14,747,EGYENI,,,
247746,20_135_001,707,464,464,0,0,464,EGYENI,,,
247748,20_136_001,351,275,275,0,6,269,EGYENI,,,
247750,20_137_001,402,299,299,0,4,295,EGYENI,,,
247752,20_138_001,408,316,316,0,2,314,EGYENI,,,
247754,20_139_001,368,232,232,0,3,229,EGYENI,,,
247756,20_140_001,860,634,633,-1,6,627,EGYENI,,,
247758,20_141_001,386,275,275,0,2,273,EGYENI,,,
247760,20_142_001,521,368,368,0,4,364,EGYENI,,,
247762,20_143_001,221,156,156,0,4,152,EGYENI,,,
247764,20_144_001,94,80,80,0,3,77,EGYENI,,,
247766,20_145_001,217,161,161,0,1,160,EGYENI,,,
247768,20_146_001,265,176,176,0,3,173,EGYENI,,,
247770,20_147_001,228,163,163,0,3,160,EGYENI,,,
247772,20_148_001,209,150,150,0,1,149,EGYENI,,,
247774,20_149_001,158,136,136,0,3,133,EGYENI,,,
247776,20_150_001,613,443,443,0,2,441,EGYENI,,,
247778,20_151_001,190,109,109,0,1,108,EGYENI,,,
247780,20_152_001,86,66,66,0,0,66,EGYENI,,,
247782,20_153_001,83,70,70,0,3,67,EGYENI,,,
247784,20_154_001,300,178,178,0,3,175,EGYENI,,,
247786,20_155_001,93,54,54,0,0,54,EGYENI,,,
247788,20_156_001,144,105,105,0,4,101,EGYENI,,,
247790,20_157_001,435,281,281,0,3,278,EGYENI,,,
247792,20_158_001,629,364,364,0,3,361,EGYENI,,,
247794,20_158_002,633,425,425,0,6,419,EGYENI,,,
247796,20_159_001,87,56,56,0,1,55,EGYENI,,,
247798,20_160_001,678,419,419,0,3,416,EGYENI,,,
247800,20_161_001,144,100,99,-1,2,97,EGYENI,,,
247802,20_162_001,782,554,552,-2,4,548,EGYENI,,,
247804,20_162_002,111,64,64,0,1,63,EGYENI,,,
247806,20_163_001,141,108,108,0,0,108,EGYENI,,,
247808,20_164_001,343,234,234,0,6,228,EGYENI,,,
247810,20_165_001,287,226,226,0,3,223,EGYENI,,,
247812,20_166_001,284,203,203,0,2,201,EGYENI,,,
247814,20_167_001,739,519,519,0,5,514,EGYENI,,,
247816,20_168_001,215,169,169,0,2,167,EGYENI,,,
247818,20_169_001,644,433,439,6,9,430,EGYENI,,,
247820,20_170_001,295,176,176,0,5,171,EGYENI,,,
247822,20_171_001,40,30,30,0,0,30,EGYENI,,,
247824,20_172_001,222,166,166,0,2,164,EGYENI,,,
247826,20_173_001,21,20,20,0,0,20,EGYENI,,,
247828,20_174_001,130,109,109,0,0,109,EGYENI,,,
247830,20_175_001,418,273,273,0,6,267,EGYENI,,,
247832,20_176_001,461,361,361,0,7,354,EGYENI,,,
247834,20_177_001,24,18,18,0,0,18,EGYENI,,,
247836,20_178_001,218,133,133,0,2,131,EGYENI,,,
247838,20_179_001,1017,690,690,0,5,685,EGYENI,,,
247840,20_180_001,765,516,518,2,20,498,EGYENI,,,
247842,20_181_001,315,226,226,0,2,224,EGYENI,,,
247844,20_182_001,477,350,349,-1,9,340,EGYENI,,,
247846,20_183_001,300,216,216,0,4,212,EGYENI,,,
247848,20_184_001,601,432,432,0,6,426,EGYENI,,,
247850,20_185_001,759,488,488,0,6,482,EGYENI,,,
247852,20_185_002,706,450,450,0,6,444,EGYENI,,,
247854,20_186_001,456,314,314,0,4,310,EGYENI,,,
247856,20_187_001,49,42,42,0,0,42,EGYENI,,,
247858,20_188_001,689,506,505,-1,8,497,EGYENI,,,
247860,20_189_001,531,328,328,0,2,326,EGYENI,,,
247862,20_189_002,620,379,379,0,7,372,EGYENI,,,
247864,20_190_001,484,341,341,0,11,330,EGYENI,,,
247866,20_191_001,464,352,351,-1,5,346,EGYENI,,,
247868,20_192_001,153,111,111,0,4,107,EGYENI,,,
247870,20_193_001,266,195,195,0,2,193,EGYENI,,,
247872,20_194_001,310,218,218,0,2,216,EGYENI,,,
247874,20_195_001,49,41,41,0,1,40,EGYENI,,,
247876,20_196_001,230,160,160,0,1,159,EGYENI,,,
247878,20_197_001,71,39,39,0,0,39,EGYENI,,,
247880,20_198_001,102,60,60,0,1,59,EGYENI,,,
247882,20_199_001,673,345,345,0,8,337,EGYENI,,,
247884,20_200_001,598,399,398,-1,5,393,EGYENI,,,
247886,20_200_002,633,386,386,0,3,383,EGYENI,,,
247888,20_201_001,169,129,129,0,2,127,EGYENI,,,
247890,20_202_001,21,9,9,0,0,9,EGYENI,,,
247892,20_203_001,146,115,115,0,3,112,EGYENI,,,
247894,20_204_001,924,737,737,0,6,731,EGYENI,,,
247896,20_205_001,76,62,62,0,0,62,EGYENI,,,
247898,20_205_002,55,47,47,0,0,47,EGYENI,,,
247900,20_206_001,263,202,202,0,4,198,EGYENI,,,
247902,20_207_001,416,281,280,-1,2,278,EGYENI,,,
247904,20_208_001,527,376,376,0,2,374,EGYENI,,,
247906,20_209_001,654,399,398,-1,6,392,EGYENI,,,
247908,20_210_001,414,297,297,0,3,294,EGYENI,,,
247910,20_210_002,470,306,306,0,3,303,EGYENI,,,
247912,20_211_001,526,257,257,0,13,244,EGYENI,,,
247914,20_211_002,721,476,475,-1,7,468,EGYENI,,,
247916,20_212_001,783,515,515,0,9,506,EGYENI,,,
247918,20_213_001,43,36,36,0,1,35,EGYENI,,,
247920,20_214_001,469,331,331,0,4,327,EGYENI,,,
247922,20_215_001,230,196,196,0,1,195,EGYENI,,,
247924,20_215_002,59,47,47,0,2,45,EGYENI,,,
247926,20_216_001,94,64,64,0,1,63,EGYENI,,,
247928,20_217_001,152,100,100,0,0,100,EGYENI,,,
247930,20_218_001,823,574,574,0,8,566,EGYENI,,,
247932,20_219_001,90,68,68,0,1,67,EGYENI,,,
247934,20_220_001,63,37,36,-1,1,35,EGYENI,,,
247936,20_221_001,275,199,199,0,4,195,EGYENI,,,
247938,20_222_001,1000,737,737,0,9,728,EGYENI,,,
247940,20_222_002,820,580,580,0,1,579,EGYENI,,,
247942,20_223_001,70,57,57,0,0,57,EGYENI,,,
247944,20_224_001,166,114,114,0,4,110,EGYENI,,,
247946,20_225_001,619,399,399,0,5,394,EGYENI,,,
247948,20_225_002,553,392,392,0,0,392,EGYENI,,,
247950,20_226_001,494,328,328,0,2,326,EGYENI,,,
247952,20_227_001,567,350,350,0,3,347,EGYENI,,,
247954,20_228_001,283,203,202,-1,5,197,EGYENI,,,
247956,20_229_001,765,496,496,0,15,481,EGYENI,,,
247958,20_230_001,391,288,288,0,3,285,EGYENI,,,
247960,20_231_001,731,539,539,0,8,531,EGYENI,,,
247962,20_231_002,907,707,707,0,6,701,EGYENI,,,
247964,20_231_003,1096,832,831,-1,12,819,EGYENI,,,
247966,20_231_004,989,766,765,-1,7,758,EGYENI,,,
247968,20_231_005,749,453,454,1,18,436,EGYENI,,,
247970,20_231_006,1400,1027,1027,0,12,1015,EGYENI,,,
247972,20_231_007,745,522,522,0,7,515,EGYENI,,,
247974,20_231_008,629,437,436,-1,6,430,EGYENI,,,
247976,20_231_009,855,623,623,0,5,618,EGYENI,,,
247978,20_231_010,799,579,580,1,20,560,EGYENI,,,
247980,20_231_011,659,492,492,0,4,488,EGYENI,,,
247982,20_231_012,931,660,660,0,7,653,EGYENI,,,
247984,20_231_013,1069,788,788,0,8,780,EGYENI,,,
247986,20_231_014,848,567,569,2,27,542,EGYENI,,,
247988,20_231_015,860,594,594,0,7,587,EGYENI,,,
247990,20_231_016,1023,645,643,-2,2,641,EGYENI,,,
247992,20_231_017,927,697,697,0,9,688,EGYENI,,,
247994,20_231_018,855,645,643,-2,7,636,EGYENI,,,
247996,20_231_019,846,617,616,-1,10,606,EGYENI,,,
247998,20_231_020,863,656,654,-2,10,644,EGYENI,,,
248000,20_231_021,1098,866,864,-2,10,854,EGYENI,,,
248002,20_231_022,857,624,623,-1,8,615,EGYENI,,,
248004,20_231_023,1091,840,838,-2,12,826,EGYENI,,,
248006,20_231_024,2982,2691,2681,-10,21,2660,EGYENI,,,
248008,20_231_025,563,417,417,0,6,411,EGYENI,,,
248010,20_231_026,1347,998,998,0,16,982,EGYENI,,,
248012,20_231_027,919,629,630,1,18,612,EGYENI,,,
248014,20_231_028,1326,915,915,0,16,899,EGYENI,,,
248016,20_231_029,807,589,588,-1,7,581,EGYENI,,,
248018,20_231_030,538,318,318,0,5,313,EGYENI,,,
248020,20_231_031,621,385,385,0,3,382,EGYENI,,,
248022,20_231_032,692,471,471,0,6,465,EGYENI,,,
248024,20_231_033,743,498,498,0,12,486,EGYENI,,,
248026,20_231_034,912,684,683,-1,9,674,EGYENI,,,
248028,20_231_035,808,635,635,0,7,628,EGYENI,,,
248030,20_231_036,942,682,682,0,17,665,EGYENI,,,
248032,20_231_037,976,752,752,0,13,739,EGYENI,,,
248034,20_231_038,799,593,593,0,8,585,EGYENI,,,
248036,20_231_039,756,552,552,0,5,547,EGYENI,,,
248038,20_231_040,968,750,750,0,14,736,EGYENI,,,
248040,20_231_041,1011,778,777,-1,11,766,EGYENI,,,
248042,20_231_042,644,494,494,0,5,489,EGYENI,,,
248044,20_231_043,885,685,684,-1,11,673,EGYENI,,,
248046,20_231_044,872,656,656,0,8,648,EGYENI,,,
248048,20_231_045,773,550,550,0,5,545,EGYENI,,,
248050,20_231_046,773,557,557,0,6,551,EGYENI,,,
248052,20_231_047,658,520,519,-1,1,518,EGYENI,,,
248054,20_231_048,1286,951,946,-5,9,937,EGYENI,,,
248056,20_231_049,971,739,739,0,13,726,EGYENI,,,
248058,20_231_050,658,463,463,0,2,461,EGYENI,,,
248060,20_231_051,634,508,507,-1,11,496,EGYENI,,,
248062,20_232_001,290,228,228,0,3,225,EGYENI,,,
248064,20_233_001,81,60,60,0,2,58,EGYENI,,,
248066,20_234_001,300,218,218,0,3,215,EGYENI,,,
248068,20_235_001,868,625,625,0,4,621,EGYENI,,,
248070,20_235_002,1002,654,654,0,6,648,EGYENI,,,
248072,20_236_001,656,381,375,-6,14,361,EGYENI,,,
248074,20_236_002,649,401,400,-1,5,395,EGYENI,,,
248076,20_236_003,691,438,439,1,10,429,EGYENI,,,
248078,20_237_001,27,25,25,0,2,23,EGYENI,,,
248080,20_238_001,465,346,346,0,3,343,EGYENI,,,
248082,20_238_002,517,387,387,0,4,383,EGYENI,,,
248084,20_238_003,493,340,340,0,9,331,EGYENI,,,
248086,20_238_004,515,350,350,0,0,350,EGYENI,,,
248088,20_238_005,199,143,143,0,1,142,EGYENI,,,
248090,20_238_006,68,54,54,0,1,53,EGYENI,,,
248092,20_239_001,136,102,102,0,0,102,EGYENI,,,
248094,20_240_001,94,67,66,-1,1,65,EGYENI,,,
248096,20_241_001,407,270,270,0,4,266,EGYENI,,,
248098,20_242_001,721,488,487,-1,8,479,EGYENI,,,
248100,20_243_001,651,470,469,-1,4,465,EGYENI,,,
248102,20_244_001,604,403,404,1,9,395,EGYENI,,,
248104,20_244_002,642,478,478,0,6,472,EGYENI,,,
248106,20_244_003,762,533,533,0,12,521,EGYENI,,,
248108,20_244_004,989,714,713,-1,3,710,EGYENI,,,
248110,20_244_005,450,307,307,0,3,304,EGYENI,,,
248112,20_244_006,501,366,366,0,3,363,EGYENI,,,
248114,20_244_007,140,90,90,0,2,88,EGYENI,,,
248116,20_244_008,265,167,167,0,0,167,EGYENI,,,
248118,20_244_009,215,121,121,0,0,121,EGYENI,,,
248120,20_244_010,388,283,283,0,2,281,EGYENI,,,
248122,20_245_001,349,276,276,0,2,274,EGYENI,,,
248124,20_246_001,805,574,573,-1,5,568,EGYENI,,,
248126,20_247_001,233,153,153,0,4,149,EGYENI,,,
248128,20_248_001,367,265,265,0,2,263,EGYENI,,,
248130,20_248_002,214,127,127,0,1,126,EGYENI,,,
248132,20_249_001,221,164,164,0,5,159,EGYENI,,,
248134,20_250_001,53,45,45,0,0,45,EGYENI,,,
248136,20_251_001,790,493,492,-1,0,492,EGYENI,,,
248138,20_252_001,40,36,36,0,1,35,EGYENI,,,
248140,20_253_001,482,343,335,-8,6,329,EGYENI,,,
248142,20_254_001,79,64,64,0,0,64,EGYENI,,,
248144,20_255_001,699,443,442,-1,1,441,EGYENI,,,
248146,20_256_001,278,191,191,0,2,189,EGYENI,,,
248148,20_257_001,44,31,31,0,0,31,EGYENI,,,
248150,20_258_001,364,249,249,0,1,248,EGYENI,,,
227667,01_001_001,1003,827,827,0,11,816,LISTAS,,,
227669,01_001_002,940,776,776,0,10,766,LISTAS,,,
227671,01_001_003,907,612,625,0,67,558,LISTAS,,,
227673,01_001_004,1287,783,782,0,13,769,LISTAS,,,
227675,01_001_005,871,702,700,0,2,698,LISTAS,,,
227677,01_001_006,936,774,774,0,5,769,LISTAS,,,
227679,01_001_007,837,671,671,0,4,667,LISTAS,,,
227681,01_001_008,843,674,671,0,4,667,LISTAS,,,
227683,01_001_009,953,756,755,0,7,748,LISTAS,,,
227685,01_001_010,901,718,717,0,6,711,LISTAS,,,
227687,01_001_011,889,742,741,0,5,736,LISTAS,,,
227689,01_001_012,940,753,753,0,8,745,LISTAS,,,
227691,01_001_013,984,777,777,0,5,772,LISTAS,,,
227693,01_001_014,997,812,812,0,4,808,LISTAS,,,
227695,01_001_015,896,702,700,0,4,696,LISTAS,,,
227697,01_001_016,832,677,678,0,9,669,LISTAS,,,
227699,01_001_017,972,769,769,0,10,759,LISTAS,,,
227701,01_001_018,954,753,752,0,3,749,LISTAS,,,
227703,01_001_019,893,693,696,0,23,673,LISTAS,,,
227705,01_001_020,848,667,667,0,5,662,LISTAS,,,
227707,01_002_001,976,763,762,0,3,759,LISTAS,,,
227709,01_002_002,866,680,679,0,8,671,LISTAS,,,
227711,01_002_003,653,508,508,0,6,502,LISTAS,,,
227713,01_002_004,994,764,765,0,12,753,LISTAS,,,
227715,01_002_005,1038,857,849,0,7,842,LISTAS,,,
227717,01_002_006,847,689,688,0,1,687,LISTAS,,,
227719,01_002_007,770,650,649,0,1,648,LISTAS,,,
227721,01_002_008,859,711,711,0,2,709,LISTAS,,,
227723,01_002_009,803,643,643,0,4,639,LISTAS,,,
227725,01_002_010,4640,4244,4256,12,85,4171,LISTAS,,,
227727,01_002_011,573,462,472,0,55,417,LISTAS,,,
227729,01_002_012,927,775,774,0,3,771,LISTAS,,,
227731,01_002_013,638,500,500,0,2,498,LISTAS,,,
227733,01_002_014,808,660,658,0,5,653,LISTAS,,,
227735,01_002_015,731,609,608,0,3,605,LISTAS,,,
227737,01_002_016,1098,732,729,0,2,727,LISTAS,,,
227739,01_002_017,818,686,686,0,5,681,LISTAS,,,
227741,01_002_018,703,586,585,0,3,582,LISTAS,,,
227743,01_002_019,836,681,674,0,3,671,LISTAS,,,
227745,01_002_020,786,650,651,0,9,642,LISTAS,,,
227747,01_002_021,804,675,675,0,4,671,LISTAS,,,
227749,01_002_022,801,674,674,0,8,666,LISTAS,,,
227751,01_002_023,852,702,701,0,4,697,LISTAS,,,
227753,01_002_024,952,760,758,0,2,756,LISTAS,,,
227755,01_002_025,826,688,688,0,3,685,LISTAS,,,
227757,01_002_026,824,701,699,0,5,694,LISTAS,,,
227759,01_002_027,703,578,578,0,0,578,LISTAS,,,
227761,01_002_028,650,539,538,0,3,535,LISTAS,,,
227763,01_002_029,478,383,382,0,3,379,LISTAS,,,
227765,01_002_030,548,425,425,0,3,422,LISTAS,,,
227767,01_002_031,1054,834,832,0,4,828,LISTAS,,,
227769,01_002_032,909,755,754,0,3,751,LISTAS,,,
227771,01_002_033,815,684,684,0,1,683,LISTAS,,,
227773,01_002_034,720,556,556,0,7,549,LISTAS,,,
227775,01_002_035,843,678,679,0,9,670,LISTAS,,,
227777,01_002_036,858,726,726,0,2,724,LISTAS,,,
227779,01_002_037,868,704,703,0,9,694,LISTAS,,,
227781,01_002_038,993,837,837,0,4,833,LISTAS,,,
227783,01_002_039,911,773,772,0,3,769,LISTAS,,,
227785,01_002_040,838,689,689,0,2,687,LISTAS,,,
227787,01_002_041,783,636,635,0,6,629,LISTAS,,,
227789,01_002_042,794,639,639,0,6,633,LISTAS,,,
227791,01_002_043,796,648,647,0,4,643,LISTAS,,,
227793,01_002_044,916,772,771,0,5,766,LISTAS,,,
227795,01_002_045,873,702,702,0,3,699,LISTAS,,,
227797,01_002_046,877,749,749,0,6,743,LISTAS,,,
227799,01_002_047,890,727,727,0,2,725,LISTAS,,,
227801,01_002_048,884,758,758,0,0,758,LISTAS,,,
227803,01_002_049,845,676,677,0,6,671,LISTAS,,,
227805,01_002_050,817,655,655,0,5,650,LISTAS,,,
227807,01_002_051,698,586,586,0,8,578,LISTAS,,,
227809,01_002_052,640,524,521,0,6,515,LISTAS,,,
227811,01_002_053,661,554,554,0,2,552,LISTAS,,,
227813,01_002_054,971,773,773,0,3,770,LISTAS,,,
227815,01_002_055,852,702,702,0,4,698,LISTAS,,,
227817,01_002_056,722,576,576,0,4,572,LISTAS,,,
227819,01_002_057,729,607,596,0,4,592,LISTAS,,,
227821,01_002_058,867,667,667,0,2,665,LISTAS,,,
227823,01_002_059,743,624,623,0,6,617,LISTAS,,,
227825,01_002_060,746,595,594,0,1,593,LISTAS,,,
227827,01_002_061,856,683,683,0,1,682,LISTAS,,,
227829,01_002_062,597,468,467,0,4,463,LISTAS,,,
227831,01_002_063,806,641,628,0,3,625,LISTAS,,,
227833,01_002_064,793,613,613,0,2,611,LISTAS,,,
227835,01_002_065,838,668,668,0,5,663,LISTAS,,,
227837,01_002_066,957,760,748,0,8,740,LISTAS,,,
227839,01_002_067,777,585,581,0,8,573,LISTAS,,,
227841,01_002_068,808,617,616,0,2,614,LISTAS,,,
227843,01_002_069,898,693,697,0,27,670,LISTAS,,,
227845,01_002_070,837,662,661,0,11,650,LISTAS,,,
227847,01_002_071,814,655,655,0,4,651,LISTAS,,,
227849,01_002_072,883,697,697,0,1,696,LISTAS,,,
227851,01_002_073,855,696,696,0,9,687,LISTAS,,,
227853,01_002_074,784,619,619,0,4,615,LISTAS,,,
227855,01_003_001,877,721,721,0,6,715,LISTAS,,,
227857,01_003_002,790,631,630,0,2,628,LISTAS,,,
227859,01_003_003,940,723,723,0,5,718,LISTAS,,,
227861,01_003_004,941,754,753,0,12,741,LISTAS,,,
227863,01_003_005,802,587,586,0,6,580,LISTAS,,,
227865,01_003_006,937,733,733,0,2,731,LISTAS,,,
227867,01_003_007,893,683,683,0,1,682,LISTAS,,,
227869,01_003_008,793,590,585,0,0,585,LISTAS,,,
227871,01_003_009,847,692,691,0,2,689,LISTAS,,,
227873,01_003_010,823,665,664,0,3,661,LISTAS,,,
227875,01_003_011,875,690,691,0,11,680,LISTAS,,,
227877,01_003_012,888,741,740,0,2,738,LISTAS,,,
227879,01_003_013,903,733,732,0,4,728,LISTAS,,,
227881,01_003_014,822,691,691,0,3,688,LISTAS,,,
227883,01_003_015,733,628,628,0,8,620,LISTAS,,,
227885,01_003_016,777,660,660,0,2,658,LISTAS,,,
227887,01_003_017,855,722,717,0,6,711,LISTAS,,,
227889,01_003_018,956,786,784,0,5,779,LISTAS,,,
227891,01_003_019,1195,1021,1021,0,5,1016,LISTAS,,,
227893,01_003_020,1305,1040,1029,0,3,1026,LISTAS,,,
227895,01_003_021,979,777,775,0,5,770,LISTAS,,,
227897,01_003_022,1245,1043,1039,0,1,1038,LISTAS,,,
227899,01_003_023,839,714,714,0,5,709,LISTAS,,,
227901,01_003_024,951,805,806,0,15,791,LISTAS,,,
227903,01_003_025,730,545,544,0,6,538,LISTAS,,,
227905,01_003_026,747,604,604,0,1,603,LISTAS,,,
227907,01_003_027,852,708,707,0,3,704,LISTAS,,,
227909,01_003_028,877,704,703,0,5,698,LISTAS,,,
227911,01_003_029,887,716,716,0,1,715,LISTAS,,,
227913,01_003_030,877,723,720,0,5,715,LISTAS,,,
227915,01_003_031,836,640,636,0,2,634,LISTAS,,,
227917,01_003_032,894,694,694,0,2,692,LISTAS,,,
227919,01_003_033,852,659,658,0,6,652,LISTAS,,,
227921,01_003_034,777,590,589,0,4,585,LISTAS,,,
227923,01_003_035,789,582,581,0,3,578,LISTAS,,,
227925,01_003_036,752,594,592,0,6,586,LISTAS,,,
227927,01_003_037,876,695,695,0,7,688,LISTAS,,,
227929,01_003_038,749,581,575,0,4,571,LISTAS,,,
227931,01_003_039,752,575,575,0,4,571,LISTAS,,,
227933,01_003_040,699,495,494,0,2,492,LISTAS,,,
227935,01_003_041,751,562,562,0,3,559,LISTAS,,,
227937,01_003_042,674,292,291,0,1,290,LISTAS,,,
227939,01_003_043,967,736,734,0,7,727,LISTAS,,,
227941,01_003_044,933,750,744,0,3,741,LISTAS,,,
227943,01_003_045,917,651,651,0,6,645,LISTAS,,,
227945,01_003_046,790,595,595,0,3,592,LISTAS,,,
227947,01_003_047,3250,2930,2914,-16,11,2903,LISTAS,,,
227949,01_003_048,806,568,568,0,3,565,LISTAS,,,
227951,01_003_049,825,627,627,0,2,625,LISTAS,,,
227953,01_003_050,801,633,626,0,6,620,LISTAS,,,
227955,01_003_051,748,579,578,0,9,569,LISTAS,,,
227957,01_003_052,926,732,731,0,6,725,LISTAS,,,
227959,01_003_053,726,588,587,0,3,584,LISTAS,,,
227961,01_003_054,870,695,695,0,5,690,LISTAS,,,
227963,01_003_055,807,604,604,0,5,599,LISTAS,,,
227965,01_003_056,823,634,633,0,3,630,LISTAS,,,
227967,01_003_057,918,688,687,0,6,681,LISTAS,,,
227969,01_003_058,787,592,591,0,3,588,LISTAS,,,
227971,01_003_059,752,655,654,0,6,648,LISTAS,,,
227973,01_003_060,813,646,645,0,2,643,LISTAS,,,
227975,01_003_061,848,653,653,0,3,650,LISTAS,,,
227977,01_003_062,848,601,600,0,5,595,LISTAS,,,
227979,01_003_063,846,621,621,0,5,616,LISTAS,,,
227981,01_003_064,736,598,598,0,1,597,LISTAS,,,
227983,01_003_065,973,785,784,0,4,780,LISTAS,,,
227985,01_003_066,792,614,612,0,5,607,LISTAS,,,
227987,01_003_067,784,635,632,0,4,628,LISTAS,,,
227989,01_003_068,782,655,655,0,7,648,LISTAS,,,
227991,01_003_069,746,609,610,0,15,595,LISTAS,,,
227993,01_003_070,756,594,592,0,2,590,LISTAS,,,
227995,01_003_071,870,717,716,0,5,711,LISTAS,,,
227997,01_003_072,852,678,680,0,14,666,LISTAS,,,
227999,01_003_073,811,667,665,0,2,663,LISTAS,,,
228001,01_003_074,825,716,715,0,2,713,LISTAS,,,
228003,01_003_075,704,588,588,0,0,588,LISTAS,,,
228005,01_003_076,954,797,797,0,2,795,LISTAS,,,
228007,01_003_077,824,690,689,0,7,682,LISTAS,,,
228009,01_003_078,806,648,647,0,0,647,LISTAS,,,
228011,01_003_079,869,726,724,0,10,714,LISTAS,,,
228013,01_003_080,877,734,734,0,2,732,LISTAS,,,
228015,01_003_081,933,791,791,0,7,784,LISTAS,,,
228017,01_003_082,1002,851,841,0,4,837,LISTAS,,,
228019,01_003_083,987,841,841,0,3,838,LISTAS,,,
228021,01_003_084,880,717,717,0,2,715,LISTAS,,,
228023,01_003_085,769,604,600,0,1,599,LISTAS,,,
228025,01_003_086,763,541,539,0,1,538,LISTAS,,,
228027,01_003_087,892,621,620,0,4,616,LISTAS,,,
228029,01_003_088,829,606,606,0,6,600,LISTAS,,,
228031,01_003_089,933,691,690,0,9,681,LISTAS,,,
228033,01_003_090,776,547,547,0,3,544,LISTAS,,,
228035,01_003_091,712,542,542,0,5,537,LISTAS,,,
228037,01_003_092,917,664,663,0,4,659,LISTAS,,,
228039,01_003_093,853,641,638,0,6,632,LISTAS,,,
228041,01_003_094,758,580,579,0,3,576,LISTAS,,,
228043,01_003_095,765,534,534,0,5,529,LISTAS,,,
228045,01_003_096,925,682,680,0,5,675,LISTAS,,,
228047,01_003_097,946,711,712,0,8,704,LISTAS,,,
228049,01_003_098,666,455,455,0,2,453,LISTAS,,,
228051,01_003_099,927,654,653,0,3,650,LISTAS,,,
228053,01_003_100,829,556,555,0,7,548,LISTAS,,,
228055,01_003_101,829,547,547,0,2,545,LISTAS,,,
228057,01_003_102,843,614,613,0,7,606,LISTAS,,,
228059,01_003_103,798,627,627,0,6,621,LISTAS,,,
228061,01_003_104,738,560,552,0,8,544,LISTAS,,,
228063,01_003_105,722,544,542,0,7,535,LISTAS,,,
228065,01_003_106,814,616,615,0,6,609,LISTAS,,,
228067,01_003_107,750,588,588,0,4,584,LISTAS,,,
228069,01_003_108,811,604,602,0,7,595,LISTAS,,,
228071,01_003_109,758,575,578,0,21,557,LISTAS,,,
228073,01_003_110,766,557,555,0,8,547,LISTAS,,,
228075,01_003_111,732,540,540,0,7,533,LISTAS,,,
228077,01_003_112,784,538,538,0,8,530,LISTAS,,,
228081,01_004_001,1225,1021,1021,0,3,1018,LISTAS,,,
228083,01_004_002,1118,851,847,0,5,842,LISTAS,,,
228085,01_004_003,1098,880,879,0,3,876,LISTAS,,,
228087,01_004_004,1420,1203,1203,0,4,1199,LISTAS,,,
228089,01_004_005,1219,892,891,0,9,882,LISTAS,,,
228091,01_004_006,1207,974,974,0,4,970,LISTAS,,,
228093,01_004_007,1159,875,874,0,4,870,LISTAS,,,
228095,01_004_008,921,662,662,0,9,653,LISTAS,,,
228097,01_004_009,978,761,761,0,4,757,LISTAS,,,
228099,01_004_010,1102,865,865,0,2,863,LISTAS,,,
228101,01_004_011,900,727,728,0,6,722,LISTAS,,,
228103,01_004_012,1011,736,736,0,6,730,LISTAS,,,
228105,01_004_013,959,722,721,0,6,715,LISTAS,,,
228107,01_004_014,919,710,710,0,3,707,LISTAS,,,
228109,01_004_015,927,718,718,0,2,716,LISTAS,,,
228111,01_004_016,988,773,773,0,4,769,LISTAS,,,
228113,01_004_017,1128,936,936,0,4,932,LISTAS,,,
228115,01_004_018,1060,866,865,0,1,864,LISTAS,,,
228117,01_004_019,988,632,631,0,5,626,LISTAS,,,
228119,01_004_020,975,702,702,0,5,697,LISTAS,,,
228121,01_004_021,981,786,786,0,6,780,LISTAS,,,
228123,01_004_022,1011,793,793,0,2,791,LISTAS,,,
228125,01_004_023,985,783,783,0,6,777,LISTAS,,,
228127,01_004_024,1115,846,846,0,6,840,LISTAS,,,
228129,01_004_025,985,766,766,0,3,763,LISTAS,,,
228131,01_004_026,1057,887,888,0,10,878,LISTAS,,,
228133,01_004_027,1073,845,844,0,2,842,LISTAS,,,
228135,01_004_028,1031,844,844,0,4,840,LISTAS,,,
228137,01_004_029,1042,786,786,0,9,777,LISTAS,,,
228139,01_004_030,1135,799,797,0,9,788,LISTAS,,,
228141,01_004_031,912,584,584,0,2,582,LISTAS,,,
228143,01_004_032,917,721,720,0,5,715,LISTAS,,,
228145,01_004_033,930,658,658,0,9,649,LISTAS,,,
228147,01_004_034,967,595,595,0,5,590,LISTAS,,,
228149,01_004_035,1034,661,661,0,4,657,LISTAS,,,
228151,01_004_036,1142,856,855,0,2,853,LISTAS,,,
228153,01_004_037,1268,836,836,0,6,830,LISTAS,,,
228155,01_004_038,1008,728,728,0,1,727,LISTAS,,,
228157,01_004_039,915,713,710,0,0,710,LISTAS,,,
228159,01_004_040,932,642,639,0,3,636,LISTAS,,,
228161,01_004_041,992,791,791,0,5,786,LISTAS,,,
228163,01_004_042,819,575,575,0,4,571,LISTAS,,,
228165,01_004_043,999,766,764,0,3,761,LISTAS,,,
228167,01_004_044,1010,721,721,0,11,710,LISTAS,,,
228169,01_004_045,1038,772,772,0,5,767,LISTAS,,,
228171,01_004_046,1166,885,885,0,5,880,LISTAS,,,
228173,01_004_047,935,715,715,0,6,709,LISTAS,,,
228175,01_004_048,968,697,695,0,10,685,LISTAS,,,
228177,01_004_049,1193,901,900,0,4,896,LISTAS,,,
228179,01_004_050,1160,847,847,0,7,840,LISTAS,,,
228181,01_004_051,1066,633,632,0,5,627,LISTAS,,,
228183,01_004_052,859,642,642,0,5,637,LISTAS,,,
228185,01_004_053,826,597,595,0,3,592,LISTAS,,,
228187,01_004_054,987,733,731,0,3,728,LISTAS,,,
228189,01_004_055,1015,751,751,0,1,750,LISTAS,,,
228191,01_004_056,1044,772,772,0,5,767,LISTAS,,,
228193,01_004_057,864,631,631,0,6,625,LISTAS,,,
228195,01_004_058,1196,872,872,0,5,867,LISTAS,,,
228197,01_004_059,942,647,647,0,6,641,LISTAS,,,
228199,01_004_060,1043,762,761,0,4,757,LISTAS,,,
228201,01_004_061,1092,813,810,0,8,802,LISTAS,,,
228203,01_004_062,935,675,675,0,6,669,LISTAS,,,
228205,01_004_063,1270,741,741,0,1,740,LISTAS,,,
228207,01_004_064,3609,3210,3152,-58,11,3141,LISTAS,,,
228209,01_004_065,999,712,712,0,5,707,LISTAS,,,
228211,01_004_066,1041,739,738,0,0,738,LISTAS,,,
228213,01_004_067,990,714,714,0,8,706,LISTAS,,,
228215,01_004_068,1087,790,791,0,11,780,LISTAS,,,
228217,01_004_069,1081,771,770,0,4,766,LISTAS,,,
228219,01_004_070,1078,770,770,0,5,765,LISTAS,,,
228223,01_005_001,849,604,604,0,6,598,LISTAS,,,
228225,01_005_002,688,507,507,0,4,503,LISTAS,,,
228227,01_005_003,659,510,509,0,5,504,LISTAS,,,
228229,01_005_004,855,664,663,0,3,660,LISTAS,,,
228231,01_005_005,847,615,613,0,7,606,LISTAS,,,
228233,01_005_006,709,524,524,0,6,518,LISTAS,,,
228235,01_005_007,790,574,573,0,3,570,LISTAS,,,
228237,01_005_008,5091,4588,4593,5,36,4557,LISTAS,,,
228239,01_005_009,634,475,474,0,3,471,LISTAS,,,
228241,01_005_010,581,409,408,0,1,407,LISTAS,,,
228243,01_005_011,662,399,399,0,1,398,LISTAS,,,
228245,01_005_012,852,623,623,0,3,620,LISTAS,,,
228247,01_005_013,830,625,625,0,3,622,LISTAS,,,
228249,01_005_014,881,627,627,0,2,625,LISTAS,,,
228251,01_005_015,825,624,621,0,2,619,LISTAS,,,
228253,01_005_016,709,531,531,0,3,528,LISTAS,,,
228255,01_005_017,723,535,534,0,0,534,LISTAS,,,
228257,01_005_018,781,590,589,0,3,586,LISTAS,,,
228259,01_005_019,778,589,589,0,8,581,LISTAS,,,
228261,01_005_020,860,656,656,0,3,653,LISTAS,,,
228263,01_005_021,914,667,666,0,7,659,LISTAS,,,
228267,01_006_001,695,499,499,0,5,494,LISTAS,,,
228269,01_006_002,575,401,400,0,11,389,LISTAS,,,
228271,01_006_003,622,418,418,0,7,411,LISTAS,,,
228273,01_006_004,727,491,491,0,3,488,LISTAS,,,
228275,01_006_005,708,504,504,0,2,502,LISTAS,,,
228277,01_006_006,636,408,408,0,2,406,LISTAS,,,
228279,01_006_007,627,399,399,0,5,394,LISTAS,,,
228281,01_006_008,595,376,376,0,3,373,LISTAS,,,
228283,01_006_009,649,425,425,0,8,417,LISTAS,,,
228285,01_006_010,631,436,434,0,1,433,LISTAS,,,
228287,01_006_011,674,480,480,0,4,476,LISTAS,,,
228289,01_006_012,741,522,521,0,2,519,LISTAS,,,
228291,01_006_013,689,463,464,0,9,455,LISTAS,,,
228293,01_006_014,832,551,550,0,6,544,LISTAS,,,
228295,01_006_015,800,557,556,0,3,553,LISTAS,,,
228297,01_006_016,801,523,523,0,2,521,LISTAS,,,
228299,01_006_017,864,558,558,0,3,555,LISTAS,,,
228301,01_006_018,916,608,608,0,5,603,LISTAS,,,
228303,01_006_019,908,603,602,0,1,601,LISTAS,,,
228305,01_006_020,703,494,494,0,10,484,LISTAS,,,
228307,01_006_021,877,645,645,0,5,640,LISTAS,,,
228309,01_006_022,810,544,545,0,9,536,LISTAS,,,
228311,01_006_023,897,652,652,0,3,649,LISTAS,,,
228313,01_006_024,866,592,592,0,2,590,LISTAS,,,
228315,01_006_025,584,405,405,0,3,402,LISTAS,,,
228317,01_006_026,700,425,426,0,6,420,LISTAS,,,
228319,01_006_027,826,582,584,0,16,568,LISTAS,,,
228321,01_006_028,749,538,538,0,5,533,LISTAS,,,
228323,01_006_029,836,626,626,0,4,622,LISTAS,,,
228325,01_006_030,744,548,544,0,5,539,LISTAS,,,
228327,01_007_001,919,599,599,0,8,591,LISTAS,,,
228329,01_007_002,1034,682,682,0,4,678,LISTAS,,,
228331,01_007_003,966,597,597,0,3,594,LISTAS,,,
228335,01_007_005,5061,4392,4384,-8,26,4358,LISTAS,,,
228337,01_007_006,990,670,671,0,10,661,LISTAS,,,
228339,01_007_007,1070,605,604,0,5,599,LISTAS,,,
228341,01_007_008,539,308,307,0,4,303,LISTAS,,,
228343,01_007_009,889,422,422,0,2,420,LISTAS,,,
228345,01_007_010,889,578,577,0,2,575,LISTAS,,,
228347,01_007_011,888,648,646,0,5,641,LISTAS,,,
228349,01_007_012,672,440,439,0,4,435,LISTAS,,,
228351,01_007_013,895,613,611,0,4,607,LISTAS,,,
228353,01_007_014,841,572,570,0,6,564,LISTAS,,,
228355,01_007_015,1030,720,720,0,4,716,LISTAS,,,
228357,01_007_016,759,487,487,0,4,483,LISTAS,,,
228359,01_007_017,750,520,520,0,6,514,LISTAS,,,
228361,01_007_018,952,646,646,0,6,640,LISTAS,,,
228363,01_007_019,758,529,528,0,4,524,LISTAS,,,
228365,01_007_020,729,499,498,0,5,493,LISTAS,,,
228367,01_007_021,950,661,657,0,3,654,LISTAS,,,
228369,01_007_022,884,604,604,0,8,596,LISTAS,,,
228371,01_007_023,773,477,477,0,3,474,LISTAS,,,
228373,01_007_024,870,559,559,0,2,557,LISTAS,,,
228375,01_007_025,847,596,595,0,1,594,LISTAS,,,
228377,01_007_026,775,601,600,0,9,591,LISTAS,,,
228379,01_007_027,793,571,570,0,6,564,LISTAS,,,
228381,01_007_028,1043,650,650,0,4,646,LISTAS,,,
228383,01_007_029,1016,613,605,0,8,597,LISTAS,,,
228385,01_007_030,1081,715,660,0,0,660,LISTAS,,,
228387,01_007_031,802,566,553,0,5,548,LISTAS,,,
228389,01_007_032,1057,716,710,0,6,704,LISTAS,,,
228391,01_007_033,902,623,622,0,5,617,LISTAS,,,
228393,01_007_034,681,453,453,0,4,449,LISTAS,,,
228395,01_007_035,967,642,642,0,10,632,LISTAS,,,
228397,01_007_036,832,545,545,0,6,539,LISTAS,,,
228399,01_007_037,946,601,600,0,5,595,LISTAS,,,
228401,01_007_038,780,503,503,0,4,499,LISTAS,,,
228403,01_008_001,653,463,463,0,1,462,LISTAS,,,
228405,01_008_002,668,463,461,0,5,456,LISTAS,,,
228407,01_008_003,592,449,449,0,2,447,LISTAS,,,
228409,01_008_004,597,430,430,0,2,428,LISTAS,,,
228411,01_008_005,682,503,503,0,0,503,LISTAS,,,
228413,01_008_006,569,397,397,0,4,393,LISTAS,,,
228415,01_008_007,879,618,617,0,2,615,LISTAS,,,
228417,01_008_008,1225,374,374,0,6,368,LISTAS,,,
228419,01_008_009,791,578,578,0,4,574,LISTAS,,,
228421,01_008_010,697,532,531,0,2,529,LISTAS,,,
228423,01_008_011,942,670,667,0,7,660,LISTAS,,,
228425,01_008_012,700,429,429,0,2,427,LISTAS,,,
228427,01_008_013,905,568,567,0,3,564,LISTAS,,,
228429,01_008_014,961,633,633,0,3,630,LISTAS,,,
228431,01_008_015,808,517,520,0,22,498,LISTAS,,,
228433,01_008_016,1023,702,702,0,8,694,LISTAS,,,
228435,01_008_017,929,650,650,0,5,645,LISTAS,,,
228437,01_008_018,729,502,502,0,3,499,LISTAS,,,
228439,01_008_019,790,529,529,0,2,527,LISTAS,,,
228441,01_008_020,1041,634,634,0,4,630,LISTAS,,,
228443,01_008_021,872,539,539,0,4,535,LISTAS,,,
228445,01_008_022,804,473,473,0,6,467,LISTAS,,,
228447,01_008_023,613,406,405,0,0,405,LISTAS,,,
228449,01_008_024,814,508,508,0,0,508,LISTAS,,,
228451,01_008_025,709,462,462,0,1,461,LISTAS,,,
228453,01_008_026,715,477,478,0,4,474,LISTAS,,,
228455,01_008_027,754,481,481,0,4,477,LISTAS,,,
228457,01_008_028,619,377,377,0,3,374,LISTAS,,,
228459,01_008_029,913,570,570,0,8,562,LISTAS,,,
228461,01_008_030,973,540,540,0,2,538,LISTAS,,,
228463,01_008_031,1402,406,406,0,6,400,LISTAS,,,
228465,01_008_032,863,487,485,0,6,479,LISTAS,,,
228467,01_008_033,587,400,399,0,3,396,LISTAS,,,
228469,01_008_034,614,423,423,0,3,420,LISTAS,,,
228471,01_008_035,607,369,368,0,2,366,LISTAS,,,
228473,01_008_036,682,497,493,0,2,491,LISTAS,,,
228475,01_008_037,501,260,260,0,1,259,LISTAS,,,
228477,01_008_038,688,476,476,0,2,474,LISTAS,,,
228479,01_008_039,698,452,450,0,5,445,LISTAS,,,
228481,01_008_040,645,457,457,0,3,454,LISTAS,,,
228483,01_008_041,852,556,556,0,4,552,LISTAS,,,
228485,01_008_042,1140,641,644,0,24,620,LISTAS,,,
228487,01_008_043,981,584,582,0,10,572,LISTAS,,,
228489,01_008_044,764,373,372,0,8,364,LISTAS,,,
228491,01_008_045,739,460,460,0,6,454,LISTAS,,,
228493,01_008_046,864,484,483,0,2,481,LISTAS,,,
228495,01_008_047,471,317,317,0,5,312,LISTAS,,,
228497,01_008_048,911,493,493,0,9,484,LISTAS,,,
228499,01_008_049,1144,732,732,0,8,724,LISTAS,,,
228501,01_008_050,1012,507,507,0,12,495,LISTAS,,,
228503,01_008_051,692,360,360,0,3,357,LISTAS,,,
228505,01_008_052,945,577,577,0,8,569,LISTAS,,,
228507,01_008_053,638,500,499,0,3,496,LISTAS,,,
228509,01_008_054,972,704,701,0,3,698,LISTAS,,,
228511,01_008_055,710,390,390,0,5,385,LISTAS,,,
228513,01_008_056,996,760,760,0,8,752,LISTAS,,,
228515,01_008_057,584,457,457,0,1,456,LISTAS,,,
228517,01_008_058,605,504,504,0,2,502,LISTAS,,,
228519,01_008_059,582,404,404,0,1,403,LISTAS,,,
228521,01_008_060,4072,3625,3620,-5,16,3604,LISTAS,,,
228523,01_009_001,575,413,413,0,1,412,LISTAS,,,
228525,01_009_002,570,414,413,0,5,408,LISTAS,,,
228527,01_009_003,552,408,408,0,2,406,LISTAS,,,
228529,01_009_004,559,404,404,0,3,401,LISTAS,,,
228531,01_009_005,561,415,415,0,10,405,LISTAS,,,
228533,01_009_006,608,451,451,0,3,448,LISTAS,,,
228535,01_009_007,674,494,493,0,3,490,LISTAS,,,
228537,01_009_008,584,423,423,0,3,420,LISTAS,,,
228539,01_009_009,878,443,443,0,1,442,LISTAS,,,
228541,01_009_010,594,473,472,0,3,469,LISTAS,,,
228543,01_009_011,584,438,438,0,2,436,LISTAS,,,
228545,01_009_012,656,495,495,0,4,491,LISTAS,,,
228547,01_009_013,750,579,579,0,13,566,LISTAS,,,
228549,01_009_014,811,632,632,0,5,627,LISTAS,,,
228551,01_009_015,620,456,456,0,1,455,LISTAS,,,
228553,01_009_016,629,452,452,0,5,447,LISTAS,,,
228555,01_009_017,935,727,726,0,2,724,LISTAS,,,
228557,01_009_018,672,470,470,0,5,465,LISTAS,,,
228559,01_009_019,931,620,618,0,5,613,LISTAS,,,
228561,01_009_020,954,573,573,0,8,565,LISTAS,,,
228563,01_009_021,785,546,546,0,0,546,LISTAS,,,
228565,01_009_022,779,550,549,0,7,542,LISTAS,,,
228567,01_009_023,724,420,420,0,3,417,LISTAS,,,
228569,01_009_024,570,409,409,0,3,406,LISTAS,,,
228571,01_009_025,857,624,624,0,4,620,LISTAS,,,
228573,01_009_026,667,461,461,0,2,459,LISTAS,,,
228575,01_009_027,666,512,512,0,3,509,LISTAS,,,
228577,01_009_028,648,477,477,0,0,477,LISTAS,,,
228579,01_009_029,1005,662,660,0,7,653,LISTAS,,,
228581,01_009_030,894,604,604,0,10,594,LISTAS,,,
228583,01_009_031,828,528,528,0,2,526,LISTAS,,,
228585,01_009_032,660,418,418,0,1,417,LISTAS,,,
228587,01_009_033,805,552,551,0,3,548,LISTAS,,,
228589,01_009_034,1005,710,710,0,4,706,LISTAS,,,
228591,01_009_035,715,556,556,0,1,555,LISTAS,,,
228593,01_009_036,1075,811,811,0,8,803,LISTAS,,,
228595,01_009_037,675,399,399,0,3,396,LISTAS,,,
228597,01_009_038,782,371,371,0,2,369,LISTAS,,,
228599,01_009_039,813,321,321,0,5,316,LISTAS,,,
228601,01_009_040,587,253,252,0,3,249,LISTAS,,,
228603,01_009_041,621,460,460,0,4,456,LISTAS,,,
228605,01_009_042,620,493,493,0,4,489,LISTAS,,,
228607,01_009_043,593,483,483,0,7,476,LISTAS,,,
228609,01_009_044,609,466,465,0,7,458,LISTAS,,,
228611,01_009_045,769,532,532,0,7,525,LISTAS,,,
228613,01_009_046,668,479,479,0,2,477,LISTAS,,,
228615,01_009_047,627,481,481,0,5,476,LISTAS,,,
228617,01_009_048,645,484,484,0,5,479,LISTAS,,,
228619,01_009_049,774,597,595,0,1,594,LISTAS,,,
228621,01_009_050,742,595,593,0,7,586,LISTAS,,,
228623,01_009_051,753,566,564,0,3,561,LISTAS,,,
228625,01_009_052,730,536,536,0,7,529,LISTAS,,,
228627,01_009_053,675,501,501,0,7,494,LISTAS,,,
228631,01_010_001,578,407,407,0,1,406,LISTAS,,,
228633,01_010_002,693,452,452,0,3,449,LISTAS,,,
228635,01_010_003,624,369,370,0,3,367,LISTAS,,,
228637,01_010_004,631,380,379,0,2,377,LISTAS,,,
228639,01_010_005,576,345,345,0,6,339,LISTAS,,,
228641,01_010_006,613,436,438,0,2,436,LISTAS,,,
228643,01_010_007,700,445,444,0,1,443,LISTAS,,,
228645,01_010_008,674,450,450,0,0,450,LISTAS,,,
228647,01_010_009,700,611,611,0,5,606,LISTAS,,,
228649,01_010_010,604,422,422,0,2,420,LISTAS,,,
228651,01_010_011,653,480,481,0,7,474,LISTAS,,,
228653,01_010_012,634,494,494,0,2,492,LISTAS,,,
228655,01_010_013,659,467,468,0,8,460,LISTAS,,,
228657,01_010_014,641,430,430,0,4,426,LISTAS,,,
228659,01_010_015,714,448,447,0,1,446,LISTAS,,,
228661,01_010_016,660,507,505,0,4,501,LISTAS,,,
228663,01_010_017,661,490,490,0,5,485,LISTAS,,,
228665,01_010_018,681,418,418,0,4,414,LISTAS,,,
228667,01_010_019,2939,2625,2606,-19,17,2589,LISTAS,,,
228669,01_010_020,857,554,553,0,2,551,LISTAS,,,
228671,01_010_021,878,608,608,0,10,598,LISTAS,,,
228673,01_010_022,729,542,539,0,4,535,LISTAS,,,
228675,01_010_023,657,485,485,0,1,484,LISTAS,,,
228677,01_010_024,767,518,517,0,6,511,LISTAS,,,
228679,01_010_025,516,359,357,0,2,355,LISTAS,,,
228681,01_010_026,563,409,409,0,1,408,LISTAS,,,
228683,01_010_027,744,462,462,0,2,460,LISTAS,,,
228685,01_010_028,688,488,488,0,2,486,LISTAS,,,
228687,01_010_029,749,528,528,0,4,524,LISTAS,,,
228689,01_010_030,609,438,438,0,2,436,LISTAS,,,
228691,01_010_031,821,618,618,0,4,614,LISTAS,,,
228693,01_010_032,870,731,731,0,4,727,LISTAS,,,
228695,01_010_033,632,386,386,0,4,382,LISTAS,,,
228697,01_010_034,599,389,389,0,4,385,LISTAS,,,
228699,01_010_035,1054,416,416,0,2,414,LISTAS,,,
228701,01_010_036,757,556,553,0,0,553,LISTAS,,,
228703,01_010_037,738,479,479,0,9,470,LISTAS,,,
228705,01_010_038,728,533,533,0,6,527,LISTAS,,,
228707,01_010_039,574,388,388,0,2,386,LISTAS,,,
228709,01_010_040,577,373,372,0,0,372,LISTAS,,,
228711,01_010_041,584,449,449,0,3,446,LISTAS,,,
228713,01_010_042,590,418,417,0,3,414,LISTAS,,,
228715,01_010_043,573,396,396,0,10,386,LISTAS,,,
228717,01_010_044,587,422,421,0,4,417,LISTAS,,,
228719,01_010_045,570,439,439,0,1,438,LISTAS,,,
228721,01_010_046,607,427,427,0,3,424,LISTAS,,,
228723,01_010_047,629,415,414,0,4,410,LISTAS,,,
228725,01_010_048,587,330,330,0,1,329,LISTAS,,,
228727,01_010_049,652,409,409,0,2,407,LISTAS,,,
228729,01_010_050,754,397,397,0,7,390,LISTAS,,,
228731,01_010_051,596,435,434,0,4,430,LISTAS,,,
228733,01_010_052,623,467,467,0,2,465,LISTAS,,,
228735,01_010_053,583,462,461,0,5,456,LISTAS,,,
228737,01_010_054,617,478,478,0,5,473,LISTAS,,,
228739,01_010_055,673,459,458,0,3,455,LISTAS,,,
228741,01_010_056,775,501,501,0,5,496,LISTAS,,,
228743,01_010_057,757,527,527,0,8,519,LISTAS,,,
228745,01_010_058,613,412,413,0,8,405,LISTAS,,,
228747,01_010_059,636,459,458,0,5,453,LISTAS,,,
228749,01_010_060,664,448,448,0,3,445,LISTAS,,,
228751,01_010_061,727,539,538,0,3,535,LISTAS,,,
228753,01_010_062,629,477,476,0,1,475,LISTAS,,,
228755,01_010_063,749,539,539,0,9,530,LISTAS,,,
228757,01_010_064,705,502,502,0,2,500,LISTAS,,,
228759,01_010_065,701,497,497,0,5,492,LISTAS,,,
228761,01_010_066,765,516,516,0,5,511,LISTAS,,,
228763,01_010_067,690,471,471,0,2,469,LISTAS,,,
228765,01_010_068,616,457,457,0,0,457,LISTAS,,,
228767,01_010_069,635,437,437,0,3,434,LISTAS,,,
228769,01_010_070,870,615,615,0,2,613,LISTAS,,,
228771,01_010_071,840,575,573,0,1,572,LISTAS,,,
228773,01_010_072,869,573,572,0,4,568,LISTAS,,,
228775,01_010_073,857,561,561,0,4,557,LISTAS,,,
228777,01_010_074,757,520,520,0,7,513,LISTAS,,,
228779,01_010_075,632,499,499,0,6,493,LISTAS,,,
228781,01_010_076,646,506,506,0,1,505,LISTAS,,,
228785,01_011_001,686,551,551,0,2,549,LISTAS,,,
228787,01_011_002,770,628,627,0,6,621,LISTAS,,,
228789,01_011_003,704,581,578,0,4,574,LISTAS,,,
228791,01_011_004,750,590,589,0,4,585,LISTAS,,,
228793,01_011_005,754,628,627,0,2,625,LISTAS,,,
228795,01_011_006,801,655,654,0,3,651,LISTAS,,,
228797,01_011_007,731,571,572,0,8,564,LISTAS,,,
228799,01_011_008,669,550,550,0,2,548,LISTAS,,,
228801,01_011_009,693,553,553,0,1,552,LISTAS,,,
228803,01_011_010,988,753,754,0,12,742,LISTAS,,,
228805,01_011_011,926,721,720,0,8,712,LISTAS,,,
228807,01_011_012,790,622,622,0,7,615,LISTAS,,,
228809,01_011_013,727,601,594,0,2,592,LISTAS,,,
228811,01_011_014,912,704,710,0,36,674,LISTAS,,,
228813,01_011_015,691,540,541,0,11,530,LISTAS,,,
228815,01_011_016,730,565,565,0,3,562,LISTAS,,,
228817,01_011_017,714,563,563,0,6,557,LISTAS,,,
228819,01_011_018,834,652,651,0,4,647,LISTAS,,,
228821,01_011_019,681,525,525,0,5,520,LISTAS,,,
228823,01_011_020,770,610,610,0,4,606,LISTAS,,,
228825,01_011_021,750,585,585,0,1,584,LISTAS,,,
228827,01_011_022,655,548,548,0,4,544,LISTAS,,,
228829,01_011_023,786,638,636,0,5,631,LISTAS,,,
228831,01_011_024,760,612,612,0,6,606,LISTAS,,,
228833,01_011_025,761,616,616,0,4,612,LISTAS,,,
228835,01_011_026,873,709,709,0,3,706,LISTAS,,,
228837,01_011_027,777,620,620,0,6,614,LISTAS,,,
228839,01_011_028,981,789,781,0,4,777,LISTAS,,,
228841,01_011_029,756,597,598,0,13,585,LISTAS,,,
228843,01_011_030,730,592,592,0,5,587,LISTAS,,,
228845,01_011_031,953,731,731,0,15,716,LISTAS,,,
228847,01_011_032,1028,822,822,0,6,816,LISTAS,,,
228849,01_011_033,894,580,580,0,6,574,LISTAS,,,
228851,01_011_034,839,659,658,0,4,654,LISTAS,,,
228853,01_011_035,785,612,612,0,4,608,LISTAS,,,
228855,01_011_036,721,601,602,0,13,589,LISTAS,,,
228857,01_011_037,864,731,730,0,7,723,LISTAS,,,
228859,01_011_038,805,674,673,0,4,669,LISTAS,,,
228861,01_011_039,727,591,591,0,2,589,LISTAS,,,
228863,01_011_040,910,790,788,0,1,787,LISTAS,,,
228865,01_011_041,933,802,797,0,2,795,LISTAS,,,
228867,01_011_042,865,754,754,0,6,748,LISTAS,,,
228869,01_011_043,769,668,668,0,5,663,LISTAS,,,
228871,01_011_044,921,809,806,0,5,801,LISTAS,,,
228873,01_011_045,1103,968,968,0,3,965,LISTAS,,,
228875,01_011_046,901,782,783,0,9,774,LISTAS,,,
228877,01_011_047,1069,905,905,0,2,903,LISTAS,,,
228879,01_011_048,770,608,608,0,6,602,LISTAS,,,
228881,01_011_049,831,624,625,0,8,617,LISTAS,,,
228883,01_011_050,699,574,574,0,4,570,LISTAS,,,
228885,01_011_051,762,644,642,0,10,632,LISTAS,,,
228887,01_011_052,741,597,591,0,4,587,LISTAS,,,
228889,01_011_053,820,677,676,0,5,671,LISTAS,,,
228891,01_011_054,783,652,652,0,4,648,LISTAS,,,
228893,01_011_055,717,586,585,0,1,584,LISTAS,,,
228895,01_011_056,658,501,501,0,5,496,LISTAS,,,
228897,01_011_057,1032,892,894,0,14,880,LISTAS,,,
228899,01_011_058,958,824,817,0,8,809,LISTAS,,,
228901,01_011_059,1079,883,883,0,5,878,LISTAS,,,
228903,01_011_060,1169,1005,1003,0,2,1001,LISTAS,,,
228905,01_011_061,1067,876,873,0,8,865,LISTAS,,,
228907,01_011_062,1014,820,820,0,4,816,LISTAS,,,
228909,01_011_063,912,739,738,0,3,735,LISTAS,,,
228911,01_011_064,762,591,591,0,6,585,LISTAS,,,
228913,01_011_065,979,757,757,0,6,751,LISTAS,,,
228915,01_011_066,711,518,517,0,2,515,LISTAS,,,
228917,01_011_067,883,637,637,0,6,631,LISTAS,,,
228919,01_011_068,670,475,475,0,3,472,LISTAS,,,
228921,01_011_069,706,540,538,0,8,530,LISTAS,,,
228923,01_011_070,952,797,794,0,2,792,LISTAS,,,
228925,01_011_071,727,492,491,0,4,487,LISTAS,,,
228927,01_011_072,615,472,473,0,8,465,LISTAS,,,
228929,01_011_073,862,645,645,0,4,641,LISTAS,,,
228931,01_011_074,979,763,762,0,10,752,LISTAS,,,
228933,01_011_075,854,678,678,0,12,666,LISTAS,,,
228935,01_011_076,627,467,467,0,4,463,LISTAS,,,
228937,01_011_077,4254,3910,3892,-18,14,3878,LISTAS,,,
228939,01_011_078,988,807,806,0,5,801,LISTAS,,,
228941,01_011_079,1111,850,850,0,3,847,LISTAS,,,
228943,01_011_080,1110,768,769,0,9,760,LISTAS,,,
228945,01_011_081,1156,965,961,0,10,951,LISTAS,,,
228947,01_011_082,1023,781,771,0,5,766,LISTAS,,,
228949,01_011_083,767,604,602,0,3,599,LISTAS,,,
228951,01_011_084,783,583,583,0,5,578,LISTAS,,,
228953,01_011_085,1056,820,820,0,8,812,LISTAS,,,
228955,01_011_086,986,769,762,0,0,762,LISTAS,,,
228957,01_011_087,714,536,535,0,10,525,LISTAS,,,
228959,01_011_088,709,576,575,0,8,567,LISTAS,,,
228961,01_011_089,987,763,763,0,8,755,LISTAS,,,
228963,01_011_090,673,487,487,0,3,484,LISTAS,,,
228965,01_011_091,909,667,667,0,6,661,LISTAS,,,
228967,01_011_092,602,473,472,0,6,466,LISTAS,,,
228969,01_011_093,730,554,553,0,2,551,LISTAS,,,
228971,01_011_094,1046,803,802,0,7,795,LISTAS,,,
228973,01_011_095,1033,710,708,0,5,703,LISTAS,,,
228975,01_011_096,717,550,550,0,6,544,LISTAS,,,
228977,01_011_097,774,574,574,0,4,570,LISTAS,,,
228979,01_011_098,798,662,661,0,7,654,LISTAS,,,
228981,01_011_099,937,788,790,0,17,773,LISTAS,,,
228983,01_011_100,1002,791,788,0,5,783,LISTAS,,,
228985,01_011_101,827,631,631,0,3,628,LISTAS,,,
228987,01_011_102,719,535,534,0,6,528,LISTAS,,,
228989,01_011_103,664,487,487,0,7,480,LISTAS,,,
228991,01_011_104,738,627,627,0,4,623,LISTAS,,,
228993,01_011_105,666,496,496,0,1,495,LISTAS,,,
228995,01_011_106,771,608,608,0,5,603,LISTAS,,,
228997,01_011_107,834,712,703,0,7,696,LISTAS,,,
228999,01_011_108,800,680,680,0,7,673,LISTAS,,,
229001,01_011_109,949,783,780,0,3,777,LISTAS,,,
229003,01_011_110,1026,867,866,0,3,863,LISTAS,,,
229005,01_011_111,792,641,641,0,5,636,LISTAS,,,
229007,01_011_112,1152,955,951,0,3,948,LISTAS,,,
229009,01_011_113,1010,572,572,0,11,561,LISTAS,,,
229011,01_011_114,805,604,604,0,6,598,LISTAS,,,
229015,01_012_001,643,521,520,0,6,514,LISTAS,,,
229017,01_012_002,643,492,490,0,7,483,LISTAS,,,
229019,01_012_003,475,352,352,0,1,351,LISTAS,,,
229021,01_012_004,702,597,597,0,3,594,LISTAS,,,
229023,01_012_005,569,416,416,0,1,415,LISTAS,,,
229025,01_012_006,4632,4282,4274,-8,21,4253,LISTAS,,,
229027,01_012_007,714,560,559,0,7,552,LISTAS,,,
229029,01_012_008,771,620,619,0,6,613,LISTAS,,,
229031,01_012_009,844,719,719,0,3,716,LISTAS,,,
229033,01_012_010,931,773,773,0,2,771,LISTAS,,,
229035,01_012_011,725,591,591,0,4,587,LISTAS,,,
229037,01_012_012,880,721,719,0,4,715,LISTAS,,,
229039,01_012_013,584,473,473,0,4,469,LISTAS,,,
229041,01_012_014,619,500,491,0,7,484,LISTAS,,,
229043,01_012_015,663,561,561,0,1,560,LISTAS,,,
229045,01_012_016,637,537,536,0,3,533,LISTAS,,,
229047,01_012_017,915,722,720,0,8,712,LISTAS,,,
229049,01_012_018,801,649,647,0,7,640,LISTAS,,,
229051,01_012_019,724,586,586,0,7,579,LISTAS,,,
229053,01_012_020,706,600,600,0,2,598,LISTAS,,,
229055,01_012_021,691,550,547,0,2,545,LISTAS,,,
229057,01_012_022,472,391,390,0,5,385,LISTAS,,,
229059,01_012_023,634,470,469,0,0,469,LISTAS,,,
229061,01_012_024,578,492,492,0,2,490,LISTAS,,,
229063,01_012_025,728,608,608,0,5,603,LISTAS,,,
229065,01_012_026,680,572,571,0,5,566,LISTAS,,,
229067,01_012_027,640,558,557,0,5,552,LISTAS,,,
229069,01_012_028,931,747,745,0,6,739,LISTAS,,,
229071,01_012_029,682,548,548,0,1,547,LISTAS,,,
229073,01_012_030,868,724,724,0,5,719,LISTAS,,,
229075,01_012_031,658,528,528,0,7,521,LISTAS,,,
229077,01_012_032,760,643,642,0,5,637,LISTAS,,,
229079,01_012_033,877,677,677,0,2,675,LISTAS,,,
229081,01_012_034,809,684,675,0,5,670,LISTAS,,,
229083,01_012_035,810,700,700,0,6,694,LISTAS,,,
229085,01_012_036,632,515,515,0,5,510,LISTAS,,,
229087,01_012_037,734,624,624,0,7,617,LISTAS,,,
229089,01_012_038,890,754,753,0,12,741,LISTAS,,,
229091,01_012_039,952,810,809,0,3,806,LISTAS,,,
229093,01_012_040,705,611,611,0,3,608,LISTAS,,,
229095,01_012_041,510,421,420,0,10,410,LISTAS,,,
229097,01_012_042,818,696,696,0,2,694,LISTAS,,,
229099,01_012_043,841,691,693,0,25,668,LISTAS,,,
229101,01_012_044,928,764,766,0,14,752,LISTAS,,,
229103,01_012_045,623,493,493,0,2,491,LISTAS,,,
229105,01_012_046,922,747,736,0,4,732,LISTAS,,,
229107,01_012_047,996,842,840,0,7,833,LISTAS,,,
229109,01_012_048,787,606,601,0,4,597,LISTAS,,,
229111,01_012_049,808,661,661,0,3,658,LISTAS,,,
229113,01_012_050,754,632,632,0,2,630,LISTAS,,,
229115,01_012_051,552,453,453,0,2,451,LISTAS,,,
229117,01_012_052,831,697,696,0,7,689,LISTAS,,,
229119,01_012_053,829,678,677,0,4,673,LISTAS,,,
229121,01_012_054,656,521,521,0,3,518,LISTAS,,,
229123,01_012_055,664,543,543,0,5,538,LISTAS,,,
229127,01_013_001,946,637,633,0,1,632,LISTAS,,,
229129,01_013_002,896,654,653,0,25,628,LISTAS,,,
229131,01_013_003,866,662,662,0,3,659,LISTAS,,,
229133,01_013_004,852,663,663,0,3,660,LISTAS,,,
229135,01_013_005,854,699,699,0,10,689,LISTAS,,,
229137,01_013_006,1091,830,828,0,10,818,LISTAS,,,
229139,01_013_007,940,693,693,0,8,685,LISTAS,,,
229141,01_013_008,1014,739,740,0,14,726,LISTAS,,,
229143,01_013_009,1008,790,789,0,6,783,LISTAS,,,
229145,01_013_010,959,757,757,0,5,752,LISTAS,,,
229147,01_013_011,703,562,558,0,0,558,LISTAS,,,
229149,01_013_012,861,633,633,0,2,631,LISTAS,,,
229151,01_013_013,927,701,701,0,3,698,LISTAS,,,
229153,01_013_014,953,724,724,0,7,717,LISTAS,,,
229155,01_013_015,1001,750,746,0,2,744,LISTAS,,,
229157,01_013_016,794,626,626,0,2,624,LISTAS,,,
229159,01_013_017,992,783,782,0,6,776,LISTAS,,,
229161,01_013_018,995,759,759,0,8,751,LISTAS,,,
229163,01_013_019,1033,793,793,0,3,790,LISTAS,,,
229165,01_013_020,1120,797,795,0,4,791,LISTAS,,,
229167,01_013_021,1065,817,813,0,3,810,LISTAS,,,
229169,01_013_022,1121,813,812,0,3,809,LISTAS,,,
229171,01_013_023,1115,871,869,0,5,864,LISTAS,,,
229173,01_013_024,1059,782,781,0,7,774,LISTAS,,,
229175,01_013_025,815,621,616,0,9,607,LISTAS,,,
229177,01_013_026,920,582,582,0,8,574,LISTAS,,,
229179,01_013_027,1092,736,734,0,3,731,LISTAS,,,
229181,01_013_028,830,656,656,0,5,651,LISTAS,,,
229183,01_013_029,932,740,740,0,5,735,LISTAS,,,
229185,01_013_030,923,710,709,0,7,702,LISTAS,,,
229187,01_013_031,885,702,702,0,4,698,LISTAS,,,
229189,01_013_032,897,707,707,0,4,703,LISTAS,,,
229191,01_013_033,933,622,622,0,6,616,LISTAS,,,
229193,01_013_034,1070,561,562,0,8,554,LISTAS,,,
229195,01_013_035,1021,774,774,0,13,761,LISTAS,,,
229197,01_013_036,1045,709,709,0,4,705,LISTAS,,,
229199,01_013_037,1112,840,836,0,4,832,LISTAS,,,
229201,01_013_038,1000,724,724,0,7,717,LISTAS,,,
229203,01_013_039,1200,946,939,0,8,931,LISTAS,,,
229205,01_013_040,809,293,293,0,7,286,LISTAS,,,
229207,01_013_041,881,583,583,0,2,581,LISTAS,,,
229209,01_013_042,966,695,695,0,7,688,LISTAS,,,
229211,01_013_043,661,399,398,0,4,394,LISTAS,,,
229213,01_013_044,916,720,720,0,3,717,LISTAS,,,
229215,01_013_045,978,544,542,0,2,540,LISTAS,,,
229217,01_013_046,901,481,481,0,4,477,LISTAS,,,
229219,01_013_047,1013,742,740,0,4,736,LISTAS,,,
229221,01_013_048,1207,849,846,0,7,839,LISTAS,,,
229223,01_013_049,1081,751,749,0,7,742,LISTAS,,,
229225,01_013_050,967,741,741,0,10,731,LISTAS,,,
229227,01_013_051,981,746,746,0,0,746,LISTAS,,,
229229,01_013_052,954,591,590,0,6,584,LISTAS,,,
229231,01_013_053,1016,825,825,0,1,824,LISTAS,,,
229233,01_013_054,823,633,632,0,7,625,LISTAS,,,
229235,01_013_055,819,616,616,0,9,607,LISTAS,,,
229237,01_013_056,719,529,529,0,1,528,LISTAS,,,
229239,01_013_057,1077,858,856,0,4,852,LISTAS,,,
229241,01_013_058,1185,801,801,0,3,798,LISTAS,,,
229243,01_013_059,1139,860,859,0,7,852,LISTAS,,,
229245,01_013_060,989,766,766,0,5,761,LISTAS,,,
229247,01_013_061,871,644,643,0,10,633,LISTAS,,,
229249,01_013_062,5009,4537,4529,-8,23,4506,LISTAS,,,
229251,01_013_063,1288,973,973,0,3,970,LISTAS,,,
229253,01_013_064,1061,781,781,0,1,780,LISTAS,,,
229255,01_013_065,882,655,654,0,4,650,LISTAS,,,
229257,01_013_066,825,636,635,0,8,627,LISTAS,,,
229259,01_013_067,1092,871,871,0,3,868,LISTAS,,,
229261,01_013_068,1166,929,929,0,11,918,LISTAS,,,
229263,01_013_069,1046,825,825,0,4,821,LISTAS,,,
229265,01_013_070,878,649,647,0,2,645,LISTAS,,,
229267,01_013_071,1094,745,743,0,7,736,LISTAS,,,
229269,01_013_072,717,518,518,0,6,512,LISTAS,,,
229271,01_013_073,1113,804,805,0,10,795,LISTAS,,,
229273,01_013_074,1011,712,709,0,0,709,LISTAS,,,
229275,01_013_075,892,682,681,0,7,674,LISTAS,,,
229277,01_013_076,1301,744,750,0,47,703,LISTAS,,,
229279,01_013_077,1163,935,935,0,3,932,LISTAS,,,
229281,01_013_078,831,615,615,0,3,612,LISTAS,,,
229283,01_013_079,1102,865,864,0,9,855,LISTAS,,,
229285,01_013_080,975,753,742,0,0,742,LISTAS,,,
229287,01_013_081,741,584,583,0,5,578,LISTAS,,,
229289,01_013_082,1190,911,901,0,7,894,LISTAS,,,
229291,01_013_083,1282,959,958,0,17,941,LISTAS,,,
229293,01_013_084,1109,857,857,0,8,849,LISTAS,,,
229295,01_013_085,1191,866,866,0,5,861,LISTAS,,,
229297,01_013_086,682,459,458,0,2,456,LISTAS,,,
229299,01_013_087,961,736,737,0,7,730,LISTAS,,,
229303,01_014_001,1073,821,821,0,6,815,LISTAS,,,
229305,01_014_002,1089,793,793,0,4,789,LISTAS,,,
229307,01_014_003,1101,883,883,0,3,880,LISTAS,,,
229309,01_014_004,1170,889,887,0,5,882,LISTAS,,,
229311,01_014_005,1393,1032,1032,0,7,1025,LISTAS,,,
229313,01_014_006,1121,846,846,0,6,840,LISTAS,,,
229315,01_014_007,1084,784,785,0,10,775,LISTAS,,,
229317,01_014_008,1083,772,770,0,6,764,LISTAS,,,
229319,01_014_009,1033,737,736,0,5,731,LISTAS,,,
229321,01_014_010,1003,736,735,0,1,734,LISTAS,,,
229323,01_014_011,1175,859,859,0,1,858,LISTAS,,,
229325,01_014_012,1054,775,773,0,8,765,LISTAS,,,
229327,01_014_013,4502,4014,4000,-14,16,3984,LISTAS,,,
229329,01_014_014,1243,684,684,0,1,683,LISTAS,,,
229331,01_014_015,988,707,707,0,6,701,LISTAS,,,
229333,01_014_016,1253,1001,1000,0,10,990,LISTAS,,,
229335,01_014_017,1087,824,812,0,4,808,LISTAS,,,
229337,01_014_018,1128,824,823,0,6,817,LISTAS,,,
229339,01_014_019,1193,913,914,0,9,905,LISTAS,,,
229341,01_014_020,1185,900,899,0,2,897,LISTAS,,,
229343,01_014_021,1273,975,977,0,25,952,LISTAS,,,
229345,01_014_022,1153,780,780,0,6,774,LISTAS,,,
229347,01_014_023,1223,628,628,0,5,623,LISTAS,,,
229349,01_014_024,1106,799,800,0,16,784,LISTAS,,,
229351,01_014_025,1191,916,907,0,4,903,LISTAS,,,
229353,01_014_026,1112,831,827,0,4,823,LISTAS,,,
229355,01_014_027,1109,858,858,0,6,852,LISTAS,,,
229357,01_014_028,1035,715,716,0,8,708,LISTAS,,,
229359,01_014_029,1142,883,883,0,6,877,LISTAS,,,
229361,01_014_030,1138,883,883,0,2,881,LISTAS,,,
229363,01_014_031,1355,861,861,0,2,859,LISTAS,,,
229365,01_014_032,1091,846,844,0,6,838,LISTAS,,,
229367,01_014_033,1131,944,944,0,5,939,LISTAS,,,
229369,01_014_034,1133,904,903,0,2,901,LISTAS,,,
229371,01_014_035,1134,945,946,0,8,938,LISTAS,,,
229373,01_014_036,1130,945,945,0,0,945,LISTAS,,,
229375,01_014_037,1238,1014,1014,0,3,1011,LISTAS,,,
229377,01_014_038,1213,977,975,0,11,964,LISTAS,,,
229379,01_014_039,983,804,802,0,4,798,LISTAS,,,
229381,01_014_040,1048,822,822,0,19,803,LISTAS,,,
229383,01_014_041,1178,948,947,0,7,940,LISTAS,,,
229385,01_014_042,1036,860,860,0,3,857,LISTAS,,,
229387,01_014_043,1347,1104,1106,0,19,1087,LISTAS,,,
229389,01_014_044,1151,936,934,0,8,926,LISTAS,,,
229391,01_014_045,1100,798,797,0,3,794,LISTAS,,,
229393,01_014_046,1059,796,791,0,8,783,LISTAS,,,
229395,01_014_047,1236,952,950,0,3,947,LISTAS,,,
229397,01_014_048,988,694,694,0,6,688,LISTAS,,,
229399,01_014_049,1147,833,835,0,23,812,LISTAS,,,
229401,01_014_050,1034,733,731,0,3,728,LISTAS,,,
229403,01_014_051,1086,814,814,0,8,806,LISTAS,,,
229405,01_014_052,1016,693,693,0,2,691,LISTAS,,,
229407,01_014_053,998,712,712,0,2,710,LISTAS,,,
229409,01_014_054,1025,747,745,0,8,737,LISTAS,,,
229411,01_014_055,1166,899,900,0,9,891,LISTAS,,,
229413,01_014_056,1092,851,851,0,4,847,LISTAS,,,
229415,01_014_057,1164,855,854,0,8,846,LISTAS,,,
229417,01_014_058,939,680,678,0,5,673,LISTAS,,,
229419,01_014_059,1069,775,775,0,3,772,LISTAS,,,
229421,01_014_060,1146,899,899,0,6,893,LISTAS,,,
229423,01_014_061,1213,1036,1035,0,8,1027,LISTAS,,,
229425,01_014_062,1117,910,909,0,7,902,LISTAS,,,
229427,01_014_063,1044,869,868,0,3,865,LISTAS,,,
229429,01_014_064,1044,835,835,0,12,823,LISTAS,,,
229431,01_014_065,1205,991,989,0,6,983,LISTAS,,,
229433,01_014_066,1249,927,927,0,3,924,LISTAS,,,
229435,01_014_067,1050,731,728,0,5,723,LISTAS,,,
229437,01_014_068,1099,889,889,0,5,884,LISTAS,,,
229439,01_014_069,1047,782,782,0,5,777,LISTAS,,,
229441,01_014_070,1033,843,843,0,2,841,LISTAS,,,
229443,01_014_071,1061,776,775,0,9,766,LISTAS,,,
229445,01_014_072,1072,791,788,0,3,785,LISTAS,,,
229447,01_014_073,1105,857,858,0,10,848,LISTAS,,,
229449,01_014_074,1132,810,810,0,3,807,LISTAS,,,
229451,01_014_075,995,780,780,0,5,775,LISTAS,,,
229455,01_015_001,848,685,685,0,4,681,LISTAS,,,
229457,01_015_002,827,666,666,0,8,658,LISTAS,,,
229459,01_015_003,1077,853,851,0,5,846,LISTAS,,,
229461,01_015_004,901,701,701,0,1,700,LISTAS,,,
229463,01_015_005,738,604,605,0,13,592,LISTAS,,,
229465,01_015_006,1042,805,804,0,3,801,LISTAS,,,
229467,01_015_007,728,563,562,0,4,558,LISTAS,,,
229469,01_015_008,709,546,546,0,2,544,LISTAS,,,
229471,01_015_009,854,620,620,0,4,616,LISTAS,,,
229473,01_015_010,784,569,568,0,3,565,LISTAS,,,
229475,01_015_011,810,580,580,0,4,576,LISTAS,,,
229477,01_015_012,1064,744,744,0,6,738,LISTAS,,,
229479,01_015_013,1217,842,843,0,15,828,LISTAS,,,
229481,01_015_014,804,603,601,0,5,596,LISTAS,,,
229483,01_015_015,976,514,514,0,1,513,LISTAS,,,
229485,01_015_016,1117,850,849,0,4,845,LISTAS,,,
229487,01_015_017,731,544,544,0,6,538,LISTAS,,,
229489,01_015_018,739,539,539,0,1,538,LISTAS,,,
229491,01_015_019,983,715,715,0,1,714,LISTAS,,,
229493,01_015_020,1067,761,761,0,5,756,LISTAS,,,
229495,01_015_021,981,665,664,0,7,657,LISTAS,,,
229497,01_015_022,1071,768,767,0,7,760,LISTAS,,,
229499,01_015_023,726,584,584,0,1,583,LISTAS,,,
229501,01_015_024,971,731,729,0,2,727,LISTAS,,,
229503,01_015_025,977,759,758,0,7,751,LISTAS,,,
229505,01_015_026,788,631,631,0,13,618,LISTAS,,,
229507,01_015_027,809,616,616,0,10,606,LISTAS,,,
229509,01_015_028,778,567,565,0,7,558,LISTAS,,,
229511,01_015_029,789,565,564,0,8,556,LISTAS,,,
229513,01_015_030,681,544,544,0,6,538,LISTAS,,,
229515,01_015_031,760,539,539,0,5,534,LISTAS,,,
229517,01_015_032,758,559,559,0,7,552,LISTAS,,,
229519,01_015_033,829,622,622,0,5,617,LISTAS,,,
229521,01_015_034,715,576,576,0,0,576,LISTAS,,,
229523,01_015_035,1068,811,811,0,5,806,LISTAS,,,
229525,01_015_036,826,621,621,0,10,611,LISTAS,,,
229527,01_015_037,791,612,610,0,4,606,LISTAS,,,
229529,01_015_038,944,716,716,0,1,715,LISTAS,,,
229531,01_015_039,923,678,678,0,6,672,LISTAS,,,
229533,01_015_040,2639,2290,2286,-4,17,2269,LISTAS,,,
229535,01_015_041,733,505,504,0,4,500,LISTAS,,,
229537,01_015_042,888,612,612,0,2,610,LISTAS,,,
229539,01_015_043,861,577,577,0,2,575,LISTAS,,,
229541,01_015_044,842,594,593,0,6,587,LISTAS,,,
229543,01_015_045,705,490,490,0,5,485,LISTAS,,,
229545,01_015_046,843,608,608,0,5,603,LISTAS,,,
229547,01_015_047,804,580,580,0,12,568,LISTAS,,,
229549,01_015_048,726,496,495,0,5,490,LISTAS,,,
229551,01_015_049,735,524,524,0,9,515,LISTAS,,,
229553,01_015_050,650,425,425,0,3,422,LISTAS,,,
229555,01_015_051,681,462,460,0,1,459,LISTAS,,,
229557,01_015_052,796,522,521,0,2,519,LISTAS,,,
229559,01_015_053,714,513,513,0,5,508,LISTAS,,,
229561,01_015_054,888,552,552,0,5,547,LISTAS,,,
229563,01_015_055,830,603,603,0,4,599,LISTAS,,,
229565,01_015_056,825,594,594,0,7,587,LISTAS,,,
229567,01_015_057,881,554,553,0,8,545,LISTAS,,,
229569,01_015_058,760,521,521,0,10,511,LISTAS,,,
229571,01_015_059,793,504,502,0,5,497,LISTAS,,,
229573,01_015_060,1040,700,700,0,4,696,LISTAS,,,
229575,01_015_061,986,699,698,0,5,693,LISTAS,,,
229577,01_015_062,762,524,524,0,4,520,LISTAS,,,
229579,01_015_063,938,681,680,0,5,675,LISTAS,,,
229581,01_015_064,895,621,620,0,4,616,LISTAS,,,
229583,01_015_065,705,516,515,0,4,511,LISTAS,,,
229585,01_015_066,814,616,616,0,5,611,LISTAS,,,
229587,01_015_067,901,642,642,0,6,636,LISTAS,,,
229589,01_015_068,751,528,526,0,2,524,LISTAS,,,
229591,01_015_069,740,526,525,0,1,524,LISTAS,,,
229593,01_015_070,823,546,546,0,0,546,LISTAS,,,
229595,01_016_001,1008,834,833,0,11,822,LISTAS,,,
229597,01_016_002,978,781,781,0,2,779,LISTAS,,,
229599,01_016_003,919,730,730,0,7,723,LISTAS,,,
229601,01_016_004,886,690,690,0,7,683,LISTAS,,,
229603,01_016_005,829,673,673,0,7,666,LISTAS,,,
229605,01_016_006,1115,892,892,0,7,885,LISTAS,,,
229607,01_016_007,1076,842,842,0,10,832,LISTAS,,,
229609,01_016_008,1014,802,801,0,6,795,LISTAS,,,
229611,01_016_009,970,797,795,0,0,795,LISTAS,,,
229613,01_016_010,938,756,756,0,11,745,LISTAS,,,
229615,01_016_011,1019,835,835,0,9,826,LISTAS,,,
229617,01_016_012,967,814,804,0,5,799,LISTAS,,,
229619,01_016_013,873,670,670,0,20,650,LISTAS,,,
229621,01_016_014,966,808,808,0,7,801,LISTAS,,,
229623,01_016_015,1024,855,853,0,3,850,LISTAS,,,
229625,01_016_016,804,637,646,0,49,597,LISTAS,,,
229627,01_016_017,831,598,598,0,5,593,LISTAS,,,
229629,01_016_018,804,643,645,0,20,625,LISTAS,,,
229631,01_016_019,686,527,528,0,12,516,LISTAS,,,
229633,01_016_020,742,612,612,0,5,607,LISTAS,,,
229635,01_016_021,766,612,611,0,2,609,LISTAS,,,
229637,01_016_022,767,659,659,0,11,648,LISTAS,,,
229639,01_016_023,883,693,694,0,9,685,LISTAS,,,
229641,01_016_024,768,575,575,0,6,569,LISTAS,,,
229643,01_016_025,791,638,637,0,12,625,LISTAS,,,
229645,01_016_026,1002,797,797,0,10,787,LISTAS,,,
229647,01_016_027,976,833,833,0,13,820,LISTAS,,,
229649,01_016_028,728,600,606,0,38,568,LISTAS,,,
229651,01_016_029,752,605,604,0,2,602,LISTAS,,,
229653,01_016_030,918,708,707,0,3,704,LISTAS,,,
229655,01_016_031,812,662,659,0,5,654,LISTAS,,,
229657,01_016_032,1040,848,848,0,7,841,LISTAS,,,
229659,01_016_033,1108,905,905,0,6,899,LISTAS,,,
229661,01_016_034,920,774,773,0,8,765,LISTAS,,,
229663,01_016_035,1075,871,871,0,5,866,LISTAS,,,
229665,01_016_036,840,689,689,0,5,684,LISTAS,,,
229667,01_016_037,728,575,575,0,7,568,LISTAS,,,
229669,01_016_038,906,771,771,0,1,770,LISTAS,,,
229671,01_016_039,780,621,625,0,26,599,LISTAS,,,
229673,01_016_040,990,800,799,0,10,789,LISTAS,,,
229675,01_016_041,733,555,555,0,5,550,LISTAS,,,
229677,01_016_042,895,683,683,0,6,677,LISTAS,,,
229679,01_016_043,956,813,812,0,1,811,LISTAS,,,
229681,01_016_044,906,729,728,0,7,721,LISTAS,,,
229683,01_016_045,967,813,813,0,8,805,LISTAS,,,
229685,01_016_046,724,535,535,0,6,529,LISTAS,,,
229687,01_016_047,638,494,495,0,9,486,LISTAS,,,
229689,01_016_048,913,728,728,0,6,722,LISTAS,,,
229691,01_016_049,925,784,785,0,12,773,LISTAS,,,
229693,01_016_050,761,603,603,0,1,602,LISTAS,,,
229695,01_016_051,972,753,753,0,9,744,LISTAS,,,
229697,01_016_052,867,719,719,0,7,712,LISTAS,,,
229699,01_016_053,2911,2640,2636,-4,15,2621,LISTAS,,,
229701,01_016_054,914,757,757,0,2,755,LISTAS,,,
229703,01_016_055,910,744,744,0,3,741,LISTAS,,,
229705,01_016_056,841,690,688,0,5,683,LISTAS,,,
229707,01_016_057,1083,806,807,0,9,798,LISTAS,,,
229709,01_016_058,768,607,606,0,3,603,LISTAS,,,
229711,01_016_059,889,704,704,0,5,699,LISTAS,,,
229713,01_016_060,1084,847,847,0,6,841,LISTAS,,,
229715,01_016_061,771,677,677,0,2,675,LISTAS,,,
229719,01_017_001,821,658,658,0,4,654,LISTAS,,,
229721,01_017_002,836,687,687,0,2,685,LISTAS,,,
229723,01_017_003,890,680,679,0,5,674,LISTAS,,,
229725,01_017_004,803,639,639,0,6,633,LISTAS,,,
229727,01_017_005,711,580,581,0,9,572,LISTAS,,,
229729,01_017_006,807,689,688,0,8,680,LISTAS,,,
229731,01_017_007,878,667,667,0,4,663,LISTAS,,,
229733,01_017_008,1067,761,761,0,4,757,LISTAS,,,
229735,01_017_009,927,611,611,0,4,607,LISTAS,,,
229737,01_017_010,757,517,517,0,7,510,LISTAS,,,
229739,01_017_011,974,639,639,0,2,637,LISTAS,,,
229741,01_017_012,829,625,624,0,4,620,LISTAS,,,
229743,01_017_013,838,579,579,0,4,575,LISTAS,,,
229745,01_017_014,901,634,634,0,2,632,LISTAS,,,
229747,01_017_015,782,585,585,0,4,581,LISTAS,,,
229749,01_017_016,2325,1973,1966,-7,11,1955,LISTAS,,,
229751,01_017_017,674,461,460,0,4,456,LISTAS,,,
229753,01_017_018,786,577,575,0,2,573,LISTAS,,,
229755,01_017_019,932,672,671,0,3,668,LISTAS,,,
229757,01_017_020,773,517,517,0,2,515,LISTAS,,,
229759,01_017_021,284,19,21,0,7,14,LISTAS,,,
229761,01_017_022,873,640,639,0,5,634,LISTAS,,,
229763,01_017_023,948,654,654,0,7,647,LISTAS,,,
229765,01_017_024,946,767,767,0,2,765,LISTAS,,,
229767,01_017_025,1060,860,858,0,3,855,LISTAS,,,
229769,01_017_026,834,720,720,0,6,714,LISTAS,,,
229771,01_017_027,630,505,505,0,4,501,LISTAS,,,
229773,01_017_028,714,566,566,0,5,561,LISTAS,,,
229775,01_017_029,912,677,677,0,8,669,LISTAS,,,
229777,01_017_030,941,771,771,0,4,767,LISTAS,,,
229779,01_017_031,843,671,673,0,16,657,LISTAS,,,
229781,01_017_032,870,668,668,0,3,665,LISTAS,,,
229783,01_017_033,876,680,680,0,2,678,LISTAS,,,
229785,01_017_034,881,649,649,0,5,644,LISTAS,,,
229787,01_017_035,1042,703,702,0,5,697,LISTAS,,,
229789,01_017_036,987,712,709,0,4,705,LISTAS,,,
229791,01_017_037,997,740,740,0,4,736,LISTAS,,,
229793,01_017_038,1092,824,824,0,10,814,LISTAS,,,
229795,01_017_039,977,810,809,0,4,805,LISTAS,,,
229797,01_017_040,1085,863,862,0,3,859,LISTAS,,,
229799,01_017_041,1034,806,807,0,3,804,LISTAS,,,
229801,01_017_042,1067,881,879,0,5,874,LISTAS,,,
229803,01_017_043,960,756,756,0,6,750,LISTAS,,,
229805,01_017_044,741,569,569,0,8,561,LISTAS,,,
229807,01_017_045,812,644,635,0,3,632,LISTAS,,,
229809,01_017_046,1049,824,824,0,7,817,LISTAS,,,
229811,01_017_047,1063,870,870,0,8,862,LISTAS,,,
229813,01_017_048,842,662,661,0,2,659,LISTAS,,,
229815,01_017_049,904,733,733,0,2,731,LISTAS,,,
229817,01_017_050,787,640,638,0,3,635,LISTAS,,,
229819,01_017_051,1187,931,930,0,3,927,LISTAS,,,
229821,01_017_052,994,800,800,0,2,798,LISTAS,,,
229823,01_017_053,866,675,674,0,6,668,LISTAS,,,
229825,01_017_054,744,598,597,0,5,592,LISTAS,,,
229827,01_017_055,916,731,729,0,6,723,LISTAS,,,
229829,01_017_056,1010,779,779,0,7,772,LISTAS,,,
229831,01_017_057,766,577,577,0,8,569,LISTAS,,,
229833,01_017_058,938,731,731,0,3,728,LISTAS,,,
229835,01_017_059,1099,829,829,0,5,824,LISTAS,,,
229837,01_017_060,961,728,731,0,24,707,LISTAS,,,
229839,01_017_061,1011,719,719,0,9,710,LISTAS,,,
229841,01_017_062,708,540,539,0,3,536,LISTAS,,,
229843,01_017_063,868,676,676,0,5,671,LISTAS,,,
229845,01_017_064,973,790,791,0,17,774,LISTAS,,,
229847,01_017_065,895,715,714,0,4,710,LISTAS,,,
229849,01_017_066,901,709,709,0,3,706,LISTAS,,,
229851,01_017_067,899,740,740,0,3,737,LISTAS,,,
229853,01_017_068,940,744,743,0,4,739,LISTAS,,,
229855,01_017_069,843,653,653,0,4,649,LISTAS,,,
229857,01_017_070,897,733,732,0,12,720,LISTAS,,,
229859,01_017_071,874,673,673,0,4,669,LISTAS,,,
229861,01_017_072,951,788,788,0,4,784,LISTAS,,,
229863,01_017_073,972,805,805,0,6,799,LISTAS,,,
229865,01_017_074,709,516,516,0,1,515,LISTAS,,,
229867,01_017_075,982,779,779,0,6,773,LISTAS,,,
229869,01_017_076,547,365,364,0,1,363,LISTAS,,,
229871,01_018_001,1076,865,865,0,6,859,LISTAS,,,
229873,01_018_002,885,692,692,0,9,683,LISTAS,,,
229875,01_018_003,1087,815,815,0,8,807,LISTAS,,,
229877,01_018_004,1046,806,805,0,5,800,LISTAS,,,
229879,01_018_005,1159,865,865,0,7,858,LISTAS,,,
229881,01_018_006,921,676,676,0,11,665,LISTAS,,,
229883,01_018_007,846,613,612,0,6,606,LISTAS,,,
229885,01_018_008,831,601,601,0,3,598,LISTAS,,,
229887,01_018_009,754,544,544,0,4,540,LISTAS,,,
229889,01_018_010,950,743,742,0,7,735,LISTAS,,,
229891,01_018_011,972,532,538,0,35,503,LISTAS,,,
229893,01_018_012,835,675,675,0,3,672,LISTAS,,,
229895,01_018_013,1013,768,768,0,9,759,LISTAS,,,
229897,01_018_014,926,731,731,0,11,720,LISTAS,,,
229899,01_018_015,916,728,728,0,4,724,LISTAS,,,
229901,01_018_016,823,641,641,0,2,639,LISTAS,,,
229903,01_018_017,847,662,662,0,5,657,LISTAS,,,
229905,01_018_018,979,771,772,0,8,764,LISTAS,,,
229907,01_018_019,1042,822,822,0,7,815,LISTAS,,,
229909,01_018_020,876,674,674,0,7,667,LISTAS,,,
229911,01_018_021,1000,786,788,0,15,773,LISTAS,,,
229913,01_018_022,841,646,645,0,1,644,LISTAS,,,
229915,01_018_023,902,709,708,0,3,705,LISTAS,,,
229917,01_018_024,969,616,617,0,14,603,LISTAS,,,
229919,01_018_025,899,678,677,0,8,669,LISTAS,,,
229921,01_018_026,1060,737,737,0,2,735,LISTAS,,,
229923,01_018_027,1188,839,839,0,9,830,LISTAS,,,
229925,01_018_028,976,750,750,0,6,744,LISTAS,,,
229927,01_018_029,1139,749,748,0,4,744,LISTAS,,,
229929,01_018_030,1035,715,715,0,5,710,LISTAS,,,
229931,01_018_031,1190,776,778,0,21,757,LISTAS,,,
229933,01_018_032,1017,640,640,0,2,638,LISTAS,,,
229935,01_018_033,986,600,600,0,6,594,LISTAS,,,
229937,01_018_034,2792,2305,2302,-3,13,2289,LISTAS,,,
229939,01_018_035,975,648,648,0,6,642,LISTAS,,,
229941,01_018_036,942,585,587,0,16,571,LISTAS,,,
229943,01_018_037,905,615,615,0,3,612,LISTAS,,,
229945,01_018_038,1006,667,666,0,14,652,LISTAS,,,
229947,01_018_039,888,600,598,0,4,594,LISTAS,,,
229949,01_018_040,969,727,727,0,5,722,LISTAS,,,
229951,01_018_041,1031,795,795,0,4,791,LISTAS,,,
229953,01_018_042,1116,832,832,0,4,828,LISTAS,,,
229955,01_018_043,806,624,624,0,5,619,LISTAS,,,
229957,01_018_044,1168,896,896,0,3,893,LISTAS,,,
229959,01_018_045,695,537,536,0,6,530,LISTAS,,,
229961,01_018_046,786,606,606,0,4,602,LISTAS,,,
229963,01_018_047,1026,787,788,0,13,775,LISTAS,,,
229965,01_018_048,780,610,609,0,3,606,LISTAS,,,
229967,01_018_049,1070,815,813,0,8,805,LISTAS,,,
229969,01_018_050,1022,839,839,0,4,835,LISTAS,,,
229971,01_018_051,884,709,709,0,6,703,LISTAS,,,
229973,01_018_052,986,816,816,0,7,809,LISTAS,,,
229975,01_018_053,1157,933,933,0,12,921,LISTAS,,,
229977,01_018_054,1026,842,842,0,7,835,LISTAS,,,
229979,01_018_055,1078,847,844,0,3,841,LISTAS,,,
229981,01_018_056,1311,1043,1043,0,11,1032,LISTAS,,,
229983,01_018_057,1078,880,880,0,8,872,LISTAS,,,
229985,01_018_058,1226,940,941,0,15,926,LISTAS,,,
229987,01_018_059,1320,1071,1071,0,6,1065,LISTAS,,,
229989,01_018_060,1139,852,852,0,5,847,LISTAS,,,
229991,01_018_061,1323,998,995,0,9,986,LISTAS,,,
229993,01_018_062,1155,891,887,0,3,884,LISTAS,,,
229995,01_018_063,1174,903,903,0,5,898,LISTAS,,,
229997,01_018_064,922,685,685,0,7,678,LISTAS,,,
229999,01_018_065,1110,829,831,0,22,809,LISTAS,,,
230001,01_018_066,738,544,544,0,9,535,LISTAS,,,
230003,01_018_067,1064,834,822,0,3,819,LISTAS,,,
230005,01_018_068,934,703,700,0,5,695,LISTAS,,,
230007,01_018_069,1125,877,875,0,4,871,LISTAS,,,
230009,01_018_070,1053,799,799,0,3,796,LISTAS,,,
230011,01_018_071,849,617,617,0,5,612,LISTAS,,,
230013,01_018_072,1116,837,838,0,14,824,LISTAS,,,
230015,01_018_073,1100,862,861,0,9,852,LISTAS,,,
230017,01_018_074,1141,867,868,0,11,857,LISTAS,,,
230019,01_018_075,1216,954,954,0,8,946,LISTAS,,,
230021,01_018_076,966,723,723,0,4,719,LISTAS,,,
230023,01_019_001,938,652,652,0,4,648,LISTAS,,,
230025,01_019_002,1121,745,745,0,6,739,LISTAS,,,
230027,01_019_003,1130,769,768,0,9,759,LISTAS,,,
230029,01_019_004,962,701,699,0,6,693,LISTAS,,,
230031,01_019_005,1269,897,902,0,40,862,LISTAS,,,
230033,01_019_006,1101,769,769,0,5,764,LISTAS,,,
230035,01_019_007,1006,737,737,0,4,733,LISTAS,,,
230037,01_019_008,921,669,669,0,3,666,LISTAS,,,
230039,01_019_009,970,715,717,0,19,698,LISTAS,,,
230041,01_019_010,898,638,637,0,2,635,LISTAS,,,
230043,01_019_011,1305,904,906,0,17,889,LISTAS,,,
230045,01_019_012,1193,871,870,0,12,858,LISTAS,,,
230047,01_019_013,1062,718,719,0,14,705,LISTAS,,,
230049,01_019_014,1114,762,760,0,8,752,LISTAS,,,
230051,01_019_015,1065,760,759,0,5,754,LISTAS,,,
230053,01_019_016,1029,787,788,0,13,775,LISTAS,,,
230055,01_019_017,1087,802,804,0,13,791,LISTAS,,,
230057,01_019_018,1154,839,839,0,6,833,LISTAS,,,
230059,01_019_019,865,617,616,0,6,610,LISTAS,,,
230061,01_019_020,1064,760,760,0,3,757,LISTAS,,,
230063,01_019_021,1129,802,800,0,6,794,LISTAS,,,
230065,01_019_022,916,605,603,0,4,599,LISTAS,,,
230067,01_019_023,868,681,681,0,7,674,LISTAS,,,
230069,01_019_024,911,722,722,0,6,716,LISTAS,,,
230071,01_019_025,831,665,662,0,6,656,LISTAS,,,
230073,01_019_026,1119,903,903,0,8,895,LISTAS,,,
230075,01_019_027,946,758,753,0,8,745,LISTAS,,,
230077,01_019_028,889,705,695,0,5,690,LISTAS,,,
230079,01_019_029,1069,829,829,0,6,823,LISTAS,,,
230081,01_019_030,1075,779,779,0,4,775,LISTAS,,,
230083,01_019_031,1025,722,720,0,8,712,LISTAS,,,
230085,01_019_032,1159,815,810,0,14,796,LISTAS,,,
230087,01_019_033,898,675,675,0,4,671,LISTAS,,,
230089,01_019_034,1061,780,780,0,5,775,LISTAS,,,
230091,01_019_035,1204,890,890,0,3,887,LISTAS,,,
230093,01_019_036,1037,798,798,0,4,794,LISTAS,,,
230095,01_019_037,770,549,550,0,8,542,LISTAS,,,
230097,01_019_038,993,736,736,0,7,729,LISTAS,,,
230099,01_019_039,910,602,602,0,6,596,LISTAS,,,
230101,01_019_040,951,740,739,0,8,731,LISTAS,,,
230103,01_019_041,947,776,773,0,0,773,LISTAS,,,
230105,01_019_042,1163,931,931,0,3,928,LISTAS,,,
230107,01_019_043,179,17,16,0,0,16,LISTAS,,,
230109,01_020_001,768,517,517,0,4,513,LISTAS,,,
230111,01_020_002,1075,891,890,0,10,880,LISTAS,,,
230113,01_020_003,729,493,492,0,4,488,LISTAS,,,
230115,01_020_004,609,382,381,0,1,380,LISTAS,,,
230117,01_020_005,777,546,546,0,6,540,LISTAS,,,
230119,01_020_006,2856,2438,2434,-4,10,2424,LISTAS,,,
230121,01_020_007,628,452,452,0,3,449,LISTAS,,,
230123,01_020_008,744,524,523,0,5,518,LISTAS,,,
230125,01_020_009,762,511,511,0,6,505,LISTAS,,,
230127,01_020_010,667,453,453,0,2,451,LISTAS,,,
230129,01_020_011,680,508,508,0,3,505,LISTAS,,,
230131,01_020_012,823,517,517,0,4,513,LISTAS,,,
230133,01_020_013,939,697,694,0,7,687,LISTAS,,,
230135,01_020_014,663,427,427,0,4,423,LISTAS,,,
230137,01_020_015,674,408,408,0,20,388,LISTAS,,,
230139,01_020_016,901,497,497,0,3,494,LISTAS,,,
230141,01_020_017,894,535,535,0,4,531,LISTAS,,,
230143,01_020_018,680,390,390,0,2,388,LISTAS,,,
230145,01_020_019,1278,896,896,0,10,886,LISTAS,,,
230147,01_020_020,1067,709,709,0,9,700,LISTAS,,,
230149,01_020_021,804,592,592,0,9,583,LISTAS,,,
230151,01_020_022,843,636,636,0,7,629,LISTAS,,,
230153,01_020_023,629,502,501,0,6,495,LISTAS,,,
230155,01_020_024,631,439,439,0,6,433,LISTAS,,,
230157,01_020_025,781,506,506,0,5,501,LISTAS,,,
230159,01_020_026,838,560,563,0,22,541,LISTAS,,,
230161,01_020_027,585,384,384,0,6,378,LISTAS,,,
230163,01_020_028,628,413,413,0,0,413,LISTAS,,,
230165,01_020_029,606,448,448,0,3,445,LISTAS,,,
230167,01_020_030,666,476,475,0,1,474,LISTAS,,,
230169,01_020_031,935,433,431,0,6,425,LISTAS,,,
230171,01_020_032,595,407,407,0,3,404,LISTAS,,,
230173,01_020_033,617,441,440,0,5,435,LISTAS,,,
230175,01_020_034,748,520,520,0,6,514,LISTAS,,,
230177,01_020_035,850,574,574,0,4,570,LISTAS,,,
230179,01_020_036,833,518,518,0,2,516,LISTAS,,,
230181,01_020_037,825,567,565,0,8,557,LISTAS,,,
230183,01_020_038,721,504,502,0,4,498,LISTAS,,,
230185,01_020_039,951,652,652,0,5,647,LISTAS,,,
230187,01_020_040,905,662,662,0,1,661,LISTAS,,,
230189,01_020_041,757,556,555,0,11,544,LISTAS,,,
230191,01_020_042,935,650,649,0,11,638,LISTAS,,,
230193,01_020_043,752,544,543,0,4,539,LISTAS,,,
230195,01_020_044,751,521,520,0,7,513,LISTAS,,,
230197,01_020_045,858,610,607,0,4,603,LISTAS,,,
230199,01_020_046,613,467,467,0,5,462,LISTAS,,,
230201,01_020_047,821,599,599,0,4,595,LISTAS,,,
230203,01_020_048,634,467,466,0,6,460,LISTAS,,,
230205,01_020_049,842,649,649,0,10,639,LISTAS,,,
230207,01_020_050,1021,731,731,0,6,725,LISTAS,,,
230209,01_020_051,739,572,570,0,0,570,LISTAS,,,
230211,01_020_052,748,555,553,0,8,545,LISTAS,,,
230213,01_020_053,656,475,475,0,5,470,LISTAS,,,
230215,01_020_054,816,574,574,0,6,568,LISTAS,,,
230217,01_020_055,622,422,422,0,1,421,LISTAS,,,
230219,01_020_056,895,612,612,0,0,612,LISTAS,,,
230221,01_020_057,791,569,569,0,4,565,LISTAS,,,
230223,01_020_058,986,653,653,0,6,647,LISTAS,,,
230225,01_020_059,764,559,559,0,4,555,LISTAS,,,
230227,01_020_060,894,633,626,0,3,623,LISTAS,,,
230229,01_020_061,656,414,414,0,4,410,LISTAS,,,
230233,01_021_001,810,630,631,0,7,624,LISTAS,,,
230235,01_021_002,811,635,635,0,3,632,LISTAS,,,
230237,01_021_003,772,643,641,0,5,636,LISTAS,,,
230239,01_021_004,734,582,582,0,5,577,LISTAS,,,
230241,01_021_005,842,667,667,0,8,659,LISTAS,,,
230243,01_021_006,789,606,605,0,5,600,LISTAS,,,
230245,01_021_007,697,545,534,0,6,528,LISTAS,,,
230247,01_021_008,946,752,752,0,8,744,LISTAS,,,
230249,01_021_009,926,696,695,0,6,689,LISTAS,,,
230251,01_021_010,951,779,778,0,4,774,LISTAS,,,
230253,01_021_011,684,521,521,0,5,516,LISTAS,,,
230255,01_021_012,799,632,632,0,5,627,LISTAS,,,
230257,01_021_013,769,544,544,0,9,535,LISTAS,,,
230259,01_021_014,912,706,704,0,2,702,LISTAS,,,
230261,01_021_015,2839,2506,2501,-5,13,2488,LISTAS,,,
230263,01_021_016,817,643,643,0,6,637,LISTAS,,,
230265,01_021_017,945,765,764,0,9,755,LISTAS,,,
230267,01_021_018,891,720,720,0,3,717,LISTAS,,,
230269,01_021_019,731,577,575,0,2,573,LISTAS,,,
230271,01_021_020,639,514,514,0,2,512,LISTAS,,,
230273,01_021_021,734,525,525,0,5,520,LISTAS,,,
230275,01_021_022,805,608,608,0,12,596,LISTAS,,,
230277,01_021_023,727,528,527,0,4,523,LISTAS,,,
230279,01_021_024,727,491,490,0,2,488,LISTAS,,,
230281,01_021_025,805,529,528,0,5,523,LISTAS,,,
230283,01_021_026,824,584,584,0,5,579,LISTAS,,,
230285,01_021_027,715,522,521,0,5,516,LISTAS,,,
230287,01_021_028,916,638,638,0,8,630,LISTAS,,,
230289,01_021_029,664,434,433,0,5,428,LISTAS,,,
230291,01_021_030,678,437,437,0,2,435,LISTAS,,,
230293,01_021_031,692,441,441,0,6,435,LISTAS,,,
230295,01_021_032,924,618,617,0,6,611,LISTAS,,,
230297,01_021_033,766,502,502,0,5,497,LISTAS,,,
230299,01_021_034,675,326,324,0,6,318,LISTAS,,,
230301,01_021_035,695,346,346,0,5,341,LISTAS,,,
230303,01_021_036,739,489,489,0,1,488,LISTAS,,,
230305,01_021_037,746,530,530,0,5,525,LISTAS,,,
230307,01_021_038,791,335,336,0,8,328,LISTAS,,,
230309,01_021_039,643,433,433,0,7,426,LISTAS,,,
230311,01_021_040,879,600,600,0,4,596,LISTAS,,,
230313,01_021_041,755,440,440,0,5,435,LISTAS,,,
230315,01_021_042,913,603,598,0,6,592,LISTAS,,,
230317,01_021_043,982,699,699,0,6,693,LISTAS,,,
230319,01_021_044,655,458,458,0,6,452,LISTAS,,,
230321,01_021_045,646,451,451,0,1,450,LISTAS,,,
230323,01_021_046,643,421,421,0,5,416,LISTAS,,,
230325,01_021_047,665,435,435,0,5,430,LISTAS,,,
230327,01_021_048,789,631,631,0,6,625,LISTAS,,,
230329,01_021_049,751,587,587,0,2,585,LISTAS,,,
230331,01_021_050,763,545,543,0,3,540,LISTAS,,,
230333,01_021_051,938,666,666,0,6,660,LISTAS,,,
230335,01_021_052,738,514,514,0,7,507,LISTAS,,,
230337,01_021_053,793,559,559,0,5,554,LISTAS,,,
230339,01_021_054,747,566,564,0,4,560,LISTAS,,,
230341,01_021_055,804,594,594,0,3,591,LISTAS,,,
230343,01_021_056,765,486,474,0,3,471,LISTAS,,,
230345,01_021_057,705,499,500,0,11,489,LISTAS,,,
230347,01_021_058,907,695,694,0,2,692,LISTAS,,,
230349,01_021_059,857,647,647,0,3,644,LISTAS,,,
230351,01_021_060,791,611,610,0,4,606,LISTAS,,,
230353,01_021_061,694,529,529,0,5,524,LISTAS,,,
230355,01_021_062,784,522,522,0,7,515,LISTAS,,,
230357,01_021_063,677,501,501,0,5,496,LISTAS,,,
230359,01_021_064,801,546,542,0,3,539,LISTAS,,,
230361,01_021_065,1088,655,655,0,3,652,LISTAS,,,
230363,01_021_066,858,591,591,0,7,584,LISTAS,,,
230365,01_021_067,851,518,515,0,6,509,LISTAS,,,
230367,01_021_068,923,676,673,0,5,668,LISTAS,,,
230369,01_021_069,698,509,509,0,2,507,LISTAS,,,
230371,01_021_070,766,477,477,0,1,476,LISTAS,,,
230373,01_022_001,1072,909,909,0,6,903,LISTAS,,,
230375,01_022_002,913,742,741,0,6,735,LISTAS,,,
230377,01_022_003,1171,989,982,0,6,976,LISTAS,,,
230379,01_022_004,1303,1093,1089,0,3,1086,LISTAS,,,
230381,01_022_005,1350,1160,1160,0,5,1155,LISTAS,,,
230383,01_022_006,1330,1125,1124,0,5,1119,LISTAS,,,
230385,01_022_007,902,687,686,0,8,678,LISTAS,,,
230387,01_022_008,799,562,561,0,5,556,LISTAS,,,
230389,01_022_009,3630,3194,3177,-17,18,3159,LISTAS,,,
230391,01_022_010,619,346,345,0,1,344,LISTAS,,,
230393,01_022_011,1196,873,873,0,4,869,LISTAS,,,
230395,01_022_012,1332,1120,1120,0,8,1112,LISTAS,,,
230397,01_022_013,1159,856,855,0,4,851,LISTAS,,,
230399,01_022_014,1091,881,881,0,4,877,LISTAS,,,
230401,01_022_015,1068,841,841,0,5,836,LISTAS,,,
230403,01_022_016,1207,940,926,0,6,920,LISTAS,,,
230405,01_022_017,981,748,744,0,2,742,LISTAS,,,
230407,01_022_018,1017,713,713,0,3,710,LISTAS,,,
230409,01_022_019,1165,969,969,0,4,965,LISTAS,,,
230411,01_022_020,1164,969,955,0,3,952,LISTAS,,,
230413,01_022_021,1108,893,892,0,2,890,LISTAS,,,
230415,01_022_022,952,817,817,0,1,816,LISTAS,,,
230417,01_022_023,1122,869,869,0,7,862,LISTAS,,,
230419,01_022_024,1341,1090,1087,0,10,1077,LISTAS,,,
230421,01_022_025,1014,822,821,0,6,815,LISTAS,,,
230423,01_022_026,1204,943,940,0,7,933,LISTAS,,,
230425,01_022_027,1199,958,958,0,7,951,LISTAS,,,
230427,01_022_028,1076,855,855,0,7,848,LISTAS,,,
230429,01_022_029,1280,969,969,0,3,966,LISTAS,,,
230431,01_022_030,1154,864,863,0,4,859,LISTAS,,,
230433,01_022_031,1329,1035,1033,0,3,1030,LISTAS,,,
230435,01_022_032,1161,937,935,0,5,930,LISTAS,,,
230437,01_022_033,1200,934,933,0,8,925,LISTAS,,,
230439,01_022_034,1220,914,907,0,9,898,LISTAS,,,
230441,01_022_035,1231,858,858,0,9,849,LISTAS,,,
230443,01_022_036,1357,947,947,0,5,942,LISTAS,,,
230445,01_022_037,1334,958,959,0,15,944,LISTAS,,,
230449,01_023_001,636,463,465,0,19,446,LISTAS,,,
230451,01_023_002,742,522,522,0,6,516,LISTAS,,,
230453,01_023_003,930,684,684,0,4,680,LISTAS,,,
230455,01_023_004,631,486,485,0,2,483,LISTAS,,,
230457,01_023_005,736,555,555,0,3,552,LISTAS,,,
230459,01_023_006,627,498,498,0,4,494,LISTAS,,,
230461,01_023_007,703,491,491,0,2,489,LISTAS,,,
230463,01_023_008,618,456,456,0,2,454,LISTAS,,,
230465,01_023_009,639,441,441,0,4,437,LISTAS,,,
230467,01_023_010,601,418,417,0,1,416,LISTAS,,,
230469,01_023_011,639,468,468,0,2,466,LISTAS,,,
230471,01_023_012,737,536,535,0,7,528,LISTAS,,,
230473,01_023_013,611,477,476,0,8,468,LISTAS,,,
230475,01_023_014,714,472,472,0,6,466,LISTAS,,,
230477,01_023_015,722,486,486,0,3,483,LISTAS,,,
230479,01_023_016,706,525,516,0,3,513,LISTAS,,,
230481,01_023_017,714,481,481,0,4,477,LISTAS,,,
230483,01_023_018,662,436,436,0,5,431,LISTAS,,,
230485,01_023_019,934,738,737,0,12,725,LISTAS,,,
230487,01_023_020,752,528,528,0,5,523,LISTAS,,,
230489,01_023_021,807,489,489,0,7,482,LISTAS,,,
230491,01_023_022,894,668,668,0,8,660,LISTAS,,,
230493,01_023_023,728,528,522,0,7,515,LISTAS,,,
230495,01_023_024,777,559,559,0,6,553,LISTAS,,,
230497,02_001_001,510,369,369,0,3,366,LISTAS,,,
230499,02_002_001,134,85,85,0,3,82,LISTAS,,,
230501,02_003_001,308,192,192,0,5,187,LISTAS,,,
230503,02_004_001,58,45,45,0,0,45,LISTAS,,,
230505,02_005_001,242,151,151,0,1,150,LISTAS,,,
230507,02_006_001,821,525,525,0,4,521,LISTAS,,,
230509,02_007_001,102,66,66,0,0,66,LISTAS,,,
230511,02_008_001,295,173,173,0,0,173,LISTAS,,,
230513,02_009_001,131,99,99,0,1,98,LISTAS,,,
230515,02_010_001,144,93,93,0,5,88,LISTAS,,,
230517,02_011_001,567,349,350,0,12,338,LISTAS,,,
230519,02_012_001,85,56,56,0,0,56,LISTAS,,,
230521,02_013_001,277,177,177,0,0,177,LISTAS,,,
230523,02_014_001,221,107,107,0,0,107,LISTAS,,,
230525,02_015_001,617,411,410,0,4,406,LISTAS,,,
230527,02_016_001,145,85,85,0,4,81,LISTAS,,,
230529,02_017_001,359,193,193,0,1,192,LISTAS,,,
230531,02_018_001,86,63,63,0,0,63,LISTAS,,,
230533,02_019_001,152,105,105,0,0,105,LISTAS,,,
230535,02_020_001,132,79,79,0,0,79,LISTAS,,,
230537,02_021_001,450,309,309,0,3,306,LISTAS,,,
230539,02_022_001,313,197,197,0,1,196,LISTAS,,,
230541,02_023_001,646,442,442,0,4,438,LISTAS,,,
230543,02_023_002,633,404,405,0,13,392,LISTAS,,,
230545,02_023_003,633,416,416,0,7,409,LISTAS,,,
230547,02_024_001,636,428,429,0,12,417,LISTAS,,,
230549,02_025_001,87,50,50,0,0,50,LISTAS,,,
230551,02_026_001,172,115,135,0,37,98,LISTAS,,,
230553,02_027_001,812,531,531,0,4,527,LISTAS,,,
230555,02_028_001,561,383,384,0,11,373,LISTAS,,,
230557,02_029_001,424,302,302,0,4,298,LISTAS,,,
230559,02_030_001,193,117,117,0,2,115,LISTAS,,,
230561,02_031_001,327,239,239,0,2,237,LISTAS,,,
230563,02_032_001,174,102,101,0,0,101,LISTAS,,,
230565,02_033_001,877,598,598,0,1,597,LISTAS,,,
230567,02_034_001,330,216,216,0,6,210,LISTAS,,,
230569,02_035_001,202,124,124,0,2,122,LISTAS,,,
230571,02_036_001,203,147,148,0,8,140,LISTAS,,,
230573,02_036_002,29,25,25,0,1,24,LISTAS,,,
230575,02_036_003,67,48,48,0,0,48,LISTAS,,,
230577,02_037_001,316,203,203,0,3,200,LISTAS,,,
230579,02_038_001,113,75,75,0,1,74,LISTAS,,,
230581,02_039_001,250,158,158,0,1,157,LISTAS,,,
230583,02_040_001,689,464,464,0,2,462,LISTAS,,,
230585,02_040_002,628,453,453,0,4,449,LISTAS,,,
230587,02_040_003,780,577,577,0,4,573,LISTAS,,,
230589,02_040_004,631,475,475,0,6,469,LISTAS,,,
230591,02_041_001,469,276,276,0,3,273,LISTAS,,,
230593,02_041_002,396,214,214,0,5,209,LISTAS,,,
230595,02_042_001,63,39,39,0,0,39,LISTAS,,,
230597,02_043_001,105,62,62,0,0,62,LISTAS,,,
230599,02_044_001,500,294,294,0,1,293,LISTAS,,,
230601,02_045_001,72,51,51,0,0,51,LISTAS,,,
230603,02_046_001,288,154,154,0,3,151,LISTAS,,,
230605,02_047_001,520,384,383,0,0,383,LISTAS,,,
230607,02_048_001,317,195,195,0,1,194,LISTAS,,,
230609,02_049_001,127,98,98,0,0,98,LISTAS,,,
230611,02_050_001,165,94,94,0,1,93,LISTAS,,,
230613,02_051_001,446,247,247,0,3,244,LISTAS,,,
230615,02_052_001,56,31,31,0,0,31,LISTAS,,,
230617,02_053_001,546,325,325,0,3,322,LISTAS,,,
230619,02_054_001,126,85,85,0,2,83,LISTAS,,,
230621,02_055_001,175,116,116,0,1,115,LISTAS,,,
230623,02_056_001,387,215,214,0,6,208,LISTAS,,,
230625,02_057_001,124,88,88,0,0,88,LISTAS,,,
230627,02_058_001,86,45,45,0,1,44,LISTAS,,,
230629,02_059_001,215,122,122,0,1,121,LISTAS,,,
230631,02_060_001,66,35,35,0,1,34,LISTAS,,,
230633,02_061_001,541,341,340,0,1,339,LISTAS,,,
230635,02_062_001,140,96,96,0,1,95,LISTAS,,,
230637,02_063_001,306,179,179,0,4,175,LISTAS,,,
230639,02_064_001,782,405,405,0,13,392,LISTAS,,,
230641,02_064_002,712,449,449,0,8,441,LISTAS,,,
230643,02_065_001,763,542,541,0,1,540,LISTAS,,,
230645,02_066_001,235,153,153,0,1,152,LISTAS,,,
230647,02_067_001,578,372,372,0,6,366,LISTAS,,,
230649,02_068_001,172,108,108,0,1,107,LISTAS,,,
230651,02_069_001,287,174,174,0,6,168,LISTAS,,,
230653,02_070_001,54,46,43,0,1,42,LISTAS,,,
230655,02_071_001,278,176,176,0,1,175,LISTAS,,,
230657,02_072_001,230,143,143,0,2,141,LISTAS,,,
230659,02_073_001,152,103,103,0,5,98,LISTAS,,,
230661,02_074_001,151,128,128,0,5,123,LISTAS,,,
230663,02_075_001,108,72,72,0,4,68,LISTAS,,,
230665,02_076_001,670,434,431,0,12,419,LISTAS,,,
230667,02_077_001,228,154,154,0,0,154,LISTAS,,,
230669,02_078_001,397,219,219,0,0,219,LISTAS,,,
230671,02_079_001,355,245,245,0,3,242,LISTAS,,,
230673,02_079_002,241,148,148,0,3,145,LISTAS,,,
230675,02_080_001,149,80,80,0,0,80,LISTAS,,,
230677,02_081_001,249,132,132,0,0,132,LISTAS,,,
230679,02_082_001,227,128,127,0,1,126,LISTAS,,,
230681,02_083_001,439,282,282,0,10,272,LISTAS,,,
230683,02_083_002,177,121,121,0,1,120,LISTAS,,,
230685,02_084_001,606,421,427,0,35,392,LISTAS,,,
230687,02_084_002,521,316,316,0,4,312,LISTAS,,,
230689,02_084_003,137,69,69,0,3,66,LISTAS,,,
230691,02_085_001,298,177,177,0,8,169,LISTAS,,,
230693,02_086_001,592,410,410,0,5,405,LISTAS,,,
230695,02_087_001,105,76,76,0,3,73,LISTAS,,,
230697,02_088_001,218,112,112,0,1,111,LISTAS,,,
230699,02_089_001,924,621,621,0,6,615,LISTAS,,,
230701,02_089_002,980,692,690,0,4,686,LISTAS,,,
230703,02_089_003,948,646,646,0,4,642,LISTAS,,,
230705,02_089_004,1100,699,699,0,7,692,LISTAS,,,
230707,02_090_001,253,190,189,0,9,180,LISTAS,,,
230709,02_091_001,111,72,72,0,0,72,LISTAS,,,
230711,02_092_001,339,212,212,0,2,210,LISTAS,,,
230713,02_093_001,289,154,154,0,5,149,LISTAS,,,
230715,02_094_001,359,246,246,0,6,240,LISTAS,,,
230717,02_095_001,817,510,510,0,5,505,LISTAS,,,
230719,02_095_002,838,573,573,0,7,566,LISTAS,,,
230721,02_096_001,809,565,565,0,16,549,LISTAS,,,
230723,02_097_001,171,88,88,0,2,86,LISTAS,,,
230725,02_098_001,372,218,218,0,0,218,LISTAS,,,
230727,02_098_002,401,280,280,0,3,277,LISTAS,,,
230729,02_099_001,459,282,282,0,4,278,LISTAS,,,
230731,02_100_001,42,28,28,0,0,28,LISTAS,,,
230733,02_101_001,930,649,649,0,5,644,LISTAS,,,
230735,02_101_002,839,626,626,0,5,621,LISTAS,,,
230737,02_101_003,925,627,627,0,4,623,LISTAS,,,
230739,02_102_001,38,32,32,0,0,32,LISTAS,,,
230741,02_103_001,152,93,93,0,0,93,LISTAS,,,
230743,02_104_001,198,117,117,0,3,114,LISTAS,,,
230745,02_105_001,174,125,125,0,2,123,LISTAS,,,
230747,02_106_001,88,65,65,0,2,63,LISTAS,,,
230749,02_107_001,178,127,127,0,1,126,LISTAS,,,
230751,02_108_001,209,135,135,0,1,134,LISTAS,,,
230753,02_109_001,118,71,71,0,2,69,LISTAS,,,
230755,02_110_001,160,95,94,0,4,90,LISTAS,,,
230757,02_111_001,256,177,177,0,1,176,LISTAS,,,
230759,02_112_001,225,148,148,0,2,146,LISTAS,,,
230761,02_113_001,243,165,165,0,2,163,LISTAS,,,
230763,02_114_001,48,38,38,0,2,36,LISTAS,,,
230765,02_115_001,1096,818,818,0,11,807,LISTAS,,,
230767,02_116_001,141,100,98,0,0,98,LISTAS,,,
230769,02_117_001,367,253,253,0,1,252,LISTAS,,,
230771,02_118_001,532,329,329,0,1,328,LISTAS,,,
230773,02_119_001,697,401,402,0,11,391,LISTAS,,,
230775,02_120_001,156,106,106,0,3,103,LISTAS,,,
230777,02_121_001,56,42,42,0,0,42,LISTAS,,,
230779,02_122_001,78,49,49,0,2,47,LISTAS,,,
230781,02_123_001,90,62,62,0,0,62,LISTAS,,,
230783,02_124_001,184,118,118,0,1,117,LISTAS,,,
230785,02_125_001,140,84,84,0,2,82,LISTAS,,,
230787,02_126_001,388,235,235,0,2,233,LISTAS,,,
230789,02_127_001,162,113,113,0,0,113,LISTAS,,,
230791,02_128_001,92,54,58,0,10,48,LISTAS,,,
230793,02_129_001,188,129,129,0,1,128,LISTAS,,,
230795,02_130_001,236,145,145,0,2,143,LISTAS,,,
230797,02_131_001,141,87,87,0,5,82,LISTAS,,,
230799,02_132_001,128,78,78,0,1,77,LISTAS,,,
230801,02_132_002,77,36,36,0,1,35,LISTAS,,,
230803,02_133_001,102,47,48,0,4,44,LISTAS,,,
230805,02_134_001,161,98,98,0,1,97,LISTAS,,,
230807,02_135_001,251,156,156,0,2,154,LISTAS,,,
230809,02_136_001,237,121,121,0,2,119,LISTAS,,,
230811,02_137_001,884,468,468,0,7,461,LISTAS,,,
230813,02_137_002,837,460,459,0,10,449,LISTAS,,,
230815,02_137_003,905,462,464,0,15,449,LISTAS,,,
230817,02_137_004,1128,689,689,0,3,686,LISTAS,,,
230819,02_137_005,941,592,592,0,8,584,LISTAS,,,
230821,02_137_006,1112,649,646,0,10,636,LISTAS,,,
230823,02_137_007,787,507,507,0,6,501,LISTAS,,,
230825,02_137_008,797,522,522,0,12,510,LISTAS,,,
230827,02_137_009,1199,759,759,0,14,745,LISTAS,,,
230829,02_137_010,707,462,462,0,4,458,LISTAS,,,
230831,02_137_011,745,527,527,0,5,522,LISTAS,,,
230833,02_137_012,1180,550,550,0,13,537,LISTAS,,,
230835,02_137_013,1156,568,570,0,24,546,LISTAS,,,
230837,02_137_014,1084,628,627,0,6,621,LISTAS,,,
230839,02_137_015,1135,649,649,0,12,637,LISTAS,,,
230841,02_137_016,874,471,471,0,10,461,LISTAS,,,
230843,02_137_017,1310,770,770,0,3,767,LISTAS,,,
230845,02_137_018,837,609,608,0,9,599,LISTAS,,,
230847,02_137_019,722,525,525,0,3,522,LISTAS,,,
230849,02_137_020,358,254,254,0,1,253,LISTAS,,,
230851,02_137_021,590,380,377,0,19,358,LISTAS,,,
230853,02_137_022,151,103,103,0,0,103,LISTAS,,,
230855,02_138_001,197,132,132,0,2,130,LISTAS,,,
230858,02_139_001,50,43,43,0,3,40,LISTAS,,,
230856,02_140_001,963,684,684,0,2,682,LISTAS,,,
230861,02_140_002,935,732,733,0,12,721,LISTAS,,,
230863,02_140_003,1042,824,824,0,5,819,LISTAS,,,
230865,02_140_004,1049,789,787,0,8,779,LISTAS,,,
230867,02_140_005,961,758,757,0,5,752,LISTAS,,,
230869,02_141_001,157,87,87,0,1,86,LISTAS,,,
230871,02_142_001,168,99,99,0,3,96,LISTAS,,,
230873,02_143_001,538,387,387,0,1,386,LISTAS,,,
230875,02_144_001,776,442,442,0,3,439,LISTAS,,,
230877,02_145_001,602,427,429,0,16,413,LISTAS,,,
230879,02_145_002,473,256,256,0,3,253,LISTAS,,,
230881,02_146_001,265,176,176,0,2,174,LISTAS,,,
230883,02_147_001,136,96,96,0,0,96,LISTAS,,,
230885,02_148_001,1046,750,750,0,7,743,LISTAS,,,
230887,02_148_002,942,604,604,0,8,596,LISTAS,,,
230889,02_149_001,299,193,193,0,1,192,LISTAS,,,
230891,02_150_001,397,258,258,0,4,254,LISTAS,,,
230893,02_151_001,145,92,92,0,3,89,LISTAS,,,
230895,02_152_001,196,132,132,0,1,131,LISTAS,,,
230897,02_153_001,224,128,128,0,0,128,LISTAS,,,
230899,02_154_001,156,89,89,0,1,88,LISTAS,,,
230901,02_155_001,735,464,464,0,4,460,LISTAS,,,
230903,02_156_001,568,391,391,0,6,385,LISTAS,,,
230905,02_157_001,413,295,295,0,0,295,LISTAS,,,
230907,02_157_002,87,54,54,0,0,54,LISTAS,,,
230909,02_158_001,65,45,45,0,0,45,LISTAS,,,
230911,02_159_001,230,158,158,0,0,158,LISTAS,,,
230913,02_160_001,243,178,178,0,2,176,LISTAS,,,
230915,02_161_001,814,571,571,0,10,561,LISTAS,,,
230917,02_162_001,152,103,103,0,0,103,LISTAS,,,
230919,02_163_001,741,484,484,0,11,473,LISTAS,,,
230921,02_164_001,153,89,89,0,5,84,LISTAS,,,
230923,02_165_001,45,33,33,0,1,32,LISTAS,,,
230925,02_166_001,63,47,47,0,0,47,LISTAS,,,
230927,02_167_001,191,152,152,0,3,149,LISTAS,,,
230929,02_168_001,245,163,163,0,0,163,LISTAS,,,
230931,02_169_001,924,626,626,0,4,622,LISTAS,,,
230933,02_169_002,892,541,539,0,7,532,LISTAS,,,
230935,02_170_001,636,425,425,0,4,421,LISTAS,,,
230937,02_171_001,149,107,107,0,0,107,LISTAS,,,
230939,02_172_001,408,221,221,0,0,221,LISTAS,,,
230941,02_173_001,350,253,253,0,3,250,LISTAS,,,
230943,02_174_001,713,445,446,0,15,431,LISTAS,,,
230945,02_174_002,234,152,152,0,1,151,LISTAS,,,
230947,02_175_001,650,476,475,0,14,461,LISTAS,,,
230949,02_175_002,632,408,408,0,13,395,LISTAS,,,
230951,02_176_001,335,210,210,0,1,209,LISTAS,,,
230953,02_177_001,221,135,136,0,6,130,LISTAS,,,
230955,02_178_001,184,136,136,0,2,134,LISTAS,,,
230957,02_179_001,101,59,59,0,0,59,LISTAS,,,
230959,02_180_001,249,139,139,0,3,136,LISTAS,,,
230961,02_180_002,355,244,244,0,5,239,LISTAS,,,
230963,02_181_001,787,549,549,0,5,544,LISTAS,,,
230965,02_181_002,610,423,424,0,19,405,LISTAS,,,
230967,02_181_003,2117,1802,1803,1,20,1783,LISTAS,,,
230969,02_181_004,838,591,590,0,5,585,LISTAS,,,
230971,02_181_005,552,368,368,0,4,364,LISTAS,,,
230973,02_181_006,609,450,450,0,0,450,LISTAS,,,
230975,02_181_007,792,567,567,0,5,562,LISTAS,,,
230977,02_181_008,658,451,451,0,12,439,LISTAS,,,
230979,02_181_009,606,306,306,0,5,301,LISTAS,,,
230981,02_181_010,920,674,674,0,0,674,LISTAS,,,
230983,02_181_011,720,421,421,0,5,416,LISTAS,,,
230985,02_181_012,854,591,591,0,7,584,LISTAS,,,
230987,02_181_013,680,483,483,0,14,469,LISTAS,,,
230989,02_181_014,739,508,513,0,40,473,LISTAS,,,
230991,02_181_015,787,543,543,0,5,538,LISTAS,,,
230993,02_181_016,787,462,462,0,5,457,LISTAS,,,
230995,02_181_017,758,443,442,0,5,437,LISTAS,,,
230997,02_181_018,753,403,404,0,16,388,LISTAS,,,
230999,02_181_019,780,485,485,0,3,482,LISTAS,,,
231001,02_181_020,98,47,47,0,0,47,LISTAS,,,
231003,02_181_021,169,103,103,0,0,103,LISTAS,,,
231005,02_181_022,61,33,33,0,0,33,LISTAS,,,
231007,02_181_023,443,279,279,0,3,276,LISTAS,,,
231009,02_182_001,142,91,91,0,1,90,LISTAS,,,
231011,02_183_001,140,101,101,0,2,99,LISTAS,,,
231013,02_184_001,468,288,288,0,3,285,LISTAS,,,
231015,02_184_002,221,113,113,0,3,110,LISTAS,,,
231017,02_185_001,142,109,109,0,1,108,LISTAS,,,
231019,02_186_001,103,73,73,0,2,71,LISTAS,,,
231021,02_187_001,442,229,229,0,0,229,LISTAS,,,
231023,02_188_001,230,144,145,0,10,135,LISTAS,,,
231025,02_189_001,571,338,338,0,4,334,LISTAS,,,
231027,02_189_002,576,362,361,0,4,357,LISTAS,,,
231029,02_190_001,742,550,551,0,13,538,LISTAS,,,
231031,02_190_002,805,647,647,0,2,645,LISTAS,,,
231033,02_191_001,554,415,414,0,4,410,LISTAS,,,
231035,02_192_001,293,199,198,0,3,195,LISTAS,,,
231037,02_193_001,527,347,347,0,4,343,LISTAS,,,
231039,02_194_001,255,177,177,0,1,176,LISTAS,,,
231041,02_195_001,237,184,184,0,2,182,LISTAS,,,
231043,02_196_001,93,70,70,0,2,68,LISTAS,,,
231045,02_196_002,95,61,61,0,1,60,LISTAS,,,
231047,02_197_001,178,105,105,0,3,102,LISTAS,,,
231049,02_198_001,114,61,61,0,0,61,LISTAS,,,
231051,02_199_001,63,44,44,0,0,44,LISTAS,,,
231053,02_200_001,478,338,338,0,5,333,LISTAS,,,
231055,02_201_001,230,151,151,0,6,145,LISTAS,,,
231057,02_202_001,860,622,622,0,12,610,LISTAS,,,
231059,02_203_001,235,155,155,0,0,155,LISTAS,,,
231061,02_204_001,99,81,82,0,9,73,LISTAS,,,
231063,02_205_001,311,205,205,0,2,203,LISTAS,,,
231065,02_206_001,275,220,220,0,4,216,LISTAS,,,
231067,02_207_001,118,79,79,0,2,77,LISTAS,,,
231069,02_208_001,66,48,48,0,0,48,LISTAS,,,
231071,02_209_001,210,145,145,0,5,140,LISTAS,,,
231073,02_210_001,661,491,491,0,5,486,LISTAS,,,
231075,02_211_001,256,159,160,0,9,151,LISTAS,,,
231077,02_212_001,135,108,108,0,0,108,LISTAS,,,
231079,02_213_001,1007,701,701,0,2,699,LISTAS,,,
231081,02_213_002,864,635,636,0,7,629,LISTAS,,,
231083,02_214_001,131,104,104,0,6,98,LISTAS,,,
231085,02_215_001,173,119,119,0,0,119,LISTAS,,,
231087,02_216_001,106,70,69,0,1,68,LISTAS,,,
231089,02_217_001,696,476,476,0,5,471,LISTAS,,,
231091,02_217_002,677,465,465,0,2,463,LISTAS,,,
231093,02_217_003,1028,604,604,0,9,595,LISTAS,,,
231095,02_217_004,940,629,627,0,6,621,LISTAS,,,
231097,02_217_005,836,530,529,0,4,525,LISTAS,,,
231099,02_217_006,823,494,494,0,4,490,LISTAS,,,
231101,02_217_007,689,438,437,0,10,427,LISTAS,,,
231103,02_217_008,980,624,624,0,4,620,LISTAS,,,
231105,02_217_009,1031,600,600,0,6,594,LISTAS,,,
231107,02_217_010,623,462,462,0,1,461,LISTAS,,,
231109,02_217_011,1017,547,547,0,4,543,LISTAS,,,
231111,02_217_012,685,462,462,0,2,460,LISTAS,,,
231113,02_217_013,1031,521,521,0,8,513,LISTAS,,,
231115,02_217_014,801,510,510,0,4,506,LISTAS,,,
231117,02_217_015,708,400,405,0,33,372,LISTAS,,,
231119,02_217_016,789,598,598,0,5,593,LISTAS,,,
231121,02_217_017,848,591,591,0,3,588,LISTAS,,,
231123,02_217_018,660,408,408,0,9,399,LISTAS,,,
231125,02_217_019,916,686,687,0,17,670,LISTAS,,,
231127,02_217_020,1145,852,850,0,10,840,LISTAS,,,
231129,02_217_021,1000,753,749,0,7,742,LISTAS,,,
231131,02_217_022,153,129,129,0,1,128,LISTAS,,,
231133,02_217_023,691,425,424,0,3,421,LISTAS,,,
231135,02_217_024,790,526,524,0,3,521,LISTAS,,,
231137,02_217_025,753,591,586,0,9,577,LISTAS,,,
231139,02_217_026,848,649,649,0,5,644,LISTAS,,,
231141,02_217_027,711,551,551,0,2,549,LISTAS,,,
231143,02_217_028,733,511,509,0,7,502,LISTAS,,,
231145,02_217_029,743,487,478,0,9,469,LISTAS,,,
231147,02_217_030,704,464,464,0,6,458,LISTAS,,,
231149,02_217_031,794,575,575,0,4,571,LISTAS,,,
231151,02_217_032,744,567,566,0,4,562,LISTAS,,,
231153,02_217_033,669,477,477,0,4,473,LISTAS,,,
231155,02_217_034,581,429,429,0,1,428,LISTAS,,,
231157,02_217_035,749,592,582,0,7,575,LISTAS,,,
231159,02_217_036,896,637,637,0,2,635,LISTAS,,,
231161,02_217_037,738,491,491,0,5,486,LISTAS,,,
231163,02_217_038,645,408,408,0,1,407,LISTAS,,,
231165,02_217_039,1096,821,821,0,8,813,LISTAS,,,
231167,02_217_040,814,517,517,0,5,512,LISTAS,,,
231169,02_217_041,589,338,339,0,15,324,LISTAS,,,
231171,02_217_042,1500,499,500,0,9,491,LISTAS,,,
231173,02_217_043,601,435,435,0,3,432,LISTAS,,,
231175,02_217_044,1182,864,863,0,7,856,LISTAS,,,
231177,02_217_045,731,508,509,0,11,498,LISTAS,,,
231179,02_217_046,631,462,462,0,4,458,LISTAS,,,
231181,02_217_047,165,118,119,0,6,113,LISTAS,,,
231183,02_217_048,3439,3046,3042,-4,14,3028,LISTAS,,,
231185,02_217_049,716,509,509,0,10,499,LISTAS,,,
231187,02_217_050,710,544,544,0,6,538,LISTAS,,,
231189,02_217_051,930,706,699,0,9,690,LISTAS,,,
231191,02_217_052,936,702,701,0,6,695,LISTAS,,,
231193,02_217_053,633,472,471,0,2,469,LISTAS,,,
231195,02_217_054,662,483,483,0,11,472,LISTAS,,,
231197,02_217_055,703,508,507,0,6,501,LISTAS,,,
231199,02_217_056,1022,724,724,0,8,716,LISTAS,,,
231201,02_217_057,618,452,451,0,3,448,LISTAS,,,
231203,02_217_058,950,660,660,0,10,650,LISTAS,,,
231205,02_217_059,649,512,512,0,3,509,LISTAS,,,
231207,02_217_060,1008,798,798,0,7,791,LISTAS,,,
231209,02_217_061,638,495,496,0,7,489,LISTAS,,,
231211,02_217_062,737,622,603,0,5,598,LISTAS,,,
231213,02_217_063,1016,827,827,0,14,813,LISTAS,,,
231215,02_217_064,824,671,670,0,7,663,LISTAS,,,
231217,02_217_065,1001,792,791,0,3,788,LISTAS,,,
231219,02_217_066,1114,734,733,0,5,728,LISTAS,,,
231221,02_217_067,827,644,643,0,4,639,LISTAS,,,
231223,02_217_068,684,583,582,0,8,574,LISTAS,,,
231225,02_217_069,2944,2565,2568,3,35,2533,LISTAS,,,
231227,02_217_070,650,460,459,0,6,453,LISTAS,,,
231229,02_217_071,720,486,485,0,3,482,LISTAS,,,
231231,02_217_072,914,601,600,0,7,593,LISTAS,,,
231233,02_217_073,968,658,656,0,6,650,LISTAS,,,
231235,02_217_074,739,506,506,0,4,502,LISTAS,,,
231237,02_217_075,827,566,565,0,7,558,LISTAS,,,
231239,02_217_076,919,636,641,0,35,606,LISTAS,,,
231241,02_217_077,886,636,633,0,5,628,LISTAS,,,
231243,02_217_078,676,429,428,0,11,417,LISTAS,,,
231245,02_217_079,626,494,494,0,1,493,LISTAS,,,
231247,02_217_080,621,473,473,0,5,468,LISTAS,,,
231249,02_217_081,1064,814,811,0,8,803,LISTAS,,,
231251,02_217_082,1033,707,711,0,36,675,LISTAS,,,
231253,02_217_083,1044,831,830,0,6,824,LISTAS,,,
231255,02_217_084,873,646,645,0,6,639,LISTAS,,,
231257,02_217_085,914,706,706,0,5,701,LISTAS,,,
231259,02_217_086,737,522,521,0,7,514,LISTAS,,,
231261,02_217_087,979,735,737,0,16,721,LISTAS,,,
231263,02_217_088,1130,939,938,0,7,931,LISTAS,,,
231265,02_217_089,1017,743,740,0,6,734,LISTAS,,,
231267,02_217_090,1150,846,845,0,22,823,LISTAS,,,
231269,02_217_091,954,680,680,0,10,670,LISTAS,,,
231271,02_217_092,792,611,610,0,6,604,LISTAS,,,
231273,02_217_093,693,514,513,0,4,509,LISTAS,,,
231275,02_217_094,601,468,468,0,0,468,LISTAS,,,
231277,02_217_095,706,483,483,0,8,475,LISTAS,,,
231279,02_217_096,772,533,534,0,10,524,LISTAS,,,
231281,02_217_097,953,593,592,0,4,588,LISTAS,,,
231283,02_217_098,743,451,451,0,5,446,LISTAS,,,
231285,02_217_099,674,432,432,0,8,424,LISTAS,,,
231287,02_217_100,923,619,619,0,5,614,LISTAS,,,
231289,02_217_101,984,622,622,0,12,610,LISTAS,,,
231291,02_217_102,772,527,523,0,1,522,LISTAS,,,
231293,02_217_103,920,597,596,0,7,589,LISTAS,,,
231295,02_217_104,672,461,464,0,3,461,LISTAS,,,
231297,02_217_105,721,523,523,0,14,509,LISTAS,,,
231299,02_217_106,774,506,506,0,6,500,LISTAS,,,
231301,02_217_107,712,473,473,0,6,467,LISTAS,,,
231303,02_217_108,691,477,477,0,12,465,LISTAS,,,
231305,02_217_109,645,401,401,0,3,398,LISTAS,,,
231307,02_217_110,899,587,587,0,6,581,LISTAS,,,
231309,02_217_111,876,661,661,0,4,657,LISTAS,,,
231311,02_217_112,901,575,575,0,1,574,LISTAS,,,
231313,02_217_113,855,572,572,0,3,569,LISTAS,,,
231315,02_217_114,829,505,504,0,6,498,LISTAS,,,
231317,02_217_115,861,537,537,0,4,533,LISTAS,,,
231319,02_217_116,808,529,529,0,3,526,LISTAS,,,
231321,02_217_117,735,493,489,0,4,485,LISTAS,,,
231323,02_217_118,688,462,462,0,5,457,LISTAS,,,
231325,02_217_119,789,539,540,0,8,532,LISTAS,,,
231327,02_217_120,601,406,405,0,3,402,LISTAS,,,
231329,02_217_121,944,653,653,0,2,651,LISTAS,,,
231331,02_217_122,993,665,665,0,7,658,LISTAS,,,
231333,02_217_123,1338,964,963,0,6,957,LISTAS,,,
231335,02_217_124,821,532,531,0,4,527,LISTAS,,,
231337,02_217_125,1207,792,792,0,7,785,LISTAS,,,
231339,02_217_126,735,472,472,0,5,467,LISTAS,,,
231341,02_217_127,876,622,622,0,7,615,LISTAS,,,
231343,02_217_128,889,600,601,0,11,590,LISTAS,,,
231345,02_217_129,827,581,580,0,3,577,LISTAS,,,
231347,02_217_130,887,595,592,0,5,587,LISTAS,,,
231349,02_217_131,1064,785,782,0,5,777,LISTAS,,,
231351,02_217_132,766,533,532,0,1,531,LISTAS,,,
231353,02_217_133,749,526,526,0,7,519,LISTAS,,,
231355,02_217_134,616,333,333,0,3,330,LISTAS,,,
231357,02_218_001,83,51,51,0,0,51,LISTAS,,,
231359,02_219_001,80,48,48,0,0,48,LISTAS,,,
231361,02_220_001,622,471,474,0,22,452,LISTAS,,,
231363,02_221_001,1106,780,779,0,9,770,LISTAS,,,
231365,02_221_002,1069,794,794,0,5,789,LISTAS,,,
231367,02_221_003,1008,661,661,0,5,656,LISTAS,,,
231369,02_222_001,177,143,141,0,5,136,LISTAS,,,
231371,02_223_001,1038,751,753,0,11,742,LISTAS,,,
231373,02_224_001,141,91,91,0,4,87,LISTAS,,,
231375,02_225_001,160,116,116,0,1,115,LISTAS,,,
231377,02_226_001,140,71,71,0,2,69,LISTAS,,,
231379,02_227_001,433,329,329,0,4,325,LISTAS,,,
231381,02_228_001,258,155,155,0,1,154,LISTAS,,,
231383,02_229_001,156,118,118,0,2,116,LISTAS,,,
231385,02_230_001,91,62,62,0,5,57,LISTAS,,,
231387,02_231_001,853,492,492,0,1,491,LISTAS,,,
231389,02_231_002,801,556,556,0,6,550,LISTAS,,,
231391,02_231_003,778,498,498,0,6,492,LISTAS,,,
231393,02_232_001,513,357,359,0,15,344,LISTAS,,,
231395,02_233_001,635,405,405,0,7,398,LISTAS,,,
231397,02_233_002,733,412,412,0,5,407,LISTAS,,,
231399,02_233_003,775,509,509,0,7,502,LISTAS,,,
231401,02_234_001,611,431,431,0,2,429,LISTAS,,,
231403,02_234_002,507,321,320,0,2,318,LISTAS,,,
231405,02_234_003,870,503,502,0,9,493,LISTAS,,,
231407,02_234_004,920,577,577,0,1,576,LISTAS,,,
231409,02_234_005,936,618,618,0,3,615,LISTAS,,,
231411,02_234_006,958,645,643,0,2,641,LISTAS,,,
231413,02_234_007,931,601,594,0,3,591,LISTAS,,,
231415,02_234_008,828,577,577,0,5,572,LISTAS,,,
231417,02_234_009,938,554,550,0,8,542,LISTAS,,,
231419,02_235_001,103,67,67,0,1,66,LISTAS,,,
231421,02_236_001,302,169,169,0,2,167,LISTAS,,,
231423,02_237_001,642,431,428,0,15,413,LISTAS,,,
231425,02_237_002,560,405,405,0,6,399,LISTAS,,,
231427,02_238_001,362,225,224,0,4,220,LISTAS,,,
231429,02_239_001,246,138,138,0,1,137,LISTAS,,,
231431,02_240_001,189,124,124,0,1,123,LISTAS,,,
231433,02_240_002,114,71,71,0,0,71,LISTAS,,,
231435,02_241_001,166,96,97,0,7,90,LISTAS,,,
231437,02_242_001,121,91,91,0,2,89,LISTAS,,,
231439,02_243_001,258,152,152,0,0,152,LISTAS,,,
231441,02_243_002,72,48,48,0,0,48,LISTAS,,,
231443,02_244_001,644,423,423,0,3,420,LISTAS,,,
231445,02_245_001,622,473,473,0,6,467,LISTAS,,,
231447,02_246_001,244,150,150,0,2,148,LISTAS,,,
231449,02_247_001,765,537,537,0,4,533,LISTAS,,,
231451,02_247_002,161,107,107,0,0,107,LISTAS,,,
231453,02_248_001,175,123,123,0,2,121,LISTAS,,,
231455,02_249_001,254,144,144,0,1,143,LISTAS,,,
231457,02_250_001,93,67,67,0,3,64,LISTAS,,,
231459,02_251_001,37,24,24,0,0,24,LISTAS,,,
231461,02_252_001,980,598,597,0,9,588,LISTAS,,,
231463,02_252_002,905,633,654,0,94,560,LISTAS,,,
231465,02_253_001,270,176,175,0,5,170,LISTAS,,,
231467,02_254_001,712,494,495,0,6,489,LISTAS,,,
231469,02_254_002,717,433,433,0,12,421,LISTAS,,,
231471,02_255_001,110,57,57,0,3,54,LISTAS,,,
231473,02_256_001,392,265,274,0,48,226,LISTAS,,,
231475,02_257_001,241,145,145,0,2,143,LISTAS,,,
231477,02_258_001,268,179,179,0,7,172,LISTAS,,,
231479,02_259_001,75,49,49,0,0,49,LISTAS,,,
231481,02_260_001,379,234,234,0,3,231,LISTAS,,,
231483,02_260_002,227,157,157,0,1,156,LISTAS,,,
231485,02_261_001,899,644,645,0,9,636,LISTAS,,,
231487,02_261_002,509,332,331,0,1,330,LISTAS,,,
231489,02_261_003,624,409,408,0,1,407,LISTAS,,,
231491,02_261_004,695,507,507,0,2,505,LISTAS,,,
231493,02_261_005,777,498,498,0,7,491,LISTAS,,,
231495,02_261_006,748,486,487,0,10,477,LISTAS,,,
231497,02_261_007,651,439,439,0,4,435,LISTAS,,,
231499,02_261_008,160,85,85,0,0,85,LISTAS,,,
231501,02_262_001,433,280,279,0,4,275,LISTAS,,,
231503,02_263_001,924,613,613,0,5,608,LISTAS,,,
231505,02_263_002,1021,720,719,0,2,717,LISTAS,,,
231507,02_263_003,971,665,665,0,5,660,LISTAS,,,
231509,02_263_004,651,423,424,0,12,412,LISTAS,,,
231511,02_263_005,2187,1836,1824,-12,10,1814,LISTAS,,,
231513,02_263_006,1007,606,606,0,10,596,LISTAS,,,
231515,02_263_007,966,636,636,0,1,635,LISTAS,,,
231517,02_263_008,632,437,437,0,3,434,LISTAS,,,
231519,02_263_009,572,368,367,0,2,365,LISTAS,,,
231521,02_263_010,249,142,142,0,0,142,LISTAS,,,
231523,02_263_011,544,241,241,0,1,240,LISTAS,,,
231525,02_264_001,233,161,161,0,4,157,LISTAS,,,
231527,02_265_001,107,77,77,0,2,75,LISTAS,,,
231529,02_266_001,58,39,39,0,0,39,LISTAS,,,
231531,02_267_001,96,60,60,0,2,58,LISTAS,,,
231533,02_268_001,293,187,188,0,12,176,LISTAS,,,
231535,02_269_001,187,116,116,0,2,114,LISTAS,,,
231537,02_270_001,206,131,131,0,5,126,LISTAS,,,
231539,02_271_001,75,44,44,0,0,44,LISTAS,,,
231541,02_272_001,251,130,130,0,2,128,LISTAS,,,
231543,02_273_001,48,37,37,0,0,37,LISTAS,,,
231545,02_274_001,190,107,107,0,0,107,LISTAS,,,
231547,02_275_001,142,90,90,0,1,89,LISTAS,,,
231549,02_276_001,228,125,125,0,1,124,LISTAS,,,
231551,02_277_001,199,119,119,0,2,117,LISTAS,,,
231553,02_278_001,98,69,69,0,0,69,LISTAS,,,
231555,02_279_001,110,85,84,0,1,83,LISTAS,,,
231557,02_280_001,415,242,244,0,11,233,LISTAS,,,
231559,02_281_001,205,137,137,0,3,134,LISTAS,,,
231561,02_282_001,113,79,80,0,4,76,LISTAS,,,
231563,02_283_001,793,491,491,0,12,479,LISTAS,,,
231565,02_284_001,695,448,443,0,0,443,LISTAS,,,
231567,02_284_002,684,433,433,0,1,432,LISTAS,,,
231569,02_285_001,61,50,50,0,0,50,LISTAS,,,
231571,02_286_001,100,59,59,0,1,58,LISTAS,,,
231573,02_287_001,155,97,97,0,1,96,LISTAS,,,
231575,02_288_001,863,483,483,0,5,478,LISTAS,,,
231577,02_289_001,92,60,60,0,0,60,LISTAS,,,
231579,02_290_001,125,90,90,0,0,90,LISTAS,,,
231581,02_291_001,106,60,60,0,1,59,LISTAS,,,
231583,02_292_001,685,388,388,0,10,378,LISTAS,,,
231585,02_293_001,112,81,81,0,2,79,LISTAS,,,
231587,02_294_001,1066,646,646,0,18,628,LISTAS,,,
231589,02_295_001,870,565,564,0,6,558,LISTAS,,,
231591,02_295_002,783,598,598,0,5,593,LISTAS,,,
231593,02_295_003,153,105,105,0,0,105,LISTAS,,,
231595,02_296_001,189,151,151,0,1,150,LISTAS,,,
231597,02_297_001,654,415,414,0,9,405,LISTAS,,,
231599,02_298_001,193,127,127,0,0,127,LISTAS,,,
231601,02_299_001,251,151,151,0,2,149,LISTAS,,,
231603,02_300_001,342,268,267,0,2,265,LISTAS,,,
231605,02_301_001,227,142,142,0,3,139,LISTAS,,,
231607,03_001_001,1364,988,988,0,5,983,LISTAS,,,
231609,03_001_002,1263,870,870,0,10,860,LISTAS,,,
231611,03_002_001,818,547,542,0,0,542,LISTAS,,,
231613,03_002_002,841,527,523,0,10,513,LISTAS,,,
231615,03_003_001,776,504,504,0,2,502,LISTAS,,,
231617,03_003_002,716,477,477,0,2,475,LISTAS,,,
231619,03_004_001,935,634,633,0,5,628,LISTAS,,,
231621,03_004_002,1146,817,818,0,14,804,LISTAS,,,
231623,03_004_003,807,603,604,0,16,588,LISTAS,,,
231625,03_004_004,972,693,696,0,21,675,LISTAS,,,
231627,03_004_005,956,740,740,0,7,733,LISTAS,,,
231629,03_004_006,1153,852,851,0,9,842,LISTAS,,,
231631,03_004_007,880,653,653,0,2,651,LISTAS,,,
231633,03_004_008,821,579,579,0,3,576,LISTAS,,,
231635,03_004_009,890,604,604,0,2,602,LISTAS,,,
231637,03_004_010,1038,741,741,0,5,736,LISTAS,,,
231639,03_004_011,775,568,568,0,2,566,LISTAS,,,
231641,03_004_012,947,728,728,0,7,721,LISTAS,,,
231643,03_004_013,805,610,609,0,1,608,LISTAS,,,
231645,03_004_014,927,657,657,0,3,654,LISTAS,,,
231647,03_004_015,1111,786,786,0,1,785,LISTAS,,,
231649,03_004_016,1207,838,837,0,8,829,LISTAS,,,
231651,03_004_017,876,639,640,0,10,630,LISTAS,,,
231653,03_004_018,891,612,612,0,6,606,LISTAS,,,
231655,03_004_019,586,431,430,0,5,425,LISTAS,,,
231657,03_004_020,893,524,523,0,8,515,LISTAS,,,
231659,03_004_021,1080,744,741,0,5,736,LISTAS,,,
231661,03_004_022,886,572,572,0,8,564,LISTAS,,,
231663,03_004_023,933,608,607,0,7,600,LISTAS,,,
231665,03_004_024,1008,695,696,0,14,682,LISTAS,,,
231667,03_004_025,829,542,542,0,5,537,LISTAS,,,
231669,03_004_026,764,530,530,0,5,525,LISTAS,,,
231671,03_004_027,917,625,625,0,9,616,LISTAS,,,
231673,03_004_028,668,453,453,0,5,448,LISTAS,,,
231675,03_004_029,1030,662,662,0,2,660,LISTAS,,,
231677,03_004_030,1970,1766,1766,0,9,1757,LISTAS,,,
231679,03_004_031,355,209,208,0,2,206,LISTAS,,,
231681,03_004_032,476,242,242,0,3,239,LISTAS,,,
231683,03_005_001,730,555,555,0,3,552,LISTAS,,,
231685,03_005_002,1141,747,747,0,5,742,LISTAS,,,
231687,03_005_003,1176,898,898,0,6,892,LISTAS,,,
231689,03_006_001,1012,613,609,0,11,598,LISTAS,,,
231691,03_006_002,135,53,53,0,0,53,LISTAS,,,
231693,03_007_001,847,487,487,0,7,480,LISTAS,,,
231695,03_007_002,918,506,506,0,11,495,LISTAS,,,
231697,03_007_003,764,468,468,0,8,460,LISTAS,,,
231699,03_007_004,888,472,472,0,6,466,LISTAS,,,
231701,03_007_005,847,548,548,0,9,539,LISTAS,,,
231703,03_007_006,856,567,567,0,3,564,LISTAS,,,
231705,03_008_001,1052,579,577,0,6,571,LISTAS,,,
231707,03_008_002,1039,603,603,0,11,592,LISTAS,,,
231709,03_009_001,890,507,508,0,3,505,LISTAS,,,
231711,03_010_001,121,85,85,0,1,84,LISTAS,,,
231713,03_011_001,253,142,142,0,1,141,LISTAS,,,
231715,03_012_001,643,418,420,0,17,403,LISTAS,,,
231717,03_012_002,565,388,387,0,1,386,LISTAS,,,
231719,03_013_001,800,557,557,0,11,546,LISTAS,,,
231721,03_013_002,826,506,505,0,11,494,LISTAS,,,
231723,03_014_001,995,599,599,0,6,593,LISTAS,,,
231725,03_015_001,710,475,475,0,5,470,LISTAS,,,
231727,03_015_002,707,486,484,0,10,474,LISTAS,,,
231729,03_016_001,920,611,610,0,6,604,LISTAS,,,
231731,03_016_002,898,604,604,0,3,601,LISTAS,,,
231733,03_016_003,320,219,219,0,4,215,LISTAS,,,
231736,03_017_001,204,141,141,0,4,137,LISTAS,,,
231734,03_018_001,611,364,364,0,4,360,LISTAS,,,
231739,03_018_002,600,397,396,0,5,391,LISTAS,,,
231741,03_018_003,623,439,438,0,9,429,LISTAS,,,
231743,03_019_001,554,370,370,0,3,367,LISTAS,,,
231745,03_019_002,584,352,352,0,4,348,LISTAS,,,
231747,03_020_001,628,408,408,0,4,404,LISTAS,,,
231749,03_020_002,755,439,439,0,7,432,LISTAS,,,
231751,03_021_001,827,587,587,0,6,581,LISTAS,,,
231753,03_021_002,838,539,539,0,4,535,LISTAS,,,
231755,03_022_001,622,357,357,0,5,352,LISTAS,,,
231757,03_023_001,671,448,447,0,4,443,LISTAS,,,
231759,03_023_002,573,406,406,0,0,406,LISTAS,,,
231761,03_024_001,802,434,434,0,6,428,LISTAS,,,
231763,03_024_002,781,468,468,0,4,464,LISTAS,,,
231765,03_025_001,264,164,163,0,1,162,LISTAS,,,
231767,03_026_001,591,342,342,0,3,339,LISTAS,,,
231769,03_026_002,606,362,362,0,2,360,LISTAS,,,
231771,03_027_001,709,483,482,0,10,472,LISTAS,,,
231773,03_028_001,849,494,493,0,3,490,LISTAS,,,
231775,03_028_002,821,596,596,0,5,591,LISTAS,,,
231777,03_028_003,929,573,570,0,6,564,LISTAS,,,
231779,03_029_001,620,375,375,0,1,374,LISTAS,,,
231781,03_030_001,455,291,290,0,3,287,LISTAS,,,
231783,03_031_001,748,489,489,0,9,480,LISTAS,,,
231785,03_031_002,774,481,481,0,3,478,LISTAS,,,
231787,03_031_003,760,454,454,0,3,451,LISTAS,,,
231789,03_031_004,762,415,415,0,4,411,LISTAS,,,
231791,03_032_001,734,567,564,0,9,555,LISTAS,,,
231793,03_032_002,836,542,540,0,3,537,LISTAS,,,
231795,03_032_003,810,556,556,0,7,549,LISTAS,,,
231797,03_033_001,1069,682,682,0,9,673,LISTAS,,,
231799,03_033_002,1197,741,741,0,10,731,LISTAS,,,
231801,03_034_001,479,295,295,0,4,291,LISTAS,,,
231803,03_035_001,711,463,463,0,9,454,LISTAS,,,
231805,03_035_002,580,379,379,0,4,375,LISTAS,,,
231807,03_036_001,757,528,528,0,3,525,LISTAS,,,
231809,03_037_001,896,563,563,0,6,557,LISTAS,,,
231811,03_037_002,613,389,388,0,5,383,LISTAS,,,
231813,03_038_001,666,441,441,0,7,434,LISTAS,,,
231815,03_038_002,564,384,383,0,2,381,LISTAS,,,
231817,03_039_001,690,486,486,0,4,482,LISTAS,,,
231819,03_040_001,909,655,655,0,3,652,LISTAS,,,
231821,03_041_001,910,513,512,0,5,507,LISTAS,,,
231823,03_041_002,911,563,563,0,2,561,LISTAS,,,
231825,03_042_001,683,401,401,0,1,400,LISTAS,,,
231827,03_042_002,872,499,499,0,12,487,LISTAS,,,
231829,03_043_001,736,513,513,0,5,508,LISTAS,,,
231831,03_044_001,744,498,498,0,6,492,LISTAS,,,
231833,03_045_001,841,540,540,0,6,534,LISTAS,,,
231835,03_045_002,800,564,563,0,5,558,LISTAS,,,
231837,03_045_003,675,450,450,0,10,440,LISTAS,,,
231839,03_046_001,649,475,475,0,6,469,LISTAS,,,
231841,03_047_001,793,595,594,0,12,582,LISTAS,,,
231843,03_047_002,884,621,621,0,6,615,LISTAS,,,
231845,03_047_003,896,643,643,0,12,631,LISTAS,,,
231847,03_047_004,65,39,39,0,0,39,LISTAS,,,
231849,03_047_005,71,38,38,0,0,38,LISTAS,,,
231851,03_048_001,1427,1010,1010,0,7,1003,LISTAS,,,
231853,03_048_002,1209,838,838,0,11,827,LISTAS,,,
231855,03_048_003,1165,715,715,0,11,704,LISTAS,,,
231857,03_049_001,810,481,481,0,2,479,LISTAS,,,
231859,03_049_002,756,449,447,0,4,443,LISTAS,,,
231861,03_050_001,605,401,401,0,2,399,LISTAS,,,
231863,03_050_002,181,116,116,0,1,115,LISTAS,,,
231865,03_050_003,117,63,63,0,1,62,LISTAS,,,
231867,03_050_004,137,99,99,0,0,99,LISTAS,,,
231869,03_051_001,498,332,332,0,5,327,LISTAS,,,
231871,03_052_001,761,502,502,0,3,499,LISTAS,,,
231873,03_052_002,1021,659,659,0,1,658,LISTAS,,,
231875,03_052_003,802,543,543,0,5,538,LISTAS,,,
231877,03_052_004,848,451,451,0,3,448,LISTAS,,,
231879,03_052_005,925,584,585,0,8,577,LISTAS,,,
231881,03_052_006,257,157,157,0,0,157,LISTAS,,,
231883,03_053_001,1112,770,770,0,16,754,LISTAS,,,
231885,03_053_002,1016,711,712,0,16,696,LISTAS,,,
231887,03_054_001,833,499,499,0,10,489,LISTAS,,,
231889,03_054_002,875,592,592,0,3,589,LISTAS,,,
231891,03_054_003,856,481,481,0,4,477,LISTAS,,,
231893,03_054_004,816,442,441,0,7,434,LISTAS,,,
231895,03_054_005,836,452,452,0,9,443,LISTAS,,,
231897,03_054_006,782,524,524,0,7,517,LISTAS,,,
231899,03_054_007,767,467,467,0,6,461,LISTAS,,,
231901,03_054_008,894,528,528,0,7,521,LISTAS,,,
231903,03_055_001,1049,708,708,0,6,702,LISTAS,,,
231905,03_055_002,940,646,646,0,8,638,LISTAS,,,
231907,03_056_001,848,570,570,0,2,568,LISTAS,,,
231909,03_056_002,791,559,559,0,4,555,LISTAS,,,
231911,03_056_003,856,635,635,0,6,629,LISTAS,,,
231913,03_056_004,719,485,485,0,1,484,LISTAS,,,
231915,03_056_005,691,493,493,0,8,485,LISTAS,,,
231917,03_056_006,864,581,578,0,8,570,LISTAS,,,
231919,03_056_007,690,473,473,0,4,469,LISTAS,,,
231921,03_056_008,815,537,537,0,4,533,LISTAS,,,
231923,03_056_009,1882,1733,1726,-7,6,1720,LISTAS,,,
231925,03_056_010,730,451,451,0,7,444,LISTAS,,,
231927,03_056_011,747,472,472,0,3,469,LISTAS,,,
231929,03_056_012,632,502,502,0,9,493,LISTAS,,,
231931,03_056_013,912,655,655,0,1,654,LISTAS,,,
231933,03_056_014,712,518,518,0,5,513,LISTAS,,,
231935,03_056_015,751,600,600,0,8,592,LISTAS,,,
231937,03_056_016,741,574,574,0,4,570,LISTAS,,,
231939,03_056_017,716,486,486,0,7,479,LISTAS,,,
231941,03_057_001,781,526,526,0,5,521,LISTAS,,,
231943,03_058_001,709,388,388,0,2,386,LISTAS,,,
231945,03_058_002,685,394,394,0,9,385,LISTAS,,,
231947,03_059_001,1028,647,646,0,4,642,LISTAS,,,
231949,03_059_002,954,592,592,0,8,584,LISTAS,,,
231951,03_059_003,746,560,557,0,9,548,LISTAS,,,
231953,03_059_004,701,519,518,0,13,505,LISTAS,,,
231955,03_059_005,883,620,619,0,4,615,LISTAS,,,
231957,03_059_006,965,674,674,0,5,669,LISTAS,,,
231959,03_059_007,584,328,328,0,3,325,LISTAS,,,
231961,03_059_008,712,490,490,0,5,485,LISTAS,,,
231963,03_060_001,748,611,611,0,5,606,LISTAS,,,
231965,03_060_002,1073,898,897,0,4,893,LISTAS,,,
231967,03_060_003,782,614,614,0,5,609,LISTAS,,,
231969,03_060_004,858,687,687,0,1,686,LISTAS,,,
231971,03_060_005,567,455,455,0,3,452,LISTAS,,,
231973,03_060_006,1087,742,742,0,9,733,LISTAS,,,
231975,03_060_007,970,690,688,0,9,679,LISTAS,,,
231977,03_060_008,1219,760,759,0,8,751,LISTAS,,,
231979,03_060_009,919,730,730,0,8,722,LISTAS,,,
231981,03_060_010,843,665,654,0,3,651,LISTAS,,,
231983,03_060_011,1083,805,805,0,7,798,LISTAS,,,
231985,03_060_012,741,531,531,0,3,528,LISTAS,,,
231987,03_060_013,742,569,567,0,1,566,LISTAS,,,
231989,03_060_014,812,605,610,0,35,575,LISTAS,,,
231991,03_060_015,820,600,599,0,9,590,LISTAS,,,
231993,03_060_016,824,635,635,0,7,628,LISTAS,,,
231995,03_060_017,693,495,496,0,9,487,LISTAS,,,
231997,03_060_018,587,379,379,0,6,373,LISTAS,,,
231999,03_060_019,1112,859,858,0,3,855,LISTAS,,,
232001,03_060_020,767,510,507,0,4,503,LISTAS,,,
232003,03_060_021,797,519,519,0,5,514,LISTAS,,,
232005,03_060_022,857,616,616,0,4,612,LISTAS,,,
232007,03_060_023,824,545,542,0,9,533,LISTAS,,,
232009,03_060_024,913,591,591,0,10,581,LISTAS,,,
232011,03_060_025,530,322,322,0,3,319,LISTAS,,,
232013,03_060_026,925,599,598,0,4,594,LISTAS,,,
232015,03_060_027,732,535,535,0,14,521,LISTAS,,,
232017,03_060_028,963,681,680,0,7,673,LISTAS,,,
232019,03_060_029,1038,741,742,0,9,733,LISTAS,,,
232021,03_060_030,805,591,591,0,1,590,LISTAS,,,
232023,03_060_031,757,590,590,0,5,585,LISTAS,,,
232025,03_060_032,946,652,651,0,0,651,LISTAS,,,
232027,03_060_033,703,516,516,0,4,512,LISTAS,,,
232029,03_060_034,1015,659,658,0,5,653,LISTAS,,,
232031,03_060_035,776,556,556,0,5,551,LISTAS,,,
232033,03_060_036,957,709,708,0,3,705,LISTAS,,,
232035,03_060_037,970,638,637,0,9,628,LISTAS,,,
232037,03_060_038,823,585,585,0,5,580,LISTAS,,,
232039,03_060_039,642,479,479,0,3,476,LISTAS,,,
232041,03_060_040,908,741,739,0,3,736,LISTAS,,,
232043,03_060_041,1027,834,835,0,13,822,LISTAS,,,
232045,03_060_042,798,639,639,0,3,636,LISTAS,,,
232047,03_060_043,1049,773,772,0,13,759,LISTAS,,,
232049,03_060_044,1037,738,738,0,7,731,LISTAS,,,
232051,03_060_045,2120,1864,1863,-1,9,1854,LISTAS,,,
232053,03_060_046,996,717,723,0,43,680,LISTAS,,,
232057,03_060_048,964,711,711,0,3,708,LISTAS,,,
232059,03_060_049,789,572,572,0,7,565,LISTAS,,,
232061,03_060_050,2331,2086,2080,-6,16,2064,LISTAS,,,
232063,03_060_051,693,495,494,0,4,490,LISTAS,,,
232065,03_060_052,964,673,673,0,5,668,LISTAS,,,
232067,03_060_053,987,747,746,0,4,742,LISTAS,,,
232069,03_060_054,801,563,563,0,5,558,LISTAS,,,
232071,03_060_055,805,340,340,0,4,336,LISTAS,,,
232073,03_060_056,661,311,311,0,9,302,LISTAS,,,
232075,03_060_057,797,555,554,0,5,549,LISTAS,,,
232077,03_060_058,1082,802,802,0,7,795,LISTAS,,,
232079,03_060_059,898,702,702,0,4,698,LISTAS,,,
232081,03_060_060,545,415,415,0,3,412,LISTAS,,,
232083,03_060_061,640,480,481,0,7,474,LISTAS,,,
232085,03_060_062,818,603,602,0,5,597,LISTAS,,,
232087,03_060_063,744,509,508,0,11,497,LISTAS,,,
232089,03_060_064,1030,758,755,0,5,750,LISTAS,,,
232091,03_060_065,862,633,633,0,4,629,LISTAS,,,
232093,03_060_066,852,589,591,0,16,575,LISTAS,,,
232095,03_060_067,972,745,744,0,4,740,LISTAS,,,
232097,03_060_068,577,322,322,0,4,318,LISTAS,,,
232099,03_060_069,937,644,644,0,6,638,LISTAS,,,
232101,03_060_070,1034,703,702,0,5,697,LISTAS,,,
232103,03_060_071,657,329,329,0,3,326,LISTAS,,,
232105,03_060_072,808,519,519,0,4,515,LISTAS,,,
232107,03_060_073,1152,696,696,0,13,683,LISTAS,,,
232109,03_060_074,1018,766,765,0,3,762,LISTAS,,,
232111,03_060_075,1289,966,966,0,7,959,LISTAS,,,
232113,03_060_076,819,553,551,0,5,546,LISTAS,,,
232115,03_060_077,767,522,521,0,5,516,LISTAS,,,
232117,03_060_078,595,409,409,0,3,406,LISTAS,,,
232119,03_060_079,887,609,607,0,3,604,LISTAS,,,
232121,03_060_080,659,451,451,0,2,449,LISTAS,,,
232123,03_060_081,805,583,583,0,4,579,LISTAS,,,
232125,03_060_082,1050,703,703,0,8,695,LISTAS,,,
232127,03_060_083,683,375,375,0,7,368,LISTAS,,,
232129,03_060_084,677,475,475,0,4,471,LISTAS,,,
232131,03_060_085,1144,700,699,0,7,692,LISTAS,,,
232133,03_060_086,700,409,409,0,4,405,LISTAS,,,
232135,03_060_087,1002,751,749,0,6,743,LISTAS,,,
232137,03_060_088,1055,759,759,0,6,753,LISTAS,,,
232139,03_060_089,1201,663,663,0,6,657,LISTAS,,,
232141,03_060_090,1074,709,709,0,3,706,LISTAS,,,
232143,03_060_091,580,356,356,0,5,351,LISTAS,,,
232145,03_060_092,1071,836,836,0,9,827,LISTAS,,,
232147,03_060_093,939,702,705,0,19,686,LISTAS,,,
232149,03_060_094,886,709,707,0,1,706,LISTAS,,,
232151,03_060_095,634,347,347,0,4,343,LISTAS,,,
232153,03_060_096,565,358,358,0,3,355,LISTAS,,,
232155,03_060_097,672,529,529,0,3,526,LISTAS,,,
232157,03_060_098,716,481,481,0,3,478,LISTAS,,,
232159,03_060_099,759,392,392,0,3,389,LISTAS,,,
232161,03_061_001,573,340,341,0,14,327,LISTAS,,,
232163,03_061_002,650,419,419,0,6,413,LISTAS,,,
232165,03_061_003,667,376,376,0,10,366,LISTAS,,,
232167,03_061_004,104,50,50,0,2,48,LISTAS,,,
232169,03_062_001,1051,720,719,0,10,709,LISTAS,,,
232171,03_062_002,953,669,669,0,5,664,LISTAS,,,
232173,03_062_003,943,671,671,0,6,665,LISTAS,,,
232175,03_062_004,965,652,652,0,3,649,LISTAS,,,
232177,03_062_005,1108,708,708,0,4,704,LISTAS,,,
232179,03_063_001,346,198,198,0,3,195,LISTAS,,,
232181,03_064_001,623,428,425,0,7,418,LISTAS,,,
232183,03_064_002,595,427,426,0,4,422,LISTAS,,,
232185,03_064_003,661,517,517,0,5,512,LISTAS,,,
232187,03_064_004,637,483,481,0,6,475,LISTAS,,,
232189,03_064_005,636,489,489,0,4,485,LISTAS,,,
232191,03_064_006,693,551,551,0,7,544,LISTAS,,,
232193,03_064_007,702,581,579,0,4,575,LISTAS,,,
232195,03_064_008,797,557,557,0,10,547,LISTAS,,,
232197,03_064_009,667,522,523,0,9,514,LISTAS,,,
232199,03_064_010,671,501,501,0,7,494,LISTAS,,,
232201,03_064_011,734,525,533,0,50,483,LISTAS,,,
232203,03_064_012,696,480,477,0,2,475,LISTAS,,,
232205,03_064_013,755,446,448,0,17,431,LISTAS,,,
232207,03_064_014,768,568,568,0,5,563,LISTAS,,,
232209,03_064_015,647,497,497,0,1,496,LISTAS,,,
232211,03_064_016,721,561,561,0,9,552,LISTAS,,,
232213,03_065_001,833,626,626,0,10,616,LISTAS,,,
232215,03_065_002,667,529,529,0,4,525,LISTAS,,,
232217,03_065_003,821,571,571,0,7,564,LISTAS,,,
232219,03_065_004,745,494,494,0,4,490,LISTAS,,,
232221,03_065_005,749,543,543,0,7,536,LISTAS,,,
232223,03_065_006,733,500,499,0,11,488,LISTAS,,,
232225,03_065_007,870,672,673,0,11,662,LISTAS,,,
232227,03_065_008,640,427,427,0,4,423,LISTAS,,,
232229,03_065_009,655,439,439,0,5,434,LISTAS,,,
232231,03_065_010,807,605,607,0,17,590,LISTAS,,,
232233,03_065_011,820,592,592,0,8,584,LISTAS,,,
232235,03_065_012,710,402,402,0,2,400,LISTAS,,,
232237,03_065_013,684,472,472,0,4,468,LISTAS,,,
232239,03_065_014,964,621,620,0,5,615,LISTAS,,,
232241,03_065_015,817,538,536,0,7,529,LISTAS,,,
232243,03_065_016,1062,755,754,0,7,747,LISTAS,,,
232245,03_065_017,946,644,644,0,4,640,LISTAS,,,
232247,03_065_018,1630,1452,1449,-3,12,1437,LISTAS,,,
232249,03_065_019,280,179,179,0,1,178,LISTAS,,,
232251,03_065_020,832,475,475,0,5,470,LISTAS,,,
232253,03_065_021,958,611,611,0,3,608,LISTAS,,,
232255,03_065_022,409,267,267,0,2,265,LISTAS,,,
232257,03_065_023,654,437,435,0,1,434,LISTAS,,,
232259,03_065_024,678,474,474,0,6,468,LISTAS,,,
232261,03_065_025,796,546,545,0,7,538,LISTAS,,,
232263,03_065_026,838,648,648,0,9,639,LISTAS,,,
232265,03_065_027,778,559,559,0,8,551,LISTAS,,,
232267,03_065_028,829,567,562,0,8,554,LISTAS,,,
232269,03_065_029,653,344,340,0,0,340,LISTAS,,,
232271,03_065_030,728,497,498,0,8,490,LISTAS,,,
232273,03_065_031,1066,672,671,0,11,660,LISTAS,,,
232275,03_066_001,619,385,384,0,2,382,LISTAS,,,
232277,03_066_002,556,356,355,0,1,354,LISTAS,,,
232279,03_066_003,728,388,388,0,7,381,LISTAS,,,
232281,03_066_004,1028,510,510,0,4,506,LISTAS,,,
232283,03_066_005,882,710,710,0,1,709,LISTAS,,,
232285,03_066_006,711,537,537,0,7,530,LISTAS,,,
232287,03_066_007,610,420,419,0,2,417,LISTAS,,,
232289,03_066_008,2434,2081,2075,-6,7,2068,LISTAS,,,
232291,03_066_009,777,562,562,0,0,562,LISTAS,,,
232293,03_066_010,1112,529,529,0,5,524,LISTAS,,,
232295,03_066_011,798,495,495,0,11,484,LISTAS,,,
232297,03_066_012,714,456,456,0,2,454,LISTAS,,,
232299,03_066_013,878,638,637,0,7,630,LISTAS,,,
232301,03_066_014,651,380,378,0,3,375,LISTAS,,,
232303,03_066_015,684,520,519,0,4,515,LISTAS,,,
232305,03_066_016,637,470,470,0,9,461,LISTAS,,,
232307,03_066_017,601,422,420,0,5,415,LISTAS,,,
232309,03_066_018,803,511,511,0,4,507,LISTAS,,,
232311,03_066_019,600,379,379,0,2,377,LISTAS,,,
232313,03_066_020,652,449,449,0,3,446,LISTAS,,,
232315,03_066_021,635,426,426,0,3,423,LISTAS,,,
232317,03_066_022,643,454,453,0,3,450,LISTAS,,,
232319,03_066_023,582,375,373,0,4,369,LISTAS,,,
232321,03_066_024,653,400,399,0,6,393,LISTAS,,,
232323,03_066_025,655,449,451,0,14,437,LISTAS,,,
232325,03_066_026,619,446,446,0,2,444,LISTAS,,,
232327,03_066_027,682,423,424,0,8,416,LISTAS,,,
232329,03_066_028,599,356,356,0,1,355,LISTAS,,,
232331,03_066_029,806,463,462,0,6,456,LISTAS,,,
232333,03_066_030,768,427,427,0,4,423,LISTAS,,,
232335,03_067_001,841,562,561,0,10,551,LISTAS,,,
232337,03_067_002,802,533,533,0,5,528,LISTAS,,,
232339,03_067_003,1010,674,672,0,3,669,LISTAS,,,
232341,03_067_004,1029,728,726,0,6,720,LISTAS,,,
232343,03_067_005,1116,699,699,0,10,689,LISTAS,,,
232345,03_067_006,1119,696,694,0,5,689,LISTAS,,,
232347,03_067_007,1107,639,638,0,9,629,LISTAS,,,
232349,03_067_008,1162,714,713,0,11,702,LISTAS,,,
232351,03_067_009,218,112,112,0,2,110,LISTAS,,,
232353,03_067_010,382,252,252,0,7,245,LISTAS,,,
232355,03_068_001,230,119,119,0,5,114,LISTAS,,,
232357,03_068_002,859,539,539,0,3,536,LISTAS,,,
232359,03_068_003,823,504,504,0,3,501,LISTAS,,,
232361,03_069_001,549,396,396,0,3,393,LISTAS,,,
232363,03_070_001,1152,704,704,0,11,693,LISTAS,,,
232365,03_071_001,559,317,317,0,6,311,LISTAS,,,
232367,03_071_002,618,377,377,0,3,374,LISTAS,,,
232369,03_072_001,522,342,342,0,4,338,LISTAS,,,
232371,03_073_001,957,641,641,0,1,640,LISTAS,,,
232373,03_073_002,756,525,525,0,6,519,LISTAS,,,
232375,03_073_003,109,67,67,0,0,67,LISTAS,,,
232377,03_074_001,575,401,401,0,7,394,LISTAS,,,
232379,03_075_001,1367,1000,1000,0,8,992,LISTAS,,,
232381,03_076_001,769,536,536,0,4,532,LISTAS,,,
232383,03_076_002,946,633,633,0,4,629,LISTAS,,,
232385,03_076_003,747,448,448,0,1,447,LISTAS,,,
232387,03_076_004,792,571,571,0,5,566,LISTAS,,,
232389,03_076_005,872,675,675,0,3,672,LISTAS,,,
232391,03_076_006,986,741,742,0,26,716,LISTAS,,,
232393,03_076_007,1087,744,744,0,7,737,LISTAS,,,
232395,03_076_008,323,200,200,0,2,198,LISTAS,,,
232397,03_077_001,1371,870,870,0,14,856,LISTAS,,,
232399,03_078_001,1008,719,718,0,8,710,LISTAS,,,
232401,03_078_002,989,752,752,0,3,749,LISTAS,,,
232403,03_078_003,1089,797,799,0,17,782,LISTAS,,,
232405,03_078_004,1140,695,695,0,3,692,LISTAS,,,
232407,03_078_005,1209,684,684,0,14,670,LISTAS,,,
232409,03_078_006,1196,801,801,0,12,789,LISTAS,,,
232411,03_078_007,1284,745,747,0,19,728,LISTAS,,,
232413,03_078_008,576,349,349,0,5,344,LISTAS,,,
232415,03_078_009,555,325,325,0,2,323,LISTAS,,,
232417,03_079_001,784,544,544,0,8,536,LISTAS,,,
232419,03_079_002,586,425,425,0,2,423,LISTAS,,,
232421,03_079_003,986,651,651,0,0,651,LISTAS,,,
232423,03_079_004,1106,754,754,0,5,749,LISTAS,,,
232425,03_079_005,370,209,209,0,3,206,LISTAS,,,
232427,03_080_001,746,417,417,0,3,414,LISTAS,,,
232429,03_080_002,763,439,439,0,5,434,LISTAS,,,
232431,03_080_003,729,374,374,0,6,368,LISTAS,,,
232433,03_081_001,397,238,238,0,2,236,LISTAS,,,
232435,03_082_001,767,482,482,0,4,478,LISTAS,,,
232437,03_082_002,760,494,494,0,5,489,LISTAS,,,
232439,03_082_003,768,468,466,0,10,456,LISTAS,,,
232441,03_082_004,802,456,456,0,4,452,LISTAS,,,
232443,03_082_005,788,398,398,0,10,388,LISTAS,,,
232445,03_082_006,95,57,57,0,1,56,LISTAS,,,
232447,03_083_001,670,376,376,0,1,375,LISTAS,,,
232449,03_083_002,655,444,444,0,3,441,LISTAS,,,
232451,03_084_001,350,255,254,0,2,252,LISTAS,,,
232453,03_085_001,941,537,537,0,6,531,LISTAS,,,
232455,03_085_002,874,496,497,0,17,480,LISTAS,,,
232457,03_086_001,837,482,481,0,9,472,LISTAS,,,
232459,03_086_002,584,385,382,0,14,368,LISTAS,,,
232461,03_087_001,930,678,678,0,5,673,LISTAS,,,
232463,03_087_002,894,605,605,0,7,598,LISTAS,,,
232465,03_088_001,350,262,262,0,1,261,LISTAS,,,
232467,03_089_001,933,598,597,0,8,589,LISTAS,,,
232469,03_089_002,868,568,568,0,8,560,LISTAS,,,
232471,03_089_003,814,459,459,0,2,457,LISTAS,,,
232473,03_090_001,602,367,367,0,2,365,LISTAS,,,
232475,03_091_001,896,643,644,0,25,619,LISTAS,,,
232477,03_092_001,719,449,449,0,10,439,LISTAS,,,
232479,03_092_002,678,422,422,0,7,415,LISTAS,,,
232481,03_093_001,626,452,452,0,3,449,LISTAS,,,
232483,03_093_002,558,330,330,0,10,320,LISTAS,,,
232485,03_094_001,766,534,533,0,5,528,LISTAS,,,
232487,03_095_001,1006,530,530,0,8,522,LISTAS,,,
232489,03_096_001,671,469,469,0,2,467,LISTAS,,,
232491,03_096_002,910,597,597,0,6,591,LISTAS,,,
232493,03_096_003,661,468,467,0,5,462,LISTAS,,,
232495,03_096_004,839,582,582,0,1,581,LISTAS,,,
232497,03_096_005,943,617,617,0,7,610,LISTAS,,,
232499,03_096_006,1004,663,662,0,10,652,LISTAS,,,
232502,03_097_001,1031,655,655,0,4,651,LISTAS,,,
232500,03_098_001,1092,833,831,0,8,823,LISTAS,,,
232505,03_098_002,1146,801,801,0,8,793,LISTAS,,,
232507,03_098_003,863,599,599,0,8,591,LISTAS,,,
232509,03_098_004,903,588,587,0,5,582,LISTAS,,,
232511,03_098_005,859,557,557,0,8,549,LISTAS,,,
232513,03_098_006,809,542,542,0,7,535,LISTAS,,,
232515,03_099_001,988,653,652,0,3,649,LISTAS,,,
232517,03_099_002,913,603,603,0,6,597,LISTAS,,,
232519,03_099_003,977,596,596,0,7,589,LISTAS,,,
232521,03_100_001,599,370,370,0,7,363,LISTAS,,,
232523,03_100_002,676,397,397,0,0,397,LISTAS,,,
232525,03_100_003,682,412,412,0,6,406,LISTAS,,,
232527,03_100_004,623,364,364,0,2,362,LISTAS,,,
232529,03_100_005,655,363,363,0,3,360,LISTAS,,,
232531,03_100_006,672,391,391,0,3,388,LISTAS,,,
232533,03_100_007,693,452,452,0,2,450,LISTAS,,,
232535,03_100_008,274,141,141,0,0,141,LISTAS,,,
232537,03_101_001,936,598,597,0,14,583,LISTAS,,,
232539,03_102_001,748,470,470,0,3,467,LISTAS,,,
232541,03_102_002,852,555,554,0,7,547,LISTAS,,,
232543,03_102_003,706,492,491,0,6,485,LISTAS,,,
232545,03_103_001,966,673,673,0,4,669,LISTAS,,,
232547,03_103_002,888,618,618,0,6,612,LISTAS,,,
232549,03_104_001,577,405,405,0,4,401,LISTAS,,,
232551,03_104_002,885,732,732,0,13,719,LISTAS,,,
232553,03_105_001,1104,683,683,0,9,674,LISTAS,,,
232555,03_106_001,867,613,613,0,10,603,LISTAS,,,
232557,03_107_001,1086,740,739,0,3,736,LISTAS,,,
232559,03_107_002,1147,697,697,0,3,694,LISTAS,,,
232561,03_108_001,950,559,559,0,4,555,LISTAS,,,
232563,03_109_001,652,470,470,0,8,462,LISTAS,,,
232565,03_109_002,692,456,455,0,10,445,LISTAS,,,
232567,03_110_001,713,406,406,0,6,400,LISTAS,,,
232569,03_110_002,756,455,461,0,6,455,LISTAS,,,
232571,03_110_003,807,529,529,0,6,523,LISTAS,,,
232573,03_110_004,714,400,399,0,6,393,LISTAS,,,
232575,03_110_005,872,617,617,0,3,614,LISTAS,,,
232577,03_111_001,1199,780,780,0,4,776,LISTAS,,,
232579,03_111_002,1239,863,859,0,8,851,LISTAS,,,
232581,03_111_003,1167,916,914,0,8,906,LISTAS,,,
232583,03_111_004,1234,830,832,0,16,816,LISTAS,,,
232585,03_111_005,1206,758,758,0,6,752,LISTAS,,,
232587,03_111_006,1165,727,726,0,5,721,LISTAS,,,
232589,03_111_007,704,408,408,0,0,408,LISTAS,,,
232591,03_111_008,399,243,243,0,2,241,LISTAS,,,
232593,03_111_009,469,299,299,0,5,294,LISTAS,,,
232595,03_111_010,312,154,154,0,1,153,LISTAS,,,
232597,03_112_001,650,430,430,0,4,426,LISTAS,,,
232599,03_113_001,595,318,318,0,1,317,LISTAS,,,
232601,03_113_002,768,470,469,0,7,462,LISTAS,,,
232603,03_113_003,703,431,431,0,6,425,LISTAS,,,
232605,03_113_004,766,421,421,0,5,416,LISTAS,,,
232607,03_113_005,781,376,376,0,3,373,LISTAS,,,
232609,03_114_001,723,474,474,0,8,466,LISTAS,,,
232611,03_115_001,145,101,101,0,0,101,LISTAS,,,
232613,03_116_001,307,215,215,0,3,212,LISTAS,,,
232615,03_117_001,850,532,530,0,4,526,LISTAS,,,
232617,03_117_002,973,654,654,0,11,643,LISTAS,,,
232619,03_117_003,841,562,562,0,6,556,LISTAS,,,
232621,03_118_001,950,707,708,0,17,691,LISTAS,,,
232623,03_118_002,810,553,553,0,1,552,LISTAS,,,
232625,03_119_001,578,397,397,0,6,391,LISTAS,,,
232627,04_001_001,665,385,385,0,13,372,LISTAS,,,
232629,04_002_001,676,356,356,0,3,353,LISTAS,,,
232631,04_002_002,618,357,357,0,4,353,LISTAS,,,
232633,04_002_003,552,273,273,0,3,270,LISTAS,,,
232635,04_002_004,774,383,383,0,1,382,LISTAS,,,
232637,04_002_005,878,503,503,0,6,497,LISTAS,,,
232639,04_002_006,801,445,443,0,4,439,LISTAS,,,
232641,04_003_001,1058,717,717,0,7,710,LISTAS,,,
232643,04_003_002,987,628,628,0,15,613,LISTAS,,,
232645,04_003_003,1024,713,711,0,3,708,LISTAS,,,
232647,04_003_004,1053,789,790,0,15,775,LISTAS,,,
232649,04_003_005,983,707,705,0,6,699,LISTAS,,,
232651,04_003_006,1141,800,800,0,4,796,LISTAS,,,
232653,04_003_007,812,519,519,0,6,513,LISTAS,,,
232655,04_003_008,895,610,610,0,7,603,LISTAS,,,
232657,04_003_009,898,635,635,0,9,626,LISTAS,,,
232659,04_003_010,968,546,544,0,7,537,LISTAS,,,
232661,04_003_011,776,499,498,0,5,493,LISTAS,,,
232663,04_003_012,939,503,503,0,6,497,LISTAS,,,
232665,04_003_013,840,556,556,0,3,553,LISTAS,,,
232667,04_003_014,848,600,599,0,8,591,LISTAS,,,
232669,04_003_015,2805,2361,2356,-5,14,2342,LISTAS,,,
232671,04_003_016,910,478,478,0,5,473,LISTAS,,,
232673,04_004_001,634,438,437,0,14,423,LISTAS,,,
232675,04_004_002,557,417,415,0,5,410,LISTAS,,,
232677,04_004_003,570,443,443,0,5,438,LISTAS,,,
232679,04_004_004,847,676,671,0,9,662,LISTAS,,,
232681,04_004_005,793,647,648,0,10,638,LISTAS,,,
232683,04_004_006,512,403,403,0,4,399,LISTAS,,,
232685,04_004_007,758,552,551,0,7,544,LISTAS,,,
232687,04_004_008,563,393,388,0,3,385,LISTAS,,,
232689,04_004_009,1023,786,787,0,21,766,LISTAS,,,
232691,04_004_010,702,483,483,0,1,482,LISTAS,,,
232693,04_004_011,884,682,682,0,3,679,LISTAS,,,
232695,04_004_012,553,347,347,0,6,341,LISTAS,,,
232697,04_004_013,460,328,328,0,4,324,LISTAS,,,
232699,04_004_014,581,420,419,0,15,404,LISTAS,,,
232701,04_004_015,744,597,591,0,2,589,LISTAS,,,
232703,04_004_016,763,487,486,0,2,484,LISTAS,,,
232705,04_004_017,806,575,575,0,10,565,LISTAS,,,
232707,04_004_018,505,366,368,0,20,348,LISTAS,,,
232709,04_004_019,869,651,650,0,5,645,LISTAS,,,
232711,04_004_020,783,546,546,0,9,537,LISTAS,,,
232713,04_004_021,658,472,470,0,6,464,LISTAS,,,
232715,04_004_022,670,461,461,0,9,452,LISTAS,,,
232717,04_004_023,587,373,373,0,5,368,LISTAS,,,
232719,04_004_024,504,315,315,0,8,307,LISTAS,,,
232721,04_004_025,453,309,309,0,3,306,LISTAS,,,
232723,04_004_026,503,333,333,0,8,325,LISTAS,,,
232725,04_004_027,601,402,402,0,5,397,LISTAS,,,
232727,04_004_028,843,626,621,0,2,619,LISTAS,,,
232729,04_004_029,696,461,460,0,8,452,LISTAS,,,
232731,04_004_030,866,669,669,0,6,663,LISTAS,,,
232733,04_004_031,584,399,396,0,5,391,LISTAS,,,
232735,04_004_032,688,458,457,0,5,452,LISTAS,,,
232737,04_004_033,655,484,484,0,5,479,LISTAS,,,
232739,04_004_034,618,445,437,0,5,432,LISTAS,,,
232741,04_004_035,722,492,492,0,7,485,LISTAS,,,
232743,04_004_036,664,492,490,0,12,478,LISTAS,,,
232745,04_004_037,633,436,435,0,7,428,LISTAS,,,
232747,04_004_038,601,453,453,0,8,445,LISTAS,,,
232749,04_004_039,657,421,421,0,5,416,LISTAS,,,
232751,04_004_040,550,352,352,0,6,346,LISTAS,,,
232753,04_004_041,934,607,607,0,6,601,LISTAS,,,
232755,04_004_042,741,571,561,0,7,554,LISTAS,,,
232757,04_004_043,553,444,444,0,10,434,LISTAS,,,
232759,04_004_044,781,540,541,0,18,523,LISTAS,,,
232761,04_004_045,548,363,362,0,8,354,LISTAS,,,
232763,04_004_046,833,584,585,0,10,575,LISTAS,,,
232765,04_004_047,908,655,649,0,6,643,LISTAS,,,
232767,04_004_048,926,673,673,0,6,667,LISTAS,,,
232769,04_004_049,723,505,505,0,6,499,LISTAS,,,
232771,04_004_050,823,602,603,0,14,589,LISTAS,,,
232773,04_004_051,917,652,654,0,22,632,LISTAS,,,
232775,04_004_052,779,521,520,0,8,512,LISTAS,,,
232777,04_004_053,528,421,419,0,5,414,LISTAS,,,
232779,04_004_054,163,92,92,0,5,87,LISTAS,,,
232781,04_004_055,223,144,144,0,0,144,LISTAS,,,
232783,04_004_056,712,532,526,0,5,521,LISTAS,,,
232785,04_004_057,805,589,587,0,14,573,LISTAS,,,
232787,04_004_058,627,453,451,0,4,447,LISTAS,,,
232789,04_004_059,576,354,354,0,8,346,LISTAS,,,
232791,04_004_060,815,567,567,0,6,561,LISTAS,,,
232793,04_004_061,2669,2409,2400,-9,12,2388,LISTAS,,,
232795,04_004_062,1087,752,751,0,9,742,LISTAS,,,
232797,04_004_063,669,504,504,0,5,499,LISTAS,,,
232799,04_004_064,828,646,645,0,5,640,LISTAS,,,
232801,04_004_065,557,439,439,0,4,435,LISTAS,,,
232803,04_004_066,477,360,360,0,6,354,LISTAS,,,
232805,04_004_067,771,492,491,0,8,483,LISTAS,,,
232807,04_004_068,753,540,542,0,17,525,LISTAS,,,
232811,04_005_001,574,400,400,0,8,392,LISTAS,,,
232813,04_005_002,638,413,413,0,4,409,LISTAS,,,
232815,04_005_003,638,365,365,0,3,362,LISTAS,,,
232817,04_006_001,441,324,324,0,2,322,LISTAS,,,
232819,04_006_002,421,302,302,0,3,299,LISTAS,,,
232821,04_006_003,437,257,257,0,1,256,LISTAS,,,
232823,04_006_004,430,312,312,0,0,312,LISTAS,,,
232825,04_006_005,654,451,450,0,2,448,LISTAS,,,
232827,04_006_006,487,354,353,0,1,352,LISTAS,,,
232829,04_006_007,39,32,32,0,0,32,LISTAS,,,
232831,04_007_001,741,501,501,0,6,495,LISTAS,,,
232833,04_008_001,711,511,511,0,5,506,LISTAS,,,
232835,04_009_001,855,528,528,0,4,524,LISTAS,,,
232837,04_009_002,853,525,525,0,4,521,LISTAS,,,
232839,04_010_001,648,463,462,0,6,456,LISTAS,,,
232841,04_010_002,666,456,456,0,3,453,LISTAS,,,
232843,04_010_003,76,34,34,0,0,34,LISTAS,,,
232845,04_011_001,225,175,175,0,1,174,LISTAS,,,
232847,04_012_001,942,607,607,0,6,601,LISTAS,,,
232849,04_012_002,1052,580,580,0,2,578,LISTAS,,,
232851,04_013_001,337,234,234,0,2,232,LISTAS,,,
232853,04_014_001,781,509,510,0,17,493,LISTAS,,,
232855,04_014_002,803,469,469,0,7,462,LISTAS,,,
232857,04_014_003,786,467,467,0,6,461,LISTAS,,,
232859,04_014_004,694,421,421,0,10,411,LISTAS,,,
232861,04_014_005,771,484,484,0,7,477,LISTAS,,,
232863,04_015_001,716,391,391,0,6,385,LISTAS,,,
232865,04_015_002,715,442,440,0,2,438,LISTAS,,,
232867,04_015_003,777,461,461,0,10,451,LISTAS,,,
232869,04_015_004,622,384,385,0,9,376,LISTAS,,,
232871,04_015_005,685,454,453,0,5,448,LISTAS,,,
232873,04_015_006,682,427,427,0,8,419,LISTAS,,,
232875,04_015_007,791,490,490,0,7,483,LISTAS,,,
232877,04_015_008,762,447,447,0,3,444,LISTAS,,,
232879,04_016_001,781,433,432,0,9,423,LISTAS,,,
232881,04_016_002,625,432,432,0,6,426,LISTAS,,,
232883,04_016_003,696,457,457,0,4,453,LISTAS,,,
232885,04_016_004,607,394,394,0,2,392,LISTAS,,,
232887,04_016_005,624,381,381,0,9,372,LISTAS,,,
232889,04_017_001,598,377,376,0,8,368,LISTAS,,,
232891,04_017_002,518,315,315,0,1,314,LISTAS,,,
232893,04_017_003,387,213,213,0,5,208,LISTAS,,,
232895,04_018_001,438,288,288,0,6,282,LISTAS,,,
232897,04_019_001,951,512,511,0,4,507,LISTAS,,,
232899,04_020_001,458,254,254,0,2,252,LISTAS,,,
232901,04_020_002,588,357,368,0,42,326,LISTAS,,,
232903,04_020_003,631,385,385,0,4,381,LISTAS,,,
232905,04_020_004,588,366,366,0,5,361,LISTAS,,,
232907,04_020_005,654,393,393,0,2,391,LISTAS,,,
232909,04_020_006,626,340,340,0,7,333,LISTAS,,,
232911,04_021_001,834,547,547,0,4,543,LISTAS,,,
232913,04_021_002,799,519,519,0,4,515,LISTAS,,,
232915,04_021_003,864,529,528,0,6,522,LISTAS,,,
232917,04_021_004,978,610,610,0,4,606,LISTAS,,,
232919,04_021_005,913,604,604,0,5,599,LISTAS,,,
232921,04_022_001,908,518,517,0,9,508,LISTAS,,,
232923,04_022_002,949,637,637,0,12,625,LISTAS,,,
232925,04_022_003,969,574,578,0,14,564,LISTAS,,,
232927,04_023_001,487,313,313,0,1,312,LISTAS,,,
232929,04_023_002,452,314,314,0,6,308,LISTAS,,,
232931,04_024_001,559,360,360,0,5,355,LISTAS,,,
232933,04_025_001,673,435,435,0,4,431,LISTAS,,,
232935,04_025_002,703,484,483,0,2,481,LISTAS,,,
232937,04_025_003,651,414,414,0,4,410,LISTAS,,,
232939,04_025_004,710,462,461,0,2,459,LISTAS,,,
232941,04_025_005,641,418,417,0,11,406,LISTAS,,,
232943,04_025_006,608,398,398,0,3,395,LISTAS,,,
232945,04_025_007,710,432,432,0,10,422,LISTAS,,,
232947,04_025_008,640,371,371,0,4,367,LISTAS,,,
232949,04_025_009,624,392,392,0,0,392,LISTAS,,,
232951,04_025_010,594,399,399,0,5,394,LISTAS,,,
232953,04_025_011,756,443,442,0,4,438,LISTAS,,,
232955,04_025_012,693,409,409,0,4,405,LISTAS,,,
232957,04_025_013,593,303,303,0,7,296,LISTAS,,,
232959,04_025_014,574,347,347,0,3,344,LISTAS,,,
232961,04_025_015,116,59,59,0,0,59,LISTAS,,,
232963,04_025_016,785,505,504,0,5,499,LISTAS,,,
232965,04_025_017,544,252,251,0,6,245,LISTAS,,,
232967,04_026_001,1093,827,827,0,7,820,LISTAS,,,
232969,04_026_002,1013,787,787,0,8,779,LISTAS,,,
232971,04_026_003,652,437,443,0,36,407,LISTAS,,,
232973,04_026_004,586,454,454,0,3,451,LISTAS,,,
232975,04_026_005,804,528,528,0,9,519,LISTAS,,,
232977,04_026_006,998,529,528,0,4,524,LISTAS,,,
232979,04_026_007,1021,683,684,0,15,669,LISTAS,,,
232981,04_026_008,908,656,659,0,22,637,LISTAS,,,
232983,04_026_009,660,479,479,0,1,478,LISTAS,,,
232985,04_026_010,761,581,580,0,12,568,LISTAS,,,
232987,04_026_011,693,466,464,0,5,459,LISTAS,,,
232989,04_026_012,673,416,415,0,3,412,LISTAS,,,
232991,04_026_013,641,426,426,0,0,426,LISTAS,,,
232993,04_026_014,943,610,610,0,4,606,LISTAS,,,
232995,04_026_015,794,611,611,0,8,603,LISTAS,,,
232997,04_026_016,880,608,607,0,3,604,LISTAS,,,
232999,04_026_017,666,443,443,0,3,440,LISTAS,,,
233001,04_026_018,720,499,499,0,6,493,LISTAS,,,
233003,04_026_019,1173,817,817,0,10,807,LISTAS,,,
233005,04_026_020,707,542,542,0,2,540,LISTAS,,,
233007,04_026_021,873,641,641,0,9,632,LISTAS,,,
233009,04_026_022,826,598,592,0,8,584,LISTAS,,,
233011,04_026_023,1025,757,757,0,4,753,LISTAS,,,
233013,04_026_024,694,474,473,0,2,471,LISTAS,,,
233015,04_026_025,908,689,690,0,15,675,LISTAS,,,
233017,04_026_026,801,546,546,0,4,542,LISTAS,,,
233019,04_026_027,625,418,417,0,3,414,LISTAS,,,
233021,04_026_028,616,410,401,0,2,399,LISTAS,,,
233023,04_026_029,638,443,443,0,5,438,LISTAS,,,
233025,04_026_030,2142,1925,1912,-13,11,1901,LISTAS,,,
233027,04_027_001,516,340,340,0,5,335,LISTAS,,,
233029,04_028_001,459,348,348,0,4,344,LISTAS,,,
233031,04_028_002,357,262,262,0,1,261,LISTAS,,,
233033,04_029_001,446,301,301,0,3,298,LISTAS,,,
233035,04_030_001,654,446,446,0,7,439,LISTAS,,,
233037,04_031_001,654,410,409,0,5,404,LISTAS,,,
233039,04_031_002,637,409,409,0,3,406,LISTAS,,,
233041,04_031_003,140,76,76,0,0,76,LISTAS,,,
233043,04_032_001,282,193,193,0,3,190,LISTAS,,,
233045,04_033_001,655,363,359,0,8,351,LISTAS,,,
233047,04_033_002,695,430,430,0,10,420,LISTAS,,,
233049,04_034_001,732,480,478,0,5,473,LISTAS,,,
233051,04_034_002,689,426,424,0,8,416,LISTAS,,,
233053,04_034_003,793,511,510,0,9,501,LISTAS,,,
233055,04_034_004,598,333,333,0,8,325,LISTAS,,,
233057,04_035_001,742,571,575,0,38,537,LISTAS,,,
233059,04_035_002,305,172,174,0,13,161,LISTAS,,,
233061,04_036_001,363,212,213,0,8,205,LISTAS,,,
233063,04_037_001,560,368,368,0,8,360,LISTAS,,,
233065,04_037_002,623,441,441,0,6,435,LISTAS,,,
233067,04_037_003,601,389,390,0,11,379,LISTAS,,,
233069,04_037_004,558,366,366,0,1,365,LISTAS,,,
233071,04_037_005,599,390,390,0,9,381,LISTAS,,,
233073,04_037_006,593,419,419,0,2,417,LISTAS,,,
233075,04_037_007,405,239,239,0,5,234,LISTAS,,,
233077,04_038_001,781,469,468,0,1,467,LISTAS,,,
233079,04_038_002,880,480,479,0,9,470,LISTAS,,,
233081,04_038_003,856,561,559,0,6,553,LISTAS,,,
233083,04_038_004,846,560,558,0,6,552,LISTAS,,,
233085,04_039_001,448,265,265,0,6,259,LISTAS,,,
233087,04_040_001,632,384,384,0,2,382,LISTAS,,,
233089,04_040_002,660,435,435,0,4,431,LISTAS,,,
233091,04_040_003,642,403,403,0,3,400,LISTAS,,,
233093,04_041_001,357,197,196,0,2,194,LISTAS,,,
233095,04_042_001,532,315,315,0,1,314,LISTAS,,,
233097,04_042_002,569,335,335,0,2,333,LISTAS,,,
233099,04_043_001,643,371,372,0,10,362,LISTAS,,,
233101,04_043_002,614,344,344,0,5,339,LISTAS,,,
233103,04_043_003,780,428,428,0,7,421,LISTAS,,,
233105,04_044_001,719,466,465,0,11,454,LISTAS,,,
233107,04_044_002,594,381,381,0,5,376,LISTAS,,,
233109,04_045_001,563,338,341,0,21,320,LISTAS,,,
233111,04_045_002,462,253,252,0,2,250,LISTAS,,,
233113,04_045_003,533,296,296,0,3,293,LISTAS,,,
233115,04_046_001,161,89,89,0,1,88,LISTAS,,,
233117,04_047_001,479,307,307,0,5,302,LISTAS,,,
233119,04_047_002,252,162,162,0,0,162,LISTAS,,,
233121,04_048_001,923,599,599,0,5,594,LISTAS,,,
233123,04_048_002,787,523,521,0,5,516,LISTAS,,,
233125,04_048_003,778,527,527,0,12,515,LISTAS,,,
233127,04_048_004,246,121,121,0,0,121,LISTAS,,,
233129,04_049_001,1001,520,520,0,9,511,LISTAS,,,
233131,04_049_002,967,611,611,0,10,601,LISTAS,,,
233133,04_049_003,960,652,651,0,8,643,LISTAS,,,
233135,04_049_004,1006,645,645,0,16,629,LISTAS,,,
233137,04_049_005,880,638,636,0,5,631,LISTAS,,,
233139,04_049_006,1089,602,601,0,9,592,LISTAS,,,
233141,04_049_007,999,623,622,0,7,615,LISTAS,,,
233143,04_049_008,922,567,565,0,6,559,LISTAS,,,
233145,04_050_001,682,459,459,0,6,453,LISTAS,,,
233147,04_050_002,71,51,51,0,1,50,LISTAS,,,
233149,04_051_001,651,391,391,0,7,384,LISTAS,,,
233151,04_051_002,581,364,364,0,3,361,LISTAS,,,
233153,04_051_003,643,383,383,0,9,374,LISTAS,,,
233155,04_051_004,720,522,522,0,7,515,LISTAS,,,
233157,04_051_005,730,440,439,0,5,434,LISTAS,,,
233159,04_051_006,675,345,345,0,7,338,LISTAS,,,
233161,04_052_001,742,493,493,0,7,486,LISTAS,,,
233163,04_052_002,878,567,568,0,12,556,LISTAS,,,
233165,04_052_003,972,625,625,0,14,611,LISTAS,,,
233167,04_052_004,1027,641,641,0,6,635,LISTAS,,,
233169,04_052_005,887,558,558,0,6,552,LISTAS,,,
233171,04_053_001,819,586,586,0,4,582,LISTAS,,,
233173,04_053_002,838,619,611,0,6,605,LISTAS,,,
233175,04_054_001,465,314,313,0,0,313,LISTAS,,,
233177,04_054_002,492,321,321,0,4,317,LISTAS,,,
233179,04_055_001,970,661,663,0,12,651,LISTAS,,,
233181,04_056_001,407,240,240,0,4,236,LISTAS,,,
233183,04_056_002,582,352,352,0,6,346,LISTAS,,,
233185,04_057_001,827,485,485,0,8,477,LISTAS,,,
233187,04_057_002,1087,728,728,0,22,706,LISTAS,,,
233189,04_057_003,919,596,596,0,3,593,LISTAS,,,
233191,04_057_004,1055,690,688,0,6,682,LISTAS,,,
233193,04_058_001,891,517,516,0,10,506,LISTAS,,,
233195,04_058_002,890,526,526,0,7,519,LISTAS,,,
233197,04_059_001,615,403,403,0,2,401,LISTAS,,,
233199,04_059_002,614,394,394,0,3,391,LISTAS,,,
233201,04_059_003,634,437,437,0,2,435,LISTAS,,,
233203,04_059_004,747,455,454,0,3,451,LISTAS,,,
233205,04_059_005,584,400,400,0,5,395,LISTAS,,,
233207,04_059_006,828,552,552,0,1,551,LISTAS,,,
233209,04_059_007,419,310,310,0,5,305,LISTAS,,,
233211,04_059_008,482,334,334,0,3,331,LISTAS,,,
233213,04_059_009,486,325,324,0,6,318,LISTAS,,,
233215,04_059_010,716,518,518,0,10,508,LISTAS,,,
233217,04_059_011,581,406,406,0,4,402,LISTAS,,,
233219,04_059_012,598,402,402,0,1,401,LISTAS,,,
233221,04_059_013,560,389,389,0,5,384,LISTAS,,,
233223,04_059_014,510,340,340,0,2,338,LISTAS,,,
233225,04_059_015,462,311,311,0,3,308,LISTAS,,,
233227,04_059_016,2175,1989,1972,-17,6,1966,LISTAS,,,
233229,04_059_017,574,365,364,0,3,361,LISTAS,,,
233231,04_059_018,489,313,313,0,6,307,LISTAS,,,
233233,04_059_019,695,500,499,0,6,493,LISTAS,,,
233235,04_059_020,908,626,628,0,19,609,LISTAS,,,
233237,04_059_021,696,515,515,0,7,508,LISTAS,,,
233239,04_059_022,750,482,482,0,4,478,LISTAS,,,
233241,04_059_023,1028,692,690,0,15,675,LISTAS,,,
233243,04_059_024,928,661,661,0,2,659,LISTAS,,,
233245,04_059_025,895,634,634,0,4,630,LISTAS,,,
233247,04_059_026,842,535,535,0,3,532,LISTAS,,,
233249,04_059_027,763,531,530,0,5,525,LISTAS,,,
233251,04_059_028,418,301,301,0,0,301,LISTAS,,,
233253,04_059_029,369,231,231,0,3,228,LISTAS,,,
233255,04_059_030,825,470,471,0,15,456,LISTAS,,,
233257,04_059_031,830,529,529,0,13,516,LISTAS,,,
233259,04_059_032,593,355,355,0,5,350,LISTAS,,,
233261,04_059_033,633,347,347,0,6,341,LISTAS,,,
233263,04_059_034,158,82,82,0,2,80,LISTAS,,,
233265,04_059_035,148,88,88,0,1,87,LISTAS,,,
233267,04_059_036,601,408,408,0,1,407,LISTAS,,,
233269,04_059_037,67,47,47,0,0,47,LISTAS,,,
233271,04_060_001,279,185,185,0,0,185,LISTAS,,,
233273,04_061_001,720,486,486,0,8,478,LISTAS,,,
233275,04_061_002,521,300,300,0,7,293,LISTAS,,,
233277,04_062_001,199,132,132,0,2,130,LISTAS,,,
233279,04_062_002,66,39,39,0,0,39,LISTAS,,,
233281,04_063_001,986,589,590,0,11,579,LISTAS,,,
233283,04_063_002,947,550,549,0,3,546,LISTAS,,,
233285,04_063_003,994,558,558,0,4,554,LISTAS,,,
233287,04_063_004,958,630,630,0,8,622,LISTAS,,,
233289,04_063_005,963,535,534,0,4,530,LISTAS,,,
233291,04_063_006,858,527,527,0,2,525,LISTAS,,,
233293,04_063_007,1035,659,659,0,2,657,LISTAS,,,
233295,04_063_008,891,504,504,0,6,498,LISTAS,,,
233297,04_064_001,564,349,349,0,2,347,LISTAS,,,
233299,04_064_002,513,344,344,0,6,338,LISTAS,,,
233301,04_064_003,112,66,67,0,4,63,LISTAS,,,
233303,04_064_004,49,30,30,0,2,28,LISTAS,,,
233305,04_065_001,612,412,411,0,9,402,LISTAS,,,
233307,04_065_002,764,527,524,0,4,520,LISTAS,,,
233309,04_065_003,677,457,457,0,9,448,LISTAS,,,
233311,04_066_001,701,512,511,0,4,507,LISTAS,,,
233313,04_066_002,854,536,536,0,6,530,LISTAS,,,
233315,04_066_003,713,532,525,0,8,517,LISTAS,,,
233317,04_066_004,642,466,466,0,3,463,LISTAS,,,
233319,04_066_005,813,596,595,0,6,589,LISTAS,,,
233321,04_066_006,685,466,466,0,7,459,LISTAS,,,
233323,04_066_007,622,386,386,0,4,382,LISTAS,,,
233325,04_066_008,883,610,610,0,3,607,LISTAS,,,
233327,04_066_009,1039,850,849,0,4,845,LISTAS,,,
233329,04_066_010,812,533,533,0,4,529,LISTAS,,,
233331,04_066_011,865,600,600,0,6,594,LISTAS,,,
233333,04_066_012,718,502,501,0,3,498,LISTAS,,,
233335,04_066_013,845,539,539,0,12,527,LISTAS,,,
233337,04_066_014,740,491,490,0,5,485,LISTAS,,,
233339,04_066_015,213,129,129,0,2,127,LISTAS,,,
233341,04_066_016,209,118,118,0,0,118,LISTAS,,,
233343,04_066_017,365,225,225,0,1,224,LISTAS,,,
233345,04_066_018,442,263,263,0,2,261,LISTAS,,,
233347,04_067_001,977,631,630,0,10,620,LISTAS,,,
233349,04_067_002,1005,700,700,0,4,696,LISTAS,,,
233351,04_067_003,819,547,547,0,6,541,LISTAS,,,
233353,04_067_004,987,673,673,0,8,665,LISTAS,,,
233355,04_067_005,994,621,621,0,4,617,LISTAS,,,
233357,04_067_006,1027,673,673,0,9,664,LISTAS,,,
233359,04_067_007,1069,628,627,0,13,614,LISTAS,,,
233361,04_068_001,628,409,409,0,11,398,LISTAS,,,
233363,04_069_001,579,404,404,0,7,397,LISTAS,,,
233365,04_069_002,653,471,471,0,9,462,LISTAS,,,
233367,04_070_001,470,295,294,0,6,288,LISTAS,,,
233369,04_070_002,650,406,406,0,2,404,LISTAS,,,
233371,04_070_003,475,340,340,0,3,337,LISTAS,,,
233373,04_070_004,483,342,342,0,1,341,LISTAS,,,
233375,04_070_005,523,298,298,0,3,295,LISTAS,,,
233377,04_070_006,470,286,287,0,7,280,LISTAS,,,
233379,04_070_007,715,476,476,0,8,468,LISTAS,,,
233381,04_070_008,769,495,495,0,13,482,LISTAS,,,
233383,04_071_001,753,479,478,0,13,465,LISTAS,,,
233385,04_071_002,644,419,419,0,2,417,LISTAS,,,
233387,04_071_003,671,419,420,0,12,408,LISTAS,,,
233389,04_071_004,671,457,457,0,1,456,LISTAS,,,
233391,04_071_005,731,491,491,0,3,488,LISTAS,,,
233393,04_071_006,584,367,367,0,6,361,LISTAS,,,
233395,04_072_001,87,51,51,0,0,51,LISTAS,,,
233397,04_073_001,997,559,556,0,15,541,LISTAS,,,
233399,04_074_001,673,430,430,0,8,422,LISTAS,,,
233401,04_074_002,643,426,426,0,1,425,LISTAS,,,
233403,04_074_003,681,456,455,0,8,447,LISTAS,,,
233405,04_074_004,627,447,446,0,2,444,LISTAS,,,
233407,04_074_005,927,538,538,0,5,533,LISTAS,,,
233409,04_074_006,803,468,467,0,7,460,LISTAS,,,
233411,04_074_007,787,400,399,0,3,396,LISTAS,,,
233413,04_075_001,601,404,404,0,3,401,LISTAS,,,
233415,04_075_002,570,369,369,0,5,364,LISTAS,,,
233417,05_001_001,60,40,40,0,1,39,LISTAS,,,
233419,05_002_001,400,278,278,0,6,272,LISTAS,,,
233421,05_002_002,75,46,46,0,0,46,LISTAS,,,
233423,05_003_001,81,51,51,0,1,50,LISTAS,,,
233425,05_004_001,799,467,466,0,3,463,LISTAS,,,
233427,05_004_002,791,475,475,0,4,471,LISTAS,,,
233429,05_004_003,668,453,453,0,6,447,LISTAS,,,
233431,05_005_001,115,60,60,0,3,57,LISTAS,,,
233433,05_006_001,129,99,99,0,0,99,LISTAS,,,
233435,05_007_001,127,97,94,0,1,93,LISTAS,,,
233437,05_008_001,428,311,311,0,1,310,LISTAS,,,
233439,05_009_001,588,331,331,0,6,325,LISTAS,,,
233441,05_010_001,586,371,371,0,3,368,LISTAS,,,
233443,05_011_001,229,165,165,0,2,163,LISTAS,,,
233445,05_012_001,71,48,48,0,0,48,LISTAS,,,
233447,05_013_001,153,113,113,0,0,113,LISTAS,,,
233449,05_014_001,348,243,243,0,5,238,LISTAS,,,
233451,05_015_001,108,76,76,0,1,75,LISTAS,,,
233453,05_016_001,1067,584,584,0,9,575,LISTAS,,,
233455,05_017_001,731,514,513,0,7,506,LISTAS,,,
233457,05_017_002,734,509,509,0,5,504,LISTAS,,,
233459,05_017_003,994,595,596,0,15,581,LISTAS,,,
233461,05_017_004,813,555,554,0,4,550,LISTAS,,,
233463,05_017_005,981,590,590,0,7,583,LISTAS,,,
233465,05_018_001,51,37,37,0,0,37,LISTAS,,,
233467,05_019_001,849,317,317,0,4,313,LISTAS,,,
233469,05_019_002,822,382,382,0,11,371,LISTAS,,,
233471,05_019_003,866,396,396,0,3,393,LISTAS,,,
233473,05_020_001,834,600,600,0,7,593,LISTAS,,,
233475,05_020_002,1047,794,793,0,11,782,LISTAS,,,
233477,05_021_001,686,418,416,0,6,410,LISTAS,,,
233479,05_021_002,670,381,381,0,1,380,LISTAS,,,
233481,05_022_001,766,517,517,0,5,512,LISTAS,,,
233483,05_023_001,522,287,286,0,1,285,LISTAS,,,
233485,05_024_001,347,187,187,0,6,181,LISTAS,,,
233487,05_025_001,153,131,131,0,1,130,LISTAS,,,
233489,05_026_001,526,357,357,0,6,351,LISTAS,,,
233491,05_026_002,537,337,337,0,3,334,LISTAS,,,
233493,05_027_001,935,573,573,0,9,564,LISTAS,,,
233495,05_028_001,26,25,25,0,1,24,LISTAS,,,
233497,05_029_001,951,635,635,0,10,625,LISTAS,,,
233499,05_029_002,1018,739,737,0,4,733,LISTAS,,,
233501,05_030_001,874,489,489,0,12,477,LISTAS,,,
233503,05_031_001,211,132,132,0,2,130,LISTAS,,,
233505,05_032_001,763,503,502,0,8,494,LISTAS,,,
233507,05_033_001,962,486,486,0,3,483,LISTAS,,,
233509,05_034_001,801,602,602,0,8,594,LISTAS,,,
233511,05_035_001,678,485,485,0,7,478,LISTAS,,,
233513,05_036_001,683,436,436,0,7,429,LISTAS,,,
233515,05_037_001,720,502,502,0,14,488,LISTAS,,,
233517,05_037_002,850,585,585,0,3,582,LISTAS,,,
233519,05_038_001,397,214,214,0,6,208,LISTAS,,,
233521,05_039_001,719,467,467,0,5,462,LISTAS,,,
233523,05_040_001,984,476,476,0,6,470,LISTAS,,,
233525,05_040_002,808,530,530,0,8,522,LISTAS,,,
233527,05_041_001,596,327,327,0,9,318,LISTAS,,,
233530,05_042_001,231,170,170,0,2,168,LISTAS,,,
233528,05_043_001,416,312,306,0,9,297,LISTAS,,,
233533,05_044_001,813,460,460,0,9,451,LISTAS,,,
233535,05_044_002,812,441,441,0,5,436,LISTAS,,,
233537,05_044_003,664,369,369,0,4,365,LISTAS,,,
233539,05_045_001,911,576,566,0,5,561,LISTAS,,,
233541,05_046_001,905,557,557,0,7,550,LISTAS,,,
233543,05_047_001,173,111,111,0,0,111,LISTAS,,,
233545,05_048_001,70,47,47,0,4,43,LISTAS,,,
233547,05_049_001,757,507,507,0,7,500,LISTAS,,,
233549,05_050_001,140,102,102,0,0,102,LISTAS,,,
233551,05_051_001,776,454,454,0,5,449,LISTAS,,,
233553,05_051_002,592,421,421,0,5,416,LISTAS,,,
233555,05_051_003,660,452,452,0,4,448,LISTAS,,,
233557,05_052_001,1214,784,783,0,8,775,LISTAS,,,
233559,05_053_001,605,462,461,0,2,459,LISTAS,,,
233561,05_053_002,716,521,519,0,4,515,LISTAS,,,
233563,05_054_001,106,73,73,0,0,73,LISTAS,,,
233565,05_055_001,910,646,648,0,15,633,LISTAS,,,
233567,05_056_001,827,579,579,0,5,574,LISTAS,,,
233569,05_057_001,138,96,95,0,1,94,LISTAS,,,
233571,05_058_001,801,362,362,0,5,357,LISTAS,,,
233573,05_058_002,712,385,385,0,3,382,LISTAS,,,
233575,05_058_003,731,333,333,0,4,329,LISTAS,,,
233577,05_059_001,270,142,142,0,5,137,LISTAS,,,
233579,05_060_001,800,612,612,0,8,604,LISTAS,,,
233581,05_061_001,321,256,256,0,2,254,LISTAS,,,
233583,05_062_001,522,317,316,0,3,313,LISTAS,,,
233585,05_063_001,456,302,302,0,4,298,LISTAS,,,
233587,05_064_001,535,324,324,0,3,321,LISTAS,,,
233589,05_065_001,514,355,355,0,4,351,LISTAS,,,
233591,05_066_001,588,343,343,0,9,334,LISTAS,,,
233593,05_067_001,184,140,140,0,1,139,LISTAS,,,
233595,05_068_001,249,156,156,0,2,154,LISTAS,,,
233597,05_069_001,11,8,8,0,0,8,LISTAS,,,
233599,05_070_001,198,136,136,0,2,134,LISTAS,,,
233601,05_071_001,1143,711,710,0,9,701,LISTAS,,,
233603,05_072_001,587,301,301,0,4,297,LISTAS,,,
233605,05_073_001,215,151,151,0,0,151,LISTAS,,,
233607,05_074_001,219,168,168,0,0,168,LISTAS,,,
233609,05_075_001,916,560,560,0,11,549,LISTAS,,,
233611,05_075_002,1008,752,753,0,9,744,LISTAS,,,
233613,05_075_003,1082,658,657,0,9,648,LISTAS,,,
233615,05_075_004,810,569,569,0,4,565,LISTAS,,,
233617,05_075_005,850,608,607,0,1,606,LISTAS,,,
233619,05_075_006,780,548,548,0,0,548,LISTAS,,,
233621,05_075_007,985,663,663,0,10,653,LISTAS,,,
233623,05_075_008,975,555,556,0,17,539,LISTAS,,,
233625,05_076_001,434,329,329,0,4,325,LISTAS,,,
233627,05_077_001,736,401,402,0,7,395,LISTAS,,,
233629,05_077_002,774,480,480,0,6,474,LISTAS,,,
233631,05_077_003,787,467,465,0,5,460,LISTAS,,,
233633,05_077_004,845,490,485,0,10,475,LISTAS,,,
233635,05_077_005,826,519,519,0,7,512,LISTAS,,,
233637,05_078_001,763,591,590,0,6,584,LISTAS,,,
233639,05_078_002,864,583,583,0,3,580,LISTAS,,,
233641,05_078_003,655,311,311,0,7,304,LISTAS,,,
233643,05_078_004,727,450,450,0,3,447,LISTAS,,,
233645,05_078_005,686,531,531,0,6,525,LISTAS,,,
233647,05_078_006,556,385,385,0,3,382,LISTAS,,,
233649,05_078_007,461,260,260,0,11,249,LISTAS,,,
233651,05_079_001,856,524,522,0,7,515,LISTAS,,,
233653,05_080_001,447,272,272,0,6,266,LISTAS,,,
233655,05_081_001,44,40,40,0,0,40,LISTAS,,,
233657,05_082_001,253,178,178,0,1,177,LISTAS,,,
233659,05_083_001,690,410,410,0,9,401,LISTAS,,,
233661,05_083_002,508,272,272,0,4,268,LISTAS,,,
233663,05_084_001,273,216,216,0,0,216,LISTAS,,,
233665,05_085_001,208,127,127,0,3,124,LISTAS,,,
233667,05_086_001,670,343,343,0,9,334,LISTAS,,,
233669,05_087_001,148,88,88,0,3,85,LISTAS,,,
233671,05_088_001,298,199,199,0,1,198,LISTAS,,,
233673,05_089_001,783,495,495,0,7,488,LISTAS,,,
233675,05_090_001,197,122,121,0,2,119,LISTAS,,,
233677,05_091_001,509,298,298,0,2,296,LISTAS,,,
233679,05_092_001,365,209,209,0,0,209,LISTAS,,,
233681,05_093_001,697,521,520,0,6,514,LISTAS,,,
233683,05_093_002,872,630,630,0,4,626,LISTAS,,,
233685,05_093_003,1090,767,767,0,7,760,LISTAS,,,
233687,05_093_004,604,427,426,0,3,423,LISTAS,,,
233689,05_093_005,907,582,582,0,10,572,LISTAS,,,
233691,05_093_006,970,648,649,0,9,640,LISTAS,,,
233693,05_094_001,76,54,54,0,1,53,LISTAS,,,
233695,05_095_001,241,147,147,0,0,147,LISTAS,,,
233697,05_096_001,975,591,591,0,10,581,LISTAS,,,
233699,05_096_002,947,642,642,0,7,635,LISTAS,,,
233701,05_097_001,266,135,135,0,0,135,LISTAS,,,
233703,05_098_001,282,216,216,0,9,207,LISTAS,,,
233705,05_099_001,84,57,58,0,4,54,LISTAS,,,
233707,05_100_001,222,170,170,0,4,166,LISTAS,,,
233709,05_101_001,241,147,147,0,2,145,LISTAS,,,
233711,05_102_001,158,118,118,0,0,118,LISTAS,,,
233713,05_103_001,28,19,19,0,0,19,LISTAS,,,
233715,05_104_001,127,86,85,0,0,85,LISTAS,,,
233717,05_105_001,147,95,95,0,3,92,LISTAS,,,
233719,05_106_001,67,60,60,0,2,58,LISTAS,,,
233721,05_107_001,269,197,197,0,4,193,LISTAS,,,
233723,05_108_001,438,346,344,0,6,338,LISTAS,,,
233725,05_109_001,599,426,425,0,9,416,LISTAS,,,
233727,05_109_002,549,371,371,0,2,369,LISTAS,,,
233729,05_109_003,640,447,447,0,6,441,LISTAS,,,
233731,05_109_004,222,123,123,0,8,115,LISTAS,,,
233733,05_110_001,612,377,377,0,7,370,LISTAS,,,
233735,05_111_001,440,334,334,0,4,330,LISTAS,,,
233737,05_112_001,65,51,51,0,1,50,LISTAS,,,
233739,05_113_001,714,521,520,0,6,514,LISTAS,,,
233741,05_113_002,703,373,373,0,10,363,LISTAS,,,
233743,05_114_001,427,266,266,0,5,261,LISTAS,,,
233746,05_115_001,429,212,212,0,5,207,LISTAS,,,
233744,05_116_001,621,439,439,0,5,434,LISTAS,,,
233749,05_116_002,669,423,423,0,2,421,LISTAS,,,
233751,05_117_001,458,296,296,0,4,292,LISTAS,,,
233753,05_118_001,585,303,303,0,2,301,LISTAS,,,
233755,05_118_002,553,316,316,0,7,309,LISTAS,,,
233757,05_119_001,767,495,494,0,5,489,LISTAS,,,
233759,05_119_002,788,557,557,0,7,550,LISTAS,,,
233761,05_120_001,115,91,91,0,2,89,LISTAS,,,
233763,05_121_001,83,73,73,0,1,72,LISTAS,,,
233765,05_122_001,172,129,129,0,1,128,LISTAS,,,
233767,05_123_001,606,371,371,0,9,362,LISTAS,,,
233769,05_123_002,633,363,363,0,2,361,LISTAS,,,
233771,05_124_001,812,536,536,0,5,531,LISTAS,,,
233773,05_125_001,231,156,156,0,2,154,LISTAS,,,
233775,05_126_001,794,466,465,0,15,450,LISTAS,,,
233777,05_127_001,550,399,396,0,3,393,LISTAS,,,
233779,05_128_001,534,425,425,0,6,419,LISTAS,,,
233781,05_129_001,100,77,77,0,1,76,LISTAS,,,
233783,05_130_001,155,87,87,0,3,84,LISTAS,,,
233785,05_131_001,119,69,69,0,1,68,LISTAS,,,
233787,05_131_002,1093,777,777,0,9,768,LISTAS,,,
233789,05_132_001,241,180,180,0,1,179,LISTAS,,,
233791,05_133_001,927,589,589,0,6,583,LISTAS,,,
233793,05_133_002,854,521,521,0,6,515,LISTAS,,,
233795,05_133_003,913,609,609,0,11,598,LISTAS,,,
233797,05_134_001,155,69,69,0,2,67,LISTAS,,,
233799,05_135_001,306,178,178,0,2,176,LISTAS,,,
233801,05_136_001,125,103,103,0,0,103,LISTAS,,,
233803,05_137_001,665,371,370,0,5,365,LISTAS,,,
233805,05_138_001,387,253,253,0,1,252,LISTAS,,,
233807,05_139_001,692,452,452,0,6,446,LISTAS,,,
233809,05_140_001,413,277,277,0,1,276,LISTAS,,,
233811,05_141_001,608,418,417,0,12,405,LISTAS,,,
233813,05_142_001,682,407,407,0,3,404,LISTAS,,,
233815,05_143_001,876,479,478,0,10,468,LISTAS,,,
233817,05_144_001,88,63,63,0,0,63,LISTAS,,,
233819,05_145_001,907,596,596,0,14,582,LISTAS,,,
233821,05_146_001,72,51,51,0,0,51,LISTAS,,,
233823,05_147_001,667,393,393,0,3,390,LISTAS,,,
233825,05_147_002,601,357,356,0,5,351,LISTAS,,,
233827,05_148_001,383,247,247,0,3,244,LISTAS,,,
233829,05_149_001,713,391,391,0,4,387,LISTAS,,,
233831,05_149_002,594,286,286,0,5,281,LISTAS,,,
233833,05_150_001,218,165,165,0,1,164,LISTAS,,,
233835,05_151_001,679,364,364,0,3,361,LISTAS,,,
233837,05_151_002,648,418,418,0,10,408,LISTAS,,,
233839,05_152_001,379,233,233,0,0,233,LISTAS,,,
233841,05_153_001,656,483,483,0,0,483,LISTAS,,,
233843,05_153_002,670,516,516,0,3,513,LISTAS,,,
233845,05_153_003,738,372,372,0,4,368,LISTAS,,,
233847,05_153_004,1194,839,839,0,10,829,LISTAS,,,
233849,05_153_005,778,565,565,0,3,562,LISTAS,,,
233851,05_153_006,862,454,455,0,9,446,LISTAS,,,
233853,05_153_007,1129,516,516,0,9,507,LISTAS,,,
233855,05_153_008,946,467,465,0,10,455,LISTAS,,,
233857,05_153_009,606,421,421,0,3,418,LISTAS,,,
233859,05_153_010,562,380,380,0,6,374,LISTAS,,,
233861,05_153_011,706,466,464,0,8,456,LISTAS,,,
233863,05_153_012,1030,674,674,0,6,668,LISTAS,,,
233865,05_153_013,713,464,464,0,5,459,LISTAS,,,
233867,05_153_014,913,570,569,0,7,562,LISTAS,,,
233869,05_153_015,938,406,406,0,4,402,LISTAS,,,
233871,05_153_016,1082,622,621,0,2,619,LISTAS,,,
233873,05_153_017,715,433,429,0,5,424,LISTAS,,,
233875,05_153_018,2316,1961,1954,-7,7,1947,LISTAS,,,
233877,05_153_019,1152,682,681,0,6,675,LISTAS,,,
233879,05_153_020,851,494,494,0,3,491,LISTAS,,,
233881,05_153_021,773,499,498,0,3,495,LISTAS,,,
233883,05_153_022,628,406,406,0,3,403,LISTAS,,,
233885,05_153_023,983,610,613,0,21,592,LISTAS,,,
233887,05_153_024,622,397,397,0,3,394,LISTAS,,,
233889,05_153_025,951,582,582,0,5,577,LISTAS,,,
233891,05_154_001,419,305,305,0,1,304,LISTAS,,,
233893,05_155_001,133,120,120,0,3,117,LISTAS,,,
233895,05_156_001,40,32,32,0,0,32,LISTAS,,,
233897,05_157_001,715,447,447,0,6,441,LISTAS,,,
233899,05_158_001,354,251,251,0,3,248,LISTAS,,,
233901,05_159_001,918,489,489,0,9,480,LISTAS,,,
233903,05_160_001,21,18,18,0,0,18,LISTAS,,,
233905,05_161_001,632,391,391,0,1,390,LISTAS,,,
233907,05_161_002,645,374,374,0,4,370,LISTAS,,,
233909,05_162_001,114,81,81,0,2,79,LISTAS,,,
233911,05_163_001,135,76,77,0,5,72,LISTAS,,,
233913,05_163_002,468,260,259,0,4,255,LISTAS,,,
233915,05_164_001,133,98,98,0,0,98,LISTAS,,,
233917,05_165_001,643,441,440,0,1,439,LISTAS,,,
233919,05_165_002,606,373,373,0,4,369,LISTAS,,,
233921,05_166_001,246,177,177,0,5,172,LISTAS,,,
233923,05_167_001,250,189,189,0,1,188,LISTAS,,,
233925,05_168_001,165,98,98,0,2,96,LISTAS,,,
233927,05_169_001,243,191,191,0,5,186,LISTAS,,,
233929,05_170_001,829,588,589,0,6,583,LISTAS,,,
233931,05_170_002,938,674,673,0,8,665,LISTAS,,,
233933,05_171_001,140,107,107,0,6,101,LISTAS,,,
233935,05_172_001,202,156,156,0,5,151,LISTAS,,,
233937,05_173_001,481,288,287,0,1,286,LISTAS,,,
233939,05_174_001,220,158,158,0,4,154,LISTAS,,,
233941,05_175_001,454,261,261,0,1,260,LISTAS,,,
233943,05_176_001,862,465,464,0,19,445,LISTAS,,,
233945,05_177_001,339,220,220,0,4,216,LISTAS,,,
233947,05_178_001,129,87,87,0,2,85,LISTAS,,,
233949,05_179_001,490,300,300,0,5,295,LISTAS,,,
233951,05_179_002,672,445,445,0,9,436,LISTAS,,,
233953,05_180_001,447,327,327,0,5,322,LISTAS,,,
233955,05_181_001,200,83,83,0,2,81,LISTAS,,,
233957,05_182_001,208,146,146,0,0,146,LISTAS,,,
233960,05_183_001,1142,722,718,0,6,712,LISTAS,,,
233958,05_184_001,330,231,231,0,4,227,LISTAS,,,
233963,05_185_001,223,158,158,0,2,156,LISTAS,,,
233965,05_186_001,35,22,22,0,0,22,LISTAS,,,
233967,05_187_001,634,366,366,0,3,363,LISTAS,,,
233969,05_188_001,276,159,159,0,2,157,LISTAS,,,
233971,05_189_001,879,634,634,0,1,633,LISTAS,,,
233973,05_189_002,759,545,545,0,4,541,LISTAS,,,
233975,05_190_001,809,512,512,0,3,509,LISTAS,,,
233977,05_190_002,739,481,481,0,9,472,LISTAS,,,
233979,05_190_003,613,450,450,0,1,449,LISTAS,,,
233981,05_190_004,609,449,449,0,8,441,LISTAS,,,
233983,05_190_005,609,470,470,0,8,462,LISTAS,,,
233985,05_191_001,380,264,264,0,7,257,LISTAS,,,
233987,05_192_001,633,322,322,0,4,318,LISTAS,,,
233989,05_192_002,586,389,389,0,6,383,LISTAS,,,
233991,05_192_003,676,417,417,0,3,414,LISTAS,,,
233993,05_193_001,140,96,96,0,0,96,LISTAS,,,
233995,05_194_001,927,543,542,0,14,528,LISTAS,,,
233997,05_194_002,897,527,527,0,10,517,LISTAS,,,
233999,05_194_003,944,609,609,0,3,606,LISTAS,,,
234001,05_194_004,886,499,499,0,4,495,LISTAS,,,
234003,05_194_005,932,564,563,0,12,551,LISTAS,,,
234005,05_195_001,562,336,336,0,3,333,LISTAS,,,
234007,05_195_002,548,376,376,0,4,372,LISTAS,,,
234009,05_195_003,565,389,388,0,8,380,LISTAS,,,
234011,05_195_004,546,350,350,0,7,343,LISTAS,,,
234013,05_195_005,642,363,363,0,5,358,LISTAS,,,
234015,05_196_001,912,722,722,0,4,718,LISTAS,,,
234017,05_196_002,788,607,607,0,4,603,LISTAS,,,
234019,05_196_003,839,624,624,0,6,618,LISTAS,,,
234021,05_196_004,829,548,550,0,17,533,LISTAS,,,
234023,05_196_005,914,550,550,0,7,543,LISTAS,,,
234025,05_196_006,781,472,472,0,12,460,LISTAS,,,
234027,05_196_007,756,552,552,0,6,546,LISTAS,,,
234029,05_196_008,731,565,565,0,2,563,LISTAS,,,
234031,05_196_009,759,579,579,0,5,574,LISTAS,,,
234033,05_196_010,1018,690,691,0,21,670,LISTAS,,,
234035,05_196_011,947,624,623,0,11,612,LISTAS,,,
234037,05_196_012,2343,2022,2012,-10,13,1999,LISTAS,,,
234039,05_196_013,826,620,620,0,8,612,LISTAS,,,
234041,05_196_014,620,473,474,0,21,453,LISTAS,,,
234043,05_196_015,719,527,527,0,4,523,LISTAS,,,
234045,05_196_016,733,556,556,0,5,551,LISTAS,,,
234047,05_197_001,797,542,540,0,7,533,LISTAS,,,
234049,05_198_001,692,471,470,0,5,465,LISTAS,,,
234051,05_198_002,618,425,425,0,5,420,LISTAS,,,
234053,05_199_001,905,573,572,0,6,566,LISTAS,,,
234055,05_199_002,814,466,466,0,9,457,LISTAS,,,
234057,05_200_001,581,295,295,0,7,288,LISTAS,,,
234059,05_200_002,572,373,373,0,10,363,LISTAS,,,
234061,05_201_001,420,312,311,0,2,309,LISTAS,,,
234063,05_202_001,2847,2529,2522,-7,12,2510,LISTAS,,,
234065,05_202_002,835,598,598,0,9,589,LISTAS,,,
234067,05_202_003,850,676,674,0,2,672,LISTAS,,,
234069,05_202_004,930,552,552,0,16,536,LISTAS,,,
234071,05_202_005,932,418,417,0,14,403,LISTAS,,,
234073,05_202_006,1014,655,653,0,9,644,LISTAS,,,
234075,05_202_007,902,728,728,0,3,725,LISTAS,,,
234077,05_202_008,1002,796,798,0,15,783,LISTAS,,,
234079,05_202_009,823,588,588,0,5,583,LISTAS,,,
234081,05_202_010,719,553,553,0,5,548,LISTAS,,,
234083,05_202_011,804,556,556,0,3,553,LISTAS,,,
234085,05_202_012,1144,908,908,0,11,897,LISTAS,,,
234087,05_202_013,1004,762,762,0,2,760,LISTAS,,,
234089,05_202_014,1096,830,830,0,4,826,LISTAS,,,
234091,05_202_015,690,524,524,0,4,520,LISTAS,,,
234093,05_202_016,862,625,625,0,2,623,LISTAS,,,
234095,05_202_017,970,705,702,0,8,694,LISTAS,,,
234097,05_202_018,1057,674,673,0,7,666,LISTAS,,,
234099,05_202_019,800,450,450,0,2,448,LISTAS,,,
234101,05_202_020,846,565,565,0,1,564,LISTAS,,,
234103,05_202_021,757,555,555,0,0,555,LISTAS,,,
234105,05_202_022,1074,773,773,0,6,767,LISTAS,,,
234107,05_202_023,1049,823,820,0,7,813,LISTAS,,,
234109,05_202_024,1101,779,779,0,3,776,LISTAS,,,
234111,05_202_025,997,761,759,0,5,754,LISTAS,,,
234113,05_202_026,985,716,716,0,7,709,LISTAS,,,
234115,05_202_027,1023,759,759,0,7,752,LISTAS,,,
234117,05_202_028,966,485,484,0,4,480,LISTAS,,,
234119,05_202_029,884,553,553,0,3,550,LISTAS,,,
234121,05_202_030,939,482,483,0,9,474,LISTAS,,,
234123,05_202_031,998,585,583,0,5,578,LISTAS,,,
234125,05_202_032,966,555,555,0,2,553,LISTAS,,,
234127,05_202_033,930,603,603,0,3,600,LISTAS,,,
234129,05_202_034,1086,661,660,0,2,658,LISTAS,,,
234131,05_202_035,1056,596,596,0,6,590,LISTAS,,,
234133,05_202_036,1068,602,602,0,3,599,LISTAS,,,
234135,05_202_037,956,524,524,0,4,520,LISTAS,,,
234137,05_202_038,870,449,448,0,2,446,LISTAS,,,
234139,05_202_039,886,558,558,0,3,555,LISTAS,,,
234141,05_202_040,846,593,593,0,5,588,LISTAS,,,
234143,05_202_041,849,544,543,0,6,537,LISTAS,,,
234145,05_202_042,841,531,531,0,2,529,LISTAS,,,
234147,05_202_043,817,498,498,0,0,498,LISTAS,,,
234149,05_202_044,957,632,632,0,9,623,LISTAS,,,
234151,05_202_045,827,565,565,0,0,565,LISTAS,,,
234153,05_202_046,952,655,654,0,5,649,LISTAS,,,
234155,05_202_047,747,560,560,0,3,557,LISTAS,,,
234157,05_202_048,757,510,508,0,6,502,LISTAS,,,
234159,05_202_049,895,557,557,0,6,551,LISTAS,,,
234161,05_202_050,901,607,606,0,9,597,LISTAS,,,
234163,05_202_051,851,684,684,0,8,676,LISTAS,,,
234165,05_202_052,856,693,693,0,5,688,LISTAS,,,
234167,05_202_053,924,774,774,0,7,767,LISTAS,,,
234169,05_202_054,965,678,673,0,7,666,LISTAS,,,
234171,05_202_055,1071,758,758,0,11,747,LISTAS,,,
234173,05_202_056,1007,624,622,0,1,621,LISTAS,,,
234175,05_202_057,963,712,712,0,7,705,LISTAS,,,
234177,05_202_058,941,555,555,0,5,550,LISTAS,,,
234179,05_202_059,957,631,632,0,11,621,LISTAS,,,
234181,05_202_060,914,568,569,0,14,555,LISTAS,,,
234183,05_202_061,991,512,512,0,5,507,LISTAS,,,
234185,05_202_062,939,686,684,0,5,679,LISTAS,,,
234187,05_202_063,989,672,672,0,10,662,LISTAS,,,
234189,05_202_064,890,671,669,0,7,662,LISTAS,,,
234191,05_202_065,924,673,673,0,4,669,LISTAS,,,
234193,05_202_066,1221,528,528,0,4,524,LISTAS,,,
234195,05_202_067,980,602,602,0,1,601,LISTAS,,,
234197,05_202_068,977,629,631,0,16,615,LISTAS,,,
234199,05_202_069,1075,570,569,0,2,567,LISTAS,,,
234201,05_202_070,1009,568,568,0,6,562,LISTAS,,,
234203,05_202_071,758,455,455,0,6,449,LISTAS,,,
234205,05_202_072,813,631,629,0,6,623,LISTAS,,,
234207,05_202_073,967,653,653,0,5,648,LISTAS,,,
234209,05_202_074,915,601,601,0,3,598,LISTAS,,,
234211,05_202_075,907,680,680,0,7,673,LISTAS,,,
234213,05_202_076,915,705,708,0,27,681,LISTAS,,,
234215,05_202_077,955,722,722,0,4,718,LISTAS,,,
234217,05_202_078,831,622,621,0,4,617,LISTAS,,,
234219,05_202_079,1063,785,785,0,6,779,LISTAS,,,
234221,05_202_080,917,660,657,0,9,648,LISTAS,,,
234223,05_202_081,887,611,609,0,7,602,LISTAS,,,
234225,05_202_082,995,690,688,0,7,681,LISTAS,,,
234227,05_202_083,940,645,644,0,2,642,LISTAS,,,
234229,05_202_084,863,586,585,0,4,581,LISTAS,,,
234231,05_202_085,913,643,643,0,8,635,LISTAS,,,
234233,05_202_086,957,613,603,0,2,601,LISTAS,,,
234235,05_202_087,922,276,276,0,15,261,LISTAS,,,
234237,05_202_088,975,554,553,0,4,549,LISTAS,,,
234239,05_202_089,925,642,641,0,3,638,LISTAS,,,
234241,05_202_090,837,642,642,0,7,635,LISTAS,,,
234243,05_202_091,915,675,675,0,7,668,LISTAS,,,
234245,05_202_092,964,629,629,0,6,623,LISTAS,,,
234247,05_202_093,995,386,386,0,2,384,LISTAS,,,
234249,05_202_094,1014,508,508,0,6,502,LISTAS,,,
234251,05_202_095,929,663,663,0,3,660,LISTAS,,,
234253,05_202_096,880,622,621,0,3,618,LISTAS,,,
234255,05_202_097,936,653,653,0,1,652,LISTAS,,,
234257,05_202_098,1037,515,508,0,6,502,LISTAS,,,
234259,05_202_099,1156,896,895,0,8,887,LISTAS,,,
234261,05_202_100,426,306,306,0,7,299,LISTAS,,,
234263,05_202_101,1107,575,575,0,8,567,LISTAS,,,
234265,05_202_102,986,558,557,0,1,556,LISTAS,,,
234267,05_202_103,1043,658,657,0,8,649,LISTAS,,,
234269,05_202_104,1062,573,573,0,1,572,LISTAS,,,
234271,05_202_105,972,651,652,0,7,645,LISTAS,,,
234273,05_202_106,931,673,672,0,4,668,LISTAS,,,
234275,05_202_107,908,604,604,0,4,600,LISTAS,,,
234277,05_202_108,931,646,647,0,11,636,LISTAS,,,
234279,05_202_109,855,562,562,0,2,560,LISTAS,,,
234281,05_202_110,880,564,562,0,9,553,LISTAS,,,
234283,05_202_111,883,622,621,0,3,618,LISTAS,,,
234285,05_202_112,881,696,693,0,5,688,LISTAS,,,
234287,05_202_113,862,600,600,0,5,595,LISTAS,,,
234289,05_202_114,919,647,647,0,0,647,LISTAS,,,
234291,05_202_115,951,656,656,0,6,650,LISTAS,,,
234293,05_202_116,927,594,596,0,19,577,LISTAS,,,
234295,05_202_117,888,583,582,0,7,575,LISTAS,,,
234297,05_202_118,879,584,584,0,5,579,LISTAS,,,
234299,05_202_119,901,612,611,0,5,606,LISTAS,,,
234301,05_202_120,948,714,714,0,16,698,LISTAS,,,
234303,05_202_121,911,675,675,0,9,666,LISTAS,,,
234305,05_202_122,968,646,646,0,5,641,LISTAS,,,
234307,05_202_123,957,621,621,0,6,615,LISTAS,,,
234309,05_202_124,1037,809,809,0,7,802,LISTAS,,,
234311,05_202_125,987,708,707,0,3,704,LISTAS,,,
234313,05_202_126,937,629,629,0,3,626,LISTAS,,,
234315,05_202_127,956,727,727,0,6,721,LISTAS,,,
234317,05_202_128,378,271,271,0,1,270,LISTAS,,,
234319,05_202_129,2369,2190,2184,-6,7,2177,LISTAS,,,
234321,05_203_001,70,54,54,0,0,54,LISTAS,,,
234323,05_204_001,180,112,112,0,4,108,LISTAS,,,
234325,05_205_001,581,372,372,0,2,370,LISTAS,,,
234327,05_205_002,582,405,405,0,1,404,LISTAS,,,
234329,05_206_001,388,285,283,0,3,280,LISTAS,,,
234331,05_207_001,744,475,474,0,3,471,LISTAS,,,
234333,05_207_002,736,421,421,0,12,409,LISTAS,,,
234335,05_207_003,762,454,454,0,5,449,LISTAS,,,
234337,05_208_001,682,405,402,0,4,398,LISTAS,,,
234339,05_209_001,611,379,379,0,3,376,LISTAS,,,
234341,05_210_001,49,39,39,0,2,37,LISTAS,,,
234343,05_211_001,217,145,145,0,3,142,LISTAS,,,
234345,05_212_001,497,263,263,0,2,261,LISTAS,,,
234347,05_213_001,557,290,290,0,2,288,LISTAS,,,
234349,05_214_001,690,463,464,0,11,453,LISTAS,,,
234351,05_215_001,234,157,157,0,3,154,LISTAS,,,
234353,05_216_001,957,543,543,0,9,534,LISTAS,,,
234355,05_217_001,848,596,596,0,6,590,LISTAS,,,
234357,05_217_002,737,531,529,0,8,521,LISTAS,,,
234359,05_217_003,777,502,502,0,5,497,LISTAS,,,
234361,05_217_004,730,506,505,0,6,499,LISTAS,,,
234363,05_217_005,981,637,637,0,6,631,LISTAS,,,
234365,05_218_001,32,23,23,0,0,23,LISTAS,,,
234367,05_219_001,289,208,208,0,2,206,LISTAS,,,
234369,05_220_001,222,166,166,0,4,162,LISTAS,,,
234371,05_221_001,1166,674,674,0,6,668,LISTAS,,,
234373,05_222_001,743,482,482,0,5,477,LISTAS,,,
234375,05_222_002,815,444,444,0,5,439,LISTAS,,,
234377,05_222_003,878,635,635,0,5,630,LISTAS,,,
234379,05_222_004,882,656,656,0,1,655,LISTAS,,,
234381,05_222_005,167,112,112,0,0,112,LISTAS,,,
234383,05_222_006,104,66,66,0,1,65,LISTAS,,,
234385,05_223_001,611,346,344,0,5,339,LISTAS,,,
234387,05_223_002,571,330,330,0,6,324,LISTAS,,,
234389,05_224_001,280,205,205,0,0,205,LISTAS,,,
234391,05_225_001,876,494,494,0,7,487,LISTAS,,,
234393,05_225_002,878,483,483,0,6,477,LISTAS,,,
234395,05_226_001,577,301,300,0,1,299,LISTAS,,,
234397,05_226_002,827,441,441,0,4,437,LISTAS,,,
234399,05_226_003,902,467,467,0,2,465,LISTAS,,,
234401,05_226_004,928,491,491,0,7,484,LISTAS,,,
234403,05_226_005,774,442,442,0,6,436,LISTAS,,,
234405,05_226_006,1208,691,691,0,11,680,LISTAS,,,
234407,05_226_007,784,448,447,0,9,438,LISTAS,,,
234409,05_226_008,739,329,329,0,4,325,LISTAS,,,
234411,05_226_009,555,295,295,0,5,290,LISTAS,,,
234413,05_226_010,718,348,348,0,8,340,LISTAS,,,
234415,05_226_011,811,464,464,0,6,458,LISTAS,,,
234417,05_226_012,870,553,553,0,3,550,LISTAS,,,
234419,05_226_013,772,464,464,0,3,461,LISTAS,,,
234421,05_226_014,740,416,416,0,2,414,LISTAS,,,
234423,05_226_015,718,465,463,0,0,463,LISTAS,,,
234425,05_226_016,624,464,464,0,1,463,LISTAS,,,
234427,05_226_017,634,409,409,0,6,403,LISTAS,,,
234429,05_226_018,293,179,179,0,0,179,LISTAS,,,
234431,05_226_019,645,314,314,0,4,310,LISTAS,,,
234433,05_226_020,673,389,389,0,8,381,LISTAS,,,
234435,05_226_021,382,237,237,0,1,236,LISTAS,,,
234437,05_226_022,195,113,113,0,5,108,LISTAS,,,
234439,05_226_023,773,379,379,0,6,373,LISTAS,,,
234441,05_226_024,838,387,387,0,7,380,LISTAS,,,
234443,05_226_025,795,241,240,0,8,232,LISTAS,,,
234445,05_226_026,666,301,301,0,5,296,LISTAS,,,
234447,05_226_027,610,246,247,0,10,237,LISTAS,,,
234449,05_226_028,723,332,332,0,0,332,LISTAS,,,
234451,05_226_029,213,120,120,0,5,115,LISTAS,,,
234453,05_226_030,1747,1508,1506,-2,5,1501,LISTAS,,,
234455,05_226_031,862,418,417,0,13,404,LISTAS,,,
234457,05_226_032,855,445,445,0,7,438,LISTAS,,,
234459,05_226_033,934,592,592,0,10,582,LISTAS,,,
234461,05_226_034,733,386,386,0,4,382,LISTAS,,,
234463,05_226_035,917,482,481,0,3,478,LISTAS,,,
234465,05_226_036,444,172,172,0,4,168,LISTAS,,,
234467,05_226_037,270,109,109,0,2,107,LISTAS,,,
234469,05_227_001,34,25,25,0,0,25,LISTAS,,,
234471,05_228_001,904,538,538,0,4,534,LISTAS,,,
234473,05_229_001,1076,592,592,0,6,586,LISTAS,,,
234475,05_230_001,835,611,611,0,6,605,LISTAS,,,
234477,05_231_001,41,25,25,0,0,25,LISTAS,,,
234479,05_232_001,234,140,140,0,2,138,LISTAS,,,
234481,05_233_001,18,13,13,0,0,13,LISTAS,,,
234483,05_234_001,580,373,374,0,13,361,LISTAS,,,
234485,05_235_001,919,575,575,0,7,568,LISTAS,,,
234487,05_235_002,892,592,592,0,11,581,LISTAS,,,
234489,05_236_001,185,129,129,0,3,126,LISTAS,,,
234491,05_237_001,139,95,91,0,2,89,LISTAS,,,
234493,05_238_001,750,463,463,0,3,460,LISTAS,,,
234495,05_238_002,677,326,327,0,18,309,LISTAS,,,
234497,05_238_003,484,330,329,0,5,324,LISTAS,,,
234499,05_238_004,646,411,411,0,7,404,LISTAS,,,
234501,05_238_005,632,318,317,0,8,309,LISTAS,,,
234503,05_238_006,731,466,466,0,5,461,LISTAS,,,
234505,05_238_007,587,397,397,0,10,387,LISTAS,,,
234507,05_238_008,291,176,178,0,17,161,LISTAS,,,
234509,05_239_001,471,312,311,0,1,310,LISTAS,,,
234511,05_240_001,492,319,317,0,3,314,LISTAS,,,
234513,05_241_001,553,287,284,0,3,281,LISTAS,,,
234515,05_242_001,226,145,146,0,3,143,LISTAS,,,
234517,05_243_001,395,252,252,0,4,248,LISTAS,,,
234519,05_244_001,759,550,550,0,14,536,LISTAS,,,
234521,05_245_001,60,46,46,0,1,45,LISTAS,,,
234523,05_246_001,374,270,269,0,3,266,LISTAS,,,
234525,05_247_001,345,201,201,0,2,199,LISTAS,,,
234527,05_248_001,609,311,311,0,9,302,LISTAS,,,
234529,05_248_002,596,286,286,0,1,285,LISTAS,,,
234531,05_249_001,625,361,356,0,6,350,LISTAS,,,
234533,05_249_002,638,342,342,0,9,333,LISTAS,,,
234535,05_249_003,591,312,312,0,4,308,LISTAS,,,
234537,05_250_001,578,269,269,0,8,261,LISTAS,,,
234539,05_251_001,711,433,432,0,1,431,LISTAS,,,
234541,05_251_002,658,367,365,0,9,356,LISTAS,,,
234543,05_251_003,683,414,414,0,5,409,LISTAS,,,
234545,05_252_001,842,611,611,0,7,604,LISTAS,,,
234547,05_253_001,264,158,158,0,4,154,LISTAS,,,
234549,05_254_001,716,397,396,0,4,392,LISTAS,,,
234551,05_255_001,494,358,359,0,14,345,LISTAS,,,
234553,05_256_001,754,420,419,0,4,415,LISTAS,,,
234555,05_256_002,531,303,303,0,14,289,LISTAS,,,
234557,05_256_003,847,496,495,0,17,478,LISTAS,,,
234559,05_257_001,335,236,236,0,1,235,LISTAS,,,
234561,05_258_001,1218,871,871,0,5,866,LISTAS,,,
234563,05_259_001,1091,726,726,0,5,721,LISTAS,,,
234565,05_259_002,1161,564,564,0,5,559,LISTAS,,,
234568,05_260_001,340,217,217,0,1,216,LISTAS,,,
234566,05_261_001,158,100,100,0,1,99,LISTAS,,,
234571,05_262_001,332,204,204,0,5,199,LISTAS,,,
234573,05_263_001,1198,902,902,0,5,897,LISTAS,,,
234575,05_264_001,591,423,424,0,16,408,LISTAS,,,
234577,05_265_001,1131,602,602,0,12,590,LISTAS,,,
234579,05_266_001,409,259,259,0,7,252,LISTAS,,,
234581,05_267_001,306,226,226,0,2,224,LISTAS,,,
234583,05_268_001,1047,584,584,0,10,574,LISTAS,,,
234585,05_268_002,599,336,336,0,6,330,LISTAS,,,
234587,05_268_003,663,381,380,0,9,371,LISTAS,,,
234589,05_268_004,1128,675,675,0,11,664,LISTAS,,,
234591,05_268_005,1072,222,222,0,2,220,LISTAS,,,
234593,05_268_006,273,185,185,0,1,184,LISTAS,,,
234595,05_268_007,1010,606,606,0,9,597,LISTAS,,,
234597,05_268_008,1016,603,603,0,4,599,LISTAS,,,
234599,05_268_009,1246,682,682,0,12,670,LISTAS,,,
234601,05_268_010,1264,656,656,0,11,645,LISTAS,,,
234603,05_269_001,908,621,621,0,4,617,LISTAS,,,
234605,05_269_002,938,706,689,0,7,682,LISTAS,,,
234607,05_270_001,850,588,588,0,6,582,LISTAS,,,
234609,05_270_002,800,541,541,0,6,535,LISTAS,,,
234611,05_271_001,595,362,362,0,4,358,LISTAS,,,
234613,05_272_001,1167,716,715,0,15,700,LISTAS,,,
234615,05_273_001,170,119,119,0,3,116,LISTAS,,,
234617,05_274_001,743,525,525,0,3,522,LISTAS,,,
234619,05_274_002,577,366,366,0,3,363,LISTAS,,,
234621,05_274_003,636,466,466,0,6,460,LISTAS,,,
234623,05_274_004,597,440,441,0,8,433,LISTAS,,,
234625,05_274_005,642,431,431,0,7,424,LISTAS,,,
234627,05_274_006,568,314,314,0,1,313,LISTAS,,,
234629,05_274_007,718,492,492,0,6,486,LISTAS,,,
234631,05_274_008,618,348,348,0,8,340,LISTAS,,,
234633,05_274_009,573,387,387,0,4,383,LISTAS,,,
234635,05_274_010,691,468,468,0,5,463,LISTAS,,,
234637,05_274_011,607,421,421,0,6,415,LISTAS,,,
234639,05_274_012,666,456,456,0,6,450,LISTAS,,,
234641,05_274_013,425,310,310,0,4,306,LISTAS,,,
234643,05_274_014,592,368,368,0,6,362,LISTAS,,,
234645,05_274_015,180,70,70,0,3,67,LISTAS,,,
234647,05_274_016,248,144,144,0,2,142,LISTAS,,,
234649,05_274_017,116,75,75,0,1,74,LISTAS,,,
234651,05_275_001,842,492,492,0,6,486,LISTAS,,,
234653,05_276_001,401,281,281,0,3,278,LISTAS,,,
234655,05_276_002,560,339,339,0,5,334,LISTAS,,,
234657,05_276_003,545,333,333,0,2,331,LISTAS,,,
234659,05_276_004,211,170,170,0,1,169,LISTAS,,,
234661,05_276_005,592,439,439,0,6,433,LISTAS,,,
234663,05_276_006,581,303,303,0,10,293,LISTAS,,,
234665,05_276_007,669,373,373,0,4,369,LISTAS,,,
234667,05_276_008,675,304,304,0,3,301,LISTAS,,,
234669,05_276_009,670,383,383,0,6,377,LISTAS,,,
234671,05_276_010,735,481,480,0,5,475,LISTAS,,,
234673,05_276_011,590,360,360,0,3,357,LISTAS,,,
234675,05_276_012,735,475,474,0,4,470,LISTAS,,,
234677,05_276_013,675,465,466,0,14,452,LISTAS,,,
234679,05_276_014,3026,2590,2576,-14,22,2554,LISTAS,,,
234681,05_276_015,702,469,469,0,6,463,LISTAS,,,
234683,05_276_016,635,457,456,0,6,450,LISTAS,,,
234685,05_276_017,614,416,416,0,1,415,LISTAS,,,
234687,05_276_018,519,353,354,0,8,346,LISTAS,,,
234689,05_276_019,238,179,179,0,5,174,LISTAS,,,
234691,05_277_001,323,202,202,0,8,194,LISTAS,,,
234693,05_278_001,366,161,161,0,1,160,LISTAS,,,
234695,05_279_001,777,449,449,0,9,440,LISTAS,,,
234697,05_280_001,30,22,22,0,0,22,LISTAS,,,
234699,05_281_001,164,121,121,0,0,121,LISTAS,,,
234701,05_282_001,103,63,63,0,0,63,LISTAS,,,
234703,05_283_001,355,236,236,0,1,235,LISTAS,,,
234705,05_284_001,730,406,406,0,0,406,LISTAS,,,
234707,05_285_001,697,383,383,0,6,377,LISTAS,,,
234709,05_286_001,83,55,55,0,1,54,LISTAS,,,
234711,05_287_001,242,168,168,0,1,167,LISTAS,,,
234713,05_288_001,187,131,131,0,0,131,LISTAS,,,
234715,05_289_001,258,143,143,0,1,142,LISTAS,,,
234717,05_290_001,619,333,333,0,5,328,LISTAS,,,
234719,05_290_002,783,471,468,0,15,453,LISTAS,,,
234721,05_290_003,720,435,435,0,6,429,LISTAS,,,
234723,05_290_004,722,455,455,0,8,447,LISTAS,,,
234725,05_291_001,1347,656,656,0,12,644,LISTAS,,,
234727,05_292_001,612,408,408,0,7,401,LISTAS,,,
234729,05_292_002,656,463,463,0,11,452,LISTAS,,,
234731,05_292_003,632,442,441,0,17,424,LISTAS,,,
234733,05_293_001,228,156,156,0,0,156,LISTAS,,,
234735,05_294_001,777,567,567,0,1,566,LISTAS,,,
234737,05_294_002,677,486,486,0,6,480,LISTAS,,,
234739,05_294_003,732,590,589,0,5,584,LISTAS,,,
234741,05_294_004,734,572,572,0,2,570,LISTAS,,,
234743,05_294_005,745,450,450,0,5,445,LISTAS,,,
234745,05_294_006,850,563,564,0,8,556,LISTAS,,,
234747,05_294_007,785,599,599,0,3,596,LISTAS,,,
234749,05_294_008,813,564,564,0,2,562,LISTAS,,,
234751,05_294_009,559,397,397,0,3,394,LISTAS,,,
234753,05_294_010,466,327,327,0,2,325,LISTAS,,,
234755,05_295_001,615,450,450,0,2,448,LISTAS,,,
234757,05_295_002,670,476,476,0,3,473,LISTAS,,,
234759,05_295_003,642,439,439,0,3,436,LISTAS,,,
234761,05_295_004,605,372,372,0,2,370,LISTAS,,,
234763,05_295_005,608,401,401,0,3,398,LISTAS,,,
234765,05_295_006,599,375,375,0,3,372,LISTAS,,,
234767,05_295_007,594,357,357,0,2,355,LISTAS,,,
234769,05_296_001,517,359,359,0,8,351,LISTAS,,,
234771,05_297_001,161,118,118,0,1,117,LISTAS,,,
234773,05_298_001,989,713,713,0,4,709,LISTAS,,,
234775,05_298_002,853,682,682,0,4,678,LISTAS,,,
234777,05_298_003,784,574,574,0,1,573,LISTAS,,,
234779,05_298_004,819,589,589,0,4,585,LISTAS,,,
234781,05_299_001,1204,788,787,0,25,762,LISTAS,,,
234783,05_300_001,492,337,337,0,3,334,LISTAS,,,
234785,05_301_001,96,73,73,0,0,73,LISTAS,,,
234787,05_302_001,103,80,80,0,2,78,LISTAS,,,
234789,05_303_001,766,479,479,0,8,471,LISTAS,,,
234791,05_304_001,806,484,485,0,8,477,LISTAS,,,
234793,05_305_001,403,277,277,0,2,275,LISTAS,,,
234795,05_306_001,757,487,487,0,8,479,LISTAS,,,
234797,05_306_002,693,416,416,0,10,406,LISTAS,,,
234799,05_306_003,629,387,387,0,4,383,LISTAS,,,
234801,05_306_004,610,378,378,0,0,378,LISTAS,,,
234803,05_307_001,826,520,520,0,13,507,LISTAS,,,
234805,05_308_001,667,399,399,0,3,396,LISTAS,,,
234807,05_308_002,695,377,377,0,3,374,LISTAS,,,
234809,05_309_001,1080,714,689,0,13,676,LISTAS,,,
234811,05_309_002,1082,677,677,0,14,663,LISTAS,,,
234813,05_310_001,925,680,680,0,7,673,LISTAS,,,
234815,05_311_001,810,539,539,0,10,529,LISTAS,,,
234817,05_312_001,727,406,406,0,9,397,LISTAS,,,
234819,05_312_002,643,437,437,0,3,434,LISTAS,,,
234821,05_313_001,447,312,312,0,10,302,LISTAS,,,
234823,05_314_001,19,15,15,0,0,15,LISTAS,,,
234825,05_315_001,1048,654,653,0,11,642,LISTAS,,,
234827,05_316_001,252,169,169,0,0,169,LISTAS,,,
234829,05_317_001,349,177,177,0,4,173,LISTAS,,,
234831,05_318_001,308,220,220,0,6,214,LISTAS,,,
234833,05_319_001,732,369,369,0,2,367,LISTAS,,,
234835,05_319_002,792,334,334,0,8,326,LISTAS,,,
234837,05_319_003,196,82,82,0,1,81,LISTAS,,,
234839,05_320_001,684,438,438,0,5,433,LISTAS,,,
234841,05_320_002,611,382,382,0,3,379,LISTAS,,,
234843,05_320_003,630,360,360,0,9,351,LISTAS,,,
234846,05_321_001,470,350,350,0,3,347,LISTAS,,,
234844,05_322_001,751,406,406,0,9,397,LISTAS,,,
234849,05_322_002,843,494,494,0,7,487,LISTAS,,,
234851,05_322_003,720,396,396,0,1,395,LISTAS,,,
234853,05_322_004,747,380,379,0,3,376,LISTAS,,,
234855,05_322_005,767,385,385,0,6,379,LISTAS,,,
234857,05_323_001,1127,705,705,0,6,699,LISTAS,,,
234859,05_324_001,167,126,126,0,1,125,LISTAS,,,
234862,05_325_001,1032,635,635,0,17,618,LISTAS,,,
234860,05_326_001,663,430,430,0,4,426,LISTAS,,,
234865,05_326_002,673,393,393,0,6,387,LISTAS,,,
234867,05_326_003,193,144,144,0,1,143,LISTAS,,,
234869,05_326_004,690,463,463,0,4,459,LISTAS,,,
234871,05_326_005,725,480,480,0,2,478,LISTAS,,,
234873,05_326_006,833,663,663,0,5,658,LISTAS,,,
234875,05_326_007,737,498,497,0,8,489,LISTAS,,,
234877,05_326_008,718,465,465,0,2,463,LISTAS,,,
234879,05_326_009,2675,2336,2327,-9,13,2314,LISTAS,,,
234881,05_326_010,612,420,420,0,2,418,LISTAS,,,
234883,05_326_011,748,548,548,0,9,539,LISTAS,,,
234885,05_326_012,731,472,472,0,2,470,LISTAS,,,
234887,05_326_013,786,560,560,0,6,554,LISTAS,,,
234889,05_326_014,779,514,514,0,6,508,LISTAS,,,
234891,05_326_015,754,503,503,0,6,497,LISTAS,,,
234893,05_326_016,688,495,494,0,1,493,LISTAS,,,
234895,05_326_017,965,815,815,0,4,811,LISTAS,,,
234897,05_327_001,250,205,205,0,11,194,LISTAS,,,
234900,05_328_001,569,394,390,0,5,385,LISTAS,,,
234898,05_328_002,372,253,254,0,6,248,LISTAS,,,
234903,05_328_003,586,430,430,0,3,427,LISTAS,,,
234905,05_328_004,711,505,505,0,4,501,LISTAS,,,
234907,05_328_005,701,489,489,0,3,486,LISTAS,,,
234909,05_329_001,663,417,417,0,7,410,LISTAS,,,
234911,05_329_002,650,406,406,0,4,402,LISTAS,,,
234913,05_330_001,180,140,138,0,1,137,LISTAS,,,
234915,05_331_001,16,14,14,0,0,14,LISTAS,,,
234917,05_332_001,20,17,17,0,0,17,LISTAS,,,
234919,05_333_001,393,270,270,0,8,262,LISTAS,,,
234921,05_334_001,139,90,90,0,3,87,LISTAS,,,
234923,05_335_001,127,91,91,0,1,90,LISTAS,,,
234925,05_336_001,311,218,218,0,3,215,LISTAS,,,
234927,05_337_001,162,116,116,0,1,115,LISTAS,,,
234929,05_338_001,241,154,154,0,2,152,LISTAS,,,
234931,05_339_001,662,403,403,0,5,398,LISTAS,,,
234933,05_340_001,493,323,322,0,2,320,LISTAS,,,
234935,05_341_001,946,531,531,0,2,529,LISTAS,,,
234937,05_342_001,904,669,669,0,6,663,LISTAS,,,
234939,05_343_001,52,43,43,0,0,43,LISTAS,,,
234941,05_344_001,686,493,493,0,2,491,LISTAS,,,
234943,05_345_001,80,52,52,0,0,52,LISTAS,,,
234945,05_346_001,577,413,413,0,10,403,LISTAS,,,
234947,05_347_001,943,489,488,0,4,484,LISTAS,,,
234949,05_348_001,207,133,133,0,1,132,LISTAS,,,
234951,05_349_001,417,171,171,0,5,166,LISTAS,,,
234953,05_350_001,52,43,43,0,0,43,LISTAS,,,
234955,05_351_001,599,374,374,0,4,370,LISTAS,,,
234957,05_352_001,166,109,109,0,2,107,LISTAS,,,
234959,05_353_001,316,175,175,0,2,173,LISTAS,,,
234961,05_354_001,503,256,256,0,3,253,LISTAS,,,
234963,05_355_001,296,191,191,0,7,184,LISTAS,,,
234965,05_356_001,143,100,100,0,0,100,LISTAS,,,
234967,05_357_001,400,276,276,0,0,276,LISTAS,,,
234969,05_358_001,288,200,200,0,2,198,LISTAS,,,
234971,06_001_001,1062,810,810,0,5,805,LISTAS,,,
234973,06_001_002,1097,789,787,0,9,778,LISTAS,,,
234975,06_001_003,1092,792,791,0,10,781,LISTAS,,,
234977,06_001_004,1051,690,690,0,5,685,LISTAS,,,
234979,06_002_001,359,230,230,0,6,224,LISTAS,,,
234981,06_003_001,710,459,460,0,17,443,LISTAS,,,
234983,06_003_002,765,471,471,0,4,467,LISTAS,,,
234985,06_003_003,853,520,519,0,14,505,LISTAS,,,
234987,06_004_001,355,255,255,0,0,255,LISTAS,,,
234989,06_005_001,730,475,475,0,11,464,LISTAS,,,
234991,06_005_002,776,515,515,0,11,504,LISTAS,,,
234993,06_005_003,709,485,485,0,12,473,LISTAS,,,
234995,06_005_004,450,222,222,0,4,218,LISTAS,,,
234997,06_005_005,444,248,248,0,4,244,LISTAS,,,
234999,06_006_001,798,451,451,0,5,446,LISTAS,,,
235001,06_006_002,719,402,401,0,8,393,LISTAS,,,
235003,06_007_001,725,486,486,0,6,480,LISTAS,,,
235005,06_007_002,710,542,541,0,5,536,LISTAS,,,
235007,06_007_003,707,384,383,0,4,379,LISTAS,,,
235009,06_007_004,520,319,319,0,3,316,LISTAS,,,
235011,06_008_001,871,614,614,0,7,607,LISTAS,,,
235013,06_008_002,864,619,619,0,3,616,LISTAS,,,
235015,06_008_003,867,516,516,0,1,515,LISTAS,,,
235017,06_009_001,348,225,225,0,0,225,LISTAS,,,
235019,06_010_001,737,479,479,0,6,473,LISTAS,,,
235021,06_010_002,765,518,518,0,6,512,LISTAS,,,
235023,06_010_003,718,447,447,0,7,440,LISTAS,,,
235025,06_011_001,667,404,404,0,3,401,LISTAS,,,
235027,06_011_002,707,464,464,0,5,459,LISTAS,,,
235029,06_011_003,720,385,384,0,3,381,LISTAS,,,
235031,06_012_001,790,607,606,0,9,597,LISTAS,,,
235033,06_012_002,682,450,450,0,8,442,LISTAS,,,
235035,06_013_001,971,643,643,0,2,641,LISTAS,,,
235037,06_013_002,828,574,574,0,10,564,LISTAS,,,
235039,06_013_003,769,564,565,0,10,555,LISTAS,,,
235041,06_013_004,923,598,598,0,5,593,LISTAS,,,
235043,06_013_005,774,513,512,0,5,507,LISTAS,,,
235045,06_013_006,886,515,515,0,2,513,LISTAS,,,
235047,06_013_007,833,640,638,0,3,635,LISTAS,,,
235049,06_013_008,897,634,633,0,2,631,LISTAS,,,
235051,06_013_009,762,569,569,0,5,564,LISTAS,,,
235053,06_013_010,859,611,611,0,9,602,LISTAS,,,
235055,06_013_011,664,481,481,0,5,476,LISTAS,,,
235057,06_013_012,790,587,588,0,12,576,LISTAS,,,
235059,06_013_013,878,660,660,0,3,657,LISTAS,,,
235061,06_013_014,716,537,537,0,2,535,LISTAS,,,
235063,06_013_015,508,280,279,0,2,277,LISTAS,,,
235065,06_013_016,734,512,511,0,9,502,LISTAS,,,
235067,06_014_001,415,278,278,0,1,277,LISTAS,,,
235069,06_014_002,575,385,385,0,7,378,LISTAS,,,
235071,06_014_003,159,121,121,0,2,119,LISTAS,,,
235073,06_015_001,819,627,625,0,3,622,LISTAS,,,
235075,06_015_002,755,553,553,0,6,547,LISTAS,,,
235077,06_015_003,749,507,507,0,2,505,LISTAS,,,
235079,06_015_004,740,527,527,0,3,524,LISTAS,,,
235081,06_016_001,894,636,634,0,2,632,LISTAS,,,
235083,06_016_002,1097,739,739,0,3,736,LISTAS,,,
235085,06_016_003,824,556,555,0,12,543,LISTAS,,,
235087,06_016_004,1133,810,810,0,7,803,LISTAS,,,
235089,06_017_001,429,293,293,0,1,292,LISTAS,,,
235091,06_017_002,151,92,91,0,1,90,LISTAS,,,
235093,06_018_001,368,258,258,0,7,251,LISTAS,,,
235095,06_019_001,552,409,409,0,4,405,LISTAS,,,
235097,06_019_002,494,349,349,0,5,344,LISTAS,,,
235099,06_019_003,502,336,336,0,6,330,LISTAS,,,
235101,06_020_001,518,386,386,0,3,383,LISTAS,,,
235103,06_020_002,424,266,266,0,1,265,LISTAS,,,
235105,06_021_001,525,356,356,0,8,348,LISTAS,,,
235107,06_022_001,754,538,538,0,8,530,LISTAS,,,
235109,06_022_002,871,599,599,0,6,593,LISTAS,,,
235111,06_023_001,889,655,655,0,8,647,LISTAS,,,
235113,06_023_002,834,577,578,0,12,566,LISTAS,,,
235115,06_023_003,729,503,502,0,9,493,LISTAS,,,
235117,06_024_001,688,507,507,0,3,504,LISTAS,,,
235119,06_024_002,626,421,421,0,4,417,LISTAS,,,
235121,06_024_003,622,383,382,0,3,379,LISTAS,,,
235123,06_024_004,724,536,535,0,6,529,LISTAS,,,
235125,06_024_005,667,542,542,0,6,536,LISTAS,,,
235127,06_024_006,725,584,583,0,3,580,LISTAS,,,
235129,06_024_007,567,458,458,0,8,450,LISTAS,,,
235131,06_024_008,563,457,456,0,5,451,LISTAS,,,
235133,06_024_009,571,467,467,0,3,464,LISTAS,,,
235135,06_024_010,667,525,524,0,2,522,LISTAS,,,
235137,06_024_011,777,594,595,0,3,592,LISTAS,,,
235139,06_024_012,627,491,490,0,6,484,LISTAS,,,
235141,06_024_013,652,508,507,0,7,500,LISTAS,,,
235143,06_024_014,916,662,662,0,3,659,LISTAS,,,
235145,06_024_015,700,516,516,0,6,510,LISTAS,,,
235147,06_024_016,812,545,544,0,10,534,LISTAS,,,
235149,06_024_017,951,747,747,0,10,737,LISTAS,,,
235151,06_024_018,826,651,650,0,16,634,LISTAS,,,
235153,06_024_019,832,671,670,0,4,666,LISTAS,,,
235155,06_024_020,887,663,663,0,11,652,LISTAS,,,
235157,06_024_021,770,615,612,0,4,608,LISTAS,,,
235159,06_024_022,760,565,565,0,9,556,LISTAS,,,
235161,06_024_023,946,728,728,0,4,724,LISTAS,,,
235163,06_024_024,595,401,401,0,4,397,LISTAS,,,
235165,06_024_025,666,493,493,0,7,486,LISTAS,,,
235167,06_024_026,681,482,482,0,7,475,LISTAS,,,
235169,06_024_027,673,513,511,0,4,507,LISTAS,,,
235171,06_024_028,665,490,490,0,11,479,LISTAS,,,
235173,06_024_029,600,423,423,0,6,417,LISTAS,,,
235175,06_024_030,615,448,448,0,2,446,LISTAS,,,
235177,06_024_031,550,384,384,0,3,381,LISTAS,,,
235179,06_024_032,768,573,573,0,2,571,LISTAS,,,
235181,06_024_033,795,550,549,0,5,544,LISTAS,,,
235183,06_024_034,855,645,645,0,7,638,LISTAS,,,
235185,06_024_035,859,610,610,0,4,606,LISTAS,,,
235187,06_024_036,853,645,645,0,9,636,LISTAS,,,
235189,06_024_037,787,631,630,0,4,626,LISTAS,,,
235191,06_024_038,841,683,682,0,7,675,LISTAS,,,
235193,06_024_039,855,669,669,0,5,664,LISTAS,,,
235195,06_024_040,830,632,631,0,10,621,LISTAS,,,
235197,06_024_041,852,706,705,0,14,691,LISTAS,,,
235199,06_024_042,228,167,167,0,6,161,LISTAS,,,
235201,06_024_043,413,292,292,0,2,290,LISTAS,,,
235203,06_024_044,247,164,164,0,3,161,LISTAS,,,
235205,06_024_045,437,332,332,0,3,329,LISTAS,,,
235207,06_024_046,295,198,198,0,2,196,LISTAS,,,
235209,06_024_047,267,197,197,0,6,191,LISTAS,,,
235211,06_024_048,517,381,380,0,4,376,LISTAS,,,
235213,06_024_049,1975,1787,1785,-2,5,1780,LISTAS,,,
235215,06_024_050,623,526,526,0,0,526,LISTAS,,,
235217,06_024_051,656,516,514,0,1,513,LISTAS,,,
235219,06_025_001,443,326,325,0,4,321,LISTAS,,,
235221,06_025_002,30,22,22,0,0,22,LISTAS,,,
235223,06_026_001,967,667,666,0,3,663,LISTAS,,,
235225,06_026_002,940,577,577,0,15,562,LISTAS,,,
235227,06_026_003,1007,659,659,0,3,656,LISTAS,,,
235229,06_026_004,985,673,673,0,5,668,LISTAS,,,
235231,06_026_005,937,662,661,0,8,653,LISTAS,,,
235233,06_026_006,1025,673,673,0,6,667,LISTAS,,,
235235,06_027_001,781,501,500,0,9,491,LISTAS,,,
235237,06_027_002,757,454,454,0,4,450,LISTAS,,,
235239,06_027_003,762,537,537,0,7,530,LISTAS,,,
235241,06_027_004,771,543,543,0,5,538,LISTAS,,,
235243,06_028_001,417,257,257,0,3,254,LISTAS,,,
235245,06_029_001,295,208,208,0,2,206,LISTAS,,,
235247,06_030_001,1217,746,746,0,8,738,LISTAS,,,
235249,06_031_001,537,348,346,0,4,342,LISTAS,,,
235251,06_031_002,482,287,287,0,5,282,LISTAS,,,
235253,06_032_001,703,534,534,0,8,526,LISTAS,,,
235255,06_032_002,810,574,574,0,4,570,LISTAS,,,
235257,06_032_003,911,636,635,0,5,630,LISTAS,,,
235259,06_032_004,796,541,540,0,9,531,LISTAS,,,
235261,06_032_005,668,511,511,0,6,505,LISTAS,,,
235263,06_032_006,696,480,480,0,4,476,LISTAS,,,
235265,06_032_007,586,424,424,0,9,415,LISTAS,,,
235267,06_032_008,716,541,541,0,6,535,LISTAS,,,
235269,06_032_009,914,473,473,0,14,459,LISTAS,,,
235271,06_032_010,1013,732,731,0,9,722,LISTAS,,,
235273,06_032_011,1009,655,649,0,18,631,LISTAS,,,
235275,06_032_012,701,517,516,0,5,511,LISTAS,,,
235277,06_032_013,922,712,706,0,11,695,LISTAS,,,
235279,06_032_014,801,581,581,0,7,574,LISTAS,,,
235281,06_032_015,875,662,662,0,13,649,LISTAS,,,
235283,06_032_016,662,500,500,0,6,494,LISTAS,,,
235285,06_032_017,725,531,531,0,11,520,LISTAS,,,
235287,06_032_018,828,506,504,0,7,497,LISTAS,,,
235289,06_032_019,644,457,457,0,4,453,LISTAS,,,
235291,06_032_020,703,502,502,0,7,495,LISTAS,,,
235293,06_032_021,851,624,624,0,8,616,LISTAS,,,
235295,06_032_022,719,528,527,0,10,517,LISTAS,,,
235297,06_032_023,904,593,593,0,9,584,LISTAS,,,
235299,06_033_001,829,597,596,0,10,586,LISTAS,,,
235301,06_033_002,831,564,564,0,2,562,LISTAS,,,
235303,06_034_001,668,518,517,0,8,509,LISTAS,,,
235305,06_034_002,341,273,273,0,4,269,LISTAS,,,
235307,06_035_001,1116,710,709,0,2,707,LISTAS,,,
235309,06_035_002,1122,727,727,0,10,717,LISTAS,,,
235311,06_035_003,1112,768,768,0,8,760,LISTAS,,,
235313,06_035_004,957,602,602,0,5,597,LISTAS,,,
235315,06_035_005,1008,621,621,0,3,618,LISTAS,,,
235317,06_036_001,664,506,506,0,9,497,LISTAS,,,
235319,06_036_002,765,564,564,0,4,560,LISTAS,,,
235321,06_036_003,885,659,659,0,10,649,LISTAS,,,
235323,06_036_004,810,630,630,0,7,623,LISTAS,,,
235325,06_036_005,859,645,645,0,7,638,LISTAS,,,
235327,06_036_006,314,194,192,0,3,189,LISTAS,,,
235329,06_036_007,269,162,162,0,4,158,LISTAS,,,
235331,06_036_008,307,210,210,0,2,208,LISTAS,,,
235333,06_036_009,161,117,117,0,0,117,LISTAS,,,
235335,06_037_001,382,223,223,0,1,222,LISTAS,,,
235337,06_038_001,349,258,258,0,2,256,LISTAS,,,
235339,06_039_001,540,317,317,0,3,314,LISTAS,,,
235341,06_039_002,661,395,395,0,8,387,LISTAS,,,
235343,06_039_003,486,318,317,0,2,315,LISTAS,,,
235345,06_039_004,436,273,273,0,12,261,LISTAS,,,
235347,06_039_005,130,79,79,0,0,79,LISTAS,,,
235349,06_040_001,317,211,211,0,1,210,LISTAS,,,
235351,06_041_001,364,260,260,0,10,250,LISTAS,,,
235353,06_042_001,593,387,387,0,1,386,LISTAS,,,
235355,06_042_002,468,276,276,0,5,271,LISTAS,,,
235357,06_042_003,327,181,181,0,4,177,LISTAS,,,
235359,06_042_004,146,85,85,0,4,81,LISTAS,,,
235361,06_043_001,391,300,300,0,1,299,LISTAS,,,
235363,06_043_002,143,77,77,0,0,77,LISTAS,,,
235365,06_044_001,557,386,386,0,5,381,LISTAS,,,
235367,06_044_002,504,373,373,0,0,373,LISTAS,,,
235369,06_045_001,863,568,568,0,7,561,LISTAS,,,
235371,06_046_001,731,526,526,0,4,522,LISTAS,,,
235373,06_046_002,418,221,219,0,1,218,LISTAS,,,
235375,06_047_001,1080,713,713,0,4,709,LISTAS,,,
235377,06_047_002,1280,876,876,0,13,863,LISTAS,,,
235379,06_047_003,546,293,293,0,3,290,LISTAS,,,
235381,06_048_001,1033,681,680,0,9,671,LISTAS,,,
235383,06_048_002,939,657,657,0,10,647,LISTAS,,,
235385,06_049_001,844,553,553,0,7,546,LISTAS,,,
235387,06_049_002,834,540,540,0,5,535,LISTAS,,,
235389,06_049_003,658,478,478,0,3,475,LISTAS,,,
235391,06_049_004,716,445,445,0,7,438,LISTAS,,,
235393,06_049_005,805,582,582,0,0,582,LISTAS,,,
235395,06_049_006,848,605,605,0,5,600,LISTAS,,,
235397,06_049_007,782,587,587,0,2,585,LISTAS,,,
235399,06_049_008,709,508,508,0,3,505,LISTAS,,,
235401,06_049_009,482,246,246,0,1,245,LISTAS,,,
235403,06_050_001,993,610,608,0,5,603,LISTAS,,,
235405,06_050_002,996,718,718,0,1,717,LISTAS,,,
235407,06_050_003,1020,634,634,0,6,628,LISTAS,,,
235409,06_050_004,1094,688,687,0,13,674,LISTAS,,,
235411,06_051_001,1204,747,746,0,10,736,LISTAS,,,
235413,06_051_002,1134,784,784,0,4,780,LISTAS,,,
235415,06_051_003,1231,854,854,0,7,847,LISTAS,,,
235417,06_051_004,1192,784,784,0,3,781,LISTAS,,,
235419,06_051_005,965,704,704,0,3,701,LISTAS,,,
235421,06_051_006,1266,977,975,0,8,967,LISTAS,,,
235423,06_051_007,1380,994,993,0,6,987,LISTAS,,,
235425,06_051_008,1036,725,725,0,1,724,LISTAS,,,
235427,06_051_009,1208,763,763,0,1,762,LISTAS,,,
235429,06_051_010,983,669,668,0,6,662,LISTAS,,,
235431,06_051_011,1071,691,691,0,1,690,LISTAS,,,
235433,06_051_012,1370,1028,1019,0,7,1012,LISTAS,,,
235435,06_051_013,1091,775,775,0,5,770,LISTAS,,,
235437,06_051_014,1373,983,983,0,7,976,LISTAS,,,
235439,06_051_015,1086,676,676,0,10,666,LISTAS,,,
235441,06_051_016,1212,780,780,0,5,775,LISTAS,,,
235443,06_051_017,1265,895,895,0,3,892,LISTAS,,,
235445,06_051_018,1160,803,782,0,3,779,LISTAS,,,
235447,06_051_019,1374,1069,1068,0,6,1062,LISTAS,,,
235449,06_051_020,1030,765,764,0,9,755,LISTAS,,,
235451,06_051_101,1214,927,926,0,3,923,LISTAS,,,
235453,06_051_102,1391,996,995,0,14,981,LISTAS,,,
235455,06_051_103,1091,807,806,0,9,797,LISTAS,,,
235457,06_051_104,1168,748,739,0,13,726,LISTAS,,,
235459,06_051_105,1047,691,692,0,12,680,LISTAS,,,
235461,06_051_106,1186,926,918,0,7,911,LISTAS,,,
235463,06_051_107,1297,941,938,0,6,932,LISTAS,,,
235465,06_051_108,1182,787,787,0,2,785,LISTAS,,,
235467,06_051_109,1203,821,820,0,4,816,LISTAS,,,
235469,06_051_110,1149,809,809,0,7,802,LISTAS,,,
235471,06_051_111,983,673,673,0,4,669,LISTAS,,,
235473,06_051_112,1391,1048,1048,0,6,1042,LISTAS,,,
235475,06_051_113,1189,811,811,0,5,806,LISTAS,,,
235477,06_051_114,1185,728,728,0,7,721,LISTAS,,,
235479,06_051_115,1126,772,771,0,6,765,LISTAS,,,
235481,06_051_116,1294,887,886,0,8,878,LISTAS,,,
235483,06_051_117,1160,798,797,0,4,793,LISTAS,,,
235485,06_051_118,1148,810,807,0,12,795,LISTAS,,,
235487,06_051_119,1317,1048,1055,0,44,1011,LISTAS,,,
235489,06_051_120,1406,1147,1147,0,3,1144,LISTAS,,,
235491,06_051_201,1196,780,778,0,2,776,LISTAS,,,
235493,06_051_202,1211,869,867,0,13,854,LISTAS,,,
235495,06_051_203,1089,836,836,0,2,834,LISTAS,,,
235497,06_051_204,1211,754,753,0,10,743,LISTAS,,,
235499,06_051_205,1029,675,673,0,11,662,LISTAS,,,
235501,06_051_206,1118,863,863,0,4,859,LISTAS,,,
235503,06_051_207,720,571,570,0,5,565,LISTAS,,,
235505,06_051_208,1224,843,842,0,10,832,LISTAS,,,
235507,06_051_209,1142,825,825,0,4,821,LISTAS,,,
235509,06_051_210,912,595,594,0,3,591,LISTAS,,,
235511,06_051_211,603,429,428,0,1,427,LISTAS,,,
235513,06_051_212,1003,679,679,0,6,673,LISTAS,,,
235515,06_051_213,1128,790,788,0,5,783,LISTAS,,,
235517,06_051_214,1132,725,725,0,6,719,LISTAS,,,
235519,06_051_215,1180,744,743,0,11,732,LISTAS,,,
235521,06_051_216,1189,813,808,0,9,799,LISTAS,,,
235523,06_051_217,1035,747,747,0,8,739,LISTAS,,,
235525,06_051_218,1096,722,722,0,5,717,LISTAS,,,
235527,06_051_219,1278,1001,1001,0,8,993,LISTAS,,,
235529,06_051_220,1431,1159,1156,0,12,1144,LISTAS,,,
235531,06_051_301,1188,801,801,0,23,778,LISTAS,,,
235533,06_051_302,943,659,659,0,9,650,LISTAS,,,
235535,06_051_303,894,680,680,0,8,672,LISTAS,,,
235537,06_051_304,1183,822,822,0,6,816,LISTAS,,,
235539,06_051_305,1326,954,952,0,8,944,LISTAS,,,
235541,06_051_306,1010,766,765,0,3,762,LISTAS,,,
235543,06_051_307,1341,1037,1033,0,7,1026,LISTAS,,,
235545,06_051_308,1120,746,744,0,5,739,LISTAS,,,
235547,06_051_309,1119,780,779,0,5,774,LISTAS,,,
235549,06_051_310,3691,3257,3243,-14,15,3228,LISTAS,,,
235551,06_051_311,994,385,384,0,0,384,LISTAS,,,
235553,06_051_312,1134,882,882,0,4,878,LISTAS,,,
235555,06_051_313,1064,669,668,0,8,660,LISTAS,,,
235557,06_051_314,1241,875,874,0,10,864,LISTAS,,,
235559,06_051_315,1117,738,737,0,10,727,LISTAS,,,
235561,06_051_316,1213,777,779,0,18,761,LISTAS,,,
235563,06_051_317,1220,787,787,0,8,779,LISTAS,,,
235565,06_051_318,1199,935,935,0,4,931,LISTAS,,,
235567,06_051_319,1181,849,849,0,7,842,LISTAS,,,
235569,06_051_320,1132,833,831,0,5,826,LISTAS,,,
235571,06_051_401,1169,853,852,0,5,847,LISTAS,,,
235573,06_051_402,951,603,603,0,3,600,LISTAS,,,
235575,06_051_403,859,658,658,0,1,657,LISTAS,,,
235577,06_051_404,1169,784,783,0,11,772,LISTAS,,,
235579,06_051_405,926,617,617,0,5,612,LISTAS,,,
235581,06_051_406,850,595,595,0,4,591,LISTAS,,,
235583,06_051_407,1181,875,876,0,9,867,LISTAS,,,
235585,06_051_408,1075,724,724,0,7,717,LISTAS,,,
235587,06_051_409,1314,959,958,0,4,954,LISTAS,,,
235589,06_051_410,1034,701,700,0,4,696,LISTAS,,,
235591,06_051_411,3620,3148,3144,-4,17,3127,LISTAS,,,
235593,06_051_412,1266,888,885,0,6,879,LISTAS,,,
235595,06_051_413,1178,726,725,0,6,719,LISTAS,,,
235597,06_051_414,1253,822,821,0,7,814,LISTAS,,,
235599,06_051_415,1234,722,717,0,16,701,LISTAS,,,
235601,06_051_416,1245,922,921,0,5,916,LISTAS,,,
235603,06_051_417,1139,772,772,0,10,762,LISTAS,,,
235605,06_051_418,1169,825,824,0,8,816,LISTAS,,,
235607,06_051_419,1230,943,942,0,12,930,LISTAS,,,
235609,06_051_420,1036,782,781,0,5,776,LISTAS,,,
235611,06_051_501,1197,760,759,0,6,753,LISTAS,,,
235613,06_051_502,990,712,712,0,2,710,LISTAS,,,
235615,06_051_503,1149,848,849,0,11,838,LISTAS,,,
235617,06_051_505,1110,730,730,0,10,720,LISTAS,,,
235619,06_051_507,1075,724,724,0,2,722,LISTAS,,,
235621,06_051_511,614,418,418,0,7,411,LISTAS,,,
235623,06_051_520,1082,739,739,0,6,733,LISTAS,,,
235625,06_051_603,905,731,731,0,4,727,LISTAS,,,
235627,06_051_611,681,462,460,0,3,457,LISTAS,,,
235631,06_052_001,624,471,471,0,5,466,LISTAS,,,
235633,06_052_002,617,471,470,0,3,467,LISTAS,,,
235635,06_052_003,536,391,391,0,2,389,LISTAS,,,
235637,06_052_004,599,418,418,0,5,413,LISTAS,,,
235639,06_052_005,532,373,373,0,2,371,LISTAS,,,
235641,06_052_006,540,376,376,0,5,371,LISTAS,,,
235643,06_053_001,688,536,534,0,3,531,LISTAS,,,
235645,06_053_002,550,394,392,0,2,390,LISTAS,,,
235647,06_053_003,670,498,497,0,5,492,LISTAS,,,
235649,06_053_004,1822,1679,1677,-2,8,1669,LISTAS,,,
235651,06_053_005,200,138,138,0,5,133,LISTAS,,,
235653,06_053_006,851,602,600,0,1,599,LISTAS,,,
235655,06_053_007,1001,736,736,0,8,728,LISTAS,,,
235657,06_053_008,579,387,387,0,6,381,LISTAS,,,
235659,06_053_009,640,454,454,0,1,453,LISTAS,,,
235661,06_053_010,763,507,507,0,4,503,LISTAS,,,
235663,06_053_011,121,67,67,0,0,67,LISTAS,,,
235665,06_053_012,152,73,73,0,0,73,LISTAS,,,
235667,06_053_013,89,67,67,0,0,67,LISTAS,,,
235669,06_053_014,846,661,659,0,5,654,LISTAS,,,
235671,06_053_015,909,652,652,0,9,643,LISTAS,,,
235673,06_053_016,648,446,446,0,7,439,LISTAS,,,
235675,06_053_017,847,605,605,0,3,602,LISTAS,,,
235677,06_053_018,645,480,480,0,6,474,LISTAS,,,
235679,06_053_019,555,377,376,0,4,372,LISTAS,,,
235681,06_053_020,594,419,419,0,3,416,LISTAS,,,
235683,06_053_021,809,613,613,0,3,610,LISTAS,,,
235685,06_053_022,783,560,560,0,4,556,LISTAS,,,
235687,06_053_023,694,478,475,0,2,473,LISTAS,,,
235689,06_053_024,580,402,402,0,3,399,LISTAS,,,
235691,06_053_025,907,654,654,0,4,650,LISTAS,,,
235693,06_053_026,863,607,605,0,2,603,LISTAS,,,
235695,06_053_027,588,410,410,0,2,408,LISTAS,,,
235697,06_053_028,748,502,502,0,2,500,LISTAS,,,
235699,06_053_029,824,558,557,0,2,555,LISTAS,,,
235701,06_053_030,583,446,446,0,5,441,LISTAS,,,
235703,06_053_031,154,104,104,0,3,101,LISTAS,,,
235705,06_053_032,1056,676,672,0,2,670,LISTAS,,,
235707,06_053_033,669,405,405,0,2,403,LISTAS,,,
235709,06_053_034,82,59,59,0,1,58,LISTAS,,,
235711,06_053_035,152,104,104,0,2,102,LISTAS,,,
235713,06_054_001,843,625,625,0,8,617,LISTAS,,,
235715,06_054_002,848,678,677,0,10,667,LISTAS,,,
235717,06_055_001,687,480,480,0,5,475,LISTAS,,,
235719,06_055_002,779,539,539,0,7,532,LISTAS,,,
235721,06_056_001,720,476,476,0,3,473,LISTAS,,,
235723,06_056_002,651,374,374,0,4,370,LISTAS,,,
235725,06_057_001,804,588,588,0,2,586,LISTAS,,,
235727,06_057_002,730,491,490,0,1,489,LISTAS,,,
235729,06_058_001,823,499,499,0,6,493,LISTAS,,,
235731,06_058_002,889,618,618,0,7,611,LISTAS,,,
235733,06_058_003,832,577,576,0,5,571,LISTAS,,,
235735,06_059_001,1126,762,761,0,9,752,LISTAS,,,
235737,06_059_002,1126,777,777,0,8,769,LISTAS,,,
235739,06_060_001,877,629,629,0,5,624,LISTAS,,,
235741,06_060_002,871,607,607,0,5,602,LISTAS,,,
235743,06_060_003,1026,814,808,0,4,804,LISTAS,,,
235745,07_001_001,1071,614,614,0,4,610,LISTAS,,,
235747,07_001_002,1003,622,622,0,3,619,LISTAS,,,
235749,07_001_003,188,133,133,0,2,131,LISTAS,,,
235751,07_001_004,180,127,127,0,1,126,LISTAS,,,
235753,07_001_005,1165,821,821,0,7,814,LISTAS,,,
235755,07_002_001,1004,657,657,0,3,654,LISTAS,,,
235757,07_002_002,1190,727,727,0,2,725,LISTAS,,,
235759,07_002_003,1048,755,755,0,8,747,LISTAS,,,
235761,07_003_001,815,513,513,0,5,508,LISTAS,,,
235763,07_003_002,662,425,425,0,5,420,LISTAS,,,
235765,07_004_001,481,377,377,0,4,373,LISTAS,,,
235767,07_004_002,669,502,502,0,2,500,LISTAS,,,
235769,07_005_001,468,298,298,0,5,293,LISTAS,,,
235771,07_006_001,764,537,536,0,4,532,LISTAS,,,
235773,07_006_002,861,631,631,0,4,627,LISTAS,,,
235775,07_006_003,837,600,600,0,3,597,LISTAS,,,
235777,07_007_001,124,96,96,0,0,96,LISTAS,,,
235779,07_008_001,366,237,259,0,79,180,LISTAS,,,
235781,07_008_002,377,266,264,0,3,261,LISTAS,,,
235783,07_009_001,718,467,467,0,5,462,LISTAS,,,
235785,07_009_002,655,412,412,0,3,409,LISTAS,,,
235787,07_009_003,806,577,577,0,8,569,LISTAS,,,
235789,07_009_004,730,473,473,0,1,472,LISTAS,,,
235791,07_010_001,1196,838,838,0,9,829,LISTAS,,,
235793,07_010_002,947,634,634,0,2,632,LISTAS,,,
235795,07_010_003,115,79,79,0,0,79,LISTAS,,,
235797,07_011_001,870,603,605,0,21,584,LISTAS,,,
235799,07_012_001,685,466,466,0,4,462,LISTAS,,,
235801,07_012_002,777,527,527,0,5,522,LISTAS,,,
235803,07_013_001,1108,878,878,0,4,874,LISTAS,,,
235805,07_013_002,1173,750,750,0,7,743,LISTAS,,,
235807,07_013_003,1090,780,780,0,8,772,LISTAS,,,
235809,07_013_004,1186,808,812,0,33,779,LISTAS,,,
235811,07_013_005,985,737,737,0,7,730,LISTAS,,,
235813,07_013_006,1073,807,806,0,3,803,LISTAS,,,
235815,07_013_007,1130,849,848,0,6,842,LISTAS,,,
235817,07_013_008,3163,2629,2623,-6,20,2603,LISTAS,,,
235820,07_014_001,734,526,526,0,2,524,LISTAS,,,
235818,07_014_002,734,526,526,0,3,523,LISTAS,,,
235823,07_014_003,717,543,543,0,7,536,LISTAS,,,
235825,07_014_004,944,705,704,0,4,700,LISTAS,,,
235827,07_015_001,205,166,166,0,0,166,LISTAS,,,
235829,07_016_001,719,501,501,0,3,498,LISTAS,,,
235831,07_016_002,617,392,392,0,6,386,LISTAS,,,
235833,07_016_003,689,452,452,0,6,446,LISTAS,,,
235835,07_017_001,810,627,626,0,5,621,LISTAS,,,
235837,07_017_002,170,139,139,0,4,135,LISTAS,,,
235839,07_018_001,929,725,727,0,14,713,LISTAS,,,
235841,07_019_001,921,690,690,0,9,681,LISTAS,,,
235843,07_019_002,694,511,511,0,22,489,LISTAS,,,
235845,07_019_003,913,660,659,0,7,652,LISTAS,,,
235847,07_019_004,968,649,649,0,6,643,LISTAS,,,
235849,07_019_005,804,540,540,0,4,536,LISTAS,,,
235851,07_020_001,1219,921,920,0,10,910,LISTAS,,,
235853,07_021_001,817,574,575,0,8,567,LISTAS,,,
235855,07_021_002,695,469,469,0,5,464,LISTAS,,,
235857,07_022_001,785,500,501,0,13,488,LISTAS,,,
235859,07_023_001,820,477,477,0,7,470,LISTAS,,,
235861,07_023_002,858,506,506,0,4,502,LISTAS,,,
235863,07_024_001,859,591,591,0,11,580,LISTAS,,,
235865,07_024_002,835,542,542,0,4,538,LISTAS,,,
235867,07_024_003,452,326,326,0,9,317,LISTAS,,,
235869,07_024_004,695,482,482,0,6,476,LISTAS,,,
235871,07_024_005,859,377,377,0,3,374,LISTAS,,,
235873,07_024_006,487,364,364,0,6,358,LISTAS,,,
235875,07_024_007,589,415,413,0,4,409,LISTAS,,,
235877,07_024_008,535,356,356,0,3,353,LISTAS,,,
235879,07_024_009,679,439,434,0,0,434,LISTAS,,,
235881,07_024_010,848,566,563,0,6,557,LISTAS,,,
235883,07_024_011,638,406,406,0,3,403,LISTAS,,,
235885,07_024_012,711,487,487,0,8,479,LISTAS,,,
235887,07_024_013,752,519,519,0,4,515,LISTAS,,,
235889,07_024_014,768,516,516,0,5,511,LISTAS,,,
235891,07_024_015,719,481,480,0,0,480,LISTAS,,,
235893,07_024_016,683,479,479,0,6,473,LISTAS,,,
235895,07_024_017,458,304,304,0,3,301,LISTAS,,,
235897,07_024_018,704,463,463,0,3,460,LISTAS,,,
235899,07_024_019,605,452,452,0,3,449,LISTAS,,,
235901,07_024_020,620,420,420,0,1,419,LISTAS,,,
235903,07_024_021,2039,1769,1765,-4,8,1757,LISTAS,,,
235905,07_024_022,735,527,526,0,8,518,LISTAS,,,
235907,07_024_023,647,471,464,0,7,457,LISTAS,,,
235909,07_024_024,727,500,498,0,6,492,LISTAS,,,
235911,07_024_025,664,410,410,0,4,406,LISTAS,,,
235913,07_024_026,676,450,448,0,5,443,LISTAS,,,
235915,07_024_027,559,373,373,0,1,372,LISTAS,,,
235917,07_024_028,600,424,424,0,5,419,LISTAS,,,
235919,07_024_029,576,378,378,0,1,377,LISTAS,,,
235921,07_024_030,742,519,519,0,5,514,LISTAS,,,
235923,07_024_031,551,361,361,0,4,357,LISTAS,,,
235925,07_024_032,732,505,504,0,4,500,LISTAS,,,
235927,07_024_033,719,459,459,0,1,458,LISTAS,,,
235929,07_024_034,593,399,396,0,2,394,LISTAS,,,
235931,07_024_035,721,438,438,0,6,432,LISTAS,,,
235933,07_024_036,854,597,596,0,8,588,LISTAS,,,
235935,07_024_037,930,636,636,0,1,635,LISTAS,,,
235937,07_024_038,1058,736,736,0,3,733,LISTAS,,,
235939,07_024_039,921,595,595,0,4,591,LISTAS,,,
235941,07_024_040,895,623,623,0,3,620,LISTAS,,,
235943,07_024_041,971,665,665,0,6,659,LISTAS,,,
235945,07_024_042,930,671,670,0,7,663,LISTAS,,,
235947,07_024_043,1022,851,844,0,5,839,LISTAS,,,
235949,07_024_044,1043,839,839,0,6,833,LISTAS,,,
235951,07_024_045,1111,810,810,0,1,809,LISTAS,,,
235953,07_024_046,1259,967,965,0,6,959,LISTAS,,,
235955,07_024_047,402,242,242,0,2,240,LISTAS,,,
235959,07_025_001,805,483,483,0,10,473,LISTAS,,,
235961,07_025_002,465,305,305,0,1,304,LISTAS,,,
235963,07_025_003,571,376,376,0,6,370,LISTAS,,,
235965,07_026_001,788,494,494,0,2,492,LISTAS,,,
235967,07_026_002,788,496,496,0,6,490,LISTAS,,,
235969,07_026_003,860,531,531,0,6,525,LISTAS,,,
235971,07_026_004,956,609,609,0,8,601,LISTAS,,,
235973,07_026_005,817,467,467,0,2,465,LISTAS,,,
235975,07_026_006,570,356,356,0,2,354,LISTAS,,,
235977,07_026_007,287,168,168,0,2,166,LISTAS,,,
235979,07_026_008,138,87,87,0,2,85,LISTAS,,,
235981,07_027_001,1095,659,659,0,6,653,LISTAS,,,
235983,07_027_002,990,675,672,0,8,664,LISTAS,,,
235985,07_027_003,1073,766,766,0,10,756,LISTAS,,,
235987,07_027_004,772,533,533,0,7,526,LISTAS,,,
235989,07_027_005,944,632,619,0,4,615,LISTAS,,,
235991,07_027_006,1082,628,627,0,14,613,LISTAS,,,
235993,07_027_007,213,142,142,0,0,142,LISTAS,,,
235995,07_027_008,286,165,165,0,3,162,LISTAS,,,
235997,07_028_001,1040,796,798,0,18,780,LISTAS,,,
235999,07_028_002,1006,776,774,0,7,767,LISTAS,,,
236001,07_028_003,1253,953,953,0,10,943,LISTAS,,,
236003,07_028_004,116,74,74,0,1,73,LISTAS,,,
236005,07_029_001,973,702,702,0,7,695,LISTAS,,,
236007,07_029_002,725,514,514,0,6,508,LISTAS,,,
236009,07_030_001,681,547,545,0,7,538,LISTAS,,,
236011,07_030_002,759,657,620,0,2,618,LISTAS,,,
236013,07_031_001,717,522,522,0,3,519,LISTAS,,,
236015,07_032_001,501,381,381,0,1,380,LISTAS,,,
236017,07_033_001,1350,997,995,0,12,983,LISTAS,,,
236019,07_033_002,1098,816,815,0,8,807,LISTAS,,,
236021,07_033_003,1301,989,989,0,9,980,LISTAS,,,
236023,07_033_004,1207,923,924,0,13,911,LISTAS,,,
236025,07_033_005,1021,732,732,0,5,727,LISTAS,,,
236027,07_033_006,1344,1046,1046,0,0,1046,LISTAS,,,
236029,07_033_007,1282,959,959,0,5,954,LISTAS,,,
236031,07_033_008,914,648,648,0,2,646,LISTAS,,,
236033,07_034_001,1020,796,796,0,5,791,LISTAS,,,
236035,07_035_001,726,457,457,0,7,450,LISTAS,,,
236037,07_036_001,287,180,180,0,3,177,LISTAS,,,
236039,07_036_002,199,116,115,0,0,115,LISTAS,,,
236041,07_036_003,228,132,132,0,1,131,LISTAS,,,
236043,07_037_001,980,739,739,0,5,734,LISTAS,,,
236045,07_037_002,750,526,524,0,10,514,LISTAS,,,
236048,07_038_001,651,438,438,0,7,431,LISTAS,,,
236046,07_038_002,81,59,59,0,0,59,LISTAS,,,
236051,07_039_001,1182,786,786,0,6,780,LISTAS,,,
236053,07_039_002,1050,683,682,0,6,676,LISTAS,,,
236055,07_040_001,1047,670,670,0,7,663,LISTAS,,,
236057,07_041_001,949,712,712,0,4,708,LISTAS,,,
236059,07_042_001,974,637,635,0,9,626,LISTAS,,,
236061,07_042_002,890,595,595,0,8,587,LISTAS,,,
236063,07_043_001,1101,873,873,0,3,870,LISTAS,,,
236065,07_043_002,821,617,617,0,3,614,LISTAS,,,
236067,07_043_003,334,249,249,0,1,248,LISTAS,,,
236069,07_043_004,893,685,685,0,4,681,LISTAS,,,
236071,07_044_001,513,369,369,0,3,366,LISTAS,,,
236073,07_044_002,715,522,521,0,2,519,LISTAS,,,
236075,07_045_001,611,464,464,0,2,462,LISTAS,,,
236077,07_045_002,618,473,472,0,2,470,LISTAS,,,
236079,07_046_001,904,456,455,0,8,447,LISTAS,,,
236081,07_046_002,1058,612,612,0,4,608,LISTAS,,,
236083,07_047_001,613,434,434,0,2,432,LISTAS,,,
236085,07_047_002,693,492,491,0,5,486,LISTAS,,,
236087,07_048_001,907,602,603,0,11,592,LISTAS,,,
236089,07_048_002,937,693,692,0,4,688,LISTAS,,,
236091,07_048_003,905,606,605,0,5,600,LISTAS,,,
236093,07_049_001,365,219,219,0,5,214,LISTAS,,,
236095,07_049_002,36,22,22,0,0,22,LISTAS,,,
236097,07_049_003,685,463,463,0,4,459,LISTAS,,,
236099,07_049_004,674,446,446,0,5,441,LISTAS,,,
236101,07_050_001,878,538,538,0,4,534,LISTAS,,,
236103,07_050_002,870,548,547,0,4,543,LISTAS,,,
236105,07_050_003,720,479,479,0,7,472,LISTAS,,,
236108,07_051_001,722,533,533,0,4,529,LISTAS,,,
236106,07_051_002,650,482,478,0,5,473,LISTAS,,,
236111,07_051_003,773,529,529,0,6,523,LISTAS,,,
236113,07_052_001,1273,1027,1026,0,13,1013,LISTAS,,,
236115,07_053_001,1039,732,732,0,6,726,LISTAS,,,
236117,07_053_002,1094,842,841,0,6,835,LISTAS,,,
236119,07_053_003,1078,862,862,0,6,856,LISTAS,,,
236121,07_053_004,1134,860,860,0,10,850,LISTAS,,,
236123,07_054_001,1059,781,780,0,10,770,LISTAS,,,
236125,07_054_002,845,547,547,0,11,536,LISTAS,,,
236127,07_055_001,582,375,375,0,6,369,LISTAS,,,
236129,07_056_001,1003,658,658,0,1,657,LISTAS,,,
236131,07_056_002,945,583,583,0,6,577,LISTAS,,,
236133,07_056_003,910,592,592,0,9,583,LISTAS,,,
236135,07_056_004,855,403,403,0,7,396,LISTAS,,,
236137,07_057_001,709,451,450,0,4,446,LISTAS,,,
236139,07_058_001,451,262,262,0,4,258,LISTAS,,,
236141,07_058_002,567,287,287,0,3,284,LISTAS,,,
236143,07_059_001,712,393,393,0,3,390,LISTAS,,,
236145,07_059_002,937,567,567,0,2,565,LISTAS,,,
236147,07_060_001,436,330,330,0,6,324,LISTAS,,,
236149,07_061_001,633,398,398,0,4,394,LISTAS,,,
236151,07_061_002,823,587,587,0,8,579,LISTAS,,,
236153,07_061_003,727,515,515,0,4,511,LISTAS,,,
236155,07_061_004,755,608,607,0,2,605,LISTAS,,,
236157,07_061_005,653,487,487,0,2,485,LISTAS,,,
236159,07_061_006,628,512,512,0,2,510,LISTAS,,,
236161,07_061_007,881,652,651,0,5,646,LISTAS,,,
236163,07_061_008,505,357,357,0,1,356,LISTAS,,,
236165,07_061_009,807,605,606,0,12,594,LISTAS,,,
236167,07_061_010,574,473,473,0,1,472,LISTAS,,,
236169,07_061_011,1076,807,818,0,65,753,LISTAS,,,
236171,07_061_012,1171,918,918,0,8,910,LISTAS,,,
236173,07_061_013,671,541,541,0,4,537,LISTAS,,,
236175,07_061_014,689,549,551,0,20,531,LISTAS,,,
236177,07_061_015,166,117,117,0,0,117,LISTAS,,,
236179,07_062_001,529,431,432,0,13,419,LISTAS,,,
236181,07_063_001,486,318,318,0,4,314,LISTAS,,,
236183,07_063_002,501,334,334,0,7,327,LISTAS,,,
236185,07_063_003,118,68,68,0,1,67,LISTAS,,,
236187,07_064_001,823,490,490,0,5,485,LISTAS,,,
236189,07_065_001,509,388,388,0,0,388,LISTAS,,,
236191,07_066_001,792,558,558,0,1,557,LISTAS,,,
236193,07_066_002,864,676,676,0,3,673,LISTAS,,,
236195,07_066_003,782,613,613,0,5,608,LISTAS,,,
236197,07_066_004,765,555,555,0,4,551,LISTAS,,,
236199,07_066_005,108,64,64,0,0,64,LISTAS,,,
236201,07_067_001,425,270,270,0,2,268,LISTAS,,,
236203,07_067_002,525,360,360,0,2,358,LISTAS,,,
236205,07_067_003,465,302,302,0,1,301,LISTAS,,,
236207,07_068_001,441,350,329,0,4,325,LISTAS,,,
236209,07_068_002,224,145,145,0,2,143,LISTAS,,,
236211,07_069_001,999,788,786,0,2,784,LISTAS,,,
236213,07_069_002,908,708,708,0,5,703,LISTAS,,,
236215,07_069_003,875,687,687,0,5,682,LISTAS,,,
236217,07_070_001,707,513,513,0,6,507,LISTAS,,,
236219,07_070_002,706,493,492,0,2,490,LISTAS,,,
236221,07_071_001,942,749,748,0,5,743,LISTAS,,,
236223,07_071_002,833,645,646,0,9,637,LISTAS,,,
236225,07_072_001,761,447,447,0,2,445,LISTAS,,,
236227,07_072_002,807,499,499,0,6,493,LISTAS,,,
236229,07_072_003,794,479,479,0,1,478,LISTAS,,,
236231,07_072_004,780,440,440,0,5,435,LISTAS,,,
236233,07_073_001,317,184,184,0,9,175,LISTAS,,,
236235,07_073_002,923,587,587,0,3,584,LISTAS,,,
236237,07_073_003,993,686,686,0,2,684,LISTAS,,,
236239,07_073_004,937,570,570,0,3,567,LISTAS,,,
236241,07_073_005,795,506,506,0,7,499,LISTAS,,,
236243,07_073_006,1062,704,704,0,6,698,LISTAS,,,
236245,07_073_007,191,104,104,0,2,102,LISTAS,,,
236247,07_074_001,956,627,627,0,8,619,LISTAS,,,
236249,07_074_002,713,454,456,0,13,443,LISTAS,,,
236251,07_074_003,959,578,578,0,7,571,LISTAS,,,
236253,07_074_004,1016,647,647,0,4,643,LISTAS,,,
236255,07_074_005,1110,733,733,0,5,728,LISTAS,,,
236257,07_075_001,987,708,699,0,3,696,LISTAS,,,
236259,07_075_002,985,718,718,0,11,707,LISTAS,,,
236261,07_076_001,924,660,660,0,7,653,LISTAS,,,
236263,07_076_002,1016,695,695,0,1,694,LISTAS,,,
236265,07_076_003,911,701,702,0,15,687,LISTAS,,,
236267,07_076_004,987,780,780,0,5,775,LISTAS,,,
236269,07_077_001,898,616,616,0,4,612,LISTAS,,,
236271,07_077_002,923,601,602,0,9,593,LISTAS,,,
236273,07_077_003,967,631,631,0,9,622,LISTAS,,,
236275,07_078_001,698,444,443,0,2,441,LISTAS,,,
236277,07_078_002,624,421,421,0,4,417,LISTAS,,,
236279,07_078_003,477,327,327,0,0,327,LISTAS,,,
236281,07_078_004,652,406,406,0,1,405,LISTAS,,,
236283,07_078_005,582,411,411,0,0,411,LISTAS,,,
236285,07_078_006,467,319,319,0,1,318,LISTAS,,,
236287,07_078_007,552,394,394,0,0,394,LISTAS,,,
236289,07_078_008,562,378,378,0,1,377,LISTAS,,,
236291,07_078_009,645,469,469,0,4,465,LISTAS,,,
236293,07_078_010,638,460,460,0,0,460,LISTAS,,,
236295,07_078_011,646,475,472,0,2,470,LISTAS,,,
236297,07_078_012,687,488,488,0,2,486,LISTAS,,,
236299,07_078_013,467,329,329,0,2,327,LISTAS,,,
236301,07_078_014,607,416,416,0,3,413,LISTAS,,,
236303,07_078_015,210,163,163,0,2,161,LISTAS,,,
236305,07_078_016,167,105,105,0,1,104,LISTAS,,,
236307,07_078_017,497,332,331,0,1,330,LISTAS,,,
236309,07_078_018,186,129,129,0,0,129,LISTAS,,,
236311,07_078_019,1228,1134,1133,-1,4,1129,LISTAS,,,
236313,07_079_001,578,417,417,0,1,416,LISTAS,,,
236315,07_080_001,1256,999,999,0,10,989,LISTAS,,,
236317,07_081_001,646,326,326,0,2,324,LISTAS,,,
236319,07_081_002,1079,547,547,0,7,540,LISTAS,,,
236321,07_082_001,480,329,329,0,2,327,LISTAS,,,
236323,07_083_001,1058,633,633,0,6,627,LISTAS,,,
236325,07_083_002,792,530,530,0,3,527,LISTAS,,,
236327,07_083_003,716,360,360,0,2,358,LISTAS,,,
236329,07_084_001,950,680,680,0,2,678,LISTAS,,,
236331,07_084_002,145,110,110,0,1,109,LISTAS,,,
236333,07_085_001,838,600,600,0,5,595,LISTAS,,,
236335,07_085_002,887,659,658,0,4,654,LISTAS,,,
236337,07_085_003,742,474,474,0,7,467,LISTAS,,,
236339,07_086_001,1010,709,709,0,2,707,LISTAS,,,
236341,07_086_002,1058,695,694,0,2,692,LISTAS,,,
236343,07_086_003,801,541,539,0,6,533,LISTAS,,,
236345,07_086_004,705,437,437,0,4,433,LISTAS,,,
236347,07_087_001,746,479,479,0,6,473,LISTAS,,,
236349,07_087_002,732,494,494,0,4,490,LISTAS,,,
236351,07_088_001,404,328,328,0,4,324,LISTAS,,,
236353,07_089_001,1434,1200,1200,0,9,1191,LISTAS,,,
236355,07_090_001,900,620,620,0,4,616,LISTAS,,,
236357,07_090_002,929,698,697,0,5,692,LISTAS,,,
236359,07_090_003,1053,687,686,0,6,680,LISTAS,,,
236361,07_090_004,940,618,617,0,6,611,LISTAS,,,
236363,07_091_001,1211,815,815,0,8,807,LISTAS,,,
236365,07_091_002,464,278,278,0,3,275,LISTAS,,,
236367,07_092_001,647,359,359,0,5,354,LISTAS,,,
236369,07_093_001,619,495,495,0,7,488,LISTAS,,,
236371,07_093_002,704,550,550,0,12,538,LISTAS,,,
236373,07_094_001,707,531,531,0,3,528,LISTAS,,,
236375,07_094_002,779,553,553,0,5,548,LISTAS,,,
236377,07_094_003,595,414,413,0,6,407,LISTAS,,,
236379,07_094_004,517,395,396,0,7,389,LISTAS,,,
236381,07_094_005,630,427,427,0,2,425,LISTAS,,,
236383,07_094_006,445,356,356,0,2,354,LISTAS,,,
236385,07_094_007,880,663,663,0,3,660,LISTAS,,,
236387,07_094_008,711,571,570,0,5,565,LISTAS,,,
236389,07_094_009,802,548,547,0,14,533,LISTAS,,,
236391,07_094_010,743,518,518,0,5,513,LISTAS,,,
236393,07_094_011,702,506,506,0,5,501,LISTAS,,,
236395,07_094_012,762,568,567,0,4,563,LISTAS,,,
236397,07_094_013,840,614,614,0,3,611,LISTAS,,,
236399,07_094_014,715,505,504,0,2,502,LISTAS,,,
236401,07_094_015,624,468,467,0,2,465,LISTAS,,,
236403,07_094_016,648,484,484,0,2,482,LISTAS,,,
236405,07_094_017,651,435,435,0,3,432,LISTAS,,,
236407,07_094_018,783,573,573,0,9,564,LISTAS,,,
236409,07_094_019,735,537,537,0,4,533,LISTAS,,,
236411,07_094_020,768,515,516,0,11,505,LISTAS,,,
236413,07_094_021,894,669,668,0,4,664,LISTAS,,,
236415,07_094_022,778,557,546,0,7,539,LISTAS,,,
236417,07_094_023,858,653,653,0,5,648,LISTAS,,,
236419,07_094_024,580,423,423,0,4,419,LISTAS,,,
236421,07_094_025,521,371,370,0,3,367,LISTAS,,,
236423,07_094_026,638,466,466,0,6,460,LISTAS,,,
236425,07_094_027,793,616,615,0,6,609,LISTAS,,,
236427,07_094_028,1163,536,535,0,5,530,LISTAS,,,
236429,07_094_029,806,557,556,0,3,553,LISTAS,,,
236431,07_094_030,972,658,658,0,1,657,LISTAS,,,
236433,07_094_031,759,539,538,0,6,532,LISTAS,,,
236435,07_094_032,846,601,601,0,3,598,LISTAS,,,
236437,07_094_033,531,387,387,0,1,386,LISTAS,,,
236439,07_094_034,1070,822,821,0,4,817,LISTAS,,,
236441,07_094_035,829,622,622,0,2,620,LISTAS,,,
236443,07_094_036,807,610,610,0,4,606,LISTAS,,,
236445,07_094_037,740,558,558,0,2,556,LISTAS,,,
236447,07_094_038,873,625,625,0,7,618,LISTAS,,,
236449,07_094_039,832,651,651,0,5,646,LISTAS,,,
236451,07_094_040,1006,757,756,0,5,751,LISTAS,,,
236453,07_094_041,1027,772,772,0,4,768,LISTAS,,,
236455,07_094_042,919,648,649,0,11,638,LISTAS,,,
236457,07_094_043,992,817,815,0,7,808,LISTAS,,,
236459,07_094_044,906,651,650,0,2,648,LISTAS,,,
236461,07_094_045,630,456,456,0,1,455,LISTAS,,,
236463,07_094_046,812,570,570,0,2,568,LISTAS,,,
236465,07_094_047,777,591,591,0,6,585,LISTAS,,,
236467,07_094_048,1162,943,943,0,2,941,LISTAS,,,
236469,07_094_049,1229,981,971,0,3,968,LISTAS,,,
236471,07_094_050,743,559,560,0,12,548,LISTAS,,,
236473,07_094_051,1203,881,880,0,3,877,LISTAS,,,
236475,07_094_052,617,491,491,0,0,491,LISTAS,,,
236477,07_094_053,798,615,615,0,2,613,LISTAS,,,
236479,07_094_054,1018,807,806,0,8,798,LISTAS,,,
236481,07_094_055,709,565,564,0,2,562,LISTAS,,,
236483,07_094_056,2379,2150,2149,-1,10,2139,LISTAS,,,
236485,07_094_057,572,441,441,0,9,432,LISTAS,,,
236487,07_094_058,922,709,709,0,6,703,LISTAS,,,
236489,07_094_059,602,476,476,0,5,471,LISTAS,,,
236491,07_094_060,548,425,425,0,2,423,LISTAS,,,
236493,07_094_061,604,488,488,0,1,487,LISTAS,,,
236495,07_094_062,690,553,553,0,3,550,LISTAS,,,
236497,07_094_063,792,632,632,0,6,626,LISTAS,,,
236499,07_094_064,955,775,775,0,5,770,LISTAS,,,
236501,07_094_065,686,573,571,0,3,568,LISTAS,,,
236503,07_094_066,1067,895,894,0,8,886,LISTAS,,,
236505,07_094_067,1096,878,878,0,4,874,LISTAS,,,
236507,07_094_068,857,704,705,0,10,695,LISTAS,,,
236509,07_094_069,794,658,656,0,8,648,LISTAS,,,
236511,07_094_070,959,800,799,0,5,794,LISTAS,,,
236513,07_094_071,775,651,651,0,2,649,LISTAS,,,
236515,07_094_072,875,732,732,0,4,728,LISTAS,,,
236517,07_094_073,1208,1006,1004,0,6,998,LISTAS,,,
236519,07_094_074,665,532,534,0,15,519,LISTAS,,,
236521,07_094_075,385,305,305,0,1,304,LISTAS,,,
236523,07_094_076,1033,717,717,0,6,711,LISTAS,,,
236525,07_094_077,937,794,795,0,9,786,LISTAS,,,
236527,07_094_078,1030,791,789,0,5,784,LISTAS,,,
236529,07_094_079,850,674,674,0,1,673,LISTAS,,,
236531,07_094_080,1240,992,991,0,12,979,LISTAS,,,
236533,07_094_081,797,608,606,0,4,602,LISTAS,,,
236535,07_094_082,535,420,420,0,3,417,LISTAS,,,
236537,07_094_083,838,693,693,0,2,691,LISTAS,,,
236539,07_094_084,604,439,439,0,1,438,LISTAS,,,
236541,07_094_085,914,719,720,0,21,699,LISTAS,,,
236543,07_094_086,1113,765,764,0,5,759,LISTAS,,,
236545,07_094_087,715,609,609,0,1,608,LISTAS,,,
236547,07_094_088,774,600,600,0,3,597,LISTAS,,,
236549,07_094_089,1597,1177,1174,0,7,1167,LISTAS,,,
236551,07_094_090,1328,1000,998,0,1,997,LISTAS,,,
236553,07_094_091,2013,1702,1698,-4,10,1688,LISTAS,,,
236555,07_094_092,189,147,147,0,0,147,LISTAS,,,
236559,07_095_001,746,557,555,0,3,552,LISTAS,,,
236561,07_096_001,686,513,513,0,2,511,LISTAS,,,
236563,07_096_002,658,476,477,0,6,471,LISTAS,,,
236565,07_097_001,734,582,582,0,8,574,LISTAS,,,
236567,07_097_002,780,625,625,0,3,622,LISTAS,,,
236569,07_098_001,379,286,286,0,7,279,LISTAS,,,
236571,07_099_001,970,726,726,0,5,721,LISTAS,,,
236573,07_099_002,1001,763,763,0,3,760,LISTAS,,,
236576,07_100_001,638,397,397,0,4,393,LISTAS,,,
236574,07_101_001,719,520,510,0,4,506,LISTAS,,,
236579,07_101_002,720,511,511,0,7,504,LISTAS,,,
236581,07_101_003,612,466,466,0,4,462,LISTAS,,,
236583,07_102_001,1150,893,893,0,11,882,LISTAS,,,
236585,07_102_002,998,754,754,0,3,751,LISTAS,,,
236587,07_102_003,1046,812,812,0,3,809,LISTAS,,,
236589,07_102_004,1114,892,892,0,3,889,LISTAS,,,
236591,07_102_005,1052,807,807,0,3,804,LISTAS,,,
236593,07_103_001,634,467,467,0,4,463,LISTAS,,,
236595,07_104_001,674,449,449,0,1,448,LISTAS,,,
236597,07_104_002,711,510,510,0,10,500,LISTAS,,,
236599,07_105_001,708,558,558,0,13,545,LISTAS,,,
236601,07_106_001,902,616,614,0,8,606,LISTAS,,,
236603,07_106_002,929,680,680,0,2,678,LISTAS,,,
236605,07_107_001,726,509,509,0,2,507,LISTAS,,,
236607,07_108_001,571,345,345,0,4,341,LISTAS,,,
236609,07_108_002,411,251,251,0,3,248,LISTAS,,,
236611,08_001_001,588,440,441,0,15,426,LISTAS,,,
236613,08_001_002,694,484,484,0,2,482,LISTAS,,,
236615,08_001_003,762,564,564,0,6,558,LISTAS,,,
236617,08_001_004,550,409,410,0,8,402,LISTAS,,,
236619,08_002_001,398,327,327,0,0,327,LISTAS,,,
236621,08_003_001,769,601,601,0,6,595,LISTAS,,,
236623,08_004_001,801,570,569,0,4,565,LISTAS,,,
236625,08_004_002,922,711,711,0,11,700,LISTAS,,,
236627,08_005_001,206,161,161,0,2,159,LISTAS,,,
236629,08_006_001,885,622,622,0,7,615,LISTAS,,,
236631,08_006_002,776,552,552,0,4,548,LISTAS,,,
236633,08_007_001,879,630,630,0,9,621,LISTAS,,,
236635,08_008_001,135,105,105,0,1,104,LISTAS,,,
236637,08_009_001,235,168,168,0,0,168,LISTAS,,,
236639,08_010_001,798,536,536,0,3,533,LISTAS,,,
236641,08_010_002,595,372,372,0,4,368,LISTAS,,,
236643,08_011_001,620,441,441,0,3,438,LISTAS,,,
236645,08_012_001,564,444,444,0,5,439,LISTAS,,,
236647,08_012_002,507,355,355,0,2,353,LISTAS,,,
236649,08_013_001,912,660,659,0,13,646,LISTAS,,,
236651,08_013_002,927,700,700,0,6,694,LISTAS,,,
236653,08_013_003,233,164,164,0,2,162,LISTAS,,,
236655,08_014_001,409,313,313,0,6,307,LISTAS,,,
236657,08_014_002,366,293,293,0,6,287,LISTAS,,,
236659,08_014_003,133,97,97,0,3,94,LISTAS,,,
236661,08_015_001,391,296,296,0,3,293,LISTAS,,,
236663,08_016_001,265,198,198,0,1,197,LISTAS,,,
236665,08_017_001,514,369,369,0,5,364,LISTAS,,,
236667,08_018_001,1060,751,751,0,8,743,LISTAS,,,
236669,08_019_001,753,512,510,0,4,506,LISTAS,,,
236671,08_019_002,790,513,513,0,13,500,LISTAS,,,
236673,08_019_003,212,155,154,0,2,152,LISTAS,,,
236675,08_020_001,840,645,645,0,5,640,LISTAS,,,
236677,08_020_002,852,659,658,0,1,657,LISTAS,,,
236679,08_021_001,38,34,34,0,0,34,LISTAS,,,
236681,08_022_001,421,329,329,0,4,325,LISTAS,,,
236683,08_023_001,435,317,317,0,4,313,LISTAS,,,
236685,08_024_001,170,132,132,0,2,130,LISTAS,,,
236687,08_025_001,25,23,23,0,0,23,LISTAS,,,
236689,08_026_001,402,280,276,0,3,273,LISTAS,,,
236691,08_027_001,1054,832,833,0,13,820,LISTAS,,,
236693,08_027_002,1045,856,856,0,6,850,LISTAS,,,
236695,08_027_003,2140,1827,1822,-5,15,1807,LISTAS,,,
236697,08_027_004,916,729,729,0,4,725,LISTAS,,,
236699,08_027_005,956,730,730,0,7,723,LISTAS,,,
236701,08_027_006,884,692,692,0,18,674,LISTAS,,,
236703,08_027_007,947,698,698,0,5,693,LISTAS,,,
236705,08_027_008,1010,742,742,0,7,735,LISTAS,,,
236707,08_028_001,631,479,479,0,5,474,LISTAS,,,
236709,08_028_002,646,475,475,0,5,470,LISTAS,,,
236711,08_029_001,323,230,230,0,2,228,LISTAS,,,
236713,08_030_001,486,376,376,0,6,370,LISTAS,,,
236716,08_031_001,668,452,452,0,10,442,LISTAS,,,
236714,08_031_002,742,529,527,0,5,522,LISTAS,,,
236719,08_032_001,211,172,172,0,3,169,LISTAS,,,
236721,08_033_001,935,730,730,0,4,726,LISTAS,,,
236723,08_033_002,847,622,622,0,8,614,LISTAS,,,
236725,08_034_001,582,422,422,0,6,416,LISTAS,,,
236727,08_035_001,204,139,139,0,0,139,LISTAS,,,
236729,08_035_002,427,342,342,0,6,336,LISTAS,,,
236731,08_035_003,576,433,433,0,3,430,LISTAS,,,
236733,08_036_001,127,95,95,0,2,93,LISTAS,,,
236735,08_037_001,100,82,82,0,0,82,LISTAS,,,
236737,08_038_001,417,305,303,0,1,302,LISTAS,,,
236739,08_039_001,709,530,530,0,10,520,LISTAS,,,
236741,08_040_001,1413,1037,1037,0,7,1030,LISTAS,,,
236743,08_041_001,869,641,637,0,5,632,LISTAS,,,
236745,08_041_002,806,619,619,0,4,615,LISTAS,,,
236747,08_042_001,747,597,594,0,4,590,LISTAS,,,
236749,08_042_002,785,620,619,0,4,615,LISTAS,,,
236751,08_043_001,360,260,260,0,3,257,LISTAS,,,
236753,08_044_001,434,343,343,0,3,340,LISTAS,,,
236755,08_045_001,746,553,553,0,2,551,LISTAS,,,
236757,08_046_001,72,46,46,0,2,44,LISTAS,,,
236759,08_047_001,233,177,178,0,7,171,LISTAS,,,
236761,08_048_001,1061,815,815,0,10,805,LISTAS,,,
236763,08_048_002,619,504,504,0,5,499,LISTAS,,,
236765,08_048_003,812,583,583,0,3,580,LISTAS,,,
236767,08_048_004,96,62,62,0,0,62,LISTAS,,,
236769,08_049_001,505,407,407,0,7,400,LISTAS,,,
236771,08_050_001,678,541,541,0,5,536,LISTAS,,,
236773,08_051_001,994,696,696,0,7,689,LISTAS,,,
236775,08_051_002,806,564,564,0,6,558,LISTAS,,,
236777,08_052_001,872,679,677,0,7,670,LISTAS,,,
236779,08_052_002,760,585,584,0,4,580,LISTAS,,,
236781,08_052_003,775,636,636,0,3,633,LISTAS,,,
236783,08_052_004,649,498,498,0,6,492,LISTAS,,,
236785,08_053_001,1013,742,742,0,8,734,LISTAS,,,
236787,08_054_001,835,588,588,0,5,583,LISTAS,,,
236789,08_054_002,873,604,604,0,2,602,LISTAS,,,
236791,08_054_003,853,595,595,0,3,592,LISTAS,,,
236793,08_055_001,53,45,45,0,2,43,LISTAS,,,
236795,08_056_001,1090,777,777,0,9,768,LISTAS,,,
236797,08_057_001,316,232,232,0,1,231,LISTAS,,,
236799,08_058_001,957,645,645,0,6,639,LISTAS,,,
236801,08_059_001,1038,810,810,0,3,807,LISTAS,,,
236803,08_059_002,1123,789,789,0,6,783,LISTAS,,,
236805,08_059_003,965,698,696,0,1,695,LISTAS,,,
236807,08_059_004,970,638,635,0,7,628,LISTAS,,,
236809,08_059_005,946,634,634,0,7,627,LISTAS,,,
236811,08_059_006,1211,986,986,0,9,977,LISTAS,,,
236813,08_059_007,859,608,595,0,5,590,LISTAS,,,
236815,08_059_008,692,360,359,0,2,357,LISTAS,,,
236817,08_059_009,2608,2276,2287,11,82,2205,LISTAS,,,
236819,08_059_010,814,569,570,0,10,560,LISTAS,,,
236821,08_059_011,1067,695,695,0,5,690,LISTAS,,,
236823,08_059_012,933,496,496,0,3,493,LISTAS,,,
236825,08_059_013,915,710,710,0,10,700,LISTAS,,,
236827,08_059_014,932,673,671,0,5,666,LISTAS,,,
236829,08_059_015,885,691,691,0,2,689,LISTAS,,,
236831,08_059_016,888,670,670,0,5,665,LISTAS,,,
236833,08_059_017,926,689,689,0,4,685,LISTAS,,,
236835,08_059_018,789,643,643,0,1,642,LISTAS,,,
236837,08_059_019,905,720,720,0,3,717,LISTAS,,,
236839,08_059_020,787,614,614,0,4,610,LISTAS,,,
236841,08_059_021,1129,843,843,0,8,835,LISTAS,,,
236843,08_059_022,1085,861,861,0,8,853,LISTAS,,,
236845,08_059_023,1207,946,946,0,9,937,LISTAS,,,
236847,08_059_024,1200,892,890,0,3,887,LISTAS,,,
236849,08_059_025,974,778,778,0,0,778,LISTAS,,,
236851,08_059_026,1193,960,959,0,4,955,LISTAS,,,
236853,08_059_027,1328,1011,1009,0,7,1002,LISTAS,,,
236855,08_059_028,1049,809,809,0,4,805,LISTAS,,,
236857,08_059_029,1049,796,796,0,4,792,LISTAS,,,
236859,08_059_030,864,679,679,0,12,667,LISTAS,,,
236861,08_059_031,779,566,565,0,2,563,LISTAS,,,
236863,08_059_032,777,520,519,0,4,515,LISTAS,,,
236865,08_059_033,920,661,661,0,5,656,LISTAS,,,
236867,08_059_034,986,688,687,0,7,680,LISTAS,,,
236869,08_059_035,954,603,602,0,5,597,LISTAS,,,
236871,08_059_036,961,619,619,0,3,616,LISTAS,,,
236873,08_059_037,1022,645,645,0,6,639,LISTAS,,,
236875,08_059_038,1032,610,611,0,9,602,LISTAS,,,
236877,08_059_039,968,633,634,0,7,627,LISTAS,,,
236879,08_059_040,1110,765,763,0,6,757,LISTAS,,,
236881,08_059_041,802,553,553,0,4,549,LISTAS,,,
236883,08_059_042,972,603,603,0,3,600,LISTAS,,,
236885,08_059_043,953,586,581,0,1,580,LISTAS,,,
236887,08_059_044,854,579,573,0,4,569,LISTAS,,,
236889,08_059_045,888,640,630,0,4,626,LISTAS,,,
236891,08_059_046,886,573,573,0,2,571,LISTAS,,,
236893,08_059_047,905,569,569,0,2,567,LISTAS,,,
236895,08_059_048,848,607,605,0,6,599,LISTAS,,,
236897,08_059_049,822,522,521,0,8,513,LISTAS,,,
236899,08_059_050,833,537,534,0,3,531,LISTAS,,,
236901,08_059_051,835,536,536,0,5,531,LISTAS,,,
236903,08_059_052,981,757,757,0,7,750,LISTAS,,,
236905,08_059_053,2392,2028,2021,-7,16,2005,LISTAS,,,
236907,08_059_054,1066,739,737,0,9,728,LISTAS,,,
236909,08_059_055,1003,623,623,0,4,619,LISTAS,,,
236911,08_059_056,931,667,667,0,0,667,LISTAS,,,
236913,08_059_057,880,609,609,0,14,595,LISTAS,,,
236915,08_059_058,1034,702,702,0,6,696,LISTAS,,,
236917,08_059_059,947,686,686,0,8,678,LISTAS,,,
236919,08_059_060,953,664,664,0,3,661,LISTAS,,,
236921,08_059_061,880,651,651,0,4,647,LISTAS,,,
236923,08_059_062,1034,739,739,0,0,739,LISTAS,,,
236925,08_059_063,939,669,668,0,3,665,LISTAS,,,
236927,08_059_064,1003,745,744,0,1,743,LISTAS,,,
236929,08_059_065,940,671,670,0,6,664,LISTAS,,,
236931,08_059_066,875,655,655,0,3,652,LISTAS,,,
236933,08_059_067,962,693,691,0,5,686,LISTAS,,,
236935,08_059_068,826,629,629,0,1,628,LISTAS,,,
236937,08_059_069,1074,849,847,0,15,832,LISTAS,,,
236939,08_059_070,828,669,668,0,2,666,LISTAS,,,
236941,08_059_071,1081,645,645,0,8,637,LISTAS,,,
236943,08_059_072,1082,721,721,0,10,711,LISTAS,,,
236945,08_059_073,981,612,612,0,5,607,LISTAS,,,
236947,08_059_074,994,716,716,0,2,714,LISTAS,,,
236949,08_059_075,841,672,672,0,3,669,LISTAS,,,
236951,08_059_076,1101,827,827,0,5,822,LISTAS,,,
236953,08_059_077,993,784,783,0,6,777,LISTAS,,,
236955,08_059_078,882,683,683,0,5,678,LISTAS,,,
236957,08_059_079,883,663,661,0,5,656,LISTAS,,,
236959,08_059_080,1094,865,865,0,6,859,LISTAS,,,
236961,08_059_081,1203,966,966,0,10,956,LISTAS,,,
236963,08_059_082,1296,809,808,0,8,800,LISTAS,,,
236965,08_059_083,1117,799,797,0,5,792,LISTAS,,,
236967,08_059_084,1131,815,815,0,15,800,LISTAS,,,
236969,08_059_085,1111,782,781,0,5,776,LISTAS,,,
236971,08_059_086,1084,810,810,0,7,803,LISTAS,,,
236973,08_059_087,1058,783,783,0,3,780,LISTAS,,,
236975,08_059_088,1276,951,951,0,4,947,LISTAS,,,
236977,08_059_089,1272,964,967,0,21,946,LISTAS,,,
236979,08_059_090,1062,832,832,0,6,826,LISTAS,,,
236981,08_059_091,1164,954,954,0,13,941,LISTAS,,,
236983,08_059_092,1083,863,863,0,6,857,LISTAS,,,
236985,08_059_093,1187,975,975,0,6,969,LISTAS,,,
236987,08_059_094,1137,876,876,0,3,873,LISTAS,,,
236989,08_059_095,1152,910,912,0,17,895,LISTAS,,,
236991,08_059_096,1380,1104,1104,0,6,1098,LISTAS,,,
236995,08_060_001,397,270,270,0,3,267,LISTAS,,,
236997,08_061_001,681,525,525,0,2,523,LISTAS,,,
236999,08_061_002,692,524,525,0,11,514,LISTAS,,,
237001,08_062_001,1206,917,916,0,8,908,LISTAS,,,
237003,08_063_001,635,426,426,0,3,423,LISTAS,,,
237005,08_064_001,755,429,429,0,5,424,LISTAS,,,
237007,08_064_002,945,642,642,0,5,637,LISTAS,,,
237009,08_064_003,554,430,430,0,2,428,LISTAS,,,
237011,08_064_004,474,386,386,0,1,385,LISTAS,,,
237013,08_065_001,1187,932,933,0,11,922,LISTAS,,,
237015,08_065_002,1185,951,951,0,7,944,LISTAS,,,
237017,08_065_003,1140,908,908,0,8,900,LISTAS,,,
237019,08_065_004,1145,890,890,0,7,883,LISTAS,,,
237021,08_065_005,1185,961,961,0,9,952,LISTAS,,,
237023,08_066_001,848,694,694,0,3,691,LISTAS,,,
237025,08_066_002,866,714,714,0,6,708,LISTAS,,,
237027,08_067_001,878,682,682,0,3,679,LISTAS,,,
237029,08_067_002,899,690,690,0,5,685,LISTAS,,,
237031,08_067_003,868,697,697,0,4,693,LISTAS,,,
237033,08_068_001,1157,835,835,0,4,831,LISTAS,,,
237035,08_068_002,1237,890,889,0,2,887,LISTAS,,,
237037,08_068_003,142,112,112,0,2,110,LISTAS,,,
237039,08_069_001,1173,922,922,0,4,918,LISTAS,,,
237041,08_069_002,976,768,768,0,7,761,LISTAS,,,
237043,08_070_001,934,656,656,0,4,652,LISTAS,,,
237045,08_070_002,937,637,636,0,9,627,LISTAS,,,
237047,08_070_003,810,538,538,0,5,533,LISTAS,,,
237049,08_071_001,1229,961,960,0,6,954,LISTAS,,,
237051,08_072_001,981,715,715,0,5,710,LISTAS,,,
237053,08_073_001,349,272,272,0,4,268,LISTAS,,,
237055,08_074_001,530,369,369,0,7,362,LISTAS,,,
237057,08_075_001,265,219,218,0,2,216,LISTAS,,,
237059,08_076_001,784,564,564,0,9,555,LISTAS,,,
237061,08_076_002,698,551,551,0,7,544,LISTAS,,,
237063,08_077_001,959,627,627,0,6,621,LISTAS,,,
237065,08_078_001,858,626,626,0,7,619,LISTAS,,,
237067,08_078_002,782,525,517,0,4,513,LISTAS,,,
237069,08_078_003,703,480,479,0,2,477,LISTAS,,,
237071,08_078_004,782,573,573,0,4,569,LISTAS,,,
237073,08_078_005,770,515,515,0,7,508,LISTAS,,,
237075,08_078_006,594,431,441,0,47,394,LISTAS,,,
237077,08_078_007,210,126,126,0,4,122,LISTAS,,,
237079,08_079_001,447,326,326,0,3,323,LISTAS,,,
237081,08_080_001,1023,708,708,0,3,705,LISTAS,,,
237083,08_081_001,140,98,98,0,0,98,LISTAS,,,
237085,08_081_002,1110,858,858,0,6,852,LISTAS,,,
237087,08_081_003,908,656,654,0,3,651,LISTAS,,,
237089,08_081_004,966,766,766,0,4,762,LISTAS,,,
237091,08_081_005,971,761,761,0,4,757,LISTAS,,,
237093,08_081_006,1044,745,745,0,11,734,LISTAS,,,
237095,08_081_007,991,751,751,0,8,743,LISTAS,,,
237097,08_081_008,1056,808,807,0,8,799,LISTAS,,,
237099,08_081_009,849,626,626,0,8,618,LISTAS,,,
237101,08_082_001,673,467,467,0,12,455,LISTAS,,,
237103,08_082_002,934,652,652,0,7,645,LISTAS,,,
237105,08_082_003,176,122,122,0,1,121,LISTAS,,,
237107,08_083_001,198,161,161,0,1,160,LISTAS,,,
237109,08_084_001,728,591,590,0,1,589,LISTAS,,,
237111,08_085_001,290,238,238,0,1,237,LISTAS,,,
237113,08_086_001,601,473,473,0,6,467,LISTAS,,,
237115,08_087_001,859,600,600,0,3,597,LISTAS,,,
237117,08_087_002,1035,727,727,0,5,722,LISTAS,,,
237119,08_088_001,1073,785,782,0,4,778,LISTAS,,,
237121,08_088_002,1075,815,813,0,12,801,LISTAS,,,
237123,08_089_001,839,664,664,0,8,656,LISTAS,,,
237125,08_089_002,763,607,607,0,9,598,LISTAS,,,
237127,08_090_001,1046,797,797,0,4,793,LISTAS,,,
237129,08_091_001,434,269,269,0,2,267,LISTAS,,,
237131,08_092_001,694,466,466,0,8,458,LISTAS,,,
237133,08_092_002,855,571,571,0,9,562,LISTAS,,,
237135,08_093_001,1100,815,815,0,7,808,LISTAS,,,
237137,08_093_002,671,458,458,0,7,451,LISTAS,,,
237139,08_093_003,742,525,525,0,4,521,LISTAS,,,
237141,08_094_001,615,472,472,0,12,460,LISTAS,,,
237143,08_095_001,1159,877,871,0,5,866,LISTAS,,,
237145,08_096_001,84,55,55,0,3,52,LISTAS,,,
237147,08_097_001,357,266,266,0,4,262,LISTAS,,,
237149,08_098_001,408,290,290,0,1,289,LISTAS,,,
237151,08_099_001,694,508,507,0,9,498,LISTAS,,,
237153,08_099_002,867,632,632,0,2,630,LISTAS,,,
237155,08_100_001,500,381,381,0,2,379,LISTAS,,,
237157,08_101_001,758,522,522,0,3,519,LISTAS,,,
237159,08_102_001,78,63,63,0,1,62,LISTAS,,,
237161,08_103_001,883,705,705,0,7,698,LISTAS,,,
237163,08_104_001,803,630,630,0,2,628,LISTAS,,,
237165,08_104_002,690,384,385,0,9,376,LISTAS,,,
237167,08_104_003,811,558,559,0,13,546,LISTAS,,,
237169,08_104_004,1253,986,984,0,5,979,LISTAS,,,
237171,08_104_005,859,641,640,0,1,639,LISTAS,,,
237173,08_104_006,839,585,585,0,1,584,LISTAS,,,
237175,08_104_007,939,657,656,0,8,648,LISTAS,,,
237177,08_104_008,1215,924,924,0,10,914,LISTAS,,,
237179,08_104_009,728,499,499,0,4,495,LISTAS,,,
237181,08_104_010,870,543,542,0,6,536,LISTAS,,,
237183,08_104_011,841,545,545,0,3,542,LISTAS,,,
237185,08_104_012,759,573,574,0,12,562,LISTAS,,,
237187,08_104_013,920,666,657,0,13,644,LISTAS,,,
237189,08_104_014,914,679,679,0,7,672,LISTAS,,,
237191,08_104_015,697,499,499,0,4,495,LISTAS,,,
237193,08_104_016,675,504,504,0,4,500,LISTAS,,,
237195,08_104_017,755,511,510,0,5,505,LISTAS,,,
237197,08_104_018,817,539,538,0,3,535,LISTAS,,,
237199,08_104_019,809,532,532,0,3,529,LISTAS,,,
237201,08_104_020,742,510,510,0,1,509,LISTAS,,,
237203,08_104_021,722,468,468,0,8,460,LISTAS,,,
237205,08_104_022,865,568,568,0,5,563,LISTAS,,,
237207,08_104_023,636,418,417,0,2,415,LISTAS,,,
237209,08_104_024,685,493,491,0,4,487,LISTAS,,,
237211,08_104_025,778,476,477,0,10,467,LISTAS,,,
237213,08_104_026,793,553,552,0,3,549,LISTAS,,,
237215,08_104_027,856,537,536,0,5,531,LISTAS,,,
237217,08_104_028,807,525,523,0,1,522,LISTAS,,,
237219,08_104_029,765,516,514,0,2,512,LISTAS,,,
237221,08_104_030,2185,1864,1863,-1,11,1852,LISTAS,,,
237223,08_105_001,936,669,669,0,7,662,LISTAS,,,
237225,08_105_002,1085,705,705,0,2,703,LISTAS,,,
237227,08_106_001,665,476,476,0,10,466,LISTAS,,,
237229,08_106_002,702,506,506,0,4,502,LISTAS,,,
237231,08_107_001,666,527,527,0,5,522,LISTAS,,,
237233,08_108_001,838,666,666,0,1,665,LISTAS,,,
237235,08_109_001,955,708,708,0,7,701,LISTAS,,,
237237,08_109_002,987,778,778,0,1,777,LISTAS,,,
237239,08_110_001,795,584,584,0,11,573,LISTAS,,,
237241,08_111_001,666,469,469,0,5,464,LISTAS,,,
237243,08_111_002,835,592,592,0,8,584,LISTAS,,,
237245,08_112_001,169,133,133,0,0,133,LISTAS,,,
237247,08_113_001,394,309,309,0,1,308,LISTAS,,,
237249,08_114_001,927,730,729,0,5,724,LISTAS,,,
237251,08_114_002,982,724,724,0,4,720,LISTAS,,,
237253,08_114_003,1089,804,800,0,6,794,LISTAS,,,
237255,08_114_004,547,433,433,0,2,431,LISTAS,,,
237257,08_115_001,700,520,519,0,6,513,LISTAS,,,
237259,08_116_001,833,609,606,0,3,603,LISTAS,,,
237261,08_116_002,759,572,572,0,4,568,LISTAS,,,
237263,08_116_003,808,596,596,0,4,592,LISTAS,,,
237265,08_117_001,1007,687,686,0,4,682,LISTAS,,,
237267,08_117_002,713,511,510,0,6,504,LISTAS,,,
237269,08_117_003,796,565,562,0,2,560,LISTAS,,,
237271,08_117_004,185,150,150,0,1,149,LISTAS,,,
237273,08_118_001,295,218,218,0,2,216,LISTAS,,,
237275,08_119_001,246,183,183,0,3,180,LISTAS,,,
237277,08_120_001,870,583,582,0,5,577,LISTAS,,,
237279,08_121_001,1161,865,865,0,3,862,LISTAS,,,
237281,08_122_001,860,679,675,0,8,667,LISTAS,,,
237283,08_123_001,881,618,615,0,1,614,LISTAS,,,
237285,08_123_002,895,613,613,0,5,608,LISTAS,,,
237287,08_123_003,255,179,179,0,1,178,LISTAS,,,
237289,08_124_001,278,226,226,0,2,224,LISTAS,,,
237291,08_125_001,87,69,69,0,3,66,LISTAS,,,
237293,08_126_001,226,184,184,0,1,183,LISTAS,,,
237295,08_127_001,514,388,388,0,3,385,LISTAS,,,
237297,08_128_001,409,291,291,0,5,286,LISTAS,,,
237299,08_128_002,557,434,434,0,17,417,LISTAS,,,
237301,08_128_003,399,302,305,0,18,287,LISTAS,,,
237303,08_129_001,1006,702,702,0,2,700,LISTAS,,,
237305,08_130_001,437,310,310,0,1,309,LISTAS,,,
237307,08_131_001,482,368,368,0,1,367,LISTAS,,,
237309,08_132_001,564,454,454,0,6,448,LISTAS,,,
237311,08_133_001,1111,792,792,0,7,785,LISTAS,,,
237313,08_133_002,1010,756,756,0,3,753,LISTAS,,,
237315,08_134_001,808,611,611,0,2,609,LISTAS,,,
237317,08_135_001,70,55,55,0,0,55,LISTAS,,,
237319,08_136_001,364,282,282,0,2,280,LISTAS,,,
237321,08_137_001,413,325,325,0,1,324,LISTAS,,,
237323,08_138_001,119,99,99,0,0,99,LISTAS,,,
237325,08_139_001,798,621,620,0,5,615,LISTAS,,,
237327,08_140_001,131,102,101,0,2,99,LISTAS,,,
237329,08_141_001,226,181,181,0,1,180,LISTAS,,,
237331,08_142_001,270,230,230,0,2,228,LISTAS,,,
237333,08_143_001,440,294,294,0,2,292,LISTAS,,,
237335,08_144_001,263,201,201,0,0,201,LISTAS,,,
237337,08_145_001,338,268,268,0,6,262,LISTAS,,,
237339,08_146_001,470,376,376,0,6,370,LISTAS,,,
237341,08_146_002,178,147,147,0,1,146,LISTAS,,,
237343,08_146_003,71,59,59,0,0,59,LISTAS,,,
237345,08_147_001,261,170,170,0,1,169,LISTAS,,,
237347,08_148_001,227,154,154,0,1,153,LISTAS,,,
237349,08_149_001,913,637,637,0,9,628,LISTAS,,,
237351,08_150_001,840,480,479,0,6,473,LISTAS,,,
237353,08_150_002,901,614,613,0,2,611,LISTAS,,,
237355,08_150_003,1024,693,692,0,3,689,LISTAS,,,
237357,08_150_004,880,670,667,0,7,660,LISTAS,,,
237359,08_150_005,763,550,550,0,5,545,LISTAS,,,
237361,08_150_006,862,655,655,0,2,653,LISTAS,,,
237363,08_150_007,943,706,706,0,5,701,LISTAS,,,
237365,08_150_008,759,565,564,0,7,557,LISTAS,,,
237367,08_150_009,1021,760,760,0,2,758,LISTAS,,,
237369,08_150_010,716,508,507,0,2,505,LISTAS,,,
237371,08_150_011,749,504,504,0,3,501,LISTAS,,,
237373,08_150_012,789,601,601,0,5,596,LISTAS,,,
237375,08_150_013,732,489,489,0,5,484,LISTAS,,,
237377,08_150_014,716,531,531,0,3,528,LISTAS,,,
237379,08_150_015,731,515,515,0,5,510,LISTAS,,,
237381,08_150_016,848,620,620,0,6,614,LISTAS,,,
237383,08_150_017,633,496,496,0,7,489,LISTAS,,,
237385,08_150_018,900,709,709,0,5,704,LISTAS,,,
237387,08_150_019,1122,910,908,0,7,901,LISTAS,,,
237389,08_150_020,851,652,652,0,2,650,LISTAS,,,
237391,08_150_021,920,726,726,0,4,722,LISTAS,,,
237393,08_150_022,899,708,708,0,8,700,LISTAS,,,
237395,08_150_023,1106,851,842,0,7,835,LISTAS,,,
237397,08_150_024,811,570,570,0,3,567,LISTAS,,,
237399,08_150_025,685,505,505,0,6,499,LISTAS,,,
237401,08_150_026,2452,2178,2169,-9,17,2152,LISTAS,,,
237403,08_150_027,783,617,617,0,3,614,LISTAS,,,
237405,08_150_028,938,594,594,0,8,586,LISTAS,,,
237407,08_150_029,1274,959,955,0,10,945,LISTAS,,,
237409,08_150_030,708,474,474,0,3,471,LISTAS,,,
237411,08_150_031,993,717,717,0,7,710,LISTAS,,,
237413,08_150_032,926,693,693,0,6,687,LISTAS,,,
237415,08_150_033,988,775,772,0,1,771,LISTAS,,,
237417,08_150_034,923,605,604,0,7,597,LISTAS,,,
237419,08_150_035,910,659,659,0,4,655,LISTAS,,,
237421,08_150_036,991,770,769,0,12,757,LISTAS,,,
237423,08_150_037,901,645,645,0,8,637,LISTAS,,,
237425,08_150_038,916,716,714,0,9,705,LISTAS,,,
237427,08_150_039,995,803,803,0,9,794,LISTAS,,,
237429,08_150_040,1201,978,978,0,14,964,LISTAS,,,
237431,08_150_041,953,812,813,0,9,804,LISTAS,,,
237433,08_150_042,804,645,645,0,8,637,LISTAS,,,
237435,08_150_043,939,731,731,0,3,728,LISTAS,,,
237437,08_150_044,886,663,663,0,10,653,LISTAS,,,
237439,08_150_045,711,560,560,0,11,549,LISTAS,,,
237441,08_150_046,742,562,562,0,12,550,LISTAS,,,
237443,08_150_047,944,701,701,0,2,699,LISTAS,,,
237445,08_150_048,1396,1084,1080,0,6,1074,LISTAS,,,
237447,08_150_049,1239,957,954,0,9,945,LISTAS,,,
237449,08_150_050,751,507,507,0,12,495,LISTAS,,,
237452,08_151_001,670,551,551,0,6,545,LISTAS,,,
237450,08_152_001,1054,816,816,0,5,811,LISTAS,,,
237455,08_153_001,239,168,168,0,3,165,LISTAS,,,
237457,08_154_001,358,269,269,0,3,266,LISTAS,,,
237459,08_155_001,1045,780,779,0,6,773,LISTAS,,,
237461,08_155_002,677,489,489,0,3,486,LISTAS,,,
237463,08_156_001,801,617,617,0,6,611,LISTAS,,,
237465,08_157_001,669,424,424,0,4,420,LISTAS,,,
237467,08_158_001,1053,698,697,0,13,684,LISTAS,,,
237469,08_159_001,560,428,427,0,0,427,LISTAS,,,
237471,08_160_001,337,265,260,0,3,257,LISTAS,,,
237473,08_161_001,585,426,426,0,6,420,LISTAS,,,
237475,08_162_001,721,524,524,0,5,519,LISTAS,,,
237477,08_163_001,149,120,120,0,1,119,LISTAS,,,
237479,08_164_001,1337,974,974,0,7,967,LISTAS,,,
237481,08_165_001,1129,684,684,0,7,677,LISTAS,,,
237483,08_165_002,995,686,686,0,6,680,LISTAS,,,
237485,08_165_003,1062,765,765,0,4,761,LISTAS,,,
237487,08_166_001,851,587,587,0,10,577,LISTAS,,,
237489,08_166_002,859,648,648,0,6,642,LISTAS,,,
237491,08_167_001,262,215,215,0,0,215,LISTAS,,,
237493,08_168_001,791,589,588,0,12,576,LISTAS,,,
237495,08_169_001,635,425,425,0,3,422,LISTAS,,,
237497,08_170_001,65,54,54,0,1,53,LISTAS,,,
237499,08_171_001,418,299,299,0,4,295,LISTAS,,,
237501,08_172_001,637,500,499,0,3,496,LISTAS,,,
237503,08_172_002,663,556,556,0,4,552,LISTAS,,,
237505,08_172_003,655,509,508,0,3,505,LISTAS,,,
237507,08_173_001,284,214,214,0,1,213,LISTAS,,,
237509,08_174_001,129,106,106,0,0,106,LISTAS,,,
237511,08_175_001,772,628,627,0,5,622,LISTAS,,,
237513,08_176_001,799,588,588,0,6,582,LISTAS,,,
237515,08_177_001,163,123,123,0,2,121,LISTAS,,,
237517,08_178_001,1097,856,856,0,6,850,LISTAS,,,
237519,08_179_001,327,273,273,0,5,268,LISTAS,,,
237521,08_180_001,117,94,94,0,3,91,LISTAS,,,
237523,08_181_001,534,404,404,0,5,399,LISTAS,,,
237526,08_182_001,430,286,286,0,4,282,LISTAS,,,
237524,08_183_001,349,221,221,0,0,221,LISTAS,,,
237529,09_001_001,702,415,415,0,3,412,LISTAS,,,
237531,09_001_002,672,413,414,0,8,406,LISTAS,,,
237533,09_002_001,531,306,306,0,2,304,LISTAS,,,
237535,09_003_001,903,577,578,0,14,564,LISTAS,,,
237537,09_003_002,908,496,496,0,13,483,LISTAS,,,
237539,09_004_001,945,652,652,0,9,643,LISTAS,,,
237541,09_005_001,1031,760,759,0,4,755,LISTAS,,,
237543,09_005_002,685,467,468,0,8,460,LISTAS,,,
237545,09_005_003,864,676,675,0,8,667,LISTAS,,,
237547,09_005_004,860,586,586,0,3,583,LISTAS,,,
237549,09_005_005,720,529,529,0,9,520,LISTAS,,,
237551,09_005_006,833,449,448,0,2,446,LISTAS,,,
237553,09_005_007,739,567,567,0,7,560,LISTAS,,,
237555,09_005_008,913,646,646,0,7,639,LISTAS,,,
237557,09_005_009,1009,629,628,0,13,615,LISTAS,,,
237559,09_005_010,777,496,496,0,3,493,LISTAS,,,
237561,09_005_011,1007,554,554,0,11,543,LISTAS,,,
237563,09_005_012,868,545,545,0,6,539,LISTAS,,,
237565,09_005_013,878,604,604,0,9,595,LISTAS,,,
237567,09_005_014,764,508,506,0,8,498,LISTAS,,,
237569,09_005_015,810,581,580,0,3,577,LISTAS,,,
237571,09_005_016,890,593,592,0,6,586,LISTAS,,,
237573,09_005_017,85,53,53,0,1,52,LISTAS,,,
237575,09_006_001,562,352,352,0,6,346,LISTAS,,,
237577,09_006_002,672,412,412,0,7,405,LISTAS,,,
237579,09_006_003,689,431,431,0,3,428,LISTAS,,,
237581,09_007_001,307,178,178,0,4,174,LISTAS,,,
237583,09_008_001,692,359,359,0,6,353,LISTAS,,,
237585,09_008_002,789,404,403,0,1,402,LISTAS,,,
237587,09_009_001,725,520,520,0,5,515,LISTAS,,,
237589,09_009_002,605,422,422,0,7,415,LISTAS,,,
237591,09_009_003,665,440,440,0,1,439,LISTAS,,,
237593,09_009_004,893,590,588,0,5,583,LISTAS,,,
237595,09_009_005,2125,1785,1775,-10,10,1765,LISTAS,,,
237597,09_009_006,818,430,430,0,5,425,LISTAS,,,
237599,09_009_007,695,485,485,0,6,479,LISTAS,,,
237601,09_009_008,675,404,404,0,1,403,LISTAS,,,
237603,09_009_009,802,573,574,0,8,566,LISTAS,,,
237605,09_009_010,663,439,439,0,0,439,LISTAS,,,
237607,09_009_011,755,554,554,0,9,545,LISTAS,,,
237609,09_009_012,698,507,507,0,3,504,LISTAS,,,
237611,09_009_013,897,584,584,0,7,577,LISTAS,,,
237613,09_009_014,565,449,449,0,2,447,LISTAS,,,
237615,09_009_015,698,438,438,0,3,435,LISTAS,,,
237617,09_009_016,732,474,474,0,2,472,LISTAS,,,
237619,09_010_001,148,108,108,0,4,104,LISTAS,,,
237621,09_011_001,728,464,464,0,4,460,LISTAS,,,
237623,09_011_002,649,411,411,0,6,405,LISTAS,,,
237625,09_011_003,644,358,358,0,5,353,LISTAS,,,
237627,09_011_004,883,513,513,0,17,496,LISTAS,,,
237629,09_011_005,709,403,403,0,8,395,LISTAS,,,
237631,09_012_001,610,378,377,0,5,372,LISTAS,,,
237633,09_012_002,649,333,333,0,3,330,LISTAS,,,
237635,09_012_003,679,351,351,0,6,345,LISTAS,,,
237637,09_013_001,743,431,431,0,7,424,LISTAS,,,
237639,09_014_001,971,623,623,0,6,617,LISTAS,,,
237641,09_014_002,990,707,707,0,11,696,LISTAS,,,
237643,09_014_003,1034,767,765,0,6,759,LISTAS,,,
237645,09_015_001,430,240,240,0,6,234,LISTAS,,,
237647,09_016_001,711,463,463,0,6,457,LISTAS,,,
237649,09_016_002,690,402,402,0,11,391,LISTAS,,,
237651,09_016_003,38,25,25,0,2,23,LISTAS,,,
237653,09_017_001,438,263,263,0,3,260,LISTAS,,,
237657,09_018_011,688,327,327,0,2,325,LISTAS,,,
237659,09_018_012,1363,972,970,0,7,963,LISTAS,,,
237661,09_018_013,1496,793,794,0,6,788,LISTAS,,,
237663,09_018_014,1295,952,951,0,6,945,LISTAS,,,
237665,09_018_015,1280,811,813,0,16,797,LISTAS,,,
237667,09_018_016,2182,1934,1934,0,10,1924,LISTAS,,,
237669,09_018_021,1341,926,919,0,9,910,LISTAS,,,
237671,09_018_022,1357,977,977,0,7,970,LISTAS,,,
237673,09_018_023,1307,1038,1037,0,9,1028,LISTAS,,,
237675,09_018_024,1268,954,954,0,9,945,LISTAS,,,
237677,09_018_025,1228,956,955,0,1,954,LISTAS,,,
237679,09_018_031,1225,859,859,0,5,854,LISTAS,,,
237681,09_018_032,1272,972,972,0,4,968,LISTAS,,,
237683,09_018_033,1035,783,783,0,6,777,LISTAS,,,
237685,09_018_034,982,777,777,0,6,771,LISTAS,,,
237687,09_018_035,1293,996,991,0,3,988,LISTAS,,,
237689,09_018_041,1235,801,801,0,5,796,LISTAS,,,
237691,09_018_042,1132,788,783,0,2,781,LISTAS,,,
237693,09_018_043,1051,594,594,0,6,588,LISTAS,,,
237695,09_018_044,795,491,491,0,4,487,LISTAS,,,
237697,09_018_045,951,652,652,0,3,649,LISTAS,,,
237699,09_018_046,1246,642,640,0,1,639,LISTAS,,,
237701,09_018_051,1194,811,809,0,2,807,LISTAS,,,
237703,09_018_052,1248,852,848,0,4,844,LISTAS,,,
237705,09_018_053,1302,1006,1005,0,10,995,LISTAS,,,
237707,09_018_054,1248,845,843,0,6,837,LISTAS,,,
237709,09_018_055,1221,745,745,0,6,739,LISTAS,,,
237711,09_018_061,827,453,453,0,7,446,LISTAS,,,
237713,09_018_062,1463,727,727,0,27,700,LISTAS,,,
237715,09_018_063,1417,1039,1038,0,8,1030,LISTAS,,,
237717,09_018_064,2744,2333,2332,-1,7,2325,LISTAS,,,
237719,09_018_065,1210,912,911,0,4,907,LISTAS,,,
237721,09_018_066,876,685,685,0,3,682,LISTAS,,,
237723,09_018_067,814,620,620,0,5,615,LISTAS,,,
237725,09_018_071,869,532,532,0,5,527,LISTAS,,,
237727,09_018_072,1469,929,926,0,8,918,LISTAS,,,
237729,09_018_073,1408,1026,1024,0,9,1015,LISTAS,,,
237731,09_018_074,1429,1092,1091,0,6,1085,LISTAS,,,
237733,09_018_075,988,715,712,0,7,705,LISTAS,,,
237735,09_018_076,1217,912,912,0,7,905,LISTAS,,,
237737,09_018_081,1176,724,724,0,6,718,LISTAS,,,
237739,09_018_082,1434,1071,1071,0,16,1055,LISTAS,,,
237741,09_018_083,1272,907,905,0,2,903,LISTAS,,,
237743,09_018_084,1276,971,978,0,47,931,LISTAS,,,
237745,09_018_085,882,682,682,0,12,670,LISTAS,,,
237747,09_018_086,842,587,587,0,5,582,LISTAS,,,
237749,09_018_091,1369,807,800,0,0,800,LISTAS,,,
237751,09_018_092,1448,781,780,0,12,768,LISTAS,,,
237753,09_018_093,1388,898,898,0,8,890,LISTAS,,,
237755,09_018_094,1426,722,721,0,6,715,LISTAS,,,
237757,09_018_095,1432,1018,1018,0,4,1014,LISTAS,,,
237759,09_018_101,1385,1030,1030,0,8,1022,LISTAS,,,
237761,09_018_102,1198,769,769,0,4,765,LISTAS,,,
237763,09_018_103,1385,1017,1019,0,22,997,LISTAS,,,
237765,09_018_104,990,682,681,0,8,673,LISTAS,,,
237767,09_018_105,1452,1001,1000,0,9,991,LISTAS,,,
237769,09_018_106,1424,1078,1064,0,7,1057,LISTAS,,,
237771,09_018_111,1230,791,788,0,3,785,LISTAS,,,
237773,09_018_112,1268,868,867,0,5,862,LISTAS,,,
237775,09_018_113,1158,795,793,0,8,785,LISTAS,,,
237777,09_018_114,1057,809,809,0,2,807,LISTAS,,,
237779,09_018_115,1068,846,846,0,10,836,LISTAS,,,
237781,09_018_116,691,489,489,0,1,488,LISTAS,,,
237783,09_018_117,815,573,573,0,1,572,LISTAS,,,
237785,09_018_121,1018,740,740,0,11,729,LISTAS,,,
237787,09_018_122,879,575,575,0,1,574,LISTAS,,,
237789,09_018_123,1116,762,762,0,2,760,LISTAS,,,
237791,09_018_124,1054,804,807,0,20,787,LISTAS,,,
237793,09_018_125,1121,753,752,0,4,748,LISTAS,,,
237795,09_018_126,967,675,675,0,7,668,LISTAS,,,
237797,09_018_127,1059,746,745,0,6,739,LISTAS,,,
237799,09_018_131,1134,764,764,0,5,759,LISTAS,,,
237801,09_018_132,1095,740,740,0,5,735,LISTAS,,,
237803,09_018_133,1180,778,771,0,2,769,LISTAS,,,
237805,09_018_134,1133,790,790,0,3,787,LISTAS,,,
237807,09_018_135,1108,788,788,0,7,781,LISTAS,,,
237809,09_018_136,910,549,548,0,2,546,LISTAS,,,
237811,09_018_141,1376,933,928,0,4,924,LISTAS,,,
237813,09_018_142,1461,1011,1010,0,4,1006,LISTAS,,,
237815,09_018_143,1474,1032,1031,0,13,1018,LISTAS,,,
237817,09_018_144,1117,688,687,0,5,682,LISTAS,,,
237819,09_018_145,1364,1073,1065,0,3,1062,LISTAS,,,
237821,09_018_151,852,719,711,0,3,708,LISTAS,,,
237823,09_018_152,1052,723,721,0,7,714,LISTAS,,,
237825,09_018_153,829,674,672,0,4,668,LISTAS,,,
237827,09_018_154,1129,721,723,0,20,703,LISTAS,,,
237829,09_018_155,1121,777,777,0,7,770,LISTAS,,,
237831,09_018_156,962,629,629,0,5,624,LISTAS,,,
237833,09_018_161,1064,730,730,0,5,725,LISTAS,,,
237835,09_018_162,1062,721,720,0,4,716,LISTAS,,,
237837,09_018_163,1248,845,843,0,7,836,LISTAS,,,
237839,09_018_164,1104,742,741,0,6,735,LISTAS,,,
237841,09_018_165,1190,856,854,0,9,845,LISTAS,,,
237843,09_018_171,1240,928,927,0,5,922,LISTAS,,,
237845,09_018_172,1343,874,875,0,5,870,LISTAS,,,
237847,09_018_173,1253,881,881,0,2,879,LISTAS,,,
237849,09_018_174,712,530,530,0,4,526,LISTAS,,,
237851,09_018_175,1032,813,813,0,3,810,LISTAS,,,
237853,09_018_176,719,456,456,0,2,454,LISTAS,,,
237855,09_018_181,679,529,527,0,1,526,LISTAS,,,
237857,09_018_182,1100,819,819,0,6,813,LISTAS,,,
237859,09_018_183,1074,841,841,0,5,836,LISTAS,,,
237861,09_018_184,435,314,314,0,2,312,LISTAS,,,
237863,09_018_185,807,635,634,0,7,627,LISTAS,,,
237865,09_018_186,1241,954,954,0,4,950,LISTAS,,,
237867,09_018_187,930,680,679,0,4,675,LISTAS,,,
237869,09_018_188,712,451,449,0,5,444,LISTAS,,,
237871,09_018_191,831,494,494,0,2,492,LISTAS,,,
237873,09_018_192,1078,652,651,0,3,648,LISTAS,,,
237875,09_018_193,1190,807,807,0,9,798,LISTAS,,,
237877,09_018_194,1182,866,864,0,8,856,LISTAS,,,
237879,09_018_195,746,543,543,0,3,540,LISTAS,,,
237881,09_018_196,1116,814,812,0,8,804,LISTAS,,,
237883,09_018_201,986,633,633,0,8,625,LISTAS,,,
237885,09_018_202,1275,892,892,0,7,885,LISTAS,,,
237887,09_018_203,1177,804,805,0,14,791,LISTAS,,,
237889,09_018_204,1118,801,798,0,1,797,LISTAS,,,
237891,09_018_205,1038,729,728,0,4,724,LISTAS,,,
237893,09_018_211,566,412,412,0,4,408,LISTAS,,,
237895,09_018_212,732,506,506,0,12,494,LISTAS,,,
237897,09_018_213,2793,2543,2538,-5,14,2524,LISTAS,,,
237899,09_018_214,1253,935,935,0,8,927,LISTAS,,,
237901,09_018_215,830,703,702,0,4,698,LISTAS,,,
237903,09_018_216,1130,936,933,0,6,927,LISTAS,,,
237905,09_018_217,1328,1078,1072,0,7,1065,LISTAS,,,
237907,09_018_218,1258,1027,1027,0,3,1024,LISTAS,,,
237909,09_018_221,1117,787,787,0,4,783,LISTAS,,,
237911,09_018_222,1042,715,715,0,8,707,LISTAS,,,
237913,09_018_223,1158,767,767,0,4,763,LISTAS,,,
237915,09_018_224,972,673,672,0,4,668,LISTAS,,,
237917,09_018_225,963,720,718,0,5,713,LISTAS,,,
237919,09_018_231,1270,947,947,0,7,940,LISTAS,,,
237921,09_018_232,1425,1079,1079,0,1,1078,LISTAS,,,
237923,09_018_233,1366,1027,1016,0,8,1008,LISTAS,,,
237925,09_018_234,1194,954,954,0,13,941,LISTAS,,,
237927,09_018_235,1368,1054,1052,0,6,1046,LISTAS,,,
237929,09_018_236,1115,833,833,0,4,829,LISTAS,,,
237931,09_019_001,937,534,534,0,3,531,LISTAS,,,
237933,09_019_002,913,495,495,0,5,490,LISTAS,,,
237935,09_019_003,867,624,625,0,10,615,LISTAS,,,
237937,09_019_004,898,562,561,0,5,556,LISTAS,,,
237939,09_019_005,876,625,625,0,6,619,LISTAS,,,
237941,09_019_006,951,625,625,0,2,623,LISTAS,,,
237943,09_019_007,844,584,584,0,6,578,LISTAS,,,
237945,09_019_008,384,210,210,0,7,203,LISTAS,,,
237947,09_020_001,943,668,668,0,5,663,LISTAS,,,
237949,09_020_002,866,572,572,0,10,562,LISTAS,,,
237951,09_020_003,1041,746,746,0,5,741,LISTAS,,,
237953,09_020_004,864,603,603,0,12,591,LISTAS,,,
237955,09_021_001,613,280,280,0,3,277,LISTAS,,,
237957,09_021_002,604,337,337,0,4,333,LISTAS,,,
237959,09_021_003,719,453,453,0,7,446,LISTAS,,,
237961,09_021_004,666,395,395,0,3,392,LISTAS,,,
237963,09_021_005,735,441,441,0,3,438,LISTAS,,,
237965,09_021_006,431,218,218,0,1,217,LISTAS,,,
237967,09_021_007,140,75,75,0,0,75,LISTAS,,,
237969,09_022_001,1079,677,677,0,7,670,LISTAS,,,
237971,09_023_001,229,135,135,0,2,133,LISTAS,,,
237973,09_024_001,831,534,533,0,4,529,LISTAS,,,
237975,09_024_002,824,589,589,0,6,583,LISTAS,,,
237977,09_024_003,754,457,456,0,8,448,LISTAS,,,
237979,09_024_004,789,512,511,0,8,503,LISTAS,,,
237981,09_025_001,896,553,552,0,6,546,LISTAS,,,
237983,09_026_001,414,246,246,0,1,245,LISTAS,,,
237985,09_026_002,357,226,226,0,2,224,LISTAS,,,
237987,09_026_003,392,243,243,0,2,241,LISTAS,,,
237989,09_026_004,160,94,94,0,1,93,LISTAS,,,
237991,09_027_001,643,410,410,0,4,406,LISTAS,,,
237993,09_028_001,882,579,579,0,3,576,LISTAS,,,
237995,09_028_002,942,615,615,0,3,612,LISTAS,,,
237997,09_028_003,54,25,25,0,1,24,LISTAS,,,
237999,09_029_001,866,484,482,0,6,476,LISTAS,,,
238001,09_029_002,770,481,481,0,7,474,LISTAS,,,
238003,09_030_001,1026,735,734,0,1,733,LISTAS,,,
238005,09_030_002,851,630,630,0,5,625,LISTAS,,,
238007,09_030_003,653,373,373,0,6,367,LISTAS,,,
238009,09_030_004,1125,777,777,0,10,767,LISTAS,,,
238011,09_030_005,1012,725,725,0,3,722,LISTAS,,,
238013,09_030_006,1206,742,742,0,7,735,LISTAS,,,
238015,09_030_007,800,290,290,0,6,284,LISTAS,,,
238017,09_030_008,172,111,111,0,2,109,LISTAS,,,
238019,09_030_009,1179,716,715,0,13,702,LISTAS,,,
238021,09_030_010,1156,741,741,0,8,733,LISTAS,,,
238023,09_030_011,746,530,530,0,6,524,LISTAS,,,
238025,09_030_012,1041,789,789,0,6,783,LISTAS,,,
238027,09_030_013,702,462,462,0,5,457,LISTAS,,,
238029,09_030_014,741,564,564,0,2,562,LISTAS,,,
238031,09_030_015,611,447,447,0,5,442,LISTAS,,,
238033,09_030_016,677,494,495,0,9,486,LISTAS,,,
238035,09_030_017,857,627,626,0,12,614,LISTAS,,,
238037,09_030_018,2111,1813,1802,-11,10,1792,LISTAS,,,
238039,09_030_019,1198,888,888,0,11,877,LISTAS,,,
238041,09_030_020,635,444,444,0,7,437,LISTAS,,,
238043,09_030_021,1257,854,854,0,6,848,LISTAS,,,
238045,09_030_022,865,604,604,0,8,596,LISTAS,,,
238047,09_030_023,998,554,554,0,7,547,LISTAS,,,
238049,09_030_024,1037,592,592,0,8,584,LISTAS,,,
238051,09_030_025,1112,725,725,0,8,717,LISTAS,,,
238053,09_030_026,799,361,361,0,0,361,LISTAS,,,
238055,09_030_027,688,346,347,0,8,339,LISTAS,,,
238057,09_031_001,814,528,529,0,15,514,LISTAS,,,
238059,09_031_002,951,619,619,0,4,615,LISTAS,,,
238061,09_031_003,941,680,680,0,6,674,LISTAS,,,
238063,09_031_004,993,641,641,0,10,631,LISTAS,,,
238065,09_031_005,870,498,498,0,2,496,LISTAS,,,
238067,09_031_006,748,503,503,0,1,502,LISTAS,,,
238069,09_031_007,765,407,407,0,4,403,LISTAS,,,
238071,09_031_008,645,421,421,0,4,417,LISTAS,,,
238073,09_032_001,1139,524,525,0,10,515,LISTAS,,,
238075,09_032_002,1006,428,428,0,4,424,LISTAS,,,
238077,09_032_003,1239,659,659,0,5,654,LISTAS,,,
238079,09_032_004,1205,633,632,0,6,626,LISTAS,,,
238081,09_032_005,1057,560,560,0,5,555,LISTAS,,,
238083,09_032_006,1273,712,712,0,8,704,LISTAS,,,
238085,09_032_007,1252,797,796,0,8,788,LISTAS,,,
238087,09_032_008,1231,766,766,0,9,757,LISTAS,,,
238089,09_032_009,110,70,70,0,2,68,LISTAS,,,
238091,09_033_001,859,534,535,0,7,528,LISTAS,,,
238093,09_033_002,670,405,401,0,1,400,LISTAS,,,
238095,09_033_003,828,558,558,0,4,554,LISTAS,,,
238097,09_033_004,906,540,540,0,4,536,LISTAS,,,
238099,09_033_005,865,516,516,0,6,510,LISTAS,,,
238101,09_033_006,873,599,599,0,6,593,LISTAS,,,
238103,09_033_007,857,551,551,0,11,540,LISTAS,,,
238105,09_033_008,855,538,538,0,8,530,LISTAS,,,
238107,09_033_009,755,511,511,0,7,504,LISTAS,,,
238109,09_033_010,781,498,498,0,2,496,LISTAS,,,
238111,09_033_011,816,555,555,0,7,548,LISTAS,,,
238113,09_033_012,841,564,564,0,6,558,LISTAS,,,
238115,09_033_013,762,481,481,0,5,476,LISTAS,,,
238117,09_033_014,797,534,534,0,5,529,LISTAS,,,
238119,09_033_015,708,417,417,0,4,413,LISTAS,,,
238121,09_033_016,682,488,488,0,5,483,LISTAS,,,
238123,09_033_017,320,202,202,0,1,201,LISTAS,,,
238125,09_034_001,1410,915,914,0,6,908,LISTAS,,,
238127,09_034_002,1447,953,951,0,26,925,LISTAS,,,
238129,09_034_003,1338,740,740,0,8,732,LISTAS,,,
238131,09_034_004,1243,817,815,0,6,809,LISTAS,,,
238133,09_034_005,1278,732,732,0,5,727,LISTAS,,,
238135,09_034_006,551,299,297,0,2,295,LISTAS,,,
238137,09_034_007,960,631,630,0,2,628,LISTAS,,,
238139,09_034_008,1470,867,867,0,7,860,LISTAS,,,
238141,09_034_009,1352,762,762,0,7,755,LISTAS,,,
238143,09_035_001,1028,705,705,0,6,699,LISTAS,,,
238145,09_035_002,2593,2212,2207,-5,10,2197,LISTAS,,,
238147,09_035_003,852,558,558,0,2,556,LISTAS,,,
238149,09_035_004,821,559,559,0,5,554,LISTAS,,,
238151,09_035_005,727,480,480,0,3,477,LISTAS,,,
238153,09_035_006,884,606,605,0,6,599,LISTAS,,,
238155,09_035_007,738,512,512,0,3,509,LISTAS,,,
238157,09_035_008,1147,785,783,0,4,779,LISTAS,,,
238159,09_035_009,761,477,477,0,5,472,LISTAS,,,
238161,09_035_010,907,638,638,0,5,633,LISTAS,,,
238163,09_035_011,846,575,575,0,4,571,LISTAS,,,
238165,09_035_012,692,441,440,0,2,438,LISTAS,,,
238167,09_035_013,966,567,567,0,4,563,LISTAS,,,
238169,09_035_014,900,578,578,0,4,574,LISTAS,,,
238171,09_035_015,1004,725,723,0,4,719,LISTAS,,,
238173,09_035_016,1161,840,840,0,10,830,LISTAS,,,
238175,09_035_017,1015,610,610,0,19,591,LISTAS,,,
238177,09_035_018,1194,686,686,0,7,679,LISTAS,,,
238179,09_035_019,1154,836,835,0,10,825,LISTAS,,,
238181,09_035_020,1259,871,852,0,3,849,LISTAS,,,
238183,09_036_001,739,429,429,0,6,423,LISTAS,,,
238185,09_036_002,759,460,460,0,5,455,LISTAS,,,
238187,09_036_003,785,415,415,0,7,408,LISTAS,,,
238189,09_037_001,847,458,458,0,8,450,LISTAS,,,
238191,09_038_001,993,681,681,0,5,676,LISTAS,,,
238193,09_038_002,152,72,72,0,1,71,LISTAS,,,
238195,09_039_001,1081,716,714,0,6,708,LISTAS,,,
238197,09_039_002,1126,598,597,0,7,590,LISTAS,,,
238199,09_039_003,1051,573,573,0,4,569,LISTAS,,,
238201,09_039_004,1105,633,633,0,5,628,LISTAS,,,
238203,09_040_001,887,550,550,0,2,548,LISTAS,,,
238205,09_040_002,941,599,599,0,1,598,LISTAS,,,
238207,09_040_003,913,519,518,0,3,515,LISTAS,,,
238209,09_040_004,929,586,586,0,1,585,LISTAS,,,
238211,09_040_005,940,610,610,0,4,606,LISTAS,,,
238213,09_041_001,948,533,533,0,5,528,LISTAS,,,
238215,09_042_001,489,269,269,0,2,267,LISTAS,,,
238217,09_043_001,615,378,378,0,5,373,LISTAS,,,
238219,09_043_002,584,344,344,0,3,341,LISTAS,,,
238221,09_043_003,558,326,326,0,1,325,LISTAS,,,
238223,09_043_004,544,299,299,0,3,296,LISTAS,,,
238225,09_043_005,589,321,321,0,4,317,LISTAS,,,
238227,09_043_006,579,288,287,0,4,283,LISTAS,,,
238229,09_043_007,483,282,282,0,4,278,LISTAS,,,
238231,09_043_008,74,42,42,0,0,42,LISTAS,,,
238233,09_044_001,715,366,366,0,8,358,LISTAS,,,
238235,09_044_002,882,467,467,0,3,464,LISTAS,,,
238237,09_045_001,588,353,349,0,4,345,LISTAS,,,
238239,09_046_001,692,439,439,0,5,434,LISTAS,,,
238241,09_046_002,78,51,51,0,1,50,LISTAS,,,
238243,09_047_001,1002,607,606,0,2,604,LISTAS,,,
238245,09_047_002,895,524,523,0,6,517,LISTAS,,,
238247,09_047_003,1144,624,624,0,7,617,LISTAS,,,
238249,09_047_004,1061,543,543,0,5,538,LISTAS,,,
238251,09_047_005,747,409,409,0,10,399,LISTAS,,,
238253,09_047_006,803,410,410,0,0,410,LISTAS,,,
238255,09_048_001,680,408,408,0,1,407,LISTAS,,,
238257,09_049_001,533,301,301,0,1,300,LISTAS,,,
238259,09_050_001,472,271,271,0,3,268,LISTAS,,,
238261,09_051_001,881,593,593,0,1,592,LISTAS,,,
238263,09_051_002,1069,619,619,0,5,614,LISTAS,,,
238265,09_051_003,950,640,640,0,6,634,LISTAS,,,
238267,09_051_004,962,739,739,0,3,736,LISTAS,,,
238269,09_052_001,792,476,475,0,10,465,LISTAS,,,
238271,09_052_002,954,543,543,0,9,534,LISTAS,,,
238273,09_053_001,1207,817,817,0,14,803,LISTAS,,,
238275,09_053_002,1092,813,812,0,10,802,LISTAS,,,
238277,09_054_001,1021,540,540,0,4,536,LISTAS,,,
238279,09_055_001,815,496,496,0,5,491,LISTAS,,,
238281,09_055_002,830,486,483,0,5,478,LISTAS,,,
238283,09_056_001,1003,593,593,0,4,589,LISTAS,,,
238285,09_056_002,961,569,569,0,10,559,LISTAS,,,
238287,09_056_003,1039,701,701,0,5,696,LISTAS,,,
238289,09_056_004,967,537,537,0,8,529,LISTAS,,,
238291,09_056_005,1007,633,633,0,7,626,LISTAS,,,
238293,09_056_006,913,577,577,0,8,569,LISTAS,,,
238295,09_056_007,881,563,563,0,4,559,LISTAS,,,
238297,09_057_001,433,249,249,0,8,241,LISTAS,,,
238299,09_057_002,798,506,506,0,4,502,LISTAS,,,
238301,09_057_003,586,378,378,0,4,374,LISTAS,,,
238303,09_057_004,915,628,628,0,9,619,LISTAS,,,
238305,09_057_005,85,49,49,0,0,49,LISTAS,,,
238307,09_057_006,161,114,114,0,2,112,LISTAS,,,
238309,09_058_001,725,525,525,0,5,520,LISTAS,,,
238311,09_058_002,740,518,518,0,9,509,LISTAS,,,
238313,09_058_003,678,436,436,0,4,432,LISTAS,,,
238315,09_058_004,573,417,417,0,4,413,LISTAS,,,
238317,09_058_005,844,594,594,0,8,586,LISTAS,,,
238319,09_058_006,1128,645,640,0,14,626,LISTAS,,,
238321,09_058_007,746,478,478,0,6,472,LISTAS,,,
238323,09_058_008,401,221,221,0,2,219,LISTAS,,,
238325,09_059_001,796,495,495,0,7,488,LISTAS,,,
238327,09_059_002,795,443,442,0,5,437,LISTAS,,,
238329,09_059_003,568,300,300,0,6,294,LISTAS,,,
238331,09_059_004,748,419,419,0,6,413,LISTAS,,,
238333,09_059_005,79,54,54,0,1,53,LISTAS,,,
238335,09_060_001,786,527,527,0,1,526,LISTAS,,,
238337,09_060_002,778,525,526,0,10,516,LISTAS,,,
238339,09_061_001,864,510,512,0,23,489,LISTAS,,,
238341,09_061_002,1019,678,678,0,4,674,LISTAS,,,
238343,09_062_001,801,488,488,0,5,483,LISTAS,,,
238345,09_062_002,879,574,574,0,5,569,LISTAS,,,
238347,09_062_003,836,569,568,0,7,561,LISTAS,,,
238349,09_062_004,704,367,367,0,1,366,LISTAS,,,
238351,09_062_005,994,637,637,0,4,633,LISTAS,,,
238353,09_062_006,1132,517,517,0,4,513,LISTAS,,,
238355,09_062_007,935,405,405,0,7,398,LISTAS,,,
238357,09_063_001,688,463,463,0,8,455,LISTAS,,,
238359,09_063_002,589,422,422,0,4,418,LISTAS,,,
238361,09_063_003,648,456,456,0,1,455,LISTAS,,,
238363,09_063_004,738,494,494,0,2,492,LISTAS,,,
238365,09_063_005,718,450,450,0,3,447,LISTAS,,,
238367,09_063_006,641,419,419,0,3,416,LISTAS,,,
238369,09_063_007,739,504,500,0,2,498,LISTAS,,,
238371,09_063_008,746,551,549,0,3,546,LISTAS,,,
238373,09_063_009,805,605,605,0,2,603,LISTAS,,,
238375,09_063_010,639,482,482,0,5,477,LISTAS,,,
238377,09_063_011,651,414,414,0,4,410,LISTAS,,,
238379,09_063_012,733,472,472,0,10,462,LISTAS,,,
238381,09_063_013,763,543,543,0,7,536,LISTAS,,,
238383,09_063_014,549,376,376,0,6,370,LISTAS,,,
238385,09_063_015,698,359,358,0,5,353,LISTAS,,,
238387,09_063_016,816,430,430,0,1,429,LISTAS,,,
238389,09_064_001,663,345,344,0,8,336,LISTAS,,,
238391,09_065_001,878,581,579,0,11,568,LISTAS,,,
238393,09_065_002,947,523,523,0,3,520,LISTAS,,,
238395,09_066_001,782,481,481,0,8,473,LISTAS,,,
238397,09_066_002,721,472,472,0,5,467,LISTAS,,,
238399,09_066_003,769,482,482,0,3,479,LISTAS,,,
238401,09_067_001,889,565,566,0,10,556,LISTAS,,,
238403,09_068_001,953,525,534,0,54,480,LISTAS,,,
238405,09_068_002,48,27,27,0,0,27,LISTAS,,,
238407,09_069_001,485,299,299,0,10,289,LISTAS,,,
238409,09_069_002,546,332,332,0,3,329,LISTAS,,,
238411,09_070_001,1192,736,736,0,5,731,LISTAS,,,
238413,09_070_002,1015,621,621,0,7,614,LISTAS,,,
238415,09_070_003,983,625,623,0,6,617,LISTAS,,,
238417,09_070_004,952,608,608,0,3,605,LISTAS,,,
238419,09_070_005,884,582,581,0,3,578,LISTAS,,,
238421,09_071_001,793,541,541,0,9,532,LISTAS,,,
238423,09_072_001,685,358,358,0,1,357,LISTAS,,,
238425,09_072_002,635,359,359,0,3,356,LISTAS,,,
238427,09_072_003,811,486,485,0,5,480,LISTAS,,,
238429,09_072_004,778,401,401,0,3,398,LISTAS,,,
238431,09_072_005,658,356,357,0,10,347,LISTAS,,,
238433,09_072_006,78,47,47,0,0,47,LISTAS,,,
238435,09_073_001,566,364,364,0,1,363,LISTAS,,,
238437,09_074_001,251,105,105,0,5,100,LISTAS,,,
238439,09_075_001,394,277,277,0,8,269,LISTAS,,,
238441,09_076_001,826,492,490,0,12,478,LISTAS,,,
238443,09_077_001,1113,708,708,0,16,692,LISTAS,,,
238445,09_078_001,678,422,421,0,3,418,LISTAS,,,
238447,09_079_001,1086,641,641,0,8,633,LISTAS,,,
238449,09_079_002,883,545,545,0,4,541,LISTAS,,,
238451,09_079_003,840,535,535,0,15,520,LISTAS,,,
238453,09_079_004,684,496,496,0,6,490,LISTAS,,,
238455,09_079_005,809,549,549,0,5,544,LISTAS,,,
238457,09_080_001,915,543,543,0,3,540,LISTAS,,,
238459,09_081_001,96,78,78,0,4,74,LISTAS,,,
238461,09_082_001,1198,677,677,0,6,671,LISTAS,,,
238463,10_001_001,1031,730,730,0,13,717,LISTAS,,,
238465,10_001_002,1020,732,732,0,11,721,LISTAS,,,
238467,10_002_001,700,407,406,0,6,400,LISTAS,,,
238469,10_002_002,731,503,503,0,4,499,LISTAS,,,
238471,10_002_003,703,461,461,0,3,458,LISTAS,,,
238473,10_003_001,581,410,410,0,4,406,LISTAS,,,
238475,10_004_001,1074,811,810,0,6,804,LISTAS,,,
238477,10_004_002,1077,796,796,0,6,790,LISTAS,,,
238479,10_005_001,757,436,436,0,3,433,LISTAS,,,
238481,10_005_002,586,372,372,0,5,367,LISTAS,,,
238483,10_005_003,599,402,403,0,13,390,LISTAS,,,
238486,10_006_001,720,499,499,0,3,496,LISTAS,,,
238484,10_006_002,727,521,521,0,4,517,LISTAS,,,
238489,10_007_001,1003,585,585,0,15,570,LISTAS,,,
238491,10_008_001,461,299,299,0,10,289,LISTAS,,,
238493,10_008_002,336,202,202,0,3,199,LISTAS,,,
238495,10_009_001,304,228,228,0,1,227,LISTAS,,,
238497,10_010_001,510,306,306,0,3,303,LISTAS,,,
238499,10_011_001,706,443,443,0,1,442,LISTAS,,,
238501,10_011_002,622,368,368,0,5,363,LISTAS,,,
238503,10_011_003,738,414,414,0,4,410,LISTAS,,,
238505,10_012_001,740,513,513,0,6,507,LISTAS,,,
238507,10_012_002,820,492,492,0,2,490,LISTAS,,,
238509,10_012_003,637,403,404,0,10,394,LISTAS,,,
238511,10_013_001,1046,674,672,0,7,665,LISTAS,,,
238513,10_014_001,566,407,407,0,6,401,LISTAS,,,
238515,10_015_001,831,538,538,0,6,532,LISTAS,,,
238517,10_015_002,766,564,564,0,2,562,LISTAS,,,
238519,10_015_003,756,524,524,0,6,518,LISTAS,,,
238521,10_016_001,787,513,513,0,8,505,LISTAS,,,
238523,10_017_001,216,133,132,0,1,131,LISTAS,,,
238525,10_018_001,588,434,434,0,3,431,LISTAS,,,
238527,10_019_001,581,354,354,0,6,348,LISTAS,,,
238529,10_019_002,531,307,307,0,9,298,LISTAS,,,
238531,10_019_003,579,361,361,0,6,355,LISTAS,,,
238533,10_020_001,482,345,345,0,3,342,LISTAS,,,
238535,10_021_001,925,628,628,0,2,626,LISTAS,,,
238537,10_022_001,721,464,464,0,5,459,LISTAS,,,
238539,10_022_002,858,611,611,0,2,609,LISTAS,,,
238541,10_023_001,710,465,465,0,3,462,LISTAS,,,
238543,10_024_001,891,588,586,0,4,582,LISTAS,,,
238545,10_024_002,873,550,549,0,4,545,LISTAS,,,
238547,10_024_003,832,544,542,0,5,537,LISTAS,,,
238549,10_025_001,664,523,523,0,5,518,LISTAS,,,
238551,10_025_002,768,576,575,0,4,571,LISTAS,,,
238553,10_025_003,819,614,614,0,1,613,LISTAS,,,
238555,10_025_004,1015,774,770,0,4,766,LISTAS,,,
238557,10_025_005,950,718,718,0,4,714,LISTAS,,,
238559,10_025_006,959,729,729,0,7,722,LISTAS,,,
238561,10_025_007,908,706,706,0,3,703,LISTAS,,,
238563,10_025_008,744,569,568,0,5,563,LISTAS,,,
238565,10_025_009,760,592,592,0,3,589,LISTAS,,,
238567,10_025_010,948,747,747,0,5,742,LISTAS,,,
238569,10_025_011,1024,797,797,0,1,796,LISTAS,,,
238571,10_025_012,909,666,666,0,6,660,LISTAS,,,
238573,10_025_013,937,736,735,0,0,735,LISTAS,,,
238575,10_025_014,846,613,613,0,5,608,LISTAS,,,
238577,10_025_015,1146,840,840,0,6,834,LISTAS,,,
238579,10_025_016,630,506,506,0,4,502,LISTAS,,,
238581,10_025_017,607,440,440,0,3,437,LISTAS,,,
238583,10_025_018,596,433,433,0,6,427,LISTAS,,,
238585,10_025_019,850,645,645,0,3,642,LISTAS,,,
238587,10_025_020,625,428,427,0,3,424,LISTAS,,,
238589,10_025_021,1071,907,901,0,7,894,LISTAS,,,
238591,10_025_022,1057,811,811,0,3,808,LISTAS,,,
238593,10_025_023,721,472,470,0,4,466,LISTAS,,,
238595,10_025_024,877,658,656,0,5,651,LISTAS,,,
238597,10_025_025,915,716,716,0,2,714,LISTAS,,,
238599,10_025_026,808,604,604,0,6,598,LISTAS,,,
238601,10_025_027,744,553,553,0,6,547,LISTAS,,,
238603,10_025_028,1008,583,576,0,1,575,LISTAS,,,
238605,10_025_029,789,583,583,0,2,581,LISTAS,,,
238607,10_025_030,897,690,690,0,7,683,LISTAS,,,
238609,10_025_031,3133,2810,2801,-9,12,2789,LISTAS,,,
238611,10_025_032,792,534,534,0,5,529,LISTAS,,,
238613,10_025_033,718,494,494,0,3,491,LISTAS,,,
238615,10_025_034,870,630,630,0,6,624,LISTAS,,,
238617,10_025_035,691,473,472,0,6,466,LISTAS,,,
238619,10_025_036,760,534,535,0,12,523,LISTAS,,,
238621,10_025_037,913,638,638,0,4,634,LISTAS,,,
238623,10_025_038,862,595,594,0,4,590,LISTAS,,,
238625,10_025_039,834,567,567,0,4,563,LISTAS,,,
238627,10_025_040,866,509,509,0,7,502,LISTAS,,,
238629,10_025_041,1109,846,844,0,4,840,LISTAS,,,
238631,10_025_042,1042,740,740,0,3,737,LISTAS,,,
238633,10_025_043,666,447,447,0,1,446,LISTAS,,,
238635,10_025_044,1061,708,707,0,2,705,LISTAS,,,
238637,10_025_045,1173,883,883,0,10,873,LISTAS,,,
238639,10_025_046,795,607,606,0,3,603,LISTAS,,,
238641,10_025_047,768,550,550,0,4,546,LISTAS,,,
238645,10_026_001,1157,805,804,0,12,792,LISTAS,,,
238647,10_027_001,454,322,322,0,2,320,LISTAS,,,
238649,10_028_001,221,143,143,0,3,140,LISTAS,,,
238651,10_028_002,447,278,278,0,6,272,LISTAS,,,
238653,10_028_003,385,198,198,0,4,194,LISTAS,,,
238655,10_029_001,549,320,320,0,3,317,LISTAS,,,
238657,10_030_001,808,598,596,0,2,594,LISTAS,,,
238659,10_030_002,712,533,533,0,5,528,LISTAS,,,
238661,10_031_001,892,644,644,0,6,638,LISTAS,,,
238663,10_032_001,490,314,314,0,5,309,LISTAS,,,
238665,10_033_001,761,503,503,0,5,498,LISTAS,,,
238667,10_033_002,840,484,484,0,10,474,LISTAS,,,
238669,10_033_003,882,446,446,0,18,428,LISTAS,,,
238671,10_034_001,594,320,319,0,4,315,LISTAS,,,
238673,10_035_001,249,188,189,0,6,183,LISTAS,,,
238675,10_036_001,770,509,508,0,9,499,LISTAS,,,
238677,10_037_001,990,752,750,0,5,745,LISTAS,,,
238679,10_037_002,903,588,588,0,6,582,LISTAS,,,
238681,10_037_003,873,681,681,0,3,678,LISTAS,,,
238683,10_038_001,595,403,403,0,4,399,LISTAS,,,
238685,10_038_002,638,410,409,0,4,405,LISTAS,,,
238687,10_038_003,723,496,494,0,2,492,LISTAS,,,
238689,10_038_004,933,586,586,0,3,583,LISTAS,,,
238691,10_038_005,621,385,385,0,3,382,LISTAS,,,
238693,10_038_006,593,371,371,0,1,370,LISTAS,,,
238695,10_038_007,819,496,495,0,4,491,LISTAS,,,
238697,10_038_008,934,570,570,0,1,569,LISTAS,,,
238699,10_039_001,633,514,514,0,5,509,LISTAS,,,
238701,10_039_002,999,813,804,0,3,801,LISTAS,,,
238703,10_039_003,656,484,483,0,6,477,LISTAS,,,
238705,10_039_004,819,620,615,0,0,615,LISTAS,,,
238707,10_039_005,990,560,557,0,10,547,LISTAS,,,
238709,10_039_006,663,398,398,0,4,394,LISTAS,,,
238711,10_039_007,840,669,668,0,9,659,LISTAS,,,
238713,10_039_008,652,506,505,0,4,501,LISTAS,,,
238715,10_039_009,931,760,757,0,11,746,LISTAS,,,
238717,10_039_010,738,562,562,0,4,558,LISTAS,,,
238719,10_039_011,979,741,742,0,4,738,LISTAS,,,
238721,10_039_012,2709,2391,2389,-2,22,2367,LISTAS,,,
238723,10_039_013,726,541,543,0,16,527,LISTAS,,,
238725,10_039_014,647,468,468,0,5,463,LISTAS,,,
238727,10_039_015,663,495,494,0,5,489,LISTAS,,,
238729,10_039_016,769,523,523,0,3,520,LISTAS,,,
238731,10_039_017,718,486,480,0,5,475,LISTAS,,,
238733,10_039_018,613,409,408,0,3,405,LISTAS,,,
238735,10_039_019,787,579,578,0,4,574,LISTAS,,,
238737,10_039_020,783,591,591,0,4,587,LISTAS,,,
238739,10_039_021,702,509,507,0,6,501,LISTAS,,,
238741,10_039_022,779,545,545,0,4,541,LISTAS,,,
238743,10_039_023,911,544,542,0,2,540,LISTAS,,,
238745,10_039_024,523,408,408,0,2,406,LISTAS,,,
238747,10_039_025,749,477,475,0,2,473,LISTAS,,,
238749,10_039_026,560,396,396,0,3,393,LISTAS,,,
238751,10_039_027,790,544,544,0,3,541,LISTAS,,,
238753,10_039_028,775,501,500,0,3,497,LISTAS,,,
238755,10_039_029,707,499,499,0,1,498,LISTAS,,,
238757,10_039_030,433,268,268,0,3,265,LISTAS,,,
238759,10_040_001,1078,783,781,0,4,777,LISTAS,,,
238761,10_040_002,1002,753,753,0,7,746,LISTAS,,,
238763,10_041_001,1049,650,650,0,7,643,LISTAS,,,
238766,10_042_001,907,567,567,0,8,559,LISTAS,,,
238764,10_042_002,1027,751,753,0,15,738,LISTAS,,,
238769,10_043_001,736,492,492,0,7,485,LISTAS,,,
238771,10_043_002,831,659,657,0,6,651,LISTAS,,,
238773,10_043_003,837,649,649,0,4,645,LISTAS,,,
238775,10_044_001,881,710,710,0,8,702,LISTAS,,,
238777,10_044_002,977,724,724,0,8,716,LISTAS,,,
238779,10_045_001,311,165,165,0,3,162,LISTAS,,,
238781,10_045_002,626,372,372,0,6,366,LISTAS,,,
238783,10_046_001,716,510,512,0,16,496,LISTAS,,,
238785,10_046_002,1104,809,809,0,9,800,LISTAS,,,
238787,10_046_003,1140,706,706,0,4,702,LISTAS,,,
238789,10_046_004,949,673,672,0,2,670,LISTAS,,,
238791,10_046_005,888,573,573,0,3,570,LISTAS,,,
238793,10_046_006,859,623,622,0,7,615,LISTAS,,,
238795,10_046_007,1013,691,691,0,5,686,LISTAS,,,
238797,10_046_008,930,679,679,0,7,672,LISTAS,,,
238799,10_046_009,851,603,603,0,5,598,LISTAS,,,
238801,10_046_010,786,559,559,0,4,555,LISTAS,,,
238803,10_046_011,1106,794,796,0,21,775,LISTAS,,,
238805,10_046_012,1233,930,927,0,10,917,LISTAS,,,
238807,10_046_013,644,480,480,0,3,477,LISTAS,,,
238809,10_046_014,1066,769,767,0,4,763,LISTAS,,,
238811,10_046_015,1244,838,837,0,10,827,LISTAS,,,
238813,10_046_016,2079,1784,1780,-4,10,1770,LISTAS,,,
238815,10_046_017,1034,681,682,0,11,671,LISTAS,,,
238817,10_047_001,796,575,575,0,4,571,LISTAS,,,
238819,10_047_002,718,468,468,0,3,465,LISTAS,,,
238821,10_048_001,1017,726,726,0,14,712,LISTAS,,,
238823,10_048_002,931,673,673,0,8,665,LISTAS,,,
238825,10_048_003,1076,713,713,0,10,703,LISTAS,,,
238827,10_048_004,209,131,131,0,0,131,LISTAS,,,
238829,10_048_005,1046,711,711,0,9,702,LISTAS,,,
238831,10_048_006,955,589,588,0,2,586,LISTAS,,,
238833,10_048_007,1057,678,685,0,47,638,LISTAS,,,
238835,10_048_008,1041,719,718,0,5,713,LISTAS,,,
238837,10_048_009,649,335,334,0,4,330,LISTAS,,,
238839,10_049_001,458,305,305,0,4,301,LISTAS,,,
238841,10_050_001,519,329,329,0,5,324,LISTAS,,,
238843,10_051_001,727,507,507,0,3,504,LISTAS,,,
238845,10_051_002,745,534,534,0,7,527,LISTAS,,,
238847,10_051_003,787,503,503,0,10,493,LISTAS,,,
238849,10_051_004,743,516,516,0,12,504,LISTAS,,,
238851,10_052_001,534,362,363,0,12,351,LISTAS,,,
238853,10_052_002,505,285,285,0,5,280,LISTAS,,,
238855,10_052_003,148,98,98,0,0,98,LISTAS,,,
238857,10_053_001,282,212,212,0,3,209,LISTAS,,,
238859,10_054_001,819,533,529,0,9,520,LISTAS,,,
238861,10_054_002,755,441,440,0,3,437,LISTAS,,,
238863,10_054_003,751,487,487,0,4,483,LISTAS,,,
238865,10_055_001,739,413,413,0,9,404,LISTAS,,,
238867,10_055_002,810,411,411,0,9,402,LISTAS,,,
238869,10_055_003,700,407,407,0,8,399,LISTAS,,,
238871,10_055_004,420,295,295,0,1,294,LISTAS,,,
238873,10_056_001,646,395,395,0,1,394,LISTAS,,,
238875,10_056_002,508,313,313,0,8,305,LISTAS,,,
238877,10_057_001,848,539,538,0,6,532,LISTAS,,,
238879,10_057_002,778,501,500,0,7,493,LISTAS,,,
238881,10_058_001,113,91,91,0,3,88,LISTAS,,,
238883,10_059_001,780,476,476,0,3,473,LISTAS,,,
238885,10_059_002,568,318,318,0,1,317,LISTAS,,,
238887,10_059_003,741,409,409,0,7,402,LISTAS,,,
238889,10_060_001,797,517,516,0,4,512,LISTAS,,,
238891,10_061_001,707,341,341,0,6,335,LISTAS,,,
238893,10_061_002,760,546,546,0,6,540,LISTAS,,,
238895,10_062_001,678,382,382,0,5,377,LISTAS,,,
238897,10_062_002,661,432,432,0,5,427,LISTAS,,,
238899,10_063_001,642,419,419,0,6,413,LISTAS,,,
238901,10_063_002,800,490,490,0,8,482,LISTAS,,,
238903,10_063_003,846,504,503,0,3,500,LISTAS,,,
238905,10_063_004,739,477,477,0,3,474,LISTAS,,,
238907,10_063_005,741,468,468,0,2,466,LISTAS,,,
238909,10_063_006,591,428,427,0,3,424,LISTAS,,,
238911,10_064_001,590,402,402,0,6,396,LISTAS,,,
238913,10_065_001,662,462,462,0,5,457,LISTAS,,,
238915,10_065_002,655,483,483,0,1,482,LISTAS,,,
238917,10_065_003,654,443,443,0,1,442,LISTAS,,,
238920,10_066_001,649,463,463,0,2,461,LISTAS,,,
238918,10_066_002,773,590,582,0,6,576,LISTAS,,,
238923,10_067_001,617,478,476,0,6,470,LISTAS,,,
238925,10_068_001,750,525,525,0,4,521,LISTAS,,,
238927,10_068_002,744,492,491,0,3,488,LISTAS,,,
238929,10_069_001,351,245,245,0,1,244,LISTAS,,,
238931,10_070_001,831,467,466,0,8,458,LISTAS,,,
238933,10_071_001,1198,713,713,0,10,703,LISTAS,,,
238935,10_072_001,561,362,362,0,8,354,LISTAS,,,
238937,10_073_001,280,193,193,0,2,191,LISTAS,,,
238939,10_074_001,1245,710,710,0,3,707,LISTAS,,,
238941,10_075_001,462,348,348,0,9,339,LISTAS,,,
238943,10_076_001,972,692,692,0,3,689,LISTAS,,,
238945,10_076_002,917,672,671,0,4,667,LISTAS,,,
238947,10_076_003,734,539,538,0,4,534,LISTAS,,,
238949,10_077_001,712,535,535,0,8,527,LISTAS,,,
238951,10_078_001,545,324,324,0,7,317,LISTAS,,,
238953,10_079_001,732,487,487,0,3,484,LISTAS,,,
238955,10_080_001,751,556,558,0,20,538,LISTAS,,,
238957,10_080_002,757,577,580,0,29,551,LISTAS,,,
238959,10_081_001,494,351,351,0,5,346,LISTAS,,,
238961,10_081_002,636,488,488,0,5,483,LISTAS,,,
238963,10_082_001,585,402,403,0,6,397,LISTAS,,,
238965,10_082_002,748,548,548,0,6,542,LISTAS,,,
238967,10_082_003,923,732,731,0,6,725,LISTAS,,,
238969,10_083_001,562,397,397,0,3,394,LISTAS,,,
238971,10_083_002,526,309,309,0,8,301,LISTAS,,,
238973,10_083_003,278,209,208,0,1,207,LISTAS,,,
238975,10_083_004,162,129,129,0,0,129,LISTAS,,,
238977,10_084_001,335,263,263,0,5,258,LISTAS,,,
238979,10_085_001,1043,690,696,0,44,652,LISTAS,,,
238981,10_085_002,1030,632,632,0,9,623,LISTAS,,,
238983,10_086_001,1052,517,517,0,6,511,LISTAS,,,
238985,10_087_001,562,362,362,0,4,358,LISTAS,,,
238987,10_087_002,564,383,383,0,4,379,LISTAS,,,
238989,10_087_003,548,373,373,0,1,372,LISTAS,,,
238991,10_088_001,675,472,472,0,6,466,LISTAS,,,
238993,10_088_002,759,473,473,0,4,469,LISTAS,,,
238995,10_088_003,714,387,387,0,1,386,LISTAS,,,
238997,10_089_001,746,489,489,0,5,484,LISTAS,,,
238999,10_089_002,775,427,427,0,10,417,LISTAS,,,
239001,10_089_003,638,457,456,0,0,456,LISTAS,,,
239003,10_090_001,791,540,539,0,4,535,LISTAS,,,
239005,10_090_002,752,532,531,0,8,523,LISTAS,,,
239007,10_091_001,825,502,502,0,5,497,LISTAS,,,
239009,10_092_001,663,470,469,0,7,462,LISTAS,,,
239011,10_092_002,579,425,424,0,2,422,LISTAS,,,
239013,10_092_003,189,132,132,0,4,128,LISTAS,,,
239015,10_093_001,165,103,102,0,2,100,LISTAS,,,
239017,10_093_002,292,224,224,0,4,220,LISTAS,,,
239019,10_094_001,366,219,219,0,3,216,LISTAS,,,
239021,10_095_001,836,549,547,0,3,544,LISTAS,,,
239023,10_095_002,819,528,527,0,6,521,LISTAS,,,
239025,10_096_001,559,408,408,0,2,406,LISTAS,,,
239027,10_096_002,676,466,466,0,2,464,LISTAS,,,
239029,10_097_001,187,105,105,0,0,105,LISTAS,,,
239031,10_097_002,97,54,54,0,0,54,LISTAS,,,
239033,10_098_001,715,501,500,0,2,498,LISTAS,,,
239035,10_098_002,506,375,375,0,3,372,LISTAS,,,
239037,10_099_001,427,175,175,0,1,174,LISTAS,,,
239039,10_100_001,544,396,396,0,9,387,LISTAS,,,
239041,10_100_002,655,494,494,0,10,484,LISTAS,,,
239043,10_101_001,650,484,484,0,2,482,LISTAS,,,
239045,10_101_002,665,467,467,0,6,461,LISTAS,,,
239047,10_102_001,1250,754,752,0,10,742,LISTAS,,,
239049,10_103_001,196,155,154,0,1,153,LISTAS,,,
239051,10_104_001,604,346,347,0,11,336,LISTAS,,,
239053,10_105_001,360,219,219,0,1,218,LISTAS,,,
239055,10_105_002,483,285,285,0,5,280,LISTAS,,,
239057,10_106_001,954,613,612,0,7,605,LISTAS,,,
239059,10_107_001,151,110,110,0,2,108,LISTAS,,,
239061,10_108_001,885,520,520,0,8,512,LISTAS,,,
239063,10_108_002,877,555,555,0,3,552,LISTAS,,,
239065,10_109_001,441,305,305,0,2,303,LISTAS,,,
239067,10_110_001,164,111,111,0,0,111,LISTAS,,,
239069,10_111_001,787,522,522,0,4,518,LISTAS,,,
239071,10_111_002,814,572,572,0,7,565,LISTAS,,,
239073,10_112_001,385,298,298,0,4,294,LISTAS,,,
239075,10_113_001,598,386,385,0,2,383,LISTAS,,,
239077,10_113_002,813,432,432,0,9,423,LISTAS,,,
239079,10_113_003,655,427,427,0,4,423,LISTAS,,,
239081,10_113_004,840,592,591,0,2,589,LISTAS,,,
239083,10_114_001,485,335,335,0,7,328,LISTAS,,,
239085,10_115_001,979,699,699,0,8,691,LISTAS,,,
239087,10_116_001,868,586,585,0,6,579,LISTAS,,,
239089,10_117_001,864,618,618,0,5,613,LISTAS,,,
239091,10_117_002,625,415,415,0,3,412,LISTAS,,,
239093,10_118_001,361,234,234,0,6,228,LISTAS,,,
239095,10_119_001,310,250,250,0,2,248,LISTAS,,,
239097,10_120_001,511,411,407,0,2,405,LISTAS,,,
239099,10_121_001,791,577,577,0,7,570,LISTAS,,,
239101,11_001_001,601,336,336,0,1,335,LISTAS,,,
239103,11_001_002,666,362,362,0,5,357,LISTAS,,,
239105,11_001_003,676,362,362,0,4,358,LISTAS,,,
239107,11_001_004,693,378,379,0,8,371,LISTAS,,,
239109,11_001_005,618,399,399,0,4,395,LISTAS,,,
239111,11_002_001,605,412,412,0,5,407,LISTAS,,,
239113,11_002_002,952,604,599,0,5,594,LISTAS,,,
239115,11_003_001,1045,724,724,0,7,717,LISTAS,,,
239117,11_004_001,997,638,637,0,17,620,LISTAS,,,
239119,11_004_002,798,581,580,0,13,567,LISTAS,,,
239121,11_004_003,823,559,548,0,4,544,LISTAS,,,
239123,11_005_001,988,575,575,0,6,569,LISTAS,,,
239125,11_005_002,990,512,513,0,11,502,LISTAS,,,
239127,11_005_003,819,456,456,0,1,455,LISTAS,,,
239129,11_005_004,202,57,57,0,3,54,LISTAS,,,
239131,11_006_001,235,167,166,0,0,166,LISTAS,,,
239133,11_007_001,994,695,695,0,2,693,LISTAS,,,
239135,11_007_002,592,352,352,0,0,352,LISTAS,,,
239137,11_007_003,298,155,155,0,2,153,LISTAS,,,
239139,11_008_001,528,274,274,0,0,274,LISTAS,,,
239141,11_008_002,714,413,413,0,0,413,LISTAS,,,
239143,11_009_001,1065,660,659,0,7,652,LISTAS,,,
239145,11_009_002,1085,565,565,0,10,555,LISTAS,,,
239147,11_009_003,1073,596,596,0,8,588,LISTAS,,,
239149,11_009_004,1073,596,587,0,7,580,LISTAS,,,
239151,11_009_005,741,418,417,0,5,412,LISTAS,,,
239153,11_010_001,127,72,68,0,1,67,LISTAS,,,
239155,11_011_001,570,362,362,0,11,351,LISTAS,,,
239157,11_011_002,800,537,537,0,4,533,LISTAS,,,
239159,11_011_003,567,387,386,0,3,383,LISTAS,,,
239161,11_012_001,679,429,429,0,3,426,LISTAS,,,
239163,11_012_002,658,406,405,0,1,404,LISTAS,,,
239165,11_012_003,726,500,500,0,4,496,LISTAS,,,
239167,11_012_004,682,471,469,0,5,464,LISTAS,,,
239169,11_013_001,905,623,623,0,5,618,LISTAS,,,
239171,11_013_002,849,525,525,0,3,522,LISTAS,,,
239173,11_013_003,899,593,593,0,5,588,LISTAS,,,
239175,11_013_004,983,627,627,0,5,622,LISTAS,,,
239177,11_013_005,825,546,546,0,6,540,LISTAS,,,
239179,11_013_006,973,621,621,0,4,617,LISTAS,,,
239181,11_013_007,972,630,628,0,6,622,LISTAS,,,
239183,11_014_001,570,410,410,0,6,404,LISTAS,,,
239185,11_015_001,1018,680,680,0,5,675,LISTAS,,,
239187,11_015_002,1203,788,788,0,5,783,LISTAS,,,
239189,11_015_003,1310,870,870,0,11,859,LISTAS,,,
239191,11_015_004,1160,713,713,0,11,702,LISTAS,,,
239193,11_015_005,1310,785,784,0,12,772,LISTAS,,,
239195,11_016_001,848,566,566,0,2,564,LISTAS,,,
239197,11_016_002,956,726,726,0,7,719,LISTAS,,,
239199,11_016_003,1090,792,792,0,6,786,LISTAS,,,
239201,11_016_004,1204,908,907,0,5,902,LISTAS,,,
239203,11_016_005,949,733,733,0,9,724,LISTAS,,,
239205,11_016_006,991,732,722,0,11,711,LISTAS,,,
239207,11_016_007,2383,2042,2036,-6,20,2016,LISTAS,,,
239209,11_016_008,1028,778,777,0,8,769,LISTAS,,,
239211,11_016_009,976,736,736,0,6,730,LISTAS,,,
239213,11_016_010,958,724,723,0,11,712,LISTAS,,,
239215,11_016_011,1023,719,719,0,3,716,LISTAS,,,
239217,11_016_012,1048,767,766,0,5,761,LISTAS,,,
239219,11_016_013,1071,818,818,0,12,806,LISTAS,,,
239221,11_016_014,994,753,753,0,6,747,LISTAS,,,
239223,11_016_015,1236,973,973,0,3,970,LISTAS,,,
239225,11_016_016,932,664,663,0,2,661,LISTAS,,,
239227,11_016_017,909,700,700,0,8,692,LISTAS,,,
239229,11_016_018,929,665,665,0,6,659,LISTAS,,,
239231,11_016_019,749,508,508,0,9,499,LISTAS,,,
239233,11_016_020,668,420,420,0,2,418,LISTAS,,,
239235,11_016_021,701,336,336,0,5,331,LISTAS,,,
239237,11_017_001,701,524,524,0,7,517,LISTAS,,,
239239,11_017_002,700,538,538,0,10,528,LISTAS,,,
239241,11_018_001,562,387,387,0,4,383,LISTAS,,,
239243,11_018_002,581,370,366,0,3,363,LISTAS,,,
239245,11_018_003,566,356,356,0,3,353,LISTAS,,,
239247,11_019_001,730,468,468,0,5,463,LISTAS,,,
239249,11_019_002,669,459,459,0,7,452,LISTAS,,,
239251,11_020_001,879,541,539,0,4,535,LISTAS,,,
239253,11_020_002,944,543,539,0,9,530,LISTAS,,,
239255,11_020_003,986,593,593,0,7,586,LISTAS,,,
239257,11_020_004,919,575,575,0,9,566,LISTAS,,,
239259,11_020_005,897,655,654,0,3,651,LISTAS,,,
239261,11_021_001,294,217,217,0,2,215,LISTAS,,,
239263,11_022_001,767,499,499,0,4,495,LISTAS,,,
239265,11_022_002,807,523,522,0,8,514,LISTAS,,,
239267,11_022_003,708,472,472,0,4,468,LISTAS,,,
239269,11_023_001,788,480,480,0,8,472,LISTAS,,,
239271,11_023_002,797,489,488,0,1,487,LISTAS,,,
239273,11_023_003,809,394,394,0,6,388,LISTAS,,,
239275,11_023_004,709,392,391,0,5,386,LISTAS,,,
239277,11_023_005,785,563,563,0,6,557,LISTAS,,,
239279,11_024_001,697,341,341,0,5,336,LISTAS,,,
239281,11_024_002,784,399,399,0,3,396,LISTAS,,,
239283,11_024_003,580,345,345,0,4,341,LISTAS,,,
239285,11_024_004,587,390,390,0,1,389,LISTAS,,,
239287,11_024_005,653,362,361,0,5,356,LISTAS,,,
239289,11_024_006,681,431,431,0,13,418,LISTAS,,,
239291,11_025_001,952,671,670,0,4,666,LISTAS,,,
239293,11_025_002,1049,758,758,0,3,755,LISTAS,,,
239295,11_026_001,609,379,379,0,4,375,LISTAS,,,
239297,11_026_002,557,371,371,0,8,363,LISTAS,,,
239299,11_027_001,876,593,593,0,5,588,LISTAS,,,
239301,11_027_002,729,462,462,0,5,457,LISTAS,,,
239303,11_027_003,956,677,678,0,31,647,LISTAS,,,
239305,11_027_004,937,638,637,0,7,630,LISTAS,,,
239307,11_027_005,2818,2419,2415,-4,15,2400,LISTAS,,,
239309,11_027_006,953,534,534,0,7,527,LISTAS,,,
239311,11_027_007,863,599,599,0,8,591,LISTAS,,,
239313,11_027_008,824,548,548,0,6,542,LISTAS,,,
239315,11_027_009,911,691,691,0,7,684,LISTAS,,,
239317,11_027_010,1017,689,688,0,6,682,LISTAS,,,
239319,11_027_011,1021,693,693,0,12,681,LISTAS,,,
239321,11_027_012,1048,656,655,0,9,646,LISTAS,,,
239323,11_027_013,1036,669,669,0,3,666,LISTAS,,,
239325,11_027_014,977,585,585,0,2,583,LISTAS,,,
239327,11_027_015,1041,612,612,0,5,607,LISTAS,,,
239329,11_027_016,1018,702,702,0,11,691,LISTAS,,,
239331,11_028_001,785,512,512,0,5,507,LISTAS,,,
239333,11_028_002,742,469,469,0,7,462,LISTAS,,,
239335,11_028_003,710,411,411,0,4,407,LISTAS,,,
239337,11_028_004,742,390,390,0,1,389,LISTAS,,,
239339,11_028_005,373,254,253,0,4,249,LISTAS,,,
239341,11_029_001,677,407,407,0,4,403,LISTAS,,,
239343,11_029_002,577,350,350,0,3,347,LISTAS,,,
239345,11_029_003,648,337,337,0,2,335,LISTAS,,,
239347,11_029_004,627,362,362,0,4,358,LISTAS,,,
239349,11_029_005,211,135,135,0,3,132,LISTAS,,,
239351,11_030_001,497,363,363,0,6,357,LISTAS,,,
239353,11_031_001,1072,726,726,0,5,721,LISTAS,,,
239355,11_031_002,1071,659,659,0,6,653,LISTAS,,,
239357,11_031_003,1201,732,728,0,5,723,LISTAS,,,
239359,11_031_004,1002,609,607,0,5,602,LISTAS,,,
239361,11_031_005,1044,672,671,0,12,659,LISTAS,,,
239363,11_031_006,958,663,663,0,5,658,LISTAS,,,
239365,11_031_007,1030,725,726,0,18,708,LISTAS,,,
239367,11_031_008,1062,653,654,0,10,644,LISTAS,,,
239369,11_032_001,606,389,389,0,3,386,LISTAS,,,
239371,11_032_002,579,338,338,0,7,331,LISTAS,,,
239373,11_033_001,460,321,321,0,0,321,LISTAS,,,
239375,11_034_001,820,498,498,0,5,493,LISTAS,,,
239377,11_034_002,668,405,405,0,9,396,LISTAS,,,
239379,11_034_003,669,385,385,0,1,384,LISTAS,,,
239381,11_034_004,978,612,611,0,9,602,LISTAS,,,
239383,11_034_005,901,440,440,0,7,433,LISTAS,,,
239385,11_034_006,858,476,476,0,9,467,LISTAS,,,
239387,11_034_007,1035,633,632,0,10,622,LISTAS,,,
239389,11_035_001,522,300,300,0,4,296,LISTAS,,,
239391,11_035_002,552,309,309,0,3,306,LISTAS,,,
239393,11_035_003,552,334,334,0,3,331,LISTAS,,,
239395,11_035_004,551,334,334,0,5,329,LISTAS,,,
239397,11_035_005,548,293,293,0,4,289,LISTAS,,,
239399,11_035_006,568,298,298,0,7,291,LISTAS,,,
239401,11_035_007,569,294,294,0,6,288,LISTAS,,,
239403,11_036_001,538,350,350,0,4,346,LISTAS,,,
239405,11_036_002,719,408,408,0,2,406,LISTAS,,,
239407,11_036_003,657,378,377,0,3,374,LISTAS,,,
239409,11_036_004,621,382,381,0,2,379,LISTAS,,,
239411,11_036_005,619,403,406,0,20,386,LISTAS,,,
239413,11_036_006,728,491,491,0,5,486,LISTAS,,,
239415,11_036_007,777,500,500,0,5,495,LISTAS,,,
239417,11_036_008,924,561,560,0,7,553,LISTAS,,,
239419,11_036_009,227,145,144,0,1,143,LISTAS,,,
239421,11_036_010,520,312,304,0,2,302,LISTAS,,,
239423,11_037_001,662,447,447,0,3,444,LISTAS,,,
239425,11_037_002,914,651,651,0,7,644,LISTAS,,,
239427,11_037_003,911,610,609,0,0,609,LISTAS,,,
239429,11_037_004,827,577,577,0,8,569,LISTAS,,,
239431,11_037_005,737,497,496,0,8,488,LISTAS,,,
239433,11_037_006,958,690,690,0,11,679,LISTAS,,,
239435,11_038_001,556,394,394,0,5,389,LISTAS,,,
239437,11_039_001,259,162,162,0,3,159,LISTAS,,,
239439,11_040_001,734,455,452,0,2,450,LISTAS,,,
239441,11_040_002,833,565,565,0,2,563,LISTAS,,,
239443,11_040_003,828,559,557,0,4,553,LISTAS,,,
239445,11_040_004,869,595,592,0,5,587,LISTAS,,,
239447,11_040_005,851,548,548,0,9,539,LISTAS,,,
239449,11_040_006,850,502,502,0,3,499,LISTAS,,,
239451,11_040_007,800,516,515,0,5,510,LISTAS,,,
239453,11_040_008,818,561,560,0,6,554,LISTAS,,,
239455,11_040_009,806,504,504,0,1,503,LISTAS,,,
239457,11_040_010,815,504,504,0,9,495,LISTAS,,,
239459,11_040_011,839,570,570,0,6,564,LISTAS,,,
239461,11_040_012,775,482,481,0,11,470,LISTAS,,,
239463,11_040_013,758,479,479,0,4,475,LISTAS,,,
239465,11_040_014,781,552,552,0,3,549,LISTAS,,,
239467,11_040_015,805,557,557,0,5,552,LISTAS,,,
239469,11_040_016,784,581,580,0,0,580,LISTAS,,,
239471,11_041_001,814,544,544,0,6,538,LISTAS,,,
239473,11_042_001,610,359,359,0,2,357,LISTAS,,,
239475,11_042_002,648,414,413,0,10,403,LISTAS,,,
239477,11_043_001,537,317,317,0,1,316,LISTAS,,,
239479,11_044_001,589,333,333,0,6,327,LISTAS,,,
239481,11_044_002,571,320,320,0,4,316,LISTAS,,,
239483,11_044_003,646,366,365,0,1,364,LISTAS,,,
239485,11_044_004,600,332,332,0,6,326,LISTAS,,,
239487,11_045_001,398,237,237,0,3,234,LISTAS,,,
239489,11_045_002,397,300,300,0,1,299,LISTAS,,,
239491,11_046_001,1262,848,847,0,5,842,LISTAS,,,
239493,11_047_001,936,621,619,0,18,601,LISTAS,,,
239495,11_047_002,860,581,581,0,11,570,LISTAS,,,
239497,11_047_003,844,577,577,0,20,557,LISTAS,,,
239499,11_047_004,836,587,587,0,7,580,LISTAS,,,
239501,11_047_005,870,519,519,0,7,512,LISTAS,,,
239503,11_048_001,814,496,496,0,8,488,LISTAS,,,
239505,11_048_002,733,467,467,0,5,462,LISTAS,,,
239507,11_049_001,801,580,579,0,4,575,LISTAS,,,
239509,11_049_002,595,400,400,0,2,398,LISTAS,,,
239511,11_049_003,717,484,484,0,13,471,LISTAS,,,
239513,11_049_004,985,693,693,0,7,686,LISTAS,,,
239515,11_050_001,779,575,575,0,6,569,LISTAS,,,
239517,11_051_001,611,402,402,0,3,399,LISTAS,,,
239519,11_051_002,189,127,127,0,5,122,LISTAS,,,
239521,11_052_001,766,558,558,0,8,550,LISTAS,,,
239523,11_052_002,814,656,655,0,7,648,LISTAS,,,
239525,11_052_003,1001,768,764,0,7,757,LISTAS,,,
239527,11_052_004,778,622,623,0,9,614,LISTAS,,,
239529,11_052_005,763,585,585,0,9,576,LISTAS,,,
239531,11_052_006,911,658,657,0,2,655,LISTAS,,,
239533,11_052_007,792,573,573,0,4,569,LISTAS,,,
239535,11_052_008,641,458,456,0,7,449,LISTAS,,,
239537,11_052_009,682,498,496,0,3,493,LISTAS,,,
239539,11_052_010,656,478,478,0,8,470,LISTAS,,,
239541,11_052_011,609,478,478,0,7,471,LISTAS,,,
239543,11_052_012,882,706,706,0,9,697,LISTAS,,,
239545,11_052_013,699,489,489,0,2,487,LISTAS,,,
239547,11_052_014,665,480,481,0,11,470,LISTAS,,,
239549,11_052_015,942,636,636,0,5,631,LISTAS,,,
239551,11_052_016,891,654,646,0,8,638,LISTAS,,,
239553,11_052_017,676,477,476,0,2,474,LISTAS,,,
239555,11_052_018,556,416,416,0,4,412,LISTAS,,,
239557,11_052_019,785,571,571,0,5,566,LISTAS,,,
239559,11_052_020,757,414,413,0,6,407,LISTAS,,,
239561,11_052_021,702,458,458,0,1,457,LISTAS,,,
239563,11_052_022,576,382,382,0,4,378,LISTAS,,,
239565,11_052_023,618,494,492,0,2,490,LISTAS,,,
239567,11_052_024,706,490,490,0,13,477,LISTAS,,,
239569,11_052_025,449,303,303,0,1,302,LISTAS,,,
239571,11_052_026,692,511,511,0,6,505,LISTAS,,,
239573,11_052_027,2875,2581,2575,-6,15,2560,LISTAS,,,
239575,11_052_028,731,556,556,0,7,549,LISTAS,,,
239577,11_052_029,598,395,395,0,6,389,LISTAS,,,
239579,11_052_030,950,630,630,0,3,627,LISTAS,,,
239581,11_052_031,647,495,493,0,0,493,LISTAS,,,
239583,11_052_032,555,347,347,0,6,341,LISTAS,,,
239585,11_052_033,786,536,535,0,4,531,LISTAS,,,
239587,11_052_034,690,460,460,0,10,450,LISTAS,,,
239589,11_052_035,689,452,452,0,3,449,LISTAS,,,
239591,11_052_036,730,487,487,0,3,484,LISTAS,,,
239593,11_052_037,711,480,481,0,7,474,LISTAS,,,
239595,11_052_038,765,523,514,0,1,513,LISTAS,,,
239597,11_052_039,683,466,465,0,4,461,LISTAS,,,
239599,11_052_040,759,512,512,0,9,503,LISTAS,,,
239601,11_052_041,791,496,496,0,5,491,LISTAS,,,
239603,11_052_042,654,432,432,0,2,430,LISTAS,,,
239605,11_052_043,814,520,517,0,9,508,LISTAS,,,
239607,11_052_044,1093,846,845,0,9,836,LISTAS,,,
239609,11_052_045,735,512,511,0,6,505,LISTAS,,,
239611,11_052_046,774,526,526,0,4,522,LISTAS,,,
239613,11_052_047,808,547,546,0,5,541,LISTAS,,,
239615,11_052_048,756,418,417,0,10,407,LISTAS,,,
239617,11_052_049,699,380,380,0,3,377,LISTAS,,,
239619,11_052_050,809,504,490,0,8,482,LISTAS,,,
239621,11_052_051,1122,621,621,0,13,608,LISTAS,,,
239623,11_052_052,641,377,377,0,8,369,LISTAS,,,
239625,11_052_053,729,464,464,0,1,463,LISTAS,,,
239627,11_052_054,926,631,630,0,14,616,LISTAS,,,
239629,11_052_055,782,555,555,0,7,548,LISTAS,,,
239631,11_052_056,963,754,754,0,5,749,LISTAS,,,
239633,11_052_057,800,515,514,0,2,512,LISTAS,,,
239635,11_052_058,755,572,572,0,4,568,LISTAS,,,
239637,11_052_059,907,717,716,0,9,707,LISTAS,,,
239639,11_052_060,909,703,695,0,6,689,LISTAS,,,
239641,11_052_061,867,671,671,0,5,666,LISTAS,,,
239643,11_052_062,845,635,636,0,17,619,LISTAS,,,
239645,11_052_063,740,579,579,0,6,573,LISTAS,,,
239647,11_052_064,869,712,711,0,7,704,LISTAS,,,
239649,11_052_065,791,609,609,0,4,605,LISTAS,,,
239651,11_052_066,783,561,561,0,9,552,LISTAS,,,
239653,11_052_067,870,679,680,0,13,667,LISTAS,,,
239655,11_052_068,825,606,606,0,1,605,LISTAS,,,
239657,11_052_069,846,623,623,0,19,604,LISTAS,,,
239659,11_052_070,868,639,638,0,2,636,LISTAS,,,
239661,11_053_001,601,450,450,0,0,450,LISTAS,,,
239663,11_053_002,700,540,542,0,8,534,LISTAS,,,
239665,11_054_001,823,566,566,0,6,560,LISTAS,,,
239667,11_054_002,900,617,617,0,3,614,LISTAS,,,
239669,11_054_003,192,106,106,0,0,106,LISTAS,,,
239671,11_055_001,850,515,514,0,2,512,LISTAS,,,
239673,11_056_001,1005,587,586,0,4,582,LISTAS,,,
239675,11_056_002,1081,552,553,0,14,539,LISTAS,,,
239677,11_056_003,1053,730,729,0,4,725,LISTAS,,,
239679,11_056_004,1022,664,663,0,7,656,LISTAS,,,
239681,11_056_005,1106,653,653,0,8,645,LISTAS,,,
239683,11_056_006,1058,629,629,0,3,626,LISTAS,,,
239685,11_056_007,1003,648,648,0,14,634,LISTAS,,,
239687,11_056_008,1045,509,509,0,6,503,LISTAS,,,
239689,11_057_001,553,379,379,0,1,378,LISTAS,,,
239691,11_057_002,1051,686,686,0,6,680,LISTAS,,,
239693,11_057_003,1192,778,778,0,12,766,LISTAS,,,
239695,11_057_004,1111,710,710,0,7,703,LISTAS,,,
239697,11_057_005,1144,775,775,0,6,769,LISTAS,,,
239699,11_057_006,1095,796,798,0,17,781,LISTAS,,,
239701,11_057_007,1005,679,679,0,6,673,LISTAS,,,
239703,11_057_008,1057,623,623,0,13,610,LISTAS,,,
239705,11_057_009,119,66,66,0,2,64,LISTAS,,,
239707,11_057_010,401,271,271,0,3,268,LISTAS,,,
239709,11_058_001,805,468,468,0,6,462,LISTAS,,,
239711,11_059_001,550,317,317,0,7,310,LISTAS,,,
239713,11_060_001,292,179,178,0,1,177,LISTAS,,,
239715,11_061_001,814,547,546,0,6,540,LISTAS,,,
239717,11_061_002,417,268,268,0,4,264,LISTAS,,,
239719,11_062_001,902,544,544,0,3,541,LISTAS,,,
239721,11_062_002,140,76,76,0,5,71,LISTAS,,,
239723,11_063_001,1024,615,614,0,5,609,LISTAS,,,
239725,11_064_001,756,419,418,0,3,415,LISTAS,,,
239727,11_064_002,818,408,407,0,5,402,LISTAS,,,
239729,11_065_001,616,361,361,0,6,355,LISTAS,,,
239731,11_065_002,687,387,387,0,3,384,LISTAS,,,
239733,11_066_001,821,509,509,0,5,504,LISTAS,,,
239735,11_067_001,597,395,395,0,6,389,LISTAS,,,
239737,11_067_002,578,352,352,0,8,344,LISTAS,,,
239739,11_068_001,687,380,380,0,9,371,LISTAS,,,
239741,11_068_002,619,379,379,0,3,376,LISTAS,,,
239743,11_068_003,196,103,103,0,1,102,LISTAS,,,
239745,11_069_001,661,365,364,0,9,355,LISTAS,,,
239747,11_069_002,623,350,350,0,4,346,LISTAS,,,
239749,11_070_001,1024,676,676,0,4,672,LISTAS,,,
239751,11_070_002,210,130,130,0,2,128,LISTAS,,,
239753,11_071_001,551,338,338,0,1,337,LISTAS,,,
239755,11_072_001,901,596,597,0,11,586,LISTAS,,,
239757,11_072_002,1063,740,740,0,6,734,LISTAS,,,
239759,11_072_003,821,536,536,0,9,527,LISTAS,,,
239761,11_072_004,827,537,535,0,5,530,LISTAS,,,
239764,11_073_001,998,657,657,0,7,650,LISTAS,,,
239762,11_073_002,922,643,643,0,2,641,LISTAS,,,
239767,11_073_003,1067,760,759,0,2,757,LISTAS,,,
239769,11_073_004,969,586,585,0,4,581,LISTAS,,,
239771,11_073_005,1132,701,698,0,12,686,LISTAS,,,
239773,11_073_006,1154,686,685,0,7,678,LISTAS,,,
239775,11_073_007,682,479,478,0,6,472,LISTAS,,,
239777,11_073_008,672,460,460,0,6,454,LISTAS,,,
239779,11_073_009,639,444,443,0,3,440,LISTAS,,,
239781,11_073_010,779,509,508,0,6,502,LISTAS,,,
239783,11_073_011,981,623,622,0,8,614,LISTAS,,,
239785,11_073_012,658,407,407,0,10,397,LISTAS,,,
239787,11_073_013,521,264,265,0,5,260,LISTAS,,,
239789,11_073_014,2530,1976,1970,-6,15,1955,LISTAS,,,
239791,11_073_015,1015,492,490,0,8,482,LISTAS,,,
239793,11_073_016,1001,603,604,0,9,595,LISTAS,,,
239795,11_073_017,1026,697,696,0,4,692,LISTAS,,,
239797,11_073_018,1034,673,671,0,4,667,LISTAS,,,
239799,11_074_001,680,351,352,0,41,311,LISTAS,,,
239801,11_074_002,740,450,450,0,3,447,LISTAS,,,
239803,11_074_003,614,381,380,0,3,377,LISTAS,,,
239805,11_074_004,653,403,403,0,3,400,LISTAS,,,
239807,11_074_005,642,405,405,0,7,398,LISTAS,,,
239809,11_074_006,608,407,406,0,6,400,LISTAS,,,
239811,11_074_007,648,377,378,0,8,370,LISTAS,,,
239813,11_074_008,686,385,385,0,10,375,LISTAS,,,
239815,11_074_009,689,425,425,0,2,423,LISTAS,,,
239817,11_074_010,717,389,388,0,3,385,LISTAS,,,
239819,11_075_001,911,567,566,0,6,560,LISTAS,,,
239821,11_075_002,857,505,505,0,12,493,LISTAS,,,
239823,11_075_003,673,453,453,0,6,447,LISTAS,,,
239825,11_075_004,740,534,533,0,9,524,LISTAS,,,
239827,11_075_005,797,496,496,0,8,488,LISTAS,,,
239829,11_075_006,831,535,535,0,1,534,LISTAS,,,
239831,11_076_001,495,305,305,0,3,302,LISTAS,,,
239833,11_077_001,587,321,320,0,4,316,LISTAS,,,
239835,11_077_002,618,343,343,0,3,340,LISTAS,,,
239837,11_077_003,596,355,354,0,2,352,LISTAS,,,
239839,11_077_004,580,357,357,0,0,357,LISTAS,,,
239841,11_077_005,429,278,278,0,3,275,LISTAS,,,
239843,11_078_001,574,374,373,0,7,366,LISTAS,,,
239845,11_078_002,573,374,374,0,3,371,LISTAS,,,
239847,12_001_001,195,150,150,0,1,149,LISTAS,,,
239849,12_002_001,564,416,416,0,2,414,LISTAS,,,
239851,12_002_002,554,384,381,0,2,379,LISTAS,,,
239853,12_002_003,567,357,357,0,5,352,LISTAS,,,
239855,12_003_001,733,444,445,0,11,434,LISTAS,,,
239857,12_004_001,746,434,434,0,3,431,LISTAS,,,
239859,12_004_002,686,417,417,0,3,414,LISTAS,,,
239861,12_004_003,735,501,501,0,6,495,LISTAS,,,
239863,12_004_004,633,365,365,0,4,361,LISTAS,,,
239865,12_004_005,642,417,417,0,6,411,LISTAS,,,
239867,12_004_006,646,430,430,0,1,429,LISTAS,,,
239869,12_004_007,754,451,451,0,2,449,LISTAS,,,
239871,12_004_008,703,454,454,0,4,450,LISTAS,,,
239873,12_005_001,542,381,381,0,5,376,LISTAS,,,
239875,12_006_001,707,513,513,0,9,504,LISTAS,,,
239877,12_006_002,663,497,497,0,13,484,LISTAS,,,
239879,12_006_003,882,649,649,0,8,641,LISTAS,,,
239881,12_007_001,805,549,549,0,1,548,LISTAS,,,
239883,12_007_002,720,523,523,0,11,512,LISTAS,,,
239885,12_008_001,1242,776,774,0,11,763,LISTAS,,,
239887,12_009_001,327,204,204,0,3,201,LISTAS,,,
239889,12_010_001,759,558,559,0,11,548,LISTAS,,,
239892,12_011_001,559,306,306,0,2,304,LISTAS,,,
239890,12_011_002,557,365,364,0,7,357,LISTAS,,,
239895,12_012_001,656,442,442,0,3,439,LISTAS,,,
239897,12_012_002,613,411,409,0,1,408,LISTAS,,,
239899,12_013_001,743,567,567,0,6,561,LISTAS,,,
239901,12_013_002,610,414,414,0,4,410,LISTAS,,,
239903,12_013_003,638,377,377,0,0,377,LISTAS,,,
239905,12_013_004,718,552,552,0,4,548,LISTAS,,,
239907,12_014_001,634,376,375,0,16,359,LISTAS,,,
239909,12_015_001,845,634,633,0,1,632,LISTAS,,,
239911,12_015_002,880,585,585,0,4,581,LISTAS,,,
239913,12_016_001,185,132,132,0,4,128,LISTAS,,,
239915,12_017_001,648,444,442,0,6,436,LISTAS,,,
239917,12_017_002,824,547,547,0,6,541,LISTAS,,,
239919,12_018_001,331,235,235,0,3,232,LISTAS,,,
239921,12_019_001,284,188,188,0,1,187,LISTAS,,,
239923,12_020_001,975,674,674,0,14,660,LISTAS,,,
239925,12_020_002,755,493,493,0,7,486,LISTAS,,,
239927,12_020_003,849,575,574,0,5,569,LISTAS,,,
239929,12_021_001,818,626,626,0,1,625,LISTAS,,,
239931,12_022_001,749,540,542,0,24,518,LISTAS,,,
239933,12_023_001,991,690,690,0,2,688,LISTAS,,,
239935,12_023_002,1080,719,718,0,3,715,LISTAS,,,
239937,12_023_003,1076,781,781,0,14,767,LISTAS,,,
239939,12_023_004,598,390,385,0,1,384,LISTAS,,,
239941,12_023_005,714,490,490,0,1,489,LISTAS,,,
239943,12_023_006,594,402,402,0,4,398,LISTAS,,,
239945,12_023_007,659,416,416,0,4,412,LISTAS,,,
239947,12_023_008,1278,785,785,0,5,780,LISTAS,,,
239949,12_023_009,966,590,590,0,4,586,LISTAS,,,
239951,12_023_010,1188,777,776,0,1,775,LISTAS,,,
239953,12_024_001,925,619,619,0,4,615,LISTAS,,,
239955,12_025_001,694,465,464,0,3,461,LISTAS,,,
239957,12_025_002,619,442,442,0,5,437,LISTAS,,,
239959,12_026_001,373,288,288,0,2,286,LISTAS,,,
239961,12_027_001,495,374,374,0,1,373,LISTAS,,,
239963,12_028_001,798,591,591,0,11,580,LISTAS,,,
239965,12_028_002,788,634,634,0,3,631,LISTAS,,,
239967,12_028_003,753,612,612,0,3,609,LISTAS,,,
239969,12_028_004,1244,912,911,0,7,904,LISTAS,,,
239971,12_028_005,1159,900,896,0,4,892,LISTAS,,,
239973,12_028_006,848,609,605,0,2,603,LISTAS,,,
239975,12_028_007,856,649,649,0,1,648,LISTAS,,,
239977,12_028_008,604,457,457,0,7,450,LISTAS,,,
239979,12_028_009,575,423,423,0,2,421,LISTAS,,,
239981,12_028_010,634,458,461,0,20,441,LISTAS,,,
239983,12_028_011,2587,2231,2239,8,67,2172,LISTAS,,,
239985,12_028_012,882,369,371,0,13,358,LISTAS,,,
239987,12_028_013,686,478,478,0,8,470,LISTAS,,,
239989,12_028_014,809,585,584,0,3,581,LISTAS,,,
239991,12_028_015,897,640,640,0,5,635,LISTAS,,,
239993,12_028_016,630,457,457,0,4,453,LISTAS,,,
239995,12_028_017,1098,714,714,0,2,712,LISTAS,,,
239997,12_028_018,1107,808,808,0,5,803,LISTAS,,,
239999,12_028_019,758,583,583,0,3,580,LISTAS,,,
240001,12_028_020,993,751,750,0,4,746,LISTAS,,,
240003,12_028_021,238,171,171,0,0,171,LISTAS,,,
240005,12_028_022,634,328,328,0,9,319,LISTAS,,,
240007,12_028_023,945,625,625,0,1,624,LISTAS,,,
240009,12_028_024,799,563,563,0,3,560,LISTAS,,,
240011,12_028_025,838,547,547,0,14,533,LISTAS,,,
240013,12_028_026,828,480,480,0,4,476,LISTAS,,,
240015,12_028_027,748,371,369,0,11,358,LISTAS,,,
240017,12_029_001,475,360,360,0,2,358,LISTAS,,,
240019,12_030_001,1163,894,894,0,6,888,LISTAS,,,
240021,12_031_001,852,565,566,0,7,559,LISTAS,,,
240023,12_032_001,861,603,603,0,5,598,LISTAS,,,
240025,12_032_002,749,569,568,0,2,566,LISTAS,,,
240027,12_033_001,516,323,323,0,5,318,LISTAS,,,
240029,12_034_001,672,460,460,0,2,458,LISTAS,,,
240031,12_034_002,737,523,523,0,5,518,LISTAS,,,
240033,12_034_003,746,478,478,0,4,474,LISTAS,,,
240035,12_035_001,880,609,609,0,7,602,LISTAS,,,
240037,12_035_002,806,569,570,0,10,560,LISTAS,,,
240039,12_035_003,772,500,499,0,4,495,LISTAS,,,
240041,12_035_004,765,532,532,0,5,527,LISTAS,,,
240043,12_035_005,800,540,540,0,4,536,LISTAS,,,
240045,12_035_006,352,236,235,0,2,233,LISTAS,,,
240047,12_036_001,414,266,266,0,3,263,LISTAS,,,
240049,12_037_001,1037,752,752,0,6,746,LISTAS,,,
240051,12_037_002,1063,757,754,0,8,746,LISTAS,,,
240053,12_038_001,415,278,278,0,1,277,LISTAS,,,
240055,12_038_002,980,721,721,0,6,715,LISTAS,,,
240057,12_038_003,596,452,452,0,3,449,LISTAS,,,
240059,12_038_004,868,599,599,0,8,591,LISTAS,,,
240061,12_038_005,994,720,720,0,1,719,LISTAS,,,
240063,12_038_006,816,602,602,0,1,601,LISTAS,,,
240065,12_038_007,919,687,687,0,4,683,LISTAS,,,
240067,12_038_008,2529,2209,2203,-6,14,2189,LISTAS,,,
240069,12_038_009,643,402,403,0,12,391,LISTAS,,,
240071,12_038_010,1388,1039,1039,0,7,1032,LISTAS,,,
240073,12_038_011,535,345,345,0,1,344,LISTAS,,,
240075,12_038_012,773,569,569,0,9,560,LISTAS,,,
240077,12_038_013,702,490,490,0,4,486,LISTAS,,,
240079,12_038_014,717,479,479,0,3,476,LISTAS,,,
240081,12_038_015,1139,783,783,0,10,773,LISTAS,,,
240083,12_038_016,1286,960,960,0,13,947,LISTAS,,,
240085,12_038_017,826,627,627,0,5,622,LISTAS,,,
240087,12_039_001,832,594,593,0,2,591,LISTAS,,,
240089,12_040_001,933,718,718,0,3,715,LISTAS,,,
240091,12_040_002,863,644,645,0,9,636,LISTAS,,,
240093,12_040_003,915,613,613,0,1,612,LISTAS,,,
240095,12_040_004,1041,635,635,0,11,624,LISTAS,,,
240097,12_041_001,699,440,440,0,2,438,LISTAS,,,
240099,12_041_002,809,534,534,0,4,530,LISTAS,,,
240101,12_041_003,700,383,382,0,4,378,LISTAS,,,
240103,12_041_004,945,638,638,0,5,633,LISTAS,,,
240105,12_041_005,808,568,568,0,5,563,LISTAS,,,
240107,12_042_001,1429,1012,1011,0,13,998,LISTAS,,,
240109,12_043_001,521,352,352,0,5,347,LISTAS,,,
240111,12_044_001,860,592,592,0,5,587,LISTAS,,,
240113,12_044_002,874,642,642,0,6,636,LISTAS,,,
240115,12_045_001,710,533,530,0,4,526,LISTAS,,,
240117,12_046_001,674,485,485,0,5,480,LISTAS,,,
240119,12_046_002,686,483,483,0,2,481,LISTAS,,,
240121,12_046_003,844,614,615,0,8,607,LISTAS,,,
240123,12_046_004,110,61,61,0,3,58,LISTAS,,,
240125,12_047_001,1130,686,688,0,19,669,LISTAS,,,
240127,12_048_001,1071,756,756,0,14,742,LISTAS,,,
240129,12_048_002,865,590,589,0,6,583,LISTAS,,,
240131,12_049_001,552,383,365,0,2,363,LISTAS,,,
240133,12_049_002,513,346,346,0,4,342,LISTAS,,,
240135,12_050_001,749,434,434,0,3,431,LISTAS,,,
240137,12_050_002,891,634,634,0,2,632,LISTAS,,,
240139,12_050_003,947,637,639,0,18,621,LISTAS,,,
240141,12_050_004,951,742,742,0,8,734,LISTAS,,,
240143,12_050_005,868,606,606,0,4,602,LISTAS,,,
240145,12_050_006,718,483,483,0,6,477,LISTAS,,,
240147,12_050_007,672,453,453,0,5,448,LISTAS,,,
240149,12_051_001,919,631,631,0,2,629,LISTAS,,,
240151,12_051_002,856,616,616,0,5,611,LISTAS,,,
240153,12_051_003,932,638,638,0,5,633,LISTAS,,,
240155,12_051_004,1058,592,592,0,7,585,LISTAS,,,
240157,12_051_005,895,522,522,0,4,518,LISTAS,,,
240159,12_051_006,728,429,429,0,4,425,LISTAS,,,
240161,12_051_007,904,497,495,0,3,492,LISTAS,,,
240163,12_051_008,859,505,505,0,4,501,LISTAS,,,
240165,12_051_009,738,500,499,0,10,489,LISTAS,,,
240167,12_051_010,799,519,519,0,4,515,LISTAS,,,
240169,12_051_011,872,604,604,0,7,597,LISTAS,,,
240171,12_051_012,767,488,488,0,10,478,LISTAS,,,
240173,12_051_013,880,566,566,0,4,562,LISTAS,,,
240175,12_051_014,896,654,654,0,3,651,LISTAS,,,
240177,12_051_015,927,669,669,0,2,667,LISTAS,,,
240179,12_051_016,1093,667,667,0,10,657,LISTAS,,,
240181,12_052_001,1059,715,711,0,3,708,LISTAS,,,
240183,12_052_002,975,729,729,0,4,725,LISTAS,,,
240185,12_053_001,810,548,548,0,9,539,LISTAS,,,
240187,12_053_002,852,611,611,0,10,601,LISTAS,,,
240189,12_054_001,1024,740,740,0,5,735,LISTAS,,,
240191,12_055_001,681,462,462,0,15,447,LISTAS,,,
240193,12_055_002,782,497,497,0,2,495,LISTAS,,,
240195,12_055_003,766,473,472,0,7,465,LISTAS,,,
240197,12_056_001,998,605,605,0,10,595,LISTAS,,,
240199,12_057_001,744,501,501,0,5,496,LISTAS,,,
240201,12_057_002,809,566,566,0,2,564,LISTAS,,,
240203,12_058_001,1158,759,767,0,46,721,LISTAS,,,
240205,12_059_001,917,671,673,0,18,655,LISTAS,,,
240207,12_059_002,1008,768,764,0,3,761,LISTAS,,,
240209,12_060_001,892,649,647,0,5,642,LISTAS,,,
240211,12_061_001,859,622,622,0,12,610,LISTAS,,,
240213,12_061_002,929,695,695,0,9,686,LISTAS,,,
240215,12_062_001,1368,964,964,0,11,953,LISTAS,,,
240217,12_063_001,898,668,668,0,12,656,LISTAS,,,
240219,12_063_002,1131,853,852,0,9,843,LISTAS,,,
240221,12_063_003,94,55,55,0,2,53,LISTAS,,,
240223,12_064_001,795,512,515,0,20,495,LISTAS,,,
240225,12_064_002,835,651,653,0,18,635,LISTAS,,,
240227,12_064_003,795,558,558,0,0,558,LISTAS,,,
240229,12_064_004,821,613,613,0,7,606,LISTAS,,,
240231,12_064_005,745,581,580,0,5,575,LISTAS,,,
240233,12_064_006,849,605,605,0,8,597,LISTAS,,,
240235,12_064_007,716,517,517,0,3,514,LISTAS,,,
240237,12_064_008,605,496,496,0,3,493,LISTAS,,,
240239,12_064_009,639,480,479,0,7,472,LISTAS,,,
240241,12_064_010,567,410,410,0,3,407,LISTAS,,,
240243,12_064_011,509,401,401,0,3,398,LISTAS,,,
240245,12_064_012,972,718,712,0,9,703,LISTAS,,,
240247,12_064_013,585,467,466,0,5,461,LISTAS,,,
240249,12_064_014,756,596,596,0,3,593,LISTAS,,,
240251,12_064_015,745,605,604,0,3,601,LISTAS,,,
240253,12_064_016,661,505,505,0,4,501,LISTAS,,,
240255,12_064_017,725,543,543,0,6,537,LISTAS,,,
240257,12_064_018,710,479,479,0,4,475,LISTAS,,,
240259,12_064_019,697,497,497,0,3,494,LISTAS,,,
240261,12_064_020,804,643,643,0,3,640,LISTAS,,,
240263,12_064_021,813,621,621,0,7,614,LISTAS,,,
240265,12_064_022,1057,720,720,0,13,707,LISTAS,,,
240267,12_064_023,947,740,739,0,6,733,LISTAS,,,
240269,12_064_024,487,368,369,0,10,359,LISTAS,,,
240271,12_065_001,1004,682,680,0,4,676,LISTAS,,,
240273,12_065_002,1109,744,743,0,8,735,LISTAS,,,
240275,12_065_003,561,297,297,0,4,293,LISTAS,,,
240277,12_065_004,479,203,203,0,3,200,LISTAS,,,
240279,12_065_005,749,336,335,0,5,330,LISTAS,,,
240281,12_065_006,851,503,502,0,6,496,LISTAS,,,
240283,12_065_007,867,581,581,0,3,578,LISTAS,,,
240285,12_065_008,875,592,592,0,11,581,LISTAS,,,
240287,12_065_009,804,549,549,0,4,545,LISTAS,,,
240289,12_065_010,927,702,702,0,7,695,LISTAS,,,
240291,12_065_011,1029,764,764,0,5,759,LISTAS,,,
240293,12_065_012,976,733,724,0,3,721,LISTAS,,,
240295,12_065_013,888,648,649,0,14,635,LISTAS,,,
240297,12_065_014,824,569,569,0,1,568,LISTAS,,,
240299,12_065_015,692,472,471,0,4,467,LISTAS,,,
240301,12_065_016,615,440,439,0,3,436,LISTAS,,,
240303,12_065_017,1081,796,794,0,4,790,LISTAS,,,
240305,12_065_018,1061,826,826,0,7,819,LISTAS,,,
240307,12_065_019,1078,861,858,0,8,850,LISTAS,,,
240309,12_065_020,1023,757,757,0,2,755,LISTAS,,,
240311,12_065_021,799,599,599,0,4,595,LISTAS,,,
240313,12_065_022,879,601,601,0,5,596,LISTAS,,,
240315,12_065_023,781,558,558,0,9,549,LISTAS,,,
240317,12_065_024,792,542,542,0,2,540,LISTAS,,,
240319,12_065_025,2380,2082,2077,-5,10,2067,LISTAS,,,
240321,12_065_026,667,469,466,0,2,464,LISTAS,,,
240323,12_065_027,804,589,590,0,10,580,LISTAS,,,
240325,12_065_028,941,593,592,0,2,590,LISTAS,,,
240327,12_065_029,804,521,521,0,1,520,LISTAS,,,
240329,12_065_030,764,492,491,0,2,489,LISTAS,,,
240331,12_065_031,828,587,588,0,9,579,LISTAS,,,
240333,12_065_032,782,555,555,0,5,550,LISTAS,,,
240335,12_065_033,792,558,557,0,4,553,LISTAS,,,
240337,12_065_034,943,608,607,0,11,596,LISTAS,,,
240339,12_065_035,882,602,600,0,2,598,LISTAS,,,
240341,12_065_036,817,507,507,0,2,505,LISTAS,,,
240343,12_065_037,1483,571,570,0,4,566,LISTAS,,,
240345,12_065_038,885,604,603,0,6,597,LISTAS,,,
240347,12_065_039,1098,645,644,0,3,641,LISTAS,,,
240349,12_065_040,820,550,550,0,2,548,LISTAS,,,
240351,12_065_041,840,542,542,0,4,538,LISTAS,,,
240353,12_065_042,717,460,460,0,6,454,LISTAS,,,
240355,12_065_043,761,533,532,0,1,531,LISTAS,,,
240357,12_065_044,829,614,613,0,4,609,LISTAS,,,
240359,12_065_045,804,527,526,0,6,520,LISTAS,,,
240361,12_065_046,765,555,554,0,2,552,LISTAS,,,
240363,12_065_047,907,649,649,0,3,646,LISTAS,,,
240365,12_065_048,768,556,556,0,2,554,LISTAS,,,
240367,12_065_049,906,604,604,0,9,595,LISTAS,,,
240369,12_065_050,721,508,508,0,4,504,LISTAS,,,
240371,12_065_051,703,448,448,0,2,446,LISTAS,,,
240373,12_065_052,694,516,516,0,1,515,LISTAS,,,
240375,12_065_053,1433,1070,1064,0,9,1055,LISTAS,,,
240377,12_065_054,911,456,456,0,4,452,LISTAS,,,
240379,12_065_055,921,552,552,0,5,547,LISTAS,,,
240381,12_065_056,828,473,473,0,1,472,LISTAS,,,
240383,12_065_057,979,711,710,0,9,701,LISTAS,,,
240385,12_065_058,1023,760,760,0,6,754,LISTAS,,,
240387,12_065_059,1084,815,815,0,4,811,LISTAS,,,
240389,12_065_060,823,511,511,0,5,506,LISTAS,,,
240391,12_066_001,978,633,633,0,4,629,LISTAS,,,
240393,12_066_002,184,116,115,0,2,113,LISTAS,,,
240395,12_067_001,530,398,398,0,4,394,LISTAS,,,
240397,12_067_002,1065,754,754,0,3,751,LISTAS,,,
240399,12_067_003,734,526,525,0,2,523,LISTAS,,,
240401,12_067_004,764,510,510,0,1,509,LISTAS,,,
240403,12_067_005,724,477,477,0,0,477,LISTAS,,,
240405,12_067_006,584,433,433,0,2,431,LISTAS,,,
240407,12_068_001,191,92,92,0,0,92,LISTAS,,,
240409,12_068_002,707,461,461,0,5,456,LISTAS,,,
240411,12_068_003,738,542,541,0,3,538,LISTAS,,,
240413,12_068_004,712,462,462,0,7,455,LISTAS,,,
240415,12_068_005,1002,654,652,0,8,644,LISTAS,,,
240417,12_069_001,788,439,439,0,2,437,LISTAS,,,
240419,12_069_002,805,529,529,0,9,520,LISTAS,,,
240421,12_069_003,663,460,458,0,4,454,LISTAS,,,
240423,12_070_001,597,418,418,0,9,409,LISTAS,,,
240425,12_071_001,501,380,381,0,7,374,LISTAS,,,
240427,12_072_001,464,318,318,0,1,317,LISTAS,,,
240429,12_073_001,1110,857,857,0,11,846,LISTAS,,,
240431,12_074_001,863,647,647,0,6,641,LISTAS,,,
240433,12_074_002,984,498,496,0,4,492,LISTAS,,,
240435,12_074_003,897,726,726,0,2,724,LISTAS,,,
240437,12_075_001,456,320,320,0,5,315,LISTAS,,,
240439,12_076_001,750,520,520,0,4,516,LISTAS,,,
240441,12_076_002,628,435,435,0,2,433,LISTAS,,,
240443,13_001_001,479,325,325,0,3,322,LISTAS,,,
240445,13_002_001,198,148,148,0,3,145,LISTAS,,,
240447,13_003_001,2749,2385,2375,-10,19,2356,LISTAS,,,
240449,13_003_002,769,509,509,0,4,505,LISTAS,,,
240451,13_003_003,789,590,590,0,1,589,LISTAS,,,
240453,13_003_004,616,418,418,0,5,413,LISTAS,,,
240455,13_003_005,740,586,586,0,3,583,LISTAS,,,
240457,13_003_006,749,550,550,0,4,546,LISTAS,,,
240459,13_003_007,698,475,473,0,2,471,LISTAS,,,
240461,13_003_008,744,495,495,0,5,490,LISTAS,,,
240463,13_003_009,670,494,494,0,11,483,LISTAS,,,
240465,13_003_010,777,477,477,0,4,473,LISTAS,,,
240467,13_003_011,624,459,460,0,9,451,LISTAS,,,
240469,13_003_012,793,607,606,0,4,602,LISTAS,,,
240471,13_003_013,705,558,556,0,5,551,LISTAS,,,
240473,13_003_014,711,550,549,0,5,544,LISTAS,,,
240475,13_003_015,673,516,516,0,4,512,LISTAS,,,
240477,13_003_016,739,571,571,0,2,569,LISTAS,,,
240479,13_004_001,594,452,452,0,0,452,LISTAS,,,
240481,13_005_001,771,503,503,0,4,499,LISTAS,,,
240483,13_006_001,1120,637,647,0,10,637,LISTAS,,,
240485,13_006_002,1185,668,668,0,7,661,LISTAS,,,
240487,13_006_003,1138,667,667,0,6,661,LISTAS,,,
240489,13_006_004,1046,608,608,0,5,603,LISTAS,,,
240491,13_006_005,1144,789,788,0,6,782,LISTAS,,,
240493,13_006_006,1218,796,796,0,10,786,LISTAS,,,
240495,13_006_007,1150,690,689,0,4,685,LISTAS,,,
240497,13_006_008,1272,731,731,0,6,725,LISTAS,,,
240499,13_007_001,436,297,297,0,5,292,LISTAS,,,
240501,13_008_001,621,441,441,0,3,438,LISTAS,,,
240503,13_008_002,703,504,504,0,1,503,LISTAS,,,
240505,13_009_001,551,417,416,0,6,410,LISTAS,,,
240507,13_010_001,286,209,209,0,1,208,LISTAS,,,
240509,13_011_001,84,63,63,0,0,63,LISTAS,,,
240511,13_012_001,764,479,477,0,10,467,LISTAS,,,
240513,13_013_001,850,556,556,0,0,556,LISTAS,,,
240515,13_013_002,778,518,518,0,3,515,LISTAS,,,
240517,13_014_001,832,507,507,0,2,505,LISTAS,,,
240519,13_015_001,291,225,225,0,2,223,LISTAS,,,
240521,13_016_001,605,420,420,0,5,415,LISTAS,,,
240523,13_017_001,102,81,81,0,0,81,LISTAS,,,
240525,13_018_001,257,170,170,0,2,168,LISTAS,,,
240527,13_019_001,709,474,474,0,6,468,LISTAS,,,
240529,13_020_001,307,205,205,0,3,202,LISTAS,,,
240531,13_021_001,72,48,48,0,2,46,LISTAS,,,
240533,13_022_001,1082,686,686,0,5,681,LISTAS,,,
240535,13_023_001,743,462,462,0,5,457,LISTAS,,,
240537,13_023_002,743,486,485,0,9,476,LISTAS,,,
240539,13_023_003,788,545,545,0,4,541,LISTAS,,,
240541,13_024_001,475,319,319,0,4,315,LISTAS,,,
240543,13_024_002,328,212,212,0,0,212,LISTAS,,,
240545,13_025_001,1086,702,702,0,5,697,LISTAS,,,
240547,13_026_001,889,556,555,0,15,540,LISTAS,,,
240549,13_027_001,347,257,248,0,1,247,LISTAS,,,
240551,13_028_001,526,355,356,0,12,344,LISTAS,,,
240553,13_029_001,860,493,492,0,4,488,LISTAS,,,
240555,13_030_001,436,322,320,0,1,319,LISTAS,,,
240557,13_031_001,413,274,274,0,4,270,LISTAS,,,
240559,13_032_001,681,405,405,0,4,401,LISTAS,,,
240561,13_032_002,115,48,48,0,1,47,LISTAS,,,
240563,13_032_003,211,110,110,0,2,108,LISTAS,,,
240565,13_033_001,674,457,458,0,8,450,LISTAS,,,
240567,13_033_002,827,523,523,0,4,519,LISTAS,,,
240569,13_033_003,593,406,406,0,2,404,LISTAS,,,
240571,13_033_004,707,461,461,0,5,456,LISTAS,,,
240573,13_034_001,461,355,355,0,1,354,LISTAS,,,
240575,13_035_001,113,83,83,0,0,83,LISTAS,,,
240577,13_036_001,494,340,340,0,2,338,LISTAS,,,
240579,13_037_001,31,26,26,0,1,25,LISTAS,,,
240581,13_038_001,448,302,302,0,1,301,LISTAS,,,
240583,13_039_001,823,548,548,0,5,543,LISTAS,,,
240585,13_040_001,274,214,214,0,1,213,LISTAS,,,
240587,13_041_001,395,269,269,0,2,267,LISTAS,,,
240589,13_042_001,146,103,103,0,1,102,LISTAS,,,
240591,13_043_001,630,410,410,0,6,404,LISTAS,,,
240593,13_044_001,128,99,99,0,0,99,LISTAS,,,
240595,13_045_001,327,210,210,0,3,207,LISTAS,,,
240597,13_046_001,651,428,428,0,4,424,LISTAS,,,
240599,13_047_001,816,428,428,0,7,421,LISTAS,,,
240601,13_047_002,720,480,480,0,8,472,LISTAS,,,
240603,13_048_001,634,387,387,0,5,382,LISTAS,,,
240605,13_048_002,565,369,369,0,0,369,LISTAS,,,
240607,13_049_001,675,440,440,0,2,438,LISTAS,,,
240609,13_050_001,617,358,358,0,5,353,LISTAS,,,
240611,13_050_002,562,343,342,0,0,342,LISTAS,,,
240613,13_050_003,179,117,117,0,3,114,LISTAS,,,
240615,13_051_001,633,382,382,0,5,377,LISTAS,,,
240617,13_051_002,708,458,458,0,7,451,LISTAS,,,
240619,13_051_003,653,458,458,0,0,458,LISTAS,,,
240621,13_052_001,908,530,530,0,3,527,LISTAS,,,
240623,13_053_001,560,333,333,0,9,324,LISTAS,,,
240625,13_053_002,599,359,359,0,1,358,LISTAS,,,
240627,13_053_003,227,103,103,0,5,98,LISTAS,,,
240629,13_054_001,1078,659,658,0,10,648,LISTAS,,,
240631,13_055_001,577,428,428,0,0,428,LISTAS,,,
240633,13_056_001,384,293,293,0,1,292,LISTAS,,,
240635,13_057_001,328,219,219,0,4,215,LISTAS,,,
240637,13_058_001,130,107,107,0,1,106,LISTAS,,,
240639,13_059_001,154,103,103,0,0,103,LISTAS,,,
240641,13_060_001,447,322,322,0,7,315,LISTAS,,,
240643,13_061_001,142,114,114,0,2,112,LISTAS,,,
240645,13_062_001,81,54,54,0,1,53,LISTAS,,,
240647,13_063_001,377,243,243,0,4,239,LISTAS,,,
240649,13_064_001,582,383,383,0,6,377,LISTAS,,,
240651,13_065_001,467,333,325,0,4,321,LISTAS,,,
240653,13_066_001,625,293,293,0,3,290,LISTAS,,,
240655,13_066_002,386,223,223,0,1,222,LISTAS,,,
240657,13_067_001,466,346,346,0,2,344,LISTAS,,,
240659,13_067_002,133,74,74,0,0,74,LISTAS,,,
240661,13_068_001,896,642,642,0,4,638,LISTAS,,,
240663,13_069_001,183,154,151,0,2,149,LISTAS,,,
240665,13_070_001,603,408,408,0,2,406,LISTAS,,,
240667,13_071_001,884,574,574,0,5,569,LISTAS,,,
240669,13_071_002,440,274,274,0,1,273,LISTAS,,,
240672,13_072_001,740,486,485,0,8,477,LISTAS,,,
240670,13_073_001,1178,781,781,0,9,772,LISTAS,,,
240675,13_074_001,869,509,509,0,1,508,LISTAS,,,
240677,13_074_002,508,321,321,0,3,318,LISTAS,,,
240679,13_075_001,609,371,371,0,5,366,LISTAS,,,
240681,13_075_002,599,322,321,0,5,316,LISTAS,,,
240683,13_075_003,222,145,145,0,3,142,LISTAS,,,
240685,13_076_001,445,306,305,0,0,305,LISTAS,,,
240687,13_077_001,709,425,425,0,4,421,LISTAS,,,
240690,13_078_001,478,369,369,0,2,367,LISTAS,,,
240688,13_079_001,211,149,149,0,0,149,LISTAS,,,
240693,13_080_001,605,418,418,0,2,416,LISTAS,,,
240695,13_080_002,446,310,310,0,2,308,LISTAS,,,
240697,13_080_003,58,42,42,0,0,42,LISTAS,,,
240699,13_081_001,729,408,408,0,8,400,LISTAS,,,
240701,13_081_002,794,492,492,0,6,486,LISTAS,,,
240703,13_082_001,580,388,388,0,5,383,LISTAS,,,
240705,13_083_001,975,678,678,0,6,672,LISTAS,,,
240707,13_084_001,743,546,546,0,6,540,LISTAS,,,
240709,13_084_002,511,372,372,0,0,372,LISTAS,,,
240711,13_085_001,478,311,311,0,3,308,LISTAS,,,
240713,13_086_001,356,260,260,0,2,258,LISTAS,,,
240716,13_087_001,601,381,381,0,5,376,LISTAS,,,
240714,13_087_002,629,376,375,0,4,371,LISTAS,,,
240719,13_088_001,748,524,523,0,2,521,LISTAS,,,
240721,13_089_001,575,379,379,0,3,376,LISTAS,,,
240723,13_090_001,427,261,261,0,3,258,LISTAS,,,
240725,13_091_001,958,746,745,0,9,736,LISTAS,,,
240727,13_092_001,806,533,533,0,2,531,LISTAS,,,
240729,13_093_001,261,184,184,0,3,181,LISTAS,,,
240731,13_094_001,655,415,415,0,5,410,LISTAS,,,
240733,13_094_002,637,477,476,0,2,474,LISTAS,,,
240735,13_095_001,704,515,515,0,5,510,LISTAS,,,
240737,13_096_001,592,409,409,0,4,405,LISTAS,,,
240739,13_097_001,908,649,648,0,1,647,LISTAS,,,
240741,13_097_002,944,632,632,0,9,623,LISTAS,,,
240743,13_097_003,676,478,478,0,3,475,LISTAS,,,
240745,13_097_004,699,516,516,0,7,509,LISTAS,,,
240747,13_097_005,999,702,702,0,4,698,LISTAS,,,
240749,13_097_006,916,654,654,0,4,650,LISTAS,,,
240751,13_097_007,1010,805,806,0,20,786,LISTAS,,,
240753,13_097_008,763,560,560,0,7,553,LISTAS,,,
240755,13_097_009,299,223,223,0,4,219,LISTAS,,,
240757,13_098_001,439,309,310,0,6,304,LISTAS,,,
240759,13_099_001,144,121,121,0,2,119,LISTAS,,,
240761,13_100_001,1108,759,759,0,4,755,LISTAS,,,
240763,13_100_002,1020,737,735,0,9,726,LISTAS,,,
240765,13_101_001,693,431,431,0,4,427,LISTAS,,,
240767,13_101_002,529,368,368,0,2,366,LISTAS,,,
240769,13_102_001,902,617,615,0,7,608,LISTAS,,,
240771,13_102_002,880,530,529,0,7,522,LISTAS,,,
240773,13_103_001,810,560,559,0,4,555,LISTAS,,,
240775,13_103_002,664,458,458,0,3,455,LISTAS,,,
240777,13_103_003,800,531,531,0,3,528,LISTAS,,,
240779,13_103_004,682,497,497,0,1,496,LISTAS,,,
240781,13_103_005,793,561,561,0,5,556,LISTAS,,,
240783,13_103_006,686,483,480,0,5,475,LISTAS,,,
240785,13_103_007,687,485,485,0,5,480,LISTAS,,,
240787,13_103_008,507,284,284,0,5,279,LISTAS,,,
240789,13_103_009,210,118,118,0,0,118,LISTAS,,,
240791,13_103_010,2194,1986,2004,18,109,1895,LISTAS,,,
240793,13_103_011,109,65,64,0,1,63,LISTAS,,,
240795,13_103_012,104,80,80,0,0,80,LISTAS,,,
240797,13_103_013,642,395,396,0,9,387,LISTAS,,,
240799,13_103_014,729,437,437,0,4,433,LISTAS,,,
240801,13_103_015,566,291,291,0,3,288,LISTAS,,,
240803,13_103_016,1017,553,553,0,16,537,LISTAS,,,
240805,13_103_017,784,591,591,0,7,584,LISTAS,,,
240807,13_103_018,1066,684,682,0,6,676,LISTAS,,,
240809,13_103_019,448,300,299,0,0,299,LISTAS,,,
240811,13_103_020,543,365,365,0,3,362,LISTAS,,,
240813,13_103_021,831,619,617,0,3,614,LISTAS,,,
240815,13_103_022,720,509,509,0,6,503,LISTAS,,,
240817,13_103_023,520,365,365,0,0,365,LISTAS,,,
240819,13_103_024,564,348,348,0,3,345,LISTAS,,,
240821,13_103_025,772,502,502,0,2,500,LISTAS,,,
240823,13_103_026,742,347,347,0,2,345,LISTAS,,,
240825,13_103_027,886,488,488,0,2,486,LISTAS,,,
240827,13_103_028,807,509,509,0,3,506,LISTAS,,,
240829,13_103_029,704,449,449,0,3,446,LISTAS,,,
240831,13_103_030,534,359,359,0,1,358,LISTAS,,,
240833,13_103_031,701,539,539,0,0,539,LISTAS,,,
240835,13_103_032,704,367,367,0,2,365,LISTAS,,,
240837,13_103_033,652,368,369,0,17,352,LISTAS,,,
240839,13_103_034,743,417,417,0,3,414,LISTAS,,,
240841,13_103_035,798,413,413,0,2,411,LISTAS,,,
240843,13_103_036,765,332,332,0,9,323,LISTAS,,,
240845,13_103_037,546,368,367,0,7,360,LISTAS,,,
240847,13_103_038,1190,764,764,0,10,754,LISTAS,,,
240849,13_103_039,858,540,536,0,5,531,LISTAS,,,
240851,13_103_040,756,525,525,0,7,518,LISTAS,,,
240853,13_104_001,740,410,409,0,0,409,LISTAS,,,
240855,13_105_001,211,167,166,0,7,159,LISTAS,,,
240857,13_106_001,635,373,373,0,8,365,LISTAS,,,
240859,13_107_001,358,258,259,0,6,253,LISTAS,,,
240861,13_108_001,334,236,236,0,3,233,LISTAS,,,
240863,13_108_002,135,108,108,0,1,107,LISTAS,,,
240865,13_109_001,334,242,242,0,3,239,LISTAS,,,
240867,13_110_001,355,198,198,0,4,194,LISTAS,,,
240869,13_111_001,1022,764,765,0,18,747,LISTAS,,,
240871,13_111_002,271,208,208,0,0,208,LISTAS,,,
240873,13_112_001,254,194,194,0,3,191,LISTAS,,,
240875,13_113_001,170,121,121,0,2,119,LISTAS,,,
240877,13_114_001,986,676,681,0,32,649,LISTAS,,,
240879,13_114_002,1034,731,731,0,6,725,LISTAS,,,
240881,13_114_003,1029,724,723,0,6,717,LISTAS,,,
240883,13_114_004,1045,720,720,0,4,716,LISTAS,,,
240885,13_114_005,149,99,99,0,0,99,LISTAS,,,
240887,13_114_006,201,133,133,0,0,133,LISTAS,,,
240889,13_115_001,317,215,215,0,3,212,LISTAS,,,
240891,13_116_001,211,137,137,0,1,136,LISTAS,,,
240893,13_117_001,783,452,452,0,6,446,LISTAS,,,
240895,13_118_001,379,285,285,0,7,278,LISTAS,,,
240897,13_118_002,64,49,49,0,1,48,LISTAS,,,
240899,13_119_001,862,613,613,0,3,610,LISTAS,,,
240901,13_119_002,621,399,399,0,0,399,LISTAS,,,
240903,13_120_001,595,437,437,0,5,432,LISTAS,,,
240905,13_120_002,515,394,394,0,2,392,LISTAS,,,
240907,13_121_001,797,456,455,0,4,451,LISTAS,,,
240909,13_121_002,697,455,454,0,3,451,LISTAS,,,
240911,13_122_001,536,366,364,0,3,361,LISTAS,,,
240913,13_123_001,273,212,212,0,1,211,LISTAS,,,
240915,13_124_001,612,421,421,0,1,420,LISTAS,,,
240917,13_125_001,958,609,608,0,6,602,LISTAS,,,
240919,13_126_001,547,364,364,0,3,361,LISTAS,,,
240921,13_126_002,688,502,501,0,0,501,LISTAS,,,
240923,13_127_001,1019,636,636,0,3,633,LISTAS,,,
240925,13_128_001,322,189,189,0,1,188,LISTAS,,,
240927,13_129_001,485,286,286,0,3,283,LISTAS,,,
240929,13_130_001,475,338,338,0,2,336,LISTAS,,,
240931,13_131_001,950,595,595,0,5,590,LISTAS,,,
240933,13_131_002,832,566,566,0,5,561,LISTAS,,,
240935,14_001_001,749,403,402,0,4,398,LISTAS,,,
240937,14_001_002,772,479,479,0,4,475,LISTAS,,,
240939,14_001_003,723,430,430,0,3,427,LISTAS,,,
240941,14_001_004,700,463,463,0,4,459,LISTAS,,,
240943,14_001_005,694,438,437,0,13,424,LISTAS,,,
240945,14_001_006,724,491,491,0,1,490,LISTAS,,,
240947,14_001_007,729,481,481,0,2,479,LISTAS,,,
240949,14_001_008,711,463,463,0,2,461,LISTAS,,,
240951,14_001_009,695,438,438,0,4,434,LISTAS,,,
240953,14_001_010,747,461,459,0,4,455,LISTAS,,,
240955,14_001_011,732,491,491,0,1,490,LISTAS,,,
240957,14_001_012,674,436,436,0,1,435,LISTAS,,,
240959,14_001_013,693,459,459,0,3,456,LISTAS,,,
240961,14_001_014,683,449,449,0,3,446,LISTAS,,,
240963,14_001_015,703,470,470,0,5,465,LISTAS,,,
240965,14_001_016,686,480,468,0,1,467,LISTAS,,,
240967,14_002_001,1107,758,747,0,11,736,LISTAS,,,
240969,14_003_001,589,427,427,0,0,427,LISTAS,,,
240971,14_003_002,620,469,469,0,4,465,LISTAS,,,
240973,14_003_003,681,404,404,0,6,398,LISTAS,,,
240975,14_003_004,622,420,419,0,4,415,LISTAS,,,
240977,14_003_005,712,505,505,0,0,505,LISTAS,,,
240979,14_003_006,675,431,430,0,4,426,LISTAS,,,
240981,14_003_007,772,510,510,0,4,506,LISTAS,,,
240983,14_003_008,710,499,499,0,4,495,LISTAS,,,
240985,14_003_009,669,443,443,0,6,437,LISTAS,,,
240987,14_003_010,632,386,386,0,3,383,LISTAS,,,
240989,14_003_011,602,418,418,0,2,416,LISTAS,,,
240991,14_003_012,662,428,428,0,5,423,LISTAS,,,
240993,14_003_013,664,430,427,0,1,426,LISTAS,,,
240995,14_003_014,631,441,440,0,3,437,LISTAS,,,
240997,14_003_015,634,418,417,0,1,416,LISTAS,,,
240999,14_003_016,634,422,420,0,3,417,LISTAS,,,
241001,14_004_001,796,568,568,0,3,565,LISTAS,,,
241003,14_004_002,751,545,545,0,6,539,LISTAS,,,
241005,14_004_003,794,575,568,0,2,566,LISTAS,,,
241007,14_004_004,692,540,540,0,6,534,LISTAS,,,
241009,14_004_005,1070,825,825,0,8,817,LISTAS,,,
241011,14_005_001,912,563,563,0,5,558,LISTAS,,,
241013,14_006_001,780,535,534,0,9,525,LISTAS,,,
241015,14_006_002,763,560,560,0,9,551,LISTAS,,,
241017,14_006_003,825,636,636,0,6,630,LISTAS,,,
241019,14_006_004,778,575,575,0,4,571,LISTAS,,,
241021,14_006_005,850,647,647,0,2,645,LISTAS,,,
241023,14_006_006,815,572,572,0,1,571,LISTAS,,,
241025,14_007_001,977,652,652,0,6,646,LISTAS,,,
241027,14_008_001,758,572,572,0,5,567,LISTAS,,,
241029,14_008_002,764,494,494,0,3,491,LISTAS,,,
241031,14_008_003,809,542,542,0,7,535,LISTAS,,,
241033,14_008_004,666,492,491,0,3,488,LISTAS,,,
241035,14_009_001,641,441,441,0,1,440,LISTAS,,,
241037,14_010_001,997,728,727,0,8,719,LISTAS,,,
241039,14_011_001,1439,1091,1091,0,12,1079,LISTAS,,,
241041,14_011_002,1342,995,997,0,23,974,LISTAS,,,
241043,14_011_003,1431,1176,1176,0,14,1162,LISTAS,,,
241045,14_011_004,1242,1078,1080,0,19,1061,LISTAS,,,
241047,14_011_005,1269,997,996,0,9,987,LISTAS,,,
241049,14_011_006,1316,1061,1060,0,8,1052,LISTAS,,,
241051,14_011_007,1245,797,797,0,6,791,LISTAS,,,
241053,14_011_008,1279,1035,1030,0,8,1022,LISTAS,,,
241055,14_012_001,797,670,670,0,4,666,LISTAS,,,
241057,14_012_002,822,672,672,0,8,664,LISTAS,,,
241059,14_013_001,1058,847,846,0,6,840,LISTAS,,,
241061,14_013_002,1029,761,761,0,8,753,LISTAS,,,
241063,14_013_003,1200,973,974,0,17,957,LISTAS,,,
241065,14_013_004,1053,799,798,0,7,791,LISTAS,,,
241067,14_013_005,1334,1095,1096,0,14,1082,LISTAS,,,
241069,14_013_006,986,862,862,0,5,857,LISTAS,,,
241071,14_013_007,1094,915,915,0,3,912,LISTAS,,,
241073,14_013_008,1093,880,880,0,5,875,LISTAS,,,
241075,14_014_001,657,558,558,0,6,552,LISTAS,,,
241077,14_014_002,555,437,437,0,6,431,LISTAS,,,
241079,14_014_003,696,511,512,0,13,499,LISTAS,,,
241081,14_014_004,636,481,479,0,1,478,LISTAS,,,
241083,14_014_005,1241,980,980,0,8,972,LISTAS,,,
241085,14_014_006,911,777,776,0,4,772,LISTAS,,,
241087,14_014_007,3994,3679,3672,-7,24,3648,LISTAS,,,
241089,14_014_008,729,625,625,0,5,620,LISTAS,,,
241091,14_014_009,685,530,530,0,5,525,LISTAS,,,
241093,14_014_010,582,469,469,0,5,464,LISTAS,,,
241095,14_014_011,572,477,477,0,4,473,LISTAS,,,
241097,14_014_012,668,564,563,0,5,558,LISTAS,,,
241099,14_014_013,681,557,557,0,6,551,LISTAS,,,
241101,14_014_014,683,593,584,0,2,582,LISTAS,,,
241103,14_014_015,786,631,631,0,5,626,LISTAS,,,
241105,14_014_016,623,478,478,0,6,472,LISTAS,,,
241107,14_015_001,1222,1010,1010,0,8,1002,LISTAS,,,
241109,14_015_002,1134,892,898,0,46,852,LISTAS,,,
241111,14_015_003,1108,859,858,0,6,852,LISTAS,,,
241113,14_015_004,996,816,816,0,7,809,LISTAS,,,
241115,14_015_005,1161,939,937,0,11,926,LISTAS,,,
241117,14_015_006,1023,857,857,0,5,852,LISTAS,,,
241119,14_015_007,1076,896,896,0,8,888,LISTAS,,,
241121,14_015_008,1105,934,933,0,12,921,LISTAS,,,
241123,14_015_009,998,720,720,0,8,712,LISTAS,,,
241125,14_015_010,1062,764,763,0,9,754,LISTAS,,,
241127,14_015_011,1031,744,735,0,9,726,LISTAS,,,
241129,14_015_012,1099,799,797,0,11,786,LISTAS,,,
241131,14_015_013,1061,740,739,0,13,726,LISTAS,,,
241133,14_015_014,1040,778,767,0,7,760,LISTAS,,,
241135,14_015_015,904,690,690,0,2,688,LISTAS,,,
241137,14_015_016,974,793,795,0,16,779,LISTAS,,,
241139,14_015_017,1295,1098,1097,0,9,1088,LISTAS,,,
241141,14_015_018,1424,1226,1225,0,4,1221,LISTAS,,,
241143,14_015_019,941,744,743,0,6,737,LISTAS,,,
241145,14_015_020,1146,966,966,0,3,963,LISTAS,,,
241147,14_016_001,754,509,509,0,5,504,LISTAS,,,
241149,14_016_002,779,524,524,0,9,515,LISTAS,,,
241151,14_016_003,684,455,455,0,7,448,LISTAS,,,
241153,14_016_004,758,534,534,0,1,533,LISTAS,,,
241155,14_016_005,769,546,546,0,3,543,LISTAS,,,
241157,14_016_006,212,140,140,0,0,140,LISTAS,,,
241159,14_016_007,197,96,96,0,2,94,LISTAS,,,
241161,14_017_001,732,575,574,0,5,569,LISTAS,,,
241163,14_017_002,716,522,522,0,7,515,LISTAS,,,
241165,14_017_003,981,731,731,0,8,723,LISTAS,,,
241167,14_017_004,689,513,513,0,10,503,LISTAS,,,
241169,14_017_005,1099,772,771,0,5,766,LISTAS,,,
241171,14_017_006,798,562,562,0,2,560,LISTAS,,,
241173,14_017_007,1974,1684,1665,-19,10,1655,LISTAS,,,
241175,14_017_008,611,479,479,0,5,474,LISTAS,,,
241177,14_017_009,877,675,675,0,3,672,LISTAS,,,
241179,14_017_010,973,711,710,0,8,702,LISTAS,,,
241181,14_017_011,636,490,490,0,1,489,LISTAS,,,
241183,14_017_012,630,484,484,0,4,480,LISTAS,,,
241185,14_017_013,1129,759,759,0,9,750,LISTAS,,,
241187,14_017_014,933,605,604,0,7,597,LISTAS,,,
241189,14_017_015,772,551,551,0,4,547,LISTAS,,,
241191,14_017_016,794,590,590,0,3,587,LISTAS,,,
241193,14_017_017,888,597,596,0,3,593,LISTAS,,,
241195,14_017_018,731,315,314,0,3,311,LISTAS,,,
241197,14_017_019,170,83,83,0,1,82,LISTAS,,,
241199,14_017_020,1157,655,655,0,2,653,LISTAS,,,
241201,14_017_021,915,547,547,0,4,543,LISTAS,,,
241203,14_017_022,1021,696,697,0,14,683,LISTAS,,,
241205,14_017_023,1139,805,805,0,8,797,LISTAS,,,
241207,14_017_024,832,548,548,0,3,545,LISTAS,,,
241209,14_017_025,914,586,586,0,2,584,LISTAS,,,
241211,14_017_026,984,445,443,0,5,438,LISTAS,,,
241213,14_017_027,1128,690,689,0,5,684,LISTAS,,,
241215,14_017_028,796,534,533,0,4,529,LISTAS,,,
241217,14_017_029,619,414,414,0,3,411,LISTAS,,,
241219,14_017_030,685,502,502,0,7,495,LISTAS,,,
241221,14_017_031,893,702,702,0,8,694,LISTAS,,,
241223,14_017_032,840,497,497,0,1,496,LISTAS,,,
241225,14_017_033,987,679,678,0,7,671,LISTAS,,,
241227,14_017_034,759,455,455,0,2,453,LISTAS,,,
241229,14_018_001,784,527,527,0,3,524,LISTAS,,,
241231,14_018_002,749,488,488,0,5,483,LISTAS,,,
241233,14_018_003,713,474,474,0,13,461,LISTAS,,,
241235,14_018_004,663,463,470,0,35,435,LISTAS,,,
241237,14_018_005,629,431,431,0,4,427,LISTAS,,,
241239,14_019_001,1212,776,774,0,3,771,LISTAS,,,
241241,14_019_002,832,424,424,0,8,416,LISTAS,,,
241243,14_019_003,1350,701,702,0,12,690,LISTAS,,,
241245,14_020_001,851,563,565,0,16,549,LISTAS,,,
241247,14_020_002,784,505,503,0,4,499,LISTAS,,,
241249,14_021_001,951,594,594,0,6,588,LISTAS,,,
241251,14_021_002,872,677,677,0,60,617,LISTAS,,,
241253,14_021_003,899,718,718,0,6,712,LISTAS,,,
241255,14_022_001,1333,998,997,0,10,987,LISTAS,,,
241257,14_023_001,993,799,793,0,4,789,LISTAS,,,
241259,14_023_002,1032,792,792,0,4,788,LISTAS,,,
241261,14_023_003,1058,827,826,0,5,821,LISTAS,,,
241263,14_023_004,976,749,749,0,6,743,LISTAS,,,
241265,14_023_005,1058,781,781,0,10,771,LISTAS,,,
241267,14_023_006,1177,951,952,0,15,937,LISTAS,,,
241269,14_023_007,1239,988,988,0,7,981,LISTAS,,,
241271,14_024_001,512,385,383,0,5,378,LISTAS,,,
241273,14_025_001,862,592,592,0,9,583,LISTAS,,,
241275,14_025_002,863,663,663,0,10,653,LISTAS,,,
241277,14_025_003,877,655,654,0,4,650,LISTAS,,,
241279,14_025_004,883,659,659,0,3,656,LISTAS,,,
241281,14_025_005,820,601,601,0,4,597,LISTAS,,,
241283,14_025_006,818,650,649,0,3,646,LISTAS,,,
241285,14_025_007,767,511,511,0,8,503,LISTAS,,,
241287,14_025_008,2757,2420,2415,-5,17,2398,LISTAS,,,
241289,14_025_009,766,611,611,0,3,608,LISTAS,,,
241291,14_025_010,826,604,604,0,2,602,LISTAS,,,
241293,14_025_011,801,602,602,0,8,594,LISTAS,,,
241295,14_025_012,830,617,617,0,8,609,LISTAS,,,
241297,14_025_013,859,585,585,0,7,578,LISTAS,,,
241299,14_025_014,787,533,531,0,5,526,LISTAS,,,
241301,14_025_015,1124,757,757,0,6,751,LISTAS,,,
241303,14_025_016,656,458,458,0,5,453,LISTAS,,,
241305,14_026_001,771,445,445,0,6,439,LISTAS,,,
241307,14_026_002,1119,734,734,0,6,728,LISTAS,,,
241309,14_026_003,313,204,204,0,1,203,LISTAS,,,
241311,14_027_001,818,586,586,0,4,582,LISTAS,,,
241313,14_027_002,795,574,574,0,5,569,LISTAS,,,
241315,14_027_003,902,625,625,0,4,621,LISTAS,,,
241317,14_027_004,1026,677,677,0,5,672,LISTAS,,,
241319,14_028_001,1166,695,695,0,9,686,LISTAS,,,
241321,14_028_002,1058,755,753,0,5,748,LISTAS,,,
241323,14_028_003,1011,688,688,0,2,686,LISTAS,,,
241325,14_028_004,1059,812,812,0,4,808,LISTAS,,,
241327,14_029_001,900,679,679,0,3,676,LISTAS,,,
241329,14_029_002,1005,765,767,0,16,751,LISTAS,,,
241331,14_029_003,1010,852,852,0,11,841,LISTAS,,,
241333,14_029_004,989,787,784,0,5,779,LISTAS,,,
241335,14_029_005,989,833,833,0,0,833,LISTAS,,,
241337,14_029_006,1032,817,817,0,7,810,LISTAS,,,
241339,14_029_007,1067,893,893,0,8,885,LISTAS,,,
241341,14_029_008,1040,903,899,0,2,897,LISTAS,,,
241343,14_030_001,542,344,344,0,4,340,LISTAS,,,
241345,14_030_002,762,588,588,0,3,585,LISTAS,,,
241347,14_030_003,417,302,302,0,1,301,LISTAS,,,
241349,14_031_001,931,574,574,0,4,570,LISTAS,,,
241351,14_031_002,966,643,642,0,7,635,LISTAS,,,
241353,14_031_003,1071,559,558,0,7,551,LISTAS,,,
241355,14_031_004,944,669,669,0,3,666,LISTAS,,,
241357,14_031_005,912,562,562,0,5,557,LISTAS,,,
241359,14_032_001,772,598,598,0,9,589,LISTAS,,,
241361,14_032_002,898,675,675,0,8,667,LISTAS,,,
241363,14_032_003,883,681,681,0,11,670,LISTAS,,,
241365,14_033_001,1245,874,872,0,9,863,LISTAS,,,
241367,14_033_002,1115,757,757,0,5,752,LISTAS,,,
241369,14_033_003,1018,749,748,0,3,745,LISTAS,,,
241371,14_033_004,944,705,727,0,105,622,LISTAS,,,
241373,14_033_005,981,706,706,0,13,693,LISTAS,,,
241375,14_033_006,1001,774,774,0,2,772,LISTAS,,,
241377,14_033_007,1193,940,940,0,9,931,LISTAS,,,
241379,14_033_008,1331,1054,1053,0,4,1049,LISTAS,,,
241381,14_033_009,1001,757,757,0,5,752,LISTAS,,,
241383,14_033_010,1023,785,785,0,6,779,LISTAS,,,
241385,14_033_011,898,610,610,0,1,609,LISTAS,,,
241387,14_033_012,1236,962,960,0,9,951,LISTAS,,,
241389,14_033_013,1294,967,967,0,7,960,LISTAS,,,
241391,14_033_014,1289,941,937,0,6,931,LISTAS,,,
241393,14_033_015,1109,854,851,0,5,846,LISTAS,,,
241395,14_033_016,977,736,736,0,7,729,LISTAS,,,
241397,14_034_001,1194,985,984,0,7,977,LISTAS,,,
241399,14_034_002,1158,919,919,0,14,905,LISTAS,,,
241401,14_034_003,1038,829,828,0,3,825,LISTAS,,,
241403,14_034_004,998,748,749,0,4,745,LISTAS,,,
241405,14_034_005,1002,766,766,0,9,757,LISTAS,,,
241407,14_034_006,911,701,701,0,5,696,LISTAS,,,
241409,14_034_007,1053,818,818,0,9,809,LISTAS,,,
241411,14_034_008,1135,858,861,0,22,839,LISTAS,,,
241413,14_034_009,1114,878,878,0,8,870,LISTAS,,,
241415,14_034_010,3752,3186,3183,-3,11,3172,LISTAS,,,
241417,14_034_011,821,562,563,0,15,548,LISTAS,,,
241419,14_034_012,1086,772,772,0,5,767,LISTAS,,,
241421,14_034_013,957,821,821,0,3,818,LISTAS,,,
241423,14_034_014,951,770,770,0,5,765,LISTAS,,,
241425,14_034_015,1011,837,824,0,9,815,LISTAS,,,
241427,14_034_016,1115,892,890,0,9,881,LISTAS,,,
241429,14_034_017,978,766,767,0,11,756,LISTAS,,,
241431,14_034_018,912,685,685,0,6,679,LISTAS,,,
241433,14_034_019,1204,911,910,0,6,904,LISTAS,,,
241435,14_034_020,992,793,793,0,6,787,LISTAS,,,
241437,14_034_021,1115,774,774,0,3,771,LISTAS,,,
241439,14_034_022,1121,827,827,0,7,820,LISTAS,,,
241441,14_034_023,1134,865,865,0,1,864,LISTAS,,,
241443,14_034_024,1042,812,811,0,4,807,LISTAS,,,
241445,14_034_025,1074,874,876,0,15,861,LISTAS,,,
241447,14_034_026,1352,1057,1056,0,10,1046,LISTAS,,,
241449,14_034_027,1180,971,971,0,3,968,LISTAS,,,
241451,14_034_028,1212,865,865,0,7,858,LISTAS,,,
241453,14_034_029,1173,849,847,0,3,844,LISTAS,,,
241455,14_034_030,966,718,718,0,3,715,LISTAS,,,
241457,14_035_001,970,688,686,0,8,678,LISTAS,,,
241459,14_035_002,1050,750,750,0,6,744,LISTAS,,,
241461,14_035_003,1236,883,883,0,10,873,LISTAS,,,
241463,14_035_004,1207,783,780,0,6,774,LISTAS,,,
241465,14_035_005,1106,799,799,0,15,784,LISTAS,,,
241467,14_035_006,1081,749,747,0,7,740,LISTAS,,,
241469,14_036_001,923,680,680,0,7,673,LISTAS,,,
241471,14_036_002,673,508,508,0,3,505,LISTAS,,,
241473,14_036_003,775,564,564,0,8,556,LISTAS,,,
241475,14_036_004,827,697,697,0,5,692,LISTAS,,,
241477,14_037_001,1169,796,795,0,13,782,LISTAS,,,
241479,14_037_002,1302,896,896,0,11,885,LISTAS,,,
241481,14_037_003,1089,738,738,0,3,735,LISTAS,,,
241483,14_037_004,1169,782,778,0,7,771,LISTAS,,,
241485,14_037_005,1248,877,877,0,5,872,LISTAS,,,
241487,14_037_006,1105,703,703,0,4,699,LISTAS,,,
241489,14_038_001,1194,754,747,0,3,744,LISTAS,,,
241491,14_038_002,1027,777,777,0,10,767,LISTAS,,,
241493,14_038_003,1004,807,807,0,15,792,LISTAS,,,
241495,14_038_004,923,656,656,0,9,647,LISTAS,,,
241497,14_038_005,935,551,550,0,4,546,LISTAS,,,
241499,14_038_006,1210,956,926,0,0,926,LISTAS,,,
241501,14_038_007,1172,881,879,0,8,871,LISTAS,,,
241503,14_038_008,1149,791,791,0,5,786,LISTAS,,,
241505,14_038_009,974,638,635,0,5,630,LISTAS,,,
241507,14_038_010,1186,805,805,0,8,797,LISTAS,,,
241509,14_038_011,1069,802,803,0,14,789,LISTAS,,,
241511,14_038_012,1253,956,956,0,7,949,LISTAS,,,
241513,14_038_013,988,741,741,0,5,736,LISTAS,,,
241515,14_038_014,979,782,782,0,5,777,LISTAS,,,
241517,14_038_015,1200,902,902,0,7,895,LISTAS,,,
241519,14_038_016,1098,860,860,0,2,858,LISTAS,,,
241521,14_038_017,3366,2902,2879,-23,0,2879,LISTAS,,,
241523,14_038_018,988,785,785,0,3,782,LISTAS,,,
241525,14_038_019,1112,818,818,0,5,813,LISTAS,,,
241527,14_038_020,1251,874,874,0,0,874,LISTAS,,,
241529,14_038_021,987,672,672,0,3,669,LISTAS,,,
241531,14_038_022,983,729,728,0,3,725,LISTAS,,,
241533,14_038_023,1081,840,840,0,1,839,LISTAS,,,
241535,14_038_024,1067,869,867,0,6,861,LISTAS,,,
241537,14_038_025,1191,867,867,0,9,858,LISTAS,,,
241539,14_038_026,1107,853,853,0,8,845,LISTAS,,,
241541,14_038_027,1194,912,910,0,6,904,LISTAS,,,
241543,14_038_028,1118,816,815,0,8,807,LISTAS,,,
241545,14_038_029,1134,937,932,0,0,932,LISTAS,,,
241547,14_038_030,942,709,709,0,3,706,LISTAS,,,
241549,14_038_031,1037,807,805,0,2,803,LISTAS,,,
241551,14_038_032,1111,838,838,0,5,833,LISTAS,,,
241553,14_038_033,1406,1039,1038,0,9,1029,LISTAS,,,
241555,14_038_034,1269,883,881,0,6,875,LISTAS,,,
241557,14_038_035,1114,849,850,0,10,840,LISTAS,,,
241559,14_038_036,1192,906,902,0,5,897,LISTAS,,,
241561,14_038_037,1162,918,917,0,2,915,LISTAS,,,
241563,14_038_038,1281,1008,1011,0,25,986,LISTAS,,,
241565,14_038_039,1055,792,792,0,2,790,LISTAS,,,
241567,14_038_040,1128,854,853,0,5,848,LISTAS,,,
241569,14_038_041,1052,780,780,0,5,775,LISTAS,,,
241571,14_038_042,1149,921,919,0,2,917,LISTAS,,,
241573,14_038_043,1237,926,924,0,2,922,LISTAS,,,
241575,14_038_044,1053,773,772,0,5,767,LISTAS,,,
241577,14_038_045,1245,976,976,0,2,974,LISTAS,,,
241579,14_038_046,1342,1074,1074,0,5,1069,LISTAS,,,
241581,14_038_047,1228,956,956,0,5,951,LISTAS,,,
241583,14_038_048,1638,1272,1267,0,10,1257,LISTAS,,,
241585,14_039_001,914,608,608,0,3,605,LISTAS,,,
241587,14_039_002,1001,624,623,0,9,614,LISTAS,,,
241589,14_039_003,909,500,499,0,2,497,LISTAS,,,
241591,14_040_001,735,507,507,0,5,502,LISTAS,,,
241593,14_040_002,723,511,510,0,6,504,LISTAS,,,
241595,14_040_003,738,539,539,0,0,539,LISTAS,,,
241597,14_040_004,729,530,531,0,11,520,LISTAS,,,
241599,14_041_001,1141,821,821,0,9,812,LISTAS,,,
241601,14_041_002,905,714,714,0,4,710,LISTAS,,,
241603,14_041_003,1028,763,763,0,7,756,LISTAS,,,
241605,14_041_004,931,723,723,0,3,720,LISTAS,,,
241607,14_041_005,1085,806,807,0,14,793,LISTAS,,,
241609,14_041_006,968,740,739,0,6,733,LISTAS,,,
241611,14_041_007,1023,800,800,0,10,790,LISTAS,,,
241613,14_041_008,813,640,639,0,13,626,LISTAS,,,
241615,14_041_009,1116,766,768,0,15,753,LISTAS,,,
241617,14_041_010,1142,867,867,0,3,864,LISTAS,,,
241619,14_041_011,873,667,666,0,2,664,LISTAS,,,
241621,14_041_012,898,545,545,0,5,540,LISTAS,,,
241623,14_041_013,1205,968,968,0,4,964,LISTAS,,,
241625,14_041_014,979,744,742,0,8,734,LISTAS,,,
241627,14_041_015,853,644,641,0,6,635,LISTAS,,,
241629,14_041_016,1038,780,779,0,7,772,LISTAS,,,
241631,14_042_001,755,530,530,0,5,525,LISTAS,,,
241633,14_043_001,702,549,549,0,10,539,LISTAS,,,
241635,14_043_002,676,466,466,0,2,464,LISTAS,,,
241637,14_043_003,730,472,472,0,2,470,LISTAS,,,
241639,14_044_001,901,604,604,0,7,597,LISTAS,,,
241641,14_044_002,602,419,419,0,2,417,LISTAS,,,
241643,14_045_001,1237,823,823,0,10,813,LISTAS,,,
241645,14_045_002,1125,750,750,0,11,739,LISTAS,,,
241647,14_045_003,139,62,62,0,0,62,LISTAS,,,
241649,14_046_001,770,632,632,0,6,626,LISTAS,,,
241651,14_046_002,836,672,672,0,4,668,LISTAS,,,
241653,14_046_003,913,762,761,0,5,756,LISTAS,,,
241655,14_046_004,1073,863,863,0,8,855,LISTAS,,,
241657,14_046_005,993,815,815,0,5,810,LISTAS,,,
241659,14_046_006,887,705,705,0,3,702,LISTAS,,,
241661,14_046_007,1070,812,812,0,11,801,LISTAS,,,
241663,14_046_008,1210,973,973,0,6,967,LISTAS,,,
241665,14_046_009,269,187,187,0,2,185,LISTAS,,,
241667,14_046_010,714,539,540,0,9,531,LISTAS,,,
241669,14_046_011,855,690,690,0,2,688,LISTAS,,,
241671,14_046_012,870,712,713,0,8,705,LISTAS,,,
241673,14_046_013,775,596,594,0,7,587,LISTAS,,,
241675,14_046_014,1282,1022,1022,0,9,1013,LISTAS,,,
241677,14_046_015,1329,1018,1019,0,13,1006,LISTAS,,,
241679,14_046_016,1225,973,973,0,8,965,LISTAS,,,
241681,14_046_017,1076,924,924,0,3,921,LISTAS,,,
241683,14_047_001,875,734,734,0,7,727,LISTAS,,,
241685,14_047_002,801,556,555,0,3,552,LISTAS,,,
241687,14_047_003,1309,1018,1018,0,4,1014,LISTAS,,,
241689,14_047_004,857,675,673,0,2,671,LISTAS,,,
241691,14_047_005,891,678,678,0,3,675,LISTAS,,,
241693,14_047_006,1152,915,915,0,5,910,LISTAS,,,
241695,14_047_007,906,681,681,0,3,678,LISTAS,,,
241697,14_047_008,873,712,713,0,11,702,LISTAS,,,
241699,14_047_009,942,752,752,0,8,744,LISTAS,,,
241701,14_047_010,1272,923,923,0,10,913,LISTAS,,,
241703,14_047_011,1050,837,836,0,6,830,LISTAS,,,
241705,14_047_012,885,683,683,0,4,679,LISTAS,,,
241707,14_047_013,850,641,641,0,3,638,LISTAS,,,
241709,14_047_014,818,618,618,0,6,612,LISTAS,,,
241711,14_047_015,861,661,661,0,3,658,LISTAS,,,
241713,14_047_016,753,547,552,0,30,522,LISTAS,,,
241715,14_047_017,662,480,480,0,6,474,LISTAS,,,
241717,14_047_018,727,525,525,0,5,520,LISTAS,,,
241719,14_047_019,756,576,575,0,5,570,LISTAS,,,
241721,14_047_020,930,680,680,0,7,673,LISTAS,,,
241723,14_047_021,601,486,487,0,12,475,LISTAS,,,
241725,14_047_022,2937,2616,2606,-10,7,2599,LISTAS,,,
241727,14_047_023,1186,994,994,0,9,985,LISTAS,,,
241729,14_047_024,769,638,638,0,4,634,LISTAS,,,
241731,14_047_025,784,653,653,0,3,650,LISTAS,,,
241733,14_047_026,863,618,618,0,6,612,LISTAS,,,
241735,14_047_027,1044,827,826,0,4,822,LISTAS,,,
241737,14_048_001,1100,789,789,0,3,786,LISTAS,,,
241739,14_048_002,1113,803,803,0,2,801,LISTAS,,,
241741,14_048_003,1132,758,758,0,5,753,LISTAS,,,
241743,14_048_004,1294,942,942,0,4,938,LISTAS,,,
241745,14_048_005,1164,778,778,0,3,775,LISTAS,,,
241747,14_048_006,1139,749,748,0,8,740,LISTAS,,,
241749,14_048_007,1102,738,738,0,11,727,LISTAS,,,
241751,14_048_008,999,679,679,0,10,669,LISTAS,,,
241753,14_048_009,1346,864,864,0,2,862,LISTAS,,,
241755,14_048_010,1081,670,669,0,5,664,LISTAS,,,
241757,14_048_011,756,485,486,0,9,477,LISTAS,,,
241759,14_048_012,897,584,585,0,8,577,LISTAS,,,
241761,14_048_013,868,549,548,0,8,540,LISTAS,,,
241763,14_048_014,1000,685,685,0,4,681,LISTAS,,,
241765,14_048_015,960,630,630,0,6,624,LISTAS,,,
241767,14_048_016,948,621,621,0,9,612,LISTAS,,,
241769,14_048_017,1185,816,815,0,8,807,LISTAS,,,
241771,14_048_018,1010,703,702,0,3,699,LISTAS,,,
241773,14_049_001,1167,863,862,0,2,860,LISTAS,,,
241775,14_049_002,1062,747,747,0,10,737,LISTAS,,,
241777,14_049_003,952,691,691,0,1,690,LISTAS,,,
241779,14_049_004,777,518,518,0,2,516,LISTAS,,,
241781,14_049_005,801,610,610,0,5,605,LISTAS,,,
241783,14_049_006,836,561,560,0,7,553,LISTAS,,,
241785,14_049_007,1117,799,798,0,3,795,LISTAS,,,
241787,14_049_008,1120,829,828,0,4,824,LISTAS,,,
241789,14_049_009,973,611,612,0,12,600,LISTAS,,,
241791,14_049_010,751,551,551,0,3,548,LISTAS,,,
241793,14_049_011,740,546,546,0,0,546,LISTAS,,,
241795,14_049_012,874,666,666,0,0,666,LISTAS,,,
241797,14_049_013,773,586,585,0,6,579,LISTAS,,,
241799,14_049_014,822,558,558,0,4,554,LISTAS,,,
241801,14_049_015,864,624,624,0,8,616,LISTAS,,,
241803,14_049_016,1252,1017,1017,0,7,1010,LISTAS,,,
241805,14_050_001,1077,776,776,0,4,772,LISTAS,,,
241807,14_050_002,1160,873,873,0,6,867,LISTAS,,,
241809,14_050_003,1073,782,782,0,4,778,LISTAS,,,
241811,14_050_004,1020,700,700,0,7,693,LISTAS,,,
241813,14_050_005,1051,771,771,0,8,763,LISTAS,,,
241815,14_050_006,1267,997,997,0,7,990,LISTAS,,,
241817,14_050_007,1060,739,738,0,8,730,LISTAS,,,
241819,14_050_008,1238,967,967,0,7,960,LISTAS,,,
241821,14_051_001,887,689,689,0,2,687,LISTAS,,,
241823,14_051_002,1049,875,874,0,6,868,LISTAS,,,
241825,14_052_001,989,619,617,0,4,613,LISTAS,,,
241827,14_052_002,1214,757,757,0,13,744,LISTAS,,,
241829,14_052_003,1093,693,692,0,6,686,LISTAS,,,
241831,14_053_001,1004,781,781,0,6,775,LISTAS,,,
241833,14_053_002,823,613,613,0,2,611,LISTAS,,,
241835,14_053_003,794,615,615,0,3,612,LISTAS,,,
241837,14_054_001,851,657,657,0,7,650,LISTAS,,,
241839,14_054_002,759,563,562,0,10,552,LISTAS,,,
241841,14_055_001,1051,749,749,0,14,735,LISTAS,,,
241843,14_055_002,805,583,583,0,8,575,LISTAS,,,
241845,14_055_003,928,675,676,0,10,666,LISTAS,,,
241847,14_055_004,868,623,623,0,5,618,LISTAS,,,
241849,14_056_001,324,239,239,0,2,237,LISTAS,,,
241851,14_057_001,205,138,138,0,0,138,LISTAS,,,
241853,14_058_001,1375,978,976,0,10,966,LISTAS,,,
241855,14_058_002,1150,800,800,0,8,792,LISTAS,,,
241857,14_058_003,1151,780,780,0,6,774,LISTAS,,,
241859,14_058_004,1389,953,950,0,9,941,LISTAS,,,
241861,14_058_005,1013,764,762,0,2,760,LISTAS,,,
241863,14_058_006,1016,775,775,0,10,765,LISTAS,,,
241865,14_058_007,973,672,672,0,7,665,LISTAS,,,
241867,14_058_008,1083,731,730,0,4,726,LISTAS,,,
241869,14_059_001,764,450,450,0,12,438,LISTAS,,,
241871,14_059_002,650,413,413,0,7,406,LISTAS,,,
241873,14_059_003,628,418,418,0,4,414,LISTAS,,,
241875,14_060_001,793,540,534,0,0,534,LISTAS,,,
241877,14_060_002,683,462,461,0,7,454,LISTAS,,,
241879,14_060_003,866,612,611,0,0,611,LISTAS,,,
241881,14_061_001,804,551,551,0,5,546,LISTAS,,,
241883,14_061_002,784,534,534,0,4,530,LISTAS,,,
241885,14_061_003,835,551,551,0,9,542,LISTAS,,,
241887,14_061_004,764,508,508,0,3,505,LISTAS,,,
241889,14_061_005,785,560,560,0,3,557,LISTAS,,,
241891,14_061_006,756,523,519,0,3,516,LISTAS,,,
241893,14_062_001,516,375,375,0,6,369,LISTAS,,,
241895,14_063_001,747,534,534,0,11,523,LISTAS,,,
241897,14_064_001,1078,792,793,0,14,779,LISTAS,,,
241899,14_064_002,1085,832,832,0,8,824,LISTAS,,,
241901,14_064_003,1021,802,802,0,7,795,LISTAS,,,
241903,14_064_004,1246,812,812,0,6,806,LISTAS,,,
241905,14_064_005,991,725,724,0,4,720,LISTAS,,,
241907,14_064_006,1074,848,848,0,7,841,LISTAS,,,
241909,14_064_007,931,727,727,0,4,723,LISTAS,,,
241911,14_064_008,1047,781,781,0,7,774,LISTAS,,,
241913,14_065_001,973,594,593,0,5,588,LISTAS,,,
241915,14_065_002,984,642,642,0,9,633,LISTAS,,,
241917,14_065_003,1118,783,783,0,10,773,LISTAS,,,
241919,14_065_004,1055,722,722,0,9,713,LISTAS,,,
241921,14_065_005,1066,669,669,0,4,665,LISTAS,,,
241923,14_065_006,1089,735,735,0,10,725,LISTAS,,,
241925,14_065_007,957,662,662,0,5,657,LISTAS,,,
241927,14_066_001,1099,883,883,0,8,875,LISTAS,,,
241929,14_066_002,856,717,717,0,13,704,LISTAS,,,
241931,14_067_001,566,401,401,0,7,394,LISTAS,,,
241933,14_068_001,787,631,630,0,7,623,LISTAS,,,
241935,14_069_001,1426,1115,1115,0,5,1110,LISTAS,,,
241937,14_069_002,1159,835,837,0,25,812,LISTAS,,,
241939,14_069_003,1375,1100,1098,0,2,1096,LISTAS,,,
241941,14_069_004,1199,871,871,0,1,870,LISTAS,,,
241943,14_069_005,1425,1128,1126,0,7,1119,LISTAS,,,
241945,14_069_006,1150,905,905,0,4,901,LISTAS,,,
241947,14_069_007,1091,857,857,0,3,854,LISTAS,,,
241949,14_069_008,1388,1064,1063,0,8,1055,LISTAS,,,
241951,14_070_001,709,493,492,0,7,485,LISTAS,,,
241953,14_070_002,725,468,468,0,6,462,LISTAS,,,
241955,14_071_001,1129,810,810,0,7,803,LISTAS,,,
241957,14_071_002,860,650,649,0,0,649,LISTAS,,,
241959,14_072_001,613,424,424,0,1,423,LISTAS,,,
241961,14_072_002,724,489,489,0,4,485,LISTAS,,,
241963,14_072_003,1160,729,729,0,14,715,LISTAS,,,
241965,14_072_004,1066,614,614,0,5,609,LISTAS,,,
241967,14_073_001,593,436,436,0,3,433,LISTAS,,,
241969,14_074_001,632,452,442,0,6,436,LISTAS,,,
241971,14_075_001,653,522,522,0,5,517,LISTAS,,,
241973,14_075_002,849,663,663,0,2,661,LISTAS,,,
241975,14_075_003,769,628,628,0,6,622,LISTAS,,,
241977,14_075_004,766,611,610,0,8,602,LISTAS,,,
241979,14_076_001,876,657,657,0,4,653,LISTAS,,,
241981,14_077_001,245,177,178,0,15,163,LISTAS,,,
241983,14_078_001,1142,845,841,0,5,836,LISTAS,,,
241985,14_078_002,1254,946,945,0,9,936,LISTAS,,,
241987,14_078_003,1357,972,975,0,22,953,LISTAS,,,
241989,14_078_004,1160,844,845,0,15,830,LISTAS,,,
241991,14_078_005,1180,821,821,0,9,812,LISTAS,,,
241993,14_078_006,1126,818,815,0,2,813,LISTAS,,,
241995,14_078_007,1176,872,873,0,9,864,LISTAS,,,
241997,14_078_008,1382,1124,1121,0,4,1117,LISTAS,,,
241999,14_079_001,1356,964,965,0,14,951,LISTAS,,,
242001,14_080_001,1031,662,662,0,4,658,LISTAS,,,
242003,14_081_001,631,466,466,0,12,454,LISTAS,,,
242005,14_082_001,777,526,525,0,6,519,LISTAS,,,
242007,14_082_002,699,500,500,0,7,493,LISTAS,,,
242009,14_082_003,838,543,543,0,8,535,LISTAS,,,
242011,14_082_004,1018,737,737,0,9,728,LISTAS,,,
242013,14_083_001,581,354,354,0,3,351,LISTAS,,,
242015,14_084_001,1128,895,895,0,3,892,LISTAS,,,
242017,14_084_002,1147,790,790,0,8,782,LISTAS,,,
242019,14_084_003,1149,933,933,0,3,930,LISTAS,,,
242021,14_084_004,1158,846,843,0,7,836,LISTAS,,,
242023,14_084_005,1249,885,885,0,5,880,LISTAS,,,
242025,14_085_001,2325,1947,1944,-3,12,1932,LISTAS,,,
242027,14_085_002,918,496,496,0,2,494,LISTAS,,,
242029,14_085_003,911,628,627,0,6,621,LISTAS,,,
242031,14_085_004,1041,711,708,0,9,699,LISTAS,,,
242033,14_085_005,866,638,638,0,1,637,LISTAS,,,
242035,14_085_006,875,630,630,0,4,626,LISTAS,,,
242037,14_085_007,975,647,647,0,8,639,LISTAS,,,
242039,14_085_008,833,541,541,0,0,541,LISTAS,,,
242041,14_085_009,917,652,652,0,6,646,LISTAS,,,
242043,14_085_010,894,642,640,0,3,637,LISTAS,,,
242045,14_085_011,898,680,682,0,18,664,LISTAS,,,
242047,14_085_012,724,526,525,0,4,521,LISTAS,,,
242049,14_085_013,954,702,702,0,5,697,LISTAS,,,
242051,14_085_014,868,653,653,0,5,648,LISTAS,,,
242053,14_085_015,968,657,656,0,1,655,LISTAS,,,
242055,14_085_016,1045,670,670,0,10,660,LISTAS,,,
242057,14_086_001,485,312,304,0,8,296,LISTAS,,,
242059,14_087_001,1293,899,899,0,4,895,LISTAS,,,
242061,14_087_002,1280,875,874,0,7,867,LISTAS,,,
242063,14_087_003,1334,911,911,0,10,901,LISTAS,,,
242065,14_087_004,1189,893,892,0,2,890,LISTAS,,,
242067,14_087_005,1165,759,759,0,5,754,LISTAS,,,
242069,14_087_006,2605,2138,2137,-1,19,2118,LISTAS,,,
242071,14_087_007,1272,740,740,0,11,729,LISTAS,,,
242073,14_087_008,1146,658,654,0,11,643,LISTAS,,,
242075,14_088_001,655,525,525,0,2,523,LISTAS,,,
242077,14_088_002,794,604,604,0,3,601,LISTAS,,,
242079,14_088_003,765,639,639,0,8,631,LISTAS,,,
242081,14_088_004,883,722,727,0,33,694,LISTAS,,,
242083,14_088_005,938,830,829,0,6,823,LISTAS,,,
242085,14_088_006,959,808,805,0,4,801,LISTAS,,,
242087,14_088_007,1000,844,843,0,7,836,LISTAS,,,
242089,14_089_001,1257,753,751,0,4,747,LISTAS,,,
242091,14_089_002,1086,790,789,0,7,782,LISTAS,,,
242093,14_089_003,1009,708,705,0,10,695,LISTAS,,,
242095,14_089_004,1069,691,672,0,7,665,LISTAS,,,
242097,14_089_005,1099,710,709,0,4,705,LISTAS,,,
242099,14_089_006,1083,775,775,0,9,766,LISTAS,,,
242101,14_089_007,855,557,557,0,3,554,LISTAS,,,
242103,14_089_008,797,552,552,0,2,550,LISTAS,,,
242105,14_089_009,762,516,515,0,3,512,LISTAS,,,
242107,14_089_010,734,473,473,0,6,467,LISTAS,,,
242109,14_089_011,701,436,436,0,6,430,LISTAS,,,
242111,14_089_012,755,548,548,0,3,545,LISTAS,,,
242113,14_089_013,1054,590,590,0,4,586,LISTAS,,,
242115,14_089_014,1041,602,602,0,14,588,LISTAS,,,
242117,14_089_015,740,548,548,0,9,539,LISTAS,,,
242119,14_089_016,814,438,437,0,1,436,LISTAS,,,
242121,14_089_017,962,611,611,0,6,605,LISTAS,,,
242123,14_089_018,861,526,526,0,8,518,LISTAS,,,
242125,14_089_019,823,532,529,0,2,527,LISTAS,,,
242127,14_089_020,972,549,548,0,5,543,LISTAS,,,
242129,14_090_001,974,699,699,0,6,693,LISTAS,,,
242131,14_090_002,1045,784,786,0,6,780,LISTAS,,,
242133,14_090_003,799,643,642,0,4,638,LISTAS,,,
242135,14_090_004,1105,851,851,0,9,842,LISTAS,,,
242137,14_091_001,781,569,569,0,4,565,LISTAS,,,
242139,14_091_002,941,768,767,0,3,764,LISTAS,,,
242141,14_091_003,1260,1015,1015,0,4,1011,LISTAS,,,
242143,14_091_004,1265,1060,1057,0,5,1052,LISTAS,,,
242145,14_092_001,1018,616,615,0,5,610,LISTAS,,,
242147,14_092_002,1056,719,719,0,6,713,LISTAS,,,
242149,14_092_003,977,584,583,0,12,571,LISTAS,,,
242151,14_093_001,820,452,452,0,6,446,LISTAS,,,
242153,14_093_002,725,458,458,0,5,453,LISTAS,,,
242155,14_094_001,814,580,579,0,6,573,LISTAS,,,
242157,14_094_002,916,675,675,0,2,673,LISTAS,,,
242159,14_094_003,854,634,634,0,5,629,LISTAS,,,
242161,14_094_004,1014,696,696,0,2,694,LISTAS,,,
242163,14_094_005,756,520,520,0,0,520,LISTAS,,,
242165,14_094_006,1034,721,721,0,5,716,LISTAS,,,
242167,14_094_007,656,436,436,0,6,430,LISTAS,,,
242169,14_094_008,154,96,97,0,5,92,LISTAS,,,
242171,14_094_009,447,226,227,0,7,220,LISTAS,,,
242173,14_094_010,958,691,691,0,3,688,LISTAS,,,
242175,14_095_001,730,481,481,0,9,472,LISTAS,,,
242177,14_095_002,1055,520,520,0,9,511,LISTAS,,,
242179,14_095_003,956,619,619,0,7,612,LISTAS,,,
242181,14_095_004,980,613,610,0,9,601,LISTAS,,,
242183,14_096_001,856,602,602,0,6,596,LISTAS,,,
242185,14_096_002,1033,757,757,0,5,752,LISTAS,,,
242187,14_096_003,754,516,516,0,3,513,LISTAS,,,
242189,14_096_004,830,635,633,0,6,627,LISTAS,,,
242191,14_096_005,808,609,608,0,4,604,LISTAS,,,
242193,14_096_006,828,619,619,0,8,611,LISTAS,,,
242195,14_096_007,1011,765,764,0,2,762,LISTAS,,,
242197,14_097_001,671,395,395,0,5,390,LISTAS,,,
242199,14_097_002,828,431,431,0,4,427,LISTAS,,,
242201,14_098_001,1179,905,904,0,8,896,LISTAS,,,
242203,14_098_002,1247,992,993,0,11,982,LISTAS,,,
242205,14_098_003,1291,1003,1003,0,19,984,LISTAS,,,
242207,14_098_004,1217,828,824,0,13,811,LISTAS,,,
242209,14_098_005,1136,834,834,0,8,826,LISTAS,,,
242211,14_099_001,1179,886,885,0,7,878,LISTAS,,,
242213,14_100_001,842,616,615,0,5,610,LISTAS,,,
242215,14_100_002,777,617,617,0,6,611,LISTAS,,,
242217,14_101_001,276,200,200,0,2,198,LISTAS,,,
242219,14_102_001,945,750,750,0,6,744,LISTAS,,,
242221,14_102_002,831,672,672,0,8,664,LISTAS,,,
242223,14_102_003,778,581,580,0,4,576,LISTAS,,,
242225,14_102_004,761,577,576,0,5,571,LISTAS,,,
242227,14_102_005,805,492,492,0,4,488,LISTAS,,,
242229,14_102_006,662,469,469,0,3,466,LISTAS,,,
242231,14_102_007,826,570,568,0,1,567,LISTAS,,,
242233,14_102_008,686,491,493,0,13,480,LISTAS,,,
242235,14_102_009,912,741,741,0,2,739,LISTAS,,,
242237,14_102_010,912,759,759,0,6,753,LISTAS,,,
242239,14_102_011,843,611,611,0,5,606,LISTAS,,,
242241,14_102_012,896,680,679,0,7,672,LISTAS,,,
242243,14_102_013,722,539,539,0,4,535,LISTAS,,,
242245,14_102_014,728,525,525,0,1,524,LISTAS,,,
242247,14_102_015,716,537,537,0,3,534,LISTAS,,,
242249,14_102_016,779,535,536,0,10,526,LISTAS,,,
242251,14_103_001,1080,740,729,0,11,718,LISTAS,,,
242253,14_103_002,967,672,669,0,13,656,LISTAS,,,
242255,14_104_001,1148,603,603,0,9,594,LISTAS,,,
242257,14_104_002,1210,837,835,0,7,828,LISTAS,,,
242259,14_104_003,1036,723,723,0,2,721,LISTAS,,,
242261,14_104_004,1123,782,781,0,9,772,LISTAS,,,
242263,14_104_005,1175,734,734,0,7,727,LISTAS,,,
242265,14_104_006,1190,648,647,0,8,639,LISTAS,,,
242267,14_104_007,1157,658,658,0,10,648,LISTAS,,,
242269,14_104_008,681,409,409,0,5,404,LISTAS,,,
242271,14_104_009,669,406,404,0,4,400,LISTAS,,,
242273,14_105_001,1077,860,860,0,12,848,LISTAS,,,
242275,14_105_002,1422,1141,1141,0,3,1138,LISTAS,,,
242277,14_105_003,606,466,466,0,0,466,LISTAS,,,
242279,14_106_001,1194,946,946,0,26,920,LISTAS,,,
242281,14_106_002,1158,682,682,0,5,677,LISTAS,,,
242283,14_106_003,1002,797,796,0,28,768,LISTAS,,,
242285,14_106_004,824,699,698,0,5,693,LISTAS,,,
242287,14_106_005,1134,878,873,0,9,864,LISTAS,,,
242289,14_106_006,920,770,769,0,6,763,LISTAS,,,
242291,14_107_001,1401,1060,1053,0,9,1044,LISTAS,,,
242294,14_108_001,947,719,720,0,8,712,LISTAS,,,
242292,14_108_002,1199,847,847,0,11,836,LISTAS,,,
242297,14_109_001,1154,912,914,0,9,905,LISTAS,,,
242299,14_109_002,1239,997,994,0,15,979,LISTAS,,,
242301,14_109_003,1025,791,790,0,13,777,LISTAS,,,
242303,14_110_001,900,701,701,0,6,695,LISTAS,,,
242305,14_110_002,801,622,622,0,7,615,LISTAS,,,
242307,14_111_001,926,677,676,0,5,671,LISTAS,,,
242309,14_112_001,1425,1074,1078,0,36,1042,LISTAS,,,
242311,14_112_002,1392,945,945,0,9,936,LISTAS,,,
242313,14_112_003,1441,1103,1103,0,13,1090,LISTAS,,,
242315,14_112_004,1419,1070,1070,0,16,1054,LISTAS,,,
242317,14_112_005,1360,998,994,0,5,989,LISTAS,,,
242319,14_112_006,1392,1057,1045,0,17,1028,LISTAS,,,
242321,14_112_007,1403,1103,1101,0,22,1079,LISTAS,,,
242323,14_112_008,1439,1044,1045,0,19,1026,LISTAS,,,
242325,14_113_001,945,722,722,0,8,714,LISTAS,,,
242327,14_113_002,839,679,679,0,2,677,LISTAS,,,
242329,14_113_003,872,578,578,0,4,574,LISTAS,,,
242331,14_113_004,747,423,423,0,6,417,LISTAS,,,
242333,14_113_005,906,686,686,0,5,681,LISTAS,,,
242335,14_113_006,986,786,786,0,5,781,LISTAS,,,
242337,14_113_007,1133,826,826,0,8,818,LISTAS,,,
242339,14_113_008,915,675,673,0,7,666,LISTAS,,,
242341,14_113_009,838,681,683,0,16,667,LISTAS,,,
242343,14_113_010,921,714,713,0,7,706,LISTAS,,,
242345,14_113_011,751,600,600,0,4,596,LISTAS,,,
242347,14_113_012,873,670,669,0,7,662,LISTAS,,,
242349,14_113_013,800,615,614,0,5,609,LISTAS,,,
242351,14_113_014,826,645,645,0,2,643,LISTAS,,,
242353,14_113_015,825,647,644,0,5,639,LISTAS,,,
242355,14_113_016,801,622,621,0,5,616,LISTAS,,,
242357,14_114_001,1154,809,788,0,4,784,LISTAS,,,
242359,14_114_002,1003,753,751,0,9,742,LISTAS,,,
242361,14_115_001,1056,663,640,0,3,637,LISTAS,,,
242363,14_116_001,948,683,682,0,5,677,LISTAS,,,
242365,14_117_001,1077,863,862,0,9,853,LISTAS,,,
242367,14_118_001,574,403,403,0,3,400,LISTAS,,,
242369,14_119_001,919,662,659,0,3,656,LISTAS,,,
242371,14_119_002,1082,694,694,0,5,689,LISTAS,,,
242373,14_119_003,956,669,668,0,10,658,LISTAS,,,
242375,14_119_004,1047,767,767,0,13,754,LISTAS,,,
242377,14_119_005,1011,617,617,0,3,614,LISTAS,,,
242379,14_119_006,1020,589,591,0,19,572,LISTAS,,,
242381,14_119_007,1121,833,833,0,14,819,LISTAS,,,
242383,14_119_008,1255,905,904,0,6,898,LISTAS,,,
242385,14_120_001,1515,1149,1149,0,11,1138,LISTAS,,,
242387,14_121_001,1064,833,831,0,9,822,LISTAS,,,
242389,14_121_002,1141,940,942,0,20,922,LISTAS,,,
242391,14_121_003,1072,890,890,0,5,885,LISTAS,,,
242393,14_121_004,1125,964,958,0,8,950,LISTAS,,,
242395,14_121_005,1121,903,903,0,15,888,LISTAS,,,
242397,14_121_006,968,784,786,0,27,759,LISTAS,,,
242399,14_121_007,1074,876,877,0,13,864,LISTAS,,,
242401,14_121_008,895,678,678,0,9,669,LISTAS,,,
242403,14_122_001,1145,766,765,0,13,752,LISTAS,,,
242405,14_122_002,801,604,604,0,5,599,LISTAS,,,
242407,14_122_003,874,667,667,0,4,663,LISTAS,,,
242409,14_123_001,836,601,602,0,13,589,LISTAS,,,
242411,14_123_002,990,663,664,0,12,652,LISTAS,,,
242413,14_123_003,902,634,634,0,6,628,LISTAS,,,
242415,14_123_004,1051,719,719,0,3,716,LISTAS,,,
242417,14_123_005,842,602,602,0,11,591,LISTAS,,,
242419,14_123_006,951,674,673,0,4,669,LISTAS,,,
242421,14_123_007,1067,697,697,0,7,690,LISTAS,,,
242423,14_124_001,1164,946,944,0,3,941,LISTAS,,,
242425,14_124_002,1341,1036,1035,0,7,1028,LISTAS,,,
242427,14_124_003,1196,932,932,0,6,926,LISTAS,,,
242429,14_124_004,739,581,580,0,9,571,LISTAS,,,
242431,14_125_001,720,500,500,0,6,494,LISTAS,,,
242433,14_125_002,773,514,514,0,5,509,LISTAS,,,
242435,14_125_003,742,532,532,0,1,531,LISTAS,,,
242437,14_125_004,792,554,554,0,2,552,LISTAS,,,
242439,14_125_005,840,588,588,0,10,578,LISTAS,,,
242441,14_125_006,729,514,512,0,4,508,LISTAS,,,
242443,14_125_007,846,598,597,0,7,590,LISTAS,,,
242445,14_125_008,894,565,565,0,5,560,LISTAS,,,
242447,14_125_009,959,652,653,0,10,643,LISTAS,,,
242449,14_125_010,968,800,800,0,5,795,LISTAS,,,
242451,14_125_011,1024,786,786,0,1,785,LISTAS,,,
242453,14_125_012,1122,890,890,0,4,886,LISTAS,,,
242455,14_125_013,811,626,626,0,7,619,LISTAS,,,
242457,14_125_014,808,676,675,0,1,674,LISTAS,,,
242459,14_125_015,1145,862,861,0,6,855,LISTAS,,,
242461,14_125_016,1150,930,930,0,4,926,LISTAS,,,
242463,14_126_001,994,833,833,0,5,828,LISTAS,,,
242465,14_126_002,937,716,716,0,7,709,LISTAS,,,
242467,14_126_003,1047,793,793,0,5,788,LISTAS,,,
242469,14_126_004,1086,749,748,0,6,742,LISTAS,,,
242471,14_126_005,953,757,757,0,7,750,LISTAS,,,
242473,14_126_006,1109,906,906,0,3,903,LISTAS,,,
242475,14_126_007,940,657,657,0,8,649,LISTAS,,,
242477,14_126_008,967,768,767,0,5,762,LISTAS,,,
242479,14_126_009,969,733,733,0,7,726,LISTAS,,,
242481,14_126_010,1076,873,871,0,10,861,LISTAS,,,
242483,14_126_011,1004,852,852,0,5,847,LISTAS,,,
242485,14_126_012,975,803,803,0,6,797,LISTAS,,,
242487,14_126_013,1046,870,870,0,8,862,LISTAS,,,
242489,14_126_014,1034,864,862,0,5,857,LISTAS,,,
242491,14_126_015,1090,852,852,0,12,840,LISTAS,,,
242493,14_126_016,1012,821,821,0,9,812,LISTAS,,,
242495,14_126_017,1140,932,932,0,4,928,LISTAS,,,
242497,14_126_018,4544,4020,4017,-3,36,3981,LISTAS,,,
242499,14_126_019,1298,1012,1010,0,4,1006,LISTAS,,,
242501,14_126_020,1288,1008,1007,0,6,1001,LISTAS,,,
242503,14_127_001,786,485,485,0,4,481,LISTAS,,,
242505,14_127_002,749,426,424,0,5,419,LISTAS,,,
242507,14_128_001,969,574,574,0,7,567,LISTAS,,,
242509,14_128_002,928,605,601,0,3,598,LISTAS,,,
242511,14_128_003,1116,639,638,0,4,634,LISTAS,,,
242513,14_128_004,971,611,609,0,4,605,LISTAS,,,
242515,14_129_001,1113,809,808,0,6,802,LISTAS,,,
242517,14_130_001,1186,814,814,0,7,807,LISTAS,,,
242519,14_130_002,967,688,688,0,9,679,LISTAS,,,
242521,14_131_001,748,506,506,0,5,501,LISTAS,,,
242523,14_131_002,846,546,545,0,10,535,LISTAS,,,
242525,14_131_003,876,603,603,0,6,597,LISTAS,,,
242527,14_131_004,836,557,579,0,99,480,LISTAS,,,
242529,14_131_005,842,567,567,0,4,563,LISTAS,,,
242531,14_131_006,1064,710,710,0,2,708,LISTAS,,,
242533,14_131_007,1006,604,603,0,5,598,LISTAS,,,
242535,14_131_008,759,493,493,0,4,489,LISTAS,,,
242537,14_131_009,889,604,604,0,6,598,LISTAS,,,
242539,14_131_010,966,699,699,0,12,687,LISTAS,,,
242541,14_131_011,790,535,535,0,1,534,LISTAS,,,
242543,14_131_012,900,593,593,0,5,588,LISTAS,,,
242545,14_131_013,906,611,611,0,7,604,LISTAS,,,
242547,14_131_014,975,682,682,0,3,679,LISTAS,,,
242549,14_131_015,972,596,597,0,9,588,LISTAS,,,
242551,14_131_016,1003,721,719,0,7,712,LISTAS,,,
242553,14_132_001,1054,793,793,0,5,788,LISTAS,,,
242555,14_132_002,1225,830,829,0,6,823,LISTAS,,,
242557,14_133_001,898,603,602,0,9,593,LISTAS,,,
242559,14_133_002,1079,787,786,0,7,779,LISTAS,,,
242561,14_134_001,1231,847,848,0,14,834,LISTAS,,,
242563,14_134_002,831,612,612,0,3,609,LISTAS,,,
242565,14_134_003,862,548,548,0,9,539,LISTAS,,,
242567,14_134_004,963,639,639,0,5,634,LISTAS,,,
242569,14_134_005,1008,738,736,0,2,734,LISTAS,,,
242571,14_134_006,3267,2773,2766,-7,16,2750,LISTAS,,,
242573,14_134_007,871,632,630,0,6,624,LISTAS,,,
242575,14_134_008,1033,802,802,0,9,793,LISTAS,,,
242577,14_134_009,1203,869,866,0,6,860,LISTAS,,,
242579,14_134_010,876,568,568,0,5,563,LISTAS,,,
242581,14_134_011,905,574,574,0,7,567,LISTAS,,,
242583,14_134_012,971,687,685,0,6,679,LISTAS,,,
242585,14_134_013,908,712,712,0,3,709,LISTAS,,,
242587,14_134_014,934,695,695,0,2,693,LISTAS,,,
242589,14_134_015,911,591,591,0,2,589,LISTAS,,,
242591,14_134_016,948,725,725,0,6,719,LISTAS,,,
242593,14_134_017,962,722,723,0,19,704,LISTAS,,,
242595,14_134_018,906,631,631,0,8,623,LISTAS,,,
242597,14_134_019,902,656,656,0,4,652,LISTAS,,,
242599,14_134_020,1154,936,936,0,6,930,LISTAS,,,
242601,14_134_021,869,654,654,0,2,652,LISTAS,,,
242603,14_134_022,1102,806,804,0,2,802,LISTAS,,,
242605,14_134_023,1090,685,685,0,6,679,LISTAS,,,
242607,14_134_024,1136,737,734,0,6,728,LISTAS,,,
242609,14_134_025,1070,734,734,0,5,729,LISTAS,,,
242611,14_134_026,1073,741,742,0,11,731,LISTAS,,,
242613,14_134_027,1136,771,770,0,2,768,LISTAS,,,
242615,14_134_028,960,738,738,0,2,736,LISTAS,,,
242617,14_134_029,1058,735,735,0,5,730,LISTAS,,,
242619,14_134_030,1061,779,779,0,4,775,LISTAS,,,
242621,14_135_001,1074,751,752,0,18,734,LISTAS,,,
242623,14_135_002,755,524,524,0,9,515,LISTAS,,,
242625,14_136_001,658,452,452,0,3,449,LISTAS,,,
242627,14_136_002,625,432,432,0,3,429,LISTAS,,,
242629,14_136_003,803,607,606,0,9,597,LISTAS,,,
242632,14_137_001,675,461,463,0,17,446,LISTAS,,,
242630,14_137_002,812,583,582,0,5,577,LISTAS,,,
242635,14_138_001,1251,949,947,0,6,941,LISTAS,,,
242637,14_138_002,1213,881,881,0,9,872,LISTAS,,,
242639,14_139_001,982,780,785,0,33,752,LISTAS,,,
242641,14_139_002,1136,861,861,0,7,854,LISTAS,,,
242643,14_139_003,801,607,607,0,4,603,LISTAS,,,
242645,14_139_004,762,606,606,0,3,603,LISTAS,,,
242647,14_140_001,953,670,667,0,5,662,LISTAS,,,
242649,14_140_002,1164,834,832,0,8,824,LISTAS,,,
242651,14_140_003,1409,1148,1146,0,4,1142,LISTAS,,,
242653,14_140_004,1331,1021,1020,0,4,1016,LISTAS,,,
242655,14_141_001,696,489,489,0,7,482,LISTAS,,,
242657,14_141_002,1080,817,816,0,12,804,LISTAS,,,
242659,14_141_003,789,599,599,0,13,586,LISTAS,,,
242661,14_141_004,975,704,704,0,9,695,LISTAS,,,
242663,14_141_005,945,700,700,0,11,689,LISTAS,,,
242665,14_141_006,794,594,594,0,6,588,LISTAS,,,
242667,14_142_001,787,517,517,0,7,510,LISTAS,,,
242669,14_142_002,671,348,347,0,3,344,LISTAS,,,
242671,14_143_001,953,627,627,0,9,618,LISTAS,,,
242673,14_143_002,919,507,507,0,6,501,LISTAS,,,
242675,14_143_003,880,539,539,0,5,534,LISTAS,,,
242677,14_144_001,859,578,578,0,2,576,LISTAS,,,
242679,14_144_002,904,607,607,0,4,603,LISTAS,,,
242681,14_144_003,1019,510,508,0,4,504,LISTAS,,,
242683,14_145_001,620,328,328,0,7,321,LISTAS,,,
242685,14_145_002,816,486,486,0,8,478,LISTAS,,,
242687,14_145_003,613,361,361,0,4,357,LISTAS,,,
242689,14_145_004,663,364,364,0,3,361,LISTAS,,,
242691,14_146_001,548,309,309,0,6,303,LISTAS,,,
242693,14_146_002,877,592,593,0,12,581,LISTAS,,,
242695,14_146_003,797,512,512,0,4,508,LISTAS,,,
242697,14_147_001,778,464,464,0,9,455,LISTAS,,,
242699,14_147_002,545,260,260,0,5,255,LISTAS,,,
242701,14_147_003,732,458,458,0,4,454,LISTAS,,,
242703,14_147_004,696,517,517,0,10,507,LISTAS,,,
242705,14_147_005,793,585,585,0,5,580,LISTAS,,,
242707,14_147_006,801,572,572,0,5,567,LISTAS,,,
242709,14_147_007,617,391,391,0,9,382,LISTAS,,,
242711,14_148_001,858,500,500,0,4,496,LISTAS,,,
242713,14_148_002,855,493,493,0,8,485,LISTAS,,,
242715,14_148_003,671,368,368,0,7,361,LISTAS,,,
242717,14_148_004,865,436,436,0,2,434,LISTAS,,,
242719,14_148_005,806,484,484,0,5,479,LISTAS,,,
242721,14_148_006,732,457,457,0,4,453,LISTAS,,,
242723,14_149_001,993,715,715,0,6,709,LISTAS,,,
242725,14_149_002,880,625,625,0,3,622,LISTAS,,,
242727,14_149_003,982,714,714,0,6,708,LISTAS,,,
242729,14_149_004,1218,653,653,0,9,644,LISTAS,,,
242731,14_149_005,512,299,299,0,2,297,LISTAS,,,
242733,14_150_001,562,288,288,0,3,285,LISTAS,,,
242735,14_150_002,597,406,406,0,4,402,LISTAS,,,
242737,14_150_003,625,374,374,0,4,370,LISTAS,,,
242739,14_150_004,585,353,353,0,4,349,LISTAS,,,
242741,14_151_001,1334,853,853,0,8,845,LISTAS,,,
242743,14_151_002,971,728,728,0,5,723,LISTAS,,,
242745,14_151_003,1209,882,883,0,12,871,LISTAS,,,
242747,14_151_004,1191,780,780,0,8,772,LISTAS,,,
242749,14_151_005,1083,779,779,0,2,777,LISTAS,,,
242751,14_151_006,1063,796,795,0,5,790,LISTAS,,,
242753,14_151_007,1103,848,848,0,5,843,LISTAS,,,
242755,14_152_001,757,660,661,0,11,650,LISTAS,,,
242757,14_152_002,866,731,729,0,7,722,LISTAS,,,
242759,14_152_003,618,520,520,0,4,516,LISTAS,,,
242761,14_152_004,812,696,695,0,6,689,LISTAS,,,
242763,14_153_001,77,56,56,0,0,56,LISTAS,,,
242765,14_154_001,1409,1003,1004,0,20,984,LISTAS,,,
242767,14_155_001,1070,601,601,0,9,592,LISTAS,,,
242769,14_155_002,934,585,588,0,25,563,LISTAS,,,
242771,14_155_003,1083,639,637,0,6,631,LISTAS,,,
242773,14_156_001,1076,826,824,0,7,817,LISTAS,,,
242775,14_157_001,771,487,487,0,5,482,LISTAS,,,
242777,14_157_002,791,521,521,0,8,513,LISTAS,,,
242779,14_157_003,1086,754,754,0,5,749,LISTAS,,,
242781,14_157_004,1286,861,861,0,11,850,LISTAS,,,
242783,14_157_005,1105,774,773,0,3,770,LISTAS,,,
242785,14_157_006,1124,817,817,0,2,815,LISTAS,,,
242787,14_157_007,1203,861,868,0,47,821,LISTAS,,,
242789,14_157_008,1033,723,724,0,11,713,LISTAS,,,
242791,14_158_001,664,502,501,0,9,492,LISTAS,,,
242793,14_158_002,647,452,448,0,1,447,LISTAS,,,
242795,14_158_003,674,447,447,0,1,446,LISTAS,,,
242797,14_158_004,769,533,533,0,1,532,LISTAS,,,
242799,14_158_005,578,456,456,0,4,452,LISTAS,,,
242801,14_158_006,607,432,433,0,10,423,LISTAS,,,
242803,14_158_007,656,513,512,0,6,506,LISTAS,,,
242805,14_158_008,685,546,545,0,14,531,LISTAS,,,
242807,14_158_009,632,483,482,0,6,476,LISTAS,,,
242809,14_158_010,632,503,531,0,129,402,LISTAS,,,
242811,14_158_011,727,650,651,0,7,644,LISTAS,,,
242813,14_158_012,811,575,575,0,1,574,LISTAS,,,
242815,14_158_013,663,493,496,0,27,469,LISTAS,,,
242817,14_158_014,600,477,477,0,6,471,LISTAS,,,
242819,14_158_015,660,508,501,0,4,497,LISTAS,,,
242821,14_158_016,714,595,593,0,4,589,LISTAS,,,
242823,14_159_001,874,500,500,0,9,491,LISTAS,,,
242825,14_159_002,829,541,541,0,6,535,LISTAS,,,
242827,14_159_003,866,479,479,0,3,476,LISTAS,,,
242829,14_159_004,789,454,454,0,4,450,LISTAS,,,
242831,14_160_001,712,522,522,0,7,515,LISTAS,,,
242833,14_160_002,1029,620,619,0,1,618,LISTAS,,,
242835,14_160_003,948,653,653,0,9,644,LISTAS,,,
242837,14_160_004,668,379,379,0,3,376,LISTAS,,,
242839,14_160_005,722,498,498,0,2,496,LISTAS,,,
242841,14_160_006,674,514,514,0,4,510,LISTAS,,,
242843,14_160_007,610,449,449,0,2,447,LISTAS,,,
242845,14_160_008,770,546,546,0,2,544,LISTAS,,,
242847,14_161_001,688,516,516,0,9,507,LISTAS,,,
242849,14_161_002,746,586,585,0,10,575,LISTAS,,,
242851,14_161_003,786,614,614,0,5,609,LISTAS,,,
242853,14_162_001,699,511,511,0,1,510,LISTAS,,,
242855,14_162_002,736,561,560,0,4,556,LISTAS,,,
242857,14_163_001,673,434,434,0,4,430,LISTAS,,,
242859,14_163_002,741,486,486,0,5,481,LISTAS,,,
242861,14_163_003,713,390,390,0,3,387,LISTAS,,,
242863,14_164_001,1040,730,730,0,8,722,LISTAS,,,
242865,14_164_002,1028,694,694,0,2,692,LISTAS,,,
242867,14_165_001,1196,843,843,0,2,841,LISTAS,,,
242869,14_165_002,1243,830,819,0,7,812,LISTAS,,,
242871,14_165_003,1096,730,730,0,8,722,LISTAS,,,
242873,14_165_004,1016,642,642,0,4,638,LISTAS,,,
242875,14_165_005,1178,775,772,0,2,770,LISTAS,,,
242877,14_165_006,1237,871,870,0,7,863,LISTAS,,,
242879,14_165_007,745,533,533,0,4,529,LISTAS,,,
242881,14_165_008,1219,865,862,0,6,856,LISTAS,,,
242883,14_165_009,740,590,590,0,2,588,LISTAS,,,
242885,14_166_001,947,778,774,0,6,768,LISTAS,,,
242887,14_166_002,1292,1055,1055,0,2,1053,LISTAS,,,
242889,14_166_003,1328,1064,1063,0,6,1057,LISTAS,,,
242891,14_166_004,1346,1078,1079,0,16,1063,LISTAS,,,
242893,14_166_005,1148,971,971,0,4,967,LISTAS,,,
242895,14_167_001,1051,635,635,0,5,630,LISTAS,,,
242897,14_167_002,904,533,530,0,2,528,LISTAS,,,
242899,14_168_001,747,550,550,0,4,546,LISTAS,,,
242901,14_168_002,783,531,531,0,9,522,LISTAS,,,
242903,14_169_001,1124,823,823,0,8,815,LISTAS,,,
242905,14_169_002,1183,868,867,0,10,857,LISTAS,,,
242907,14_169_003,678,511,511,0,6,505,LISTAS,,,
242909,14_169_004,978,720,719,0,7,712,LISTAS,,,
242911,14_169_005,878,693,693,0,2,691,LISTAS,,,
242913,14_169_006,824,630,629,0,8,621,LISTAS,,,
242915,14_169_007,716,539,539,0,5,534,LISTAS,,,
242917,14_169_008,783,618,618,0,2,616,LISTAS,,,
242919,14_169_009,858,673,674,0,5,669,LISTAS,,,
242921,14_169_010,871,716,718,0,8,710,LISTAS,,,
242923,14_169_011,888,587,581,0,5,576,LISTAS,,,
242925,14_169_012,687,523,523,0,3,520,LISTAS,,,
242927,14_169_013,642,449,449,0,4,445,LISTAS,,,
242929,14_169_014,794,616,616,0,9,607,LISTAS,,,
242931,14_169_015,946,662,661,0,5,656,LISTAS,,,
242933,14_169_016,614,401,401,0,2,399,LISTAS,,,
242935,14_169_017,719,483,482,0,6,476,LISTAS,,,
242937,14_169_018,1128,735,734,0,6,728,LISTAS,,,
242939,14_169_019,616,507,507,0,5,502,LISTAS,,,
242941,14_169_020,904,722,722,0,7,715,LISTAS,,,
242943,14_169_021,1102,873,869,0,10,859,LISTAS,,,
242945,14_169_022,630,522,521,0,1,520,LISTAS,,,
242947,14_169_023,2818,2406,2410,4,39,2371,LISTAS,,,
242949,14_169_024,1069,832,832,0,4,828,LISTAS,,,
242951,14_169_025,1031,789,791,0,16,775,LISTAS,,,
242953,14_169_026,734,544,544,0,6,538,LISTAS,,,
242955,14_169_027,790,573,573,0,7,566,LISTAS,,,
242957,14_169_028,824,665,665,0,5,660,LISTAS,,,
242959,14_169_029,1160,791,791,0,6,785,LISTAS,,,
242961,14_169_030,1206,999,1002,0,26,976,LISTAS,,,
242963,14_170_001,1252,973,934,0,16,918,LISTAS,,,
242965,14_171_001,731,480,480,0,7,473,LISTAS,,,
242967,14_172_001,725,536,536,0,0,536,LISTAS,,,
242969,14_172_002,763,558,558,0,3,555,LISTAS,,,
242971,14_173_001,382,297,297,0,1,296,LISTAS,,,
242973,14_174_001,682,495,495,0,8,487,LISTAS,,,
242975,14_174_002,892,659,659,0,5,654,LISTAS,,,
242977,14_175_001,891,604,603,0,10,593,LISTAS,,,
242979,14_175_002,832,626,615,0,9,606,LISTAS,,,
242981,14_176_001,580,394,394,0,3,391,LISTAS,,,
242983,14_176_002,563,344,345,0,10,335,LISTAS,,,
242985,14_177_001,2380,2063,2056,-7,12,2044,LISTAS,,,
242987,14_177_002,537,397,396,0,3,393,LISTAS,,,
242989,14_177_003,592,438,432,0,2,430,LISTAS,,,
242991,14_177_004,579,442,441,0,1,440,LISTAS,,,
242993,14_177_005,641,441,443,0,15,428,LISTAS,,,
242995,14_177_006,664,470,470,0,8,462,LISTAS,,,
242997,14_177_007,676,471,471,0,4,467,LISTAS,,,
242999,14_177_008,590,385,385,0,12,373,LISTAS,,,
243001,14_177_009,621,424,423,0,6,417,LISTAS,,,
243003,14_177_010,618,428,428,0,9,419,LISTAS,,,
243005,14_177_011,611,431,431,0,3,428,LISTAS,,,
243007,14_177_012,701,500,500,0,3,497,LISTAS,,,
243009,14_177_013,728,511,511,0,3,508,LISTAS,,,
243011,14_177_014,761,555,555,0,6,549,LISTAS,,,
243013,14_177_015,807,655,651,0,8,643,LISTAS,,,
243015,14_177_016,618,464,464,0,5,459,LISTAS,,,
243017,14_177_017,666,499,499,0,3,496,LISTAS,,,
243019,14_177_018,621,478,479,0,12,467,LISTAS,,,
243021,14_177_019,710,524,524,0,7,517,LISTAS,,,
243023,14_177_020,710,506,506,0,5,501,LISTAS,,,
243025,14_177_021,784,503,503,0,4,499,LISTAS,,,
243027,14_177_022,1081,774,773,0,12,761,LISTAS,,,
243029,14_177_023,787,531,531,0,4,527,LISTAS,,,
243031,14_177_024,802,548,548,0,1,547,LISTAS,,,
243033,14_178_001,1027,792,792,0,4,788,LISTAS,,,
243035,14_178_002,954,727,727,0,7,720,LISTAS,,,
243037,14_178_003,909,586,587,0,10,577,LISTAS,,,
243039,14_178_004,942,678,676,0,6,670,LISTAS,,,
243041,14_178_005,776,558,558,0,3,555,LISTAS,,,
243043,14_178_006,789,608,608,0,3,605,LISTAS,,,
243045,14_178_007,1017,836,836,0,3,833,LISTAS,,,
243047,14_178_008,1001,817,813,0,2,811,LISTAS,,,
243049,14_178_009,1085,909,907,0,0,907,LISTAS,,,
243051,14_178_010,1072,904,904,0,7,897,LISTAS,,,
243053,14_178_011,865,718,718,0,2,716,LISTAS,,,
243055,14_178_012,871,670,669,0,2,667,LISTAS,,,
243057,14_178_013,789,616,616,0,5,611,LISTAS,,,
243059,14_178_014,1041,795,794,0,7,787,LISTAS,,,
243061,14_178_015,843,609,609,0,2,607,LISTAS,,,
243063,14_178_016,814,592,583,0,0,583,LISTAS,,,
243065,14_179_001,947,755,755,0,5,750,LISTAS,,,
243067,14_179_002,1037,784,787,0,22,765,LISTAS,,,
243069,14_179_003,1008,778,775,0,4,771,LISTAS,,,
243071,14_180_001,1036,652,652,0,8,644,LISTAS,,,
243073,14_181_001,730,564,566,0,20,546,LISTAS,,,
243075,14_181_002,637,457,457,0,6,451,LISTAS,,,
243077,14_182_001,978,788,788,0,6,782,LISTAS,,,
243079,14_183_001,1168,924,924,0,8,916,LISTAS,,,
243081,14_183_002,1224,865,864,0,8,856,LISTAS,,,
243083,14_183_003,880,673,674,0,21,653,LISTAS,,,
243085,14_183_004,982,777,776,0,7,769,LISTAS,,,
243087,14_184_001,926,621,621,0,2,619,LISTAS,,,
243089,14_184_002,1049,683,682,0,6,676,LISTAS,,,
243091,14_185_001,938,572,572,0,5,567,LISTAS,,,
243093,14_185_002,731,486,485,0,7,478,LISTAS,,,
243095,14_186_001,746,649,647,0,6,641,LISTAS,,,
243097,14_187_001,1012,659,657,0,5,652,LISTAS,,,
243099,14_187_002,980,672,672,0,8,664,LISTAS,,,
243101,14_187_003,942,649,649,0,5,644,LISTAS,,,
243103,14_187_004,1019,646,646,0,8,638,LISTAS,,,
243105,15_001_001,186,127,127,0,2,125,LISTAS,,,
243107,15_002_001,680,469,469,0,3,466,LISTAS,,,
243109,15_002_002,93,65,65,0,0,65,LISTAS,,,
243111,15_003_001,754,500,500,0,8,492,LISTAS,,,
243113,15_003_002,967,641,641,0,6,635,LISTAS,,,
243115,15_004_001,624,397,396,0,8,388,LISTAS,,,
243117,15_004_002,536,300,300,0,2,298,LISTAS,,,
243119,15_005_001,140,84,84,0,0,84,LISTAS,,,
243121,15_006_001,877,644,641,0,9,632,LISTAS,,,
243123,15_007_001,852,625,624,0,2,622,LISTAS,,,
243125,15_007_002,730,502,502,0,4,498,LISTAS,,,
243127,15_007_003,768,570,570,0,5,565,LISTAS,,,
243129,15_007_004,824,598,598,0,3,595,LISTAS,,,
243131,15_007_005,756,574,573,0,3,570,LISTAS,,,
243133,15_007_006,544,353,353,0,2,351,LISTAS,,,
243135,15_008_001,1058,728,728,0,6,722,LISTAS,,,
243137,15_009_001,748,502,501,0,2,499,LISTAS,,,
243139,15_009_002,833,572,570,0,4,566,LISTAS,,,
243141,15_009_003,112,72,72,0,0,72,LISTAS,,,
243143,15_010_001,870,665,664,0,7,657,LISTAS,,,
243145,15_010_002,1001,769,768,0,3,765,LISTAS,,,
243147,15_011_001,670,494,494,0,8,486,LISTAS,,,
243149,15_011_002,668,446,446,0,1,445,LISTAS,,,
243151,15_012_001,794,541,541,0,2,539,LISTAS,,,
243153,15_012_002,774,523,523,0,5,518,LISTAS,,,
243155,15_012_003,732,534,535,0,9,526,LISTAS,,,
243157,15_012_004,677,496,496,0,3,493,LISTAS,,,
243159,15_012_005,854,622,621,0,8,613,LISTAS,,,
243161,15_013_001,611,426,425,0,2,423,LISTAS,,,
243163,15_014_001,410,312,312,0,5,307,LISTAS,,,
243165,15_015_001,707,537,537,0,3,534,LISTAS,,,
243167,15_015_002,551,359,359,0,3,356,LISTAS,,,
243169,15_015_003,522,356,355,0,3,352,LISTAS,,,
243171,15_015_004,547,378,378,0,4,374,LISTAS,,,
243173,15_016_001,861,647,645,0,5,640,LISTAS,,,
243175,15_016_002,872,650,650,0,3,647,LISTAS,,,
243177,15_017_001,730,534,534,0,0,534,LISTAS,,,
243179,15_017_002,653,501,501,0,3,498,LISTAS,,,
243181,15_018_001,637,463,463,0,3,460,LISTAS,,,
243183,15_018_002,604,418,418,0,5,413,LISTAS,,,
243185,15_019_001,358,263,263,0,1,262,LISTAS,,,
243187,15_020_001,975,603,593,0,5,588,LISTAS,,,
243189,15_020_002,866,605,605,0,4,601,LISTAS,,,
243191,15_020_003,1992,1724,1716,-8,14,1702,LISTAS,,,
243193,15_020_004,1111,588,588,0,10,578,LISTAS,,,
243195,15_020_005,992,580,580,0,6,574,LISTAS,,,
243197,15_020_006,1096,793,795,0,24,771,LISTAS,,,
243199,15_020_007,1050,661,661,0,9,652,LISTAS,,,
243201,15_020_008,1076,705,703,0,9,694,LISTAS,,,
243203,15_020_009,494,311,311,0,1,310,LISTAS,,,
243205,15_020_010,236,148,146,0,2,144,LISTAS,,,
243207,15_021_001,615,429,429,0,7,422,LISTAS,,,
243209,15_022_001,615,330,330,0,4,326,LISTAS,,,
243211,15_023_001,472,279,279,0,3,276,LISTAS,,,
243213,15_024_001,884,605,603,0,10,593,LISTAS,,,
243215,15_025_001,302,156,156,0,0,156,LISTAS,,,
243217,15_026_001,404,267,267,0,2,265,LISTAS,,,
243219,15_027_001,835,567,567,0,5,562,LISTAS,,,
243221,15_027_002,1007,603,603,0,5,598,LISTAS,,,
243223,15_028_001,278,192,192,0,4,188,LISTAS,,,
243225,15_029_001,280,199,199,0,2,197,LISTAS,,,
243227,15_030_001,321,236,236,0,3,233,LISTAS,,,
243229,15_031_001,551,295,295,0,2,293,LISTAS,,,
243231,15_032_001,201,126,126,0,4,122,LISTAS,,,
243233,15_033_001,881,534,534,0,4,530,LISTAS,,,
243235,15_033_002,857,505,505,0,4,501,LISTAS,,,
243237,15_034_001,392,231,231,0,5,226,LISTAS,,,
243239,15_035_001,597,399,399,0,3,396,LISTAS,,,
243241,15_035_002,377,261,261,0,7,254,LISTAS,,,
243243,15_036_001,190,118,117,0,1,116,LISTAS,,,
243245,15_037_001,193,97,97,0,4,93,LISTAS,,,
243247,15_038_001,167,133,133,0,1,132,LISTAS,,,
243249,15_039_001,573,375,375,0,2,373,LISTAS,,,
243251,15_039_002,582,334,334,0,1,333,LISTAS,,,
243253,15_040_001,337,234,234,0,2,232,LISTAS,,,
243255,15_041_001,219,156,150,0,2,148,LISTAS,,,
243257,15_042_001,733,460,460,0,6,454,LISTAS,,,
243259,15_043_001,207,151,151,0,1,150,LISTAS,,,
243261,15_044_001,559,373,373,0,4,369,LISTAS,,,
243263,15_044_002,687,423,423,0,4,419,LISTAS,,,
243265,15_044_003,714,481,481,0,13,468,LISTAS,,,
243267,15_044_004,806,556,556,0,4,552,LISTAS,,,
243269,15_044_005,559,375,375,0,5,370,LISTAS,,,
243271,15_044_006,547,348,347,0,3,344,LISTAS,,,
243273,15_045_001,119,79,78,0,1,77,LISTAS,,,
243275,15_046_001,691,416,416,0,11,405,LISTAS,,,
243277,15_047_001,111,77,77,0,1,76,LISTAS,,,
243279,15_048_001,179,109,111,0,10,101,LISTAS,,,
243281,15_049_001,154,108,108,0,3,105,LISTAS,,,
243283,15_050_001,139,90,90,0,2,88,LISTAS,,,
243285,15_051_001,271,162,162,0,1,161,LISTAS,,,
243287,15_052_001,93,64,64,0,1,63,LISTAS,,,
243289,15_053_001,243,148,148,0,1,147,LISTAS,,,
243291,15_054_001,941,655,655,0,5,650,LISTAS,,,
243293,15_054_002,1025,755,755,0,7,748,LISTAS,,,
243295,15_054_003,1057,779,779,0,2,777,LISTAS,,,
243297,15_054_004,1036,734,734,0,2,732,LISTAS,,,
243299,15_055_001,64,44,44,0,0,44,LISTAS,,,
243301,15_056_001,68,40,40,0,0,40,LISTAS,,,
243303,15_057_001,244,139,138,0,2,136,LISTAS,,,
243305,15_058_001,451,257,257,0,0,257,LISTAS,,,
243307,15_058_002,97,65,65,0,0,65,LISTAS,,,
243309,15_059_001,175,113,113,0,0,113,LISTAS,,,
243311,15_060_001,272,157,157,0,2,155,LISTAS,,,
243313,15_061_001,574,359,359,0,1,358,LISTAS,,,
243315,15_061_002,80,43,44,0,3,41,LISTAS,,,
243317,15_062_001,378,244,244,0,0,244,LISTAS,,,
243319,15_062_002,454,223,223,0,5,218,LISTAS,,,
243321,15_063_001,775,540,540,0,4,536,LISTAS,,,
243323,15_064_001,227,162,162,0,1,161,LISTAS,,,
243325,15_065_001,161,105,105,0,0,105,LISTAS,,,
243327,15_066_001,280,182,181,0,4,177,LISTAS,,,
243329,15_067_001,533,340,340,0,5,335,LISTAS,,,
243331,15_068_001,296,163,163,0,6,157,LISTAS,,,
243333,15_069_001,257,181,181,0,1,180,LISTAS,,,
243335,15_070_001,205,123,122,0,1,121,LISTAS,,,
243337,15_071_001,892,649,649,0,13,636,LISTAS,,,
243339,15_072_001,189,131,131,0,0,131,LISTAS,,,
243341,15_073_001,812,443,443,0,5,438,LISTAS,,,
243343,15_074_001,40,27,27,0,1,26,LISTAS,,,
243345,15_075_001,1028,730,733,0,14,719,LISTAS,,,
243347,15_076_001,360,207,207,0,2,205,LISTAS,,,
243349,15_077_001,966,545,545,0,7,538,LISTAS,,,
243351,15_078_001,896,476,476,0,4,472,LISTAS,,,
243353,15_079_001,361,186,185,0,2,183,LISTAS,,,
243355,15_080_001,474,287,287,0,3,284,LISTAS,,,
243357,15_081_001,961,700,700,0,6,694,LISTAS,,,
243359,15_082_001,669,389,380,0,4,376,LISTAS,,,
243361,15_082_002,606,360,360,0,8,352,LISTAS,,,
243363,15_082_003,660,385,385,0,9,376,LISTAS,,,
243365,15_083_001,496,318,318,0,3,315,LISTAS,,,
243367,15_084_001,665,451,451,0,5,446,LISTAS,,,
243369,15_084_002,597,389,389,0,3,386,LISTAS,,,
243371,15_085_001,78,61,58,0,0,58,LISTAS,,,
243373,15_086_001,361,203,203,0,6,197,LISTAS,,,
243375,15_087_001,229,131,131,0,4,127,LISTAS,,,
243377,15_088_001,682,489,489,0,4,485,LISTAS,,,
243379,15_088_002,614,436,436,0,6,430,LISTAS,,,
243381,15_088_003,611,471,470,0,12,458,LISTAS,,,
243383,15_089_001,795,543,543,0,11,532,LISTAS,,,
243385,15_090_001,564,422,424,0,12,412,LISTAS,,,
243387,15_091_001,848,547,547,0,14,533,LISTAS,,,
243389,15_091_002,801,573,573,0,4,569,LISTAS,,,
243391,15_091_003,871,560,560,0,5,555,LISTAS,,,
243393,15_091_004,775,498,498,0,4,494,LISTAS,,,
243395,15_091_005,878,596,596,0,6,590,LISTAS,,,
243397,15_091_006,969,734,731,0,8,723,LISTAS,,,
243399,15_091_007,797,584,582,0,5,577,LISTAS,,,
243401,15_091_008,878,551,551,0,9,542,LISTAS,,,
243403,15_091_009,700,445,445,0,4,441,LISTAS,,,
243405,15_091_010,633,420,420,0,5,415,LISTAS,,,
243407,15_091_011,649,463,463,0,3,460,LISTAS,,,
243409,15_091_012,873,604,603,0,9,594,LISTAS,,,
243411,15_091_013,852,510,509,0,12,497,LISTAS,,,
243413,15_091_014,745,521,520,0,8,512,LISTAS,,,
243415,15_091_015,852,639,639,0,2,637,LISTAS,,,
243417,15_091_016,833,607,607,0,14,593,LISTAS,,,
243419,15_091_017,942,729,721,0,5,716,LISTAS,,,
243421,15_091_018,847,628,628,0,5,623,LISTAS,,,
243423,15_091_019,613,389,389,0,3,386,LISTAS,,,
243425,15_091_020,643,411,412,0,9,403,LISTAS,,,
243427,15_091_021,937,682,680,0,4,676,LISTAS,,,
243429,15_091_022,1004,709,708,0,8,700,LISTAS,,,
243431,15_091_023,1085,844,842,0,6,836,LISTAS,,,
243433,15_091_024,940,576,576,0,6,570,LISTAS,,,
243435,15_091_025,912,636,636,0,8,628,LISTAS,,,
243437,15_091_026,702,519,519,0,2,517,LISTAS,,,
243439,15_091_027,683,428,428,0,3,425,LISTAS,,,
243441,15_091_028,640,420,418,0,1,417,LISTAS,,,
243443,15_091_029,714,434,433,0,3,430,LISTAS,,,
243445,15_091_030,999,661,660,0,8,652,LISTAS,,,
243447,15_091_031,895,586,586,0,5,581,LISTAS,,,
243449,15_091_032,763,473,472,0,4,468,LISTAS,,,
243451,15_091_033,812,544,544,0,6,538,LISTAS,,,
243453,15_091_034,695,512,511,0,2,509,LISTAS,,,
243455,15_091_035,688,533,533,0,5,528,LISTAS,,,
243457,15_091_036,688,306,306,0,4,302,LISTAS,,,
243459,15_091_037,2847,2423,2423,0,20,2403,LISTAS,,,
243461,15_091_038,839,591,590,0,10,580,LISTAS,,,
243463,15_091_039,1010,663,661,0,7,654,LISTAS,,,
243465,15_091_040,816,643,642,0,9,633,LISTAS,,,
243467,15_091_041,840,679,677,0,6,671,LISTAS,,,
243469,15_091_042,720,576,576,0,5,571,LISTAS,,,
243471,15_091_043,828,654,654,0,11,643,LISTAS,,,
243473,15_091_044,752,542,542,0,5,537,LISTAS,,,
243475,15_091_045,696,508,508,0,0,508,LISTAS,,,
243477,15_091_046,757,570,569,0,2,567,LISTAS,,,
243479,15_091_047,715,555,553,0,9,544,LISTAS,,,
243481,15_091_048,690,531,531,0,4,527,LISTAS,,,
243483,15_091_049,693,514,514,0,8,506,LISTAS,,,
243485,15_091_050,757,536,535,0,7,528,LISTAS,,,
243487,15_091_051,766,433,432,0,2,430,LISTAS,,,
243489,15_091_052,1135,816,816,0,16,800,LISTAS,,,
243491,15_091_053,742,531,531,0,7,524,LISTAS,,,
243493,15_091_054,1015,550,550,0,4,546,LISTAS,,,
243495,15_091_055,907,409,409,0,9,400,LISTAS,,,
243497,15_091_056,714,531,531,0,4,527,LISTAS,,,
243499,15_091_057,1079,796,795,0,4,791,LISTAS,,,
243501,15_091_058,861,566,566,0,1,565,LISTAS,,,
243503,15_091_059,972,767,767,0,7,760,LISTAS,,,
243505,15_092_001,517,362,362,0,1,361,LISTAS,,,
243507,15_092_002,596,397,397,0,5,392,LISTAS,,,
243509,15_093_001,156,91,91,0,2,89,LISTAS,,,
243511,15_094_001,76,51,51,0,0,51,LISTAS,,,
243514,15_095_001,216,160,160,0,1,159,LISTAS,,,
243512,15_096_001,413,261,261,0,4,257,LISTAS,,,
243517,15_097_001,352,209,209,0,3,206,LISTAS,,,
243519,15_098_001,41,32,32,0,0,32,LISTAS,,,
243521,15_099_001,273,184,184,0,1,183,LISTAS,,,
243523,15_100_001,273,156,156,0,2,154,LISTAS,,,
243525,15_101_001,424,295,295,0,3,292,LISTAS,,,
243527,15_102_001,563,348,348,0,6,342,LISTAS,,,
243529,15_102_002,493,350,349,0,2,347,LISTAS,,,
243531,15_102_003,573,387,387,0,5,382,LISTAS,,,
243533,15_103_001,132,66,66,0,2,64,LISTAS,,,
243535,15_104_001,278,171,170,0,2,168,LISTAS,,,
243538,15_105_001,296,196,196,0,4,192,LISTAS,,,
243536,15_106_001,126,80,80,0,1,79,LISTAS,,,
243541,15_107_001,174,109,109,0,0,109,LISTAS,,,
243543,15_108_001,716,453,453,0,4,449,LISTAS,,,
243545,15_109_001,146,103,103,0,0,103,LISTAS,,,
243547,15_110_001,395,265,265,0,1,264,LISTAS,,,
243549,15_111_001,260,109,109,0,2,107,LISTAS,,,
243551,15_111_002,124,70,70,0,4,66,LISTAS,,,
243553,15_112_001,1154,768,768,0,4,764,LISTAS,,,
243555,15_113_001,500,316,316,0,5,311,LISTAS,,,
243557,15_113_002,534,289,290,0,8,282,LISTAS,,,
243559,15_114_001,472,247,247,0,2,245,LISTAS,,,
243561,15_115_001,412,215,215,0,4,211,LISTAS,,,
243563,15_116_001,760,452,452,0,8,444,LISTAS,,,
243565,15_116_002,680,461,459,0,8,451,LISTAS,,,
243567,15_117_001,528,385,385,0,6,379,LISTAS,,,
243569,15_117_002,600,397,397,0,7,390,LISTAS,,,
243571,15_118_001,750,530,530,0,0,530,LISTAS,,,
243573,15_118_002,705,452,452,0,3,449,LISTAS,,,
243575,15_118_003,823,493,493,0,6,487,LISTAS,,,
243577,15_119_001,28,24,24,0,0,24,LISTAS,,,
243579,15_120_001,172,126,127,0,7,120,LISTAS,,,
243581,15_121_001,503,336,336,0,4,332,LISTAS,,,
243583,15_121_002,149,110,110,0,0,110,LISTAS,,,
243585,15_122_001,471,321,321,0,2,319,LISTAS,,,
243587,15_123_001,979,635,634,0,4,630,LISTAS,,,
243589,15_123_002,2249,2054,2050,-4,8,2042,LISTAS,,,
243591,15_123_003,941,669,669,0,8,661,LISTAS,,,
243593,15_123_004,1134,725,725,0,5,720,LISTAS,,,
243595,15_123_005,1083,773,771,0,4,767,LISTAS,,,
243597,15_123_006,1086,800,799,0,4,795,LISTAS,,,
243599,15_123_007,1082,709,709,0,5,704,LISTAS,,,
243601,15_123_008,751,512,513,0,8,505,LISTAS,,,
243603,15_123_009,1087,694,694,0,6,688,LISTAS,,,
243605,15_123_010,378,255,255,0,5,250,LISTAS,,,
243607,15_123_011,63,43,43,0,0,43,LISTAS,,,
243609,15_123_012,267,162,162,0,1,161,LISTAS,,,
243611,15_124_001,528,366,366,0,1,365,LISTAS,,,
243613,15_124_002,447,287,287,0,2,285,LISTAS,,,
243615,15_124_003,95,62,62,0,0,62,LISTAS,,,
243617,15_125_001,608,355,355,0,4,351,LISTAS,,,
243619,15_125_002,389,272,272,0,1,271,LISTAS,,,
243621,15_126_001,922,530,530,0,1,529,LISTAS,,,
243623,15_127_001,450,232,232,0,6,226,LISTAS,,,
243625,15_128_001,146,108,108,0,1,107,LISTAS,,,
243627,15_129_001,696,427,427,0,3,424,LISTAS,,,
243629,15_130_001,205,124,124,0,0,124,LISTAS,,,
243631,15_130_002,985,692,691,0,9,682,LISTAS,,,
243633,15_130_003,1006,687,687,0,4,683,LISTAS,,,
243635,15_130_004,1004,597,590,0,10,580,LISTAS,,,
243637,15_130_005,1024,771,771,0,6,765,LISTAS,,,
243639,15_130_006,1033,749,747,0,7,740,LISTAS,,,
243641,15_130_007,1125,792,791,0,9,782,LISTAS,,,
243643,15_130_008,1029,739,738,0,6,732,LISTAS,,,
243645,15_130_009,861,575,573,0,7,566,LISTAS,,,
243647,15_131_001,830,516,516,0,9,507,LISTAS,,,
243649,15_131_002,796,478,478,0,2,476,LISTAS,,,
243651,15_131_003,810,431,431,0,10,421,LISTAS,,,
243653,15_132_001,1089,699,698,0,8,690,LISTAS,,,
243655,15_133_001,1108,706,706,0,10,696,LISTAS,,,
243657,15_134_001,268,212,212,0,4,208,LISTAS,,,
243659,15_135_001,375,242,242,0,1,241,LISTAS,,,
243661,15_136_001,289,166,166,0,3,163,LISTAS,,,
243663,15_137_001,446,268,268,0,4,264,LISTAS,,,
243665,15_138_001,483,330,329,0,4,325,LISTAS,,,
243667,15_139_001,70,35,35,0,0,35,LISTAS,,,
243669,15_140_001,452,297,297,0,1,296,LISTAS,,,
243671,15_141_001,479,323,323,0,5,318,LISTAS,,,
243673,15_142_001,262,169,169,0,4,165,LISTAS,,,
243675,15_143_001,448,323,320,0,6,314,LISTAS,,,
243677,15_144_001,637,440,440,0,6,434,LISTAS,,,
243679,15_145_001,554,337,337,0,4,333,LISTAS,,,
243681,15_146_001,560,313,313,0,4,309,LISTAS,,,
243683,15_146_002,587,393,392,0,2,390,LISTAS,,,
243685,15_147_001,625,386,386,0,0,386,LISTAS,,,
243687,15_148_001,88,48,48,0,0,48,LISTAS,,,
243689,15_148_002,265,192,192,0,2,190,LISTAS,,,
243691,15_149_001,186,118,118,0,2,116,LISTAS,,,
243693,15_150_001,222,169,169,0,2,167,LISTAS,,,
243695,15_151_001,50,38,39,0,4,35,LISTAS,,,
243697,15_152_001,204,123,123,0,4,119,LISTAS,,,
243699,15_153_001,228,147,147,0,4,143,LISTAS,,,
243701,15_154_001,126,91,91,0,2,89,LISTAS,,,
243703,15_155_001,394,248,248,0,3,245,LISTAS,,,
243705,15_156_001,175,105,105,0,2,103,LISTAS,,,
243707,15_157_001,154,125,125,0,1,124,LISTAS,,,
243709,15_158_001,208,157,157,0,2,155,LISTAS,,,
243711,15_159_001,63,40,40,0,0,40,LISTAS,,,
243713,15_160_001,148,97,97,0,7,90,LISTAS,,,
243715,15_161_001,475,328,328,0,1,327,LISTAS,,,
243717,15_161_002,117,82,84,0,6,78,LISTAS,,,
243719,15_162_001,318,223,223,0,3,220,LISTAS,,,
243721,15_163_001,359,280,280,0,1,279,LISTAS,,,
243723,15_164_001,136,87,87,0,3,84,LISTAS,,,
243725,15_165_001,121,81,81,0,0,81,LISTAS,,,
243727,15_166_001,275,161,160,0,2,158,LISTAS,,,
243729,15_167_001,221,133,133,0,0,133,LISTAS,,,
243731,15_168_001,28,21,21,0,1,20,LISTAS,,,
243733,15_169_001,795,546,546,0,6,540,LISTAS,,,
243735,15_169_002,763,510,510,0,5,505,LISTAS,,,
243737,15_170_001,412,299,299,0,3,296,LISTAS,,,
243739,15_171_001,327,218,218,0,4,214,LISTAS,,,
243741,15_172_001,844,410,410,0,8,402,LISTAS,,,
243743,15_172_002,979,532,531,0,2,529,LISTAS,,,
243745,15_173_001,111,83,83,0,1,82,LISTAS,,,
243747,15_174_001,289,199,199,0,7,192,LISTAS,,,
243749,15_175_001,284,211,211,0,0,211,LISTAS,,,
243751,15_175_002,716,537,536,0,2,534,LISTAS,,,
243753,15_175_003,528,376,375,0,0,375,LISTAS,,,
243755,15_175_004,444,260,261,0,10,251,LISTAS,,,
243757,15_175_005,1193,855,854,0,3,851,LISTAS,,,
243759,15_175_006,840,676,676,0,1,675,LISTAS,,,
243761,15_175_007,867,602,603,0,10,593,LISTAS,,,
243763,15_175_008,811,607,607,0,2,605,LISTAS,,,
243765,15_175_009,917,701,701,0,5,696,LISTAS,,,
243767,15_175_010,1063,781,778,0,8,770,LISTAS,,,
243769,15_175_011,3031,2713,2705,-8,28,2677,LISTAS,,,
243771,15_175_012,533,390,390,0,3,387,LISTAS,,,
243773,15_175_013,826,547,547,0,2,545,LISTAS,,,
243775,15_175_014,716,512,512,0,7,505,LISTAS,,,
243777,15_175_015,740,551,551,0,2,549,LISTAS,,,
243779,15_175_016,787,572,573,0,12,561,LISTAS,,,
243781,15_175_017,1119,713,712,0,6,706,LISTAS,,,
243783,15_175_018,1023,723,722,0,5,717,LISTAS,,,
243785,15_175_019,1153,756,756,0,5,751,LISTAS,,,
243787,15_175_020,1299,949,949,0,12,937,LISTAS,,,
243789,15_175_021,1310,958,958,0,5,953,LISTAS,,,
243791,15_175_022,289,220,220,0,3,217,LISTAS,,,
243793,15_175_023,658,467,467,0,3,464,LISTAS,,,
243795,15_175_024,801,612,612,0,4,608,LISTAS,,,
243797,15_176_001,519,362,362,0,0,362,LISTAS,,,
243799,15_177_001,559,386,386,0,4,382,LISTAS,,,
243801,15_178_001,320,215,215,0,3,212,LISTAS,,,
243803,15_179_001,110,63,63,0,1,62,LISTAS,,,
243805,15_180_001,103,76,76,0,0,76,LISTAS,,,
243807,15_181_001,465,314,312,0,7,305,LISTAS,,,
243809,15_181_002,122,83,83,0,2,81,LISTAS,,,
243811,15_182_001,388,281,281,0,5,276,LISTAS,,,
243813,15_183_001,74,54,54,0,0,54,LISTAS,,,
243815,15_184_001,108,71,71,0,0,71,LISTAS,,,
243817,15_185_001,106,77,77,0,1,76,LISTAS,,,
243819,15_186_001,141,85,84,0,0,84,LISTAS,,,
243821,15_187_001,374,237,237,0,2,235,LISTAS,,,
243823,15_188_001,323,184,184,0,0,184,LISTAS,,,
243825,15_189_001,521,346,346,0,4,342,LISTAS,,,
243827,15_189_002,683,435,435,0,6,429,LISTAS,,,
243829,15_190_001,371,219,219,0,3,216,LISTAS,,,
243831,15_191_001,482,307,308,0,10,298,LISTAS,,,
243833,15_192_001,997,582,576,0,8,568,LISTAS,,,
243835,15_193_001,37,28,28,0,0,28,LISTAS,,,
243837,15_194_001,471,314,314,0,12,302,LISTAS,,,
243839,15_195_001,518,331,331,0,2,329,LISTAS,,,
243841,15_196_001,532,360,360,0,3,357,LISTAS,,,
243843,15_196_002,674,443,443,0,3,440,LISTAS,,,
243845,15_197_001,360,241,241,0,1,240,LISTAS,,,
243847,15_198_001,421,292,292,0,2,290,LISTAS,,,
243849,15_198_002,405,279,278,0,3,275,LISTAS,,,
243851,15_199_001,561,340,338,0,5,333,LISTAS,,,
243853,15_200_001,719,521,521,0,11,510,LISTAS,,,
243855,15_200_002,448,289,289,0,1,288,LISTAS,,,
243857,15_200_003,106,61,61,0,1,60,LISTAS,,,
243859,15_201_001,240,128,128,0,3,125,LISTAS,,,
243861,15_201_002,165,113,113,0,1,112,LISTAS,,,
243863,15_202_001,223,146,147,0,6,141,LISTAS,,,
243865,15_203_001,421,289,289,0,2,287,LISTAS,,,
243867,15_204_001,538,403,403,0,3,400,LISTAS,,,
243869,15_205_001,150,111,110,0,3,107,LISTAS,,,
243871,15_206_001,573,406,406,0,5,401,LISTAS,,,
243873,15_207_001,297,204,203,0,3,200,LISTAS,,,
243875,15_208_001,242,182,182,0,6,176,LISTAS,,,
243877,15_209_001,86,45,45,0,3,42,LISTAS,,,
243879,15_210_001,379,240,240,0,0,240,LISTAS,,,
243881,15_211_001,216,120,120,0,3,117,LISTAS,,,
243883,15_212_001,150,106,106,0,0,106,LISTAS,,,
243885,15_213_001,76,57,57,0,0,57,LISTAS,,,
243887,15_214_001,446,323,323,0,4,319,LISTAS,,,
243889,15_215_001,184,144,144,0,3,141,LISTAS,,,
243891,15_216_001,461,334,334,0,1,333,LISTAS,,,
243893,15_216_002,530,360,360,0,5,355,LISTAS,,,
243895,15_217_001,472,336,337,0,18,319,LISTAS,,,
243897,15_218_001,645,407,407,0,3,404,LISTAS,,,
243899,15_218_002,652,419,417,0,2,415,LISTAS,,,
243901,15_218_003,635,398,398,0,2,396,LISTAS,,,
243903,15_218_004,689,486,485,0,3,482,LISTAS,,,
243905,15_218_005,705,496,496,0,4,492,LISTAS,,,
243907,15_219_001,419,261,261,0,3,258,LISTAS,,,
243909,15_220_001,447,293,293,0,4,289,LISTAS,,,
243911,15_220_002,457,255,255,0,5,250,LISTAS,,,
243913,15_221_001,721,531,531,0,4,527,LISTAS,,,
243915,15_221_002,764,510,509,0,4,505,LISTAS,,,
243917,15_222_001,280,216,216,0,3,213,LISTAS,,,
243919,15_223_001,151,106,106,0,0,106,LISTAS,,,
243921,15_224_001,335,206,206,0,0,206,LISTAS,,,
243923,15_225_001,101,58,58,0,2,56,LISTAS,,,
243925,15_226_001,187,123,123,0,1,122,LISTAS,,,
243927,15_227_001,176,113,113,0,6,107,LISTAS,,,
243929,15_228_001,319,204,204,0,3,201,LISTAS,,,
243931,15_229_001,71,40,40,0,1,39,LISTAS,,,
243933,15_229_002,96,65,65,0,0,65,LISTAS,,,
243935,15_230_001,104,72,72,0,0,72,LISTAS,,,
243937,15_231_001,351,271,263,0,2,261,LISTAS,,,
243939,15_232_001,571,325,325,0,3,322,LISTAS,,,
243941,15_233_001,168,106,106,0,3,103,LISTAS,,,
243943,15_234_001,140,103,103,0,1,102,LISTAS,,,
243945,15_235_001,417,250,240,0,4,236,LISTAS,,,
243947,15_236_001,339,258,258,0,1,257,LISTAS,,,
243949,15_237_001,192,137,137,0,3,134,LISTAS,,,
243951,15_238_001,891,642,641,0,4,637,LISTAS,,,
243953,15_238_002,1155,863,863,0,7,856,LISTAS,,,
243955,15_239_001,394,274,264,0,1,263,LISTAS,,,
243957,15_239_002,485,334,334,0,4,330,LISTAS,,,
243959,15_240_001,260,170,170,0,4,166,LISTAS,,,
243961,15_241_001,410,278,278,0,4,274,LISTAS,,,
243963,15_242_001,200,139,139,0,2,137,LISTAS,,,
243965,15_243_001,341,250,243,0,10,233,LISTAS,,,
243967,15_244_001,336,250,250,0,2,248,LISTAS,,,
243969,15_245_001,410,253,253,0,3,250,LISTAS,,,
243971,15_246_001,1093,821,825,0,30,795,LISTAS,,,
243973,16_001_001,950,681,681,0,10,671,LISTAS,,,
243975,16_001_002,843,623,623,0,11,612,LISTAS,,,
243977,16_001_003,1090,750,749,0,5,744,LISTAS,,,
243979,16_002_001,781,527,527,0,5,522,LISTAS,,,
243981,16_002_002,753,413,413,0,2,411,LISTAS,,,
243983,16_003_001,589,369,369,0,3,366,LISTAS,,,
243985,16_003_002,602,339,339,0,1,338,LISTAS,,,
243987,16_003_003,626,365,365,0,6,359,LISTAS,,,
243989,16_004_001,716,478,478,0,5,473,LISTAS,,,
243991,16_004_002,761,496,496,0,3,493,LISTAS,,,
243993,16_005_001,719,601,601,0,5,596,LISTAS,,,
243995,16_005_002,840,695,694,0,5,689,LISTAS,,,
243997,16_005_003,1108,968,968,0,6,962,LISTAS,,,
243999,16_006_001,780,508,508,0,4,504,LISTAS,,,
244001,16_006_002,937,577,577,0,7,570,LISTAS,,,
244003,16_006_003,1079,671,671,0,4,667,LISTAS,,,
244005,16_006_004,320,177,177,0,0,177,LISTAS,,,
244007,16_006_005,601,319,319,0,4,315,LISTAS,,,
244009,16_006_006,997,555,555,0,6,549,LISTAS,,,
244011,16_007_001,563,376,376,0,4,372,LISTAS,,,
244013,16_008_001,727,427,427,0,15,412,LISTAS,,,
244015,16_009_001,528,356,356,0,4,352,LISTAS,,,
244017,16_010_001,363,245,245,0,5,240,LISTAS,,,
244019,16_011_001,721,425,425,0,8,417,LISTAS,,,
244021,16_012_001,639,372,371,0,12,359,LISTAS,,,
244024,16_013_001,596,436,436,0,3,433,LISTAS,,,
244022,16_014_001,551,354,354,0,10,344,LISTAS,,,
244027,16_015_001,760,402,402,0,2,400,LISTAS,,,
244029,16_016_001,1087,671,671,0,9,662,LISTAS,,,
244031,16_017_001,623,345,345,0,3,342,LISTAS,,,
244033,16_018_001,572,363,363,0,4,359,LISTAS,,,
244035,16_018_002,589,353,353,0,7,346,LISTAS,,,
244037,16_018_003,611,358,357,0,8,349,LISTAS,,,
244039,16_018_004,601,313,313,0,1,312,LISTAS,,,
244041,16_019_001,606,412,410,0,3,407,LISTAS,,,
244043,16_019_002,581,341,341,0,5,336,LISTAS,,,
244045,16_019_003,581,318,318,0,4,314,LISTAS,,,
244047,16_020_001,522,362,362,0,3,359,LISTAS,,,
244049,16_021_001,432,274,274,0,1,273,LISTAS,,,
244051,16_022_001,466,305,305,0,6,299,LISTAS,,,
244053,16_023_001,279,175,175,0,3,172,LISTAS,,,
244055,16_024_001,549,388,388,0,8,380,LISTAS,,,
244057,16_025_001,710,422,422,0,3,419,LISTAS,,,
244059,16_025_002,772,509,509,0,2,507,LISTAS,,,
244061,16_025_003,894,553,553,0,9,544,LISTAS,,,
244063,16_025_004,703,459,459,0,5,454,LISTAS,,,
244065,16_025_005,785,509,509,0,2,507,LISTAS,,,
244067,16_026_001,645,385,385,0,4,381,LISTAS,,,
244069,16_027_001,610,360,360,0,7,353,LISTAS,,,
244071,16_028_001,114,62,62,0,0,62,LISTAS,,,
244073,16_029_001,612,422,422,0,3,419,LISTAS,,,
244075,16_029_002,886,564,564,0,10,554,LISTAS,,,
244077,16_029_003,907,525,526,0,14,512,LISTAS,,,
244079,16_029_004,648,402,402,0,4,398,LISTAS,,,
244081,16_029_005,203,112,112,0,0,112,LISTAS,,,
244083,16_030_001,1001,539,539,0,5,534,LISTAS,,,
244085,16_030_002,1013,581,578,0,14,564,LISTAS,,,
244087,16_030_003,875,533,531,0,5,526,LISTAS,,,
244089,16_031_001,860,499,499,0,4,495,LISTAS,,,
244091,16_031_002,822,568,568,0,11,557,LISTAS,,,
244093,16_032_001,665,431,431,0,4,427,LISTAS,,,
244095,16_032_002,716,409,409,0,7,402,LISTAS,,,
244097,16_033_001,848,491,491,0,10,481,LISTAS,,,
244099,16_034_001,627,411,411,0,4,407,LISTAS,,,
244101,16_034_002,653,417,417,0,7,410,LISTAS,,,
244103,16_035_001,482,245,245,0,1,244,LISTAS,,,
244105,16_035_002,678,413,414,0,10,404,LISTAS,,,
244107,16_035_003,169,97,97,0,2,95,LISTAS,,,
244109,16_036_001,910,625,624,0,7,617,LISTAS,,,
244111,16_036_002,877,635,637,0,16,621,LISTAS,,,
244113,16_036_003,797,507,507,0,7,500,LISTAS,,,
244115,16_036_004,856,610,610,0,0,610,LISTAS,,,
244117,16_036_005,899,672,672,0,2,670,LISTAS,,,
244119,16_036_006,913,607,607,0,6,601,LISTAS,,,
244121,16_036_007,909,539,539,0,2,537,LISTAS,,,
244123,16_037_001,991,712,712,0,2,710,LISTAS,,,
244125,16_037_002,953,609,608,0,4,604,LISTAS,,,
244127,16_038_001,345,225,225,0,2,223,LISTAS,,,
244129,16_039_001,255,194,194,0,4,190,LISTAS,,,
244131,16_040_001,638,369,369,0,5,364,LISTAS,,,
244133,16_041_001,112,90,90,0,1,89,LISTAS,,,
244135,16_042_001,849,533,533,0,8,525,LISTAS,,,
244137,16_042_002,865,530,529,0,2,527,LISTAS,,,
244139,16_042_003,841,520,520,0,9,511,LISTAS,,,
244141,16_043_001,442,273,273,0,3,270,LISTAS,,,
244143,16_044_001,614,401,401,0,5,396,LISTAS,,,
244145,16_045_001,722,479,479,0,9,470,LISTAS,,,
244147,16_045_002,651,381,381,0,1,380,LISTAS,,,
244149,16_046_001,388,300,300,0,5,295,LISTAS,,,
244151,16_047_001,783,454,454,0,3,451,LISTAS,,,
244153,16_047_002,715,394,394,0,3,391,LISTAS,,,
244155,16_048_001,758,451,451,0,10,441,LISTAS,,,
244157,16_049_001,102,66,66,0,2,64,LISTAS,,,
244159,16_050_001,1185,690,690,0,11,679,LISTAS,,,
244161,16_051_001,734,435,435,0,5,430,LISTAS,,,
244163,16_051_002,798,402,402,0,3,399,LISTAS,,,
244165,16_052_001,229,154,154,0,1,153,LISTAS,,,
244167,16_053_001,929,610,607,0,5,602,LISTAS,,,
244169,16_054_001,207,138,138,0,1,137,LISTAS,,,
244171,16_055_001,239,135,135,0,0,135,LISTAS,,,
244173,16_056_001,872,509,509,0,1,508,LISTAS,,,
244175,16_056_002,702,387,388,0,10,378,LISTAS,,,
244177,16_056_003,769,439,438,0,6,432,LISTAS,,,
244179,16_057_001,957,580,579,0,8,571,LISTAS,,,
244181,16_057_002,904,616,621,0,34,587,LISTAS,,,
244183,16_057_003,1027,631,631,0,4,627,LISTAS,,,
244185,16_057_004,1137,706,706,0,5,701,LISTAS,,,
244187,16_057_005,919,434,434,0,12,422,LISTAS,,,
244189,16_057_006,192,137,137,0,1,136,LISTAS,,,
244191,16_058_001,926,626,626,0,8,618,LISTAS,,,
244193,16_059_001,606,418,418,0,2,416,LISTAS,,,
244195,16_060_001,1356,909,909,0,9,900,LISTAS,,,
244197,16_061_001,1009,663,662,0,6,656,LISTAS,,,
244199,16_062_001,607,376,376,0,8,368,LISTAS,,,
244201,16_063_001,581,350,349,0,5,344,LISTAS,,,
244203,16_063_002,719,411,410,0,5,405,LISTAS,,,
244205,16_063_003,571,356,355,0,2,353,LISTAS,,,
244207,16_063_004,811,498,499,0,17,482,LISTAS,,,
244209,16_063_005,223,138,138,0,1,137,LISTAS,,,
244211,16_064_001,714,452,451,0,4,447,LISTAS,,,
244213,16_064_002,602,399,399,0,10,389,LISTAS,,,
244215,16_064_003,162,111,111,0,1,110,LISTAS,,,
244217,16_065_001,714,415,415,0,4,411,LISTAS,,,
244219,16_065_002,877,454,455,0,13,442,LISTAS,,,
244221,16_066_001,1090,727,727,0,8,719,LISTAS,,,
244223,16_066_002,878,595,594,0,6,588,LISTAS,,,
244225,16_066_003,820,564,563,0,7,556,LISTAS,,,
244227,16_066_004,970,631,631,0,7,624,LISTAS,,,
244229,16_067_001,737,458,457,0,8,449,LISTAS,,,
244231,16_067_002,796,466,466,0,6,460,LISTAS,,,
244233,16_068_001,581,388,388,0,10,378,LISTAS,,,
244235,16_068_002,561,380,380,0,10,370,LISTAS,,,
244237,16_069_001,234,148,148,0,2,146,LISTAS,,,
244239,16_070_001,781,486,485,0,6,479,LISTAS,,,
244241,16_071_001,50,35,35,0,1,34,LISTAS,,,
244243,16_072_001,1235,848,848,0,23,825,LISTAS,,,
244245,16_073_001,237,154,154,0,2,152,LISTAS,,,
244247,16_074_001,435,264,264,0,4,260,LISTAS,,,
244249,16_075_001,428,276,276,0,4,272,LISTAS,,,
244251,16_076_001,780,455,455,0,4,451,LISTAS,,,
244253,16_077_001,625,368,368,0,3,365,LISTAS,,,
244255,16_077_002,2864,2406,2398,-8,15,2383,LISTAS,,,
244257,16_077_003,694,502,502,0,8,494,LISTAS,,,
244259,16_077_004,888,606,604,0,6,598,LISTAS,,,
244261,16_077_005,1032,711,710,0,9,701,LISTAS,,,
244263,16_077_006,661,497,497,0,13,484,LISTAS,,,
244265,16_077_007,784,472,472,0,9,463,LISTAS,,,
244267,16_077_008,913,636,637,0,14,623,LISTAS,,,
244269,16_077_009,754,517,517,0,5,512,LISTAS,,,
244271,16_077_010,798,607,607,0,5,602,LISTAS,,,
244273,16_077_011,780,607,605,0,12,593,LISTAS,,,
244275,16_077_012,609,436,436,0,3,433,LISTAS,,,
244277,16_077_013,854,590,586,0,3,583,LISTAS,,,
244279,16_077_014,777,519,519,0,7,512,LISTAS,,,
244281,16_077_015,787,500,500,0,2,498,LISTAS,,,
244283,16_077_016,737,500,500,0,5,495,LISTAS,,,
244285,16_078_001,933,649,649,0,8,641,LISTAS,,,
244287,16_078_002,607,393,393,0,0,393,LISTAS,,,
244289,16_078_003,707,448,447,0,4,443,LISTAS,,,
244291,16_079_001,117,64,64,0,0,64,LISTAS,,,
244293,16_080_001,1017,641,641,0,9,632,LISTAS,,,
244295,16_081_001,1234,702,702,0,9,693,LISTAS,,,
244297,16_081_002,1170,686,685,0,7,678,LISTAS,,,
244299,16_081_003,1192,728,727,0,6,721,LISTAS,,,
244301,16_082_001,1033,660,660,0,7,653,LISTAS,,,
244303,16_083_001,446,276,276,0,1,275,LISTAS,,,
244305,16_084_001,753,464,464,0,3,461,LISTAS,,,
244307,16_085_001,762,435,435,0,2,433,LISTAS,,,
244309,16_085_002,744,448,447,0,12,435,LISTAS,,,
244311,16_085_003,796,472,472,0,3,469,LISTAS,,,
244313,16_086_001,687,356,355,0,7,348,LISTAS,,,
244315,16_087_001,386,272,272,0,1,271,LISTAS,,,
244317,16_088_001,226,159,159,0,0,159,LISTAS,,,
244319,16_089_001,657,433,433,0,4,429,LISTAS,,,
244321,16_090_001,233,136,136,0,0,136,LISTAS,,,
244323,16_091_001,679,445,445,0,1,444,LISTAS,,,
244325,16_091_002,714,428,428,0,6,422,LISTAS,,,
244327,16_091_003,942,430,430,0,10,420,LISTAS,,,
244329,16_091_004,744,473,473,0,12,461,LISTAS,,,
244331,16_092_001,785,555,555,0,8,547,LISTAS,,,
244333,16_092_002,792,463,463,0,8,455,LISTAS,,,
244335,16_093_001,488,281,281,0,7,274,LISTAS,,,
244337,16_094_001,1113,749,749,0,15,734,LISTAS,,,
244339,16_094_002,2381,1964,1951,-13,11,1940,LISTAS,,,
244341,16_094_003,702,463,462,0,3,459,LISTAS,,,
244343,16_094_004,718,532,531,0,0,531,LISTAS,,,
244345,16_094_005,728,471,470,0,7,463,LISTAS,,,
244347,16_094_006,808,552,560,0,45,515,LISTAS,,,
244349,16_094_007,776,491,491,0,7,484,LISTAS,,,
244351,16_094_008,639,465,463,0,10,453,LISTAS,,,
244353,16_094_009,805,530,530,0,9,521,LISTAS,,,
244355,16_094_010,749,536,535,0,8,527,LISTAS,,,
244357,16_094_011,794,541,542,0,8,534,LISTAS,,,
244359,16_094_012,934,631,631,0,5,626,LISTAS,,,
244361,16_094_013,752,543,543,0,2,541,LISTAS,,,
244363,16_094_014,733,474,474,0,1,473,LISTAS,,,
244365,16_094_015,899,665,665,0,7,658,LISTAS,,,
244367,16_094_016,905,672,671,0,7,664,LISTAS,,,
244369,16_095_001,207,109,109,0,2,107,LISTAS,,,
244371,16_096_001,805,441,441,0,2,439,LISTAS,,,
244373,16_097_001,534,347,347,0,2,345,LISTAS,,,
244375,16_098_001,1046,646,645,0,3,642,LISTAS,,,
244377,16_098_002,581,389,389,0,3,386,LISTAS,,,
244379,16_099_001,680,465,465,0,6,459,LISTAS,,,
244381,16_100_001,514,309,309,0,5,304,LISTAS,,,
244383,16_101_001,890,525,525,0,5,520,LISTAS,,,
244385,16_101_002,219,119,119,0,0,119,LISTAS,,,
244387,16_101_003,100,70,70,0,0,70,LISTAS,,,
244389,16_102_001,796,459,457,0,14,443,LISTAS,,,
244391,16_102_002,798,455,454,0,6,448,LISTAS,,,
244393,16_103_001,749,419,419,0,2,417,LISTAS,,,
244395,16_103_002,753,424,423,0,6,417,LISTAS,,,
244397,16_103_003,803,455,455,0,2,453,LISTAS,,,
244399,16_103_004,776,411,411,0,9,402,LISTAS,,,
244401,16_103_005,868,403,403,0,9,394,LISTAS,,,
244403,16_103_006,770,503,503,0,4,499,LISTAS,,,
244405,16_104_001,728,432,432,0,3,429,LISTAS,,,
244407,16_104_002,766,489,489,0,4,485,LISTAS,,,
244409,16_104_003,774,451,451,0,10,441,LISTAS,,,
244411,16_104_004,836,422,422,0,5,417,LISTAS,,,
244413,16_104_005,453,299,298,0,4,294,LISTAS,,,
244415,16_104_006,818,473,473,0,8,465,LISTAS,,,
244417,16_105_001,116,76,76,0,5,71,LISTAS,,,
244419,16_106_001,946,600,601,0,8,593,LISTAS,,,
244421,16_106_002,979,561,563,0,18,545,LISTAS,,,
244423,16_106_003,948,603,603,0,1,602,LISTAS,,,
244425,16_106_004,881,526,527,0,14,513,LISTAS,,,
244427,16_106_005,902,601,598,0,2,596,LISTAS,,,
244429,16_106_006,989,619,616,0,6,610,LISTAS,,,
244431,16_106_007,869,578,577,0,4,573,LISTAS,,,
244433,16_106_008,977,637,635,0,7,628,LISTAS,,,
244435,16_107_001,407,228,228,0,1,227,LISTAS,,,
244437,16_108_001,1114,727,727,0,5,722,LISTAS,,,
244439,16_109_001,938,663,663,0,9,654,LISTAS,,,
244441,16_109_002,976,633,633,0,5,628,LISTAS,,,
244443,16_109_003,1125,627,627,0,15,612,LISTAS,,,
244445,16_110_001,706,502,502,0,6,496,LISTAS,,,
244447,16_111_001,81,55,55,0,1,54,LISTAS,,,
244449,16_112_001,1284,666,666,0,54,612,LISTAS,,,
244451,16_112_002,1138,737,736,0,3,733,LISTAS,,,
244453,16_112_003,2550,2004,1975,-29,15,1960,LISTAS,,,
244455,16_112_004,1079,779,779,0,4,775,LISTAS,,,
244457,16_112_005,1099,784,784,0,6,778,LISTAS,,,
244459,16_112_006,1220,939,939,0,4,935,LISTAS,,,
244461,16_112_007,1183,785,785,0,8,777,LISTAS,,,
244463,16_112_008,984,660,660,0,3,657,LISTAS,,,
244465,16_113_001,645,454,453,0,5,448,LISTAS,,,
244467,16_113_002,764,566,565,0,1,564,LISTAS,,,
244469,16_113_003,612,455,455,0,6,449,LISTAS,,,
244471,16_114_001,888,724,726,0,33,693,LISTAS,,,
244473,16_114_002,719,606,606,0,2,604,LISTAS,,,
244475,16_114_003,802,640,636,0,19,617,LISTAS,,,
244477,16_115_001,598,396,396,0,6,390,LISTAS,,,
244479,16_115_002,858,470,469,0,5,464,LISTAS,,,
244481,16_115_003,783,501,500,0,4,496,LISTAS,,,
244483,16_116_001,1080,681,681,0,15,666,LISTAS,,,
244485,16_116_002,619,368,367,0,6,361,LISTAS,,,
244487,16_117_001,918,612,612,0,3,609,LISTAS,,,
244489,16_118_001,448,336,336,0,2,334,LISTAS,,,
244491,16_119_001,818,586,586,0,6,580,LISTAS,,,
244493,16_119_002,3657,3213,3202,-11,18,3184,LISTAS,,,
244495,16_119_003,688,473,473,0,5,468,LISTAS,,,
244497,16_119_004,1153,831,830,0,5,825,LISTAS,,,
244499,16_119_005,1171,861,861,0,4,857,LISTAS,,,
244501,16_119_006,889,610,610,0,6,604,LISTAS,,,
244503,16_119_007,810,622,620,0,3,617,LISTAS,,,
244505,16_119_008,937,679,679,0,1,678,LISTAS,,,
244507,16_119_009,774,488,488,0,3,485,LISTAS,,,
244509,16_119_010,794,571,570,0,4,566,LISTAS,,,
244511,16_119_011,901,619,615,0,5,610,LISTAS,,,
244513,16_119_012,729,468,468,0,2,466,LISTAS,,,
244515,16_119_013,893,511,511,0,5,506,LISTAS,,,
244517,16_119_014,921,667,666,0,8,658,LISTAS,,,
244519,16_119_015,1148,897,898,0,15,883,LISTAS,,,
244521,16_119_016,732,556,556,0,4,552,LISTAS,,,
244523,16_119_017,906,769,771,0,9,762,LISTAS,,,
244525,16_119_018,661,493,493,0,4,489,LISTAS,,,
244527,16_119_019,1075,731,730,0,3,727,LISTAS,,,
244529,16_119_020,785,563,563,0,4,559,LISTAS,,,
244531,16_119_021,723,495,494,0,3,491,LISTAS,,,
244533,16_119_022,1229,910,901,0,0,901,LISTAS,,,
244535,16_119_023,883,636,636,0,4,632,LISTAS,,,
244537,16_119_024,995,700,699,0,5,694,LISTAS,,,
244539,16_119_025,847,609,609,0,5,604,LISTAS,,,
244541,16_119_026,765,483,483,0,5,478,LISTAS,,,
244543,16_119_027,729,468,468,0,2,466,LISTAS,,,
244545,16_119_028,963,749,748,0,6,742,LISTAS,,,
244547,16_119_029,787,546,544,0,5,539,LISTAS,,,
244549,16_119_030,1015,698,696,0,6,690,LISTAS,,,
244551,16_119_031,785,559,559,0,5,554,LISTAS,,,
244553,16_119_032,812,652,652,0,3,649,LISTAS,,,
244555,16_119_033,842,622,621,0,8,613,LISTAS,,,
244557,16_119_034,925,709,709,0,11,698,LISTAS,,,
244559,16_119_035,745,470,470,0,3,467,LISTAS,,,
244561,16_119_036,931,695,695,0,8,687,LISTAS,,,
244563,16_119_037,540,411,411,0,6,405,LISTAS,,,
244565,16_119_038,724,574,574,0,4,570,LISTAS,,,
244567,16_119_039,680,426,426,0,3,423,LISTAS,,,
244569,16_119_040,1047,741,741,0,1,740,LISTAS,,,
244571,16_119_041,1153,814,814,0,13,801,LISTAS,,,
244573,16_119_042,1218,852,851,0,6,845,LISTAS,,,
244575,16_119_043,936,659,659,0,6,653,LISTAS,,,
244577,16_119_044,877,609,609,0,4,605,LISTAS,,,
244579,16_119_045,675,513,513,0,3,510,LISTAS,,,
244581,16_119_046,839,558,558,0,0,558,LISTAS,,,
244583,16_119_047,734,450,450,0,1,449,LISTAS,,,
244585,16_119_048,1093,738,738,0,17,721,LISTAS,,,
244587,16_119_049,621,383,383,0,6,377,LISTAS,,,
244589,16_119_050,816,518,517,0,3,514,LISTAS,,,
244591,16_119_051,916,579,579,0,6,573,LISTAS,,,
244593,16_119_052,807,546,545,0,4,541,LISTAS,,,
244595,16_119_053,666,417,417,0,0,417,LISTAS,,,
244597,16_119_054,1109,776,776,0,9,767,LISTAS,,,
244599,16_119_055,896,599,598,0,6,592,LISTAS,,,
244601,16_119_056,694,509,509,0,4,505,LISTAS,,,
244603,16_119_057,954,711,710,0,5,705,LISTAS,,,
244605,16_119_058,789,604,603,0,6,597,LISTAS,,,
244607,16_119_059,803,618,618,0,6,612,LISTAS,,,
244609,16_119_060,697,535,535,0,2,533,LISTAS,,,
244611,16_119_061,613,394,393,0,1,392,LISTAS,,,
244613,16_119_062,1287,952,951,0,4,947,LISTAS,,,
244615,16_119_063,807,529,529,0,4,525,LISTAS,,,
244617,16_119_064,732,486,486,0,4,482,LISTAS,,,
244619,16_119_065,943,587,583,0,3,580,LISTAS,,,
244621,16_119_066,1188,812,812,0,7,805,LISTAS,,,
244623,16_119_067,1148,768,768,0,8,760,LISTAS,,,
244625,16_119_068,961,686,686,0,3,683,LISTAS,,,
244627,16_119_069,993,661,660,0,9,651,LISTAS,,,
244629,16_119_070,1211,928,928,0,4,924,LISTAS,,,
244631,16_119_071,828,664,664,0,5,659,LISTAS,,,
244633,16_119_072,814,496,495,0,2,493,LISTAS,,,
244635,16_119_073,2737,2384,2374,-10,16,2358,LISTAS,,,
244637,16_119_074,1039,829,829,0,4,825,LISTAS,,,
244639,16_119_075,1070,800,800,0,2,798,LISTAS,,,
244641,16_119_076,640,328,328,0,10,318,LISTAS,,,
244643,16_119_077,619,373,373,0,3,370,LISTAS,,,
244645,16_119_078,662,424,422,0,1,421,LISTAS,,,
244647,16_119_079,1229,845,845,0,14,831,LISTAS,,,
244649,16_119_080,908,619,619,0,4,615,LISTAS,,,
244651,16_119_081,814,543,543,0,4,539,LISTAS,,,
244653,16_119_082,1055,685,684,0,3,681,LISTAS,,,
244655,16_119_083,717,356,355,0,2,353,LISTAS,,,
244657,16_119_084,1104,759,759,0,5,754,LISTAS,,,
244659,16_119_085,1010,695,695,0,3,692,LISTAS,,,
244661,16_119_086,1037,571,571,0,6,565,LISTAS,,,
244663,16_119_087,897,647,641,0,3,638,LISTAS,,,
244665,16_119_088,720,508,506,0,5,501,LISTAS,,,
244667,16_119_089,1085,794,794,0,8,786,LISTAS,,,
244669,16_119_090,1006,685,685,0,6,679,LISTAS,,,
244671,16_119_091,1096,723,723,0,14,709,LISTAS,,,
244673,16_119_092,833,514,513,0,6,507,LISTAS,,,
244675,16_119_093,1169,922,922,0,11,911,LISTAS,,,
244677,16_119_094,1086,881,881,0,9,872,LISTAS,,,
244679,16_119_095,1052,771,770,0,8,762,LISTAS,,,
244681,16_119_096,1175,885,885,0,11,874,LISTAS,,,
244683,16_119_097,817,577,577,0,3,574,LISTAS,,,
244685,16_119_098,706,499,497,0,6,491,LISTAS,,,
244687,16_119_099,925,642,642,0,4,638,LISTAS,,,
244689,16_119_100,662,433,433,0,5,428,LISTAS,,,
244691,16_119_101,1112,758,757,0,4,753,LISTAS,,,
244693,16_120_001,715,443,443,0,11,432,LISTAS,,,
244695,16_120_002,184,111,111,0,0,111,LISTAS,,,
244697,16_121_001,727,423,423,0,5,418,LISTAS,,,
244699,16_121_002,819,478,477,0,3,474,LISTAS,,,
244701,16_122_001,868,577,577,0,9,568,LISTAS,,,
244703,16_123_001,669,509,510,0,15,495,LISTAS,,,
244705,16_124_001,751,479,479,0,11,468,LISTAS,,,
244707,16_124_002,1008,628,628,0,7,621,LISTAS,,,
244709,16_125_001,681,477,476,0,4,472,LISTAS,,,
244711,16_125_002,723,480,480,0,7,473,LISTAS,,,
244713,16_126_001,618,444,444,0,4,440,LISTAS,,,
244715,16_127_001,528,371,371,0,4,367,LISTAS,,,
244717,16_128_001,781,540,540,0,4,536,LISTAS,,,
244719,16_128_002,937,603,603,0,5,598,LISTAS,,,
244721,16_128_003,352,203,203,0,6,197,LISTAS,,,
244723,16_129_001,998,424,426,0,16,410,LISTAS,,,
244725,16_129_002,841,406,404,0,2,402,LISTAS,,,
244727,16_129_003,905,523,523,0,6,517,LISTAS,,,
244729,16_129_004,841,522,522,0,9,513,LISTAS,,,
244731,16_130_001,1088,742,742,0,4,738,LISTAS,,,
244733,16_130_002,1007,647,647,0,4,643,LISTAS,,,
244735,16_131_001,674,424,422,0,8,414,LISTAS,,,
244737,16_131_002,715,430,429,0,10,419,LISTAS,,,
244739,16_132_001,668,443,443,0,2,441,LISTAS,,,
244741,16_133_001,628,456,456,0,3,453,LISTAS,,,
244743,16_133_002,682,484,482,0,3,479,LISTAS,,,
244745,16_133_003,794,557,557,0,2,555,LISTAS,,,
244747,16_133_004,873,582,582,0,6,576,LISTAS,,,
244749,16_134_001,609,406,406,0,7,399,LISTAS,,,
244751,16_135_001,832,482,482,0,2,480,LISTAS,,,
244753,16_135_002,699,416,415,0,6,409,LISTAS,,,
244755,16_136_001,880,578,578,0,6,572,LISTAS,,,
244757,16_136_002,1052,723,721,0,7,714,LISTAS,,,
244759,16_136_003,1083,649,649,0,8,641,LISTAS,,,
244761,16_136_004,735,337,337,0,1,336,LISTAS,,,
244763,16_136_005,1095,603,596,0,6,590,LISTAS,,,
244765,16_136_006,710,500,500,0,9,491,LISTAS,,,
244767,16_137_001,818,540,540,0,12,528,LISTAS,,,
244769,16_138_001,766,513,513,0,8,505,LISTAS,,,
244771,16_138_002,773,460,462,0,19,443,LISTAS,,,
244773,16_139_001,783,501,501,0,5,496,LISTAS,,,
244775,16_139_002,702,448,448,0,4,444,LISTAS,,,
244777,16_140_001,528,361,361,0,2,359,LISTAS,,,
244779,16_141_001,230,170,170,0,6,164,LISTAS,,,
244781,16_142_001,997,561,559,0,8,551,LISTAS,,,
244783,16_142_002,1023,561,561,0,5,556,LISTAS,,,
244785,16_143_001,960,636,636,0,5,631,LISTAS,,,
244787,16_143_002,1200,623,624,0,23,601,LISTAS,,,
244789,16_144_001,645,394,392,0,3,389,LISTAS,,,
244791,16_144_002,676,404,404,0,8,396,LISTAS,,,
244793,16_145_001,334,192,192,0,5,187,LISTAS,,,
244795,16_146_001,632,361,361,0,5,356,LISTAS,,,
244797,16_146_002,546,339,339,0,5,334,LISTAS,,,
244799,16_147_001,448,314,314,0,4,310,LISTAS,,,
244801,16_148_001,727,469,468,0,2,466,LISTAS,,,
244803,16_148_002,745,420,420,0,6,414,LISTAS,,,
244805,16_149_001,663,426,426,0,6,420,LISTAS,,,
244807,16_150_001,901,564,564,0,5,559,LISTAS,,,
244809,16_151_001,711,466,466,0,8,458,LISTAS,,,
244811,16_151_002,909,572,571,0,6,565,LISTAS,,,
244813,16_151_003,624,411,409,0,2,407,LISTAS,,,
244815,16_152_001,532,307,307,0,2,305,LISTAS,,,
244817,16_153_001,738,515,515,0,10,505,LISTAS,,,
244819,16_154_001,588,365,365,0,4,361,LISTAS,,,
244821,16_155_001,679,406,406,0,2,404,LISTAS,,,
244823,16_155_002,642,401,400,0,0,400,LISTAS,,,
244825,16_156_001,605,444,443,0,2,441,LISTAS,,,
244827,16_156_002,670,465,463,0,1,462,LISTAS,,,
244829,16_157_001,665,417,416,0,3,413,LISTAS,,,
244831,16_157_002,654,352,352,0,3,349,LISTAS,,,
244833,16_157_003,620,336,336,0,1,335,LISTAS,,,
244835,16_158_001,649,404,404,0,2,402,LISTAS,,,
244837,16_158_002,628,367,367,0,3,364,LISTAS,,,
244839,16_159_001,1089,713,711,0,2,709,LISTAS,,,
244841,16_160_001,603,409,409,0,7,402,LISTAS,,,
244843,16_160_002,824,509,509,0,2,507,LISTAS,,,
244845,16_160_003,728,400,400,0,6,394,LISTAS,,,
244847,16_160_004,638,421,421,0,8,413,LISTAS,,,
244849,16_160_005,772,482,482,0,3,479,LISTAS,,,
244851,16_161_001,1104,661,661,0,6,655,LISTAS,,,
244853,16_162_001,104,62,62,0,0,62,LISTAS,,,
244855,16_163_001,790,407,407,0,8,399,LISTAS,,,
244857,16_164_001,941,628,628,0,9,619,LISTAS,,,
244859,16_165_001,526,315,315,0,5,310,LISTAS,,,
244861,16_166_001,1108,695,695,0,7,688,LISTAS,,,
244863,16_167_001,663,415,415,0,7,408,LISTAS,,,
244865,16_168_001,289,199,199,0,2,197,LISTAS,,,
244867,16_169_001,889,570,570,0,7,563,LISTAS,,,
244869,16_170_001,547,349,349,0,2,347,LISTAS,,,
244871,16_170_002,579,345,345,0,7,338,LISTAS,,,
244873,16_171_001,813,469,468,0,5,463,LISTAS,,,
244875,16_171_002,615,382,382,0,1,381,LISTAS,,,
244877,16_171_003,648,358,358,0,10,348,LISTAS,,,
244879,16_172_001,413,268,268,0,3,265,LISTAS,,,
244881,16_173_001,329,205,205,0,4,201,LISTAS,,,
244883,16_174_001,311,207,207,0,2,205,LISTAS,,,
244885,16_175_001,581,348,348,0,4,344,LISTAS,,,
244887,16_176_001,601,406,406,0,12,394,LISTAS,,,
244889,16_176_002,801,482,481,0,6,475,LISTAS,,,
244891,16_177_001,240,162,162,0,1,161,LISTAS,,,
244893,16_178_001,293,218,218,0,3,215,LISTAS,,,
244895,16_179_001,582,379,379,0,5,374,LISTAS,,,
244897,16_179_002,608,354,354,0,8,346,LISTAS,,,
244899,16_180_001,742,444,440,0,9,431,LISTAS,,,
244901,16_181_001,908,501,500,0,13,487,LISTAS,,,
244903,16_181_002,931,640,640,0,13,627,LISTAS,,,
244905,16_182_001,279,216,216,0,7,209,LISTAS,,,
244907,16_183_001,541,320,320,0,3,317,LISTAS,,,
244909,16_184_001,802,502,502,0,9,493,LISTAS,,,
244911,16_185_001,953,541,541,0,11,530,LISTAS,,,
244913,16_186_001,498,331,331,0,4,327,LISTAS,,,
244915,16_187_001,1027,558,560,0,16,544,LISTAS,,,
244917,16_188_001,698,471,470,0,8,462,LISTAS,,,
244919,16_188_002,641,424,424,0,4,420,LISTAS,,,
244921,16_189_001,744,357,357,0,8,349,LISTAS,,,
244923,16_189_002,724,344,344,0,3,341,LISTAS,,,
244925,16_190_001,188,129,129,0,4,125,LISTAS,,,
244927,16_191_001,553,345,345,0,5,340,LISTAS,,,
244929,16_191_002,516,364,364,0,6,358,LISTAS,,,
244931,16_191_003,542,352,352,0,5,347,LISTAS,,,
244933,16_192_001,497,250,250,0,0,250,LISTAS,,,
244935,16_192_002,664,352,352,0,3,349,LISTAS,,,
244937,16_192_003,729,412,412,0,5,407,LISTAS,,,
244939,16_192_004,115,72,72,0,7,65,LISTAS,,,
244941,16_193_001,708,427,427,0,1,426,LISTAS,,,
244943,16_193_002,674,382,382,0,4,378,LISTAS,,,
244945,16_193_003,366,262,262,0,4,258,LISTAS,,,
244947,16_193_004,102,71,71,0,0,71,LISTAS,,,
244949,16_194_001,574,394,394,0,5,389,LISTAS,,,
244951,16_194_002,632,396,396,0,5,391,LISTAS,,,
244953,16_195_001,727,425,425,0,9,416,LISTAS,,,
244955,16_196_001,626,385,385,0,5,380,LISTAS,,,
244957,16_197_001,866,586,586,0,10,576,LISTAS,,,
244959,16_197_002,972,575,575,0,4,571,LISTAS,,,
244961,16_197_003,783,484,484,0,7,477,LISTAS,,,
244963,16_197_004,929,599,599,0,6,593,LISTAS,,,
244965,16_197_005,324,150,150,0,3,147,LISTAS,,,
244967,16_197_006,197,123,123,0,4,119,LISTAS,,,
244969,16_198_001,483,348,348,0,6,342,LISTAS,,,
244971,16_199_001,583,333,334,0,8,326,LISTAS,,,
244973,16_199_002,574,379,380,0,7,373,LISTAS,,,
244975,16_199_003,282,152,152,0,1,151,LISTAS,,,
244977,16_200_001,393,200,200,0,3,197,LISTAS,,,
244979,16_201_001,742,483,481,0,3,478,LISTAS,,,
244981,16_202_001,912,560,560,0,11,549,LISTAS,,,
244983,16_203_001,588,369,368,0,4,364,LISTAS,,,
244985,16_203_002,478,295,295,0,6,289,LISTAS,,,
244987,16_204_001,731,346,347,0,9,338,LISTAS,,,
244989,16_204_002,671,340,340,0,5,335,LISTAS,,,
244991,16_204_003,949,635,634,0,5,629,LISTAS,,,
244993,16_204_004,1104,654,654,0,2,652,LISTAS,,,
244995,16_204_005,671,431,430,0,3,427,LISTAS,,,
244997,16_204_006,679,436,436,0,6,430,LISTAS,,,
244999,16_204_007,986,655,655,0,6,649,LISTAS,,,
245001,16_204_008,1126,767,767,0,6,761,LISTAS,,,
245003,16_204_009,1039,697,697,0,3,694,LISTAS,,,
245005,16_204_010,1325,796,796,0,23,773,LISTAS,,,
245007,16_205_001,402,229,229,0,0,229,LISTAS,,,
245009,16_206_001,498,320,320,0,4,316,LISTAS,,,
245011,16_207_001,155,119,120,0,6,114,LISTAS,,,
245013,16_208_001,574,359,359,0,2,357,LISTAS,,,
245015,16_208_002,633,388,388,0,4,384,LISTAS,,,
245017,16_208_003,720,400,400,0,12,388,LISTAS,,,
245019,16_209_001,693,439,439,0,6,433,LISTAS,,,
245021,16_209_002,603,360,360,0,0,360,LISTAS,,,
245023,16_209_003,583,321,321,0,7,314,LISTAS,,,
245025,16_210_001,896,589,589,0,9,580,LISTAS,,,
245027,16_210_002,748,505,506,0,12,494,LISTAS,,,
245029,16_210_003,755,455,453,0,2,451,LISTAS,,,
245031,16_211_001,542,362,362,0,4,358,LISTAS,,,
245033,16_212_001,503,360,360,0,3,357,LISTAS,,,
245035,16_213_001,496,295,295,0,1,294,LISTAS,,,
245037,16_213_002,545,330,330,0,2,328,LISTAS,,,
245039,16_213_003,491,266,266,0,1,265,LISTAS,,,
245041,16_214_001,488,326,326,0,3,323,LISTAS,,,
245043,16_215_001,342,223,223,0,2,221,LISTAS,,,
245045,16_216_001,497,316,314,0,4,310,LISTAS,,,
245047,16_217_001,1180,838,856,0,99,757,LISTAS,,,
245049,16_217_002,1345,942,941,0,10,931,LISTAS,,,
245051,16_217_003,1113,685,685,0,5,680,LISTAS,,,
245053,16_217_004,1394,900,900,0,2,898,LISTAS,,,
245055,16_217_005,1302,774,774,0,7,767,LISTAS,,,
245057,16_217_006,1068,683,683,0,9,674,LISTAS,,,
245059,16_217_007,1145,744,744,0,4,740,LISTAS,,,
245061,16_217_008,1249,770,769,0,7,762,LISTAS,,,
245063,16_218_001,727,411,411,0,6,405,LISTAS,,,
245065,16_219_001,969,638,638,0,10,628,LISTAS,,,
245067,16_219_002,973,661,661,0,10,651,LISTAS,,,
245069,16_219_003,797,522,520,0,6,514,LISTAS,,,
245071,16_220_001,616,338,338,0,4,334,LISTAS,,,
245073,16_220_002,682,367,367,0,4,363,LISTAS,,,
245075,16_221_001,969,548,548,0,4,544,LISTAS,,,
245077,16_222_001,449,273,273,0,4,269,LISTAS,,,
245079,16_223_001,408,313,313,0,3,310,LISTAS,,,
245081,16_224_001,660,395,395,0,0,395,LISTAS,,,
245083,16_224_002,881,583,583,0,7,576,LISTAS,,,
245085,16_224_003,3455,2966,2961,-5,22,2939,LISTAS,,,
245087,16_224_004,813,449,449,0,7,442,LISTAS,,,
245089,16_224_005,800,539,539,0,1,538,LISTAS,,,
245091,16_224_006,569,378,378,0,1,377,LISTAS,,,
245093,16_224_007,801,532,532,0,4,528,LISTAS,,,
245095,16_224_008,945,629,628,0,5,623,LISTAS,,,
245097,16_224_009,171,108,108,0,2,106,LISTAS,,,
245099,16_225_001,322,197,196,0,5,191,LISTAS,,,
245101,16_226_001,909,652,652,0,6,646,LISTAS,,,
245103,16_226_002,907,585,585,0,9,576,LISTAS,,,
245105,16_226_003,750,488,488,0,15,473,LISTAS,,,
245107,16_226_004,802,521,521,0,11,510,LISTAS,,,
245109,16_227_001,323,202,202,0,3,199,LISTAS,,,
245111,16_228_001,559,332,332,0,9,323,LISTAS,,,
245113,16_229_001,746,478,479,0,11,468,LISTAS,,,
245115,17_001_001,556,374,375,0,10,365,LISTAS,,,
245117,17_002_001,560,366,366,0,2,364,LISTAS,,,
245119,17_003_001,377,278,278,0,3,275,LISTAS,,,
245121,17_003_002,426,329,329,0,4,325,LISTAS,,,
245123,17_004_001,627,397,397,0,2,395,LISTAS,,,
245125,17_005_001,604,428,427,0,4,423,LISTAS,,,
245127,17_005_002,629,411,411,0,3,408,LISTAS,,,
245129,17_006_001,312,212,212,0,2,210,LISTAS,,,
245131,17_007_001,969,646,647,0,14,633,LISTAS,,,
245133,17_007_002,932,652,652,0,10,642,LISTAS,,,
245135,17_007_003,1034,737,738,0,21,717,LISTAS,,,
245137,17_007_004,1070,648,648,0,7,641,LISTAS,,,
245139,17_007_005,1026,678,677,0,4,673,LISTAS,,,
245141,17_008_001,203,155,154,0,1,153,LISTAS,,,
245143,17_009_001,350,228,228,0,3,225,LISTAS,,,
245145,17_010_001,868,554,548,0,3,545,LISTAS,,,
245147,17_010_002,830,522,522,0,5,517,LISTAS,,,
245149,17_011_001,631,424,424,0,6,418,LISTAS,,,
245151,17_011_002,631,469,450,0,8,442,LISTAS,,,
245153,17_011_003,600,419,420,0,14,406,LISTAS,,,
245155,17_011_004,625,439,439,0,6,433,LISTAS,,,
245157,17_011_005,611,466,465,0,3,462,LISTAS,,,
245159,17_011_006,636,478,476,0,3,473,LISTAS,,,
245161,17_011_007,645,462,462,0,5,457,LISTAS,,,
245163,17_011_008,656,469,467,0,6,461,LISTAS,,,
245165,17_011_009,587,398,382,0,9,373,LISTAS,,,
245167,17_011_010,595,432,432,0,4,428,LISTAS,,,
245169,17_011_011,660,462,462,0,3,459,LISTAS,,,
245171,17_011_012,645,492,492,0,5,487,LISTAS,,,
245173,17_011_013,645,483,483,0,1,482,LISTAS,,,
245175,17_011_014,605,465,465,0,9,456,LISTAS,,,
245177,17_011_015,913,690,688,0,4,684,LISTAS,,,
245179,17_011_016,256,146,146,0,0,146,LISTAS,,,
245181,17_011_017,113,77,77,0,0,77,LISTAS,,,
245183,17_012_001,368,254,254,0,1,253,LISTAS,,,
245185,17_013_001,742,488,487,0,2,485,LISTAS,,,
245187,17_013_002,697,519,519,0,2,517,LISTAS,,,
245189,17_013_003,680,439,439,0,3,436,LISTAS,,,
245191,17_014_001,743,524,524,0,9,515,LISTAS,,,
245193,17_015_001,215,111,111,0,3,108,LISTAS,,,
245195,17_016_001,642,397,397,0,3,394,LISTAS,,,
245197,17_017_001,787,545,544,0,6,538,LISTAS,,,
245199,17_017_002,134,89,89,0,0,89,LISTAS,,,
245201,17_018_001,808,503,498,0,5,493,LISTAS,,,
245203,17_018_002,773,527,527,0,6,521,LISTAS,,,
245205,17_018_003,793,507,507,0,4,503,LISTAS,,,
245207,17_018_004,757,457,457,0,3,454,LISTAS,,,
245209,17_019_001,252,157,156,0,4,152,LISTAS,,,
245211,17_020_001,669,425,424,0,4,420,LISTAS,,,
245213,17_020_002,796,520,519,0,2,517,LISTAS,,,
245215,17_020_003,772,529,523,0,4,519,LISTAS,,,
245217,17_020_004,880,516,516,0,8,508,LISTAS,,,
245219,17_020_005,622,484,484,0,3,481,LISTAS,,,
245221,17_020_006,517,317,317,0,4,313,LISTAS,,,
245223,17_020_007,564,395,395,0,6,389,LISTAS,,,
245225,17_020_008,757,560,557,0,7,550,LISTAS,,,
245227,17_020_009,792,536,524,0,4,520,LISTAS,,,
245229,17_020_010,845,584,582,0,12,570,LISTAS,,,
245231,17_020_011,726,497,497,0,2,495,LISTAS,,,
245233,17_020_012,506,227,226,0,2,224,LISTAS,,,
245235,17_020_013,668,448,448,0,10,438,LISTAS,,,
245237,17_020_014,572,415,415,0,1,414,LISTAS,,,
245239,17_020_015,680,461,461,0,3,458,LISTAS,,,
245241,17_020_016,719,523,523,0,3,520,LISTAS,,,
245243,17_020_017,659,485,484,0,6,478,LISTAS,,,
245245,17_020_018,625,447,447,0,2,445,LISTAS,,,
245247,17_020_019,696,463,461,0,3,458,LISTAS,,,
245249,17_020_020,653,378,376,0,3,373,LISTAS,,,
245251,17_020_021,177,50,50,0,0,50,LISTAS,,,
245253,17_020_022,2005,1706,1704,-2,11,1693,LISTAS,,,
245255,17_021_001,548,371,371,0,5,366,LISTAS,,,
245257,17_021_002,439,254,254,0,3,251,LISTAS,,,
245259,17_021_003,490,255,255,0,4,251,LISTAS,,,
245261,17_022_001,1065,713,713,0,6,707,LISTAS,,,
245263,17_022_002,1013,744,746,0,19,727,LISTAS,,,
245265,17_022_003,809,544,544,0,8,536,LISTAS,,,
245267,17_022_004,734,439,439,0,3,436,LISTAS,,,
245269,17_022_005,805,530,530,0,2,528,LISTAS,,,
245271,17_022_006,1158,730,730,0,11,719,LISTAS,,,
245273,17_022_007,1067,693,693,0,4,689,LISTAS,,,
245275,17_023_001,622,442,442,0,2,440,LISTAS,,,
245277,17_023_002,760,537,537,0,6,531,LISTAS,,,
245279,17_023_003,591,412,412,0,5,407,LISTAS,,,
245281,17_024_001,186,116,116,0,3,113,LISTAS,,,
245283,17_025_001,508,312,312,0,4,308,LISTAS,,,
245285,17_026_001,784,483,483,0,4,479,LISTAS,,,
245287,17_026_002,833,451,451,0,5,446,LISTAS,,,
245289,17_026_003,842,574,574,0,5,569,LISTAS,,,
245291,17_026_004,775,546,546,0,4,542,LISTAS,,,
245293,17_027_001,556,368,368,0,4,364,LISTAS,,,
245295,17_028_001,474,355,355,0,0,355,LISTAS,,,
245297,17_029_001,808,493,493,0,5,488,LISTAS,,,
245299,17_030_001,501,271,271,0,2,269,LISTAS,,,
245301,17_031_001,970,630,630,0,2,628,LISTAS,,,
245303,17_032_001,129,98,98,0,2,96,LISTAS,,,
245305,17_033_001,691,462,470,0,45,425,LISTAS,,,
245307,17_033_002,729,475,475,0,2,473,LISTAS,,,
245309,17_034_001,509,339,339,0,7,332,LISTAS,,,
245311,17_035_001,785,556,555,0,10,545,LISTAS,,,
245313,17_036_001,610,343,343,0,3,340,LISTAS,,,
245315,17_037_001,673,430,430,0,4,426,LISTAS,,,
245317,17_038_001,731,504,498,0,11,487,LISTAS,,,
245319,17_038_002,677,456,456,0,1,455,LISTAS,,,
245321,17_038_003,734,413,413,0,6,407,LISTAS,,,
245323,17_039_001,648,378,378,0,8,370,LISTAS,,,
245325,17_039_002,707,418,418,0,6,412,LISTAS,,,
245327,17_039_003,629,404,404,0,20,384,LISTAS,,,
245329,17_040_001,362,224,224,0,3,221,LISTAS,,,
245331,17_041_001,176,101,101,0,4,97,LISTAS,,,
245333,17_042_001,864,493,492,0,8,484,LISTAS,,,
245335,17_043_001,691,500,500,0,2,498,LISTAS,,,
245337,17_043_002,644,481,480,0,8,472,LISTAS,,,
245339,17_044_001,100,63,63,0,0,63,LISTAS,,,
245341,17_045_001,518,366,366,0,1,365,LISTAS,,,
245343,17_045_002,155,106,106,0,0,106,LISTAS,,,
245345,17_046_001,964,602,602,0,4,598,LISTAS,,,
245347,17_046_002,287,178,178,0,1,177,LISTAS,,,
245349,17_047_001,164,119,119,0,3,116,LISTAS,,,
245351,17_048_001,530,368,368,0,1,367,LISTAS,,,
245353,17_049_001,571,366,366,0,8,358,LISTAS,,,
245355,17_050_001,272,185,185,0,3,182,LISTAS,,,
245357,17_051_001,235,175,175,0,6,169,LISTAS,,,
245359,17_052_001,259,154,154,0,3,151,LISTAS,,,
245361,17_053_001,285,188,189,0,7,182,LISTAS,,,
245363,17_054_001,918,481,481,0,6,475,LISTAS,,,
245365,17_055_001,250,156,156,0,1,155,LISTAS,,,
245367,17_056_001,517,295,295,0,3,292,LISTAS,,,
245369,17_056_002,527,349,349,0,5,344,LISTAS,,,
245371,17_056_003,69,44,44,0,0,44,LISTAS,,,
245373,17_057_001,868,489,489,0,14,475,LISTAS,,,
245375,17_058_001,110,66,66,0,2,64,LISTAS,,,
245377,17_059_001,398,254,256,0,2,254,LISTAS,,,
245379,17_060_001,472,331,331,0,5,326,LISTAS,,,
245381,17_060_002,607,454,454,0,4,450,LISTAS,,,
245383,17_060_003,431,329,329,0,4,325,LISTAS,,,
245385,17_061_001,795,413,412,0,1,411,LISTAS,,,
245387,17_062_001,500,330,330,0,4,326,LISTAS,,,
245389,17_062_002,89,49,49,0,1,48,LISTAS,,,
245391,17_063_001,220,173,173,0,3,170,LISTAS,,,
245393,17_064_001,495,346,345,0,5,340,LISTAS,,,
245395,17_064_002,79,50,50,0,1,49,LISTAS,,,
245398,17_065_001,274,181,181,0,1,180,LISTAS,,,
245396,17_066_001,285,202,202,0,0,202,LISTAS,,,
245401,17_067_001,326,179,179,0,5,174,LISTAS,,,
245403,17_068_001,51,39,39,0,0,39,LISTAS,,,
245405,17_069_001,606,388,388,0,0,388,LISTAS,,,
245407,17_069_002,684,443,443,0,6,437,LISTAS,,,
245409,17_069_003,732,422,421,0,7,414,LISTAS,,,
245411,17_070_001,52,31,31,0,0,31,LISTAS,,,
245413,17_070_002,738,457,458,0,12,446,LISTAS,,,
245415,17_071_001,857,575,575,0,6,569,LISTAS,,,
245417,17_071_002,926,664,664,0,3,661,LISTAS,,,
245419,17_072_001,298,198,198,0,1,197,LISTAS,,,
245421,17_073_001,652,390,393,0,27,366,LISTAS,,,
245423,17_074_001,108,84,84,0,0,84,LISTAS,,,
245425,17_075_001,417,248,248,0,2,246,LISTAS,,,
245427,17_076_001,658,453,453,0,7,446,LISTAS,,,
245429,17_076_002,659,456,455,0,4,451,LISTAS,,,
245431,17_077_001,642,417,417,0,0,417,LISTAS,,,
245433,17_077_002,579,375,375,0,5,370,LISTAS,,,
245435,17_078_001,760,541,541,0,3,538,LISTAS,,,
245437,17_078_002,568,334,334,0,2,332,LISTAS,,,
245439,17_078_003,582,339,339,0,4,335,LISTAS,,,
245441,17_079_001,767,648,648,0,6,642,LISTAS,,,
245443,17_079_002,1004,750,750,0,5,745,LISTAS,,,
245445,17_079_003,909,705,705,0,3,702,LISTAS,,,
245447,17_079_004,972,706,706,0,4,702,LISTAS,,,
245449,17_079_005,967,771,771,0,11,760,LISTAS,,,
245451,17_079_006,914,715,715,0,7,708,LISTAS,,,
245453,17_079_007,1012,794,794,0,3,791,LISTAS,,,
245455,17_079_008,996,779,779,0,10,769,LISTAS,,,
245457,17_079_009,796,586,580,0,9,571,LISTAS,,,
245459,17_079_010,831,540,540,0,3,537,LISTAS,,,
245461,17_079_011,889,684,683,0,5,678,LISTAS,,,
245463,17_079_012,777,604,604,0,6,598,LISTAS,,,
245465,17_079_013,981,769,764,0,1,763,LISTAS,,,
245467,17_079_014,888,621,621,0,5,616,LISTAS,,,
245469,17_079_015,878,616,616,0,11,605,LISTAS,,,
245471,17_079_016,1653,1445,1444,-1,6,1438,LISTAS,,,
245473,17_079_017,283,187,186,0,3,183,LISTAS,,,
245475,17_080_001,613,372,370,0,4,366,LISTAS,,,
245477,17_080_002,416,274,274,0,3,271,LISTAS,,,
245479,17_080_003,65,48,48,0,0,48,LISTAS,,,
245481,17_081_001,985,713,712,0,9,703,LISTAS,,,
245483,17_081_002,741,513,514,0,12,502,LISTAS,,,
245485,17_082_001,453,306,306,0,1,305,LISTAS,,,
245487,17_083_001,787,496,496,0,6,490,LISTAS,,,
245489,17_084_001,818,508,507,0,5,502,LISTAS,,,
245491,17_085_001,429,279,279,0,1,278,LISTAS,,,
245493,17_086_001,563,389,388,0,2,386,LISTAS,,,
245495,17_086_002,180,124,124,0,3,121,LISTAS,,,
245497,17_086_003,64,43,43,0,0,43,LISTAS,,,
245499,17_087_001,942,559,559,0,5,554,LISTAS,,,
245501,17_087_002,1059,693,692,0,2,690,LISTAS,,,
245503,17_087_003,1084,714,714,0,9,705,LISTAS,,,
245505,17_088_001,527,412,404,0,5,399,LISTAS,,,
245507,17_088_002,498,389,389,0,5,384,LISTAS,,,
245509,17_089_001,164,114,114,0,7,107,LISTAS,,,
245511,17_090_001,580,416,405,0,3,402,LISTAS,,,
245513,17_090_002,442,254,254,0,2,252,LISTAS,,,
245515,17_091_001,663,407,407,0,2,405,LISTAS,,,
245517,17_092_001,479,346,346,0,6,340,LISTAS,,,
245519,17_093_001,172,120,121,0,1,120,LISTAS,,,
245521,17_094_001,545,370,370,0,3,367,LISTAS,,,
245523,17_094_002,583,388,387,0,2,385,LISTAS,,,
245525,17_094_003,583,345,345,0,5,340,LISTAS,,,
245527,17_095_001,1080,656,657,0,12,645,LISTAS,,,
245529,17_095_002,669,507,507,0,4,503,LISTAS,,,
245531,17_095_003,701,482,482,0,3,479,LISTAS,,,
245533,17_095_004,722,524,524,0,5,519,LISTAS,,,
245535,17_095_005,1850,1591,1588,-3,8,1580,LISTAS,,,
245537,17_095_006,553,432,432,0,6,426,LISTAS,,,
245539,17_095_007,539,399,400,0,11,389,LISTAS,,,
245541,17_095_008,605,465,465,0,3,462,LISTAS,,,
245543,17_095_009,459,383,383,0,2,381,LISTAS,,,
245545,17_095_010,701,542,540,0,4,536,LISTAS,,,
245547,17_095_011,1106,801,797,0,5,792,LISTAS,,,
245549,17_095_012,638,462,461,0,8,453,LISTAS,,,
245551,17_095_013,477,358,358,0,5,353,LISTAS,,,
245553,17_095_014,452,313,313,0,2,311,LISTAS,,,
245555,17_095_015,515,385,385,0,9,376,LISTAS,,,
245557,17_095_016,473,347,347,0,3,344,LISTAS,,,
245559,17_095_017,524,363,363,0,5,358,LISTAS,,,
245561,17_095_018,538,395,393,0,6,387,LISTAS,,,
245563,17_095_019,647,413,412,0,5,407,LISTAS,,,
245565,17_095_020,775,554,554,0,6,548,LISTAS,,,
245567,17_095_021,538,437,437,0,4,433,LISTAS,,,
245569,17_095_022,493,363,363,0,6,357,LISTAS,,,
245571,17_095_023,528,380,380,0,2,378,LISTAS,,,
245573,17_095_024,491,357,357,0,3,354,LISTAS,,,
245575,17_095_025,481,377,377,0,4,373,LISTAS,,,
245577,17_095_026,575,425,425,0,0,425,LISTAS,,,
245579,17_095_027,597,427,427,0,6,421,LISTAS,,,
245581,17_095_028,576,422,417,0,9,408,LISTAS,,,
245583,17_095_029,608,390,390,0,2,388,LISTAS,,,
245585,17_095_030,785,494,491,0,6,485,LISTAS,,,
245587,17_095_031,565,397,396,0,9,387,LISTAS,,,
245589,17_095_032,627,431,431,0,2,429,LISTAS,,,
245591,17_095_033,598,443,442,0,2,440,LISTAS,,,
245593,17_095_034,706,537,536,0,3,533,LISTAS,,,
245595,17_095_035,614,463,460,0,2,458,LISTAS,,,
245597,17_095_036,720,576,576,0,2,574,LISTAS,,,
245599,17_095_037,927,664,663,0,2,661,LISTAS,,,
245601,17_095_038,858,700,700,0,4,696,LISTAS,,,
245603,17_095_039,943,696,696,0,9,687,LISTAS,,,
245605,17_096_001,242,139,139,0,2,137,LISTAS,,,
245607,17_096_002,932,635,635,0,7,628,LISTAS,,,
245609,17_096_003,864,542,541,0,4,537,LISTAS,,,
245611,17_096_004,810,574,571,0,3,568,LISTAS,,,
245613,17_096_005,1018,759,756,0,5,751,LISTAS,,,
245615,17_096_006,697,487,488,0,11,477,LISTAS,,,
245617,17_096_007,260,167,167,0,1,166,LISTAS,,,
245619,17_096_008,906,712,712,0,4,708,LISTAS,,,
245621,17_096_009,562,346,344,0,7,337,LISTAS,,,
245623,17_097_001,618,399,397,0,0,397,LISTAS,,,
245625,17_097_002,288,160,160,0,1,159,LISTAS,,,
245627,17_097_003,198,101,101,0,1,100,LISTAS,,,
245629,17_097_004,608,368,368,0,2,366,LISTAS,,,
245631,17_098_001,539,330,330,0,4,326,LISTAS,,,
245633,17_098_002,530,357,357,0,3,354,LISTAS,,,
245635,17_099_001,1114,686,684,0,9,675,LISTAS,,,
245637,17_099_002,634,438,438,0,5,433,LISTAS,,,
245639,17_099_003,540,363,363,0,1,362,LISTAS,,,
245641,17_099_004,970,628,627,0,8,619,LISTAS,,,
245643,17_099_005,648,475,475,0,0,475,LISTAS,,,
245645,17_099_006,572,423,423,0,2,421,LISTAS,,,
245647,17_099_007,654,464,463,0,6,457,LISTAS,,,
245649,17_099_008,580,438,427,0,9,418,LISTAS,,,
245651,17_099_009,576,429,429,0,8,421,LISTAS,,,
245653,17_099_010,561,412,412,0,3,409,LISTAS,,,
245655,17_099_011,883,646,645,0,3,642,LISTAS,,,
245657,17_099_012,575,355,355,0,2,353,LISTAS,,,
245659,17_099_013,581,414,414,0,1,413,LISTAS,,,
245661,17_100_001,782,505,505,0,2,503,LISTAS,,,
245663,17_101_001,250,149,148,0,0,148,LISTAS,,,
245665,17_102_001,206,149,149,0,1,148,LISTAS,,,
245667,17_103_001,268,179,180,0,9,171,LISTAS,,,
245669,17_104_001,643,451,430,0,4,426,LISTAS,,,
245671,17_105_001,935,673,673,0,24,649,LISTAS,,,
245673,17_106_001,97,61,61,0,0,61,LISTAS,,,
245675,17_107_001,189,135,135,0,0,135,LISTAS,,,
245677,17_108_001,616,466,466,0,2,464,LISTAS,,,
245679,17_108_002,459,338,338,0,4,334,LISTAS,,,
245681,17_108_003,479,351,351,0,2,349,LISTAS,,,
245683,17_108_004,95,65,65,0,1,64,LISTAS,,,
245685,17_109_001,472,313,349,0,114,235,LISTAS,,,
245687,18_001_001,499,353,352,0,7,345,LISTAS,,,
245689,18_002_001,276,206,206,0,1,205,LISTAS,,,
245691,18_003_001,436,326,326,0,4,322,LISTAS,,,
245693,18_004_001,192,122,121,0,0,121,LISTAS,,,
245695,18_005_001,334,249,249,0,5,244,LISTAS,,,
245697,18_006_001,387,308,308,0,0,308,LISTAS,,,
245699,18_007_001,927,693,693,0,8,685,LISTAS,,,
245701,18_008_001,359,254,254,0,0,254,LISTAS,,,
245703,18_009_001,378,231,231,0,4,227,LISTAS,,,
245705,18_010_001,648,511,511,0,5,506,LISTAS,,,
245707,18_011_001,128,88,88,0,0,88,LISTAS,,,
245709,18_012_001,289,238,238,0,3,235,LISTAS,,,
245711,18_013_001,237,173,174,0,9,165,LISTAS,,,
245713,18_014_001,295,238,238,0,0,238,LISTAS,,,
245715,18_015_001,249,202,202,0,1,201,LISTAS,,,
245717,18_016_001,565,456,455,0,7,448,LISTAS,,,
245719,18_017_001,477,386,386,0,8,378,LISTAS,,,
245721,18_018_001,728,474,473,0,4,469,LISTAS,,,
245723,18_018_002,616,399,399,0,1,398,LISTAS,,,
245725,18_018_003,732,529,529,0,7,522,LISTAS,,,
245727,18_018_004,596,433,433,0,5,428,LISTAS,,,
245729,18_019_001,227,179,179,0,3,176,LISTAS,,,
245731,18_020_001,1071,750,750,0,6,744,LISTAS,,,
245733,18_020_002,930,724,725,0,15,710,LISTAS,,,
245735,18_020_003,946,660,661,0,11,650,LISTAS,,,
245737,18_020_004,967,750,747,0,5,742,LISTAS,,,
245739,18_020_005,1005,762,760,0,7,753,LISTAS,,,
245741,18_020_006,1052,753,753,0,6,747,LISTAS,,,
245743,18_020_007,904,598,598,0,5,593,LISTAS,,,
245745,18_020_008,1112,782,782,0,13,769,LISTAS,,,
245747,18_020_009,287,228,228,0,3,225,LISTAS,,,
245749,18_021_001,152,113,113,0,2,111,LISTAS,,,
245751,18_022_001,505,359,358,0,8,350,LISTAS,,,
245753,18_022_002,711,525,525,0,4,521,LISTAS,,,
245755,18_023_001,290,221,221,0,0,221,LISTAS,,,
245757,18_024_001,207,145,145,0,2,143,LISTAS,,,
245759,18_025_001,276,186,185,0,2,183,LISTAS,,,
245761,18_026_001,270,219,219,0,3,216,LISTAS,,,
245763,18_027_001,945,620,621,0,6,615,LISTAS,,,
245765,18_027_002,859,639,638,0,14,624,LISTAS,,,
245767,18_027_003,726,523,523,0,1,522,LISTAS,,,
245769,18_028_001,553,437,437,0,1,436,LISTAS,,,
245771,18_029_001,285,207,207,0,1,206,LISTAS,,,
245773,18_030_001,292,186,186,0,1,185,LISTAS,,,
245775,18_031_001,696,447,445,0,8,437,LISTAS,,,
245777,18_032_001,74,55,55,0,0,55,LISTAS,,,
245779,18_033_001,207,185,185,0,3,182,LISTAS,,,
245781,18_034_001,122,87,87,0,1,86,LISTAS,,,
245783,18_035_001,91,73,73,0,0,73,LISTAS,,,
245785,18_036_001,205,148,148,0,4,144,LISTAS,,,
245787,18_037_001,288,206,206,0,5,201,LISTAS,,,
245789,18_038_001,256,188,188,0,0,188,LISTAS,,,
245791,18_039_001,460,341,341,0,5,336,LISTAS,,,
245793,18_040_001,1090,869,869,0,7,862,LISTAS,,,
245795,18_041_001,381,298,300,0,14,286,LISTAS,,,
245797,18_042_001,150,135,135,0,2,133,LISTAS,,,
245799,18_043_001,216,164,163,0,0,163,LISTAS,,,
245801,18_044_001,465,340,339,0,2,337,LISTAS,,,
245803,18_045_001,350,245,245,0,0,245,LISTAS,,,
245805,18_046_001,1071,884,882,0,9,873,LISTAS,,,
245807,18_046_002,1013,843,842,0,6,836,LISTAS,,,
245809,18_047_001,565,418,417,0,3,414,LISTAS,,,
245811,18_048_001,888,594,594,0,6,588,LISTAS,,,
245813,18_049_001,225,171,171,0,0,171,LISTAS,,,
245815,18_050_001,131,106,106,0,2,104,LISTAS,,,
245817,18_051_001,894,707,707,0,5,702,LISTAS,,,
245819,18_052_001,516,377,377,0,4,373,LISTAS,,,
245821,18_053_001,67,55,55,0,0,55,LISTAS,,,
245823,18_054_001,212,159,159,0,1,158,LISTAS,,,
245825,18_055_001,154,120,120,0,1,119,LISTAS,,,
245827,18_056_001,616,423,423,0,3,420,LISTAS,,,
245829,18_057_001,116,95,95,0,1,94,LISTAS,,,
245831,18_058_001,114,95,95,0,1,94,LISTAS,,,
245833,18_059_001,235,184,184,0,1,183,LISTAS,,,
245835,18_060_001,50,47,47,0,0,47,LISTAS,,,
245837,18_061_001,114,83,83,0,0,83,LISTAS,,,
245839,18_062_001,154,142,142,0,0,142,LISTAS,,,
245841,18_063_001,629,491,491,0,1,490,LISTAS,,,
245843,18_064_001,529,307,307,0,5,302,LISTAS,,,
245845,18_065_001,711,507,507,0,4,503,LISTAS,,,
245847,18_065_002,641,457,457,0,7,450,LISTAS,,,
245849,18_066_001,36,33,33,0,0,33,LISTAS,,,
245851,18_067_001,92,77,77,0,2,75,LISTAS,,,
245853,18_068_001,387,290,290,0,6,284,LISTAS,,,
245855,18_069_001,1111,743,743,0,4,739,LISTAS,,,
245857,18_069_002,922,667,667,0,6,661,LISTAS,,,
245859,18_070_001,406,282,282,0,4,278,LISTAS,,,
245861,18_071_001,660,418,418,0,4,414,LISTAS,,,
245863,18_071_002,592,378,378,0,7,371,LISTAS,,,
245865,18_071_003,713,415,415,0,2,413,LISTAS,,,
245867,18_072_001,163,112,112,0,1,111,LISTAS,,,
245869,18_073_001,280,219,219,0,1,218,LISTAS,,,
245871,18_074_001,850,540,540,0,2,538,LISTAS,,,
245873,18_075_001,368,261,261,0,3,258,LISTAS,,,
245875,18_076_001,71,51,51,0,0,51,LISTAS,,,
245877,18_077_001,89,65,65,0,2,63,LISTAS,,,
245879,18_078_001,701,505,505,0,7,498,LISTAS,,,
245881,18_079_001,417,306,306,0,2,304,LISTAS,,,
245883,18_080_001,311,195,195,0,2,193,LISTAS,,,
245885,18_081_001,433,329,329,0,4,325,LISTAS,,,
245887,18_082_001,166,116,115,0,1,114,LISTAS,,,
245889,18_083_001,182,142,145,0,13,132,LISTAS,,,
245891,18_084_001,207,146,146,0,0,146,LISTAS,,,
245893,18_085_001,675,501,500,0,5,495,LISTAS,,,
245895,18_086_001,176,135,135,0,1,134,LISTAS,,,
245897,18_087_001,53,40,40,0,0,40,LISTAS,,,
245899,18_088_001,96,70,70,0,1,69,LISTAS,,,
245901,18_089_001,143,119,119,0,2,117,LISTAS,,,
245903,18_090_001,187,135,135,0,0,135,LISTAS,,,
245905,18_091_001,357,287,286,0,6,280,LISTAS,,,
245907,18_092_001,80,63,63,0,1,62,LISTAS,,,
245909,18_093_001,423,299,299,0,5,294,LISTAS,,,
245911,18_094_001,218,157,157,0,4,153,LISTAS,,,
245913,18_095_001,940,694,693,0,8,685,LISTAS,,,
245915,18_095_002,1006,733,733,0,9,724,LISTAS,,,
245917,18_095_003,1027,755,755,0,6,749,LISTAS,,,
245919,18_095_004,1128,873,873,0,13,860,LISTAS,,,
245921,18_095_005,1242,895,895,0,7,888,LISTAS,,,
245923,18_095_006,1107,864,864,0,7,857,LISTAS,,,
245925,18_095_007,1047,792,791,0,3,788,LISTAS,,,
245927,18_095_008,366,248,248,0,3,245,LISTAS,,,
245929,18_095_009,668,540,540,0,6,534,LISTAS,,,
245931,18_095_010,1526,1397,1401,4,31,1370,LISTAS,,,
245933,18_096_001,1152,824,824,0,4,820,LISTAS,,,
245935,18_096_002,1161,847,847,0,6,841,LISTAS,,,
245937,18_096_003,1012,690,686,0,7,679,LISTAS,,,
245939,18_096_004,1052,731,731,0,6,725,LISTAS,,,
245941,18_096_005,1008,725,725,0,9,716,LISTAS,,,
245943,18_096_006,1468,1083,1082,0,7,1075,LISTAS,,,
245945,18_096_007,997,679,679,0,8,671,LISTAS,,,
245947,18_096_008,714,560,560,0,5,555,LISTAS,,,
245949,18_096_009,418,334,334,0,2,332,LISTAS,,,
245951,18_097_001,215,170,170,0,4,166,LISTAS,,,
245953,18_098_001,148,111,111,0,3,108,LISTAS,,,
245955,18_099_001,439,330,329,0,8,321,LISTAS,,,
245957,18_100_001,90,72,72,0,2,70,LISTAS,,,
245959,18_101_001,871,686,686,0,11,675,LISTAS,,,
245961,18_102_001,639,493,493,0,2,491,LISTAS,,,
245963,18_103_001,217,182,182,0,0,182,LISTAS,,,
245965,18_104_001,347,274,274,0,4,270,LISTAS,,,
245967,18_105_001,209,165,165,0,1,164,LISTAS,,,
245969,18_106_001,554,331,331,0,6,325,LISTAS,,,
245971,18_107_001,259,186,186,0,1,185,LISTAS,,,
245973,18_108_001,463,367,367,0,1,366,LISTAS,,,
245975,18_109_001,132,96,96,0,2,94,LISTAS,,,
245977,18_110_001,174,131,131,0,3,128,LISTAS,,,
245979,18_111_001,171,132,132,0,1,131,LISTAS,,,
245981,18_112_001,250,150,150,0,2,148,LISTAS,,,
245983,18_113_001,335,262,262,0,3,259,LISTAS,,,
245985,18_114_001,206,162,162,0,0,162,LISTAS,,,
245987,18_115_001,116,86,86,0,0,86,LISTAS,,,
245989,18_116_001,98,86,86,0,1,85,LISTAS,,,
245991,18_117_001,206,166,166,0,6,160,LISTAS,,,
245993,18_118_001,778,608,607,0,6,601,LISTAS,,,
245995,18_119_001,116,57,57,0,0,57,LISTAS,,,
245997,18_120_001,380,310,310,0,0,310,LISTAS,,,
245999,18_121_001,1071,811,813,0,2,811,LISTAS,,,
246001,18_122_001,1128,886,885,0,7,878,LISTAS,,,
246003,18_123_001,508,391,384,0,4,380,LISTAS,,,
246005,18_124_001,248,206,206,0,1,205,LISTAS,,,
246007,18_125_001,231,171,171,0,5,166,LISTAS,,,
246009,18_126_001,279,211,211,0,1,210,LISTAS,,,
246011,18_127_001,295,199,200,0,8,192,LISTAS,,,
246013,18_128_001,118,88,88,0,0,88,LISTAS,,,
246015,18_129_001,22,18,18,0,1,17,LISTAS,,,
246017,18_130_001,228,159,159,0,4,155,LISTAS,,,
246019,18_131_001,437,342,342,0,3,339,LISTAS,,,
246021,18_132_001,257,194,194,0,1,193,LISTAS,,,
246023,18_133_001,322,210,210,0,2,208,LISTAS,,,
246025,18_134_001,61,46,47,0,4,43,LISTAS,,,
246027,18_135_001,632,446,446,0,2,444,LISTAS,,,
246029,18_136_001,500,366,363,0,0,363,LISTAS,,,
246031,18_137_001,79,58,58,0,0,58,LISTAS,,,
246033,18_138_001,575,407,407,0,4,403,LISTAS,,,
246035,18_139_001,173,139,139,0,2,137,LISTAS,,,
246037,18_140_001,886,695,695,0,4,691,LISTAS,,,
246039,18_141_001,342,245,245,0,2,243,LISTAS,,,
246041,18_142_001,229,177,177,0,2,175,LISTAS,,,
246043,18_143_001,223,176,176,0,2,174,LISTAS,,,
246045,18_144_001,622,471,471,0,0,471,LISTAS,,,
246047,18_145_001,532,419,419,0,2,417,LISTAS,,,
246049,18_146_001,360,290,290,0,3,287,LISTAS,,,
246051,18_147_001,174,136,136,0,3,133,LISTAS,,,
246053,18_148_001,131,98,98,0,0,98,LISTAS,,,
246055,18_149_001,274,232,232,0,5,227,LISTAS,,,
246057,18_150_001,126,88,88,0,4,84,LISTAS,,,
246059,18_151_001,212,166,166,0,3,163,LISTAS,,,
246061,18_152_001,121,98,98,0,1,97,LISTAS,,,
246063,18_153_001,692,523,523,0,7,516,LISTAS,,,
246065,18_154_001,611,483,483,0,5,478,LISTAS,,,
246067,18_155_001,744,513,511,0,4,507,LISTAS,,,
246069,18_156_001,720,453,451,0,4,447,LISTAS,,,
246071,18_156_002,651,472,472,0,7,465,LISTAS,,,
246073,18_157_001,191,151,151,0,1,150,LISTAS,,,
246075,18_158_001,236,176,176,0,2,174,LISTAS,,,
246077,18_159_001,185,125,125,0,3,122,LISTAS,,,
246079,18_160_001,618,450,451,0,11,440,LISTAS,,,
246081,18_160_002,843,664,664,0,4,660,LISTAS,,,
246083,18_160_003,604,455,455,0,2,453,LISTAS,,,
246085,18_161_001,96,78,77,0,1,76,LISTAS,,,
246087,18_162_001,317,230,230,0,0,230,LISTAS,,,
246089,18_163_001,920,608,608,0,7,601,LISTAS,,,
246091,18_164_001,246,178,178,0,3,175,LISTAS,,,
246093,18_165_001,377,282,279,0,2,277,LISTAS,,,
246095,18_166_001,78,66,66,0,0,66,LISTAS,,,
246097,18_167_001,788,615,614,0,3,611,LISTAS,,,
246099,18_167_002,528,366,366,0,6,360,LISTAS,,,
246101,18_167_003,592,451,451,0,3,448,LISTAS,,,
246103,18_167_004,653,454,454,0,10,444,LISTAS,,,
246105,18_167_005,42,32,32,0,0,32,LISTAS,,,
246107,18_167_006,645,482,481,0,2,479,LISTAS,,,
246109,18_167_007,613,471,471,0,4,467,LISTAS,,,
246111,18_167_008,761,586,586,0,7,579,LISTAS,,,
246113,18_167_009,607,440,440,0,5,435,LISTAS,,,
246115,18_167_010,864,640,638,0,6,632,LISTAS,,,
246117,18_167_011,593,399,399,0,2,397,LISTAS,,,
246119,18_167_012,656,466,466,0,1,465,LISTAS,,,
246121,18_167_013,752,548,548,0,6,542,LISTAS,,,
246123,18_167_014,779,562,562,0,2,560,LISTAS,,,
246125,18_167_015,741,531,531,0,2,529,LISTAS,,,
246127,18_167_016,980,747,745,0,5,740,LISTAS,,,
246129,18_167_017,2017,1800,1793,-7,7,1786,LISTAS,,,
246131,18_167_018,110,81,81,0,2,79,LISTAS,,,
246133,18_168_001,1078,856,856,0,6,850,LISTAS,,,
246135,18_169_001,422,314,314,0,4,310,LISTAS,,,
246137,18_170_001,572,441,441,0,4,437,LISTAS,,,
246139,18_171_001,314,221,221,0,1,220,LISTAS,,,
246141,18_171_002,135,98,98,0,0,98,LISTAS,,,
246143,18_171_003,78,51,51,0,1,50,LISTAS,,,
246145,18_172_001,184,139,139,0,2,137,LISTAS,,,
246147,18_173_001,650,474,474,0,3,471,LISTAS,,,
246149,18_174_001,529,358,358,0,4,354,LISTAS,,,
246151,18_175_001,629,526,526,0,4,522,LISTAS,,,
246153,18_176_001,46,38,38,0,1,37,LISTAS,,,
246155,18_177_001,297,233,232,0,1,231,LISTAS,,,
246157,18_178_001,179,145,145,0,1,144,LISTAS,,,
246159,18_179_001,187,162,162,0,1,161,LISTAS,,,
246161,18_180_001,52,45,45,0,0,45,LISTAS,,,
246163,18_181_001,522,383,383,0,3,380,LISTAS,,,
246165,18_182_001,274,179,178,0,4,174,LISTAS,,,
246167,18_183_001,541,345,344,0,4,340,LISTAS,,,
246169,18_183_002,647,455,455,0,8,447,LISTAS,,,
246171,18_183_003,713,500,500,0,9,491,LISTAS,,,
246173,18_183_004,632,462,461,0,6,455,LISTAS,,,
246175,18_183_005,692,570,570,0,4,566,LISTAS,,,
246177,18_183_006,636,464,464,0,6,458,LISTAS,,,
246179,18_183_007,615,482,482,0,4,478,LISTAS,,,
246181,18_183_008,378,281,280,0,0,280,LISTAS,,,
246183,18_183_009,673,541,540,0,11,529,LISTAS,,,
246185,18_183_010,212,173,173,0,3,170,LISTAS,,,
246187,18_183_011,326,243,243,0,2,241,LISTAS,,,
246189,18_183_012,267,206,206,0,2,204,LISTAS,,,
246191,18_183_013,58,45,45,0,0,45,LISTAS,,,
246193,18_184_001,814,664,664,0,9,655,LISTAS,,,
246195,18_185_001,246,158,159,0,10,149,LISTAS,,,
246197,18_186_001,850,700,699,0,5,694,LISTAS,,,
246199,18_186_002,1091,896,896,0,6,890,LISTAS,,,
246201,18_186_003,892,727,728,0,12,716,LISTAS,,,
246203,18_186_004,840,697,697,0,8,689,LISTAS,,,
246205,18_186_005,1080,877,877,0,5,872,LISTAS,,,
246207,18_186_006,935,704,704,0,7,697,LISTAS,,,
246209,18_186_007,941,770,770,0,3,767,LISTAS,,,
246211,18_186_008,823,611,610,0,7,603,LISTAS,,,
246213,18_186_009,687,473,472,0,3,469,LISTAS,,,
246215,18_186_010,680,427,427,0,3,424,LISTAS,,,
246217,18_186_011,781,617,605,0,5,600,LISTAS,,,
246219,18_186_012,901,723,723,0,10,713,LISTAS,,,
246221,18_186_013,854,662,660,0,4,656,LISTAS,,,
246223,18_186_014,778,549,549,0,2,547,LISTAS,,,
246225,18_186_015,806,598,598,0,3,595,LISTAS,,,
246227,18_186_016,719,498,498,0,2,496,LISTAS,,,
246229,18_186_017,711,520,520,0,12,508,LISTAS,,,
246231,18_186_018,790,586,586,0,3,583,LISTAS,,,
246233,18_186_019,818,593,593,0,4,589,LISTAS,,,
246235,18_186_020,808,578,579,0,8,571,LISTAS,,,
246237,18_186_021,784,555,555,0,5,550,LISTAS,,,
246239,18_186_022,759,529,529,0,7,522,LISTAS,,,
246241,18_186_023,782,555,545,0,4,541,LISTAS,,,
246243,18_186_024,756,531,531,0,8,523,LISTAS,,,
246245,18_186_025,718,499,499,0,7,492,LISTAS,,,
246247,18_186_026,912,664,664,0,5,659,LISTAS,,,
246249,18_186_027,818,630,633,0,24,609,LISTAS,,,
246251,18_186_028,658,446,446,0,7,439,LISTAS,,,
246253,18_186_029,752,574,574,0,6,568,LISTAS,,,
246255,18_186_030,1057,827,825,0,9,816,LISTAS,,,
246257,18_186_031,686,452,452,0,3,449,LISTAS,,,
246259,18_186_032,655,443,443,0,1,442,LISTAS,,,
246261,18_186_033,937,661,661,0,5,656,LISTAS,,,
246263,18_186_034,842,622,622,0,6,616,LISTAS,,,
246265,18_186_035,989,815,815,0,6,809,LISTAS,,,
246267,18_186_036,885,631,630,0,4,626,LISTAS,,,
246269,18_186_037,632,487,487,0,2,485,LISTAS,,,
246271,18_186_038,954,683,683,0,12,671,LISTAS,,,
246273,18_186_039,885,637,637,0,4,633,LISTAS,,,
246275,18_186_040,734,443,443,0,5,438,LISTAS,,,
246277,18_186_041,800,544,543,0,3,540,LISTAS,,,
246279,18_186_042,736,506,506,0,5,501,LISTAS,,,
246281,18_186_043,762,597,597,0,1,596,LISTAS,,,
246283,18_186_044,838,611,611,0,2,609,LISTAS,,,
246285,18_186_045,1049,795,794,0,10,784,LISTAS,,,
246287,18_186_046,776,557,557,0,10,547,LISTAS,,,
246289,18_186_047,992,777,777,0,6,771,LISTAS,,,
246291,18_186_048,812,626,625,0,0,625,LISTAS,,,
246293,18_186_049,960,626,624,0,10,614,LISTAS,,,
246295,18_186_050,834,631,630,0,9,621,LISTAS,,,
246297,18_186_051,1143,864,864,0,13,851,LISTAS,,,
246299,18_186_052,696,541,541,0,5,536,LISTAS,,,
246301,18_186_053,805,668,668,0,3,665,LISTAS,,,
246303,18_186_054,1034,861,860,0,2,858,LISTAS,,,
246305,18_186_055,1097,895,894,0,7,887,LISTAS,,,
246307,18_186_056,695,557,557,0,1,556,LISTAS,,,
246309,18_186_057,808,675,675,0,4,671,LISTAS,,,
246311,18_186_058,652,504,504,0,4,500,LISTAS,,,
246313,18_186_059,794,620,618,0,3,615,LISTAS,,,
246315,18_186_060,782,644,644,0,6,638,LISTAS,,,
246317,18_186_061,2303,2119,2119,0,16,2103,LISTAS,,,
246319,18_186_062,628,504,503,0,6,497,LISTAS,,,
246321,18_186_063,965,780,780,0,9,771,LISTAS,,,
246323,18_186_064,1133,848,848,0,5,843,LISTAS,,,
246325,18_186_065,763,584,583,0,7,576,LISTAS,,,
246327,18_186_066,864,658,659,0,10,649,LISTAS,,,
246329,18_186_067,610,484,483,0,5,478,LISTAS,,,
246331,18_186_068,1238,939,939,0,5,934,LISTAS,,,
246333,18_186_069,1235,998,998,0,13,985,LISTAS,,,
246335,18_186_070,1092,878,877,0,10,867,LISTAS,,,
246337,18_186_071,718,570,570,0,2,568,LISTAS,,,
246341,18_187_001,264,195,195,0,3,192,LISTAS,,,
246343,18_188_001,621,475,475,0,5,470,LISTAS,,,
246345,18_189_001,1047,739,739,0,8,731,LISTAS,,,
246347,18_189_002,959,715,716,0,11,705,LISTAS,,,
246349,18_190_001,395,282,282,0,4,278,LISTAS,,,
246351,18_191_001,287,222,222,0,1,221,LISTAS,,,
246353,18_192_001,230,200,200,0,3,197,LISTAS,,,
246356,18_193_001,246,196,197,0,6,191,LISTAS,,,
246354,18_194_001,841,642,642,0,4,638,LISTAS,,,
246359,18_194_002,705,463,463,0,8,455,LISTAS,,,
246361,18_195_001,232,189,189,0,2,187,LISTAS,,,
246363,18_196_001,389,252,252,0,3,249,LISTAS,,,
246365,18_196_002,286,200,200,0,2,198,LISTAS,,,
246367,18_197_001,276,210,210,0,0,210,LISTAS,,,
246369,18_198_001,310,250,250,0,0,250,LISTAS,,,
246371,18_199_001,290,225,225,0,4,221,LISTAS,,,
246373,18_200_001,313,237,237,0,2,235,LISTAS,,,
246375,18_201_001,272,235,235,0,7,228,LISTAS,,,
246377,18_202_001,635,513,513,0,3,510,LISTAS,,,
246379,18_203_001,283,210,210,0,1,209,LISTAS,,,
246381,18_204_001,469,354,354,0,2,352,LISTAS,,,
246383,18_204_002,632,478,478,0,8,470,LISTAS,,,
246385,18_205_001,334,248,248,0,5,243,LISTAS,,,
246387,18_206_001,575,437,436,0,3,433,LISTAS,,,
246389,18_206_002,607,448,448,0,6,442,LISTAS,,,
246391,18_206_003,643,446,446,0,5,441,LISTAS,,,
246393,18_206_004,659,491,491,0,6,485,LISTAS,,,
246395,18_206_005,630,459,460,0,7,453,LISTAS,,,
246397,18_206_006,98,78,78,0,3,75,LISTAS,,,
246399,18_206_007,52,40,40,0,0,40,LISTAS,,,
246401,18_207_001,245,203,203,0,0,203,LISTAS,,,
246403,18_208_001,274,209,209,0,2,207,LISTAS,,,
246405,18_209_001,540,399,399,0,8,391,LISTAS,,,
246407,18_210_001,316,243,243,0,1,242,LISTAS,,,
246409,18_211_001,54,45,45,0,1,44,LISTAS,,,
246411,18_212_001,708,432,431,0,4,427,LISTAS,,,
246413,18_212_002,643,439,440,0,9,431,LISTAS,,,
246415,18_212_003,670,515,515,0,5,510,LISTAS,,,
246417,18_212_004,636,490,488,0,0,488,LISTAS,,,
246419,18_213_001,223,185,185,0,2,183,LISTAS,,,
246421,18_214_001,573,418,417,0,6,411,LISTAS,,,
246423,18_215_001,82,65,65,0,0,65,LISTAS,,,
246425,18_216_001,172,115,115,0,0,115,LISTAS,,,
246427,19_001_001,663,465,465,0,7,458,LISTAS,,,
246429,19_002_001,298,196,196,0,2,194,LISTAS,,,
246431,19_003_001,879,629,629,0,6,623,LISTAS,,,
246433,19_003_002,949,688,686,0,6,680,LISTAS,,,
246435,19_003_003,665,493,493,0,0,493,LISTAS,,,
246437,19_003_004,1011,760,760,0,3,757,LISTAS,,,
246439,19_003_005,673,434,434,0,12,422,LISTAS,,,
246441,19_003_006,830,511,511,0,4,507,LISTAS,,,
246443,19_003_007,577,385,384,0,4,380,LISTAS,,,
246445,19_003_008,780,558,555,0,4,551,LISTAS,,,
246447,19_003_009,849,491,491,0,9,482,LISTAS,,,
246449,19_003_010,778,493,493,0,1,492,LISTAS,,,
246451,19_003_011,668,478,478,0,2,476,LISTAS,,,
246453,19_003_012,910,583,583,0,3,580,LISTAS,,,
246455,19_003_013,588,397,397,0,0,397,LISTAS,,,
246457,19_003_014,919,613,615,0,6,609,LISTAS,,,
246459,19_003_015,661,381,381,0,4,377,LISTAS,,,
246461,19_003_016,714,460,460,0,6,454,LISTAS,,,
246463,19_003_017,605,432,432,0,0,432,LISTAS,,,
246465,19_003_018,820,633,633,0,4,629,LISTAS,,,
246467,19_003_019,769,577,577,0,2,575,LISTAS,,,
246469,19_003_020,702,545,543,0,3,540,LISTAS,,,
246471,19_003_021,770,549,548,0,1,547,LISTAS,,,
246473,19_003_022,968,670,669,0,10,659,LISTAS,,,
246475,19_003_023,775,495,495,0,1,494,LISTAS,,,
246477,19_003_024,430,252,252,0,5,247,LISTAS,,,
246479,19_003_025,896,684,682,0,8,674,LISTAS,,,
246481,19_003_026,893,707,707,0,3,704,LISTAS,,,
246483,19_003_027,794,450,450,0,7,443,LISTAS,,,
246485,19_003_028,579,396,396,0,4,392,LISTAS,,,
246487,19_003_029,916,591,591,0,6,585,LISTAS,,,
246489,19_004_001,765,590,590,0,1,589,LISTAS,,,
246491,19_004_002,759,598,595,0,3,592,LISTAS,,,
246493,19_005_001,134,87,87,0,0,87,LISTAS,,,
246495,19_006_001,367,307,307,0,2,305,LISTAS,,,
246497,19_007_001,456,369,369,0,4,365,LISTAS,,,
246499,19_008_001,608,471,471,0,5,466,LISTAS,,,
246501,19_008_002,521,378,378,0,0,378,LISTAS,,,
246503,19_008_003,573,402,402,0,4,398,LISTAS,,,
246505,19_009_001,695,502,502,0,4,498,LISTAS,,,
246507,19_010_001,938,688,687,0,4,683,LISTAS,,,
246509,19_011_001,564,412,413,0,10,403,LISTAS,,,
246511,19_012_001,175,125,125,0,2,123,LISTAS,,,
246513,19_013_001,786,527,526,0,4,522,LISTAS,,,
246515,19_014_001,375,255,255,0,1,254,LISTAS,,,
246517,19_015_001,327,205,205,0,1,204,LISTAS,,,
246519,19_016_001,49,37,37,0,0,37,LISTAS,,,
246521,19_017_001,163,117,117,0,7,110,LISTAS,,,
246523,19_018_001,657,448,448,0,5,443,LISTAS,,,
246525,19_019_001,231,180,180,0,2,178,LISTAS,,,
246527,19_020_001,492,339,339,0,4,335,LISTAS,,,
246529,19_021_001,582,445,442,0,3,439,LISTAS,,,
246531,19_022_001,921,700,698,0,4,694,LISTAS,,,
246533,19_022_002,856,653,653,0,5,648,LISTAS,,,
246535,19_022_003,1076,841,841,0,4,837,LISTAS,,,
246537,19_022_004,756,569,569,0,2,567,LISTAS,,,
246539,19_022_005,911,745,739,0,4,735,LISTAS,,,
246541,19_022_006,1080,770,768,0,3,765,LISTAS,,,
246543,19_022_007,1083,825,824,0,5,819,LISTAS,,,
246545,19_022_008,999,778,777,0,10,767,LISTAS,,,
246547,19_023_001,190,133,131,0,2,129,LISTAS,,,
246549,19_024_001,817,608,606,0,4,602,LISTAS,,,
246551,19_025_001,1082,710,710,0,3,707,LISTAS,,,
246553,19_026_001,4278,3724,3719,-5,23,3696,LISTAS,,,
246555,19_026_002,1141,789,789,0,8,781,LISTAS,,,
246557,19_026_003,1360,965,965,0,7,958,LISTAS,,,
246559,19_026_004,1304,883,882,0,10,872,LISTAS,,,
246561,19_026_005,1387,1011,1010,0,7,1003,LISTAS,,,
246563,19_026_006,1309,966,966,0,4,962,LISTAS,,,
246565,19_026_007,1297,966,946,0,8,938,LISTAS,,,
246567,19_026_008,1416,1087,1087,0,7,1080,LISTAS,,,
246569,19_027_001,791,593,593,0,1,592,LISTAS,,,
246571,19_027_002,797,611,611,0,3,608,LISTAS,,,
246573,19_027_003,599,421,420,0,3,417,LISTAS,,,
246575,19_027_004,737,488,488,0,3,485,LISTAS,,,
246577,19_027_005,674,519,519,0,3,516,LISTAS,,,
246579,19_028_001,104,82,82,0,1,81,LISTAS,,,
246581,19_029_001,743,555,555,0,1,554,LISTAS,,,
246583,19_029_002,698,489,489,0,3,486,LISTAS,,,
246585,19_029_003,695,519,518,0,5,513,LISTAS,,,
246587,19_030_001,144,100,100,0,2,98,LISTAS,,,
246589,19_031_001,351,258,258,0,0,258,LISTAS,,,
246591,19_032_001,519,388,388,0,0,388,LISTAS,,,
246593,19_033_001,282,224,224,0,1,223,LISTAS,,,
246595,19_035_001,100,78,78,0,0,78,LISTAS,,,
246597,19_036_001,351,222,222,0,4,218,LISTAS,,,
246599,19_037_001,532,438,427,0,7,420,LISTAS,,,
246601,19_038_001,808,419,419,0,5,414,LISTAS,,,
246603,19_038_002,800,430,430,0,8,422,LISTAS,,,
246605,19_038_003,826,434,434,0,7,427,LISTAS,,,
246607,19_038_004,908,589,588,0,8,580,LISTAS,,,
246609,19_038_005,595,360,360,0,3,357,LISTAS,,,
246611,19_038_006,562,401,401,0,6,395,LISTAS,,,
246613,19_039_001,197,145,144,0,2,142,LISTAS,,,
246615,19_040_001,173,116,116,0,0,116,LISTAS,,,
246617,19_041_001,75,51,51,0,0,51,LISTAS,,,
246619,19_042_001,295,200,200,0,2,198,LISTAS,,,
246621,19_043_001,603,438,438,0,1,437,LISTAS,,,
246623,19_044_001,629,476,476,0,5,471,LISTAS,,,
246625,19_044_002,629,386,386,0,4,382,LISTAS,,,
246627,19_044_003,712,454,454,0,3,451,LISTAS,,,
246629,19_044_004,282,88,88,0,0,88,LISTAS,,,
246631,19_044_005,54,53,53,0,0,53,LISTAS,,,
246633,19_045_001,665,443,443,0,4,439,LISTAS,,,
246635,19_046_001,231,184,184,0,7,177,LISTAS,,,
246637,19_047_001,418,305,304,0,0,304,LISTAS,,,
246639,19_048_001,712,527,517,0,4,513,LISTAS,,,
246641,19_048_002,757,560,558,0,3,555,LISTAS,,,
246643,19_049_001,738,564,563,0,13,550,LISTAS,,,
246645,19_049_002,854,689,687,0,13,674,LISTAS,,,
246647,19_050_001,756,521,521,0,7,514,LISTAS,,,
246649,19_051_001,483,330,330,0,2,328,LISTAS,,,
246651,19_052_001,346,223,223,0,2,221,LISTAS,,,
246653,19_053_001,328,196,196,0,1,195,LISTAS,,,
246655,19_054_001,344,257,256,0,1,255,LISTAS,,,
246657,19_055_001,883,470,470,0,7,463,LISTAS,,,
246659,19_055_002,872,507,507,0,7,500,LISTAS,,,
246661,19_055_003,858,543,543,0,6,537,LISTAS,,,
246663,19_055_004,839,473,473,0,4,469,LISTAS,,,
246665,19_056_001,373,252,252,0,2,250,LISTAS,,,
246667,19_057_001,232,176,176,0,2,174,LISTAS,,,
246669,19_058_001,219,170,170,0,4,166,LISTAS,,,
246671,19_059_001,689,440,440,0,4,436,LISTAS,,,
246673,19_059_002,677,482,482,0,5,477,LISTAS,,,
246675,19_060_001,179,149,149,0,2,147,LISTAS,,,
246677,19_061_001,395,260,260,0,4,256,LISTAS,,,
246679,19_062_001,448,353,353,0,2,351,LISTAS,,,
246681,19_063_001,309,236,237,0,11,226,LISTAS,,,
246683,19_064_001,1496,1166,1165,0,7,1158,LISTAS,,,
246685,19_065_001,205,161,161,0,2,159,LISTAS,,,
246687,19_066_001,301,209,210,0,9,201,LISTAS,,,
246689,19_067_001,284,211,211,0,1,210,LISTAS,,,
246691,19_068_001,620,389,377,0,2,375,LISTAS,,,
246693,19_069_001,276,172,172,0,2,170,LISTAS,,,
246695,19_070_001,567,385,385,0,1,384,LISTAS,,,
246697,19_071_001,904,609,610,0,8,602,LISTAS,,,
246699,19_071_002,710,471,471,0,6,465,LISTAS,,,
246701,19_071_003,785,384,384,0,3,381,LISTAS,,,
246703,19_072_001,905,585,585,0,1,584,LISTAS,,,
246705,19_073_001,544,414,413,0,4,409,LISTAS,,,
246707,19_074_001,141,119,119,0,1,118,LISTAS,,,
246709,19_075_001,211,158,158,0,0,158,LISTAS,,,
246711,19_076_001,702,549,549,0,6,543,LISTAS,,,
246713,19_076_002,693,515,515,0,4,511,LISTAS,,,
246715,19_076_003,671,503,504,0,7,497,LISTAS,,,
246717,19_076_004,704,502,503,0,9,494,LISTAS,,,
246719,19_077_001,74,42,42,0,0,42,LISTAS,,,
246721,19_078_001,358,286,286,0,1,285,LISTAS,,,
246723,19_079_001,555,393,391,0,5,386,LISTAS,,,
246725,19_080_001,46,36,36,0,0,36,LISTAS,,,
246727,19_081_001,270,205,205,0,1,204,LISTAS,,,
246729,19_082_001,588,448,447,0,8,439,LISTAS,,,
246731,19_083_001,286,189,189,0,3,186,LISTAS,,,
246733,19_084_001,307,213,213,0,3,210,LISTAS,,,
246735,19_085_001,204,141,141,0,1,140,LISTAS,,,
246737,19_086_001,634,398,398,0,5,393,LISTAS,,,
246739,19_087_001,391,301,301,0,0,301,LISTAS,,,
246741,19_088_001,366,264,264,0,3,261,LISTAS,,,
246743,19_089_001,500,361,361,0,3,358,LISTAS,,,
246745,19_090_001,445,283,283,0,1,282,LISTAS,,,
246747,19_091_001,51,41,41,0,0,41,LISTAS,,,
246749,19_092_001,402,284,284,0,3,281,LISTAS,,,
246751,19_093_001,293,204,204,0,0,204,LISTAS,,,
246753,19_094_001,76,39,39,0,1,38,LISTAS,,,
246755,19_095_001,92,66,66,0,1,65,LISTAS,,,
246757,19_096_001,993,655,655,0,6,649,LISTAS,,,
246759,19_097_001,58,42,42,0,0,42,LISTAS,,,
246761,19_098_001,91,53,53,0,3,50,LISTAS,,,
246763,19_099_001,562,376,376,0,2,374,LISTAS,,,
246765,19_100_001,284,221,220,0,4,216,LISTAS,,,
246767,19_101_001,549,379,378,0,5,373,LISTAS,,,
246769,19_102_001,343,228,228,0,3,225,LISTAS,,,
246771,19_103_001,568,384,384,0,13,371,LISTAS,,,
246773,19_104_001,414,273,273,0,3,270,LISTAS,,,
246775,19_105_001,243,164,163,0,2,161,LISTAS,,,
246777,19_106_001,778,529,522,0,7,515,LISTAS,,,
246779,19_107_001,728,456,456,0,5,451,LISTAS,,,
246781,19_108_001,847,610,611,0,9,602,LISTAS,,,
246783,19_108_002,877,664,664,0,3,661,LISTAS,,,
246785,19_109_001,395,317,317,0,2,315,LISTAS,,,
246787,19_110_001,942,611,611,0,8,603,LISTAS,,,
246789,19_111_001,363,255,255,0,2,253,LISTAS,,,
246791,19_112_001,395,258,258,0,4,254,LISTAS,,,
246793,19_113_001,1096,775,776,0,27,749,LISTAS,,,
246795,19_114_001,424,336,336,0,1,335,LISTAS,,,
246797,19_115_001,314,213,213,0,2,211,LISTAS,,,
246799,19_116_001,411,285,285,0,1,284,LISTAS,,,
246801,19_116_002,204,151,151,0,1,150,LISTAS,,,
246803,19_117_001,622,443,443,0,7,436,LISTAS,,,
246805,19_117_002,696,596,596,0,10,586,LISTAS,,,
246807,19_118_001,21,16,16,0,0,16,LISTAS,,,
246809,19_119_001,231,176,177,0,7,170,LISTAS,,,
246811,19_120_001,742,515,517,0,17,500,LISTAS,,,
246813,19_121_001,618,401,401,0,9,392,LISTAS,,,
246815,19_122_001,193,141,141,0,2,139,LISTAS,,,
246817,19_123_001,893,641,641,0,6,635,LISTAS,,,
246819,19_124_001,82,67,67,0,0,67,LISTAS,,,
246821,19_125_001,517,358,358,0,1,357,LISTAS,,,
246823,19_126_001,404,273,273,0,2,271,LISTAS,,,
246825,19_127_001,259,177,177,0,0,177,LISTAS,,,
246827,19_128_001,918,628,628,0,14,614,LISTAS,,,
246829,19_129_001,447,342,342,0,2,340,LISTAS,,,
246831,19_130_001,224,153,153,0,3,150,LISTAS,,,
246833,19_131_001,447,334,333,0,8,325,LISTAS,,,
246835,19_132_001,803,583,582,0,2,580,LISTAS,,,
246837,19_132_002,605,399,399,0,3,396,LISTAS,,,
246839,19_133_001,528,380,380,0,0,380,LISTAS,,,
246841,19_134_001,794,607,607,0,10,597,LISTAS,,,
246843,19_135_001,289,194,194,0,0,194,LISTAS,,,
246845,19_136_001,711,458,458,0,2,456,LISTAS,,,
246847,19_137_001,1168,895,896,0,17,879,LISTAS,,,
246849,19_137_002,1167,899,889,0,6,883,LISTAS,,,
246851,19_138_001,278,205,205,0,2,203,LISTAS,,,
246853,19_139_001,77,65,65,0,1,64,LISTAS,,,
246855,19_140_001,770,470,470,0,2,468,LISTAS,,,
246857,19_141_001,168,141,141,0,1,140,LISTAS,,,
246859,19_142_001,699,527,527,0,3,524,LISTAS,,,
246861,19_143_001,799,515,515,0,5,510,LISTAS,,,
246863,19_143_002,695,433,431,0,3,428,LISTAS,,,
246865,19_144_001,828,606,606,0,6,600,LISTAS,,,
246867,19_145_001,109,75,76,0,8,68,LISTAS,,,
246869,19_146_001,46,42,42,0,1,41,LISTAS,,,
246871,19_147_001,162,98,98,0,0,98,LISTAS,,,
246873,19_148_001,132,108,108,0,2,106,LISTAS,,,
246875,19_149_001,1046,723,723,0,4,719,LISTAS,,,
246877,19_149_002,807,539,539,0,3,536,LISTAS,,,
246879,19_150_001,870,569,569,0,1,568,LISTAS,,,
246881,19_150_002,732,511,511,0,1,510,LISTAS,,,
246883,19_151_001,445,359,359,0,1,358,LISTAS,,,
246885,19_152_001,1050,658,658,0,3,655,LISTAS,,,
246887,19_152_002,183,129,129,0,4,125,LISTAS,,,
246889,19_153_001,810,545,544,0,3,541,LISTAS,,,
246891,19_153_002,2280,1920,1917,-3,22,1895,LISTAS,,,
246893,19_153_003,732,427,426,0,5,421,LISTAS,,,
246895,19_153_004,663,502,503,0,8,495,LISTAS,,,
246897,19_153_005,798,625,625,0,2,623,LISTAS,,,
246899,19_153_006,883,620,620,0,6,614,LISTAS,,,
246901,19_153_007,884,608,608,0,2,606,LISTAS,,,
246903,19_153_008,513,398,398,0,4,394,LISTAS,,,
246905,19_153_009,601,512,511,0,3,508,LISTAS,,,
246907,19_153_010,870,694,692,0,7,685,LISTAS,,,
246909,19_153_011,955,769,769,0,6,763,LISTAS,,,
246911,19_153_012,606,464,462,0,8,454,LISTAS,,,
246913,19_153_013,665,461,461,0,1,460,LISTAS,,,
246915,19_153_014,746,490,490,0,6,484,LISTAS,,,
246917,19_153_015,1020,716,716,0,3,713,LISTAS,,,
246919,19_153_016,945,600,600,0,11,589,LISTAS,,,
246921,19_153_017,604,430,428,0,1,427,LISTAS,,,
246923,19_153_018,770,480,479,0,3,476,LISTAS,,,
246925,19_153_019,633,487,486,0,1,485,LISTAS,,,
246927,19_153_020,355,260,260,0,3,257,LISTAS,,,
246929,19_153_021,692,545,545,0,2,543,LISTAS,,,
246931,19_153_022,633,501,501,0,2,499,LISTAS,,,
246933,19_153_023,943,727,726,0,4,722,LISTAS,,,
246935,19_153_024,744,511,510,0,4,506,LISTAS,,,
246937,19_153_025,629,465,465,0,3,462,LISTAS,,,
246939,19_153_026,600,415,415,0,6,409,LISTAS,,,
246941,19_153_027,597,403,403,0,5,398,LISTAS,,,
246943,19_153_028,833,606,606,0,4,602,LISTAS,,,
246945,19_153_029,769,493,493,0,7,486,LISTAS,,,
246947,19_153_030,947,594,593,0,2,591,LISTAS,,,
246949,19_153_031,682,533,533,0,9,524,LISTAS,,,
246951,19_154_001,223,181,181,0,2,179,LISTAS,,,
246953,19_155_001,453,322,322,0,4,318,LISTAS,,,
246955,19_156_001,267,157,157,0,2,155,LISTAS,,,
246957,19_157_001,917,608,607,0,25,582,LISTAS,,,
246959,19_158_001,465,346,346,0,5,341,LISTAS,,,
246961,19_159_001,280,222,222,0,3,219,LISTAS,,,
246963,19_160_001,585,383,383,0,4,379,LISTAS,,,
246965,19_160_002,817,595,595,0,6,589,LISTAS,,,
246967,19_160_003,717,437,437,0,4,433,LISTAS,,,
246969,19_160_004,815,571,571,0,3,568,LISTAS,,,
246971,19_160_005,734,471,471,0,2,469,LISTAS,,,
246973,19_161_001,375,267,267,0,8,259,LISTAS,,,
246975,19_162_001,148,100,100,0,2,98,LISTAS,,,
246977,19_163_001,302,172,172,0,1,171,LISTAS,,,
246979,19_164_001,204,163,163,0,3,160,LISTAS,,,
246981,19_165_001,942,706,706,0,8,698,LISTAS,,,
246983,19_166_001,148,92,92,0,3,89,LISTAS,,,
246985,19_167_001,58,44,44,0,0,44,LISTAS,,,
246987,19_168_001,226,178,178,0,1,177,LISTAS,,,
246989,19_169_001,231,135,135,0,2,133,LISTAS,,,
246991,19_170_001,504,371,371,0,9,362,LISTAS,,,
246993,19_171_001,863,509,509,0,9,500,LISTAS,,,
246995,19_172_001,73,49,49,0,1,48,LISTAS,,,
246997,19_173_001,421,322,322,0,1,321,LISTAS,,,
246999,19_174_001,763,525,525,0,4,521,LISTAS,,,
247001,19_174_002,596,422,422,0,5,417,LISTAS,,,
247003,19_174_003,562,348,348,0,3,345,LISTAS,,,
247005,19_174_004,695,476,476,0,5,471,LISTAS,,,
247007,19_174_005,651,498,498,0,1,497,LISTAS,,,
247009,19_174_006,769,572,572,0,5,567,LISTAS,,,
247011,19_174_007,711,462,461,0,4,457,LISTAS,,,
247013,19_175_001,485,339,339,0,3,336,LISTAS,,,
247015,19_176_001,386,285,285,0,2,283,LISTAS,,,
247017,19_177_001,363,223,223,0,3,220,LISTAS,,,
247019,19_178_001,174,153,153,0,0,153,LISTAS,,,
247021,19_179_001,767,512,512,0,6,506,LISTAS,,,
247023,19_179_002,686,471,471,0,6,465,LISTAS,,,
247025,19_179_003,709,445,443,0,4,439,LISTAS,,,
247027,19_180_001,151,96,96,0,3,93,LISTAS,,,
247029,19_181_001,92,67,67,0,1,66,LISTAS,,,
247031,19_182_001,810,577,577,0,7,570,LISTAS,,,
247033,19_182_002,816,625,624,0,6,618,LISTAS,,,
247035,19_183_001,749,543,543,0,3,540,LISTAS,,,
247037,19_184_001,330,187,186,0,3,183,LISTAS,,,
247039,19_185_001,78,63,63,0,1,62,LISTAS,,,
247041,19_186_001,658,472,471,0,0,471,LISTAS,,,
247043,19_187_001,528,369,365,0,5,360,LISTAS,,,
247045,19_188_001,831,650,650,0,8,642,LISTAS,,,
247047,19_188_002,895,597,597,0,6,591,LISTAS,,,
247049,19_188_003,1031,617,617,0,4,613,LISTAS,,,
247051,19_188_004,748,504,506,0,18,488,LISTAS,,,
247053,19_188_005,839,621,621,0,3,618,LISTAS,,,
247055,19_188_006,2851,2503,2521,18,107,2414,LISTAS,,,
247057,19_188_007,820,575,575,0,6,569,LISTAS,,,
247059,19_188_008,798,617,620,0,18,602,LISTAS,,,
247061,19_188_009,725,544,544,0,11,533,LISTAS,,,
247063,19_188_010,930,615,615,0,9,606,LISTAS,,,
247065,19_188_011,739,503,503,0,1,502,LISTAS,,,
247067,19_188_012,845,628,627,0,2,625,LISTAS,,,
247069,19_188_013,741,546,546,0,7,539,LISTAS,,,
247071,19_188_014,641,508,508,0,4,504,LISTAS,,,
247073,19_188_015,701,528,528,0,3,525,LISTAS,,,
247076,19_189_001,694,502,497,0,5,492,LISTAS,,,
247074,19_190_001,1036,782,780,0,3,777,LISTAS,,,
247079,19_191_001,1088,785,785,0,10,775,LISTAS,,,
247081,19_192_001,443,310,310,0,2,308,LISTAS,,,
247083,19_193_001,1027,688,689,0,21,668,LISTAS,,,
247085,19_194_001,257,162,162,0,1,161,LISTAS,,,
247087,19_195_001,261,198,198,0,1,197,LISTAS,,,
247089,19_196_001,837,544,542,0,7,535,LISTAS,,,
247091,19_196_002,763,527,527,0,6,521,LISTAS,,,
247093,19_197_001,432,277,277,0,4,273,LISTAS,,,
247095,19_198_001,615,434,434,0,2,432,LISTAS,,,
247097,19_198_002,613,465,464,0,3,461,LISTAS,,,
247099,19_199_001,142,101,101,0,1,100,LISTAS,,,
247101,19_200_001,1063,709,708,0,16,692,LISTAS,,,
247103,19_201_001,712,404,404,0,2,402,LISTAS,,,
247105,19_201_002,914,545,545,0,6,539,LISTAS,,,
247107,19_201_003,741,498,498,0,8,490,LISTAS,,,
247109,19_201_004,909,612,607,0,4,603,LISTAS,,,
247111,19_201_005,1010,680,680,0,3,677,LISTAS,,,
247113,19_201_006,1018,701,702,0,10,692,LISTAS,,,
247115,19_201_007,675,476,475,0,8,467,LISTAS,,,
247117,19_201_008,718,507,507,0,4,503,LISTAS,,,
247119,19_201_009,674,506,506,0,9,497,LISTAS,,,
247121,19_201_010,659,440,440,0,0,440,LISTAS,,,
247123,19_201_011,758,481,481,0,5,476,LISTAS,,,
247125,19_201_012,680,448,444,0,0,444,LISTAS,,,
247127,19_201_013,871,606,604,0,3,601,LISTAS,,,
247129,19_201_014,1083,818,818,0,5,813,LISTAS,,,
247131,19_201_015,1079,802,802,0,5,797,LISTAS,,,
247133,19_201_016,977,637,636,0,7,629,LISTAS,,,
247135,19_201_017,769,562,561,0,4,557,LISTAS,,,
247137,19_201_018,732,529,529,0,7,522,LISTAS,,,
247139,19_201_019,772,429,429,0,7,422,LISTAS,,,
247141,19_202_001,214,174,174,0,1,173,LISTAS,,,
247143,19_203_001,581,312,316,0,25,291,LISTAS,,,
247145,19_203_002,2697,2365,2361,-4,8,2353,LISTAS,,,
247147,19_203_003,864,654,652,0,11,641,LISTAS,,,
247149,19_203_004,1069,873,873,0,1,872,LISTAS,,,
247151,19_203_005,790,654,654,0,5,649,LISTAS,,,
247153,19_203_006,676,550,545,0,5,540,LISTAS,,,
247155,19_203_007,799,657,655,0,4,651,LISTAS,,,
247157,19_203_008,1008,808,808,0,8,800,LISTAS,,,
247159,19_203_009,757,576,574,0,4,570,LISTAS,,,
247161,19_203_010,798,617,615,0,3,612,LISTAS,,,
247163,19_203_011,884,731,731,0,5,726,LISTAS,,,
247165,19_203_012,781,606,606,0,4,602,LISTAS,,,
247167,19_203_013,1050,868,867,0,10,857,LISTAS,,,
247169,19_203_014,735,630,630,0,8,622,LISTAS,,,
247171,19_203_015,541,402,402,0,8,394,LISTAS,,,
247173,19_203_016,599,414,413,0,7,406,LISTAS,,,
247175,19_203_017,564,452,452,0,2,450,LISTAS,,,
247177,19_203_018,631,494,493,0,1,492,LISTAS,,,
247179,19_203_019,641,525,525,0,5,520,LISTAS,,,
247181,19_203_020,630,551,548,0,1,547,LISTAS,,,
247183,19_203_021,817,688,688,0,6,682,LISTAS,,,
247185,19_203_022,635,467,467,0,3,464,LISTAS,,,
247187,19_203_023,735,557,559,0,16,543,LISTAS,,,
247189,19_203_024,963,756,756,0,10,746,LISTAS,,,
247191,19_203_025,1004,731,731,0,3,728,LISTAS,,,
247193,19_203_026,877,681,681,0,9,672,LISTAS,,,
247195,19_203_027,1018,819,818,0,9,809,LISTAS,,,
247197,19_203_028,548,339,339,0,4,335,LISTAS,,,
247199,19_203_029,764,608,607,0,3,604,LISTAS,,,
247201,19_203_030,637,528,527,0,5,522,LISTAS,,,
247203,19_203_031,1006,812,812,0,8,804,LISTAS,,,
247205,19_203_032,889,736,732,0,4,728,LISTAS,,,
247207,19_203_033,631,423,423,0,6,417,LISTAS,,,
247209,19_203_034,895,632,632,0,11,621,LISTAS,,,
247211,19_203_035,813,561,561,0,3,558,LISTAS,,,
247213,19_203_036,789,536,535,0,6,529,LISTAS,,,
247215,19_203_037,554,361,361,0,3,358,LISTAS,,,
247217,19_203_038,740,506,506,0,2,504,LISTAS,,,
247219,19_203_039,627,409,409,0,3,406,LISTAS,,,
247221,19_203_040,817,593,594,0,11,583,LISTAS,,,
247223,19_203_041,549,323,324,0,9,315,LISTAS,,,
247225,19_203_042,638,438,438,0,5,433,LISTAS,,,
247227,19_203_043,746,491,491,0,3,488,LISTAS,,,
247229,19_203_044,867,590,590,0,7,583,LISTAS,,,
247231,19_203_045,714,525,525,0,1,524,LISTAS,,,
247233,19_203_046,593,430,430,0,1,429,LISTAS,,,
247235,19_203_047,547,423,423,0,1,422,LISTAS,,,
247237,19_203_048,413,334,334,0,0,334,LISTAS,,,
247239,19_203_049,695,543,543,0,5,538,LISTAS,,,
247241,19_203_050,1092,859,851,0,3,848,LISTAS,,,
247243,19_203_051,838,633,633,0,6,627,LISTAS,,,
247245,19_203_052,216,168,168,0,2,166,LISTAS,,,
247247,19_203_053,1151,892,890,0,2,888,LISTAS,,,
247249,19_203_054,780,603,602,0,2,600,LISTAS,,,
247251,19_203_055,726,571,571,0,5,566,LISTAS,,,
247253,19_203_056,746,533,533,0,5,528,LISTAS,,,
247255,19_204_001,196,166,166,0,4,162,LISTAS,,,
247257,19_205_001,224,163,163,0,2,161,LISTAS,,,
247259,19_206_001,98,56,56,0,2,54,LISTAS,,,
247261,19_207_001,150,103,103,0,0,103,LISTAS,,,
247263,19_208_001,560,411,412,0,14,398,LISTAS,,,
247265,19_209_001,184,146,146,0,0,146,LISTAS,,,
247267,19_210_001,79,62,62,0,0,62,LISTAS,,,
247269,19_211_001,197,117,117,0,0,117,LISTAS,,,
247271,19_212_001,342,241,241,0,3,238,LISTAS,,,
247273,19_213_001,985,637,637,0,2,635,LISTAS,,,
247275,19_214_001,50,32,32,0,0,32,LISTAS,,,
247277,19_215_001,117,89,89,0,0,89,LISTAS,,,
247279,19_216_001,754,585,585,0,13,572,LISTAS,,,
247281,19_217_001,725,507,507,0,3,504,LISTAS,,,
247283,19_217_002,697,472,469,0,2,467,LISTAS,,,
247285,19_217_003,752,536,536,0,4,532,LISTAS,,,
247287,19_217_004,735,535,533,0,4,529,LISTAS,,,
247289,19_217_005,804,618,617,0,3,614,LISTAS,,,
247291,19_217_006,676,516,516,0,4,512,LISTAS,,,
247293,19_217_007,940,720,720,0,6,714,LISTAS,,,
247295,19_218_001,798,589,591,0,15,576,LISTAS,,,
247297,20_001_001,330,251,251,0,1,250,LISTAS,,,
247299,20_002_001,60,44,44,0,0,44,LISTAS,,,
247301,20_003_001,550,364,364,0,2,362,LISTAS,,,
247303,20_004_001,1129,837,836,0,13,823,LISTAS,,,
247305,20_005_001,264,149,149,0,1,148,LISTAS,,,
247307,20_006_001,45,43,43,0,1,42,LISTAS,,,
247309,20_007_001,407,286,286,0,4,282,LISTAS,,,
247311,20_008_001,30,24,26,0,4,22,LISTAS,,,
247313,20_009_001,971,712,713,0,20,693,LISTAS,,,
247315,20_010_001,631,461,462,0,13,449,LISTAS,,,
247317,20_010_002,652,473,473,0,6,467,LISTAS,,,
247319,20_011_001,261,182,182,0,3,179,LISTAS,,,
247321,20_012_001,915,701,701,0,2,699,LISTAS,,,
247323,20_013_001,352,201,201,0,3,198,LISTAS,,,
247325,20_014_001,94,76,76,0,2,74,LISTAS,,,
247327,20_015_001,301,184,184,0,2,182,LISTAS,,,
247329,20_016_001,479,303,303,0,1,302,LISTAS,,,
247331,20_017_001,444,317,317,0,4,313,LISTAS,,,
247333,20_017_002,109,82,82,0,1,81,LISTAS,,,
247335,20_018_001,608,390,389,0,3,386,LISTAS,,,
247337,20_018_002,554,413,413,0,4,409,LISTAS,,,
247339,20_018_003,459,294,294,0,1,293,LISTAS,,,
247341,20_019_001,625,426,426,0,7,419,LISTAS,,,
247343,20_020_001,572,357,357,0,5,352,LISTAS,,,
247345,20_021_001,82,62,62,0,1,61,LISTAS,,,
247347,20_022_001,109,88,88,0,1,87,LISTAS,,,
247349,20_023_001,919,684,684,0,10,674,LISTAS,,,
247351,20_024_001,234,144,144,0,1,143,LISTAS,,,
247353,20_025_001,275,221,221,0,2,219,LISTAS,,,
247355,20_026_001,553,350,350,0,6,344,LISTAS,,,
247357,20_027_001,211,158,157,0,5,152,LISTAS,,,
247359,20_028_001,217,158,158,0,0,158,LISTAS,,,
247361,20_029_001,34,32,32,0,0,32,LISTAS,,,
247363,20_030_001,43,30,30,0,0,30,LISTAS,,,
247365,20_031_001,560,443,442,0,0,442,LISTAS,,,
247367,20_032_001,165,106,106,0,2,104,LISTAS,,,
247369,20_033_001,121,85,85,0,3,82,LISTAS,,,
247371,20_034_001,421,324,324,0,5,319,LISTAS,,,
247373,20_035_001,1175,881,880,0,10,870,LISTAS,,,
247375,20_035_002,1183,858,858,0,10,848,LISTAS,,,
247377,20_036_001,32,14,14,0,0,14,LISTAS,,,
247379,20_037_001,680,515,511,0,6,505,LISTAS,,,
247381,20_038_001,270,212,212,0,6,206,LISTAS,,,
247383,20_039_001,66,55,55,0,1,54,LISTAS,,,
247385,20_040_001,466,306,306,0,0,306,LISTAS,,,
247387,20_041_001,304,201,201,0,4,197,LISTAS,,,
247389,20_042_001,347,237,237,0,1,236,LISTAS,,,
247391,20_043_001,133,98,98,0,1,97,LISTAS,,,
247393,20_044_001,125,106,106,0,0,106,LISTAS,,,
247395,20_045_001,64,54,54,0,1,53,LISTAS,,,
247397,20_046_001,24,22,22,0,1,21,LISTAS,,,
247399,20_047_001,237,154,154,0,1,153,LISTAS,,,
247401,20_048_001,828,631,630,0,6,624,LISTAS,,,
247403,20_049_001,547,404,404,0,1,403,LISTAS,,,
247405,20_050_001,322,206,206,0,3,203,LISTAS,,,
247407,20_051_001,539,387,387,0,1,386,LISTAS,,,
247409,20_052_001,588,410,410,0,7,403,LISTAS,,,
247411,20_053_001,14,13,13,0,0,13,LISTAS,,,
247413,20_054_001,523,374,375,0,8,367,LISTAS,,,
247415,20_055_001,102,78,78,0,0,78,LISTAS,,,
247417,20_056_001,934,571,571,0,3,568,LISTAS,,,
247419,20_057_001,496,291,288,0,7,281,LISTAS,,,
247421,20_058_001,46,36,36,0,1,35,LISTAS,,,
247423,20_059_001,758,568,568,0,0,568,LISTAS,,,
247425,20_059_002,461,352,353,0,7,346,LISTAS,,,
247427,20_060_001,842,546,546,0,5,541,LISTAS,,,
247429,20_061_001,205,146,146,0,1,145,LISTAS,,,
247431,20_062_001,68,46,46,0,0,46,LISTAS,,,
247433,20_063_001,35,24,24,0,0,24,LISTAS,,,
247435,20_064_001,44,36,36,0,0,36,LISTAS,,,
247437,20_065_001,238,166,166,0,0,166,LISTAS,,,
247439,20_066_001,621,439,439,0,5,434,LISTAS,,,
247441,20_066_002,189,112,112,0,0,112,LISTAS,,,
247443,20_067_001,1027,764,763,0,3,760,LISTAS,,,
247445,20_067_002,1015,774,772,0,8,764,LISTAS,,,
247447,20_067_003,935,702,701,0,3,698,LISTAS,,,
247449,20_068_001,57,34,34,0,0,34,LISTAS,,,
247451,20_069_001,227,175,175,0,2,173,LISTAS,,,
247453,20_070_001,340,218,217,0,1,216,LISTAS,,,
247455,20_070_002,405,268,267,0,3,264,LISTAS,,,
247457,20_070_003,96,65,64,0,0,64,LISTAS,,,
247459,20_071_001,66,41,41,0,1,40,LISTAS,,,
247461,20_072_001,541,383,382,0,4,378,LISTAS,,,
247463,20_072_002,635,461,460,0,2,458,LISTAS,,,
247465,20_072_003,771,548,546,0,3,543,LISTAS,,,
247467,20_072_004,712,537,537,0,4,533,LISTAS,,,
247469,20_072_005,908,709,709,0,9,700,LISTAS,,,
247471,20_073_001,202,125,125,0,3,122,LISTAS,,,
247473,20_074_001,136,102,102,0,0,102,LISTAS,,,
247475,20_075_001,277,215,215,0,2,213,LISTAS,,,
247477,20_076_001,16,11,11,0,0,11,LISTAS,,,
247479,20_077_001,236,166,166,0,2,164,LISTAS,,,
247481,20_078_001,157,105,105,0,1,104,LISTAS,,,
247483,20_079_001,80,60,60,0,0,60,LISTAS,,,
247485,20_080_001,558,403,403,0,3,400,LISTAS,,,
247487,20_081_001,113,86,86,0,4,82,LISTAS,,,
247489,20_082_001,104,69,69,0,2,67,LISTAS,,,
247491,20_083_001,175,138,138,0,1,137,LISTAS,,,
247493,20_084_001,572,382,382,0,4,378,LISTAS,,,
247495,20_084_002,301,234,234,0,3,231,LISTAS,,,
247497,20_085_001,124,88,88,0,0,88,LISTAS,,,
247499,20_085_002,260,175,175,0,2,173,LISTAS,,,
247501,20_086_001,74,42,42,0,0,42,LISTAS,,,
247503,20_087_001,175,90,90,0,3,87,LISTAS,,,
247505,20_088_001,236,164,164,0,3,161,LISTAS,,,
247507,20_089_001,99,83,83,0,1,82,LISTAS,,,
247509,20_090_001,89,68,67,0,0,67,LISTAS,,,
247511,20_091_001,182,124,124,0,0,124,LISTAS,,,
247513,20_092_001,138,103,103,0,0,103,LISTAS,,,
247515,20_093_001,834,583,584,0,16,568,LISTAS,,,
247517,20_093_002,744,501,500,0,5,495,LISTAS,,,
247519,20_093_003,920,638,638,0,7,631,LISTAS,,,
247521,20_093_004,901,712,712,0,10,702,LISTAS,,,
247523,20_093_005,876,667,667,0,4,663,LISTAS,,,
247525,20_093_006,1067,748,748,0,6,742,LISTAS,,,
247527,20_093_007,444,262,262,0,1,261,LISTAS,,,
247529,20_093_008,795,581,582,0,10,572,LISTAS,,,
247531,20_093_009,677,490,489,0,6,483,LISTAS,,,
247533,20_093_010,908,685,685,0,8,677,LISTAS,,,
247535,20_093_011,1005,783,781,0,5,776,LISTAS,,,
247537,20_093_012,789,617,617,0,4,613,LISTAS,,,
247539,20_093_013,3494,3126,3122,-4,12,3110,LISTAS,,,
247541,20_093_014,1038,649,649,0,8,641,LISTAS,,,
247543,20_093_015,973,683,683,0,8,675,LISTAS,,,
247545,20_093_016,989,676,672,0,4,668,LISTAS,,,
247547,20_093_017,910,663,664,0,11,653,LISTAS,,,
247549,20_094_001,185,119,119,0,1,118,LISTAS,,,
247551,20_095_001,367,277,277,0,1,276,LISTAS,,,
247553,20_096_001,142,119,118,0,1,117,LISTAS,,,
247555,20_097_001,129,78,78,0,2,76,LISTAS,,,
247557,20_098_001,156,126,126,0,4,122,LISTAS,,,
247559,20_099_001,234,184,184,0,2,182,LISTAS,,,
247561,20_100_001,141,99,99,0,1,98,LISTAS,,,
247564,20_101_001,126,90,90,0,0,90,LISTAS,,,
247562,20_102_001,138,96,96,0,4,92,LISTAS,,,
247567,20_103_001,41,35,35,0,0,35,LISTAS,,,
247569,20_104_001,25,24,24,0,0,24,LISTAS,,,
247571,20_105_001,389,269,269,0,0,269,LISTAS,,,
247573,20_106_001,58,42,41,0,0,41,LISTAS,,,
247575,20_107_001,381,300,300,0,1,299,LISTAS,,,
247577,20_108_001,47,29,29,0,0,29,LISTAS,,,
247579,20_109_001,24,20,20,0,0,20,LISTAS,,,
247581,20_110_001,33,27,27,0,3,24,LISTAS,,,
247583,20_111_001,950,722,722,0,7,715,LISTAS,,,
247585,20_111_002,889,675,674,0,4,670,LISTAS,,,
247587,20_111_003,628,500,500,0,2,498,LISTAS,,,
247589,20_111_004,762,554,554,0,3,551,LISTAS,,,
247591,20_111_005,590,464,464,0,4,460,LISTAS,,,
247593,20_111_006,902,752,751,0,6,745,LISTAS,,,
247595,20_111_007,453,346,346,0,3,343,LISTAS,,,
247597,20_111_008,272,211,211,0,3,208,LISTAS,,,
247599,20_111_009,257,186,186,0,3,183,LISTAS,,,
247601,20_111_010,226,174,174,0,4,170,LISTAS,,,
247603,20_111_011,126,91,91,0,0,91,LISTAS,,,
247605,20_112_001,628,420,420,0,5,415,LISTAS,,,
247607,20_112_002,744,477,477,0,3,474,LISTAS,,,
247609,20_112_003,765,525,526,0,11,515,LISTAS,,,
247611,20_112_004,613,390,390,0,4,386,LISTAS,,,
247613,20_112_005,473,294,294,0,1,293,LISTAS,,,
247615,20_113_001,152,114,114,0,3,111,LISTAS,,,
247617,20_114_001,47,37,37,0,1,36,LISTAS,,,
247619,20_115_001,63,37,37,0,2,35,LISTAS,,,
247621,20_115_002,152,97,97,0,0,97,LISTAS,,,
247623,20_116_001,309,215,215,0,2,213,LISTAS,,,
247625,20_117_001,928,606,606,0,4,602,LISTAS,,,
247627,20_118_001,39,30,30,0,0,30,LISTAS,,,
247629,20_119_001,209,154,154,0,1,153,LISTAS,,,
247631,20_120_001,364,253,253,0,0,253,LISTAS,,,
247633,20_121_001,62,38,38,0,0,38,LISTAS,,,
247635,20_122_001,39,37,37,0,0,37,LISTAS,,,
247637,20_123_001,572,380,381,0,1,380,LISTAS,,,
247639,20_124_001,281,212,212,0,2,210,LISTAS,,,
247641,20_125_001,218,125,125,0,3,122,LISTAS,,,
247643,20_126_001,248,182,182,0,5,177,LISTAS,,,
247645,20_127_001,227,170,170,0,3,167,LISTAS,,,
247647,20_128_001,574,394,388,0,5,383,LISTAS,,,
247649,20_129_001,801,540,540,0,2,538,LISTAS,,,
247651,20_129_002,541,312,312,0,2,310,LISTAS,,,
247653,20_130_001,186,136,136,0,1,135,LISTAS,,,
247655,20_131_001,190,127,127,0,2,125,LISTAS,,,
247657,20_131_002,90,71,71,0,2,69,LISTAS,,,
247659,20_131_003,84,53,53,0,2,51,LISTAS,,,
247661,20_132_001,315,224,225,0,5,220,LISTAS,,,
247663,20_133_001,131,95,95,0,2,93,LISTAS,,,
247665,20_134_001,847,626,627,0,9,618,LISTAS,,,
247667,20_134_002,1013,830,828,0,3,825,LISTAS,,,
247669,20_134_003,781,536,535,0,4,531,LISTAS,,,
247671,20_134_004,1146,748,748,0,12,736,LISTAS,,,
247673,20_134_005,948,735,735,0,10,725,LISTAS,,,
247675,20_134_006,1000,724,724,0,8,716,LISTAS,,,
247677,20_134_007,639,455,455,0,3,452,LISTAS,,,
247679,20_134_008,961,596,596,0,6,590,LISTAS,,,
247681,20_134_009,1138,807,808,0,9,799,LISTAS,,,
247683,20_134_010,977,674,675,0,12,663,LISTAS,,,
247685,20_134_011,771,611,609,0,6,603,LISTAS,,,
247687,20_134_012,671,447,446,0,5,441,LISTAS,,,
247689,20_134_013,849,650,650,0,2,648,LISTAS,,,
247691,20_134_014,966,612,612,0,4,608,LISTAS,,,
247693,20_134_015,1033,789,789,0,2,787,LISTAS,,,
247695,20_134_016,844,386,386,0,3,383,LISTAS,,,
247697,20_134_017,2229,2025,2019,-6,8,2011,LISTAS,,,
247699,20_134_018,947,723,723,0,5,718,LISTAS,,,
247701,20_134_019,942,593,591,0,6,585,LISTAS,,,
247703,20_134_020,777,511,510,0,4,506,LISTAS,,,
247705,20_134_021,756,508,508,0,1,507,LISTAS,,,
247707,20_134_022,958,655,655,0,4,651,LISTAS,,,
247709,20_134_023,1022,713,712,0,4,708,LISTAS,,,
247711,20_134_024,706,506,506,0,4,502,LISTAS,,,
247713,20_134_025,743,479,479,0,1,478,LISTAS,,,
247715,20_134_026,1139,701,701,0,5,696,LISTAS,,,
247717,20_134_027,1167,841,845,0,27,818,LISTAS,,,
247719,20_134_028,1091,752,753,0,12,741,LISTAS,,,
247721,20_134_029,1056,750,751,0,13,738,LISTAS,,,
247723,20_134_030,911,583,583,0,8,575,LISTAS,,,
247725,20_134_031,710,492,492,0,5,487,LISTAS,,,
247727,20_134_032,797,627,627,0,3,624,LISTAS,,,
247729,20_134_033,891,658,658,0,3,655,LISTAS,,,
247731,20_134_034,1175,924,924,0,6,918,LISTAS,,,
247733,20_134_035,1179,868,866,0,8,858,LISTAS,,,
247735,20_134_036,498,329,329,0,4,325,LISTAS,,,
247737,20_134_037,794,598,597,0,1,596,LISTAS,,,
247739,20_134_038,894,646,643,0,3,640,LISTAS,,,
247741,20_134_039,1130,830,828,0,0,828,LISTAS,,,
247743,20_134_040,1076,760,761,0,12,749,LISTAS,,,
247747,20_135_001,707,464,464,0,2,462,LISTAS,,,
247749,20_136_001,351,275,275,0,2,273,LISTAS,,,
247751,20_137_001,402,299,299,0,4,295,LISTAS,,,
247753,20_138_001,408,316,316,0,4,312,LISTAS,,,
247755,20_139_001,368,232,232,0,3,229,LISTAS,,,
247757,20_140_001,860,634,634,0,3,631,LISTAS,,,
247759,20_141_001,386,275,275,0,3,272,LISTAS,,,
247761,20_142_001,521,368,368,0,5,363,LISTAS,,,
247763,20_143_001,221,156,156,0,1,155,LISTAS,,,
247765,20_144_001,94,80,80,0,4,76,LISTAS,,,
247767,20_145_001,217,161,161,0,3,158,LISTAS,,,
247769,20_146_001,265,176,176,0,0,176,LISTAS,,,
247771,20_147_001,228,163,163,0,3,160,LISTAS,,,
247773,20_148_001,209,150,150,0,0,150,LISTAS,,,
247775,20_149_001,158,136,136,0,2,134,LISTAS,,,
247777,20_150_001,613,443,443,0,1,442,LISTAS,,,
247779,20_151_001,190,109,109,0,3,106,LISTAS,,,
247781,20_152_001,86,66,66,0,1,65,LISTAS,,,
247783,20_153_001,83,70,70,0,3,67,LISTAS,,,
247785,20_154_001,300,178,178,0,3,175,LISTAS,,,
247787,20_155_001,93,54,54,0,1,53,LISTAS,,,
247789,20_156_001,144,105,105,0,2,103,LISTAS,,,
247791,20_157_001,435,281,281,0,3,278,LISTAS,,,
247793,20_158_001,629,364,364,0,2,362,LISTAS,,,
247795,20_158_002,633,425,425,0,5,420,LISTAS,,,
247797,20_159_001,87,56,56,0,0,56,LISTAS,,,
247799,20_160_001,678,419,419,0,0,419,LISTAS,,,
247801,20_161_001,144,100,100,0,3,97,LISTAS,,,
247803,20_162_001,782,554,554,0,4,550,LISTAS,,,
247805,20_162_002,111,64,64,0,0,64,LISTAS,,,
247807,20_163_001,141,108,108,0,2,106,LISTAS,,,
247809,20_164_001,343,234,233,0,4,229,LISTAS,,,
247811,20_165_001,287,226,226,0,3,223,LISTAS,,,
247813,20_166_001,284,203,203,0,4,199,LISTAS,,,
247815,20_167_001,739,519,519,0,7,512,LISTAS,,,
247817,20_168_001,215,169,169,0,2,167,LISTAS,,,
247819,20_169_001,644,439,439,0,4,435,LISTAS,,,
247821,20_170_001,295,176,176,0,3,173,LISTAS,,,
247823,20_171_001,40,30,30,0,0,30,LISTAS,,,
247825,20_172_001,222,166,166,0,0,166,LISTAS,,,
247827,20_173_001,21,20,20,0,0,20,LISTAS,,,
247829,20_174_001,130,109,109,0,0,109,LISTAS,,,
247831,20_175_001,418,273,273,0,7,266,LISTAS,,,
247833,20_176_001,461,361,360,0,2,358,LISTAS,,,
247835,20_177_001,24,18,18,0,0,18,LISTAS,,,
247837,20_178_001,218,133,133,0,2,131,LISTAS,,,
247839,20_179_001,1017,690,690,0,6,684,LISTAS,,,
247841,20_180_001,765,516,518,0,13,505,LISTAS,,,
247843,20_181_001,315,226,226,0,1,225,LISTAS,,,
247845,20_182_001,477,350,349,0,4,345,LISTAS,,,
247847,20_183_001,300,216,216,0,4,212,LISTAS,,,
247849,20_184_001,601,432,432,0,8,424,LISTAS,,,
247851,20_185_001,759,488,488,0,6,482,LISTAS,,,
247853,20_185_002,706,450,450,0,6,444,LISTAS,,,
247855,20_186_001,456,314,314,0,1,313,LISTAS,,,
247857,20_187_001,49,42,42,0,0,42,LISTAS,,,
247859,20_188_001,689,506,505,0,4,501,LISTAS,,,
247861,20_189_001,531,328,328,0,1,327,LISTAS,,,
247863,20_189_002,620,379,379,0,7,372,LISTAS,,,
247865,20_190_001,484,341,341,0,3,338,LISTAS,,,
247867,20_191_001,464,352,352,0,5,347,LISTAS,,,
247869,20_192_001,153,111,111,0,0,111,LISTAS,,,
247871,20_193_001,266,195,195,0,0,195,LISTAS,,,
247873,20_194_001,310,218,218,0,1,217,LISTAS,,,
247875,20_195_001,49,41,41,0,1,40,LISTAS,,,
247877,20_196_001,230,160,160,0,1,159,LISTAS,,,
247879,20_197_001,71,39,39,0,0,39,LISTAS,,,
247881,20_198_001,102,60,60,0,2,58,LISTAS,,,
247883,20_199_001,673,345,345,0,8,337,LISTAS,,,
247885,20_200_001,598,399,399,0,4,395,LISTAS,,,
247887,20_200_002,633,386,386,0,5,381,LISTAS,,,
247889,20_201_001,169,129,129,0,2,127,LISTAS,,,
247891,20_202_001,21,9,9,0,0,9,LISTAS,,,
247893,20_203_001,146,115,115,0,1,114,LISTAS,,,
247895,20_204_001,924,737,737,0,4,733,LISTAS,,,
247897,20_205_001,76,62,62,0,0,62,LISTAS,,,
247899,20_205_002,55,47,47,0,0,47,LISTAS,,,
247901,20_206_001,263,202,202,0,2,200,LISTAS,,,
247903,20_207_001,416,281,281,0,4,277,LISTAS,,,
247905,20_208_001,527,376,376,0,5,371,LISTAS,,,
247907,20_209_001,654,399,399,0,1,398,LISTAS,,,
247909,20_210_001,414,297,297,0,4,293,LISTAS,,,
247911,20_210_002,470,306,306,0,0,306,LISTAS,,,
247913,20_211_001,526,257,257,0,8,249,LISTAS,,,
247915,20_211_002,721,476,476,0,5,471,LISTAS,,,
247917,20_212_001,783,515,515,0,3,512,LISTAS,,,
247919,20_213_001,43,36,36,0,0,36,LISTAS,,,
247921,20_214_001,469,331,331,0,3,328,LISTAS,,,
247923,20_215_001,230,196,196,0,0,196,LISTAS,,,
247925,20_215_002,59,47,47,0,2,45,LISTAS,,,
247927,20_216_001,94,64,64,0,0,64,LISTAS,,,
247929,20_217_001,152,100,100,0,1,99,LISTAS,,,
247931,20_218_001,823,574,574,0,2,572,LISTAS,,,
247933,20_219_001,90,68,68,0,1,67,LISTAS,,,
247935,20_220_001,63,37,37,0,0,37,LISTAS,,,
247937,20_221_001,275,199,199,0,2,197,LISTAS,,,
247939,20_222_001,1000,737,735,0,9,726,LISTAS,,,
247941,20_222_002,820,580,579,0,2,577,LISTAS,,,
247943,20_223_001,70,57,57,0,0,57,LISTAS,,,
247945,20_224_001,166,114,114,0,5,109,LISTAS,,,
247947,20_225_001,619,399,399,0,4,395,LISTAS,,,
247949,20_225_002,553,392,392,0,2,390,LISTAS,,,
247951,20_226_001,494,328,328,0,1,327,LISTAS,,,
247953,20_227_001,567,350,350,0,1,349,LISTAS,,,
247955,20_228_001,283,203,203,0,4,199,LISTAS,,,
247957,20_229_001,765,496,496,0,12,484,LISTAS,,,
247959,20_230_001,391,288,288,0,3,285,LISTAS,,,
247961,20_231_001,731,539,539,0,3,536,LISTAS,,,
247963,20_231_002,907,707,707,0,2,705,LISTAS,,,
247965,20_231_003,1096,832,833,0,19,814,LISTAS,,,
247967,20_231_004,989,766,766,0,7,759,LISTAS,,,
247969,20_231_005,749,453,452,0,6,446,LISTAS,,,
247971,20_231_006,1400,1027,1027,0,13,1014,LISTAS,,,
247973,20_231_007,745,522,521,0,6,515,LISTAS,,,
247975,20_231_008,629,437,437,0,11,426,LISTAS,,,
247977,20_231_009,855,623,623,0,6,617,LISTAS,,,
247979,20_231_010,799,579,580,0,18,562,LISTAS,,,
247981,20_231_011,659,492,492,0,7,485,LISTAS,,,
247983,20_231_012,931,660,659,0,6,653,LISTAS,,,
247985,20_231_013,1069,788,785,0,2,783,LISTAS,,,
247987,20_231_014,848,567,567,0,9,558,LISTAS,,,
247989,20_231_015,860,594,593,0,9,584,LISTAS,,,
247991,20_231_016,1023,645,645,0,4,641,LISTAS,,,
247993,20_231_017,927,697,697,0,13,684,LISTAS,,,
247995,20_231_018,854,645,643,0,3,640,LISTAS,,,
247997,20_231_019,846,617,617,0,14,603,LISTAS,,,
247999,20_231_020,863,656,656,0,7,649,LISTAS,,,
248001,20_231_021,1098,866,864,0,8,856,LISTAS,,,
248003,20_231_022,857,624,624,0,7,617,LISTAS,,,
248005,20_231_023,1091,840,841,0,14,827,LISTAS,,,
248007,20_231_024,2982,2691,2681,-10,15,2666,LISTAS,,,
248009,20_231_025,563,417,417,0,4,413,LISTAS,,,
248011,20_231_026,1347,998,997,0,14,983,LISTAS,,,
248013,20_231_027,919,629,629,0,6,623,LISTAS,,,
248015,20_231_028,1326,915,915,0,14,901,LISTAS,,,
248017,20_231_029,807,589,587,0,12,575,LISTAS,,,
248019,20_231_030,538,318,318,0,5,313,LISTAS,,,
248021,20_231_031,621,385,385,0,1,384,LISTAS,,,
248023,20_231_032,692,471,471,0,3,468,LISTAS,,,
248025,20_231_033,743,498,498,0,9,489,LISTAS,,,
248027,20_231_034,912,684,685,0,11,674,LISTAS,,,
248029,20_231_035,808,635,635,0,1,634,LISTAS,,,
248031,20_231_036,942,682,681,0,8,673,LISTAS,,,
248033,20_231_037,976,752,752,0,8,744,LISTAS,,,
248035,20_231_038,799,593,593,0,5,588,LISTAS,,,
248037,20_231_039,756,552,552,0,6,546,LISTAS,,,
248039,20_231_040,968,750,750,0,12,738,LISTAS,,,
248041,20_231_041,1011,778,778,0,4,774,LISTAS,,,
248043,20_231_042,644,494,494,0,1,493,LISTAS,,,
248045,20_231_043,885,685,684,0,9,675,LISTAS,,,
248047,20_231_044,872,656,655,0,5,650,LISTAS,,,
248049,20_231_045,773,550,550,0,4,546,LISTAS,,,
248051,20_231_046,773,557,557,0,7,550,LISTAS,,,
248053,20_231_047,658,520,520,0,3,517,LISTAS,,,
248055,20_231_048,1286,951,950,0,5,945,LISTAS,,,
248057,20_231_049,971,739,738,0,12,726,LISTAS,,,
248059,20_231_050,658,463,463,0,3,460,LISTAS,,,
248061,20_231_051,634,508,508,0,1,507,LISTAS,,,
248063,20_232_001,290,228,228,0,0,228,LISTAS,,,
248065,20_233_001,81,60,60,0,2,58,LISTAS,,,
248067,20_234_001,300,218,218,0,1,217,LISTAS,,,
248069,20_235_001,868,625,624,0,3,621,LISTAS,,,
248071,20_235_002,1002,654,654,0,4,650,LISTAS,,,
248073,20_236_001,656,381,374,0,6,368,LISTAS,,,
248075,20_236_002,649,401,401,0,1,400,LISTAS,,,
248077,20_236_003,691,438,437,0,0,437,LISTAS,,,
248079,20_237_001,27,25,25,0,1,24,LISTAS,,,
248081,20_238_001,465,346,346,0,1,345,LISTAS,,,
248083,20_238_002,517,387,387,0,5,382,LISTAS,,,
248085,20_238_003,493,340,340,0,6,334,LISTAS,,,
248087,20_238_004,515,350,350,0,1,349,LISTAS,,,
248089,20_238_005,199,143,143,0,3,140,LISTAS,,,
248091,20_238_006,68,54,54,0,0,54,LISTAS,,,
248093,20_239_001,136,102,102,0,0,102,LISTAS,,,
248095,20_240_001,94,67,67,0,1,66,LISTAS,,,
248097,20_241_001,407,270,270,0,6,264,LISTAS,,,
248099,20_242_001,721,488,488,0,5,483,LISTAS,,,
248101,20_243_001,651,470,470,0,4,466,LISTAS,,,
248103,20_244_001,604,403,403,0,3,400,LISTAS,,,
248105,20_244_002,642,478,478,0,3,475,LISTAS,,,
248107,20_244_003,762,533,533,0,6,527,LISTAS,,,
248109,20_244_004,989,714,714,0,5,709,LISTAS,,,
248111,20_244_005,450,307,307,0,5,302,LISTAS,,,
248113,20_244_006,501,366,366,0,0,366,LISTAS,,,
248115,20_244_007,140,90,90,0,3,87,LISTAS,,,
248117,20_244_008,265,167,167,0,0,167,LISTAS,,,
248119,20_244_009,215,121,121,0,1,120,LISTAS,,,
248121,20_244_010,388,283,283,0,2,281,LISTAS,,,
248123,20_245_001,349,276,276,0,2,274,LISTAS,,,
248125,20_246_001,805,574,572,0,4,568,LISTAS,,,
248127,20_247_001,233,153,153,0,4,149,LISTAS,,,
248129,20_248_001,367,265,265,0,3,262,LISTAS,,,
248131,20_248_002,214,127,127,0,0,127,LISTAS,,,
248133,20_249_001,221,164,164,0,3,161,LISTAS,,,
248135,20_250_001,53,45,45,0,0,45,LISTAS,,,
248137,20_251_001,790,493,492,0,1,491,LISTAS,,,
248139,20_252_001,40,36,36,0,0,36,LISTAS,,,
248141,20_253_001,482,343,335,0,3,332,LISTAS,,,
248143,20_254_001,79,64,64,0,1,63,LISTAS,,,
248145,20_255_001,699,443,443,0,2,441,LISTAS,,,
248147,20_256_001,278,191,191,0,4,187,LISTAS,,,
248149,20_257_001,44,31,31,0,0,31,LISTAS,,,
248151,20_258_001,364,249,249,0,0,249,LISTAS,,,
248152,Levél,456129,,,-350,582,267834,LEVEL,318083,268766,268416
