JKV_AZONOSITO,SZAVAZOKOR,VALASZTOPOLGAR,MEGJELENTEK,URNABAN_LEVO,ELTERES,ERVENYTELEN,ERVENYES,TIPUS,ERVENYES_SZAVAZASI_IRATOK,IRATOKBAN_LEVO_SZAVAZOLAP
62320,01_001_001,1054,839,837,-2,4,833,EGYENI,,
62322,01_001_002,1009,756,755,-1,9,746,EGYENI,,
62324,01_001_003,1064,689,687,-2,4,683,EGYENI,,
62326,01_001_004,990,720,719,-1,9,710,EGYENI,,
62328,01_001_005,964,727,727,0,11,716,EGYENI,,
62330,01_001_006,1073,813,813,0,7,806,EGYENI,,
62332,01_001_007,943,671,669,-2,3,666,EGYENI,,
62334,01_001_008,926,700,700,0,6,694,EGYENI,,
62336,01_001_009,1097,811,811,0,4,807,EGYENI,,
62338,01_001_010,1002,768,764,-4,6,758,EGYENI,,
62340,01_001_011,1031,787,787,0,6,781,EGYENI,,
62342,01_001_012,1059,791,791,0,13,778,EGYENI,,
62344,01_001_013,1073,826,825,-1,5,820,EGYENI,,
62346,01_001_014,996,744,743,-1,8,735,EGYENI,,
62348,01_001_015,991,752,752,0,10,742,EGYENI,,
62350,01_001_016,959,743,742,-1,6,736,EGYENI,,
62352,01_001_017,1042,783,783,0,8,775,EGYENI,,
62354,01_001_018,1031,786,785,-1,7,778,EGYENI,,
62356,01_001_019,952,708,707,-1,3,704,EGYENI,,
62358,01_001_020,984,734,734,0,7,727,EGYENI,,
62842,01_002_001,1083,812,811,-1,6,805,EGYENI,,
62844,01_002_002,967,717,716,-1,4,712,EGYENI,,
62846,01_002_003,713,503,503,0,5,498,EGYENI,,
62848,01_002_004,1017,753,750,-3,1,749,EGYENI,,
62850,01_002_005,1007,773,773,0,4,769,EGYENI,,
62852,01_002_006,904,705,705,0,4,701,EGYENI,,
62854,01_002_007,888,718,718,0,5,713,EGYENI,,
62856,01_002_008,944,730,729,-1,1,728,EGYENI,,
62858,01_002_009,921,688,688,0,7,681,EGYENI,,
62990,01_002_010,2703,2399,2387,-12,30,2357,EGYENI,,
62860,01_002_011,863,515,511,-4,4,507,EGYENI,,
62862,01_002_012,1151,900,895,-5,4,891,EGYENI,,
62864,01_002_013,721,560,560,0,6,554,EGYENI,,
62992,01_002_014,829,638,638,0,6,632,EGYENI,,
62866,01_002_015,850,696,692,-4,8,684,EGYENI,,
62868,01_002_016,955,752,752,0,7,745,EGYENI,,
62994,01_002_017,889,705,704,-1,7,697,EGYENI,,
62870,01_002_018,849,686,686,0,8,678,EGYENI,,
62996,01_002_019,864,674,674,0,3,671,EGYENI,,
62872,01_002_020,839,677,677,0,3,674,EGYENI,,
62874,01_002_021,668,521,517,-4,3,514,EGYENI,,
62876,01_002_022,869,717,716,-1,4,712,EGYENI,,
62878,01_002_023,927,747,746,-1,5,741,EGYENI,,
62880,01_002_024,1004,764,764,0,0,764,EGYENI,,
62882,01_002_025,871,698,697,-1,0,697,EGYENI,,
62884,01_002_026,878,713,711,-2,2,709,EGYENI,,
62886,01_002_027,790,625,625,0,0,625,EGYENI,,
62888,01_002_028,762,603,603,0,4,599,EGYENI,,
62998,01_002_029,739,565,564,-1,1,563,EGYENI,,
62890,01_002_030,614,477,476,-1,1,475,EGYENI,,
62892,01_002_031,1275,983,981,-2,3,978,EGYENI,,
62894,01_002_032,1012,790,790,0,0,790,EGYENI,,
62896,01_002_033,892,720,718,-2,2,716,EGYENI,,
62898,01_002_034,768,579,579,0,6,573,EGYENI,,
62900,01_002_035,927,720,718,-2,4,714,EGYENI,,
62902,01_002_036,917,730,729,-1,4,725,EGYENI,,
62904,01_002_037,910,724,723,-1,2,721,EGYENI,,
62906,01_002_038,994,785,785,0,7,778,EGYENI,,
62908,01_002_039,867,658,655,-3,7,648,EGYENI,,
62910,01_002_040,814,616,616,0,5,611,EGYENI,,
62912,01_002_041,809,592,592,0,2,590,EGYENI,,
62914,01_002_042,841,634,634,0,3,631,EGYENI,,
62916,01_002_043,834,646,645,-1,6,639,EGYENI,,
62918,01_002_044,946,755,755,0,2,753,EGYENI,,
62920,01_002_045,889,683,683,0,6,677,EGYENI,,
62922,01_002_046,938,745,745,0,6,739,EGYENI,,
62924,01_002_047,899,716,715,-1,4,711,EGYENI,,
62926,01_002_048,915,730,729,-1,2,727,EGYENI,,
62928,01_002_049,905,697,690,-7,0,690,EGYENI,,
62622,01_002_050,1427,1035,1032,-3,7,1025,EGYENI,,
62624,01_002_051,832,688,687,-1,3,684,EGYENI,,
62626,01_002_052,731,560,560,0,6,554,EGYENI,,
62628,01_002_053,772,627,627,0,5,622,EGYENI,,
62630,01_002_054,1295,959,959,0,2,957,EGYENI,,
62632,01_002_055,927,719,718,-1,5,713,EGYENI,,
62634,01_002_056,855,634,634,0,6,628,EGYENI,,
62838,01_002_057,785,619,618,-1,7,611,EGYENI,,
62636,01_002_058,993,694,693,-1,5,688,EGYENI,,
62638,01_002_059,759,551,551,0,8,543,EGYENI,,
62640,01_002_060,970,716,716,0,3,713,EGYENI,,
62642,01_002_061,927,726,725,-1,2,723,EGYENI,,
62706,01_002_062,702,486,485,-1,3,482,EGYENI,,
62708,01_002_063,860,638,635,-3,6,629,EGYENI,,
62710,01_002_064,895,673,672,-1,1,671,EGYENI,,
62712,01_002_065,934,683,683,0,5,678,EGYENI,,
62714,01_002_066,1113,763,750,-13,6,744,EGYENI,,
62716,01_002_067,873,610,609,-1,6,603,EGYENI,,
62718,01_002_068,909,654,653,-1,7,646,EGYENI,,
62720,01_002_069,993,695,695,0,9,686,EGYENI,,
62722,01_002_070,873,650,650,0,5,645,EGYENI,,
62724,01_002_071,950,704,704,0,4,700,EGYENI,,
62726,01_002_072,1061,762,761,-1,5,756,EGYENI,,
62840,01_002_073,1046,785,785,0,8,777,EGYENI,,
62930,01_003_001,878,650,645,-5,12,633,EGYENI,,
62932,01_003_002,818,580,580,0,5,575,EGYENI,,
62934,01_003_003,873,623,623,0,5,618,EGYENI,,
62936,01_003_004,922,634,635,1,10,625,EGYENI,,
62938,01_003_005,863,561,562,1,7,555,EGYENI,,
62940,01_003_006,914,691,687,-4,5,682,EGYENI,,
62942,01_003_007,906,649,647,-2,4,643,EGYENI,,
62944,01_003_008,798,536,536,0,4,532,EGYENI,,
62946,01_003_009,826,604,604,0,4,600,EGYENI,,
62948,01_003_010,869,670,670,0,5,665,EGYENI,,
62950,01_003_011,970,729,729,0,4,725,EGYENI,,
62952,01_003_012,993,762,762,0,3,759,EGYENI,,
62954,01_003_013,939,734,733,-1,3,730,EGYENI,,
62956,01_003_014,907,696,697,1,13,684,EGYENI,,
62958,01_003_015,793,610,610,0,5,605,EGYENI,,
62960,01_003_016,776,639,638,-1,6,632,EGYENI,,
62962,01_003_017,819,673,676,3,15,661,EGYENI,,
62964,01_003_018,922,704,703,-1,2,701,EGYENI,,
62966,01_003_019,979,746,746,0,3,743,EGYENI,,
62968,01_003_020,951,695,695,0,4,691,EGYENI,,
62970,01_003_021,754,553,553,0,8,545,EGYENI,,
62972,01_003_022,839,602,601,-1,2,599,EGYENI,,
62974,01_003_023,807,630,629,-1,6,623,EGYENI,,
62976,01_003_024,811,622,622,0,3,619,EGYENI,,
62978,01_003_025,775,548,548,0,11,537,EGYENI,,
62980,01_003_026,774,591,591,0,11,580,EGYENI,,
62982,01_003_027,866,636,635,-1,5,630,EGYENI,,
62984,01_003_028,821,602,602,0,6,596,EGYENI,,
62986,01_003_029,888,645,645,0,6,639,EGYENI,,
62988,01_003_030,853,635,636,1,8,628,EGYENI,,
63850,01_003_031,872,565,564,-1,3,561,EGYENI,,
63852,01_003_032,951,692,692,0,7,685,EGYENI,,
63854,01_003_033,864,586,583,-3,8,575,EGYENI,,
63856,01_003_034,827,589,587,-2,6,581,EGYENI,,
63858,01_003_035,816,564,564,0,7,557,EGYENI,,
63860,01_003_036,796,604,604,0,8,596,EGYENI,,
63862,01_003_037,878,653,650,-3,3,647,EGYENI,,
63864,01_003_038,771,555,555,0,7,548,EGYENI,,
63866,01_003_039,815,601,601,0,4,597,EGYENI,,
63868,01_003_040,748,511,511,0,5,506,EGYENI,,
63870,01_003_041,812,523,523,0,2,521,EGYENI,,
63872,01_003_042,637,304,303,-1,0,303,EGYENI,,
63874,01_003_043,1032,693,690,-3,5,685,EGYENI,,
63876,01_003_044,1015,742,742,0,12,730,EGYENI,,
63878,01_003_045,963,638,638,0,4,634,EGYENI,,
63880,01_003_046,1041,721,721,0,2,719,EGYENI,,
63882,01_003_047,1979,1646,1643,-3,20,1623,EGYENI,,
63884,01_003_048,833,583,583,0,5,578,EGYENI,,
63886,01_003_049,871,620,620,0,5,615,EGYENI,,
63888,01_003_050,838,625,625,0,4,621,EGYENI,,
63890,01_003_051,778,562,562,0,10,552,EGYENI,,
63892,01_003_052,837,600,598,-2,4,594,EGYENI,,
63894,01_003_053,774,546,546,0,2,544,EGYENI,,
63896,01_003_054,928,699,699,0,7,692,EGYENI,,
63898,01_003_055,870,631,630,-1,4,626,EGYENI,,
63900,01_003_056,864,577,577,0,4,573,EGYENI,,
63902,01_003_057,930,608,607,-1,6,601,EGYENI,,
63904,01_003_058,818,543,541,-2,6,535,EGYENI,,
63906,01_003_059,825,646,647,1,15,632,EGYENI,,
63908,01_003_060,885,589,588,-1,3,585,EGYENI,,
63910,01_003_061,908,663,662,-1,6,656,EGYENI,,
63912,01_003_062,921,591,591,0,2,589,EGYENI,,
63914,01_003_063,939,592,581,-11,4,577,EGYENI,,
63916,01_003_064,776,564,564,0,4,560,EGYENI,,
63918,01_003_065,1031,773,777,4,44,733,EGYENI,,
64012,01_003_066,869,610,610,0,11,599,EGYENI,,
63920,01_003_067,910,639,637,-2,2,635,EGYENI,,
63922,01_003_068,795,654,654,0,7,647,EGYENI,,
63924,01_003_069,901,669,668,-1,9,659,EGYENI,,
63926,01_003_070,920,708,708,0,11,697,EGYENI,,
63928,01_003_071,979,749,749,0,2,747,EGYENI,,
63930,01_003_072,987,721,720,-1,10,710,EGYENI,,
63932,01_003_073,913,702,701,-1,1,700,EGYENI,,
63934,01_003_074,942,752,750,-2,9,741,EGYENI,,
63936,01_003_075,786,622,621,-1,2,619,EGYENI,,
63938,01_003_076,1004,763,760,-3,5,755,EGYENI,,
63940,01_003_077,928,744,744,0,5,739,EGYENI,,
63942,01_003_078,801,622,621,-1,2,619,EGYENI,,
63944,01_003_079,960,756,755,-1,2,753,EGYENI,,
63946,01_003_080,883,656,656,0,12,644,EGYENI,,
63948,01_003_081,895,691,691,0,10,681,EGYENI,,
63950,01_003_082,1069,836,835,-1,6,829,EGYENI,,
63952,01_003_083,1003,771,771,0,5,766,EGYENI,,
63954,01_003_084,909,677,677,0,6,671,EGYENI,,
63956,01_003_085,892,607,607,0,1,606,EGYENI,,
63958,01_003_086,917,563,562,-1,9,553,EGYENI,,
63960,01_003_087,845,575,575,0,7,568,EGYENI,,
63962,01_003_088,951,676,676,0,10,666,EGYENI,,
63964,01_003_089,923,617,614,-3,9,605,EGYENI,,
63966,01_003_090,918,567,567,0,4,563,EGYENI,,
63968,01_003_091,827,547,546,-1,6,540,EGYENI,,
63970,01_003_092,1028,685,685,0,7,678,EGYENI,,
63972,01_003_093,939,652,651,-1,0,651,EGYENI,,
63974,01_003_094,813,519,517,-2,12,505,EGYENI,,
63976,01_003_095,816,511,511,0,5,506,EGYENI,,
63978,01_003_096,1040,675,673,-2,1,672,EGYENI,,
63980,01_003_097,1012,664,663,-1,12,651,EGYENI,,
63982,01_003_098,767,458,458,0,3,455,EGYENI,,
63984,01_003_099,1028,626,626,0,4,622,EGYENI,,
63986,01_003_100,988,534,533,-1,8,525,EGYENI,,
63988,01_003_101,969,536,535,-1,4,531,EGYENI,,
63990,01_003_102,924,581,581,0,10,571,EGYENI,,
63992,01_003_103,907,617,617,0,3,614,EGYENI,,
63994,01_003_104,864,546,541,-5,10,531,EGYENI,,
63996,01_003_105,834,540,540,0,9,531,EGYENI,,
63998,01_003_106,907,626,626,0,4,622,EGYENI,,
64000,01_003_107,865,606,602,-4,4,598,EGYENI,,
64002,01_003_108,903,612,612,0,3,609,EGYENI,,
64004,01_003_109,855,593,590,-3,11,579,EGYENI,,
64006,01_003_110,886,565,563,-2,4,559,EGYENI,,
64008,01_003_111,847,559,558,-1,6,552,EGYENI,,
64010,01_003_112,881,547,546,-1,5,541,EGYENI,,
64014,01_004_001,891,635,634,-1,6,628,EGYENI,,
64016,01_004_002,1050,803,803,0,7,796,EGYENI,,
64018,01_004_003,1065,735,734,-1,4,730,EGYENI,,
64020,01_004_004,1022,795,794,-1,3,791,EGYENI,,
64022,01_004_005,939,655,654,-1,1,653,EGYENI,,
64024,01_004_006,1017,635,635,0,8,627,EGYENI,,
64026,01_004_007,1037,742,742,0,4,738,EGYENI,,
64028,01_004_008,951,686,686,0,4,682,EGYENI,,
64030,01_004_009,1089,747,747,0,3,744,EGYENI,,
64032,01_004_010,1007,647,647,0,2,645,EGYENI,,
64034,01_004_011,1077,701,700,-1,4,696,EGYENI,,
64036,01_004_012,1018,753,752,-1,3,749,EGYENI,,
64038,01_004_013,978,669,669,0,1,668,EGYENI,,
64040,01_004_014,883,672,672,0,4,668,EGYENI,,
64042,01_004_015,900,691,690,-1,4,686,EGYENI,,
64044,01_004_016,814,624,624,0,8,616,EGYENI,,
64046,01_004_017,866,616,616,0,4,612,EGYENI,,
64048,01_004_018,884,627,626,-1,4,622,EGYENI,,
64050,01_004_019,1034,763,763,0,3,760,EGYENI,,
64052,01_004_020,898,589,588,-1,6,582,EGYENI,,
64054,01_004_021,873,605,604,-1,4,600,EGYENI,,
64056,01_004_022,919,588,588,0,5,583,EGYENI,,
64058,01_004_023,845,555,555,0,4,551,EGYENI,,
64060,01_004_024,900,539,539,0,2,537,EGYENI,,
64062,01_004_025,936,605,605,0,5,600,EGYENI,,
64064,01_004_026,848,482,481,-1,4,477,EGYENI,,
64066,01_004_027,926,626,626,0,2,624,EGYENI,,
64068,01_004_028,943,659,659,0,2,657,EGYENI,,
64070,01_004_029,975,755,754,-1,3,751,EGYENI,,
64072,01_004_030,882,617,617,0,8,609,EGYENI,,
64074,01_004_031,924,710,708,-2,5,703,EGYENI,,
64076,01_004_032,854,474,474,0,3,471,EGYENI,,
64078,01_004_033,816,622,622,0,2,620,EGYENI,,
64080,01_004_034,965,718,718,0,5,713,EGYENI,,
64082,01_004_035,894,505,504,-1,2,502,EGYENI,,
64084,01_004_036,851,511,511,0,9,502,EGYENI,,
64086,01_004_037,881,648,645,-3,11,634,EGYENI,,
63584,01_004_038,1022,677,677,0,3,674,EGYENI,,
63586,01_004_039,738,533,533,0,4,529,EGYENI,,
63588,01_004_040,939,693,693,0,5,688,EGYENI,,
63590,01_004_041,839,381,381,0,3,378,EGYENI,,
63592,01_004_042,895,478,478,0,14,464,EGYENI,,
63594,01_004_043,940,559,559,0,4,555,EGYENI,,
63596,01_004_044,859,489,488,-1,8,480,EGYENI,,
63598,01_004_045,899,511,511,0,4,507,EGYENI,,
63600,01_004_046,920,599,600,1,14,586,EGYENI,,
63602,01_004_047,898,580,580,0,7,573,EGYENI,,
63604,01_004_048,2153,1738,1737,-1,12,1725,EGYENI,,
63606,01_004_049,777,545,544,-1,3,541,EGYENI,,
63608,01_004_050,964,595,594,-1,1,593,EGYENI,,
63610,01_004_051,980,609,609,0,5,604,EGYENI,,
63612,01_004_052,951,654,651,-3,2,649,EGYENI,,
63614,01_004_053,842,576,573,-3,4,569,EGYENI,,
63616,01_004_054,825,505,505,0,6,499,EGYENI,,
63618,01_004_055,941,557,556,-1,6,550,EGYENI,,
63620,01_004_056,956,653,652,-1,2,650,EGYENI,,
63622,01_004_057,953,595,595,0,4,591,EGYENI,,
63624,01_004_058,939,672,672,0,6,666,EGYENI,,
63626,01_004_059,1021,669,669,0,2,667,EGYENI,,
63628,01_004_060,924,535,535,0,3,532,EGYENI,,
63630,01_004_061,917,577,577,0,6,571,EGYENI,,
63632,01_004_062,901,493,493,0,2,491,EGYENI,,
63634,01_004_063,911,601,601,0,6,595,EGYENI,,
63636,01_004_064,932,583,583,0,6,577,EGYENI,,
63638,01_004_065,852,569,569,0,4,565,EGYENI,,
63640,01_004_066,965,555,555,0,1,554,EGYENI,,
63642,01_004_067,959,619,618,-1,4,614,EGYENI,,
63644,01_004_068,943,579,578,-1,1,577,EGYENI,,
64216,01_004_069,904,601,601,0,3,598,EGYENI,,
64218,01_004_070,972,639,639,0,6,633,EGYENI,,
64220,01_004_071,911,557,557,0,6,551,EGYENI,,
64222,01_004_072,970,596,596,0,5,591,EGYENI,,
64246,01_004_073,1011,698,698,0,9,689,EGYENI,,
64248,01_004_074,1000,717,715,-2,4,711,EGYENI,,
64250,01_004_075,1035,724,724,0,10,714,EGYENI,,
64252,01_004_076,914,537,536,-1,1,535,EGYENI,,
64254,01_004_077,1038,701,701,0,4,697,EGYENI,,
64256,01_004_078,1053,697,697,0,4,693,EGYENI,,
64258,01_004_079,1032,654,653,-1,10,643,EGYENI,,
64260,01_004_080,1006,622,622,0,3,619,EGYENI,,
64262,01_004_081,987,601,601,0,6,595,EGYENI,,
64264,01_004_082,977,620,620,0,6,614,EGYENI,,
64266,01_004_083,918,604,603,-1,9,594,EGYENI,,
64268,01_004_084,1020,643,640,-3,16,624,EGYENI,,
62360,01_005_001,978,704,703,-1,9,694,EGYENI,,
62368,01_005_002,806,571,571,0,5,566,EGYENI,,
62362,01_005_003,781,573,573,0,4,569,EGYENI,,
62364,01_005_004,972,735,732,-3,6,726,EGYENI,,
62366,01_005_005,1035,734,727,-7,7,720,EGYENI,,
62370,01_005_006,874,639,638,-1,11,627,EGYENI,,
62372,01_005_007,950,645,644,-1,3,641,EGYENI,,
62376,01_005_008,3715,3174,3161,-13,28,3133,EGYENI,,
62374,01_005_009,974,681,680,-1,7,673,EGYENI,,
62378,01_005_010,601,433,433,0,7,426,EGYENI,,
62460,01_005_011,615,399,396,-3,9,387,EGYENI,,
62380,01_005_012,1037,751,750,-1,8,742,EGYENI,,
62382,01_005_013,1041,743,739,-4,2,737,EGYENI,,
62384,01_005_014,1029,721,718,-3,3,715,EGYENI,,
62386,01_005_015,983,693,693,0,14,679,EGYENI,,
62388,01_005_016,886,640,639,-1,7,632,EGYENI,,
62390,01_005_017,946,698,697,-1,5,692,EGYENI,,
62392,01_005_018,952,737,737,0,9,728,EGYENI,,
62394,01_005_019,979,751,748,-3,5,743,EGYENI,,
62396,01_005_020,1074,756,755,-1,6,749,EGYENI,,
62398,01_005_021,1065,784,784,0,6,778,EGYENI,,
63000,01_006_001,990,641,641,0,11,630,EGYENI,,
63002,01_006_002,888,567,567,0,4,563,EGYENI,,
63004,01_006_003,650,416,416,0,7,409,EGYENI,,
63006,01_006_004,858,544,539,-5,5,534,EGYENI,,
63008,01_006_005,1035,682,682,0,1,681,EGYENI,,
63010,01_006_006,803,499,499,0,3,496,EGYENI,,
63012,01_006_007,703,454,455,1,7,448,EGYENI,,
63014,01_006_008,1185,762,762,0,7,755,EGYENI,,
63016,01_006_009,664,397,394,-3,1,393,EGYENI,,
63018,01_006_010,872,574,574,0,8,566,EGYENI,,
63020,01_006_011,824,551,550,-1,8,542,EGYENI,,
63022,01_006_012,831,490,488,-2,3,485,EGYENI,,
63024,01_006_013,1334,781,765,-16,9,756,EGYENI,,
63026,01_006_014,766,476,476,0,5,471,EGYENI,,
63028,01_006_015,1003,646,646,0,4,642,EGYENI,,
63030,01_006_016,1159,660,659,-1,5,654,EGYENI,,
63032,01_006_017,982,608,603,-5,4,599,EGYENI,,
63034,01_006_018,853,516,516,0,6,510,EGYENI,,
63036,01_006_019,870,548,547,-1,6,541,EGYENI,,
63038,01_006_020,897,582,582,0,5,577,EGYENI,,
63040,01_006_021,970,632,632,0,5,627,EGYENI,,
63042,01_006_022,1249,778,778,0,8,770,EGYENI,,
63044,01_006_023,851,578,578,0,11,567,EGYENI,,
63046,01_006_024,942,584,583,-1,5,578,EGYENI,,
63048,01_006_025,764,503,503,0,2,501,EGYENI,,
63050,01_006_026,850,477,477,0,6,471,EGYENI,,
63052,01_006_027,1040,676,676,0,3,673,EGYENI,,
63054,01_006_028,844,544,544,0,6,538,EGYENI,,
63056,01_006_029,1156,779,774,-5,7,767,EGYENI,,
63058,01_006_030,669,508,507,-1,3,504,EGYENI,,
63060,01_007_001,863,587,587,0,5,582,EGYENI,,
63062,01_007_002,911,495,494,-1,11,483,EGYENI,,
63064,01_007_003,997,574,575,1,11,564,EGYENI,,
63066,01_007_004,907,515,515,0,6,509,EGYENI,,
63068,01_007_005,1165,772,772,0,8,764,EGYENI,,
63070,01_007_006,1158,761,761,0,6,755,EGYENI,,
63072,01_007_007,1185,725,723,-2,8,715,EGYENI,,
63074,01_007_008,1054,678,677,-1,6,671,EGYENI,,
63076,01_007_009,1063,636,636,0,11,625,EGYENI,,
63078,01_007_010,759,364,360,-4,9,351,EGYENI,,
63080,01_007_011,3110,2710,2688,-22,27,2661,EGYENI,,
63082,01_007_012,1140,689,688,-1,1,687,EGYENI,,
63084,01_007_013,1063,586,585,-1,10,575,EGYENI,,
63086,01_007_014,1247,806,805,-1,5,800,EGYENI,,
63088,01_007_015,1075,648,647,-1,3,644,EGYENI,,
63090,01_007_016,1226,750,749,-1,8,741,EGYENI,,
63092,01_007_017,1143,740,740,0,7,733,EGYENI,,
63094,01_007_018,1073,674,672,-2,9,663,EGYENI,,
63096,01_007_019,1083,672,671,-1,5,666,EGYENI,,
63098,01_007_020,1052,630,629,-1,5,624,EGYENI,,
63100,01_007_021,1121,747,746,-1,6,740,EGYENI,,
63102,01_007_022,1008,657,656,-1,8,648,EGYENI,,
63104,01_007_023,1146,714,714,0,5,709,EGYENI,,
63106,01_007_024,1175,794,791,-3,10,781,EGYENI,,
63108,01_007_025,1271,837,832,-5,11,821,EGYENI,,
63110,01_007_026,1174,715,713,-2,10,703,EGYENI,,
63112,01_007_027,1066,680,680,0,11,669,EGYENI,,
63114,01_007_028,1120,720,720,0,10,710,EGYENI,,
63116,01_007_029,1155,708,700,-8,7,693,EGYENI,,
63118,01_007_030,1201,699,696,-3,12,684,EGYENI,,
63120,01_007_031,1205,702,699,-3,4,695,EGYENI,,
63122,01_007_032,1197,672,667,-5,7,660,EGYENI,,
63124,01_007_033,1243,772,772,0,7,765,EGYENI,,
63126,01_007_034,1211,700,701,1,12,689,EGYENI,,
63128,01_007_035,1183,726,726,0,1,725,EGYENI,,
63130,01_007_036,1039,630,630,0,1,629,EGYENI,,
63132,01_007_037,1056,624,624,0,2,622,EGYENI,,
63134,01_007_038,1116,620,620,0,7,613,EGYENI,,
62400,01_008_001,902,640,639,-1,12,627,EGYENI,,
62402,01_008_002,839,570,570,0,13,557,EGYENI,,
62404,01_008_003,797,545,545,0,6,539,EGYENI,,
62410,01_008_004,708,474,474,0,6,468,EGYENI,,
62406,01_008_005,899,605,605,0,5,600,EGYENI,,
62408,01_008_006,744,478,478,0,6,472,EGYENI,,
63136,01_008_007,1121,738,737,-1,5,732,EGYENI,,
62660,01_008_008,837,525,525,0,2,523,EGYENI,,
62412,01_008_009,1023,701,700,-1,5,695,EGYENI,,
62414,01_008_010,813,572,572,0,14,558,EGYENI,,
62416,01_008_011,1163,767,765,-2,8,757,EGYENI,,
63138,01_008_012,821,471,470,-1,9,461,EGYENI,,
63148,01_008_013,1073,596,590,-6,3,587,EGYENI,,
62662,01_008_014,966,570,570,0,2,568,EGYENI,,
62674,01_008_015,994,474,474,0,6,468,EGYENI,,
62676,01_008_016,994,621,620,-1,7,613,EGYENI,,
62678,01_008_017,1051,683,683,0,8,675,EGYENI,,
62672,01_008_018,827,520,520,0,8,512,EGYENI,,
62668,01_008_019,952,492,492,0,6,486,EGYENI,,
62666,01_008_020,1102,534,533,-1,8,525,EGYENI,,
62664,01_008_021,991,508,507,-1,1,506,EGYENI,,
63146,01_008_022,829,429,429,0,5,424,EGYENI,,
63144,01_008_023,731,381,381,0,2,379,EGYENI,,
63140,01_008_024,992,548,548,0,5,543,EGYENI,,
63142,01_008_025,847,515,515,0,6,509,EGYENI,,
62646,01_008_026,854,494,494,0,4,490,EGYENI,,
62644,01_008_027,912,499,499,0,7,492,EGYENI,,
62652,01_008_028,734,407,407,0,2,405,EGYENI,,
62654,01_008_029,940,439,439,0,3,436,EGYENI,,
62656,01_008_030,1130,474,474,0,11,463,EGYENI,,
62670,01_008_031,1022,294,294,0,9,285,EGYENI,,
62696,01_008_032,940,418,418,0,2,416,EGYENI,,
62680,01_008_033,649,360,360,0,1,359,EGYENI,,
62682,01_008_034,784,461,458,-3,8,450,EGYENI,,
62690,01_008_035,843,418,418,0,9,409,EGYENI,,
62692,01_008_036,779,512,510,-2,5,505,EGYENI,,
63282,01_008_037,578,234,233,-1,4,229,EGYENI,,
62686,01_008_038,811,509,509,0,5,504,EGYENI,,
62694,01_008_039,787,493,493,0,2,491,EGYENI,,
62684,01_008_040,779,474,474,0,3,471,EGYENI,,
62688,01_008_041,883,542,541,-1,4,537,EGYENI,,
63274,01_008_042,650,324,324,0,2,322,EGYENI,,
62704,01_008_043,624,236,236,0,4,232,EGYENI,,
62698,01_008_044,1073,547,545,-2,6,539,EGYENI,,
62658,01_008_045,855,322,322,0,3,319,EGYENI,,
62650,01_008_046,735,391,388,-3,5,383,EGYENI,,
62648,01_008_047,911,475,475,0,2,473,EGYENI,,
63298,01_008_048,637,358,358,0,1,357,EGYENI,,
62700,01_008_049,1062,462,462,0,11,451,EGYENI,,
62702,01_008_050,1326,750,750,0,10,740,EGYENI,,
63276,01_008_051,638,314,313,-1,9,304,EGYENI,,
63278,01_008_052,871,352,353,1,12,341,EGYENI,,
63280,01_008_053,1116,590,589,-1,6,583,EGYENI,,
63284,01_008_054,648,494,494,0,2,492,EGYENI,,
63286,01_008_055,1034,674,674,0,5,669,EGYENI,,
63288,01_008_056,795,432,431,-1,10,421,EGYENI,,
63290,01_008_057,1002,639,639,0,6,633,EGYENI,,
63296,01_008_058,585,356,356,0,3,353,EGYENI,,
63294,01_008_059,657,534,529,-5,5,524,EGYENI,,
63292,01_008_060,580,335,335,0,3,332,EGYENI,,
63364,01_008_061,2498,1914,1889,-25,19,1870,EGYENI,,
63366,01_008_062,1297,203,203,0,3,200,EGYENI,,
62418,01_009_001,693,450,447,-3,6,441,EGYENI,,
62420,01_009_002,748,488,488,0,6,482,EGYENI,,
62422,01_009_003,665,435,435,0,2,433,EGYENI,,
62424,01_009_004,794,529,529,0,3,526,EGYENI,,
62426,01_009_005,765,469,469,0,10,459,EGYENI,,
62428,01_009_006,898,561,559,-2,5,554,EGYENI,,
62430,01_009_007,634,419,418,-1,5,413,EGYENI,,
62432,01_009_008,707,445,445,0,5,440,EGYENI,,
62434,01_009_009,921,514,512,-2,5,507,EGYENI,,
62436,01_009_010,727,544,544,0,10,534,EGYENI,,
62438,01_009_011,770,524,523,-1,3,520,EGYENI,,
62440,01_009_012,791,513,513,0,7,506,EGYENI,,
62442,01_009_013,837,583,579,-4,3,576,EGYENI,,
62444,01_009_014,916,641,641,0,6,635,EGYENI,,
62446,01_009_015,691,463,463,0,6,457,EGYENI,,
62448,01_009_016,881,498,498,0,6,492,EGYENI,,
62450,01_009_017,970,664,664,0,6,658,EGYENI,,
62452,01_009_018,815,505,505,0,8,497,EGYENI,,
63300,01_009_019,1068,522,520,-2,4,516,EGYENI,,
63302,01_009_020,1003,482,482,0,7,475,EGYENI,,
63304,01_009_021,889,545,545,0,2,543,EGYENI,,
63306,01_009_022,920,540,540,0,3,537,EGYENI,,
63308,01_009_023,823,399,398,-1,4,394,EGYENI,,
63310,01_009_024,644,413,413,0,4,409,EGYENI,,
63312,01_009_025,937,611,611,0,2,609,EGYENI,,
63314,01_009_026,777,496,495,-1,3,492,EGYENI,,
63316,01_009_027,774,544,544,0,3,541,EGYENI,,
62454,01_009_028,773,527,526,-1,13,513,EGYENI,,
62456,01_009_029,865,598,598,0,6,592,EGYENI,,
62458,01_009_030,910,624,624,0,6,618,EGYENI,,
63318,01_009_031,802,442,441,-1,2,439,EGYENI,,
63320,01_009_032,703,408,408,0,2,406,EGYENI,,
63322,01_009_033,873,539,537,-2,6,531,EGYENI,,
63324,01_009_034,751,467,467,0,3,464,EGYENI,,
63326,01_009_035,785,560,560,0,8,552,EGYENI,,
63328,01_009_036,1071,618,618,0,10,608,EGYENI,,
63330,01_009_037,748,377,377,0,5,372,EGYENI,,
63332,01_009_038,732,382,382,0,2,380,EGYENI,,
63334,01_009_039,826,346,346,0,3,343,EGYENI,,
63336,01_009_040,948,312,312,0,8,304,EGYENI,,
63338,01_009_041,669,472,472,0,3,469,EGYENI,,
63340,01_009_042,705,485,483,-2,5,478,EGYENI,,
63342,01_009_043,648,472,472,0,5,467,EGYENI,,
63344,01_009_044,674,481,481,0,2,479,EGYENI,,
63346,01_009_045,892,575,575,0,4,571,EGYENI,,
63348,01_009_046,790,517,517,0,5,512,EGYENI,,
63350,01_009_047,711,486,485,-1,5,480,EGYENI,,
63352,01_009_048,713,500,499,-1,4,495,EGYENI,,
63354,01_009_049,932,646,645,-1,7,638,EGYENI,,
63356,01_009_050,875,629,629,0,7,622,EGYENI,,
63358,01_009_051,834,555,555,0,5,550,EGYENI,,
63360,01_009_052,823,548,548,0,6,542,EGYENI,,
63362,01_009_053,790,567,567,0,6,561,EGYENI,,
63650,01_010_001,642,473,472,-1,6,466,EGYENI,,
63652,01_010_002,664,495,494,-1,6,488,EGYENI,,
63654,01_010_003,795,327,326,-1,2,324,EGYENI,,
63656,01_010_004,620,322,318,-4,2,316,EGYENI,,
63658,01_010_005,635,321,321,0,6,315,EGYENI,,
63846,01_010_006,661,372,372,0,6,366,EGYENI,,
63848,01_010_007,638,413,413,0,3,410,EGYENI,,
63690,01_010_008,650,364,364,0,2,362,EGYENI,,
63688,01_010_009,888,532,531,-1,5,526,EGYENI,,
63676,01_010_010,643,394,394,0,2,392,EGYENI,,
63678,01_010_011,741,506,506,0,2,504,EGYENI,,
63682,01_010_012,733,519,518,-1,3,515,EGYENI,,
63684,01_010_013,753,478,478,0,1,477,EGYENI,,
63686,01_010_014,696,378,378,0,4,374,EGYENI,,
63692,01_010_015,780,418,418,0,6,412,EGYENI,,
63694,01_010_016,798,527,527,0,7,520,EGYENI,,
63680,01_010_017,807,554,554,0,4,550,EGYENI,,
63696,01_010_018,778,424,424,0,5,419,EGYENI,,
63714,01_010_019,2135,1764,1755,-9,7,1748,EGYENI,,
63698,01_010_020,888,474,474,0,1,473,EGYENI,,
63716,01_010_021,968,571,571,0,3,568,EGYENI,,
63712,01_010_022,847,583,582,-1,5,577,EGYENI,,
63710,01_010_023,822,552,551,-1,3,548,EGYENI,,
63718,01_010_024,809,492,492,0,4,488,EGYENI,,
63660,01_010_025,637,431,431,0,2,429,EGYENI,,
63662,01_010_026,669,470,470,0,2,468,EGYENI,,
63666,01_010_027,854,519,519,0,6,513,EGYENI,,
63664,01_010_028,792,497,494,-3,4,490,EGYENI,,
63668,01_010_029,831,550,550,0,2,548,EGYENI,,
63670,01_010_030,708,433,433,0,3,430,EGYENI,,
63672,01_010_031,822,594,594,0,3,591,EGYENI,,
63674,01_010_032,859,651,650,-1,5,645,EGYENI,,
63704,01_010_033,818,450,451,1,16,435,EGYENI,,
63702,01_010_034,835,469,469,0,2,467,EGYENI,,
63700,01_010_035,648,298,295,-3,3,292,EGYENI,,
63706,01_010_036,817,525,525,0,8,517,EGYENI,,
63708,01_010_037,898,556,556,0,3,553,EGYENI,,
63736,01_010_038,788,522,522,0,5,517,EGYENI,,
63720,01_010_039,629,351,351,0,6,345,EGYENI,,
63722,01_010_040,705,402,402,0,3,399,EGYENI,,
63726,01_010_041,637,481,481,0,1,480,EGYENI,,
63728,01_010_042,750,530,530,0,9,521,EGYENI,,
63732,01_010_043,685,440,440,0,0,440,EGYENI,,
63730,01_010_044,680,453,455,2,22,433,EGYENI,,
63734,01_010_045,610,443,441,-2,2,439,EGYENI,,
63744,01_010_046,611,389,388,-1,2,386,EGYENI,,
63738,01_010_047,694,379,379,0,4,375,EGYENI,,
63740,01_010_048,762,391,391,0,6,385,EGYENI,,
63742,01_010_049,737,367,367,0,3,364,EGYENI,,
63724,01_010_050,773,389,389,0,2,387,EGYENI,,
63746,01_010_051,681,482,481,-1,6,475,EGYENI,,
63748,01_010_052,670,464,464,0,3,461,EGYENI,,
63750,01_010_053,699,525,525,0,2,523,EGYENI,,
63752,01_010_054,723,550,549,-1,3,546,EGYENI,,
63754,01_010_055,730,479,479,0,1,478,EGYENI,,
63756,01_010_056,881,516,508,-8,6,502,EGYENI,,
63758,01_010_057,843,491,481,-10,4,477,EGYENI,,
63760,01_010_058,697,433,433,0,4,429,EGYENI,,
63762,01_010_059,648,384,384,0,6,378,EGYENI,,
63764,01_010_060,766,440,440,0,4,436,EGYENI,,
63766,01_010_061,834,579,579,0,4,575,EGYENI,,
63768,01_010_062,809,525,525,0,1,524,EGYENI,,
63770,01_010_063,856,537,537,0,1,536,EGYENI,,
63772,01_010_064,799,513,513,0,4,509,EGYENI,,
63774,01_010_065,778,461,461,0,2,459,EGYENI,,
63776,01_010_066,846,498,498,0,1,497,EGYENI,,
63778,01_010_067,822,466,466,0,1,465,EGYENI,,
63780,01_010_068,688,469,469,0,7,462,EGYENI,,
63782,01_010_069,752,473,472,-1,7,465,EGYENI,,
64116,01_010_070,983,588,588,0,8,580,EGYENI,,
64118,01_010_071,933,601,600,-1,3,597,EGYENI,,
64120,01_010_072,926,524,522,-2,0,522,EGYENI,,
64122,01_010_073,889,521,521,0,7,514,EGYENI,,
64124,01_010_074,877,555,555,0,4,551,EGYENI,,
64126,01_010_075,634,457,457,0,3,454,EGYENI,,
64128,01_010_076,710,506,505,-1,5,500,EGYENI,,
62478,01_011_001,849,636,636,0,4,632,EGYENI,,
62486,01_011_002,897,718,718,0,2,716,EGYENI,,
62488,01_011_003,789,653,643,-10,2,641,EGYENI,,
62576,01_011_004,831,631,631,0,5,626,EGYENI,,
62484,01_011_005,864,668,665,-3,2,663,EGYENI,,
62482,01_011_006,917,686,686,0,5,681,EGYENI,,
62480,01_011_007,814,591,591,0,2,589,EGYENI,,
62476,01_011_008,763,595,595,0,5,590,EGYENI,,
62466,01_011_009,852,624,624,0,4,620,EGYENI,,
62468,01_011_010,784,581,581,0,4,577,EGYENI,,
62470,01_011_011,893,659,659,0,6,653,EGYENI,,
62464,01_011_012,936,674,673,-1,3,670,EGYENI,,
62462,01_011_013,813,618,618,0,1,617,EGYENI,,
62472,01_011_014,766,515,514,-1,4,510,EGYENI,,
62474,01_011_015,739,574,572,-2,6,566,EGYENI,,
62528,01_011_016,854,622,621,-1,6,615,EGYENI,,
62526,01_011_017,841,620,620,0,3,617,EGYENI,,
62522,01_011_018,803,580,580,0,14,566,EGYENI,,
62520,01_011_019,957,675,675,0,6,669,EGYENI,,
62518,01_011_020,846,590,589,-1,8,581,EGYENI,,
62524,01_011_021,863,635,636,1,14,622,EGYENI,,
62516,01_011_022,890,670,670,0,5,665,EGYENI,,
62514,01_011_023,731,562,562,0,4,558,EGYENI,,
62512,01_011_024,862,679,679,0,10,669,EGYENI,,
62510,01_011_025,798,581,581,0,3,578,EGYENI,,
62508,01_011_026,834,625,625,0,5,620,EGYENI,,
62506,01_011_027,912,683,683,0,5,678,EGYENI,,
62608,01_011_028,827,600,600,0,1,599,EGYENI,,
62504,01_011_029,907,656,653,-3,2,651,EGYENI,,
62500,01_011_030,926,685,685,0,3,682,EGYENI,,
62502,01_011_031,914,660,658,-2,6,652,EGYENI,,
62498,01_011_032,842,620,620,0,3,617,EGYENI,,
62494,01_011_033,891,661,661,0,5,656,EGYENI,,
62496,01_011_034,2750,2340,2376,36,206,2170,EGYENI,,
62492,01_011_035,812,526,525,-1,3,522,EGYENI,,
62490,01_011_036,1052,779,779,0,4,775,EGYENI,,
62578,01_011_037,908,676,675,-1,4,671,EGYENI,,
62580,01_011_038,842,671,667,-4,6,661,EGYENI,,
62606,01_011_039,948,773,773,0,6,767,EGYENI,,
62568,01_011_040,860,647,647,0,3,644,EGYENI,,
62570,01_011_041,847,645,644,-1,1,643,EGYENI,,
62582,01_011_042,957,791,791,0,3,788,EGYENI,,
62584,01_011_043,956,789,789,0,6,783,EGYENI,,
62586,01_011_044,927,755,755,0,5,750,EGYENI,,
62588,01_011_045,879,728,725,-3,5,720,EGYENI,,
62590,01_011_046,946,792,791,-1,2,789,EGYENI,,
62592,01_011_047,984,801,801,0,4,797,EGYENI,,
62594,01_011_048,963,805,805,0,7,798,EGYENI,,
62596,01_011_049,1013,809,809,0,4,805,EGYENI,,
62610,01_011_050,976,671,671,0,2,669,EGYENI,,
62612,01_011_051,994,714,714,0,1,713,EGYENI,,
62614,01_011_052,800,608,608,0,2,606,EGYENI,,
62616,01_011_053,883,684,683,-1,5,678,EGYENI,,
62618,01_011_054,880,667,666,-1,5,661,EGYENI,,
62620,01_011_055,959,728,724,-4,3,721,EGYENI,,
62598,01_011_056,888,710,708,-2,9,699,EGYENI,,
62600,01_011_057,852,658,658,0,5,653,EGYENI,,
62602,01_011_058,764,560,560,0,4,556,EGYENI,,
62604,01_011_059,1095,832,831,-1,6,825,EGYENI,,
62556,01_011_060,1039,763,760,-3,8,752,EGYENI,,
62574,01_011_061,1068,844,842,-2,7,835,EGYENI,,
62572,01_011_062,869,681,681,0,11,670,EGYENI,,
62560,01_011_063,772,592,592,0,3,589,EGYENI,,
62558,01_011_064,1003,735,735,0,4,731,EGYENI,,
62562,01_011_065,770,545,543,-2,3,540,EGYENI,,
62564,01_011_066,772,580,578,-2,6,572,EGYENI,,
62566,01_011_067,973,718,718,0,5,713,EGYENI,,
62530,01_011_068,917,635,635,0,8,627,EGYENI,,
62532,01_011_069,1009,640,640,0,4,636,EGYENI,,
62534,01_011_070,794,488,488,0,1,487,EGYENI,,
62536,01_011_071,925,670,670,0,7,663,EGYENI,,
62538,01_011_072,962,765,763,-2,9,754,EGYENI,,
62540,01_011_073,760,516,515,-1,5,510,EGYENI,,
62550,01_011_074,762,528,528,0,5,523,EGYENI,,
62548,01_011_075,789,563,562,-1,5,557,EGYENI,,
62546,01_011_076,873,644,644,0,6,638,EGYENI,,
62544,01_011_077,843,607,607,0,6,601,EGYENI,,
62542,01_011_078,784,546,546,0,2,544,EGYENI,,
62552,01_011_079,795,557,555,-2,3,552,EGYENI,,
62554,01_011_080,738,515,515,0,4,511,EGYENI,,
65250,01_011_081,956,751,750,-1,8,742,EGYENI,,
65252,01_011_082,1147,822,822,0,6,816,EGYENI,,
65254,01_011_083,995,633,633,0,3,630,EGYENI,,
65256,01_011_084,1040,798,798,0,9,789,EGYENI,,
65258,01_011_085,1157,850,850,0,13,837,EGYENI,,
65260,01_011_086,1266,904,903,-1,7,896,EGYENI,,
65302,01_011_087,938,637,636,-1,9,627,EGYENI,,
65304,01_011_088,1004,709,708,-1,6,702,EGYENI,,
65306,01_011_089,970,689,688,-1,7,681,EGYENI,,
65308,01_011_090,802,521,520,-1,5,515,EGYENI,,
65312,01_011_091,844,631,629,-2,5,624,EGYENI,,
65314,01_011_092,983,665,661,-4,14,647,EGYENI,,
65310,01_011_093,787,492,491,-1,8,483,EGYENI,,
65300,01_011_094,1069,721,719,-2,1,718,EGYENI,,
65298,01_011_095,727,493,493,0,3,490,EGYENI,,
65296,01_011_096,909,665,664,-1,5,659,EGYENI,,
65294,01_011_097,818,540,540,0,3,537,EGYENI,,
65292,01_011_098,855,596,595,-1,6,589,EGYENI,,
65290,01_011_099,694,427,427,0,6,421,EGYENI,,
65288,01_011_100,827,573,573,0,4,569,EGYENI,,
65266,01_011_101,677,474,474,0,1,473,EGYENI,,
65268,01_011_102,716,559,559,0,3,556,EGYENI,,
65264,01_011_103,945,650,650,0,10,640,EGYENI,,
65270,01_011_104,1050,854,850,-4,12,838,EGYENI,,
65272,01_011_105,1046,776,775,-1,10,765,EGYENI,,
65262,01_011_106,1111,766,765,-1,6,759,EGYENI,,
65274,01_011_107,879,613,613,0,10,603,EGYENI,,
65276,01_011_108,785,546,545,-1,5,540,EGYENI,,
65278,01_011_109,801,637,639,2,22,617,EGYENI,,
65280,01_011_110,748,549,549,0,3,546,EGYENI,,
65282,01_011_111,876,683,683,0,2,681,EGYENI,,
65284,01_011_112,899,705,703,-2,2,701,EGYENI,,
65286,01_011_113,856,661,662,1,12,650,EGYENI,,
65316,01_011_114,948,725,725,0,9,716,EGYENI,,
65318,01_011_115,953,739,739,0,3,736,EGYENI,,
65320,01_011_116,872,676,675,-1,4,671,EGYENI,,
65322,01_011_117,1024,760,759,-1,4,755,EGYENI,,
65324,01_011_118,1005,541,539,-2,10,529,EGYENI,,
62728,01_012_001,687,516,515,-1,4,511,EGYENI,,
62730,01_012_002,741,492,492,0,4,488,EGYENI,,
62732,01_012_003,516,353,353,0,0,353,EGYENI,,
62734,01_012_004,767,581,581,0,5,576,EGYENI,,
62736,01_012_005,639,434,434,0,1,433,EGYENI,,
62738,01_012_006,2905,2543,2465,-78,23,2442,EGYENI,,
62740,01_012_007,836,632,632,0,4,628,EGYENI,,
62742,01_012_008,893,677,675,-2,9,666,EGYENI,,
62744,01_012_009,939,720,720,0,4,716,EGYENI,,
62746,01_012_010,1026,843,825,-18,5,820,EGYENI,,
62748,01_012_011,836,654,651,-3,4,647,EGYENI,,
62750,01_012_012,1025,818,817,-1,7,810,EGYENI,,
62752,01_012_013,653,531,531,0,3,528,EGYENI,,
62754,01_012_014,660,508,508,0,2,506,EGYENI,,
62756,01_012_015,751,568,568,0,5,563,EGYENI,,
62758,01_012_016,736,580,580,0,3,577,EGYENI,,
62760,01_012_017,964,685,683,-2,6,677,EGYENI,,
62762,01_012_018,856,644,642,-2,4,638,EGYENI,,
62764,01_012_019,864,663,663,0,5,658,EGYENI,,
62766,01_012_020,817,638,636,-2,6,630,EGYENI,,
62768,01_012_021,799,604,601,-3,4,597,EGYENI,,
62770,01_012_022,546,439,439,0,1,438,EGYENI,,
62772,01_012_023,734,497,496,-1,3,493,EGYENI,,
62774,01_012_024,637,522,522,0,3,519,EGYENI,,
62776,01_012_025,774,627,627,0,6,621,EGYENI,,
62778,01_012_026,732,608,608,0,7,601,EGYENI,,
62780,01_012_027,745,616,616,0,5,611,EGYENI,,
62782,01_012_028,1041,770,770,0,5,765,EGYENI,,
62784,01_012_029,708,553,553,0,4,549,EGYENI,,
62786,01_012_030,909,723,721,-2,4,717,EGYENI,,
62788,01_012_031,741,552,550,-2,5,545,EGYENI,,
62790,01_012_032,852,655,653,-2,6,647,EGYENI,,
62792,01_012_033,990,716,715,-1,8,707,EGYENI,,
62794,01_012_034,882,719,717,-2,2,715,EGYENI,,
62796,01_012_035,883,715,714,-1,4,710,EGYENI,,
62798,01_012_036,721,578,578,0,4,574,EGYENI,,
62800,01_012_037,771,606,606,0,9,597,EGYENI,,
62802,01_012_038,954,758,757,-1,5,752,EGYENI,,
62804,01_012_039,965,768,768,0,4,764,EGYENI,,
62806,01_012_040,758,615,614,-1,2,612,EGYENI,,
62808,01_012_041,631,517,517,0,6,511,EGYENI,,
62810,01_012_042,893,722,722,0,8,714,EGYENI,,
62812,01_012_043,957,758,757,-1,5,752,EGYENI,,
62814,01_012_044,989,768,767,-1,3,764,EGYENI,,
62816,01_012_045,643,456,456,0,1,455,EGYENI,,
62818,01_012_046,1024,775,775,0,1,774,EGYENI,,
62820,01_012_047,1005,769,769,0,2,767,EGYENI,,
62822,01_012_048,895,619,619,0,7,612,EGYENI,,
62824,01_012_049,924,718,717,-1,2,715,EGYENI,,
62826,01_012_050,822,636,636,0,1,635,EGYENI,,
62828,01_012_051,629,496,496,0,6,490,EGYENI,,
62830,01_012_052,940,748,747,-1,6,741,EGYENI,,
62832,01_012_053,901,699,698,-1,3,695,EGYENI,,
62834,01_012_054,726,541,540,-1,3,537,EGYENI,,
62836,01_012_055,738,570,570,0,2,568,EGYENI,,
63368,01_013_001,592,349,349,0,2,347,EGYENI,,
63370,01_013_002,606,391,390,-1,2,388,EGYENI,,
63372,01_013_003,592,392,392,0,5,387,EGYENI,,
63374,01_013_004,812,578,576,-2,3,573,EGYENI,,
63376,01_013_005,709,513,510,-3,2,508,EGYENI,,
63378,01_013_006,597,435,435,0,2,433,EGYENI,,
63380,01_013_007,700,535,532,-3,7,525,EGYENI,,
63382,01_013_008,660,526,525,-1,3,522,EGYENI,,
63384,01_013_009,790,585,583,-2,6,577,EGYENI,,
63386,01_013_010,879,583,583,0,3,580,EGYENI,,
63388,01_013_011,858,567,567,0,5,562,EGYENI,,
63390,01_013_012,830,560,555,-5,12,543,EGYENI,,
63392,01_013_013,878,606,606,0,6,600,EGYENI,,
63394,01_013_014,720,530,530,0,4,526,EGYENI,,
63396,01_013_015,689,534,534,0,4,530,EGYENI,,
63398,01_013_016,785,599,597,-2,3,594,EGYENI,,
63400,01_013_017,1010,715,715,0,9,706,EGYENI,,
63402,01_013_018,736,532,532,0,13,519,EGYENI,,
63404,01_013_019,848,615,615,0,8,607,EGYENI,,
63406,01_013_020,770,563,563,0,6,557,EGYENI,,
63408,01_013_021,959,700,700,0,7,693,EGYENI,,
63410,01_013_022,714,561,560,-1,4,556,EGYENI,,
63412,01_013_023,1099,856,855,-1,9,846,EGYENI,,
63414,01_013_024,1058,805,804,-1,5,799,EGYENI,,
63416,01_013_025,992,706,706,0,8,698,EGYENI,,
63418,01_013_026,929,626,626,0,4,622,EGYENI,,
63420,01_013_027,742,466,466,0,4,462,EGYENI,,
63422,01_013_028,868,624,623,-1,7,616,EGYENI,,
63424,01_013_029,820,558,558,0,1,557,EGYENI,,
63426,01_013_030,663,461,460,-1,4,456,EGYENI,,
63428,01_013_031,1143,737,736,-1,7,729,EGYENI,,
63430,01_013_032,750,507,506,-1,2,504,EGYENI,,
63432,01_013_033,1120,625,625,0,11,614,EGYENI,,
63434,01_013_034,1102,556,556,0,6,550,EGYENI,,
63436,01_013_035,1211,530,527,-3,4,523,EGYENI,,
63438,01_013_036,1007,757,757,0,5,752,EGYENI,,
63440,01_013_037,1076,816,816,0,7,809,EGYENI,,
63442,01_013_038,1019,795,795,0,5,790,EGYENI,,
63444,01_013_039,1272,730,721,-9,1,720,EGYENI,,
63446,01_013_040,1210,453,449,-4,9,440,EGYENI,,
63448,01_013_041,1072,716,716,0,4,712,EGYENI,,
63450,01_013_042,1128,698,696,-2,9,687,EGYENI,,
63452,01_013_043,818,570,569,-1,9,560,EGYENI,,
63454,01_013_044,848,651,651,0,12,639,EGYENI,,
63456,01_013_045,756,547,547,0,5,542,EGYENI,,
63458,01_013_046,1081,710,710,0,8,702,EGYENI,,
63460,01_013_047,1051,577,576,-1,1,575,EGYENI,,
63462,01_013_048,674,391,391,0,0,391,EGYENI,,
63464,01_013_049,1086,721,721,0,7,714,EGYENI,,
63466,01_013_050,1021,624,624,0,9,615,EGYENI,,
63468,01_013_051,1075,783,783,0,8,775,EGYENI,,
63470,01_013_052,949,662,662,0,2,660,EGYENI,,
63472,01_013_053,874,660,658,-2,5,653,EGYENI,,
63474,01_013_054,825,603,603,0,4,599,EGYENI,,
63476,01_013_055,1193,796,794,-2,8,786,EGYENI,,
63478,01_013_056,966,464,464,0,8,456,EGYENI,,
63480,01_013_057,1060,668,668,0,4,664,EGYENI,,
63482,01_013_058,3145,2540,2530,-10,15,2515,EGYENI,,
63484,01_013_059,1078,697,698,1,17,681,EGYENI,,
63486,01_013_060,718,389,389,0,3,386,EGYENI,,
63488,01_013_061,1032,590,590,0,4,586,EGYENI,,
63490,01_013_062,1244,785,785,0,3,782,EGYENI,,
63492,01_013_063,690,411,411,0,3,408,EGYENI,,
63494,01_013_064,691,310,309,-1,2,307,EGYENI,,
63496,01_013_065,1387,676,676,0,4,672,EGYENI,,
63498,01_013_066,1086,696,696,0,6,690,EGYENI,,
63500,01_013_067,885,600,599,-1,4,595,EGYENI,,
63502,01_013_068,1135,677,677,0,4,673,EGYENI,,
63504,01_013_069,1062,737,736,-1,4,732,EGYENI,,
63506,01_013_070,762,522,522,0,4,518,EGYENI,,
63508,01_013_071,945,712,712,0,6,706,EGYENI,,
63510,01_013_072,683,521,508,-13,5,503,EGYENI,,
63512,01_013_073,829,637,608,-29,8,600,EGYENI,,
63514,01_013_074,1028,692,692,0,5,687,EGYENI,,
63516,01_013_075,1177,831,830,-1,5,825,EGYENI,,
64224,01_013_076,984,726,725,-1,6,719,EGYENI,,
63518,01_013_077,1112,815,815,0,4,811,EGYENI,,
64226,01_013_078,805,571,570,-1,4,566,EGYENI,,
64228,01_013_079,670,452,452,0,6,446,EGYENI,,
64230,01_013_080,1293,560,560,0,3,557,EGYENI,,
63520,01_013_081,703,517,517,0,11,506,EGYENI,,
63522,01_013_082,1062,712,709,-3,4,705,EGYENI,,
63524,01_013_083,647,393,392,-1,5,387,EGYENI,,
63526,01_013_084,681,454,454,0,5,449,EGYENI,,
63528,01_013_085,1105,766,764,-2,8,756,EGYENI,,
63530,01_013_086,701,453,452,-1,3,449,EGYENI,,
63532,01_013_087,733,486,485,-1,2,483,EGYENI,,
63534,01_013_088,822,619,619,0,5,614,EGYENI,,
63536,01_013_089,673,423,421,-2,3,418,EGYENI,,
63538,01_013_090,867,656,656,0,8,648,EGYENI,,
64232,01_013_091,987,654,654,0,6,648,EGYENI,,
64234,01_013_092,760,534,534,0,6,528,EGYENI,,
64236,01_013_093,1148,859,859,0,3,856,EGYENI,,
64238,01_013_094,1091,739,739,0,6,733,EGYENI,,
64240,01_013_095,785,477,476,-1,4,472,EGYENI,,
63540,01_013_096,928,550,550,0,6,544,EGYENI,,
64242,01_013_097,815,548,548,0,2,546,EGYENI,,
64244,01_013_098,621,454,450,-4,2,448,EGYENI,,
63542,01_014_001,908,665,662,-3,7,655,EGYENI,,
63544,01_014_002,954,690,690,0,7,683,EGYENI,,
63546,01_014_003,873,648,647,-1,1,646,EGYENI,,
63550,01_014_004,862,628,626,-2,4,622,EGYENI,,
63552,01_014_005,916,719,719,0,9,710,EGYENI,,
63554,01_014_006,931,716,716,0,6,710,EGYENI,,
63556,01_014_007,873,561,561,0,7,554,EGYENI,,
63558,01_014_008,959,696,696,0,3,693,EGYENI,,
63548,01_014_009,896,640,640,0,4,636,EGYENI,,
63560,01_014_010,878,611,610,-1,4,606,EGYENI,,
63562,01_014_011,836,577,577,0,9,568,EGYENI,,
63564,01_014_012,906,657,656,-1,7,649,EGYENI,,
63566,01_014_013,882,568,568,0,3,565,EGYENI,,
63570,01_014_014,954,705,705,0,11,694,EGYENI,,
63574,01_014_015,1001,676,676,0,6,670,EGYENI,,
63576,01_014_016,770,595,595,0,5,590,EGYENI,,
63578,01_014_017,906,661,659,-2,9,650,EGYENI,,
63580,01_014_018,890,628,628,0,3,625,EGYENI,,
63582,01_014_019,939,655,653,-2,8,645,EGYENI,,
63188,01_014_020,871,647,648,1,11,637,EGYENI,,
63572,01_014_021,957,699,699,0,11,688,EGYENI,,
63150,01_014_022,809,578,577,-1,5,572,EGYENI,,
63152,01_014_023,837,455,454,-1,5,449,EGYENI,,
63154,01_014_024,922,616,617,1,18,599,EGYENI,,
63156,01_014_025,836,575,575,0,11,564,EGYENI,,
63158,01_014_026,995,671,671,0,3,668,EGYENI,,
63194,01_014_027,2600,2135,1860,-275,6,1854,EGYENI,,
63162,01_014_028,969,719,717,-2,9,708,EGYENI,,
63568,01_014_029,887,662,662,0,8,654,EGYENI,,
63164,01_014_030,950,709,709,0,3,706,EGYENI,,
63166,01_014_031,887,603,602,-1,5,597,EGYENI,,
63168,01_014_032,921,627,626,-1,4,622,EGYENI,,
63170,01_014_033,887,668,667,-1,4,663,EGYENI,,
63174,01_014_034,926,698,698,0,3,695,EGYENI,,
64412,01_014_035,733,517,516,-1,3,513,EGYENI,,
64414,01_014_036,656,497,497,0,4,493,EGYENI,,
64420,01_014_037,959,714,713,-1,9,704,EGYENI,,
63176,01_014_038,1217,827,827,0,5,822,EGYENI,,
63178,01_014_039,1142,866,867,1,14,853,EGYENI,,
63172,01_014_040,950,460,460,0,4,456,EGYENI,,
63180,01_014_041,1188,812,812,0,4,808,EGYENI,,
63182,01_014_042,954,529,529,0,11,518,EGYENI,,
63184,01_014_043,989,742,742,0,5,737,EGYENI,,
63210,01_014_044,841,586,586,0,2,584,EGYENI,,
63212,01_014_045,894,596,596,0,3,593,EGYENI,,
63218,01_014_046,902,672,671,-1,7,664,EGYENI,,
63186,01_014_047,903,682,682,0,9,673,EGYENI,,
63190,01_014_048,890,665,665,0,3,662,EGYENI,,
63192,01_014_049,855,652,652,0,6,646,EGYENI,,
63220,01_014_050,1068,657,660,3,25,635,EGYENI,,
63222,01_014_051,953,492,492,0,7,485,EGYENI,,
63224,01_014_052,869,605,605,0,6,599,EGYENI,,
63226,01_014_053,800,561,561,0,6,555,EGYENI,,
63160,01_014_054,978,619,613,-6,8,605,EGYENI,,
63196,01_014_055,1006,673,673,0,4,669,EGYENI,,
63198,01_014_056,911,555,553,-2,8,545,EGYENI,,
63200,01_014_057,947,614,614,0,7,607,EGYENI,,
63202,01_014_058,886,647,650,3,30,620,EGYENI,,
63204,01_014_059,902,529,524,-5,5,519,EGYENI,,
64416,01_014_060,898,701,699,-2,3,696,EGYENI,,
64418,01_014_061,919,721,721,0,14,707,EGYENI,,
64422,01_014_062,860,628,628,0,3,625,EGYENI,,
64424,01_014_063,815,581,581,0,3,578,EGYENI,,
64426,01_014_064,938,705,705,0,2,703,EGYENI,,
63206,01_014_065,736,553,553,0,0,553,EGYENI,,
63208,01_014_066,885,668,666,-2,6,660,EGYENI,,
64434,01_014_067,920,682,682,0,4,678,EGYENI,,
64436,01_014_068,891,729,729,0,3,726,EGYENI,,
64428,01_014_069,983,753,752,-1,2,750,EGYENI,,
64438,01_014_070,849,675,672,-3,11,661,EGYENI,,
64430,01_014_071,861,668,667,-1,6,661,EGYENI,,
64432,01_014_072,1143,842,842,0,8,834,EGYENI,,
63242,01_014_073,672,484,472,-12,1,471,EGYENI,,
63214,01_014_074,853,611,611,0,5,606,EGYENI,,
63216,01_014_075,865,590,589,-1,9,580,EGYENI,,
63228,01_014_076,934,592,589,-3,7,582,EGYENI,,
63236,01_014_077,863,558,556,-2,7,549,EGYENI,,
63238,01_014_078,892,656,656,0,12,644,EGYENI,,
63240,01_014_079,870,621,621,0,6,615,EGYENI,,
63248,01_014_080,917,638,637,-1,4,633,EGYENI,,
63252,01_014_081,974,634,634,0,2,632,EGYENI,,
63230,01_014_082,1179,809,807,-2,11,796,EGYENI,,
64440,01_014_083,551,432,431,-1,0,431,EGYENI,,
63244,01_014_084,946,687,687,0,8,679,EGYENI,,
63232,01_014_085,1018,762,759,-3,2,757,EGYENI,,
63234,01_014_086,911,590,586,-4,5,581,EGYENI,,
63246,01_014_087,734,508,505,-3,6,499,EGYENI,,
63250,01_014_088,896,582,582,0,6,576,EGYENI,,
63254,01_014_089,972,721,721,0,12,709,EGYENI,,
63256,01_014_090,896,573,573,0,2,571,EGYENI,,
63260,01_014_091,784,476,474,-2,8,466,EGYENI,,
63262,01_014_092,914,649,649,0,11,638,EGYENI,,
63646,01_014_093,872,594,593,-1,5,588,EGYENI,,
63648,01_014_094,980,629,629,0,8,621,EGYENI,,
63258,01_014_095,940,624,623,-1,6,617,EGYENI,,
63268,01_014_096,944,652,652,0,14,638,EGYENI,,
63270,01_014_097,857,607,606,-1,3,603,EGYENI,,
63264,01_014_098,891,551,530,-21,4,526,EGYENI,,
63266,01_014_099,951,665,665,0,6,659,EGYENI,,
63272,01_014_100,962,668,660,-8,8,652,EGYENI,,
64270,01_015_001,901,649,648,-1,3,645,EGYENI,,
64272,01_015_002,846,617,617,0,8,609,EGYENI,,
64274,01_015_003,999,726,726,0,5,721,EGYENI,,
64276,01_015_004,1078,781,781,0,4,777,EGYENI,,
64278,01_015_005,1079,558,568,10,74,494,EGYENI,,
64280,01_015_006,1055,769,769,0,3,766,EGYENI,,
64284,01_015_007,843,602,602,0,4,598,EGYENI,,
64286,01_015_008,802,536,536,0,5,531,EGYENI,,
64288,01_015_009,714,472,472,0,1,471,EGYENI,,
64290,01_015_010,1053,685,685,0,4,681,EGYENI,,
64282,01_015_011,975,645,642,-3,2,640,EGYENI,,
64296,01_015_012,1094,685,677,-8,9,668,EGYENI,,
64298,01_015_013,1155,684,684,0,10,674,EGYENI,,
64408,01_015_014,820,536,536,0,3,533,EGYENI,,
64292,01_015_015,793,522,522,0,3,519,EGYENI,,
64294,01_015_016,1058,706,706,0,3,703,EGYENI,,
64300,01_015_017,755,510,510,0,4,506,EGYENI,,
64302,01_015_018,783,540,540,0,6,534,EGYENI,,
64304,01_015_019,996,650,649,-1,3,646,EGYENI,,
64306,01_015_020,1074,651,651,0,4,647,EGYENI,,
64308,01_015_021,1023,638,638,0,4,634,EGYENI,,
64310,01_015_022,920,627,627,0,1,626,EGYENI,,
64312,01_015_023,981,712,711,-1,4,707,EGYENI,,
64314,01_015_024,1050,732,732,0,3,729,EGYENI,,
64316,01_015_025,947,696,696,0,10,686,EGYENI,,
64318,01_015_026,809,577,575,-2,5,570,EGYENI,,
64320,01_015_027,959,672,672,0,2,670,EGYENI,,
64322,01_015_028,947,648,648,0,9,639,EGYENI,,
64326,01_015_029,903,593,593,0,10,583,EGYENI,,
64330,01_015_030,717,521,521,0,8,513,EGYENI,,
64336,01_015_031,870,574,571,-3,7,564,EGYENI,,
64340,01_015_032,797,532,530,-2,3,527,EGYENI,,
64342,01_015_033,889,623,622,-1,3,619,EGYENI,,
64410,01_015_034,745,574,574,0,4,570,EGYENI,,
64324,01_015_035,1114,781,781,0,5,776,EGYENI,,
64328,01_015_036,763,517,513,-4,4,509,EGYENI,,
64332,01_015_037,892,666,666,0,9,657,EGYENI,,
64334,01_015_038,960,674,672,-2,6,666,EGYENI,,
64338,01_015_039,942,616,616,0,4,612,EGYENI,,
64344,01_015_040,771,487,486,-1,8,478,EGYENI,,
64346,01_015_041,853,512,510,-2,4,506,EGYENI,,
64348,01_015_042,993,609,605,-4,2,603,EGYENI,,
64350,01_015_043,1008,638,638,0,4,634,EGYENI,,
64352,01_015_044,908,578,577,-1,4,573,EGYENI,,
64354,01_015_045,782,456,456,0,1,455,EGYENI,,
64356,01_015_046,958,620,620,0,5,615,EGYENI,,
64358,01_015_047,851,544,543,-1,8,535,EGYENI,,
64360,01_015_048,789,467,466,-1,6,460,EGYENI,,
64406,01_015_049,828,548,545,-3,15,530,EGYENI,,
64362,01_015_050,760,426,426,0,6,420,EGYENI,,
64364,01_015_051,1793,1410,1405,-5,10,1395,EGYENI,,
64366,01_015_052,913,529,529,0,3,526,EGYENI,,
64368,01_015_053,790,500,500,0,3,497,EGYENI,,
64370,01_015_054,839,468,468,0,8,460,EGYENI,,
64404,01_015_055,883,567,567,0,8,559,EGYENI,,
64372,01_015_056,908,582,582,0,4,578,EGYENI,,
64374,01_015_057,877,570,570,0,11,559,EGYENI,,
64376,01_015_058,1148,727,727,0,20,707,EGYENI,,
64382,01_015_059,868,514,513,-1,23,490,EGYENI,,
64384,01_015_060,942,575,576,1,17,559,EGYENI,,
64378,01_015_061,824,543,542,-1,7,535,EGYENI,,
64380,01_015_062,807,425,425,0,5,420,EGYENI,,
64386,01_015_063,872,500,498,-2,8,490,EGYENI,,
64388,01_015_064,859,559,559,0,6,553,EGYENI,,
64390,01_015_065,902,602,601,-1,7,594,EGYENI,,
64392,01_015_066,829,552,552,0,5,547,EGYENI,,
64394,01_015_067,911,651,648,-3,6,642,EGYENI,,
64396,01_015_068,1052,660,660,0,10,650,EGYENI,,
64398,01_015_069,1016,651,651,0,6,645,EGYENI,,
64400,01_015_070,838,542,542,0,7,535,EGYENI,,
64402,01_015_071,900,530,528,-2,8,520,EGYENI,,
64442,01_016_001,1065,805,795,-10,5,790,EGYENI,,
64444,01_016_002,1000,766,766,0,4,762,EGYENI,,
64446,01_016_003,1016,761,758,-3,3,755,EGYENI,,
64448,01_016_004,882,608,608,0,5,603,EGYENI,,
64450,01_016_005,919,693,693,0,8,685,EGYENI,,
64452,01_016_006,1034,739,738,-1,5,733,EGYENI,,
64454,01_016_007,1078,764,762,-2,6,756,EGYENI,,
64456,01_016_008,1021,753,751,-2,6,745,EGYENI,,
64458,01_016_009,1001,739,739,0,6,733,EGYENI,,
64460,01_016_010,987,734,734,0,8,726,EGYENI,,
64462,01_016_011,988,742,740,-2,5,735,EGYENI,,
64464,01_016_012,1063,779,775,-4,2,773,EGYENI,,
64466,01_016_013,874,652,652,0,7,645,EGYENI,,
64468,01_016_014,993,748,747,-1,6,741,EGYENI,,
64470,01_016_015,1078,813,813,0,7,806,EGYENI,,
64472,01_016_016,807,592,592,0,4,588,EGYENI,,
64474,01_016_017,823,575,575,0,1,574,EGYENI,,
64476,01_016_018,931,703,703,0,3,700,EGYENI,,
64478,01_016_019,765,536,535,-1,5,530,EGYENI,,
64480,01_016_020,775,563,562,-1,3,559,EGYENI,,
64482,01_016_021,729,532,532,0,2,530,EGYENI,,
64484,01_016_022,1924,1671,1667,-4,16,1651,EGYENI,,
64486,01_016_023,910,668,668,0,8,660,EGYENI,,
64488,01_016_024,898,639,639,0,1,638,EGYENI,,
64490,01_016_025,869,650,650,0,6,644,EGYENI,,
64492,01_016_026,974,701,701,0,2,699,EGYENI,,
64494,01_016_027,1010,768,768,0,6,762,EGYENI,,
64496,01_016_028,815,619,618,-1,5,613,EGYENI,,
64498,01_016_029,878,641,641,0,6,635,EGYENI,,
64500,01_016_030,1043,797,797,0,3,794,EGYENI,,
64502,01_016_031,851,641,641,0,3,638,EGYENI,,
64504,01_016_032,1035,778,774,-4,10,764,EGYENI,,
64506,01_016_033,1117,849,850,1,16,834,EGYENI,,
64508,01_016_034,949,677,676,-1,10,666,EGYENI,,
64510,01_016_035,1053,783,781,-2,6,775,EGYENI,,
64512,01_016_036,845,641,641,0,3,638,EGYENI,,
64514,01_016_037,723,545,545,0,5,540,EGYENI,,
64516,01_016_038,939,758,757,-1,5,752,EGYENI,,
64518,01_016_039,796,609,609,0,3,606,EGYENI,,
64520,01_016_040,973,732,732,0,5,727,EGYENI,,
64522,01_016_041,854,569,569,0,3,566,EGYENI,,
64524,01_016_042,920,639,639,0,2,637,EGYENI,,
64526,01_016_043,928,744,743,-1,3,740,EGYENI,,
64528,01_016_044,1046,717,717,0,8,709,EGYENI,,
64530,01_016_045,983,749,748,-1,8,740,EGYENI,,
64532,01_016_046,909,613,613,0,4,609,EGYENI,,
64088,01_016_047,637,460,459,-1,3,456,EGYENI,,
64090,01_016_048,946,679,677,-2,4,673,EGYENI,,
64092,01_016_049,998,776,774,-2,5,769,EGYENI,,
64094,01_016_050,826,618,615,-3,7,608,EGYENI,,
64096,01_016_051,1086,780,780,0,10,770,EGYENI,,
64098,01_016_052,829,637,637,0,5,632,EGYENI,,
64100,01_016_053,777,604,601,-3,4,597,EGYENI,,
64102,01_016_054,900,700,699,-1,17,682,EGYENI,,
64104,01_016_055,875,634,634,0,4,630,EGYENI,,
64106,01_016_056,998,706,706,0,2,704,EGYENI,,
64108,01_016_057,1205,822,822,0,3,819,EGYENI,,
64110,01_016_058,791,603,603,0,4,599,EGYENI,,
64112,01_016_059,899,633,632,-1,5,627,EGYENI,,
64114,01_016_060,1062,747,747,0,5,742,EGYENI,,
64130,01_017_001,885,675,675,0,6,669,EGYENI,,
64132,01_017_002,865,676,676,0,2,674,EGYENI,,
64134,01_017_003,982,719,719,0,6,713,EGYENI,,
64136,01_017_004,863,682,682,0,5,677,EGYENI,,
64138,01_017_005,764,624,624,0,2,622,EGYENI,,
64140,01_017_006,900,692,692,0,4,688,EGYENI,,
64142,01_017_007,1022,698,698,0,4,694,EGYENI,,
64144,01_017_008,1018,630,630,0,5,625,EGYENI,,
64146,01_017_009,990,598,598,0,7,591,EGYENI,,
64148,01_017_010,1017,612,611,-1,5,606,EGYENI,,
64150,01_017_011,1038,641,641,0,9,632,EGYENI,,
64152,01_017_012,963,648,648,0,6,642,EGYENI,,
64154,01_017_013,956,559,558,-1,2,556,EGYENI,,
64156,01_017_014,991,604,604,0,2,602,EGYENI,,
64158,01_017_015,917,615,615,0,3,612,EGYENI,,
64160,01_017_016,1465,1057,1051,-6,6,1045,EGYENI,,
64162,01_017_017,763,458,458,0,1,457,EGYENI,,
64164,01_017_018,921,620,619,-1,13,606,EGYENI,,
64166,01_017_019,963,614,614,0,5,609,EGYENI,,
64168,01_017_020,923,538,537,-1,2,535,EGYENI,,
64170,01_017_021,1057,385,385,0,7,378,EGYENI,,
64172,01_017_022,1014,617,617,0,4,613,EGYENI,,
64174,01_017_023,1047,640,639,-1,4,635,EGYENI,,
64176,01_017_024,801,578,578,0,4,574,EGYENI,,
64178,01_017_025,1041,741,741,0,4,737,EGYENI,,
64180,01_017_026,953,753,753,0,4,749,EGYENI,,
64182,01_017_027,780,582,581,-1,4,577,EGYENI,,
64184,01_017_028,597,422,422,0,3,419,EGYENI,,
64186,01_017_029,914,599,599,0,5,594,EGYENI,,
64188,01_017_030,883,604,604,0,4,600,EGYENI,,
64190,01_017_031,872,649,649,0,4,645,EGYENI,,
64192,01_017_032,811,592,592,0,3,589,EGYENI,,
64194,01_017_033,907,645,644,-1,7,637,EGYENI,,
64196,01_017_034,894,617,617,0,1,616,EGYENI,,
64198,01_017_035,1038,615,614,-1,6,608,EGYENI,,
64200,01_017_036,979,635,634,-1,5,629,EGYENI,,
64202,01_017_037,1045,704,704,0,5,699,EGYENI,,
64204,01_017_038,1065,740,740,0,3,737,EGYENI,,
64206,01_017_039,987,720,720,0,2,718,EGYENI,,
64208,01_017_040,1049,749,749,0,1,748,EGYENI,,
64210,01_017_041,1012,702,702,0,3,699,EGYENI,,
64212,01_017_042,1096,808,806,-2,4,802,EGYENI,,
64214,01_017_043,1003,699,699,0,5,694,EGYENI,,
64596,01_017_044,742,505,505,0,1,504,EGYENI,,
64598,01_017_045,781,529,529,0,7,522,EGYENI,,
64600,01_017_046,984,724,723,-1,2,721,EGYENI,,
64602,01_017_047,1067,772,771,-1,6,765,EGYENI,,
64604,01_017_048,823,574,572,-2,6,566,EGYENI,,
64606,01_017_049,886,605,605,0,4,601,EGYENI,,
64608,01_017_050,738,529,527,-2,6,521,EGYENI,,
64610,01_017_051,1112,794,794,0,9,785,EGYENI,,
64612,01_017_052,1010,752,751,-1,6,745,EGYENI,,
64614,01_017_053,909,639,637,-2,0,637,EGYENI,,
64616,01_017_054,791,581,580,-1,0,580,EGYENI,,
64618,01_017_055,926,682,682,0,4,678,EGYENI,,
64620,01_017_056,1023,717,717,0,7,710,EGYENI,,
64622,01_017_057,820,607,607,0,6,601,EGYENI,,
64624,01_017_058,941,652,652,0,3,649,EGYENI,,
64626,01_017_059,1085,773,773,0,3,770,EGYENI,,
64628,01_017_060,910,636,636,0,8,628,EGYENI,,
64630,01_017_061,1043,649,648,-1,4,644,EGYENI,,
64632,01_017_062,749,507,507,0,0,507,EGYENI,,
64634,01_017_063,899,598,598,0,4,594,EGYENI,,
64636,01_017_064,997,710,710,0,2,708,EGYENI,,
64638,01_017_065,889,648,648,0,5,643,EGYENI,,
64640,01_017_066,927,678,678,0,3,675,EGYENI,,
64642,01_017_067,959,697,696,-1,4,692,EGYENI,,
64644,01_017_068,971,718,716,-2,5,711,EGYENI,,
64646,01_017_069,851,618,619,1,16,603,EGYENI,,
64648,01_017_070,879,644,644,0,7,637,EGYENI,,
64650,01_017_071,891,627,627,0,4,623,EGYENI,,
64652,01_017_072,993,767,767,0,10,757,EGYENI,,
64654,01_017_073,1001,770,768,-2,7,761,EGYENI,,
64656,01_017_074,718,509,508,-1,5,503,EGYENI,,
64658,01_017_075,1003,762,762,0,3,759,EGYENI,,
64660,01_018_001,1101,814,813,-1,3,810,EGYENI,,
64662,01_018_002,943,700,700,0,7,693,EGYENI,,
64664,01_018_003,1154,821,821,0,6,815,EGYENI,,
64666,01_018_004,1079,786,786,0,7,779,EGYENI,,
64736,01_018_005,1138,805,805,0,2,803,EGYENI,,
64678,01_018_006,1045,739,737,-2,8,729,EGYENI,,
64680,01_018_007,1023,750,751,1,20,731,EGYENI,,
64682,01_018_008,977,709,707,-2,3,704,EGYENI,,
64684,01_018_009,873,574,573,-1,7,566,EGYENI,,
64686,01_018_010,970,699,698,-1,4,694,EGYENI,,
64688,01_018_011,875,478,477,-1,1,476,EGYENI,,
64690,01_018_012,836,641,641,0,7,634,EGYENI,,
64692,01_018_013,1007,701,701,0,6,695,EGYENI,,
64694,01_018_014,913,661,660,-1,7,653,EGYENI,,
64806,01_018_015,937,661,659,-2,4,655,EGYENI,,
64734,01_018_016,863,634,632,-2,5,627,EGYENI,,
64738,01_018_017,863,635,635,0,4,631,EGYENI,,
64740,01_018_018,996,730,730,0,8,722,EGYENI,,
64750,01_018_019,1115,850,850,0,9,841,EGYENI,,
64752,01_018_020,847,584,584,0,3,581,EGYENI,,
64754,01_018_021,1007,736,736,0,1,735,EGYENI,,
64756,01_018_022,867,587,587,0,1,586,EGYENI,,
64768,01_018_023,948,678,678,0,5,673,EGYENI,,
64670,01_018_024,1114,675,674,-1,4,670,EGYENI,,
64668,01_018_025,1082,772,772,0,8,764,EGYENI,,
64672,01_018_026,1070,692,692,0,1,691,EGYENI,,
64674,01_018_027,1216,820,820,0,12,808,EGYENI,,
64676,01_018_028,1126,789,789,0,1,788,EGYENI,,
64696,01_018_029,1281,739,739,0,4,735,EGYENI,,
64698,01_018_030,1122,707,707,0,2,705,EGYENI,,
64700,01_018_031,1325,774,774,0,6,768,EGYENI,,
64702,01_018_032,1149,602,601,-1,5,596,EGYENI,,
64704,01_018_033,1127,620,619,-1,4,615,EGYENI,,
64710,01_018_034,2000,1482,1477,-5,6,1471,EGYENI,,
64706,01_018_035,1072,665,664,-1,3,661,EGYENI,,
64708,01_018_036,1109,617,616,-1,6,610,EGYENI,,
64712,01_018_037,988,603,603,0,6,597,EGYENI,,
64714,01_018_038,1090,588,588,0,3,585,EGYENI,,
64716,01_018_039,983,554,554,0,2,552,EGYENI,,
64718,01_018_040,1127,818,817,-1,9,808,EGYENI,,
64720,01_018_041,1192,855,851,-4,4,847,EGYENI,,
64724,01_018_042,1243,844,843,-1,7,836,EGYENI,,
64748,01_018_043,863,629,627,-2,5,622,EGYENI,,
64722,01_018_044,1233,880,880,0,3,877,EGYENI,,
64726,01_018_045,712,484,484,0,3,481,EGYENI,,
64732,01_018_046,830,607,607,0,3,604,EGYENI,,
64728,01_018_047,1042,710,710,0,7,703,EGYENI,,
64746,01_018_048,804,589,589,0,2,587,EGYENI,,
64730,01_018_049,1080,724,724,0,1,723,EGYENI,,
64742,01_018_050,1096,828,826,-2,3,823,EGYENI,,
64744,01_018_051,954,674,674,0,5,669,EGYENI,,
64758,01_018_052,1049,799,799,0,7,792,EGYENI,,
64760,01_018_053,1219,951,951,0,8,943,EGYENI,,
64762,01_018_054,1102,851,850,-1,6,844,EGYENI,,
64764,01_018_055,1144,797,797,0,6,791,EGYENI,,
64766,01_018_056,1131,819,819,0,2,817,EGYENI,,
64772,01_018_057,1136,905,905,0,3,902,EGYENI,,
64770,01_018_058,1011,722,721,-1,5,716,EGYENI,,
64776,01_018_059,1187,838,839,1,19,820,EGYENI,,
64774,01_018_060,1221,776,777,1,14,763,EGYENI,,
64778,01_018_061,1285,830,830,0,2,828,EGYENI,,
64784,01_018_062,1171,802,802,0,2,800,EGYENI,,
64792,01_018_063,1146,810,810,0,3,807,EGYENI,,
64786,01_018_064,920,597,596,-1,6,590,EGYENI,,
64782,01_018_065,1106,744,744,0,2,742,EGYENI,,
64780,01_018_066,710,459,459,0,3,456,EGYENI,,
64788,01_018_067,1056,765,765,0,5,760,EGYENI,,
64790,01_018_068,913,663,663,0,5,658,EGYENI,,
64794,01_018_069,1150,797,797,0,7,790,EGYENI,,
64808,01_018_070,1065,747,747,0,7,740,EGYENI,,
64796,01_018_071,823,550,550,0,0,550,EGYENI,,
64798,01_018_072,1155,777,776,-1,10,766,EGYENI,,
64800,01_018_073,1073,746,746,0,4,742,EGYENI,,
64802,01_018_074,1172,778,778,0,3,775,EGYENI,,
64810,01_018_075,1190,860,857,-3,11,846,EGYENI,,
64804,01_018_076,975,655,655,0,1,654,EGYENI,,
63784,01_019_001,743,414,414,0,3,411,EGYENI,,
63786,01_019_002,669,457,457,0,6,451,EGYENI,,
63788,01_019_003,637,362,362,0,5,357,EGYENI,,
63790,01_019_004,715,454,454,0,8,446,EGYENI,,
63792,01_019_005,929,636,635,-1,8,627,EGYENI,,
63794,01_019_006,891,610,610,0,1,609,EGYENI,,
63796,01_019_007,904,621,621,0,3,618,EGYENI,,
63798,01_019_008,958,605,605,0,3,602,EGYENI,,
63800,01_019_009,708,444,444,0,1,443,EGYENI,,
63802,01_019_010,661,436,430,-6,7,423,EGYENI,,
63804,01_019_011,1053,725,724,-1,8,716,EGYENI,,
63806,01_019_012,924,645,645,0,3,642,EGYENI,,
63808,01_019_013,765,507,507,0,3,504,EGYENI,,
63810,01_019_014,728,442,442,0,5,437,EGYENI,,
63812,01_019_015,896,592,592,0,5,587,EGYENI,,
63814,01_019_016,832,480,480,0,2,478,EGYENI,,
63816,01_019_017,856,590,589,-1,1,588,EGYENI,,
63818,01_019_018,793,561,561,0,4,557,EGYENI,,
63820,01_019_019,934,631,631,0,5,626,EGYENI,,
63822,01_019_020,1055,694,693,-1,5,688,EGYENI,,
63824,01_019_021,1097,570,568,-2,1,567,EGYENI,,
63826,01_019_022,860,613,613,0,4,609,EGYENI,,
63828,01_019_023,990,674,674,0,6,668,EGYENI,,
63830,01_019_024,950,665,665,0,4,661,EGYENI,,
63832,01_019_025,831,500,500,0,4,496,EGYENI,,
63834,01_019_026,836,570,570,0,2,568,EGYENI,,
63836,01_019_027,893,588,587,-1,5,582,EGYENI,,
63838,01_019_028,765,487,487,0,4,483,EGYENI,,
63840,01_019_029,899,603,601,-2,6,595,EGYENI,,
63842,01_019_030,1009,615,614,-1,7,607,EGYENI,,
64812,01_019_031,578,428,428,0,3,425,EGYENI,,
64814,01_019_032,621,437,437,0,0,437,EGYENI,,
64816,01_019_033,599,426,426,0,5,421,EGYENI,,
64818,01_019_034,944,710,710,0,4,706,EGYENI,,
64820,01_019_035,651,485,485,0,3,482,EGYENI,,
64822,01_019_036,582,422,422,0,8,414,EGYENI,,
64824,01_019_037,613,477,477,0,3,474,EGYENI,,
64826,01_019_038,662,471,470,-1,2,468,EGYENI,,
64828,01_019_039,1144,772,770,-2,5,765,EGYENI,,
64830,01_019_040,702,514,514,0,4,510,EGYENI,,
64832,01_019_041,873,638,638,0,8,630,EGYENI,,
64834,01_019_042,641,457,457,0,6,451,EGYENI,,
64836,01_019_043,792,499,498,-1,4,494,EGYENI,,
64838,01_019_044,1037,700,700,0,4,696,EGYENI,,
64840,01_019_045,662,495,494,-1,7,487,EGYENI,,
63844,01_019_046,668,426,425,-1,5,420,EGYENI,,
64842,01_019_047,1101,747,747,0,7,740,EGYENI,,
64844,01_019_048,930,534,533,-1,6,527,EGYENI,,
64846,01_019_049,829,575,575,0,2,573,EGYENI,,
64848,01_019_050,714,503,503,0,5,498,EGYENI,,
64850,01_019_051,985,646,646,0,9,637,EGYENI,,
64852,01_019_052,664,467,467,0,2,465,EGYENI,,
64854,01_019_053,664,451,451,0,4,447,EGYENI,,
64856,01_019_054,906,610,610,0,5,605,EGYENI,,
64858,01_019_055,789,574,574,0,5,569,EGYENI,,
64860,01_019_056,864,676,676,0,1,675,EGYENI,,
64862,01_019_057,807,624,623,-1,6,617,EGYENI,,
64864,01_019_058,842,645,644,-1,4,640,EGYENI,,
64866,01_020_001,948,556,555,-1,8,547,EGYENI,,
64868,01_020_002,1013,756,753,-3,6,747,EGYENI,,
64870,01_020_003,637,405,405,0,3,402,EGYENI,,
64872,01_020_004,741,448,447,-1,3,444,EGYENI,,
64874,01_020_005,915,594,593,-1,8,585,EGYENI,,
64876,01_020_006,2000,1515,1507,-8,17,1490,EGYENI,,
64878,01_020_007,745,473,472,-1,2,470,EGYENI,,
64880,01_020_008,1020,694,689,-5,9,680,EGYENI,,
64882,01_020_009,952,562,562,0,3,559,EGYENI,,
64884,01_020_010,766,463,463,0,2,461,EGYENI,,
64886,01_020_011,991,519,518,-1,4,514,EGYENI,,
64888,01_020_012,864,497,497,0,7,490,EGYENI,,
64890,01_020_013,1031,671,671,0,7,664,EGYENI,,
64892,01_020_014,780,434,434,0,5,429,EGYENI,,
64894,01_020_015,791,424,424,0,2,422,EGYENI,,
64896,01_020_016,923,443,443,0,2,441,EGYENI,,
64898,01_020_017,936,536,536,0,4,532,EGYENI,,
64900,01_020_018,682,371,371,0,3,368,EGYENI,,
64902,01_020_019,1370,885,885,0,9,876,EGYENI,,
64904,01_020_020,1143,695,694,-1,5,689,EGYENI,,
64906,01_020_021,818,574,572,-2,0,572,EGYENI,,
64908,01_020_022,871,569,569,0,3,566,EGYENI,,
64910,01_020_023,687,475,474,-1,5,469,EGYENI,,
64912,01_020_024,649,457,455,-2,5,450,EGYENI,,
64914,01_020_025,862,536,536,0,5,531,EGYENI,,
64916,01_020_026,840,552,552,0,4,548,EGYENI,,
64918,01_020_027,840,546,546,0,2,544,EGYENI,,
64920,01_020_028,784,516,516,0,1,515,EGYENI,,
64922,01_020_029,697,460,461,1,12,449,EGYENI,,
64924,01_020_030,811,516,516,0,5,511,EGYENI,,
64926,01_020_031,692,484,484,0,3,481,EGYENI,,
64928,01_020_032,670,422,422,0,0,422,EGYENI,,
64930,01_020_033,643,440,440,0,4,436,EGYENI,,
64932,01_020_034,803,500,499,-1,1,498,EGYENI,,
64934,01_020_035,906,564,563,-1,6,557,EGYENI,,
64936,01_020_036,922,506,506,0,7,499,EGYENI,,
64938,01_020_037,876,541,541,0,0,541,EGYENI,,
64940,01_020_038,720,440,440,0,1,439,EGYENI,,
64942,01_020_039,956,574,574,0,4,570,EGYENI,,
64944,01_020_040,975,616,615,-1,5,610,EGYENI,,
64946,01_020_041,743,540,540,0,4,536,EGYENI,,
64948,01_020_042,988,615,615,0,5,610,EGYENI,,
64950,01_020_043,746,507,507,0,0,507,EGYENI,,
64952,01_020_044,796,495,495,0,6,489,EGYENI,,
64954,01_020_045,892,603,603,0,2,601,EGYENI,,
64956,01_020_046,599,428,428,0,3,425,EGYENI,,
64958,01_020_047,878,617,617,0,4,613,EGYENI,,
64960,01_020_048,687,461,460,-1,3,457,EGYENI,,
64962,01_020_049,910,644,644,0,1,643,EGYENI,,
64964,01_020_050,1005,637,636,-1,4,632,EGYENI,,
64966,01_020_051,753,546,546,0,4,542,EGYENI,,
64968,01_020_052,825,544,544,0,1,543,EGYENI,,
64970,01_020_053,683,470,470,0,3,467,EGYENI,,
64972,01_020_054,858,583,582,-1,6,576,EGYENI,,
64974,01_020_055,797,494,493,-1,1,492,EGYENI,,
64976,01_020_056,948,587,585,-2,3,582,EGYENI,,
64978,01_020_057,815,555,555,0,5,550,EGYENI,,
64980,01_020_058,1038,641,641,0,8,633,EGYENI,,
64982,01_020_059,837,541,535,-6,6,529,EGYENI,,
64984,01_020_060,932,575,575,0,5,570,EGYENI,,
64986,01_020_061,653,375,375,0,6,369,EGYENI,,
64988,01_021_001,862,630,630,0,10,620,EGYENI,,
64990,01_021_002,843,607,603,-4,1,602,EGYENI,,
64992,01_021_003,799,583,583,0,4,579,EGYENI,,
64994,01_021_004,782,561,561,0,4,557,EGYENI,,
64996,01_021_005,905,641,641,0,4,637,EGYENI,,
64998,01_021_006,815,577,576,-1,6,570,EGYENI,,
65000,01_021_007,742,486,486,0,6,480,EGYENI,,
65002,01_021_008,818,583,582,-1,4,578,EGYENI,,
65004,01_021_009,764,531,531,0,2,529,EGYENI,,
65006,01_021_010,922,646,646,0,2,644,EGYENI,,
65008,01_021_011,809,584,584,0,7,577,EGYENI,,
65010,01_021_012,866,623,623,0,10,613,EGYENI,,
65012,01_021_013,856,596,596,0,3,593,EGYENI,,
65014,01_021_014,836,596,596,0,3,593,EGYENI,,
65016,01_021_015,2002,1579,1578,-1,8,1570,EGYENI,,
65018,01_021_016,894,623,623,0,2,621,EGYENI,,
65020,01_021_017,1041,762,762,0,2,760,EGYENI,,
65022,01_021_018,907,670,669,-1,4,665,EGYENI,,
65024,01_021_019,802,576,576,0,3,573,EGYENI,,
65026,01_021_020,778,580,580,0,2,578,EGYENI,,
65028,01_021_021,815,590,590,0,4,586,EGYENI,,
65030,01_021_022,745,526,526,0,5,521,EGYENI,,
65032,01_021_023,804,525,525,0,3,522,EGYENI,,
65034,01_021_024,828,504,504,0,7,497,EGYENI,,
65036,01_021_025,869,538,538,0,2,536,EGYENI,,
65038,01_021_026,832,554,553,-1,5,548,EGYENI,,
65040,01_021_027,770,516,516,0,3,513,EGYENI,,
65042,01_021_028,840,518,518,0,5,513,EGYENI,,
65044,01_021_029,754,429,429,0,2,427,EGYENI,,
64534,01_021_030,782,462,462,0,5,457,EGYENI,,
64536,01_021_031,812,484,484,0,5,479,EGYENI,,
64538,01_021_032,978,646,645,-1,12,633,EGYENI,,
64540,01_021_033,915,557,557,0,8,549,EGYENI,,
64542,01_021_034,780,367,367,0,0,367,EGYENI,,
64544,01_021_035,750,298,298,0,2,296,EGYENI,,
64546,01_021_036,784,474,474,0,6,468,EGYENI,,
64548,01_021_037,809,509,509,0,7,502,EGYENI,,
64550,01_021_038,868,414,414,0,3,411,EGYENI,,
64552,01_021_039,1036,671,670,-1,6,664,EGYENI,,
64554,01_021_040,898,519,518,-1,4,514,EGYENI,,
64556,01_021_041,1100,391,391,0,7,384,EGYENI,,
64558,01_021_042,928,517,517,0,3,514,EGYENI,,
64560,01_021_043,979,624,624,0,6,618,EGYENI,,
64562,01_021_044,785,494,494,0,5,489,EGYENI,,
64564,01_021_045,759,475,475,0,3,472,EGYENI,,
64566,01_021_046,844,456,456,0,5,451,EGYENI,,
64568,01_021_047,745,437,437,0,2,435,EGYENI,,
64570,01_021_048,801,552,551,-1,6,545,EGYENI,,
64572,01_021_049,927,665,665,0,2,663,EGYENI,,
64574,01_021_050,859,561,560,-1,6,554,EGYENI,,
64576,01_021_051,931,621,621,0,3,618,EGYENI,,
64578,01_021_052,829,520,520,0,9,511,EGYENI,,
64580,01_021_053,902,570,570,0,5,565,EGYENI,,
64582,01_021_054,861,596,596,0,2,594,EGYENI,,
64584,01_021_055,994,679,678,-1,0,678,EGYENI,,
64586,01_021_056,843,466,466,0,2,464,EGYENI,,
64588,01_021_057,980,613,613,0,5,608,EGYENI,,
64590,01_021_058,1024,714,715,1,16,699,EGYENI,,
64592,01_021_059,1010,735,735,0,5,730,EGYENI,,
64594,01_021_060,895,634,634,0,2,632,EGYENI,,
65182,01_021_061,805,583,583,0,5,578,EGYENI,,
65184,01_021_062,884,531,530,-1,14,516,EGYENI,,
65186,01_021_063,830,527,525,-2,5,520,EGYENI,,
65188,01_021_064,897,590,589,-1,8,581,EGYENI,,
65190,01_021_065,953,501,500,-1,4,496,EGYENI,,
65192,01_021_066,986,598,598,0,4,594,EGYENI,,
65194,01_021_067,885,490,488,-2,1,487,EGYENI,,
65196,01_021_068,1009,685,684,-1,4,680,EGYENI,,
65198,01_021_069,819,559,559,0,3,556,EGYENI,,
65200,01_021_070,1102,562,561,-1,4,557,EGYENI,,
65326,01_022_001,1061,873,873,0,3,870,EGYENI,,
65328,01_022_002,966,756,753,-3,0,753,EGYENI,,
65330,01_022_003,1157,900,896,-4,10,886,EGYENI,,
65338,01_022_004,1138,856,855,-1,6,849,EGYENI,,
65334,01_022_005,1284,1037,1037,0,5,1032,EGYENI,,
65332,01_022_006,1262,951,950,-1,8,942,EGYENI,,
65336,01_022_007,1025,682,682,0,5,677,EGYENI,,
65340,01_022_008,922,591,589,-2,11,578,EGYENI,,
65342,01_022_009,2322,1831,1831,0,22,1809,EGYENI,,
65344,01_022_010,681,381,381,0,5,376,EGYENI,,
65346,01_022_011,1208,804,802,-2,5,797,EGYENI,,
65362,01_022_012,1248,968,968,0,3,965,EGYENI,,
65348,01_022_013,1182,812,812,0,5,807,EGYENI,,
65352,01_022_014,1161,889,889,0,5,884,EGYENI,,
65354,01_022_015,1045,761,761,0,6,755,EGYENI,,
65358,01_022_016,1219,873,871,-2,3,868,EGYENI,,
65356,01_022_017,966,678,678,0,5,673,EGYENI,,
65360,01_022_018,1030,632,631,-1,0,631,EGYENI,,
65350,01_022_019,1092,810,808,-2,5,803,EGYENI,,
65364,01_022_020,1156,865,865,0,9,856,EGYENI,,
65366,01_022_021,1178,867,867,0,5,862,EGYENI,,
65368,01_022_022,1028,776,776,0,4,772,EGYENI,,
65370,01_022_023,1240,892,877,-15,7,870,EGYENI,,
65372,01_022_024,1194,881,881,0,6,875,EGYENI,,
65374,01_022_025,1033,762,762,0,6,756,EGYENI,,
65376,01_022_026,1107,771,771,0,5,766,EGYENI,,
65378,01_022_027,1205,916,916,0,7,909,EGYENI,,
65380,01_022_028,1214,896,896,0,4,892,EGYENI,,
65382,01_022_029,1289,881,880,-1,3,877,EGYENI,,
65384,01_022_030,1211,831,831,0,6,825,EGYENI,,
65386,01_022_031,1134,833,831,-2,4,827,EGYENI,,
65388,01_022_032,1188,861,859,-2,5,854,EGYENI,,
65390,01_022_033,1229,856,856,0,18,838,EGYENI,,
65392,01_022_034,1130,756,756,0,4,752,EGYENI,,
65394,01_022_035,1218,774,774,0,14,760,EGYENI,,
65396,01_022_036,1376,871,870,-1,7,863,EGYENI,,
65398,01_022_037,1284,837,836,-1,8,828,EGYENI,,
65202,01_023_001,649,397,397,0,3,394,EGYENI,,
65204,01_023_002,700,480,480,0,2,478,EGYENI,,
65206,01_023_003,682,495,495,0,3,492,EGYENI,,
65208,01_023_004,809,603,603,0,5,598,EGYENI,,
65210,01_023_005,734,485,485,0,4,481,EGYENI,,
65212,01_023_006,671,485,485,0,5,480,EGYENI,,
65214,01_023_007,923,581,579,-2,12,567,EGYENI,,
65216,01_023_008,614,427,427,0,2,425,EGYENI,,
65242,01_023_009,612,394,394,0,4,390,EGYENI,,
65218,01_023_010,641,451,451,0,0,451,EGYENI,,
65220,01_023_011,668,417,417,0,7,410,EGYENI,,
65222,01_023_012,824,554,553,-1,3,550,EGYENI,,
65240,01_023_013,645,458,458,0,1,457,EGYENI,,
65224,01_023_014,788,478,478,0,3,475,EGYENI,,
65226,01_023_015,697,428,428,0,5,423,EGYENI,,
65228,01_023_016,775,466,466,0,6,460,EGYENI,,
65230,01_023_017,691,476,475,-1,7,468,EGYENI,,
65232,01_023_018,721,382,382,0,3,379,EGYENI,,
65234,01_023_019,786,554,550,-4,2,548,EGYENI,,
65236,01_023_020,685,425,425,0,5,420,EGYENI,,
65238,01_023_021,737,466,466,0,0,466,EGYENI,,
65244,01_023_022,893,603,602,-1,19,583,EGYENI,,
65246,01_023_023,710,461,460,-1,3,457,EGYENI,,
65248,01_023_024,676,458,458,0,4,454,EGYENI,,
66032,02_001_001,539,318,318,0,4,314,EGYENI,,
66034,02_002_001,148,82,82,0,5,77,EGYENI,,
66036,02_003_001,343,218,218,0,2,216,EGYENI,,
66038,02_004_001,63,42,42,0,0,42,EGYENI,,
65730,02_005_001,286,140,140,0,2,138,EGYENI,,
66040,02_006_001,769,561,561,0,11,550,EGYENI,,
65732,02_007_001,109,63,63,0,4,59,EGYENI,,
66042,02_008_001,295,159,159,0,8,151,EGYENI,,
65734,02_009_001,142,80,80,0,2,78,EGYENI,,
66044,02_010_001,164,94,94,0,1,93,EGYENI,,
65736,02_011_001,600,336,336,0,4,332,EGYENI,,
66046,02_012_001,93,50,50,0,1,49,EGYENI,,
66048,02_013_001,290,160,160,0,0,160,EGYENI,,
66050,02_014_001,256,109,109,0,2,107,EGYENI,,
66052,02_015_001,642,368,368,0,6,362,EGYENI,,
66054,02_016_001,164,106,106,0,4,102,EGYENI,,
66056,02_017_001,360,148,148,0,1,147,EGYENI,,
65506,02_018_001,108,72,72,0,1,71,EGYENI,,
65508,02_019_001,162,85,85,0,0,85,EGYENI,,
65510,02_020_001,135,68,68,0,4,64,EGYENI,,
65738,02_021_001,464,262,262,0,1,261,EGYENI,,
65740,02_022_001,340,182,181,-1,5,176,EGYENI,,
65742,02_023_001,716,379,379,0,4,375,EGYENI,,
65744,02_023_002,712,393,393,0,6,387,EGYENI,,
65746,02_023_003,696,344,344,0,4,340,EGYENI,,
65138,02_024_001,733,322,322,0,6,316,EGYENI,,
65512,02_025_001,94,52,52,0,1,51,EGYENI,,
65748,02_026_001,212,126,126,0,0,126,EGYENI,,
65514,02_027_001,829,488,487,-1,6,481,EGYENI,,
65750,02_028_001,636,380,379,-1,6,373,EGYENI,,
65752,02_029_001,417,254,254,0,5,249,EGYENI,,
65516,02_030_001,209,118,118,0,1,117,EGYENI,,
65518,02_031_001,353,191,191,0,4,187,EGYENI,,
65520,02_032_001,195,103,103,0,6,97,EGYENI,,
65140,02_033_001,837,476,476,0,17,459,EGYENI,,
65522,02_034_001,342,193,193,0,4,189,EGYENI,,
65524,02_035_001,238,132,131,-1,2,129,EGYENI,,
65526,02_036_001,221,128,128,0,3,125,EGYENI,,
65528,02_036_002,36,25,25,0,0,25,EGYENI,,
65530,02_036_003,65,39,39,0,0,39,EGYENI,,
65754,02_037_001,337,171,171,0,5,166,EGYENI,,
65532,02_038_001,114,65,65,0,1,64,EGYENI,,
65534,02_039_001,271,125,125,0,2,123,EGYENI,,
65756,02_040_001,754,425,425,0,5,420,EGYENI,,
65758,02_040_002,682,414,414,0,6,408,EGYENI,,
65760,02_040_003,865,559,559,0,7,552,EGYENI,,
65762,02_040_004,674,449,449,0,4,445,EGYENI,,
65536,02_041_001,501,264,264,0,7,257,EGYENI,,
65538,02_041_002,422,184,184,0,7,177,EGYENI,,
65540,02_042_001,70,24,24,0,1,23,EGYENI,,
65542,02_043_001,132,79,79,0,2,77,EGYENI,,
65544,02_044_001,572,272,272,0,7,265,EGYENI,,
65546,02_045_001,72,32,32,0,1,31,EGYENI,,
65548,02_046_001,284,125,125,0,6,119,EGYENI,,
65142,02_047_001,477,286,286,0,0,286,EGYENI,,
65550,02_048_001,329,168,168,0,0,168,EGYENI,,
65552,02_049_001,136,81,81,0,1,80,EGYENI,,
65554,02_050_001,178,101,101,0,0,101,EGYENI,,
65556,02_051_001,483,176,176,0,5,171,EGYENI,,
65558,02_052_001,68,39,39,0,0,39,EGYENI,,
65560,02_053_001,554,307,307,0,11,296,EGYENI,,
65562,02_054_001,172,96,96,0,1,95,EGYENI,,
65564,02_055_001,184,89,89,0,2,87,EGYENI,,
65566,02_056_001,412,210,210,0,0,210,EGYENI,,
65568,02_057_001,142,89,89,0,1,88,EGYENI,,
65570,02_058_001,100,52,52,0,1,51,EGYENI,,
65572,02_059_001,208,98,98,0,2,96,EGYENI,,
66186,02_060_001,80,48,48,0,0,48,EGYENI,,
66188,02_061_001,556,308,308,0,3,305,EGYENI,,
66190,02_062_001,164,98,98,0,2,96,EGYENI,,
66192,02_063_001,364,212,212,0,10,202,EGYENI,,
65764,02_064_001,868,425,425,0,6,419,EGYENI,,
65766,02_064_002,770,427,427,0,1,426,EGYENI,,
65768,02_065_001,839,506,506,0,3,503,EGYENI,,
65770,02_066_001,256,115,115,0,4,111,EGYENI,,
65772,02_067_001,676,401,401,0,5,396,EGYENI,,
65144,02_068_001,187,122,122,0,2,120,EGYENI,,
66194,02_069_001,322,159,159,0,4,155,EGYENI,,
65774,02_070_001,66,46,46,0,0,46,EGYENI,,
65776,02_071_001,311,173,172,-1,1,171,EGYENI,,
65778,02_072_001,240,123,123,0,1,122,EGYENI,,
65780,02_073_001,174,106,105,-1,4,101,EGYENI,,
65782,02_074_001,172,120,120,0,3,117,EGYENI,,
66196,02_075_001,117,56,56,0,1,55,EGYENI,,
66198,02_076_001,817,490,490,0,5,485,EGYENI,,
66200,02_077_001,235,139,139,0,11,128,EGYENI,,
66202,02_078_001,418,201,201,0,1,200,EGYENI,,
65784,02_079_001,397,243,243,0,6,237,EGYENI,,
65786,02_079_002,249,126,126,0,1,125,EGYENI,,
66204,02_080_001,185,87,87,0,1,86,EGYENI,,
66206,02_081_001,250,169,169,0,7,162,EGYENI,,
66208,02_082_001,225,109,108,-1,1,107,EGYENI,,
66210,02_083_001,528,252,252,0,7,245,EGYENI,,
66212,02_083_002,184,118,118,0,0,118,EGYENI,,
66214,02_084_001,645,373,373,0,1,372,EGYENI,,
66216,02_084_002,566,281,281,0,7,274,EGYENI,,
66218,02_084_003,152,48,48,0,0,48,EGYENI,,
65788,02_085_001,346,184,184,0,5,179,EGYENI,,
65400,02_086_001,538,304,304,0,4,300,EGYENI,,
66220,02_087_001,118,55,55,0,3,52,EGYENI,,
66222,02_088_001,230,123,123,0,3,120,EGYENI,,
66224,02_089_001,453,284,284,0,4,280,EGYENI,,
66226,02_089_002,859,547,547,0,7,540,EGYENI,,
66228,02_089_003,843,563,558,-5,7,551,EGYENI,,
66230,02_089_004,1116,657,654,-3,5,649,EGYENI,,
65146,02_090_001,254,183,183,0,3,180,EGYENI,,
65790,02_091_001,136,78,78,0,0,78,EGYENI,,
66232,02_092_001,348,187,187,0,3,184,EGYENI,,
66234,02_093_001,290,140,140,0,2,138,EGYENI,,
66236,02_094_001,383,229,229,0,3,226,EGYENI,,
65792,02_095_001,875,480,480,0,6,474,EGYENI,,
65794,02_095_002,888,507,507,0,12,495,EGYENI,,
65796,02_096_001,391,233,233,0,5,228,EGYENI,,
65798,02_096_002,526,320,320,0,9,311,EGYENI,,
66238,02_097_001,167,82,82,0,7,75,EGYENI,,
66240,02_098_001,383,197,197,0,2,195,EGYENI,,
66242,02_098_002,405,222,222,0,3,219,EGYENI,,
65800,02_099_001,524,293,293,0,8,285,EGYENI,,
66244,02_100_001,58,44,44,0,1,43,EGYENI,,
65802,02_101_001,919,560,552,-8,3,549,EGYENI,,
65804,02_101_002,830,552,552,0,6,546,EGYENI,,
65806,02_101_003,939,496,496,0,8,488,EGYENI,,
66246,02_102_001,46,30,30,0,0,30,EGYENI,,
66248,02_103_001,185,97,97,0,0,97,EGYENI,,
65808,02_104_001,198,87,87,0,3,84,EGYENI,,
66250,02_105_001,186,117,117,0,0,117,EGYENI,,
65810,02_106_001,111,68,68,0,6,62,EGYENI,,
65812,02_107_001,202,128,127,-1,4,123,EGYENI,,
66252,02_108_001,213,108,108,0,3,105,EGYENI,,
66254,02_109_001,133,63,63,0,2,61,EGYENI,,
66256,02_110_001,179,99,99,0,3,96,EGYENI,,
65814,02_111_001,285,170,169,-1,3,166,EGYENI,,
65816,02_112_001,282,160,160,0,1,159,EGYENI,,
65818,02_113_001,287,171,171,0,2,169,EGYENI,,
66258,02_114_001,52,34,34,0,1,33,EGYENI,,
65402,02_115_001,993,676,676,0,8,668,EGYENI,,
65820,02_116_001,141,94,94,0,1,93,EGYENI,,
66260,02_117_001,384,250,250,0,3,247,EGYENI,,
66262,02_118_001,550,338,338,0,3,335,EGYENI,,
66264,02_119_001,794,369,368,-1,6,362,EGYENI,,
66266,02_120_001,154,102,100,-2,1,99,EGYENI,,
66268,02_121_001,69,35,35,0,0,35,EGYENI,,
65822,02_122_001,88,47,47,0,2,45,EGYENI,,
66270,02_123_001,106,67,67,0,0,67,EGYENI,,
66272,02_124_001,195,101,101,0,3,98,EGYENI,,
66274,02_125_001,162,78,78,0,3,75,EGYENI,,
65824,02_126_001,430,218,218,0,2,216,EGYENI,,
65826,02_127_001,178,98,98,0,5,93,EGYENI,,
65828,02_128_001,130,72,68,-4,0,68,EGYENI,,
65830,02_129_001,207,133,133,0,2,131,EGYENI,,
65832,02_130_001,241,114,114,0,2,112,EGYENI,,
65834,02_131_001,166,109,109,0,5,104,EGYENI,,
66276,02_132_001,127,90,90,0,3,87,EGYENI,,
66278,02_132_002,63,30,30,0,0,30,EGYENI,,
66280,02_133_001,100,52,52,0,1,51,EGYENI,,
65836,02_134_001,177,104,104,0,3,101,EGYENI,,
66282,02_135_001,280,162,162,0,3,159,EGYENI,,
66284,02_136_001,249,111,111,0,1,110,EGYENI,,
65148,02_137_001,1022,529,529,0,7,522,EGYENI,,
65150,02_137_002,1081,599,599,0,13,586,EGYENI,,
65152,02_137_003,1013,583,583,0,5,578,EGYENI,,
65154,02_137_004,1084,603,602,-1,3,599,EGYENI,,
65156,02_137_005,1008,487,487,0,5,482,EGYENI,,
65158,02_137_006,875,521,521,0,7,514,EGYENI,,
65160,02_137_007,1104,701,701,0,7,694,EGYENI,,
65162,02_137_008,1038,609,608,-1,3,605,EGYENI,,
65166,02_137_009,856,501,501,0,4,497,EGYENI,,
65168,02_137_010,695,414,413,-1,6,407,EGYENI,,
65164,02_137_011,890,573,572,-1,5,567,EGYENI,,
65170,02_137_012,1035,471,471,0,8,463,EGYENI,,
65172,02_137_013,951,524,523,-1,10,513,EGYENI,,
65174,02_137_014,1086,578,578,0,7,571,EGYENI,,
65176,02_137_015,845,521,521,0,7,514,EGYENI,,
65178,02_137_016,1177,607,606,-1,2,604,EGYENI,,
65180,02_137_017,1086,579,578,-1,6,572,EGYENI,,
65574,02_137_018,960,492,492,0,6,486,EGYENI,,
65576,02_137_019,1064,608,608,0,2,606,EGYENI,,
65578,02_137_020,1073,701,701,0,5,696,EGYENI,,
65580,02_137_021,352,241,241,0,1,240,EGYENI,,
65582,02_137_022,650,319,319,0,2,317,EGYENI,,
65584,02_137_023,180,96,95,-1,0,95,EGYENI,,
66286,02_138_001,201,121,121,0,3,118,EGYENI,,
66288,02_139_001,55,40,40,0,3,37,EGYENI,,
65586,02_140_001,991,538,538,0,5,533,EGYENI,,
65588,02_140_002,855,566,566,0,4,562,EGYENI,,
65590,02_140_003,924,630,630,0,8,622,EGYENI,,
65592,02_140_004,883,584,584,0,6,578,EGYENI,,
65724,02_140_005,971,634,634,0,2,632,EGYENI,,
66290,02_141_001,164,86,86,0,8,78,EGYENI,,
65838,02_142_001,206,103,103,0,2,101,EGYENI,,
65404,02_143_001,548,330,330,0,3,327,EGYENI,,
65840,02_144_001,823,375,374,-1,7,367,EGYENI,,
65594,02_145_001,555,325,325,0,1,324,EGYENI,,
65596,02_145_002,489,212,212,0,1,211,EGYENI,,
66292,02_146_001,276,144,144,0,1,143,EGYENI,,
65842,02_147_001,160,95,95,0,1,94,EGYENI,,
65844,02_148_001,1069,663,663,0,10,653,EGYENI,,
65846,02_148_002,1002,528,527,-1,6,521,EGYENI,,
66294,02_149_001,323,175,175,0,1,174,EGYENI,,
65848,02_150_001,432,248,248,0,3,245,EGYENI,,
65850,02_151_001,183,111,95,-16,7,88,EGYENI,,
65598,02_152_001,215,118,118,0,2,116,EGYENI,,
65852,02_153_001,227,123,123,0,2,121,EGYENI,,
66296,02_154_001,174,85,85,0,2,83,EGYENI,,
65854,02_155_001,821,472,472,0,7,465,EGYENI,,
65856,02_156_001,643,363,363,0,15,348,EGYENI,,
66298,02_157_001,451,258,258,0,5,253,EGYENI,,
66300,02_157_002,104,67,67,0,1,66,EGYENI,,
66302,02_158_001,65,31,31,0,0,31,EGYENI,,
66304,02_159_001,251,130,130,0,1,129,EGYENI,,
65600,02_160_001,271,168,168,0,0,168,EGYENI,,
66306,02_161_001,891,552,552,0,9,543,EGYENI,,
66308,02_162_001,172,116,116,0,5,111,EGYENI,,
65858,02_163_001,790,394,394,0,12,382,EGYENI,,
65860,02_164_001,163,82,82,0,3,79,EGYENI,,
66310,02_165_001,51,33,33,0,0,33,EGYENI,,
66312,02_166_001,85,45,45,0,3,42,EGYENI,,
65862,02_167_001,183,121,121,0,1,120,EGYENI,,
66314,02_168_001,284,181,181,0,2,179,EGYENI,,
65864,02_169_001,1016,602,600,-2,5,595,EGYENI,,
65866,02_169_002,982,533,530,-3,12,518,EGYENI,,
65602,02_170_001,691,401,398,-3,2,396,EGYENI,,
66316,02_171_001,175,120,120,0,1,119,EGYENI,,
65868,02_172_001,416,228,227,-1,0,227,EGYENI,,
65870,02_173_001,381,256,256,0,6,250,EGYENI,,
65872,02_174_001,760,430,430,0,5,425,EGYENI,,
65874,02_174_002,256,152,152,0,1,151,EGYENI,,
65876,02_175_001,700,404,402,-2,12,390,EGYENI,,
65878,02_175_002,639,378,378,0,5,373,EGYENI,,
66318,02_176_001,358,212,212,0,3,209,EGYENI,,
65880,02_177_001,251,143,143,0,7,136,EGYENI,,
66320,02_178_001,227,111,111,0,3,108,EGYENI,,
66322,02_179_001,112,65,65,0,0,65,EGYENI,,
66324,02_180_001,286,141,141,0,4,137,EGYENI,,
66326,02_180_002,394,229,229,0,3,226,EGYENI,,
65882,02_181_001,848,543,542,-1,6,536,EGYENI,,
65884,02_181_002,762,486,485,-1,1,484,EGYENI,,
65886,02_181_003,1630,1258,1257,-1,12,1245,EGYENI,,
65888,02_181_004,701,413,414,1,6,408,EGYENI,,
65890,02_181_005,761,405,405,0,3,402,EGYENI,,
65892,02_181_006,717,415,415,0,3,412,EGYENI,,
65894,02_181_007,957,495,494,-1,5,489,EGYENI,,
65896,02_181_008,787,415,415,0,4,411,EGYENI,,
65898,02_181_009,724,351,351,0,4,347,EGYENI,,
65900,02_181_010,791,529,529,0,4,525,EGYENI,,
65902,02_181_011,935,546,546,0,8,538,EGYENI,,
65904,02_181_012,800,392,392,0,0,392,EGYENI,,
65906,02_181_013,777,509,503,-6,9,494,EGYENI,,
65908,02_181_014,802,502,502,0,5,497,EGYENI,,
65910,02_181_015,759,403,402,-1,3,399,EGYENI,,
65912,02_181_016,825,482,482,0,2,480,EGYENI,,
65914,02_181_017,992,566,566,0,3,563,EGYENI,,
65916,02_181_018,715,399,399,0,1,398,EGYENI,,
65918,02_181_019,480,204,202,-2,6,196,EGYENI,,
65920,02_181_020,100,43,43,0,0,43,EGYENI,,
65922,02_181_021,217,104,104,0,1,103,EGYENI,,
65924,02_181_022,75,33,33,0,0,33,EGYENI,,
66030,02_181_023,513,277,277,0,2,275,EGYENI,,
66328,02_182_001,161,100,100,0,1,99,EGYENI,,
65926,02_183_001,129,80,80,0,3,77,EGYENI,,
66330,02_184_001,459,253,253,0,3,250,EGYENI,,
66332,02_184_002,266,113,113,0,3,110,EGYENI,,
65928,02_185_001,165,91,91,0,0,91,EGYENI,,
66334,02_186_001,126,78,78,0,3,75,EGYENI,,
66336,02_187_001,513,260,260,0,5,255,EGYENI,,
65930,02_188_001,280,131,131,0,2,129,EGYENI,,
65932,02_189_001,612,312,312,0,3,309,EGYENI,,
65934,02_189_002,610,311,311,0,3,308,EGYENI,,
65604,02_190_001,736,474,464,-10,3,461,EGYENI,,
65606,02_190_002,748,492,492,0,7,485,EGYENI,,
65936,02_191_001,581,419,419,0,2,417,EGYENI,,
65938,02_192_001,343,198,198,0,3,195,EGYENI,,
66338,02_193_001,540,298,297,-1,10,287,EGYENI,,
65940,02_194_001,300,174,174,0,3,171,EGYENI,,
66340,02_195_001,293,186,185,-1,0,185,EGYENI,,
66342,02_196_001,108,59,59,0,4,55,EGYENI,,
66344,02_196_002,104,62,62,0,0,62,EGYENI,,
66346,02_197_001,190,80,80,0,1,79,EGYENI,,
66348,02_198_001,139,89,89,0,0,89,EGYENI,,
66350,02_199_001,68,36,36,0,1,35,EGYENI,,
65942,02_200_001,491,332,332,0,5,327,EGYENI,,
65944,02_201_001,255,145,145,0,9,136,EGYENI,,
65608,02_202_001,814,499,499,0,7,492,EGYENI,,
66352,02_203_001,253,137,137,0,1,136,EGYENI,,
65946,02_204_001,127,82,82,0,1,81,EGYENI,,
66354,02_205_001,352,206,206,0,7,199,EGYENI,,
65948,02_206_001,276,167,165,-2,4,161,EGYENI,,
66356,02_207_001,123,81,81,0,5,76,EGYENI,,
66358,02_208_001,85,53,53,0,2,51,EGYENI,,
65950,02_209_001,250,149,149,0,2,147,EGYENI,,
65952,02_210_001,356,219,219,0,4,215,EGYENI,,
65954,02_210_002,416,262,262,0,3,259,EGYENI,,
66360,02_211_001,295,111,111,0,9,102,EGYENI,,
66362,02_212_001,145,91,91,0,2,89,EGYENI,,
66364,02_213_001,907,545,545,0,3,542,EGYENI,,
66366,02_213_002,890,551,551,0,6,545,EGYENI,,
65610,02_214_001,133,77,77,0,1,76,EGYENI,,
65956,02_215_001,162,81,81,0,1,80,EGYENI,,
66368,02_216_001,103,62,62,0,8,54,EGYENI,,
65612,02_217_001,814,482,482,0,6,476,EGYENI,,
65614,02_217_002,609,360,360,0,6,354,EGYENI,,
65616,02_217_003,650,327,327,0,7,320,EGYENI,,
65618,02_217_004,613,316,316,0,5,311,EGYENI,,
65620,02_217_005,825,469,469,0,11,458,EGYENI,,
65622,02_217_006,895,456,456,0,6,450,EGYENI,,
65624,02_217_007,950,501,500,-1,2,498,EGYENI,,
65628,02_217_008,897,429,429,0,8,421,EGYENI,,
65630,02_217_009,1056,597,596,-1,7,589,EGYENI,,
65632,02_217_010,858,470,469,-1,6,463,EGYENI,,
65634,02_217_011,702,450,450,0,5,445,EGYENI,,
65636,02_217_012,967,464,464,0,6,458,EGYENI,,
65646,02_217_013,742,469,469,0,7,462,EGYENI,,
65638,02_217_014,717,332,332,0,10,322,EGYENI,,
65640,02_217_015,634,305,305,0,4,301,EGYENI,,
65626,02_217_016,806,359,359,0,2,357,EGYENI,,
65642,02_217_017,622,336,336,0,4,332,EGYENI,,
65650,02_217_018,854,579,576,-3,3,573,EGYENI,,
65648,02_217_019,865,545,545,0,9,536,EGYENI,,
65660,02_217_020,726,383,383,0,5,378,EGYENI,,
65658,02_217_021,969,649,644,-5,3,641,EGYENI,,
65652,02_217_022,1147,719,719,0,8,711,EGYENI,,
65654,02_217_023,981,672,672,0,10,662,EGYENI,,
65664,02_217_024,175,124,124,0,0,124,EGYENI,,
65662,02_217_025,758,389,389,0,2,387,EGYENI,,
65656,02_217_026,639,358,358,0,5,353,EGYENI,,
65666,02_217_027,1102,786,786,0,8,778,EGYENI,,
65644,02_217_028,898,598,598,0,4,594,EGYENI,,
65420,02_217_029,742,508,508,0,4,504,EGYENI,,
65424,02_217_030,718,479,478,-1,4,474,EGYENI,,
65422,02_217_031,666,393,393,0,8,385,EGYENI,,
65428,02_217_032,971,574,574,0,3,571,EGYENI,,
65430,02_217_033,803,545,543,-2,7,536,EGYENI,,
65432,02_217_034,741,505,505,0,9,496,EGYENI,,
65434,02_217_035,625,377,376,-1,6,370,EGYENI,,
65452,02_217_036,664,410,410,0,3,407,EGYENI,,
65406,02_217_037,717,535,534,-1,4,530,EGYENI,,
65408,02_217_038,957,623,619,-4,4,615,EGYENI,,
65414,02_217_039,834,461,461,0,3,458,EGYENI,,
65412,02_217_040,697,348,348,0,6,342,EGYENI,,
65410,02_217_041,1075,681,681,0,3,678,EGYENI,,
65416,02_217_042,635,340,340,0,11,329,EGYENI,,
65136,02_217_043,586,345,345,0,2,343,EGYENI,,
65418,02_217_044,578,293,293,0,2,291,EGYENI,,
65426,02_217_045,596,400,400,0,3,397,EGYENI,,
65440,02_217_046,810,534,534,0,4,530,EGYENI,,
65442,02_217_047,1274,280,279,-1,2,277,EGYENI,,
65444,02_217_048,613,398,398,0,2,396,EGYENI,,
65446,02_217_049,688,480,476,-4,1,475,EGYENI,,
65438,02_217_050,652,476,476,0,7,469,EGYENI,,
65436,02_217_051,702,463,461,-2,1,460,EGYENI,,
65494,02_217_052,2685,2202,2202,0,9,2193,EGYENI,,
65492,02_217_053,809,533,532,-1,2,530,EGYENI,,
65134,02_217_054,925,664,663,-1,4,659,EGYENI,,
65458,02_217_055,639,458,458,0,9,449,EGYENI,,
65460,02_217_056,756,525,525,0,9,516,EGYENI,,
65462,02_217_057,619,425,425,0,0,425,EGYENI,,
65464,02_217_058,784,522,522,0,5,517,EGYENI,,
65478,02_217_059,777,474,472,-2,8,464,EGYENI,,
65474,02_217_060,831,596,596,0,4,592,EGYENI,,
65480,02_217_061,777,489,489,0,6,483,EGYENI,,
65476,02_217_062,607,412,412,0,1,411,EGYENI,,
65472,02_217_063,879,576,575,-1,13,562,EGYENI,,
65468,02_217_064,601,449,447,-2,5,442,EGYENI,,
65470,02_217_065,625,433,433,0,6,427,EGYENI,,
65454,02_217_066,674,512,512,0,3,509,EGYENI,,
65450,02_217_067,728,492,492,0,2,490,EGYENI,,
65456,02_217_068,586,446,444,-2,2,442,EGYENI,,
65448,02_217_069,773,584,584,0,11,573,EGYENI,,
65488,02_217_070,968,739,738,-1,8,730,EGYENI,,
65486,02_217_071,908,690,690,0,11,679,EGYENI,,
65482,02_217_072,632,490,488,-2,5,483,EGYENI,,
65484,02_217_073,664,434,433,-1,1,432,EGYENI,,
65466,02_217_074,795,493,495,2,31,464,EGYENI,,
65490,02_217_075,596,387,387,0,6,381,EGYENI,,
65668,02_217_076,932,649,645,-4,5,640,EGYENI,,
65670,02_217_077,919,693,692,-1,5,687,EGYENI,,
65674,02_217_078,2034,1616,1618,2,40,1578,EGYENI,,
65672,02_217_079,683,463,463,0,6,457,EGYENI,,
65726,02_217_080,617,368,368,0,4,364,EGYENI,,
65676,02_217_081,704,428,427,-1,8,419,EGYENI,,
65692,02_217_082,779,486,486,0,9,477,EGYENI,,
65678,02_217_083,813,524,520,-4,2,518,EGYENI,,
65684,02_217_084,624,377,376,-1,7,369,EGYENI,,
65694,02_217_085,641,416,412,-4,7,405,EGYENI,,
65696,02_217_086,628,422,422,0,5,417,EGYENI,,
65682,02_217_087,796,517,517,0,8,509,EGYENI,,
65688,02_217_088,807,540,540,0,4,536,EGYENI,,
65686,02_217_089,657,423,423,0,3,420,EGYENI,,
65690,02_217_090,795,448,445,-3,13,432,EGYENI,,
65698,02_217_091,683,470,468,-2,4,464,EGYENI,,
65728,02_217_092,647,452,453,1,15,438,EGYENI,,
65700,02_217_093,1124,783,776,-7,5,771,EGYENI,,
65704,02_217_094,916,535,535,0,11,524,EGYENI,,
65702,02_217_095,1022,692,690,-2,8,682,EGYENI,,
65716,02_217_096,914,621,621,0,6,615,EGYENI,,
65706,02_217_097,901,602,602,0,5,597,EGYENI,,
65680,02_217_098,1086,720,720,0,6,714,EGYENI,,
65708,02_217_099,1005,710,710,0,8,702,EGYENI,,
65710,02_217_100,1045,786,786,0,6,780,EGYENI,,
65712,02_217_101,1070,719,717,-2,3,714,EGYENI,,
65714,02_217_102,1095,697,697,0,5,692,EGYENI,,
65496,02_217_103,1038,676,676,0,6,670,EGYENI,,
65498,02_217_104,831,615,615,0,2,613,EGYENI,,
65500,02_217_105,756,505,505,0,2,503,EGYENI,,
65502,02_217_106,640,452,452,0,3,449,EGYENI,,
65056,02_217_107,779,485,484,-1,3,481,EGYENI,,
65058,02_217_108,770,475,475,0,9,466,EGYENI,,
65060,02_217_109,704,408,407,-1,1,406,EGYENI,,
65062,02_217_110,721,395,395,0,2,393,EGYENI,,
65504,02_217_111,857,488,488,0,5,483,EGYENI,,
65046,02_217_112,767,386,386,0,0,386,EGYENI,,
65048,02_217_113,741,447,447,0,2,445,EGYENI,,
65050,02_217_114,637,416,416,0,4,412,EGYENI,,
65052,02_217_115,781,460,459,-1,2,457,EGYENI,,
65054,02_217_116,836,539,539,0,2,537,EGYENI,,
65064,02_217_117,705,409,409,0,4,405,EGYENI,,
65092,02_217_118,733,456,456,0,2,454,EGYENI,,
65094,02_217_119,844,521,520,-1,6,514,EGYENI,,
65066,02_217_120,651,401,401,0,1,400,EGYENI,,
65068,02_217_121,685,401,401,0,4,397,EGYENI,,
65070,02_217_122,665,405,405,0,0,405,EGYENI,,
65072,02_217_123,872,531,529,-2,3,526,EGYENI,,
65074,02_217_124,1165,710,709,-1,3,706,EGYENI,,
65076,02_217_125,974,661,660,-1,8,652,EGYENI,,
65084,02_217_126,677,397,397,0,5,392,EGYENI,,
65086,02_217_127,643,408,408,0,1,407,EGYENI,,
65090,02_217_128,863,525,525,0,6,519,EGYENI,,
65078,02_217_129,939,519,519,0,3,516,EGYENI,,
65080,02_217_130,945,554,553,-1,4,549,EGYENI,,
65082,02_217_131,930,552,552,0,6,546,EGYENI,,
65088,02_217_132,638,358,355,-3,7,348,EGYENI,,
65098,02_217_133,1014,627,627,0,3,624,EGYENI,,
65100,02_217_134,873,510,504,-6,3,501,EGYENI,,
65102,02_217_135,711,416,416,0,1,415,EGYENI,,
65104,02_217_136,1050,621,621,0,5,616,EGYENI,,
65106,02_217_137,1018,584,583,-1,4,579,EGYENI,,
65108,02_217_138,1243,787,785,-2,5,780,EGYENI,,
65110,02_217_139,990,545,543,-2,3,540,EGYENI,,
65112,02_217_140,1131,660,660,0,6,654,EGYENI,,
65114,02_217_141,805,471,471,0,5,466,EGYENI,,
65116,02_217_142,1008,612,611,-1,7,604,EGYENI,,
65118,02_217_143,1093,666,665,-1,5,660,EGYENI,,
65120,02_217_144,916,598,597,-1,5,592,EGYENI,,
65122,02_217_145,993,608,608,0,4,604,EGYENI,,
65124,02_217_146,1058,717,717,0,7,710,EGYENI,,
65126,02_217_147,863,529,529,0,5,524,EGYENI,,
65128,02_217_148,832,533,533,0,2,531,EGYENI,,
65096,02_217_149,710,341,340,-1,6,334,EGYENI,,
66370,02_218_001,90,48,48,0,1,47,EGYENI,,
65958,02_219_001,90,59,59,0,1,58,EGYENI,,
65130,02_220_001,632,420,419,-1,7,412,EGYENI,,
65960,02_221_001,1125,703,702,-1,5,697,EGYENI,,
65962,02_221_002,1139,739,738,-1,2,736,EGYENI,,
65964,02_221_003,1006,578,578,0,2,576,EGYENI,,
66372,02_222_001,180,133,133,0,0,133,EGYENI,,
65132,02_223_001,980,645,644,-1,5,639,EGYENI,,
65966,02_224_001,151,97,97,0,1,96,EGYENI,,
66374,02_225_001,172,91,91,0,1,90,EGYENI,,
66376,02_226_001,154,63,63,0,1,62,EGYENI,,
65718,02_227_001,388,239,239,0,0,239,EGYENI,,
66378,02_228_001,314,137,137,0,0,137,EGYENI,,
66380,02_229_001,168,108,108,0,5,103,EGYENI,,
65968,02_230_001,104,58,58,0,3,55,EGYENI,,
66382,02_231_001,678,350,350,0,1,349,EGYENI,,
66384,02_231_002,596,330,330,0,3,327,EGYENI,,
66386,02_231_003,820,477,477,0,9,468,EGYENI,,
66388,02_231_004,573,326,326,0,9,317,EGYENI,,
65970,02_232_001,531,318,316,-2,3,313,EGYENI,,
66390,02_233_001,839,480,480,0,10,470,EGYENI,,
66392,02_233_002,797,411,411,0,6,405,EGYENI,,
66394,02_233_003,705,436,436,0,7,429,EGYENI,,
66396,02_234_001,645,408,408,0,4,404,EGYENI,,
66412,02_234_002,578,319,319,0,14,305,EGYENI,,
66398,02_234_003,904,452,451,-1,3,448,EGYENI,,
66400,02_234_004,969,556,552,-4,9,543,EGYENI,,
66402,02_234_005,1029,643,642,-1,9,633,EGYENI,,
66404,02_234_006,1007,637,636,-1,4,632,EGYENI,,
66406,02_234_007,1034,572,572,0,2,570,EGYENI,,
66408,02_234_008,899,547,547,0,4,543,EGYENI,,
66410,02_234_009,1065,524,524,0,9,515,EGYENI,,
66414,02_235_001,102,62,62,0,5,57,EGYENI,,
65972,02_236_001,311,144,144,0,6,138,EGYENI,,
65974,02_237_001,687,410,410,0,8,402,EGYENI,,
65976,02_237_002,612,375,375,0,4,371,EGYENI,,
66416,02_238_001,385,235,235,0,2,233,EGYENI,,
66418,02_239_001,263,142,142,0,2,140,EGYENI,,
66420,02_240_001,210,102,102,0,0,102,EGYENI,,
66422,02_240_002,139,79,79,0,1,78,EGYENI,,
66424,02_241_001,192,98,98,0,2,96,EGYENI,,
66426,02_242_001,151,96,96,0,3,93,EGYENI,,
66428,02_243_001,300,120,120,0,3,117,EGYENI,,
66430,02_243_002,75,45,45,0,2,43,EGYENI,,
66432,02_244_001,652,367,367,0,4,363,EGYENI,,
65978,02_245_001,666,441,441,0,4,437,EGYENI,,
65980,02_246_001,289,169,169,0,6,163,EGYENI,,
66434,02_247_001,799,462,461,-1,16,445,EGYENI,,
66436,02_247_002,173,98,98,0,3,95,EGYENI,,
66438,02_248_001,182,130,130,0,0,130,EGYENI,,
66440,02_249_001,268,133,133,0,4,129,EGYENI,,
66442,02_250_001,128,86,86,0,0,86,EGYENI,,
65982,02_251_001,37,22,22,0,1,21,EGYENI,,
65984,02_252_001,1044,545,541,-4,14,527,EGYENI,,
65986,02_252_002,1025,605,605,0,13,592,EGYENI,,
65988,02_253_001,306,201,201,0,4,197,EGYENI,,
65990,02_254_001,755,441,441,0,8,433,EGYENI,,
65992,02_254_002,757,344,344,0,14,330,EGYENI,,
65994,02_255_001,117,65,65,0,3,62,EGYENI,,
65720,02_256_001,377,224,223,-1,3,220,EGYENI,,
66444,02_257_001,248,122,122,0,1,121,EGYENI,,
66446,02_258_001,324,151,151,0,6,145,EGYENI,,
66448,02_259_001,78,51,51,0,1,50,EGYENI,,
66450,02_260_001,415,218,218,0,3,215,EGYENI,,
66452,02_260_002,252,148,147,-1,3,144,EGYENI,,
66454,02_261_001,943,586,585,-1,5,580,EGYENI,,
66456,02_261_002,637,347,347,0,12,335,EGYENI,,
66458,02_261_003,668,416,416,0,6,410,EGYENI,,
66460,02_261_004,735,454,454,0,7,447,EGYENI,,
66462,02_261_005,835,416,416,0,6,410,EGYENI,,
66464,02_261_006,793,412,412,0,2,410,EGYENI,,
66466,02_261_007,714,380,380,0,3,377,EGYENI,,
66468,02_261_008,181,83,83,0,1,82,EGYENI,,
65996,02_262_001,521,285,285,0,6,279,EGYENI,,
66470,02_263_001,1075,630,628,-2,7,621,EGYENI,,
66472,02_263_002,1097,696,696,0,8,688,EGYENI,,
66474,02_263_003,1082,620,619,-1,6,613,EGYENI,,
66476,02_263_004,669,417,417,0,6,411,EGYENI,,
66478,02_263_005,1570,1183,1181,-2,5,1176,EGYENI,,
66480,02_263_006,1109,556,556,0,14,542,EGYENI,,
66482,02_263_007,1110,695,695,0,10,685,EGYENI,,
66484,02_263_008,685,418,418,0,4,414,EGYENI,,
66486,02_263_009,626,369,366,-3,1,365,EGYENI,,
66488,02_263_010,249,118,118,0,2,116,EGYENI,,
66490,02_263_011,506,208,208,0,1,207,EGYENI,,
65722,02_264_001,230,138,138,0,2,136,EGYENI,,
66492,02_265_001,133,74,74,0,2,72,EGYENI,,
66494,02_266_001,55,32,32,0,0,32,EGYENI,,
66496,02_267_001,106,44,44,0,1,43,EGYENI,,
65998,02_268_001,319,165,165,0,9,156,EGYENI,,
66498,02_269_001,199,114,114,0,0,114,EGYENI,,
66000,02_270_001,245,148,148,0,0,148,EGYENI,,
66500,02_271_001,96,63,63,0,0,63,EGYENI,,
66502,02_272_001,277,112,112,0,2,110,EGYENI,,
66504,02_273_001,51,33,33,0,0,33,EGYENI,,
66506,02_274_001,204,90,90,0,9,81,EGYENI,,
66508,02_275_001,154,85,84,-1,3,81,EGYENI,,
66510,02_276_001,235,101,101,0,0,101,EGYENI,,
66512,02_277_001,249,132,132,0,5,127,EGYENI,,
66002,02_278_001,103,61,61,0,0,61,EGYENI,,
66514,02_279_001,138,96,96,0,1,95,EGYENI,,
66004,02_280_001,460,239,239,0,4,235,EGYENI,,
66516,02_281_001,237,140,140,0,3,137,EGYENI,,
66006,02_282_001,136,97,97,0,1,96,EGYENI,,
66008,02_283_001,831,406,406,0,11,395,EGYENI,,
66518,02_284_001,751,463,454,-9,3,451,EGYENI,,
66520,02_284_002,772,369,369,0,5,364,EGYENI,,
66522,02_285_001,70,44,44,0,3,41,EGYENI,,
66524,02_286_001,99,39,39,0,2,37,EGYENI,,
66058,02_287_001,148,86,86,0,3,83,EGYENI,,
66060,02_288_001,929,456,456,0,7,449,EGYENI,,
66062,02_289_001,116,64,64,0,0,64,EGYENI,,
66064,02_290_001,139,70,70,0,0,70,EGYENI,,
66066,02_291_001,119,62,62,0,2,60,EGYENI,,
66010,02_292_001,665,341,341,0,14,327,EGYENI,,
66012,02_293_001,118,80,80,0,3,77,EGYENI,,
66014,02_294_001,645,350,350,0,15,335,EGYENI,,
66016,02_294_002,523,270,269,-1,5,264,EGYENI,,
66018,02_295_001,959,563,563,0,5,558,EGYENI,,
66020,02_295_002,911,597,597,0,1,596,EGYENI,,
66022,02_295_003,178,113,113,0,3,110,EGYENI,,
66024,02_296_001,240,157,157,0,1,156,EGYENI,,
66026,02_297_001,705,379,379,0,9,370,EGYENI,,
66068,02_298_001,211,141,141,0,4,137,EGYENI,,
66070,02_299_001,269,157,157,0,2,155,EGYENI,,
66028,02_300_001,362,217,216,-1,0,216,EGYENI,,
66072,02_301_001,247,142,142,0,1,141,EGYENI,,
66792,03_001_001,1395,873,872,-1,11,861,EGYENI,,
66794,03_001_002,1368,740,737,-3,8,729,EGYENI,,
66796,03_002_001,822,463,463,0,5,458,EGYENI,,
66798,03_002_002,834,460,459,-1,2,457,EGYENI,,
66970,03_003_001,784,436,436,0,9,427,EGYENI,,
66972,03_003_002,776,389,389,0,8,381,EGYENI,,
67408,03_004_001,1071,644,644,0,2,642,EGYENI,,
67410,03_004_002,1096,676,674,-2,0,674,EGYENI,,
67412,03_004_003,888,595,595,0,4,591,EGYENI,,
67414,03_004_004,1039,677,675,-2,8,667,EGYENI,,
67416,03_004_005,1064,709,706,-3,5,701,EGYENI,,
67418,03_004_006,1091,701,701,0,6,695,EGYENI,,
67420,03_004_007,947,621,621,0,7,614,EGYENI,,
67422,03_004_008,797,520,518,-2,4,514,EGYENI,,
67424,03_004_009,948,610,610,0,4,606,EGYENI,,
67426,03_004_010,1077,689,688,-1,8,680,EGYENI,,
67428,03_004_011,924,554,552,-2,2,550,EGYENI,,
67430,03_004_012,963,690,689,-1,14,675,EGYENI,,
67432,03_004_013,902,584,584,0,4,580,EGYENI,,
67434,03_004_014,1088,642,641,-1,7,634,EGYENI,,
67436,03_004_015,1138,673,673,0,13,660,EGYENI,,
67438,03_004_016,1151,693,693,0,4,689,EGYENI,,
67440,03_004_017,1007,654,654,0,3,651,EGYENI,,
67442,03_004_018,961,607,603,-4,2,601,EGYENI,,
67444,03_004_019,700,451,451,0,5,446,EGYENI,,
67446,03_004_020,1010,557,556,-1,9,547,EGYENI,,
67448,03_004_021,1077,619,615,-4,0,615,EGYENI,,
67450,03_004_022,1154,673,673,0,4,669,EGYENI,,
67452,03_004_023,1044,614,614,0,8,606,EGYENI,,
67454,03_004_024,1092,642,640,-2,6,634,EGYENI,,
67456,03_004_025,972,542,542,0,1,541,EGYENI,,
67458,03_004_026,914,537,537,0,4,533,EGYENI,,
67460,03_004_027,1016,634,634,0,4,630,EGYENI,,
67462,03_004_028,909,536,536,0,6,530,EGYENI,,
67464,03_004_029,939,508,508,0,7,501,EGYENI,,
67466,03_004_030,1479,1151,1148,-3,12,1136,EGYENI,,
67468,03_004_031,359,165,165,0,1,164,EGYENI,,
67470,03_004_032,473,217,217,0,8,209,EGYENI,,
66632,03_005_001,748,479,478,-1,2,476,EGYENI,,
66634,03_005_002,892,400,400,0,6,394,EGYENI,,
66636,03_005_003,973,612,612,0,13,599,EGYENI,,
67220,03_006_001,1078,508,508,0,6,502,EGYENI,,
67222,03_006_002,162,74,74,0,1,73,EGYENI,,
67224,03_007_001,973,484,484,0,7,477,EGYENI,,
67226,03_007_002,973,450,450,0,0,450,EGYENI,,
67228,03_007_003,882,438,438,0,2,436,EGYENI,,
67230,03_007_004,986,430,429,-1,4,425,EGYENI,,
67232,03_007_005,940,481,478,-3,8,470,EGYENI,,
67234,03_007_006,940,534,534,0,6,528,EGYENI,,
67472,03_008_001,755,418,411,-7,5,406,EGYENI,,
67474,03_008_002,730,388,388,0,6,382,EGYENI,,
67476,03_008_003,839,366,366,0,2,364,EGYENI,,
67478,03_009_001,1001,495,495,0,8,487,EGYENI,,
67480,03_010_001,147,89,89,0,3,86,EGYENI,,
67236,03_011_001,298,165,165,0,5,160,EGYENI,,
67482,03_012_001,665,378,374,-4,6,368,EGYENI,,
67484,03_012_002,668,382,382,0,1,381,EGYENI,,
66800,03_013_001,870,554,554,0,1,553,EGYENI,,
66802,03_013_002,888,492,492,0,3,489,EGYENI,,
67238,03_014_001,1113,597,597,0,8,589,EGYENI,,
66974,03_015_001,760,399,399,0,6,393,EGYENI,,
66976,03_015_002,688,371,371,0,10,361,EGYENI,,
66978,03_016_001,983,520,520,0,7,513,EGYENI,,
66980,03_016_002,938,465,465,0,7,458,EGYENI,,
66982,03_016_003,97,39,39,0,0,39,EGYENI,,
66984,03_016_004,260,141,141,0,7,134,EGYENI,,
66986,03_017_001,242,120,120,0,0,120,EGYENI,,
67240,03_018_001,669,341,341,0,2,339,EGYENI,,
67242,03_018_002,666,376,375,-1,5,370,EGYENI,,
67244,03_018_003,694,447,447,0,2,445,EGYENI,,
67486,03_019_001,638,403,403,0,4,399,EGYENI,,
67488,03_019_002,650,344,344,0,5,339,EGYENI,,
67490,03_020_001,680,358,358,0,0,358,EGYENI,,
67492,03_020_002,885,446,443,-3,4,439,EGYENI,,
66804,03_021_001,825,483,483,0,5,478,EGYENI,,
66806,03_021_002,913,474,474,0,5,469,EGYENI,,
67246,03_022_001,696,355,355,0,6,349,EGYENI,,
66988,03_023_001,698,284,284,0,2,282,EGYENI,,
66990,03_023_002,636,330,330,0,4,326,EGYENI,,
67494,03_024_001,777,389,389,0,8,381,EGYENI,,
67496,03_024_002,772,419,419,0,4,415,EGYENI,,
67106,03_024_003,177,84,84,0,2,82,EGYENI,,
66808,03_025_001,293,170,170,0,2,168,EGYENI,,
66810,03_026_001,607,309,309,0,5,304,EGYENI,,
66812,03_026_002,609,281,281,0,0,281,EGYENI,,
67498,03_027_001,771,426,426,0,5,421,EGYENI,,
66814,03_028_001,906,489,489,0,7,482,EGYENI,,
66816,03_028_002,883,528,528,0,6,522,EGYENI,,
66818,03_028_003,956,532,530,-2,5,525,EGYENI,,
66820,03_029_001,731,352,352,0,8,344,EGYENI,,
66822,03_030_001,484,230,230,0,2,228,EGYENI,,
66824,03_031_001,772,454,451,-3,8,443,EGYENI,,
66826,03_031_002,807,433,433,0,4,429,EGYENI,,
66828,03_031_003,812,433,433,0,6,427,EGYENI,,
66830,03_031_004,780,345,345,0,6,339,EGYENI,,
67500,03_032_001,790,517,515,-2,2,513,EGYENI,,
67502,03_032_002,879,532,531,-1,9,522,EGYENI,,
67504,03_032_003,846,526,526,0,4,522,EGYENI,,
67046,03_033_001,1086,576,576,0,10,566,EGYENI,,
67048,03_033_002,1169,575,575,0,7,568,EGYENI,,
67050,03_034_001,516,283,283,0,3,280,EGYENI,,
67052,03_035_001,802,437,437,0,6,431,EGYENI,,
67054,03_035_002,622,347,347,0,7,340,EGYENI,,
66074,03_036_001,745,415,414,-1,10,404,EGYENI,,
67056,03_037_001,961,501,501,0,16,485,EGYENI,,
67058,03_037_002,600,322,322,0,5,317,EGYENI,,
66832,03_038_001,709,415,415,0,6,409,EGYENI,,
66834,03_038_002,632,364,364,0,6,358,EGYENI,,
66076,03_039_001,724,445,445,0,4,441,EGYENI,,
66992,03_040_001,897,480,480,0,0,480,EGYENI,,
66994,03_041_001,949,394,394,0,10,384,EGYENI,,
66996,03_041_002,911,507,507,0,9,498,EGYENI,,
67060,03_042_001,764,405,405,0,6,399,EGYENI,,
67062,03_042_002,959,513,514,1,17,497,EGYENI,,
66998,03_043_001,816,487,487,0,13,474,EGYENI,,
66836,03_044_001,830,434,434,0,3,431,EGYENI,,
67248,03_045_001,894,494,494,0,7,487,EGYENI,,
67250,03_045_002,911,508,508,0,3,505,EGYENI,,
67252,03_045_003,786,451,451,0,6,445,EGYENI,,
67254,03_046_001,718,443,443,0,12,431,EGYENI,,
66838,03_047_001,878,588,588,0,11,577,EGYENI,,
66840,03_047_002,983,614,613,-1,4,609,EGYENI,,
66842,03_047_003,951,625,625,0,6,619,EGYENI,,
66844,03_047_004,64,35,35,0,0,35,EGYENI,,
66846,03_047_005,100,60,60,0,0,60,EGYENI,,
66638,03_048_001,1251,666,666,0,4,662,EGYENI,,
66640,03_048_002,1162,640,640,0,6,634,EGYENI,,
66642,03_048_003,1094,472,472,0,8,464,EGYENI,,
67064,03_049_001,885,438,438,0,7,431,EGYENI,,
67066,03_049_002,834,427,427,0,6,421,EGYENI,,
66848,03_050_001,694,405,405,0,2,403,EGYENI,,
66850,03_050_002,208,128,128,0,2,126,EGYENI,,
66852,03_050_003,140,71,71,0,0,71,EGYENI,,
66854,03_050_004,143,99,99,0,0,99,EGYENI,,
67256,03_051_001,563,304,304,0,6,298,EGYENI,,
67000,03_052_001,837,467,467,0,11,456,EGYENI,,
67002,03_052_002,1039,594,594,0,11,583,EGYENI,,
67004,03_052_003,813,463,465,2,25,440,EGYENI,,
67006,03_052_004,836,401,401,0,4,397,EGYENI,,
67008,03_052_005,979,534,535,1,14,521,EGYENI,,
67010,03_052_006,272,118,118,0,4,114,EGYENI,,
67012,03_053_001,1123,638,638,0,8,630,EGYENI,,
67014,03_053_002,1014,567,567,0,3,564,EGYENI,,
67258,03_054_001,913,470,470,0,5,465,EGYENI,,
67260,03_054_002,945,623,622,-1,5,617,EGYENI,,
67262,03_054_003,877,482,482,0,3,479,EGYENI,,
67264,03_054_004,919,480,480,0,2,478,EGYENI,,
67266,03_054_005,897,491,491,0,5,486,EGYENI,,
67268,03_054_006,841,520,520,0,5,515,EGYENI,,
67270,03_054_007,881,492,492,0,3,489,EGYENI,,
67272,03_054_008,998,571,570,-1,4,566,EGYENI,,
67016,03_055_001,1093,661,661,0,9,652,EGYENI,,
67018,03_055_002,992,614,614,0,14,600,EGYENI,,
66856,03_056_001,933,605,602,-3,3,599,EGYENI,,
66858,03_056_002,866,550,550,0,3,547,EGYENI,,
66860,03_056_003,928,637,637,0,8,629,EGYENI,,
66862,03_056_004,835,485,484,-1,6,478,EGYENI,,
66864,03_056_005,805,481,478,-3,14,464,EGYENI,,
66866,03_056_006,1099,669,669,0,9,660,EGYENI,,
66868,03_056_007,830,510,510,0,5,505,EGYENI,,
66870,03_056_008,880,497,497,0,7,490,EGYENI,,
66872,03_056_009,1238,1044,1034,-10,2,1032,EGYENI,,
66874,03_056_010,812,416,416,0,8,408,EGYENI,,
66876,03_056_011,824,460,460,0,3,457,EGYENI,,
66878,03_056_012,651,472,472,0,3,469,EGYENI,,
66880,03_056_013,993,621,621,0,3,618,EGYENI,,
66882,03_056_014,726,463,463,0,7,456,EGYENI,,
66884,03_056_015,808,582,582,0,8,574,EGYENI,,
66886,03_056_016,895,629,629,0,4,625,EGYENI,,
66888,03_056_017,833,462,462,0,4,458,EGYENI,,
66890,03_057_001,817,464,464,0,3,461,EGYENI,,
67070,03_058_001,798,351,351,0,3,348,EGYENI,,
67068,03_058_002,800,406,406,0,6,400,EGYENI,,
67274,03_059_001,1007,520,520,0,5,515,EGYENI,,
67276,03_059_002,1015,533,533,0,2,531,EGYENI,,
67278,03_059_003,867,589,589,0,7,582,EGYENI,,
67280,03_059_004,752,475,475,0,3,472,EGYENI,,
67282,03_059_005,972,591,591,0,5,586,EGYENI,,
67284,03_059_006,1011,586,586,0,1,585,EGYENI,,
67286,03_059_007,592,272,272,0,2,270,EGYENI,,
67288,03_059_008,794,424,424,0,3,421,EGYENI,,
66644,03_060_001,853,623,623,0,5,618,EGYENI,,
66646,03_060_002,1056,792,792,0,7,785,EGYENI,,
66648,03_060_003,844,572,570,-2,3,567,EGYENI,,
66650,03_060_004,941,713,712,-1,3,709,EGYENI,,
66652,03_060_005,635,471,471,0,7,464,EGYENI,,
66078,03_060_006,920,468,468,0,6,462,EGYENI,,
66080,03_060_007,1044,627,627,0,7,620,EGYENI,,
66082,03_060_008,1168,619,619,0,4,615,EGYENI,,
66084,03_060_009,953,651,651,0,7,644,EGYENI,,
66086,03_060_010,852,506,505,-1,5,500,EGYENI,,
66624,03_060_011,1067,698,698,0,6,692,EGYENI,,
66656,03_060_012,843,532,532,0,4,528,EGYENI,,
66658,03_060_013,822,541,540,-1,8,532,EGYENI,,
66660,03_060_014,917,619,619,0,4,615,EGYENI,,
66088,03_060_015,933,633,633,0,10,623,EGYENI,,
66090,03_060_016,831,625,624,-1,5,619,EGYENI,,
66092,03_060_017,856,569,569,0,4,565,EGYENI,,
66096,03_060_018,839,473,473,0,11,462,EGYENI,,
66788,03_060_019,1010,615,614,-1,8,606,EGYENI,,
66094,03_060_020,912,518,518,0,3,515,EGYENI,,
66098,03_060_021,900,536,536,0,6,530,EGYENI,,
66100,03_060_022,1033,617,617,0,8,609,EGYENI,,
66102,03_060_023,1007,575,575,0,3,572,EGYENI,,
66106,03_060_024,1126,610,609,-1,4,605,EGYENI,,
66120,03_060_025,633,342,342,0,1,341,EGYENI,,
66104,03_060_026,1093,596,596,0,7,589,EGYENI,,
66108,03_060_027,870,596,595,-1,9,586,EGYENI,,
66110,03_060_028,1154,709,708,-1,4,704,EGYENI,,
66112,03_060_029,1171,689,689,0,7,682,EGYENI,,
66114,03_060_030,844,530,530,0,2,528,EGYENI,,
66628,03_060_031,771,548,546,-2,5,541,EGYENI,,
66126,03_060_032,849,511,511,0,4,507,EGYENI,,
66116,03_060_033,574,365,365,0,4,361,EGYENI,,
66118,03_060_034,1195,690,689,-1,9,680,EGYENI,,
66122,03_060_035,910,557,557,0,3,554,EGYENI,,
66124,03_060_036,1034,636,636,0,3,633,EGYENI,,
66132,03_060_037,1167,638,638,0,4,634,EGYENI,,
66128,03_060_038,827,441,441,0,4,437,EGYENI,,
66672,03_060_039,649,467,467,0,3,464,EGYENI,,
66134,03_060_040,1011,733,733,0,8,725,EGYENI,,
66136,03_060_041,1026,695,695,0,5,690,EGYENI,,
66674,03_060_042,840,608,608,0,5,603,EGYENI,,
66676,03_060_043,1080,674,673,-1,7,666,EGYENI,,
66662,03_060_044,980,575,575,0,2,573,EGYENI,,
66130,03_060_045,1617,1339,1330,-9,15,1315,EGYENI,,
66668,03_060_046,1077,680,680,0,11,669,EGYENI,,
66670,03_060_047,801,389,389,0,2,387,EGYENI,,
66712,03_060_048,1138,762,762,0,6,756,EGYENI,,
66720,03_060_049,853,524,524,0,7,517,EGYENI,,
66694,03_060_050,1641,1351,1347,-4,11,1336,EGYENI,,
66710,03_060_051,805,503,502,-1,7,495,EGYENI,,
66716,03_060_052,1100,661,661,0,3,658,EGYENI,,
66718,03_060_053,1139,770,768,-2,5,763,EGYENI,,
66728,03_060_054,986,623,622,-1,2,620,EGYENI,,
66730,03_060_055,760,241,241,0,5,236,EGYENI,,
66714,03_060_056,723,262,262,0,6,256,EGYENI,,
66678,03_060_057,934,555,555,0,7,548,EGYENI,,
66680,03_060_058,1156,827,826,-1,3,823,EGYENI,,
66682,03_060_059,1096,752,752,0,5,747,EGYENI,,
66684,03_060_060,626,412,412,0,4,408,EGYENI,,
66686,03_060_061,631,404,403,-1,2,401,EGYENI,,
66688,03_060_062,874,589,589,0,2,587,EGYENI,,
66690,03_060_063,826,492,492,0,9,483,EGYENI,,
66700,03_060_064,1054,736,735,-1,7,728,EGYENI,,
66692,03_060_065,944,609,609,0,12,597,EGYENI,,
66696,03_060_066,953,566,566,0,2,564,EGYENI,,
66698,03_060_067,1016,649,649,0,5,644,EGYENI,,
66722,03_060_068,643,297,297,0,8,289,EGYENI,,
66724,03_060_069,1033,609,616,7,54,562,EGYENI,,
66726,03_060_070,1066,654,654,0,11,643,EGYENI,,
66732,03_060_071,736,278,278,0,2,276,EGYENI,,
66708,03_060_072,782,385,385,0,3,382,EGYENI,,
66746,03_060_073,1141,554,555,1,23,532,EGYENI,,
66748,03_060_074,1086,733,732,-1,5,727,EGYENI,,
66750,03_060_075,1079,669,669,0,8,661,EGYENI,,
66752,03_060_076,810,384,384,0,2,382,EGYENI,,
66754,03_060_077,590,274,274,0,2,272,EGYENI,,
66758,03_060_078,624,323,323,0,3,320,EGYENI,,
66734,03_060_079,1011,665,663,-2,4,659,EGYENI,,
66736,03_060_080,795,466,466,0,3,463,EGYENI,,
66738,03_060_081,968,615,615,0,11,604,EGYENI,,
66740,03_060_082,1174,678,678,0,6,672,EGYENI,,
66742,03_060_083,835,428,428,0,2,426,EGYENI,,
66744,03_060_084,615,410,410,0,2,408,EGYENI,,
66138,03_060_085,1096,518,517,-1,6,511,EGYENI,,
66626,03_060_086,1252,592,592,0,5,587,EGYENI,,
66654,03_060_087,977,556,556,0,9,547,EGYENI,,
66756,03_060_088,1192,771,770,-1,4,766,EGYENI,,
66140,03_060_089,1128,437,437,0,4,433,EGYENI,,
66630,03_060_090,953,476,476,0,6,470,EGYENI,,
66664,03_060_091,565,245,245,0,3,242,EGYENI,,
66666,03_060_092,930,639,637,-2,1,636,EGYENI,,
66702,03_060_093,735,414,414,0,3,411,EGYENI,,
66704,03_060_094,884,587,585,-2,5,580,EGYENI,,
66790,03_060_095,685,305,305,0,4,301,EGYENI,,
66706,03_060_096,660,320,317,-3,9,308,EGYENI,,
67290,03_061_001,621,298,298,0,3,295,EGYENI,,
67292,03_061_002,702,338,338,0,5,333,EGYENI,,
67294,03_061_003,722,317,317,0,4,313,EGYENI,,
67296,03_061_004,102,46,46,0,1,45,EGYENI,,
66142,03_062_001,968,536,534,-2,11,523,EGYENI,,
66144,03_062_002,975,577,577,0,2,575,EGYENI,,
66146,03_062_003,996,565,564,-1,6,558,EGYENI,,
66148,03_062_004,942,524,524,0,5,519,EGYENI,,
66150,03_062_005,1017,485,485,0,4,481,EGYENI,,
67298,03_063_001,359,175,175,0,1,174,EGYENI,,
66892,03_064_001,751,439,439,0,4,435,EGYENI,,
66894,03_064_002,715,415,413,-2,2,411,EGYENI,,
66896,03_064_003,728,476,476,0,2,474,EGYENI,,
66898,03_064_004,743,497,497,0,4,493,EGYENI,,
66900,03_064_005,706,449,448,-1,7,441,EGYENI,,
66902,03_064_006,718,484,484,0,0,484,EGYENI,,
66904,03_064_007,722,508,508,0,4,504,EGYENI,,
66906,03_064_008,797,436,435,-1,3,432,EGYENI,,
66908,03_064_009,752,475,475,0,2,473,EGYENI,,
66910,03_064_010,746,480,480,0,3,477,EGYENI,,
66912,03_064_011,782,507,507,0,4,503,EGYENI,,
66914,03_064_012,695,429,429,0,4,425,EGYENI,,
66916,03_064_013,680,324,322,-2,6,316,EGYENI,,
66964,03_064_014,721,452,452,0,2,450,EGYENI,,
66966,03_064_015,687,468,468,0,1,467,EGYENI,,
66968,03_064_016,791,541,541,0,4,537,EGYENI,,
67020,03_065_001,869,576,576,0,7,569,EGYENI,,
67022,03_065_002,891,659,658,-1,2,656,EGYENI,,
67024,03_065_003,748,420,420,0,8,412,EGYENI,,
67026,03_065_004,750,435,435,0,4,431,EGYENI,,
67028,03_065_005,809,513,513,0,2,511,EGYENI,,
67030,03_065_006,875,550,550,0,4,546,EGYENI,,
67032,03_065_007,785,535,535,0,5,530,EGYENI,,
67034,03_065_008,696,429,429,0,3,426,EGYENI,,
67036,03_065_009,738,487,486,-1,3,483,EGYENI,,
67038,03_065_010,842,540,539,-1,10,529,EGYENI,,
67040,03_065_011,951,627,627,0,3,624,EGYENI,,
67042,03_065_012,799,424,424,0,6,418,EGYENI,,
67044,03_065_013,1500,1138,1137,-1,12,1125,EGYENI,,
66526,03_065_014,943,567,567,0,9,558,EGYENI,,
66528,03_065_015,877,512,511,-1,5,506,EGYENI,,
66530,03_065_016,1058,711,711,0,0,711,EGYENI,,
66532,03_065_017,962,480,480,0,5,475,EGYENI,,
66534,03_065_018,203,78,78,0,0,78,EGYENI,,
66536,03_065_019,309,154,153,-1,2,151,EGYENI,,
66538,03_065_020,964,464,464,0,9,455,EGYENI,,
66540,03_065_021,1144,608,608,0,8,600,EGYENI,,
66542,03_065_022,408,195,195,0,3,192,EGYENI,,
66544,03_065_023,713,415,415,0,3,412,EGYENI,,
66546,03_065_024,785,478,478,0,3,475,EGYENI,,
66548,03_065_025,915,543,543,0,12,531,EGYENI,,
66550,03_065_026,860,562,562,0,8,554,EGYENI,,
66552,03_065_027,709,438,438,0,8,430,EGYENI,,
66554,03_065_028,854,574,573,-1,7,566,EGYENI,,
66556,03_065_029,573,252,252,0,1,251,EGYENI,,
66558,03_065_030,968,516,516,0,7,509,EGYENI,,
66560,03_065_031,1080,540,540,0,8,532,EGYENI,,
67300,03_066_001,674,415,417,2,21,396,EGYENI,,
67302,03_066_002,679,403,403,0,3,400,EGYENI,,
67304,03_066_003,855,395,395,0,4,391,EGYENI,,
67306,03_066_004,1042,374,374,0,2,372,EGYENI,,
67308,03_066_005,840,622,622,0,2,620,EGYENI,,
67310,03_066_006,759,500,500,0,1,499,EGYENI,,
67314,03_066_007,683,414,414,0,4,410,EGYENI,,
67316,03_066_008,1756,1336,1328,-8,12,1316,EGYENI,,
67318,03_066_009,870,561,561,0,2,559,EGYENI,,
67312,03_066_010,1177,445,445,0,3,442,EGYENI,,
67320,03_066_011,816,430,430,0,5,425,EGYENI,,
67322,03_066_012,746,438,438,0,5,433,EGYENI,,
67324,03_066_013,830,487,487,0,6,481,EGYENI,,
67326,03_066_014,710,349,348,-1,5,343,EGYENI,,
67328,03_066_015,749,499,499,0,3,496,EGYENI,,
67330,03_066_016,676,466,466,0,6,460,EGYENI,,
67332,03_066_017,700,411,411,0,2,409,EGYENI,,
67334,03_066_018,924,539,539,0,8,531,EGYENI,,
67336,03_066_019,697,402,402,0,5,397,EGYENI,,
67338,03_066_020,767,446,446,0,3,443,EGYENI,,
67340,03_066_021,765,442,442,0,2,440,EGYENI,,
67342,03_066_022,728,472,472,0,3,469,EGYENI,,
67344,03_066_023,658,382,382,0,4,378,EGYENI,,
67346,03_066_024,698,319,319,0,6,313,EGYENI,,
67348,03_066_025,722,442,442,0,1,441,EGYENI,,
67350,03_066_026,647,383,383,0,2,381,EGYENI,,
67352,03_066_027,732,352,352,0,4,348,EGYENI,,
67354,03_066_028,647,346,346,0,6,340,EGYENI,,
67356,03_066_029,867,468,467,-1,7,460,EGYENI,,
67358,03_066_030,781,365,365,0,2,363,EGYENI,,
66562,03_067_001,922,513,511,-2,7,504,EGYENI,,
66564,03_067_002,1175,680,680,0,14,666,EGYENI,,
66566,03_067_003,1103,607,606,-1,5,601,EGYENI,,
66568,03_067_004,1077,647,647,0,6,641,EGYENI,,
66570,03_067_005,1149,582,581,-1,6,575,EGYENI,,
66572,03_067_006,1193,583,582,-1,8,574,EGYENI,,
66574,03_067_007,1178,577,576,-1,9,567,EGYENI,,
66576,03_067_008,1163,527,527,0,13,514,EGYENI,,
67218,03_067_009,256,102,102,0,1,101,EGYENI,,
67360,03_068_001,250,72,72,0,1,71,EGYENI,,
67362,03_068_002,925,471,471,0,9,462,EGYENI,,
67364,03_068_003,915,428,428,0,5,423,EGYENI,,
66578,03_069_001,576,320,320,0,3,317,EGYENI,,
66152,03_070_001,1297,646,646,0,6,640,EGYENI,,
67366,03_071_001,622,328,328,0,0,328,EGYENI,,
67368,03_071_002,718,400,400,0,6,394,EGYENI,,
66154,03_072_001,511,281,281,0,5,276,EGYENI,,
67370,03_073_001,884,564,564,0,0,564,EGYENI,,
67372,03_073_002,765,439,439,0,2,437,EGYENI,,
67374,03_073_003,126,58,58,0,0,58,EGYENI,,
66156,03_074_001,565,331,331,0,1,330,EGYENI,,
66580,03_075_001,1356,803,801,-2,5,796,EGYENI,,
66158,03_076_001,835,490,490,0,4,486,EGYENI,,
66160,03_076_002,924,474,474,0,11,463,EGYENI,,
66162,03_076_003,775,360,360,0,8,352,EGYENI,,
66164,03_076_004,854,509,509,0,6,503,EGYENI,,
66166,03_076_005,871,577,577,0,6,571,EGYENI,,
66168,03_076_006,1067,659,658,-1,10,648,EGYENI,,
66170,03_076_007,1098,635,633,-2,7,626,EGYENI,,
66172,03_076_008,294,138,138,0,1,137,EGYENI,,
66174,03_077_001,1352,668,666,-2,25,641,EGYENI,,
66176,03_078_001,1116,701,701,0,5,696,EGYENI,,
66178,03_078_002,1107,711,710,-1,13,697,EGYENI,,
66180,03_078_003,1114,676,676,0,9,667,EGYENI,,
66182,03_078_004,1139,513,513,0,7,506,EGYENI,,
66184,03_078_005,1140,448,448,0,10,438,EGYENI,,
66590,03_078_006,1092,668,668,0,6,662,EGYENI,,
66592,03_078_007,1181,575,573,-2,4,569,EGYENI,,
66594,03_078_008,543,258,258,0,2,256,EGYENI,,
66596,03_078_009,597,275,274,-1,5,269,EGYENI,,
66582,03_079_001,825,453,453,0,2,451,EGYENI,,
66584,03_079_002,646,350,350,0,3,347,EGYENI,,
66586,03_079_003,707,370,372,2,19,353,EGYENI,,
66588,03_079_004,1109,609,609,0,5,604,EGYENI,,
67178,03_079_005,364,158,158,0,2,156,EGYENI,,
67072,03_080_001,793,403,403,0,7,396,EGYENI,,
67074,03_080_002,818,411,411,0,5,406,EGYENI,,
67076,03_080_003,790,341,341,0,4,337,EGYENI,,
67078,03_081_001,417,200,200,0,6,194,EGYENI,,
67376,03_082_001,815,454,454,0,5,449,EGYENI,,
67378,03_082_002,838,486,486,0,3,483,EGYENI,,
67380,03_082_003,830,418,418,0,4,414,EGYENI,,
67382,03_082_004,843,400,400,0,3,397,EGYENI,,
67384,03_082_005,863,406,406,0,6,400,EGYENI,,
67386,03_082_006,110,46,46,0,0,46,EGYENI,,
66918,03_083_001,716,422,422,0,5,417,EGYENI,,
66920,03_083_002,705,458,458,0,9,449,EGYENI,,
67180,03_084_001,396,240,240,0,1,239,EGYENI,,
67080,03_085_001,989,480,480,0,5,475,EGYENI,,
67082,03_085_002,944,450,450,0,2,448,EGYENI,,
67084,03_086_001,892,378,378,0,4,374,EGYENI,,
67086,03_086_002,664,363,363,0,4,359,EGYENI,,
67182,03_087_001,964,562,562,0,6,556,EGYENI,,
67184,03_087_002,891,459,459,0,13,446,EGYENI,,
66922,03_088_001,390,223,223,0,1,222,EGYENI,,
67186,03_089_001,921,422,422,0,11,411,EGYENI,,
67188,03_089_002,878,430,430,0,2,428,EGYENI,,
67190,03_089_003,825,430,430,0,7,423,EGYENI,,
66924,03_090_001,673,332,332,0,5,327,EGYENI,,
66926,03_091_001,981,523,523,0,9,514,EGYENI,,
67192,03_092_001,750,373,373,0,9,364,EGYENI,,
67194,03_092_002,726,355,355,0,11,344,EGYENI,,
67196,03_093_001,644,400,400,0,3,397,EGYENI,,
67198,03_093_002,593,272,272,0,3,269,EGYENI,,
67388,03_094_001,811,464,464,0,3,461,EGYENI,,
67088,03_095_001,1031,429,429,0,2,427,EGYENI,,
66928,03_096_001,762,489,489,0,3,486,EGYENI,,
66930,03_096_002,1019,570,570,0,8,562,EGYENI,,
66932,03_096_003,719,430,430,0,1,429,EGYENI,,
66934,03_096_004,881,518,518,0,5,513,EGYENI,,
66936,03_096_005,990,556,556,0,4,552,EGYENI,,
66938,03_096_006,1043,567,565,-2,7,558,EGYENI,,
66940,03_097_001,1055,578,577,-1,9,568,EGYENI,,
66942,03_098_001,1188,766,764,-2,6,758,EGYENI,,
66944,03_098_002,1201,687,687,0,9,678,EGYENI,,
66946,03_098_003,924,550,550,0,6,544,EGYENI,,
66948,03_098_004,948,469,469,0,5,464,EGYENI,,
66950,03_098_005,866,464,464,0,3,461,EGYENI,,
66952,03_098_006,854,512,512,0,2,510,EGYENI,,
67090,03_099_001,1038,560,560,0,8,552,EGYENI,,
67092,03_099_002,1011,561,561,0,5,556,EGYENI,,
67094,03_099_003,1062,578,578,0,3,575,EGYENI,,
66598,03_100_001,649,340,340,0,3,337,EGYENI,,
66600,03_100_002,684,321,321,0,5,316,EGYENI,,
66602,03_100_003,711,408,408,0,7,401,EGYENI,,
66604,03_100_004,688,348,348,0,7,341,EGYENI,,
66606,03_100_005,660,313,313,0,5,308,EGYENI,,
66608,03_100_006,675,370,370,0,3,367,EGYENI,,
66610,03_100_007,729,396,396,0,7,389,EGYENI,,
66612,03_100_008,310,126,126,0,3,123,EGYENI,,
66954,03_101_001,1007,617,617,0,18,599,EGYENI,,
66614,03_102_001,778,410,409,-1,7,402,EGYENI,,
66616,03_102_002,838,474,472,-2,10,462,EGYENI,,
66618,03_102_003,701,385,385,0,1,384,EGYENI,,
67200,03_103_001,1043,587,587,0,8,579,EGYENI,,
67202,03_103_002,929,569,569,0,6,563,EGYENI,,
66760,03_104_001,647,326,326,0,2,324,EGYENI,,
66762,03_104_002,882,562,562,0,7,555,EGYENI,,
67096,03_105_001,626,319,319,0,4,315,EGYENI,,
67098,03_105_002,619,320,320,0,3,317,EGYENI,,
66956,03_106_001,921,532,532,0,4,528,EGYENI,,
66620,03_107_001,1104,605,604,-1,5,599,EGYENI,,
66622,03_107_002,1211,548,548,0,9,539,EGYENI,,
67390,03_108_002,1058,547,547,0,11,536,EGYENI,,
67392,03_109_001,716,434,434,0,2,432,EGYENI,,
67394,03_109_002,675,322,322,0,11,311,EGYENI,,
67204,03_110_001,730,299,299,0,8,291,EGYENI,,
67206,03_110_002,706,327,327,0,7,320,EGYENI,,
67208,03_110_003,673,317,317,0,2,315,EGYENI,,
67210,03_110_004,673,318,318,0,4,314,EGYENI,,
67212,03_110_005,643,381,381,0,0,381,EGYENI,,
67214,03_110_006,660,327,327,0,2,325,EGYENI,,
66764,03_111_001,1207,669,667,-2,10,657,EGYENI,,
66766,03_111_002,1258,823,822,-1,6,816,EGYENI,,
66768,03_111_003,1284,849,849,0,3,846,EGYENI,,
66770,03_111_004,1226,689,688,-1,5,683,EGYENI,,
66772,03_111_005,1158,630,630,0,4,626,EGYENI,,
66774,03_111_006,1143,574,574,0,7,567,EGYENI,,
66776,03_111_007,681,303,303,0,3,300,EGYENI,,
66778,03_111_008,431,198,198,0,4,194,EGYENI,,
66780,03_111_009,409,219,219,0,1,218,EGYENI,,
66782,03_111_010,366,119,119,0,1,118,EGYENI,,
67216,03_112_001,662,356,356,0,2,354,EGYENI,,
67396,03_113_001,599,271,271,0,7,264,EGYENI,,
67398,03_113_002,823,434,434,0,5,429,EGYENI,,
67400,03_113_003,786,371,371,0,10,361,EGYENI,,
67402,03_113_004,827,378,360,-18,4,356,EGYENI,,
67404,03_113_005,728,300,300,0,4,296,EGYENI,,
66958,03_114_001,840,481,481,0,10,471,EGYENI,,
66960,03_115_001,180,126,126,0,2,124,EGYENI,,
66962,03_116_001,347,211,211,0,4,207,EGYENI,,
67100,03_117_001,968,514,514,0,9,505,EGYENI,,
67102,03_117_002,1009,564,564,0,2,562,EGYENI,,
67104,03_117_003,892,510,509,-1,2,507,EGYENI,,
66784,03_118_001,990,600,600,0,4,596,EGYENI,,
66786,03_118_002,823,416,416,0,5,411,EGYENI,,
67406,03_119_001,664,348,348,0,6,342,EGYENI,,
67550,04_001_001,761,438,438,0,11,427,EGYENI,,
67552,04_002_001,664,343,342,-1,8,334,EGYENI,,
67554,04_002_002,727,408,407,-1,7,400,EGYENI,,
67556,04_002_003,585,293,293,0,2,291,EGYENI,,
67558,04_002_004,868,409,409,0,8,401,EGYENI,,
67560,04_002_005,977,531,530,-1,16,514,EGYENI,,
67562,04_002_006,836,402,402,0,5,397,EGYENI,,
67704,04_003_001,1156,636,636,0,10,626,EGYENI,,
67706,04_003_002,1107,555,555,0,5,550,EGYENI,,
67708,04_003_003,1112,710,709,-1,5,704,EGYENI,,
67710,04_003_004,1119,729,729,0,10,719,EGYENI,,
67712,04_003_005,1123,702,702,0,3,699,EGYENI,,
67714,04_003_006,1140,684,683,-1,9,674,EGYENI,,
67716,04_003_007,931,550,550,0,3,547,EGYENI,,
67718,04_003_008,971,577,577,0,2,575,EGYENI,,
67720,04_003_009,989,607,607,0,2,605,EGYENI,,
67722,04_003_010,999,483,483,0,5,478,EGYENI,,
67724,04_003_011,2138,1561,1561,0,18,1543,EGYENI,,
67726,04_003_012,976,424,424,0,5,419,EGYENI,,
67728,04_003_013,922,522,522,0,4,518,EGYENI,,
67730,04_003_014,951,568,568,0,5,563,EGYENI,,
67732,04_003_015,953,506,506,0,9,497,EGYENI,,
67734,04_003_016,921,399,397,-2,8,389,EGYENI,,
67108,04_004_001,635,399,399,0,10,389,EGYENI,,
67110,04_004_002,595,408,408,0,3,405,EGYENI,,
67112,04_004_003,660,434,434,0,4,430,EGYENI,,
67114,04_004_004,904,628,626,-2,3,623,EGYENI,,
67116,04_004_005,893,665,665,0,5,660,EGYENI,,
67118,04_004_006,565,384,383,-1,3,380,EGYENI,,
67120,04_004_007,881,569,568,-1,4,564,EGYENI,,
67122,04_004_008,677,410,408,-2,3,405,EGYENI,,
67124,04_004_009,799,515,513,-2,1,512,EGYENI,,
67126,04_004_010,827,516,516,0,3,513,EGYENI,,
67128,04_004_011,946,673,673,0,2,671,EGYENI,,
67130,04_004_012,647,362,362,0,3,359,EGYENI,,
67132,04_004_013,529,338,338,0,1,337,EGYENI,,
67134,04_004_014,692,455,455,0,1,454,EGYENI,,
67136,04_004_015,817,579,579,0,4,575,EGYENI,,
67138,04_004_016,843,449,450,1,13,437,EGYENI,,
67140,04_004_017,884,553,553,0,4,549,EGYENI,,
67142,04_004_018,637,411,411,0,2,409,EGYENI,,
67144,04_004_019,995,668,668,0,8,660,EGYENI,,
67146,04_004_020,886,596,595,-1,3,592,EGYENI,,
67148,04_004_021,723,484,483,-1,6,477,EGYENI,,
67150,04_004_022,754,441,441,0,3,438,EGYENI,,
67152,04_004_023,745,413,413,0,5,408,EGYENI,,
67154,04_004_024,614,322,322,0,5,317,EGYENI,,
67156,04_004_025,545,332,332,0,2,330,EGYENI,,
67158,04_004_026,619,379,379,0,3,376,EGYENI,,
67160,04_004_027,756,442,442,0,0,442,EGYENI,,
67162,04_004_028,930,605,604,-1,1,603,EGYENI,,
67164,04_004_029,881,553,553,0,9,544,EGYENI,,
67166,04_004_030,984,695,693,-2,5,688,EGYENI,,
67168,04_004_031,627,383,383,0,1,382,EGYENI,,
67170,04_004_032,687,381,381,0,1,380,EGYENI,,
67172,04_004_033,686,432,432,0,2,430,EGYENI,,
67174,04_004_034,687,473,473,0,6,467,EGYENI,,
67176,04_004_035,797,447,447,0,1,446,EGYENI,,
67574,04_004_036,743,476,475,-1,5,470,EGYENI,,
67576,04_004_037,711,420,419,-1,5,414,EGYENI,,
67578,04_004_038,740,499,498,-1,4,494,EGYENI,,
67580,04_004_039,800,465,465,0,2,463,EGYENI,,
67582,04_004_040,690,442,442,0,7,435,EGYENI,,
67584,04_004_041,1060,612,610,-2,2,608,EGYENI,,
67586,04_004_042,764,532,532,0,6,526,EGYENI,,
67588,04_004_043,590,422,422,0,2,420,EGYENI,,
67590,04_004_044,796,467,466,-1,4,462,EGYENI,,
67592,04_004_045,587,308,308,0,4,304,EGYENI,,
67594,04_004_046,895,540,539,-1,3,536,EGYENI,,
67596,04_004_047,968,599,599,0,2,597,EGYENI,,
67598,04_004_048,937,587,586,-1,6,580,EGYENI,,
67600,04_004_049,808,476,476,0,5,471,EGYENI,,
67602,04_004_050,862,543,543,0,11,532,EGYENI,,
67604,04_004_051,985,584,584,0,5,579,EGYENI,,
67606,04_004_052,859,475,475,0,6,469,EGYENI,,
67608,04_004_053,577,414,414,0,4,410,EGYENI,,
67610,04_004_054,177,74,74,0,0,74,EGYENI,,
67612,04_004_055,1750,1477,1460,-17,4,1456,EGYENI,,
67614,04_004_056,796,495,493,-2,4,489,EGYENI,,
67616,04_004_057,857,527,528,1,13,515,EGYENI,,
67618,04_004_058,588,340,340,0,2,338,EGYENI,,
67620,04_004_059,611,340,340,0,1,339,EGYENI,,
67622,04_004_060,818,482,482,0,3,479,EGYENI,,
67624,04_004_061,275,141,141,0,0,141,EGYENI,,
67626,04_004_062,1061,643,643,0,4,639,EGYENI,,
67692,04_004_063,631,442,442,0,2,440,EGYENI,,
67694,04_004_064,758,542,541,-1,4,537,EGYENI,,
67696,04_004_065,608,418,418,0,1,417,EGYENI,,
67698,04_004_066,505,320,320,0,5,315,EGYENI,,
67700,04_004_067,745,393,393,0,3,390,EGYENI,,
67702,04_004_068,802,459,456,-3,5,451,EGYENI,,
67564,04_005_001,660,367,367,0,6,361,EGYENI,,
67566,04_005_002,659,357,357,0,3,354,EGYENI,,
67568,04_005_003,669,324,324,0,2,322,EGYENI,,
67736,04_006_001,414,287,287,0,4,283,EGYENI,,
67738,04_006_002,445,268,268,0,3,265,EGYENI,,
67740,04_006_003,479,273,273,0,3,270,EGYENI,,
67742,04_006_004,466,299,299,0,5,294,EGYENI,,
67744,04_006_005,701,428,428,0,4,424,EGYENI,,
67746,04_006_006,524,353,352,-1,6,346,EGYENI,,
67748,04_006_007,49,31,31,0,1,30,EGYENI,,
67900,04_007_001,850,459,459,0,6,453,EGYENI,,
67902,04_008_001,830,535,535,0,7,528,EGYENI,,
67750,04_009_001,945,454,453,-1,8,445,EGYENI,,
67752,04_009_002,918,484,484,0,5,479,EGYENI,,
67754,04_010_001,700,452,452,0,5,447,EGYENI,,
67756,04_010_002,725,426,426,0,6,420,EGYENI,,
67758,04_010_003,105,48,48,0,3,45,EGYENI,,
67628,04_011_001,279,184,184,0,4,180,EGYENI,,
67570,04_012_001,1033,642,642,0,16,626,EGYENI,,
67572,04_012_002,1134,610,609,-1,8,601,EGYENI,,
67760,04_013_001,353,214,214,0,5,209,EGYENI,,
67630,04_014_001,878,499,499,0,8,491,EGYENI,,
67632,04_014_002,867,430,430,0,9,421,EGYENI,,
67634,04_014_003,869,449,449,0,7,442,EGYENI,,
67636,04_014_004,795,377,377,0,10,367,EGYENI,,
67638,04_014_005,856,502,502,0,6,496,EGYENI,,
67762,04_015_001,828,388,388,0,7,381,EGYENI,,
67764,04_015_002,813,436,436,0,2,434,EGYENI,,
67766,04_015_003,877,428,428,0,5,423,EGYENI,,
67768,04_015_004,698,374,374,0,5,369,EGYENI,,
67770,04_015_005,714,398,398,0,5,393,EGYENI,,
67772,04_015_006,748,374,374,0,9,365,EGYENI,,
67774,04_015_007,842,430,430,0,8,422,EGYENI,,
67776,04_015_008,870,427,427,0,2,425,EGYENI,,
67904,04_016_001,826,437,437,0,7,430,EGYENI,,
67906,04_016_002,641,370,370,0,3,367,EGYENI,,
67908,04_016_003,697,409,409,0,4,405,EGYENI,,
67910,04_016_004,636,369,369,0,4,365,EGYENI,,
67912,04_016_005,661,349,349,0,4,345,EGYENI,,
68168,04_017_001,712,389,390,1,17,373,EGYENI,,
68170,04_017_002,614,346,346,0,4,342,EGYENI,,
68172,04_017_003,466,258,258,0,5,253,EGYENI,,
68174,04_018_001,500,343,343,0,4,339,EGYENI,,
67778,04_019_001,525,243,243,0,2,241,EGYENI,,
67780,04_019_002,553,308,308,0,1,307,EGYENI,,
67914,04_020_001,495,262,261,-1,5,256,EGYENI,,
67916,04_020_002,627,359,359,0,7,352,EGYENI,,
67918,04_020_003,661,361,360,-1,5,355,EGYENI,,
67920,04_020_004,645,350,350,0,2,348,EGYENI,,
67922,04_020_005,690,368,367,-1,2,365,EGYENI,,
67924,04_020_006,744,279,279,0,4,275,EGYENI,,
67926,04_021_001,614,334,334,0,3,331,EGYENI,,
67928,04_021_002,669,394,394,0,5,389,EGYENI,,
67930,04_021_003,602,373,373,0,6,367,EGYENI,,
67932,04_021_004,666,374,374,0,2,372,EGYENI,,
67934,04_021_005,656,350,350,0,3,347,EGYENI,,
67936,04_021_006,720,449,449,0,2,447,EGYENI,,
67938,04_021_007,758,381,381,0,7,374,EGYENI,,
68176,04_022_001,1012,490,490,0,9,481,EGYENI,,
68178,04_022_002,1076,607,607,0,9,598,EGYENI,,
68180,04_022_003,1006,523,523,0,10,513,EGYENI,,
67640,04_023_001,616,385,385,0,5,380,EGYENI,,
67642,04_023_002,517,328,328,0,4,324,EGYENI,,
67940,04_024_001,615,310,310,0,2,308,EGYENI,,
67782,04_025_001,715,411,411,0,4,407,EGYENI,,
67784,04_025_002,736,445,445,0,7,438,EGYENI,,
67786,04_025_003,673,370,367,-3,3,364,EGYENI,,
67788,04_025_004,780,432,432,0,3,429,EGYENI,,
67790,04_025_005,704,419,419,0,2,417,EGYENI,,
67792,04_025_006,741,412,411,-1,4,407,EGYENI,,
67794,04_025_007,769,364,364,0,5,359,EGYENI,,
67796,04_025_008,649,290,290,0,6,284,EGYENI,,
67798,04_025_009,707,334,334,0,4,330,EGYENI,,
67800,04_025_010,630,369,369,0,1,368,EGYENI,,
67802,04_025_011,801,387,387,0,7,380,EGYENI,,
67804,04_025_012,737,398,398,0,6,392,EGYENI,,
67806,04_025_013,672,295,295,0,3,292,EGYENI,,
67808,04_025_014,608,306,306,0,2,304,EGYENI,,
67810,04_025_015,134,59,59,0,0,59,EGYENI,,
67812,04_025_016,846,437,437,0,6,431,EGYENI,,
67814,04_025_017,593,202,201,-1,6,195,EGYENI,,
67942,04_026_001,1144,773,772,-1,3,769,EGYENI,,
67944,04_026_002,1111,783,782,-1,5,777,EGYENI,,
67946,04_026_003,738,301,301,0,7,294,EGYENI,,
67948,04_026_004,843,551,549,-2,3,546,EGYENI,,
67950,04_026_005,824,456,456,0,6,450,EGYENI,,
67952,04_026_006,937,609,608,-1,4,604,EGYENI,,
67954,04_026_007,1078,621,620,-1,7,613,EGYENI,,
67956,04_026_008,1023,695,682,-13,5,677,EGYENI,,
67958,04_026_009,760,537,537,0,1,536,EGYENI,,
67960,04_026_010,821,569,569,0,4,565,EGYENI,,
67962,04_026_011,793,495,495,0,7,488,EGYENI,,
67964,04_026_012,754,431,431,0,3,428,EGYENI,,
67966,04_026_013,730,389,389,0,0,389,EGYENI,,
67968,04_026_014,1090,591,590,-1,4,586,EGYENI,,
67970,04_026_015,868,586,586,0,10,576,EGYENI,,
67972,04_026_016,978,625,625,0,4,621,EGYENI,,
67974,04_026_017,758,440,440,0,1,439,EGYENI,,
67976,04_026_018,744,415,414,-1,0,414,EGYENI,,
67978,04_026_019,1141,642,642,0,5,637,EGYENI,,
67980,04_026_020,790,525,520,-5,4,516,EGYENI,,
67982,04_026_021,923,603,603,0,2,601,EGYENI,,
67984,04_026_022,905,572,572,0,3,569,EGYENI,,
67986,04_026_023,1073,697,697,0,2,695,EGYENI,,
67988,04_026_024,757,465,464,-1,0,464,EGYENI,,
67990,04_026_025,929,644,644,0,2,642,EGYENI,,
67992,04_026_026,817,472,471,-1,6,465,EGYENI,,
67994,04_026_027,649,394,394,0,4,390,EGYENI,,
67996,04_026_028,640,378,378,0,3,375,EGYENI,,
67998,04_026_029,696,412,412,0,2,410,EGYENI,,
68000,04_026_030,1518,1251,1246,-5,9,1237,EGYENI,,
67816,04_027_001,561,338,338,0,5,333,EGYENI,,
67818,04_028_001,485,314,314,0,3,311,EGYENI,,
67820,04_028_002,396,253,253,0,2,251,EGYENI,,
67822,04_029_001,575,322,322,0,2,320,EGYENI,,
68182,04_030_001,743,444,444,0,11,433,EGYENI,,
68184,04_031_001,731,461,461,0,9,452,EGYENI,,
68186,04_031_002,737,467,467,0,11,456,EGYENI,,
68188,04_031_003,129,69,69,0,1,68,EGYENI,,
67824,04_032_001,328,178,178,0,1,177,EGYENI,,
68190,04_033_001,814,473,473,0,12,461,EGYENI,,
68192,04_033_002,779,491,491,0,8,483,EGYENI,,
67644,04_034_001,764,435,435,0,4,431,EGYENI,,
67646,04_034_002,759,406,406,0,10,396,EGYENI,,
67648,04_034_003,855,443,443,0,3,440,EGYENI,,
67650,04_034_004,682,338,338,0,4,334,EGYENI,,
67652,04_035_001,813,565,564,-1,8,556,EGYENI,,
67654,04_035_002,341,160,160,0,1,159,EGYENI,,
68194,04_036_001,408,244,244,0,2,242,EGYENI,,
67656,04_037_001,633,336,336,0,1,335,EGYENI,,
67658,04_037_002,678,380,380,0,1,379,EGYENI,,
67660,04_037_003,669,373,373,0,2,371,EGYENI,,
67662,04_037_004,620,322,321,-1,9,312,EGYENI,,
67664,04_037_005,664,353,353,0,5,348,EGYENI,,
67666,04_037_006,624,371,365,-6,0,365,EGYENI,,
67668,04_037_007,509,210,209,-1,3,206,EGYENI,,
67826,04_038_001,855,461,461,0,6,455,EGYENI,,
67828,04_038_002,966,448,448,0,5,443,EGYENI,,
67830,04_038_003,964,490,490,0,5,485,EGYENI,,
67832,04_038_004,937,560,560,0,6,554,EGYENI,,
68002,04_039_001,535,340,340,0,10,330,EGYENI,,
67834,04_040_001,717,401,401,0,9,392,EGYENI,,
67836,04_040_002,712,389,389,0,0,389,EGYENI,,
67838,04_040_003,735,387,387,0,3,384,EGYENI,,
68004,04_041_001,425,219,219,0,6,213,EGYENI,,
68006,04_042_001,609,346,346,0,6,340,EGYENI,,
68008,04_042_002,626,347,347,0,3,344,EGYENI,,
68196,04_043_001,695,397,397,0,12,385,EGYENI,,
68198,04_043_002,677,340,339,-1,6,333,EGYENI,,
68200,04_043_003,854,433,433,0,9,424,EGYENI,,
68202,04_044_001,857,524,524,0,11,513,EGYENI,,
68204,04_044_002,699,427,427,0,10,417,EGYENI,,
68206,04_045_001,649,404,404,0,5,399,EGYENI,,
68208,04_045_002,545,313,313,0,2,311,EGYENI,,
68210,04_045_003,612,348,348,0,11,337,EGYENI,,
68212,04_046_001,192,113,113,0,0,113,EGYENI,,
68214,04_047_001,584,352,352,0,7,345,EGYENI,,
68216,04_047_002,286,188,188,0,4,184,EGYENI,,
68218,04_048_001,974,660,659,-1,8,651,EGYENI,,
68220,04_048_002,834,577,576,-1,21,555,EGYENI,,
68222,04_048_003,870,562,562,0,14,548,EGYENI,,
68224,04_048_004,293,143,143,0,1,142,EGYENI,,
67840,04_049_001,1106,501,501,0,3,498,EGYENI,,
67842,04_049_002,1057,588,587,-1,9,578,EGYENI,,
67844,04_049_003,1098,667,667,0,6,661,EGYENI,,
67846,04_049_004,1054,604,605,1,30,575,EGYENI,,
67848,04_049_005,943,600,600,0,7,593,EGYENI,,
67850,04_049_006,1162,501,501,0,3,498,EGYENI,,
67852,04_049_007,1060,625,622,-3,11,611,EGYENI,,
67854,04_049_008,1033,572,572,0,8,564,EGYENI,,
68010,04_050_001,804,432,432,0,15,417,EGYENI,,
68012,04_050_002,87,47,47,0,1,46,EGYENI,,
68226,04_051_001,737,418,418,0,5,413,EGYENI,,
68228,04_051_002,645,378,378,0,5,373,EGYENI,,
68230,04_051_003,792,447,447,0,4,443,EGYENI,,
68232,04_051_004,790,515,514,-1,2,512,EGYENI,,
68234,04_051_005,836,504,504,0,8,496,EGYENI,,
68236,04_051_006,782,365,365,0,6,359,EGYENI,,
68238,04_052_001,844,517,517,0,4,513,EGYENI,,
68240,04_052_002,964,595,595,0,11,584,EGYENI,,
68242,04_052_003,1105,654,654,0,5,649,EGYENI,,
68244,04_052_004,1125,638,638,0,3,635,EGYENI,,
68246,04_052_005,1037,556,556,0,4,552,EGYENI,,
68014,04_053_001,834,451,449,-2,4,445,EGYENI,,
68016,04_053_002,891,518,518,0,7,511,EGYENI,,
67856,04_054_001,521,299,298,-1,1,297,EGYENI,,
67858,04_054_002,562,294,294,0,2,292,EGYENI,,
68248,04_055_001,1116,682,682,0,8,674,EGYENI,,
68250,04_056_001,386,222,221,-1,6,215,EGYENI,,
68252,04_056_002,355,205,205,0,3,202,EGYENI,,
68254,04_056_003,417,234,234,0,1,233,EGYENI,,
68256,04_057_001,658,334,334,0,5,329,EGYENI,,
68258,04_057_002,575,333,333,0,9,324,EGYENI,,
68260,04_057_003,686,478,478,0,14,464,EGYENI,,
68262,04_057_004,569,356,356,0,3,353,EGYENI,,
68264,04_057_005,649,416,416,0,5,411,EGYENI,,
68266,04_057_006,594,374,374,0,10,364,EGYENI,,
68268,04_057_007,634,379,379,0,2,377,EGYENI,,
68018,04_058_001,1027,527,527,0,5,522,EGYENI,,
68020,04_058_002,954,495,495,0,4,491,EGYENI,,
68270,04_059_001,695,446,446,0,6,440,EGYENI,,
68272,04_059_002,725,441,441,0,5,436,EGYENI,,
68274,04_059_003,676,394,394,0,3,391,EGYENI,,
68276,04_059_004,816,422,422,0,9,413,EGYENI,,
68278,04_059_005,627,358,358,0,5,353,EGYENI,,
68280,04_059_006,862,546,545,-1,7,538,EGYENI,,
68282,04_059_007,449,293,293,0,6,287,EGYENI,,
68284,04_059_008,563,365,363,-2,6,357,EGYENI,,
68286,04_059_009,520,344,343,-1,6,337,EGYENI,,
68288,04_059_010,813,527,527,0,7,520,EGYENI,,
68290,04_059_011,645,424,424,0,6,418,EGYENI,,
68292,04_059_012,729,449,449,0,3,446,EGYENI,,
68294,04_059_013,649,419,419,0,8,411,EGYENI,,
68296,04_059_014,1906,1512,1506,-6,11,1495,EGYENI,,
68298,04_059_015,570,353,353,0,1,352,EGYENI,,
68300,04_059_016,146,77,77,0,2,75,EGYENI,,
68302,04_059_017,698,383,383,0,2,381,EGYENI,,
68304,04_059_018,526,320,320,0,6,314,EGYENI,,
68306,04_059_019,768,497,497,0,6,491,EGYENI,,
68308,04_059_020,962,592,592,0,6,586,EGYENI,,
68372,04_059_021,770,490,490,0,3,487,EGYENI,,
68310,04_059_022,770,407,407,0,12,395,EGYENI,,
68312,04_059_023,1015,607,606,-1,7,599,EGYENI,,
68314,04_059_024,987,689,679,-10,5,674,EGYENI,,
68316,04_059_025,924,611,611,0,4,607,EGYENI,,
68318,04_059_026,843,498,498,0,4,494,EGYENI,,
68320,04_059_027,800,469,469,0,5,464,EGYENI,,
68322,04_059_028,369,232,232,0,1,231,EGYENI,,
68324,04_059_029,382,199,199,0,2,197,EGYENI,,
68326,04_059_030,878,453,453,0,5,448,EGYENI,,
68328,04_059_031,881,481,480,-1,10,470,EGYENI,,
68330,04_059_032,676,366,366,0,10,356,EGYENI,,
68332,04_059_033,746,399,399,0,8,391,EGYENI,,
68334,04_059_034,153,67,67,0,1,66,EGYENI,,
68336,04_059_035,182,87,87,0,0,87,EGYENI,,
68338,04_059_036,694,400,400,0,4,396,EGYENI,,
68340,04_059_037,99,49,48,-1,2,46,EGYENI,,
67860,04_060_001,354,195,195,0,2,193,EGYENI,,
68342,04_061_001,803,459,459,0,8,451,EGYENI,,
68344,04_061_002,595,308,308,0,6,302,EGYENI,,
68346,04_062_001,252,181,181,0,2,179,EGYENI,,
68348,04_062_002,77,59,59,0,1,58,EGYENI,,
68022,04_063_001,1009,522,522,0,10,512,EGYENI,,
68024,04_063_002,1040,520,520,0,1,519,EGYENI,,
68026,04_063_003,1065,492,492,0,6,486,EGYENI,,
68028,04_063_004,1081,655,655,0,2,653,EGYENI,,
68030,04_063_005,1054,410,410,0,5,405,EGYENI,,
68032,04_063_006,929,496,495,-1,0,495,EGYENI,,
68034,04_063_007,1068,629,629,0,4,625,EGYENI,,
68036,04_063_008,937,509,509,0,10,499,EGYENI,,
68038,04_064_001,588,334,334,0,8,326,EGYENI,,
67506,04_064_002,595,374,374,0,8,366,EGYENI,,
67508,04_064_003,148,79,79,0,3,76,EGYENI,,
67510,04_064_004,57,41,41,0,0,41,EGYENI,,
67670,04_065_001,678,363,363,0,4,359,EGYENI,,
67672,04_065_002,813,492,481,-11,4,477,EGYENI,,
67674,04_065_003,716,408,408,0,10,398,EGYENI,,
67862,04_066_001,880,560,560,0,9,551,EGYENI,,
67864,04_066_002,1005,572,572,0,10,562,EGYENI,,
67866,04_066_003,831,521,517,-4,4,513,EGYENI,,
67868,04_066_004,679,464,464,0,7,457,EGYENI,,
67870,04_066_005,789,535,534,-1,9,525,EGYENI,,
67872,04_066_006,717,424,424,0,10,414,EGYENI,,
67874,04_066_007,691,373,373,0,4,369,EGYENI,,
67876,04_066_008,990,613,613,0,4,609,EGYENI,,
67878,04_066_009,169,80,80,0,0,80,EGYENI,,
67880,04_066_010,1122,810,810,0,5,805,EGYENI,,
67882,04_066_011,959,563,563,0,5,558,EGYENI,,
67884,04_066_012,965,600,600,0,11,589,EGYENI,,
67886,04_066_013,816,461,461,0,4,457,EGYENI,,
67888,04_066_014,912,541,541,0,7,534,EGYENI,,
67890,04_066_015,770,478,478,0,6,472,EGYENI,,
67892,04_066_016,256,136,136,0,1,135,EGYENI,,
67894,04_066_017,66,41,41,0,0,41,EGYENI,,
67896,04_066_018,433,236,236,0,4,232,EGYENI,,
67898,04_066_019,507,285,285,0,2,283,EGYENI,,
67512,04_067_001,1072,567,565,-2,2,563,EGYENI,,
67514,04_067_002,1099,659,660,1,15,645,EGYENI,,
67516,04_067_003,1077,597,597,0,5,592,EGYENI,,
67518,04_067_004,1083,667,667,0,2,665,EGYENI,,
67520,04_067_005,1044,549,549,0,1,548,EGYENI,,
67522,04_067_006,1120,642,642,0,5,637,EGYENI,,
67524,04_067_007,1162,496,496,0,4,492,EGYENI,,
67526,04_068_001,679,366,363,-3,3,360,EGYENI,,
67528,04_068_002,43,17,17,0,0,17,EGYENI,,
67676,04_069_001,616,383,383,0,4,379,EGYENI,,
67678,04_069_002,718,455,454,-1,6,448,EGYENI,,
68350,04_070_001,498,323,323,0,2,321,EGYENI,,
68352,04_070_002,675,407,407,0,8,399,EGYENI,,
68354,04_070_003,562,401,401,0,4,397,EGYENI,,
68356,04_070_004,508,320,320,0,3,317,EGYENI,,
68358,04_070_005,538,286,286,0,1,285,EGYENI,,
68360,04_070_006,489,309,309,0,7,302,EGYENI,,
68362,04_070_007,817,522,522,0,7,515,EGYENI,,
68364,04_070_008,754,460,460,0,8,452,EGYENI,,
68366,04_070_009,66,43,43,0,1,42,EGYENI,,
67680,04_071_001,796,410,410,0,6,404,EGYENI,,
67682,04_071_002,654,361,361,0,8,353,EGYENI,,
67684,04_071_003,732,389,389,0,8,381,EGYENI,,
67686,04_071_004,834,511,511,0,1,510,EGYENI,,
67688,04_071_005,730,468,468,0,12,456,EGYENI,,
67690,04_071_006,639,343,343,0,7,336,EGYENI,,
67530,04_072_001,91,58,58,0,3,55,EGYENI,,
68368,04_073_001,1028,602,602,0,8,594,EGYENI,,
68370,04_073_002,143,91,91,0,3,88,EGYENI,,
67532,04_074_001,726,378,378,0,3,375,EGYENI,,
67534,04_074_002,680,368,366,-2,5,361,EGYENI,,
67536,04_074_003,730,423,423,0,4,419,EGYENI,,
67538,04_074_004,730,442,442,0,7,435,EGYENI,,
67540,04_074_005,976,441,441,0,12,429,EGYENI,,
67542,04_074_006,897,399,399,0,12,387,EGYENI,,
67544,04_074_007,895,341,341,0,4,337,EGYENI,,
67546,04_075_001,676,372,372,0,9,363,EGYENI,,
67548,04_075_002,640,354,354,0,5,349,EGYENI,,
69282,05_001_001,72,45,45,0,0,45,EGYENI,,
69284,05_002_001,443,263,263,0,4,259,EGYENI,,
69286,05_002_002,73,53,53,0,2,51,EGYENI,,
68942,05_003_001,78,41,41,0,1,40,EGYENI,,
69288,05_004_001,837,394,394,0,4,390,EGYENI,,
69290,05_004_002,829,426,426,0,5,421,EGYENI,,
69292,05_004_003,781,450,450,0,3,447,EGYENI,,
68944,05_005_001,117,56,56,0,1,55,EGYENI,,
69294,05_006_001,186,108,108,0,0,108,EGYENI,,
68946,05_007_001,178,108,108,0,1,107,EGYENI,,
68678,05_008_001,459,317,317,0,4,313,EGYENI,,
68948,05_009_001,643,311,311,0,5,306,EGYENI,,
69296,05_010_001,628,311,311,0,1,310,EGYENI,,
69120,05_011_001,257,168,168,0,0,168,EGYENI,,
68950,05_012_001,85,66,66,0,1,65,EGYENI,,
69298,05_013_001,172,120,120,0,4,116,EGYENI,,
68680,05_014_001,369,250,250,0,1,249,EGYENI,,
68682,05_015_001,120,80,80,0,1,79,EGYENI,,
68952,05_016_001,1117,574,574,0,8,566,EGYENI,,
68374,05_017_001,748,511,511,0,2,509,EGYENI,,
68376,05_017_002,774,500,500,0,2,498,EGYENI,,
68378,05_017_003,938,456,456,0,9,447,EGYENI,,
68380,05_017_004,859,517,517,0,7,510,EGYENI,,
68382,05_017_005,966,558,558,0,47,511,EGYENI,,
69300,05_018_001,79,56,56,0,1,55,EGYENI,,
68684,05_019_001,890,261,261,0,6,255,EGYENI,,
68686,05_019_002,904,414,414,0,8,406,EGYENI,,
68688,05_019_003,916,308,308,0,6,302,EGYENI,,
68384,05_020_001,903,583,583,0,1,582,EGYENI,,
68386,05_020_002,1130,774,774,0,1,773,EGYENI,,
69122,05_021_001,692,326,326,0,18,308,EGYENI,,
69124,05_021_002,693,317,317,0,3,314,EGYENI,,
69890,05_022_001,854,451,451,0,9,442,EGYENI,,
68954,05_023_001,547,277,274,-3,4,270,EGYENI,,
68956,05_024_001,326,185,185,0,5,180,EGYENI,,
69302,05_025_001,161,122,122,0,1,121,EGYENI,,
68958,05_026_001,583,337,337,0,5,332,EGYENI,,
68960,05_026_002,634,369,369,0,3,366,EGYENI,,
68690,05_027_001,1061,642,640,-2,11,629,EGYENI,,
68692,05_028_001,37,24,24,0,0,24,EGYENI,,
69126,05_029_001,1005,515,515,0,5,510,EGYENI,,
69128,05_029_002,1043,689,689,0,5,684,EGYENI,,
68962,05_030_001,973,527,525,-2,9,516,EGYENI,,
68964,05_031_001,204,136,133,-3,20,113,EGYENI,,
69688,05_032_001,728,397,397,0,10,387,EGYENI,,
69304,05_033_001,1092,472,472,0,9,463,EGYENI,,
69130,05_034_001,982,582,582,0,7,575,EGYENI,,
69132,05_035_001,719,448,448,0,12,436,EGYENI,,
69306,05_036_001,744,428,428,0,1,427,EGYENI,,
69690,05_037_001,683,456,456,0,5,451,EGYENI,,
69692,05_037_002,902,584,584,0,19,565,EGYENI,,
69308,05_038_001,361,146,146,0,5,141,EGYENI,,
69310,05_039_001,772,429,429,0,7,422,EGYENI,,
68966,05_040_001,984,446,446,0,11,435,EGYENI,,
68968,05_040_002,856,531,531,0,9,522,EGYENI,,
68694,05_041_001,698,350,350,0,3,347,EGYENI,,
69694,05_042_001,237,163,163,0,2,161,EGYENI,,
69696,05_043_001,410,262,262,0,9,253,EGYENI,,
68696,05_044_001,593,300,300,0,4,296,EGYENI,,
68698,05_044_002,666,363,363,0,4,359,EGYENI,,
68700,05_044_003,606,326,326,0,3,323,EGYENI,,
68702,05_044_004,718,405,405,0,6,399,EGYENI,,
68704,05_045_001,1014,609,609,0,11,598,EGYENI,,
68970,05_046_001,914,505,505,0,19,486,EGYENI,,
68706,05_047_001,127,73,73,0,2,71,EGYENI,,
68708,05_048_001,86,44,44,0,0,44,EGYENI,,
68710,05_049_001,874,600,600,0,7,593,EGYENI,,
69312,05_050_001,156,97,97,0,0,97,EGYENI,,
69134,05_051_001,799,463,463,0,4,459,EGYENI,,
69136,05_051_002,633,390,390,0,4,386,EGYENI,,
69138,05_051_003,713,442,442,0,2,440,EGYENI,,
69698,05_052_001,1181,675,674,-1,4,670,EGYENI,,
69700,05_053_001,618,425,425,0,2,423,EGYENI,,
69702,05_053_002,753,495,495,0,6,489,EGYENI,,
68712,05_054_001,114,75,75,0,2,73,EGYENI,,
69704,05_055_001,998,638,638,0,5,633,EGYENI,,
69706,05_056_001,843,566,566,0,3,563,EGYENI,,
68972,05_057_001,180,93,93,0,3,90,EGYENI,,
69314,05_058_001,839,329,329,0,1,328,EGYENI,,
69316,05_058_002,772,328,328,0,0,328,EGYENI,,
69318,05_058_003,721,256,256,0,5,251,EGYENI,,
68974,05_059_001,250,100,100,0,15,85,EGYENI,,
69708,05_060_001,854,594,592,-2,13,579,EGYENI,,
69710,05_061_001,380,270,270,0,6,264,EGYENI,,
68714,05_062_001,612,309,309,0,6,303,EGYENI,,
69712,05_063_001,477,311,311,0,4,307,EGYENI,,
69140,05_064_001,567,281,281,0,5,276,EGYENI,,
68976,05_065_001,529,342,341,-1,8,333,EGYENI,,
68716,05_066_001,711,382,382,0,4,378,EGYENI,,
68978,05_067_001,209,132,132,0,1,131,EGYENI,,
69320,05_068_001,290,124,124,0,8,116,EGYENI,,
68980,05_069_001,19,17,17,0,0,17,EGYENI,,
68982,05_070_001,221,137,137,0,1,136,EGYENI,,
68984,05_071_001,644,326,326,0,6,320,EGYENI,,
68986,05_071_002,613,344,345,1,17,328,EGYENI,,
68718,05_072_001,647,311,311,0,9,302,EGYENI,,
68720,05_073_001,252,171,171,0,1,170,EGYENI,,
68722,05_074_001,255,169,169,0,2,167,EGYENI,,
68988,05_075_001,987,569,569,0,6,563,EGYENI,,
68990,05_075_002,1039,676,676,0,4,672,EGYENI,,
68992,05_075_003,1155,632,631,-1,5,626,EGYENI,,
68994,05_075_004,921,583,583,0,4,579,EGYENI,,
68996,05_075_005,923,611,611,0,3,608,EGYENI,,
68998,05_075_006,875,572,572,0,9,563,EGYENI,,
69000,05_075_007,1096,615,615,0,9,606,EGYENI,,
69002,05_075_008,1004,520,520,0,28,492,EGYENI,,
69714,05_076_001,455,321,321,0,0,321,EGYENI,,
69716,05_077_001,756,352,352,0,1,351,EGYENI,,
69718,05_077_002,776,429,429,0,6,423,EGYENI,,
69720,05_077_003,834,447,447,0,3,444,EGYENI,,
69722,05_077_004,866,464,464,0,5,459,EGYENI,,
69724,05_077_005,857,444,444,0,6,438,EGYENI,,
69322,05_078_001,841,591,591,0,4,587,EGYENI,,
69324,05_078_002,888,541,541,0,8,533,EGYENI,,
69326,05_078_003,621,259,259,0,16,243,EGYENI,,
69328,05_078_004,789,470,470,0,8,462,EGYENI,,
69330,05_078_005,777,562,562,0,2,560,EGYENI,,
69332,05_078_006,641,382,382,0,10,372,EGYENI,,
69334,05_078_007,424,170,170,0,3,167,EGYENI,,
69336,05_079_001,992,568,568,0,3,565,EGYENI,,
69338,05_080_001,454,238,238,0,2,236,EGYENI,,
68724,05_081_001,52,40,40,0,2,38,EGYENI,,
69004,05_082_001,276,177,177,0,3,174,EGYENI,,
68726,05_083_001,687,375,375,0,5,370,EGYENI,,
68728,05_083_002,596,273,273,0,9,264,EGYENI,,
69006,05_084_001,231,113,113,0,1,112,EGYENI,,
69340,05_085_001,225,141,141,0,1,140,EGYENI,,
69342,05_086_001,667,368,368,0,3,365,EGYENI,,
69008,05_087_001,150,86,86,0,5,81,EGYENI,,
68730,05_088_001,310,172,172,0,3,169,EGYENI,,
68732,05_089_001,814,487,487,0,7,480,EGYENI,,
69344,05_090_001,201,95,95,0,3,92,EGYENI,,
68734,05_091_001,619,271,271,0,2,269,EGYENI,,
69010,05_092_001,364,174,174,0,4,170,EGYENI,,
68388,05_093_001,743,537,537,0,4,533,EGYENI,,
68390,05_093_002,935,639,639,0,4,635,EGYENI,,
68392,05_093_003,1122,682,682,0,16,666,EGYENI,,
68394,05_093_004,691,492,458,-34,6,452,EGYENI,,
68396,05_093_005,887,541,541,0,10,531,EGYENI,,
68398,05_093_006,1032,636,634,-2,17,617,EGYENI,,
69346,05_094_001,98,59,59,0,0,59,EGYENI,,
69348,05_095_001,275,159,159,0,3,156,EGYENI,,
69012,05_096_001,940,603,602,-1,5,597,EGYENI,,
69014,05_096_002,980,669,669,0,11,658,EGYENI,,
69350,05_097_001,256,125,125,0,8,117,EGYENI,,
69352,05_098_001,349,242,242,0,3,239,EGYENI,,
69354,05_099_001,107,74,74,0,0,74,EGYENI,,
69356,05_100_001,286,181,180,-1,8,172,EGYENI,,
69358,05_101_001,252,125,125,0,2,123,EGYENI,,
69016,05_102_001,164,104,104,0,8,96,EGYENI,,
69018,05_103_001,34,23,23,0,1,22,EGYENI,,
69020,05_104_001,149,100,100,0,4,96,EGYENI,,
68498,05_105_001,170,91,91,0,0,91,EGYENI,,
68500,05_106_001,87,68,68,0,3,65,EGYENI,,
69360,05_107_001,323,231,231,0,6,225,EGYENI,,
69726,05_108_001,485,380,380,0,12,368,EGYENI,,
69142,05_109_001,701,415,415,0,0,415,EGYENI,,
69144,05_109_002,605,372,372,0,3,369,EGYENI,,
69146,05_109_003,648,421,421,0,12,409,EGYENI,,
69148,05_109_004,206,102,102,0,2,100,EGYENI,,
69150,05_110_001,593,407,407,0,5,402,EGYENI,,
69362,05_111_001,464,284,284,0,1,283,EGYENI,,
68736,05_112_001,72,48,48,0,0,48,EGYENI,,
69364,05_113_001,859,509,509,0,4,505,EGYENI,,
69366,05_113_002,781,382,382,0,6,376,EGYENI,,
69368,05_114_001,467,240,240,0,7,233,EGYENI,,
69370,05_115_001,443,231,231,0,1,230,EGYENI,,
69152,05_116_001,663,457,457,0,3,454,EGYENI,,
69498,05_116_002,700,387,387,0,12,375,EGYENI,,
68502,05_117_001,477,290,290,0,8,282,EGYENI,,
68738,05_118_001,637,280,280,0,4,276,EGYENI,,
68740,05_118_002,602,304,304,0,0,304,EGYENI,,
69728,05_119_001,800,468,468,0,2,466,EGYENI,,
69730,05_119_002,826,541,541,0,6,535,EGYENI,,
69372,05_120_001,110,81,81,0,1,80,EGYENI,,
68504,05_121_001,101,75,75,0,0,75,EGYENI,,
69374,05_122_001,195,128,128,0,1,127,EGYENI,,
69732,05_123_001,597,311,311,0,3,308,EGYENI,,
69734,05_123_002,619,317,317,0,4,313,EGYENI,,
69736,05_124_001,862,526,526,0,3,523,EGYENI,,
69738,05_125_001,263,178,178,0,0,178,EGYENI,,
69740,05_126_001,895,417,417,0,10,407,EGYENI,,
69742,05_127_001,534,353,352,-1,16,336,EGYENI,,
69376,05_128_001,563,403,403,0,1,402,EGYENI,,
69378,05_129_001,121,75,75,0,2,73,EGYENI,,
69380,05_130_001,176,87,87,0,3,84,EGYENI,,
69500,05_131_001,113,63,63,0,4,59,EGYENI,,
69502,05_131_002,1133,760,760,0,11,749,EGYENI,,
69504,05_132_001,268,171,171,0,5,166,EGYENI,,
69506,05_133_001,906,539,539,0,9,530,EGYENI,,
69508,05_133_002,891,518,518,0,9,509,EGYENI,,
69510,05_133_003,898,528,527,-1,3,524,EGYENI,,
69382,05_134_001,160,93,93,0,1,92,EGYENI,,
68506,05_135_001,309,148,148,0,5,143,EGYENI,,
69384,05_136_001,144,93,93,0,2,91,EGYENI,,
69386,05_137_001,648,334,334,0,11,323,EGYENI,,
68742,05_138_001,432,242,242,0,4,238,EGYENI,,
69388,05_139_001,821,501,500,-1,9,491,EGYENI,,
68744,05_140_001,501,293,293,0,7,286,EGYENI,,
69390,05_141_001,794,453,453,0,0,453,EGYENI,,
68508,05_142_001,760,370,370,0,10,360,EGYENI,,
69744,05_143_001,956,392,392,0,6,386,EGYENI,,
68746,05_144_001,85,60,60,0,0,60,EGYENI,,
68510,05_145_001,958,585,585,0,13,572,EGYENI,,
68512,05_146_001,67,53,53,0,1,52,EGYENI,,
68514,05_147_001,673,388,388,0,9,379,EGYENI,,
68516,05_147_002,657,345,345,0,5,340,EGYENI,,
68748,05_148_001,396,240,240,0,3,237,EGYENI,,
68750,05_149_001,770,424,424,0,11,413,EGYENI,,
68752,05_149_002,623,305,305,0,6,299,EGYENI,,
68754,05_150_001,242,161,161,0,0,161,EGYENI,,
69392,05_151_001,715,298,298,0,2,296,EGYENI,,
69394,05_151_002,733,337,337,0,3,334,EGYENI,,
69396,05_152_001,379,219,215,-4,4,211,EGYENI,,
68518,05_153_001,732,507,507,0,1,506,EGYENI,,
68520,05_153_002,709,472,472,0,8,464,EGYENI,,
68522,05_153_003,789,357,355,-2,3,352,EGYENI,,
68524,05_153_004,670,403,403,0,0,403,EGYENI,,
68526,05_153_005,2202,1768,1763,-5,25,1738,EGYENI,,
68528,05_153_006,773,479,479,0,3,476,EGYENI,,
68530,05_153_007,748,341,341,0,1,340,EGYENI,,
68532,05_153_008,789,252,252,0,3,249,EGYENI,,
68534,05_153_009,812,346,346,0,5,341,EGYENI,,
68536,05_153_010,1018,494,494,0,5,489,EGYENI,,
68538,05_153_011,653,416,416,0,8,408,EGYENI,,
68540,05_153_012,592,360,360,0,3,357,EGYENI,,
68542,05_153_013,858,536,536,0,1,535,EGYENI,,
68544,05_153_014,604,405,405,0,4,401,EGYENI,,
68546,05_153_015,831,528,529,1,17,512,EGYENI,,
68548,05_153_016,1049,593,593,0,6,587,EGYENI,,
68550,05_153_017,823,446,446,0,5,441,EGYENI,,
68552,05_153_018,935,387,391,4,47,344,EGYENI,,
68554,05_153_019,933,506,506,0,4,502,EGYENI,,
68556,05_153_020,839,476,475,-1,6,469,EGYENI,,
68558,05_153_021,639,357,357,0,2,355,EGYENI,,
69154,05_153_022,604,312,312,0,2,310,EGYENI,,
69156,05_153_023,1046,579,578,-1,3,575,EGYENI,,
69158,05_153_024,999,548,547,-1,6,541,EGYENI,,
69160,05_153_025,893,520,519,-1,3,516,EGYENI,,
69162,05_153_026,788,457,457,0,2,455,EGYENI,,
69164,05_153_027,635,341,341,0,5,336,EGYENI,,
69276,05_153_028,672,383,383,0,3,380,EGYENI,,
69278,05_153_029,751,437,437,0,3,434,EGYENI,,
69280,05_153_030,853,455,455,0,5,450,EGYENI,,
69746,05_154_001,448,311,311,0,2,309,EGYENI,,
68756,05_155_001,147,103,103,0,1,102,EGYENI,,
69166,05_156_001,52,36,36,0,2,34,EGYENI,,
69168,05_157_001,694,365,365,0,13,352,EGYENI,,
68758,05_158_001,364,204,204,0,3,201,EGYENI,,
69398,05_159_001,999,469,469,0,6,463,EGYENI,,
69170,05_160_001,46,29,29,0,0,29,EGYENI,,
69512,05_161_001,637,353,353,0,1,352,EGYENI,,
69514,05_161_002,665,382,382,0,9,373,EGYENI,,
69400,05_162_001,161,92,92,0,0,92,EGYENI,,
68760,05_163_001,145,74,74,0,2,72,EGYENI,,
68762,05_163_002,570,244,244,0,1,243,EGYENI,,
69516,05_164_001,136,94,94,0,1,93,EGYENI,,
69748,05_165_001,673,377,377,0,7,370,EGYENI,,
69750,05_165_002,626,309,309,0,3,306,EGYENI,,
69402,05_166_001,288,170,170,0,0,170,EGYENI,,
69172,05_167_001,277,174,174,0,1,173,EGYENI,,
69404,05_168_001,144,79,79,0,0,79,EGYENI,,
68764,05_169_001,265,176,176,0,3,173,EGYENI,,
69752,05_170_001,838,527,527,0,3,524,EGYENI,,
69754,05_170_002,886,555,555,0,0,555,EGYENI,,
68766,05_171_001,205,150,150,0,5,145,EGYENI,,
69406,05_172_001,238,176,176,0,0,176,EGYENI,,
69174,05_173_001,496,309,309,0,5,304,EGYENI,,
69408,05_174_001,256,151,151,0,3,148,EGYENI,,
69410,05_175_001,474,192,192,0,7,185,EGYENI,,
69756,05_176_001,864,463,463,0,23,440,EGYENI,,
69176,05_177_001,364,193,193,0,2,191,EGYENI,,
69178,05_178_001,138,97,97,0,5,92,EGYENI,,
68768,05_179_001,558,312,312,0,2,310,EGYENI,,
68770,05_179_002,766,424,424,0,0,424,EGYENI,,
69180,05_180_001,457,333,333,0,2,331,EGYENI,,
69412,05_181_001,233,85,85,0,2,83,EGYENI,,
69182,05_182_001,222,139,139,0,1,138,EGYENI,,
69518,05_183_001,592,260,260,0,3,257,EGYENI,,
69520,05_183_002,650,324,324,0,4,320,EGYENI,,
69184,05_184_001,362,226,226,0,10,216,EGYENI,,
68772,05_185_001,254,174,174,0,0,174,EGYENI,,
69186,05_186_001,37,24,24,0,0,24,EGYENI,,
69414,05_187_001,730,304,304,0,7,297,EGYENI,,
68774,05_188_001,347,218,218,0,2,216,EGYENI,,
69522,05_189_001,644,337,337,0,3,334,EGYENI,,
69524,05_189_002,636,415,415,0,7,408,EGYENI,,
69526,05_189_003,646,382,382,0,2,380,EGYENI,,
69758,05_190_001,772,437,437,0,2,435,EGYENI,,
69760,05_190_002,708,372,372,0,4,368,EGYENI,,
69762,05_190_003,708,464,464,0,2,462,EGYENI,,
69764,05_190_004,669,454,454,0,4,450,EGYENI,,
69766,05_190_005,677,434,434,0,2,432,EGYENI,,
69188,05_191_001,417,251,251,0,3,248,EGYENI,,
69528,05_192_001,651,294,294,0,15,279,EGYENI,,
69530,05_192_002,618,327,327,0,4,323,EGYENI,,
69532,05_192_003,701,405,405,0,4,401,EGYENI,,
69190,05_193_001,157,114,109,-5,2,107,EGYENI,,
69768,05_194_001,976,464,464,0,5,459,EGYENI,,
69770,05_194_002,911,498,498,0,14,484,EGYENI,,
69772,05_194_003,1013,581,581,0,8,573,EGYENI,,
69774,05_194_004,864,435,435,0,6,429,EGYENI,,
69776,05_194_005,977,541,541,0,6,535,EGYENI,,
69778,05_195_001,684,349,349,0,10,339,EGYENI,,
69780,05_195_002,613,395,395,0,2,393,EGYENI,,
69782,05_195_003,598,365,364,-1,4,360,EGYENI,,
69784,05_195_004,624,331,331,0,2,329,EGYENI,,
69786,05_195_005,650,350,350,0,4,346,EGYENI,,
69788,05_196_001,972,760,760,0,2,758,EGYENI,,
69790,05_196_002,904,663,663,0,5,658,EGYENI,,
69792,05_196_003,789,576,576,0,6,570,EGYENI,,
69794,05_196_004,919,548,548,0,6,542,EGYENI,,
69796,05_196_005,892,481,481,0,10,471,EGYENI,,
69798,05_196_006,821,490,490,0,1,489,EGYENI,,
69800,05_196_007,809,562,562,0,2,560,EGYENI,,
69802,05_196_008,834,597,597,0,5,592,EGYENI,,
69804,05_196_009,774,579,579,0,2,577,EGYENI,,
69806,05_196_010,1036,672,672,0,4,668,EGYENI,,
69808,05_196_011,893,558,558,0,5,553,EGYENI,,
69810,05_196_012,1927,1546,1544,-2,3,1541,EGYENI,,
69812,05_196_013,849,581,580,-1,2,578,EGYENI,,
69814,05_196_014,681,503,502,-1,1,501,EGYENI,,
69816,05_196_015,864,615,614,-1,5,609,EGYENI,,
69818,05_196_016,768,515,515,0,3,512,EGYENI,,
69820,05_197_001,876,557,557,0,5,552,EGYENI,,
69822,05_198_001,701,455,454,-1,2,452,EGYENI,,
69824,05_198_002,636,386,386,0,4,382,EGYENI,,
69534,05_199_001,967,513,513,0,7,506,EGYENI,,
69536,05_199_002,858,402,401,-1,9,392,EGYENI,,
69416,05_200_001,640,282,282,0,8,274,EGYENI,,
69418,05_200_002,655,393,393,0,2,391,EGYENI,,
69420,05_201_001,444,311,311,0,7,304,EGYENI,,
68400,05_202_001,673,269,269,0,6,263,EGYENI,,
68402,05_202_002,767,292,292,0,4,288,EGYENI,,
68404,05_202_003,590,393,392,-1,4,388,EGYENI,,
68406,05_202_004,2102,1684,1678,-6,13,1665,EGYENI,,
68408,05_202_005,685,396,396,0,4,392,EGYENI,,
68410,05_202_006,610,378,377,-1,7,370,EGYENI,,
68412,05_202_007,717,480,480,0,5,475,EGYENI,,
68414,05_202_008,891,544,544,0,4,540,EGYENI,,
68416,05_202_009,799,384,384,0,6,378,EGYENI,,
68418,05_202_010,733,496,495,-1,5,490,EGYENI,,
68420,05_202_011,955,617,617,0,1,616,EGYENI,,
68422,05_202_012,720,486,485,-1,2,483,EGYENI,,
68424,05_202_013,770,492,492,0,6,486,EGYENI,,
68426,05_202_014,813,588,588,0,5,583,EGYENI,,
68428,05_202_015,958,682,682,0,5,677,EGYENI,,
68430,05_202_016,1069,747,746,-1,8,738,EGYENI,,
68432,05_202_017,1132,830,813,-17,3,810,EGYENI,,
68434,05_202_018,1112,748,748,0,2,746,EGYENI,,
68436,05_202_019,640,343,342,-1,6,336,EGYENI,,
68438,05_202_020,952,625,624,-1,6,618,EGYENI,,
68440,05_202_021,902,587,587,0,2,585,EGYENI,,
68442,05_202_022,816,566,565,-1,8,557,EGYENI,,
68444,05_202_023,793,515,514,-1,4,510,EGYENI,,
68446,05_202_024,881,554,554,0,1,553,EGYENI,,
68448,05_202_025,693,474,474,0,1,473,EGYENI,,
68100,05_202_026,1003,719,719,0,3,716,EGYENI,,
68102,05_202_027,943,687,687,0,7,680,EGYENI,,
68450,05_202_028,843,574,574,0,3,571,EGYENI,,
68452,05_202_029,698,482,480,-2,1,479,EGYENI,,
68454,05_202_030,697,466,466,0,5,461,EGYENI,,
68104,05_202_031,720,398,398,0,8,390,EGYENI,,
68456,05_202_032,985,641,641,0,7,634,EGYENI,,
68458,05_202_033,851,447,447,0,4,443,EGYENI,,
68460,05_202_034,969,530,530,0,4,526,EGYENI,,
68462,05_202_035,1018,534,534,0,5,529,EGYENI,,
68464,05_202_036,1023,633,633,0,3,630,EGYENI,,
68466,05_202_037,882,511,511,0,3,508,EGYENI,,
68468,05_202_038,960,589,585,-4,6,579,EGYENI,,
68470,05_202_039,1021,525,524,-1,2,522,EGYENI,,
68472,05_202_040,972,540,539,-1,3,536,EGYENI,,
68474,05_202_041,784,358,358,0,5,353,EGYENI,,
68476,05_202_042,909,470,470,0,4,466,EGYENI,,
68478,05_202_043,873,511,511,0,2,509,EGYENI,,
68480,05_202_044,1004,492,492,0,2,490,EGYENI,,
68482,05_202_045,951,455,455,0,5,450,EGYENI,,
68484,05_202_046,1072,574,574,0,4,570,EGYENI,,
68486,05_202_047,1023,599,599,0,5,594,EGYENI,,
68488,05_202_048,892,527,527,0,3,524,EGYENI,,
68490,05_202_049,988,554,554,0,5,549,EGYENI,,
68492,05_202_050,821,564,564,0,5,559,EGYENI,,
68494,05_202_051,700,462,459,-3,3,456,EGYENI,,
68496,05_202_052,685,418,418,0,2,416,EGYENI,,
68040,05_202_053,931,573,573,0,1,572,EGYENI,,
68042,05_202_054,973,617,617,0,5,612,EGYENI,,
68044,05_202_055,671,543,541,-2,0,541,EGYENI,,
68046,05_202_056,609,499,499,0,1,498,EGYENI,,
68048,05_202_057,916,563,561,-2,4,557,EGYENI,,
68050,05_202_058,721,398,398,0,3,395,EGYENI,,
68052,05_202_059,638,455,455,0,2,453,EGYENI,,
68054,05_202_060,789,625,625,0,4,621,EGYENI,,
68056,05_202_061,596,467,467,0,1,466,EGYENI,,
68058,05_202_062,831,560,560,0,3,557,EGYENI,,
68060,05_202_063,711,440,439,-1,2,437,EGYENI,,
68062,05_202_064,927,598,598,0,7,591,EGYENI,,
68064,05_202_065,628,354,355,1,13,342,EGYENI,,
68066,05_202_066,602,364,364,0,3,361,EGYENI,,
68068,05_202_067,699,410,410,0,1,409,EGYENI,,
68070,05_202_068,817,499,498,-1,6,492,EGYENI,,
68072,05_202_069,992,692,692,0,2,690,EGYENI,,
68074,05_202_070,1001,682,682,0,3,679,EGYENI,,
68076,05_202_071,656,417,417,0,0,417,EGYENI,,
68078,05_202_072,644,446,446,0,5,441,EGYENI,,
68080,05_202_073,765,515,515,0,4,511,EGYENI,,
68106,05_202_074,1035,476,476,0,7,469,EGYENI,,
68108,05_202_075,613,385,385,0,0,385,EGYENI,,
68110,05_202_076,860,450,450,0,3,447,EGYENI,,
68082,05_202_077,748,493,492,-1,7,485,EGYENI,,
68084,05_202_078,638,460,460,0,1,459,EGYENI,,
68086,05_202_079,584,335,335,0,1,334,EGYENI,,
68088,05_202_080,913,577,577,0,1,576,EGYENI,,
68112,05_202_081,954,595,595,0,8,587,EGYENI,,
68114,05_202_082,923,607,605,-2,2,603,EGYENI,,
68116,05_202_083,709,522,521,-1,10,511,EGYENI,,
68118,05_202_084,811,549,549,0,6,543,EGYENI,,
68120,05_202_085,729,498,498,0,3,495,EGYENI,,
68122,05_202_086,1025,729,729,0,6,723,EGYENI,,
68124,05_202_087,615,334,334,0,1,333,EGYENI,,
68126,05_202_088,737,468,468,0,4,464,EGYENI,,
68128,05_202_089,835,522,521,-1,9,512,EGYENI,,
68130,05_202_090,720,345,344,-1,7,337,EGYENI,,
68132,05_202_091,1053,735,734,-1,7,727,EGYENI,,
68134,05_202_092,667,324,324,0,4,320,EGYENI,,
68136,05_202_093,638,411,411,0,0,411,EGYENI,,
68138,05_202_094,660,330,330,0,1,329,EGYENI,,
68140,05_202_095,622,334,334,0,5,329,EGYENI,,
68142,05_202_096,1009,288,287,-1,1,286,EGYENI,,
68144,05_202_097,697,445,445,0,3,442,EGYENI,,
68146,05_202_098,737,489,489,0,4,485,EGYENI,,
68148,05_202_099,668,448,448,0,3,445,EGYENI,,
68150,05_202_100,657,384,384,0,3,381,EGYENI,,
68152,05_202_101,917,577,577,0,1,576,EGYENI,,
68154,05_202_102,738,475,468,-7,2,466,EGYENI,,
68156,05_202_103,950,604,604,0,1,603,EGYENI,,
68158,05_202_104,990,637,637,0,7,630,EGYENI,,
68160,05_202_105,679,442,442,0,1,441,EGYENI,,
68162,05_202_106,1108,710,710,0,6,704,EGYENI,,
68164,05_202_107,940,610,610,0,7,603,EGYENI,,
68166,05_202_108,1032,621,620,-1,12,608,EGYENI,,
68560,05_202_109,656,383,383,0,3,380,EGYENI,,
68562,05_202_110,694,444,444,0,4,440,EGYENI,,
68564,05_202_111,1041,665,665,0,3,662,EGYENI,,
68566,05_202_112,603,415,415,0,3,412,EGYENI,,
68568,05_202_113,584,417,418,1,11,407,EGYENI,,
68570,05_202_114,609,418,417,-1,3,414,EGYENI,,
68572,05_202_115,793,516,516,0,7,509,EGYENI,,
68574,05_202_116,2046,1703,1693,-10,13,1680,EGYENI,,
68576,05_202_117,1040,613,613,0,5,608,EGYENI,,
68578,05_202_118,1092,312,312,0,7,305,EGYENI,,
68580,05_202_119,839,454,454,0,18,436,EGYENI,,
68582,05_202_120,970,467,467,0,3,464,EGYENI,,
68584,05_202_121,801,541,540,-1,2,538,EGYENI,,
68586,05_202_122,737,471,469,-2,3,466,EGYENI,,
68588,05_202_123,894,386,386,0,1,385,EGYENI,,
68590,05_202_124,1004,638,638,0,6,632,EGYENI,,
68592,05_202_125,998,684,684,0,1,683,EGYENI,,
68594,05_202_126,1115,748,747,-1,6,741,EGYENI,,
68596,05_202_127,1096,503,501,-2,3,498,EGYENI,,
68598,05_202_128,1021,424,424,0,15,409,EGYENI,,
68600,05_202_129,501,317,316,-1,2,314,EGYENI,,
68602,05_202_130,665,395,395,0,3,392,EGYENI,,
68604,05_202_131,799,538,537,-1,6,531,EGYENI,,
68606,05_202_132,634,427,427,0,7,420,EGYENI,,
68608,05_202_133,1059,665,664,-1,2,662,EGYENI,,
68610,05_202_134,870,605,604,-1,7,597,EGYENI,,
68612,05_202_135,806,579,579,0,8,571,EGYENI,,
68614,05_202_136,915,635,635,0,6,629,EGYENI,,
68616,05_202_137,867,618,618,0,5,613,EGYENI,,
68618,05_202_138,920,619,619,0,3,616,EGYENI,,
68620,05_202_139,635,349,349,0,3,346,EGYENI,,
68622,05_202_140,692,346,346,0,4,342,EGYENI,,
68624,05_202_141,642,376,376,0,5,371,EGYENI,,
68626,05_202_142,851,489,489,0,2,487,EGYENI,,
68628,05_202_143,758,479,479,0,2,477,EGYENI,,
68630,05_202_144,664,411,411,0,5,406,EGYENI,,
68632,05_202_145,721,464,464,0,1,463,EGYENI,,
68634,05_202_146,1132,709,709,0,12,697,EGYENI,,
68636,05_202_147,1057,634,632,-2,4,628,EGYENI,,
68638,05_202_148,1082,755,754,-1,4,750,EGYENI,,
68640,05_202_149,1045,628,628,0,7,621,EGYENI,,
68642,05_202_150,787,467,467,0,3,464,EGYENI,,
68644,05_202_151,763,492,492,0,6,486,EGYENI,,
68646,05_202_152,899,566,566,0,7,559,EGYENI,,
68648,05_202_153,740,475,474,-1,3,471,EGYENI,,
68650,05_202_154,946,689,689,0,5,684,EGYENI,,
68652,05_202_155,435,280,280,0,2,278,EGYENI,,
68654,05_202_156,617,399,398,-1,1,397,EGYENI,,
68656,05_202_157,773,488,488,0,2,486,EGYENI,,
68658,05_202_158,889,650,650,0,8,642,EGYENI,,
68660,05_202_159,990,615,615,0,5,610,EGYENI,,
68662,05_202_160,153,110,110,0,3,107,EGYENI,,
69422,05_203_001,63,45,45,0,1,44,EGYENI,,
69192,05_204_001,188,111,111,0,4,107,EGYENI,,
69538,05_205_001,617,372,372,0,6,366,EGYENI,,
69540,05_205_002,635,406,406,0,7,399,EGYENI,,
69826,05_206_001,429,284,284,0,2,282,EGYENI,,
69194,05_207_001,914,538,538,0,3,535,EGYENI,,
69196,05_207_002,774,383,383,0,9,374,EGYENI,,
69198,05_207_003,877,496,496,0,9,487,EGYENI,,
69200,05_208_001,696,408,408,0,4,404,EGYENI,,
69828,05_209_001,616,351,351,0,1,350,EGYENI,,
69424,05_210_001,71,51,51,0,0,51,EGYENI,,
69542,05_211_001,271,164,164,0,3,161,EGYENI,,
69426,05_212_001,574,267,267,0,2,265,EGYENI,,
68776,05_213_001,648,365,365,0,2,363,EGYENI,,
69830,05_214_001,727,375,375,0,2,373,EGYENI,,
69832,05_215_001,240,168,168,0,4,164,EGYENI,,
69428,05_216_001,1075,509,509,0,15,494,EGYENI,,
69834,05_217_001,851,539,539,0,7,532,EGYENI,,
69836,05_217_002,803,474,472,-2,3,469,EGYENI,,
69838,05_217_003,825,463,463,0,3,460,EGYENI,,
69840,05_217_004,807,512,511,-1,5,506,EGYENI,,
69892,05_217_005,894,481,481,0,2,479,EGYENI,,
69202,05_218_001,40,32,32,0,1,31,EGYENI,,
69430,05_219_001,329,194,194,0,6,188,EGYENI,,
69204,05_220_001,272,195,195,0,9,186,EGYENI,,
69432,05_221_001,618,378,378,0,4,374,EGYENI,,
69434,05_221_002,660,280,280,0,2,278,EGYENI,,
69544,05_222_001,719,424,424,0,6,418,EGYENI,,
69546,05_222_002,805,461,461,0,16,445,EGYENI,,
69548,05_222_003,938,600,600,0,1,599,EGYENI,,
69550,05_222_004,937,611,611,0,4,607,EGYENI,,
69552,05_222_005,175,100,100,0,2,98,EGYENI,,
69554,05_222_006,96,56,56,0,1,55,EGYENI,,
68778,05_223_001,622,278,278,0,3,275,EGYENI,,
68780,05_223_002,648,314,313,-1,3,310,EGYENI,,
69556,05_224_001,323,170,170,0,4,166,EGYENI,,
69842,05_225_001,921,494,494,0,17,477,EGYENI,,
69844,05_225_002,949,450,450,0,14,436,EGYENI,,
68782,05_226_001,691,323,323,0,2,321,EGYENI,,
68784,05_226_002,918,506,506,0,2,504,EGYENI,,
68786,05_226_003,928,487,487,0,3,484,EGYENI,,
68788,05_226_004,1070,575,575,0,1,574,EGYENI,,
68790,05_226_005,914,515,515,0,2,513,EGYENI,,
68792,05_226_006,1316,741,741,0,1,740,EGYENI,,
68794,05_226_007,880,460,460,0,3,457,EGYENI,,
68796,05_226_008,751,356,356,0,1,355,EGYENI,,
68798,05_226_009,671,364,364,0,5,359,EGYENI,,
68800,05_226_010,746,331,331,0,4,327,EGYENI,,
68802,05_226_011,966,543,542,-1,6,536,EGYENI,,
68804,05_226_012,977,569,568,-1,6,562,EGYENI,,
68806,05_226_013,883,547,547,0,2,545,EGYENI,,
68808,05_226_014,805,440,440,0,1,439,EGYENI,,
68810,05_226_015,809,495,495,0,2,493,EGYENI,,
68812,05_226_016,746,538,538,0,2,536,EGYENI,,
68814,05_226_017,704,425,425,0,0,425,EGYENI,,
68816,05_226_018,340,199,199,0,3,196,EGYENI,,
68818,05_226_019,694,312,312,0,1,311,EGYENI,,
68820,05_226_020,771,355,355,0,5,350,EGYENI,,
68822,05_226_021,1699,1344,1339,-5,14,1325,EGYENI,,
68824,05_226_022,207,130,130,0,4,126,EGYENI,,
68826,05_226_023,847,426,426,0,3,423,EGYENI,,
68828,05_226_024,863,358,357,-1,3,354,EGYENI,,
68830,05_226_025,860,337,336,-1,15,321,EGYENI,,
68832,05_226_026,771,301,301,0,9,292,EGYENI,,
68834,05_226_027,718,251,251,0,6,245,EGYENI,,
68836,05_226_028,764,374,374,0,1,373,EGYENI,,
68838,05_226_029,233,111,111,0,5,106,EGYENI,,
68840,05_226_030,210,107,107,0,2,105,EGYENI,,
68842,05_226_031,881,369,368,-1,10,358,EGYENI,,
68844,05_226_032,1003,469,469,0,4,465,EGYENI,,
68846,05_226_033,1001,589,589,0,1,588,EGYENI,,
68848,05_226_034,851,392,392,0,1,391,EGYENI,,
68850,05_226_035,999,445,443,-2,1,442,EGYENI,,
68852,05_226_036,500,196,196,0,3,193,EGYENI,,
68854,05_226_037,291,114,114,0,0,114,EGYENI,,
69206,05_227_001,39,23,23,0,1,22,EGYENI,,
68664,05_228_001,971,532,532,0,11,521,EGYENI,,
69436,05_229_001,1142,544,543,-1,27,516,EGYENI,,
69438,05_230_001,911,590,590,0,4,586,EGYENI,,
69440,05_231_001,64,41,41,0,0,41,EGYENI,,
69442,05_232_001,268,138,138,0,1,137,EGYENI,,
69208,05_233_001,29,18,18,0,4,14,EGYENI,,
68856,05_234_001,697,374,374,0,6,368,EGYENI,,
69558,05_235_001,928,475,475,0,9,466,EGYENI,,
69560,05_235_002,952,535,535,0,28,507,EGYENI,,
69444,05_236_001,184,145,145,0,1,144,EGYENI,,
69446,05_237_001,164,86,86,0,7,79,EGYENI,,
68858,05_238_001,855,487,487,0,9,478,EGYENI,,
68860,05_238_002,654,271,271,0,7,264,EGYENI,,
68862,05_238_003,542,315,315,0,9,306,EGYENI,,
68864,05_238_004,705,430,430,0,9,421,EGYENI,,
68866,05_238_005,666,313,313,0,4,309,EGYENI,,
68868,05_238_006,810,483,483,0,6,477,EGYENI,,
68870,05_238_007,584,365,365,0,7,358,EGYENI,,
68872,05_238_008,313,176,176,0,5,171,EGYENI,,
68666,05_239_001,514,284,282,-2,5,277,EGYENI,,
68874,05_240_001,549,269,269,0,9,260,EGYENI,,
69210,05_241_001,571,171,171,0,3,168,EGYENI,,
69212,05_242_001,283,203,203,0,5,198,EGYENI,,
69214,05_243_001,434,246,246,0,3,243,EGYENI,,
69448,05_244_001,801,503,503,0,0,503,EGYENI,,
69450,05_245_001,84,64,64,0,1,63,EGYENI,,
69846,05_246_001,400,285,285,0,5,280,EGYENI,,
69452,05_247_001,409,177,177,0,5,172,EGYENI,,
69454,05_248_001,623,330,330,0,7,323,EGYENI,,
69456,05_248_002,637,347,347,0,4,343,EGYENI,,
68876,05_249_001,744,397,395,-2,10,385,EGYENI,,
68878,05_249_002,730,342,342,0,2,340,EGYENI,,
68880,05_249_003,603,323,323,0,1,322,EGYENI,,
69216,05_250_001,597,276,276,0,9,267,EGYENI,,
68668,05_251_001,793,475,475,0,6,469,EGYENI,,
68670,05_251_002,667,395,395,0,6,389,EGYENI,,
68672,05_251_003,768,474,474,0,11,463,EGYENI,,
69218,05_252_001,908,585,585,0,3,582,EGYENI,,
68882,05_253_001,284,156,156,0,3,153,EGYENI,,
69848,05_254_001,776,480,480,0,10,470,EGYENI,,
69220,05_255_001,522,352,352,0,4,348,EGYENI,,
68884,05_256_001,799,383,383,0,4,379,EGYENI,,
68886,05_256_002,600,306,306,0,3,303,EGYENI,,
68888,05_256_003,825,410,410,0,7,403,EGYENI,,
69222,05_257_001,329,200,200,0,4,196,EGYENI,,
68090,05_258_001,1251,805,805,0,26,779,EGYENI,,
69850,05_259_001,1144,680,680,0,11,669,EGYENI,,
69852,05_259_002,1202,585,585,0,40,545,EGYENI,,
68674,05_260_001,354,210,210,0,1,209,EGYENI,,
68890,05_261_001,188,110,110,0,3,107,EGYENI,,
68892,05_262_001,387,187,187,0,5,182,EGYENI,,
69562,05_263_001,1048,722,721,-1,9,712,EGYENI,,
69224,05_264_001,641,414,414,0,8,406,EGYENI,,
69854,05_265_001,1137,567,567,0,15,552,EGYENI,,
68894,05_266_001,412,223,223,0,8,215,EGYENI,,
69226,05_267_001,330,218,218,0,4,214,EGYENI,,
69228,05_268_001,1146,634,634,0,8,626,EGYENI,,
69230,05_268_002,698,344,344,0,2,342,EGYENI,,
69232,05_268_003,708,375,375,0,5,370,EGYENI,,
69234,05_268_004,1197,677,677,0,7,670,EGYENI,,
69236,05_268_005,1028,265,265,0,8,257,EGYENI,,
69238,05_268_006,307,201,201,0,1,200,EGYENI,,
69240,05_268_007,1093,637,637,0,9,628,EGYENI,,
69242,05_268_008,1142,640,640,0,8,632,EGYENI,,
69272,05_268_009,1325,695,695,0,7,688,EGYENI,,
69274,05_268_010,1379,724,724,0,6,718,EGYENI,,
69564,05_269_001,878,540,540,0,2,538,EGYENI,,
69566,05_269_002,981,620,620,0,4,616,EGYENI,,
69244,05_270_001,897,555,555,0,3,552,EGYENI,,
69246,05_270_002,888,508,508,0,7,501,EGYENI,,
68896,05_271_001,639,329,329,0,5,324,EGYENI,,
69856,05_272_001,595,317,317,0,8,309,EGYENI,,
69858,05_272_002,726,332,330,-2,13,317,EGYENI,,
69458,05_273_001,210,134,134,0,0,134,EGYENI,,
69460,05_274_001,755,500,500,0,4,496,EGYENI,,
69462,05_274_002,683,409,409,0,4,405,EGYENI,,
69464,05_274_003,690,453,453,0,7,446,EGYENI,,
69466,05_274_004,628,436,436,0,3,433,EGYENI,,
69468,05_274_005,745,426,425,-1,4,421,EGYENI,,
69470,05_274_006,722,403,403,0,2,401,EGYENI,,
69472,05_274_007,772,437,437,0,1,436,EGYENI,,
69474,05_274_008,759,403,402,-1,4,398,EGYENI,,
69476,05_274_009,629,388,388,0,4,384,EGYENI,,
69478,05_274_010,737,466,466,0,3,463,EGYENI,,
69480,05_274_011,722,461,460,-1,3,457,EGYENI,,
69482,05_274_012,751,443,443,0,2,441,EGYENI,,
69484,05_274_013,449,271,271,0,3,268,EGYENI,,
69486,05_274_014,624,337,337,0,3,334,EGYENI,,
69022,05_274_015,210,66,66,0,0,66,EGYENI,,
69024,05_274_016,287,128,127,-1,1,126,EGYENI,,
69026,05_274_017,130,70,70,0,2,68,EGYENI,,
68898,05_275_001,958,434,433,-1,5,428,EGYENI,,
69028,05_276_001,464,293,293,0,1,292,EGYENI,,
69030,05_276_002,622,344,344,0,12,332,EGYENI,,
69118,05_276_003,589,309,308,-1,1,307,EGYENI,,
69032,05_276_004,234,149,149,0,2,147,EGYENI,,
69034,05_276_005,686,470,470,0,1,469,EGYENI,,
69036,05_276_006,715,326,326,0,6,320,EGYENI,,
69038,05_276_007,803,441,441,0,2,439,EGYENI,,
69040,05_276_008,681,323,323,0,8,315,EGYENI,,
69042,05_276_009,807,411,413,2,20,393,EGYENI,,
69044,05_276_010,853,502,502,0,4,498,EGYENI,,
69046,05_276_011,694,394,394,0,1,393,EGYENI,,
69048,05_276_012,792,456,456,0,0,456,EGYENI,,
69050,05_276_013,755,472,472,0,15,457,EGYENI,,
69052,05_276_014,2489,1990,1993,3,70,1923,EGYENI,,
69054,05_276_015,787,445,444,-1,10,434,EGYENI,,
69056,05_276_016,724,482,481,-1,2,479,EGYENI,,
69058,05_276_017,672,412,412,0,3,409,EGYENI,,
69060,05_276_018,549,299,300,1,11,289,EGYENI,,
69062,05_276_019,273,202,202,0,1,201,EGYENI,,
69248,05_277_001,339,182,182,0,8,174,EGYENI,,
69064,05_278_001,371,175,175,0,10,165,EGYENI,,
68900,05_279_001,804,432,431,-1,9,422,EGYENI,,
69066,05_280_001,27,18,18,0,0,18,EGYENI,,
69568,05_281_001,198,133,133,0,2,131,EGYENI,,
69250,05_282_001,88,54,54,0,5,49,EGYENI,,
69860,05_283_001,397,249,249,0,3,246,EGYENI,,
69068,05_284_001,808,369,369,0,11,358,EGYENI,,
68902,05_285_001,742,370,370,0,8,362,EGYENI,,
69252,05_286_001,105,60,60,0,1,59,EGYENI,,
69070,05_287_001,243,144,144,0,2,142,EGYENI,,
69072,05_288_001,198,133,133,0,1,132,EGYENI,,
69074,05_289_001,264,133,133,0,3,130,EGYENI,,
68904,05_290_001,756,408,408,0,7,401,EGYENI,,
68906,05_290_002,828,447,447,0,0,447,EGYENI,,
68908,05_290_003,702,421,421,0,5,416,EGYENI,,
68910,05_290_004,764,432,432,0,0,432,EGYENI,,
69254,05_291_001,1210,699,699,0,15,684,EGYENI,,
69862,05_292_001,640,425,425,0,7,418,EGYENI,,
69864,05_292_002,713,478,478,0,2,476,EGYENI,,
69866,05_292_003,675,455,455,0,7,448,EGYENI,,
69570,05_293_001,224,152,152,0,3,149,EGYENI,,
69572,05_294_001,847,528,528,0,6,522,EGYENI,,
69574,05_294_002,786,518,517,-1,6,511,EGYENI,,
69576,05_294_003,825,609,609,0,3,606,EGYENI,,
69578,05_294_004,816,548,548,0,2,546,EGYENI,,
69580,05_294_005,772,396,396,0,3,393,EGYENI,,
69582,05_294_006,831,533,533,0,6,527,EGYENI,,
69584,05_294_007,883,592,592,0,3,589,EGYENI,,
69586,05_294_008,902,562,562,0,4,558,EGYENI,,
69588,05_294_009,581,366,366,0,3,363,EGYENI,,
69590,05_294_010,487,294,294,0,1,293,EGYENI,,
69592,05_295_001,630,415,415,0,5,410,EGYENI,,
69594,05_295_002,787,494,494,0,5,489,EGYENI,,
69596,05_295_003,671,455,455,0,2,453,EGYENI,,
69598,05_295_004,634,308,308,0,2,306,EGYENI,,
69600,05_295_005,628,374,373,-1,4,369,EGYENI,,
69602,05_295_006,617,356,356,0,2,354,EGYENI,,
69604,05_295_007,634,375,375,0,8,367,EGYENI,,
68912,05_296_001,520,370,370,0,17,353,EGYENI,,
68914,05_297_001,187,104,104,0,4,100,EGYENI,,
68092,05_298_001,1011,647,647,0,3,644,EGYENI,,
68094,05_298_002,935,638,638,0,0,638,EGYENI,,
68096,05_298_003,903,562,562,0,1,561,EGYENI,,
68098,05_298_004,851,539,539,0,4,535,EGYENI,,
69868,05_299_001,1263,756,756,0,3,753,EGYENI,,
68916,05_300_001,586,321,321,0,6,315,EGYENI,,
68918,05_301_001,108,84,84,0,0,84,EGYENI,,
68920,05_302_001,142,100,100,0,0,100,EGYENI,,
69256,05_303_001,796,432,432,0,7,425,EGYENI,,
68922,05_304_001,915,537,537,0,8,529,EGYENI,,
69606,05_305_001,425,179,179,0,12,167,EGYENI,,
69608,05_306_001,888,495,494,-1,10,484,EGYENI,,
69610,05_306_002,690,385,385,0,7,378,EGYENI,,
69612,05_306_003,585,289,289,0,1,288,EGYENI,,
69614,05_306_004,627,293,293,0,12,281,EGYENI,,
69616,05_307_001,865,479,479,0,11,468,EGYENI,,
69618,05_308_001,723,383,383,0,9,374,EGYENI,,
69620,05_308_002,735,365,365,0,4,361,EGYENI,,
69622,05_309_001,1193,627,627,0,6,621,EGYENI,,
69624,05_309_002,1146,586,585,-1,16,569,EGYENI,,
69870,05_310_001,1058,733,733,0,8,725,EGYENI,,
69258,05_311_001,896,508,507,-1,14,493,EGYENI,,
69076,05_312_001,875,428,428,0,7,421,EGYENI,,
69078,05_312_002,690,399,400,1,10,390,EGYENI,,
69080,05_313_001,491,320,320,0,4,316,EGYENI,,
68924,05_314_001,25,19,19,0,0,19,EGYENI,,
69872,05_315_001,1147,640,640,0,12,628,EGYENI,,
69874,05_316_001,308,214,214,0,5,209,EGYENI,,
69082,05_317_001,423,171,171,0,2,169,EGYENI,,
69876,05_318_001,354,223,222,-1,4,218,EGYENI,,
69084,05_319_001,781,360,360,0,3,357,EGYENI,,
69086,05_319_002,854,246,246,0,4,242,EGYENI,,
69088,05_319_003,209,81,81,0,0,81,EGYENI,,
69878,05_320_001,761,386,386,0,5,381,EGYENI,,
69880,05_320_002,635,306,306,0,7,299,EGYENI,,
69882,05_320_003,692,317,317,0,21,296,EGYENI,,
69626,05_321_001,528,346,346,0,8,338,EGYENI,,
69628,05_322_001,792,355,355,0,8,347,EGYENI,,
69630,05_322_002,937,506,506,0,6,500,EGYENI,,
69632,05_322_003,774,355,351,-4,6,345,EGYENI,,
69634,05_322_004,738,353,353,0,3,350,EGYENI,,
69636,05_322_005,788,369,369,0,5,364,EGYENI,,
69638,05_323_001,1148,635,635,0,5,630,EGYENI,,
69640,05_324_001,182,125,125,0,3,122,EGYENI,,
69884,05_325_001,1039,561,561,0,17,544,EGYENI,,
69642,05_326_001,669,383,383,0,4,379,EGYENI,,
69644,05_326_002,724,351,351,0,6,345,EGYENI,,
69646,05_326_003,226,162,162,0,0,162,EGYENI,,
69648,05_326_004,895,524,523,-1,4,519,EGYENI,,
69650,05_326_005,859,500,500,0,4,496,EGYENI,,
69652,05_326_006,864,638,638,0,1,637,EGYENI,,
69654,05_326_007,950,582,582,0,4,578,EGYENI,,
69656,05_326_008,897,571,571,0,3,568,EGYENI,,
69658,05_326_009,2326,1830,1813,-17,13,1800,EGYENI,,
69660,05_326_010,783,502,502,0,7,495,EGYENI,,
69662,05_326_011,864,532,532,0,1,531,EGYENI,,
69664,05_326_012,890,531,531,0,4,527,EGYENI,,
69666,05_326_013,895,552,551,-1,3,548,EGYENI,,
69668,05_326_014,921,556,556,0,4,552,EGYENI,,
69670,05_326_015,892,559,558,-1,3,555,EGYENI,,
69672,05_326_016,841,523,523,0,3,520,EGYENI,,
69674,05_326_017,1007,754,754,0,8,746,EGYENI,,
69886,05_327_001,278,198,198,0,4,194,EGYENI,,
69676,05_328_001,581,336,336,0,13,323,EGYENI,,
69678,05_328_002,482,285,285,0,4,281,EGYENI,,
69680,05_328_003,669,456,456,0,2,454,EGYENI,,
69682,05_328_004,814,498,497,-1,5,492,EGYENI,,
69684,05_328_005,758,427,427,0,7,420,EGYENI,,
69090,05_329_001,907,546,546,0,8,538,EGYENI,,
69092,05_329_002,565,341,341,0,0,341,EGYENI,,
69260,05_330_001,192,117,117,0,3,114,EGYENI,,
69262,05_331_001,19,16,16,0,0,16,EGYENI,,
68926,05_332_001,16,12,12,0,0,12,EGYENI,,
68928,05_333_001,339,226,226,0,0,226,EGYENI,,
68930,05_334_001,186,104,104,0,1,103,EGYENI,,
69264,05_335_001,163,96,96,0,2,94,EGYENI,,
69094,05_336_001,341,214,214,0,1,213,EGYENI,,
68932,05_337_001,198,144,144,0,4,140,EGYENI,,
68934,05_338_001,291,180,180,0,3,177,EGYENI,,
69686,05_339_001,664,326,326,0,3,323,EGYENI,,
69266,05_340_001,508,293,293,0,5,288,EGYENI,,
69096,05_341_001,991,487,487,0,2,485,EGYENI,,
68676,05_342_001,939,649,649,0,4,645,EGYENI,,
68936,05_343_001,58,41,41,0,0,41,EGYENI,,
69888,05_344_001,722,470,470,0,4,466,EGYENI,,
69098,05_345_001,73,54,54,0,1,53,EGYENI,,
69100,05_346_001,658,438,438,0,4,434,EGYENI,,
69102,05_347_001,934,484,483,-1,35,448,EGYENI,,
69104,05_348_001,219,137,137,0,3,134,EGYENI,,
69106,05_349_001,503,186,186,0,3,183,EGYENI,,
69268,05_350_001,60,47,47,0,1,46,EGYENI,,
69108,05_351_001,637,312,312,0,2,310,EGYENI,,
69110,05_352_001,195,134,134,0,2,132,EGYENI,,
68938,05_353_001,345,210,210,0,2,208,EGYENI,,
69112,05_354_001,592,268,268,0,0,268,EGYENI,,
69270,05_355_001,292,168,168,0,2,166,EGYENI,,
69114,05_356_001,142,84,84,0,3,81,EGYENI,,
68940,05_357_001,475,297,297,0,5,292,EGYENI,,
69116,05_358_001,287,189,189,0,2,187,EGYENI,,
75756,06_001_001,1119,719,718,-1,2,716,EGYENI,,
75758,06_001_002,1073,582,582,0,2,580,EGYENI,,
75760,06_001_003,995,546,545,-1,4,541,EGYENI,,
75762,06_001_004,1142,612,612,0,10,602,EGYENI,,
75764,06_002_001,403,235,234,-1,3,231,EGYENI,,
75766,06_003_001,810,442,442,0,4,438,EGYENI,,
75768,06_003_002,848,446,446,0,9,437,EGYENI,,
75770,06_003_003,866,424,424,0,12,412,EGYENI,,
74728,06_004_001,442,266,266,0,5,261,EGYENI,,
69496,06_005_001,780,417,417,0,9,408,EGYENI,,
74158,06_005_002,787,402,402,0,6,396,EGYENI,,
74160,06_005_003,768,405,405,0,5,400,EGYENI,,
74162,06_005_004,463,177,177,0,4,173,EGYENI,,
74164,06_005_005,492,204,204,0,1,203,EGYENI,,
74730,06_006_001,840,441,441,0,3,438,EGYENI,,
74732,06_006_002,782,384,384,0,19,365,EGYENI,,
74734,06_007_001,700,388,388,0,11,377,EGYENI,,
74736,06_007_002,778,480,480,0,8,472,EGYENI,,
74738,06_007_003,364,173,173,0,4,169,EGYENI,,
74740,06_007_004,405,145,145,0,3,142,EGYENI,,
74742,06_007_005,247,127,127,0,3,124,EGYENI,,
74744,06_007_006,285,106,106,0,1,105,EGYENI,,
74166,06_008_001,877,508,508,0,6,502,EGYENI,,
74168,06_008_002,876,488,488,0,4,484,EGYENI,,
74170,06_008_003,874,383,383,0,5,378,EGYENI,,
75772,06_009_001,376,235,235,0,4,231,EGYENI,,
75774,06_010_001,817,427,427,0,12,415,EGYENI,,
75776,06_010_002,817,442,442,0,14,428,EGYENI,,
75778,06_010_003,794,415,415,0,10,405,EGYENI,,
74746,06_011_001,734,337,337,0,6,331,EGYENI,,
74748,06_011_002,762,378,378,0,3,375,EGYENI,,
74750,06_011_003,758,357,357,0,4,353,EGYENI,,
74752,06_012_001,824,514,514,0,7,507,EGYENI,,
74754,06_012_002,727,372,372,0,8,364,EGYENI,,
74756,06_013_001,1002,565,565,0,7,558,EGYENI,,
74758,06_013_002,815,474,474,0,7,467,EGYENI,,
74760,06_013_003,810,522,522,0,3,519,EGYENI,,
74762,06_013_004,949,507,507,0,12,495,EGYENI,,
74764,06_013_005,818,474,474,0,5,469,EGYENI,,
74766,06_013_006,947,465,466,1,13,453,EGYENI,,
74768,06_013_007,859,588,588,0,5,583,EGYENI,,
74964,06_013_008,993,642,641,-1,6,635,EGYENI,,
74966,06_013_009,831,554,554,0,6,548,EGYENI,,
74968,06_013_010,1012,646,646,0,12,634,EGYENI,,
74970,06_013_011,803,498,498,0,5,493,EGYENI,,
74972,06_013_012,830,526,526,0,7,519,EGYENI,,
74974,06_013_013,981,629,628,-1,2,626,EGYENI,,
74976,06_013_014,919,611,611,0,5,606,EGYENI,,
75754,06_013_015,488,189,189,0,5,184,EGYENI,,
74978,06_013_016,792,437,437,0,12,425,EGYENI,,
74980,06_014_001,433,259,259,0,0,259,EGYENI,,
74982,06_014_002,614,352,352,0,1,351,EGYENI,,
74984,06_014_003,194,128,128,0,7,121,EGYENI,,
69894,06_015_001,888,552,554,2,29,525,EGYENI,,
69896,06_015_002,614,369,367,-2,5,362,EGYENI,,
69898,06_015_003,690,400,400,0,10,390,EGYENI,,
69900,06_015_004,698,404,404,0,4,400,EGYENI,,
74172,06_016_001,865,499,499,0,6,493,EGYENI,,
74174,06_016_002,1000,585,585,0,8,577,EGYENI,,
74176,06_016_003,902,495,495,0,5,490,EGYENI,,
74178,06_016_004,1064,599,598,-1,14,584,EGYENI,,
74986,06_017_001,457,275,275,0,5,270,EGYENI,,
74988,06_017_002,149,69,69,0,4,65,EGYENI,,
74990,06_018_001,466,252,252,0,3,249,EGYENI,,
74992,06_019_001,616,337,337,0,6,331,EGYENI,,
74994,06_019_002,557,332,332,0,5,327,EGYENI,,
74996,06_019_003,541,289,288,-1,1,287,EGYENI,,
74998,06_020_001,589,380,380,0,3,377,EGYENI,,
75000,06_020_002,452,228,228,0,1,227,EGYENI,,
69902,06_021_001,560,319,319,0,2,317,EGYENI,,
74180,06_022_001,832,471,471,0,1,470,EGYENI,,
74182,06_022_002,879,472,472,0,3,469,EGYENI,,
75780,06_023_001,923,494,494,0,9,485,EGYENI,,
75782,06_023_002,852,433,433,0,5,428,EGYENI,,
75784,06_023_003,778,403,402,-1,4,398,EGYENI,,
75786,06_024_001,791,506,506,0,4,502,EGYENI,,
75788,06_024_002,730,412,412,0,8,404,EGYENI,,
75790,06_024_003,744,357,357,0,3,354,EGYENI,,
75792,06_024_004,891,561,559,-2,13,546,EGYENI,,
75794,06_024_005,722,516,516,0,1,515,EGYENI,,
75796,06_024_006,762,513,512,-1,4,508,EGYENI,,
75798,06_024_007,646,470,470,0,2,468,EGYENI,,
75800,06_024_008,647,454,454,0,9,445,EGYENI,,
75802,06_024_009,701,530,528,-2,5,523,EGYENI,,
75804,06_024_010,786,560,555,-5,6,549,EGYENI,,
75806,06_024_011,814,475,475,0,3,472,EGYENI,,
75808,06_024_012,652,404,404,0,2,402,EGYENI,,
75810,06_024_013,592,367,366,-1,7,359,EGYENI,,
75812,06_024_014,1001,588,591,3,40,551,EGYENI,,
75814,06_024_015,826,488,488,0,5,483,EGYENI,,
76016,06_024_016,828,409,409,0,6,403,EGYENI,,
76018,06_024_017,975,626,626,0,8,618,EGYENI,,
76020,06_024_018,970,600,600,0,6,594,EGYENI,,
76022,06_024_019,849,550,549,-1,2,547,EGYENI,,
76024,06_024_020,962,627,627,0,12,615,EGYENI,,
76026,06_024_021,839,540,542,2,29,513,EGYENI,,
76028,06_024_022,798,464,463,-1,3,460,EGYENI,,
76030,06_024_023,1059,650,650,0,1,649,EGYENI,,
76032,06_024_024,598,347,347,0,7,340,EGYENI,,
76034,06_024_025,724,434,434,0,7,427,EGYENI,,
76036,06_024_026,856,499,499,0,4,495,EGYENI,,
76038,06_024_027,796,481,481,0,6,475,EGYENI,,
76040,06_024_028,803,477,477,0,8,469,EGYENI,,
76042,06_024_029,637,364,364,0,7,357,EGYENI,,
76044,06_024_030,710,422,421,-1,7,414,EGYENI,,
76046,06_024_031,540,310,310,0,6,304,EGYENI,,
76048,06_024_032,729,432,432,0,7,425,EGYENI,,
76050,06_024_033,932,528,528,0,9,519,EGYENI,,
76052,06_024_034,1073,631,631,0,7,624,EGYENI,,
76054,06_024_035,1090,595,595,0,7,588,EGYENI,,
76056,06_024_036,629,421,421,0,13,408,EGYENI,,
76058,06_024_037,909,582,582,0,7,575,EGYENI,,
76060,06_024_038,875,610,608,-2,5,603,EGYENI,,
76062,06_024_039,919,566,562,-4,9,553,EGYENI,,
76064,06_024_040,799,495,495,0,3,492,EGYENI,,
76066,06_024_041,970,716,714,-2,10,704,EGYENI,,
76068,06_024_042,1163,945,935,-10,8,927,EGYENI,,
76070,06_024_043,516,283,283,0,4,279,EGYENI,,
76072,06_024_044,267,135,135,0,0,135,EGYENI,,
76074,06_024_045,480,263,263,0,3,260,EGYENI,,
76076,06_024_046,317,138,138,0,0,138,EGYENI,,
76274,06_024_047,305,145,145,0,0,145,EGYENI,,
76276,06_024_048,579,280,280,0,6,274,EGYENI,,
76278,06_024_049,127,61,61,0,5,56,EGYENI,,
76280,06_024_050,1020,698,696,-2,3,693,EGYENI,,
76282,06_025_001,490,307,307,0,4,303,EGYENI,,
76284,06_025_002,39,23,23,0,2,21,EGYENI,,
75002,06_026_001,963,594,592,-2,12,580,EGYENI,,
75004,06_026_002,618,340,340,0,11,329,EGYENI,,
75006,06_026_003,1034,589,589,0,9,580,EGYENI,,
75008,06_026_004,1021,511,510,-1,12,498,EGYENI,,
75010,06_026_005,641,310,310,0,2,308,EGYENI,,
75012,06_026_006,908,518,518,0,9,509,EGYENI,,
75014,06_026_007,819,413,413,0,3,410,EGYENI,,
76286,06_027_001,841,401,401,0,6,395,EGYENI,,
76288,06_027_002,799,389,389,0,1,388,EGYENI,,
76290,06_027_003,807,426,426,0,6,420,EGYENI,,
76292,06_027_004,797,442,442,0,6,436,EGYENI,,
69904,06_028_001,435,200,200,0,4,196,EGYENI,,
76294,06_029_001,339,177,177,0,3,174,EGYENI,,
69906,06_030_001,1227,647,647,0,14,633,EGYENI,,
76296,06_031_001,606,316,316,0,4,312,EGYENI,,
76566,06_031_002,552,270,270,0,6,264,EGYENI,,
76300,06_032_001,760,506,506,0,9,497,EGYENI,,
76314,06_032_002,809,458,458,0,3,455,EGYENI,,
76316,06_032_003,939,530,530,0,5,525,EGYENI,,
76318,06_032_004,888,470,470,0,5,465,EGYENI,,
76320,06_032_005,749,403,402,-1,7,395,EGYENI,,
76322,06_032_006,686,375,375,0,2,373,EGYENI,,
76298,06_032_007,708,407,407,0,4,403,EGYENI,,
76324,06_032_008,802,464,464,0,5,459,EGYENI,,
76328,06_032_009,994,313,313,0,4,309,EGYENI,,
76326,06_032_010,1037,657,657,0,5,652,EGYENI,,
76330,06_032_011,1029,470,469,-1,9,460,EGYENI,,
76334,06_032_012,824,557,557,0,2,555,EGYENI,,
76312,06_032_013,931,595,595,0,6,589,EGYENI,,
76332,06_032_014,841,547,546,-1,10,536,EGYENI,,
76336,06_032_015,924,588,588,0,5,583,EGYENI,,
76338,06_032_016,706,458,458,0,1,457,EGYENI,,
76340,06_032_017,857,514,514,0,9,505,EGYENI,,
76302,06_032_018,1040,570,570,0,5,565,EGYENI,,
76540,06_032_019,690,442,442,0,5,437,EGYENI,,
76308,06_032_020,683,404,404,0,6,398,EGYENI,,
76304,06_032_021,906,541,541,0,2,539,EGYENI,,
76306,06_032_022,720,434,434,0,7,427,EGYENI,,
76310,06_032_023,938,491,491,0,12,479,EGYENI,,
76542,06_033_001,520,271,271,0,2,269,EGYENI,,
76544,06_033_002,548,282,282,0,2,280,EGYENI,,
76546,06_033_003,614,284,284,0,8,276,EGYENI,,
76548,06_034_001,693,432,432,0,9,423,EGYENI,,
76550,06_034_002,359,228,228,0,5,223,EGYENI,,
75016,06_035_001,1204,651,651,0,9,642,EGYENI,,
75018,06_035_002,1181,648,648,0,10,638,EGYENI,,
75020,06_035_003,1166,684,684,0,4,680,EGYENI,,
75022,06_035_004,1033,584,583,-1,14,569,EGYENI,,
75024,06_035_005,1071,553,553,0,9,544,EGYENI,,
74184,06_036_001,579,372,372,0,12,360,EGYENI,,
74186,06_036_002,717,479,479,0,6,473,EGYENI,,
74188,06_036_003,935,626,626,0,9,617,EGYENI,,
74190,06_036_004,822,580,580,0,9,571,EGYENI,,
74192,06_036_005,851,575,575,0,5,570,EGYENI,,
74194,06_036_006,314,153,153,0,0,153,EGYENI,,
74196,06_036_007,254,115,115,0,0,115,EGYENI,,
74198,06_036_008,281,143,143,0,1,142,EGYENI,,
74200,06_036_009,155,93,93,0,2,91,EGYENI,,
76552,06_037_001,420,214,215,1,10,205,EGYENI,,
76554,06_038_001,450,271,271,0,3,268,EGYENI,,
75026,06_039_001,584,286,285,-1,3,282,EGYENI,,
75028,06_039_002,681,331,331,0,1,330,EGYENI,,
75224,06_039_003,531,251,251,0,6,245,EGYENI,,
75226,06_039_004,533,279,279,0,12,267,EGYENI,,
75228,06_039_005,153,83,82,-1,3,79,EGYENI,,
75230,06_040_001,370,183,182,-1,2,180,EGYENI,,
76556,06_041_001,412,225,225,0,5,220,EGYENI,,
75232,06_042_001,622,307,307,0,6,301,EGYENI,,
75234,06_042_002,475,268,268,0,4,264,EGYENI,,
75236,06_042_003,361,167,167,0,2,165,EGYENI,,
75238,06_042_004,152,91,91,0,0,91,EGYENI,,
74202,06_043_001,415,279,279,0,5,274,EGYENI,,
74204,06_043_002,156,83,83,0,0,83,EGYENI,,
76558,06_044_001,626,361,361,0,5,356,EGYENI,,
76560,06_044_002,580,345,345,0,6,339,EGYENI,,
74206,06_045_001,944,455,455,0,5,450,EGYENI,,
75240,06_046_001,750,462,462,0,6,456,EGYENI,,
75242,06_046_002,461,219,219,0,2,217,EGYENI,,
74208,06_047_001,984,544,544,0,8,536,EGYENI,,
74210,06_047_002,1219,728,727,-1,10,717,EGYENI,,
74212,06_047_003,553,254,254,0,5,249,EGYENI,,
74214,06_048_001,1100,591,591,0,13,578,EGYENI,,
74216,06_048_002,981,563,563,0,11,552,EGYENI,,
75244,06_049_001,823,418,418,0,2,416,EGYENI,,
75246,06_049_002,814,433,433,0,3,430,EGYENI,,
75248,06_049_003,641,367,367,0,3,364,EGYENI,,
75250,06_049_004,713,360,360,0,2,358,EGYENI,,
75252,06_049_005,795,485,485,0,7,478,EGYENI,,
75254,06_049_006,885,502,502,0,12,490,EGYENI,,
75256,06_049_007,799,497,496,-1,4,492,EGYENI,,
75258,06_049_008,720,399,399,0,1,398,EGYENI,,
75260,06_049_009,455,190,190,0,1,189,EGYENI,,
75262,06_050_001,863,388,388,0,6,382,EGYENI,,
75264,06_050_002,954,565,565,0,10,555,EGYENI,,
75266,06_050_003,999,469,469,0,8,461,EGYENI,,
75268,06_050_004,1078,551,549,-2,11,538,EGYENI,,
69908,06_051_001,2706,2146,2144,-2,17,2127,EGYENI,,
69910,06_051_002,1060,669,667,-2,12,655,EGYENI,,
69912,06_051_003,989,716,716,0,3,713,EGYENI,,
69914,06_051_004,1166,705,704,-1,11,693,EGYENI,,
69916,06_051_005,1329,813,812,-1,8,804,EGYENI,,
69918,06_051_006,1374,881,879,-2,12,867,EGYENI,,
69920,06_051_007,1376,782,782,0,7,775,EGYENI,,
69922,06_051_008,1330,849,848,-1,3,845,EGYENI,,
69924,06_051_009,1187,691,691,0,3,688,EGYENI,,
69926,06_051_010,1045,588,588,0,7,581,EGYENI,,
69928,06_051_011,1291,793,793,0,2,791,EGYENI,,
69930,06_051_012,781,531,531,0,5,526,EGYENI,,
69932,06_051_013,1361,964,964,0,11,953,EGYENI,,
69934,06_051_014,1062,671,671,0,6,665,EGYENI,,
69936,06_051_015,1336,832,832,0,13,819,EGYENI,,
69938,06_051_016,1042,633,633,0,4,629,EGYENI,,
69940,06_051_017,1212,617,617,0,4,613,EGYENI,,
69942,06_051_018,1158,676,676,0,3,673,EGYENI,,
69944,06_051_019,1402,930,924,-6,8,916,EGYENI,,
69946,06_051_020,1265,880,879,-1,6,873,EGYENI,,
69948,06_051_101,1173,423,421,-2,0,421,EGYENI,,
69950,06_051_102,947,649,646,-3,7,639,EGYENI,,
69952,06_051_103,1145,800,787,-13,7,780,EGYENI,,
69954,06_051_104,1197,654,654,0,11,643,EGYENI,,
69956,06_051_105,1311,693,692,-1,12,680,EGYENI,,
69958,06_051_106,1377,833,833,0,3,830,EGYENI,,
69960,06_051_107,1383,762,761,-1,4,757,EGYENI,,
69962,06_051_108,1296,824,824,0,7,817,EGYENI,,
69964,06_051_109,1185,698,698,0,4,694,EGYENI,,
69966,06_051_110,1054,553,554,1,20,534,EGYENI,,
69968,06_051_111,1222,803,802,-1,5,797,EGYENI,,
69970,06_051_112,1279,798,796,-2,9,787,EGYENI,,
69972,06_051_113,1309,922,922,0,8,914,EGYENI,,
69974,06_051_114,1249,878,878,0,7,871,EGYENI,,
69976,06_051_115,2333,1897,1885,-12,13,1872,EGYENI,,
69978,06_051_116,1131,680,680,0,3,677,EGYENI,,
69980,06_051_117,1173,703,700,-3,5,695,EGYENI,,
69982,06_051_118,1150,654,654,0,4,650,EGYENI,,
69984,06_051_119,1265,850,849,-1,7,842,EGYENI,,
69986,06_051_120,1319,791,790,-1,6,784,EGYENI,,
69988,06_051_201,1245,739,736,-3,10,726,EGYENI,,
69990,06_051_202,961,650,650,0,6,644,EGYENI,,
69992,06_051_203,1086,737,737,0,10,727,EGYENI,,
69994,06_051_204,1299,814,813,-1,7,806,EGYENI,,
69996,06_051_205,1307,797,794,-3,2,792,EGYENI,,
69998,06_051_206,1329,715,716,1,14,702,EGYENI,,
70000,06_051_207,1332,649,649,0,14,635,EGYENI,,
70002,06_051_208,1325,883,881,-2,5,876,EGYENI,,
70004,06_051_209,1278,729,728,-1,3,725,EGYENI,,
70006,06_051_210,1113,580,580,0,10,570,EGYENI,,
70008,06_051_211,1222,791,791,0,7,784,EGYENI,,
70010,06_051_212,1234,770,770,0,16,754,EGYENI,,
70012,06_051_213,1301,930,930,0,9,921,EGYENI,,
70014,06_051_214,1134,862,861,-1,3,858,EGYENI,,
70016,06_051_215,1310,877,872,-5,7,865,EGYENI,,
70018,06_051_216,1034,598,598,0,5,593,EGYENI,,
70020,06_051_217,1190,750,750,0,3,747,EGYENI,,
70022,06_051_218,1235,687,687,0,8,679,EGYENI,,
70024,06_051_219,1386,879,879,0,8,871,EGYENI,,
74218,06_051_220,1289,815,814,-1,6,808,EGYENI,,
74220,06_051_301,1047,658,658,0,11,647,EGYENI,,
74222,06_051_302,1058,671,670,-1,8,662,EGYENI,,
74224,06_051_303,1142,789,789,0,13,776,EGYENI,,
74226,06_051_304,1440,978,977,-1,13,964,EGYENI,,
74228,06_051_305,1310,747,747,0,12,735,EGYENI,,
74230,06_051_306,1216,721,721,0,14,707,EGYENI,,
74428,06_051_307,1010,597,597,0,12,585,EGYENI,,
74430,06_051_308,1252,803,792,-11,8,784,EGYENI,,
74432,06_051_309,1167,677,677,0,4,673,EGYENI,,
74434,06_051_310,1060,640,640,0,5,635,EGYENI,,
74436,06_051_311,1058,639,638,-1,5,633,EGYENI,,
74438,06_051_312,1317,754,769,15,89,680,EGYENI,,
74440,06_051_313,1315,922,922,0,8,914,EGYENI,,
74442,06_051_314,1101,721,721,0,2,719,EGYENI,,
74444,06_051_315,1367,870,868,-2,7,861,EGYENI,,
74446,06_051_316,1160,690,690,0,7,683,EGYENI,,
74448,06_051_317,1125,645,645,0,9,636,EGYENI,,
74450,06_051_318,1214,682,682,0,2,680,EGYENI,,
74452,06_051_319,1228,713,713,0,19,694,EGYENI,,
74454,06_051_320,1311,875,875,0,6,869,EGYENI,,
74456,06_051_401,1233,782,782,0,7,775,EGYENI,,
74458,06_051_402,1145,694,693,-1,10,683,EGYENI,,
74460,06_051_403,984,706,705,-1,8,697,EGYENI,,
74462,06_051_404,1025,682,682,0,3,679,EGYENI,,
74464,06_051_407,1084,621,621,0,3,618,EGYENI,,
74466,06_051_408,1369,906,906,0,6,900,EGYENI,,
74468,06_051_409,1198,660,659,-1,14,645,EGYENI,,
74470,06_051_410,1422,766,763,-3,10,753,EGYENI,,
74472,06_051_411,1198,700,700,0,9,691,EGYENI,,
74474,06_051_412,1297,871,869,-2,11,858,EGYENI,,
74476,06_051_413,1359,1007,1007,0,10,997,EGYENI,,
74478,06_051_414,1073,721,721,0,8,713,EGYENI,,
74480,06_051_415,1370,891,890,-1,7,883,EGYENI,,
74482,06_051_416,1053,659,659,0,3,656,EGYENI,,
74484,06_051_417,1248,682,682,0,15,667,EGYENI,,
74486,06_051_418,1094,660,660,0,6,654,EGYENI,,
74500,06_051_419,1270,727,727,0,4,723,EGYENI,,
74502,06_051_502,1116,666,665,-1,10,655,EGYENI,,
74504,06_051_503,1020,683,683,0,4,679,EGYENI,,
74506,06_051_504,1006,592,592,0,9,583,EGYENI,,
74508,06_051_507,1058,675,670,-5,12,658,EGYENI,,
74510,06_051_508,1447,816,816,0,6,810,EGYENI,,
74512,06_051_510,1350,802,801,-1,6,795,EGYENI,,
74514,06_051_511,1414,833,828,-5,13,815,EGYENI,,
74516,06_051_514,1090,669,669,0,9,660,EGYENI,,
74518,06_051_516,1271,809,799,-10,9,790,EGYENI,,
74520,06_051_517,1227,646,646,0,2,644,EGYENI,,
74522,06_051_518,1177,668,668,0,8,660,EGYENI,,
74524,06_051_603,1125,676,676,0,7,669,EGYENI,,
75270,06_052_001,634,391,391,0,4,387,EGYENI,,
75272,06_052_002,655,414,414,0,3,411,EGYENI,,
75274,06_052_003,642,374,374,0,7,367,EGYENI,,
75276,06_052_004,603,331,331,0,3,328,EGYENI,,
75278,06_052_005,590,315,315,0,4,311,EGYENI,,
75280,06_052_006,585,302,301,-1,1,300,EGYENI,,
75282,06_052_007,80,34,34,0,1,33,EGYENI,,
75522,06_053_001,783,528,528,0,5,523,EGYENI,,
75552,06_053_002,725,478,478,0,5,473,EGYENI,,
75524,06_053_003,768,489,489,0,7,482,EGYENI,,
75540,06_053_004,74,25,25,0,0,25,EGYENI,,
75542,06_053_005,188,107,107,0,1,106,EGYENI,,
75528,06_053_006,891,523,522,-1,4,518,EGYENI,,
75526,06_053_007,1009,585,585,0,6,579,EGYENI,,
75532,06_053_008,683,369,369,0,3,366,EGYENI,,
75530,06_053_009,688,405,405,0,7,398,EGYENI,,
75534,06_053_010,759,405,405,0,8,397,EGYENI,,
75544,06_053_011,166,73,73,0,4,69,EGYENI,,
75546,06_053_012,189,88,88,0,1,87,EGYENI,,
75520,06_053_013,101,59,59,0,1,58,EGYENI,,
75516,06_053_014,932,637,637,0,8,629,EGYENI,,
75518,06_053_015,1000,611,611,0,9,602,EGYENI,,
75496,06_053_016,730,461,459,-2,5,454,EGYENI,,
75498,06_053_017,933,549,549,0,3,546,EGYENI,,
75492,06_053_018,734,460,460,0,7,453,EGYENI,,
75490,06_053_019,642,366,367,1,11,356,EGYENI,,
75284,06_053_020,723,424,424,0,7,417,EGYENI,,
75506,06_053_021,839,577,577,0,3,574,EGYENI,,
75488,06_053_022,955,602,600,-2,5,595,EGYENI,,
75286,06_053_023,815,501,501,0,4,497,EGYENI,,
75494,06_053_024,627,390,390,0,2,388,EGYENI,,
75512,06_053_025,956,619,619,0,3,616,EGYENI,,
75510,06_053_026,888,540,537,-3,8,529,EGYENI,,
75508,06_053_027,636,363,363,0,11,352,EGYENI,,
75502,06_053_028,918,546,545,-1,5,540,EGYENI,,
75500,06_053_029,856,512,512,0,5,507,EGYENI,,
75504,06_053_030,672,422,422,0,9,413,EGYENI,,
75514,06_053_031,1304,1101,1096,-5,14,1082,EGYENI,,
75538,06_053_032,1154,573,573,0,1,572,EGYENI,,
75536,06_053_033,707,354,353,-1,5,348,EGYENI,,
75548,06_053_034,96,41,41,0,0,41,EGYENI,,
75550,06_053_035,204,107,107,0,0,107,EGYENI,,
76562,06_054_001,973,595,595,0,7,588,EGYENI,,
76564,06_054_002,928,591,591,0,4,587,EGYENI,,
69488,06_055_001,733,448,448,0,7,441,EGYENI,,
69490,06_055_002,755,451,451,0,2,449,EGYENI,,
75750,06_056_001,744,446,446,0,7,439,EGYENI,,
75752,06_056_002,750,399,399,0,5,394,EGYENI,,
69492,06_057_001,750,436,436,0,7,429,EGYENI,,
69494,06_057_002,762,448,448,0,7,441,EGYENI,,
74488,06_058_001,867,342,342,0,6,336,EGYENI,,
74490,06_058_002,869,524,524,0,13,511,EGYENI,,
74492,06_058_003,827,470,470,0,6,464,EGYENI,,
74494,06_059_001,1136,649,647,-2,8,639,EGYENI,,
74496,06_059_002,1130,639,639,0,13,626,EGYENI,,
74498,06_060_001,834,475,475,0,4,471,EGYENI,,
74724,06_060_002,917,501,501,0,7,494,EGYENI,,
74726,06_060_003,1028,697,697,0,6,691,EGYENI,,
75074,07_001_001,1044,484,484,0,6,478,EGYENI,,
75076,07_001_002,989,474,474,0,5,469,EGYENI,,
75078,07_001_003,194,98,98,0,0,98,EGYENI,,
75080,07_001_004,197,104,104,0,4,100,EGYENI,,
75082,07_001_005,1144,618,616,-2,7,609,EGYENI,,
74540,07_002_001,996,529,529,0,4,525,EGYENI,,
74542,07_002_002,1039,570,569,-1,6,563,EGYENI,,
74544,07_002_003,1017,612,612,0,3,609,EGYENI,,
75084,07_003_001,905,472,472,0,0,472,EGYENI,,
75086,07_003_002,640,305,305,0,2,303,EGYENI,,
77886,07_004_001,477,334,334,0,2,332,EGYENI,,
77888,07_004_002,666,410,410,0,4,406,EGYENI,,
75088,07_005_001,506,285,285,0,4,281,EGYENI,,
77112,07_006_001,787,486,486,0,5,481,EGYENI,,
77114,07_006_002,872,545,545,0,4,541,EGYENI,,
77116,07_006_003,870,546,546,0,12,534,EGYENI,,
77118,07_007_001,113,89,89,0,1,88,EGYENI,,
77120,07_008_001,378,221,221,0,3,218,EGYENI,,
77318,07_008_002,386,243,243,0,8,235,EGYENI,,
75090,07_009_001,722,421,421,0,7,414,EGYENI,,
75092,07_009_002,653,358,358,0,3,355,EGYENI,,
75094,07_009_003,795,496,496,0,7,489,EGYENI,,
75288,07_009_004,678,373,373,0,5,368,EGYENI,,
77890,07_010_001,1117,626,625,-1,4,621,EGYENI,,
77892,07_010_002,889,472,472,0,6,466,EGYENI,,
77894,07_010_003,144,96,96,0,1,95,EGYENI,,
77896,07_011_001,895,507,506,-1,9,497,EGYENI,,
77898,07_012_001,697,387,387,0,2,385,EGYENI,,
77900,07_012_002,730,411,411,0,3,408,EGYENI,,
77902,07_013_001,1154,804,804,0,7,797,EGYENI,,
77904,07_013_002,1112,569,569,0,8,561,EGYENI,,
77906,07_013_003,1140,753,753,0,10,743,EGYENI,,
77908,07_013_004,1024,671,670,-1,14,656,EGYENI,,
77910,07_013_005,1116,755,755,0,6,749,EGYENI,,
77912,07_013_006,1116,785,784,-1,11,773,EGYENI,,
78110,07_013_007,1147,746,746,0,14,732,EGYENI,,
78112,07_013_008,2126,1587,1594,7,201,1393,EGYENI,,
77320,07_014_001,780,506,506,0,4,502,EGYENI,,
77322,07_014_002,765,482,482,0,5,477,EGYENI,,
77324,07_014_003,751,510,510,0,7,503,EGYENI,,
77326,07_014_004,988,631,631,0,10,621,EGYENI,,
78114,07_015_001,205,137,137,0,1,136,EGYENI,,
75290,07_016_001,753,479,479,0,2,477,EGYENI,,
75292,07_016_002,659,361,361,0,3,358,EGYENI,,
75294,07_016_003,695,398,398,0,4,394,EGYENI,,
78116,07_017_001,793,528,528,0,7,521,EGYENI,,
78118,07_017_002,163,102,101,-1,1,100,EGYENI,,
77328,07_018_001,976,669,669,0,3,666,EGYENI,,
78120,07_019_001,933,608,608,0,5,603,EGYENI,,
78122,07_019_002,704,440,440,0,3,437,EGYENI,,
78124,07_019_003,902,584,584,0,7,577,EGYENI,,
78126,07_019_004,874,507,507,0,12,495,EGYENI,,
78128,07_019_005,834,511,511,0,10,501,EGYENI,,
77330,07_020_001,1133,775,774,-1,2,772,EGYENI,,
77332,07_021_001,812,483,483,0,3,480,EGYENI,,
77334,07_021_002,667,389,389,0,5,384,EGYENI,,
75296,07_022_001,810,438,438,0,2,436,EGYENI,,
75298,07_023_001,911,444,444,0,4,440,EGYENI,,
75300,07_023_002,879,427,426,-1,4,422,EGYENI,,
74546,07_024_001,1202,649,649,0,8,641,EGYENI,,
74548,07_024_002,953,612,612,0,8,604,EGYENI,,
74550,07_024_003,535,378,378,0,12,366,EGYENI,,
74552,07_024_004,843,515,514,-1,4,510,EGYENI,,
74554,07_024_005,840,402,460,58,231,229,EGYENI,,
74556,07_024_006,603,415,415,0,5,410,EGYENI,,
74558,07_024_007,675,452,452,0,11,441,EGYENI,,
74560,07_024_008,600,381,381,0,9,372,EGYENI,,
74562,07_024_009,750,463,463,0,7,456,EGYENI,,
74564,07_024_010,955,584,583,-1,8,575,EGYENI,,
74566,07_024_011,711,415,415,0,12,403,EGYENI,,
74568,07_024_012,863,525,524,-1,5,519,EGYENI,,
74570,07_024_013,819,522,522,0,11,511,EGYENI,,
74572,07_024_014,870,535,535,0,4,531,EGYENI,,
74574,07_024_015,807,502,502,0,17,485,EGYENI,,
74576,07_024_016,787,476,476,0,5,471,EGYENI,,
74578,07_024_017,533,319,317,-2,3,314,EGYENI,,
74580,07_024_018,883,541,541,0,7,534,EGYENI,,
74582,07_024_019,728,492,492,0,6,486,EGYENI,,
74584,07_024_020,736,483,483,0,6,477,EGYENI,,
74586,07_024_021,1518,1173,1169,-4,18,1151,EGYENI,,
74588,07_024_022,908,591,591,0,10,581,EGYENI,,
74770,07_024_023,807,536,536,0,6,530,EGYENI,,
74772,07_024_024,867,563,563,0,11,552,EGYENI,,
74774,07_024_025,831,505,505,0,9,496,EGYENI,,
74776,07_024_026,776,467,467,0,2,465,EGYENI,,
74778,07_024_027,698,424,424,0,4,420,EGYENI,,
74780,07_024_028,683,410,410,0,3,407,EGYENI,,
74782,07_024_029,699,428,426,-2,9,417,EGYENI,,
74784,07_024_030,872,526,526,0,6,520,EGYENI,,
74786,07_024_031,628,379,379,0,4,375,EGYENI,,
74788,07_024_032,804,486,486,0,8,478,EGYENI,,
74790,07_024_033,872,502,501,-1,4,497,EGYENI,,
74792,07_024_034,647,383,384,1,23,361,EGYENI,,
74794,07_024_035,884,487,487,0,7,480,EGYENI,,
74796,07_024_036,999,620,619,-1,2,617,EGYENI,,
74798,07_024_037,1056,684,680,-4,30,650,EGYENI,,
74800,07_024_038,1157,680,680,0,4,676,EGYENI,,
74802,07_024_039,1042,615,615,0,7,608,EGYENI,,
74804,07_024_040,1034,604,604,0,19,585,EGYENI,,
74806,07_024_041,1089,690,691,1,21,670,EGYENI,,
74808,07_024_042,1108,675,674,-1,3,671,EGYENI,,
74810,07_024_043,1047,782,782,0,5,777,EGYENI,,
74812,07_024_044,1089,794,789,-5,4,785,EGYENI,,
74814,07_024_045,1113,719,718,-1,9,709,EGYENI,,
74816,07_024_046,1213,856,856,0,5,851,EGYENI,,
74818,07_024_047,492,261,261,0,3,258,EGYENI,,
75302,07_025_001,831,403,403,0,5,398,EGYENI,,
75304,07_025_002,522,306,306,0,3,303,EGYENI,,
75306,07_025_003,563,344,344,0,6,338,EGYENI,,
75308,07_026_001,855,488,488,0,2,486,EGYENI,,
75310,07_026_002,869,512,512,0,4,508,EGYENI,,
75312,07_026_003,922,492,492,0,6,486,EGYENI,,
75314,07_026_004,1008,555,555,0,16,539,EGYENI,,
75316,07_026_005,885,429,429,0,5,424,EGYENI,,
75318,07_026_006,593,347,347,0,2,345,EGYENI,,
75320,07_026_007,313,155,155,0,4,151,EGYENI,,
75322,07_026_008,160,93,93,0,1,92,EGYENI,,
74820,07_027_001,1088,575,575,0,8,567,EGYENI,,
74822,07_027_002,1064,642,642,0,4,638,EGYENI,,
74824,07_027_003,1100,691,691,0,10,681,EGYENI,,
74826,07_027_004,1082,554,554,0,5,549,EGYENI,,
74828,07_027_005,965,583,583,0,6,577,EGYENI,,
74830,07_027_006,1059,461,461,0,6,455,EGYENI,,
74832,07_027_007,236,130,130,0,0,130,EGYENI,,
78130,07_028_001,1026,658,657,-1,6,651,EGYENI,,
78132,07_028_002,899,529,529,0,6,523,EGYENI,,
78134,07_028_003,1136,714,713,-1,12,701,EGYENI,,
78136,07_028_004,117,63,63,0,0,63,EGYENI,,
77336,07_029_001,844,539,539,0,3,536,EGYENI,,
77338,07_029_002,774,491,491,0,5,486,EGYENI,,
78138,07_030_001,701,548,548,0,7,541,EGYENI,,
78140,07_030_002,769,577,576,-1,7,569,EGYENI,,
77340,07_031_001,716,427,427,0,5,422,EGYENI,,
78142,07_032_001,504,323,323,0,5,318,EGYENI,,
78144,07_033_001,1037,616,616,0,11,605,EGYENI,,
78146,07_033_002,1044,628,628,0,10,618,EGYENI,,
78148,07_033_003,1129,765,764,-1,8,756,EGYENI,,
78150,07_033_004,1051,712,713,1,18,695,EGYENI,,
78152,07_033_005,990,606,606,0,4,602,EGYENI,,
78154,07_033_006,1037,728,728,0,7,721,EGYENI,,
78156,07_033_007,1093,714,714,0,6,708,EGYENI,,
78158,07_033_008,855,492,492,0,8,484,EGYENI,,
78160,07_034_001,970,645,645,0,5,640,EGYENI,,
75324,07_035_001,793,436,436,0,11,425,EGYENI,,
75326,07_036_001,327,160,159,-1,4,155,EGYENI,,
75328,07_036_002,222,105,105,0,0,105,EGYENI,,
75330,07_036_003,248,111,111,0,1,110,EGYENI,,
77342,07_037_001,987,624,624,0,9,615,EGYENI,,
77344,07_037_002,645,387,386,-1,5,381,EGYENI,,
77346,07_038_001,693,418,417,-1,3,414,EGYENI,,
77348,07_038_002,76,57,57,0,1,56,EGYENI,,
75030,07_039_001,1184,618,617,-1,10,607,EGYENI,,
75032,07_039_002,1071,526,526,0,5,521,EGYENI,,
77350,07_040_001,1046,542,542,0,4,538,EGYENI,,
78162,07_041_001,851,538,538,0,6,532,EGYENI,,
75332,07_042_001,1001,520,520,0,8,512,EGYENI,,
75334,07_042_002,946,495,495,0,4,491,EGYENI,,
78164,07_043_001,933,629,628,-1,3,625,EGYENI,,
78166,07_043_002,807,522,522,0,2,520,EGYENI,,
78168,07_043_003,327,213,213,0,1,212,EGYENI,,
74538,07_043_004,869,511,511,0,8,503,EGYENI,,
77352,07_044_001,544,322,322,0,1,321,EGYENI,,
77354,07_044_002,726,460,459,-1,5,454,EGYENI,,
75336,07_045_001,577,396,396,0,4,392,EGYENI,,
75866,07_045_002,619,405,401,-4,10,391,EGYENI,,
75338,07_046_001,929,362,362,0,7,355,EGYENI,,
75340,07_046_002,1068,478,478,0,8,470,EGYENI,,
77356,07_047_001,619,360,360,0,1,359,EGYENI,,
77872,07_047_002,659,405,405,0,6,399,EGYENI,,
75034,07_048_001,1182,680,680,0,4,676,EGYENI,,
75036,07_048_002,1117,711,711,0,5,706,EGYENI,,
75342,07_049_001,419,189,189,0,7,182,EGYENI,,
75344,07_049_002,42,28,28,0,0,28,EGYENI,,
75346,07_049_003,702,440,440,0,7,433,EGYENI,,
75348,07_049_004,699,380,380,0,2,378,EGYENI,,
75350,07_050_001,862,408,408,0,3,405,EGYENI,,
75352,07_050_002,860,430,430,0,5,425,EGYENI,,
75354,07_050_003,801,455,455,0,2,453,EGYENI,,
78170,07_051_001,748,472,472,0,7,465,EGYENI,,
78172,07_051_002,715,486,486,0,5,481,EGYENI,,
78174,07_051_003,744,438,438,0,2,436,EGYENI,,
77358,07_052_001,1305,884,884,0,8,876,EGYENI,,
74232,07_053_001,775,483,483,0,6,477,EGYENI,,
74234,07_053_002,860,569,569,0,7,562,EGYENI,,
74236,07_053_003,869,601,601,0,8,593,EGYENI,,
74238,07_053_004,861,579,579,0,2,577,EGYENI,,
74240,07_053_005,1042,670,670,0,5,665,EGYENI,,
74242,07_054_001,1082,709,709,0,4,705,EGYENI,,
74244,07_054_002,785,328,328,0,4,324,EGYENI,,
75554,07_055_001,584,298,298,0,5,293,EGYENI,,
75556,07_056_001,1038,604,604,0,9,595,EGYENI,,
75558,07_056_002,971,534,533,-1,9,524,EGYENI,,
75560,07_056_003,968,555,555,0,7,548,EGYENI,,
75562,07_056_004,867,354,352,-2,8,344,EGYENI,,
75564,07_057_001,786,434,434,0,6,428,EGYENI,,
75566,07_058_001,443,241,241,0,3,238,EGYENI,,
75568,07_058_002,567,222,222,0,2,220,EGYENI,,
75570,07_059_001,735,320,320,0,8,312,EGYENI,,
75572,07_059_002,1021,451,451,0,1,450,EGYENI,,
77360,07_060_001,439,306,306,0,2,304,EGYENI,,
77362,07_061_001,700,399,399,0,6,393,EGYENI,,
77364,07_061_002,849,505,505,0,6,499,EGYENI,,
77366,07_061_003,778,435,435,0,2,433,EGYENI,,
77368,07_061_004,776,559,559,0,4,555,EGYENI,,
77370,07_061_005,777,459,459,0,3,456,EGYENI,,
77372,07_061_006,696,482,482,0,0,482,EGYENI,,
77374,07_061_007,1034,633,633,0,2,631,EGYENI,,
77376,07_061_008,610,380,380,0,5,375,EGYENI,,
77378,07_061_009,828,593,591,-2,9,582,EGYENI,,
77380,07_061_010,621,461,461,0,1,460,EGYENI,,
77382,07_061_011,1223,841,840,-1,8,832,EGYENI,,
77878,07_061_012,1248,858,858,0,12,846,EGYENI,,
77880,07_061_013,746,506,505,-1,2,503,EGYENI,,
77882,07_061_014,716,538,538,0,5,533,EGYENI,,
77884,07_061_015,184,101,101,0,4,97,EGYENI,,
74246,07_062_001,411,303,303,0,2,301,EGYENI,,
75574,07_063_001,487,288,288,0,5,283,EGYENI,,
75576,07_063_002,524,291,291,0,7,284,EGYENI,,
75578,07_063_003,151,83,83,0,2,81,EGYENI,,
75580,07_064_001,883,454,454,0,3,451,EGYENI,,
77384,07_065_001,521,321,321,0,6,315,EGYENI,,
75038,07_066_001,788,494,494,0,3,491,EGYENI,,
75040,07_066_002,852,564,564,0,6,558,EGYENI,,
75042,07_066_003,839,576,576,0,5,571,EGYENI,,
75044,07_066_004,780,513,513,0,8,505,EGYENI,,
75046,07_066_005,117,53,53,0,1,52,EGYENI,,
77586,07_067_001,443,231,231,0,2,229,EGYENI,,
77588,07_067_002,540,308,308,0,4,304,EGYENI,,
77590,07_067_003,474,247,247,0,1,246,EGYENI,,
74248,07_068_001,417,283,283,0,2,281,EGYENI,,
74250,07_068_002,225,116,116,0,1,115,EGYENI,,
74252,07_069_001,833,519,519,0,2,517,EGYENI,,
74254,07_069_002,896,587,587,0,6,581,EGYENI,,
74536,07_069_003,783,519,519,0,5,514,EGYENI,,
74256,07_070_001,685,419,419,0,4,415,EGYENI,,
74258,07_070_002,675,403,403,0,1,402,EGYENI,,
74260,07_071_001,891,604,603,-1,6,597,EGYENI,,
74262,07_071_002,769,497,497,0,3,494,EGYENI,,
75048,07_072_001,762,384,384,0,1,383,EGYENI,,
75050,07_072_002,760,404,404,0,5,399,EGYENI,,
75052,07_072_003,788,415,415,0,7,408,EGYENI,,
75054,07_072_004,854,397,397,0,2,395,EGYENI,,
77592,07_073_001,304,121,121,0,4,117,EGYENI,,
77594,07_073_002,943,532,530,-2,5,525,EGYENI,,
77596,07_073_003,950,542,542,0,1,541,EGYENI,,
77598,07_073_004,964,516,514,-2,5,509,EGYENI,,
77600,07_073_005,775,343,343,0,3,340,EGYENI,,
77602,07_073_006,1094,568,566,-2,7,559,EGYENI,,
77604,07_073_007,220,89,88,-1,2,86,EGYENI,,
75056,07_074_001,1012,511,511,0,8,503,EGYENI,,
75058,07_074_002,743,379,379,0,6,373,EGYENI,,
75060,07_074_003,1025,496,496,0,4,492,EGYENI,,
75062,07_074_004,977,468,468,0,2,466,EGYENI,,
75064,07_074_005,1134,616,616,0,6,610,EGYENI,,
77606,07_075_001,738,505,505,0,5,500,EGYENI,,
77608,07_075_002,597,387,387,0,5,382,EGYENI,,
77610,07_075_003,589,384,384,0,8,376,EGYENI,,
75066,07_076_001,941,616,616,0,7,609,EGYENI,,
75068,07_076_002,920,527,527,0,5,522,EGYENI,,
75070,07_076_003,905,625,625,0,8,617,EGYENI,,
75072,07_076_004,942,644,644,0,4,640,EGYENI,,
74532,07_077_001,839,448,448,0,8,440,EGYENI,,
74264,07_077_002,844,420,420,0,8,412,EGYENI,,
74266,07_077_003,924,492,492,0,6,486,EGYENI,,
75582,07_078_001,745,388,388,0,7,381,EGYENI,,
75584,07_078_002,660,378,378,0,5,373,EGYENI,,
75586,07_078_003,520,317,317,0,2,315,EGYENI,,
75588,07_078_004,681,400,400,0,4,396,EGYENI,,
75590,07_078_005,627,375,374,-1,4,370,EGYENI,,
75592,07_078_006,593,355,356,1,15,341,EGYENI,,
75594,07_078_007,571,372,372,0,5,367,EGYENI,,
75596,07_078_008,590,340,339,-1,1,338,EGYENI,,
75598,07_078_009,594,388,387,-1,5,382,EGYENI,,
75600,07_078_010,665,444,444,0,3,441,EGYENI,,
75602,07_078_011,724,449,449,0,5,444,EGYENI,,
75604,07_078_012,711,433,432,-1,2,430,EGYENI,,
75606,07_078_013,487,299,299,0,3,296,EGYENI,,
75608,07_078_014,658,358,358,0,2,356,EGYENI,,
75610,07_078_015,229,141,141,0,3,138,EGYENI,,
75612,07_078_016,180,102,102,0,1,101,EGYENI,,
75614,07_078_017,534,292,292,0,3,289,EGYENI,,
75616,07_078_018,212,118,118,0,2,116,EGYENI,,
75816,07_078_019,826,691,680,-11,6,674,EGYENI,,
75818,07_079_001,582,374,374,0,11,363,EGYENI,,
77612,07_080_001,1288,884,884,0,13,871,EGYENI,,
75820,07_081_001,669,288,288,0,8,280,EGYENI,,
75822,07_081_002,1065,385,384,-1,10,374,EGYENI,,
77614,07_082_001,478,253,253,0,7,246,EGYENI,,
75824,07_083_001,1042,498,498,0,6,492,EGYENI,,
75826,07_083_002,849,446,446,0,16,430,EGYENI,,
75828,07_083_003,732,356,356,0,7,349,EGYENI,,
75830,07_084_001,961,528,528,0,4,524,EGYENI,,
75832,07_084_002,174,117,117,0,0,117,EGYENI,,
77616,07_085_001,867,520,520,0,5,515,EGYENI,,
77618,07_085_002,905,582,565,-17,4,561,EGYENI,,
77876,07_085_003,791,406,406,0,7,399,EGYENI,,
75834,07_086_001,981,581,581,0,7,574,EGYENI,,
75836,07_086_002,1093,519,518,-1,9,509,EGYENI,,
75838,07_086_003,897,457,457,0,4,453,EGYENI,,
75840,07_086_004,686,335,335,0,1,334,EGYENI,,
75842,07_087_001,762,388,388,0,4,384,EGYENI,,
75844,07_087_002,787,449,449,0,0,449,EGYENI,,
77620,07_088_001,405,307,307,0,10,297,EGYENI,,
74268,07_089_001,1050,755,753,-2,6,747,EGYENI,,
77622,07_090_001,952,549,549,0,10,539,EGYENI,,
77624,07_090_002,917,626,625,-1,10,615,EGYENI,,
77626,07_090_003,917,516,516,0,6,510,EGYENI,,
77874,07_090_004,1001,560,560,0,5,555,EGYENI,,
75846,07_091_001,1276,663,663,0,7,656,EGYENI,,
75848,07_091_002,501,239,239,0,2,237,EGYENI,,
75850,07_092_001,580,310,310,0,8,302,EGYENI,,
75852,07_092_002,78,37,37,0,4,33,EGYENI,,
74270,07_093_001,608,412,406,-6,9,397,EGYENI,,
74272,07_093_002,684,426,426,0,12,414,EGYENI,,
76568,07_094_001,809,508,508,0,2,506,EGYENI,,
76570,07_094_002,824,545,545,0,5,540,EGYENI,,
76572,07_094_003,1085,677,678,1,9,669,EGYENI,,
76574,07_094_004,672,240,240,0,2,238,EGYENI,,
76576,07_094_005,765,508,508,0,2,506,EGYENI,,
76578,07_094_006,798,537,535,-2,3,532,EGYENI,,
76580,07_094_007,794,579,579,0,4,575,EGYENI,,
76582,07_094_008,794,585,585,0,12,573,EGYENI,,
76584,07_094_009,879,573,573,0,19,554,EGYENI,,
76586,07_094_010,875,572,572,0,6,566,EGYENI,,
76588,07_094_011,807,514,514,0,3,511,EGYENI,,
76590,07_094_012,858,609,609,0,4,605,EGYENI,,
76592,07_094_013,972,641,641,0,2,639,EGYENI,,
76594,07_094_014,820,573,573,0,4,569,EGYENI,,
76596,07_094_015,693,470,470,0,2,468,EGYENI,,
76598,07_094_016,732,510,509,-1,2,507,EGYENI,,
76600,07_094_017,769,446,446,0,3,443,EGYENI,,
76602,07_094_018,902,551,550,-1,3,547,EGYENI,,
76800,07_094_019,849,552,552,0,2,550,EGYENI,,
76802,07_094_020,857,506,506,0,14,492,EGYENI,,
76804,07_094_021,976,685,684,-1,2,682,EGYENI,,
76806,07_094_022,872,559,559,0,2,557,EGYENI,,
76808,07_094_023,1016,695,695,0,8,687,EGYENI,,
76810,07_094_024,634,442,441,-1,6,435,EGYENI,,
76812,07_094_025,586,365,364,-1,4,360,EGYENI,,
76814,07_094_026,727,487,487,0,6,481,EGYENI,,
76816,07_094_027,893,643,642,-1,5,637,EGYENI,,
76818,07_094_028,729,519,519,0,10,509,EGYENI,,
77628,07_094_029,895,542,542,0,2,540,EGYENI,,
77630,07_094_030,1122,704,704,0,4,700,EGYENI,,
77632,07_094_031,834,555,555,0,4,551,EGYENI,,
77634,07_094_032,942,625,625,0,13,612,EGYENI,,
76820,07_094_033,706,461,461,0,0,461,EGYENI,,
76822,07_094_034,1103,698,698,0,10,688,EGYENI,,
76824,07_094_035,995,627,627,0,2,625,EGYENI,,
76826,07_094_036,837,529,528,-1,2,526,EGYENI,,
76828,07_094_037,863,576,566,-10,1,565,EGYENI,,
76830,07_094_038,983,645,644,-1,6,638,EGYENI,,
76832,07_094_039,1005,670,670,0,6,664,EGYENI,,
76834,07_094_040,1142,748,749,1,17,732,EGYENI,,
76836,07_094_041,1139,741,740,-1,1,739,EGYENI,,
76838,07_094_042,1159,716,714,-2,4,710,EGYENI,,
76840,07_094_043,961,702,700,-2,5,695,EGYENI,,
76842,07_094_044,1075,678,678,0,2,676,EGYENI,,
76844,07_094_045,766,516,516,0,6,510,EGYENI,,
77636,07_094_046,992,601,601,0,2,599,EGYENI,,
77638,07_094_047,843,581,581,0,4,577,EGYENI,,
77640,07_094_048,1137,806,806,0,2,804,EGYENI,,
77642,07_094_049,1185,830,829,-1,6,823,EGYENI,,
76846,07_094_050,849,558,557,-1,2,555,EGYENI,,
76848,07_094_051,1264,747,746,-1,10,736,EGYENI,,
76850,07_094_052,714,486,485,-1,4,481,EGYENI,,
76852,07_094_053,919,636,636,0,5,631,EGYENI,,
76854,07_094_054,1042,723,723,0,5,718,EGYENI,,
76856,07_094_055,740,524,524,0,4,520,EGYENI,,
76858,07_094_056,1774,1515,1515,0,26,1489,EGYENI,,
77060,07_094_057,543,411,411,0,20,391,EGYENI,,
77062,07_094_058,1017,721,719,-2,3,716,EGYENI,,
77064,07_094_059,661,478,478,0,1,477,EGYENI,,
77066,07_094_060,575,433,433,0,4,429,EGYENI,,
77068,07_094_061,634,464,464,0,1,463,EGYENI,,
77070,07_094_062,773,565,565,0,2,563,EGYENI,,
77072,07_094_063,905,639,637,-2,7,630,EGYENI,,
77074,07_094_064,1007,762,759,-3,6,753,EGYENI,,
77076,07_094_065,749,583,583,0,2,581,EGYENI,,
77078,07_094_066,1221,911,910,-1,8,902,EGYENI,,
77080,07_094_067,1177,832,832,0,2,830,EGYENI,,
77082,07_094_068,938,696,696,0,5,691,EGYENI,,
77084,07_094_069,908,731,731,0,4,727,EGYENI,,
77086,07_094_070,971,739,739,0,1,738,EGYENI,,
77088,07_094_071,705,523,523,0,1,522,EGYENI,,
77090,07_094_072,943,743,742,-1,5,737,EGYENI,,
77092,07_094_073,1134,842,839,-3,3,836,EGYENI,,
77094,07_094_074,660,436,435,-1,3,432,EGYENI,,
77096,07_094_075,379,265,265,0,6,259,EGYENI,,
77098,07_094_076,1248,741,741,0,13,728,EGYENI,,
77100,07_094_077,1031,808,807,-1,2,805,EGYENI,,
77102,07_094_078,1054,696,696,0,4,692,EGYENI,,
77104,07_094_079,903,646,646,0,5,641,EGYENI,,
77106,07_094_080,1047,763,763,0,5,758,EGYENI,,
77108,07_094_081,916,588,588,0,3,585,EGYENI,,
77644,07_094_082,586,394,394,0,4,390,EGYENI,,
77646,07_094_083,818,608,607,-1,67,540,EGYENI,,
77648,07_094_084,683,432,432,0,8,424,EGYENI,,
77850,07_094_085,963,674,673,-1,1,672,EGYENI,,
77852,07_094_086,731,439,439,0,5,434,EGYENI,,
77854,07_094_087,1116,744,743,-1,1,742,EGYENI,,
77856,07_094_088,780,550,550,0,5,545,EGYENI,,
77858,07_094_089,1207,762,752,-10,10,742,EGYENI,,
77860,07_094_090,1272,843,842,-1,8,834,EGYENI,,
77862,07_094_091,1370,1034,1033,-1,7,1026,EGYENI,,
77110,07_094_092,209,144,144,0,2,142,EGYENI,,
74274,07_095_001,738,475,475,0,2,473,EGYENI,,
75854,07_096_001,698,401,401,0,1,400,EGYENI,,
75856,07_096_002,656,363,363,0,4,359,EGYENI,,
74276,07_097_001,1376,926,926,0,5,921,EGYENI,,
74278,07_098_001,325,233,233,0,4,229,EGYENI,,
77864,07_099_001,889,563,563,0,3,560,EGYENI,,
77866,07_099_002,957,569,567,-2,1,566,EGYENI,,
75858,07_100_001,704,402,402,0,7,395,EGYENI,,
74280,07_101_001,689,426,426,0,7,419,EGYENI,,
74282,07_101_002,691,406,406,0,8,398,EGYENI,,
74284,07_101_003,547,366,366,0,4,362,EGYENI,,
74286,07_102_001,1050,654,654,0,4,650,EGYENI,,
74288,07_102_002,751,494,494,0,5,489,EGYENI,,
74290,07_102_003,917,585,585,0,7,578,EGYENI,,
74292,07_102_004,983,696,696,0,6,690,EGYENI,,
74534,07_102_005,843,575,575,0,2,573,EGYENI,,
74294,07_103_001,645,368,368,0,0,368,EGYENI,,
74296,07_104_001,716,384,384,0,4,380,EGYENI,,
74526,07_104_002,711,405,405,0,3,402,EGYENI,,
74528,07_105_001,738,464,464,0,8,456,EGYENI,,
77868,07_106_001,902,486,485,-1,8,477,EGYENI,,
77870,07_106_002,950,562,561,-1,4,557,EGYENI,,
74530,07_107_001,775,409,409,0,7,402,EGYENI,,
75860,07_108_001,449,272,272,0,3,269,EGYENI,,
75862,07_108_002,193,106,105,-1,3,102,EGYENI,,
75864,07_108_003,352,176,176,0,5,171,EGYENI,,
74616,08_001_001,621,403,403,0,3,400,EGYENI,,
74618,08_001_002,635,411,411,0,3,408,EGYENI,,
74620,08_001_003,698,423,423,0,4,419,EGYENI,,
75380,08_001_004,609,392,392,0,2,390,EGYENI,,
77152,08_002_001,391,295,295,0,3,292,EGYENI,,
77154,08_003_001,714,503,503,0,5,498,EGYENI,,
77952,08_004_001,678,371,370,-1,5,365,EGYENI,,
77954,08_004_002,917,573,573,0,2,571,EGYENI,,
77156,08_005_001,228,163,163,0,1,162,EGYENI,,
74622,08_006_001,897,521,521,0,5,516,EGYENI,,
74624,08_006_002,673,427,426,-1,6,420,EGYENI,,
77158,08_007_001,950,600,600,0,10,590,EGYENI,,
76398,08_008_001,119,86,86,0,1,85,EGYENI,,
76400,08_009_001,219,157,157,0,11,146,EGYENI,,
76402,08_010_001,856,469,469,0,1,468,EGYENI,,
76404,08_010_002,644,354,354,0,4,350,EGYENI,,
77160,08_011_001,578,300,299,-1,2,297,EGYENI,,
77162,08_012_001,545,351,351,0,4,347,EGYENI,,
77164,08_012_002,540,296,296,0,3,293,EGYENI,,
77166,08_013_001,985,629,629,0,6,623,EGYENI,,
77168,08_013_002,994,617,617,0,4,613,EGYENI,,
77170,08_013_003,282,178,178,0,2,176,EGYENI,,
74626,08_014_001,450,262,262,0,0,262,EGYENI,,
74628,08_014_002,414,262,262,0,0,262,EGYENI,,
75386,08_014_003,184,110,110,0,2,108,EGYENI,,
77172,08_015_001,420,215,215,0,3,212,EGYENI,,
77174,08_016_001,264,154,154,0,3,151,EGYENI,,
77176,08_017_001,538,334,334,0,3,331,EGYENI,,
74630,08_018_001,979,552,552,0,4,548,EGYENI,,
76604,08_019_001,782,378,377,-1,5,372,EGYENI,,
76606,08_019_002,828,400,400,0,7,393,EGYENI,,
76608,08_019_003,173,101,100,-1,1,99,EGYENI,,
77178,08_020_001,875,498,498,0,3,495,EGYENI,,
77180,08_020_002,867,498,498,0,0,498,EGYENI,,
74632,08_021_001,42,34,34,0,3,31,EGYENI,,
77182,08_022_001,466,291,291,0,2,289,EGYENI,,
77184,08_023_001,442,272,272,0,5,267,EGYENI,,
77186,08_024_001,172,122,122,0,4,118,EGYENI,,
77386,08_025_001,26,18,18,0,0,18,EGYENI,,
77388,08_026_001,402,271,271,0,4,267,EGYENI,,
77390,08_027_001,1105,721,721,0,5,716,EGYENI,,
77392,08_027_002,1115,807,807,0,3,804,EGYENI,,
77394,08_027_003,1058,679,679,0,9,670,EGYENI,,
77396,08_027_004,1773,1364,1363,-1,13,1350,EGYENI,,
77398,08_027_005,1049,716,716,0,5,711,EGYENI,,
77400,08_027_006,1040,753,743,-10,7,736,EGYENI,,
77402,08_027_007,1054,697,697,0,4,693,EGYENI,,
77404,08_027_008,1096,705,705,0,7,698,EGYENI,,
74634,08_028_001,633,391,391,0,6,385,EGYENI,,
74636,08_028_002,617,416,416,0,5,411,EGYENI,,
77406,08_029_001,319,193,193,0,1,192,EGYENI,,
77408,08_030_001,498,326,326,0,3,323,EGYENI,,
74638,08_031_001,683,382,382,0,4,378,EGYENI,,
74640,08_031_002,743,440,440,0,3,437,EGYENI,,
74642,08_032_001,197,128,128,0,1,127,EGYENI,,
74644,08_033_001,790,516,516,0,6,510,EGYENI,,
74646,08_033_002,798,523,523,0,7,516,EGYENI,,
74648,08_034_001,578,358,358,0,1,357,EGYENI,,
74650,08_035_001,131,83,83,0,0,83,EGYENI,,
74652,08_035_002,437,255,255,0,1,254,EGYENI,,
74654,08_035_003,576,383,382,-1,4,378,EGYENI,,
77956,08_036_001,118,100,100,0,2,98,EGYENI,,
77410,08_037_001,106,86,86,0,2,84,EGYENI,,
77412,08_038_001,448,279,279,0,3,276,EGYENI,,
77958,08_039_001,701,465,465,0,2,463,EGYENI,,
77414,08_040_001,1432,838,838,0,5,833,EGYENI,,
76610,08_041_001,813,514,514,0,3,511,EGYENI,,
76612,08_041_002,703,487,487,0,3,484,EGYENI,,
77416,08_042_001,782,514,514,0,8,506,EGYENI,,
77418,08_042_002,817,485,484,-1,0,484,EGYENI,,
77420,08_043_001,393,248,248,0,2,246,EGYENI,,
74656,08_044_001,411,263,263,0,2,261,EGYENI,,
76614,08_045_001,707,429,429,0,4,425,EGYENI,,
76616,08_046_001,104,63,63,0,4,59,EGYENI,,
77960,08_047_001,231,151,151,0,2,149,EGYENI,,
77962,08_048_001,1108,758,753,-5,8,745,EGYENI,,
77964,08_048_002,661,476,476,0,1,475,EGYENI,,
77966,08_048_003,846,504,502,-2,2,500,EGYENI,,
77968,08_048_004,104,67,67,0,0,67,EGYENI,,
77422,08_049_001,505,322,323,1,10,313,EGYENI,,
77970,08_050_001,504,354,354,0,3,351,EGYENI,,
77972,08_051_001,911,489,489,0,5,484,EGYENI,,
77974,08_051_002,888,556,556,0,4,552,EGYENI,,
77976,08_052_001,917,626,626,0,13,613,EGYENI,,
77978,08_052_002,816,531,531,0,3,528,EGYENI,,
78176,08_052_003,624,444,444,0,4,440,EGYENI,,
78178,08_052_004,687,455,455,0,5,450,EGYENI,,
78180,08_053_001,993,655,655,0,4,651,EGYENI,,
76618,08_054_001,844,434,434,0,3,431,EGYENI,,
76620,08_054_002,858,487,487,0,7,480,EGYENI,,
76622,08_054_003,818,421,421,0,5,416,EGYENI,,
78182,08_055_001,59,53,53,0,2,51,EGYENI,,
77424,08_056_001,1100,712,712,0,12,700,EGYENI,,
77426,08_057_001,333,218,218,0,3,215,EGYENI,,
76624,08_058_001,977,534,534,0,3,531,EGYENI,,
76130,08_059_001,984,636,637,1,13,624,EGYENI,,
76132,08_059_002,1120,624,622,-2,3,619,EGYENI,,
76138,08_059_003,1093,668,667,-1,9,658,EGYENI,,
76140,08_059_004,1140,649,649,0,10,639,EGYENI,,
76342,08_059_005,1123,575,574,-1,3,571,EGYENI,,
76344,08_059_006,800,567,567,0,3,564,EGYENI,,
75868,08_059_007,953,629,628,-1,4,624,EGYENI,,
75878,08_059_008,618,362,361,-1,2,359,EGYENI,,
75880,08_059_009,2049,1622,1615,-7,9,1606,EGYENI,,
76078,08_059_010,869,596,594,-2,6,588,EGYENI,,
76134,08_059_011,975,461,460,-1,2,458,EGYENI,,
76136,08_059_012,1055,444,444,0,2,442,EGYENI,,
76352,08_059_013,836,629,629,0,7,622,EGYENI,,
75870,08_059_014,957,596,596,0,1,595,EGYENI,,
75872,08_059_015,904,660,660,0,3,657,EGYENI,,
75874,08_059_016,927,641,637,-4,5,632,EGYENI,,
75876,08_059_017,1015,683,681,-2,4,677,EGYENI,,
76356,08_059_018,836,616,616,0,1,615,EGYENI,,
76354,08_059_019,780,573,572,-1,2,570,EGYENI,,
76350,08_059_020,759,556,556,0,3,553,EGYENI,,
76346,08_059_021,1213,759,759,0,3,756,EGYENI,,
76348,08_059_022,1184,829,829,0,3,826,EGYENI,,
76358,08_059_023,1158,790,790,0,3,787,EGYENI,,
76360,08_059_024,1134,762,763,1,16,747,EGYENI,,
76362,08_059_025,1008,757,757,0,3,754,EGYENI,,
76364,08_059_026,949,684,684,0,5,679,EGYENI,,
76080,08_059_027,1173,772,772,0,1,771,EGYENI,,
76082,08_059_028,1234,893,893,0,4,889,EGYENI,,
76084,08_059_029,1146,816,815,-1,5,810,EGYENI,,
76086,08_059_030,966,694,694,0,3,691,EGYENI,,
76088,08_059_031,939,640,637,-3,5,632,EGYENI,,
76090,08_059_032,959,606,606,0,6,600,EGYENI,,
76098,08_059_033,1030,689,689,0,2,687,EGYENI,,
76368,08_059_034,1081,692,692,0,3,689,EGYENI,,
76366,08_059_035,1107,640,640,0,0,640,EGYENI,,
76370,08_059_036,1116,613,613,0,8,605,EGYENI,,
76372,08_059_037,1161,616,616,0,5,611,EGYENI,,
76374,08_059_038,1057,566,566,0,7,559,EGYENI,,
76092,08_059_039,1182,733,731,-2,2,729,EGYENI,,
76112,08_059_040,1243,755,753,-2,2,751,EGYENI,,
76636,08_059_041,975,570,570,0,5,565,EGYENI,,
76638,08_059_042,1094,618,618,0,12,606,EGYENI,,
76640,08_059_043,1061,544,544,0,6,538,EGYENI,,
76642,08_059_044,1028,624,624,0,3,621,EGYENI,,
76096,08_059_045,1039,668,667,-1,4,663,EGYENI,,
76108,08_059_046,1003,564,564,0,8,556,EGYENI,,
76110,08_059_047,1035,616,616,0,0,616,EGYENI,,
76628,08_059_048,969,553,553,0,6,547,EGYENI,,
76630,08_059_049,995,572,573,1,15,558,EGYENI,,
76632,08_059_050,936,535,535,0,5,530,EGYENI,,
76634,08_059_051,938,573,571,-2,3,568,EGYENI,,
76106,08_059_052,1148,823,823,0,3,820,EGYENI,,
76626,08_059_053,1884,1468,1461,-7,9,1452,EGYENI,,
77144,08_059_054,1154,787,787,0,8,779,EGYENI,,
76646,08_059_055,1161,569,569,0,6,563,EGYENI,,
76648,08_059_056,1144,679,679,0,6,673,EGYENI,,
76650,08_059_057,1093,669,669,0,0,669,EGYENI,,
76094,08_059_058,1234,763,763,0,3,760,EGYENI,,
76104,08_059_059,1151,771,771,0,8,763,EGYENI,,
76102,08_059_060,1099,672,672,0,3,669,EGYENI,,
76100,08_059_061,1060,742,742,0,2,740,EGYENI,,
76114,08_059_062,1195,752,752,0,2,750,EGYENI,,
76644,08_059_063,1161,698,697,-1,6,691,EGYENI,,
77148,08_059_064,1238,798,798,0,8,790,EGYENI,,
76116,08_059_065,1147,677,678,1,10,668,EGYENI,,
76396,08_059_066,1095,691,688,-3,4,684,EGYENI,,
76118,08_059_067,1152,710,709,-1,6,703,EGYENI,,
76120,08_059_068,963,649,646,-3,2,644,EGYENI,,
76122,08_059_069,901,685,685,0,11,674,EGYENI,,
76126,08_059_070,900,668,668,0,2,666,EGYENI,,
76128,08_059_071,834,463,463,0,4,459,EGYENI,,
76656,08_059_072,1156,639,617,-22,5,612,EGYENI,,
76658,08_059_073,1123,643,642,-1,2,640,EGYENI,,
76660,08_059_074,1115,675,674,-1,1,673,EGYENI,,
76124,08_059_075,918,689,687,-2,2,685,EGYENI,,
76664,08_059_076,994,659,659,0,7,652,EGYENI,,
76662,08_059_077,1149,795,795,0,5,790,EGYENI,,
76654,08_059_078,881,624,624,0,1,623,EGYENI,,
76652,08_059_079,1010,702,702,0,4,698,EGYENI,,
76666,08_059_080,1107,790,790,0,7,783,EGYENI,,
77146,08_059_081,924,699,698,-1,3,695,EGYENI,,
76376,08_059_082,1086,520,520,0,0,520,EGYENI,,
76378,08_059_083,1097,668,666,-2,2,664,EGYENI,,
76380,08_059_084,1128,678,676,-2,5,671,EGYENI,,
76382,08_059_085,1109,652,652,0,8,644,EGYENI,,
76384,08_059_086,1067,712,712,0,2,710,EGYENI,,
76394,08_059_087,1058,677,677,0,4,673,EGYENI,,
76386,08_059_088,1206,796,796,0,2,794,EGYENI,,
77142,08_059_089,1053,676,675,-1,1,674,EGYENI,,
76864,08_059_090,1205,818,818,0,3,815,EGYENI,,
76860,08_059_091,1142,807,807,0,5,802,EGYENI,,
76866,08_059_092,986,684,684,0,7,677,EGYENI,,
76870,08_059_093,917,630,630,0,6,624,EGYENI,,
77150,08_059_094,1187,756,756,0,5,751,EGYENI,,
76862,08_059_095,1221,839,838,-1,5,833,EGYENI,,
76868,08_059_096,1131,762,762,0,11,751,EGYENI,,
76872,08_060_001,427,273,273,0,3,270,EGYENI,,
74834,08_061_001,1287,800,800,0,6,794,EGYENI,,
76874,08_062_001,1169,754,754,0,3,751,EGYENI,,
77428,08_063_001,652,332,332,0,5,327,EGYENI,,
77430,08_064_001,794,316,316,0,3,313,EGYENI,,
77432,08_064_002,819,395,395,0,1,394,EGYENI,,
77434,08_064_003,907,544,544,0,2,542,EGYENI,,
76876,08_065_001,1136,804,804,0,2,802,EGYENI,,
76878,08_065_002,1272,859,858,-1,8,850,EGYENI,,
76880,08_065_003,1104,757,757,0,5,752,EGYENI,,
76882,08_065_004,1136,814,814,0,6,808,EGYENI,,
74836,08_066_001,1188,886,886,0,8,878,EGYENI,,
74838,08_067_001,1061,677,677,0,7,670,EGYENI,,
74840,08_067_002,870,579,579,0,6,573,EGYENI,,
74842,08_068_001,1161,696,695,-1,1,694,EGYENI,,
74844,08_068_002,1182,717,717,0,3,714,EGYENI,,
74846,08_068_003,120,80,80,0,1,79,EGYENI,,
78184,08_069_001,653,387,387,0,14,373,EGYENI,,
78186,08_069_002,801,530,530,0,5,525,EGYENI,,
74848,08_070_001,887,507,507,0,4,503,EGYENI,,
74850,08_070_002,985,556,556,0,5,551,EGYENI,,
74852,08_070_003,804,452,452,0,5,447,EGYENI,,
78188,08_071_001,1118,825,824,-1,1,823,EGYENI,,
74854,08_072_001,945,585,585,0,3,582,EGYENI,,
78190,08_073_001,298,210,210,0,1,209,EGYENI,,
77436,08_074_001,548,345,343,-2,8,335,EGYENI,,
77438,08_075_001,252,181,181,0,0,181,EGYENI,,
77440,08_076_001,774,426,426,0,7,419,EGYENI,,
77442,08_076_002,657,408,408,0,2,406,EGYENI,,
77444,08_077_001,1018,634,634,0,6,628,EGYENI,,
74856,08_078_001,822,470,470,0,1,469,EGYENI,,
74858,08_078_002,839,417,417,0,7,410,EGYENI,,
74860,08_078_003,742,407,407,0,4,403,EGYENI,,
74862,08_078_004,857,511,511,0,6,505,EGYENI,,
74864,08_078_005,792,399,399,0,2,397,EGYENI,,
74866,08_078_006,639,335,335,0,4,331,EGYENI,,
74868,08_078_007,205,77,77,0,0,77,EGYENI,,
77446,08_079_001,450,262,262,0,3,259,EGYENI,,
76884,08_080_001,689,386,386,0,4,382,EGYENI,,
76886,08_080_002,382,244,243,-1,5,238,EGYENI,,
77448,08_081_001,161,88,88,0,1,87,EGYENI,,
77450,08_081_002,1119,727,727,0,7,720,EGYENI,,
77452,08_081_003,1083,713,713,0,8,705,EGYENI,,
77650,08_081_004,991,674,674,0,6,668,EGYENI,,
77652,08_081_005,1059,695,695,0,3,692,EGYENI,,
77654,08_081_006,1092,684,683,-1,5,678,EGYENI,,
77656,08_081_007,1003,644,644,0,5,639,EGYENI,,
77658,08_081_008,1077,708,708,0,9,699,EGYENI,,
77660,08_081_009,908,543,543,0,7,536,EGYENI,,
74870,08_082_001,671,359,359,0,6,353,EGYENI,,
74872,08_082_002,930,508,508,0,5,503,EGYENI,,
74874,08_082_003,203,106,106,0,1,105,EGYENI,,
77662,08_083_001,173,127,127,0,0,127,EGYENI,,
76388,08_084_001,693,504,503,-1,5,498,EGYENI,,
74876,08_085_001,293,210,210,0,0,210,EGYENI,,
77664,08_086_001,626,434,434,0,5,429,EGYENI,,
77666,08_087_001,792,418,418,0,5,413,EGYENI,,
77668,08_087_002,845,461,458,-3,2,456,EGYENI,,
77670,08_088_001,1098,690,690,0,6,684,EGYENI,,
77672,08_088_002,1073,657,657,0,6,651,EGYENI,,
78192,08_089_001,874,597,595,-2,2,593,EGYENI,,
78194,08_089_002,806,541,541,0,0,541,EGYENI,,
74878,08_090_001,964,659,659,0,8,651,EGYENI,,
76888,08_091_001,450,257,257,0,4,253,EGYENI,,
74880,08_092_001,671,394,394,0,4,390,EGYENI,,
74882,08_092_002,700,389,389,0,5,384,EGYENI,,
74884,08_093_001,1028,587,587,0,8,579,EGYENI,,
74886,08_093_002,676,365,365,0,2,363,EGYENI,,
74888,08_093_003,792,456,456,0,5,451,EGYENI,,
74890,08_094_001,572,415,414,-1,5,409,EGYENI,,
78196,08_095_001,1152,752,752,0,7,745,EGYENI,,
77674,08_096_001,82,51,51,0,5,46,EGYENI,,
77676,08_097_001,399,214,214,0,2,212,EGYENI,,
77678,08_098_001,396,212,212,0,5,207,EGYENI,,
74892,08_099_001,670,388,388,0,7,381,EGYENI,,
75378,08_099_002,703,413,413,0,1,412,EGYENI,,
74894,08_100_001,487,305,305,0,10,295,EGYENI,,
76890,08_101_001,775,449,449,0,5,444,EGYENI,,
77680,08_102_001,69,52,52,0,1,51,EGYENI,,
77682,08_103_001,920,658,658,0,8,650,EGYENI,,
74896,08_104_001,794,549,549,0,8,541,EGYENI,,
74898,08_104_002,816,443,443,0,5,438,EGYENI,,
75096,08_104_003,813,522,518,-4,5,513,EGYENI,,
75098,08_104_004,989,645,645,0,0,645,EGYENI,,
75100,08_104_005,962,560,560,0,4,556,EGYENI,,
75102,08_104_006,815,495,495,0,11,484,EGYENI,,
75104,08_104_007,873,467,467,0,3,464,EGYENI,,
75106,08_104_008,808,502,502,0,2,500,EGYENI,,
75108,08_104_009,816,462,462,0,1,461,EGYENI,,
75110,08_104_010,923,536,536,0,5,531,EGYENI,,
75112,08_104_011,899,486,486,0,4,482,EGYENI,,
75114,08_104_012,752,499,499,0,2,497,EGYENI,,
75116,08_104_013,923,584,584,0,8,576,EGYENI,,
75118,08_104_014,865,537,536,-1,3,533,EGYENI,,
75120,08_104_015,738,499,499,0,6,493,EGYENI,,
75122,08_104_016,778,500,500,0,5,495,EGYENI,,
75124,08_104_017,948,556,556,0,2,554,EGYENI,,
75126,08_104_018,869,541,540,-1,4,536,EGYENI,,
75128,08_104_019,940,508,508,0,5,503,EGYENI,,
75130,08_104_020,835,481,481,0,1,480,EGYENI,,
75132,08_104_021,819,441,441,0,5,436,EGYENI,,
75134,08_104_022,906,511,510,-1,5,505,EGYENI,,
75136,08_104_023,796,433,433,0,3,430,EGYENI,,
75138,08_104_024,1494,1123,1120,-3,11,1109,EGYENI,,
75140,08_104_025,787,383,383,0,2,381,EGYENI,,
75142,08_104_026,887,493,493,0,2,491,EGYENI,,
75144,08_104_027,854,497,497,0,5,492,EGYENI,,
75146,08_104_028,918,528,527,-1,10,517,EGYENI,,
75148,08_104_029,803,470,470,0,2,468,EGYENI,,
75382,08_104_030,855,527,527,0,6,521,EGYENI,,
75150,08_105_001,946,563,563,0,6,557,EGYENI,,
75152,08_105_002,1048,572,572,0,6,566,EGYENI,,
75154,08_106_001,677,382,382,0,2,380,EGYENI,,
75376,08_106_002,676,378,378,0,3,375,EGYENI,,
77684,08_107_001,677,426,426,0,4,422,EGYENI,,
76390,08_108_001,759,540,539,-1,4,535,EGYENI,,
78198,08_109_001,760,489,489,0,1,488,EGYENI,,
78200,08_109_002,784,510,510,0,3,507,EGYENI,,
78202,08_110_001,805,485,485,0,8,477,EGYENI,,
76892,08_111_001,643,336,336,0,5,331,EGYENI,,
76894,08_111_002,863,451,451,0,2,449,EGYENI,,
78204,08_112_001,182,127,127,0,3,124,EGYENI,,
76896,08_113_001,374,261,261,0,1,260,EGYENI,,
76898,08_114_001,903,606,605,-1,4,601,EGYENI,,
76900,08_114_002,908,550,550,0,5,545,EGYENI,,
76902,08_114_003,1099,746,745,-1,11,734,EGYENI,,
76904,08_114_004,432,268,268,0,1,267,EGYENI,,
77686,08_115_001,726,464,464,0,5,459,EGYENI,,
75156,08_116_001,826,498,497,-1,4,493,EGYENI,,
75158,08_116_002,778,486,485,-1,1,484,EGYENI,,
75356,08_116_003,776,455,455,0,2,453,EGYENI,,
76906,08_117_001,1018,539,537,-2,9,528,EGYENI,,
76908,08_117_002,706,417,417,0,4,413,EGYENI,,
76910,08_117_003,861,517,515,-2,1,514,EGYENI,,
76912,08_117_004,170,130,130,0,1,129,EGYENI,,
77688,08_118_001,331,198,198,0,2,196,EGYENI,,
77690,08_119_001,239,158,158,0,3,155,EGYENI,,
76914,08_120_001,785,457,457,0,2,455,EGYENI,,
78206,08_121_001,1154,731,731,0,9,722,EGYENI,,
78208,08_122_001,837,598,598,0,4,594,EGYENI,,
76916,08_123_001,808,469,469,0,7,462,EGYENI,,
76918,08_123_002,876,516,516,0,4,512,EGYENI,,
76920,08_123_003,280,145,145,0,0,145,EGYENI,,
78210,08_124_001,280,191,191,0,0,191,EGYENI,,
77692,08_125_001,88,63,63,0,0,63,EGYENI,,
77694,08_126_001,213,167,167,0,3,164,EGYENI,,
75358,08_127_001,518,352,352,0,6,346,EGYENI,,
75360,08_128_001,491,313,314,1,13,301,EGYENI,,
75362,08_128_002,682,455,455,0,3,452,EGYENI,,
75364,08_128_003,461,261,261,0,1,260,EGYENI,,
76922,08_129_001,991,610,609,-1,7,602,EGYENI,,
77696,08_130_001,412,225,225,0,0,225,EGYENI,,
77698,08_131_001,498,317,317,0,3,314,EGYENI,,
77700,08_132_001,617,430,430,0,7,423,EGYENI,,
77702,08_133_001,1023,572,572,0,5,567,EGYENI,,
77704,08_133_002,1000,595,595,0,3,592,EGYENI,,
77706,08_134_001,853,538,538,0,5,533,EGYENI,,
77708,08_135_001,74,54,54,0,1,53,EGYENI,,
77710,08_136_001,374,256,256,0,3,253,EGYENI,,
77712,08_137_001,444,284,284,0,5,279,EGYENI,,
77714,08_138_001,119,93,93,0,0,93,EGYENI,,
77914,08_139_001,825,533,533,0,5,528,EGYENI,,
75366,08_140_001,146,104,104,0,0,104,EGYENI,,
77916,08_141_001,247,167,167,0,1,166,EGYENI,,
78212,08_142_001,305,237,237,0,2,235,EGYENI,,
76924,08_143_001,445,247,247,0,4,243,EGYENI,,
76926,08_144_001,263,165,165,0,4,161,EGYENI,,
78214,08_145_001,351,225,225,0,0,225,EGYENI,,
78216,08_146_001,503,310,310,0,4,306,EGYENI,,
78218,08_146_002,195,152,152,0,1,151,EGYENI,,
78220,08_146_003,90,57,57,0,0,57,EGYENI,,
77122,08_147_001,258,173,173,0,0,173,EGYENI,,
77918,08_148_001,245,149,149,0,1,148,EGYENI,,
77124,08_149_001,921,563,563,0,8,555,EGYENI,,
78222,08_150_001,943,514,531,17,92,439,EGYENI,,
78224,08_150_002,1063,605,601,-4,6,595,EGYENI,,
78226,08_150_003,1076,648,647,-1,4,643,EGYENI,,
78228,08_150_004,1029,720,720,0,5,715,EGYENI,,
78230,08_150_005,832,559,559,0,5,554,EGYENI,,
78232,08_150_006,949,629,628,-1,10,618,EGYENI,,
78234,08_150_007,1094,773,773,0,7,766,EGYENI,,
78236,08_150_008,863,549,548,-1,5,543,EGYENI,,
78238,08_150_009,1099,733,733,0,4,729,EGYENI,,
78240,08_150_010,848,502,502,0,3,499,EGYENI,,
74298,08_150_011,922,545,545,0,6,539,EGYENI,,
74300,08_150_012,948,601,601,0,5,596,EGYENI,,
74302,08_150_013,894,495,494,-1,4,490,EGYENI,,
74304,08_150_014,867,557,556,-1,1,555,EGYENI,,
74306,08_150_015,889,540,540,0,2,538,EGYENI,,
74308,08_150_016,1064,652,651,-1,4,647,EGYENI,,
74310,08_150_017,692,485,484,-1,3,481,EGYENI,,
74312,08_150_018,719,463,463,0,8,455,EGYENI,,
74314,08_150_019,1027,683,683,0,5,678,EGYENI,,
74316,08_150_020,1354,886,886,0,9,877,EGYENI,,
74318,08_150_021,891,590,590,0,2,588,EGYENI,,
74320,08_150_022,1147,753,753,0,1,752,EGYENI,,
74322,08_150_023,778,424,424,0,4,420,EGYENI,,
74324,08_150_024,631,361,361,0,5,356,EGYENI,,
74326,08_150_025,1743,1385,1383,-2,8,1375,EGYENI,,
74328,08_150_026,713,482,482,0,6,476,EGYENI,,
74330,08_150_027,1000,560,560,0,6,554,EGYENI,,
74332,08_150_028,1191,755,755,0,1,754,EGYENI,,
74334,08_150_029,825,478,478,0,0,478,EGYENI,,
74336,08_150_030,1081,670,670,0,8,662,EGYENI,,
74338,08_150_031,981,625,624,-1,8,616,EGYENI,,
74340,08_150_032,1088,764,763,-1,8,755,EGYENI,,
74342,08_150_033,994,618,618,0,5,613,EGYENI,,
74344,08_150_034,897,606,605,-1,7,598,EGYENI,,
74346,08_150_035,1171,804,804,0,2,802,EGYENI,,
74348,08_150_036,1071,677,676,-1,8,668,EGYENI,,
74350,08_150_037,965,635,635,0,4,631,EGYENI,,
74352,08_150_038,975,722,721,-1,8,713,EGYENI,,
74354,08_150_039,1107,743,743,0,6,737,EGYENI,,
74356,08_150_040,1039,805,805,0,5,800,EGYENI,,
74358,08_150_041,833,629,628,-1,6,622,EGYENI,,
74360,08_150_042,1023,721,721,0,4,717,EGYENI,,
74362,08_150_043,978,659,659,0,5,654,EGYENI,,
74590,08_150_044,704,501,501,0,4,497,EGYENI,,
74592,08_150_045,741,463,463,0,5,458,EGYENI,,
74608,08_150_046,1038,690,690,0,4,686,EGYENI,,
74610,08_150_047,1333,870,870,0,2,868,EGYENI,,
74612,08_150_048,1016,692,692,0,3,689,EGYENI,,
74614,08_150_049,753,380,380,0,3,377,EGYENI,,
74594,08_151_001,645,465,464,-1,3,461,EGYENI,,
74596,08_152_001,997,671,671,0,3,668,EGYENI,,
77920,08_153_001,239,170,170,0,2,168,EGYENI,,
74598,08_154_001,360,206,205,-1,3,202,EGYENI,,
77922,08_155_001,1069,641,640,-1,3,637,EGYENI,,
77924,08_155_002,700,434,434,0,7,427,EGYENI,,
77926,08_156_001,748,476,475,-1,6,469,EGYENI,,
77126,08_157_001,669,388,388,0,2,386,EGYENI,,
77928,08_158_001,1093,597,597,0,9,588,EGYENI,,
77930,08_159_001,565,352,351,-1,0,351,EGYENI,,
77128,08_160_001,318,188,188,0,2,186,EGYENI,,
77130,08_161_001,569,356,356,0,8,348,EGYENI,,
77132,08_162_001,734,395,395,0,6,389,EGYENI,,
77932,08_163_001,166,114,114,0,1,113,EGYENI,,
77134,08_164_001,1236,710,710,0,7,703,EGYENI,,
77934,08_165_001,1097,471,471,0,2,469,EGYENI,,
77936,08_165_002,1052,575,574,-1,7,567,EGYENI,,
77938,08_165_003,1114,632,632,0,6,626,EGYENI,,
77136,08_166_001,775,438,438,0,1,437,EGYENI,,
77138,08_166_002,708,419,419,0,2,417,EGYENI,,
74600,08_167_001,285,170,170,0,2,168,EGYENI,,
74602,08_168_001,804,486,486,0,10,476,EGYENI,,
75368,08_169_001,657,363,363,0,7,356,EGYENI,,
77940,08_170_001,55,42,42,0,0,42,EGYENI,,
77942,08_171_001,418,273,273,0,4,269,EGYENI,,
75370,08_172_001,1200,812,811,-1,8,803,EGYENI,,
75372,08_173_001,327,196,196,0,1,195,EGYENI,,
77944,08_174_001,137,101,101,0,1,100,EGYENI,,
77946,08_175_001,748,546,546,0,8,538,EGYENI,,
77140,08_176_001,806,528,528,0,2,526,EGYENI,,
76392,08_177_001,150,101,101,0,0,101,EGYENI,,
77948,08_178_001,1078,666,666,0,6,660,EGYENI,,
74604,08_179_001,311,220,220,0,2,218,EGYENI,,
77950,08_180_001,120,85,85,0,0,85,EGYENI,,
74606,08_181_001,545,331,331,0,3,328,EGYENI,,
75374,08_182_001,441,216,216,0,6,210,EGYENI,,
75384,08_183_001,368,196,196,0,2,194,EGYENI,,
76420,09_001_001,725,404,403,-1,6,397,EGYENI,,
76422,09_001_002,653,350,350,0,2,348,EGYENI,,
76978,09_002_001,425,267,267,0,6,261,EGYENI,,
76424,09_003_001,930,502,502,0,14,488,EGYENI,,
76426,09_003_002,941,390,390,0,15,375,EGYENI,,
76980,09_004_001,1029,626,626,0,7,619,EGYENI,,
74104,09_005_001,1001,654,653,-1,3,650,EGYENI,,
74106,09_005_002,778,504,504,0,2,502,EGYENI,,
74108,09_005_003,913,644,644,0,10,634,EGYENI,,
74110,09_005_004,853,544,544,0,4,540,EGYENI,,
74112,09_005_005,746,480,480,0,3,477,EGYENI,,
74114,09_005_006,814,450,450,0,32,418,EGYENI,,
74116,09_005_007,856,591,591,0,11,580,EGYENI,,
74118,09_005_008,962,594,594,0,8,586,EGYENI,,
74120,09_005_009,1018,512,512,0,4,508,EGYENI,,
74122,09_005_010,767,395,395,0,5,390,EGYENI,,
74124,09_005_011,1005,443,443,0,13,430,EGYENI,,
74126,09_005_012,886,472,472,0,8,464,EGYENI,,
74128,09_005_013,944,511,511,0,7,504,EGYENI,,
74130,09_005_014,848,511,510,-1,3,507,EGYENI,,
74132,09_005_015,831,492,492,0,2,490,EGYENI,,
74134,09_005_016,870,489,489,0,6,483,EGYENI,,
74136,09_005_017,84,34,34,0,1,33,EGYENI,,
77754,09_006_001,659,365,365,0,5,360,EGYENI,,
77756,09_006_002,722,374,374,0,3,371,EGYENI,,
77758,09_006_003,749,410,410,0,4,406,EGYENI,,
76982,09_007_001,254,149,149,0,0,149,EGYENI,,
76984,09_008_001,742,343,343,0,4,339,EGYENI,,
76986,09_008_002,749,413,412,-1,7,405,EGYENI,,
76988,09_009_001,1784,1376,1371,-5,14,1357,EGYENI,,
76990,09_009_002,675,439,439,0,3,436,EGYENI,,
76992,09_009_003,692,411,411,0,2,409,EGYENI,,
77188,09_009_004,914,506,506,0,2,504,EGYENI,,
77190,09_009_005,710,338,338,0,6,332,EGYENI,,
77192,09_009_006,843,366,366,0,7,359,EGYENI,,
77194,09_009_007,783,516,515,-1,8,507,EGYENI,,
77196,09_009_008,706,314,314,0,1,313,EGYENI,,
77198,09_009_009,831,569,569,0,3,566,EGYENI,,
77200,09_009_010,690,408,408,0,3,405,EGYENI,,
77202,09_009_011,828,538,537,-1,0,537,EGYENI,,
77204,09_009_012,681,475,474,-1,1,473,EGYENI,,
77206,09_009_013,990,554,554,0,8,546,EGYENI,,
77208,09_009_014,621,432,432,0,2,430,EGYENI,,
77210,09_009_015,751,401,401,0,2,399,EGYENI,,
77212,09_009_016,766,373,373,0,5,368,EGYENI,,
77214,09_010_001,168,103,103,0,0,103,EGYENI,,
77216,09_011_001,683,434,434,0,6,428,EGYENI,,
77218,09_011_002,616,390,390,0,3,387,EGYENI,,
77220,09_011_003,615,352,352,0,3,349,EGYENI,,
77222,09_011_004,766,423,422,-1,4,418,EGYENI,,
77224,09_011_005,692,388,388,0,11,377,EGYENI,,
77226,09_012_001,660,362,361,-1,2,359,EGYENI,,
77228,09_012_002,698,300,300,0,3,297,EGYENI,,
77230,09_012_003,741,380,380,0,7,373,EGYENI,,
77232,09_013_001,780,432,432,0,10,422,EGYENI,,
76428,09_014_001,1283,774,774,0,6,768,EGYENI,,
76430,09_014_002,1156,727,727,0,6,721,EGYENI,,
77234,09_015_001,403,220,220,0,3,217,EGYENI,,
77236,09_016_001,727,337,337,0,6,331,EGYENI,,
77238,09_016_002,772,353,353,0,5,348,EGYENI,,
77240,09_016_003,41,25,25,0,0,25,EGYENI,,
77242,09_017_001,510,242,242,0,2,240,EGYENI,,
75388,09_018_001,459,296,296,0,3,293,EGYENI,,
76432,09_018_002,723,253,253,0,4,249,EGYENI,,
76434,09_018_003,1463,893,891,-2,12,879,EGYENI,,
76436,09_018_004,1161,717,717,0,4,713,EGYENI,,
76438,09_018_005,1118,562,562,0,5,557,EGYENI,,
76440,09_018_006,964,357,357,0,3,354,EGYENI,,
76442,09_018_007,1459,871,870,-1,13,857,EGYENI,,
76444,09_018_008,1453,849,847,-2,6,841,EGYENI,,
76446,09_018_009,1429,990,990,0,7,983,EGYENI,,
76448,09_018_010,1357,885,882,-3,5,877,EGYENI,,
76450,09_018_011,1208,819,819,0,7,812,EGYENI,,
76452,09_018_012,1449,936,936,0,11,925,EGYENI,,
76454,09_018_013,1332,887,887,0,4,883,EGYENI,,
76456,09_018_014,1380,967,965,-2,4,961,EGYENI,,
76458,09_018_015,1401,1002,1002,0,4,998,EGYENI,,
75908,09_018_016,1382,808,807,-1,8,799,EGYENI,,
75910,09_018_017,1345,761,759,-2,7,752,EGYENI,,
75912,09_018_018,2140,1628,1614,-14,10,1604,EGYENI,,
75914,09_018_019,1127,664,663,-1,7,656,EGYENI,,
75916,09_018_020,1199,733,730,-3,2,728,EGYENI,,
75918,09_018_021,1133,658,658,0,7,651,EGYENI,,
75920,09_018_022,1399,870,869,-1,5,864,EGYENI,,
75922,09_018_023,1350,825,825,0,6,819,EGYENI,,
75924,09_018_024,1412,1009,1009,0,2,1007,EGYENI,,
75926,09_018_025,1371,802,801,-1,11,790,EGYENI,,
75928,09_018_026,876,376,376,0,6,370,EGYENI,,
75930,09_018_027,841,291,291,0,1,290,EGYENI,,
75932,09_018_028,1447,601,601,0,11,590,EGYENI,,
75934,09_018_029,985,590,590,0,2,588,EGYENI,,
75936,09_018_030,1056,599,599,0,8,591,EGYENI,,
75938,09_018_031,1420,931,931,0,9,922,EGYENI,,
75940,09_018_032,1342,919,920,1,12,908,EGYENI,,
75942,09_018_033,1431,854,852,-2,1,851,EGYENI,,
75944,09_018_034,1380,939,939,0,6,933,EGYENI,,
75946,09_018_035,1445,969,969,0,5,964,EGYENI,,
76142,09_018_036,1080,488,488,0,4,484,EGYENI,,
76144,09_018_037,1370,655,654,-1,7,647,EGYENI,,
76146,09_018_038,1421,635,635,0,6,629,EGYENI,,
76148,09_018_039,914,616,616,0,6,610,EGYENI,,
76150,09_018_040,1182,714,714,0,1,713,EGYENI,,
76152,09_018_041,1431,860,860,0,8,852,EGYENI,,
76154,09_018_042,1466,902,900,-2,5,895,EGYENI,,
76156,09_018_043,1330,837,837,0,6,831,EGYENI,,
76158,09_018_044,1461,975,975,0,13,962,EGYENI,,
76160,09_018_045,1402,930,929,-1,5,924,EGYENI,,
76162,09_018_046,1343,848,848,0,9,839,EGYENI,,
76164,09_018_047,1096,656,654,-2,3,651,EGYENI,,
76166,09_018_048,1122,674,674,0,1,673,EGYENI,,
76168,09_018_049,1393,737,736,-1,1,735,EGYENI,,
76170,09_018_050,1015,383,383,0,5,378,EGYENI,,
76172,09_018_051,1036,536,536,0,8,528,EGYENI,,
76174,09_018_052,856,510,510,0,6,504,EGYENI,,
76176,09_018_053,1077,725,714,-11,6,708,EGYENI,,
76178,09_018_054,1333,791,791,0,9,782,EGYENI,,
76180,09_018_055,1167,790,789,-1,7,782,EGYENI,,
76182,09_018_056,845,495,495,0,2,493,EGYENI,,
76184,09_018_057,931,330,330,0,7,323,EGYENI,,
76186,09_018_058,1401,756,755,-1,5,750,EGYENI,,
76188,09_018_059,1152,814,813,-1,4,809,EGYENI,,
76190,09_018_060,1416,856,856,0,0,856,EGYENI,,
76192,09_018_061,1413,813,811,-2,11,800,EGYENI,,
76194,09_018_062,1269,761,758,-3,5,753,EGYENI,,
76196,09_018_063,1342,733,733,0,6,727,EGYENI,,
76198,09_018_064,1294,721,719,-2,7,712,EGYENI,,
76200,09_018_065,464,265,265,0,2,263,EGYENI,,
76202,09_018_066,1347,715,715,0,2,713,EGYENI,,
76204,09_018_067,1419,840,839,-1,15,824,EGYENI,,
76206,09_018_068,1209,764,762,-2,4,758,EGYENI,,
76406,09_018_069,1439,829,825,-4,10,815,EGYENI,,
76408,09_018_070,1177,690,689,-1,10,679,EGYENI,,
76410,09_018_071,1428,922,919,-3,4,915,EGYENI,,
75390,09_018_072,527,333,333,0,5,328,EGYENI,,
75392,09_018_073,1081,536,535,-1,4,531,EGYENI,,
75394,09_018_074,1441,766,766,0,1,765,EGYENI,,
75396,09_018_075,1429,766,766,0,10,756,EGYENI,,
75398,09_018_076,630,400,398,-2,2,396,EGYENI,,
75400,09_018_077,827,593,593,0,11,582,EGYENI,,
75402,09_018_078,1392,955,952,-3,12,940,EGYENI,,
75404,09_018_079,1186,676,676,0,7,669,EGYENI,,
75406,09_018_080,1042,573,573,0,7,566,EGYENI,,
75408,09_018_081,2107,1635,1617,-18,14,1603,EGYENI,,
75410,09_018_082,1322,791,791,0,6,785,EGYENI,,
75412,09_018_083,803,469,469,0,4,465,EGYENI,,
75414,09_018_084,1393,751,751,0,6,745,EGYENI,,
75416,09_018_085,1379,807,807,0,5,802,EGYENI,,
75418,09_018_086,1393,904,903,-1,11,892,EGYENI,,
75420,09_018_087,803,570,570,0,4,566,EGYENI,,
75422,09_018_088,1287,702,700,-2,8,692,EGYENI,,
75618,09_018_089,1404,819,818,-1,5,813,EGYENI,,
75620,09_018_090,1427,947,947,0,7,940,EGYENI,,
75622,09_018_091,1427,838,836,-2,4,832,EGYENI,,
75624,09_018_092,1316,823,822,-1,5,817,EGYENI,,
75626,09_018_093,746,475,475,0,3,472,EGYENI,,
75628,09_018_094,1285,951,950,-1,7,943,EGYENI,,
75630,09_018_095,1090,794,793,-1,5,788,EGYENI,,
75632,09_018_096,1376,1045,1043,-2,5,1038,EGYENI,,
75634,09_018_097,810,509,509,0,13,496,EGYENI,,
75636,09_018_098,1171,758,757,-1,5,752,EGYENI,,
75638,09_018_099,1433,958,958,0,8,950,EGYENI,,
75640,09_018_100,1434,840,840,0,6,834,EGYENI,,
75642,09_018_101,1472,922,922,0,8,914,EGYENI,,
75644,09_018_102,1466,900,898,-2,11,887,EGYENI,,
75646,09_018_103,805,431,431,0,2,429,EGYENI,,
75648,09_018_104,414,257,257,0,2,255,EGYENI,,
75650,09_018_105,1032,697,697,0,6,691,EGYENI,,
75652,09_018_106,882,720,720,0,5,715,EGYENI,,
75654,09_018_107,1337,749,749,0,5,744,EGYENI,,
75656,09_018_108,215,73,73,0,0,73,EGYENI,,
75658,09_018_109,1397,842,841,-1,6,835,EGYENI,,
75660,09_018_110,1065,662,662,0,9,653,EGYENI,,
75662,09_018_111,1421,955,954,-1,6,948,EGYENI,,
75664,09_018_112,1257,726,726,0,17,709,EGYENI,,
75666,09_018_113,1148,788,788,0,7,781,EGYENI,,
75668,09_018_114,1387,818,818,0,7,811,EGYENI,,
75670,09_018_115,1069,453,453,0,3,450,EGYENI,,
75672,09_018_116,1048,718,717,-1,0,717,EGYENI,,
75674,09_018_117,832,643,642,-1,2,640,EGYENI,,
75676,09_018_118,1363,1016,1014,-2,7,1007,EGYENI,,
75678,09_018_119,935,633,633,0,3,630,EGYENI,,
75680,09_018_120,1327,825,824,-1,7,817,EGYENI,,
75682,09_018_121,1320,830,830,0,8,822,EGYENI,,
75882,09_018_122,1408,862,860,-2,10,850,EGYENI,,
75884,09_018_123,1416,961,961,0,3,958,EGYENI,,
76412,09_018_124,887,516,515,-1,3,512,EGYENI,,
75886,09_018_125,790,519,519,0,8,511,EGYENI,,
75888,09_018_126,1177,757,756,-1,5,751,EGYENI,,
75890,09_018_127,952,670,670,0,7,663,EGYENI,,
75892,09_018_128,1223,909,907,-2,5,902,EGYENI,,
75894,09_018_129,883,569,569,0,3,566,EGYENI,,
75896,09_018_130,391,145,145,0,1,144,EGYENI,,
76460,09_018_131,1558,1200,1200,0,9,1191,EGYENI,,
76462,09_018_132,467,320,320,0,1,319,EGYENI,,
76414,09_018_133,1140,786,786,0,6,780,EGYENI,,
75898,09_018_134,896,491,490,-1,5,485,EGYENI,,
75900,09_018_135,1203,755,755,0,3,752,EGYENI,,
75902,09_018_136,908,517,517,0,4,513,EGYENI,,
75904,09_018_137,825,469,469,0,4,465,EGYENI,,
75906,09_018_138,1156,664,662,-2,2,660,EGYENI,,
76416,09_018_139,1324,672,672,0,5,667,EGYENI,,
76418,09_018_140,1125,597,596,-1,1,595,EGYENI,,
77244,09_019_001,970,502,502,0,4,498,EGYENI,,
77246,09_019_002,971,383,383,0,5,378,EGYENI,,
77248,09_019_003,875,549,548,-1,5,543,EGYENI,,
77250,09_019_004,947,494,494,0,5,489,EGYENI,,
77454,09_019_005,891,499,499,0,3,496,EGYENI,,
77456,09_019_006,1031,610,610,0,11,599,EGYENI,,
77458,09_019_007,927,578,578,0,5,573,EGYENI,,
77460,09_019_008,375,164,164,0,3,161,EGYENI,,
77760,09_020_001,971,526,526,0,16,510,EGYENI,,
77762,09_020_002,907,471,471,0,4,467,EGYENI,,
77764,09_020_003,1007,583,584,1,17,567,EGYENI,,
77766,09_020_004,840,442,442,0,12,430,EGYENI,,
77768,09_021_001,667,214,214,0,3,211,EGYENI,,
77770,09_021_002,648,316,315,-1,4,311,EGYENI,,
77772,09_021_003,721,417,417,0,5,412,EGYENI,,
77774,09_021_004,736,336,335,-1,5,330,EGYENI,,
77776,09_021_005,761,390,390,0,3,387,EGYENI,,
77778,09_021_006,502,202,202,0,4,198,EGYENI,,
77780,09_021_007,139,67,67,0,0,67,EGYENI,,
77750,09_022_001,1110,578,578,0,1,577,EGYENI,,
74138,09_023_001,262,139,139,0,0,139,EGYENI,,
77782,09_024_001,846,462,462,0,8,454,EGYENI,,
77784,09_024_002,859,512,512,0,6,506,EGYENI,,
77980,09_024_003,829,420,418,-2,7,411,EGYENI,,
77982,09_024_004,849,493,493,0,6,487,EGYENI,,
77462,09_025_001,940,496,496,0,7,489,EGYENI,,
76464,09_026_001,417,226,226,0,5,221,EGYENI,,
76466,09_026_002,388,203,203,0,2,201,EGYENI,,
76974,09_026_003,422,231,231,0,3,228,EGYENI,,
76976,09_026_004,181,110,110,0,3,107,EGYENI,,
77464,09_027_001,664,320,320,0,7,313,EGYENI,,
74140,09_028_001,933,498,498,0,7,491,EGYENI,,
74142,09_028_002,1019,510,510,0,7,503,EGYENI,,
74144,09_028_003,59,27,27,0,1,26,EGYENI,,
77466,09_029_001,849,426,426,0,9,417,EGYENI,,
77468,09_029_002,760,412,412,0,11,401,EGYENI,,
74146,09_030_001,1109,680,680,0,5,675,EGYENI,,
74148,09_030_002,1000,645,645,0,6,639,EGYENI,,
74150,09_030_003,649,322,322,0,5,317,EGYENI,,
74152,09_030_004,1199,700,699,-1,11,688,EGYENI,,
74154,09_030_005,1059,668,668,0,8,660,EGYENI,,
74156,09_030_006,1189,631,631,0,2,629,EGYENI,,
74364,09_030_007,750,270,270,0,6,264,EGYENI,,
74366,09_030_008,216,114,114,0,1,113,EGYENI,,
74368,09_030_009,1155,504,503,-1,4,499,EGYENI,,
74370,09_030_010,1162,661,661,0,7,654,EGYENI,,
74372,09_030_011,799,489,488,-1,5,483,EGYENI,,
74374,09_030_012,1143,794,794,0,10,784,EGYENI,,
74376,09_030_013,701,398,398,0,8,390,EGYENI,,
74378,09_030_014,927,609,609,0,8,601,EGYENI,,
74380,09_030_015,614,378,378,0,7,371,EGYENI,,
74706,09_030_016,1621,1210,1207,-3,11,1196,EGYENI,,
74382,09_030_017,852,540,540,0,9,531,EGYENI,,
74384,09_030_018,760,441,441,0,3,438,EGYENI,,
74386,09_030_019,1230,773,772,-1,5,767,EGYENI,,
74388,09_030_020,699,408,408,0,3,405,EGYENI,,
74390,09_030_021,1300,771,771,0,12,759,EGYENI,,
74392,09_030_022,950,608,608,0,5,603,EGYENI,,
74394,09_030_023,1006,444,444,0,13,431,EGYENI,,
74396,09_030_024,977,486,486,0,13,473,EGYENI,,
74398,09_030_025,1151,641,640,-1,4,636,EGYENI,,
74400,09_030_026,706,290,289,-1,10,279,EGYENI,,
74704,09_030_027,679,315,315,0,2,313,EGYENI,,
74402,09_031_001,835,501,501,0,4,497,EGYENI,,
74404,09_031_002,1022,547,547,0,18,529,EGYENI,,
74406,09_031_003,979,630,629,-1,3,626,EGYENI,,
74408,09_031_004,992,555,555,0,4,551,EGYENI,,
74410,09_031_005,897,422,422,0,2,420,EGYENI,,
74412,09_031_006,817,450,450,0,10,440,EGYENI,,
74414,09_031_007,821,396,396,0,8,388,EGYENI,,
74416,09_031_008,701,398,398,0,3,395,EGYENI,,
76468,09_032_001,1039,536,536,0,22,514,EGYENI,,
76470,09_032_002,943,355,355,0,10,345,EGYENI,,
76668,09_032_003,1213,591,591,0,4,587,EGYENI,,
76670,09_032_004,1229,634,634,0,12,622,EGYENI,,
76672,09_032_005,1011,446,446,0,20,426,EGYENI,,
76674,09_032_006,1234,575,575,0,4,571,EGYENI,,
76676,09_032_007,1299,797,796,-1,6,790,EGYENI,,
76678,09_032_008,1290,763,763,0,5,758,EGYENI,,
76680,09_032_009,121,52,52,0,2,50,EGYENI,,
74418,09_033_001,919,478,478,0,3,475,EGYENI,,
74420,09_033_002,846,388,388,0,7,381,EGYENI,,
74422,09_033_003,900,479,479,0,5,474,EGYENI,,
74424,09_033_004,935,485,485,0,4,481,EGYENI,,
74426,09_033_005,919,456,456,0,14,442,EGYENI,,
74658,09_033_006,928,548,548,0,12,536,EGYENI,,
74660,09_033_007,598,303,303,0,0,303,EGYENI,,
74662,09_033_008,631,275,275,0,3,272,EGYENI,,
74664,09_033_009,605,348,348,0,5,343,EGYENI,,
74666,09_033_010,799,424,424,0,6,418,EGYENI,,
74668,09_033_011,872,437,437,0,6,431,EGYENI,,
74670,09_033_012,865,486,486,0,1,485,EGYENI,,
74672,09_033_013,885,470,470,0,3,467,EGYENI,,
74674,09_033_014,821,466,466,0,6,460,EGYENI,,
74676,09_033_015,832,454,454,0,9,445,EGYENI,,
74678,09_033_016,816,391,391,0,6,385,EGYENI,,
74680,09_033_017,591,334,333,-1,6,327,EGYENI,,
74682,09_033_018,340,229,229,0,1,228,EGYENI,,
76682,09_034_001,1264,678,675,-3,11,664,EGYENI,,
76684,09_034_002,1167,646,646,0,10,636,EGYENI,,
76686,09_034_003,1129,556,556,0,16,540,EGYENI,,
76688,09_034_004,1089,440,440,0,9,431,EGYENI,,
76690,09_034_005,1289,706,706,0,9,697,EGYENI,,
76692,09_034_006,1089,484,486,2,22,464,EGYENI,,
76694,09_034_007,828,417,417,0,2,415,EGYENI,,
76696,09_034_008,770,314,314,0,2,312,EGYENI,,
76698,09_034_009,620,313,313,0,2,311,EGYENI,,
76700,09_034_010,889,345,345,0,8,337,EGYENI,,
77984,09_035_001,1099,651,651,0,11,640,EGYENI,,
77986,09_035_002,2174,1623,1626,3,65,1561,EGYENI,,
77988,09_035_003,975,598,598,0,9,589,EGYENI,,
77990,09_035_004,900,556,556,0,5,551,EGYENI,,
77992,09_035_005,818,527,527,0,2,525,EGYENI,,
77994,09_035_006,908,553,553,0,11,542,EGYENI,,
77996,09_035_007,778,455,454,-1,6,448,EGYENI,,
77998,09_035_008,1105,640,640,0,11,629,EGYENI,,
78000,09_035_009,743,409,409,0,7,402,EGYENI,,
78002,09_035_010,902,565,565,0,4,561,EGYENI,,
78004,09_035_011,869,527,526,-1,5,521,EGYENI,,
78006,09_035_012,704,366,366,0,8,358,EGYENI,,
78008,09_035_013,946,461,461,0,8,453,EGYENI,,
78010,09_035_014,881,508,508,0,6,502,EGYENI,,
78012,09_035_015,1003,652,652,0,12,640,EGYENI,,
78014,09_035_016,1174,702,702,0,7,695,EGYENI,,
78016,09_035_017,1081,526,525,-1,32,493,EGYENI,,
78018,09_035_018,1176,502,503,1,24,479,EGYENI,,
78020,09_035_019,1151,764,769,5,54,715,EGYENI,,
74100,09_035_020,991,648,647,-1,5,642,EGYENI,,
78022,09_036_001,795,393,393,0,3,390,EGYENI,,
78024,09_036_002,821,509,509,0,15,494,EGYENI,,
78026,09_036_003,805,422,422,0,14,408,EGYENI,,
77470,09_037_001,862,433,433,0,9,424,EGYENI,,
78028,09_038_001,1091,670,669,-1,8,661,EGYENI,,
78030,09_038_002,190,73,73,0,3,70,EGYENI,,
77472,09_039_001,1193,674,673,-1,5,668,EGYENI,,
77474,09_039_002,1147,552,550,-2,15,535,EGYENI,,
77476,09_039_003,1053,452,452,0,7,445,EGYENI,,
77478,09_039_004,1091,514,515,1,19,496,EGYENI,,
78032,09_040_001,949,509,508,-1,11,497,EGYENI,,
78034,09_040_002,1013,574,573,-1,7,566,EGYENI,,
78036,09_040_003,961,467,467,0,4,463,EGYENI,,
78038,09_040_004,1005,573,573,0,11,562,EGYENI,,
78040,09_040_005,1000,589,589,0,4,585,EGYENI,,
77480,09_041_001,983,521,521,0,8,513,EGYENI,,
76702,09_042_001,497,264,264,0,5,259,EGYENI,,
77482,09_043_001,652,335,335,0,2,333,EGYENI,,
77484,09_043_002,636,347,347,0,2,345,EGYENI,,
77486,09_043_003,630,351,351,0,8,343,EGYENI,,
77488,09_043_004,609,288,288,0,1,287,EGYENI,,
77490,09_043_005,641,329,329,0,4,325,EGYENI,,
77492,09_043_006,616,252,252,0,6,246,EGYENI,,
77494,09_043_007,513,241,241,0,1,240,EGYENI,,
77496,09_043_008,101,47,47,0,1,46,EGYENI,,
77498,09_044_001,711,316,316,0,6,310,EGYENI,,
77500,09_044_002,915,511,511,0,5,506,EGYENI,,
77502,09_045_001,667,358,358,0,12,346,EGYENI,,
77504,09_046_001,756,469,470,1,18,452,EGYENI,,
77506,09_046_002,77,52,52,0,2,50,EGYENI,,
76704,09_047_001,976,512,512,0,1,511,EGYENI,,
76706,09_047_002,834,371,371,0,7,364,EGYENI,,
76708,09_047_003,1168,500,500,0,5,495,EGYENI,,
76710,09_047_004,968,346,346,0,5,341,EGYENI,,
76712,09_047_005,761,308,308,0,8,300,EGYENI,,
76714,09_047_006,876,360,359,-1,2,357,EGYENI,,
77508,09_048_001,778,417,417,0,5,412,EGYENI,,
77510,09_049_001,518,286,286,0,2,284,EGYENI,,
77512,09_050_001,525,296,296,0,2,294,EGYENI,,
77514,09_051_001,803,493,493,0,4,489,EGYENI,,
77516,09_051_002,1073,589,589,0,6,583,EGYENI,,
77518,09_051_003,918,558,558,0,0,558,EGYENI,,
77752,09_051_004,741,461,461,0,3,458,EGYENI,,
77520,09_052_001,833,460,460,0,1,459,EGYENI,,
77716,09_052_002,917,503,503,0,8,495,EGYENI,,
78042,09_053_001,1175,667,667,0,12,655,EGYENI,,
78242,09_053_002,1102,666,666,0,7,659,EGYENI,,
77718,09_054_001,971,465,465,0,13,452,EGYENI,,
77720,09_054_002,40,22,22,0,1,21,EGYENI,,
77722,09_055_001,907,404,404,0,5,399,EGYENI,,
77724,09_055_002,910,427,427,0,5,422,EGYENI,,
78244,09_056_001,1040,466,466,0,3,463,EGYENI,,
78246,09_056_002,990,470,470,0,11,459,EGYENI,,
78248,09_056_003,1100,626,626,0,4,622,EGYENI,,
78250,09_056_004,1045,402,402,0,5,397,EGYENI,,
78252,09_056_005,1058,538,538,0,4,534,EGYENI,,
78254,09_056_006,944,421,421,0,6,415,EGYENI,,
78256,09_056_007,941,477,477,0,4,473,EGYENI,,
76716,09_057_001,442,248,248,0,4,244,EGYENI,,
76718,09_057_002,788,433,433,0,7,426,EGYENI,,
76720,09_057_003,625,361,361,0,4,357,EGYENI,,
76722,09_057_004,927,579,579,0,6,573,EGYENI,,
76724,09_057_005,96,43,43,0,1,42,EGYENI,,
76726,09_057_006,173,105,105,0,5,100,EGYENI,,
76728,09_058_001,815,563,563,0,4,559,EGYENI,,
76730,09_058_002,781,447,447,0,4,443,EGYENI,,
76732,09_058_003,718,447,447,0,3,444,EGYENI,,
76928,09_058_004,612,442,441,-1,7,434,EGYENI,,
76930,09_058_005,905,616,616,0,12,604,EGYENI,,
76932,09_058_006,1065,650,650,0,3,647,EGYENI,,
76934,09_058_007,762,492,492,0,4,488,EGYENI,,
76936,09_058_008,378,223,223,0,2,221,EGYENI,,
76938,09_059_001,775,424,424,0,0,424,EGYENI,,
76940,09_059_002,837,465,465,0,7,458,EGYENI,,
76942,09_059_003,571,286,286,0,1,285,EGYENI,,
76944,09_059_004,733,401,401,0,2,399,EGYENI,,
76946,09_059_005,86,51,51,0,0,51,EGYENI,,
76948,09_060_001,827,435,434,-1,4,430,EGYENI,,
76950,09_060_002,827,431,431,0,5,426,EGYENI,,
77726,09_061_001,889,508,508,0,6,502,EGYENI,,
77728,09_061_002,1050,606,604,-2,14,590,EGYENI,,
74684,09_062_001,775,417,414,-3,11,403,EGYENI,,
74686,09_062_002,913,524,524,0,4,520,EGYENI,,
74688,09_062_003,878,543,543,0,6,537,EGYENI,,
74690,09_062_004,713,376,376,0,4,372,EGYENI,,
74692,09_062_005,1049,615,615,0,9,606,EGYENI,,
74694,09_062_006,1143,517,485,-32,15,470,EGYENI,,
74696,09_062_007,988,421,413,-8,5,408,EGYENI,,
78258,09_063_001,832,511,511,0,7,504,EGYENI,,
78260,09_063_002,665,475,475,0,8,467,EGYENI,,
78262,09_063_003,737,496,496,0,4,492,EGYENI,,
78264,09_063_004,806,501,501,0,5,496,EGYENI,,
78266,09_063_005,840,500,499,-1,7,492,EGYENI,,
78268,09_063_006,742,422,422,0,8,414,EGYENI,,
78270,09_063_007,798,482,480,-2,3,477,EGYENI,,
78272,09_063_008,782,515,515,0,6,509,EGYENI,,
78274,09_063_009,852,576,576,0,7,569,EGYENI,,
78276,09_063_010,684,440,440,0,5,435,EGYENI,,
78278,09_063_011,700,408,408,0,4,404,EGYENI,,
78280,09_063_012,798,449,449,0,9,440,EGYENI,,
78282,09_063_013,844,511,511,0,8,503,EGYENI,,
78284,09_063_014,602,379,379,0,3,376,EGYENI,,
74096,09_063_015,763,390,390,0,18,372,EGYENI,,
74098,09_063_016,820,417,416,-1,17,399,EGYENI,,
77730,09_064_001,720,360,360,0,2,358,EGYENI,,
77732,09_065_001,878,529,529,0,7,522,EGYENI,,
77734,09_065_002,939,494,494,0,4,490,EGYENI,,
78286,09_066_001,810,419,419,0,9,410,EGYENI,,
78288,09_066_002,773,439,439,0,3,436,EGYENI,,
78290,09_066_003,768,457,457,0,3,454,EGYENI,,
77736,09_067_001,913,530,529,-1,7,522,EGYENI,,
78292,09_068_001,986,484,484,0,7,477,EGYENI,,
78294,09_068_002,89,44,44,0,0,44,EGYENI,,
78296,09_069_001,511,287,287,0,3,284,EGYENI,,
78298,09_069_002,568,334,334,0,10,324,EGYENI,,
76952,09_070_001,1099,569,569,0,11,558,EGYENI,,
76954,09_070_002,1029,444,444,0,4,440,EGYENI,,
76956,09_070_003,982,532,532,0,6,526,EGYENI,,
76958,09_070_004,1039,541,541,0,7,534,EGYENI,,
76960,09_070_005,926,470,470,0,8,462,EGYENI,,
77738,09_071_001,837,491,491,0,3,488,EGYENI,,
78300,09_072_001,661,314,314,0,3,311,EGYENI,,
78302,09_072_002,727,353,353,0,7,346,EGYENI,,
78304,09_072_003,887,428,428,0,8,420,EGYENI,,
78306,09_072_004,782,346,346,0,16,330,EGYENI,,
74094,09_072_005,620,281,280,-1,1,279,EGYENI,,
74102,09_072_006,74,46,46,0,1,45,EGYENI,,
74698,09_073_001,615,343,343,0,4,339,EGYENI,,
77740,09_074_001,257,101,101,0,1,100,EGYENI,,
77742,09_075_001,493,275,275,0,4,271,EGYENI,,
76962,09_076_001,800,407,407,0,7,400,EGYENI,,
74700,09_077_001,1217,619,618,-1,10,608,EGYENI,,
74702,09_078_001,750,423,423,0,2,421,EGYENI,,
76964,09_079_001,1047,578,576,-2,5,571,EGYENI,,
76966,09_079_002,871,520,520,0,8,512,EGYENI,,
76968,09_079_003,814,490,490,0,5,485,EGYENI,,
76970,09_079_004,743,465,465,0,3,462,EGYENI,,
76972,09_079_005,797,514,514,0,7,507,EGYENI,,
77744,09_080_001,962,585,584,-1,9,575,EGYENI,,
77746,09_081_001,123,87,87,0,7,80,EGYENI,,
77748,09_082_001,1273,684,684,0,13,671,EGYENI,,
76524,10_001_001,1063,708,708,0,5,703,EGYENI,,
76526,10_001_002,1018,640,639,-1,4,635,EGYENI,,
77024,10_002_001,670,353,353,0,3,350,EGYENI,,
77026,10_002_002,733,485,485,0,3,482,EGYENI,,
77028,10_002_003,725,439,439,0,4,435,EGYENI,,
76528,10_003_001,590,390,387,-3,5,382,EGYENI,,
74708,10_004_001,1131,832,832,0,4,828,EGYENI,,
74710,10_004_002,1126,726,726,0,11,715,EGYENI,,
77030,10_005_001,751,433,433,0,7,426,EGYENI,,
77032,10_005_002,637,368,368,0,8,360,EGYENI,,
77034,10_005_003,607,376,376,0,6,370,EGYENI,,
77036,10_006_001,716,486,486,0,4,482,EGYENI,,
77038,10_006_002,733,448,448,0,1,447,EGYENI,,
74712,10_007_001,1057,507,507,0,17,490,EGYENI,,
76530,10_008_001,509,323,323,0,8,315,EGYENI,,
77022,10_008_002,392,219,219,0,2,217,EGYENI,,
76532,10_009_001,310,203,201,-2,7,194,EGYENI,,
76534,10_010_001,537,321,321,0,6,315,EGYENI,,
74714,10_011_001,696,428,428,0,1,427,EGYENI,,
74716,10_011_002,634,314,314,0,6,308,EGYENI,,
74718,10_011_003,812,386,386,0,8,378,EGYENI,,
76536,10_012_001,816,482,482,0,8,474,EGYENI,,
76538,10_012_002,883,504,504,0,6,498,EGYENI,,
77252,10_012_003,692,392,392,0,4,388,EGYENI,,
77040,10_013_001,1087,596,596,0,9,587,EGYENI,,
77254,10_014_001,616,390,390,0,3,387,EGYENI,,
77042,10_015_001,820,511,511,0,10,501,EGYENI,,
77044,10_015_002,784,488,488,0,2,486,EGYENI,,
77046,10_015_003,786,487,487,0,8,479,EGYENI,,
77256,10_016_001,843,508,508,0,9,499,EGYENI,,
77258,10_017_001,258,152,152,0,2,150,EGYENI,,
77260,10_018_001,611,410,409,-1,3,406,EGYENI,,
77048,10_019_001,618,307,307,0,6,301,EGYENI,,
77050,10_019_002,575,229,229,0,2,227,EGYENI,,
77052,10_019_003,592,298,298,0,3,295,EGYENI,,
74720,10_020_001,516,352,352,0,3,349,EGYENI,,
77262,10_021_001,925,539,539,0,3,536,EGYENI,,
77264,10_022_001,738,475,474,-1,4,470,EGYENI,,
77266,10_022_002,884,643,643,0,6,637,EGYENI,,
74722,10_023_001,769,359,359,0,7,352,EGYENI,,
77054,10_024_001,916,535,535,0,6,529,EGYENI,,
77056,10_024_002,868,468,468,0,3,465,EGYENI,,
77058,10_024_003,849,505,505,0,12,493,EGYENI,,
74900,10_025_001,762,570,570,0,5,565,EGYENI,,
74902,10_025_002,669,495,495,0,5,490,EGYENI,,
74904,10_025_003,1077,754,742,-12,8,734,EGYENI,,
74906,10_025_004,1058,772,771,-1,7,764,EGYENI,,
74908,10_025_005,1033,705,705,0,1,704,EGYENI,,
74910,10_025_006,1067,740,740,0,4,736,EGYENI,,
74912,10_025_007,1052,759,758,-1,4,754,EGYENI,,
74914,10_025_008,848,612,612,0,6,606,EGYENI,,
74916,10_025_009,848,602,601,-1,1,600,EGYENI,,
74918,10_025_010,977,689,689,0,3,686,EGYENI,,
74920,10_025_011,1110,806,806,0,6,800,EGYENI,,
74922,10_025_012,1076,777,775,-2,11,764,EGYENI,,
74924,10_025_013,1045,753,753,0,1,752,EGYENI,,
74926,10_025_014,1050,715,715,0,1,714,EGYENI,,
74928,10_025_015,1095,735,734,-1,2,732,EGYENI,,
74930,10_025_016,775,583,583,0,3,580,EGYENI,,
74932,10_025_017,653,443,443,0,8,435,EGYENI,,
74934,10_025_018,718,491,491,0,2,489,EGYENI,,
74936,10_025_019,917,607,607,0,6,601,EGYENI,,
74938,10_025_020,543,366,366,0,1,365,EGYENI,,
74940,10_025_021,1078,791,788,-3,6,782,EGYENI,,
74942,10_025_022,1136,823,823,0,12,811,EGYENI,,
74944,10_025_023,896,530,530,0,4,526,EGYENI,,
74946,10_025_024,955,649,649,0,2,647,EGYENI,,
74948,10_025_025,976,707,706,-1,2,704,EGYENI,,
74950,10_025_026,832,608,608,0,1,607,EGYENI,,
74952,10_025_027,838,604,603,-1,2,601,EGYENI,,
74954,10_025_028,1075,541,541,0,5,536,EGYENI,,
74956,10_025_029,887,604,604,0,5,599,EGYENI,,
74958,10_025_030,1008,685,686,1,15,671,EGYENI,,
74960,10_025_031,2465,2031,2018,-13,13,2005,EGYENI,,
74962,10_025_032,852,508,508,0,3,505,EGYENI,,
75160,10_025_033,917,588,588,0,5,583,EGYENI,,
75162,10_025_034,943,609,611,2,17,594,EGYENI,,
75164,10_025_035,761,485,485,0,5,480,EGYENI,,
75166,10_025_036,911,599,599,0,6,593,EGYENI,,
75168,10_025_037,998,653,653,0,4,649,EGYENI,,
75170,10_025_038,965,641,641,0,4,637,EGYENI,,
75172,10_025_039,925,578,578,0,6,572,EGYENI,,
75174,10_025_040,1014,574,575,1,13,562,EGYENI,,
75176,10_025_041,991,664,663,-1,6,657,EGYENI,,
75178,10_025_042,1066,688,688,0,2,686,EGYENI,,
75180,10_025_043,759,453,453,0,5,448,EGYENI,,
75182,10_025_044,1126,644,644,0,11,633,EGYENI,,
75184,10_025_045,1175,808,808,0,9,799,EGYENI,,
75186,10_025_046,782,506,506,0,5,501,EGYENI,,
75188,10_025_047,802,553,553,0,2,551,EGYENI,,
75190,10_026_001,1163,762,762,0,8,754,EGYENI,,
77268,10_027_001,465,315,315,0,4,311,EGYENI,,
77270,10_028_001,216,124,124,0,2,122,EGYENI,,
77272,10_028_002,468,271,271,0,3,268,EGYENI,,
77274,10_028_003,414,212,212,0,1,211,EGYENI,,
75192,10_029_001,520,288,288,0,1,287,EGYENI,,
75194,10_030_001,785,534,534,0,8,526,EGYENI,,
75196,10_030_002,722,484,484,0,8,476,EGYENI,,
75198,10_031_001,886,624,624,0,5,619,EGYENI,,
77276,10_032_001,496,366,366,0,8,358,EGYENI,,
77786,10_033_001,699,398,398,0,7,391,EGYENI,,
77788,10_033_002,596,295,295,0,9,286,EGYENI,,
77790,10_033_003,616,336,336,0,10,326,EGYENI,,
77792,10_033_004,698,341,341,0,5,336,EGYENI,,
77794,10_034_001,645,334,334,0,15,319,EGYENI,,
77278,10_035_001,287,218,218,0,3,215,EGYENI,,
77280,10_036_001,826,522,522,0,6,516,EGYENI,,
75200,10_037_001,968,677,677,0,9,668,EGYENI,,
75202,10_037_002,929,552,549,-3,9,540,EGYENI,,
75204,10_037_003,901,651,651,0,6,645,EGYENI,,
75206,10_038_001,664,404,404,0,4,400,EGYENI,,
75208,10_038_002,655,384,384,0,2,382,EGYENI,,
75210,10_038_003,814,534,535,1,10,525,EGYENI,,
75212,10_038_004,974,613,613,0,7,606,EGYENI,,
75214,10_038_005,620,371,371,0,2,369,EGYENI,,
75216,10_038_006,617,368,368,0,7,361,EGYENI,,
75218,10_038_007,849,458,458,0,3,455,EGYENI,,
75220,10_038_008,976,573,574,1,14,560,EGYENI,,
77008,10_039_001,662,500,500,0,2,498,EGYENI,,
77282,10_039_002,1098,841,841,0,3,838,EGYENI,,
77284,10_039_003,688,494,494,0,4,490,EGYENI,,
77286,10_039_004,840,620,620,0,4,616,EGYENI,,
77288,10_039_005,1064,599,597,-2,13,584,EGYENI,,
77290,10_039_006,728,457,457,0,8,449,EGYENI,,
77302,10_039_007,934,705,705,0,4,701,EGYENI,,
77304,10_039_008,778,572,572,0,3,569,EGYENI,,
77010,10_039_009,916,705,704,-1,4,700,EGYENI,,
77306,10_039_010,789,562,562,0,4,558,EGYENI,,
77296,10_039_011,1112,795,795,0,3,792,EGYENI,,
77294,10_039_012,2124,1730,1729,-1,12,1717,EGYENI,,
77292,10_039_013,858,635,631,-4,4,627,EGYENI,,
77298,10_039_014,810,586,586,0,6,580,EGYENI,,
77012,10_039_015,763,535,535,0,1,534,EGYENI,,
77300,10_039_016,920,644,643,-1,3,640,EGYENI,,
77316,10_039_017,749,503,503,0,3,500,EGYENI,,
77308,10_039_018,747,506,506,0,5,501,EGYENI,,
77310,10_039_019,792,581,581,0,3,578,EGYENI,,
77312,10_039_020,958,663,663,0,2,661,EGYENI,,
77014,10_039_021,835,538,538,0,4,534,EGYENI,,
77314,10_039_022,921,622,621,-1,2,619,EGYENI,,
78044,10_039_023,1063,679,679,0,6,673,EGYENI,,
77018,10_039_024,560,429,429,0,3,426,EGYENI,,
78046,10_039_025,855,519,519,0,3,516,EGYENI,,
77016,10_039_026,656,432,432,0,1,431,EGYENI,,
78048,10_039_027,526,349,349,0,3,346,EGYENI,,
78050,10_039_028,915,623,623,0,7,616,EGYENI,,
78052,10_039_029,799,538,538,0,0,538,EGYENI,,
77020,10_039_030,762,478,478,0,15,463,EGYENI,,
77796,10_040_001,1095,764,764,0,3,761,EGYENI,,
77798,10_040_002,1034,693,693,0,5,688,EGYENI,,
78054,10_041_001,1089,628,628,0,20,608,EGYENI,,
78056,10_042_001,750,462,462,0,23,439,EGYENI,,
78058,10_042_002,604,378,378,0,6,372,EGYENI,,
78060,10_042_003,682,463,463,0,8,455,EGYENI,,
78062,10_043_001,731,461,461,0,4,457,EGYENI,,
78064,10_043_002,899,646,646,0,2,644,EGYENI,,
78066,10_043_003,839,586,586,0,4,582,EGYENI,,
78068,10_044_001,933,690,690,0,7,683,EGYENI,,
78070,10_044_002,1019,657,657,0,6,651,EGYENI,,
78072,10_045_001,281,182,182,0,0,182,EGYENI,,
78074,10_045_002,608,406,404,-2,6,398,EGYENI,,
77800,10_046_001,849,570,571,1,15,556,EGYENI,,
77802,10_046_002,2306,1836,1829,-7,13,1816,EGYENI,,
77804,10_046_003,1133,700,700,0,9,691,EGYENI,,
77806,10_046_004,884,571,570,-1,2,568,EGYENI,,
77816,10_046_005,1016,646,643,-3,7,636,EGYENI,,
77808,10_046_006,1032,687,687,0,15,672,EGYENI,,
77810,10_046_007,1110,688,688,0,1,687,EGYENI,,
77812,10_046_008,925,590,590,0,3,587,EGYENI,,
77814,10_046_009,895,606,605,-1,3,602,EGYENI,,
77818,10_046_010,923,628,628,0,2,626,EGYENI,,
77820,10_046_011,1166,800,796,-4,6,790,EGYENI,,
77822,10_046_012,1151,767,764,-3,2,762,EGYENI,,
77824,10_046_013,776,498,498,0,0,498,EGYENI,,
77826,10_046_014,1149,790,789,-1,4,785,EGYENI,,
77828,10_046_015,1215,750,749,-1,8,741,EGYENI,,
77830,10_046_016,677,424,423,-1,1,422,EGYENI,,
77832,10_046_017,1159,653,656,3,24,632,EGYENI,,
77834,10_047_001,832,524,524,0,2,522,EGYENI,,
77836,10_047_002,775,427,427,0,6,421,EGYENI,,
77838,10_048_001,1112,670,669,-1,3,666,EGYENI,,
77840,10_048_002,1012,655,655,0,6,649,EGYENI,,
77842,10_048_003,1189,663,663,0,6,657,EGYENI,,
77844,10_048_004,231,104,104,0,0,104,EGYENI,,
77846,10_048_005,1129,698,698,0,5,693,EGYENI,,
77848,10_048_006,1063,602,602,0,3,599,EGYENI,,
75684,10_048_007,1137,645,645,0,6,639,EGYENI,,
75686,10_048_008,1127,687,687,0,6,681,EGYENI,,
75688,10_048_009,697,280,280,0,7,273,EGYENI,,
78076,10_049_001,497,298,298,0,4,294,EGYENI,,
75690,10_050_001,560,318,318,0,1,317,EGYENI,,
75692,10_051_001,746,432,432,0,3,429,EGYENI,,
75694,10_051_002,748,499,500,1,4,496,EGYENI,,
75696,10_051_003,783,478,478,0,4,474,EGYENI,,
75698,10_051_004,774,478,478,0,4,474,EGYENI,,
78078,10_052_001,649,404,404,0,4,400,EGYENI,,
78080,10_052_002,583,353,353,0,5,348,EGYENI,,
78082,10_052_003,152,122,122,0,1,121,EGYENI,,
78084,10_053_001,322,245,245,0,4,241,EGYENI,,
75700,10_054_001,834,478,479,1,13,466,EGYENI,,
75702,10_054_002,819,429,429,0,5,424,EGYENI,,
75704,10_054_003,779,461,461,0,4,457,EGYENI,,
78086,10_055_001,751,418,418,0,6,412,EGYENI,,
78088,10_055_002,878,458,458,0,15,443,EGYENI,,
78090,10_055_003,689,392,392,0,4,388,EGYENI,,
78092,10_055_004,444,264,264,0,1,263,EGYENI,,
78094,10_056_001,686,387,373,-14,1,372,EGYENI,,
78096,10_056_002,516,305,305,0,4,301,EGYENI,,
75222,10_057_001,859,525,525,0,4,521,EGYENI,,
76472,10_057_002,817,500,500,0,6,494,EGYENI,,
78098,10_058_001,128,90,90,0,1,89,EGYENI,,
75706,10_059_001,836,449,449,0,10,439,EGYENI,,
75708,10_059_002,582,290,290,0,8,282,EGYENI,,
75710,10_059_003,812,392,392,0,10,382,EGYENI,,
78100,10_060_001,848,522,522,0,3,519,EGYENI,,
78102,10_061_001,764,357,357,0,7,350,EGYENI,,
78104,10_061_002,815,543,543,0,3,540,EGYENI,,
76474,10_062_001,678,311,311,0,9,302,EGYENI,,
76476,10_062_002,643,253,253,0,10,243,EGYENI,,
75712,10_063_001,682,410,410,0,3,407,EGYENI,,
75714,10_063_002,791,439,439,0,3,436,EGYENI,,
75716,10_063_003,862,488,488,0,3,485,EGYENI,,
75718,10_063_004,803,458,458,0,1,457,EGYENI,,
75720,10_063_005,803,473,472,-1,3,469,EGYENI,,
75722,10_063_006,635,408,408,0,4,404,EGYENI,,
75724,10_064_001,630,374,374,0,3,371,EGYENI,,
76478,10_065_001,668,437,437,0,2,435,EGYENI,,
76480,10_065_002,670,434,434,0,2,432,EGYENI,,
76482,10_065_003,660,393,392,-1,1,391,EGYENI,,
78106,10_066_001,630,448,448,0,4,444,EGYENI,,
78108,10_066_002,825,615,615,0,5,610,EGYENI,,
75948,10_067_001,647,441,441,0,5,436,EGYENI,,
75950,10_068_001,835,590,590,0,7,583,EGYENI,,
75952,10_068_002,776,498,498,0,1,497,EGYENI,,
75954,10_069_001,404,268,268,0,1,267,EGYENI,,
76484,10_070_001,951,466,464,-2,7,457,EGYENI,,
76486,10_071_001,1234,740,741,1,19,722,EGYENI,,
75956,10_072_001,602,373,373,0,5,368,EGYENI,,
75958,10_073_001,283,185,185,0,0,185,EGYENI,,
76766,10_074_001,1268,652,652,0,9,643,EGYENI,,
75726,10_075_001,492,343,343,0,1,342,EGYENI,,
75728,10_076_001,989,631,631,0,43,588,EGYENI,,
75730,10_076_002,922,595,595,0,3,592,EGYENI,,
75732,10_076_003,760,472,472,0,4,468,EGYENI,,
76488,10_077_001,698,473,473,0,3,470,EGYENI,,
75734,10_078_001,584,340,340,0,8,332,EGYENI,,
75960,10_079_001,806,472,472,0,4,468,EGYENI,,
76490,10_080_001,761,517,516,-1,2,514,EGYENI,,
76492,10_080_002,687,468,468,0,6,462,EGYENI,,
76494,10_081_001,500,315,315,0,5,310,EGYENI,,
76496,10_081_002,615,417,416,-1,3,413,EGYENI,,
76498,10_082_001,597,388,388,0,3,385,EGYENI,,
76500,10_082_002,778,503,503,0,4,499,EGYENI,,
76522,10_082_003,743,515,515,0,0,515,EGYENI,,
75962,10_083_001,606,424,424,0,3,421,EGYENI,,
75964,10_083_002,603,358,358,0,4,354,EGYENI,,
75966,10_083_003,306,228,228,0,1,227,EGYENI,,
75968,10_083_004,182,127,127,0,2,125,EGYENI,,
75970,10_084_001,403,297,297,0,4,293,EGYENI,,
75738,10_085_001,1103,720,719,-1,3,716,EGYENI,,
75736,10_085_002,1144,642,642,0,10,632,EGYENI,,
75740,10_086_001,448,210,210,0,0,210,EGYENI,,
75742,10_086_002,669,311,320,9,10,310,EGYENI,,
75972,10_087_001,614,401,401,0,3,398,EGYENI,,
75974,10_087_002,618,410,410,0,8,402,EGYENI,,
75976,10_087_003,576,388,388,0,12,376,EGYENI,,
76502,10_088_001,759,390,390,0,1,389,EGYENI,,
76504,10_088_002,809,428,428,0,0,428,EGYENI,,
76506,10_088_003,772,312,312,0,8,304,EGYENI,,
75978,10_089_001,806,491,491,0,4,487,EGYENI,,
75980,10_089_002,839,481,481,0,7,474,EGYENI,,
75982,10_089_003,659,452,452,0,2,450,EGYENI,,
75744,10_090_001,837,469,468,-1,4,464,EGYENI,,
75746,10_090_002,789,508,508,0,8,500,EGYENI,,
76508,10_091_001,889,495,495,0,10,485,EGYENI,,
75984,10_092_001,703,443,443,0,5,438,EGYENI,,
75986,10_092_002,676,473,472,-1,1,471,EGYENI,,
75988,10_092_003,186,130,130,0,2,128,EGYENI,,
75990,10_093_001,168,117,114,-3,1,113,EGYENI,,
75992,10_093_002,284,216,216,0,5,211,EGYENI,,
75994,10_094_001,398,246,246,0,8,238,EGYENI,,
76510,10_095_001,791,477,477,0,3,474,EGYENI,,
76512,10_095_002,822,496,496,0,5,491,EGYENI,,
75996,10_096_001,625,420,420,0,6,414,EGYENI,,
75998,10_096_002,724,469,469,0,3,466,EGYENI,,
76000,10_097_001,202,115,115,0,2,113,EGYENI,,
76002,10_097_002,121,80,80,0,2,78,EGYENI,,
75748,10_098_001,779,458,458,0,4,454,EGYENI,,
76734,10_098_002,530,334,334,0,5,329,EGYENI,,
76736,10_099_001,426,210,210,0,12,198,EGYENI,,
76004,10_100_001,692,493,492,-1,5,487,EGYENI,,
76006,10_100_002,667,526,526,0,4,522,EGYENI,,
76738,10_101_001,669,423,423,0,3,420,EGYENI,,
76740,10_101_002,751,480,480,0,6,474,EGYENI,,
76742,10_102_001,1330,682,681,-1,17,664,EGYENI,,
76008,10_103_001,209,151,151,0,5,146,EGYENI,,
76744,10_104_001,635,310,310,0,9,301,EGYENI,,
76746,10_105_001,388,205,205,0,7,198,EGYENI,,
76748,10_105_002,533,277,277,0,11,266,EGYENI,,
76750,10_106_001,985,575,575,0,4,571,EGYENI,,
76010,10_107_001,142,100,100,0,1,99,EGYENI,,
76514,10_108_001,916,487,487,0,15,472,EGYENI,,
76516,10_108_002,900,565,565,0,6,559,EGYENI,,
76012,10_109_001,467,261,261,0,8,253,EGYENI,,
76518,10_110_001,190,94,94,0,0,94,EGYENI,,
76752,10_111_001,826,492,491,-1,14,477,EGYENI,,
76754,10_111_002,812,530,530,0,4,526,EGYENI,,
76014,10_112_001,410,324,324,0,1,323,EGYENI,,
76994,10_113_001,602,360,360,0,2,358,EGYENI,,
76996,10_113_002,856,467,471,4,38,433,EGYENI,,
76998,10_113_003,689,432,431,-1,2,429,EGYENI,,
77000,10_113_004,870,565,565,0,3,562,EGYENI,,
77002,10_114_001,519,332,332,0,3,329,EGYENI,,
77004,10_115_001,952,647,647,0,15,632,EGYENI,,
76756,10_116_001,911,471,470,-1,3,467,EGYENI,,
76758,10_117_001,962,588,588,0,10,578,EGYENI,,
76760,10_117_002,615,379,379,0,3,376,EGYENI,,
76762,10_118_001,367,235,235,0,5,230,EGYENI,,
76520,10_119_001,308,221,221,0,1,220,EGYENI,,
77006,10_120_001,546,393,393,0,2,391,EGYENI,,
76764,10_121_001,812,519,518,-1,5,513,EGYENI,,
70764,11_001_001,616,260,260,0,8,252,EGYENI,,
70766,11_001_002,746,335,335,0,7,328,EGYENI,,
70768,11_001_003,712,324,324,0,3,321,EGYENI,,
70770,11_001_004,725,352,352,0,4,348,EGYENI,,
70772,11_001_005,667,355,355,0,5,350,EGYENI,,
76250,11_002_001,616,417,417,0,3,414,EGYENI,,
76252,11_002_002,955,534,534,0,1,533,EGYENI,,
70774,11_003_001,951,640,618,-22,12,606,EGYENI,,
76768,11_004_001,1045,598,598,0,7,591,EGYENI,,
76770,11_004_002,853,525,525,0,2,523,EGYENI,,
76772,11_004_003,884,475,475,0,2,473,EGYENI,,
71554,11_005_001,1057,547,546,-1,5,541,EGYENI,,
71556,11_005_002,1097,460,460,0,7,453,EGYENI,,
71558,11_005_003,880,465,465,0,6,459,EGYENI,,
71560,11_005_004,270,67,67,0,2,65,EGYENI,,
76774,11_006_001,237,158,152,-6,6,146,EGYENI,,
71562,11_007_001,953,559,559,0,3,556,EGYENI,,
71564,11_007_002,561,261,261,0,5,256,EGYENI,,
71566,11_007_003,329,129,129,0,2,127,EGYENI,,
71568,11_008_001,592,289,287,-2,11,276,EGYENI,,
71570,11_008_002,728,391,391,0,8,383,EGYENI,,
70776,11_009_001,1196,728,728,0,12,716,EGYENI,,
70778,11_009_002,1172,593,592,-1,14,578,EGYENI,,
70780,11_009_003,1067,503,503,0,6,497,EGYENI,,
70782,11_009_004,1110,519,519,0,9,510,EGYENI,,
70784,11_009_005,804,408,408,0,3,405,EGYENI,,
76776,11_010_001,148,86,86,0,0,86,EGYENI,,
76254,11_011_001,628,325,325,0,7,318,EGYENI,,
76256,11_011_002,841,472,472,0,8,464,EGYENI,,
76258,11_011_003,602,344,344,0,4,340,EGYENI,,
76260,11_012_001,738,394,394,0,1,393,EGYENI,,
76262,11_012_002,700,375,375,0,6,369,EGYENI,,
76264,11_012_003,780,480,480,0,8,472,EGYENI,,
76266,11_012_004,727,446,445,-1,5,440,EGYENI,,
76268,11_013_001,948,603,603,0,6,597,EGYENI,,
76270,11_013_002,965,542,542,0,3,539,EGYENI,,
76272,11_013_003,982,610,610,0,5,605,EGYENI,,
70222,11_013_004,1047,650,650,0,13,637,EGYENI,,
70224,11_013_005,914,588,588,0,9,579,EGYENI,,
70226,11_013_006,1059,647,647,0,5,642,EGYENI,,
70228,11_013_007,1039,619,618,-1,14,604,EGYENI,,
70230,11_014_001,583,304,304,0,12,292,EGYENI,,
70240,11_015_001,1076,604,604,0,7,597,EGYENI,,
70232,11_015_002,1349,694,691,-3,9,682,EGYENI,,
70234,11_015_003,1375,792,791,-1,8,783,EGYENI,,
70236,11_015_004,1262,697,695,-2,5,690,EGYENI,,
70238,11_015_005,1350,641,641,0,7,634,EGYENI,,
70242,11_016_001,1061,657,657,0,6,651,EGYENI,,
70264,11_016_002,1076,741,741,0,2,739,EGYENI,,
70266,11_016_003,1157,735,734,-1,5,729,EGYENI,,
70282,11_016_004,1190,778,776,-2,7,769,EGYENI,,
70244,11_016_005,995,699,696,-3,8,688,EGYENI,,
70246,11_016_006,1033,642,641,-1,6,635,EGYENI,,
70250,11_016_007,1986,1493,1492,-1,13,1479,EGYENI,,
70248,11_016_008,1062,684,684,0,6,678,EGYENI,,
70254,11_016_009,1052,700,700,0,8,692,EGYENI,,
70258,11_016_010,1163,703,703,0,3,700,EGYENI,,
70256,11_016_011,1141,669,667,-2,7,660,EGYENI,,
70252,11_016_012,1139,686,686,0,9,677,EGYENI,,
70268,11_016_013,1101,710,706,-4,8,698,EGYENI,,
70280,11_016_014,1107,700,700,0,4,696,EGYENI,,
70262,11_016_015,1164,774,774,0,8,766,EGYENI,,
70272,11_016_016,1067,628,628,0,10,618,EGYENI,,
70270,11_016_017,1005,635,635,0,3,632,EGYENI,,
70274,11_016_018,1034,585,585,0,5,580,EGYENI,,
70278,11_016_019,831,450,450,0,1,449,EGYENI,,
70276,11_016_020,769,388,387,-1,2,385,EGYENI,,
70260,11_016_021,657,241,241,0,6,235,EGYENI,,
70284,11_017_001,741,500,500,0,6,494,EGYENI,,
70486,11_017_002,667,444,444,0,2,442,EGYENI,,
70488,11_018_001,589,357,357,0,6,351,EGYENI,,
70490,11_018_002,579,294,294,0,1,293,EGYENI,,
70492,11_018_003,581,329,329,0,13,316,EGYENI,,
70494,11_019_001,729,373,372,-1,6,366,EGYENI,,
70496,11_019_002,699,357,357,0,7,350,EGYENI,,
70506,11_020_001,838,396,396,0,4,392,EGYENI,,
70498,11_020_002,938,416,416,0,3,413,EGYENI,,
70500,11_020_003,950,452,452,0,2,450,EGYENI,,
70502,11_020_004,953,457,457,0,5,452,EGYENI,,
70504,11_020_005,903,518,518,0,4,514,EGYENI,,
70508,11_021_001,348,235,234,-1,1,233,EGYENI,,
70510,11_022_001,816,457,456,-1,3,453,EGYENI,,
70512,11_022_002,822,413,413,0,5,408,EGYENI,,
70514,11_022_003,754,442,443,1,14,429,EGYENI,,
70516,11_023_001,836,450,450,0,7,443,EGYENI,,
70518,11_023_002,899,482,481,-1,2,479,EGYENI,,
70520,11_023_003,887,299,299,0,6,293,EGYENI,,
70522,11_023_004,821,392,392,0,5,387,EGYENI,,
70524,11_023_005,863,531,531,0,1,530,EGYENI,,
70526,11_024_001,778,316,316,0,8,308,EGYENI,,
70528,11_024_002,872,292,292,0,7,285,EGYENI,,
70530,11_024_003,662,347,346,-1,12,334,EGYENI,,
70532,11_024_004,669,365,365,0,2,363,EGYENI,,
70534,11_024_005,692,348,348,0,6,342,EGYENI,,
70536,11_024_006,727,424,424,0,10,414,EGYENI,,
70538,11_025_001,1006,619,619,0,5,614,EGYENI,,
70540,11_025_002,1080,674,674,0,3,671,EGYENI,,
70542,11_026_001,644,374,374,0,10,364,EGYENI,,
70544,11_026_002,613,379,379,0,8,371,EGYENI,,
70786,11_027_001,1016,658,656,-2,3,653,EGYENI,,
70788,11_027_002,801,462,462,0,3,459,EGYENI,,
70790,11_027_003,977,678,678,0,10,668,EGYENI,,
70792,11_027_004,984,616,616,0,2,614,EGYENI,,
70794,11_027_005,2380,1906,1900,-6,8,1892,EGYENI,,
70796,11_027_006,1005,471,471,0,17,454,EGYENI,,
70798,11_027_007,981,636,636,0,3,633,EGYENI,,
70800,11_027_008,906,554,554,0,4,550,EGYENI,,
70802,11_027_009,1016,702,702,0,14,688,EGYENI,,
70804,11_027_010,1069,658,658,0,14,644,EGYENI,,
70806,11_027_011,1105,700,699,-1,5,694,EGYENI,,
70808,11_027_012,1082,577,577,0,8,569,EGYENI,,
70810,11_027_013,1114,621,621,0,6,615,EGYENI,,
70812,11_027_014,1063,597,597,0,4,593,EGYENI,,
70814,11_027_015,1076,597,596,-1,14,582,EGYENI,,
70816,11_027_016,1069,697,697,0,14,683,EGYENI,,
71018,11_028_001,880,503,503,0,1,502,EGYENI,,
71020,11_028_002,801,423,423,0,1,422,EGYENI,,
71022,11_028_003,771,393,391,-2,2,389,EGYENI,,
71024,11_028_004,813,343,343,0,4,339,EGYENI,,
71026,11_028_005,471,263,263,0,3,260,EGYENI,,
71572,11_029_001,744,413,413,0,12,401,EGYENI,,
71574,11_029_002,627,331,331,0,4,327,EGYENI,,
71576,11_029_003,660,316,316,0,4,312,EGYENI,,
71578,11_029_004,680,303,303,0,0,303,EGYENI,,
71580,11_029_005,244,135,135,0,1,134,EGYENI,,
71582,11_030_001,567,374,374,0,7,367,EGYENI,,
71028,11_031_001,1246,790,789,-1,8,781,EGYENI,,
71042,11_031_002,1209,689,689,0,9,680,EGYENI,,
71030,11_031_003,1281,745,743,-2,10,733,EGYENI,,
71032,11_031_004,1134,619,619,0,8,611,EGYENI,,
71034,11_031_005,1360,812,812,0,13,799,EGYENI,,
71036,11_031_006,1088,706,705,-1,16,689,EGYENI,,
71040,11_031_007,1028,632,631,-1,4,627,EGYENI,,
71038,11_031_008,986,567,565,-2,7,558,EGYENI,,
76778,11_032_001,666,390,390,0,3,387,EGYENI,,
76780,11_032_002,609,361,361,0,6,355,EGYENI,,
71584,11_033_001,542,318,318,0,3,315,EGYENI,,
71044,11_034_001,913,469,469,0,6,463,EGYENI,,
71046,11_034_002,766,412,412,0,6,406,EGYENI,,
71048,11_034_003,740,358,358,0,5,353,EGYENI,,
71050,11_034_004,1115,625,625,0,10,615,EGYENI,,
71052,11_034_005,928,362,362,0,6,356,EGYENI,,
71054,11_034_006,881,446,446,0,4,442,EGYENI,,
71056,11_034_007,1159,541,541,0,13,528,EGYENI,,
71058,11_035_001,580,267,267,0,5,262,EGYENI,,
71060,11_035_002,608,322,321,-1,6,315,EGYENI,,
71062,11_035_003,576,354,354,0,7,347,EGYENI,,
71064,11_035_004,601,313,313,0,3,310,EGYENI,,
71066,11_035_005,621,335,335,0,17,318,EGYENI,,
71068,11_035_006,604,287,287,0,9,278,EGYENI,,
71070,11_035_007,614,329,329,0,5,324,EGYENI,,
71586,11_036_001,665,405,405,0,5,400,EGYENI,,
71588,11_036_002,813,395,395,0,3,392,EGYENI,,
71590,11_036_003,702,386,386,0,3,383,EGYENI,,
71592,11_036_004,731,364,364,0,2,362,EGYENI,,
71594,11_036_005,693,371,371,0,3,368,EGYENI,,
71596,11_036_006,827,493,493,0,5,488,EGYENI,,
71598,11_036_007,849,489,489,0,7,482,EGYENI,,
71600,11_036_008,1035,511,511,0,5,506,EGYENI,,
71602,11_036_009,261,148,149,1,12,137,EGYENI,,
71604,11_036_010,593,313,309,-4,6,303,EGYENI,,
71606,11_037_001,704,411,411,0,7,404,EGYENI,,
71608,11_037_002,951,597,597,0,2,595,EGYENI,,
71610,11_037_003,1080,711,711,0,6,705,EGYENI,,
71810,11_037_004,921,548,548,0,7,541,EGYENI,,
71812,11_037_005,918,522,522,0,3,519,EGYENI,,
71814,11_037_006,1062,700,700,0,3,697,EGYENI,,
71816,11_038_001,628,411,411,0,2,409,EGYENI,,
71818,11_039_001,294,153,152,-1,3,149,EGYENI,,
71820,11_040_001,828,472,472,0,5,467,EGYENI,,
71822,11_040_002,903,520,520,0,4,516,EGYENI,,
71834,11_040_003,929,543,541,-2,1,540,EGYENI,,
71832,11_040_004,907,535,535,0,3,532,EGYENI,,
71836,11_040_005,892,561,561,0,10,551,EGYENI,,
71838,11_040_006,937,515,515,0,8,507,EGYENI,,
71840,11_040_007,869,492,492,0,3,489,EGYENI,,
71842,11_040_008,898,554,554,0,3,551,EGYENI,,
71846,11_040_009,900,517,517,0,6,511,EGYENI,,
71850,11_040_010,919,489,489,0,5,484,EGYENI,,
71828,11_040_011,957,594,593,-1,3,590,EGYENI,,
71826,11_040_012,859,451,451,0,11,440,EGYENI,,
71848,11_040_013,856,533,531,-2,6,525,EGYENI,,
71844,11_040_014,927,588,586,-2,8,578,EGYENI,,
71824,11_040_015,866,567,567,0,5,562,EGYENI,,
71830,11_040_016,850,579,578,-1,3,575,EGYENI,,
71072,11_041_001,938,618,618,0,13,605,EGYENI,,
76782,11_042_001,659,330,330,0,5,325,EGYENI,,
76784,11_042_002,696,361,361,0,5,356,EGYENI,,
71852,11_043_001,553,289,289,0,3,286,EGYENI,,
71854,11_044_001,670,307,307,0,10,297,EGYENI,,
71856,11_044_002,684,300,300,0,9,291,EGYENI,,
71858,11_044_003,720,375,372,-3,6,366,EGYENI,,
71860,11_044_004,691,362,362,0,9,353,EGYENI,,
71862,11_045_001,425,207,207,0,1,206,EGYENI,,
71864,11_045_002,457,270,270,0,2,268,EGYENI,,
70546,11_046_001,1324,695,695,0,5,690,EGYENI,,
76786,11_047_001,947,596,596,0,2,594,EGYENI,,
76788,11_047_002,943,549,549,0,6,543,EGYENI,,
76790,11_047_003,842,508,507,-1,4,503,EGYENI,,
76792,11_047_004,898,598,598,0,5,593,EGYENI,,
76794,11_047_005,900,481,481,0,4,477,EGYENI,,
76796,11_048_001,839,396,396,0,1,395,EGYENI,,
76798,11_048_002,779,400,400,0,3,397,EGYENI,,
71866,11_049_001,837,496,496,0,9,487,EGYENI,,
71868,11_049_002,575,323,323,0,1,322,EGYENI,,
71870,11_049_003,750,424,424,0,2,422,EGYENI,,
71872,11_049_004,988,625,624,-1,6,618,EGYENI,,
77522,11_050_001,817,536,536,0,6,530,EGYENI,,
71874,11_051_001,662,357,356,-1,7,349,EGYENI,,
72072,11_051_002,198,100,100,0,4,96,EGYENI,,
77524,11_052_001,911,665,665,0,6,659,EGYENI,,
77526,11_052_002,881,677,677,0,3,674,EGYENI,,
77528,11_052_003,1019,713,713,0,17,696,EGYENI,,
77530,11_052_004,880,620,620,0,1,619,EGYENI,,
77532,11_052_005,885,646,646,0,2,644,EGYENI,,
77534,11_052_006,965,654,654,0,4,650,EGYENI,,
77536,11_052_007,872,597,597,0,4,593,EGYENI,,
77538,11_052_008,811,512,512,0,2,510,EGYENI,,
77540,11_052_009,792,501,501,0,2,499,EGYENI,,
77542,11_052_010,852,573,573,0,7,566,EGYENI,,
77544,11_052_011,695,530,528,-2,1,527,EGYENI,,
77546,11_052_012,896,674,674,0,6,668,EGYENI,,
77548,11_052_013,793,544,544,0,3,541,EGYENI,,
77550,11_052_014,769,525,525,0,11,514,EGYENI,,
77552,11_052_015,982,535,535,0,2,533,EGYENI,,
77554,11_052_016,952,657,655,-2,1,654,EGYENI,,
77556,11_052_017,780,518,518,0,1,517,EGYENI,,
77558,11_052_018,761,531,531,0,2,529,EGYENI,,
77560,11_052_019,872,590,590,0,1,589,EGYENI,,
77562,11_052_020,915,489,507,18,88,419,EGYENI,,
77564,11_052_021,830,500,500,0,7,493,EGYENI,,
77566,11_052_022,702,456,456,0,6,450,EGYENI,,
77568,11_052_023,667,513,511,-2,8,503,EGYENI,,
77570,11_052_024,880,595,595,0,5,590,EGYENI,,
77572,11_052_025,604,392,390,-2,3,387,EGYENI,,
77574,11_052_026,752,520,520,0,3,517,EGYENI,,
77576,11_052_027,695,463,463,0,3,460,EGYENI,,
77578,11_052_028,840,560,560,0,5,555,EGYENI,,
77580,11_052_029,753,465,465,0,5,460,EGYENI,,
77582,11_052_030,1998,1574,1567,-7,9,1558,EGYENI,,
77584,11_052_031,741,478,478,0,1,477,EGYENI,,
75424,11_052_032,641,367,367,0,0,367,EGYENI,,
75426,11_052_033,905,547,546,-1,4,542,EGYENI,,
75428,11_052_034,765,452,450,-2,3,447,EGYENI,,
75430,11_052_035,791,463,463,0,2,461,EGYENI,,
75432,11_052_036,841,500,498,-2,4,494,EGYENI,,
75434,11_052_037,806,519,519,0,1,518,EGYENI,,
75436,11_052_038,671,398,398,0,1,397,EGYENI,,
75438,11_052_039,836,523,523,0,3,520,EGYENI,,
75440,11_052_040,903,573,573,0,2,571,EGYENI,,
75442,11_052_041,888,518,516,-2,5,511,EGYENI,,
75444,11_052_042,762,427,427,0,1,426,EGYENI,,
75446,11_052_043,861,500,500,0,4,496,EGYENI,,
75448,11_052_044,1022,739,739,0,5,734,EGYENI,,
75450,11_052_045,541,277,275,-2,5,270,EGYENI,,
75452,11_052_046,791,487,487,0,2,485,EGYENI,,
75454,11_052_047,884,524,524,0,1,523,EGYENI,,
75456,11_052_048,878,549,549,0,3,546,EGYENI,,
75458,11_052_049,781,360,360,0,5,355,EGYENI,,
75460,11_052_050,645,288,288,0,11,277,EGYENI,,
75462,11_052_051,864,487,487,0,5,482,EGYENI,,
75464,11_052_052,966,446,446,0,3,443,EGYENI,,
75466,11_052_053,934,446,446,0,5,441,EGYENI,,
75468,11_052_054,830,535,535,0,3,532,EGYENI,,
75470,11_052_055,1111,703,703,0,2,701,EGYENI,,
75472,11_052_056,845,561,561,0,5,556,EGYENI,,
75474,11_052_057,993,680,680,0,3,677,EGYENI,,
75476,11_052_058,910,492,490,-2,13,477,EGYENI,,
75478,11_052_059,870,578,576,-2,1,575,EGYENI,,
75480,11_052_060,952,666,665,-1,5,660,EGYENI,,
75482,11_052_061,940,673,673,0,2,671,EGYENI,,
75484,11_052_062,868,599,598,-1,3,595,EGYENI,,
75486,11_052_063,909,626,626,0,3,623,EGYENI,,
76208,11_052_064,837,561,561,0,6,555,EGYENI,,
76210,11_052_065,934,645,644,-1,5,639,EGYENI,,
76212,11_052_066,848,590,589,-1,6,583,EGYENI,,
76214,11_052_067,874,569,569,0,6,563,EGYENI,,
76216,11_052_068,938,636,636,0,2,634,EGYENI,,
76218,11_052_069,853,541,541,0,0,541,EGYENI,,
76220,11_052_070,1184,786,786,0,6,780,EGYENI,,
71074,11_053_001,562,412,412,0,0,412,EGYENI,,
71076,11_053_002,622,463,462,-1,4,458,EGYENI,,
71078,11_054_001,825,545,545,0,6,539,EGYENI,,
71080,11_054_002,897,693,692,-1,12,680,EGYENI,,
71082,11_054_003,196,97,97,0,1,96,EGYENI,,
71284,11_055_001,901,470,470,0,6,464,EGYENI,,
72074,11_056_001,1105,563,563,0,19,544,EGYENI,,
72076,11_056_002,1155,513,513,0,9,504,EGYENI,,
72078,11_056_003,1178,715,715,0,3,712,EGYENI,,
72080,11_056_004,1124,609,609,0,3,606,EGYENI,,
72082,11_056_005,1169,580,580,0,16,564,EGYENI,,
72084,11_056_006,1138,556,556,0,7,549,EGYENI,,
72086,11_056_007,1033,550,549,-1,8,541,EGYENI,,
72088,11_056_008,1130,489,489,0,6,483,EGYENI,,
71286,11_057_001,577,336,336,0,2,334,EGYENI,,
71288,11_057_002,150,92,92,0,0,92,EGYENI,,
71290,11_057_003,829,391,391,0,11,380,EGYENI,,
71292,11_057_004,740,435,435,0,3,432,EGYENI,,
71294,11_057_005,661,383,383,0,1,382,EGYENI,,
71296,11_057_006,1089,615,615,0,5,610,EGYENI,,
71298,11_057_007,1137,611,611,0,11,600,EGYENI,,
71300,11_057_008,373,194,194,0,1,193,EGYENI,,
71302,11_057_009,972,470,470,0,3,467,EGYENI,,
71304,11_057_010,433,254,253,-1,0,253,EGYENI,,
71306,11_057_011,985,566,564,-2,6,558,EGYENI,,
71308,11_057_012,640,345,345,0,5,340,EGYENI,,
71550,11_057_013,566,347,347,0,1,346,EGYENI,,
71552,11_057_014,383,218,218,0,1,217,EGYENI,,
71310,11_058_001,837,467,467,0,11,456,EGYENI,,
71312,11_059_001,648,358,358,0,9,349,EGYENI,,
72090,11_060_001,320,209,209,0,3,206,EGYENI,,
76222,11_061_001,889,510,511,1,15,496,EGYENI,,
76224,11_061_002,405,234,235,1,7,228,EGYENI,,
72092,11_062_001,979,505,506,1,17,489,EGYENI,,
72094,11_062_002,166,72,72,0,0,72,EGYENI,,
71314,11_063_001,1090,611,611,0,13,598,EGYENI,,
72096,11_064_001,817,385,385,0,2,383,EGYENI,,
72098,11_064_002,833,361,361,0,4,357,EGYENI,,
71316,11_065_001,648,391,391,0,4,387,EGYENI,,
71318,11_065_002,704,394,394,0,4,390,EGYENI,,
72100,11_066_001,894,473,474,1,14,460,EGYENI,,
70548,11_067_001,689,354,354,0,5,349,EGYENI,,
70550,11_067_002,628,275,275,0,4,271,EGYENI,,
71320,11_068_001,780,405,405,0,4,401,EGYENI,,
71322,11_068_002,756,403,403,0,4,399,EGYENI,,
71324,11_068_003,252,124,124,0,1,123,EGYENI,,
72102,11_069_001,739,325,325,0,6,319,EGYENI,,
72104,11_069_002,657,307,307,0,4,303,EGYENI,,
76226,11_070_001,1029,586,586,0,5,581,EGYENI,,
76228,11_070_002,225,111,111,0,0,111,EGYENI,,
71326,11_071_001,587,349,349,0,8,341,EGYENI,,
76230,11_072_001,943,543,543,0,9,534,EGYENI,,
76232,11_072_002,1073,684,684,0,14,670,EGYENI,,
76234,11_072_003,786,458,458,0,5,453,EGYENI,,
76236,11_072_004,899,546,545,-1,5,540,EGYENI,,
72106,11_073_001,1088,690,690,0,5,685,EGYENI,,
72108,11_073_002,1052,672,672,0,7,665,EGYENI,,
72110,11_073_003,1181,751,752,1,16,736,EGYENI,,
72112,11_073_004,1027,585,586,1,21,565,EGYENI,,
72114,11_073_005,1150,635,633,-2,4,629,EGYENI,,
72116,11_073_006,1130,652,652,0,6,646,EGYENI,,
72118,11_073_007,715,475,475,0,3,472,EGYENI,,
72120,11_073_008,741,481,481,0,1,480,EGYENI,,
72122,11_073_009,765,503,503,0,3,500,EGYENI,,
72124,11_073_010,828,523,523,0,3,520,EGYENI,,
72126,11_073_011,1094,674,674,0,3,671,EGYENI,,
72128,11_073_012,710,384,384,0,7,377,EGYENI,,
72130,11_073_013,620,275,275,0,5,270,EGYENI,,
72132,11_073_014,1971,1333,1331,-2,26,1305,EGYENI,,
72134,11_073_015,1055,495,491,-4,14,477,EGYENI,,
72334,11_073_016,1079,609,608,-1,4,604,EGYENI,,
72336,11_073_017,1077,703,703,0,8,695,EGYENI,,
72338,11_073_018,1128,601,601,0,0,601,EGYENI,,
71328,11_074_001,801,329,329,0,12,317,EGYENI,,
71330,11_074_002,813,413,413,0,5,408,EGYENI,,
71332,11_074_003,697,333,333,0,3,330,EGYENI,,
71334,11_074_004,710,386,386,0,8,378,EGYENI,,
71336,11_074_005,703,365,365,0,3,362,EGYENI,,
71338,11_074_006,725,456,456,0,3,453,EGYENI,,
71340,11_074_007,693,360,360,0,4,356,EGYENI,,
71342,11_074_008,757,320,320,0,8,312,EGYENI,,
71344,11_074_009,750,395,395,0,1,394,EGYENI,,
71346,11_074_010,797,335,335,0,5,330,EGYENI,,
70752,11_075_001,885,507,507,0,6,501,EGYENI,,
70754,11_075_002,866,464,464,0,5,459,EGYENI,,
70756,11_075_003,717,450,450,0,5,445,EGYENI,,
70758,11_075_004,810,551,550,-1,5,545,EGYENI,,
70760,11_075_005,844,430,430,0,8,422,EGYENI,,
70762,11_075_006,882,505,505,0,2,503,EGYENI,,
76238,11_076_001,528,309,309,0,8,301,EGYENI,,
76240,11_077_001,580,276,276,0,5,271,EGYENI,,
76242,11_077_002,621,305,305,0,5,300,EGYENI,,
76244,11_077_003,616,302,302,0,3,299,EGYENI,,
76246,11_077_004,585,320,320,0,4,316,EGYENI,,
76248,11_077_005,409,247,247,0,5,242,EGYENI,,
71348,11_078_001,697,389,387,-2,6,381,EGYENI,,
71548,11_078_002,528,286,286,0,3,283,EGYENI,,
73700,12_001_001,205,132,132,0,2,130,EGYENI,,
73896,12_002_001,575,402,402,0,0,402,EGYENI,,
73898,12_002_002,589,378,378,0,3,375,EGYENI,,
73900,12_002_003,565,337,337,0,4,333,EGYENI,,
72918,12_003_001,740,397,397,0,4,393,EGYENI,,
73902,12_004_001,774,358,358,0,6,352,EGYENI,,
73904,12_004_002,720,393,393,0,4,389,EGYENI,,
73906,12_004_003,731,421,421,0,6,415,EGYENI,,
73908,12_004_004,631,276,276,0,4,272,EGYENI,,
73910,12_004_005,642,285,285,0,4,281,EGYENI,,
73912,12_004_006,671,358,358,0,3,355,EGYENI,,
73914,12_004_007,728,416,416,0,4,412,EGYENI,,
73916,12_004_008,722,343,343,0,1,342,EGYENI,,
73918,12_005_001,562,287,287,0,5,282,EGYENI,,
72340,12_006_001,750,461,461,0,1,460,EGYENI,,
72342,12_006_002,687,451,451,0,5,446,EGYENI,,
72344,12_006_003,772,489,489,0,3,486,EGYENI,,
73118,12_007_001,843,526,524,-2,1,523,EGYENI,,
73120,12_007_002,773,482,482,0,0,482,EGYENI,,
73122,12_008_001,1233,709,709,0,9,700,EGYENI,,
73920,12_009_001,370,202,202,0,3,199,EGYENI,,
73922,12_010_001,753,451,451,0,4,447,EGYENI,,
73924,12_011_001,555,279,279,0,3,276,EGYENI,,
73926,12_011_002,605,333,333,0,3,330,EGYENI,,
73928,12_012_001,664,364,364,0,11,353,EGYENI,,
73930,12_012_002,647,331,331,0,6,325,EGYENI,,
73932,12_013_001,811,468,468,0,0,468,EGYENI,,
73934,12_013_002,644,371,371,0,2,369,EGYENI,,
73936,12_013_003,725,344,344,0,4,340,EGYENI,,
73938,12_013_004,750,478,478,0,6,472,EGYENI,,
73940,12_014_001,645,329,329,0,3,326,EGYENI,,
73942,12_015_001,739,482,482,0,2,480,EGYENI,,
73944,12_015_002,1003,582,582,0,6,576,EGYENI,,
73946,12_016_001,226,125,125,0,5,120,EGYENI,,
73948,12_017_001,667,405,405,0,1,404,EGYENI,,
73950,12_017_002,833,433,433,0,5,428,EGYENI,,
73952,12_018_001,351,203,203,0,0,203,EGYENI,,
73954,12_019_001,289,159,159,0,2,157,EGYENI,,
73124,12_020_001,1008,577,577,0,8,569,EGYENI,,
73126,12_020_002,795,437,437,0,3,434,EGYENI,,
73128,12_020_003,909,525,525,0,1,524,EGYENI,,
73956,12_021_001,825,560,560,0,0,560,EGYENI,,
73130,12_022_001,773,552,552,0,2,550,EGYENI,,
73132,12_023_001,1089,670,670,0,6,664,EGYENI,,
73134,12_023_002,1108,684,684,0,6,678,EGYENI,,
73136,12_023_003,1049,740,740,0,12,728,EGYENI,,
73138,12_023_004,744,412,412,0,3,409,EGYENI,,
73140,12_023_005,722,491,491,0,4,487,EGYENI,,
73142,12_023_006,825,477,477,0,4,473,EGYENI,,
73144,12_023_007,823,473,473,0,4,469,EGYENI,,
73146,12_023_008,1396,708,708,0,7,701,EGYENI,,
73148,12_023_009,1278,723,723,0,4,719,EGYENI,,
73698,12_023_010,963,570,570,0,6,564,EGYENI,,
73150,12_024_001,938,573,573,0,4,569,EGYENI,,
73958,12_025_001,747,458,458,0,5,453,EGYENI,,
73960,12_025_002,453,291,291,0,4,287,EGYENI,,
70026,12_026_001,345,239,239,0,5,234,EGYENI,,
73152,12_027_001,517,349,349,0,6,343,EGYENI,,
73154,12_028_001,817,546,545,-1,9,536,EGYENI,,
73156,12_028_002,811,617,617,0,4,613,EGYENI,,
73158,12_028_003,759,539,539,0,4,535,EGYENI,,
73160,12_028_004,1018,611,611,0,1,610,EGYENI,,
73162,12_028_005,999,784,784,0,7,777,EGYENI,,
73164,12_028_006,994,654,653,-1,5,648,EGYENI,,
73166,12_028_007,1005,756,754,-2,4,750,EGYENI,,
73168,12_028_008,621,426,426,0,4,422,EGYENI,,
73170,12_028_009,524,386,386,0,4,382,EGYENI,,
73172,12_028_010,917,646,645,-1,0,645,EGYENI,,
73174,12_028_011,1776,1434,1431,-3,12,1419,EGYENI,,
73176,12_028_012,865,363,363,0,2,361,EGYENI,,
73178,12_028_013,803,488,488,0,3,485,EGYENI,,
73180,12_028_014,923,562,562,0,2,560,EGYENI,,
73182,12_028_015,1023,651,651,0,2,649,EGYENI,,
73376,12_028_016,572,395,395,0,4,391,EGYENI,,
73378,12_028_017,1277,735,735,0,4,731,EGYENI,,
73380,12_028_018,1253,872,872,0,6,866,EGYENI,,
73382,12_028_019,813,601,601,0,4,597,EGYENI,,
73384,12_028_020,975,665,665,0,7,658,EGYENI,,
73386,12_028_021,255,152,152,0,0,152,EGYENI,,
73388,12_028_022,680,352,352,0,1,351,EGYENI,,
73390,12_028_023,945,586,585,-1,6,579,EGYENI,,
73392,12_028_024,933,593,591,-2,0,591,EGYENI,,
73394,12_028_025,883,557,556,-1,5,551,EGYENI,,
73396,12_028_026,804,405,405,0,4,401,EGYENI,,
73398,12_028_027,807,382,382,0,4,378,EGYENI,,
70028,12_029_001,490,332,332,0,4,328,EGYENI,,
73400,12_030_001,1121,699,698,-1,7,691,EGYENI,,
73402,12_031_001,806,443,443,0,1,442,EGYENI,,
70030,12_032_001,866,544,544,0,2,542,EGYENI,,
70032,12_032_002,789,540,540,0,5,535,EGYENI,,
70034,12_033_001,556,269,269,0,4,265,EGYENI,,
73404,12_034_001,698,418,418,0,4,414,EGYENI,,
73406,12_034_002,766,489,489,0,1,488,EGYENI,,
73408,12_034_003,684,388,388,0,11,377,EGYENI,,
70036,12_035_001,850,512,513,1,18,495,EGYENI,,
70038,12_035_002,846,552,552,0,3,549,EGYENI,,
70040,12_035_003,767,404,404,0,6,398,EGYENI,,
70042,12_035_004,829,511,511,0,3,508,EGYENI,,
70044,12_035_005,826,464,464,0,7,457,EGYENI,,
70046,12_035_006,391,242,242,0,1,241,EGYENI,,
70048,12_036_001,414,218,218,0,2,216,EGYENI,,
70050,12_037_001,1044,634,634,0,8,626,EGYENI,,
70052,12_037_002,1063,655,655,0,6,649,EGYENI,,
70054,12_038_001,430,292,290,-2,4,286,EGYENI,,
70056,12_038_002,971,635,634,-1,6,628,EGYENI,,
70058,12_038_003,632,410,410,0,4,406,EGYENI,,
70060,12_038_004,889,576,576,0,4,572,EGYENI,,
70062,12_038_005,1009,678,677,-1,1,676,EGYENI,,
70064,12_038_006,938,613,612,-1,7,605,EGYENI,,
70066,12_038_007,1002,662,662,0,6,656,EGYENI,,
70068,12_038_008,775,562,562,0,6,556,EGYENI,,
70070,12_038_009,404,286,286,0,3,283,EGYENI,,
70072,12_038_010,1679,1351,1341,-10,8,1333,EGYENI,,
70074,12_038_011,781,529,529,0,2,527,EGYENI,,
70372,12_038_012,664,411,411,0,2,409,EGYENI,,
70076,12_038_013,673,349,349,0,1,348,EGYENI,,
70078,12_038_014,975,647,647,0,3,644,EGYENI,,
70080,12_038_015,814,535,534,-1,4,530,EGYENI,,
70082,12_038_016,844,496,496,0,6,490,EGYENI,,
70084,12_038_017,1089,624,624,0,4,620,EGYENI,,
70086,12_038_018,1117,738,738,0,4,734,EGYENI,,
70088,12_038_019,831,538,537,-1,0,537,EGYENI,,
70286,12_039_001,855,482,482,0,5,477,EGYENI,,
70288,12_040_001,970,668,667,-1,7,660,EGYENI,,
70290,12_040_002,880,613,612,-1,5,607,EGYENI,,
70292,12_040_003,930,472,473,1,15,458,EGYENI,,
70294,12_040_004,943,484,484,0,8,476,EGYENI,,
73410,12_041_001,688,377,377,0,4,373,EGYENI,,
73412,12_041_002,797,470,468,-2,3,465,EGYENI,,
73414,12_041_003,796,417,417,0,12,405,EGYENI,,
73416,12_041_004,977,562,561,-1,1,560,EGYENI,,
73418,12_041_005,870,571,571,0,2,569,EGYENI,,
73420,12_042_001,1380,884,883,-1,6,877,EGYENI,,
73422,12_043_001,531,301,301,0,7,294,EGYENI,,
70296,12_044_001,847,529,529,0,6,523,EGYENI,,
70298,12_044_002,942,539,539,0,2,537,EGYENI,,
73424,12_045_001,685,458,458,0,5,453,EGYENI,,
70300,12_046_001,807,502,502,0,4,498,EGYENI,,
70302,12_046_002,687,372,372,0,2,370,EGYENI,,
70304,12_046_003,761,431,431,0,3,428,EGYENI,,
70306,12_046_004,131,52,52,0,2,50,EGYENI,,
73426,12_047_001,633,336,335,-1,2,333,EGYENI,,
73428,12_047_002,589,300,300,0,3,297,EGYENI,,
70308,12_048_001,1094,597,596,-1,9,587,EGYENI,,
70310,12_048_002,874,453,453,0,5,448,EGYENI,,
70312,12_049_001,542,356,356,0,5,351,EGYENI,,
70314,12_049_002,545,334,334,0,2,332,EGYENI,,
73430,12_050_001,877,448,448,0,3,445,EGYENI,,
73432,12_050_002,1164,770,770,0,2,768,EGYENI,,
73434,12_050_003,946,632,632,0,2,630,EGYENI,,
73436,12_050_004,835,567,567,0,4,563,EGYENI,,
73438,12_050_005,763,468,468,0,4,464,EGYENI,,
73440,12_050_006,856,500,500,0,5,495,EGYENI,,
73636,12_050_007,702,449,449,0,2,447,EGYENI,,
70316,12_051_001,828,475,475,0,7,468,EGYENI,,
70318,12_051_002,969,623,623,0,3,620,EGYENI,,
70320,12_051_003,948,607,606,-1,3,603,EGYENI,,
70322,12_051_004,1197,614,614,0,6,608,EGYENI,,
70324,12_051_005,1053,539,538,-1,3,535,EGYENI,,
70326,12_051_006,808,437,437,0,4,433,EGYENI,,
70328,12_051_007,1020,484,483,-1,2,481,EGYENI,,
70330,12_051_008,921,450,450,0,4,446,EGYENI,,
70332,12_051_009,910,526,526,0,4,522,EGYENI,,
70334,12_051_010,946,585,585,0,4,581,EGYENI,,
70336,12_051_011,961,582,582,0,2,580,EGYENI,,
70338,12_051_012,893,491,491,0,3,488,EGYENI,,
70340,12_051_013,985,541,540,-1,6,534,EGYENI,,
70342,12_051_014,1019,667,666,-1,5,661,EGYENI,,
70344,12_051_015,922,636,633,-3,5,628,EGYENI,,
70346,12_051_016,940,513,513,0,8,505,EGYENI,,
73638,12_052_001,999,549,549,0,4,545,EGYENI,,
73640,12_052_002,971,628,628,0,6,622,EGYENI,,
73642,12_053_001,776,454,453,-1,5,448,EGYENI,,
73644,12_053_002,831,534,534,0,6,528,EGYENI,,
70348,12_054_001,1124,617,617,0,6,611,EGYENI,,
73646,12_055_001,704,407,407,0,3,404,EGYENI,,
73648,12_055_002,761,461,460,-1,4,456,EGYENI,,
73650,12_055_003,786,422,421,-1,3,418,EGYENI,,
70350,12_056_001,987,477,477,0,9,468,EGYENI,,
73652,12_057_001,805,470,470,0,6,464,EGYENI,,
73654,12_057_002,881,566,566,0,2,564,EGYENI,,
70352,12_058_001,1207,651,652,1,12,640,EGYENI,,
72346,12_059_001,956,620,620,0,6,614,EGYENI,,
72348,12_059_002,933,600,600,0,2,598,EGYENI,,
73656,12_060_001,887,552,552,0,2,550,EGYENI,,
70354,12_061_001,714,443,443,0,1,442,EGYENI,,
70356,12_061_002,1000,607,607,0,6,601,EGYENI,,
73658,12_062_001,1298,710,710,0,8,702,EGYENI,,
73660,12_063_001,912,579,579,0,5,574,EGYENI,,
73662,12_063_002,1077,675,675,0,7,668,EGYENI,,
73664,12_063_003,115,56,56,0,1,55,EGYENI,,
72350,12_064_001,767,397,397,0,5,392,EGYENI,,
72352,12_064_002,790,517,517,0,1,516,EGYENI,,
72354,12_064_003,798,457,457,0,4,453,EGYENI,,
72356,12_064_004,787,465,465,0,8,457,EGYENI,,
72358,12_064_005,795,558,558,0,0,558,EGYENI,,
72360,12_064_006,767,470,470,0,1,469,EGYENI,,
72362,12_064_007,817,542,542,0,1,541,EGYENI,,
72364,12_064_008,677,518,518,0,4,514,EGYENI,,
72366,12_064_009,739,476,476,0,6,470,EGYENI,,
72370,12_064_010,684,435,435,0,4,431,EGYENI,,
72368,12_064_011,631,417,417,0,3,414,EGYENI,,
72372,12_064_012,1134,712,712,0,8,704,EGYENI,,
72374,12_064_013,682,518,518,0,4,514,EGYENI,,
72376,12_064_014,746,541,541,0,4,537,EGYENI,,
72378,12_064_015,796,596,596,0,4,592,EGYENI,,
72380,12_064_016,774,535,535,0,7,528,EGYENI,,
72382,12_064_017,814,523,522,-1,2,520,EGYENI,,
72384,12_064_018,726,435,435,0,3,432,EGYENI,,
72386,12_064_019,756,505,505,0,7,498,EGYENI,,
72388,12_064_020,806,577,577,0,1,576,EGYENI,,
72390,12_064_021,839,617,616,-1,7,609,EGYENI,,
72392,12_064_022,973,512,512,0,0,512,EGYENI,,
72914,12_064_023,1090,728,728,0,4,724,EGYENI,,
72394,12_064_024,483,333,333,0,5,328,EGYENI,,
72396,12_065_001,995,634,634,0,2,632,EGYENI,,
72592,12_065_002,940,568,568,0,1,567,EGYENI,,
72594,12_065_003,619,277,277,0,2,275,EGYENI,,
72596,12_065_004,679,189,189,0,6,183,EGYENI,,
72598,12_065_005,840,250,250,0,7,243,EGYENI,,
72600,12_065_006,870,453,453,0,4,449,EGYENI,,
72602,12_065_007,973,603,601,-2,6,595,EGYENI,,
72604,12_065_008,1058,605,607,2,39,568,EGYENI,,
72606,12_065_009,655,360,360,0,3,357,EGYENI,,
72608,12_065_010,927,680,679,-1,9,670,EGYENI,,
72610,12_065_011,877,600,599,-1,3,596,EGYENI,,
72612,12_065_012,1105,718,718,0,3,715,EGYENI,,
72614,12_065_013,1029,666,666,0,7,659,EGYENI,,
72616,12_065_014,962,520,520,0,4,516,EGYENI,,
72618,12_065_015,771,413,413,0,0,413,EGYENI,,
72620,12_065_016,725,435,435,0,7,428,EGYENI,,
72622,12_065_017,1095,729,729,0,3,726,EGYENI,,
72624,12_065_018,1091,745,745,0,3,742,EGYENI,,
72626,12_065_019,1082,781,781,0,9,772,EGYENI,,
72628,12_065_020,854,587,586,-1,2,584,EGYENI,,
72630,12_065_021,828,582,582,0,5,577,EGYENI,,
72632,12_065_022,940,565,563,-2,6,557,EGYENI,,
72634,12_065_023,940,608,607,-1,4,603,EGYENI,,
72636,12_065_024,917,551,549,-2,5,544,EGYENI,,
72638,12_065_025,1698,1386,1376,-10,6,1370,EGYENI,,
72640,12_065_026,773,450,450,0,2,448,EGYENI,,
72642,12_065_027,910,584,584,0,5,579,EGYENI,,
72644,12_065_028,1120,615,615,0,6,609,EGYENI,,
72646,12_065_029,938,571,571,0,8,563,EGYENI,,
72648,12_065_030,897,533,533,0,4,529,EGYENI,,
72650,12_065_031,904,555,555,0,2,553,EGYENI,,
72652,12_065_032,911,549,549,0,2,547,EGYENI,,
72654,12_065_033,860,536,536,0,11,525,EGYENI,,
72856,12_065_034,1046,583,583,0,1,582,EGYENI,,
72858,12_065_035,968,600,599,-1,5,594,EGYENI,,
72916,12_065_036,959,588,588,0,2,586,EGYENI,,
72860,12_065_037,1728,576,574,-2,8,566,EGYENI,,
72862,12_065_038,1006,648,648,0,10,638,EGYENI,,
72864,12_065_039,1042,581,580,-1,2,578,EGYENI,,
72866,12_065_040,936,511,511,0,8,503,EGYENI,,
72868,12_065_041,919,537,537,0,6,531,EGYENI,,
72870,12_065_042,848,468,468,0,4,464,EGYENI,,
72872,12_065_043,838,525,525,0,3,522,EGYENI,,
72874,12_065_044,969,587,587,0,2,585,EGYENI,,
72876,12_065_045,951,560,559,-1,6,553,EGYENI,,
72878,12_065_046,867,533,532,-1,1,531,EGYENI,,
72880,12_065_047,983,634,634,0,3,631,EGYENI,,
72882,12_065_048,860,564,564,0,1,563,EGYENI,,
72884,12_065_049,1023,614,614,0,2,612,EGYENI,,
72886,12_065_050,838,496,496,0,2,494,EGYENI,,
72888,12_065_051,786,446,446,0,3,443,EGYENI,,
72890,12_065_052,809,520,519,-1,1,518,EGYENI,,
72892,12_065_053,1143,724,724,0,6,718,EGYENI,,
72894,12_065_054,977,452,452,0,4,448,EGYENI,,
72896,12_065_055,933,416,415,-1,5,410,EGYENI,,
72898,12_065_056,898,393,393,0,1,392,EGYENI,,
72900,12_065_057,922,595,595,0,4,591,EGYENI,,
72902,12_065_058,1082,694,693,-1,9,684,EGYENI,,
72904,12_065_059,1092,698,698,0,5,693,EGYENI,,
72906,12_065_060,921,451,451,0,2,449,EGYENI,,
70358,12_066_001,1009,545,545,0,5,540,EGYENI,,
70360,12_066_002,199,86,86,0,1,85,EGYENI,,
73666,12_067_001,570,383,383,0,3,380,EGYENI,,
73668,12_067_002,1043,682,681,-1,6,675,EGYENI,,
73670,12_067_003,724,438,434,-4,2,432,EGYENI,,
73672,12_067_004,761,489,489,0,4,485,EGYENI,,
73674,12_067_005,794,475,473,-2,4,469,EGYENI,,
73676,12_067_006,601,387,387,0,2,385,EGYENI,,
73678,12_068_001,211,91,91,0,3,88,EGYENI,,
73680,12_068_002,678,409,409,0,3,406,EGYENI,,
73682,12_068_003,722,461,461,0,7,454,EGYENI,,
73684,12_068_004,744,395,395,0,9,386,EGYENI,,
73686,12_068_005,1062,642,641,-1,3,638,EGYENI,,
73688,12_069_001,813,427,427,0,2,425,EGYENI,,
73690,12_069_002,815,472,472,0,3,469,EGYENI,,
73692,12_069_003,683,395,395,0,11,384,EGYENI,,
73694,12_070_001,569,333,333,0,3,330,EGYENI,,
70362,12_071_001,486,340,340,0,4,336,EGYENI,,
70364,12_072_001,483,313,313,0,3,310,EGYENI,,
70366,12_073_001,1089,679,679,0,7,672,EGYENI,,
72908,12_074_001,807,513,513,0,3,510,EGYENI,,
72910,12_074_002,863,403,403,0,4,399,EGYENI,,
72912,12_074_003,863,606,606,0,5,601,EGYENI,,
73696,12_075_001,421,253,253,0,3,250,EGYENI,,
70368,12_076_001,719,392,392,0,5,387,EGYENI,,
70370,12_076_002,644,378,378,0,1,377,EGYENI,,
71420,13_001_001,500,311,311,0,8,303,EGYENI,,
70374,13_002_001,222,142,142,0,3,139,EGYENI,,
71422,13_003_001,2177,1738,1733,-5,19,1714,EGYENI,,
71424,13_003_002,867,531,530,-1,11,519,EGYENI,,
71426,13_003_003,864,556,556,0,6,550,EGYENI,,
71428,13_003_004,752,478,478,0,8,470,EGYENI,,
71430,13_003_005,810,555,555,0,7,548,EGYENI,,
71432,13_003_006,846,540,540,0,2,538,EGYENI,,
71434,13_003_007,836,541,541,0,2,539,EGYENI,,
71436,13_003_008,822,502,502,0,5,497,EGYENI,,
71438,13_003_009,756,508,505,-3,8,497,EGYENI,,
71440,13_003_010,939,554,554,0,10,544,EGYENI,,
71442,13_003_011,677,462,462,0,7,455,EGYENI,,
71444,13_003_012,827,517,517,0,6,511,EGYENI,,
71446,13_003_013,771,531,530,-1,5,525,EGYENI,,
71448,13_003_014,802,572,572,0,3,569,EGYENI,,
71450,13_003_015,771,554,551,-3,7,544,EGYENI,,
71452,13_003_016,795,572,572,0,6,566,EGYENI,,
71454,13_004_001,573,399,399,0,5,394,EGYENI,,
70376,13_005_001,858,500,500,0,1,499,EGYENI,,
70378,13_006_001,616,355,355,0,2,353,EGYENI,,
70380,13_006_002,666,395,395,0,5,390,EGYENI,,
70382,13_006_003,695,406,405,-1,6,399,EGYENI,,
70384,13_006_004,564,304,304,0,5,299,EGYENI,,
70386,13_006_005,731,360,360,0,4,356,EGYENI,,
70388,13_006_006,638,399,399,0,2,397,EGYENI,,
70390,13_006_007,1217,690,690,0,6,684,EGYENI,,
70392,13_006_008,596,360,360,0,4,356,EGYENI,,
70394,13_006_009,628,445,445,0,5,440,EGYENI,,
70396,13_006_010,778,507,507,0,4,503,EGYENI,,
70398,13_006_011,699,387,387,0,10,377,EGYENI,,
70400,13_006_012,642,394,394,0,3,391,EGYENI,,
71214,13_006_013,693,390,390,0,9,381,EGYENI,,
71216,13_006_014,622,299,299,0,5,294,EGYENI,,
71418,13_006_015,690,390,389,-1,0,389,EGYENI,,
71456,13_007_001,470,300,300,0,5,295,EGYENI,,
71458,13_008_001,763,465,465,0,6,459,EGYENI,,
71460,13_008_002,751,502,502,0,8,494,EGYENI,,
71462,13_009_001,507,316,316,0,7,309,EGYENI,,
71464,13_010_001,294,193,193,0,0,193,EGYENI,,
70402,13_011_001,106,89,85,-4,0,85,EGYENI,,
71466,13_012_001,765,402,402,0,6,396,EGYENI,,
70404,13_013_001,876,467,466,-1,19,447,EGYENI,,
70406,13_013_002,831,463,463,0,9,454,EGYENI,,
70408,13_014_001,943,476,476,0,6,470,EGYENI,,
71468,13_015_001,286,189,189,0,4,185,EGYENI,,
71470,13_016_001,682,445,445,0,4,441,EGYENI,,
70410,13_017_001,120,86,86,0,7,79,EGYENI,,
71472,13_018_001,249,150,150,0,1,149,EGYENI,,
70412,13_019_001,748,415,415,0,3,412,EGYENI,,
71474,13_020_001,361,211,211,0,1,210,EGYENI,,
71476,13_021_001,73,51,51,0,0,51,EGYENI,,
71478,13_022_001,1135,686,686,0,9,677,EGYENI,,
71480,13_023_001,684,414,414,0,4,410,EGYENI,,
71678,13_023_002,796,474,474,0,4,470,EGYENI,,
71680,13_023_003,741,423,423,0,6,417,EGYENI,,
70414,13_024_001,545,369,369,0,6,363,EGYENI,,
70416,13_024_002,341,194,194,0,8,186,EGYENI,,
71682,13_025_001,1147,677,677,0,10,667,EGYENI,,
70618,13_026_001,927,463,463,0,8,455,EGYENI,,
70620,13_027_001,418,246,246,0,10,236,EGYENI,,
71684,13_028_001,584,375,375,0,13,362,EGYENI,,
71686,13_029_001,906,462,462,0,7,455,EGYENI,,
71688,13_030_001,439,288,288,0,10,278,EGYENI,,
71690,13_031_001,445,233,233,0,12,221,EGYENI,,
71692,13_032_001,706,423,422,-1,7,415,EGYENI,,
71694,13_032_002,146,85,85,0,1,84,EGYENI,,
71696,13_032_003,255,124,124,0,5,119,EGYENI,,
71698,13_033_001,717,443,443,0,9,434,EGYENI,,
71700,13_033_002,850,506,506,0,2,504,EGYENI,,
71702,13_033_003,638,413,413,0,4,409,EGYENI,,
71704,13_033_004,725,421,421,0,0,421,EGYENI,,
71706,13_034_001,487,321,321,0,1,320,EGYENI,,
70622,13_035_001,128,88,88,0,3,85,EGYENI,,
71708,13_036_001,522,294,294,0,2,292,EGYENI,,
70624,13_037_001,46,41,41,0,2,39,EGYENI,,
71710,13_038_001,512,324,324,0,7,317,EGYENI,,
70626,13_039_001,798,468,468,0,8,460,EGYENI,,
70628,13_040_001,298,218,218,0,4,214,EGYENI,,
71712,13_041_001,421,251,250,-1,3,247,EGYENI,,
71714,13_042_001,150,118,118,0,2,116,EGYENI,,
71716,13_043_001,645,373,373,0,12,361,EGYENI,,
71718,13_044_001,153,102,102,0,0,102,EGYENI,,
71720,13_045_001,366,222,222,0,9,213,EGYENI,,
71722,13_046_001,688,425,425,0,5,420,EGYENI,,
70630,13_047_001,842,480,477,-3,8,469,EGYENI,,
70632,13_047_002,794,505,505,0,5,500,EGYENI,,
71724,13_048_001,675,398,398,0,3,395,EGYENI,,
71726,13_048_002,577,334,334,0,6,328,EGYENI,,
71728,13_049_001,722,414,414,0,8,406,EGYENI,,
71730,13_050_001,716,389,389,0,12,377,EGYENI,,
71732,13_050_002,582,331,331,0,3,328,EGYENI,,
71734,13_050_003,180,111,111,0,2,109,EGYENI,,
71736,13_051_001,729,401,399,-2,4,395,EGYENI,,
71738,13_051_002,745,471,471,0,8,463,EGYENI,,
71740,13_051_003,676,420,420,0,2,418,EGYENI,,
71742,13_052_001,936,542,542,0,18,524,EGYENI,,
70634,13_053_001,589,341,341,0,9,332,EGYENI,,
70636,13_053_002,660,309,309,0,7,302,EGYENI,,
70638,13_053_003,282,111,111,0,5,106,EGYENI,,
71942,13_054_001,1054,518,515,-3,15,500,EGYENI,,
71944,13_055_001,573,354,354,0,2,352,EGYENI,,
71946,13_056_001,402,296,295,-1,9,286,EGYENI,,
70640,13_057_001,361,208,208,0,5,203,EGYENI,,
70642,13_058_001,159,124,124,0,3,121,EGYENI,,
71948,13_059_001,150,103,103,0,3,100,EGYENI,,
70644,13_060_001,476,312,312,0,6,306,EGYENI,,
70646,13_061_001,144,113,113,0,3,110,EGYENI,,
70648,13_062_001,86,66,66,0,0,66,EGYENI,,
71950,13_063_001,361,210,210,0,7,203,EGYENI,,
71952,13_064_001,640,409,408,-1,21,387,EGYENI,,
70650,13_065_001,488,296,296,0,10,286,EGYENI,,
71954,13_066_001,619,297,297,0,7,290,EGYENI,,
71956,13_066_002,404,217,217,0,3,214,EGYENI,,
71958,13_067_001,625,407,406,-1,6,400,EGYENI,,
71960,13_068_001,952,540,539,-1,8,531,EGYENI,,
70652,13_069_001,189,150,150,0,1,149,EGYENI,,
70654,13_070_001,665,431,431,0,7,424,EGYENI,,
70656,13_071_001,937,564,564,0,5,559,EGYENI,,
70658,13_071_002,509,262,262,0,5,257,EGYENI,,
70660,13_072_001,789,441,441,0,4,437,EGYENI,,
71210,13_073_001,1260,768,766,-2,22,744,EGYENI,,
70662,13_074_001,924,505,505,0,12,493,EGYENI,,
70664,13_074_002,605,362,362,0,9,353,EGYENI,,
70666,13_075_001,649,355,355,0,5,350,EGYENI,,
70668,13_075_002,632,294,294,0,18,276,EGYENI,,
70670,13_075_003,233,144,144,0,2,142,EGYENI,,
71962,13_076_001,512,345,345,0,5,340,EGYENI,,
71964,13_077_001,738,347,346,-1,5,341,EGYENI,,
70672,13_078_001,515,305,305,0,19,286,EGYENI,,
70674,13_079_001,213,142,142,0,3,139,EGYENI,,
71966,13_080_001,648,389,390,1,31,359,EGYENI,,
71968,13_080_002,494,271,270,-1,12,258,EGYENI,,
71970,13_080_003,62,50,50,0,0,50,EGYENI,,
71972,13_081_001,793,401,401,0,8,393,EGYENI,,
71974,13_081_002,874,502,502,0,4,498,EGYENI,,
70676,13_082_001,616,387,387,0,10,377,EGYENI,,
71976,13_083_001,930,556,556,0,10,546,EGYENI,,
71978,13_084_001,694,459,459,0,7,452,EGYENI,,
71980,13_084_002,513,337,337,0,5,332,EGYENI,,
71982,13_085_001,549,309,309,0,3,306,EGYENI,,
71984,13_086_001,427,228,227,-1,2,225,EGYENI,,
71986,13_087_001,617,363,363,0,6,357,EGYENI,,
71988,13_087_002,613,355,355,0,17,338,EGYENI,,
71990,13_088_001,738,501,501,0,6,495,EGYENI,,
71992,13_089_001,609,360,360,0,4,356,EGYENI,,
71994,13_090_001,469,253,253,0,11,242,EGYENI,,
71996,13_091_001,949,605,603,-2,2,601,EGYENI,,
71998,13_092_001,844,551,550,-1,5,545,EGYENI,,
72000,13_093_001,280,200,200,0,3,197,EGYENI,,
70678,13_094_001,597,360,360,0,11,349,EGYENI,,
70680,13_094_002,731,459,459,0,9,450,EGYENI,,
72002,13_095_001,745,501,501,0,10,491,EGYENI,,
72004,13_096_001,575,382,382,0,9,373,EGYENI,,
70682,13_097_001,955,612,612,0,12,600,EGYENI,,
70684,13_097_002,991,552,552,0,16,536,EGYENI,,
70886,13_097_003,784,533,534,1,18,516,EGYENI,,
70888,13_097_004,840,589,589,0,9,580,EGYENI,,
70890,13_097_005,1030,641,641,0,13,628,EGYENI,,
70892,13_097_006,958,605,605,0,10,595,EGYENI,,
70894,13_097_007,1095,770,769,-1,16,753,EGYENI,,
70896,13_097_008,767,539,539,0,6,533,EGYENI,,
70898,13_097_009,323,220,220,0,4,216,EGYENI,,
72006,13_098_001,479,286,286,0,6,280,EGYENI,,
72202,13_099_001,121,100,100,0,0,100,EGYENI,,
72204,13_100_001,1165,770,770,0,6,764,EGYENI,,
72206,13_100_002,1113,737,737,0,7,730,EGYENI,,
72208,13_101_001,801,450,450,0,20,430,EGYENI,,
72210,13_101_002,585,366,366,0,2,364,EGYENI,,
72212,13_102_001,844,522,522,0,7,515,EGYENI,,
72214,13_102_002,910,508,508,0,6,502,EGYENI,,
70900,13_103_001,230,134,134,0,5,129,EGYENI,,
70902,13_103_002,214,139,139,0,3,136,EGYENI,,
70904,13_103_003,864,567,567,0,7,560,EGYENI,,
70906,13_103_004,809,547,547,0,7,540,EGYENI,,
70908,13_103_005,1064,679,679,0,9,670,EGYENI,,
70910,13_103_006,667,472,470,-2,5,465,EGYENI,,
71156,13_103_007,873,602,602,0,5,597,EGYENI,,
70912,13_103_008,844,573,573,0,5,568,EGYENI,,
70914,13_103_009,818,562,562,0,4,558,EGYENI,,
70916,13_103_010,118,72,72,0,0,72,EGYENI,,
70918,13_103_011,133,100,100,0,3,97,EGYENI,,
70920,13_103_012,551,312,312,0,3,309,EGYENI,,
70922,13_103_013,955,543,541,-2,8,533,EGYENI,,
70924,13_103_014,770,406,406,0,7,399,EGYENI,,
70926,13_103_015,597,316,316,0,6,310,EGYENI,,
70928,13_103_016,997,563,561,-2,9,552,EGYENI,,
70930,13_103_017,2249,1825,1809,-16,21,1788,EGYENI,,
70932,13_103_018,1226,788,785,-3,32,753,EGYENI,,
70934,13_103_019,561,342,342,0,5,337,EGYENI,,
70936,13_103_020,652,416,416,0,9,407,EGYENI,,
70938,13_103_021,981,703,702,-1,8,694,EGYENI,,
70940,13_103_022,827,519,519,0,5,514,EGYENI,,
70942,13_103_023,657,457,456,-1,8,448,EGYENI,,
70944,13_103_024,690,401,401,0,6,395,EGYENI,,
70946,13_103_025,894,570,570,0,11,559,EGYENI,,
70948,13_103_026,991,449,449,0,6,443,EGYENI,,
71152,13_103_027,1034,577,577,0,12,565,EGYENI,,
71154,13_103_028,880,551,551,0,6,545,EGYENI,,
71158,13_103_029,828,500,499,-1,7,492,EGYENI,,
71160,13_103_030,620,400,400,0,3,397,EGYENI,,
71162,13_103_031,854,557,557,0,7,550,EGYENI,,
71164,13_103_032,722,341,341,0,11,330,EGYENI,,
71166,13_103_033,700,341,341,0,10,331,EGYENI,,
71212,13_103_034,801,442,442,0,5,437,EGYENI,,
71168,13_103_035,927,473,473,0,11,462,EGYENI,,
71170,13_103_036,855,349,349,0,7,342,EGYENI,,
71172,13_103_037,604,361,361,0,3,358,EGYENI,,
71174,13_103_038,1352,848,850,2,43,807,EGYENI,,
71176,13_103_039,955,556,554,-2,9,545,EGYENI,,
71178,13_103_040,788,492,492,0,5,487,EGYENI,,
72216,13_104_001,769,394,394,0,8,386,EGYENI,,
71180,13_105_001,225,170,170,0,4,166,EGYENI,,
71182,13_106_001,622,307,307,0,6,301,EGYENI,,
72218,13_107_001,353,225,225,0,6,219,EGYENI,,
72220,13_108_001,386,245,245,0,8,237,EGYENI,,
72222,13_108_002,161,95,95,0,0,95,EGYENI,,
71184,13_109_001,334,201,201,0,3,198,EGYENI,,
72224,13_110_001,394,207,207,0,14,193,EGYENI,,
72226,13_111_001,1022,675,675,0,9,666,EGYENI,,
72228,13_111_002,251,162,162,0,0,162,EGYENI,,
72230,13_112_001,298,180,180,0,1,179,EGYENI,,
72232,13_113_001,189,142,142,0,3,139,EGYENI,,
72234,13_114_001,1108,719,719,0,9,710,EGYENI,,
72236,13_114_002,1136,714,714,0,7,707,EGYENI,,
72238,13_114_003,1142,746,746,0,13,733,EGYENI,,
72240,13_114_004,1173,737,737,0,5,732,EGYENI,,
72242,13_114_005,158,110,110,0,4,106,EGYENI,,
72244,13_114_006,229,124,124,0,0,124,EGYENI,,
72246,13_115_001,364,225,225,0,8,217,EGYENI,,
71186,13_116_001,247,142,142,0,4,138,EGYENI,,
72248,13_117_001,837,382,382,0,13,369,EGYENI,,
71188,13_118_001,410,288,288,0,3,285,EGYENI,,
71190,13_118_002,89,72,72,0,3,69,EGYENI,,
71192,13_119_001,969,631,631,0,21,610,EGYENI,,
71194,13_119_002,684,416,415,-1,2,413,EGYENI,,
72250,13_120_001,609,377,375,-2,1,374,EGYENI,,
72252,13_120_002,558,373,373,0,3,370,EGYENI,,
71196,13_121_001,838,424,424,0,4,420,EGYENI,,
71198,13_121_002,713,442,442,0,0,442,EGYENI,,
72254,13_122_001,540,311,311,0,13,298,EGYENI,,
72256,13_123_001,307,225,225,0,2,223,EGYENI,,
72258,13_124_001,614,398,398,0,8,390,EGYENI,,
72260,13_125_001,1043,576,576,0,12,564,EGYENI,,
72262,13_126_001,613,356,356,0,5,351,EGYENI,,
72264,13_126_002,733,484,484,0,4,480,EGYENI,,
71200,13_127_001,1115,607,607,0,10,597,EGYENI,,
71202,13_128_001,385,170,170,0,3,167,EGYENI,,
71204,13_129_001,507,314,314,0,9,305,EGYENI,,
72266,13_130_001,519,318,318,0,4,314,EGYENI,,
71206,13_131_001,1027,610,610,0,9,601,EGYENI,,
71208,13_131_002,873,547,546,-1,8,538,EGYENI,,
72666,14_001_001,766,350,350,0,2,348,EGYENI,,
72668,14_001_002,780,425,425,0,2,423,EGYENI,,
72670,14_001_003,735,354,352,-2,2,350,EGYENI,,
72672,14_001_004,746,405,405,0,2,403,EGYENI,,
72674,14_001_005,728,395,395,0,5,390,EGYENI,,
72676,14_001_006,716,386,386,0,1,385,EGYENI,,
72678,14_001_007,738,409,409,0,1,408,EGYENI,,
72680,14_001_008,746,411,411,0,3,408,EGYENI,,
72682,14_001_009,747,372,371,-1,2,369,EGYENI,,
72684,14_001_010,771,392,392,0,0,392,EGYENI,,
72686,14_001_011,747,444,444,0,4,440,EGYENI,,
72688,14_001_012,729,416,416,0,2,414,EGYENI,,
72690,14_001_013,743,441,441,0,2,439,EGYENI,,
72692,14_001_014,734,443,443,0,5,438,EGYENI,,
73228,14_001_015,719,424,424,0,5,419,EGYENI,,
73230,14_001_016,654,403,403,0,0,403,EGYENI,,
70216,14_002_001,1116,588,580,-8,12,568,EGYENI,,
71120,14_003_001,591,372,371,-1,4,367,EGYENI,,
71122,14_003_002,619,399,399,0,7,392,EGYENI,,
71124,14_003_003,605,305,305,0,3,302,EGYENI,,
71126,14_003_004,564,317,317,0,3,314,EGYENI,,
71128,14_003_005,605,361,361,0,1,360,EGYENI,,
71130,14_003_006,663,362,362,0,4,358,EGYENI,,
71132,14_003_007,663,350,350,0,1,349,EGYENI,,
71134,14_003_008,641,371,371,0,3,368,EGYENI,,
71136,14_003_009,635,383,381,-2,6,375,EGYENI,,
71138,14_003_010,615,288,288,0,2,286,EGYENI,,
71882,14_003_011,621,362,362,0,5,357,EGYENI,,
71884,14_003_012,606,311,311,0,3,308,EGYENI,,
71886,14_003_013,566,336,335,-1,4,331,EGYENI,,
71888,14_003_014,594,309,309,0,2,307,EGYENI,,
71890,14_003_015,608,327,327,0,5,322,EGYENI,,
71892,14_003_016,680,336,336,0,5,331,EGYENI,,
71894,14_004_001,738,478,478,0,2,476,EGYENI,,
71896,14_004_002,760,430,430,0,2,428,EGYENI,,
71898,14_004_003,781,450,450,0,2,448,EGYENI,,
71900,14_004_004,729,490,489,-1,5,484,EGYENI,,
71902,14_004_005,961,589,589,0,3,586,EGYENI,,
71904,14_005_001,963,451,451,0,10,441,EGYENI,,
71766,14_006_001,834,500,500,0,6,494,EGYENI,,
71768,14_006_002,796,531,530,-1,4,526,EGYENI,,
71770,14_006_003,766,475,475,0,4,471,EGYENI,,
71772,14_006_004,996,649,650,1,24,626,EGYENI,,
71774,14_006_005,571,359,358,-1,5,353,EGYENI,,
71776,14_006_006,894,512,512,0,9,503,EGYENI,,
71906,14_007_001,941,541,541,0,6,535,EGYENI,,
71778,14_008_001,727,515,515,0,6,509,EGYENI,,
71780,14_008_002,754,468,468,0,7,461,EGYENI,,
71782,14_008_003,813,485,485,0,2,483,EGYENI,,
71784,14_008_004,682,474,474,0,6,468,EGYENI,,
70218,14_009_001,690,439,438,-1,6,432,EGYENI,,
71140,14_010_001,938,557,557,0,7,550,EGYENI,,
73026,14_011_001,1184,816,817,1,16,801,EGYENI,,
73028,14_011_002,1074,693,693,0,5,688,EGYENI,,
73030,14_011_003,1127,803,801,-2,6,795,EGYENI,,
73032,14_011_004,1250,938,936,-2,6,930,EGYENI,,
73034,14_011_005,1092,767,768,1,17,751,EGYENI,,
73036,14_011_006,1073,765,765,0,7,758,EGYENI,,
73038,14_011_007,1210,713,713,0,4,709,EGYENI,,
73040,14_011_008,1195,860,861,1,12,849,EGYENI,,
73042,14_012_001,696,513,513,0,3,510,EGYENI,,
73766,14_012_002,692,507,489,-18,4,485,EGYENI,,
73788,14_013_001,1131,819,819,0,3,816,EGYENI,,
73790,14_013_002,983,671,671,0,6,665,EGYENI,,
73792,14_013_003,1169,869,867,-2,6,861,EGYENI,,
73794,14_013_004,986,610,609,-1,8,601,EGYENI,,
73796,14_013_005,1032,727,725,-2,10,715,EGYENI,,
73798,14_013_006,976,783,783,0,10,773,EGYENI,,
73800,14_013_007,1056,771,768,-3,2,766,EGYENI,,
73802,14_013_008,985,709,708,-1,4,704,EGYENI,,
73044,14_014_001,711,577,577,0,3,574,EGYENI,,
73046,14_014_002,618,459,459,0,6,453,EGYENI,,
73048,14_014_003,749,503,500,-3,19,481,EGYENI,,
73050,14_014_004,2309,1932,1930,-2,10,1920,EGYENI,,
73052,14_014_005,760,526,525,-1,7,518,EGYENI,,
73250,14_014_006,710,539,537,-2,6,531,EGYENI,,
73252,14_014_007,615,510,509,-1,3,506,EGYENI,,
73254,14_014_008,682,548,548,0,2,546,EGYENI,,
73256,14_014_009,679,483,483,0,2,481,EGYENI,,
73258,14_014_010,666,482,481,-1,3,478,EGYENI,,
73774,14_014_011,626,448,447,-1,4,443,EGYENI,,
73776,14_014_012,689,559,559,0,1,558,EGYENI,,
73778,14_014_013,734,546,546,0,3,543,EGYENI,,
73780,14_014_014,596,418,416,-2,3,413,EGYENI,,
73782,14_014_015,766,539,538,-1,4,534,EGYENI,,
73784,14_014_016,607,417,415,-2,3,412,EGYENI,,
73260,14_015_001,1068,790,789,-1,4,785,EGYENI,,
73262,14_015_002,1182,767,767,0,9,758,EGYENI,,
73264,14_015_003,1116,754,754,0,10,744,EGYENI,,
73266,14_015_004,1063,789,787,-2,6,781,EGYENI,,
73268,14_015_005,1124,837,837,0,10,827,EGYENI,,
73270,14_015_006,986,743,733,-10,6,727,EGYENI,,
73272,14_015_007,1104,861,860,-1,2,858,EGYENI,,
73274,14_015_008,1093,857,857,0,4,853,EGYENI,,
73276,14_015_009,1080,700,698,-2,6,692,EGYENI,,
73278,14_015_010,1101,690,689,-1,7,682,EGYENI,,
73280,14_015_011,1101,669,668,-1,13,655,EGYENI,,
73282,14_015_012,1101,682,681,-1,5,676,EGYENI,,
73284,14_015_013,1103,713,712,-1,5,707,EGYENI,,
73286,14_015_014,1167,741,741,0,6,735,EGYENI,,
73288,14_015_015,1098,799,799,0,7,792,EGYENI,,
73290,14_015_016,1092,807,807,0,7,800,EGYENI,,
73292,14_015_017,1090,853,852,-1,2,850,EGYENI,,
73294,14_015_018,1142,899,894,-5,3,891,EGYENI,,
73296,14_015_019,891,674,673,-1,3,670,EGYENI,,
73298,14_015_020,1044,774,774,0,7,767,EGYENI,,
71908,14_016_001,734,404,404,0,2,402,EGYENI,,
71910,14_016_002,764,415,415,0,2,413,EGYENI,,
71912,14_016_003,652,365,364,-1,1,363,EGYENI,,
71914,14_016_004,711,394,394,0,6,388,EGYENI,,
71916,14_016_005,873,458,457,-1,3,454,EGYENI,,
71918,14_016_006,218,104,104,0,2,102,EGYENI,,
71920,14_016_007,190,78,78,0,0,78,EGYENI,,
72694,14_017_001,843,585,585,0,6,579,EGYENI,,
72696,14_017_002,776,499,512,13,76,436,EGYENI,,
72698,14_017_003,1144,806,805,-1,6,799,EGYENI,,
72700,14_017_004,772,518,518,0,5,513,EGYENI,,
72702,14_017_005,1095,711,711,0,4,707,EGYENI,,
72704,14_017_006,767,565,565,0,6,559,EGYENI,,
72706,14_017_007,1451,1113,1113,0,11,1102,EGYENI,,
72708,14_017_008,652,464,463,-1,5,458,EGYENI,,
72710,14_017_009,898,651,650,-1,6,644,EGYENI,,
72712,14_017_010,949,667,665,-2,4,661,EGYENI,,
72714,14_017_011,641,444,444,0,10,434,EGYENI,,
72716,14_017_012,672,467,467,0,4,463,EGYENI,,
72718,14_017_013,1335,824,824,0,4,820,EGYENI,,
72720,14_017_014,1080,663,653,-10,7,646,EGYENI,,
72722,14_017_015,900,650,650,0,3,647,EGYENI,,
72920,14_017_016,824,569,570,1,12,558,EGYENI,,
72922,14_017_017,880,540,539,-1,2,537,EGYENI,,
72924,14_017_018,761,321,321,0,12,309,EGYENI,,
72926,14_017_019,215,73,73,0,0,73,EGYENI,,
72928,14_017_020,1170,619,619,0,9,610,EGYENI,,
72930,14_017_021,999,507,506,-1,4,502,EGYENI,,
72932,14_017_022,1085,642,642,0,8,634,EGYENI,,
72934,14_017_023,1136,743,743,0,7,736,EGYENI,,
72936,14_017_024,842,495,495,0,3,492,EGYENI,,
72938,14_017_025,881,497,497,0,5,492,EGYENI,,
72940,14_017_026,1100,409,409,0,9,400,EGYENI,,
72942,14_017_027,1039,545,545,0,9,536,EGYENI,,
72944,14_017_028,813,530,530,0,8,522,EGYENI,,
72946,14_017_029,654,332,332,0,2,330,EGYENI,,
72948,14_017_030,694,454,454,0,1,453,EGYENI,,
72950,14_017_031,943,684,684,0,7,677,EGYENI,,
72952,14_017_032,1280,678,678,0,10,668,EGYENI,,
72954,14_017_033,1077,611,611,0,9,602,EGYENI,,
71142,14_018_001,779,449,449,0,2,447,EGYENI,,
71144,14_018_002,731,439,439,0,7,432,EGYENI,,
71146,14_018_003,737,429,429,0,7,422,EGYENI,,
71148,14_018_004,652,397,397,0,2,395,EGYENI,,
71150,14_018_005,653,398,398,0,5,393,EGYENI,,
72956,14_019_001,1209,671,671,0,8,663,EGYENI,,
72958,14_019_002,888,385,386,1,15,371,EGYENI,,
72960,14_019_003,1221,573,573,0,6,567,EGYENI,,
71350,14_020_001,816,429,429,0,4,425,EGYENI,,
71352,14_020_002,728,370,370,0,3,367,EGYENI,,
73804,14_021_001,857,440,439,-1,10,429,EGYENI,,
73806,14_021_002,815,571,571,0,7,564,EGYENI,,
70206,14_021_003,792,588,588,0,2,586,EGYENI,,
70986,14_022_001,1165,748,749,1,16,733,EGYENI,,
70988,14_023_001,1079,725,725,0,4,721,EGYENI,,
70990,14_023_002,967,684,684,0,7,677,EGYENI,,
70992,14_023_003,882,605,605,0,2,603,EGYENI,,
70994,14_023_004,950,604,596,-8,7,589,EGYENI,,
70996,14_023_005,1004,643,643,0,11,632,EGYENI,,
70998,14_023_006,1045,713,713,0,9,704,EGYENI,,
71744,14_023_007,1045,764,763,-1,3,760,EGYENI,,
70220,14_024_001,527,357,357,0,7,350,EGYENI,,
71922,14_025_001,822,477,477,0,1,476,EGYENI,,
71924,14_025_002,819,530,530,0,6,524,EGYENI,,
71926,14_025_003,919,603,603,0,2,601,EGYENI,,
71928,14_025_004,812,492,492,0,2,490,EGYENI,,
71930,14_025_005,790,453,452,-1,5,447,EGYENI,,
71932,14_025_006,844,551,551,0,6,545,EGYENI,,
71934,14_025_007,913,534,534,0,19,515,EGYENI,,
71936,14_025_008,1758,1344,1344,0,5,1339,EGYENI,,
71938,14_025_009,833,545,545,0,7,538,EGYENI,,
71940,14_025_010,792,480,480,0,3,477,EGYENI,,
72136,14_025_011,794,486,485,-1,4,481,EGYENI,,
72138,14_025_012,853,521,521,0,5,516,EGYENI,,
72140,14_025_013,901,490,490,0,9,481,EGYENI,,
72142,14_025_014,782,383,383,0,2,381,EGYENI,,
72144,14_025_015,1105,563,562,-1,6,556,EGYENI,,
72146,14_025_016,593,319,319,0,2,317,EGYENI,,
71354,14_026_001,807,367,367,0,2,365,EGYENI,,
71356,14_026_002,1139,555,554,-1,7,547,EGYENI,,
71358,14_026_003,315,168,168,0,3,165,EGYENI,,
73888,14_027_001,771,487,487,0,5,482,EGYENI,,
73890,14_027_002,834,537,537,0,4,533,EGYENI,,
73892,14_027_003,879,551,551,0,6,545,EGYENI,,
73894,14_027_004,983,599,599,0,30,569,EGYENI,,
72148,14_028_001,899,462,462,0,5,457,EGYENI,,
72150,14_028_002,993,562,562,0,2,560,EGYENI,,
72152,14_028_003,962,492,492,0,7,485,EGYENI,,
72464,14_029_001,804,609,609,0,5,604,EGYENI,,
72466,14_029_002,910,602,602,0,3,599,EGYENI,,
72468,14_029_003,686,505,505,0,7,498,EGYENI,,
72470,14_029_004,857,597,594,-3,6,588,EGYENI,,
72472,14_029_005,867,621,621,0,6,615,EGYENI,,
72474,14_029_006,892,613,613,0,2,611,EGYENI,,
72476,14_029_007,825,637,636,-1,2,634,EGYENI,,
73014,14_029_008,950,716,716,0,5,711,EGYENI,,
71786,14_030_001,569,341,341,0,18,323,EGYENI,,
71788,14_030_002,777,517,517,0,1,516,EGYENI,,
71790,14_030_003,295,197,197,0,4,193,EGYENI,,
72154,14_031_001,902,471,471,0,2,469,EGYENI,,
72156,14_031_002,948,530,530,0,5,525,EGYENI,,
72158,14_031_003,932,405,405,0,12,393,EGYENI,,
72160,14_031_004,942,566,566,0,14,552,EGYENI,,
72664,14_031_005,945,449,449,0,5,444,EGYENI,,
73808,14_032_001,665,461,461,0,5,456,EGYENI,,
73810,14_032_002,1136,753,753,0,11,742,EGYENI,,
73812,14_032_003,767,519,519,0,4,515,EGYENI,,
72162,14_033_001,1189,716,714,-2,5,709,EGYENI,,
72164,14_033_002,974,576,574,-2,4,570,EGYENI,,
72166,14_033_003,965,635,635,0,5,630,EGYENI,,
72168,14_033_004,890,590,590,0,6,584,EGYENI,,
72170,14_033_005,920,592,592,0,4,588,EGYENI,,
72172,14_033_006,1003,708,704,-4,10,694,EGYENI,,
72174,14_033_007,876,617,617,0,2,615,EGYENI,,
72176,14_033_008,1149,821,817,-4,0,817,EGYENI,,
72178,14_033_009,968,657,657,0,9,648,EGYENI,,
72180,14_033_010,1041,668,668,0,7,661,EGYENI,,
72182,14_033_011,931,506,506,0,3,503,EGYENI,,
72184,14_033_012,1114,677,676,-1,1,675,EGYENI,,
72186,14_033_013,969,616,616,0,3,613,EGYENI,,
72188,14_033_014,1080,626,624,-2,2,622,EGYENI,,
72190,14_033_015,994,624,624,0,5,619,EGYENI,,
72192,14_033_016,933,617,616,-1,4,612,EGYENI,,
71000,14_034_001,1048,711,711,0,2,709,EGYENI,,
71002,14_034_002,1092,793,793,0,5,788,EGYENI,,
71004,14_034_003,1083,727,724,-3,6,718,EGYENI,,
71006,14_034_004,1089,744,745,1,13,732,EGYENI,,
71008,14_034_005,1026,662,662,0,2,660,EGYENI,,
71010,14_034_006,1250,774,773,-1,3,770,EGYENI,,
71012,14_034_007,1039,721,721,0,3,718,EGYENI,,
71014,14_034_008,1091,755,755,0,2,753,EGYENI,,
71016,14_034_009,1160,764,763,-1,7,756,EGYENI,,
71218,14_034_010,2465,1866,1853,-13,12,1841,EGYENI,,
71220,14_034_011,953,590,589,-1,4,585,EGYENI,,
71222,14_034_012,945,624,624,0,1,623,EGYENI,,
71224,14_034_013,1134,856,853,-3,3,850,EGYENI,,
71226,14_034_014,921,690,689,-1,2,687,EGYENI,,
71228,14_034_015,895,660,660,0,2,658,EGYENI,,
71230,14_034_016,1086,789,789,0,7,782,EGYENI,,
71232,14_034_017,1028,716,717,1,12,705,EGYENI,,
71234,14_034_018,953,638,638,0,3,635,EGYENI,,
71236,14_034_019,1231,803,803,0,4,799,EGYENI,,
71238,14_034_020,932,684,684,0,3,681,EGYENI,,
71240,14_034_021,859,583,583,0,9,574,EGYENI,,
71242,14_034_022,858,501,501,0,2,499,EGYENI,,
71244,14_034_023,1219,772,765,-7,4,761,EGYENI,,
71246,14_034_024,1023,648,648,0,3,645,EGYENI,,
71248,14_034_025,1269,875,875,0,4,871,EGYENI,,
71250,14_034_026,1236,842,840,-2,8,832,EGYENI,,
71252,14_034_027,1309,880,879,-1,6,873,EGYENI,,
71254,14_034_028,1148,705,704,-1,5,699,EGYENI,,
71546,14_034_029,1151,751,747,-4,9,738,EGYENI,,
71762,14_034_030,898,604,603,-1,1,602,EGYENI,,
73314,14_035_001,955,589,588,-1,9,579,EGYENI,,
73316,14_035_002,957,599,599,0,2,597,EGYENI,,
73318,14_035_003,1005,552,551,-1,7,544,EGYENI,,
73320,14_035_004,990,540,541,1,12,529,EGYENI,,
73322,14_035_005,991,652,651,-1,6,645,EGYENI,,
73886,14_035_006,994,623,622,-1,4,618,EGYENI,,
72540,14_036_001,1008,695,694,-1,11,683,EGYENI,,
72542,14_036_002,1136,784,784,0,7,777,EGYENI,,
72544,14_036_003,829,575,575,0,8,567,EGYENI,,
71256,14_037_001,999,594,593,-1,4,589,EGYENI,,
71258,14_037_002,954,534,534,0,8,526,EGYENI,,
71260,14_037_003,1019,599,599,0,2,597,EGYENI,,
71262,14_037_004,934,560,560,0,7,553,EGYENI,,
71264,14_037_005,998,549,549,0,7,542,EGYENI,,
71764,14_037_006,1048,562,562,0,10,552,EGYENI,,
72478,14_038_001,1104,552,552,0,5,547,EGYENI,,
72480,14_038_002,1041,717,717,0,10,707,EGYENI,,
72482,14_038_003,946,661,661,0,7,654,EGYENI,,
72484,14_038_004,1055,682,682,0,11,671,EGYENI,,
72486,14_038_005,958,520,518,-2,3,515,EGYENI,,
72488,14_038_006,1155,804,803,-1,6,797,EGYENI,,
72490,14_038_007,1238,817,816,-1,14,802,EGYENI,,
72492,14_038_008,1123,677,676,-1,7,669,EGYENI,,
72494,14_038_009,933,484,484,0,4,480,EGYENI,,
72496,14_038_010,876,489,489,0,4,485,EGYENI,,
72498,14_038_011,1158,739,739,0,7,732,EGYENI,,
72500,14_038_012,1109,741,741,0,7,734,EGYENI,,
72502,14_038_013,1037,648,648,0,3,645,EGYENI,,
72504,14_038_014,1092,757,757,0,7,750,EGYENI,,
72506,14_038_015,1095,799,799,0,7,792,EGYENI,,
72508,14_038_016,995,674,674,0,4,670,EGYENI,,
72510,14_038_017,2267,1726,1718,-8,10,1708,EGYENI,,
72512,14_038_018,992,707,705,-2,11,694,EGYENI,,
72514,14_038_019,1109,759,754,-5,5,749,EGYENI,,
72516,14_038_020,1170,762,761,-1,5,756,EGYENI,,
72518,14_038_021,982,549,548,-1,3,545,EGYENI,,
72520,14_038_022,988,651,651,0,6,645,EGYENI,,
72522,14_038_023,1009,687,687,0,4,683,EGYENI,,
72524,14_038_024,1061,774,774,0,5,769,EGYENI,,
72526,14_038_025,1071,659,657,-2,6,651,EGYENI,,
72724,14_038_026,1114,706,706,0,4,702,EGYENI,,
72726,14_038_027,1154,789,789,0,7,782,EGYENI,,
72728,14_038_028,1094,707,707,0,9,698,EGYENI,,
72730,14_038_029,1107,840,836,-4,1,835,EGYENI,,
72732,14_038_030,967,670,670,0,4,666,EGYENI,,
72734,14_038_031,1011,700,700,0,9,691,EGYENI,,
72736,14_038_032,1098,722,722,0,13,709,EGYENI,,
72738,14_038_033,1121,650,650,0,1,649,EGYENI,,
72740,14_038_034,961,507,506,-1,7,499,EGYENI,,
72742,14_038_035,1040,658,657,-1,5,652,EGYENI,,
72744,14_038_036,1081,698,696,-2,3,693,EGYENI,,
72746,14_038_037,1046,682,682,0,3,679,EGYENI,,
72748,14_038_038,1002,654,653,-1,4,649,EGYENI,,
72750,14_038_039,1054,646,646,0,3,643,EGYENI,,
72752,14_038_040,1062,750,750,0,6,744,EGYENI,,
72754,14_038_041,1160,803,803,0,8,795,EGYENI,,
72756,14_038_042,1022,729,727,-2,2,725,EGYENI,,
72758,14_038_043,1045,671,670,-1,2,668,EGYENI,,
72760,14_038_044,989,628,627,-1,8,619,EGYENI,,
72762,14_038_045,1038,739,737,-2,6,731,EGYENI,,
72764,14_038_046,1041,726,725,-1,4,721,EGYENI,,
72766,14_038_047,1052,721,721,0,4,717,EGYENI,,
72768,14_038_048,1045,633,632,-1,3,629,EGYENI,,
70552,14_039_001,1169,704,704,0,7,697,EGYENI,,
70554,14_039_002,868,456,456,0,6,450,EGYENI,,
70556,14_039_003,863,379,379,0,6,373,EGYENI,,
72546,14_040_001,856,487,485,-2,10,475,EGYENI,,
72548,14_040_002,838,528,528,0,3,525,EGYENI,,
72550,14_040_003,926,527,527,0,11,516,EGYENI,,
71266,14_041_001,939,615,615,0,2,613,EGYENI,,
71268,14_041_002,884,630,630,0,2,628,EGYENI,,
71270,14_041_003,956,607,607,0,4,603,EGYENI,,
71272,14_041_004,909,608,608,0,4,604,EGYENI,,
71274,14_041_005,919,568,568,0,0,568,EGYENI,,
71276,14_041_006,922,574,574,0,4,570,EGYENI,,
71278,14_041_007,1037,659,659,0,4,655,EGYENI,,
71280,14_041_008,874,571,571,0,5,566,EGYENI,,
71282,14_041_009,947,531,531,0,3,528,EGYENI,,
71482,14_041_010,960,644,644,0,6,638,EGYENI,,
71484,14_041_011,892,603,603,0,2,601,EGYENI,,
71486,14_041_012,895,471,471,0,6,465,EGYENI,,
71488,14_041_013,1012,700,698,-2,1,697,EGYENI,,
71490,14_041_014,963,644,644,0,9,635,EGYENI,,
71492,14_041_015,901,579,579,0,3,576,EGYENI,,
71494,14_041_016,986,647,647,0,4,643,EGYENI,,
70418,14_042_001,794,484,484,0,4,480,EGYENI,,
70558,14_043_001,682,519,519,0,1,518,EGYENI,,
70560,14_043_002,667,408,410,2,23,387,EGYENI,,
70562,14_043_003,700,335,335,0,5,330,EGYENI,,
71792,14_044_001,895,539,538,-1,7,531,EGYENI,,
71794,14_044_002,572,343,343,0,4,339,EGYENI,,
71360,14_045_001,1128,622,622,0,4,618,EGYENI,,
71362,14_045_002,1066,558,558,0,8,550,EGYENI,,
71364,14_045_003,92,41,41,0,0,41,EGYENI,,
71496,14_046_001,690,492,492,0,5,487,EGYENI,,
71498,14_046_002,685,512,511,-1,6,505,EGYENI,,
71500,14_046_003,850,628,628,0,4,624,EGYENI,,
71502,14_046_004,886,639,639,0,5,634,EGYENI,,
71504,14_046_005,803,584,584,0,2,582,EGYENI,,
71506,14_046_006,705,517,517,0,5,512,EGYENI,,
71508,14_046_007,919,606,606,0,8,598,EGYENI,,
71510,14_046_008,850,579,579,0,4,575,EGYENI,,
71512,14_046_009,284,172,172,0,1,171,EGYENI,,
71514,14_046_010,747,508,508,0,4,504,EGYENI,,
71516,14_046_011,959,691,691,0,2,689,EGYENI,,
71518,14_046_012,841,629,628,-1,4,624,EGYENI,,
71520,14_046_013,966,681,681,0,4,677,EGYENI,,
71522,14_046_014,1007,764,764,0,9,755,EGYENI,,
71524,14_046_015,980,702,702,0,4,698,EGYENI,,
71526,14_046_016,924,622,622,0,4,618,EGYENI,,
71544,14_046_017,932,642,642,0,3,639,EGYENI,,
71796,14_047_001,797,598,598,0,5,593,EGYENI,,
71798,14_047_002,821,430,430,0,4,426,EGYENI,,
71800,14_047_003,1220,791,791,0,13,778,EGYENI,,
71802,14_047_004,805,545,545,0,4,541,EGYENI,,
71804,14_047_005,880,602,601,-1,6,595,EGYENI,,
71806,14_047_006,1054,760,760,0,10,750,EGYENI,,
71808,14_047_007,872,561,561,0,4,557,EGYENI,,
72008,14_047_008,793,584,584,0,4,580,EGYENI,,
72010,14_047_009,901,627,626,-1,6,620,EGYENI,,
72012,14_047_010,216,120,120,0,4,116,EGYENI,,
72014,14_047_011,1151,813,813,0,4,809,EGYENI,,
72530,14_047_012,1068,789,788,-1,5,783,EGYENI,,
72016,14_047_013,917,636,636,0,5,631,EGYENI,,
72018,14_047_014,868,560,560,0,4,556,EGYENI,,
72020,14_047_015,884,568,568,0,3,565,EGYENI,,
72022,14_047_016,1016,736,735,-1,9,726,EGYENI,,
72024,14_047_017,840,525,525,0,5,520,EGYENI,,
72026,14_047_018,856,551,551,0,10,541,EGYENI,,
72028,14_047_019,880,567,567,0,4,563,EGYENI,,
72030,14_047_020,838,587,587,0,4,583,EGYENI,,
72032,14_047_021,1113,755,755,0,9,746,EGYENI,,
72034,14_047_022,632,459,459,0,3,456,EGYENI,,
72036,14_047_023,1888,1561,1543,-18,5,1538,EGYENI,,
72532,14_047_024,1087,853,852,-1,15,837,EGYENI,,
72038,14_047_025,830,591,591,0,7,584,EGYENI,,
72040,14_047_026,825,615,615,0,7,608,EGYENI,,
72332,14_047_027,935,596,595,-1,2,593,EGYENI,,
72528,14_047_028,1073,785,785,0,2,783,EGYENI,,
72552,14_048_001,1078,693,693,0,3,690,EGYENI,,
72554,14_048_002,1138,749,749,0,7,742,EGYENI,,
72556,14_048_003,1160,655,655,0,7,648,EGYENI,,
72558,14_048_004,1184,705,705,0,3,702,EGYENI,,
72560,14_048_005,1132,659,659,0,7,652,EGYENI,,
72562,14_048_006,1077,589,589,0,12,577,EGYENI,,
72564,14_048_007,1075,658,658,0,7,651,EGYENI,,
72566,14_048_008,938,545,545,0,11,534,EGYENI,,
72568,14_048_009,1224,621,621,0,9,612,EGYENI,,
72570,14_048_010,1084,587,586,-1,4,582,EGYENI,,
72572,14_048_011,816,422,422,0,6,416,EGYENI,,
72574,14_048_012,911,498,497,-1,4,493,EGYENI,,
72576,14_048_013,843,467,467,0,2,465,EGYENI,,
72578,14_048_014,933,582,582,0,5,577,EGYENI,,
72580,14_048_015,958,547,547,0,7,540,EGYENI,,
72582,14_048_016,766,386,386,0,1,385,EGYENI,,
73094,14_048_017,1191,685,684,-1,6,678,EGYENI,,
72584,14_048_018,923,547,546,-1,1,545,EGYENI,,
72586,14_049_001,835,495,494,-1,3,491,EGYENI,,
72588,14_049_002,885,558,558,0,13,545,EGYENI,,
72590,14_049_003,777,481,481,0,3,478,EGYENI,,
72788,14_049_004,856,507,507,0,3,504,EGYENI,,
72790,14_049_005,814,564,563,-1,9,554,EGYENI,,
72792,14_049_006,696,418,418,0,6,412,EGYENI,,
72794,14_049_007,842,524,523,-1,3,520,EGYENI,,
72796,14_049_008,806,467,466,-1,6,460,EGYENI,,
73116,14_049_009,781,412,412,0,5,407,EGYENI,,
72798,14_049_010,828,535,535,0,4,531,EGYENI,,
72800,14_049_011,779,518,518,0,6,512,EGYENI,,
73096,14_049_012,842,560,558,-2,1,557,EGYENI,,
73100,14_049_013,768,497,496,-1,4,492,EGYENI,,
73098,14_049_014,793,462,462,0,5,457,EGYENI,,
73104,14_049_015,836,536,535,-1,3,532,EGYENI,,
73106,14_049_016,836,497,495,-2,5,490,EGYENI,,
73324,14_050_001,709,472,472,0,2,470,EGYENI,,
73326,14_050_002,767,493,493,0,2,491,EGYENI,,
73328,14_050_003,948,577,577,0,5,572,EGYENI,,
73330,14_050_004,868,496,496,0,4,492,EGYENI,,
73332,14_050_005,892,586,586,0,2,584,EGYENI,,
73334,14_050_006,913,578,578,0,3,575,EGYENI,,
73336,14_050_007,998,632,632,0,6,626,EGYENI,,
73338,14_050_008,1243,843,843,0,5,838,EGYENI,,
73300,14_051_001,749,491,491,0,2,489,EGYENI,,
73302,14_051_002,822,617,617,0,4,613,EGYENI,,
71366,14_052_001,979,499,499,0,5,494,EGYENI,,
71368,14_052_002,1183,584,583,-1,7,576,EGYENI,,
71370,14_052_003,1067,576,576,0,13,563,EGYENI,,
72042,14_053_001,943,619,619,0,12,607,EGYENI,,
72044,14_053_002,779,503,503,0,5,498,EGYENI,,
72046,14_053_003,778,537,537,0,6,531,EGYENI,,
72048,14_054_001,912,584,584,0,4,580,EGYENI,,
72050,14_054_002,805,480,480,0,7,473,EGYENI,,
72194,14_055_001,1011,590,590,0,6,584,EGYENI,,
72196,14_055_002,802,465,465,0,5,460,EGYENI,,
72198,14_055_003,966,560,559,-1,5,554,EGYENI,,
72200,14_055_004,828,503,503,0,7,496,EGYENI,,
70420,14_056_001,293,198,198,0,2,196,EGYENI,,
70422,14_057_001,229,137,137,0,8,129,EGYENI,,
72052,14_058_001,1174,683,682,-1,11,671,EGYENI,,
72054,14_058_002,1169,638,638,0,9,629,EGYENI,,
72056,14_058_003,1125,656,656,0,8,648,EGYENI,,
72058,14_058_004,1263,718,714,-4,4,710,EGYENI,,
72060,14_058_005,1028,678,678,0,6,672,EGYENI,,
72062,14_058_006,1035,667,667,0,10,657,EGYENI,,
72064,14_058_007,1046,616,616,0,6,610,EGYENI,,
72066,14_058_008,992,542,540,-2,5,535,EGYENI,,
72962,14_059_001,786,380,380,0,11,369,EGYENI,,
72964,14_059_002,701,355,355,0,6,349,EGYENI,,
72966,14_059_003,672,389,387,-2,3,384,EGYENI,,
72398,14_060_001,776,468,468,0,3,465,EGYENI,,
72400,14_060_002,635,372,372,0,3,369,EGYENI,,
72402,14_060_003,809,492,492,0,2,490,EGYENI,,
72068,14_061_001,811,448,448,0,4,444,EGYENI,,
72070,14_061_002,780,438,438,0,4,434,EGYENI,,
72268,14_061_003,815,446,446,0,5,441,EGYENI,,
72270,14_061_004,760,430,430,0,2,428,EGYENI,,
72534,14_061_005,747,442,442,0,5,437,EGYENI,,
72536,14_061_006,780,412,413,1,16,397,EGYENI,,
71372,14_062_001,525,328,328,0,6,322,EGYENI,,
70424,14_063_001,811,507,507,0,3,504,EGYENI,,
72272,14_064_001,1032,661,661,0,7,654,EGYENI,,
72274,14_064_002,1000,687,687,0,6,681,EGYENI,,
72276,14_064_003,1009,683,683,0,12,671,EGYENI,,
72278,14_064_004,1096,650,649,-1,6,643,EGYENI,,
72280,14_064_005,995,649,643,-6,8,635,EGYENI,,
72282,14_064_006,953,665,665,0,3,662,EGYENI,,
72284,14_064_007,973,667,667,0,8,659,EGYENI,,
72286,14_064_008,913,625,624,-1,7,617,EGYENI,,
72404,14_065_001,706,306,305,-1,0,305,EGYENI,,
72406,14_065_002,1272,708,708,0,7,701,EGYENI,,
72408,14_065_003,1130,628,628,0,8,620,EGYENI,,
72410,14_065_004,1056,614,611,-3,2,609,EGYENI,,
72412,14_065_005,1064,529,529,0,3,526,EGYENI,,
72414,14_065_006,1080,620,620,0,8,612,EGYENI,,
72416,14_065_007,747,428,428,0,3,425,EGYENI,,
70426,14_066_001,816,572,571,-1,5,566,EGYENI,,
70428,14_066_002,921,699,699,0,7,692,EGYENI,,
70430,14_067_001,550,345,345,0,2,343,EGYENI,,
73814,14_068_001,774,561,561,0,2,559,EGYENI,,
72288,14_069_001,1185,801,800,-1,13,787,EGYENI,,
72290,14_069_002,1163,750,749,-1,4,745,EGYENI,,
72292,14_069_003,1248,847,847,0,6,841,EGYENI,,
72294,14_069_004,1233,756,756,0,4,752,EGYENI,,
72296,14_069_005,1207,848,848,0,10,838,EGYENI,,
72298,14_069_006,1174,805,804,-1,4,800,EGYENI,,
72300,14_069_007,1076,703,703,0,2,701,EGYENI,,
72302,14_069_008,1163,738,738,0,4,734,EGYENI,,
72968,14_070_001,672,409,409,0,7,402,EGYENI,,
72970,14_070_002,796,420,420,0,9,411,EGYENI,,
70432,14_071_001,1125,711,710,-1,8,702,EGYENI,,
70434,14_071_002,843,495,495,0,2,493,EGYENI,,
70564,14_072_001,638,363,363,0,0,363,EGYENI,,
70566,14_072_002,713,389,389,0,4,385,EGYENI,,
70568,14_072_003,1100,535,535,0,5,530,EGYENI,,
70570,14_072_004,1014,477,477,0,6,471,EGYENI,,
70436,14_073_001,573,348,348,0,8,340,EGYENI,,
72972,14_074_001,688,437,435,-2,12,423,EGYENI,,
73816,14_075_001,832,581,580,-1,7,573,EGYENI,,
73818,14_075_002,969,696,696,0,2,694,EGYENI,,
73820,14_075_003,888,636,636,0,5,631,EGYENI,,
70438,14_076_001,892,585,585,0,4,581,EGYENI,,
72418,14_077_001,252,148,147,-1,3,144,EGYENI,,
72802,14_078_001,1123,750,718,-32,9,709,EGYENI,,
72804,14_078_002,1192,789,788,-1,8,780,EGYENI,,
72806,14_078_003,1315,774,773,-1,8,765,EGYENI,,
72808,14_078_004,1109,669,669,0,7,662,EGYENI,,
72810,14_078_005,1213,714,714,0,6,708,EGYENI,,
72812,14_078_006,1088,682,682,0,6,676,EGYENI,,
72814,14_078_007,1104,700,700,0,7,693,EGYENI,,
72816,14_078_008,1242,848,846,-2,3,843,EGYENI,,
73340,14_079_001,1227,770,772,2,30,742,EGYENI,,
72420,14_080_001,997,531,531,0,6,525,EGYENI,,
70440,14_081_001,655,388,387,-1,4,383,EGYENI,,
71374,14_082_001,773,458,458,0,7,451,EGYENI,,
71376,14_082_002,786,475,475,0,5,470,EGYENI,,
71378,14_082_003,839,464,464,0,6,458,EGYENI,,
71380,14_082_004,955,583,584,1,20,564,EGYENI,,
71382,14_083_001,583,283,283,0,4,279,EGYENI,,
72304,14_084_001,988,735,734,-1,2,732,EGYENI,,
72306,14_084_002,971,622,622,0,10,612,EGYENI,,
72308,14_084_003,1017,711,711,0,5,706,EGYENI,,
72310,14_084_004,962,628,627,-1,5,622,EGYENI,,
72330,14_084_005,956,598,598,0,6,592,EGYENI,,
71384,14_085_001,1725,1316,1312,-4,8,1304,EGYENI,,
71386,14_085_002,913,379,378,-1,3,375,EGYENI,,
71388,14_085_003,869,564,563,-1,5,558,EGYENI,,
71390,14_085_004,961,584,584,0,5,579,EGYENI,,
71392,14_085_005,828,565,565,0,6,559,EGYENI,,
71394,14_085_006,918,531,531,0,2,529,EGYENI,,
71396,14_085_007,972,538,538,0,6,532,EGYENI,,
71398,14_085_008,823,463,463,0,2,461,EGYENI,,
71400,14_085_009,867,553,553,0,7,546,EGYENI,,
71402,14_085_010,896,544,544,0,6,538,EGYENI,,
71404,14_085_011,961,672,672,0,4,668,EGYENI,,
71406,14_085_012,810,503,503,0,3,500,EGYENI,,
71408,14_085_013,1009,704,704,0,6,698,EGYENI,,
71410,14_085_014,857,563,563,0,5,558,EGYENI,,
71412,14_085_015,855,516,516,0,4,512,EGYENI,,
71414,14_085_016,963,491,491,0,3,488,EGYENI,,
70442,14_086_001,522,333,332,-1,5,327,EGYENI,,
70572,14_087_001,644,434,434,0,7,427,EGYENI,,
70574,14_087_002,812,466,465,-1,6,459,EGYENI,,
70576,14_087_003,719,408,408,0,5,403,EGYENI,,
70578,14_087_004,2038,1545,1537,-8,72,1465,EGYENI,,
70580,14_087_005,1176,648,648,0,3,645,EGYENI,,
70582,14_087_006,1133,685,685,0,5,680,EGYENI,,
70584,14_087_007,658,289,289,0,2,287,EGYENI,,
70586,14_087_008,1116,506,506,0,11,495,EGYENI,,
70588,14_087_009,723,405,405,0,8,397,EGYENI,,
70590,14_087_010,665,419,417,-2,4,413,EGYENI,,
70592,14_087_011,653,373,371,-2,5,366,EGYENI,,
70594,14_087_012,641,390,390,0,3,387,EGYENI,,
73304,14_088_001,790,600,600,0,3,597,EGYENI,,
73306,14_088_002,846,569,562,-7,6,556,EGYENI,,
73308,14_088_003,807,589,588,-1,1,587,EGYENI,,
73310,14_088_004,831,638,638,0,7,631,EGYENI,,
73312,14_088_005,1026,814,814,0,5,809,EGYENI,,
73772,14_088_006,984,731,730,-1,5,725,EGYENI,,
72974,14_089_001,1162,543,541,-2,5,536,EGYENI,,
72976,14_089_002,1137,729,727,-2,8,719,EGYENI,,
72978,14_089_003,1149,688,688,0,4,684,EGYENI,,
72980,14_089_004,1108,642,639,-3,12,627,EGYENI,,
72982,14_089_005,1144,602,602,0,6,596,EGYENI,,
72984,14_089_006,1123,670,670,0,15,655,EGYENI,,
72986,14_089_007,910,475,475,0,16,459,EGYENI,,
73184,14_089_008,742,435,435,0,3,432,EGYENI,,
73186,14_089_009,764,471,470,-1,4,466,EGYENI,,
73188,14_089_010,838,490,489,-1,6,483,EGYENI,,
73190,14_089_011,775,407,407,0,4,403,EGYENI,,
73192,14_089_012,788,513,513,0,1,512,EGYENI,,
73194,14_089_013,1132,466,466,0,6,460,EGYENI,,
73196,14_089_014,1092,497,497,0,7,490,EGYENI,,
73198,14_089_015,767,474,474,0,7,467,EGYENI,,
73200,14_089_016,782,331,331,0,7,324,EGYENI,,
73202,14_089_017,1020,535,535,0,10,525,EGYENI,,
73204,14_089_018,906,431,431,0,12,419,EGYENI,,
73206,14_089_019,857,484,483,-1,5,478,EGYENI,,
73208,14_089_020,920,421,421,0,0,421,EGYENI,,
70444,14_090_001,975,602,602,0,3,599,EGYENI,,
70446,14_090_002,1024,658,658,0,5,653,EGYENI,,
70448,14_090_003,852,624,624,0,5,619,EGYENI,,
70450,14_090_004,965,688,688,0,7,681,EGYENI,,
72312,14_091_001,751,458,458,0,6,452,EGYENI,,
72314,14_091_002,734,489,489,0,3,486,EGYENI,,
72316,14_091_003,710,514,514,0,1,513,EGYENI,,
72538,14_091_004,723,523,523,0,8,515,EGYENI,,
71416,14_092_001,1014,543,542,-1,8,534,EGYENI,,
71612,14_092_002,1007,589,589,0,5,584,EGYENI,,
71614,14_092_003,941,464,464,0,6,458,EGYENI,,
73210,14_093_001,788,313,313,0,3,310,EGYENI,,
73212,14_093_002,766,383,383,0,9,374,EGYENI,,
72422,14_094_001,881,447,447,0,4,443,EGYENI,,
72424,14_094_002,943,580,580,0,3,577,EGYENI,,
72426,14_094_003,797,498,498,0,4,494,EGYENI,,
72428,14_094_004,1000,593,593,0,3,590,EGYENI,,
72430,14_094_005,737,440,440,0,3,437,EGYENI,,
72432,14_094_006,923,555,555,0,2,553,EGYENI,,
72434,14_094_007,655,383,383,0,1,382,EGYENI,,
72436,14_094_008,152,77,77,0,0,77,EGYENI,,
72438,14_094_009,321,97,97,0,1,96,EGYENI,,
72440,14_094_010,947,567,567,0,6,561,EGYENI,,
71616,14_095_001,663,370,370,0,8,362,EGYENI,,
71618,14_095_002,1036,436,436,0,12,424,EGYENI,,
71620,14_095_003,950,504,504,0,2,502,EGYENI,,
71622,14_095_004,1030,582,582,0,16,566,EGYENI,,
70452,14_096_001,774,449,449,0,3,446,EGYENI,,
70454,14_096_002,878,529,529,0,2,527,EGYENI,,
70456,14_096_003,746,450,449,-1,1,448,EGYENI,,
70458,14_096_004,807,526,526,0,4,522,EGYENI,,
70460,14_096_005,740,483,483,0,5,478,EGYENI,,
70980,14_096_006,731,441,441,0,9,432,EGYENI,,
70982,14_096_007,817,560,560,0,4,556,EGYENI,,
71624,14_097_001,694,353,353,0,4,349,EGYENI,,
71626,14_097_002,767,298,298,0,3,295,EGYENI,,
73506,14_098_001,936,583,583,0,4,579,EGYENI,,
73508,14_098_002,1087,777,775,-2,9,766,EGYENI,,
73510,14_098_003,1122,796,796,0,4,792,EGYENI,,
73512,14_098_004,1174,684,680,-4,3,677,EGYENI,,
73514,14_098_005,1007,715,710,-5,5,705,EGYENI,,
70462,14_099_001,1205,711,711,0,9,702,EGYENI,,
73516,14_100_001,863,546,547,1,21,526,EGYENI,,
73518,14_100_002,779,490,490,0,6,484,EGYENI,,
70464,14_101_001,267,179,179,0,4,175,EGYENI,,
72818,14_102_001,798,521,521,0,2,519,EGYENI,,
73102,14_102_002,739,512,512,0,5,507,EGYENI,,
72820,14_102_003,1413,911,907,-4,12,895,EGYENI,,
72822,14_102_004,1335,770,770,0,4,766,EGYENI,,
72824,14_102_005,844,568,568,0,9,559,EGYENI,,
72826,14_102_006,686,489,489,0,2,487,EGYENI,,
72828,14_102_007,932,551,551,0,6,545,EGYENI,,
72830,14_102_008,785,534,535,1,12,523,EGYENI,,
72832,14_102_009,644,398,398,0,5,393,EGYENI,,
72838,14_102_010,881,529,529,0,4,525,EGYENI,,
72834,14_102_011,1452,951,951,0,8,943,EGYENI,,
72836,14_102_012,1451,893,891,-2,4,887,EGYENI,,
71628,14_103_001,961,592,592,0,10,582,EGYENI,,
71630,14_103_002,737,434,434,0,7,427,EGYENI,,
71632,14_104_001,1111,451,451,0,4,447,EGYENI,,
71634,14_104_002,1137,648,646,-2,6,640,EGYENI,,
71636,14_104_003,1045,616,616,0,9,607,EGYENI,,
71640,14_104_004,1160,684,684,0,6,678,EGYENI,,
71638,14_104_005,1105,613,613,0,10,603,EGYENI,,
71642,14_104_006,1120,487,487,0,6,481,EGYENI,,
71644,14_104_007,1134,537,537,0,4,533,EGYENI,,
71646,14_104_008,641,298,298,0,1,297,EGYENI,,
71648,14_104_009,650,311,311,0,6,305,EGYENI,,
73822,14_105_001,1054,760,760,0,8,752,EGYENI,,
73824,14_105_002,1288,938,938,0,10,928,EGYENI,,
73826,14_105_003,434,289,289,0,6,283,EGYENI,,
73520,14_106_001,892,584,584,0,4,580,EGYENI,,
73522,14_106_002,1024,509,508,-1,12,496,EGYENI,,
73524,14_106_003,1070,784,784,0,4,780,EGYENI,,
73526,14_106_004,760,586,586,0,6,580,EGYENI,,
73528,14_106_005,1296,878,876,-2,13,863,EGYENI,,
73530,14_106_006,656,496,495,-1,8,487,EGYENI,,
73532,14_107_001,1214,762,762,0,10,752,EGYENI,,
73828,14_108_001,895,572,572,0,17,555,EGYENI,,
73830,14_108_002,1092,701,701,0,5,696,EGYENI,,
73534,14_109_001,1188,834,834,0,5,829,EGYENI,,
73536,14_109_002,1154,840,836,-4,6,830,EGYENI,,
73538,14_109_003,1069,718,718,0,8,710,EGYENI,,
74028,14_110_001,891,568,568,0,7,561,EGYENI,,
74030,14_110_002,811,514,507,-7,4,503,EGYENI,,
74032,14_111_001,888,555,555,0,8,547,EGYENI,,
74034,14_112_001,1399,892,892,0,2,890,EGYENI,,
74036,14_112_002,1420,774,773,-1,6,767,EGYENI,,
74038,14_112_003,1375,908,908,0,10,898,EGYENI,,
74040,14_112_004,1318,892,891,-1,13,878,EGYENI,,
74042,14_112_005,1356,872,872,0,4,868,EGYENI,,
70210,14_112_006,1419,899,899,0,8,891,EGYENI,,
70212,14_112_007,1461,994,994,0,10,984,EGYENI,,
70214,14_112_008,1400,873,873,0,11,862,EGYENI,,
74044,14_113_001,769,490,490,0,4,486,EGYENI,,
74046,14_113_002,816,588,587,-1,5,582,EGYENI,,
74048,14_113_003,842,501,501,0,2,499,EGYENI,,
74050,14_113_004,787,376,375,-1,3,372,EGYENI,,
74052,14_113_005,802,574,574,0,4,570,EGYENI,,
74054,14_113_006,829,580,580,0,2,578,EGYENI,,
74056,14_113_007,879,578,578,0,7,571,EGYENI,,
74058,14_113_008,940,639,639,0,4,635,EGYENI,,
74060,14_113_009,875,614,614,0,4,610,EGYENI,,
74062,14_113_010,788,557,556,-1,4,552,EGYENI,,
74064,14_113_011,777,554,554,0,5,549,EGYENI,,
74066,14_113_012,731,490,490,0,2,488,EGYENI,,
74068,14_113_013,826,568,567,-1,5,562,EGYENI,,
74070,14_113_014,840,581,581,0,3,578,EGYENI,,
74072,14_113_015,862,592,592,0,5,587,EGYENI,,
70208,14_113_016,864,636,634,-2,3,631,EGYENI,,
74074,14_114_001,921,585,585,0,3,582,EGYENI,,
74076,14_114_002,734,486,486,0,6,480,EGYENI,,
71650,14_115_001,1126,557,557,0,5,552,EGYENI,,
72770,14_116_001,886,508,508,0,4,504,EGYENI,,
70466,14_117_001,1125,735,735,0,5,730,EGYENI,,
70468,14_118_001,580,368,368,0,6,362,EGYENI,,
72442,14_119_001,930,628,628,0,4,624,EGYENI,,
72444,14_119_002,998,543,543,0,5,538,EGYENI,,
72446,14_119_003,992,591,590,-1,2,588,EGYENI,,
72448,14_119_004,982,614,614,0,2,612,EGYENI,,
72450,14_119_005,962,511,511,0,4,507,EGYENI,,
72452,14_119_006,963,407,407,0,8,399,EGYENI,,
72454,14_119_007,1008,639,636,-3,6,630,EGYENI,,
72456,14_119_008,921,568,568,0,2,566,EGYENI,,
70470,14_120_001,1447,907,907,0,5,902,EGYENI,,
73540,14_121_001,986,704,704,0,6,698,EGYENI,,
73542,14_121_002,987,729,728,-1,8,720,EGYENI,,
73544,14_121_003,976,745,745,0,10,735,EGYENI,,
73546,14_121_004,1029,794,786,-8,5,781,EGYENI,,
73548,14_121_005,1111,813,810,-3,7,803,EGYENI,,
73550,14_121_006,987,747,747,0,11,736,EGYENI,,
73552,14_121_007,993,741,741,0,5,736,EGYENI,,
73770,14_121_008,1005,700,699,-1,9,690,EGYENI,,
72772,14_122_001,904,540,540,0,6,534,EGYENI,,
72774,14_122_002,808,520,520,0,7,513,EGYENI,,
72776,14_122_003,798,494,494,0,4,490,EGYENI,,
70596,14_123_001,806,440,440,0,4,436,EGYENI,,
70598,14_123_002,932,569,569,0,8,561,EGYENI,,
70600,14_123_003,943,570,570,0,0,570,EGYENI,,
70602,14_123_004,962,595,595,0,7,588,EGYENI,,
70604,14_123_005,821,490,490,0,3,487,EGYENI,,
70606,14_123_006,893,570,570,0,6,564,EGYENI,,
70608,14_123_007,1024,555,555,0,4,551,EGYENI,,
72318,14_124_001,1161,795,795,0,7,788,EGYENI,,
72320,14_124_002,1173,763,762,-1,10,752,EGYENI,,
72322,14_124_003,1208,797,797,0,8,789,EGYENI,,
73342,14_125_001,852,516,516,0,7,509,EGYENI,,
73344,14_125_002,892,529,527,-2,5,522,EGYENI,,
73346,14_125_003,859,522,522,0,5,517,EGYENI,,
73348,14_125_004,924,603,603,0,4,599,EGYENI,,
73350,14_125_005,959,584,584,0,10,574,EGYENI,,
73352,14_125_006,834,529,529,0,6,523,EGYENI,,
73354,14_125_007,966,610,610,0,7,603,EGYENI,,
73356,14_125_008,918,560,559,-1,9,550,EGYENI,,
73358,14_125_009,901,557,557,0,6,551,EGYENI,,
73360,14_125_010,928,672,672,0,4,668,EGYENI,,
73362,14_125_011,927,711,708,-3,6,702,EGYENI,,
73364,14_125_012,934,675,674,-1,6,668,EGYENI,,
73366,14_125_013,867,582,582,0,6,576,EGYENI,,
73368,14_125_014,877,658,657,-1,1,656,EGYENI,,
73370,14_125_015,1207,739,737,-2,7,730,EGYENI,,
73372,14_125_016,1047,784,784,0,5,779,EGYENI,,
74078,14_126_001,975,761,761,0,9,752,EGYENI,,
74080,14_126_002,1027,638,637,-1,15,622,EGYENI,,
74082,14_126_003,1019,668,668,0,3,665,EGYENI,,
74084,14_126_004,985,668,666,-2,10,656,EGYENI,,
74086,14_126_005,998,712,712,0,3,709,EGYENI,,
74088,14_126_006,1007,725,723,-2,6,717,EGYENI,,
74090,14_126_007,1055,751,751,0,5,746,EGYENI,,
74092,14_126_008,1095,757,757,0,2,755,EGYENI,,
70156,14_126_009,972,695,695,0,6,689,EGYENI,,
70158,14_126_010,1138,795,794,-1,6,788,EGYENI,,
70160,14_126_011,1014,777,777,0,7,770,EGYENI,,
70162,14_126_012,1017,720,720,0,9,711,EGYENI,,
70164,14_126_013,2512,2128,2116,-12,17,2099,EGYENI,,
70166,14_126_014,984,721,720,-1,2,718,EGYENI,,
70168,14_126_015,999,668,668,0,9,659,EGYENI,,
70170,14_126_016,968,637,637,0,4,633,EGYENI,,
70172,14_126_017,969,716,715,-1,2,713,EGYENI,,
70174,14_126_018,1077,789,788,-1,5,783,EGYENI,,
70176,14_126_019,968,655,655,0,7,648,EGYENI,,
70178,14_126_020,964,662,662,0,4,658,EGYENI,,
70610,14_127_001,778,360,360,0,4,356,EGYENI,,
70612,14_127_002,740,359,359,0,3,356,EGYENI,,
70614,14_128_001,946,494,494,0,5,489,EGYENI,,
70616,14_128_002,922,539,538,-1,10,528,EGYENI,,
70818,14_128_003,1085,516,516,0,10,506,EGYENI,,
70820,14_128_004,976,492,492,0,4,488,EGYENI,,
72458,14_129_001,1092,702,702,0,7,695,EGYENI,,
73374,14_130_001,972,577,577,0,7,570,EGYENI,,
73572,14_130_002,970,597,597,0,9,588,EGYENI,,
73574,14_131_001,789,471,471,0,0,471,EGYENI,,
73576,14_131_002,809,477,476,-1,7,469,EGYENI,,
73578,14_131_003,876,494,494,0,0,494,EGYENI,,
73580,14_131_004,867,495,495,0,4,491,EGYENI,,
73582,14_131_005,825,444,444,0,9,435,EGYENI,,
73584,14_131_006,920,499,499,0,2,497,EGYENI,,
73586,14_131_007,748,371,371,0,1,370,EGYENI,,
73588,14_131_008,752,402,402,0,1,401,EGYENI,,
73590,14_131_009,885,506,506,0,3,503,EGYENI,,
73592,14_131_010,866,559,560,1,24,536,EGYENI,,
73594,14_131_011,778,444,441,-3,4,437,EGYENI,,
73596,14_131_012,827,481,480,-1,0,480,EGYENI,,
73872,14_131_013,831,445,445,0,6,439,EGYENI,,
73874,14_131_014,933,524,524,0,2,522,EGYENI,,
73876,14_131_015,882,446,446,0,4,442,EGYENI,,
73878,14_131_016,899,535,535,0,2,533,EGYENI,,
70180,14_132_001,1023,684,684,0,3,681,EGYENI,,
70182,14_132_002,904,563,563,0,8,555,EGYENI,,
73598,14_133_001,856,513,513,0,4,509,EGYENI,,
73600,14_133_002,935,615,615,0,9,606,EGYENI,,
73602,14_134_001,775,498,498,0,5,493,EGYENI,,
73604,14_134_002,939,602,602,0,4,598,EGYENI,,
73606,14_134_003,995,570,570,0,1,569,EGYENI,,
73608,14_134_004,1018,527,527,0,2,525,EGYENI,,
73610,14_134_005,947,618,617,-1,3,614,EGYENI,,
73612,14_134_006,889,534,534,0,1,533,EGYENI,,
73614,14_134_007,913,533,533,0,6,527,EGYENI,,
73616,14_134_008,955,671,671,0,5,666,EGYENI,,
73618,14_134_009,990,572,572,0,6,566,EGYENI,,
73620,14_134_010,1086,664,664,0,3,661,EGYENI,,
73622,14_134_011,705,472,472,0,2,470,EGYENI,,
73624,14_134_012,2019,1586,1583,-3,18,1565,EGYENI,,
73626,14_134_013,672,440,439,-1,4,435,EGYENI,,
73628,14_134_014,660,468,468,0,7,461,EGYENI,,
73630,14_134_015,1158,730,730,0,5,725,EGYENI,,
73632,14_134_016,745,532,530,-2,2,528,EGYENI,,
73634,14_134_017,612,409,409,0,4,405,EGYENI,,
73832,14_134_018,632,417,418,1,14,404,EGYENI,,
73834,14_134_019,912,679,679,0,4,675,EGYENI,,
73836,14_134_020,849,565,565,0,1,564,EGYENI,,
73838,14_134_021,948,613,613,0,5,608,EGYENI,,
73840,14_134_022,802,472,472,0,6,466,EGYENI,,
73842,14_134_023,729,443,443,0,9,434,EGYENI,,
73864,14_134_024,643,378,378,0,5,373,EGYENI,,
73866,14_134_025,920,580,580,0,5,575,EGYENI,,
73868,14_134_026,1216,623,623,0,4,619,EGYENI,,
73870,14_134_027,1240,711,711,0,3,708,EGYENI,,
73880,14_134_028,1031,687,686,-1,3,683,EGYENI,,
73882,14_134_029,1190,681,681,0,7,674,EGYENI,,
73884,14_134_030,1162,693,693,0,7,686,EGYENI,,
73844,14_135_001,1002,607,607,0,2,605,EGYENI,,
73846,14_135_002,737,462,462,0,7,455,EGYENI,,
70472,14_136_001,670,412,412,0,6,406,EGYENI,,
70474,14_136_002,702,440,440,0,3,437,EGYENI,,
70476,14_136_003,845,563,566,3,34,532,EGYENI,,
70478,14_137_001,607,318,318,0,3,315,EGYENI,,
70480,14_137_002,809,472,472,0,2,470,EGYENI,,
70482,14_138_001,963,573,573,0,4,569,EGYENI,,
70484,14_138_002,972,635,633,-2,8,625,EGYENI,,
70686,14_138_003,861,493,492,-1,2,490,EGYENI,,
70688,14_139_001,980,708,708,0,5,703,EGYENI,,
70690,14_139_002,1026,672,672,0,3,669,EGYENI,,
70692,14_139_003,800,528,528,0,7,521,EGYENI,,
70694,14_139_004,757,540,540,0,7,533,EGYENI,,
70184,14_140_001,916,571,571,0,4,567,EGYENI,,
70186,14_140_002,1136,700,700,0,6,694,EGYENI,,
70188,14_140_003,1268,891,890,-1,6,884,EGYENI,,
70190,14_140_004,1183,813,813,0,8,805,EGYENI,,
72460,14_141_001,718,425,425,0,4,421,EGYENI,,
72462,14_141_002,911,564,564,0,6,558,EGYENI,,
72656,14_141_003,685,412,412,0,5,407,EGYENI,,
72658,14_141_004,942,524,524,0,7,517,EGYENI,,
72660,14_141_005,898,567,567,0,14,553,EGYENI,,
72662,14_141_006,840,521,519,-2,4,515,EGYENI,,
71652,14_142_001,776,427,425,-2,11,414,EGYENI,,
71654,14_142_002,655,287,285,-2,9,276,EGYENI,,
71656,14_143_001,990,559,558,-1,1,557,EGYENI,,
71658,14_143_002,859,415,415,0,5,410,EGYENI,,
71660,14_143_003,799,382,382,0,6,376,EGYENI,,
70822,14_144_001,925,519,519,0,8,511,EGYENI,,
70824,14_144_002,951,535,535,0,6,529,EGYENI,,
70826,14_144_003,925,388,387,-1,7,380,EGYENI,,
70828,14_145_001,574,258,258,0,5,253,EGYENI,,
70830,14_145_002,799,422,420,-2,8,412,EGYENI,,
70832,14_145_003,630,333,333,0,6,327,EGYENI,,
70834,14_145_004,673,296,296,0,2,294,EGYENI,,
70836,14_146_001,516,257,257,0,3,254,EGYENI,,
70838,14_146_002,842,500,501,1,18,483,EGYENI,,
70840,14_146_003,790,473,473,0,12,461,EGYENI,,
70842,14_147_001,757,411,411,0,3,408,EGYENI,,
70844,14_147_002,789,352,352,0,6,346,EGYENI,,
70846,14_147_003,680,352,352,0,4,348,EGYENI,,
70848,14_147_004,1140,662,662,0,9,653,EGYENI,,
70850,14_147_005,984,671,670,-1,16,654,EGYENI,,
70852,14_147_006,694,434,434,0,2,432,EGYENI,,
70854,14_148_001,818,415,415,0,3,412,EGYENI,,
70856,14_148_002,845,337,337,0,6,331,EGYENI,,
70858,14_148_003,717,339,339,0,6,333,EGYENI,,
70860,14_148_004,810,311,311,0,3,308,EGYENI,,
70862,14_148_005,829,411,411,0,5,406,EGYENI,,
71118,14_148_006,767,399,399,0,5,394,EGYENI,,
70864,14_149_001,994,582,582,0,6,576,EGYENI,,
70866,14_149_002,864,533,533,0,2,531,EGYENI,,
70868,14_149_003,984,609,609,0,4,605,EGYENI,,
70870,14_149_004,1158,536,536,0,8,528,EGYENI,,
70872,14_149_005,364,181,181,0,1,180,EGYENI,,
70874,14_150_001,474,201,201,0,4,197,EGYENI,,
70876,14_150_002,564,321,322,1,15,307,EGYENI,,
70878,14_150_003,813,418,418,0,6,412,EGYENI,,
70880,14_150_004,560,271,271,0,9,262,EGYENI,,
72778,14_151_001,1017,556,556,0,1,555,EGYENI,,
72780,14_151_002,839,516,515,-1,5,510,EGYENI,,
72782,14_151_003,1085,722,722,0,5,717,EGYENI,,
72784,14_151_004,1159,629,629,0,7,622,EGYENI,,
72786,14_151_005,1023,643,643,0,9,634,EGYENI,,
72988,14_151_006,1053,697,697,0,5,692,EGYENI,,
72990,14_151_007,1004,680,680,0,2,678,EGYENI,,
73554,14_152_001,690,567,567,0,3,564,EGYENI,,
73556,14_152_002,643,505,505,0,3,502,EGYENI,,
73768,14_152_003,631,499,498,-1,3,495,EGYENI,,
73786,14_152_004,620,512,511,-1,1,510,EGYENI,,
70696,14_153_001,77,55,55,0,0,55,EGYENI,,
73558,14_154_001,1265,800,800,0,5,795,EGYENI,,
70882,14_155_001,817,421,421,0,7,414,EGYENI,,
70884,14_155_002,926,508,508,0,4,504,EGYENI,,
71084,14_155_003,916,431,431,0,4,427,EGYENI,,
73560,14_156_001,1060,685,685,0,4,681,EGYENI,,
73848,14_157_001,854,485,484,-1,10,474,EGYENI,,
73850,14_157_002,834,496,496,0,5,491,EGYENI,,
73852,14_157_003,1100,691,691,0,13,678,EGYENI,,
73854,14_157_004,1080,651,651,0,7,644,EGYENI,,
73856,14_157_005,1018,617,617,0,5,612,EGYENI,,
73858,14_157_006,892,548,548,0,8,540,EGYENI,,
73860,14_157_007,1164,667,666,-1,15,651,EGYENI,,
73862,14_157_008,1079,646,646,0,3,643,EGYENI,,
72992,14_158_001,591,384,384,0,3,381,EGYENI,,
72994,14_158_002,618,383,383,0,7,376,EGYENI,,
72996,14_158_003,591,369,369,0,1,368,EGYENI,,
72998,14_158_004,641,432,431,-1,7,424,EGYENI,,
73000,14_158_005,676,496,496,0,1,495,EGYENI,,
73002,14_158_006,678,500,500,0,7,493,EGYENI,,
73004,14_158_007,613,411,411,0,6,405,EGYENI,,
73006,14_158_008,602,411,411,0,5,406,EGYENI,,
73008,14_158_009,655,503,503,0,1,502,EGYENI,,
73010,14_158_010,647,497,498,1,12,486,EGYENI,,
73012,14_158_011,642,337,338,1,14,324,EGYENI,,
73016,14_158_012,650,348,348,0,1,347,EGYENI,,
73018,14_158_013,616,450,450,0,2,448,EGYENI,,
73020,14_158_014,607,404,404,0,2,402,EGYENI,,
73022,14_158_015,622,420,420,0,1,419,EGYENI,,
73024,14_158_016,704,506,497,-9,3,494,EGYENI,,
73214,14_159_001,896,433,432,-1,2,430,EGYENI,,
73216,14_159_002,893,489,489,0,5,484,EGYENI,,
73218,14_159_003,825,416,416,0,2,414,EGYENI,,
73220,14_159_004,790,354,354,0,5,349,EGYENI,,
71086,14_160_001,741,485,484,-1,3,481,EGYENI,,
71088,14_160_002,1007,432,432,0,3,429,EGYENI,,
71090,14_160_003,949,560,560,0,3,557,EGYENI,,
71092,14_160_004,699,355,355,0,3,352,EGYENI,,
71094,14_160_005,724,410,410,0,3,407,EGYENI,,
71096,14_160_006,719,469,469,0,4,465,EGYENI,,
71098,14_160_007,641,415,415,0,9,406,EGYENI,,
71100,14_160_008,770,462,462,0,10,452,EGYENI,,
71662,14_161_001,678,446,445,-1,4,441,EGYENI,,
71664,14_161_002,759,515,515,0,3,512,EGYENI,,
71666,14_161_003,788,522,522,0,2,520,EGYENI,,
71668,14_162_001,688,421,421,0,11,410,EGYENI,,
71670,14_162_002,732,452,452,0,6,446,EGYENI,,
73222,14_163_001,662,345,345,0,6,339,EGYENI,,
73224,14_163_002,753,411,411,0,3,408,EGYENI,,
73226,14_163_003,745,309,311,2,22,289,EGYENI,,
71102,14_164_001,1044,613,612,-1,3,609,EGYENI,,
71104,14_164_002,965,615,615,0,5,610,EGYENI,,
72840,14_165_001,1150,697,697,0,9,688,EGYENI,,
72842,14_165_002,1201,696,696,0,5,691,EGYENI,,
72844,14_165_003,1015,533,533,0,8,525,EGYENI,,
72846,14_165_004,1050,543,543,0,3,540,EGYENI,,
72848,14_165_005,1052,574,574,0,6,568,EGYENI,,
72850,14_165_006,1181,755,754,-1,3,751,EGYENI,,
72852,14_165_007,1111,700,700,0,3,697,EGYENI,,
72854,14_165_008,1250,754,754,0,6,748,EGYENI,,
70192,14_166_001,990,719,718,-1,11,707,EGYENI,,
70194,14_166_002,1138,802,802,0,4,798,EGYENI,,
70196,14_166_003,1006,703,701,-2,6,695,EGYENI,,
70198,14_166_004,1153,845,840,-5,5,835,EGYENI,,
70202,14_166_005,1070,815,814,-1,4,810,EGYENI,,
71106,14_167_001,1001,499,497,-2,3,494,EGYENI,,
71108,14_167_002,819,427,425,-2,10,415,EGYENI,,
71672,14_168_001,1279,743,743,0,10,733,EGYENI,,
71674,14_168_002,244,112,112,0,2,110,EGYENI,,
70698,14_169_001,705,370,370,0,3,367,EGYENI,,
70700,14_169_002,1131,747,746,-1,4,742,EGYENI,,
70702,14_169_003,762,498,506,8,48,458,EGYENI,,
70704,14_169_004,1077,676,676,0,7,669,EGYENI,,
70706,14_169_005,1018,693,693,0,2,691,EGYENI,,
70708,14_169_006,922,611,608,-3,5,603,EGYENI,,
70710,14_169_007,808,547,545,-2,4,541,EGYENI,,
70712,14_169_008,851,600,598,-2,4,594,EGYENI,,
70714,14_169_009,840,559,559,0,2,557,EGYENI,,
70716,14_169_010,900,660,660,0,7,653,EGYENI,,
70718,14_169_011,906,611,611,0,6,605,EGYENI,,
70720,14_169_012,723,506,506,0,6,500,EGYENI,,
70722,14_169_013,730,416,418,2,19,399,EGYENI,,
70724,14_169_014,855,544,544,0,8,536,EGYENI,,
70726,14_169_015,1052,697,697,0,4,693,EGYENI,,
70728,14_169_016,711,410,410,0,3,407,EGYENI,,
70730,14_169_017,876,545,545,0,8,537,EGYENI,,
70732,14_169_018,762,382,382,0,3,379,EGYENI,,
70734,14_169_019,1792,1478,1476,-2,17,1459,EGYENI,,
70736,14_169_020,997,713,713,0,5,708,EGYENI,,
70738,14_169_021,948,684,684,0,4,680,EGYENI,,
70740,14_169_022,645,467,465,-2,3,462,EGYENI,,
70742,14_169_023,1032,735,733,-2,5,728,EGYENI,,
70744,14_169_024,1190,827,827,0,3,824,EGYENI,,
70746,14_169_025,1155,829,829,0,3,826,EGYENI,,
70748,14_169_026,678,438,438,0,1,437,EGYENI,,
70750,14_169_027,887,542,542,0,5,537,EGYENI,,
70950,14_169_028,1019,713,713,0,4,709,EGYENI,,
70952,14_169_029,1109,651,650,-1,8,642,EGYENI,,
70954,14_169_030,1126,819,816,-3,9,807,EGYENI,,
70956,14_170_001,1061,675,674,-1,4,670,EGYENI,,
72324,14_171_001,658,379,379,0,7,372,EGYENI,,
70958,14_172_001,712,462,462,0,2,460,EGYENI,,
70960,14_172_002,737,448,448,0,1,447,EGYENI,,
72326,14_173_001,385,225,225,0,1,224,EGYENI,,
70962,14_174_001,663,424,424,0,3,421,EGYENI,,
70984,14_174_002,755,451,451,0,3,448,EGYENI,,
71110,14_175_001,857,477,477,0,6,471,EGYENI,,
71112,14_175_002,796,463,463,0,6,457,EGYENI,,
70964,14_176_001,615,358,358,0,2,356,EGYENI,,
70966,14_176_002,621,329,329,0,6,323,EGYENI,,
73054,14_177_001,1547,1229,1229,0,17,1212,EGYENI,,
73056,14_177_002,613,448,448,0,4,444,EGYENI,,
73058,14_177_003,609,404,404,0,1,403,EGYENI,,
73060,14_177_004,648,442,442,0,6,436,EGYENI,,
73062,14_177_005,674,425,426,1,13,413,EGYENI,,
73064,14_177_006,670,436,436,0,1,435,EGYENI,,
73066,14_177_007,654,404,404,0,6,398,EGYENI,,
73068,14_177_008,630,399,399,0,7,392,EGYENI,,
73070,14_177_009,611,373,373,0,4,369,EGYENI,,
73072,14_177_010,648,389,389,0,11,378,EGYENI,,
73074,14_177_011,609,369,368,-1,3,365,EGYENI,,
73076,14_177_012,661,406,406,0,7,399,EGYENI,,
73078,14_177_013,735,437,436,-1,2,434,EGYENI,,
73080,14_177_014,738,452,452,0,4,448,EGYENI,,
73082,14_177_015,721,513,511,-2,2,509,EGYENI,,
73084,14_177_016,631,412,411,-1,3,408,EGYENI,,
73086,14_177_017,636,416,416,0,4,412,EGYENI,,
73088,14_177_018,639,429,429,0,1,428,EGYENI,,
73090,14_177_019,710,412,412,0,4,408,EGYENI,,
73092,14_177_020,721,456,456,0,6,450,EGYENI,,
73108,14_177_021,797,452,451,-1,1,450,EGYENI,,
73110,14_177_022,788,454,450,-4,4,446,EGYENI,,
73112,14_177_023,797,447,447,0,3,444,EGYENI,,
73114,14_177_024,714,424,424,0,2,422,EGYENI,,
71528,14_178_001,656,443,443,0,3,440,EGYENI,,
71530,14_178_002,746,443,443,0,8,435,EGYENI,,
71532,14_178_003,726,389,391,2,18,373,EGYENI,,
71534,14_178_004,750,463,463,0,8,455,EGYENI,,
71536,14_178_005,672,411,411,0,4,407,EGYENI,,
71538,14_178_006,691,464,464,0,1,463,EGYENI,,
71540,14_178_007,795,603,603,0,3,600,EGYENI,,
71542,14_178_008,753,547,547,0,4,543,EGYENI,,
71746,14_178_009,886,658,658,0,2,656,EGYENI,,
71748,14_178_010,884,653,650,-3,3,647,EGYENI,,
71750,14_178_011,804,570,568,-2,5,563,EGYENI,,
71752,14_178_012,790,568,568,0,5,563,EGYENI,,
71754,14_178_013,795,533,532,-1,2,530,EGYENI,,
71756,14_178_014,751,510,510,0,1,509,EGYENI,,
71758,14_178_015,742,447,447,0,3,444,EGYENI,,
71760,14_178_016,757,477,477,0,3,474,EGYENI,,
70968,14_179_001,934,703,703,0,0,703,EGYENI,,
70970,14_179_002,933,595,595,0,5,590,EGYENI,,
70972,14_179_003,923,618,618,0,11,607,EGYENI,,
72328,14_180_001,1089,583,582,-1,6,576,EGYENI,,
70200,14_181_001,731,480,480,0,8,472,EGYENI,,
70204,14_181_002,663,466,466,0,9,457,EGYENI,,
70974,14_182_001,996,692,691,-1,4,687,EGYENI,,
73562,14_183_001,987,688,687,-1,15,672,EGYENI,,
73564,14_183_002,1146,707,705,-2,10,695,EGYENI,,
73566,14_183_003,936,656,656,0,8,648,EGYENI,,
73568,14_183_004,943,640,640,0,6,634,EGYENI,,
71114,14_184_001,931,533,533,0,5,528,EGYENI,,
71116,14_184_002,959,508,508,0,7,501,EGYENI,,
70976,14_185_001,820,369,369,0,4,365,EGYENI,,
70978,14_185_002,691,379,379,0,8,371,EGYENI,,
73570,14_186_001,540,414,413,-1,4,409,EGYENI,,
71676,14_187_001,938,519,519,0,8,511,EGYENI,,
71876,14_187_002,734,433,433,0,3,430,EGYENI,,
71878,14_187_003,785,417,417,0,4,413,EGYENI,,
71880,14_187_004,991,514,514,0,2,512,EGYENI,,
79216,15_001_001,221,136,136,0,2,134,EGYENI,,
80260,15_002_001,756,394,394,0,3,391,EGYENI,,
80262,15_002_002,113,68,68,0,0,68,EGYENI,,
80264,15_003_001,791,398,398,0,1,397,EGYENI,,
80266,15_003_002,964,492,492,0,6,486,EGYENI,,
73988,15_004_001,652,357,357,0,1,356,EGYENI,,
73990,15_004_002,601,279,279,0,12,267,EGYENI,,
73992,15_005_001,158,74,74,0,1,73,EGYENI,,
79218,15_006_001,875,579,579,0,5,574,EGYENI,,
79220,15_007_001,952,620,618,-2,4,614,EGYENI,,
79424,15_007_002,770,493,493,0,4,489,EGYENI,,
79426,15_007_003,895,601,601,0,6,595,EGYENI,,
79428,15_007_004,876,529,529,0,6,523,EGYENI,,
79430,15_007_005,804,561,559,-2,10,549,EGYENI,,
79432,15_007_006,578,337,337,0,4,333,EGYENI,,
80268,15_008_001,1098,604,604,0,3,601,EGYENI,,
79434,15_009_001,775,468,466,-2,4,462,EGYENI,,
79436,15_009_002,841,502,499,-3,10,489,EGYENI,,
79438,15_009_003,112,53,53,0,1,52,EGYENI,,
80270,15_010_001,909,610,610,0,4,606,EGYENI,,
80272,15_010_002,1046,720,720,0,4,716,EGYENI,,
79440,15_011_001,720,426,426,0,3,423,EGYENI,,
79442,15_011_002,630,354,354,0,2,352,EGYENI,,
79444,15_012_001,852,506,506,0,10,496,EGYENI,,
79446,15_012_002,869,507,507,0,4,503,EGYENI,,
79448,15_012_003,766,507,507,0,3,504,EGYENI,,
79450,15_012_004,725,478,478,0,11,467,EGYENI,,
79452,15_012_005,828,530,530,0,9,521,EGYENI,,
79454,15_013_001,605,371,371,0,3,368,EGYENI,,
80274,15_014_001,424,294,294,0,2,292,EGYENI,,
80276,15_015_001,639,418,418,0,1,417,EGYENI,,
80278,15_015_002,609,308,308,0,5,303,EGYENI,,
80280,15_015_003,516,257,257,0,3,254,EGYENI,,
80282,15_015_004,594,342,342,0,2,340,EGYENI,,
80284,15_016_001,887,611,608,-3,3,605,EGYENI,,
80488,15_016_002,887,545,545,0,3,542,EGYENI,,
80490,15_017_001,743,480,480,0,3,477,EGYENI,,
80492,15_017_002,695,498,498,0,6,492,EGYENI,,
79456,15_018_001,670,447,446,-1,0,446,EGYENI,,
79458,15_018_002,643,386,386,0,6,380,EGYENI,,
79460,15_019_001,419,256,256,0,5,251,EGYENI,,
73994,15_020_001,1032,581,578,-3,8,570,EGYENI,,
73996,15_020_002,909,589,588,-1,0,588,EGYENI,,
73998,15_020_003,1590,1281,1276,-5,10,1266,EGYENI,,
74000,15_020_004,1153,498,497,-1,4,493,EGYENI,,
74002,15_020_005,1148,611,611,0,3,608,EGYENI,,
74004,15_020_006,1153,752,752,0,8,744,EGYENI,,
74006,15_020_007,1128,587,587,0,9,578,EGYENI,,
74008,15_020_008,1134,650,649,-1,4,645,EGYENI,,
74010,15_020_009,540,310,310,0,1,309,EGYENI,,
79212,15_020_010,261,130,130,0,1,129,EGYENI,,
80494,15_021_001,664,399,399,0,6,393,EGYENI,,
80496,15_022_001,660,319,317,-2,7,310,EGYENI,,
80498,15_023_001,450,196,196,0,4,192,EGYENI,,
74012,15_024_001,932,510,510,0,4,506,EGYENI,,
80500,15_025_001,322,158,158,0,3,155,EGYENI,,
74014,15_026_001,479,210,210,0,7,203,EGYENI,,
74016,15_027_001,897,530,530,0,8,522,EGYENI,,
74018,15_027_002,1099,554,554,0,5,549,EGYENI,,
74020,15_028_001,320,193,193,0,1,192,EGYENI,,
79462,15_029_001,342,216,216,0,4,212,EGYENI,,
74022,15_030_001,359,208,208,0,10,198,EGYENI,,
74024,15_031_001,603,277,277,0,5,272,EGYENI,,
80502,15_032_001,222,115,115,0,1,114,EGYENI,,
79464,15_033_001,940,417,417,0,3,414,EGYENI,,
79466,15_033_002,924,429,429,0,1,428,EGYENI,,
73232,15_034_001,428,219,219,0,1,218,EGYENI,,
79468,15_035_001,651,421,421,0,4,417,EGYENI,,
79470,15_035_002,440,263,263,0,5,258,EGYENI,,
80504,15_036_001,232,96,96,0,0,96,EGYENI,,
79472,15_037_001,182,69,69,0,1,68,EGYENI,,
73234,15_038_001,180,124,124,0,0,124,EGYENI,,
74026,15_039_001,643,380,380,0,0,380,EGYENI,,
70090,15_039_002,567,301,301,0,4,297,EGYENI,,
73236,15_040_001,370,249,249,0,0,249,EGYENI,,
79474,15_041_001,228,145,145,0,3,142,EGYENI,,
70092,15_042_001,791,444,444,0,10,434,EGYENI,,
79476,15_043_001,232,142,142,0,2,140,EGYENI,,
70094,15_044_001,609,354,354,0,4,350,EGYENI,,
70096,15_044_002,748,368,368,0,6,362,EGYENI,,
70098,15_044_003,788,433,434,1,15,419,EGYENI,,
70100,15_044_004,894,563,563,0,5,558,EGYENI,,
70102,15_044_005,623,377,377,0,2,375,EGYENI,,
70104,15_044_006,593,308,308,0,1,307,EGYENI,,
70106,15_045_001,127,82,82,0,2,80,EGYENI,,
70108,15_046_001,723,378,378,0,7,371,EGYENI,,
70110,15_047_001,118,69,69,0,1,68,EGYENI,,
70112,15_048_001,216,117,117,0,0,117,EGYENI,,
80506,15_049_001,177,98,98,0,2,96,EGYENI,,
79478,15_050_001,159,95,95,0,1,94,EGYENI,,
80508,15_051_001,342,186,186,0,6,180,EGYENI,,
80510,15_052_001,124,69,69,0,2,67,EGYENI,,
80512,15_053_001,254,129,129,0,4,125,EGYENI,,
79480,15_054_001,985,585,585,0,6,579,EGYENI,,
79482,15_054_002,1054,661,661,0,3,658,EGYENI,,
79484,15_054_003,1129,686,686,0,2,684,EGYENI,,
79486,15_054_004,1026,581,580,-1,5,575,EGYENI,,
79488,15_055_001,69,39,39,0,0,39,EGYENI,,
80514,15_056_001,80,45,45,0,0,45,EGYENI,,
79692,15_057_001,270,127,127,0,1,126,EGYENI,,
79694,15_058_001,507,216,216,0,3,213,EGYENI,,
79696,15_058_002,87,44,44,0,3,41,EGYENI,,
73238,15_059_001,202,119,119,0,5,114,EGYENI,,
70114,15_060_001,260,140,140,0,0,140,EGYENI,,
80516,15_061_001,664,386,386,0,8,378,EGYENI,,
80518,15_061_002,95,39,39,0,0,39,EGYENI,,
70116,15_062_001,401,203,203,0,4,199,EGYENI,,
70118,15_062_002,489,231,231,0,3,228,EGYENI,,
70120,15_063_001,841,510,510,0,3,507,EGYENI,,
79698,15_064_001,213,124,124,0,0,124,EGYENI,,
73240,15_065_001,185,95,94,-1,1,93,EGYENI,,
79700,15_066_001,304,162,162,0,4,158,EGYENI,,
70122,15_067_001,363,186,186,0,6,180,EGYENI,,
70124,15_067_002,222,113,113,0,1,112,EGYENI,,
70126,15_068_001,343,156,156,0,5,151,EGYENI,,
70128,15_069_001,284,138,138,0,1,137,EGYENI,,
70130,15_070_001,218,146,146,0,3,143,EGYENI,,
79702,15_071_001,937,577,577,0,7,570,EGYENI,,
79704,15_072_001,199,95,95,0,3,92,EGYENI,,
70132,15_073_001,894,353,353,0,4,349,EGYENI,,
79706,15_074_001,35,27,27,0,0,27,EGYENI,,
80520,15_075_001,1024,636,636,0,5,631,EGYENI,,
70134,15_076_001,378,199,199,0,1,198,EGYENI,,
70136,15_077_001,1005,451,451,0,3,448,EGYENI,,
70138,15_078_001,961,409,409,0,4,405,EGYENI,,
70140,15_079_001,387,199,199,0,6,193,EGYENI,,
70142,15_080_001,514,247,247,0,9,238,EGYENI,,
73242,15_081_001,1017,658,656,-2,2,654,EGYENI,,
70144,15_082_001,705,338,338,0,4,334,EGYENI,,
70146,15_082_002,653,294,294,0,2,292,EGYENI,,
70148,15_082_003,687,334,334,0,7,327,EGYENI,,
80522,15_083_001,550,232,232,0,2,230,EGYENI,,
70150,15_084_001,711,406,404,-2,4,400,EGYENI,,
70152,15_084_002,668,340,340,0,4,336,EGYENI,,
73244,15_085_001,91,72,72,0,1,71,EGYENI,,
73246,15_086_001,372,166,166,0,8,158,EGYENI,,
73248,15_087_001,253,112,112,0,1,111,EGYENI,,
73442,15_088_001,659,397,397,0,2,395,EGYENI,,
73444,15_088_002,686,433,433,0,4,429,EGYENI,,
73446,15_088_003,652,412,411,-1,2,409,EGYENI,,
73448,15_089_001,827,481,481,0,5,476,EGYENI,,
73450,15_090_001,591,385,385,0,1,384,EGYENI,,
73452,15_091_001,1101,648,647,-1,3,644,EGYENI,,
73454,15_091_002,722,485,486,1,15,471,EGYENI,,
73456,15_091_003,798,439,439,0,5,434,EGYENI,,
73458,15_091_004,741,440,432,-8,6,426,EGYENI,,
73460,15_091_005,977,620,618,-2,1,617,EGYENI,,
73462,15_091_006,1047,740,740,0,3,737,EGYENI,,
73464,15_091_007,1081,689,687,-2,5,682,EGYENI,,
73466,15_091_008,822,425,425,0,2,423,EGYENI,,
73468,15_091_009,796,442,442,0,6,436,EGYENI,,
73470,15_091_010,630,391,391,0,3,388,EGYENI,,
73472,15_091_011,694,453,452,-1,4,448,EGYENI,,
73474,15_091_012,955,615,615,0,11,604,EGYENI,,
73476,15_091_013,756,431,431,0,3,428,EGYENI,,
73478,15_091_014,616,367,367,0,2,365,EGYENI,,
73480,15_091_015,797,546,546,0,1,545,EGYENI,,
73482,15_091_016,1132,718,718,0,4,714,EGYENI,,
73484,15_091_017,1119,787,786,-1,4,782,EGYENI,,
73486,15_091_018,794,503,503,0,2,501,EGYENI,,
73488,15_091_019,630,382,381,-1,3,378,EGYENI,,
73490,15_091_020,779,441,441,0,5,436,EGYENI,,
73492,15_091_021,1127,727,727,0,6,721,EGYENI,,
73494,15_091_022,1140,699,698,-1,2,696,EGYENI,,
73984,15_091_023,1137,766,764,-2,9,755,EGYENI,,
73496,15_091_024,1344,805,803,-2,5,798,EGYENI,,
73498,15_091_025,747,475,475,0,4,471,EGYENI,,
73500,15_091_026,830,563,561,-2,3,558,EGYENI,,
73502,15_091_027,787,438,436,-2,3,433,EGYENI,,
73504,15_091_028,717,426,426,0,6,420,EGYENI,,
73702,15_091_029,830,478,478,0,2,476,EGYENI,,
73704,15_091_030,1232,744,744,0,9,735,EGYENI,,
73706,15_091_031,1059,650,650,0,7,643,EGYENI,,
73986,15_091_032,815,454,454,0,4,450,EGYENI,,
73708,15_091_033,889,550,550,0,6,544,EGYENI,,
73710,15_091_034,814,550,549,-1,8,541,EGYENI,,
73712,15_091_035,784,561,561,0,5,556,EGYENI,,
73714,15_091_036,695,260,260,0,3,257,EGYENI,,
73716,15_091_037,2189,1706,1700,-6,13,1687,EGYENI,,
73718,15_091_038,1017,652,652,0,6,646,EGYENI,,
73720,15_091_039,1130,722,720,-2,3,717,EGYENI,,
73722,15_091_040,821,595,591,-4,9,582,EGYENI,,
73724,15_091_041,715,495,495,0,5,490,EGYENI,,
73726,15_091_042,851,616,616,0,5,611,EGYENI,,
73728,15_091_043,937,685,685,0,10,675,EGYENI,,
73730,15_091_044,848,585,585,0,8,577,EGYENI,,
73732,15_091_045,879,618,618,0,5,613,EGYENI,,
73734,15_091_046,817,554,554,0,3,551,EGYENI,,
73736,15_091_047,719,505,504,-1,2,502,EGYENI,,
73738,15_091_048,640,482,481,-1,6,475,EGYENI,,
73740,15_091_049,741,549,549,0,1,548,EGYENI,,
73742,15_091_050,1002,686,686,0,6,680,EGYENI,,
73744,15_091_051,847,453,452,-1,17,435,EGYENI,,
73746,15_091_052,1364,960,959,-1,5,954,EGYENI,,
73748,15_091_053,631,416,416,0,10,406,EGYENI,,
73750,15_091_054,1042,504,503,-1,10,493,EGYENI,,
73752,15_091_055,895,327,327,0,19,308,EGYENI,,
73754,15_091_056,771,483,483,0,0,483,EGYENI,,
73756,15_091_057,1081,710,709,-1,5,704,EGYENI,,
73758,15_091_058,955,549,549,0,7,542,EGYENI,,
73982,15_091_059,1113,789,788,-1,5,783,EGYENI,,
80524,15_092_001,560,335,335,0,2,333,EGYENI,,
80526,15_092_002,677,359,359,0,5,354,EGYENI,,
70154,15_093_001,181,94,94,0,5,89,EGYENI,,
78888,15_094_001,95,59,59,0,1,58,EGYENI,,
80528,15_095_001,238,108,108,0,5,103,EGYENI,,
78890,15_096_001,485,220,220,0,5,215,EGYENI,,
80530,15_097_001,367,156,157,1,7,150,EGYENI,,
80532,15_098_001,48,34,34,0,0,34,EGYENI,,
79708,15_099_001,251,142,142,0,2,140,EGYENI,,
73760,15_100_001,321,145,145,0,4,141,EGYENI,,
80534,15_101_001,465,272,272,0,3,269,EGYENI,,
79710,15_102_001,603,307,307,0,5,302,EGYENI,,
79712,15_102_002,523,298,298,0,7,291,EGYENI,,
79714,15_102_003,627,404,404,0,6,398,EGYENI,,
78892,15_103_001,148,88,88,0,1,87,EGYENI,,
78894,15_104_001,316,134,134,0,3,131,EGYENI,,
80536,15_105_001,345,183,183,0,1,182,EGYENI,,
79716,15_106_001,134,71,71,0,0,71,EGYENI,,
80538,15_107_001,173,114,114,0,1,113,EGYENI,,
78896,15_108_001,719,334,334,0,2,332,EGYENI,,
78898,15_109_001,156,95,95,0,1,94,EGYENI,,
80540,15_110_001,403,227,227,0,2,225,EGYENI,,
78900,15_111_001,300,78,78,0,3,75,EGYENI,,
78902,15_111_002,138,56,54,-2,0,54,EGYENI,,
80542,15_112_001,1161,684,684,0,10,674,EGYENI,,
78904,15_113_001,546,317,317,0,11,306,EGYENI,,
78906,15_113_002,624,324,324,0,10,314,EGYENI,,
78908,15_114_001,498,246,246,0,5,241,EGYENI,,
78910,15_115_001,444,182,182,0,1,181,EGYENI,,
78912,15_116_001,871,362,362,0,8,354,EGYENI,,
78914,15_116_002,730,355,355,0,7,348,EGYENI,,
79718,15_117_001,524,336,336,0,3,333,EGYENI,,
79720,15_117_002,585,317,317,0,4,313,EGYENI,,
79722,15_118_001,804,491,491,0,3,488,EGYENI,,
79724,15_118_002,788,421,421,0,4,417,EGYENI,,
79726,15_118_003,865,428,428,0,2,426,EGYENI,,
79728,15_119_001,27,19,19,0,0,19,EGYENI,,
80544,15_120_001,165,105,105,0,0,105,EGYENI,,
80546,15_121_001,549,332,332,0,6,326,EGYENI,,
80548,15_121_002,160,102,102,0,0,102,EGYENI,,
79730,15_122_001,507,279,279,0,2,277,EGYENI,,
79732,15_123_001,1069,581,580,-1,7,573,EGYENI,,
79734,15_123_002,1651,1432,1418,-14,8,1410,EGYENI,,
79736,15_123_003,963,587,587,0,8,579,EGYENI,,
79738,15_123_004,1252,686,686,0,8,678,EGYENI,,
79740,15_123_005,1172,764,763,-1,3,760,EGYENI,,
79742,15_123_006,1144,714,713,-1,5,708,EGYENI,,
79744,15_123_007,1202,633,633,0,5,628,EGYENI,,
79746,15_123_008,795,467,466,-1,4,462,EGYENI,,
79748,15_123_009,1130,600,598,-2,2,596,EGYENI,,
79750,15_123_010,398,241,241,0,4,237,EGYENI,,
79752,15_123_011,82,49,49,0,0,49,EGYENI,,
79754,15_123_012,302,127,127,0,3,124,EGYENI,,
80550,15_124_001,546,353,353,0,1,352,EGYENI,,
80552,15_124_002,522,280,280,0,1,279,EGYENI,,
80760,15_124_003,113,68,68,0,0,68,EGYENI,,
79756,15_125_001,625,337,337,0,8,329,EGYENI,,
79958,15_125_002,436,268,268,0,1,267,EGYENI,,
79960,15_126_001,961,425,425,0,6,419,EGYENI,,
78916,15_127_001,475,209,209,0,3,206,EGYENI,,
80762,15_128_001,186,120,120,0,3,117,EGYENI,,
73762,15_129_001,761,441,441,0,6,435,EGYENI,,
78918,15_130_001,229,127,127,0,1,126,EGYENI,,
78920,15_130_002,1122,725,725,0,3,722,EGYENI,,
78922,15_130_003,1171,734,734,0,7,727,EGYENI,,
78924,15_130_004,1152,673,673,0,6,667,EGYENI,,
78926,15_130_005,1125,782,782,0,6,776,EGYENI,,
78928,15_130_006,1179,785,785,0,6,779,EGYENI,,
78930,15_130_007,1177,718,718,0,8,710,EGYENI,,
78932,15_130_008,1099,669,668,-1,2,666,EGYENI,,
79214,15_130_009,933,522,521,-1,5,516,EGYENI,,
79962,15_131_001,855,438,438,0,5,433,EGYENI,,
79964,15_131_002,848,362,362,0,12,350,EGYENI,,
79966,15_131_003,817,319,319,0,4,315,EGYENI,,
80764,15_132_001,1094,538,538,0,6,532,EGYENI,,
73764,15_133_001,1168,633,631,-2,7,624,EGYENI,,
80766,15_134_001,298,199,199,0,1,198,EGYENI,,
78934,15_135_001,455,249,249,0,5,244,EGYENI,,
79968,15_136_001,344,175,175,0,3,172,EGYENI,,
80768,15_137_001,482,233,233,0,0,233,EGYENI,,
79970,15_138_001,508,230,230,0,3,227,EGYENI,,
79972,15_139_001,83,47,47,0,2,45,EGYENI,,
79974,15_140_001,531,261,261,0,2,259,EGYENI,,
79976,15_141_001,440,237,237,0,3,234,EGYENI,,
79978,15_141_002,102,64,64,0,0,64,EGYENI,,
80770,15_142_001,241,112,112,0,2,110,EGYENI,,
80772,15_143_001,462,265,265,0,5,260,EGYENI,,
79980,15_144_001,657,384,384,0,9,375,EGYENI,,
79982,15_145_001,364,178,178,0,3,175,EGYENI,,
79984,15_145_002,238,155,155,0,2,153,EGYENI,,
79986,15_146_001,587,234,234,0,0,234,EGYENI,,
79988,15_146_002,591,309,309,0,2,307,EGYENI,,
78936,15_147_001,662,325,325,0,4,321,EGYENI,,
78938,15_148_001,115,64,64,0,0,64,EGYENI,,
78940,15_148_002,313,176,176,0,2,174,EGYENI,,
79990,15_149_001,183,137,137,0,1,136,EGYENI,,
80774,15_150_001,273,162,162,0,5,157,EGYENI,,
73962,15_151_001,50,32,32,0,0,32,EGYENI,,
78942,15_152_001,206,117,117,0,2,115,EGYENI,,
79992,15_153_001,211,101,101,0,0,101,EGYENI,,
78944,15_154_001,131,87,87,0,2,85,EGYENI,,
78946,15_155_001,385,187,187,0,6,181,EGYENI,,
79994,15_156_001,174,103,102,-1,0,102,EGYENI,,
78948,15_157_001,190,112,112,0,2,110,EGYENI,,
78950,15_158_001,225,119,119,0,0,119,EGYENI,,
78952,15_159_001,71,57,57,0,0,57,EGYENI,,
79156,15_160_001,173,93,93,0,3,90,EGYENI,,
79996,15_161_001,517,280,279,-1,5,274,EGYENI,,
79998,15_161_002,123,47,47,0,0,47,EGYENI,,
80776,15_162_001,315,195,195,0,3,192,EGYENI,,
80778,15_163_001,385,213,213,0,4,209,EGYENI,,
79158,15_164_001,128,61,61,0,0,61,EGYENI,,
79160,15_165_001,117,71,71,0,1,70,EGYENI,,
79162,15_166_001,301,123,123,0,2,121,EGYENI,,
79164,15_167_001,238,123,123,0,2,121,EGYENI,,
79166,15_168_001,42,19,19,0,0,19,EGYENI,,
80780,15_169_001,756,470,470,0,4,466,EGYENI,,
80782,15_169_002,739,390,390,0,4,386,EGYENI,,
73964,15_170_001,460,293,293,0,2,291,EGYENI,,
80000,15_171_001,385,192,192,0,1,191,EGYENI,,
79168,15_172_001,937,383,383,0,5,378,EGYENI,,
79170,15_172_002,1020,452,452,0,9,443,EGYENI,,
80784,15_173_001,129,91,91,0,1,90,EGYENI,,
73966,15_174_001,284,151,151,0,3,148,EGYENI,,
80786,15_175_001,240,147,147,0,3,144,EGYENI,,
80788,15_175_002,533,360,360,0,3,357,EGYENI,,
80790,15_175_003,577,393,394,1,14,380,EGYENI,,
80792,15_175_004,437,227,227,0,1,226,EGYENI,,
80794,15_175_005,1128,720,720,0,5,715,EGYENI,,
80796,15_175_006,1339,911,910,-1,2,908,EGYENI,,
80798,15_175_007,1015,646,645,-1,2,643,EGYENI,,
80800,15_175_008,898,589,589,0,6,583,EGYENI,,
80802,15_175_009,1012,700,699,-1,6,693,EGYENI,,
80804,15_175_010,1109,679,679,0,6,673,EGYENI,,
80806,15_175_011,2431,2018,2011,-7,10,2001,EGYENI,,
80808,15_175_012,635,432,432,0,5,427,EGYENI,,
80810,15_175_013,749,448,448,0,4,444,EGYENI,,
80812,15_175_014,975,616,616,0,4,612,EGYENI,,
80814,15_175_015,837,547,547,0,5,542,EGYENI,,
80816,15_175_016,855,568,567,-1,5,562,EGYENI,,
80818,15_175_017,1178,657,656,-1,7,649,EGYENI,,
80820,15_175_018,1068,633,633,0,2,631,EGYENI,,
80822,15_175_019,1143,625,625,0,4,621,EGYENI,,
80824,15_175_020,1247,741,741,0,3,738,EGYENI,,
81030,15_175_021,1303,809,809,0,1,808,EGYENI,,
81032,15_175_022,277,164,163,-1,5,158,EGYENI,,
81034,15_175_023,700,436,436,0,1,435,EGYENI,,
81036,15_176_001,480,286,286,0,1,285,EGYENI,,
81038,15_177_001,556,341,341,0,4,337,EGYENI,,
81040,15_178_001,335,193,193,0,3,190,EGYENI,,
81042,15_179_001,154,85,85,0,0,85,EGYENI,,
79172,15_180_001,122,63,63,0,0,63,EGYENI,,
80002,15_181_001,467,287,287,0,1,286,EGYENI,,
80004,15_181_002,147,98,98,0,3,95,EGYENI,,
81044,15_182_001,432,295,295,0,1,294,EGYENI,,
79174,15_183_001,80,52,52,0,1,51,EGYENI,,
79176,15_184_001,131,69,69,0,0,69,EGYENI,,
81046,15_185_001,132,71,71,0,1,70,EGYENI,,
81048,15_186_001,172,74,72,-2,1,71,EGYENI,,
80006,15_187_001,394,214,214,0,3,211,EGYENI,,
80008,15_188_001,375,198,198,0,1,197,EGYENI,,
80010,15_189_001,545,295,295,0,11,284,EGYENI,,
80012,15_189_002,755,398,398,0,6,392,EGYENI,,
81050,15_190_001,415,202,202,0,3,199,EGYENI,,
80014,15_191_001,523,225,225,0,2,223,EGYENI,,
80016,15_192_001,440,212,212,0,2,210,EGYENI,,
80018,15_192_002,579,285,285,0,5,280,EGYENI,,
80020,15_193_001,57,36,36,0,0,36,EGYENI,,
80022,15_194_001,521,216,216,0,3,213,EGYENI,,
81052,15_195_001,595,340,340,0,4,336,EGYENI,,
79178,15_196_001,570,377,377,0,4,373,EGYENI,,
79180,15_196_002,781,451,451,0,7,444,EGYENI,,
80220,15_197_001,363,238,238,0,4,234,EGYENI,,
79182,15_198_001,458,272,272,0,4,268,EGYENI,,
79184,15_198_002,447,231,231,0,4,227,EGYENI,,
80222,15_199_001,609,274,275,1,11,264,EGYENI,,
80224,15_200_001,806,455,455,0,2,453,EGYENI,,
80226,15_200_002,476,270,270,0,5,265,EGYENI,,
80228,15_200_003,128,56,56,0,0,56,EGYENI,,
80230,15_201_001,253,109,109,0,0,109,EGYENI,,
80232,15_201_002,178,106,106,0,1,105,EGYENI,,
73968,15_202_001,250,139,138,-1,1,137,EGYENI,,
79186,15_203_001,405,207,207,0,0,207,EGYENI,,
81054,15_204_001,551,377,376,-1,8,368,EGYENI,,
80234,15_205_001,164,97,97,0,2,95,EGYENI,,
73970,15_206_001,576,404,404,0,5,399,EGYENI,,
79188,15_207_001,328,177,177,0,1,176,EGYENI,,
73972,15_208_001,261,180,180,0,2,178,EGYENI,,
79190,15_209_001,105,66,66,0,2,64,EGYENI,,
81056,15_210_001,413,222,222,0,2,220,EGYENI,,
80236,15_211_001,230,104,104,0,0,104,EGYENI,,
73974,15_212_001,167,100,100,0,0,100,EGYENI,,
81058,15_213_001,87,65,65,0,1,64,EGYENI,,
81060,15_214_001,481,331,331,0,1,330,EGYENI,,
80238,15_215_001,222,128,128,0,3,125,EGYENI,,
80240,15_216_001,478,264,264,0,3,261,EGYENI,,
80242,15_216_002,503,280,280,0,4,276,EGYENI,,
79192,15_217_001,519,301,301,0,12,289,EGYENI,,
81062,15_218_001,712,402,402,0,3,399,EGYENI,,
81064,15_218_002,738,402,401,-1,3,398,EGYENI,,
81066,15_218_003,660,309,309,0,5,304,EGYENI,,
81068,15_218_004,775,459,457,-2,2,455,EGYENI,,
81070,15_218_005,801,508,508,0,2,506,EGYENI,,
80244,15_219_001,566,276,275,-1,2,273,EGYENI,,
79194,15_220_001,452,224,224,0,3,221,EGYENI,,
79196,15_220_002,468,203,203,0,4,199,EGYENI,,
81072,15_221_001,791,491,490,-1,7,483,EGYENI,,
81074,15_221_002,830,501,501,0,7,494,EGYENI,,
80246,15_222_001,322,194,194,0,1,193,EGYENI,,
81076,15_223_001,156,85,85,0,2,83,EGYENI,,
81078,15_224_001,365,180,180,0,3,177,EGYENI,,
80248,15_225_001,105,49,49,0,1,48,EGYENI,,
81080,15_226_001,213,122,122,0,1,121,EGYENI,,
79198,15_227_001,181,103,103,0,2,101,EGYENI,,
81082,15_228_001,348,185,185,0,2,183,EGYENI,,
80250,15_229_001,117,58,58,0,1,57,EGYENI,,
80252,15_229_002,111,57,57,0,1,56,EGYENI,,
80254,15_230_001,115,77,77,0,1,76,EGYENI,,
80256,15_231_001,418,279,279,0,0,279,EGYENI,,
79200,15_232_001,618,298,298,0,3,295,EGYENI,,
79202,15_233_001,185,87,87,0,2,85,EGYENI,,
81084,15_234_001,178,116,116,0,0,116,EGYENI,,
79204,15_235_001,479,259,259,0,2,257,EGYENI,,
80258,15_236_001,334,258,258,0,4,254,EGYENI,,
81086,15_237_001,219,111,111,0,0,111,EGYENI,,
81088,15_238_001,922,599,597,-2,6,591,EGYENI,,
81090,15_238_002,1141,780,780,0,10,770,EGYENI,,
79206,15_239_001,415,256,256,0,5,251,EGYENI,,
79208,15_239_002,515,316,316,0,2,314,EGYENI,,
81092,15_240_001,293,150,150,0,5,145,EGYENI,,
81094,15_241_001,450,253,253,0,4,249,EGYENI,,
73976,15_242_001,201,130,130,0,2,128,EGYENI,,
73978,15_243_001,263,156,156,0,2,154,EGYENI,,
73980,15_244_001,346,244,244,0,5,239,EGYENI,,
79210,15_245_001,462,225,225,0,3,222,EGYENI,,
81096,15_246_001,1106,729,726,-3,5,721,EGYENI,,
82640,16_001_001,1010,645,645,0,6,639,EGYENI,,
82642,16_001_002,952,631,631,0,4,627,EGYENI,,
82644,16_001_003,1160,685,685,0,7,678,EGYENI,,
82646,16_002_001,815,479,476,-3,2,474,EGYENI,,
82648,16_002_002,775,346,346,0,2,344,EGYENI,,
80062,16_003_001,624,358,358,0,1,357,EGYENI,,
80064,16_003_002,628,283,283,0,4,279,EGYENI,,
80066,16_003_003,634,348,347,-1,3,344,EGYENI,,
79230,16_004_001,729,333,333,0,6,327,EGYENI,,
79232,16_004_002,720,387,387,0,24,363,EGYENI,,
80068,16_005_001,763,641,641,0,9,632,EGYENI,,
80070,16_005_002,826,675,675,0,3,672,EGYENI,,
80072,16_005_003,1161,956,966,10,66,900,EGYENI,,
80852,16_006_001,818,505,505,0,8,497,EGYENI,,
80854,16_006_002,1014,584,584,0,13,571,EGYENI,,
80856,16_006_003,1159,632,632,0,9,623,EGYENI,,
80858,16_006_004,356,149,149,0,7,142,EGYENI,,
80860,16_006_005,702,308,308,0,7,301,EGYENI,,
80862,16_006_006,1021,484,484,0,8,476,EGYENI,,
81864,16_007_001,681,398,398,0,4,394,EGYENI,,
79234,16_008_001,681,406,406,0,24,382,EGYENI,,
80864,16_009_001,535,304,304,0,11,293,EGYENI,,
79236,16_010_001,355,256,256,0,8,248,EGYENI,,
79238,16_011_001,659,425,425,0,3,422,EGYENI,,
79240,16_012_001,618,347,347,0,10,337,EGYENI,,
82650,16_013_001,641,473,473,0,6,467,EGYENI,,
80074,16_014_001,529,318,317,-1,19,298,EGYENI,,
82652,16_015_001,809,321,321,0,5,316,EGYENI,,
81424,16_016_001,1139,606,603,-3,16,587,EGYENI,,
79242,16_017_001,518,329,329,0,10,319,EGYENI,,
80866,16_018_001,603,312,312,0,8,304,EGYENI,,
80868,16_018_002,655,307,307,0,5,302,EGYENI,,
80870,16_018_003,609,285,285,0,5,280,EGYENI,,
80872,16_018_004,612,306,307,1,16,291,EGYENI,,
81866,16_019_001,570,368,363,-5,5,358,EGYENI,,
81868,16_019_002,682,407,407,0,7,400,EGYENI,,
81870,16_019_003,564,296,296,0,4,292,EGYENI,,
79244,16_020_001,535,372,373,1,8,365,EGYENI,,
79246,16_021_001,400,337,337,0,1,336,EGYENI,,
79248,16_022_001,485,345,345,0,1,344,EGYENI,,
79250,16_023_001,293,192,192,0,3,189,EGYENI,,
79252,16_024_001,541,399,399,0,6,393,EGYENI,,
80076,16_025_001,753,415,415,0,5,410,EGYENI,,
80078,16_025_002,818,555,554,-1,1,553,EGYENI,,
80080,16_025_003,873,531,528,-3,11,517,EGYENI,,
80082,16_025_004,765,512,511,-1,4,507,EGYENI,,
80084,16_025_005,821,462,462,0,6,456,EGYENI,,
80086,16_026_001,594,389,382,-7,12,370,EGYENI,,
80088,16_027_001,658,444,444,0,15,429,EGYENI,,
79254,16_028_001,133,71,71,0,0,71,EGYENI,,
82654,16_029_001,609,408,408,0,3,405,EGYENI,,
82656,16_029_002,891,576,575,-1,10,565,EGYENI,,
82658,16_029_003,961,542,542,0,19,523,EGYENI,,
82660,16_029_004,632,374,374,0,5,369,EGYENI,,
82662,16_029_005,249,109,109,0,4,105,EGYENI,,
82664,16_030_001,1075,533,533,0,5,528,EGYENI,,
82666,16_030_002,1043,628,627,-1,6,621,EGYENI,,
82668,16_030_003,909,557,552,-5,9,543,EGYENI,,
82670,16_031_001,872,474,474,0,4,470,EGYENI,,
82672,16_031_002,831,496,496,0,5,491,EGYENI,,
80874,16_032_001,686,423,423,0,6,417,EGYENI,,
80876,16_032_002,742,334,334,0,20,314,EGYENI,,
79256,16_033_001,899,418,418,0,13,405,EGYENI,,
80878,16_034_001,649,314,312,-2,9,303,EGYENI,,
80880,16_034_002,643,336,332,-4,7,325,EGYENI,,
80882,16_035_001,485,224,224,0,6,218,EGYENI,,
80884,16_035_002,738,376,376,0,2,374,EGYENI,,
80886,16_035_003,186,94,94,0,3,91,EGYENI,,
79258,16_036_001,970,626,625,-1,12,613,EGYENI,,
79260,16_036_002,940,653,651,-2,5,646,EGYENI,,
79262,16_036_003,926,567,567,0,2,565,EGYENI,,
79264,16_036_004,914,634,634,0,6,628,EGYENI,,
79266,16_036_005,935,667,667,0,3,664,EGYENI,,
79268,16_036_006,939,582,582,0,2,580,EGYENI,,
79270,16_036_007,908,517,517,0,8,509,EGYENI,,
82674,16_037_001,991,675,675,0,3,672,EGYENI,,
82676,16_037_002,975,576,576,0,5,571,EGYENI,,
79272,16_038_001,362,276,276,0,9,267,EGYENI,,
80090,16_039_001,251,174,174,0,3,171,EGYENI,,
79274,16_040_001,614,357,357,0,4,353,EGYENI,,
79276,16_041_001,113,95,95,0,0,95,EGYENI,,
81872,16_042_001,934,638,636,-2,9,627,EGYENI,,
81874,16_042_002,935,568,565,-3,4,561,EGYENI,,
81876,16_042_003,935,623,623,0,11,612,EGYENI,,
79278,16_043_001,478,265,265,0,3,262,EGYENI,,
82678,16_044_001,638,378,378,0,13,365,EGYENI,,
80888,16_045_001,731,409,408,-1,8,400,EGYENI,,
80890,16_045_002,696,365,364,-1,5,359,EGYENI,,
80286,16_046_001,440,350,350,0,6,344,EGYENI,,
82680,16_047_001,815,377,377,0,6,371,EGYENI,,
82682,16_047_002,739,363,363,0,9,354,EGYENI,,
79280,16_048_001,706,391,391,0,11,380,EGYENI,,
79282,16_049_001,89,53,53,0,1,52,EGYENI,,
80288,16_050_001,1201,621,621,0,16,605,EGYENI,,
82684,16_051_001,759,399,397,-2,4,393,EGYENI,,
82686,16_051_002,824,364,364,0,3,361,EGYENI,,
79284,16_052_001,228,151,151,0,3,148,EGYENI,,
79286,16_053_001,955,566,566,0,9,557,EGYENI,,
79288,16_054_001,220,161,161,0,2,159,EGYENI,,
79290,16_055_001,254,148,148,0,1,147,EGYENI,,
80290,16_056_001,878,437,437,0,6,431,EGYENI,,
80292,16_056_002,747,371,371,0,7,364,EGYENI,,
80294,16_056_003,795,426,426,0,19,407,EGYENI,,
81878,16_057_001,995,595,595,0,12,583,EGYENI,,
81880,16_057_002,984,590,590,0,5,585,EGYENI,,
81882,16_057_003,1024,605,605,0,6,599,EGYENI,,
81884,16_057_004,1042,583,583,0,16,567,EGYENI,,
81886,16_057_005,1081,620,620,0,4,616,EGYENI,,
81888,16_057_006,183,124,124,0,4,120,EGYENI,,
79490,16_058_001,925,459,459,0,12,447,EGYENI,,
79492,16_059_001,626,378,377,-1,5,372,EGYENI,,
79494,16_060_001,1327,748,748,0,9,739,EGYENI,,
80296,16_061_001,1033,592,591,-1,2,589,EGYENI,,
82688,16_062_001,603,347,346,-1,4,342,EGYENI,,
80892,16_063_001,637,329,329,0,11,318,EGYENI,,
80894,16_063_002,872,409,408,-1,8,400,EGYENI,,
81098,16_063_003,598,350,350,0,3,347,EGYENI,,
81100,16_063_004,687,384,384,0,8,376,EGYENI,,
81102,16_063_005,234,129,129,0,1,128,EGYENI,,
81890,16_064_001,730,442,441,-1,2,439,EGYENI,,
81892,16_064_002,617,375,374,-1,3,371,EGYENI,,
81894,16_064_003,180,121,121,0,3,118,EGYENI,,
80298,16_065_001,698,360,360,0,0,360,EGYENI,,
80300,16_065_002,904,387,386,-1,15,371,EGYENI,,
82690,16_066_001,1062,704,704,0,3,701,EGYENI,,
82894,16_066_002,1033,706,706,0,9,697,EGYENI,,
82896,16_066_003,772,532,532,0,11,521,EGYENI,,
82898,16_066_004,933,549,549,0,9,540,EGYENI,,
82900,16_067_001,703,373,373,0,4,369,EGYENI,,
82902,16_067_002,800,429,429,0,10,419,EGYENI,,
82904,16_068_001,612,385,384,-1,3,381,EGYENI,,
82906,16_068_002,597,345,345,0,5,340,EGYENI,,
79496,16_069_001,246,153,153,0,1,152,EGYENI,,
79498,16_070_001,837,452,452,0,4,448,EGYENI,,
79500,16_071_001,51,36,36,0,1,35,EGYENI,,
81104,16_072_001,1350,818,818,0,14,804,EGYENI,,
79502,16_073_001,238,164,164,0,0,164,EGYENI,,
79504,16_074_001,432,261,259,-2,11,248,EGYENI,,
79506,16_075_001,441,248,248,0,2,246,EGYENI,,
79508,16_076_001,835,501,501,0,7,494,EGYENI,,
82908,16_077_001,742,426,426,0,1,425,EGYENI,,
82910,16_077_002,2196,1706,1706,0,16,1690,EGYENI,,
82912,16_077_003,726,479,479,0,4,475,EGYENI,,
82914,16_077_004,1041,629,629,0,13,616,EGYENI,,
82916,16_077_005,1112,716,716,0,3,713,EGYENI,,
82918,16_077_006,757,528,528,0,1,527,EGYENI,,
82920,16_077_007,848,482,482,0,9,473,EGYENI,,
82922,16_077_008,948,621,621,0,2,619,EGYENI,,
82924,16_077_009,836,528,528,0,4,524,EGYENI,,
82926,16_077_010,840,625,625,0,4,621,EGYENI,,
82928,16_077_011,852,590,590,0,2,588,EGYENI,,
82930,16_077_012,724,469,469,0,3,466,EGYENI,,
82932,16_077_013,923,509,509,0,5,504,EGYENI,,
82934,16_077_014,837,532,532,0,1,531,EGYENI,,
82936,16_077_015,793,492,492,0,7,485,EGYENI,,
82938,16_077_016,819,491,491,0,4,487,EGYENI,,
80302,16_078_001,987,574,574,0,9,565,EGYENI,,
80304,16_078_002,629,384,384,0,3,381,EGYENI,,
80306,16_078_003,739,419,419,0,7,412,EGYENI,,
80308,16_079_001,104,79,79,0,1,78,EGYENI,,
82940,16_080_001,1097,620,620,0,5,615,EGYENI,,
81896,16_081_001,1172,676,676,0,20,656,EGYENI,,
82094,16_081_002,1201,627,627,0,10,617,EGYENI,,
82096,16_081_003,1200,730,730,0,6,724,EGYENI,,
79510,16_082_001,1053,626,626,0,5,621,EGYENI,,
79512,16_083_001,460,293,293,0,7,286,EGYENI,,
80310,16_084_001,808,398,398,0,5,393,EGYENI,,
80312,16_085_001,788,367,367,0,8,359,EGYENI,,
80314,16_085_002,734,384,384,0,4,380,EGYENI,,
80848,16_085_003,757,405,405,0,5,400,EGYENI,,
79514,16_086_001,673,370,370,0,10,360,EGYENI,,
82942,16_087_001,414,274,274,0,2,272,EGYENI,,
79516,16_088_001,201,161,161,0,1,160,EGYENI,,
80316,16_089_001,743,412,412,0,3,409,EGYENI,,
79518,16_090_001,221,124,124,0,0,124,EGYENI,,
79520,16_091_001,679,394,394,0,6,388,EGYENI,,
79522,16_091_002,794,419,419,0,1,418,EGYENI,,
79524,16_091_003,974,369,369,0,11,358,EGYENI,,
79526,16_091_004,885,471,471,0,2,469,EGYENI,,
81106,16_092_001,810,532,532,0,13,519,EGYENI,,
81108,16_092_002,885,477,477,0,18,459,EGYENI,,
79528,16_093_001,419,262,262,0,4,258,EGYENI,,
80318,16_094_001,1137,653,652,-1,6,646,EGYENI,,
80320,16_094_002,1908,1498,1486,-12,7,1479,EGYENI,,
80846,16_094_003,727,451,451,0,1,450,EGYENI,,
80322,16_094_004,841,538,538,0,4,534,EGYENI,,
80324,16_094_005,800,450,450,0,0,450,EGYENI,,
80326,16_094_006,873,524,523,-1,10,513,EGYENI,,
80328,16_094_007,955,556,556,0,0,556,EGYENI,,
80330,16_094_008,764,470,470,0,2,468,EGYENI,,
80332,16_094_009,800,485,485,0,3,482,EGYENI,,
80334,16_094_010,815,497,497,0,4,493,EGYENI,,
80336,16_094_011,843,495,494,-1,1,493,EGYENI,,
80338,16_094_012,975,574,574,0,6,568,EGYENI,,
80844,16_094_013,852,534,534,0,3,531,EGYENI,,
80340,16_094_014,790,468,468,0,4,464,EGYENI,,
80342,16_094_015,941,626,626,0,4,622,EGYENI,,
80842,16_094_016,928,640,640,0,1,639,EGYENI,,
79530,16_095_001,228,103,103,0,4,99,EGYENI,,
82944,16_096_001,830,529,529,0,8,521,EGYENI,,
79532,16_097_001,571,350,349,-1,3,346,EGYENI,,
81110,16_098_001,1042,597,597,0,6,591,EGYENI,,
81112,16_098_002,685,325,325,0,2,323,EGYENI,,
79534,16_099_001,702,388,388,0,13,375,EGYENI,,
79536,16_100_001,523,305,300,-5,4,296,EGYENI,,
82098,16_101_001,948,426,426,0,2,424,EGYENI,,
82100,16_101_002,254,107,107,0,2,105,EGYENI,,
82102,16_101_003,112,68,68,0,0,68,EGYENI,,
79538,16_102_001,808,460,460,0,7,453,EGYENI,,
79540,16_102_002,784,465,465,0,8,457,EGYENI,,
80344,16_103_001,1082,554,554,0,2,552,EGYENI,,
80346,16_103_002,595,324,324,0,5,319,EGYENI,,
80348,16_103_003,873,391,391,0,6,385,EGYENI,,
80350,16_103_004,702,327,327,0,5,322,EGYENI,,
80352,16_103_005,1014,416,416,0,22,394,EGYENI,,
80554,16_103_006,827,406,406,0,6,400,EGYENI,,
82946,16_104_001,721,443,443,0,2,441,EGYENI,,
82948,16_104_002,645,332,332,0,6,326,EGYENI,,
82950,16_104_003,799,392,392,0,3,389,EGYENI,,
82952,16_104_004,852,372,372,0,10,362,EGYENI,,
82954,16_104_005,752,349,349,0,0,349,EGYENI,,
82956,16_104_006,786,403,403,0,9,394,EGYENI,,
79542,16_105_001,108,79,79,0,0,79,EGYENI,,
81114,16_106_001,955,588,587,-1,4,583,EGYENI,,
81116,16_106_002,1008,511,511,0,7,504,EGYENI,,
81118,16_106_003,988,583,583,0,4,579,EGYENI,,
81120,16_106_004,918,507,507,0,10,497,EGYENI,,
81122,16_106_005,961,609,608,-1,6,602,EGYENI,,
81124,16_106_006,978,509,504,-5,5,499,EGYENI,,
81126,16_106_007,944,573,573,0,7,566,EGYENI,,
81128,16_106_008,1033,597,597,0,6,591,EGYENI,,
79544,16_107_001,443,254,254,0,3,251,EGYENI,,
79546,16_108_001,1200,708,708,0,13,695,EGYENI,,
82958,16_109_001,935,545,545,0,15,530,EGYENI,,
78954,16_109_002,1033,520,520,0,7,513,EGYENI,,
78956,16_109_003,1051,522,522,0,6,516,EGYENI,,
79548,16_110_001,746,444,444,0,6,438,EGYENI,,
79550,16_111_001,80,47,47,0,1,46,EGYENI,,
81130,16_112_001,1345,827,827,0,54,773,EGYENI,,
81132,16_112_002,1216,740,740,0,15,725,EGYENI,,
81134,16_112_003,2131,1567,1560,-7,12,1548,EGYENI,,
81136,16_112_004,1167,768,768,0,3,765,EGYENI,,
81138,16_112_005,1202,803,803,0,10,793,EGYENI,,
81140,16_112_006,1272,948,948,0,6,942,EGYENI,,
81142,16_112_007,1201,754,752,-2,5,747,EGYENI,,
81144,16_112_008,1144,708,708,0,3,705,EGYENI,,
81146,16_113_001,731,469,469,0,11,458,EGYENI,,
81148,16_113_002,890,508,508,0,6,502,EGYENI,,
81150,16_113_003,591,342,340,-2,22,318,EGYENI,,
81152,16_114_001,907,724,721,-3,18,703,EGYENI,,
81154,16_114_002,758,585,585,0,13,572,EGYENI,,
81156,16_114_003,858,651,651,0,10,641,EGYENI,,
78958,16_115_001,597,368,368,0,2,366,EGYENI,,
78960,16_115_002,893,458,458,0,3,455,EGYENI,,
78962,16_115_003,831,459,459,0,4,455,EGYENI,,
80556,16_116_001,1127,668,668,0,8,660,EGYENI,,
80558,16_116_002,610,309,309,0,9,300,EGYENI,,
81158,16_117_001,978,563,563,0,11,552,EGYENI,,
81160,16_118_001,498,314,314,0,9,305,EGYENI,,
81298,16_119_001,2775,2263,2261,-2,10,2251,EGYENI,,
81300,16_119_002,1102,767,767,0,6,761,EGYENI,,
81302,16_119_003,816,524,524,0,7,517,EGYENI,,
81304,16_119_004,1314,860,860,0,12,848,EGYENI,,
81306,16_119_005,1010,711,711,0,4,707,EGYENI,,
81308,16_119_006,1006,670,670,0,8,662,EGYENI,,
81310,16_119_007,932,682,682,0,4,678,EGYENI,,
81312,16_119_008,1054,708,707,-1,10,697,EGYENI,,
81314,16_119_009,819,488,488,0,2,486,EGYENI,,
81316,16_119_010,868,592,592,0,5,587,EGYENI,,
81318,16_119_011,1008,608,606,-2,4,602,EGYENI,,
81320,16_119_012,855,529,529,0,6,523,EGYENI,,
81322,16_119_013,996,519,519,0,6,513,EGYENI,,
81324,16_119_014,957,661,661,0,6,655,EGYENI,,
81326,16_119_015,1141,866,866,0,6,860,EGYENI,,
81328,16_119_016,683,488,488,0,1,487,EGYENI,,
81330,16_119_017,1035,831,829,-2,2,827,EGYENI,,
81332,16_119_018,752,529,529,0,5,524,EGYENI,,
81334,16_119_019,1163,699,699,0,2,697,EGYENI,,
82104,16_119_020,1929,1493,1486,-7,14,1472,EGYENI,,
81336,16_119_021,831,559,559,0,6,553,EGYENI,,
82106,16_119_022,1323,947,944,-3,10,934,EGYENI,,
81338,16_119_023,771,496,495,-1,4,491,EGYENI,,
81340,16_119_024,1125,741,741,0,3,738,EGYENI,,
81342,16_119_025,906,618,618,0,18,600,EGYENI,,
81344,16_119_026,887,545,545,0,4,541,EGYENI,,
81346,16_119_027,938,635,633,-2,6,627,EGYENI,,
82108,16_119_028,1033,750,749,-1,6,743,EGYENI,,
81348,16_119_029,932,585,584,-1,0,584,EGYENI,,
81350,16_119_030,1093,722,720,-2,3,717,EGYENI,,
81352,16_119_031,914,630,630,0,0,630,EGYENI,,
81354,16_119_032,862,660,660,0,7,653,EGYENI,,
81356,16_119_033,813,566,565,-1,4,561,EGYENI,,
81358,16_119_034,993,716,715,-1,3,712,EGYENI,,
81566,16_119_035,699,361,360,-1,5,355,EGYENI,,
81568,16_119_036,869,567,567,0,8,559,EGYENI,,
81570,16_119_037,642,452,448,-4,5,443,EGYENI,,
81572,16_119_038,664,486,486,0,0,486,EGYENI,,
82110,16_119_039,877,451,451,0,0,451,EGYENI,,
82112,16_119_040,926,576,576,0,5,571,EGYENI,,
82114,16_119_041,1189,774,773,-1,10,763,EGYENI,,
82116,16_119_042,1202,733,733,0,3,730,EGYENI,,
82118,16_119_043,765,476,475,-1,16,459,EGYENI,,
81574,16_119_044,995,673,673,0,9,664,EGYENI,,
81576,16_119_045,702,511,511,0,2,509,EGYENI,,
81578,16_119_046,958,571,571,0,10,561,EGYENI,,
81580,16_119_047,726,470,470,0,3,467,EGYENI,,
81582,16_119_048,1178,720,719,-1,7,712,EGYENI,,
81584,16_119_049,692,383,383,0,7,376,EGYENI,,
81586,16_119_050,877,567,567,0,7,560,EGYENI,,
81588,16_119_051,1013,605,604,-1,2,602,EGYENI,,
81590,16_119_052,869,548,544,-4,4,540,EGYENI,,
81592,16_119_053,724,448,448,0,1,447,EGYENI,,
81594,16_119_054,1155,753,752,-1,12,740,EGYENI,,
81596,16_119_055,950,584,580,-4,6,574,EGYENI,,
81598,16_119_056,679,476,468,-8,3,465,EGYENI,,
81600,16_119_057,1092,764,764,0,3,761,EGYENI,,
81602,16_119_058,785,555,555,0,7,548,EGYENI,,
81604,16_119_059,911,660,660,0,3,657,EGYENI,,
81606,16_119_060,760,548,544,-4,0,544,EGYENI,,
81608,16_119_061,709,414,414,0,6,408,EGYENI,,
81610,16_119_062,1265,785,785,0,5,780,EGYENI,,
81612,16_119_063,938,552,551,-1,7,544,EGYENI,,
81614,16_119_064,809,539,539,0,3,536,EGYENI,,
81616,16_119_065,1070,641,641,0,5,636,EGYENI,,
81618,16_119_066,1205,763,760,-3,8,752,EGYENI,,
81620,16_119_067,1010,572,572,0,4,568,EGYENI,,
81622,16_119_068,945,635,635,0,5,630,EGYENI,,
81624,16_119_069,1134,643,643,0,0,643,EGYENI,,
82120,16_119_070,1162,800,800,0,8,792,EGYENI,,
82122,16_119_071,900,683,683,0,8,675,EGYENI,,
82124,16_119_072,808,437,437,0,5,432,EGYENI,,
82126,16_119_073,1170,867,867,0,4,863,EGYENI,,
82128,16_119_074,1074,728,728,0,5,723,EGYENI,,
82130,16_119_075,1170,785,785,0,7,778,EGYENI,,
82132,16_119_076,587,129,129,0,7,122,EGYENI,,
82134,16_119_077,664,357,357,0,1,356,EGYENI,,
81626,16_119_078,1416,823,823,0,7,816,EGYENI,,
81628,16_119_079,1305,718,718,0,2,716,EGYENI,,
81832,16_119_080,900,492,492,0,1,491,EGYENI,,
81834,16_119_081,834,453,452,-1,6,446,EGYENI,,
81836,16_119_082,944,548,548,0,7,541,EGYENI,,
82136,16_119_083,1076,490,490,0,8,482,EGYENI,,
82138,16_119_084,1138,686,686,0,8,678,EGYENI,,
82140,16_119_085,1091,562,562,0,6,556,EGYENI,,
82142,16_119_086,1016,465,464,-1,6,458,EGYENI,,
81838,16_119_087,876,581,581,0,3,578,EGYENI,,
81840,16_119_088,744,484,484,0,2,482,EGYENI,,
81842,16_119_089,1143,772,772,0,1,771,EGYENI,,
81844,16_119_090,984,599,598,-1,4,594,EGYENI,,
81846,16_119_091,1058,623,623,0,7,616,EGYENI,,
81848,16_119_092,788,410,410,0,5,405,EGYENI,,
81850,16_119_093,824,608,608,0,4,604,EGYENI,,
81852,16_119_094,754,547,547,0,13,534,EGYENI,,
81854,16_119_095,1088,700,700,0,7,693,EGYENI,,
81856,16_119_096,1166,781,780,-1,7,773,EGYENI,,
81858,16_119_097,771,444,444,0,7,437,EGYENI,,
81860,16_119_098,733,445,445,0,1,444,EGYENI,,
81862,16_119_099,919,579,576,-3,1,575,EGYENI,,
81162,16_120_001,702,397,397,0,6,391,EGYENI,,
81360,16_120_002,174,119,119,0,0,119,EGYENI,,
81362,16_121_001,747,347,347,0,4,343,EGYENI,,
81364,16_121_002,819,435,431,-4,15,416,EGYENI,,
78964,16_122_001,879,538,538,0,8,530,EGYENI,,
80560,16_123_001,705,491,491,0,9,482,EGYENI,,
80562,16_124_001,795,414,414,0,3,411,EGYENI,,
80564,16_124_002,1034,505,505,0,3,502,EGYENI,,
81366,16_125_001,666,480,480,0,9,471,EGYENI,,
81368,16_125_002,742,519,517,-2,7,510,EGYENI,,
80566,16_126_001,641,441,441,0,5,436,EGYENI,,
78966,16_127_001,563,353,352,-1,4,348,EGYENI,,
81370,16_128_001,866,534,534,0,4,530,EGYENI,,
81372,16_128_002,990,589,589,0,11,578,EGYENI,,
81374,16_128_003,396,230,230,0,5,225,EGYENI,,
80568,16_129_001,988,379,356,-23,8,348,EGYENI,,
80570,16_129_002,843,387,387,0,9,378,EGYENI,,
80572,16_129_003,901,447,447,0,4,443,EGYENI,,
80574,16_129_004,847,448,448,0,18,430,EGYENI,,
80576,16_130_001,1118,633,633,0,7,626,EGYENI,,
80578,16_130_002,1058,525,525,0,4,521,EGYENI,,
81376,16_131_001,705,446,446,0,10,436,EGYENI,,
81378,16_131_002,711,422,425,3,21,404,EGYENI,,
80580,16_132_001,711,467,465,-2,4,461,EGYENI,,
78968,16_133_001,1125,729,727,-2,6,721,EGYENI,,
78970,16_133_002,1039,647,645,-2,9,636,EGYENI,,
78972,16_133_003,667,393,393,0,7,386,EGYENI,,
81380,16_134_001,503,338,336,-2,4,332,EGYENI,,
78974,16_135_001,863,402,402,0,4,398,EGYENI,,
78976,16_135_002,757,401,401,0,4,397,EGYENI,,
82144,16_136_001,839,506,506,0,7,499,EGYENI,,
82146,16_136_002,1113,689,689,0,11,678,EGYENI,,
82148,16_136_003,1133,598,598,0,10,588,EGYENI,,
82150,16_136_004,738,333,333,0,5,328,EGYENI,,
82152,16_136_005,1129,532,532,0,7,525,EGYENI,,
82154,16_136_006,706,495,494,-1,3,491,EGYENI,,
78978,16_137_001,896,494,494,0,14,480,EGYENI,,
78980,16_138_001,676,391,391,0,8,383,EGYENI,,
78982,16_138_002,794,471,471,0,8,463,EGYENI,,
81382,16_139_001,794,452,452,0,5,447,EGYENI,,
81384,16_139_002,790,466,466,0,26,440,EGYENI,,
79552,16_140_001,532,301,301,0,6,295,EGYENI,,
79554,16_141_001,255,197,197,0,6,191,EGYENI,,
80582,16_142_001,654,402,402,0,1,401,EGYENI,,
80584,16_142_002,637,370,370,0,5,365,EGYENI,,
80586,16_142_003,713,360,360,0,3,357,EGYENI,,
80588,16_143_001,1065,595,595,0,9,586,EGYENI,,
80590,16_143_002,1169,539,539,0,12,527,EGYENI,,
80592,16_144_001,702,368,368,0,10,358,EGYENI,,
80594,16_144_002,717,375,374,-1,15,359,EGYENI,,
81386,16_145_001,353,208,208,0,5,203,EGYENI,,
80596,16_146_001,591,353,352,-1,5,347,EGYENI,,
80598,16_146_002,537,326,326,0,1,325,EGYENI,,
79556,16_147_001,512,324,324,0,1,323,EGYENI,,
78984,16_148_001,793,449,449,0,0,449,EGYENI,,
78986,16_148_002,740,365,365,0,6,359,EGYENI,,
80600,16_149_001,654,407,407,0,8,399,EGYENI,,
82156,16_150_001,958,525,525,0,20,505,EGYENI,,
78988,16_151_001,711,433,433,0,10,423,EGYENI,,
78990,16_151_002,887,523,523,0,4,519,EGYENI,,
78992,16_151_003,626,382,382,0,5,377,EGYENI,,
80602,16_152_001,563,296,296,0,5,291,EGYENI,,
81388,16_153_001,799,480,480,0,15,465,EGYENI,,
79558,16_154_001,619,368,368,0,5,363,EGYENI,,
80604,16_155_001,737,375,375,0,3,372,EGYENI,,
80606,16_155_002,699,383,383,0,3,380,EGYENI,,
81390,16_156_001,615,427,419,-8,13,406,EGYENI,,
81392,16_156_002,674,393,393,0,9,384,EGYENI,,
80608,16_157_001,680,433,433,0,7,426,EGYENI,,
80610,16_157_002,643,348,348,0,3,345,EGYENI,,
80850,16_157_003,655,390,390,0,6,384,EGYENI,,
81394,16_158_001,662,390,390,0,9,381,EGYENI,,
81396,16_158_002,669,353,353,0,5,348,EGYENI,,
80612,16_159_001,1077,630,621,-9,14,607,EGYENI,,
82356,16_160_001,654,428,428,0,7,421,EGYENI,,
82358,16_160_002,885,554,554,0,2,552,EGYENI,,
82360,16_160_003,756,427,427,0,3,424,EGYENI,,
82362,16_160_004,648,433,432,-1,6,426,EGYENI,,
82364,16_160_005,812,513,513,0,6,507,EGYENI,,
78994,16_161_001,1185,622,622,0,20,602,EGYENI,,
80614,16_162_001,103,72,72,0,3,69,EGYENI,,
78996,16_163_001,801,385,385,0,9,376,EGYENI,,
80616,16_164_001,962,715,715,0,14,701,EGYENI,,
79758,16_165_001,547,319,319,0,3,316,EGYENI,,
78998,16_166_001,1148,571,571,0,3,568,EGYENI,,
79760,16_167_001,619,371,371,0,6,365,EGYENI,,
82366,16_168_001,303,209,209,0,3,206,EGYENI,,
79000,16_169_001,955,488,488,0,7,481,EGYENI,,
79002,16_170_001,575,286,285,-1,1,284,EGYENI,,
79004,16_170_002,647,294,294,0,0,294,EGYENI,,
81398,16_171_001,800,473,470,-3,17,453,EGYENI,,
81400,16_171_002,725,387,387,0,8,379,EGYENI,,
81402,16_171_003,719,342,342,0,11,331,EGYENI,,
80618,16_172_001,409,211,211,0,5,206,EGYENI,,
80620,16_173_001,326,183,183,0,3,180,EGYENI,,
79762,16_174_001,347,228,228,0,0,228,EGYENI,,
79764,16_175_001,604,397,397,0,4,393,EGYENI,,
79766,16_176_001,688,460,460,0,5,455,EGYENI,,
79768,16_176_002,855,499,493,-6,7,486,EGYENI,,
80622,16_177_001,234,153,153,0,4,149,EGYENI,,
79770,16_178_001,341,228,228,0,2,226,EGYENI,,
79772,16_179_001,551,373,373,0,7,366,EGYENI,,
79774,16_179_002,578,396,396,0,6,390,EGYENI,,
79006,16_180_001,800,469,469,0,19,450,EGYENI,,
79776,16_181_001,815,460,460,0,17,443,EGYENI,,
79778,16_181_002,872,607,607,0,16,591,EGYENI,,
79780,16_182_001,299,231,230,-1,0,230,EGYENI,,
81404,16_183_001,530,304,304,0,3,301,EGYENI,,
80826,16_184_001,874,483,484,1,15,469,EGYENI,,
82368,16_185_001,577,323,323,0,7,316,EGYENI,,
82370,16_185_002,417,234,234,0,1,233,EGYENI,,
79782,16_186_001,479,299,299,0,7,292,EGYENI,,
79784,16_187_001,982,611,611,0,6,605,EGYENI,,
82372,16_188_001,732,438,438,0,12,426,EGYENI,,
82374,16_188_002,674,419,419,0,6,413,EGYENI,,
79786,16_189_001,709,299,299,0,10,289,EGYENI,,
79788,16_189_002,744,347,347,0,12,335,EGYENI,,
79790,16_190_001,196,134,134,0,4,130,EGYENI,,
82376,16_191_001,570,305,302,-3,9,293,EGYENI,,
82378,16_191_002,567,357,357,0,6,351,EGYENI,,
82380,16_191_003,589,359,359,0,3,356,EGYENI,,
82382,16_192_001,536,270,270,0,2,268,EGYENI,,
82384,16_192_002,698,344,342,-2,3,339,EGYENI,,
82386,16_192_003,770,345,345,0,6,339,EGYENI,,
82388,16_192_004,123,63,63,0,4,59,EGYENI,,
82390,16_193_001,722,465,465,0,5,460,EGYENI,,
82392,16_193_002,708,403,403,0,25,378,EGYENI,,
82394,16_193_003,404,262,262,0,9,253,EGYENI,,
82396,16_193_004,106,73,73,0,4,69,EGYENI,,
79008,16_194_001,628,381,381,0,9,372,EGYENI,,
79010,16_194_002,615,331,330,-1,14,316,EGYENI,,
79792,16_195_001,736,355,354,-1,4,350,EGYENI,,
79794,16_196_001,609,384,384,0,7,377,EGYENI,,
82398,16_197_001,1003,598,598,0,5,593,EGYENI,,
82400,16_197_002,1067,583,583,0,3,580,EGYENI,,
82402,16_197_003,892,514,514,0,3,511,EGYENI,,
82404,16_197_004,940,546,546,0,2,544,EGYENI,,
82406,16_197_005,312,161,161,0,3,158,EGYENI,,
82408,16_197_006,176,85,85,0,4,81,EGYENI,,
79796,16_198_001,500,280,280,0,2,278,EGYENI,,
82410,16_199_001,603,287,287,0,5,282,EGYENI,,
82412,16_199_002,646,370,370,0,4,366,EGYENI,,
82414,16_199_003,278,133,133,0,5,128,EGYENI,,
79012,16_200_001,394,213,213,0,6,207,EGYENI,,
79798,16_201_001,781,456,456,0,1,455,EGYENI,,
79800,16_202_001,940,451,451,0,11,440,EGYENI,,
79014,16_203_001,611,328,327,-1,3,324,EGYENI,,
79016,16_203_002,557,242,242,0,7,235,EGYENI,,
82416,16_204_001,756,352,352,0,8,344,EGYENI,,
82418,16_204_002,727,339,339,0,8,331,EGYENI,,
82420,16_204_003,1056,617,617,0,4,613,EGYENI,,
82422,16_204_004,1224,633,633,0,11,622,EGYENI,,
82626,16_204_005,710,406,406,0,2,404,EGYENI,,
82628,16_204_006,752,422,421,-1,2,419,EGYENI,,
82630,16_204_007,1085,638,638,0,6,632,EGYENI,,
82632,16_204_008,1233,739,737,-2,3,734,EGYENI,,
82634,16_204_009,1160,691,691,0,8,683,EGYENI,,
82636,16_204_010,1248,532,532,0,30,502,EGYENI,,
79802,16_205_001,383,202,202,0,1,201,EGYENI,,
79804,16_206_001,479,330,330,0,14,316,EGYENI,,
79806,16_207_001,165,120,120,0,3,117,EGYENI,,
79018,16_208_001,606,361,361,0,7,354,EGYENI,,
79020,16_208_002,744,392,392,0,2,390,EGYENI,,
79022,16_208_003,771,398,398,0,4,394,EGYENI,,
79808,16_209_001,719,460,460,0,4,456,EGYENI,,
79810,16_209_002,622,403,403,0,9,394,EGYENI,,
79812,16_209_003,610,342,342,0,2,340,EGYENI,,
79814,16_210_001,886,494,494,0,12,482,EGYENI,,
79816,16_210_002,821,437,437,0,6,431,EGYENI,,
80060,16_210_003,764,409,409,0,7,402,EGYENI,,
79818,16_211_001,584,363,363,0,4,359,EGYENI,,
79820,16_212_001,504,398,398,0,7,391,EGYENI,,
80828,16_213_001,510,287,287,0,4,283,EGYENI,,
80830,16_213_002,553,290,290,0,3,287,EGYENI,,
80832,16_213_003,490,234,234,0,3,231,EGYENI,,
80834,16_214_001,506,374,374,0,2,372,EGYENI,,
79822,16_215_001,263,212,212,0,12,200,EGYENI,,
79222,16_216_001,534,293,293,0,1,292,EGYENI,,
81406,16_217_001,1254,741,741,0,10,731,EGYENI,,
81408,16_217_002,1459,859,859,0,6,853,EGYENI,,
81410,16_217_003,1198,587,587,0,6,581,EGYENI,,
81412,16_217_004,1411,713,713,0,13,700,EGYENI,,
81414,16_217_005,1379,615,615,0,13,602,EGYENI,,
81416,16_217_006,1051,502,502,0,5,497,EGYENI,,
81418,16_217_007,1172,559,559,0,3,556,EGYENI,,
81420,16_217_008,1286,551,551,0,15,536,EGYENI,,
79224,16_218_001,784,502,502,0,8,494,EGYENI,,
80836,16_219_001,1010,502,502,0,6,496,EGYENI,,
80838,16_219_002,966,588,588,0,8,580,EGYENI,,
80840,16_219_003,800,444,444,0,0,444,EGYENI,,
79226,16_220_001,634,299,299,0,6,293,EGYENI,,
79228,16_220_002,664,357,357,0,5,352,EGYENI,,
81422,16_221_001,870,543,543,0,10,533,EGYENI,,
80024,16_222_001,459,257,257,0,3,254,EGYENI,,
80026,16_223_001,424,307,307,0,4,303,EGYENI,,
80028,16_224_001,756,427,427,0,9,418,EGYENI,,
80030,16_224_002,1013,627,627,0,2,625,EGYENI,,
80032,16_224_003,2433,1860,1852,-8,10,1842,EGYENI,,
80034,16_224_004,962,473,473,0,14,459,EGYENI,,
80036,16_224_005,670,433,433,0,7,426,EGYENI,,
80038,16_224_006,576,379,379,0,4,375,EGYENI,,
80040,16_224_007,819,508,508,0,9,499,EGYENI,,
80042,16_224_008,977,587,587,0,6,581,EGYENI,,
80044,16_224_009,193,116,116,0,1,115,EGYENI,,
80046,16_225_001,315,240,240,0,2,238,EGYENI,,
80048,16_226_001,1003,657,657,0,7,650,EGYENI,,
80050,16_226_002,964,595,595,0,2,593,EGYENI,,
80052,16_226_003,747,492,492,0,7,485,EGYENI,,
80054,16_226_004,834,496,496,0,2,494,EGYENI,,
80056,16_227_001,348,228,228,0,5,223,EGYENI,,
80058,16_228_001,612,335,335,0,2,333,EGYENI,,
82638,16_229_001,802,434,434,0,7,427,EGYENI,,
82202,17_001_001,589,340,340,0,0,340,EGYENI,,
81426,17_002_001,607,327,327,0,2,325,EGYENI,,
82204,17_003_001,369,218,217,-1,4,213,EGYENI,,
82206,17_003_002,495,320,320,0,3,317,EGYENI,,
82208,17_004_001,676,355,355,0,5,350,EGYENI,,
81428,17_005_001,687,418,415,-3,7,408,EGYENI,,
81630,17_005_002,704,382,382,0,1,381,EGYENI,,
82210,17_006_001,345,204,204,0,4,200,EGYENI,,
81632,17_007_001,1069,614,614,0,5,609,EGYENI,,
81634,17_007_002,1016,611,611,0,9,602,EGYENI,,
81636,17_007_003,1123,702,702,0,6,696,EGYENI,,
81638,17_007_004,1136,586,586,0,6,580,EGYENI,,
81640,17_007_005,1093,662,662,0,10,652,EGYENI,,
79028,17_008_001,277,123,123,0,6,117,EGYENI,,
79030,17_009_001,374,216,216,0,3,213,EGYENI,,
81642,17_010_001,910,482,482,0,12,470,EGYENI,,
81644,17_010_002,913,448,448,0,9,439,EGYENI,,
82212,17_011_001,766,480,480,0,3,477,EGYENI,,
82214,17_011_002,689,398,398,0,5,393,EGYENI,,
82216,17_011_003,929,555,554,-1,10,544,EGYENI,,
82218,17_011_004,602,379,379,0,2,377,EGYENI,,
82220,17_011_005,669,417,417,0,4,413,EGYENI,,
82222,17_011_006,718,458,458,0,7,451,EGYENI,,
82424,17_011_007,583,337,337,0,4,333,EGYENI,,
82426,17_011_008,786,465,465,0,2,463,EGYENI,,
82428,17_011_009,725,447,447,0,7,440,EGYENI,,
82430,17_011_010,561,365,365,0,6,359,EGYENI,,
82432,17_011_011,710,451,451,0,7,444,EGYENI,,
82434,17_011_012,577,412,412,0,5,407,EGYENI,,
82436,17_011_013,793,501,501,0,9,492,EGYENI,,
83022,17_011_014,776,533,533,0,5,528,EGYENI,,
83024,17_011_015,980,603,602,-1,6,596,EGYENI,,
83026,17_011_016,238,125,125,0,3,122,EGYENI,,
79024,17_011_017,144,76,76,0,0,76,EGYENI,,
82438,17_012_001,383,244,243,-1,5,238,EGYENI,,
79032,17_013_001,764,449,448,-1,5,443,EGYENI,,
79034,17_013_002,710,445,445,0,6,439,EGYENI,,
79036,17_013_003,717,393,393,0,5,388,EGYENI,,
82440,17_014_001,776,418,418,0,8,410,EGYENI,,
82442,17_015_001,267,131,131,0,5,126,EGYENI,,
82444,17_016_001,685,404,384,-20,1,383,EGYENI,,
82446,17_017_001,925,478,478,0,7,471,EGYENI,,
82448,17_017_002,155,82,82,0,0,82,EGYENI,,
81646,17_018_001,836,412,412,0,5,407,EGYENI,,
81648,17_018_002,824,424,424,0,5,419,EGYENI,,
81650,17_018_003,849,409,410,1,14,396,EGYENI,,
81652,17_018_004,775,364,364,0,10,354,EGYENI,,
82450,17_019_001,302,155,155,0,3,152,EGYENI,,
82452,17_020_001,759,445,445,0,2,443,EGYENI,,
82454,17_020_002,956,613,613,0,2,611,EGYENI,,
82456,17_020_003,903,549,549,0,3,546,EGYENI,,
82458,17_020_004,938,522,522,0,8,514,EGYENI,,
82460,17_020_005,724,481,481,0,6,475,EGYENI,,
82462,17_020_006,590,357,357,0,5,352,EGYENI,,
82464,17_020_007,724,453,453,0,3,450,EGYENI,,
82466,17_020_008,825,571,570,-1,6,564,EGYENI,,
82468,17_020_009,870,544,544,0,4,540,EGYENI,,
82470,17_020_010,988,641,641,0,4,637,EGYENI,,
82472,17_020_011,762,464,464,0,3,461,EGYENI,,
82474,17_020_012,543,222,222,0,4,218,EGYENI,,
82476,17_020_013,733,460,460,0,4,456,EGYENI,,
82478,17_020_014,642,423,423,0,2,421,EGYENI,,
82480,17_020_015,729,444,444,0,8,436,EGYENI,,
82482,17_020_016,739,482,482,0,2,480,EGYENI,,
82484,17_020_017,706,456,456,0,7,449,EGYENI,,
82486,17_020_018,672,409,408,-1,3,405,EGYENI,,
82488,17_020_019,769,455,454,-1,6,448,EGYENI,,
82692,17_020_020,1375,1063,1063,0,19,1044,EGYENI,,
82694,17_020_021,210,78,78,0,0,78,EGYENI,,
82696,17_020_022,580,309,309,0,3,306,EGYENI,,
82698,17_021_001,558,315,315,0,5,310,EGYENI,,
82700,17_021_002,520,260,260,0,8,252,EGYENI,,
82702,17_021_003,505,242,242,0,5,237,EGYENI,,
79038,17_022_001,726,470,470,0,11,459,EGYENI,,
79040,17_022_002,824,595,595,0,3,592,EGYENI,,
79042,17_022_003,813,485,485,0,6,479,EGYENI,,
79044,17_022_004,738,376,376,0,7,369,EGYENI,,
79046,17_022_005,861,498,498,0,5,493,EGYENI,,
79048,17_022_006,751,430,430,0,13,417,EGYENI,,
79050,17_022_007,788,425,425,0,3,422,EGYENI,,
79052,17_022_008,841,439,439,0,1,438,EGYENI,,
79054,17_022_009,672,322,322,0,3,319,EGYENI,,
79056,17_023_001,656,405,405,0,6,399,EGYENI,,
79058,17_023_002,791,495,495,0,4,491,EGYENI,,
79060,17_023_003,667,378,378,0,6,372,EGYENI,,
82704,17_024_001,213,107,107,0,2,105,EGYENI,,
82706,17_025_001,513,281,281,0,2,279,EGYENI,,
81654,17_026_001,835,425,425,0,8,417,EGYENI,,
81656,17_026_002,831,393,393,0,9,384,EGYENI,,
81658,17_026_003,916,545,545,0,4,541,EGYENI,,
81660,17_026_004,745,449,449,0,3,446,EGYENI,,
81662,17_027_001,565,291,291,0,5,286,EGYENI,,
82708,17_028_001,524,295,295,0,3,292,EGYENI,,
79062,17_029_001,839,404,404,0,2,402,EGYENI,,
79064,17_030_001,540,273,273,0,5,268,EGYENI,,
79066,17_031_001,1017,524,524,0,12,512,EGYENI,,
82710,17_032_001,153,88,88,0,1,87,EGYENI,,
79068,17_033_001,769,426,426,0,7,419,EGYENI,,
79070,17_033_002,822,453,453,0,6,447,EGYENI,,
82712,17_034_001,548,343,343,0,2,341,EGYENI,,
79072,17_035_001,802,437,437,0,8,429,EGYENI,,
82714,17_036_001,685,277,277,0,3,274,EGYENI,,
82716,17_037_001,761,427,427,0,6,421,EGYENI,,
82718,17_038_001,881,548,547,-1,11,536,EGYENI,,
82720,17_038_002,754,439,439,0,8,431,EGYENI,,
82722,17_038_003,767,378,378,0,7,371,EGYENI,,
79074,17_039_001,717,412,412,0,5,407,EGYENI,,
79076,17_039_002,760,414,414,0,9,405,EGYENI,,
79078,17_039_003,677,360,360,0,7,353,EGYENI,,
82724,17_040_001,401,224,224,0,1,223,EGYENI,,
82726,17_041_001,193,109,109,0,1,108,EGYENI,,
79080,17_042_001,998,428,428,0,9,419,EGYENI,,
82728,17_043_001,732,428,428,0,5,423,EGYENI,,
82730,17_043_002,704,463,463,0,3,460,EGYENI,,
82732,17_044_001,125,72,72,0,2,70,EGYENI,,
82734,17_045_001,520,361,361,0,3,358,EGYENI,,
82736,17_045_002,169,90,90,0,3,87,EGYENI,,
82738,17_046_001,955,546,546,0,7,539,EGYENI,,
82740,17_046_002,277,131,131,0,0,131,EGYENI,,
79082,17_047_001,177,111,111,0,4,107,EGYENI,,
82742,17_048_001,590,408,408,0,7,401,EGYENI,,
82744,17_049_001,634,336,336,0,4,332,EGYENI,,
82746,17_050_001,276,160,160,0,6,154,EGYENI,,
79084,17_051_001,258,159,159,0,2,157,EGYENI,,
82748,17_052_001,285,130,130,0,4,126,EGYENI,,
82750,17_053_001,294,146,146,0,1,145,EGYENI,,
82752,17_054_001,986,426,426,0,5,421,EGYENI,,
82754,17_055_001,271,141,141,0,3,138,EGYENI,,
82756,17_056_001,548,230,230,0,2,228,EGYENI,,
82758,17_056_002,549,251,251,0,4,247,EGYENI,,
82960,17_056_003,93,47,47,0,2,45,EGYENI,,
82962,17_057_001,991,494,495,1,19,476,EGYENI,,
82964,17_058_001,135,86,86,0,2,84,EGYENI,,
82966,17_059_001,477,277,277,0,4,273,EGYENI,,
79086,17_060_001,497,294,293,-1,2,291,EGYENI,,
79088,17_060_002,656,433,433,0,5,428,EGYENI,,
79292,17_060_003,454,268,268,0,9,259,EGYENI,,
79294,17_061_001,924,379,379,0,3,376,EGYENI,,
81664,17_062_001,230,122,122,0,0,122,EGYENI,,
81666,17_062_002,328,189,189,0,2,187,EGYENI,,
81668,17_062_003,97,47,47,0,1,46,EGYENI,,
79296,17_063_001,263,173,173,0,5,168,EGYENI,,
82968,17_064_001,507,281,280,-1,1,279,EGYENI,,
82970,17_064_002,97,53,53,0,1,52,EGYENI,,
82972,17_065_001,283,174,174,0,3,171,EGYENI,,
82974,17_066_001,315,203,203,0,1,202,EGYENI,,
82976,17_067_001,348,173,173,0,2,171,EGYENI,,
82978,17_068_001,62,39,39,0,1,38,EGYENI,,
79298,17_069_001,668,355,355,0,2,353,EGYENI,,
79300,17_069_002,706,362,362,0,4,358,EGYENI,,
79302,17_069_003,785,347,347,0,7,340,EGYENI,,
82980,17_070_001,64,30,30,0,0,30,EGYENI,,
79026,17_070_002,838,449,449,0,13,436,EGYENI,,
82984,17_071_001,917,550,548,-2,7,541,EGYENI,,
82982,17_071_002,1039,642,642,0,12,630,EGYENI,,
79304,17_072_001,358,211,211,0,3,208,EGYENI,,
79306,17_073_001,704,346,345,-1,3,342,EGYENI,,
82986,17_074_001,140,94,94,0,0,94,EGYENI,,
82988,17_075_001,467,256,252,-4,9,243,EGYENI,,
79308,17_076_001,715,417,417,0,3,414,EGYENI,,
79602,17_076_002,698,395,395,0,6,389,EGYENI,,
79310,17_077_001,671,383,383,0,6,377,EGYENI,,
79312,17_077_002,632,329,329,0,2,327,EGYENI,,
81670,17_078_001,815,506,506,0,3,503,EGYENI,,
81672,17_078_002,616,289,288,-1,2,286,EGYENI,,
81674,17_078_003,606,290,290,0,2,288,EGYENI,,
79314,17_079_001,898,647,647,0,5,642,EGYENI,,
79316,17_079_002,1065,692,690,-2,7,683,EGYENI,,
79318,17_079_003,956,698,697,-1,4,693,EGYENI,,
79320,17_079_004,1086,749,749,0,9,740,EGYENI,,
79322,17_079_005,994,707,707,0,8,699,EGYENI,,
79324,17_079_006,1003,691,689,-2,8,681,EGYENI,,
79326,17_079_007,1131,748,748,0,5,743,EGYENI,,
79328,17_079_008,1081,784,784,0,6,778,EGYENI,,
79330,17_079_009,1019,658,658,0,4,654,EGYENI,,
79332,17_079_010,1057,593,593,0,2,591,EGYENI,,
79334,17_079_011,1020,689,685,-4,8,677,EGYENI,,
79336,17_079_012,980,621,621,0,3,618,EGYENI,,
79338,17_079_013,999,691,689,-2,4,685,EGYENI,,
79340,17_079_014,952,564,564,0,2,562,EGYENI,,
79342,17_079_015,988,542,542,0,6,536,EGYENI,,
79344,17_079_016,1165,950,949,-1,5,944,EGYENI,,
79346,17_079_017,297,154,154,0,3,151,EGYENI,,
79348,17_080_001,664,295,295,0,9,286,EGYENI,,
79350,17_080_002,449,204,204,0,6,198,EGYENI,,
79352,17_080_003,86,46,46,0,0,46,EGYENI,,
79354,17_081_001,1090,640,640,0,14,626,EGYENI,,
79600,17_081_002,802,466,466,0,6,460,EGYENI,,
81676,17_082_001,469,279,279,0,6,273,EGYENI,,
79356,17_083_001,816,355,355,0,5,350,EGYENI,,
79560,17_084_001,496,278,278,0,8,270,EGYENI,,
79562,17_084_002,431,265,265,0,0,265,EGYENI,,
81678,17_085_001,534,240,240,0,5,235,EGYENI,,
79564,17_086_001,613,312,312,0,2,310,EGYENI,,
79566,17_086_002,220,115,115,0,5,110,EGYENI,,
79604,17_086_003,72,43,43,0,1,42,EGYENI,,
79568,17_087_001,1133,530,530,0,6,524,EGYENI,,
79570,17_087_002,1186,621,621,0,8,613,EGYENI,,
79572,17_087_003,1181,678,676,-2,9,667,EGYENI,,
81680,17_088_001,534,365,365,0,6,359,EGYENI,,
81682,17_088_002,541,355,355,0,6,349,EGYENI,,
82990,17_089_001,208,117,117,0,2,115,EGYENI,,
82992,17_090_001,621,407,407,0,4,403,EGYENI,,
82994,17_090_002,482,244,244,0,0,244,EGYENI,,
82996,17_091_001,759,332,332,0,7,325,EGYENI,,
82998,17_092_001,501,329,329,0,4,325,EGYENI,,
79574,17_093_001,198,138,138,0,4,134,EGYENI,,
81684,17_094_001,611,337,337,0,7,330,EGYENI,,
81686,17_094_002,659,357,357,0,9,348,EGYENI,,
81688,17_094_003,644,303,303,0,6,297,EGYENI,,
81690,17_095_001,1006,588,588,0,6,582,EGYENI,,
81692,17_095_002,743,514,513,-1,10,503,EGYENI,,
81694,17_095_003,793,441,440,-1,6,434,EGYENI,,
81696,17_095_004,591,378,376,-2,5,371,EGYENI,,
81898,17_095_005,1520,1150,1145,-5,11,1134,EGYENI,,
81900,17_095_006,603,408,408,0,1,407,EGYENI,,
81902,17_095_007,628,407,407,0,1,406,EGYENI,,
81904,17_095_008,681,487,487,0,6,481,EGYENI,,
81906,17_095_009,736,525,525,0,6,519,EGYENI,,
81908,17_095_010,799,531,530,-1,5,525,EGYENI,,
81910,17_095_011,1067,693,692,-1,8,684,EGYENI,,
81912,17_095_012,755,538,530,-8,7,523,EGYENI,,
81914,17_095_013,551,348,348,0,2,346,EGYENI,,
81916,17_095_014,516,333,333,0,2,331,EGYENI,,
81918,17_095_015,595,404,404,0,2,402,EGYENI,,
81920,17_095_016,529,356,356,0,2,354,EGYENI,,
81922,17_095_017,617,389,388,-1,3,385,EGYENI,,
81924,17_095_018,632,431,430,-1,1,429,EGYENI,,
81926,17_095_019,662,405,405,0,0,405,EGYENI,,
81928,17_095_020,788,501,501,0,2,499,EGYENI,,
81930,17_095_021,593,471,471,0,8,463,EGYENI,,
81932,17_095_022,565,407,406,-1,2,404,EGYENI,,
81934,17_095_023,631,410,408,-2,1,407,EGYENI,,
81936,17_095_024,573,389,390,1,8,382,EGYENI,,
81938,17_095_025,601,431,431,0,4,427,EGYENI,,
81940,17_095_026,690,464,464,0,5,459,EGYENI,,
81942,17_095_027,686,440,440,0,1,439,EGYENI,,
81944,17_095_028,648,410,410,0,3,407,EGYENI,,
81946,17_095_029,679,374,373,-1,6,367,EGYENI,,
81948,17_095_030,840,493,491,-2,6,485,EGYENI,,
81950,17_095_031,663,466,466,0,3,463,EGYENI,,
81952,17_095_032,747,436,436,0,1,435,EGYENI,,
81954,17_095_033,723,484,485,1,10,475,EGYENI,,
81956,17_095_034,820,559,559,0,4,555,EGYENI,,
81958,17_095_035,716,452,452,0,6,446,EGYENI,,
82158,17_095_036,845,612,612,0,6,606,EGYENI,,
82160,17_095_037,917,564,563,-1,4,559,EGYENI,,
82162,17_095_038,939,697,697,0,8,689,EGYENI,,
82164,17_095_039,975,626,626,0,10,616,EGYENI,,
79576,17_096_001,265,126,125,-1,0,125,EGYENI,,
79578,17_096_002,910,542,542,0,6,536,EGYENI,,
79580,17_096_003,976,545,545,0,7,538,EGYENI,,
79582,17_096_004,891,527,527,0,7,520,EGYENI,,
79584,17_096_005,1070,634,634,0,10,624,EGYENI,,
79586,17_096_006,878,568,569,1,17,552,EGYENI,,
79588,17_096_007,314,115,115,0,2,113,EGYENI,,
79590,17_096_008,998,704,704,0,7,697,EGYENI,,
79592,17_096_009,612,293,293,0,4,289,EGYENI,,
82166,17_097_001,698,385,385,0,2,383,EGYENI,,
82168,17_097_002,282,159,159,0,6,153,EGYENI,,
82170,17_097_003,238,81,81,0,1,80,EGYENI,,
82172,17_097_004,645,317,317,0,8,309,EGYENI,,
83000,17_098_001,600,318,318,0,4,314,EGYENI,,
83002,17_098_002,581,332,332,0,3,329,EGYENI,,
82174,17_099_001,1146,615,615,0,6,609,EGYENI,,
82176,17_099_002,792,458,459,1,9,450,EGYENI,,
82178,17_099_003,623,360,362,2,19,343,EGYENI,,
82180,17_099_004,961,539,537,-2,3,534,EGYENI,,
82182,17_099_005,678,404,404,0,1,403,EGYENI,,
82184,17_099_006,644,385,387,2,22,365,EGYENI,,
82186,17_099_007,780,421,420,-1,4,416,EGYENI,,
82188,17_099_008,614,363,363,0,1,362,EGYENI,,
82190,17_099_009,798,491,491,0,3,488,EGYENI,,
82192,17_099_010,655,411,409,-2,3,406,EGYENI,,
82196,17_099_011,639,401,401,0,4,397,EGYENI,,
82198,17_099_012,619,328,328,0,4,324,EGYENI,,
82200,17_099_013,624,354,354,0,3,351,EGYENI,,
79594,17_100_001,878,451,451,0,4,447,EGYENI,,
79596,17_101_001,284,146,146,0,2,144,EGYENI,,
83004,17_102_001,237,160,160,0,5,155,EGYENI,,
83006,17_103_001,307,169,169,0,3,166,EGYENI,,
83008,17_104_001,703,343,343,0,4,339,EGYENI,,
82194,17_105_001,1034,663,663,0,8,655,EGYENI,,
83010,17_106_001,132,77,77,0,0,77,EGYENI,,
83012,17_107_001,238,162,162,0,3,159,EGYENI,,
83014,17_108_001,648,434,434,0,8,426,EGYENI,,
83016,17_108_002,516,308,307,-1,3,304,EGYENI,,
83018,17_108_003,517,316,316,0,5,311,EGYENI,,
83020,17_108_004,95,54,54,0,1,53,EGYENI,,
79598,17_109_001,509,266,266,0,5,261,EGYENI,,
80368,18_001_001,479,280,280,0,7,273,EGYENI,,
81222,18_002_001,309,178,178,0,2,176,EGYENI,,
81224,18_003_001,484,300,300,0,6,294,EGYENI,,
81226,18_004_001,200,117,117,0,0,117,EGYENI,,
81228,18_005_001,334,209,209,0,3,206,EGYENI,,
81230,18_006_001,425,318,318,0,4,314,EGYENI,,
79606,18_007_001,964,600,600,0,3,597,EGYENI,,
81430,18_008_001,386,231,231,0,5,226,EGYENI,,
81432,18_009_001,403,202,202,0,4,198,EGYENI,,
81434,18_010_001,688,469,468,-1,8,460,EGYENI,,
81436,18_011_001,107,59,59,0,0,59,EGYENI,,
80370,18_012_001,296,215,215,0,1,214,EGYENI,,
80372,18_013_001,262,152,152,0,1,151,EGYENI,,
80374,18_014_001,314,230,230,0,2,228,EGYENI,,
81438,18_015_001,257,148,148,0,2,146,EGYENI,,
80376,18_016_001,513,369,369,0,5,364,EGYENI,,
79608,18_017_001,478,322,322,0,0,322,EGYENI,,
80378,18_018_001,864,449,449,0,4,445,EGYENI,,
80380,18_018_002,812,454,454,0,5,449,EGYENI,,
80382,18_018_003,942,604,604,0,3,601,EGYENI,,
80384,18_019_001,217,159,159,0,2,157,EGYENI,,
80386,18_020_001,1120,692,692,0,3,689,EGYENI,,
80388,18_020_002,1080,784,782,-2,1,781,EGYENI,,
80390,18_020_003,1075,705,705,0,3,702,EGYENI,,
80392,18_020_004,1111,751,751,0,13,738,EGYENI,,
80394,18_020_005,1074,714,714,0,3,711,EGYENI,,
80396,18_020_006,1097,676,676,0,9,667,EGYENI,,
80398,18_020_007,963,501,501,0,2,499,EGYENI,,
80400,18_020_008,1213,730,730,0,4,726,EGYENI,,
80402,18_020_009,293,180,180,0,2,178,EGYENI,,
80404,18_021_001,155,113,113,0,3,110,EGYENI,,
81440,18_022_001,534,301,301,0,6,295,EGYENI,,
81442,18_022_002,703,428,428,0,7,421,EGYENI,,
80406,18_023_001,302,219,219,0,0,219,EGYENI,,
81444,18_024_001,205,134,134,0,1,133,EGYENI,,
81446,18_025_001,290,171,171,0,1,170,EGYENI,,
81448,18_026_001,250,173,173,0,4,169,EGYENI,,
80408,18_027_001,993,552,552,0,6,546,EGYENI,,
80410,18_027_002,868,513,513,0,4,509,EGYENI,,
80412,18_027_003,738,455,455,0,8,447,EGYENI,,
80414,18_028_001,521,312,311,-1,2,309,EGYENI,,
81450,18_029_001,292,193,193,0,2,191,EGYENI,,
80416,18_030_001,323,190,190,0,2,188,EGYENI,,
81452,18_031_001,714,374,373,-1,4,369,EGYENI,,
81454,18_032_001,83,56,56,0,1,55,EGYENI,,
79610,18_033_001,171,130,130,0,2,128,EGYENI,,
81456,18_034_001,128,81,81,0,3,78,EGYENI,,
81458,18_035_001,77,57,57,0,0,57,EGYENI,,
81460,18_036_001,222,110,110,0,4,106,EGYENI,,
81462,18_037_001,301,159,159,0,0,159,EGYENI,,
81464,18_038_001,299,157,157,0,0,157,EGYENI,,
81466,18_039_001,477,273,273,0,4,269,EGYENI,,
81468,18_040_001,1054,691,691,0,6,685,EGYENI,,
79612,18_041_001,378,219,219,0,0,219,EGYENI,,
81470,18_042_001,169,133,133,0,3,130,EGYENI,,
81472,18_043_001,210,148,148,0,0,148,EGYENI,,
81474,18_044_001,479,292,292,0,2,290,EGYENI,,
81476,18_045_001,364,225,225,0,4,221,EGYENI,,
80418,18_046_001,1062,738,738,0,8,730,EGYENI,,
80624,18_046_002,1102,737,737,0,6,731,EGYENI,,
81478,18_047_001,549,329,329,0,7,322,EGYENI,,
81480,18_048_001,920,479,479,0,5,474,EGYENI,,
80626,18_049_001,228,145,145,0,0,145,EGYENI,,
81482,18_050_001,122,79,79,0,1,78,EGYENI,,
80628,18_051_001,885,577,577,0,4,573,EGYENI,,
81484,18_052_001,531,290,290,0,3,287,EGYENI,,
81486,18_053_001,82,53,53,0,0,53,EGYENI,,
81488,18_054_001,228,158,158,0,1,157,EGYENI,,
81490,18_055_001,124,94,94,0,1,93,EGYENI,,
80630,18_056_001,635,364,364,0,4,360,EGYENI,,
81492,18_057_001,142,99,99,0,1,98,EGYENI,,
81494,18_058_001,121,87,87,0,2,85,EGYENI,,
81496,18_059_001,240,158,157,-1,3,154,EGYENI,,
81698,18_060_001,55,46,46,0,0,46,EGYENI,,
81700,18_061_001,121,81,81,0,0,81,EGYENI,,
79614,18_062_001,157,125,125,0,0,125,EGYENI,,
80632,18_063_001,657,422,422,0,2,420,EGYENI,,
81702,18_064_001,597,319,319,0,3,316,EGYENI,,
81704,18_065_001,769,475,475,0,3,472,EGYENI,,
81706,18_065_002,669,395,395,0,5,390,EGYENI,,
80634,18_066_001,34,27,27,0,0,27,EGYENI,,
81708,18_067_001,87,70,70,0,1,69,EGYENI,,
81710,18_068_001,411,234,234,0,2,232,EGYENI,,
81712,18_069_001,1081,587,587,0,5,582,EGYENI,,
81714,18_069_002,939,518,517,-1,3,514,EGYENI,,
80636,18_070_001,448,251,250,-1,8,242,EGYENI,,
81716,18_071_001,714,378,378,0,3,375,EGYENI,,
81718,18_071_002,634,331,331,0,2,329,EGYENI,,
81720,18_071_003,742,412,412,0,6,406,EGYENI,,
81722,18_072_001,170,100,100,0,2,98,EGYENI,,
81724,18_073_001,294,212,212,0,2,210,EGYENI,,
81726,18_074_001,907,507,506,-1,7,499,EGYENI,,
81728,18_075_001,362,228,228,0,1,227,EGYENI,,
81730,18_076_001,72,35,35,0,1,34,EGYENI,,
81732,18_077_001,76,46,46,0,0,46,EGYENI,,
80638,18_078_001,741,416,416,0,10,406,EGYENI,,
80640,18_079_001,438,259,259,0,1,258,EGYENI,,
81734,18_080_001,347,189,189,0,5,184,EGYENI,,
80642,18_081_001,491,294,294,0,2,292,EGYENI,,
80644,18_082_001,167,105,105,0,1,104,EGYENI,,
81736,18_083_001,186,128,128,0,0,128,EGYENI,,
81738,18_084_001,225,136,136,0,5,131,EGYENI,,
80646,18_085_001,735,471,470,-1,2,468,EGYENI,,
81740,18_086_001,188,130,130,0,1,129,EGYENI,,
81742,18_087_001,68,47,47,0,1,46,EGYENI,,
81744,18_088_001,108,73,72,-1,2,70,EGYENI,,
81746,18_089_001,181,119,119,0,1,118,EGYENI,,
81748,18_090_001,193,110,110,0,1,109,EGYENI,,
81750,18_091_001,363,245,245,0,2,243,EGYENI,,
80648,18_092_001,75,47,47,0,3,44,EGYENI,,
81752,18_093_001,463,292,289,-3,2,287,EGYENI,,
81754,18_094_001,220,134,134,0,0,134,EGYENI,,
81756,18_095_001,960,587,587,0,4,583,EGYENI,,
81758,18_095_002,1096,680,680,0,8,672,EGYENI,,
81760,18_095_003,1201,741,741,0,6,735,EGYENI,,
81762,18_095_004,1276,857,854,-3,6,848,EGYENI,,
81764,18_095_005,1302,796,795,-1,5,790,EGYENI,,
81960,18_095_006,1224,871,870,-1,5,865,EGYENI,,
81962,18_095_007,1147,732,732,0,9,723,EGYENI,,
81964,18_095_008,362,214,214,0,1,213,EGYENI,,
81966,18_095_009,747,526,526,0,5,521,EGYENI,,
81968,18_095_010,1085,984,982,-2,11,971,EGYENI,,
80650,18_096_001,1110,677,676,-1,6,670,EGYENI,,
80652,18_096_002,1144,706,704,-2,7,697,EGYENI,,
80654,18_096_003,1128,653,652,-1,4,648,EGYENI,,
80656,18_096_004,1129,669,668,-1,10,658,EGYENI,,
80658,18_096_005,1194,742,741,-1,11,730,EGYENI,,
80660,18_096_006,1247,823,820,-3,15,805,EGYENI,,
80662,18_096_007,1126,666,665,-1,4,661,EGYENI,,
80664,18_096_008,607,390,390,0,1,389,EGYENI,,
81220,18_096_009,419,316,316,0,3,313,EGYENI,,
80666,18_097_001,206,144,144,0,2,142,EGYENI,,
80668,18_098_001,170,113,113,0,1,112,EGYENI,,
80670,18_099_001,399,272,272,0,4,268,EGYENI,,
80672,18_100_001,99,66,66,0,2,64,EGYENI,,
80674,18_101_001,876,579,579,0,2,577,EGYENI,,
81970,18_102_001,623,397,397,0,7,390,EGYENI,,
81972,18_103_001,178,145,145,0,1,144,EGYENI,,
81974,18_104_001,383,248,248,0,4,244,EGYENI,,
81976,18_105_001,214,154,153,-1,3,150,EGYENI,,
81978,18_106_001,540,295,295,0,1,294,EGYENI,,
81980,18_107_001,249,156,156,0,1,155,EGYENI,,
80676,18_108_001,491,345,345,0,3,342,EGYENI,,
80678,18_109_001,136,89,89,0,0,89,EGYENI,,
80680,18_110_001,205,127,127,0,2,125,EGYENI,,
80682,18_111_001,174,144,144,0,4,140,EGYENI,,
81982,18_112_001,277,150,150,0,2,148,EGYENI,,
81984,18_113_001,340,240,240,0,2,238,EGYENI,,
80684,18_114_001,249,148,148,0,5,143,EGYENI,,
81986,18_115_001,115,66,66,0,2,64,EGYENI,,
81988,18_116_001,102,82,82,0,0,82,EGYENI,,
81990,18_117_001,234,153,153,0,3,150,EGYENI,,
80686,18_118_001,821,500,500,0,8,492,EGYENI,,
81992,18_119_001,105,50,50,0,0,50,EGYENI,,
79616,18_120_001,402,284,284,0,1,283,EGYENI,,
81994,18_121_001,1075,680,680,0,1,679,EGYENI,,
79618,18_122_001,1000,623,623,0,2,621,EGYENI,,
80688,18_123_001,535,323,323,0,8,315,EGYENI,,
80690,18_124_001,251,151,151,0,2,149,EGYENI,,
81996,18_125_001,239,146,146,0,2,144,EGYENI,,
81998,18_126_001,268,194,194,0,2,192,EGYENI,,
82000,18_127_001,298,184,184,0,2,182,EGYENI,,
80896,18_128_001,108,71,71,0,3,68,EGYENI,,
82002,18_129_001,16,9,9,0,0,9,EGYENI,,
82004,18_130_001,231,124,124,0,0,124,EGYENI,,
80898,18_131_001,446,290,290,0,1,289,EGYENI,,
82006,18_132_001,259,159,159,0,0,159,EGYENI,,
82008,18_133_001,307,164,164,0,1,163,EGYENI,,
82010,18_134_001,64,40,40,0,0,40,EGYENI,,
80900,18_135_001,681,400,400,0,5,395,EGYENI,,
82012,18_136_001,536,291,291,0,2,289,EGYENI,,
80902,18_137_001,80,60,60,0,3,57,EGYENI,,
80904,18_138_001,622,329,328,-1,2,326,EGYENI,,
82014,18_139_001,189,143,143,0,0,143,EGYENI,,
82016,18_140_001,966,655,655,0,4,651,EGYENI,,
82018,18_141_001,364,221,221,0,1,220,EGYENI,,
82020,18_142_001,241,161,161,0,1,160,EGYENI,,
80906,18_143_001,262,196,196,0,3,193,EGYENI,,
82022,18_144_001,665,396,396,0,9,387,EGYENI,,
80908,18_145_001,569,370,370,0,2,368,EGYENI,,
80910,18_146_001,442,289,289,0,2,287,EGYENI,,
82024,18_147_001,183,119,119,0,0,119,EGYENI,,
82026,18_148_001,133,92,92,0,1,91,EGYENI,,
79620,18_149_001,296,202,202,0,2,200,EGYENI,,
80912,18_150_001,115,66,66,0,3,63,EGYENI,,
80914,18_151_001,239,163,163,0,0,163,EGYENI,,
80916,18_152_001,123,84,84,0,1,83,EGYENI,,
82224,18_153_001,722,466,466,0,8,458,EGYENI,,
82226,18_154_001,643,428,428,0,2,426,EGYENI,,
82228,18_155_001,812,448,448,0,3,445,EGYENI,,
80918,18_156_001,708,384,384,0,5,379,EGYENI,,
80920,18_156_002,649,348,348,0,1,347,EGYENI,,
82230,18_157_001,196,136,136,0,0,136,EGYENI,,
82232,18_158_001,226,158,158,0,3,155,EGYENI,,
82234,18_159_001,205,119,119,0,1,118,EGYENI,,
80922,18_160_001,669,444,444,0,6,438,EGYENI,,
80924,18_160_002,871,596,596,0,2,594,EGYENI,,
80926,18_160_003,726,482,481,-1,1,480,EGYENI,,
80928,18_161_001,86,64,64,0,3,61,EGYENI,,
82236,18_162_001,355,195,195,0,0,195,EGYENI,,
82238,18_163_001,900,513,513,0,3,510,EGYENI,,
80930,18_164_001,231,149,149,0,2,147,EGYENI,,
80932,18_165_001,395,238,238,0,1,237,EGYENI,,
82240,18_166_001,83,57,57,0,1,56,EGYENI,,
80934,18_167_001,864,547,546,-1,7,539,EGYENI,,
80936,18_167_002,558,296,296,0,1,295,EGYENI,,
80938,18_167_003,643,400,400,0,4,396,EGYENI,,
80940,18_167_004,697,381,381,0,3,378,EGYENI,,
80942,18_167_005,1046,925,923,-2,6,917,EGYENI,,
80944,18_167_006,673,438,438,0,7,431,EGYENI,,
80946,18_167_007,676,421,421,0,6,415,EGYENI,,
80948,18_167_008,848,527,527,0,5,522,EGYENI,,
80950,18_167_009,745,476,476,0,2,474,EGYENI,,
80952,18_167_010,920,635,633,-2,6,627,EGYENI,,
80954,18_167_011,677,391,391,0,5,386,EGYENI,,
80956,18_167_012,791,492,493,1,13,480,EGYENI,,
80958,18_167_013,787,497,497,0,5,492,EGYENI,,
80960,18_167_014,765,469,469,0,4,465,EGYENI,,
81164,18_167_015,900,494,494,0,2,492,EGYENI,,
81166,18_167_016,1138,704,704,0,4,700,EGYENI,,
81168,18_167_017,441,270,270,0,2,268,EGYENI,,
81170,18_167_018,119,63,63,0,2,61,EGYENI,,
79622,18_168_001,1090,690,689,-1,4,685,EGYENI,,
81172,18_169_001,457,290,290,0,1,289,EGYENI,,
81174,18_170_001,570,322,322,0,2,320,EGYENI,,
82242,18_171_001,318,186,186,0,3,183,EGYENI,,
82244,18_171_002,121,73,73,0,1,72,EGYENI,,
82246,18_171_003,87,54,54,0,0,54,EGYENI,,
82248,18_172_001,216,138,138,0,5,133,EGYENI,,
82250,18_173_001,669,415,415,0,5,410,EGYENI,,
82252,18_174_001,519,321,321,0,6,315,EGYENI,,
81176,18_175_001,673,448,448,0,2,446,EGYENI,,
82254,18_176_001,44,38,38,0,0,38,EGYENI,,
82256,18_177_001,287,208,208,0,3,205,EGYENI,,
82258,18_178_001,183,129,129,0,0,129,EGYENI,,
82260,18_179_001,182,135,135,0,0,135,EGYENI,,
82262,18_180_001,74,60,59,-1,0,59,EGYENI,,
81178,18_181_001,553,316,316,0,3,313,EGYENI,,
82264,18_182_001,257,138,138,0,3,135,EGYENI,,
82266,18_183_001,751,426,425,-1,6,419,EGYENI,,
82268,18_183_002,586,328,328,0,4,324,EGYENI,,
82270,18_183_003,688,399,399,0,7,392,EGYENI,,
82272,18_183_004,684,427,425,-2,4,421,EGYENI,,
82274,18_183_005,691,475,475,0,6,469,EGYENI,,
82276,18_183_006,656,412,412,0,3,409,EGYENI,,
82278,18_183_007,657,462,462,0,9,453,EGYENI,,
82280,18_183_008,373,221,221,0,2,219,EGYENI,,
82282,18_183_009,689,480,480,0,8,472,EGYENI,,
82284,18_183_010,216,139,139,0,0,139,EGYENI,,
82286,18_183_011,323,212,212,0,2,210,EGYENI,,
82288,18_183_012,283,182,182,0,4,178,EGYENI,,
82290,18_183_013,64,45,45,0,1,44,EGYENI,,
82490,18_184_001,820,576,575,-1,4,571,EGYENI,,
81180,18_185_001,284,177,177,0,0,177,EGYENI,,
79624,18_186_001,862,640,640,0,6,634,EGYENI,,
79824,18_186_002,862,639,639,0,6,633,EGYENI,,
79826,18_186_003,948,704,704,0,3,701,EGYENI,,
79828,18_186_004,885,665,665,0,1,664,EGYENI,,
79830,18_186_005,859,639,639,0,6,633,EGYENI,,
79832,18_186_006,1068,715,714,-1,8,706,EGYENI,,
79834,18_186_007,1087,773,772,-1,0,772,EGYENI,,
79836,18_186_008,881,539,539,0,7,532,EGYENI,,
79838,18_186_009,704,429,429,0,2,427,EGYENI,,
79840,18_186_010,722,397,397,0,2,395,EGYENI,,
79842,18_186_011,887,570,569,-1,2,567,EGYENI,,
79844,18_186_012,957,632,632,0,4,628,EGYENI,,
79846,18_186_013,887,545,545,0,2,543,EGYENI,,
79848,18_186_014,926,546,546,0,1,545,EGYENI,,
79850,18_186_015,949,554,554,0,4,550,EGYENI,,
79852,18_186_016,871,555,555,0,7,548,EGYENI,,
79854,18_186_017,862,540,539,-1,5,534,EGYENI,,
79856,18_186_018,949,582,580,-2,4,576,EGYENI,,
79858,18_186_019,937,583,583,0,3,580,EGYENI,,
79860,18_186_020,927,578,576,-2,3,573,EGYENI,,
79862,18_186_021,939,555,555,0,6,549,EGYENI,,
79864,18_186_022,905,523,522,-1,5,517,EGYENI,,
79866,18_186_023,932,572,572,0,3,569,EGYENI,,
79868,18_186_024,842,517,517,0,7,510,EGYENI,,
79870,18_186_025,855,520,520,0,1,519,EGYENI,,
79872,18_186_026,1042,670,670,0,3,667,EGYENI,,
79874,18_186_027,881,605,604,-1,4,600,EGYENI,,
79876,18_186_028,692,408,408,0,2,406,EGYENI,,
79878,18_186_029,839,603,603,0,7,596,EGYENI,,
79880,18_186_030,1023,715,712,-3,4,708,EGYENI,,
79882,18_186_031,754,452,451,-1,4,447,EGYENI,,
79884,18_186_032,777,475,475,0,7,468,EGYENI,,
79886,18_186_033,1016,598,596,-2,5,591,EGYENI,,
79888,18_186_034,949,590,590,0,9,581,EGYENI,,
80092,18_186_035,984,679,679,0,5,674,EGYENI,,
80094,18_186_036,1003,625,623,-2,8,615,EGYENI,,
80096,18_186_037,716,512,512,0,6,506,EGYENI,,
80098,18_186_038,1096,688,688,0,10,678,EGYENI,,
80100,18_186_039,972,570,569,-1,10,559,EGYENI,,
80102,18_186_040,794,445,445,0,6,439,EGYENI,,
80104,18_186_041,914,529,527,-2,5,522,EGYENI,,
80106,18_186_042,901,550,550,0,4,546,EGYENI,,
80108,18_186_043,925,614,614,0,2,612,EGYENI,,
80110,18_186_044,973,619,618,-1,7,611,EGYENI,,
80112,18_186_045,934,652,650,-2,3,647,EGYENI,,
80114,18_186_046,798,524,524,0,2,522,EGYENI,,
80116,18_186_047,1084,724,724,0,9,715,EGYENI,,
80118,18_186_048,928,639,639,0,4,635,EGYENI,,
80120,18_186_049,933,506,506,0,8,498,EGYENI,,
80122,18_186_050,715,397,395,-2,2,393,EGYENI,,
80124,18_186_051,1122,735,735,0,7,728,EGYENI,,
80126,18_186_052,1294,959,959,0,4,955,EGYENI,,
80128,18_186_053,982,695,695,0,4,691,EGYENI,,
80130,18_186_054,970,687,687,0,6,681,EGYENI,,
80132,18_186_055,1063,766,765,-1,3,762,EGYENI,,
80134,18_186_056,917,570,570,0,6,564,EGYENI,,
80136,18_186_057,733,482,482,0,6,476,EGYENI,,
80138,18_186_058,626,405,405,0,9,396,EGYENI,,
80140,18_186_059,1667,1386,1385,-1,11,1374,EGYENI,,
80142,18_186_060,741,468,467,-1,10,457,EGYENI,,
80144,18_186_061,1014,729,729,0,3,726,EGYENI,,
80146,18_186_062,962,594,594,0,8,586,EGYENI,,
80148,18_186_063,838,572,572,0,0,572,EGYENI,,
80150,18_186_064,1022,630,630,0,2,628,EGYENI,,
80152,18_186_065,621,432,432,0,6,426,EGYENI,,
80154,18_186_066,1127,775,775,0,3,772,EGYENI,,
80354,18_186_067,1039,708,708,0,3,705,EGYENI,,
80356,18_186_068,1057,724,724,0,13,711,EGYENI,,
80358,18_186_069,642,467,467,0,4,463,EGYENI,,
80366,18_186_070,595,406,406,0,1,405,EGYENI,,
82492,18_187_001,286,179,179,0,2,177,EGYENI,,
82494,18_188_001,599,409,409,0,5,404,EGYENI,,
82496,18_189_001,1067,642,642,0,5,637,EGYENI,,
82498,18_189_002,995,597,597,0,3,594,EGYENI,,
82500,18_190_001,413,240,240,0,2,238,EGYENI,,
81182,18_191_001,277,188,187,-1,2,185,EGYENI,,
81184,18_192_001,265,172,172,0,3,169,EGYENI,,
81186,18_193_001,280,145,145,0,3,142,EGYENI,,
80360,18_194_001,783,473,473,0,5,468,EGYENI,,
80362,18_194_002,733,295,295,0,5,290,EGYENI,,
81188,18_195_001,234,154,154,0,5,149,EGYENI,,
81190,18_196_001,399,198,198,0,4,194,EGYENI,,
81192,18_196_002,319,170,170,0,3,167,EGYENI,,
82502,18_197_001,273,185,185,0,1,184,EGYENI,,
81194,18_198_001,313,223,223,0,3,220,EGYENI,,
81196,18_199_001,327,223,223,0,1,222,EGYENI,,
82504,18_200_001,324,226,226,0,2,224,EGYENI,,
80364,18_201_001,282,201,201,0,6,195,EGYENI,,
81198,18_202_001,679,396,396,0,2,394,EGYENI,,
82506,18_203_001,294,200,200,0,4,196,EGYENI,,
82508,18_204_001,464,300,300,0,3,297,EGYENI,,
82510,18_204_002,648,417,417,0,1,416,EGYENI,,
81200,18_205_001,339,201,201,0,1,200,EGYENI,,
82512,18_206_001,682,445,445,0,5,440,EGYENI,,
82514,18_206_002,693,424,424,0,4,420,EGYENI,,
82516,18_206_003,697,395,395,0,2,393,EGYENI,,
82518,18_206_004,733,465,465,0,4,461,EGYENI,,
82520,18_206_005,743,465,465,0,4,461,EGYENI,,
82522,18_206_006,89,62,62,0,2,60,EGYENI,,
82524,18_206_007,54,42,42,0,1,41,EGYENI,,
81202,18_207_001,273,194,194,0,1,193,EGYENI,,
82526,18_208_001,284,201,201,0,0,201,EGYENI,,
81204,18_209_001,564,319,319,0,7,312,EGYENI,,
81206,18_210_001,272,202,202,0,4,198,EGYENI,,
82528,18_211_001,65,51,51,0,2,49,EGYENI,,
81208,18_212_001,765,338,338,0,5,333,EGYENI,,
81210,18_212_002,668,363,363,0,1,362,EGYENI,,
81212,18_212_003,719,443,443,0,5,438,EGYENI,,
81214,18_212_004,625,376,376,0,2,374,EGYENI,,
82530,18_213_001,231,154,154,0,3,151,EGYENI,,
81216,18_214_001,621,395,395,0,3,392,EGYENI,,
82532,18_215_001,84,68,68,0,0,68,EGYENI,,
81218,18_216_001,159,91,91,0,0,91,EGYENI,,
82090,19_001_001,716,390,390,0,7,383,EGYENI,,
82092,19_002_001,311,163,163,0,1,162,EGYENI,,
79656,19_003_001,995,586,585,-1,5,580,EGYENI,,
79658,19_003_002,907,583,583,0,5,578,EGYENI,,
79660,19_003_003,772,525,525,0,3,522,EGYENI,,
79662,19_003_004,1117,765,765,0,5,760,EGYENI,,
79664,19_003_005,830,494,494,0,12,482,EGYENI,,
79666,19_003_006,903,516,515,-1,6,509,EGYENI,,
79668,19_003_007,707,419,419,0,4,415,EGYENI,,
79670,19_003_008,937,587,587,0,1,586,EGYENI,,
79672,19_003_009,1017,551,551,0,7,544,EGYENI,,
79674,19_003_010,859,514,514,0,4,510,EGYENI,,
79676,19_003_011,818,534,534,0,7,527,EGYENI,,
79678,19_003_012,1114,612,612,0,2,610,EGYENI,,
79680,19_003_013,713,430,430,0,1,429,EGYENI,,
79682,19_003_014,1021,593,593,0,4,589,EGYENI,,
79684,19_003_015,798,410,410,0,1,409,EGYENI,,
79686,19_003_016,843,512,512,0,2,510,EGYENI,,
79892,19_003_017,616,381,381,0,3,378,EGYENI,,
79688,19_003_018,967,626,626,0,4,622,EGYENI,,
79690,19_003_019,879,592,592,0,2,590,EGYENI,,
79890,19_003_020,753,515,515,0,1,514,EGYENI,,
82086,19_003_021,769,457,456,-1,2,454,EGYENI,,
79894,19_003_022,997,576,574,-2,0,574,EGYENI,,
79896,19_003_023,843,491,491,0,0,491,EGYENI,,
79898,19_003_024,450,212,212,0,3,209,EGYENI,,
79900,19_003_025,841,600,599,-1,4,595,EGYENI,,
79902,19_003_026,927,669,669,0,1,668,EGYENI,,
79904,19_003_027,834,439,438,-1,3,435,EGYENI,,
79906,19_003_028,621,326,326,0,3,323,EGYENI,,
79908,19_003_029,963,506,506,0,3,503,EGYENI,,
78854,19_004_001,747,537,537,0,6,531,EGYENI,,
78856,19_004_002,617,447,447,0,6,441,EGYENI,,
82826,19_005_001,146,76,76,0,1,75,EGYENI,,
78858,19_006_001,355,265,265,0,5,260,EGYENI,,
79910,19_007_001,441,310,310,0,3,307,EGYENI,,
79912,19_008_001,684,442,442,0,4,438,EGYENI,,
79914,19_008_002,588,393,393,0,5,388,EGYENI,,
82088,19_008_003,635,363,363,0,2,361,EGYENI,,
79916,19_009_001,756,468,468,0,4,464,EGYENI,,
82828,19_010_001,1041,604,604,0,4,600,EGYENI,,
82830,19_011_001,556,382,382,0,8,374,EGYENI,,
82832,19_012_001,186,124,124,0,2,122,EGYENI,,
82534,19_013_001,823,470,470,0,4,466,EGYENI,,
82834,19_014_001,374,209,209,0,6,203,EGYENI,,
82836,19_015_001,330,193,193,0,3,190,EGYENI,,
82838,19_016_001,55,36,36,0,0,36,EGYENI,,
82840,19_017_001,187,106,106,0,1,105,EGYENI,,
82842,19_018_001,706,392,392,0,2,390,EGYENI,,
82844,19_019_001,268,187,187,0,5,182,EGYENI,,
82846,19_020_001,531,295,295,0,5,290,EGYENI,,
78860,19_021_001,559,372,372,0,4,368,EGYENI,,
78862,19_022_001,924,580,579,-1,2,577,EGYENI,,
78864,19_022_002,914,650,649,-1,6,643,EGYENI,,
78866,19_022_003,879,625,624,-1,5,619,EGYENI,,
78868,19_022_004,826,551,549,-2,5,544,EGYENI,,
78870,19_022_005,932,642,642,0,2,640,EGYENI,,
78872,19_022_006,1021,633,633,0,8,625,EGYENI,,
78874,19_022_007,1031,697,697,0,11,686,EGYENI,,
79654,19_022_008,985,674,674,0,4,670,EGYENI,,
78876,19_023_001,186,116,116,0,2,114,EGYENI,,
79918,19_024_001,881,529,529,0,4,525,EGYENI,,
78878,19_025_001,1075,576,575,-1,10,565,EGYENI,,
78880,19_026_001,3304,2604,2603,-1,20,2583,EGYENI,,
78882,19_026_002,1396,793,793,0,10,783,EGYENI,,
78884,19_026_003,1368,768,767,-1,3,764,EGYENI,,
78886,19_026_004,1432,812,811,-1,4,807,EGYENI,,
79090,19_026_005,1452,926,923,-3,7,916,EGYENI,,
79092,19_026_006,1385,877,875,-2,7,868,EGYENI,,
79094,19_026_007,1410,927,927,0,7,920,EGYENI,,
79096,19_026_008,1421,940,940,0,4,936,EGYENI,,
79098,19_027_001,771,520,520,0,5,515,EGYENI,,
79100,19_027_002,759,489,489,0,4,485,EGYENI,,
79102,19_027_003,698,461,461,0,7,454,EGYENI,,
79104,19_027_004,759,452,452,0,4,448,EGYENI,,
79106,19_027_005,696,508,508,0,4,504,EGYENI,,
79108,19_028_001,104,66,66,0,0,66,EGYENI,,
79110,19_029_001,789,525,525,0,3,522,EGYENI,,
79112,19_029_002,718,422,421,-1,4,417,EGYENI,,
79114,19_029_003,628,407,405,-2,2,403,EGYENI,,
79116,19_029_004,719,490,490,0,1,489,EGYENI,,
79920,19_030_001,115,83,83,0,1,82,EGYENI,,
79118,19_031_001,345,230,229,-1,7,222,EGYENI,,
79120,19_032_001,495,288,288,0,3,285,EGYENI,,
79122,19_033_001,287,201,201,0,2,199,EGYENI,,
79124,19_035_001,117,71,71,0,0,71,EGYENI,,
79922,19_036_001,350,185,185,0,1,184,EGYENI,,
82536,19_037_001,550,401,401,0,14,387,EGYENI,,
79126,19_038_001,830,392,392,0,4,388,EGYENI,,
79128,19_038_002,820,387,387,0,11,376,EGYENI,,
79130,19_038_003,861,389,389,0,5,384,EGYENI,,
79132,19_038_004,914,502,502,0,5,497,EGYENI,,
79134,19_038_005,633,355,355,0,7,348,EGYENI,,
79136,19_038_006,609,365,365,0,2,363,EGYENI,,
82848,19_039_001,202,141,141,0,3,138,EGYENI,,
82850,19_040_001,169,99,99,0,0,99,EGYENI,,
79924,19_041_001,87,54,54,0,0,54,EGYENI,,
82852,19_042_001,311,198,198,0,7,191,EGYENI,,
82854,19_043_001,596,366,366,0,10,356,EGYENI,,
79926,19_044_001,662,421,421,0,4,417,EGYENI,,
79928,19_044_002,673,356,356,0,5,351,EGYENI,,
79930,19_044_003,725,383,383,0,5,378,EGYENI,,
79932,19_044_004,295,72,72,0,1,71,EGYENI,,
79934,19_044_005,55,49,49,0,0,49,EGYENI,,
79138,19_045_001,688,392,392,0,5,387,EGYENI,,
82538,19_046_001,241,172,172,0,2,170,EGYENI,,
82856,19_047_001,415,254,254,0,3,251,EGYENI,,
82540,19_048_001,743,454,453,-1,4,449,EGYENI,,
82542,19_048_002,759,468,468,0,0,468,EGYENI,,
79140,19_049_001,743,503,505,2,28,477,EGYENI,,
79142,19_049_002,886,633,632,-1,2,630,EGYENI,,
82858,19_050_001,836,472,472,0,3,469,EGYENI,,
82860,19_051_001,531,284,284,0,2,282,EGYENI,,
79936,19_052_001,383,200,200,0,4,196,EGYENI,,
82862,19_053_001,296,157,157,0,1,156,EGYENI,,
82864,19_054_001,343,238,238,0,2,236,EGYENI,,
82866,19_055_001,893,488,488,0,6,482,EGYENI,,
82868,19_055_002,960,540,540,0,16,524,EGYENI,,
82870,19_055_003,903,539,539,0,8,531,EGYENI,,
82872,19_055_004,923,542,541,-1,7,534,EGYENI,,
82874,19_056_001,423,263,263,0,2,261,EGYENI,,
82876,19_057_001,205,155,155,0,2,153,EGYENI,,
79144,19_058_001,234,163,163,0,2,161,EGYENI,,
82544,19_059_001,670,340,340,0,2,338,EGYENI,,
82546,19_059_002,730,412,412,0,2,410,EGYENI,,
82878,19_060_001,195,138,138,0,0,138,EGYENI,,
82880,19_061_001,395,210,210,0,3,207,EGYENI,,
82548,19_062_001,440,294,294,0,4,290,EGYENI,,
82882,19_063_001,314,202,202,0,4,198,EGYENI,,
79146,19_064_001,1273,856,855,-1,7,848,EGYENI,,
82884,19_065_001,234,167,167,0,1,166,EGYENI,,
82886,19_066_001,345,211,211,0,1,210,EGYENI,,
82888,19_067_001,297,153,153,0,0,153,EGYENI,,
79938,19_068_001,630,322,321,-1,4,317,EGYENI,,
79940,19_069_001,284,141,141,0,1,140,EGYENI,,
79942,19_070_001,563,321,321,0,5,316,EGYENI,,
82550,19_071_001,923,517,518,1,12,506,EGYENI,,
82552,19_071_002,656,347,347,0,3,344,EGYENI,,
78852,19_071_003,815,293,293,0,4,289,EGYENI,,
79944,19_072_001,941,480,480,0,7,473,EGYENI,,
82554,19_073_001,559,360,360,0,1,359,EGYENI,,
79946,19_074_001,140,95,95,0,0,95,EGYENI,,
79948,19_075_001,223,140,140,0,0,140,EGYENI,,
82556,19_076_001,751,510,509,-1,3,506,EGYENI,,
82760,19_076_002,680,443,443,0,5,438,EGYENI,,
82762,19_076_003,670,431,431,0,4,427,EGYENI,,
78850,19_076_004,751,407,407,0,7,400,EGYENI,,
79950,19_077_001,76,49,49,0,1,48,EGYENI,,
79148,19_078_001,353,218,218,0,1,217,EGYENI,,
82890,19_079_001,593,364,364,0,3,361,EGYENI,,
79952,19_080_001,63,45,45,0,1,44,EGYENI,,
82892,19_081_001,277,191,191,0,2,189,EGYENI,,
82764,19_082_001,613,381,380,-1,5,375,EGYENI,,
80692,19_083_001,279,170,170,0,3,167,EGYENI,,
79954,19_084_001,297,167,167,0,0,167,EGYENI,,
80694,19_085_001,244,158,158,0,1,157,EGYENI,,
79956,19_086_001,685,345,345,0,4,341,EGYENI,,
81232,19_087_001,394,220,220,0,1,219,EGYENI,,
80696,19_088_001,387,223,223,0,5,218,EGYENI,,
80698,19_089_001,539,300,300,0,2,298,EGYENI,,
80700,19_090_001,524,310,310,0,4,306,EGYENI,,
81234,19_091_001,79,54,54,0,1,53,EGYENI,,
82766,19_092_001,402,237,237,0,0,237,EGYENI,,
81236,19_093_001,285,171,171,0,4,167,EGYENI,,
80702,19_094_001,81,55,55,0,0,55,EGYENI,,
80704,19_095_001,114,63,63,0,1,62,EGYENI,,
82768,19_096_001,1028,529,529,0,8,521,EGYENI,,
80706,19_097_001,78,47,47,0,1,46,EGYENI,,
80708,19_098_001,104,56,56,0,3,53,EGYENI,,
80710,19_099_001,588,342,342,0,5,337,EGYENI,,
79150,19_100_001,325,204,204,0,3,201,EGYENI,,
81238,19_101_001,695,403,403,0,2,401,EGYENI,,
80712,19_102_001,394,223,223,0,1,222,EGYENI,,
80714,19_103_001,611,308,307,-1,6,301,EGYENI,,
79152,19_104_001,425,256,256,0,1,255,EGYENI,,
81240,19_105_001,252,156,156,0,3,153,EGYENI,,
81242,19_106_001,799,413,409,-4,9,400,EGYENI,,
81244,19_107_001,790,381,381,0,4,377,EGYENI,,
79154,19_108_001,894,543,543,0,4,539,EGYENI,,
79358,19_108_002,857,513,513,0,3,510,EGYENI,,
79360,19_109_001,363,259,259,0,4,255,EGYENI,,
80716,19_110_001,937,479,479,0,15,464,EGYENI,,
82770,19_111_001,342,190,190,0,5,185,EGYENI,,
80718,19_112_001,451,264,264,0,3,261,EGYENI,,
80720,19_113_001,1055,637,637,0,11,626,EGYENI,,
80722,19_114_001,429,263,263,0,2,261,EGYENI,,
80724,19_115_001,344,173,173,0,3,170,EGYENI,,
80726,19_116_001,429,268,268,0,3,265,EGYENI,,
80728,19_116_002,215,132,132,0,0,132,EGYENI,,
82772,19_117_001,997,685,685,0,3,682,EGYENI,,
81246,19_118_001,31,20,20,0,0,20,EGYENI,,
79362,19_119_001,212,128,128,0,2,126,EGYENI,,
80730,19_120_001,804,448,448,0,7,441,EGYENI,,
80732,19_121_001,618,342,342,0,4,338,EGYENI,,
81248,19_122_001,241,130,130,0,4,126,EGYENI,,
81250,19_123_001,903,556,556,0,2,554,EGYENI,,
79364,19_124_001,101,69,69,0,0,69,EGYENI,,
80734,19_125_001,533,304,304,0,4,300,EGYENI,,
80736,19_126_001,398,244,244,0,2,242,EGYENI,,
80738,19_127_001,300,151,151,0,4,147,EGYENI,,
80740,19_128_001,995,545,545,0,9,536,EGYENI,,
80742,19_129_001,471,309,309,0,2,307,EGYENI,,
80744,19_130_001,247,153,153,0,5,148,EGYENI,,
80746,19_131_001,457,294,294,0,7,287,EGYENI,,
81252,19_132_001,842,487,487,0,4,483,EGYENI,,
81254,19_132_002,611,317,317,0,3,314,EGYENI,,
80748,19_133_001,563,349,349,0,3,346,EGYENI,,
81256,19_134_001,819,466,466,0,3,463,EGYENI,,
81258,19_135_001,331,212,212,0,1,211,EGYENI,,
80750,19_136_001,761,424,424,0,8,416,EGYENI,,
82774,19_137_001,1095,703,703,0,7,696,EGYENI,,
82776,19_137_002,1108,756,753,-3,4,749,EGYENI,,
81260,19_138_001,312,181,181,0,0,181,EGYENI,,
80752,19_139_001,81,67,67,0,1,66,EGYENI,,
80754,19_140_001,818,448,448,0,9,439,EGYENI,,
80756,19_141_001,182,137,137,0,1,136,EGYENI,,
80758,19_142_001,735,466,466,0,6,460,EGYENI,,
81262,19_143_001,840,451,451,0,2,449,EGYENI,,
81264,19_143_002,683,398,398,0,3,395,EGYENI,,
82778,19_144_001,873,537,537,0,2,535,EGYENI,,
81766,19_145_001,116,71,71,0,0,71,EGYENI,,
79366,19_146_001,39,31,31,0,0,31,EGYENI,,
81266,19_147_001,174,95,95,0,3,92,EGYENI,,
79368,19_148_001,131,106,106,0,1,105,EGYENI,,
82780,19_149_001,1081,625,625,0,5,620,EGYENI,,
82782,19_149_002,797,405,405,0,4,401,EGYENI,,
79370,19_150_001,1061,553,553,0,7,546,EGYENI,,
79372,19_150_002,654,359,359,0,2,357,EGYENI,,
79374,19_151_001,403,286,286,0,3,283,EGYENI,,
79376,19_152_001,1097,534,534,0,6,528,EGYENI,,
79378,19_152_002,190,140,140,0,1,139,EGYENI,,
81768,19_153_001,965,583,583,0,4,579,EGYENI,,
81770,19_153_002,1943,1453,1451,-2,24,1427,EGYENI,,
81772,19_153_003,797,435,435,0,3,432,EGYENI,,
81774,19_153_004,663,427,426,-1,5,421,EGYENI,,
81776,19_153_005,798,571,571,0,4,567,EGYENI,,
81778,19_153_006,935,578,578,0,3,575,EGYENI,,
81780,19_153_007,1054,664,664,0,5,659,EGYENI,,
81782,19_153_008,646,468,468,0,2,466,EGYENI,,
81784,19_153_009,711,531,531,0,3,528,EGYENI,,
81786,19_153_010,969,690,690,0,6,684,EGYENI,,
81788,19_153_011,983,701,698,-3,4,694,EGYENI,,
81790,19_153_012,643,461,459,-2,5,454,EGYENI,,
81792,19_153_013,721,448,448,0,13,435,EGYENI,,
81794,19_153_014,794,430,430,0,4,426,EGYENI,,
81796,19_153_015,1057,649,648,-1,7,641,EGYENI,,
81798,19_153_016,974,561,561,0,11,550,EGYENI,,
81800,19_153_017,675,429,429,0,1,428,EGYENI,,
81802,19_153_018,813,438,438,0,6,432,EGYENI,,
81804,19_153_019,726,490,490,0,5,485,EGYENI,,
81806,19_153_020,375,251,251,0,4,247,EGYENI,,
81808,19_153_021,694,499,499,0,2,497,EGYENI,,
81810,19_153_022,614,404,404,0,1,403,EGYENI,,
81812,19_153_023,1005,668,667,-1,10,657,EGYENI,,
81814,19_153_024,851,535,533,-2,4,529,EGYENI,,
81816,19_153_025,801,549,549,0,5,544,EGYENI,,
81818,19_153_026,672,426,427,1,8,419,EGYENI,,
81820,19_153_027,728,435,435,0,7,428,EGYENI,,
81822,19_153_028,1043,631,631,0,5,626,EGYENI,,
81824,19_153_029,717,341,340,-1,1,339,EGYENI,,
82604,19_153_030,1098,579,578,-1,3,575,EGYENI,,
82606,19_153_031,768,514,514,0,2,512,EGYENI,,
81826,19_154_001,219,143,143,0,4,139,EGYENI,,
81828,19_155_001,482,295,294,-1,3,291,EGYENI,,
81830,19_156_001,284,141,141,0,4,137,EGYENI,,
82558,19_157_001,942,446,446,0,3,443,EGYENI,,
79380,19_158_001,455,288,286,-2,4,282,EGYENI,,
82560,19_159_001,295,167,167,0,2,165,EGYENI,,
79382,19_160_001,639,354,354,0,3,351,EGYENI,,
79384,19_160_002,790,497,494,-3,2,492,EGYENI,,
79386,19_160_003,824,422,422,0,9,413,EGYENI,,
79388,19_160_004,850,526,526,0,4,522,EGYENI,,
79390,19_160_005,815,487,487,0,8,479,EGYENI,,
82562,19_161_001,372,237,237,0,11,226,EGYENI,,
81268,19_162_001,176,105,105,0,1,104,EGYENI,,
81270,19_163_001,306,177,177,0,4,173,EGYENI,,
81272,19_164_001,198,134,134,0,2,132,EGYENI,,
81274,19_165_001,949,651,651,0,6,645,EGYENI,,
81276,19_166_001,168,90,90,0,0,90,EGYENI,,
81278,19_167_001,66,44,44,0,0,44,EGYENI,,
81280,19_168_001,224,135,135,0,2,133,EGYENI,,
82564,19_169_001,249,142,142,0,2,140,EGYENI,,
82566,19_170_001,542,295,295,0,5,290,EGYENI,,
82568,19_171_001,912,471,471,0,9,462,EGYENI,,
82570,19_172_001,81,55,55,0,0,55,EGYENI,,
82784,19_173_001,382,257,257,0,2,255,EGYENI,,
81282,19_174_001,848,501,502,1,16,486,EGYENI,,
81284,19_174_002,632,405,405,0,5,400,EGYENI,,
81286,19_174_003,638,307,307,0,5,302,EGYENI,,
81288,19_174_004,749,384,384,0,2,382,EGYENI,,
81290,19_174_005,710,477,477,0,4,473,EGYENI,,
81292,19_174_006,815,516,515,-1,6,509,EGYENI,,
81294,19_174_007,764,412,411,-1,3,408,EGYENI,,
81296,19_175_001,522,275,275,0,4,271,EGYENI,,
82786,19_176_001,421,294,294,0,2,292,EGYENI,,
79392,19_177_001,344,168,168,0,4,164,EGYENI,,
82028,19_178_001,171,126,126,0,1,125,EGYENI,,
82788,19_179_001,792,394,394,0,6,388,EGYENI,,
82790,19_179_002,718,412,412,0,2,410,EGYENI,,
82792,19_179_003,731,390,390,0,10,380,EGYENI,,
82030,19_180_001,180,107,107,0,2,105,EGYENI,,
79394,19_181_001,87,56,56,0,0,56,EGYENI,,
79396,19_182_001,842,468,468,0,6,462,EGYENI,,
79398,19_182_002,809,489,489,0,9,480,EGYENI,,
82032,19_183_001,785,524,524,0,4,520,EGYENI,,
82034,19_184_001,348,169,169,0,4,165,EGYENI,,
79400,19_185_001,84,59,59,0,0,59,EGYENI,,
82572,19_186_001,725,424,424,0,9,415,EGYENI,,
82036,19_187_001,549,298,298,0,7,291,EGYENI,,
82038,19_188_001,889,603,603,0,2,601,EGYENI,,
82040,19_188_002,969,538,536,-2,4,532,EGYENI,,
82042,19_188_003,1053,577,577,0,4,573,EGYENI,,
82044,19_188_004,860,496,496,0,4,492,EGYENI,,
82046,19_188_005,904,588,587,-1,5,582,EGYENI,,
82048,19_188_006,2418,1900,1899,-1,19,1880,EGYENI,,
82050,19_188_007,917,536,536,0,1,535,EGYENI,,
82052,19_188_008,938,600,600,0,3,597,EGYENI,,
82054,19_188_009,823,509,506,-3,6,500,EGYENI,,
82056,19_188_010,1011,582,582,0,1,581,EGYENI,,
82058,19_188_011,843,470,470,0,4,466,EGYENI,,
82060,19_188_012,953,650,650,0,3,647,EGYENI,,
82062,19_188_013,867,558,558,0,2,556,EGYENI,,
82064,19_188_014,663,442,442,0,6,436,EGYENI,,
82066,19_188_015,729,450,450,0,7,443,EGYENI,,
82794,19_189_001,697,435,435,0,8,427,EGYENI,,
79402,19_190_001,1110,775,775,0,9,766,EGYENI,,
79404,19_191_001,1034,639,639,0,0,639,EGYENI,,
82574,19_192_001,477,261,261,0,0,261,EGYENI,,
82576,19_193_001,1148,606,605,-1,6,599,EGYENI,,
82068,19_194_001,278,143,143,0,4,139,EGYENI,,
82070,19_195_001,293,194,194,0,1,193,EGYENI,,
82796,19_196_001,893,480,480,0,4,476,EGYENI,,
82798,19_196_002,859,469,469,0,4,465,EGYENI,,
82578,19_197_001,445,265,265,0,4,261,EGYENI,,
82580,19_198_001,631,378,378,0,2,376,EGYENI,,
82582,19_198_002,622,380,380,0,6,374,EGYENI,,
82584,19_199_001,149,94,94,0,1,93,EGYENI,,
82800,19_200_001,1149,619,619,0,8,611,EGYENI,,
79406,19_201_001,782,397,395,-2,7,388,EGYENI,,
79408,19_201_002,995,513,513,0,2,511,EGYENI,,
79410,19_201_003,897,526,526,0,7,519,EGYENI,,
79412,19_201_004,1009,595,594,-1,6,588,EGYENI,,
79414,19_201_005,1080,653,653,0,2,651,EGYENI,,
79416,19_201_006,1013,573,572,-1,10,562,EGYENI,,
79418,19_201_007,660,403,403,0,2,401,EGYENI,,
79420,19_201_008,769,491,491,0,6,485,EGYENI,,
79422,19_201_009,774,505,505,0,5,500,EGYENI,,
79626,19_201_010,846,495,495,0,7,488,EGYENI,,
79628,19_201_011,850,447,447,0,8,439,EGYENI,,
79630,19_201_012,1041,628,628,0,9,619,EGYENI,,
79632,19_201_013,792,468,468,0,7,461,EGYENI,,
79634,19_201_014,892,592,590,-2,9,581,EGYENI,,
79636,19_201_015,1099,713,713,0,5,708,EGYENI,,
79638,19_201_016,1044,537,537,0,7,530,EGYENI,,
79640,19_201_017,739,465,465,0,6,459,EGYENI,,
79642,19_201_018,767,468,468,0,10,458,EGYENI,,
79644,19_201_019,760,363,363,0,6,357,EGYENI,,
79646,19_202_001,193,140,140,0,2,138,EGYENI,,
82802,19_203_001,659,295,293,-2,3,290,EGYENI,,
82804,19_203_002,2009,1645,1642,-3,10,1632,EGYENI,,
82806,19_203_003,1074,758,755,-3,7,748,EGYENI,,
82808,19_203_004,1114,786,786,0,5,781,EGYENI,,
82810,19_203_005,917,697,695,-2,2,693,EGYENI,,
82812,19_203_006,809,584,583,-1,4,579,EGYENI,,
82814,19_203_007,909,663,663,0,4,659,EGYENI,,
82816,19_203_008,1096,803,801,-2,6,795,EGYENI,,
82818,19_203_009,897,580,580,0,9,571,EGYENI,,
82820,19_203_010,953,628,627,-1,6,621,EGYENI,,
82822,19_203_011,1002,761,761,0,4,757,EGYENI,,
82824,19_203_012,895,577,577,0,4,573,EGYENI,,
83028,19_203_013,1001,754,752,-2,2,750,EGYENI,,
83030,19_203_014,862,669,669,0,3,666,EGYENI,,
83032,19_203_015,644,448,448,0,0,448,EGYENI,,
83034,19_203_016,783,511,510,-1,11,499,EGYENI,,
83036,19_203_017,634,469,469,0,2,467,EGYENI,,
83038,19_203_018,713,510,510,0,4,506,EGYENI,,
83040,19_203_019,773,582,580,-2,3,577,EGYENI,,
83042,19_203_020,744,574,574,0,1,573,EGYENI,,
83044,19_203_021,739,562,561,-1,4,557,EGYENI,,
83046,19_203_022,684,446,446,0,3,443,EGYENI,,
83048,19_203_023,814,529,528,-1,6,522,EGYENI,,
83050,19_203_024,975,624,624,0,0,624,EGYENI,,
83052,19_203_025,1060,709,708,-1,0,708,EGYENI,,
83054,19_203_026,933,615,615,0,0,615,EGYENI,,
83056,19_203_027,1062,740,740,0,7,733,EGYENI,,
83058,19_203_028,506,289,289,0,2,287,EGYENI,,
83060,19_203_029,809,618,617,-1,8,609,EGYENI,,
83062,19_203_030,686,517,517,0,3,514,EGYENI,,
83064,19_203_031,1087,805,802,-3,6,796,EGYENI,,
83066,19_203_032,1012,783,782,-1,3,779,EGYENI,,
83068,19_203_033,696,430,430,0,3,427,EGYENI,,
83070,19_203_034,1029,629,629,0,7,622,EGYENI,,
83072,19_203_035,946,601,601,0,5,596,EGYENI,,
83074,19_203_036,953,546,546,0,1,545,EGYENI,,
83076,19_203_037,672,382,381,-1,6,375,EGYENI,,
83078,19_203_038,916,517,517,0,2,515,EGYENI,,
83080,19_203_039,732,412,412,0,2,410,EGYENI,,
83082,19_203_040,952,555,553,-2,4,549,EGYENI,,
83084,19_203_041,578,353,351,-2,5,346,EGYENI,,
83086,19_203_042,705,419,419,0,6,413,EGYENI,,
83088,19_203_043,870,485,485,0,3,482,EGYENI,,
83090,19_203_044,946,573,573,0,1,572,EGYENI,,
78824,19_203_045,825,490,489,-1,2,487,EGYENI,,
78826,19_203_046,645,385,385,0,1,384,EGYENI,,
78828,19_203_047,619,401,401,0,4,397,EGYENI,,
78830,19_203_048,359,239,239,0,6,233,EGYENI,,
78832,19_203_049,717,479,479,0,6,473,EGYENI,,
78834,19_203_050,1013,667,667,0,4,663,EGYENI,,
78836,19_203_051,810,503,503,0,2,501,EGYENI,,
78838,19_203_052,240,157,157,0,2,155,EGYENI,,
78840,19_203_053,1148,788,788,0,8,780,EGYENI,,
78842,19_203_054,785,525,524,-1,6,518,EGYENI,,
78844,19_203_055,760,495,495,0,7,488,EGYENI,,
78846,19_203_056,873,537,537,0,4,533,EGYENI,,
79648,19_204_001,202,163,163,0,4,159,EGYENI,,
82072,19_205_001,218,137,137,0,2,135,EGYENI,,
82586,19_206_001,112,57,57,0,1,56,EGYENI,,
82074,19_207_001,160,76,76,0,2,74,EGYENI,,
78848,19_208_001,521,286,286,0,6,280,EGYENI,,
82588,19_209_001,195,135,135,0,1,134,EGYENI,,
79650,19_210_001,76,49,49,0,2,47,EGYENI,,
82076,19_211_001,237,122,121,-1,2,119,EGYENI,,
82078,19_212_001,388,213,213,0,3,210,EGYENI,,
82080,19_213_001,1037,578,578,0,4,574,EGYENI,,
82082,19_214_001,34,18,18,0,0,18,EGYENI,,
82084,19_215_001,123,81,81,0,0,81,EGYENI,,
79652,19_216_001,807,544,544,0,7,537,EGYENI,,
82590,19_217_001,843,485,485,0,6,479,EGYENI,,
82592,19_217_002,758,416,416,0,6,410,EGYENI,,
82594,19_217_003,844,517,517,0,8,509,EGYENI,,
82596,19_217_004,766,501,501,0,3,498,EGYENI,,
82598,19_217_005,838,566,566,0,4,562,EGYENI,,
82600,19_217_006,748,512,512,0,3,509,EGYENI,,
82602,19_217_007,943,631,628,-3,8,620,EGYENI,,
80968,20_001_001,352,202,202,0,1,201,EGYENI,,
80970,20_002_001,49,32,32,0,0,32,EGYENI,,
80972,20_003_001,575,307,307,0,4,303,EGYENI,,
80974,20_004_001,1086,701,698,-3,5,693,EGYENI,,
80976,20_005_001,298,136,136,0,3,133,EGYENI,,
82608,20_006_001,60,49,49,0,2,47,EGYENI,,
82610,20_007_001,397,228,228,0,4,224,EGYENI,,
82612,20_008_001,47,33,33,0,0,33,EGYENI,,
82614,20_009_001,1072,637,637,0,3,634,EGYENI,,
82616,20_010_001,704,456,456,0,10,446,EGYENI,,
82618,20_010_002,656,398,398,0,3,395,EGYENI,,
80978,20_011_001,296,151,151,0,4,147,EGYENI,,
80980,20_012_001,879,575,575,0,0,575,EGYENI,,
80982,20_013_001,403,206,206,0,5,201,EGYENI,,
82620,20_014_001,120,79,79,0,0,79,EGYENI,,
80984,20_015_001,302,172,172,0,2,170,EGYENI,,
78540,20_016_001,490,299,299,0,9,290,EGYENI,,
78542,20_017_001,500,308,308,0,4,304,EGYENI,,
78544,20_017_002,108,73,73,0,0,73,EGYENI,,
78546,20_018_001,661,374,370,-4,4,366,EGYENI,,
78548,20_018_002,641,378,378,0,3,375,EGYENI,,
78550,20_018_003,494,277,277,0,3,274,EGYENI,,
82622,20_019_001,658,364,364,0,5,359,EGYENI,,
78552,20_020_001,652,308,308,0,2,306,EGYENI,,
82624,20_021_001,86,63,63,0,1,62,EGYENI,,
80986,20_022_001,113,77,77,0,0,77,EGYENI,,
80420,20_023_001,929,599,599,0,6,593,EGYENI,,
78554,20_024_001,273,135,135,0,1,134,EGYENI,,
80422,20_025_001,248,172,171,-1,2,169,EGYENI,,
78556,20_026_001,588,312,311,-1,1,310,EGYENI,,
80988,20_027_001,236,127,127,0,5,122,EGYENI,,
80424,20_028_001,236,133,133,0,2,131,EGYENI,,
80426,20_029_001,42,37,37,0,1,36,EGYENI,,
78558,20_030_001,49,31,31,0,1,30,EGYENI,,
80990,20_031_001,619,420,419,-1,4,415,EGYENI,,
78560,20_032_001,186,116,116,0,7,109,EGYENI,,
78562,20_033_001,130,79,79,0,2,77,EGYENI,,
80428,20_034_001,429,275,275,0,2,273,EGYENI,,
80992,20_035_001,1080,677,676,-1,3,673,EGYENI,,
80994,20_035_002,979,605,605,0,4,601,EGYENI,,
78564,20_036_001,29,17,17,0,0,17,EGYENI,,
80430,20_037_001,724,470,470,0,4,466,EGYENI,,
80432,20_038_001,295,188,188,0,3,185,EGYENI,,
80434,20_039_001,72,51,51,0,0,51,EGYENI,,
78566,20_040_001,507,271,271,0,2,269,EGYENI,,
78568,20_041_001,347,173,173,0,4,169,EGYENI,,
80996,20_042_001,386,207,206,-1,2,204,EGYENI,,
78570,20_043_001,143,91,91,0,0,91,EGYENI,,
80436,20_044_001,129,98,98,0,6,92,EGYENI,,
80998,20_045_001,60,46,46,0,0,46,EGYENI,,
81000,20_046_001,23,20,20,0,0,20,EGYENI,,
81002,20_047_001,261,111,111,0,3,108,EGYENI,,
81004,20_048_001,824,498,497,-1,0,497,EGYENI,,
78572,20_049_001,589,334,334,0,1,333,EGYENI,,
81006,20_050_001,358,167,167,0,0,167,EGYENI,,
81008,20_051_001,488,317,317,0,4,313,EGYENI,,
81010,20_052_001,587,349,347,-2,5,342,EGYENI,,
80438,20_053_001,12,12,12,0,1,11,EGYENI,,
78574,20_054_001,564,307,307,0,0,307,EGYENI,,
78576,20_055_001,109,72,72,0,0,72,EGYENI,,
78578,20_056_001,932,515,515,0,17,498,EGYENI,,
81012,20_057_001,532,293,293,0,3,290,EGYENI,,
80440,20_058_001,56,34,34,0,0,34,EGYENI,,
80442,20_059_001,808,538,538,0,6,532,EGYENI,,
80444,20_059_002,497,329,329,0,1,328,EGYENI,,
81014,20_060_001,410,230,230,0,4,226,EGYENI,,
81016,20_060_002,493,249,249,0,8,241,EGYENI,,
78580,20_061_001,219,109,109,0,3,106,EGYENI,,
81018,20_062_001,76,30,30,0,0,30,EGYENI,,
80446,20_063_001,27,19,19,0,0,19,EGYENI,,
80448,20_064_001,34,25,25,0,1,24,EGYENI,,
81020,20_065_001,237,140,140,0,3,137,EGYENI,,
78582,20_066_001,705,441,441,0,5,436,EGYENI,,
78584,20_066_002,201,122,122,0,0,122,EGYENI,,
81022,20_067_001,951,609,607,-2,5,602,EGYENI,,
81024,20_067_002,943,634,632,-2,1,631,EGYENI,,
81026,20_067_003,957,624,623,-1,1,622,EGYENI,,
81028,20_068_001,74,40,40,0,0,40,EGYENI,,
80450,20_069_001,242,150,150,0,1,149,EGYENI,,
78308,20_070_001,367,196,196,0,5,191,EGYENI,,
78310,20_070_002,432,218,218,0,4,214,EGYENI,,
78312,20_070_003,105,60,60,0,1,59,EGYENI,,
80452,20_071_001,77,46,45,-1,1,44,EGYENI,,
78314,20_072_001,568,387,386,-1,5,381,EGYENI,,
78316,20_072_002,735,479,479,0,0,479,EGYENI,,
78318,20_072_003,808,558,558,0,1,557,EGYENI,,
78320,20_072_004,784,504,503,-1,7,496,EGYENI,,
78322,20_072_005,932,624,624,0,7,617,EGYENI,,
78586,20_073_001,159,80,80,0,2,78,EGYENI,,
78588,20_074_001,151,82,82,0,0,82,EGYENI,,
80454,20_075_001,263,162,162,0,5,157,EGYENI,,
80456,20_076_001,11,9,9,0,0,9,EGYENI,,
78590,20_077_001,251,154,154,0,0,154,EGYENI,,
78592,20_078_001,176,93,93,0,0,93,EGYENI,,
78324,20_079_001,81,57,57,0,2,55,EGYENI,,
78326,20_080_001,606,353,353,0,10,343,EGYENI,,
80458,20_081_001,125,96,96,0,0,96,EGYENI,,
78594,20_082_001,113,65,65,0,1,64,EGYENI,,
80460,20_083_001,210,130,131,1,3,128,EGYENI,,
78328,20_084_001,517,269,269,0,1,268,EGYENI,,
78330,20_084_002,311,183,183,0,3,180,EGYENI,,
78332,20_085_001,134,90,90,0,0,90,EGYENI,,
78334,20_085_002,272,157,157,0,1,156,EGYENI,,
80462,20_086_001,75,45,45,0,0,45,EGYENI,,
78336,20_087_001,184,72,72,0,2,70,EGYENI,,
80464,20_088_001,231,129,129,0,2,127,EGYENI,,
80466,20_089_001,90,72,72,0,1,71,EGYENI,,
80468,20_090_001,96,71,71,0,1,70,EGYENI,,
78596,20_091_001,199,126,126,0,2,124,EGYENI,,
78598,20_092_001,149,101,101,0,1,100,EGYENI,,
78338,20_093_001,924,591,591,0,2,589,EGYENI,,
78340,20_093_002,879,547,547,0,6,541,EGYENI,,
78342,20_093_003,84,46,46,0,0,46,EGYENI,,
78344,20_093_004,1049,624,624,0,3,621,EGYENI,,
78346,20_093_005,1016,714,714,0,2,712,EGYENI,,
78348,20_093_006,965,640,640,0,1,639,EGYENI,,
78350,20_093_007,1202,740,740,0,2,738,EGYENI,,
78352,20_093_008,707,413,412,-1,2,410,EGYENI,,
78354,20_093_009,719,485,485,0,3,482,EGYENI,,
78356,20_093_010,739,467,467,0,2,465,EGYENI,,
78358,20_093_011,1001,706,706,0,6,700,EGYENI,,
78360,20_093_012,1039,714,714,0,2,712,EGYENI,,
78362,20_093_013,895,655,654,-1,9,645,EGYENI,,
78364,20_093_014,1019,630,630,0,6,624,EGYENI,,
78366,20_093_015,1130,599,599,0,9,590,EGYENI,,
78368,20_093_016,2717,2106,2105,-1,25,2080,EGYENI,,
78370,20_093_017,1041,587,587,0,3,584,EGYENI,,
78372,20_093_018,741,475,475,0,4,471,EGYENI,,
78374,20_094_001,201,110,110,0,0,110,EGYENI,,
78376,20_095_001,378,229,229,0,4,225,EGYENI,,
78600,20_096_001,152,120,120,0,3,117,EGYENI,,
78378,20_097_001,137,77,77,0,1,76,EGYENI,,
80470,20_098_001,154,110,110,0,1,109,EGYENI,,
80472,20_099_001,208,144,144,0,0,144,EGYENI,,
78602,20_100_001,157,82,82,0,0,82,EGYENI,,
78604,20_101_001,148,88,88,0,3,85,EGYENI,,
78606,20_102_001,136,81,81,0,5,76,EGYENI,,
78380,20_103_001,47,34,34,0,0,34,EGYENI,,
80474,20_104_001,41,38,38,0,0,38,EGYENI,,
80476,20_105_001,421,224,224,0,0,224,EGYENI,,
80478,20_106_001,70,36,36,0,0,36,EGYENI,,
78382,20_107_001,388,245,245,0,5,240,EGYENI,,
78608,20_108_001,70,43,43,0,2,41,EGYENI,,
80480,20_109_001,25,20,20,0,0,20,EGYENI,,
80482,20_110_001,27,12,12,0,0,12,EGYENI,,
80484,20_111_001,1006,666,666,0,8,658,EGYENI,,
80486,20_111_002,1062,717,717,0,11,706,EGYENI,,
81498,20_111_003,757,555,555,0,8,547,EGYENI,,
81500,20_111_004,924,561,561,0,10,551,EGYENI,,
81502,20_111_005,664,458,458,0,7,451,EGYENI,,
81504,20_111_006,935,670,670,0,4,666,EGYENI,,
81506,20_111_007,467,343,343,0,4,339,EGYENI,,
81508,20_111_008,333,237,237,0,0,237,EGYENI,,
81510,20_111_009,276,182,182,0,1,181,EGYENI,,
81512,20_111_010,254,170,170,0,2,168,EGYENI,,
81514,20_111_011,145,95,95,0,1,94,EGYENI,,
78610,20_112_001,675,384,384,0,4,380,EGYENI,,
78612,20_112_002,811,466,466,0,7,459,EGYENI,,
78614,20_112_003,860,528,528,0,4,524,EGYENI,,
78616,20_112_004,612,336,336,0,2,334,EGYENI,,
78618,20_112_005,513,292,292,0,5,287,EGYENI,,
81516,20_113_001,167,113,113,0,1,112,EGYENI,,
78384,20_114_001,49,43,43,0,2,41,EGYENI,,
78620,20_115_001,92,56,56,0,1,55,EGYENI,,
78622,20_115_002,151,96,96,0,4,92,EGYENI,,
78624,20_116_001,343,209,209,0,1,208,EGYENI,,
78626,20_117_001,959,528,528,0,4,524,EGYENI,,
81518,20_118_001,45,31,31,0,0,31,EGYENI,,
78628,20_119_001,226,121,121,0,1,120,EGYENI,,
78630,20_120_001,388,235,235,0,2,233,EGYENI,,
78632,20_121_001,64,42,42,0,2,40,EGYENI,,
81520,20_122_001,42,35,35,0,1,34,EGYENI,,
78634,20_123_001,644,320,320,0,8,312,EGYENI,,
78386,20_124_001,311,205,205,0,0,205,EGYENI,,
81522,20_125_001,213,148,148,0,3,145,EGYENI,,
81524,20_126_001,259,131,131,0,0,131,EGYENI,,
78388,20_127_001,252,158,158,0,2,156,EGYENI,,
78636,20_128_001,618,379,379,0,3,376,EGYENI,,
78638,20_129_001,888,453,453,0,6,447,EGYENI,,
78640,20_129_002,601,320,320,0,4,316,EGYENI,,
78642,20_130_001,207,122,122,0,2,120,EGYENI,,
78644,20_131_001,215,127,127,0,3,124,EGYENI,,
78646,20_131_002,115,79,79,0,3,76,EGYENI,,
78648,20_131_003,82,59,59,0,0,59,EGYENI,,
78650,20_132_001,367,181,181,0,4,177,EGYENI,,
78390,20_133_001,142,82,82,0,2,80,EGYENI,,
78652,20_134_001,946,592,591,-1,4,587,EGYENI,,
78654,20_134_002,1023,764,764,0,8,756,EGYENI,,
78656,20_134_003,654,395,395,0,0,395,EGYENI,,
78658,20_134_004,752,436,434,-2,1,433,EGYENI,,
78660,20_134_005,713,409,408,-1,4,404,EGYENI,,
78662,20_134_006,790,474,474,0,2,472,EGYENI,,
78664,20_134_007,794,525,525,0,2,523,EGYENI,,
78666,20_134_008,935,610,610,0,4,606,EGYENI,,
78668,20_134_009,929,622,622,0,3,619,EGYENI,,
78670,20_134_010,924,615,614,-1,3,611,EGYENI,,
78672,20_134_011,770,496,496,0,3,493,EGYENI,,
78674,20_134_012,797,503,502,-1,0,502,EGYENI,,
78676,20_134_013,1008,597,598,1,16,582,EGYENI,,
78678,20_134_014,1289,774,772,-2,12,760,EGYENI,,
78680,20_134_015,1320,857,857,0,11,846,EGYENI,,
78682,20_134_016,1261,761,758,-3,7,751,EGYENI,,
78684,20_134_017,767,496,496,0,1,495,EGYENI,,
78686,20_134_018,1264,705,705,0,5,700,EGYENI,,
78688,20_134_019,1175,706,706,0,1,705,EGYENI,,
78690,20_134_020,1290,811,810,-1,5,805,EGYENI,,
78692,20_134_021,974,556,555,-1,2,553,EGYENI,,
78694,20_134_022,1157,604,604,0,1,603,EGYENI,,
78696,20_134_023,1153,655,654,-1,5,649,EGYENI,,
78698,20_134_024,1074,648,648,0,3,645,EGYENI,,
78700,20_134_025,997,617,617,0,6,611,EGYENI,,
78702,20_134_026,684,263,263,0,1,262,EGYENI,,
78704,20_134_027,1582,1289,1284,-5,5,1279,EGYENI,,
78706,20_134_028,976,704,703,-1,3,700,EGYENI,,
78708,20_134_029,773,461,461,0,6,455,EGYENI,,
78710,20_134_030,880,622,621,-1,4,617,EGYENI,,
78712,20_134_031,900,542,542,0,2,540,EGYENI,,
78714,20_134_032,991,673,673,0,6,667,EGYENI,,
78716,20_134_033,721,387,387,0,3,384,EGYENI,,
78718,20_134_034,866,624,623,-1,2,621,EGYENI,,
78720,20_134_035,709,390,388,-2,4,384,EGYENI,,
78722,20_134_036,782,487,487,0,9,478,EGYENI,,
78724,20_134_037,895,598,598,0,6,592,EGYENI,,
78726,20_134_038,726,437,437,0,6,431,EGYENI,,
78728,20_134_039,919,593,593,0,4,589,EGYENI,,
78730,20_134_040,686,446,446,0,4,442,EGYENI,,
78732,20_134_041,533,297,297,0,4,293,EGYENI,,
78734,20_134_042,1044,634,633,-1,4,629,EGYENI,,
78736,20_134_043,967,609,609,0,4,605,EGYENI,,
78738,20_134_044,1017,678,678,0,8,670,EGYENI,,
78392,20_135_001,744,405,405,0,6,399,EGYENI,,
81526,20_136_001,379,239,239,0,2,237,EGYENI,,
81528,20_137_001,414,263,263,0,0,263,EGYENI,,
81530,20_138_001,365,228,228,0,3,225,EGYENI,,
78394,20_139_001,409,239,239,0,5,234,EGYENI,,
78740,20_140_001,920,581,580,-1,2,578,EGYENI,,
78396,20_141_001,380,197,197,0,2,195,EGYENI,,
78398,20_142_001,497,291,291,0,1,290,EGYENI,,
78400,20_143_001,226,135,135,0,4,131,EGYENI,,
81532,20_144_001,100,69,69,0,1,68,EGYENI,,
78742,20_145_001,241,127,127,0,0,127,EGYENI,,
78402,20_146_001,247,131,131,0,0,131,EGYENI,,
78404,20_147_001,268,160,160,0,2,158,EGYENI,,
78406,20_148_001,216,144,144,0,1,143,EGYENI,,
81534,20_149_001,153,109,109,0,4,105,EGYENI,,
81536,20_150_001,654,358,358,0,5,353,EGYENI,,
78744,20_151_001,210,89,89,0,3,86,EGYENI,,
78408,20_152_001,102,60,60,0,3,57,EGYENI,,
81538,20_153_001,100,64,64,0,1,63,EGYENI,,
78410,20_154_001,359,184,183,-1,1,182,EGYENI,,
78746,20_155_001,94,52,52,0,2,50,EGYENI,,
81540,20_156_001,165,113,113,0,2,111,EGYENI,,
78412,20_157_001,473,248,248,0,3,245,EGYENI,,
78414,20_158_001,681,344,344,0,5,339,EGYENI,,
78416,20_158_002,705,440,440,0,5,435,EGYENI,,
78418,20_159_001,111,67,67,0,0,67,EGYENI,,
78420,20_160_001,726,352,352,0,7,345,EGYENI,,
78748,20_161_001,163,113,113,0,1,112,EGYENI,,
78750,20_162_001,863,534,534,0,3,531,EGYENI,,
78752,20_162_002,120,68,68,0,1,67,EGYENI,,
81542,20_163_001,135,81,81,0,1,80,EGYENI,,
78422,20_164_001,353,171,171,0,2,169,EGYENI,,
81544,20_165_001,324,195,195,0,1,194,EGYENI,,
78754,20_166_001,329,181,181,0,4,177,EGYENI,,
78424,20_167_001,759,444,444,0,4,440,EGYENI,,
81546,20_168_001,252,187,187,0,3,184,EGYENI,,
78426,20_169_001,710,374,374,0,2,372,EGYENI,,
78428,20_170_001,298,143,143,0,1,142,EGYENI,,
78756,20_171_001,48,36,36,0,1,35,EGYENI,,
78430,20_172_001,228,157,157,0,5,152,EGYENI,,
81548,20_173_001,27,22,22,0,0,22,EGYENI,,
78758,20_174_001,146,97,97,0,1,96,EGYENI,,
78760,20_175_001,458,265,265,0,2,263,EGYENI,,
78762,20_176_001,496,320,320,0,1,319,EGYENI,,
81550,20_177_001,27,19,19,0,0,19,EGYENI,,
81552,20_178_001,261,152,152,0,3,149,EGYENI,,
78432,20_179_001,933,561,561,0,7,554,EGYENI,,
81554,20_180_001,788,465,465,0,6,459,EGYENI,,
78764,20_181_001,335,212,212,0,4,208,EGYENI,,
81556,20_182_001,485,271,271,0,6,265,EGYENI,,
78766,20_183_001,358,209,209,0,4,205,EGYENI,,
81558,20_184_001,631,400,400,0,6,394,EGYENI,,
78434,20_185_001,771,421,421,0,4,417,EGYENI,,
78436,20_185_002,676,356,355,-1,7,348,EGYENI,,
78768,20_186_001,524,310,310,0,3,307,EGYENI,,
78438,20_187_001,31,24,24,0,0,24,EGYENI,,
78770,20_188_001,753,455,455,0,4,451,EGYENI,,
78440,20_189_001,583,328,328,0,1,327,EGYENI,,
78442,20_189_002,621,337,336,-1,9,327,EGYENI,,
78772,20_190_001,511,334,334,0,0,334,EGYENI,,
78444,20_191_001,486,359,359,0,3,356,EGYENI,,
78446,20_192_001,173,97,97,0,1,96,EGYENI,,
78448,20_193_001,254,152,152,0,1,151,EGYENI,,
81560,20_194_001,347,183,183,0,0,183,EGYENI,,
78774,20_195_001,56,31,31,0,0,31,EGYENI,,
78776,20_196_001,250,143,143,0,4,139,EGYENI,,
78778,20_197_001,71,40,40,0,0,40,EGYENI,,
78780,20_198_001,117,63,63,0,1,62,EGYENI,,
78450,20_199_001,714,332,332,0,7,325,EGYENI,,
78782,20_200_001,647,335,335,0,6,329,EGYENI,,
78784,20_200_002,699,311,311,0,6,305,EGYENI,,
78786,20_201_001,187,126,126,0,2,124,EGYENI,,
81562,20_202_001,24,16,16,0,0,16,EGYENI,,
81564,20_203_001,157,121,121,0,2,119,EGYENI,,
82292,20_204_001,890,650,650,0,3,647,EGYENI,,
78452,20_205_001,81,67,67,0,0,67,EGYENI,,
78454,20_205_002,60,43,43,0,0,43,EGYENI,,
78788,20_206_001,305,194,194,0,2,192,EGYENI,,
78790,20_207_001,472,283,283,0,1,282,EGYENI,,
78792,20_208_001,566,349,349,0,2,347,EGYENI,,
78794,20_209_001,756,415,415,0,6,409,EGYENI,,
78796,20_210_001,446,260,260,0,4,256,EGYENI,,
78798,20_210_002,497,282,282,0,3,279,EGYENI,,
78456,20_211_001,488,196,196,0,3,193,EGYENI,,
78458,20_211_002,849,417,417,0,10,407,EGYENI,,
78800,20_212_001,812,466,464,-2,10,454,EGYENI,,
78802,20_213_001,51,34,34,0,1,33,EGYENI,,
78460,20_214_001,476,285,285,0,2,283,EGYENI,,
82294,20_215_001,251,183,183,0,2,181,EGYENI,,
82296,20_215_002,66,44,44,0,0,44,EGYENI,,
78462,20_216_001,116,81,81,0,0,81,EGYENI,,
78804,20_217_001,154,87,87,0,4,83,EGYENI,,
78464,20_218_001,876,498,498,0,2,496,EGYENI,,
78466,20_219_001,101,74,74,0,0,74,EGYENI,,
78468,20_220_001,66,27,27,0,0,27,EGYENI,,
78470,20_221_001,287,196,196,0,1,195,EGYENI,,
78472,20_222_001,955,600,600,0,5,595,EGYENI,,
78474,20_222_002,832,525,525,0,3,522,EGYENI,,
78476,20_223_001,67,44,44,0,0,44,EGYENI,,
78806,20_224_001,189,85,85,0,4,81,EGYENI,,
78478,20_225_001,649,338,338,0,2,336,EGYENI,,
78480,20_225_002,580,321,321,0,3,318,EGYENI,,
82298,20_226_001,565,330,330,0,2,328,EGYENI,,
78482,20_227_001,562,315,315,0,9,306,EGYENI,,
82300,20_228_001,301,192,192,0,1,191,EGYENI,,
78484,20_229_001,777,435,435,0,2,433,EGYENI,,
82302,20_230_001,442,276,276,0,1,275,EGYENI,,
82304,20_231_001,729,455,455,0,2,453,EGYENI,,
82306,20_231_002,1110,737,736,-1,8,728,EGYENI,,
82308,20_231_003,1126,753,753,0,7,746,EGYENI,,
82310,20_231_004,856,563,563,0,4,559,EGYENI,,
82312,20_231_005,813,401,401,0,4,397,EGYENI,,
82314,20_231_006,1172,731,730,-1,4,726,EGYENI,,
82316,20_231_007,843,537,536,-1,4,532,EGYENI,,
82318,20_231_008,741,459,459,0,5,454,EGYENI,,
82320,20_231_009,820,532,532,0,3,529,EGYENI,,
82322,20_231_010,911,631,631,0,5,626,EGYENI,,
82324,20_231_011,818,529,529,0,7,522,EGYENI,,
82326,20_231_012,1099,738,736,-2,6,730,EGYENI,,
82328,20_231_013,1012,669,669,0,2,667,EGYENI,,
82330,20_231_014,889,537,537,0,5,532,EGYENI,,
82332,20_231_015,1008,647,646,-1,3,643,EGYENI,,
82334,20_231_016,1100,600,600,0,6,594,EGYENI,,
82336,20_231_017,1033,731,731,0,2,729,EGYENI,,
82338,20_231_018,1045,679,678,-1,4,674,EGYENI,,
82340,20_231_019,916,630,630,0,5,625,EGYENI,,
82342,20_231_020,964,664,664,0,4,660,EGYENI,,
82344,20_231_021,1061,762,762,0,7,755,EGYENI,,
82346,20_231_022,944,584,584,0,2,582,EGYENI,,
82348,20_231_023,1162,792,792,0,13,779,EGYENI,,
82350,20_231_024,2116,1737,1730,-7,19,1711,EGYENI,,
82352,20_231_025,517,336,336,0,6,330,EGYENI,,
82354,20_231_026,1209,786,785,-1,7,778,EGYENI,,
80156,20_231_027,1060,656,655,-1,4,651,EGYENI,,
80158,20_231_028,1376,870,870,0,10,860,EGYENI,,
80160,20_231_029,921,587,587,0,4,583,EGYENI,,
80162,20_231_030,639,348,348,0,5,343,EGYENI,,
80164,20_231_031,719,423,423,0,7,416,EGYENI,,
80166,20_231_032,858,527,526,-1,4,522,EGYENI,,
80168,20_231_033,913,543,543,0,3,540,EGYENI,,
80170,20_231_034,1039,701,701,0,5,696,EGYENI,,
80172,20_231_035,923,633,633,0,7,626,EGYENI,,
80174,20_231_036,1016,657,657,0,3,654,EGYENI,,
80176,20_231_037,1088,796,796,0,12,784,EGYENI,,
80178,20_231_038,915,582,582,0,3,579,EGYENI,,
80180,20_231_039,876,583,583,0,3,580,EGYENI,,
80182,20_231_040,1031,751,751,0,7,744,EGYENI,,
80184,20_231_041,1124,787,787,0,6,781,EGYENI,,
80186,20_231_042,687,468,468,0,7,461,EGYENI,,
80188,20_231_043,990,682,682,0,7,675,EGYENI,,
80190,20_231_044,1039,688,688,0,7,681,EGYENI,,
80192,20_231_045,893,527,527,0,3,524,EGYENI,,
80194,20_231_046,842,562,562,0,5,557,EGYENI,,
80196,20_231_047,767,547,547,0,6,541,EGYENI,,
80198,20_231_048,1394,936,933,-3,7,926,EGYENI,,
80200,20_231_049,1070,721,720,-1,11,709,EGYENI,,
80202,20_231_050,642,389,388,-1,4,384,EGYENI,,
80204,20_231_051,664,482,482,0,3,479,EGYENI,,
80206,20_232_001,331,206,206,0,3,203,EGYENI,,
78486,20_233_001,96,63,63,0,3,60,EGYENI,,
78488,20_234_001,314,194,194,0,4,190,EGYENI,,
78490,20_235_001,859,540,540,0,2,538,EGYENI,,
78492,20_235_002,828,490,490,0,4,486,EGYENI,,
78808,20_236_001,692,244,244,0,11,233,EGYENI,,
78810,20_236_002,740,359,359,0,2,357,EGYENI,,
78812,20_236_003,787,316,316,0,3,313,EGYENI,,
78494,20_237_001,22,18,18,0,0,18,EGYENI,,
80208,20_238_001,530,340,340,0,4,336,EGYENI,,
80210,20_238_002,546,306,306,0,5,301,EGYENI,,
80212,20_238_003,528,283,283,0,2,281,EGYENI,,
80214,20_238_004,522,283,283,0,0,283,EGYENI,,
80216,20_238_005,203,119,119,0,0,119,EGYENI,,
80218,20_238_006,81,53,53,0,0,53,EGYENI,,
78496,20_239_001,155,97,97,0,1,96,EGYENI,,
78814,20_240_001,99,66,66,0,2,64,EGYENI,,
78498,20_241_001,441,260,260,0,3,257,EGYENI,,
78500,20_242_001,735,447,447,0,5,442,EGYENI,,
78816,20_243_001,680,442,442,0,8,434,EGYENI,,
78502,20_244_001,702,369,367,-2,5,362,EGYENI,,
78504,20_244_002,758,436,436,0,5,431,EGYENI,,
78506,20_244_003,805,493,495,2,21,474,EGYENI,,
78508,20_244_004,1124,720,720,0,3,717,EGYENI,,
78510,20_244_005,439,235,235,0,3,232,EGYENI,,
78512,20_244_006,537,311,311,0,4,307,EGYENI,,
78514,20_244_007,162,82,82,0,0,82,EGYENI,,
78516,20_244_008,256,150,150,0,0,150,EGYENI,,
78520,20_244_009,245,135,135,0,1,134,EGYENI,,
78522,20_244_010,416,233,233,0,4,229,EGYENI,,
80962,20_245_001,334,232,232,0,3,229,EGYENI,,
78524,20_246_001,851,538,538,0,5,533,EGYENI,,
78818,20_247_001,233,137,137,0,3,134,EGYENI,,
78526,20_248_001,424,258,258,0,3,255,EGYENI,,
78528,20_248_002,222,101,101,0,1,100,EGYENI,,
78530,20_249_001,230,148,148,0,1,147,EGYENI,,
78532,20_250_001,54,33,33,0,0,33,EGYENI,,
78534,20_251_001,855,482,482,0,4,478,EGYENI,,
80964,20_252_001,47,35,35,0,0,35,EGYENI,,
80966,20_253_001,539,291,291,0,0,291,EGYENI,,
78820,20_254_001,92,56,56,0,0,56,EGYENI,,
78536,20_255_001,753,390,390,0,3,387,EGYENI,,
78538,20_256_001,320,175,175,0,1,174,EGYENI,,
78822,20_257_001,62,35,35,0,0,35,EGYENI,,
78518,20_258_001,371,245,245,0,3,242,EGYENI,,
62321,01_001_001,1054,839,840,0,16,824,LISTAS,,
62323,01_001_002,1009,756,755,0,8,747,LISTAS,,
62325,01_001_003,1064,689,687,0,4,683,LISTAS,,
62327,01_001_004,990,720,719,0,3,716,LISTAS,,
62329,01_001_005,964,727,727,0,5,722,LISTAS,,
62331,01_001_006,1073,813,813,0,6,807,LISTAS,,
62333,01_001_007,943,671,669,0,3,666,LISTAS,,
62335,01_001_008,926,700,700,0,5,695,LISTAS,,
62337,01_001_009,1097,811,811,0,2,809,LISTAS,,
62339,01_001_010,1002,768,768,0,6,762,LISTAS,,
62341,01_001_011,1031,787,787,0,2,785,LISTAS,,
62343,01_001_012,1059,791,791,0,5,786,LISTAS,,
62345,01_001_013,1073,826,826,0,3,823,LISTAS,,
62347,01_001_014,996,744,744,0,3,741,LISTAS,,
62349,01_001_015,991,752,752,0,7,745,LISTAS,,
62351,01_001_016,959,743,741,0,1,740,LISTAS,,
62353,01_001_017,1042,783,783,0,3,780,LISTAS,,
62355,01_001_018,1031,786,785,0,4,781,LISTAS,,
62357,01_001_019,952,708,708,0,1,707,LISTAS,,
62359,01_001_020,984,734,734,0,5,729,LISTAS,,
62843,01_002_001,1083,812,812,0,4,808,LISTAS,,
62845,01_002_002,967,717,717,0,5,712,LISTAS,,
62847,01_002_003,713,503,503,0,4,499,LISTAS,,
62849,01_002_004,1017,753,753,0,2,751,LISTAS,,
62851,01_002_005,1007,773,773,0,3,770,LISTAS,,
62853,01_002_006,904,705,705,0,5,700,LISTAS,,
62855,01_002_007,888,718,717,0,6,711,LISTAS,,
62857,01_002_008,944,730,730,0,4,726,LISTAS,,
62859,01_002_009,921,688,687,0,3,684,LISTAS,,
62991,01_002_010,2703,2399,2392,0,21,2371,LISTAS,,
62861,01_002_011,863,515,513,0,1,512,LISTAS,,
62863,01_002_012,1151,900,899,0,3,896,LISTAS,,
62865,01_002_013,721,560,560,0,4,556,LISTAS,,
62993,01_002_014,829,638,638,0,3,635,LISTAS,,
62867,01_002_015,850,696,693,0,10,683,LISTAS,,
62869,01_002_016,955,752,750,0,6,744,LISTAS,,
62995,01_002_017,889,705,703,0,3,700,LISTAS,,
62871,01_002_018,849,686,686,0,6,680,LISTAS,,
62997,01_002_019,864,674,673,0,2,671,LISTAS,,
62873,01_002_020,839,677,677,0,1,676,LISTAS,,
62875,01_002_021,668,521,520,0,2,518,LISTAS,,
62877,01_002_022,869,717,717,0,2,715,LISTAS,,
62879,01_002_023,927,747,746,0,6,740,LISTAS,,
62881,01_002_024,1004,764,764,0,0,764,LISTAS,,
62883,01_002_025,871,698,698,0,0,698,LISTAS,,
62885,01_002_026,878,713,711,0,3,708,LISTAS,,
62887,01_002_027,790,625,625,0,2,623,LISTAS,,
62889,01_002_028,762,603,602,0,1,601,LISTAS,,
62999,01_002_029,739,565,562,0,0,562,LISTAS,,
62891,01_002_030,614,477,477,0,1,476,LISTAS,,
62893,01_002_031,1275,983,982,0,5,977,LISTAS,,
62895,01_002_032,1012,790,790,0,0,790,LISTAS,,
62897,01_002_033,892,720,718,0,1,717,LISTAS,,
62899,01_002_034,768,579,579,0,4,575,LISTAS,,
62901,01_002_035,927,720,720,0,3,717,LISTAS,,
62903,01_002_036,917,730,730,0,2,728,LISTAS,,
62905,01_002_037,910,724,724,0,2,722,LISTAS,,
62907,01_002_038,994,785,785,0,9,776,LISTAS,,
62909,01_002_039,867,658,656,0,8,648,LISTAS,,
62911,01_002_040,814,616,616,0,2,614,LISTAS,,
62913,01_002_041,809,592,592,0,3,589,LISTAS,,
62915,01_002_042,841,634,634,0,3,631,LISTAS,,
62917,01_002_043,834,646,643,0,2,641,LISTAS,,
62919,01_002_044,946,755,755,0,2,753,LISTAS,,
62921,01_002_045,889,683,682,0,2,680,LISTAS,,
62923,01_002_046,938,745,745,0,7,738,LISTAS,,
62925,01_002_047,899,716,715,0,2,713,LISTAS,,
62927,01_002_048,915,730,728,0,3,725,LISTAS,,
62929,01_002_049,905,697,696,0,6,690,LISTAS,,
62623,01_002_050,1427,1035,1034,0,6,1028,LISTAS,,
62625,01_002_051,832,688,687,0,2,685,LISTAS,,
62627,01_002_052,731,560,560,0,3,557,LISTAS,,
62629,01_002_053,772,627,627,0,5,622,LISTAS,,
62631,01_002_054,1295,959,959,0,3,956,LISTAS,,
62633,01_002_055,927,719,717,0,6,711,LISTAS,,
62635,01_002_056,855,634,632,0,3,629,LISTAS,,
62839,01_002_057,785,619,619,0,8,611,LISTAS,,
62637,01_002_058,993,694,693,0,7,686,LISTAS,,
62639,01_002_059,759,551,551,0,5,546,LISTAS,,
62641,01_002_060,970,716,716,0,3,713,LISTAS,,
62643,01_002_061,927,726,726,0,1,725,LISTAS,,
62707,01_002_062,702,486,486,0,3,483,LISTAS,,
62709,01_002_063,860,638,635,0,2,633,LISTAS,,
62711,01_002_064,895,673,672,0,0,672,LISTAS,,
62713,01_002_065,934,683,682,0,3,679,LISTAS,,
62715,01_002_066,1113,763,763,0,5,758,LISTAS,,
62717,01_002_067,873,610,610,0,5,605,LISTAS,,
62719,01_002_068,909,654,654,0,9,645,LISTAS,,
62721,01_002_069,993,695,695,0,7,688,LISTAS,,
62723,01_002_070,873,650,650,0,5,645,LISTAS,,
62725,01_002_071,950,704,704,0,4,700,LISTAS,,
62727,01_002_072,1061,762,762,0,2,760,LISTAS,,
62841,01_002_073,1046,785,785,0,8,777,LISTAS,,
62931,01_003_001,878,650,648,0,9,639,LISTAS,,
62933,01_003_002,818,580,580,0,2,578,LISTAS,,
62935,01_003_003,873,623,623,0,2,621,LISTAS,,
62937,01_003_004,922,634,636,0,27,609,LISTAS,,
62939,01_003_005,863,561,562,0,18,544,LISTAS,,
62941,01_003_006,914,691,690,0,3,687,LISTAS,,
62943,01_003_007,906,649,648,0,4,644,LISTAS,,
62945,01_003_008,798,536,536,0,1,535,LISTAS,,
62947,01_003_009,826,604,604,0,4,600,LISTAS,,
62949,01_003_010,869,670,669,0,3,666,LISTAS,,
62951,01_003_011,970,729,729,0,3,726,LISTAS,,
62953,01_003_012,993,762,762,0,2,760,LISTAS,,
62955,01_003_013,939,734,732,0,2,730,LISTAS,,
62957,01_003_014,907,696,696,0,8,688,LISTAS,,
62959,01_003_015,793,610,610,0,3,607,LISTAS,,
62961,01_003_016,776,639,639,0,5,634,LISTAS,,
62963,01_003_017,819,673,671,0,4,667,LISTAS,,
62965,01_003_018,922,704,704,0,2,702,LISTAS,,
62967,01_003_019,979,746,746,0,2,744,LISTAS,,
62969,01_003_020,951,695,695,0,3,692,LISTAS,,
62971,01_003_021,754,553,552,0,8,544,LISTAS,,
62973,01_003_022,839,602,601,0,2,599,LISTAS,,
62975,01_003_023,807,630,629,0,9,620,LISTAS,,
62977,01_003_024,811,622,622,0,7,615,LISTAS,,
62979,01_003_025,775,548,548,0,3,545,LISTAS,,
62981,01_003_026,774,591,591,0,8,583,LISTAS,,
62983,01_003_027,866,636,636,0,1,635,LISTAS,,
62985,01_003_028,821,602,602,0,4,598,LISTAS,,
62987,01_003_029,888,645,645,0,8,637,LISTAS,,
62989,01_003_030,853,635,636,0,16,620,LISTAS,,
63851,01_003_031,872,565,564,0,2,562,LISTAS,,
63853,01_003_032,951,692,692,0,6,686,LISTAS,,
63855,01_003_033,864,586,586,0,5,581,LISTAS,,
63857,01_003_034,827,589,590,0,14,576,LISTAS,,
63859,01_003_035,816,564,564,0,3,561,LISTAS,,
63861,01_003_036,796,604,602,0,3,599,LISTAS,,
63863,01_003_037,878,653,650,0,1,649,LISTAS,,
63865,01_003_038,771,555,555,0,6,549,LISTAS,,
63867,01_003_039,815,601,602,0,17,585,LISTAS,,
63869,01_003_040,748,511,511,0,1,510,LISTAS,,
63871,01_003_041,812,523,523,0,3,520,LISTAS,,
63873,01_003_042,637,304,301,0,0,301,LISTAS,,
63875,01_003_043,1032,693,691,0,4,687,LISTAS,,
63877,01_003_044,1015,742,742,0,6,736,LISTAS,,
63879,01_003_045,963,638,638,0,3,635,LISTAS,,
63881,01_003_046,1041,721,721,0,2,719,LISTAS,,
63883,01_003_047,1979,1646,1645,0,14,1631,LISTAS,,
63885,01_003_048,833,583,581,0,1,580,LISTAS,,
63887,01_003_049,871,620,620,0,5,615,LISTAS,,
63889,01_003_050,838,625,625,0,6,619,LISTAS,,
63891,01_003_051,778,562,562,0,5,557,LISTAS,,
63893,01_003_052,837,600,599,0,6,593,LISTAS,,
63895,01_003_053,774,546,546,0,2,544,LISTAS,,
63897,01_003_054,928,699,699,0,2,697,LISTAS,,
63899,01_003_055,870,631,630,0,4,626,LISTAS,,
63901,01_003_056,864,577,577,0,4,573,LISTAS,,
63903,01_003_057,930,608,608,0,8,600,LISTAS,,
63905,01_003_058,818,543,543,0,2,541,LISTAS,,
63907,01_003_059,825,646,644,0,5,639,LISTAS,,
63909,01_003_060,885,589,589,0,1,588,LISTAS,,
63911,01_003_061,908,663,662,0,5,657,LISTAS,,
63913,01_003_062,921,591,591,0,2,589,LISTAS,,
63915,01_003_063,939,592,592,0,3,589,LISTAS,,
63917,01_003_064,776,564,564,0,3,561,LISTAS,,
63919,01_003_065,1031,773,773,0,9,764,LISTAS,,
64013,01_003_066,869,610,610,0,4,606,LISTAS,,
63921,01_003_067,910,639,638,0,3,635,LISTAS,,
63923,01_003_068,795,654,654,0,3,651,LISTAS,,
63925,01_003_069,901,669,669,0,9,660,LISTAS,,
63927,01_003_070,920,708,708,0,7,701,LISTAS,,
63929,01_003_071,979,749,748,0,1,747,LISTAS,,
63931,01_003_072,987,721,721,0,10,711,LISTAS,,
63933,01_003_073,913,702,701,0,0,701,LISTAS,,
63935,01_003_074,942,752,751,0,2,749,LISTAS,,
63937,01_003_075,786,622,619,0,1,618,LISTAS,,
63939,01_003_076,1004,763,762,0,1,761,LISTAS,,
63941,01_003_077,928,744,744,0,3,741,LISTAS,,
63943,01_003_078,801,622,623,0,14,609,LISTAS,,
63945,01_003_079,960,756,751,0,2,749,LISTAS,,
63947,01_003_080,883,656,655,0,2,653,LISTAS,,
63949,01_003_081,895,691,691,0,5,686,LISTAS,,
63951,01_003_082,1069,836,835,0,4,831,LISTAS,,
63953,01_003_083,1003,771,771,0,4,767,LISTAS,,
63955,01_003_084,909,677,677,0,5,672,LISTAS,,
63957,01_003_085,892,607,607,0,3,604,LISTAS,,
63959,01_003_086,917,563,563,0,8,555,LISTAS,,
63961,01_003_087,845,575,575,0,2,573,LISTAS,,
63963,01_003_088,951,676,676,0,6,670,LISTAS,,
63965,01_003_089,923,617,617,0,4,613,LISTAS,,
63967,01_003_090,918,567,567,0,4,563,LISTAS,,
63969,01_003_091,827,547,547,0,1,546,LISTAS,,
63971,01_003_092,1028,685,685,0,4,681,LISTAS,,
63973,01_003_093,939,652,652,0,2,650,LISTAS,,
63975,01_003_094,813,519,517,0,8,509,LISTAS,,
63977,01_003_095,816,511,511,0,4,507,LISTAS,,
63979,01_003_096,1040,675,674,0,0,674,LISTAS,,
63981,01_003_097,1012,664,664,0,21,643,LISTAS,,
63983,01_003_098,767,458,458,0,2,456,LISTAS,,
63985,01_003_099,1028,626,626,0,3,623,LISTAS,,
63987,01_003_100,988,534,533,0,5,528,LISTAS,,
63989,01_003_101,968,535,534,0,5,529,LISTAS,,
63991,01_003_102,924,581,581,0,4,577,LISTAS,,
63993,01_003_103,907,617,617,0,1,616,LISTAS,,
63995,01_003_104,864,546,544,0,14,530,LISTAS,,
63997,01_003_105,834,540,540,0,5,535,LISTAS,,
63999,01_003_106,907,626,626,0,5,621,LISTAS,,
64001,01_003_107,865,606,601,0,3,598,LISTAS,,
64003,01_003_108,903,612,613,0,18,595,LISTAS,,
64005,01_003_109,855,593,590,0,9,581,LISTAS,,
64007,01_003_110,886,565,564,0,1,563,LISTAS,,
64009,01_003_111,847,559,558,0,4,554,LISTAS,,
64011,01_003_112,881,547,547,0,2,545,LISTAS,,
64015,01_004_001,891,635,635,0,4,631,LISTAS,,
64017,01_004_002,1050,803,803,0,3,800,LISTAS,,
64019,01_004_003,1065,735,735,0,2,733,LISTAS,,
64021,01_004_004,1022,795,794,0,0,794,LISTAS,,
64023,01_004_005,939,655,654,0,0,654,LISTAS,,
64025,01_004_006,1017,635,635,0,7,628,LISTAS,,
64027,01_004_007,1037,742,742,0,1,741,LISTAS,,
64029,01_004_008,951,686,686,0,2,684,LISTAS,,
64031,01_004_009,1089,747,745,0,4,741,LISTAS,,
64033,01_004_010,1007,647,647,0,1,646,LISTAS,,
64035,01_004_011,1077,702,702,0,4,698,LISTAS,,
64037,01_004_012,1018,753,752,0,4,748,LISTAS,,
64039,01_004_013,978,669,669,0,2,667,LISTAS,,
64041,01_004_014,883,672,672,0,1,671,LISTAS,,
64043,01_004_015,900,691,691,0,4,687,LISTAS,,
64045,01_004_016,814,624,623,0,5,618,LISTAS,,
64047,01_004_017,866,616,616,0,3,613,LISTAS,,
64049,01_004_018,884,627,627,0,3,624,LISTAS,,
64051,01_004_019,1034,763,763,0,2,761,LISTAS,,
64053,01_004_020,898,589,589,0,4,585,LISTAS,,
64055,01_004_021,873,605,605,0,7,598,LISTAS,,
64057,01_004_022,919,588,588,0,4,584,LISTAS,,
64059,01_004_023,845,555,555,0,4,551,LISTAS,,
64061,01_004_024,900,539,539,0,1,538,LISTAS,,
64063,01_004_025,936,605,605,0,4,601,LISTAS,,
64065,01_004_026,848,482,482,0,3,479,LISTAS,,
64067,01_004_027,926,626,626,0,3,623,LISTAS,,
64069,01_004_028,943,659,659,0,3,656,LISTAS,,
64071,01_004_029,975,755,755,0,6,749,LISTAS,,
64073,01_004_030,882,617,617,0,6,611,LISTAS,,
64075,01_004_031,924,710,709,0,5,704,LISTAS,,
64077,01_004_032,854,474,474,0,3,471,LISTAS,,
64079,01_004_033,816,622,622,0,2,620,LISTAS,,
64081,01_004_034,965,718,718,0,1,717,LISTAS,,
64083,01_004_035,894,505,504,0,3,501,LISTAS,,
64085,01_004_036,851,511,511,0,4,507,LISTAS,,
64087,01_004_037,881,648,646,0,8,638,LISTAS,,
63585,01_004_038,1022,677,676,0,3,673,LISTAS,,
63587,01_004_039,738,533,533,0,3,530,LISTAS,,
63589,01_004_040,939,693,693,0,3,690,LISTAS,,
63591,01_004_041,839,381,381,0,3,378,LISTAS,,
63593,01_004_042,895,478,478,0,7,471,LISTAS,,
63595,01_004_043,940,559,559,0,3,556,LISTAS,,
63597,01_004_044,859,489,489,0,7,482,LISTAS,,
63599,01_004_045,899,511,510,0,3,507,LISTAS,,
63601,01_004_046,920,599,599,0,2,597,LISTAS,,
63603,01_004_047,898,580,579,0,4,575,LISTAS,,
63605,01_004_048,2153,1738,1738,0,9,1729,LISTAS,,
63607,01_004_049,777,545,544,0,5,539,LISTAS,,
63609,01_004_050,964,595,595,0,0,595,LISTAS,,
63611,01_004_051,980,609,609,0,2,607,LISTAS,,
63613,01_004_052,951,654,653,0,1,652,LISTAS,,
63615,01_004_053,842,576,576,0,4,572,LISTAS,,
63617,01_004_054,825,505,505,0,8,497,LISTAS,,
63619,01_004_055,941,557,556,0,5,551,LISTAS,,
63621,01_004_056,956,653,653,0,3,650,LISTAS,,
63623,01_004_057,953,595,595,0,3,592,LISTAS,,
63625,01_004_058,938,672,666,0,5,661,LISTAS,,
63627,01_004_059,1021,669,669,0,5,664,LISTAS,,
63629,01_004_060,924,535,535,0,2,533,LISTAS,,
63631,01_004_061,917,577,577,0,4,573,LISTAS,,
63633,01_004_062,901,493,493,0,2,491,LISTAS,,
63635,01_004_063,911,601,601,0,3,598,LISTAS,,
63637,01_004_064,932,583,583,0,6,577,LISTAS,,
63639,01_004_065,852,569,569,0,2,567,LISTAS,,
63641,01_004_066,965,555,556,0,15,541,LISTAS,,
63643,01_004_067,959,619,619,0,5,614,LISTAS,,
63645,01_004_068,943,579,578,0,1,577,LISTAS,,
64217,01_004_069,904,601,601,0,4,597,LISTAS,,
64219,01_004_070,972,639,639,0,1,638,LISTAS,,
64221,01_004_071,911,557,557,0,4,553,LISTAS,,
64223,01_004_072,970,596,596,0,2,594,LISTAS,,
64247,01_004_073,1011,698,698,0,15,683,LISTAS,,
64249,01_004_074,1000,717,715,0,3,712,LISTAS,,
64251,01_004_075,1035,724,724,0,5,719,LISTAS,,
64253,01_004_076,914,537,536,0,1,535,LISTAS,,
64255,01_004_077,1038,701,701,0,2,699,LISTAS,,
64257,01_004_078,1053,697,697,0,3,694,LISTAS,,
64259,01_004_079,1032,654,654,0,4,650,LISTAS,,
64261,01_004_080,1006,622,622,0,9,613,LISTAS,,
64263,01_004_081,987,601,601,0,5,596,LISTAS,,
64265,01_004_082,977,620,620,0,6,614,LISTAS,,
64267,01_004_083,918,604,603,0,8,595,LISTAS,,
64269,01_004_084,1020,643,643,0,3,640,LISTAS,,
62361,01_005_001,978,704,703,0,8,695,LISTAS,,
62369,01_005_002,806,571,571,0,3,568,LISTAS,,
62363,01_005_003,781,573,573,0,3,570,LISTAS,,
62365,01_005_004,971,735,734,0,5,729,LISTAS,,
62367,01_005_005,1035,734,732,0,5,727,LISTAS,,
62371,01_005_006,874,639,639,0,4,635,LISTAS,,
62373,01_005_007,950,645,645,0,4,641,LISTAS,,
62377,01_005_008,3715,3174,3164,0,14,3150,LISTAS,,
62375,01_005_009,974,681,680,0,5,675,LISTAS,,
62379,01_005_010,601,433,433,0,5,428,LISTAS,,
62461,01_005_011,615,399,397,0,2,395,LISTAS,,
62381,01_005_012,1037,751,751,0,5,746,LISTAS,,
62383,01_005_013,1041,743,742,0,2,740,LISTAS,,
62385,01_005_014,1029,721,719,0,4,715,LISTAS,,
62387,01_005_015,983,693,693,0,13,680,LISTAS,,
62389,01_005_016,886,640,639,0,2,637,LISTAS,,
62391,01_005_017,946,698,698,0,4,694,LISTAS,,
62393,01_005_018,952,737,737,0,3,734,LISTAS,,
62395,01_005_019,979,751,749,0,3,746,LISTAS,,
62397,01_005_020,1074,756,756,0,3,753,LISTAS,,
62399,01_005_021,1065,784,784,0,4,780,LISTAS,,
63001,01_006_001,990,641,640,0,6,634,LISTAS,,
63003,01_006_002,888,567,567,0,5,562,LISTAS,,
63005,01_006_003,650,416,416,0,5,411,LISTAS,,
63007,01_006_004,858,544,544,0,4,540,LISTAS,,
63009,01_006_005,1035,682,682,0,2,680,LISTAS,,
63011,01_006_006,803,499,501,0,21,480,LISTAS,,
63013,01_006_007,703,454,454,0,0,454,LISTAS,,
63015,01_006_008,1185,762,762,0,6,756,LISTAS,,
63017,01_006_009,664,397,395,0,2,393,LISTAS,,
63019,01_006_010,872,574,574,0,5,569,LISTAS,,
63021,01_006_011,824,551,551,0,2,549,LISTAS,,
63023,01_006_012,831,490,489,0,2,487,LISTAS,,
63025,01_006_013,1334,781,780,0,5,775,LISTAS,,
63027,01_006_014,766,476,476,0,4,472,LISTAS,,
63029,01_006_015,1003,646,645,0,4,641,LISTAS,,
63031,01_006_016,1159,660,659,0,2,657,LISTAS,,
63033,01_006_017,982,608,596,0,3,593,LISTAS,,
63035,01_006_018,853,516,516,0,6,510,LISTAS,,
63037,01_006_019,870,547,547,0,7,540,LISTAS,,
63039,01_006_020,897,582,581,0,5,576,LISTAS,,
63041,01_006_021,970,632,632,0,6,626,LISTAS,,
63043,01_006_022,1249,778,778,0,6,772,LISTAS,,
63045,01_006_023,851,578,578,0,4,574,LISTAS,,
63047,01_006_024,942,584,584,0,6,578,LISTAS,,
63049,01_006_025,764,503,501,0,3,498,LISTAS,,
63051,01_006_026,850,477,477,0,4,473,LISTAS,,
63053,01_006_027,1040,676,676,0,2,674,LISTAS,,
63055,01_006_028,844,544,544,0,4,540,LISTAS,,
63057,01_006_029,1156,779,779,0,6,773,LISTAS,,
63059,01_006_030,669,508,507,0,6,501,LISTAS,,
63061,01_007_001,863,587,586,0,2,584,LISTAS,,
63063,01_007_002,911,495,494,0,10,484,LISTAS,,
63065,01_007_003,997,574,574,0,0,574,LISTAS,,
63067,01_007_004,907,515,515,0,7,508,LISTAS,,
63069,01_007_005,1165,772,772,0,8,764,LISTAS,,
63071,01_007_006,1158,761,761,0,4,757,LISTAS,,
63073,01_007_007,1185,725,723,0,6,717,LISTAS,,
63075,01_007_008,1054,678,678,0,10,668,LISTAS,,
63077,01_007_009,1063,636,636,0,8,628,LISTAS,,
63079,01_007_010,759,364,371,0,44,327,LISTAS,,
63081,01_007_011,3110,2710,2706,0,15,2691,LISTAS,,
63083,01_007_012,1139,689,689,0,2,687,LISTAS,,
63085,01_007_013,1063,586,586,0,11,575,LISTAS,,
63087,01_007_014,1247,806,806,0,2,804,LISTAS,,
63089,01_007_015,1074,648,648,0,3,645,LISTAS,,
63091,01_007_016,1225,749,749,0,7,742,LISTAS,,
63093,01_007_017,1143,740,740,0,7,733,LISTAS,,
63095,01_007_018,1073,674,673,0,5,668,LISTAS,,
63097,01_007_019,1083,672,671,0,4,667,LISTAS,,
63099,01_007_020,1052,630,629,0,3,626,LISTAS,,
63101,01_007_021,1121,747,747,0,5,742,LISTAS,,
63103,01_007_022,1008,657,656,0,4,652,LISTAS,,
63105,01_007_023,1146,714,714,0,3,711,LISTAS,,
63107,01_007_024,1175,794,794,0,8,786,LISTAS,,
63109,01_007_025,1271,837,836,0,8,828,LISTAS,,
63111,01_007_026,1174,715,715,0,8,707,LISTAS,,
63113,01_007_027,1066,680,680,0,6,674,LISTAS,,
63115,01_007_028,1120,720,720,0,8,712,LISTAS,,
63117,01_007_029,1155,708,700,0,6,694,LISTAS,,
63119,01_007_030,1201,699,698,0,9,689,LISTAS,,
63121,01_007_031,1205,702,698,0,3,695,LISTAS,,
63123,01_007_032,1197,672,672,0,7,665,LISTAS,,
63125,01_007_033,1243,772,772,0,6,766,LISTAS,,
63127,01_007_034,1211,700,701,0,21,680,LISTAS,,
63129,01_007_035,1183,726,726,0,0,726,LISTAS,,
63131,01_007_036,1039,630,630,0,3,627,LISTAS,,
63133,01_007_037,1056,624,624,0,7,617,LISTAS,,
63135,01_007_038,1115,620,620,0,10,610,LISTAS,,
62401,01_008_001,902,640,639,0,3,636,LISTAS,,
62403,01_008_002,839,570,570,0,6,564,LISTAS,,
62405,01_008_003,797,545,545,0,3,542,LISTAS,,
62411,01_008_004,708,474,474,0,2,472,LISTAS,,
62407,01_008_005,899,605,604,0,3,601,LISTAS,,
62409,01_008_006,744,478,478,0,3,475,LISTAS,,
63137,01_008_007,1121,738,738,0,3,735,LISTAS,,
62661,01_008_008,837,525,525,0,1,524,LISTAS,,
62413,01_008_009,1023,701,701,0,3,698,LISTAS,,
62415,01_008_010,813,572,572,0,12,560,LISTAS,,
62417,01_008_011,1161,767,765,0,8,757,LISTAS,,
63139,01_008_012,821,471,471,0,7,464,LISTAS,,
63149,01_008_013,1073,596,591,0,3,588,LISTAS,,
62663,01_008_014,966,570,570,0,4,566,LISTAS,,
62675,01_008_015,994,474,473,0,6,467,LISTAS,,
62677,01_008_016,994,621,621,0,6,615,LISTAS,,
62679,01_008_017,1051,683,683,0,7,676,LISTAS,,
62673,01_008_018,827,520,520,0,4,516,LISTAS,,
62669,01_008_019,952,492,491,0,1,490,LISTAS,,
62667,01_008_020,1102,534,534,0,4,530,LISTAS,,
62665,01_008_021,991,508,508,0,1,507,LISTAS,,
63147,01_008_022,829,429,429,0,6,423,LISTAS,,
63145,01_008_023,731,381,381,0,5,376,LISTAS,,
63141,01_008_024,992,548,548,0,2,546,LISTAS,,
63143,01_008_025,847,515,515,0,3,512,LISTAS,,
62647,01_008_026,854,494,494,0,3,491,LISTAS,,
62645,01_008_027,912,499,496,0,11,485,LISTAS,,
62653,01_008_028,734,407,407,0,5,402,LISTAS,,
62655,01_008_029,940,439,439,0,1,438,LISTAS,,
62657,01_008_030,1130,474,474,0,6,468,LISTAS,,
62671,01_008_031,1022,294,294,0,3,291,LISTAS,,
62697,01_008_032,940,418,418,0,4,414,LISTAS,,
62681,01_008_033,649,360,360,0,2,358,LISTAS,,
62683,01_008_034,783,461,461,0,5,456,LISTAS,,
62691,01_008_035,843,418,418,0,4,414,LISTAS,,
62693,01_008_036,779,512,511,0,8,503,LISTAS,,
63283,01_008_037,578,234,234,0,3,231,LISTAS,,
62687,01_008_038,811,509,509,0,5,504,LISTAS,,
62695,01_008_039,787,493,493,0,1,492,LISTAS,,
62685,01_008_040,779,474,474,0,1,473,LISTAS,,
62689,01_008_041,883,542,541,0,4,537,LISTAS,,
63275,01_008_042,650,324,324,0,1,323,LISTAS,,
62705,01_008_043,624,236,236,0,2,234,LISTAS,,
62699,01_008_044,1073,547,547,0,3,544,LISTAS,,
62659,01_008_045,855,322,322,0,3,319,LISTAS,,
62651,01_008_046,735,391,390,0,0,390,LISTAS,,
62649,01_008_047,911,475,474,0,3,471,LISTAS,,
63299,01_008_048,637,358,358,0,1,357,LISTAS,,
62701,01_008_049,1062,462,462,0,7,455,LISTAS,,
62703,01_008_050,1326,750,750,0,12,738,LISTAS,,
63277,01_008_051,638,314,314,0,4,310,LISTAS,,
63279,01_008_052,871,352,352,0,14,338,LISTAS,,
63281,01_008_053,1116,590,589,0,7,582,LISTAS,,
63285,01_008_054,648,494,494,0,1,493,LISTAS,,
63287,01_008_055,1034,674,674,0,2,672,LISTAS,,
63289,01_008_056,795,432,432,0,7,425,LISTAS,,
63291,01_008_057,1002,639,639,0,5,634,LISTAS,,
63297,01_008_058,585,356,356,0,2,354,LISTAS,,
63295,01_008_059,657,534,534,0,4,530,LISTAS,,
63293,01_008_060,580,335,336,0,17,319,LISTAS,,
63365,01_008_061,2498,1914,1901,0,18,1883,LISTAS,,
63367,01_008_062,1297,203,203,0,2,201,LISTAS,,
62419,01_009_001,693,450,449,0,6,443,LISTAS,,
62421,01_009_002,748,488,488,0,4,484,LISTAS,,
62423,01_009_003,665,435,435,0,1,434,LISTAS,,
62425,01_009_004,794,529,529,0,3,526,LISTAS,,
62427,01_009_005,765,469,469,0,7,462,LISTAS,,
62429,01_009_006,898,561,559,0,1,558,LISTAS,,
62431,01_009_007,634,419,419,0,9,410,LISTAS,,
62433,01_009_008,707,445,445,0,1,444,LISTAS,,
62435,01_009_009,921,514,514,0,2,512,LISTAS,,
62437,01_009_010,727,544,544,0,8,536,LISTAS,,
62439,01_009_011,770,524,523,0,1,522,LISTAS,,
62441,01_009_012,791,513,513,0,3,510,LISTAS,,
62443,01_009_013,837,583,583,0,3,580,LISTAS,,
62445,01_009_014,916,641,641,0,6,635,LISTAS,,
62447,01_009_015,691,463,463,0,5,458,LISTAS,,
62449,01_009_016,881,498,498,0,6,492,LISTAS,,
62451,01_009_017,970,664,664,0,6,658,LISTAS,,
62453,01_009_018,815,505,505,0,2,503,LISTAS,,
63301,01_009_019,1068,522,521,0,3,518,LISTAS,,
63303,01_009_020,1003,482,482,0,10,472,LISTAS,,
63305,01_009_021,889,545,545,0,1,544,LISTAS,,
63307,01_009_022,920,540,540,0,1,539,LISTAS,,
63309,01_009_023,823,399,398,0,3,395,LISTAS,,
63311,01_009_024,644,413,413,0,1,412,LISTAS,,
63313,01_009_025,937,611,611,0,3,608,LISTAS,,
63315,01_009_026,777,496,496,0,3,493,LISTAS,,
63317,01_009_027,774,544,544,0,1,543,LISTAS,,
62455,01_009_028,773,527,526,0,5,521,LISTAS,,
62457,01_009_029,865,598,598,0,1,597,LISTAS,,
62459,01_009_030,910,624,624,0,5,619,LISTAS,,
63319,01_009_031,802,442,441,0,1,440,LISTAS,,
63321,01_009_032,703,408,408,0,2,406,LISTAS,,
63323,01_009_033,873,539,538,0,5,533,LISTAS,,
63325,01_009_034,751,467,467,0,2,465,LISTAS,,
63327,01_009_035,785,560,560,0,8,552,LISTAS,,
63329,01_009_036,1071,618,618,0,5,613,LISTAS,,
63331,01_009_037,748,377,377,0,3,374,LISTAS,,
63333,01_009_038,732,382,382,0,3,379,LISTAS,,
63335,01_009_039,826,346,346,0,2,344,LISTAS,,
63337,01_009_040,948,312,312,0,4,308,LISTAS,,
63339,01_009_041,669,472,471,0,2,469,LISTAS,,
63341,01_009_042,705,485,485,0,3,482,LISTAS,,
63343,01_009_043,648,472,472,0,8,464,LISTAS,,
63345,01_009_044,674,481,481,0,5,476,LISTAS,,
63347,01_009_045,892,575,575,0,5,570,LISTAS,,
63349,01_009_046,790,517,516,0,6,510,LISTAS,,
63351,01_009_047,711,486,486,0,2,484,LISTAS,,
63353,01_009_048,713,500,499,0,4,495,LISTAS,,
63355,01_009_049,932,645,645,0,3,642,LISTAS,,
63357,01_009_050,875,629,629,0,8,621,LISTAS,,
63359,01_009_051,834,555,555,0,3,552,LISTAS,,
63361,01_009_052,823,548,548,0,6,542,LISTAS,,
63363,01_009_053,790,567,567,0,3,564,LISTAS,,
63651,01_010_001,642,473,473,0,4,469,LISTAS,,
63653,01_010_002,664,495,493,0,7,486,LISTAS,,
63655,01_010_003,795,327,326,0,5,321,LISTAS,,
63657,01_010_004,620,322,322,0,1,321,LISTAS,,
63659,01_010_005,635,321,321,0,6,315,LISTAS,,
63847,01_010_006,661,372,372,0,3,369,LISTAS,,
63849,01_010_007,638,413,413,0,3,410,LISTAS,,
63691,01_010_008,650,364,364,0,2,362,LISTAS,,
63689,01_010_009,888,532,532,0,2,530,LISTAS,,
63677,01_010_010,643,394,394,0,0,394,LISTAS,,
63679,01_010_011,741,505,505,0,4,501,LISTAS,,
63683,01_010_012,733,519,518,0,2,516,LISTAS,,
63685,01_010_013,753,478,478,0,0,478,LISTAS,,
63687,01_010_014,696,378,378,0,4,374,LISTAS,,
63693,01_010_015,780,418,418,0,2,416,LISTAS,,
63695,01_010_016,798,527,527,0,4,523,LISTAS,,
63681,01_010_017,807,554,554,0,2,552,LISTAS,,
63697,01_010_018,778,424,424,0,3,421,LISTAS,,
63715,01_010_019,2135,1764,1758,0,4,1754,LISTAS,,
63699,01_010_020,888,474,474,0,4,470,LISTAS,,
63717,01_010_021,968,571,571,0,3,568,LISTAS,,
63713,01_010_022,847,583,583,0,6,577,LISTAS,,
63711,01_010_023,822,552,551,0,5,546,LISTAS,,
63719,01_010_024,809,492,492,0,4,488,LISTAS,,
63661,01_010_025,637,431,431,0,2,429,LISTAS,,
63663,01_010_026,669,470,470,0,2,468,LISTAS,,
63667,01_010_027,854,519,519,0,6,513,LISTAS,,
63665,01_010_028,792,497,497,0,8,489,LISTAS,,
63669,01_010_029,831,550,550,0,0,550,LISTAS,,
63671,01_010_030,708,433,433,0,2,431,LISTAS,,
63673,01_010_031,822,594,594,0,4,590,LISTAS,,
63675,01_010_032,859,651,651,0,3,648,LISTAS,,
63705,01_010_033,818,450,449,0,2,447,LISTAS,,
63703,01_010_034,835,469,469,0,3,466,LISTAS,,
63701,01_010_035,648,298,297,0,1,296,LISTAS,,
63707,01_010_036,817,525,525,0,5,520,LISTAS,,
63709,01_010_037,898,556,556,0,2,554,LISTAS,,
63737,01_010_038,788,522,522,0,4,518,LISTAS,,
63721,01_010_039,629,351,351,0,4,347,LISTAS,,
63723,01_010_040,705,402,402,0,0,402,LISTAS,,
63727,01_010_041,637,481,481,0,1,480,LISTAS,,
63729,01_010_042,750,530,530,0,16,514,LISTAS,,
63733,01_010_043,685,440,440,0,0,440,LISTAS,,
63731,01_010_044,680,453,455,0,28,427,LISTAS,,
63735,01_010_045,610,443,443,0,2,441,LISTAS,,
63745,01_010_046,611,389,389,0,4,385,LISTAS,,
63739,01_010_047,694,379,379,0,3,376,LISTAS,,
63741,01_010_048,762,391,391,0,4,387,LISTAS,,
63743,01_010_049,737,367,367,0,1,366,LISTAS,,
63725,01_010_050,773,389,389,0,6,383,LISTAS,,
63747,01_010_051,681,482,481,0,2,479,LISTAS,,
63749,01_010_052,670,464,464,0,2,462,LISTAS,,
63751,01_010_053,699,525,525,0,2,523,LISTAS,,
63753,01_010_054,723,550,549,0,6,543,LISTAS,,
63755,01_010_055,730,479,479,0,3,476,LISTAS,,
63757,01_010_056,881,516,508,0,5,503,LISTAS,,
63759,01_010_057,843,491,490,0,0,490,LISTAS,,
63761,01_010_058,697,433,433,0,2,431,LISTAS,,
63763,01_010_059,648,384,384,0,7,377,LISTAS,,
63765,01_010_060,766,440,440,0,2,438,LISTAS,,
63767,01_010_061,834,579,579,0,5,574,LISTAS,,
63769,01_010_062,809,525,525,0,0,525,LISTAS,,
63771,01_010_063,856,537,536,0,2,534,LISTAS,,
63773,01_010_064,799,513,513,0,4,509,LISTAS,,
63775,01_010_065,778,461,461,0,1,460,LISTAS,,
63777,01_010_066,846,498,498,0,0,498,LISTAS,,
63779,01_010_067,822,466,466,0,0,466,LISTAS,,
63781,01_010_068,688,469,468,0,4,464,LISTAS,,
63783,01_010_069,752,473,472,0,3,469,LISTAS,,
64117,01_010_070,983,588,588,0,1,587,LISTAS,,
64119,01_010_071,933,601,600,0,3,597,LISTAS,,
64121,01_010_072,926,524,524,0,0,524,LISTAS,,
64123,01_010_073,889,521,521,0,5,516,LISTAS,,
64125,01_010_074,877,555,555,0,4,551,LISTAS,,
64127,01_010_075,634,457,457,0,2,455,LISTAS,,
64129,01_010_076,710,506,505,0,2,503,LISTAS,,
62479,01_011_001,849,636,636,0,3,633,LISTAS,,
62487,01_011_002,897,718,717,0,4,713,LISTAS,,
62489,01_011_003,789,653,643,0,2,641,LISTAS,,
62577,01_011_004,831,631,631,0,1,630,LISTAS,,
62485,01_011_005,864,668,666,0,1,665,LISTAS,,
62483,01_011_006,917,686,686,0,5,681,LISTAS,,
62481,01_011_007,814,591,591,0,3,588,LISTAS,,
62477,01_011_008,763,595,595,0,2,593,LISTAS,,
62467,01_011_009,852,624,624,0,4,620,LISTAS,,
62469,01_011_010,784,581,581,0,3,578,LISTAS,,
62471,01_011_011,893,659,658,0,4,654,LISTAS,,
62465,01_011_012,936,674,674,0,2,672,LISTAS,,
62463,01_011_013,813,618,618,0,1,617,LISTAS,,
62473,01_011_014,766,515,514,0,1,513,LISTAS,,
62475,01_011_015,739,574,574,0,4,570,LISTAS,,
62529,01_011_016,854,622,622,0,3,619,LISTAS,,
62527,01_011_017,841,620,620,0,4,616,LISTAS,,
62523,01_011_018,803,580,580,0,7,573,LISTAS,,
62521,01_011_019,957,675,675,0,6,669,LISTAS,,
62519,01_011_020,846,590,590,0,4,586,LISTAS,,
62525,01_011_021,863,635,636,0,17,619,LISTAS,,
62517,01_011_022,890,670,670,0,1,669,LISTAS,,
62515,01_011_023,731,562,562,0,4,558,LISTAS,,
62513,01_011_024,862,679,679,0,5,674,LISTAS,,
62511,01_011_025,798,581,581,0,2,579,LISTAS,,
62509,01_011_026,834,625,625,0,4,621,LISTAS,,
62507,01_011_027,912,683,683,0,3,680,LISTAS,,
62609,01_011_028,827,600,600,0,1,599,LISTAS,,
62505,01_011_029,907,656,656,0,1,655,LISTAS,,
62501,01_011_030,926,685,685,0,4,681,LISTAS,,
62503,01_011_031,914,660,659,0,5,654,LISTAS,,
62499,01_011_032,842,620,619,0,3,616,LISTAS,,
62495,01_011_033,891,661,661,0,6,655,LISTAS,,
62497,01_011_034,2750,2340,2386,0,267,2119,LISTAS,,
62493,01_011_035,812,526,525,0,3,522,LISTAS,,
62491,01_011_036,1052,779,777,0,2,775,LISTAS,,
62579,01_011_037,908,676,676,0,0,676,LISTAS,,
62581,01_011_038,842,671,671,0,3,668,LISTAS,,
62607,01_011_039,948,773,773,0,2,771,LISTAS,,
62569,01_011_040,859,647,635,0,3,632,LISTAS,,
62571,01_011_041,847,645,644,0,5,639,LISTAS,,
62583,01_011_042,957,791,791,0,5,786,LISTAS,,
62585,01_011_043,956,789,787,0,9,778,LISTAS,,
62587,01_011_044,927,755,755,0,1,754,LISTAS,,
62589,01_011_045,879,728,726,0,3,723,LISTAS,,
62591,01_011_046,946,792,792,0,4,788,LISTAS,,
62593,01_011_047,984,801,801,0,3,798,LISTAS,,
62595,01_011_048,963,805,805,0,4,801,LISTAS,,
62597,01_011_049,1013,809,809,0,5,804,LISTAS,,
62611,01_011_050,976,671,671,0,3,668,LISTAS,,
62613,01_011_051,994,714,714,0,0,714,LISTAS,,
62615,01_011_052,800,608,608,0,3,605,LISTAS,,
62617,01_011_053,883,684,684,0,5,679,LISTAS,,
62619,01_011_054,879,667,666,0,3,663,LISTAS,,
62621,01_011_055,959,728,728,0,2,726,LISTAS,,
62599,01_011_056,888,710,709,0,8,701,LISTAS,,
62601,01_011_057,852,658,658,0,5,653,LISTAS,,
62603,01_011_058,764,560,559,0,3,556,LISTAS,,
62605,01_011_059,1095,832,820,0,3,817,LISTAS,,
62557,01_011_060,1039,763,763,0,6,757,LISTAS,,
62575,01_011_061,1068,844,844,0,4,840,LISTAS,,
62573,01_011_062,869,681,681,0,5,676,LISTAS,,
62561,01_011_063,772,592,592,0,1,591,LISTAS,,
62559,01_011_064,1003,735,735,0,3,732,LISTAS,,
62563,01_011_065,770,545,545,0,3,542,LISTAS,,
62565,01_011_066,772,580,578,0,3,575,LISTAS,,
62567,01_011_067,973,718,716,0,4,712,LISTAS,,
62531,01_011_068,917,635,635,0,7,628,LISTAS,,
62533,01_011_069,1009,640,640,0,3,637,LISTAS,,
62535,01_011_070,794,488,488,0,3,485,LISTAS,,
62537,01_011_071,925,670,670,0,5,665,LISTAS,,
62539,01_011_072,962,765,765,0,10,755,LISTAS,,
62541,01_011_073,760,516,516,0,2,514,LISTAS,,
62551,01_011_074,762,528,528,0,2,526,LISTAS,,
62549,01_011_075,789,563,561,0,5,556,LISTAS,,
62547,01_011_076,873,644,644,0,7,637,LISTAS,,
62545,01_011_077,843,607,607,0,4,603,LISTAS,,
62543,01_011_078,784,546,546,0,4,542,LISTAS,,
62553,01_011_079,795,557,555,0,1,554,LISTAS,,
62555,01_011_080,738,515,515,0,3,512,LISTAS,,
65251,01_011_081,956,751,750,0,3,747,LISTAS,,
65253,01_011_082,1147,822,822,0,6,816,LISTAS,,
65255,01_011_083,995,633,633,0,2,631,LISTAS,,
65257,01_011_084,1040,798,798,0,4,794,LISTAS,,
65259,01_011_085,1157,850,850,0,9,841,LISTAS,,
65261,01_011_086,1266,904,902,0,5,897,LISTAS,,
65303,01_011_087,938,637,636,0,6,630,LISTAS,,
65305,01_011_088,1004,709,708,0,1,707,LISTAS,,
65307,01_011_089,970,689,690,0,23,667,LISTAS,,
65309,01_011_090,802,521,521,0,1,520,LISTAS,,
65313,01_011_091,844,631,631,0,1,630,LISTAS,,
65315,01_011_092,983,665,663,0,11,652,LISTAS,,
65311,01_011_093,787,492,492,0,4,488,LISTAS,,
65301,01_011_094,1069,721,721,0,4,717,LISTAS,,
65299,01_011_095,727,493,493,0,0,493,LISTAS,,
65297,01_011_096,909,665,664,0,3,661,LISTAS,,
65295,01_011_097,818,540,540,0,2,538,LISTAS,,
65293,01_011_098,855,596,596,0,10,586,LISTAS,,
65291,01_011_099,694,427,426,0,2,424,LISTAS,,
65289,01_011_100,827,573,573,0,2,571,LISTAS,,
65267,01_011_101,677,474,474,0,1,473,LISTAS,,
65269,01_011_102,716,559,559,0,3,556,LISTAS,,
65265,01_011_103,945,650,650,0,4,646,LISTAS,,
65271,01_011_104,1050,854,851,0,8,843,LISTAS,,
65273,01_011_105,1046,776,775,0,7,768,LISTAS,,
65263,01_011_106,1111,766,766,0,6,760,LISTAS,,
65275,01_011_107,879,613,613,0,5,608,LISTAS,,
65277,01_011_108,785,546,546,0,5,541,LISTAS,,
65279,01_011_109,801,637,638,0,13,625,LISTAS,,
65281,01_011_110,748,549,549,0,2,547,LISTAS,,
65283,01_011_111,876,683,683,0,2,681,LISTAS,,
65285,01_011_112,899,705,703,0,1,702,LISTAS,,
65287,01_011_113,856,661,661,0,4,657,LISTAS,,
65317,01_011_114,948,725,725,0,9,716,LISTAS,,
65319,01_011_115,953,739,739,0,4,735,LISTAS,,
65321,01_011_116,872,676,674,0,6,668,LISTAS,,
65323,01_011_117,1024,760,760,0,4,756,LISTAS,,
65325,01_011_118,1005,541,539,0,7,532,LISTAS,,
62729,01_012_001,687,516,516,0,2,514,LISTAS,,
62731,01_012_002,741,492,492,0,3,489,LISTAS,,
62733,01_012_003,516,353,353,0,1,352,LISTAS,,
62735,01_012_004,767,581,581,0,3,578,LISTAS,,
62737,01_012_005,639,434,434,0,0,434,LISTAS,,
62739,01_012_006,2905,2543,2536,0,12,2524,LISTAS,,
62741,01_012_007,836,632,632,0,6,626,LISTAS,,
62743,01_012_008,893,677,677,0,4,673,LISTAS,,
62745,01_012_009,939,720,720,0,4,716,LISTAS,,
62747,01_012_010,1026,843,825,0,4,821,LISTAS,,
62749,01_012_011,836,654,651,0,4,647,LISTAS,,
62751,01_012_012,1025,818,814,0,4,810,LISTAS,,
62753,01_012_013,653,531,531,0,4,527,LISTAS,,
62755,01_012_014,660,508,508,0,1,507,LISTAS,,
62757,01_012_015,751,568,567,0,4,563,LISTAS,,
62759,01_012_016,736,580,580,0,3,577,LISTAS,,
62761,01_012_017,964,685,685,0,9,676,LISTAS,,
62763,01_012_018,856,644,644,0,10,634,LISTAS,,
62765,01_012_019,864,663,663,0,2,661,LISTAS,,
62767,01_012_020,817,638,636,0,2,634,LISTAS,,
62769,01_012_021,799,604,604,0,3,601,LISTAS,,
62771,01_012_022,546,439,439,0,0,439,LISTAS,,
62773,01_012_023,734,497,498,0,18,480,LISTAS,,
62775,01_012_024,637,522,522,0,1,521,LISTAS,,
62777,01_012_025,774,627,629,0,23,606,LISTAS,,
62779,01_012_026,732,608,608,0,4,604,LISTAS,,
62781,01_012_027,745,616,616,0,3,613,LISTAS,,
62783,01_012_028,1041,770,770,0,3,767,LISTAS,,
62785,01_012_029,708,553,551,0,5,546,LISTAS,,
62787,01_012_030,909,723,722,0,2,720,LISTAS,,
62789,01_012_031,741,552,551,0,5,546,LISTAS,,
62791,01_012_032,852,655,652,0,6,646,LISTAS,,
62793,01_012_033,990,716,716,0,6,710,LISTAS,,
62795,01_012_034,882,719,719,0,1,718,LISTAS,,
62797,01_012_035,883,715,715,0,2,713,LISTAS,,
62799,01_012_036,721,578,578,0,3,575,LISTAS,,
62801,01_012_037,771,606,606,0,5,601,LISTAS,,
62803,01_012_038,954,758,758,0,6,752,LISTAS,,
62805,01_012_039,965,768,768,0,2,766,LISTAS,,
62807,01_012_040,758,615,615,0,3,612,LISTAS,,
62809,01_012_041,631,517,517,0,2,515,LISTAS,,
62811,01_012_042,893,722,721,0,4,717,LISTAS,,
62813,01_012_043,957,758,758,0,2,756,LISTAS,,
62815,01_012_044,989,768,768,0,1,767,LISTAS,,
62817,01_012_045,643,456,456,0,2,454,LISTAS,,
62819,01_012_046,1024,775,775,0,2,773,LISTAS,,
62821,01_012_047,1005,769,769,0,2,767,LISTAS,,
62823,01_012_048,895,619,618,0,6,612,LISTAS,,
62825,01_012_049,924,718,717,0,5,712,LISTAS,,
62827,01_012_050,822,636,636,0,0,636,LISTAS,,
62829,01_012_051,629,496,496,0,5,491,LISTAS,,
62831,01_012_052,940,748,748,0,6,742,LISTAS,,
62833,01_012_053,901,699,699,0,2,697,LISTAS,,
62835,01_012_054,726,541,541,0,2,539,LISTAS,,
62837,01_012_055,738,570,570,0,2,568,LISTAS,,
63369,01_013_001,592,349,349,0,2,347,LISTAS,,
63371,01_013_002,606,391,390,0,1,389,LISTAS,,
63373,01_013_003,592,392,392,0,5,387,LISTAS,,
63375,01_013_004,812,578,577,0,2,575,LISTAS,,
63377,01_013_005,709,513,512,0,3,509,LISTAS,,
63379,01_013_006,597,435,435,0,2,433,LISTAS,,
63381,01_013_007,700,535,532,0,4,528,LISTAS,,
63383,01_013_008,660,526,525,0,0,525,LISTAS,,
63385,01_013_009,790,585,585,0,8,577,LISTAS,,
63387,01_013_010,879,583,583,0,4,579,LISTAS,,
63389,01_013_011,858,567,568,0,18,550,LISTAS,,
63391,01_013_012,830,560,557,0,13,544,LISTAS,,
63393,01_013_013,878,606,605,0,5,600,LISTAS,,
63395,01_013_014,720,530,530,0,4,526,LISTAS,,
63397,01_013_015,689,534,534,0,4,530,LISTAS,,
63399,01_013_016,785,599,600,0,14,586,LISTAS,,
63401,01_013_017,1010,715,715,0,7,708,LISTAS,,
63403,01_013_018,736,532,532,0,11,521,LISTAS,,
63405,01_013_019,848,615,615,0,2,613,LISTAS,,
63407,01_013_020,770,563,563,0,3,560,LISTAS,,
63409,01_013_021,959,700,700,0,0,700,LISTAS,,
63411,01_013_022,714,561,559,0,4,555,LISTAS,,
63413,01_013_023,1099,856,855,0,5,850,LISTAS,,
63415,01_013_024,1058,805,805,0,2,803,LISTAS,,
63417,01_013_025,992,706,706,0,8,698,LISTAS,,
63419,01_013_026,929,626,625,0,1,624,LISTAS,,
63421,01_013_027,742,466,466,0,8,458,LISTAS,,
63423,01_013_028,868,624,623,0,6,617,LISTAS,,
63425,01_013_029,820,558,558,0,1,557,LISTAS,,
63427,01_013_030,663,461,461,0,5,456,LISTAS,,
63429,01_013_031,1143,737,737,0,7,730,LISTAS,,
63431,01_013_032,750,507,506,0,2,504,LISTAS,,
63433,01_013_033,1120,625,625,0,4,621,LISTAS,,
63435,01_013_034,1101,556,556,0,7,549,LISTAS,,
63437,01_013_035,1211,530,529,0,3,526,LISTAS,,
63439,01_013_036,1007,757,758,0,17,741,LISTAS,,
63441,01_013_037,1076,816,816,0,5,811,LISTAS,,
63443,01_013_038,1019,795,791,0,4,787,LISTAS,,
63445,01_013_039,1272,730,721,0,3,718,LISTAS,,
63447,01_013_040,1210,453,449,0,6,443,LISTAS,,
63449,01_013_041,1072,716,715,0,2,713,LISTAS,,
63451,01_013_042,1128,698,697,0,6,691,LISTAS,,
63453,01_013_043,818,570,569,0,8,561,LISTAS,,
63455,01_013_044,848,651,651,0,8,643,LISTAS,,
63457,01_013_045,756,547,547,0,2,545,LISTAS,,
63459,01_013_046,1081,710,710,0,8,702,LISTAS,,
63461,01_013_047,1050,577,577,0,0,577,LISTAS,,
63463,01_013_048,674,391,392,0,14,378,LISTAS,,
63465,01_013_049,1086,721,720,0,5,715,LISTAS,,
63467,01_013_050,1021,624,623,0,11,612,LISTAS,,
63469,01_013_051,1075,783,783,0,4,779,LISTAS,,
63471,01_013_052,949,662,659,0,2,657,LISTAS,,
63473,01_013_053,874,660,661,0,13,648,LISTAS,,
63475,01_013_054,825,603,603,0,5,598,LISTAS,,
63477,01_013_055,1193,796,794,0,4,790,LISTAS,,
63479,01_013_056,966,464,464,0,5,459,LISTAS,,
63481,01_013_057,1060,668,668,0,1,667,LISTAS,,
63483,01_013_058,3145,2540,2528,0,14,2514,LISTAS,,
63485,01_013_059,1078,697,698,0,18,680,LISTAS,,
63487,01_013_060,718,389,389,0,1,388,LISTAS,,
63489,01_013_061,1032,590,589,0,4,585,LISTAS,,
63491,01_013_062,1244,785,785,0,4,781,LISTAS,,
63493,01_013_063,690,411,411,0,3,408,LISTAS,,
63495,01_013_064,691,310,310,0,2,308,LISTAS,,
63497,01_013_065,1387,676,676,0,4,672,LISTAS,,
63499,01_013_066,1086,696,696,0,5,691,LISTAS,,
63501,01_013_067,885,600,600,0,5,595,LISTAS,,
63503,01_013_068,1135,677,677,0,5,672,LISTAS,,
63505,01_013_069,1062,737,733,0,3,730,LISTAS,,
63507,01_013_070,762,522,522,0,4,518,LISTAS,,
63509,01_013_071,945,712,712,0,4,708,LISTAS,,
63511,01_013_072,683,521,521,0,0,521,LISTAS,,
63513,01_013_073,829,637,606,0,4,602,LISTAS,,
63515,01_013_074,1028,692,690,0,6,684,LISTAS,,
63517,01_013_075,1177,831,830,0,2,828,LISTAS,,
64225,01_013_076,984,726,724,0,3,721,LISTAS,,
63519,01_013_077,1112,815,815,0,3,812,LISTAS,,
64227,01_013_078,805,571,569,0,2,567,LISTAS,,
64229,01_013_079,670,452,452,0,2,450,LISTAS,,
64231,01_013_080,1293,560,560,0,4,556,LISTAS,,
63521,01_013_081,703,517,517,0,5,512,LISTAS,,
63523,01_013_082,1062,712,710,0,3,707,LISTAS,,
63525,01_013_083,647,393,393,0,9,384,LISTAS,,
63527,01_013_084,681,454,454,0,2,452,LISTAS,,
63529,01_013_085,1105,766,765,0,7,758,LISTAS,,
63531,01_013_086,701,453,453,0,6,447,LISTAS,,
63533,01_013_087,733,486,485,0,2,483,LISTAS,,
63535,01_013_088,822,619,619,0,6,613,LISTAS,,
63537,01_013_089,673,423,421,0,3,418,LISTAS,,
63539,01_013_090,867,656,656,0,5,651,LISTAS,,
64233,01_013_091,987,654,654,0,2,652,LISTAS,,
64235,01_013_092,760,534,534,0,1,533,LISTAS,,
64237,01_013_093,1148,859,859,0,2,857,LISTAS,,
64239,01_013_094,1091,739,739,0,1,738,LISTAS,,
64241,01_013_095,785,477,474,0,0,474,LISTAS,,
63541,01_013_096,928,550,550,0,3,547,LISTAS,,
64243,01_013_097,815,548,548,0,1,547,LISTAS,,
64245,01_013_098,621,454,453,0,3,450,LISTAS,,
63543,01_014_001,908,665,665,0,3,662,LISTAS,,
63545,01_014_002,954,690,690,0,5,685,LISTAS,,
63547,01_014_003,873,648,648,0,0,648,LISTAS,,
63551,01_014_004,862,628,628,0,1,627,LISTAS,,
63553,01_014_005,916,719,718,0,5,713,LISTAS,,
63555,01_014_006,931,716,716,0,8,708,LISTAS,,
63557,01_014_007,873,561,561,0,7,554,LISTAS,,
63559,01_014_008,959,696,696,0,16,680,LISTAS,,
63549,01_014_009,896,640,640,0,4,636,LISTAS,,
63561,01_014_010,878,611,611,0,1,610,LISTAS,,
63563,01_014_011,836,577,577,0,3,574,LISTAS,,
63565,01_014_012,906,657,656,0,3,653,LISTAS,,
63567,01_014_013,882,568,568,0,3,565,LISTAS,,
63571,01_014_014,954,705,705,0,5,700,LISTAS,,
63575,01_014_015,1001,676,680,0,51,629,LISTAS,,
63577,01_014_016,770,595,595,0,4,591,LISTAS,,
63579,01_014_017,906,661,659,0,4,655,LISTAS,,
63581,01_014_018,890,628,628,0,2,626,LISTAS,,
63583,01_014_019,939,655,654,0,5,649,LISTAS,,
63189,01_014_020,871,647,648,0,15,633,LISTAS,,
63573,01_014_021,957,699,697,0,3,694,LISTAS,,
63151,01_014_022,809,578,578,0,5,573,LISTAS,,
63153,01_014_023,837,455,455,0,2,453,LISTAS,,
63155,01_014_024,922,616,615,0,1,614,LISTAS,,
63157,01_014_025,836,575,575,0,7,568,LISTAS,,
63159,01_014_026,995,671,671,0,4,667,LISTAS,,
63195,01_014_027,2600,2135,1866,0,4,1862,LISTAS,,
63163,01_014_028,969,719,716,0,8,708,LISTAS,,
63569,01_014_029,887,662,662,0,10,652,LISTAS,,
63165,01_014_030,950,709,709,0,5,704,LISTAS,,
63167,01_014_031,887,603,602,0,1,601,LISTAS,,
63169,01_014_032,921,627,626,0,4,622,LISTAS,,
63171,01_014_033,887,668,666,0,2,664,LISTAS,,
63175,01_014_034,926,698,698,0,2,696,LISTAS,,
64413,01_014_035,733,517,516,0,5,511,LISTAS,,
64415,01_014_036,656,497,497,0,2,495,LISTAS,,
64421,01_014_037,959,714,714,0,9,705,LISTAS,,
63177,01_014_038,1217,827,827,0,2,825,LISTAS,,
63179,01_014_039,1142,866,867,0,20,847,LISTAS,,
63173,01_014_040,950,460,460,0,5,455,LISTAS,,
63181,01_014_041,1188,812,812,0,0,812,LISTAS,,
63183,01_014_042,954,529,529,0,4,525,LISTAS,,
63185,01_014_043,989,742,742,0,5,737,LISTAS,,
63211,01_014_044,841,586,586,0,5,581,LISTAS,,
63213,01_014_045,894,596,596,0,7,589,LISTAS,,
63219,01_014_046,902,672,671,0,5,666,LISTAS,,
63187,01_014_047,903,682,682,0,8,674,LISTAS,,
63191,01_014_048,890,665,665,0,1,664,LISTAS,,
63193,01_014_049,855,652,652,0,4,648,LISTAS,,
63221,01_014_050,1068,657,661,0,43,618,LISTAS,,
63223,01_014_051,953,492,491,0,3,488,LISTAS,,
63225,01_014_052,869,605,605,0,3,602,LISTAS,,
63227,01_014_053,800,561,561,0,9,552,LISTAS,,
63161,01_014_054,978,619,613,0,7,606,LISTAS,,
63197,01_014_055,1006,673,673,0,3,670,LISTAS,,
63199,01_014_056,911,555,555,0,9,546,LISTAS,,
63201,01_014_057,947,614,614,0,5,609,LISTAS,,
63203,01_014_058,886,647,647,0,8,639,LISTAS,,
63205,01_014_059,902,529,525,0,5,520,LISTAS,,
64417,01_014_060,898,701,701,0,4,697,LISTAS,,
64419,01_014_061,919,721,721,0,9,712,LISTAS,,
64423,01_014_062,860,628,628,0,3,625,LISTAS,,
64425,01_014_063,815,581,581,0,1,580,LISTAS,,
64427,01_014_064,938,705,705,0,4,701,LISTAS,,
63207,01_014_065,736,553,553,0,3,550,LISTAS,,
63209,01_014_066,885,668,668,0,7,661,LISTAS,,
64435,01_014_067,920,682,682,0,7,675,LISTAS,,
64437,01_014_068,891,729,729,0,4,725,LISTAS,,
64429,01_014_069,983,753,753,0,3,750,LISTAS,,
64439,01_014_070,849,675,675,0,2,673,LISTAS,,
64431,01_014_071,861,668,667,0,4,663,LISTAS,,
64433,01_014_072,1143,842,842,0,6,836,LISTAS,,
63243,01_014_073,672,484,481,0,0,481,LISTAS,,
63215,01_014_074,853,611,611,0,7,604,LISTAS,,
63217,01_014_075,865,590,590,0,6,584,LISTAS,,
63229,01_014_076,934,592,591,0,8,583,LISTAS,,
63237,01_014_077,863,558,558,0,3,555,LISTAS,,
63239,01_014_078,892,656,643,0,6,637,LISTAS,,
63241,01_014_079,870,621,619,0,10,609,LISTAS,,
63249,01_014_080,917,638,637,0,5,632,LISTAS,,
63253,01_014_081,974,634,634,0,5,629,LISTAS,,
63231,01_014_082,1179,809,807,0,9,798,LISTAS,,
64441,01_014_083,551,432,431,0,0,431,LISTAS,,
63245,01_014_084,946,687,687,0,7,680,LISTAS,,
63233,01_014_085,1018,762,762,0,7,755,LISTAS,,
63235,01_014_086,911,590,590,0,3,587,LISTAS,,
63247,01_014_087,734,508,511,0,30,481,LISTAS,,
63251,01_014_088,896,582,582,0,5,577,LISTAS,,
63255,01_014_089,972,721,721,0,8,713,LISTAS,,
63257,01_014_090,896,573,573,0,2,571,LISTAS,,
63261,01_014_091,784,476,476,0,5,471,LISTAS,,
63263,01_014_092,914,649,648,0,6,642,LISTAS,,
63647,01_014_093,872,594,594,0,6,588,LISTAS,,
63649,01_014_094,980,629,629,0,3,626,LISTAS,,
63259,01_014_095,940,624,623,0,4,619,LISTAS,,
63269,01_014_096,944,652,652,0,13,639,LISTAS,,
63271,01_014_097,857,607,607,0,19,588,LISTAS,,
63265,01_014_098,891,551,552,0,14,538,LISTAS,,
63267,01_014_099,951,665,664,0,6,658,LISTAS,,
63273,01_014_100,962,668,661,0,7,654,LISTAS,,
64271,01_015_001,901,649,649,0,3,646,LISTAS,,
64273,01_015_002,846,617,617,0,5,612,LISTAS,,
64275,01_015_003,999,726,726,0,5,721,LISTAS,,
64277,01_015_004,1078,781,781,0,3,778,LISTAS,,
64279,01_015_005,1079,558,568,0,65,503,LISTAS,,
64281,01_015_006,1055,769,768,0,1,767,LISTAS,,
64285,01_015_007,843,602,602,0,6,596,LISTAS,,
64287,01_015_008,802,536,536,0,5,531,LISTAS,,
64289,01_015_009,714,472,472,0,1,471,LISTAS,,
64291,01_015_010,1053,685,685,0,2,683,LISTAS,,
64283,01_015_011,975,645,644,0,3,641,LISTAS,,
64297,01_015_012,1094,685,676,0,6,670,LISTAS,,
64299,01_015_013,1155,684,678,0,3,675,LISTAS,,
64409,01_015_014,820,536,536,0,2,534,LISTAS,,
64293,01_015_015,793,522,522,0,3,519,LISTAS,,
64295,01_015_016,1058,706,706,0,5,701,LISTAS,,
64301,01_015_017,755,510,510,0,3,507,LISTAS,,
64303,01_015_018,783,540,540,0,5,535,LISTAS,,
64305,01_015_019,996,650,650,0,3,647,LISTAS,,
64307,01_015_020,1074,651,651,0,3,648,LISTAS,,
64309,01_015_021,1023,638,638,0,4,634,LISTAS,,
64311,01_015_022,920,627,627,0,3,624,LISTAS,,
64313,01_015_023,981,712,712,0,3,709,LISTAS,,
64315,01_015_024,1050,732,732,0,7,725,LISTAS,,
64317,01_015_025,947,696,696,0,9,687,LISTAS,,
64319,01_015_026,809,577,577,0,5,572,LISTAS,,
64321,01_015_027,959,672,672,0,0,672,LISTAS,,
64323,01_015_028,947,648,648,0,7,641,LISTAS,,
64327,01_015_029,903,593,593,0,2,591,LISTAS,,
64331,01_015_030,717,521,521,0,6,515,LISTAS,,
64337,01_015_031,870,574,574,0,3,571,LISTAS,,
64341,01_015_032,797,532,529,0,2,527,LISTAS,,
64343,01_015_033,889,623,623,0,2,621,LISTAS,,
64411,01_015_034,745,574,574,0,1,573,LISTAS,,
64325,01_015_035,1114,781,781,0,2,779,LISTAS,,
64329,01_015_036,763,517,516,0,1,515,LISTAS,,
64333,01_015_037,892,666,666,0,6,660,LISTAS,,
64335,01_015_038,960,674,674,0,9,665,LISTAS,,
64339,01_015_039,942,616,616,0,4,612,LISTAS,,
64345,01_015_040,771,487,487,0,5,482,LISTAS,,
64347,01_015_041,853,512,512,0,4,508,LISTAS,,
64349,01_015_042,993,609,609,0,2,607,LISTAS,,
64351,01_015_043,1008,638,638,0,3,635,LISTAS,,
64353,01_015_044,908,578,577,0,1,576,LISTAS,,
64355,01_015_045,782,456,456,0,1,455,LISTAS,,
64357,01_015_046,958,620,619,0,2,617,LISTAS,,
64359,01_015_047,851,544,544,0,3,541,LISTAS,,
64361,01_015_048,789,467,467,0,0,467,LISTAS,,
64407,01_015_049,828,548,546,0,14,532,LISTAS,,
64363,01_015_050,760,426,426,0,5,421,LISTAS,,
64365,01_015_051,1793,1410,1408,0,11,1397,LISTAS,,
64367,01_015_052,913,529,529,0,2,527,LISTAS,,
64369,01_015_053,790,500,500,0,7,493,LISTAS,,
64371,01_015_054,839,468,468,0,9,459,LISTAS,,
64405,01_015_055,883,567,567,0,11,556,LISTAS,,
64373,01_015_056,908,582,582,0,5,577,LISTAS,,
64375,01_015_057,877,570,570,0,10,560,LISTAS,,
64377,01_015_058,1148,727,727,0,20,707,LISTAS,,
64383,01_015_059,868,514,514,0,15,499,LISTAS,,
64385,01_015_060,942,575,576,0,17,559,LISTAS,,
64379,01_015_061,824,543,543,0,3,540,LISTAS,,
64381,01_015_062,807,425,425,0,2,423,LISTAS,,
64387,01_015_063,872,500,500,0,7,493,LISTAS,,
64389,01_015_064,859,559,559,0,6,553,LISTAS,,
64391,01_015_065,902,602,602,0,9,593,LISTAS,,
64393,01_015_066,829,552,552,0,2,550,LISTAS,,
64395,01_015_067,911,651,651,0,1,650,LISTAS,,
64397,01_015_068,1052,660,660,0,7,653,LISTAS,,
64399,01_015_069,1016,651,651,0,5,646,LISTAS,,
64401,01_015_070,838,542,542,0,7,535,LISTAS,,
64403,01_015_071,900,530,529,0,4,525,LISTAS,,
64443,01_016_001,1065,805,805,0,7,798,LISTAS,,
64445,01_016_002,1000,766,766,0,4,762,LISTAS,,
64447,01_016_003,1016,761,762,0,21,741,LISTAS,,
64449,01_016_004,882,608,608,0,4,604,LISTAS,,
64451,01_016_005,919,693,693,0,9,684,LISTAS,,
64453,01_016_006,1034,739,739,0,5,734,LISTAS,,
64455,01_016_007,1078,764,764,0,1,763,LISTAS,,
64457,01_016_008,1021,753,742,0,4,738,LISTAS,,
64459,01_016_009,1001,739,739,0,8,731,LISTAS,,
64461,01_016_010,987,734,734,0,7,727,LISTAS,,
64463,01_016_011,988,742,742,0,6,736,LISTAS,,
64465,01_016_012,1063,779,779,0,4,775,LISTAS,,
64467,01_016_013,874,652,650,0,4,646,LISTAS,,
64469,01_016_014,993,748,747,0,4,743,LISTAS,,
64471,01_016_015,1078,813,813,0,5,808,LISTAS,,
64473,01_016_016,807,592,592,0,5,587,LISTAS,,
64475,01_016_017,823,575,575,0,2,573,LISTAS,,
64477,01_016_018,931,703,702,0,3,699,LISTAS,,
64479,01_016_019,765,536,536,0,3,533,LISTAS,,
64481,01_016_020,775,563,563,0,7,556,LISTAS,,
64483,01_016_021,729,532,532,0,1,531,LISTAS,,
64485,01_016_022,1924,1671,1665,0,7,1658,LISTAS,,
64487,01_016_023,910,668,668,0,4,664,LISTAS,,
64489,01_016_024,898,639,639,0,2,637,LISTAS,,
64491,01_016_025,869,650,650,0,5,645,LISTAS,,
64493,01_016_026,974,701,701,0,5,696,LISTAS,,
64495,01_016_027,1010,768,768,0,5,763,LISTAS,,
64497,01_016_028,815,619,619,0,8,611,LISTAS,,
64499,01_016_029,878,641,641,0,5,636,LISTAS,,
64501,01_016_030,1043,797,797,0,2,795,LISTAS,,
64503,01_016_031,851,641,641,0,0,641,LISTAS,,
64505,01_016_032,1035,778,778,0,6,772,LISTAS,,
64507,01_016_033,1117,849,850,0,21,829,LISTAS,,
64509,01_016_034,949,677,677,0,5,672,LISTAS,,
64511,01_016_035,1053,783,783,0,6,777,LISTAS,,
64513,01_016_036,845,641,641,0,3,638,LISTAS,,
64515,01_016_037,723,545,545,0,4,541,LISTAS,,
64517,01_016_038,939,758,758,0,3,755,LISTAS,,
64519,01_016_039,796,609,609,0,2,607,LISTAS,,
64521,01_016_040,972,732,732,0,2,730,LISTAS,,
64523,01_016_041,854,569,569,0,4,565,LISTAS,,
64525,01_016_042,920,639,639,0,1,638,LISTAS,,
64527,01_016_043,928,744,744,0,2,742,LISTAS,,
64529,01_016_044,1046,717,717,0,9,708,LISTAS,,
64531,01_016_045,983,749,749,0,5,744,LISTAS,,
64533,01_016_046,909,613,613,0,4,609,LISTAS,,
64089,01_016_047,637,460,459,0,3,456,LISTAS,,
64091,01_016_048,946,679,677,0,3,674,LISTAS,,
64093,01_016_049,998,776,775,0,5,770,LISTAS,,
64095,01_016_050,826,618,616,0,5,611,LISTAS,,
64097,01_016_051,1086,780,780,0,10,770,LISTAS,,
64099,01_016_052,829,637,637,0,6,631,LISTAS,,
64101,01_016_053,777,604,601,0,2,599,LISTAS,,
64103,01_016_054,900,700,698,0,12,686,LISTAS,,
64105,01_016_055,875,634,634,0,4,630,LISTAS,,
64107,01_016_056,998,706,706,0,4,702,LISTAS,,
64109,01_016_057,1205,822,822,0,6,816,LISTAS,,
64111,01_016_058,791,603,603,0,5,598,LISTAS,,
64113,01_016_059,899,633,633,0,3,630,LISTAS,,
64115,01_016_060,1062,747,747,0,7,740,LISTAS,,
64131,01_017_001,885,675,675,0,2,673,LISTAS,,
64133,01_017_002,865,676,676,0,2,674,LISTAS,,
64135,01_017_003,982,719,719,0,8,711,LISTAS,,
64137,01_017_004,863,682,681,0,4,677,LISTAS,,
64139,01_017_005,764,624,624,0,1,623,LISTAS,,
64141,01_017_006,900,692,692,0,3,689,LISTAS,,
64143,01_017_007,1022,698,698,0,1,697,LISTAS,,
64145,01_017_008,1018,630,630,0,3,627,LISTAS,,
64147,01_017_009,990,598,598,0,6,592,LISTAS,,
64149,01_017_010,1017,612,612,0,1,611,LISTAS,,
64151,01_017_011,1038,641,641,0,7,634,LISTAS,,
64153,01_017_012,963,648,648,0,7,641,LISTAS,,
64155,01_017_013,956,559,559,0,2,557,LISTAS,,
64157,01_017_014,991,604,604,0,4,600,LISTAS,,
64159,01_017_015,917,615,615,0,3,612,LISTAS,,
64161,01_017_016,1465,1057,1051,0,8,1043,LISTAS,,
64163,01_017_017,763,458,458,0,2,456,LISTAS,,
64165,01_017_018,921,620,620,0,4,616,LISTAS,,
64167,01_017_019,963,614,614,0,6,608,LISTAS,,
64169,01_017_020,923,538,537,0,3,534,LISTAS,,
64171,01_017_021,1057,385,385,0,3,382,LISTAS,,
64173,01_017_022,1014,617,617,0,2,615,LISTAS,,
64175,01_017_023,1047,640,639,0,1,638,LISTAS,,
64177,01_017_024,801,578,578,0,2,576,LISTAS,,
64179,01_017_025,1041,741,741,0,2,739,LISTAS,,
64181,01_017_026,953,753,753,0,2,751,LISTAS,,
64183,01_017_027,780,582,582,0,0,582,LISTAS,,
64185,01_017_028,597,422,422,0,1,421,LISTAS,,
64187,01_017_029,914,599,599,0,2,597,LISTAS,,
64189,01_017_030,883,604,604,0,3,601,LISTAS,,
64191,01_017_031,872,649,649,0,6,643,LISTAS,,
64193,01_017_032,811,592,592,0,1,591,LISTAS,,
64195,01_017_033,907,645,645,0,0,645,LISTAS,,
64197,01_017_034,894,617,617,0,3,614,LISTAS,,
64199,01_017_035,1038,615,615,0,7,608,LISTAS,,
64201,01_017_036,979,635,634,0,3,631,LISTAS,,
64203,01_017_037,1045,704,704,0,3,701,LISTAS,,
64205,01_017_038,1065,740,740,0,5,735,LISTAS,,
64207,01_017_039,987,720,720,0,2,718,LISTAS,,
64209,01_017_040,1049,749,749,0,0,749,LISTAS,,
64211,01_017_041,1012,702,702,0,3,699,LISTAS,,
64213,01_017_042,1096,808,808,0,2,806,LISTAS,,
64215,01_017_043,1003,699,699,0,3,696,LISTAS,,
64597,01_017_044,742,505,505,0,2,503,LISTAS,,
64599,01_017_045,781,529,529,0,3,526,LISTAS,,
64601,01_017_046,984,724,723,0,1,722,LISTAS,,
64603,01_017_047,1067,772,769,0,9,760,LISTAS,,
64605,01_017_048,823,574,573,0,3,570,LISTAS,,
64607,01_017_049,886,605,605,0,3,602,LISTAS,,
64609,01_017_050,738,529,528,0,4,524,LISTAS,,
64611,01_017_051,1112,794,794,0,3,791,LISTAS,,
64613,01_017_052,1010,752,752,0,5,747,LISTAS,,
64615,01_017_053,909,639,636,0,3,633,LISTAS,,
64617,01_017_054,791,581,580,0,2,578,LISTAS,,
64619,01_017_055,926,682,682,0,4,678,LISTAS,,
64621,01_017_056,1023,717,716,0,5,711,LISTAS,,
64623,01_017_057,820,607,606,0,7,599,LISTAS,,
64625,01_017_058,941,652,652,0,3,649,LISTAS,,
64627,01_017_059,1085,773,773,0,3,770,LISTAS,,
64629,01_017_060,910,636,636,0,3,633,LISTAS,,
64631,01_017_061,1043,649,649,0,4,645,LISTAS,,
64633,01_017_062,749,507,507,0,1,506,LISTAS,,
64635,01_017_063,899,598,598,0,5,593,LISTAS,,
64637,01_017_064,997,710,710,0,6,704,LISTAS,,
64639,01_017_065,889,648,647,0,2,645,LISTAS,,
64641,01_017_066,927,678,678,0,2,676,LISTAS,,
64643,01_017_067,959,697,696,0,4,692,LISTAS,,
64645,01_017_068,971,718,718,0,5,713,LISTAS,,
64647,01_017_069,851,618,619,0,22,597,LISTAS,,
64649,01_017_070,879,644,644,0,1,643,LISTAS,,
64651,01_017_071,891,627,627,0,7,620,LISTAS,,
64653,01_017_072,993,767,767,0,9,758,LISTAS,,
64655,01_017_073,1001,770,770,0,2,768,LISTAS,,
64657,01_017_074,718,509,509,0,4,505,LISTAS,,
64659,01_017_075,1003,762,762,0,4,758,LISTAS,,
64661,01_018_001,1101,814,814,0,3,811,LISTAS,,
64663,01_018_002,943,700,700,0,8,692,LISTAS,,
64665,01_018_003,1154,821,821,0,4,817,LISTAS,,
64667,01_018_004,1079,786,786,0,9,777,LISTAS,,
64737,01_018_005,1138,805,801,0,1,800,LISTAS,,
64679,01_018_006,1045,739,738,0,6,732,LISTAS,,
64681,01_018_007,1023,750,749,0,7,742,LISTAS,,
64683,01_018_008,977,709,706,0,3,703,LISTAS,,
64685,01_018_009,873,574,574,0,2,572,LISTAS,,
64687,01_018_010,970,699,698,0,3,695,LISTAS,,
64689,01_018_011,875,478,478,0,1,477,LISTAS,,
64691,01_018_012,836,641,641,0,4,637,LISTAS,,
64693,01_018_013,1007,701,700,0,3,697,LISTAS,,
64695,01_018_014,913,661,661,0,8,653,LISTAS,,
64807,01_018_015,937,661,659,0,3,656,LISTAS,,
64735,01_018_016,863,634,631,0,3,628,LISTAS,,
64739,01_018_017,863,635,635,0,5,630,LISTAS,,
64741,01_018_018,996,730,730,0,7,723,LISTAS,,
64751,01_018_019,1115,850,848,0,3,845,LISTAS,,
64753,01_018_020,847,584,584,0,7,577,LISTAS,,
64755,01_018_021,1007,736,736,0,2,734,LISTAS,,
64757,01_018_022,867,587,587,0,0,587,LISTAS,,
64769,01_018_023,948,678,678,0,5,673,LISTAS,,
64671,01_018_024,1114,675,675,0,10,665,LISTAS,,
64669,01_018_025,1082,772,771,0,5,766,LISTAS,,
64673,01_018_026,1070,692,692,0,2,690,LISTAS,,
64675,01_018_027,1216,820,820,0,11,809,LISTAS,,
64677,01_018_028,1126,789,786,0,1,785,LISTAS,,
64697,01_018_029,1281,739,739,0,6,733,LISTAS,,
64699,01_018_030,1122,707,707,0,4,703,LISTAS,,
64701,01_018_031,1325,774,774,0,3,771,LISTAS,,
64703,01_018_032,1149,602,602,0,1,601,LISTAS,,
64705,01_018_033,1127,620,620,0,6,614,LISTAS,,
64711,01_018_034,2000,1482,1480,0,6,1474,LISTAS,,
64707,01_018_035,1072,665,665,0,7,658,LISTAS,,
64709,01_018_036,1109,617,617,0,5,612,LISTAS,,
64713,01_018_037,988,603,603,0,6,597,LISTAS,,
64715,01_018_038,1090,588,588,0,2,586,LISTAS,,
64717,01_018_039,983,554,554,0,1,553,LISTAS,,
64719,01_018_040,1127,818,818,0,5,813,LISTAS,,
64721,01_018_041,1192,855,851,0,4,847,LISTAS,,
64725,01_018_042,1243,844,843,0,5,838,LISTAS,,
64749,01_018_043,863,629,628,0,3,625,LISTAS,,
64723,01_018_044,1233,880,880,0,3,877,LISTAS,,
64727,01_018_045,712,484,483,0,4,479,LISTAS,,
64733,01_018_046,830,607,607,0,3,604,LISTAS,,
64729,01_018_047,1042,710,710,0,6,704,LISTAS,,
64747,01_018_048,804,589,589,0,3,586,LISTAS,,
64731,01_018_049,1080,724,724,0,0,724,LISTAS,,
64743,01_018_050,1096,828,828,0,1,827,LISTAS,,
64745,01_018_051,954,674,674,0,1,673,LISTAS,,
64759,01_018_052,1049,799,799,0,2,797,LISTAS,,
64761,01_018_053,1219,951,951,0,6,945,LISTAS,,
64763,01_018_054,1102,851,850,0,2,848,LISTAS,,
64765,01_018_055,1144,797,797,0,6,791,LISTAS,,
64767,01_018_056,1131,819,819,0,5,814,LISTAS,,
64773,01_018_057,1136,905,904,0,3,901,LISTAS,,
64771,01_018_058,1011,722,722,0,6,716,LISTAS,,
64777,01_018_059,1187,838,839,0,17,822,LISTAS,,
64775,01_018_060,1221,776,778,0,28,750,LISTAS,,
64779,01_018_061,1285,830,830,0,3,827,LISTAS,,
64785,01_018_062,1171,802,802,0,4,798,LISTAS,,
64793,01_018_063,1146,810,809,0,3,806,LISTAS,,
64787,01_018_064,920,597,596,0,6,590,LISTAS,,
64783,01_018_065,1106,744,744,0,2,742,LISTAS,,
64781,01_018_066,710,459,459,0,3,456,LISTAS,,
64789,01_018_067,1056,765,765,0,3,762,LISTAS,,
64791,01_018_068,913,663,663,0,3,660,LISTAS,,
64795,01_018_069,1150,797,796,0,4,792,LISTAS,,
64809,01_018_070,1065,747,747,0,3,744,LISTAS,,
64797,01_018_071,823,550,550,0,0,550,LISTAS,,
64799,01_018_072,1155,777,777,0,8,769,LISTAS,,
64801,01_018_073,1073,746,745,0,5,740,LISTAS,,
64803,01_018_074,1172,778,777,0,3,774,LISTAS,,
64811,01_018_075,1190,860,859,0,11,848,LISTAS,,
64805,01_018_076,975,655,655,0,2,653,LISTAS,,
63785,01_019_001,743,414,414,0,1,413,LISTAS,,
63787,01_019_002,669,457,456,0,3,453,LISTAS,,
63789,01_019_003,637,362,362,0,0,362,LISTAS,,
63791,01_019_004,715,454,454,0,8,446,LISTAS,,
63793,01_019_005,929,636,635,0,4,631,LISTAS,,
63795,01_019_006,891,610,610,0,3,607,LISTAS,,
63797,01_019_007,904,621,621,0,2,619,LISTAS,,
63799,01_019_008,958,605,605,0,1,604,LISTAS,,
63801,01_019_009,708,444,444,0,1,443,LISTAS,,
63803,01_019_010,661,436,429,0,3,426,LISTAS,,
63805,01_019_011,1053,725,725,0,5,720,LISTAS,,
63807,01_019_012,924,645,645,0,5,640,LISTAS,,
63809,01_019_013,765,507,507,0,3,504,LISTAS,,
63811,01_019_014,728,442,442,0,3,439,LISTAS,,
63813,01_019_015,896,592,592,0,4,588,LISTAS,,
63815,01_019_016,832,480,479,0,2,477,LISTAS,,
63817,01_019_017,856,590,589,0,2,587,LISTAS,,
63819,01_019_018,793,561,561,0,10,551,LISTAS,,
63821,01_019_019,934,631,631,0,2,629,LISTAS,,
63823,01_019_020,1055,694,693,0,3,690,LISTAS,,
63825,01_019_021,1097,570,568,0,1,567,LISTAS,,
63827,01_019_022,860,613,613,0,4,609,LISTAS,,
63829,01_019_023,990,674,674,0,5,669,LISTAS,,
63831,01_019_024,950,665,663,0,4,659,LISTAS,,
63833,01_019_025,831,500,500,0,3,497,LISTAS,,
63835,01_019_026,836,570,570,0,0,570,LISTAS,,
63837,01_019_027,893,588,587,0,4,583,LISTAS,,
63839,01_019_028,765,487,487,0,1,486,LISTAS,,
63841,01_019_029,899,603,602,0,4,598,LISTAS,,
63843,01_019_030,1009,615,614,0,2,612,LISTAS,,
64813,01_019_031,578,428,428,0,3,425,LISTAS,,
64815,01_019_032,621,437,436,0,1,435,LISTAS,,
64817,01_019_033,599,426,425,0,5,420,LISTAS,,
64819,01_019_034,944,710,710,0,7,703,LISTAS,,
64821,01_019_035,651,485,485,0,2,483,LISTAS,,
64823,01_019_036,582,422,421,0,2,419,LISTAS,,
64825,01_019_037,613,477,477,0,2,475,LISTAS,,
64827,01_019_038,662,471,470,0,2,468,LISTAS,,
64829,01_019_039,1144,772,771,0,9,762,LISTAS,,
64831,01_019_040,702,514,514,0,1,513,LISTAS,,
64833,01_019_041,873,638,638,0,7,631,LISTAS,,
64835,01_019_042,641,457,457,0,4,453,LISTAS,,
64837,01_019_043,792,499,499,0,4,495,LISTAS,,
64839,01_019_044,1036,700,700,0,1,699,LISTAS,,
64841,01_019_045,662,495,494,0,8,486,LISTAS,,
63845,01_019_046,668,426,425,0,9,416,LISTAS,,
64843,01_019_047,1101,747,747,0,5,742,LISTAS,,
64845,01_019_048,930,534,534,0,2,532,LISTAS,,
64847,01_019_049,828,575,575,0,3,572,LISTAS,,
64849,01_019_050,714,503,503,0,2,501,LISTAS,,
64851,01_019_051,985,646,646,0,11,635,LISTAS,,
64853,01_019_052,664,467,466,0,4,462,LISTAS,,
64855,01_019_053,664,451,451,0,1,450,LISTAS,,
64857,01_019_054,906,610,609,0,6,603,LISTAS,,
64859,01_019_055,789,574,574,0,2,572,LISTAS,,
64861,01_019_056,864,676,676,0,2,674,LISTAS,,
64863,01_019_057,807,624,624,0,8,616,LISTAS,,
64865,01_019_058,842,645,645,0,1,644,LISTAS,,
64867,01_020_001,948,556,555,0,3,552,LISTAS,,
64869,01_020_002,1013,756,756,0,5,751,LISTAS,,
64871,01_020_003,637,405,405,0,4,401,LISTAS,,
64873,01_020_004,741,448,448,0,3,445,LISTAS,,
64875,01_020_005,915,594,594,0,6,588,LISTAS,,
64877,01_020_006,2000,1515,1511,0,15,1496,LISTAS,,
64879,01_020_007,745,473,472,0,2,470,LISTAS,,
64881,01_020_008,1020,694,689,0,6,683,LISTAS,,
64883,01_020_009,952,562,562,0,4,558,LISTAS,,
64885,01_020_010,766,463,463,0,2,461,LISTAS,,
64887,01_020_011,991,519,517,0,2,515,LISTAS,,
64889,01_020_012,864,497,497,0,5,492,LISTAS,,
64891,01_020_013,1031,671,671,0,5,666,LISTAS,,
64893,01_020_014,780,434,434,0,4,430,LISTAS,,
64895,01_020_015,791,424,424,0,7,417,LISTAS,,
64897,01_020_016,923,443,443,0,3,440,LISTAS,,
64899,01_020_017,936,536,536,0,2,534,LISTAS,,
64901,01_020_018,682,371,371,0,4,367,LISTAS,,
64903,01_020_019,1370,885,885,0,6,879,LISTAS,,
64905,01_020_020,1143,695,695,0,6,689,LISTAS,,
64907,01_020_021,818,574,571,0,5,566,LISTAS,,
64909,01_020_022,871,569,569,0,4,565,LISTAS,,
64911,01_020_023,687,475,475,0,6,469,LISTAS,,
64913,01_020_024,649,457,456,0,2,454,LISTAS,,
64915,01_020_025,862,536,536,0,4,532,LISTAS,,
64917,01_020_026,840,552,552,0,3,549,LISTAS,,
64919,01_020_027,840,546,546,0,4,542,LISTAS,,
64921,01_020_028,784,516,516,0,3,513,LISTAS,,
64923,01_020_029,697,460,461,0,12,449,LISTAS,,
64925,01_020_030,811,516,516,0,2,514,LISTAS,,
64927,01_020_031,692,484,484,0,1,483,LISTAS,,
64929,01_020_032,670,422,422,0,1,421,LISTAS,,
64931,01_020_033,643,440,440,0,5,435,LISTAS,,
64933,01_020_034,803,500,500,0,3,497,LISTAS,,
64935,01_020_035,906,564,563,0,6,557,LISTAS,,
64937,01_020_036,922,506,506,0,10,496,LISTAS,,
64939,01_020_037,876,541,541,0,2,539,LISTAS,,
64941,01_020_038,720,440,440,0,2,438,LISTAS,,
64943,01_020_039,956,574,574,0,3,571,LISTAS,,
64945,01_020_040,975,616,616,0,5,611,LISTAS,,
64947,01_020_041,743,540,540,0,4,536,LISTAS,,
64949,01_020_042,988,615,615,0,1,614,LISTAS,,
64951,01_020_043,746,507,507,0,1,506,LISTAS,,
64953,01_020_044,796,495,489,0,6,483,LISTAS,,
64955,01_020_045,892,603,603,0,3,600,LISTAS,,
64957,01_020_046,599,428,428,0,5,423,LISTAS,,
64959,01_020_047,878,617,617,0,6,611,LISTAS,,
64961,01_020_048,687,461,460,0,4,456,LISTAS,,
64963,01_020_049,910,644,644,0,5,639,LISTAS,,
64965,01_020_050,1005,637,636,0,4,632,LISTAS,,
64967,01_020_051,753,546,546,0,1,545,LISTAS,,
64969,01_020_052,825,544,543,0,1,542,LISTAS,,
64971,01_020_053,683,470,469,0,3,466,LISTAS,,
64973,01_020_054,858,583,583,0,3,580,LISTAS,,
64975,01_020_055,797,494,494,0,1,493,LISTAS,,
64977,01_020_056,948,587,585,0,1,584,LISTAS,,
64979,01_020_057,815,555,555,0,4,551,LISTAS,,
64981,01_020_058,1038,641,640,0,7,633,LISTAS,,
64983,01_020_059,837,541,533,0,4,529,LISTAS,,
64985,01_020_060,932,575,575,0,5,570,LISTAS,,
64987,01_020_061,653,375,375,0,3,372,LISTAS,,
64989,01_021_001,862,630,629,0,7,622,LISTAS,,
64991,01_021_002,843,607,607,0,0,607,LISTAS,,
64993,01_021_003,799,583,583,0,2,581,LISTAS,,
64995,01_021_004,782,561,561,0,5,556,LISTAS,,
64997,01_021_005,905,641,641,0,5,636,LISTAS,,
64999,01_021_006,815,577,577,0,3,574,LISTAS,,
65001,01_021_007,742,486,486,0,5,481,LISTAS,,
65003,01_021_008,818,583,582,0,2,580,LISTAS,,
65005,01_021_009,764,531,531,0,3,528,LISTAS,,
65007,01_021_010,922,646,646,0,3,643,LISTAS,,
65009,01_021_011,809,584,584,0,7,577,LISTAS,,
65011,01_021_012,866,623,622,0,11,611,LISTAS,,
65013,01_021_013,856,596,596,0,10,586,LISTAS,,
65015,01_021_014,836,596,596,0,0,596,LISTAS,,
65017,01_021_015,2002,1579,1577,0,6,1571,LISTAS,,
65019,01_021_016,894,623,623,0,3,620,LISTAS,,
65021,01_021_017,1041,762,762,0,1,761,LISTAS,,
65023,01_021_018,907,670,669,0,4,665,LISTAS,,
65025,01_021_019,802,576,576,0,1,575,LISTAS,,
65027,01_021_020,778,580,580,0,1,579,LISTAS,,
65029,01_021_021,815,590,590,0,5,585,LISTAS,,
65031,01_021_022,745,526,526,0,5,521,LISTAS,,
65033,01_021_023,804,525,525,0,4,521,LISTAS,,
65035,01_021_024,828,504,504,0,4,500,LISTAS,,
65037,01_021_025,869,538,538,0,3,535,LISTAS,,
65039,01_021_026,832,554,553,0,2,551,LISTAS,,
65041,01_021_027,770,516,516,0,2,514,LISTAS,,
65043,01_021_028,840,518,518,0,4,514,LISTAS,,
65045,01_021_029,754,429,429,0,5,424,LISTAS,,
64535,01_021_030,782,462,461,0,4,457,LISTAS,,
64537,01_021_031,812,484,484,0,6,478,LISTAS,,
64539,01_021_032,978,646,644,0,7,637,LISTAS,,
64541,01_021_033,915,557,557,0,2,555,LISTAS,,
64543,01_021_034,780,367,367,0,2,365,LISTAS,,
64545,01_021_035,750,298,298,0,4,294,LISTAS,,
64547,01_021_036,784,474,474,0,5,469,LISTAS,,
64549,01_021_037,809,509,509,0,0,509,LISTAS,,
64551,01_021_038,868,414,414,0,4,410,LISTAS,,
64553,01_021_039,1036,671,670,0,9,661,LISTAS,,
64555,01_021_040,898,519,518,0,1,517,LISTAS,,
64557,01_021_041,1100,391,391,0,4,387,LISTAS,,
64559,01_021_042,928,517,515,0,1,514,LISTAS,,
64561,01_021_043,979,624,624,0,3,621,LISTAS,,
64563,01_021_044,785,494,494,0,1,493,LISTAS,,
64565,01_021_045,759,475,475,0,1,474,LISTAS,,
64567,01_021_046,844,456,456,0,1,455,LISTAS,,
64569,01_021_047,745,437,437,0,7,430,LISTAS,,
64571,01_021_048,801,552,552,0,1,551,LISTAS,,
64573,01_021_049,927,665,665,0,4,661,LISTAS,,
64575,01_021_050,859,561,560,0,7,553,LISTAS,,
64577,01_021_051,931,621,621,0,3,618,LISTAS,,
64579,01_021_052,829,520,520,0,4,516,LISTAS,,
64581,01_021_053,902,570,570,0,4,566,LISTAS,,
64583,01_021_054,861,596,596,0,2,594,LISTAS,,
64585,01_021_055,994,679,678,0,1,677,LISTAS,,
64587,01_021_056,843,466,466,0,2,464,LISTAS,,
64589,01_021_057,980,613,612,0,5,607,LISTAS,,
64591,01_021_058,1024,714,714,0,4,710,LISTAS,,
64593,01_021_059,1010,735,735,0,1,734,LISTAS,,
64595,01_021_060,895,634,634,0,3,631,LISTAS,,
65183,01_021_061,805,583,583,0,2,581,LISTAS,,
65185,01_021_062,884,531,530,0,5,525,LISTAS,,
65187,01_021_063,830,527,526,0,2,524,LISTAS,,
65189,01_021_064,897,590,590,0,2,588,LISTAS,,
65191,01_021_065,953,501,501,0,7,494,LISTAS,,
65193,01_021_066,986,598,596,0,5,591,LISTAS,,
65195,01_021_067,885,490,490,0,1,489,LISTAS,,
65197,01_021_068,1009,685,684,0,2,682,LISTAS,,
65199,01_021_069,818,559,558,0,2,556,LISTAS,,
65201,01_021_070,1102,562,561,0,3,558,LISTAS,,
65327,01_022_001,1061,873,873,0,1,872,LISTAS,,
65329,01_022_002,966,756,754,0,1,753,LISTAS,,
65331,01_022_003,1157,900,900,0,10,890,LISTAS,,
65339,01_022_004,1138,856,856,0,5,851,LISTAS,,
65335,01_022_005,1284,1037,1037,0,7,1030,LISTAS,,
65333,01_022_006,1262,951,951,0,8,943,LISTAS,,
65337,01_022_007,1025,682,681,0,4,677,LISTAS,,
65341,01_022_008,922,591,591,0,6,585,LISTAS,,
65343,01_022_009,2322,1831,1815,0,14,1801,LISTAS,,
65345,01_022_010,681,381,381,0,2,379,LISTAS,,
65347,01_022_011,1208,804,803,0,5,798,LISTAS,,
65363,01_022_012,1248,968,968,0,4,964,LISTAS,,
65349,01_022_013,1182,812,812,0,6,806,LISTAS,,
65353,01_022_014,1161,889,889,0,3,886,LISTAS,,
65355,01_022_015,1045,761,758,0,6,752,LISTAS,,
65359,01_022_016,1219,873,869,0,3,866,LISTAS,,
65357,01_022_017,966,678,678,0,2,676,LISTAS,,
65361,01_022_018,1030,632,632,0,2,630,LISTAS,,
65351,01_022_019,1092,810,809,0,4,805,LISTAS,,
65365,01_022_020,1156,865,865,0,8,857,LISTAS,,
65367,01_022_021,1178,867,867,0,3,864,LISTAS,,
65369,01_022_022,1028,776,776,0,2,774,LISTAS,,
65371,01_022_023,1240,892,877,0,1,876,LISTAS,,
65373,01_022_024,1194,881,881,0,4,877,LISTAS,,
65375,01_022_025,1033,762,762,0,6,756,LISTAS,,
65377,01_022_026,1107,771,769,0,4,765,LISTAS,,
65379,01_022_027,1205,916,916,0,8,908,LISTAS,,
65381,01_022_028,1214,896,896,0,3,893,LISTAS,,
65383,01_022_029,1289,881,881,0,2,879,LISTAS,,
65385,01_022_030,1211,831,831,0,4,827,LISTAS,,
65387,01_022_031,1134,833,833,0,4,829,LISTAS,,
65389,01_022_032,1188,861,860,0,1,859,LISTAS,,
65391,01_022_033,1229,856,856,0,13,843,LISTAS,,
65393,01_022_034,1130,756,756,0,3,753,LISTAS,,
65395,01_022_035,1218,774,774,0,10,764,LISTAS,,
65397,01_022_036,1376,871,871,0,6,865,LISTAS,,
65399,01_022_037,1284,837,836,0,7,829,LISTAS,,
65203,01_023_001,649,397,397,0,1,396,LISTAS,,
65205,01_023_002,700,480,480,0,2,478,LISTAS,,
65207,01_023_003,682,495,495,0,2,493,LISTAS,,
65209,01_023_004,809,603,603,0,5,598,LISTAS,,
65211,01_023_005,734,485,485,0,2,483,LISTAS,,
65213,01_023_006,671,485,485,0,3,482,LISTAS,,
65215,01_023_007,923,581,581,0,6,575,LISTAS,,
65217,01_023_008,614,427,427,0,1,426,LISTAS,,
65243,01_023_009,612,394,394,0,3,391,LISTAS,,
65219,01_023_010,641,451,450,0,0,450,LISTAS,,
65221,01_023_011,668,417,417,0,6,411,LISTAS,,
65223,01_023_012,824,554,554,0,8,546,LISTAS,,
65241,01_023_013,645,458,458,0,1,457,LISTAS,,
65225,01_023_014,788,478,477,0,2,475,LISTAS,,
65227,01_023_015,697,428,428,0,4,424,LISTAS,,
65229,01_023_016,775,466,466,0,3,463,LISTAS,,
65231,01_023_017,691,476,476,0,5,471,LISTAS,,
65233,01_023_018,721,382,382,0,2,380,LISTAS,,
65235,01_023_019,786,554,551,0,2,549,LISTAS,,
65237,01_023_020,685,425,425,0,3,422,LISTAS,,
65239,01_023_021,737,466,466,0,1,465,LISTAS,,
65245,01_023_022,893,603,603,0,32,571,LISTAS,,
65247,01_023_023,710,461,460,0,3,457,LISTAS,,
65249,01_023_024,676,458,458,0,1,457,LISTAS,,
66033,02_001_001,539,318,318,0,3,315,LISTAS,,
66035,02_002_001,148,82,82,0,4,78,LISTAS,,
66037,02_003_001,343,218,218,0,0,218,LISTAS,,
66039,02_004_001,63,42,42,0,0,42,LISTAS,,
65731,02_005_001,286,140,140,0,3,137,LISTAS,,
66041,02_006_001,769,561,561,0,7,554,LISTAS,,
65733,02_007_001,109,63,63,0,1,62,LISTAS,,
66043,02_008_001,295,159,159,0,5,154,LISTAS,,
65735,02_009_001,142,80,80,0,2,78,LISTAS,,
66045,02_010_001,164,94,94,0,0,94,LISTAS,,
65737,02_011_001,600,336,336,0,2,334,LISTAS,,
66047,02_012_001,93,50,50,0,0,50,LISTAS,,
66049,02_013_001,290,160,160,0,0,160,LISTAS,,
66051,02_014_001,256,109,109,0,1,108,LISTAS,,
66053,02_015_001,642,368,366,0,9,357,LISTAS,,
66055,02_016_001,164,106,106,0,11,95,LISTAS,,
66057,02_017_001,360,148,148,0,0,148,LISTAS,,
65507,02_018_001,108,72,72,0,0,72,LISTAS,,
65509,02_019_001,162,85,85,0,1,84,LISTAS,,
65511,02_020_001,135,68,68,0,0,68,LISTAS,,
65739,02_021_001,464,262,262,0,1,261,LISTAS,,
65741,02_022_001,340,182,181,0,2,179,LISTAS,,
65743,02_023_001,716,379,379,0,2,377,LISTAS,,
65745,02_023_002,712,393,392,0,5,387,LISTAS,,
65747,02_023_003,696,344,344,0,2,342,LISTAS,,
65139,02_024_001,733,322,322,0,35,287,LISTAS,,
65513,02_025_001,94,52,52,0,0,52,LISTAS,,
65749,02_026_001,212,126,126,0,3,123,LISTAS,,
65515,02_027_001,829,488,488,0,4,484,LISTAS,,
65751,02_028_001,636,380,380,0,3,377,LISTAS,,
65753,02_029_001,417,254,254,0,2,252,LISTAS,,
65517,02_030_001,209,118,118,0,1,117,LISTAS,,
65519,02_031_001,353,191,191,0,3,188,LISTAS,,
65521,02_032_001,195,103,103,0,4,99,LISTAS,,
65141,02_033_001,837,476,476,0,20,456,LISTAS,,
65523,02_034_001,342,193,193,0,0,193,LISTAS,,
65525,02_035_001,238,132,131,0,3,128,LISTAS,,
65527,02_036_001,221,128,128,0,1,127,LISTAS,,
65529,02_036_002,36,25,25,0,0,25,LISTAS,,
65531,02_036_003,65,39,39,0,0,39,LISTAS,,
65755,02_037_001,337,171,170,0,7,163,LISTAS,,
65533,02_038_001,114,65,65,0,1,64,LISTAS,,
65535,02_039_001,271,125,124,0,2,122,LISTAS,,
65757,02_040_001,754,425,425,0,0,425,LISTAS,,
65759,02_040_002,682,414,414,0,7,407,LISTAS,,
65761,02_040_003,865,559,559,0,3,556,LISTAS,,
65763,02_040_004,674,449,449,0,2,447,LISTAS,,
65537,02_041_001,501,264,264,0,5,259,LISTAS,,
65539,02_041_002,422,184,184,0,3,181,LISTAS,,
65541,02_042_001,70,24,24,0,0,24,LISTAS,,
65543,02_043_001,132,79,79,0,1,78,LISTAS,,
65545,02_044_001,572,272,272,0,8,264,LISTAS,,
65547,02_045_001,72,32,32,0,0,32,LISTAS,,
65549,02_046_001,284,125,125,0,6,119,LISTAS,,
65143,02_047_001,477,286,286,0,0,286,LISTAS,,
65551,02_048_001,329,168,168,0,0,168,LISTAS,,
65553,02_049_001,136,81,81,0,1,80,LISTAS,,
65555,02_050_001,178,101,101,0,0,101,LISTAS,,
65557,02_051_001,483,176,176,0,3,173,LISTAS,,
65559,02_052_001,68,39,39,0,0,39,LISTAS,,
65561,02_053_001,554,307,307,0,7,300,LISTAS,,
65563,02_054_001,172,96,96,0,3,93,LISTAS,,
65565,02_055_001,184,89,89,0,2,87,LISTAS,,
65567,02_056_001,412,210,210,0,9,201,LISTAS,,
65569,02_057_001,142,89,89,0,3,86,LISTAS,,
65571,02_058_001,100,52,52,0,3,49,LISTAS,,
65573,02_059_001,208,98,98,0,4,94,LISTAS,,
66187,02_060_001,80,48,48,0,1,47,LISTAS,,
66189,02_061_001,556,308,308,0,1,307,LISTAS,,
66191,02_062_001,164,98,98,0,0,98,LISTAS,,
66193,02_063_001,364,212,212,0,10,202,LISTAS,,
65765,02_064_001,868,425,425,0,10,415,LISTAS,,
65767,02_064_002,770,427,426,0,5,421,LISTAS,,
65769,02_065_001,839,506,506,0,0,506,LISTAS,,
65771,02_066_001,256,115,115,0,3,112,LISTAS,,
65773,02_067_001,676,401,401,0,1,400,LISTAS,,
65145,02_068_001,187,122,122,0,2,120,LISTAS,,
66195,02_069_001,322,159,159,0,14,145,LISTAS,,
65775,02_070_001,66,46,46,0,0,46,LISTAS,,
65777,02_071_001,311,173,171,0,4,167,LISTAS,,
65779,02_072_001,240,123,123,0,0,123,LISTAS,,
65781,02_073_001,174,106,106,0,2,104,LISTAS,,
65783,02_074_001,172,120,120,0,4,116,LISTAS,,
66197,02_075_001,117,56,56,0,0,56,LISTAS,,
66199,02_076_001,817,490,490,0,8,482,LISTAS,,
66201,02_077_001,235,139,139,0,4,135,LISTAS,,
66203,02_078_001,418,201,201,0,6,195,LISTAS,,
65785,02_079_001,397,243,243,0,1,242,LISTAS,,
65787,02_079_002,249,126,126,0,2,124,LISTAS,,
66205,02_080_001,185,87,87,0,1,86,LISTAS,,
66207,02_081_001,250,169,168,0,14,154,LISTAS,,
66209,02_082_001,225,109,109,0,4,105,LISTAS,,
66211,02_083_001,528,252,251,0,8,243,LISTAS,,
66213,02_083_002,184,118,118,0,2,116,LISTAS,,
66215,02_084_001,645,373,373,0,2,371,LISTAS,,
66217,02_084_002,566,281,281,0,3,278,LISTAS,,
66219,02_084_003,152,48,48,0,1,47,LISTAS,,
65789,02_085_001,346,184,183,0,5,178,LISTAS,,
65401,02_086_001,538,304,303,0,5,298,LISTAS,,
66221,02_087_001,118,55,55,0,0,55,LISTAS,,
66223,02_088_001,230,123,123,0,3,120,LISTAS,,
66225,02_089_001,453,284,284,0,0,284,LISTAS,,
66227,02_089_002,859,547,547,0,4,543,LISTAS,,
66229,02_089_003,843,563,563,0,4,559,LISTAS,,
66231,02_089_004,1116,657,656,0,5,651,LISTAS,,
65147,02_090_001,254,183,183,0,6,177,LISTAS,,
65791,02_091_001,136,78,78,0,0,78,LISTAS,,
66233,02_092_001,348,187,187,0,1,186,LISTAS,,
66235,02_093_001,290,140,140,0,2,138,LISTAS,,
66237,02_094_001,383,229,229,0,4,225,LISTAS,,
65793,02_095_001,875,480,480,0,1,479,LISTAS,,
65795,02_095_002,888,507,507,0,4,503,LISTAS,,
65797,02_096_001,391,233,233,0,5,228,LISTAS,,
65799,02_096_002,526,320,320,0,3,317,LISTAS,,
66239,02_097_001,167,82,82,0,5,77,LISTAS,,
66241,02_098_001,383,197,197,0,0,197,LISTAS,,
66243,02_098_002,405,222,222,0,2,220,LISTAS,,
65801,02_099_001,524,293,293,0,2,291,LISTAS,,
66245,02_100_001,58,44,44,0,2,42,LISTAS,,
65803,02_101_001,919,560,570,0,84,486,LISTAS,,
65805,02_101_002,830,552,552,0,2,550,LISTAS,,
65807,02_101_003,939,496,496,0,22,474,LISTAS,,
66247,02_102_001,46,30,30,0,0,30,LISTAS,,
66249,02_103_001,185,97,97,0,0,97,LISTAS,,
65809,02_104_001,198,87,87,0,0,87,LISTAS,,
66251,02_105_001,186,117,117,0,0,117,LISTAS,,
65811,02_106_001,111,68,68,0,1,67,LISTAS,,
65813,02_107_001,202,128,127,0,3,124,LISTAS,,
66253,02_108_001,213,108,108,0,1,107,LISTAS,,
66255,02_109_001,133,63,63,0,2,61,LISTAS,,
66257,02_110_001,179,99,99,0,0,99,LISTAS,,
65815,02_111_001,285,170,169,0,2,167,LISTAS,,
65817,02_112_001,282,160,160,0,2,158,LISTAS,,
65819,02_113_001,287,171,171,0,5,166,LISTAS,,
66259,02_114_001,52,34,34,0,0,34,LISTAS,,
65403,02_115_001,993,676,676,0,7,669,LISTAS,,
65821,02_116_001,141,94,94,0,1,93,LISTAS,,
66261,02_117_001,384,250,249,0,2,247,LISTAS,,
66263,02_118_001,550,338,338,0,7,331,LISTAS,,
66265,02_119_001,794,369,368,0,4,364,LISTAS,,
66267,02_120_001,154,102,102,0,20,82,LISTAS,,
66269,02_121_001,69,35,35,0,0,35,LISTAS,,
65823,02_122_001,88,47,47,0,1,46,LISTAS,,
66271,02_123_001,106,67,67,0,1,66,LISTAS,,
66273,02_124_001,195,101,101,0,2,99,LISTAS,,
66275,02_125_001,162,78,78,0,2,76,LISTAS,,
65825,02_126_001,430,218,218,0,2,216,LISTAS,,
65827,02_127_001,178,98,98,0,3,95,LISTAS,,
65829,02_128_001,130,72,76,0,15,61,LISTAS,,
65831,02_129_001,207,133,133,0,2,131,LISTAS,,
65833,02_130_001,241,114,114,0,2,112,LISTAS,,
65835,02_131_001,166,109,109,0,5,104,LISTAS,,
66277,02_132_001,127,90,90,0,11,79,LISTAS,,
66279,02_132_002,63,30,30,0,0,30,LISTAS,,
66281,02_133_001,100,52,52,0,1,51,LISTAS,,
65837,02_134_001,177,104,104,0,2,102,LISTAS,,
66283,02_135_001,280,162,162,0,0,162,LISTAS,,
66285,02_136_001,249,111,111,0,0,111,LISTAS,,
65149,02_137_001,1022,529,529,0,8,521,LISTAS,,
65151,02_137_002,1081,599,599,0,9,590,LISTAS,,
65153,02_137_003,1013,583,583,0,1,582,LISTAS,,
65155,02_137_004,1084,603,603,0,3,600,LISTAS,,
65157,02_137_005,1008,487,486,0,4,482,LISTAS,,
65159,02_137_006,875,521,521,0,7,514,LISTAS,,
65161,02_137_007,1104,701,701,0,7,694,LISTAS,,
65163,02_137_008,1038,609,609,0,0,609,LISTAS,,
65167,02_137_009,856,501,501,0,1,500,LISTAS,,
65169,02_137_010,695,414,414,0,3,411,LISTAS,,
65165,02_137_011,890,573,573,0,4,569,LISTAS,,
65171,02_137_012,1035,471,471,0,11,460,LISTAS,,
65173,02_137_013,951,524,523,0,15,508,LISTAS,,
65175,02_137_014,1086,578,578,0,11,567,LISTAS,,
65177,02_137_015,845,521,521,0,3,518,LISTAS,,
65179,02_137_016,1177,607,607,0,3,604,LISTAS,,
65181,02_137_017,1086,579,579,0,1,578,LISTAS,,
65575,02_137_018,960,492,490,0,3,487,LISTAS,,
65577,02_137_019,1064,608,608,0,3,605,LISTAS,,
65579,02_137_020,1073,701,701,0,2,699,LISTAS,,
65581,02_137_021,352,241,241,0,0,241,LISTAS,,
65583,02_137_022,650,319,319,0,1,318,LISTAS,,
65585,02_137_023,180,96,96,0,0,96,LISTAS,,
66287,02_138_001,201,121,121,0,2,119,LISTAS,,
66289,02_139_001,55,40,40,0,2,38,LISTAS,,
65587,02_140_001,991,538,538,0,0,538,LISTAS,,
65589,02_140_002,855,566,566,0,1,565,LISTAS,,
65591,02_140_003,924,630,630,0,3,627,LISTAS,,
65593,02_140_004,883,584,584,0,2,582,LISTAS,,
65725,02_140_005,971,634,634,0,1,633,LISTAS,,
66291,02_141_001,164,86,86,0,13,73,LISTAS,,
65839,02_142_001,206,103,103,0,1,102,LISTAS,,
65405,02_143_001,548,330,330,0,2,328,LISTAS,,
65841,02_144_001,823,375,375,0,6,369,LISTAS,,
65595,02_145_001,555,325,325,0,4,321,LISTAS,,
65597,02_145_002,489,212,212,0,3,209,LISTAS,,
66293,02_146_001,276,144,144,0,0,144,LISTAS,,
65843,02_147_001,160,95,95,0,1,94,LISTAS,,
65845,02_148_001,1069,663,663,0,4,659,LISTAS,,
65847,02_148_002,1002,528,528,0,3,525,LISTAS,,
66295,02_149_001,323,175,175,0,5,170,LISTAS,,
65849,02_150_001,432,248,248,0,5,243,LISTAS,,
65851,02_151_001,183,111,127,0,62,65,LISTAS,,
65599,02_152_001,215,118,118,0,1,117,LISTAS,,
65853,02_153_001,227,123,123,0,1,122,LISTAS,,
66297,02_154_001,174,85,85,0,22,63,LISTAS,,
65855,02_155_001,821,472,470,0,5,465,LISTAS,,
65857,02_156_001,643,363,363,0,13,350,LISTAS,,
66299,02_157_001,451,258,258,0,2,256,LISTAS,,
66301,02_157_002,104,67,67,0,3,64,LISTAS,,
66303,02_158_001,65,31,31,0,0,31,LISTAS,,
66305,02_159_001,251,130,130,0,1,129,LISTAS,,
65601,02_160_001,271,168,168,0,0,168,LISTAS,,
66307,02_161_001,891,552,551,0,6,545,LISTAS,,
66309,02_162_001,172,116,116,0,5,111,LISTAS,,
65859,02_163_001,790,394,394,0,1,393,LISTAS,,
65861,02_164_001,163,82,82,0,1,81,LISTAS,,
66311,02_165_001,51,33,33,0,1,32,LISTAS,,
66313,02_166_001,85,45,45,0,1,44,LISTAS,,
65863,02_167_001,183,121,121,0,0,121,LISTAS,,
66315,02_168_001,284,181,181,0,2,179,LISTAS,,
65865,02_169_001,1016,602,602,0,5,597,LISTAS,,
65867,02_169_002,982,533,532,0,4,528,LISTAS,,
65603,02_170_001,691,401,401,0,7,394,LISTAS,,
66317,02_171_001,175,120,120,0,0,120,LISTAS,,
65869,02_172_001,416,228,228,0,0,228,LISTAS,,
65871,02_173_001,381,256,256,0,12,244,LISTAS,,
65873,02_174_001,760,430,430,0,4,426,LISTAS,,
65875,02_174_002,256,152,152,0,0,152,LISTAS,,
65877,02_175_001,700,404,404,0,1,403,LISTAS,,
65879,02_175_002,639,378,378,0,3,375,LISTAS,,
66319,02_176_001,358,212,212,0,2,210,LISTAS,,
65881,02_177_001,251,143,143,0,3,140,LISTAS,,
66321,02_178_001,227,111,111,0,2,109,LISTAS,,
66323,02_179_001,112,65,65,0,1,64,LISTAS,,
66325,02_180_001,286,141,141,0,3,138,LISTAS,,
66327,02_180_002,394,229,229,0,3,226,LISTAS,,
65883,02_181_001,848,543,542,0,1,541,LISTAS,,
65885,02_181_002,762,486,486,0,2,484,LISTAS,,
65887,02_181_003,1630,1258,1256,0,8,1248,LISTAS,,
65889,02_181_004,701,413,413,0,5,408,LISTAS,,
65891,02_181_005,761,405,405,0,1,404,LISTAS,,
65893,02_181_006,717,415,415,0,2,413,LISTAS,,
65895,02_181_007,957,495,496,0,15,481,LISTAS,,
65897,02_181_008,787,415,415,0,4,411,LISTAS,,
65899,02_181_009,724,351,351,0,5,346,LISTAS,,
65901,02_181_010,791,529,529,0,3,526,LISTAS,,
65903,02_181_011,935,546,546,0,6,540,LISTAS,,
65905,02_181_012,800,392,392,0,1,391,LISTAS,,
65907,02_181_013,777,509,503,0,2,501,LISTAS,,
65909,02_181_014,802,502,502,0,4,498,LISTAS,,
65911,02_181_015,759,403,405,0,20,385,LISTAS,,
65913,02_181_016,825,482,482,0,2,480,LISTAS,,
65915,02_181_017,992,566,566,0,4,562,LISTAS,,
65917,02_181_018,715,399,399,0,2,397,LISTAS,,
65919,02_181_019,480,203,204,0,12,192,LISTAS,,
65921,02_181_020,100,43,43,0,0,43,LISTAS,,
65923,02_181_021,217,104,104,0,2,102,LISTAS,,
65925,02_181_022,75,33,33,0,0,33,LISTAS,,
66031,02_181_023,513,277,277,0,2,275,LISTAS,,
66329,02_182_001,161,100,100,0,1,99,LISTAS,,
65927,02_183_001,129,80,80,0,1,79,LISTAS,,
66331,02_184_001,459,253,253,0,0,253,LISTAS,,
66333,02_184_002,266,113,113,0,1,112,LISTAS,,
65929,02_185_001,165,91,91,0,1,90,LISTAS,,
66335,02_186_001,126,78,78,0,3,75,LISTAS,,
66337,02_187_001,513,260,260,0,4,256,LISTAS,,
65931,02_188_001,280,131,131,0,2,129,LISTAS,,
65933,02_189_001,612,312,312,0,1,311,LISTAS,,
65935,02_189_002,610,311,311,0,0,311,LISTAS,,
65605,02_190_001,736,474,487,0,66,421,LISTAS,,
65607,02_190_002,748,492,492,0,3,489,LISTAS,,
65937,02_191_001,581,419,419,0,2,417,LISTAS,,
65939,02_192_001,343,198,198,0,1,197,LISTAS,,
66339,02_193_001,540,298,298,0,5,293,LISTAS,,
65941,02_194_001,300,174,174,0,0,174,LISTAS,,
66341,02_195_001,293,186,185,0,2,183,LISTAS,,
66343,02_196_001,108,59,59,0,0,59,LISTAS,,
66345,02_196_002,104,62,62,0,1,61,LISTAS,,
66347,02_197_001,190,80,80,0,0,80,LISTAS,,
66349,02_198_001,139,89,89,0,2,87,LISTAS,,
66351,02_199_001,68,36,36,0,1,35,LISTAS,,
65943,02_200_001,491,332,332,0,4,328,LISTAS,,
65945,02_201_001,255,145,145,0,8,137,LISTAS,,
65609,02_202_001,814,499,499,0,7,492,LISTAS,,
66353,02_203_001,253,137,137,0,8,129,LISTAS,,
65947,02_204_001,127,82,82,0,1,81,LISTAS,,
66355,02_205_001,352,206,206,0,6,200,LISTAS,,
65949,02_206_001,276,167,167,0,6,161,LISTAS,,
66357,02_207_001,123,81,81,0,3,78,LISTAS,,
66359,02_208_001,85,53,53,0,0,53,LISTAS,,
65951,02_209_001,250,149,149,0,0,149,LISTAS,,
65953,02_210_001,356,219,219,0,2,217,LISTAS,,
65955,02_210_002,416,262,261,0,2,259,LISTAS,,
66361,02_211_001,295,111,111,0,12,99,LISTAS,,
66363,02_212_001,145,91,91,0,1,90,LISTAS,,
66365,02_213_001,907,545,545,0,2,543,LISTAS,,
66367,02_213_002,890,551,550,0,6,544,LISTAS,,
65611,02_214_001,133,77,77,0,6,71,LISTAS,,
65957,02_215_001,162,81,81,0,1,80,LISTAS,,
66369,02_216_001,103,62,62,0,7,55,LISTAS,,
65613,02_217_001,814,482,482,0,2,480,LISTAS,,
65615,02_217_002,609,360,360,0,4,356,LISTAS,,
65617,02_217_003,650,327,327,0,4,323,LISTAS,,
65619,02_217_004,613,316,316,0,3,313,LISTAS,,
65621,02_217_005,825,469,469,0,7,462,LISTAS,,
65623,02_217_006,895,456,456,0,4,452,LISTAS,,
65625,02_217_007,950,501,499,0,7,492,LISTAS,,
65629,02_217_008,897,429,429,0,29,400,LISTAS,,
65631,02_217_009,1056,597,597,0,8,589,LISTAS,,
65633,02_217_010,858,470,469,0,1,468,LISTAS,,
65635,02_217_011,702,450,450,0,2,448,LISTAS,,
65637,02_217_012,967,464,464,0,7,457,LISTAS,,
65647,02_217_013,742,469,469,0,5,464,LISTAS,,
65639,02_217_014,717,332,332,0,6,326,LISTAS,,
65641,02_217_015,634,305,305,0,5,300,LISTAS,,
65627,02_217_016,806,359,358,0,5,353,LISTAS,,
65643,02_217_017,622,336,336,0,3,333,LISTAS,,
65651,02_217_018,854,579,576,0,2,574,LISTAS,,
65649,02_217_019,865,545,545,0,8,537,LISTAS,,
65661,02_217_020,726,383,382,0,4,378,LISTAS,,
65659,02_217_021,969,649,644,0,3,641,LISTAS,,
65653,02_217_022,1147,719,719,0,3,716,LISTAS,,
65655,02_217_023,981,672,672,0,5,667,LISTAS,,
65665,02_217_024,175,124,124,0,0,124,LISTAS,,
65663,02_217_025,758,389,389,0,5,384,LISTAS,,
65657,02_217_026,639,358,358,0,2,356,LISTAS,,
65667,02_217_027,1102,786,786,0,6,780,LISTAS,,
65645,02_217_028,898,598,598,0,6,592,LISTAS,,
65421,02_217_029,742,508,508,0,3,505,LISTAS,,
65425,02_217_030,718,479,479,0,0,479,LISTAS,,
65423,02_217_031,666,393,392,0,7,385,LISTAS,,
65429,02_217_032,971,574,573,0,1,572,LISTAS,,
65431,02_217_033,803,545,545,0,7,538,LISTAS,,
65433,02_217_034,741,505,505,0,6,499,LISTAS,,
65435,02_217_035,625,377,376,0,4,372,LISTAS,,
65453,02_217_036,664,410,410,0,3,407,LISTAS,,
65407,02_217_037,717,535,535,0,0,535,LISTAS,,
65409,02_217_038,957,623,619,0,2,617,LISTAS,,
65415,02_217_039,834,461,461,0,2,459,LISTAS,,
65413,02_217_040,697,348,348,0,4,344,LISTAS,,
65411,02_217_041,1075,681,681,0,7,674,LISTAS,,
65417,02_217_042,635,340,340,0,5,335,LISTAS,,
65137,02_217_043,586,345,345,0,1,344,LISTAS,,
65419,02_217_044,578,293,293,0,1,292,LISTAS,,
65427,02_217_045,596,400,400,0,1,399,LISTAS,,
65441,02_217_046,810,534,534,0,4,530,LISTAS,,
65443,02_217_047,1274,280,279,0,4,275,LISTAS,,
65445,02_217_048,613,398,398,0,1,397,LISTAS,,
65447,02_217_049,688,480,477,0,2,475,LISTAS,,
65439,02_217_050,652,476,476,0,3,473,LISTAS,,
65437,02_217_051,702,463,459,0,2,457,LISTAS,,
65495,02_217_052,2685,2202,2191,0,7,2184,LISTAS,,
65493,02_217_053,809,533,528,0,2,526,LISTAS,,
65135,02_217_054,925,664,662,0,4,658,LISTAS,,
65459,02_217_055,639,458,458,0,11,447,LISTAS,,
65461,02_217_056,756,525,525,0,4,521,LISTAS,,
65463,02_217_057,619,425,425,0,3,422,LISTAS,,
65465,02_217_058,784,522,522,0,2,520,LISTAS,,
65479,02_217_059,777,474,473,0,1,472,LISTAS,,
65475,02_217_060,831,596,596,0,3,593,LISTAS,,
65481,02_217_061,777,489,487,0,5,482,LISTAS,,
65477,02_217_062,607,412,412,0,1,411,LISTAS,,
65473,02_217_063,879,576,576,0,8,568,LISTAS,,
65469,02_217_064,601,449,449,0,4,445,LISTAS,,
65471,02_217_065,625,433,433,0,4,429,LISTAS,,
65455,02_217_066,674,512,512,0,3,509,LISTAS,,
65451,02_217_067,728,492,492,0,2,490,LISTAS,,
65457,02_217_068,586,446,444,0,2,442,LISTAS,,
65449,02_217_069,773,584,583,0,6,577,LISTAS,,
65489,02_217_070,968,739,739,0,6,733,LISTAS,,
65487,02_217_071,908,690,690,0,5,685,LISTAS,,
65483,02_217_072,632,490,489,0,6,483,LISTAS,,
65485,02_217_073,664,434,434,0,4,430,LISTAS,,
65467,02_217_074,795,493,493,0,0,493,LISTAS,,
65491,02_217_075,596,387,387,0,5,382,LISTAS,,
65669,02_217_076,932,649,650,0,20,630,LISTAS,,
65671,02_217_077,919,693,693,0,0,693,LISTAS,,
65675,02_217_078,2034,1616,1616,0,8,1608,LISTAS,,
65673,02_217_079,683,463,463,0,3,460,LISTAS,,
65727,02_217_080,617,368,368,0,2,366,LISTAS,,
65677,02_217_081,703,428,428,0,5,423,LISTAS,,
65693,02_217_082,779,486,486,0,1,485,LISTAS,,
65679,02_217_083,812,524,526,0,24,502,LISTAS,,
65685,02_217_084,624,377,376,0,5,371,LISTAS,,
65695,02_217_085,641,416,412,0,4,408,LISTAS,,
65697,02_217_086,628,422,422,0,6,416,LISTAS,,
65683,02_217_087,796,517,517,0,1,516,LISTAS,,
65689,02_217_088,807,540,540,0,3,537,LISTAS,,
65687,02_217_089,657,423,423,0,4,419,LISTAS,,
65691,02_217_090,795,448,448,0,10,438,LISTAS,,
65699,02_217_091,683,470,470,0,4,466,LISTAS,,
65729,02_217_092,647,452,453,0,14,439,LISTAS,,
65701,02_217_093,1124,783,790,0,62,728,LISTAS,,
65705,02_217_094,916,535,533,0,9,524,LISTAS,,
65703,02_217_095,1022,692,692,0,4,688,LISTAS,,
65717,02_217_096,914,621,621,0,4,617,LISTAS,,
65707,02_217_097,901,602,602,0,5,597,LISTAS,,
65681,02_217_098,1086,720,720,0,4,716,LISTAS,,
65709,02_217_099,1005,710,710,0,6,704,LISTAS,,
65711,02_217_100,1045,786,785,0,4,781,LISTAS,,
65713,02_217_101,1070,719,717,0,3,714,LISTAS,,
65715,02_217_102,1095,697,697,0,4,693,LISTAS,,
65497,02_217_103,1038,676,676,0,5,671,LISTAS,,
65499,02_217_104,831,615,615,0,4,611,LISTAS,,
65501,02_217_105,756,505,505,0,3,502,LISTAS,,
65503,02_217_106,640,452,452,0,4,448,LISTAS,,
65057,02_217_107,779,485,485,0,2,483,LISTAS,,
65059,02_217_108,770,475,475,0,2,473,LISTAS,,
65061,02_217_109,704,408,408,0,2,406,LISTAS,,
65063,02_217_110,721,395,395,0,1,394,LISTAS,,
65505,02_217_111,857,488,488,0,3,485,LISTAS,,
65047,02_217_112,767,386,386,0,1,385,LISTAS,,
65049,02_217_113,741,447,445,0,2,443,LISTAS,,
65051,02_217_114,637,416,416,0,4,412,LISTAS,,
65053,02_217_115,781,460,459,0,0,459,LISTAS,,
65055,02_217_116,836,539,539,0,0,539,LISTAS,,
65065,02_217_117,705,409,409,0,6,403,LISTAS,,
65093,02_217_118,733,456,456,0,1,455,LISTAS,,
65095,02_217_119,844,521,520,0,2,518,LISTAS,,
65067,02_217_120,651,401,401,0,2,399,LISTAS,,
65069,02_217_121,685,401,401,0,1,400,LISTAS,,
65071,02_217_122,665,405,405,0,0,405,LISTAS,,
65073,02_217_123,872,531,530,0,5,525,LISTAS,,
65075,02_217_124,1165,710,710,0,4,706,LISTAS,,
65077,02_217_125,974,661,660,0,4,656,LISTAS,,
65085,02_217_126,677,397,397,0,0,397,LISTAS,,
65087,02_217_127,643,408,408,0,0,408,LISTAS,,
65091,02_217_128,863,525,525,0,6,519,LISTAS,,
65079,02_217_129,939,519,519,0,2,517,LISTAS,,
65081,02_217_130,945,554,553,0,5,548,LISTAS,,
65083,02_217_131,930,552,551,0,3,548,LISTAS,,
65089,02_217_132,638,358,355,0,4,351,LISTAS,,
65099,02_217_133,1014,627,627,0,3,624,LISTAS,,
65101,02_217_134,873,510,505,0,6,499,LISTAS,,
65103,02_217_135,711,416,415,0,5,410,LISTAS,,
65105,02_217_136,1050,621,621,0,5,616,LISTAS,,
65107,02_217_137,1018,584,583,0,6,577,LISTAS,,
65109,02_217_138,1243,787,787,0,7,780,LISTAS,,
65111,02_217_139,990,545,543,0,2,541,LISTAS,,
65113,02_217_140,1131,660,656,0,5,651,LISTAS,,
65115,02_217_141,805,471,471,0,3,468,LISTAS,,
65117,02_217_142,1008,612,612,0,6,606,LISTAS,,
65119,02_217_143,1093,666,666,0,3,663,LISTAS,,
65121,02_217_144,916,598,598,0,2,596,LISTAS,,
65123,02_217_145,993,608,608,0,4,604,LISTAS,,
65125,02_217_146,1058,717,715,0,5,710,LISTAS,,
65127,02_217_147,863,529,529,0,3,526,LISTAS,,
65129,02_217_148,832,533,532,0,2,530,LISTAS,,
65097,02_217_149,710,341,340,0,5,335,LISTAS,,
66371,02_218_001,90,48,48,0,1,47,LISTAS,,
65959,02_219_001,90,59,59,0,0,59,LISTAS,,
65131,02_220_001,632,420,420,0,6,414,LISTAS,,
65961,02_221_001,1125,703,703,0,4,699,LISTAS,,
65963,02_221_002,1139,739,739,0,0,739,LISTAS,,
65965,02_221_003,1006,578,578,0,0,578,LISTAS,,
66373,02_222_001,180,133,133,0,0,133,LISTAS,,
65133,02_223_001,980,645,643,0,6,637,LISTAS,,
65967,02_224_001,151,97,97,0,4,93,LISTAS,,
66375,02_225_001,172,88,88,0,2,86,LISTAS,,
66377,02_226_001,154,63,63,0,1,62,LISTAS,,
65719,02_227_001,388,239,238,0,1,237,LISTAS,,
66379,02_228_001,314,137,137,0,1,136,LISTAS,,
66381,02_229_001,168,108,108,0,5,103,LISTAS,,
65969,02_230_001,104,58,58,0,1,57,LISTAS,,
66383,02_231_001,678,350,350,0,2,348,LISTAS,,
66385,02_231_002,596,330,330,0,1,329,LISTAS,,
66387,02_231_003,820,477,477,0,4,473,LISTAS,,
66389,02_231_004,573,326,326,0,5,321,LISTAS,,
65971,02_232_001,531,318,317,0,3,314,LISTAS,,
66391,02_233_001,839,480,481,0,15,466,LISTAS,,
66393,02_233_002,797,411,411,0,3,408,LISTAS,,
66395,02_233_003,705,436,436,0,6,430,LISTAS,,
66397,02_234_001,645,408,408,0,3,405,LISTAS,,
66413,02_234_002,578,319,319,0,10,309,LISTAS,,
66399,02_234_003,904,452,451,0,2,449,LISTAS,,
66401,02_234_004,969,556,554,0,4,550,LISTAS,,
66403,02_234_005,1029,643,643,0,7,636,LISTAS,,
66405,02_234_006,1007,637,637,0,6,631,LISTAS,,
66407,02_234_007,1034,572,572,0,5,567,LISTAS,,
66409,02_234_008,899,547,547,0,3,544,LISTAS,,
66411,02_234_009,1065,524,524,0,5,519,LISTAS,,
66415,02_235_001,102,62,62,0,5,57,LISTAS,,
65973,02_236_001,311,144,144,0,6,138,LISTAS,,
65975,02_237_001,687,410,410,0,8,402,LISTAS,,
65977,02_237_002,612,375,375,0,10,365,LISTAS,,
66417,02_238_001,385,235,235,0,11,224,LISTAS,,
66419,02_239_001,263,142,142,0,2,140,LISTAS,,
66421,02_240_001,210,102,102,0,0,102,LISTAS,,
66423,02_240_002,139,79,79,0,2,77,LISTAS,,
66425,02_241_001,192,98,98,0,1,97,LISTAS,,
66427,02_242_001,151,96,96,0,4,92,LISTAS,,
66429,02_243_001,300,120,120,0,2,118,LISTAS,,
66431,02_243_002,75,45,45,0,1,44,LISTAS,,
66433,02_244_001,652,367,366,0,7,359,LISTAS,,
65979,02_245_001,666,441,440,0,7,433,LISTAS,,
65981,02_246_001,289,169,169,0,1,168,LISTAS,,
66435,02_247_001,799,462,462,0,19,443,LISTAS,,
66437,02_247_002,173,98,98,0,3,95,LISTAS,,
66439,02_248_001,182,130,130,0,1,129,LISTAS,,
66441,02_249_001,268,133,133,0,2,131,LISTAS,,
66443,02_250_001,128,86,86,0,0,86,LISTAS,,
65983,02_251_001,37,22,22,0,1,21,LISTAS,,
65985,02_252_001,1044,545,544,0,9,535,LISTAS,,
65987,02_252_002,1025,605,605,0,8,597,LISTAS,,
65989,02_253_001,306,201,201,0,4,197,LISTAS,,
65991,02_254_001,755,441,441,0,6,435,LISTAS,,
65993,02_254_002,757,344,344,0,8,336,LISTAS,,
65995,02_255_001,117,65,65,0,2,63,LISTAS,,
65721,02_256_001,377,224,224,0,2,222,LISTAS,,
66445,02_257_001,248,122,122,0,1,121,LISTAS,,
66447,02_258_001,324,151,151,0,3,148,LISTAS,,
66449,02_259_001,78,51,51,0,0,51,LISTAS,,
66451,02_260_001,415,218,218,0,1,217,LISTAS,,
66453,02_260_002,252,148,147,0,2,145,LISTAS,,
66455,02_261_001,943,585,585,0,5,580,LISTAS,,
66457,02_261_002,637,347,347,0,7,340,LISTAS,,
66459,02_261_003,668,416,416,0,4,412,LISTAS,,
66461,02_261_004,735,454,454,0,3,451,LISTAS,,
66463,02_261_005,835,416,416,0,9,407,LISTAS,,
66465,02_261_006,793,412,412,0,5,407,LISTAS,,
66467,02_261_007,714,380,380,0,3,377,LISTAS,,
66469,02_261_008,181,83,83,0,1,82,LISTAS,,
65997,02_262_001,521,285,285,0,5,280,LISTAS,,
66471,02_263_001,1075,630,628,0,6,622,LISTAS,,
66473,02_263_002,1097,695,695,0,5,690,LISTAS,,
66475,02_263_003,1082,620,620,0,1,619,LISTAS,,
66477,02_263_004,669,417,417,0,4,413,LISTAS,,
66479,02_263_005,1570,1183,1178,0,4,1174,LISTAS,,
66481,02_263_006,1109,556,556,0,11,545,LISTAS,,
66483,02_263_007,1110,695,695,0,3,692,LISTAS,,
66485,02_263_008,685,418,416,0,0,416,LISTAS,,
66487,02_263_009,626,369,365,0,1,364,LISTAS,,
66489,02_263_010,249,118,118,0,0,118,LISTAS,,
66491,02_263_011,506,208,208,0,1,207,LISTAS,,
65723,02_264_001,230,138,138,0,6,132,LISTAS,,
66493,02_265_001,133,74,74,0,2,72,LISTAS,,
66495,02_266_001,55,32,32,0,0,32,LISTAS,,
66497,02_267_001,106,44,44,0,0,44,LISTAS,,
65999,02_268_001,319,165,165,0,1,164,LISTAS,,
66499,02_269_001,199,114,112,0,0,112,LISTAS,,
66001,02_270_001,245,148,148,0,8,140,LISTAS,,
66501,02_271_001,96,63,63,0,1,62,LISTAS,,
66503,02_272_001,277,112,112,0,5,107,LISTAS,,
66505,02_273_001,51,33,33,0,0,33,LISTAS,,
66507,02_274_001,204,90,90,0,4,86,LISTAS,,
66509,02_275_001,154,85,85,0,5,80,LISTAS,,
66511,02_276_001,235,101,101,0,2,99,LISTAS,,
66513,02_277_001,249,132,132,0,5,127,LISTAS,,
66003,02_278_001,103,61,61,0,0,61,LISTAS,,
66515,02_279_001,138,96,96,0,1,95,LISTAS,,
66005,02_280_001,460,239,239,0,1,238,LISTAS,,
66517,02_281_001,237,140,140,0,2,138,LISTAS,,
66007,02_282_001,136,97,97,0,1,96,LISTAS,,
66009,02_283_001,831,406,406,0,11,395,LISTAS,,
66519,02_284_001,751,463,453,0,2,451,LISTAS,,
66521,02_284_002,772,369,369,0,11,358,LISTAS,,
66523,02_285_001,70,44,44,0,0,44,LISTAS,,
66525,02_286_001,99,39,39,0,0,39,LISTAS,,
66059,02_287_001,148,86,86,0,3,83,LISTAS,,
66061,02_288_001,929,456,456,0,9,447,LISTAS,,
66063,02_289_001,116,64,64,0,0,64,LISTAS,,
66065,02_290_001,139,70,70,0,0,70,LISTAS,,
66067,02_291_001,119,62,62,0,2,60,LISTAS,,
66011,02_292_001,665,341,339,0,28,311,LISTAS,,
66013,02_293_001,118,80,80,0,0,80,LISTAS,,
66015,02_294_001,645,350,349,0,3,346,LISTAS,,
66017,02_294_002,523,270,269,0,9,260,LISTAS,,
66019,02_295_001,959,563,563,0,3,560,LISTAS,,
66021,02_295_002,911,597,597,0,0,597,LISTAS,,
66023,02_295_003,178,113,113,0,2,111,LISTAS,,
66025,02_296_001,240,157,157,0,3,154,LISTAS,,
66027,02_297_001,705,379,379,0,6,373,LISTAS,,
66069,02_298_001,211,141,141,0,5,136,LISTAS,,
66071,02_299_001,269,157,157,0,9,148,LISTAS,,
66029,02_300_001,362,217,216,0,0,216,LISTAS,,
66073,02_301_001,247,142,142,0,3,139,LISTAS,,
66793,03_001_001,1395,873,873,0,9,864,LISTAS,,
66795,03_001_002,1368,740,739,0,4,735,LISTAS,,
66797,03_002_001,822,463,463,0,5,458,LISTAS,,
66799,03_002_002,834,460,460,0,0,460,LISTAS,,
66971,03_003_001,784,436,436,0,4,432,LISTAS,,
66973,03_003_002,776,389,389,0,9,380,LISTAS,,
67409,03_004_001,1071,644,644,0,3,641,LISTAS,,
67411,03_004_002,1096,676,676,0,1,675,LISTAS,,
67413,03_004_003,888,595,595,0,1,594,LISTAS,,
67415,03_004_004,1039,677,677,0,6,671,LISTAS,,
67417,03_004_005,1064,709,708,0,8,700,LISTAS,,
67419,03_004_006,1091,701,702,0,20,682,LISTAS,,
67421,03_004_007,947,621,621,0,6,615,LISTAS,,
67423,03_004_008,797,520,519,0,3,516,LISTAS,,
67425,03_004_009,948,610,610,0,0,610,LISTAS,,
67427,03_004_010,1077,689,689,0,6,683,LISTAS,,
67429,03_004_011,924,554,554,0,3,551,LISTAS,,
67431,03_004_012,963,690,690,0,12,678,LISTAS,,
67433,03_004_013,902,583,583,0,6,577,LISTAS,,
67435,03_004_014,1088,642,640,0,8,632,LISTAS,,
67437,03_004_015,1138,673,673,0,2,671,LISTAS,,
67439,03_004_016,1151,693,693,0,6,687,LISTAS,,
67441,03_004_017,1007,654,654,0,3,651,LISTAS,,
67443,03_004_018,961,607,603,0,8,595,LISTAS,,
67445,03_004_019,700,451,449,0,4,445,LISTAS,,
67447,03_004_020,1010,557,557,0,1,556,LISTAS,,
67449,03_004_021,1077,619,618,0,4,614,LISTAS,,
67451,03_004_022,1154,673,673,0,6,667,LISTAS,,
67453,03_004_023,1044,614,614,0,4,610,LISTAS,,
67455,03_004_024,1092,642,641,0,5,636,LISTAS,,
67457,03_004_025,972,542,542,0,1,541,LISTAS,,
67459,03_004_026,914,537,537,0,1,536,LISTAS,,
67461,03_004_027,1016,634,634,0,4,630,LISTAS,,
67463,03_004_028,909,536,536,0,4,532,LISTAS,,
67465,03_004_029,939,508,508,0,1,507,LISTAS,,
67467,03_004_030,1479,1151,1149,0,7,1142,LISTAS,,
67469,03_004_031,359,165,165,0,4,161,LISTAS,,
67471,03_004_032,473,217,217,0,20,197,LISTAS,,
66633,03_005_001,748,479,480,0,13,467,LISTAS,,
66635,03_005_002,892,400,399,0,4,395,LISTAS,,
66637,03_005_003,973,612,612,0,6,606,LISTAS,,
67221,03_006_001,1078,508,508,0,7,501,LISTAS,,
67223,03_006_002,162,74,74,0,0,74,LISTAS,,
67225,03_007_001,973,484,484,0,2,482,LISTAS,,
67227,03_007_002,973,450,450,0,0,450,LISTAS,,
67229,03_007_003,882,438,438,0,3,435,LISTAS,,
67231,03_007_004,986,430,430,0,1,429,LISTAS,,
67233,03_007_005,940,481,481,0,8,473,LISTAS,,
67235,03_007_006,940,534,534,0,6,528,LISTAS,,
67473,03_008_001,755,418,424,0,36,388,LISTAS,,
67475,03_008_002,730,388,388,0,8,380,LISTAS,,
67477,03_008_003,839,366,366,0,0,366,LISTAS,,
67479,03_009_001,1001,495,495,0,5,490,LISTAS,,
67481,03_010_001,147,89,89,0,1,88,LISTAS,,
67237,03_011_001,298,165,165,0,4,161,LISTAS,,
67483,03_012_001,665,378,375,0,2,373,LISTAS,,
67485,03_012_002,668,382,382,0,3,379,LISTAS,,
66801,03_013_001,870,554,554,0,0,554,LISTAS,,
66803,03_013_002,888,492,492,0,3,489,LISTAS,,
67239,03_014_001,1113,597,597,0,7,590,LISTAS,,
66975,03_015_001,760,399,399,0,8,391,LISTAS,,
66977,03_015_002,688,371,371,0,6,365,LISTAS,,
66979,03_016_001,983,520,520,0,5,515,LISTAS,,
66981,03_016_002,938,465,465,0,7,458,LISTAS,,
66983,03_016_003,97,39,39,0,0,39,LISTAS,,
66985,03_016_004,260,141,141,0,0,141,LISTAS,,
66987,03_017_001,242,120,120,0,2,118,LISTAS,,
67241,03_018_001,669,341,341,0,2,339,LISTAS,,
67243,03_018_002,666,376,376,0,6,370,LISTAS,,
67245,03_018_003,694,447,447,0,5,442,LISTAS,,
67487,03_019_001,638,403,403,0,7,396,LISTAS,,
67489,03_019_002,650,344,344,0,3,341,LISTAS,,
67491,03_020_001,680,358,358,0,5,353,LISTAS,,
67493,03_020_002,885,446,444,0,4,440,LISTAS,,
66805,03_021_001,825,483,483,0,3,480,LISTAS,,
66807,03_021_002,913,474,474,0,5,469,LISTAS,,
67247,03_022_001,696,355,355,0,3,352,LISTAS,,
66989,03_023_001,698,284,284,0,1,283,LISTAS,,
66991,03_023_002,636,330,330,0,5,325,LISTAS,,
67495,03_024_001,777,389,389,0,7,382,LISTAS,,
67497,03_024_002,772,419,419,0,3,416,LISTAS,,
67107,03_024_003,177,84,84,0,2,82,LISTAS,,
66809,03_025_001,293,170,170,0,1,169,LISTAS,,
66811,03_026_001,607,309,309,0,3,306,LISTAS,,
66813,03_026_002,609,281,281,0,1,280,LISTAS,,
67499,03_027_001,771,426,426,0,4,422,LISTAS,,
66815,03_028_001,906,489,488,0,5,483,LISTAS,,
66817,03_028_002,883,528,528,0,2,526,LISTAS,,
66819,03_028_003,956,532,530,0,4,526,LISTAS,,
66821,03_029_001,731,352,352,0,3,349,LISTAS,,
66823,03_030_001,484,230,230,0,2,228,LISTAS,,
66825,03_031_001,772,454,454,0,4,450,LISTAS,,
66827,03_031_002,807,433,433,0,3,430,LISTAS,,
66829,03_031_003,812,433,433,0,6,427,LISTAS,,
66831,03_031_004,780,345,345,0,6,339,LISTAS,,
67501,03_032_001,790,517,516,0,1,515,LISTAS,,
67503,03_032_002,879,532,531,0,8,523,LISTAS,,
67505,03_032_003,846,526,526,0,4,522,LISTAS,,
67047,03_033_001,1086,576,576,0,6,570,LISTAS,,
67049,03_033_002,1169,575,574,0,4,570,LISTAS,,
67051,03_034_001,516,283,283,0,3,280,LISTAS,,
67053,03_035_001,802,437,437,0,3,434,LISTAS,,
67055,03_035_002,622,347,347,0,7,340,LISTAS,,
66075,03_036_001,745,415,414,0,2,412,LISTAS,,
67057,03_037_001,961,501,501,0,10,491,LISTAS,,
67059,03_037_002,600,322,322,0,3,319,LISTAS,,
66833,03_038_001,709,415,415,0,3,412,LISTAS,,
66835,03_038_002,632,364,364,0,5,359,LISTAS,,
66077,03_039_001,724,445,445,0,3,442,LISTAS,,
66993,03_040_001,897,480,480,0,0,480,LISTAS,,
66995,03_041_001,949,394,394,0,5,389,LISTAS,,
66997,03_041_002,911,507,507,0,2,505,LISTAS,,
67061,03_042_001,764,405,405,0,8,397,LISTAS,,
67063,03_042_002,959,513,513,0,8,505,LISTAS,,
66999,03_043_001,816,487,487,0,10,477,LISTAS,,
66837,03_044_001,830,434,434,0,5,429,LISTAS,,
67249,03_045_001,894,494,494,0,6,488,LISTAS,,
67251,03_045_002,911,508,508,0,0,508,LISTAS,,
67253,03_045_003,786,451,451,0,5,446,LISTAS,,
67255,03_046_001,718,443,443,0,5,438,LISTAS,,
66839,03_047_001,878,588,588,0,5,583,LISTAS,,
66841,03_047_002,983,614,614,0,3,611,LISTAS,,
66843,03_047_003,951,625,625,0,2,623,LISTAS,,
66845,03_047_004,64,35,35,0,1,34,LISTAS,,
66847,03_047_005,100,60,60,0,1,59,LISTAS,,
66639,03_048_001,1251,666,666,0,3,663,LISTAS,,
66641,03_048_002,1162,640,639,0,2,637,LISTAS,,
66643,03_048_003,1094,472,472,0,2,470,LISTAS,,
67065,03_049_001,885,438,438,0,6,432,LISTAS,,
67067,03_049_002,834,427,427,0,9,418,LISTAS,,
66849,03_050_001,694,405,405,0,2,403,LISTAS,,
66851,03_050_002,208,128,128,0,4,124,LISTAS,,
66853,03_050_003,140,71,71,0,0,71,LISTAS,,
66855,03_050_004,143,99,99,0,1,98,LISTAS,,
67257,03_051_001,563,304,304,0,7,297,LISTAS,,
67001,03_052_001,837,467,467,0,4,463,LISTAS,,
67003,03_052_002,1039,594,594,0,9,585,LISTAS,,
67005,03_052_003,813,463,465,0,20,445,LISTAS,,
67007,03_052_004,836,401,400,0,7,393,LISTAS,,
67009,03_052_005,979,534,535,0,17,518,LISTAS,,
67011,03_052_006,272,118,118,0,2,116,LISTAS,,
67013,03_053_001,1123,638,638,0,6,632,LISTAS,,
67015,03_053_002,1014,567,567,0,5,562,LISTAS,,
67259,03_054_001,913,470,470,0,8,462,LISTAS,,
67261,03_054_002,945,623,622,0,4,618,LISTAS,,
67263,03_054_003,877,482,482,0,6,476,LISTAS,,
67265,03_054_004,919,480,480,0,3,477,LISTAS,,
67267,03_054_005,897,491,491,0,3,488,LISTAS,,
67269,03_054_006,841,520,520,0,4,516,LISTAS,,
67271,03_054_007,881,492,492,0,6,486,LISTAS,,
67273,03_054_008,998,571,571,0,2,569,LISTAS,,
67017,03_055_001,1093,661,661,0,5,656,LISTAS,,
67019,03_055_002,992,614,614,0,5,609,LISTAS,,
66857,03_056_001,933,605,604,0,5,599,LISTAS,,
66859,03_056_002,866,550,550,0,0,550,LISTAS,,
66861,03_056_003,928,637,637,0,6,631,LISTAS,,
66863,03_056_004,835,485,485,0,1,484,LISTAS,,
66865,03_056_005,805,481,478,0,0,478,LISTAS,,
66867,03_056_006,1099,669,668,0,4,664,LISTAS,,
66869,03_056_007,830,510,510,0,3,507,LISTAS,,
66871,03_056_008,880,497,497,0,2,495,LISTAS,,
66873,03_056_009,1238,1044,1040,0,1,1039,LISTAS,,
66875,03_056_010,812,416,416,0,8,408,LISTAS,,
66877,03_056_011,824,460,460,0,3,457,LISTAS,,
66879,03_056_012,651,472,472,0,2,470,LISTAS,,
66881,03_056_013,993,621,621,0,2,619,LISTAS,,
66883,03_056_014,726,463,463,0,2,461,LISTAS,,
66885,03_056_015,808,582,582,0,5,577,LISTAS,,
66887,03_056_016,895,629,629,0,7,622,LISTAS,,
66889,03_056_017,833,462,462,0,1,461,LISTAS,,
66891,03_057_001,817,464,464,0,2,462,LISTAS,,
67071,03_058_001,798,351,351,0,4,347,LISTAS,,
67069,03_058_002,800,406,406,0,5,401,LISTAS,,
67275,03_059_001,1007,520,520,0,4,516,LISTAS,,
67277,03_059_002,1015,533,533,0,1,532,LISTAS,,
67279,03_059_003,867,589,589,0,4,585,LISTAS,,
67281,03_059_004,752,475,475,0,2,473,LISTAS,,
67283,03_059_005,972,591,590,0,2,588,LISTAS,,
67285,03_059_006,1011,586,586,0,1,585,LISTAS,,
67287,03_059_007,592,272,272,0,1,271,LISTAS,,
67289,03_059_008,794,424,424,0,1,423,LISTAS,,
66645,03_060_001,853,623,623,0,1,622,LISTAS,,
66647,03_060_002,1056,792,791,0,8,783,LISTAS,,
66649,03_060_003,844,572,573,0,14,559,LISTAS,,
66651,03_060_004,941,713,711,0,2,709,LISTAS,,
66653,03_060_005,635,471,471,0,4,467,LISTAS,,
66079,03_060_006,920,468,468,0,7,461,LISTAS,,
66081,03_060_007,1044,627,627,0,4,623,LISTAS,,
66083,03_060_008,1168,619,619,0,1,618,LISTAS,,
66085,03_060_009,953,651,651,0,1,650,LISTAS,,
66087,03_060_010,852,506,506,0,2,504,LISTAS,,
66625,03_060_011,1067,698,698,0,5,693,LISTAS,,
66657,03_060_012,843,532,532,0,2,530,LISTAS,,
66659,03_060_013,822,541,540,0,9,531,LISTAS,,
66661,03_060_014,917,619,619,0,0,619,LISTAS,,
66089,03_060_015,933,633,631,0,4,627,LISTAS,,
66091,03_060_016,831,625,625,0,3,622,LISTAS,,
66093,03_060_017,856,569,567,0,2,565,LISTAS,,
66097,03_060_018,839,473,473,0,6,467,LISTAS,,
66789,03_060_019,1010,615,614,0,3,611,LISTAS,,
66095,03_060_020,912,518,518,0,4,514,LISTAS,,
66099,03_060_021,900,536,536,0,5,531,LISTAS,,
66101,03_060_022,1033,617,617,0,5,612,LISTAS,,
66103,03_060_023,1007,575,575,0,4,571,LISTAS,,
66107,03_060_024,1126,610,609,0,4,605,LISTAS,,
66121,03_060_025,633,342,342,0,2,340,LISTAS,,
66105,03_060_026,1093,596,596,0,5,591,LISTAS,,
66109,03_060_027,870,596,594,0,8,586,LISTAS,,
66111,03_060_028,1154,709,709,0,4,705,LISTAS,,
66113,03_060_029,1171,689,689,0,4,685,LISTAS,,
66115,03_060_030,844,530,530,0,2,528,LISTAS,,
66629,03_060_031,771,548,548,0,3,545,LISTAS,,
66127,03_060_032,849,511,511,0,4,507,LISTAS,,
66117,03_060_033,574,365,364,0,5,359,LISTAS,,
66119,03_060_034,1195,690,689,0,3,686,LISTAS,,
66123,03_060_035,910,557,557,0,2,555,LISTAS,,
66125,03_060_036,1034,636,636,0,0,636,LISTAS,,
66133,03_060_037,1167,638,638,0,7,631,LISTAS,,
66129,03_060_038,827,441,441,0,3,438,LISTAS,,
66673,03_060_039,649,467,467,0,1,466,LISTAS,,
66135,03_060_040,1011,733,733,0,7,726,LISTAS,,
66137,03_060_041,1026,695,695,0,1,694,LISTAS,,
66675,03_060_042,840,608,608,0,2,606,LISTAS,,
66677,03_060_043,1080,674,674,0,2,672,LISTAS,,
66663,03_060_044,980,575,575,0,3,572,LISTAS,,
66131,03_060_045,1617,1339,1333,0,11,1322,LISTAS,,
66669,03_060_046,1077,680,680,0,4,676,LISTAS,,
66671,03_060_047,801,389,389,0,4,385,LISTAS,,
66713,03_060_048,1138,762,761,0,5,756,LISTAS,,
66721,03_060_049,853,524,524,0,4,520,LISTAS,,
66695,03_060_050,1641,1351,1346,0,8,1338,LISTAS,,
66711,03_060_051,805,503,503,0,3,500,LISTAS,,
66717,03_060_052,1100,661,661,0,3,658,LISTAS,,
66719,03_060_053,1139,770,769,0,2,767,LISTAS,,
66729,03_060_054,986,623,622,0,5,617,LISTAS,,
66731,03_060_055,760,241,240,0,1,239,LISTAS,,
66715,03_060_056,723,262,262,0,5,257,LISTAS,,
66679,03_060_057,934,555,555,0,3,552,LISTAS,,
66681,03_060_058,1156,827,827,0,4,823,LISTAS,,
66683,03_060_059,1096,752,752,0,4,748,LISTAS,,
66685,03_060_060,626,412,412,0,3,409,LISTAS,,
66687,03_060_061,631,404,404,0,2,402,LISTAS,,
66689,03_060_062,874,589,589,0,1,588,LISTAS,,
66691,03_060_063,826,492,492,0,2,490,LISTAS,,
66701,03_060_064,1054,736,736,0,4,732,LISTAS,,
66693,03_060_065,944,609,609,0,3,606,LISTAS,,
66697,03_060_066,953,566,566,0,0,566,LISTAS,,
66699,03_060_067,1016,649,649,0,0,649,LISTAS,,
66723,03_060_068,643,297,297,0,8,289,LISTAS,,
66725,03_060_069,1033,609,607,0,3,604,LISTAS,,
66727,03_060_070,1066,654,654,0,12,642,LISTAS,,
66733,03_060_071,736,278,278,0,4,274,LISTAS,,
66709,03_060_072,782,385,385,0,2,383,LISTAS,,
66747,03_060_073,1141,554,545,0,8,537,LISTAS,,
66749,03_060_074,1086,733,733,0,6,727,LISTAS,,
66751,03_060_075,1079,669,668,0,1,667,LISTAS,,
66753,03_060_076,810,384,384,0,3,381,LISTAS,,
66755,03_060_077,590,274,274,0,2,272,LISTAS,,
66759,03_060_078,624,323,323,0,5,318,LISTAS,,
66735,03_060_079,1011,665,664,0,5,659,LISTAS,,
66737,03_060_080,795,466,466,0,1,465,LISTAS,,
66739,03_060_081,968,615,615,0,4,611,LISTAS,,
66741,03_060_082,1174,678,678,0,8,670,LISTAS,,
66743,03_060_083,835,428,428,0,1,427,LISTAS,,
66745,03_060_084,615,410,410,0,2,408,LISTAS,,
66139,03_060_085,1096,518,518,0,5,513,LISTAS,,
66627,03_060_086,1252,592,592,0,3,589,LISTAS,,
66655,03_060_087,977,556,556,0,6,550,LISTAS,,
66757,03_060_088,1192,771,769,0,3,766,LISTAS,,
66141,03_060_089,1128,437,437,0,5,432,LISTAS,,
66631,03_060_090,953,476,476,0,4,472,LISTAS,,
66665,03_060_091,565,245,245,0,4,241,LISTAS,,
66667,03_060_092,930,639,637,0,2,635,LISTAS,,
66703,03_060_093,735,414,413,0,3,410,LISTAS,,
66705,03_060_094,884,587,586,0,0,586,LISTAS,,
66791,03_060_095,685,305,305,0,6,299,LISTAS,,
66707,03_060_096,660,320,317,0,5,312,LISTAS,,
67291,03_061_001,621,298,298,0,2,296,LISTAS,,
67293,03_061_002,702,338,338,0,5,333,LISTAS,,
67295,03_061_003,722,317,317,0,1,316,LISTAS,,
67297,03_061_004,102,46,46,0,2,44,LISTAS,,
66143,03_062_001,968,536,535,0,8,527,LISTAS,,
66145,03_062_002,975,577,577,0,2,575,LISTAS,,
66147,03_062_003,996,565,565,0,7,558,LISTAS,,
66149,03_062_004,942,524,524,0,0,524,LISTAS,,
66151,03_062_005,1017,485,485,0,3,482,LISTAS,,
67299,03_063_001,359,175,175,0,0,175,LISTAS,,
66893,03_064_001,751,439,437,0,2,435,LISTAS,,
66895,03_064_002,715,415,415,0,2,413,LISTAS,,
66897,03_064_003,728,476,476,0,4,472,LISTAS,,
66899,03_064_004,743,497,497,0,2,495,LISTAS,,
66901,03_064_005,706,449,449,0,5,444,LISTAS,,
66903,03_064_006,718,484,484,0,3,481,LISTAS,,
66905,03_064_007,722,508,507,0,5,502,LISTAS,,
66907,03_064_008,797,436,436,0,1,435,LISTAS,,
66909,03_064_009,752,475,474,0,2,472,LISTAS,,
66911,03_064_010,746,480,480,0,3,477,LISTAS,,
66913,03_064_011,782,507,507,0,6,501,LISTAS,,
66915,03_064_012,695,429,429,0,5,424,LISTAS,,
66917,03_064_013,680,324,324,0,7,317,LISTAS,,
66965,03_064_014,721,452,452,0,2,450,LISTAS,,
66967,03_064_015,687,468,468,0,2,466,LISTAS,,
66969,03_064_016,791,541,541,0,3,538,LISTAS,,
67021,03_065_001,869,576,576,0,6,570,LISTAS,,
67023,03_065_002,891,659,658,0,4,654,LISTAS,,
67025,03_065_003,748,420,420,0,3,417,LISTAS,,
67027,03_065_004,750,435,435,0,2,433,LISTAS,,
67029,03_065_005,809,513,513,0,3,510,LISTAS,,
67031,03_065_006,875,550,550,0,3,547,LISTAS,,
67033,03_065_007,785,535,534,0,8,526,LISTAS,,
67035,03_065_008,696,429,429,0,3,426,LISTAS,,
67037,03_065_009,738,487,487,0,2,485,LISTAS,,
67039,03_065_010,842,540,539,0,3,536,LISTAS,,
67041,03_065_011,951,627,627,0,4,623,LISTAS,,
67043,03_065_012,799,424,424,0,6,418,LISTAS,,
67045,03_065_013,1500,1138,1136,0,6,1130,LISTAS,,
66527,03_065_014,943,567,567,0,5,562,LISTAS,,
66529,03_065_015,877,512,509,0,6,503,LISTAS,,
66531,03_065_016,1058,711,711,0,1,710,LISTAS,,
66533,03_065_017,962,480,480,0,9,471,LISTAS,,
66535,03_065_018,203,78,78,0,1,77,LISTAS,,
66537,03_065_019,309,154,153,0,1,152,LISTAS,,
66539,03_065_020,964,464,464,0,5,459,LISTAS,,
66541,03_065_021,1144,608,608,0,2,606,LISTAS,,
66543,03_065_022,408,195,195,0,3,192,LISTAS,,
66545,03_065_023,713,415,415,0,3,412,LISTAS,,
66547,03_065_024,785,478,478,0,4,474,LISTAS,,
66549,03_065_025,915,543,542,0,13,529,LISTAS,,
66551,03_065_026,860,562,562,0,9,553,LISTAS,,
66553,03_065_027,709,438,438,0,1,437,LISTAS,,
66555,03_065_028,854,574,573,0,6,567,LISTAS,,
66557,03_065_029,573,252,252,0,1,251,LISTAS,,
66559,03_065_030,968,516,516,0,6,510,LISTAS,,
66561,03_065_031,1080,540,540,0,4,536,LISTAS,,
67301,03_066_001,674,415,417,0,22,395,LISTAS,,
67303,03_066_002,679,403,403,0,3,400,LISTAS,,
67305,03_066_003,855,395,395,0,4,391,LISTAS,,
67307,03_066_004,1042,374,374,0,4,370,LISTAS,,
67309,03_066_005,840,622,622,0,4,618,LISTAS,,
67311,03_066_006,759,500,499,0,5,494,LISTAS,,
67315,03_066_007,683,414,414,0,4,410,LISTAS,,
67317,03_066_008,1756,1336,1335,0,8,1327,LISTAS,,
67319,03_066_009,870,561,561,0,2,559,LISTAS,,
67313,03_066_010,1177,445,445,0,2,443,LISTAS,,
67321,03_066_011,816,430,430,0,5,425,LISTAS,,
67323,03_066_012,746,438,438,0,2,436,LISTAS,,
67325,03_066_013,830,487,487,0,8,479,LISTAS,,
67327,03_066_014,710,349,350,0,15,335,LISTAS,,
67329,03_066_015,749,499,499,0,4,495,LISTAS,,
67331,03_066_016,676,466,466,0,3,463,LISTAS,,
67333,03_066_017,700,411,411,0,1,410,LISTAS,,
67335,03_066_018,924,539,539,0,2,537,LISTAS,,
67337,03_066_019,697,402,402,0,4,398,LISTAS,,
67339,03_066_020,767,446,446,0,1,445,LISTAS,,
67341,03_066_021,765,442,442,0,4,438,LISTAS,,
67343,03_066_022,728,472,473,0,13,460,LISTAS,,
67345,03_066_023,658,382,382,0,2,380,LISTAS,,
67347,03_066_024,698,319,319,0,4,315,LISTAS,,
67349,03_066_025,722,442,442,0,2,440,LISTAS,,
67351,03_066_026,647,383,382,0,1,381,LISTAS,,
67353,03_066_027,732,352,352,0,3,349,LISTAS,,
67355,03_066_028,647,346,346,0,2,344,LISTAS,,
67357,03_066_029,867,468,468,0,2,466,LISTAS,,
67359,03_066_030,781,365,365,0,2,363,LISTAS,,
66563,03_067_001,922,513,513,0,3,510,LISTAS,,
66565,03_067_002,1175,680,680,0,4,676,LISTAS,,
66567,03_067_003,1103,607,606,0,4,602,LISTAS,,
66569,03_067_004,1077,647,647,0,7,640,LISTAS,,
66571,03_067_005,1149,582,582,0,4,578,LISTAS,,
66573,03_067_006,1193,583,582,0,4,578,LISTAS,,
66575,03_067_007,1178,577,577,0,17,560,LISTAS,,
66577,03_067_008,1163,527,527,0,5,522,LISTAS,,
67219,03_067_009,256,102,102,0,2,100,LISTAS,,
67361,03_068_001,250,72,72,0,1,71,LISTAS,,
67363,03_068_002,925,471,471,0,2,469,LISTAS,,
67365,03_068_003,915,428,428,0,6,422,LISTAS,,
66579,03_069_001,576,320,320,0,2,318,LISTAS,,
66153,03_070_001,1297,646,646,0,3,643,LISTAS,,
67367,03_071_001,622,328,328,0,1,327,LISTAS,,
67369,03_071_002,718,400,400,0,11,389,LISTAS,,
66155,03_072_001,511,281,281,0,5,276,LISTAS,,
67371,03_073_001,884,564,564,0,1,563,LISTAS,,
67373,03_073_002,765,439,439,0,1,438,LISTAS,,
67375,03_073_003,126,58,58,0,0,58,LISTAS,,
66157,03_074_001,565,331,331,0,1,330,LISTAS,,
66581,03_075_001,1356,803,802,0,6,796,LISTAS,,
66159,03_076_001,835,490,490,0,4,486,LISTAS,,
66161,03_076_002,924,474,474,0,9,465,LISTAS,,
66163,03_076_003,775,360,360,0,13,347,LISTAS,,
66165,03_076_004,854,509,509,0,2,507,LISTAS,,
66167,03_076_005,871,577,577,0,3,574,LISTAS,,
66169,03_076_006,1067,659,658,0,5,653,LISTAS,,
66171,03_076_007,1098,635,634,0,4,630,LISTAS,,
66173,03_076_008,294,138,138,0,2,136,LISTAS,,
66175,03_077_001,1352,668,667,0,37,630,LISTAS,,
66177,03_078_001,1116,701,701,0,4,697,LISTAS,,
66179,03_078_002,1107,711,710,0,2,708,LISTAS,,
66181,03_078_003,1114,676,676,0,8,668,LISTAS,,
66183,03_078_004,1139,513,513,0,7,506,LISTAS,,
66185,03_078_005,1138,448,448,0,6,442,LISTAS,,
66591,03_078_006,1092,668,666,0,2,664,LISTAS,,
66593,03_078_007,1181,575,575,0,5,570,LISTAS,,
66595,03_078_008,543,258,258,0,2,256,LISTAS,,
66597,03_078_009,597,275,274,0,3,271,LISTAS,,
66583,03_079_001,825,453,453,0,2,451,LISTAS,,
66585,03_079_002,646,350,350,0,3,347,LISTAS,,
66587,03_079_003,707,370,371,0,12,359,LISTAS,,
66589,03_079_004,1109,609,609,0,6,603,LISTAS,,
67179,03_079_005,364,158,158,0,1,157,LISTAS,,
67073,03_080_001,793,403,403,0,4,399,LISTAS,,
67075,03_080_002,818,411,411,0,1,410,LISTAS,,
67077,03_080_003,790,341,341,0,1,340,LISTAS,,
67079,03_081_001,417,200,200,0,5,195,LISTAS,,
67377,03_082_001,815,454,454,0,12,442,LISTAS,,
67379,03_082_002,838,486,486,0,4,482,LISTAS,,
67381,03_082_003,830,418,418,0,7,411,LISTAS,,
67383,03_082_004,843,400,400,0,1,399,LISTAS,,
67385,03_082_005,863,406,406,0,5,401,LISTAS,,
67387,03_082_006,110,46,46,0,1,45,LISTAS,,
66919,03_083_001,716,422,422,0,5,417,LISTAS,,
66921,03_083_002,705,458,458,0,5,453,LISTAS,,
67181,03_084_001,396,240,240,0,1,239,LISTAS,,
67081,03_085_001,989,480,480,0,6,474,LISTAS,,
67083,03_085_002,944,450,450,0,3,447,LISTAS,,
67085,03_086_001,892,378,378,0,2,376,LISTAS,,
67087,03_086_002,664,363,363,0,1,362,LISTAS,,
67183,03_087_001,964,562,562,0,5,557,LISTAS,,
67185,03_087_002,891,459,459,0,4,455,LISTAS,,
66923,03_088_001,390,223,223,0,2,221,LISTAS,,
67187,03_089_001,921,422,422,0,8,414,LISTAS,,
67189,03_089_002,878,430,430,0,6,424,LISTAS,,
67191,03_089_003,825,430,430,0,3,427,LISTAS,,
66925,03_090_001,673,332,332,0,5,327,LISTAS,,
66927,03_091_001,981,523,523,0,8,515,LISTAS,,
67193,03_092_001,750,373,373,0,3,370,LISTAS,,
67195,03_092_002,726,355,355,0,6,349,LISTAS,,
67197,03_093_001,644,400,400,0,3,397,LISTAS,,
67199,03_093_002,593,272,272,0,2,270,LISTAS,,
67389,03_094_001,811,464,464,0,2,462,LISTAS,,
67089,03_095_001,1031,429,429,0,0,429,LISTAS,,
66929,03_096_001,762,489,489,0,5,484,LISTAS,,
66931,03_096_002,1019,570,570,0,4,566,LISTAS,,
66933,03_096_003,719,430,430,0,0,430,LISTAS,,
66935,03_096_004,881,518,518,0,5,513,LISTAS,,
66937,03_096_005,990,556,556,0,2,554,LISTAS,,
66939,03_096_006,1043,567,565,0,8,557,LISTAS,,
66941,03_097_001,1055,578,578,0,7,571,LISTAS,,
66943,03_098_001,1188,766,763,0,6,757,LISTAS,,
66945,03_098_002,1201,687,687,0,2,685,LISTAS,,
66947,03_098_003,924,550,550,0,9,541,LISTAS,,
66949,03_098_004,948,469,469,0,3,466,LISTAS,,
66951,03_098_005,866,464,464,0,4,460,LISTAS,,
66953,03_098_006,854,512,512,0,1,511,LISTAS,,
67091,03_099_001,1038,560,560,0,8,552,LISTAS,,
67093,03_099_002,1011,561,561,0,5,556,LISTAS,,
67095,03_099_003,1062,578,578,0,4,574,LISTAS,,
66599,03_100_001,649,340,340,0,1,339,LISTAS,,
66601,03_100_002,684,321,321,0,2,319,LISTAS,,
66603,03_100_003,711,408,408,0,5,403,LISTAS,,
66605,03_100_004,688,348,348,0,3,345,LISTAS,,
66607,03_100_005,660,313,313,0,4,309,LISTAS,,
66609,03_100_006,675,370,370,0,3,367,LISTAS,,
66611,03_100_007,729,396,396,0,5,391,LISTAS,,
66613,03_100_008,310,126,126,0,2,124,LISTAS,,
66955,03_101_001,1007,617,617,0,11,606,LISTAS,,
66615,03_102_001,778,410,409,0,4,405,LISTAS,,
66617,03_102_002,838,474,474,0,4,470,LISTAS,,
66619,03_102_003,701,385,385,0,2,383,LISTAS,,
67201,03_103_001,1043,587,587,0,3,584,LISTAS,,
67203,03_103_002,929,569,569,0,6,563,LISTAS,,
66761,03_104_001,647,326,326,0,2,324,LISTAS,,
66763,03_104_002,882,562,562,0,6,556,LISTAS,,
67097,03_105_001,626,319,319,0,2,317,LISTAS,,
67099,03_105_002,619,320,320,0,3,317,LISTAS,,
66957,03_106_001,921,532,532,0,5,527,LISTAS,,
66621,03_107_001,1104,605,605,0,4,601,LISTAS,,
66623,03_107_002,1211,548,548,0,6,542,LISTAS,,
67391,03_108_002,1058,547,547,0,7,540,LISTAS,,
67393,03_109_001,716,434,434,0,9,425,LISTAS,,
67395,03_109_002,675,322,322,0,4,318,LISTAS,,
67205,03_110_001,730,299,299,0,5,294,LISTAS,,
67207,03_110_002,706,327,327,0,4,323,LISTAS,,
67209,03_110_003,673,317,317,0,1,316,LISTAS,,
67211,03_110_004,673,318,318,0,0,318,LISTAS,,
67213,03_110_005,643,381,381,0,0,381,LISTAS,,
67215,03_110_006,660,327,327,0,3,324,LISTAS,,
66765,03_111_001,1207,669,667,0,6,661,LISTAS,,
66767,03_111_002,1258,823,823,0,4,819,LISTAS,,
66769,03_111_003,1284,849,849,0,2,847,LISTAS,,
66771,03_111_004,1226,689,688,0,1,687,LISTAS,,
66773,03_111_005,1158,630,630,0,6,624,LISTAS,,
66775,03_111_006,1143,574,574,0,4,570,LISTAS,,
66777,03_111_007,681,303,303,0,3,300,LISTAS,,
66779,03_111_008,431,198,198,0,0,198,LISTAS,,
66781,03_111_009,409,219,219,0,2,217,LISTAS,,
66783,03_111_010,366,119,119,0,0,119,LISTAS,,
67217,03_112_001,662,356,356,0,4,352,LISTAS,,
67397,03_113_001,599,271,271,0,9,262,LISTAS,,
67399,03_113_002,823,434,434,0,3,431,LISTAS,,
67401,03_113_003,786,371,371,0,8,363,LISTAS,,
67403,03_113_004,827,358,363,0,5,358,LISTAS,,
67405,03_113_005,728,300,300,0,3,297,LISTAS,,
66959,03_114_001,840,481,481,0,3,478,LISTAS,,
66961,03_115_001,180,126,126,0,1,125,LISTAS,,
66963,03_116_001,347,211,211,0,5,206,LISTAS,,
67101,03_117_001,968,514,514,0,5,509,LISTAS,,
67103,03_117_002,1009,564,564,0,4,560,LISTAS,,
67105,03_117_003,892,510,513,0,28,485,LISTAS,,
66785,03_118_001,990,600,600,0,4,596,LISTAS,,
66787,03_118_002,823,416,416,0,7,409,LISTAS,,
67407,03_119_001,664,348,348,0,3,345,LISTAS,,
67551,04_001_001,761,438,438,0,12,426,LISTAS,,
67553,04_002_001,664,343,343,0,7,336,LISTAS,,
67555,04_002_002,727,408,408,0,4,404,LISTAS,,
67557,04_002_003,585,293,293,0,5,288,LISTAS,,
67559,04_002_004,868,409,409,0,4,405,LISTAS,,
67561,04_002_005,977,531,530,0,16,514,LISTAS,,
67563,04_002_006,836,402,402,0,5,397,LISTAS,,
67705,04_003_001,1156,636,636,0,5,631,LISTAS,,
67707,04_003_002,1107,555,555,0,8,547,LISTAS,,
67709,04_003_003,1112,710,710,0,5,705,LISTAS,,
67711,04_003_004,1119,729,729,0,7,722,LISTAS,,
67713,04_003_005,1123,702,702,0,6,696,LISTAS,,
67715,04_003_006,1140,684,683,0,13,670,LISTAS,,
67717,04_003_007,931,550,550,0,1,549,LISTAS,,
67719,04_003_008,971,577,577,0,1,576,LISTAS,,
67721,04_003_009,989,607,607,0,6,601,LISTAS,,
67723,04_003_010,999,483,483,0,3,480,LISTAS,,
67725,04_003_011,2138,1560,1554,0,5,1549,LISTAS,,
67727,04_003_012,976,424,424,0,4,420,LISTAS,,
67729,04_003_013,922,522,522,0,2,520,LISTAS,,
67731,04_003_014,951,568,568,0,3,565,LISTAS,,
67733,04_003_015,953,506,506,0,5,501,LISTAS,,
67735,04_003_016,921,399,399,0,4,395,LISTAS,,
67109,04_004_001,635,399,399,0,6,393,LISTAS,,
67111,04_004_002,595,408,407,0,4,403,LISTAS,,
67113,04_004_003,660,434,434,0,6,428,LISTAS,,
67115,04_004_004,904,628,627,0,4,623,LISTAS,,
67117,04_004_005,893,665,665,0,3,662,LISTAS,,
67119,04_004_006,565,384,383,0,2,381,LISTAS,,
67121,04_004_007,881,569,568,0,3,565,LISTAS,,
67123,04_004_008,677,410,410,0,4,406,LISTAS,,
67125,04_004_009,799,515,515,0,1,514,LISTAS,,
67127,04_004_010,827,516,516,0,7,509,LISTAS,,
67129,04_004_011,946,673,673,0,1,672,LISTAS,,
67131,04_004_012,647,362,362,0,3,359,LISTAS,,
67133,04_004_013,529,338,338,0,0,338,LISTAS,,
67135,04_004_014,692,455,455,0,2,453,LISTAS,,
67137,04_004_015,817,579,579,0,2,577,LISTAS,,
67139,04_004_016,843,449,450,0,14,436,LISTAS,,
67141,04_004_017,884,553,553,0,6,547,LISTAS,,
67143,04_004_018,637,411,411,0,2,409,LISTAS,,
67145,04_004_019,995,668,668,0,9,659,LISTAS,,
67147,04_004_020,886,596,595,0,2,593,LISTAS,,
67149,04_004_021,723,484,484,0,2,482,LISTAS,,
67151,04_004_022,754,441,441,0,5,436,LISTAS,,
67153,04_004_023,745,413,413,0,4,409,LISTAS,,
67155,04_004_024,614,322,322,0,2,320,LISTAS,,
67157,04_004_025,545,332,332,0,1,331,LISTAS,,
67159,04_004_026,619,379,379,0,3,376,LISTAS,,
67161,04_004_027,756,442,442,0,2,440,LISTAS,,
67163,04_004_028,930,605,604,0,1,603,LISTAS,,
67165,04_004_029,881,553,553,0,8,545,LISTAS,,
67167,04_004_030,984,695,695,0,7,688,LISTAS,,
67169,04_004_031,627,383,383,0,2,381,LISTAS,,
67171,04_004_032,687,381,380,0,2,378,LISTAS,,
67173,04_004_033,686,432,432,0,2,430,LISTAS,,
67175,04_004_034,687,473,473,0,2,471,LISTAS,,
67177,04_004_035,797,447,447,0,4,443,LISTAS,,
67575,04_004_036,743,476,476,0,5,471,LISTAS,,
67577,04_004_037,711,420,419,0,2,417,LISTAS,,
67579,04_004_038,740,499,498,0,1,497,LISTAS,,
67581,04_004_039,800,465,465,0,2,463,LISTAS,,
67583,04_004_040,690,442,442,0,6,436,LISTAS,,
67585,04_004_041,1060,612,611,0,2,609,LISTAS,,
67587,04_004_042,764,532,532,0,1,531,LISTAS,,
67589,04_004_043,590,422,422,0,1,421,LISTAS,,
67591,04_004_044,796,467,467,0,3,464,LISTAS,,
67593,04_004_045,587,308,308,0,4,304,LISTAS,,
67595,04_004_046,895,540,538,0,1,537,LISTAS,,
67597,04_004_047,968,599,599,0,4,595,LISTAS,,
67599,04_004_048,937,587,586,0,3,583,LISTAS,,
67601,04_004_049,808,476,476,0,6,470,LISTAS,,
67603,04_004_050,862,543,543,0,5,538,LISTAS,,
67605,04_004_051,985,584,584,0,6,578,LISTAS,,
67607,04_004_052,859,475,475,0,6,469,LISTAS,,
67609,04_004_053,577,414,414,0,3,411,LISTAS,,
67611,04_004_054,177,74,74,0,0,74,LISTAS,,
67613,04_004_055,1750,1477,1482,0,7,1475,LISTAS,,
67615,04_004_056,796,495,494,0,1,493,LISTAS,,
67617,04_004_057,857,527,528,0,15,513,LISTAS,,
67619,04_004_058,588,340,340,0,1,339,LISTAS,,
67621,04_004_059,611,340,340,0,1,339,LISTAS,,
67623,04_004_060,818,482,482,0,3,479,LISTAS,,
67625,04_004_061,275,141,141,0,0,141,LISTAS,,
67627,04_004_062,1061,643,643,0,2,641,LISTAS,,
67693,04_004_063,631,442,442,0,1,441,LISTAS,,
67695,04_004_064,758,542,542,0,3,539,LISTAS,,
67697,04_004_065,608,418,418,0,0,418,LISTAS,,
67699,04_004_066,505,320,320,0,2,318,LISTAS,,
67701,04_004_067,745,393,393,0,3,390,LISTAS,,
67703,04_004_068,802,459,459,0,5,454,LISTAS,,
67565,04_005_001,660,367,367,0,2,365,LISTAS,,
67567,04_005_002,659,357,357,0,1,356,LISTAS,,
67569,04_005_003,669,324,324,0,0,324,LISTAS,,
67737,04_006_001,414,287,287,0,3,284,LISTAS,,
67739,04_006_002,445,268,268,0,4,264,LISTAS,,
67741,04_006_003,479,273,273,0,2,271,LISTAS,,
67743,04_006_004,466,299,299,0,4,295,LISTAS,,
67745,04_006_005,701,428,428,0,2,426,LISTAS,,
67747,04_006_006,524,353,353,0,4,349,LISTAS,,
67749,04_006_007,49,31,31,0,0,31,LISTAS,,
67901,04_007_001,850,459,459,0,1,458,LISTAS,,
67903,04_008_001,830,535,534,0,4,530,LISTAS,,
67751,04_009_001,945,454,454,0,6,448,LISTAS,,
67753,04_009_002,918,484,484,0,5,479,LISTAS,,
67755,04_010_001,700,452,452,0,6,446,LISTAS,,
67757,04_010_002,725,426,426,0,5,421,LISTAS,,
67759,04_010_003,105,48,48,0,3,45,LISTAS,,
67629,04_011_001,279,184,184,0,4,180,LISTAS,,
67571,04_012_001,1033,642,642,0,7,635,LISTAS,,
67573,04_012_002,1134,610,609,0,3,606,LISTAS,,
67761,04_013_001,353,214,214,0,4,210,LISTAS,,
67631,04_014_001,878,499,499,0,3,496,LISTAS,,
67633,04_014_002,867,430,430,0,3,427,LISTAS,,
67635,04_014_003,869,449,449,0,5,444,LISTAS,,
67637,04_014_004,795,377,377,0,4,373,LISTAS,,
67639,04_014_005,856,502,501,0,4,497,LISTAS,,
67763,04_015_001,828,388,388,0,5,383,LISTAS,,
67765,04_015_002,813,436,436,0,2,434,LISTAS,,
67767,04_015_003,877,428,428,0,5,423,LISTAS,,
67769,04_015_004,698,374,374,0,4,370,LISTAS,,
67771,04_015_005,714,398,398,0,3,395,LISTAS,,
67773,04_015_006,748,374,374,0,3,371,LISTAS,,
67775,04_015_007,842,430,430,0,6,424,LISTAS,,
67777,04_015_008,870,427,427,0,1,426,LISTAS,,
67905,04_016_001,826,437,437,0,5,432,LISTAS,,
67907,04_016_002,641,370,370,0,5,365,LISTAS,,
67909,04_016_003,697,409,409,0,4,405,LISTAS,,
67911,04_016_004,636,369,369,0,2,367,LISTAS,,
67913,04_016_005,661,349,349,0,0,349,LISTAS,,
68169,04_017_001,712,389,390,0,20,370,LISTAS,,
68171,04_017_002,614,346,346,0,3,343,LISTAS,,
68173,04_017_003,466,258,258,0,2,256,LISTAS,,
68175,04_018_001,500,343,343,0,1,342,LISTAS,,
67779,04_019_001,525,243,243,0,3,240,LISTAS,,
67781,04_019_002,553,308,308,0,2,306,LISTAS,,
67915,04_020_001,495,262,262,0,6,256,LISTAS,,
67917,04_020_002,627,359,359,0,7,352,LISTAS,,
67919,04_020_003,661,361,359,0,7,352,LISTAS,,
67921,04_020_004,645,350,350,0,3,347,LISTAS,,
67923,04_020_005,690,368,369,0,14,355,LISTAS,,
67925,04_020_006,744,279,279,0,1,278,LISTAS,,
67927,04_021_001,614,334,334,0,3,331,LISTAS,,
67929,04_021_002,669,394,394,0,3,391,LISTAS,,
67931,04_021_003,601,373,373,0,5,368,LISTAS,,
67933,04_021_004,666,374,374,0,4,370,LISTAS,,
67935,04_021_005,656,350,350,0,4,346,LISTAS,,
67937,04_021_006,720,449,449,0,0,449,LISTAS,,
67939,04_021_007,758,381,381,0,3,378,LISTAS,,
68177,04_022_001,1012,490,490,0,6,484,LISTAS,,
68179,04_022_002,1076,607,607,0,2,605,LISTAS,,
68181,04_022_003,1006,523,523,0,2,521,LISTAS,,
67641,04_023_001,616,385,385,0,4,381,LISTAS,,
67643,04_023_002,517,328,328,0,3,325,LISTAS,,
67941,04_024_001,615,310,310,0,3,307,LISTAS,,
67783,04_025_001,715,411,411,0,2,409,LISTAS,,
67785,04_025_002,736,445,445,0,2,443,LISTAS,,
67787,04_025_003,673,370,368,0,1,367,LISTAS,,
67789,04_025_004,780,432,432,0,0,432,LISTAS,,
67791,04_025_005,704,419,419,0,2,417,LISTAS,,
67793,04_025_006,741,412,412,0,0,412,LISTAS,,
67795,04_025_007,769,364,364,0,4,360,LISTAS,,
67797,04_025_008,649,290,290,0,2,288,LISTAS,,
67799,04_025_009,707,334,334,0,7,327,LISTAS,,
67801,04_025_010,630,369,369,0,3,366,LISTAS,,
67803,04_025_011,801,387,387,0,4,383,LISTAS,,
67805,04_025_012,737,398,398,0,5,393,LISTAS,,
67807,04_025_013,672,295,295,0,1,294,LISTAS,,
67809,04_025_014,608,306,306,0,3,303,LISTAS,,
67811,04_025_015,134,59,59,0,0,59,LISTAS,,
67813,04_025_016,846,437,437,0,4,433,LISTAS,,
67815,04_025_017,593,202,202,0,6,196,LISTAS,,
67943,04_026_001,1144,773,772,0,3,769,LISTAS,,
67945,04_026_002,1111,783,783,0,4,779,LISTAS,,
67947,04_026_003,738,301,301,0,9,292,LISTAS,,
67949,04_026_004,843,551,551,0,3,548,LISTAS,,
67951,04_026_005,824,456,456,0,4,452,LISTAS,,
67953,04_026_006,937,609,607,0,2,605,LISTAS,,
67955,04_026_007,1078,621,621,0,6,615,LISTAS,,
67957,04_026_008,1023,695,695,0,3,692,LISTAS,,
67959,04_026_009,760,537,536,0,4,532,LISTAS,,
67961,04_026_010,821,569,569,0,3,566,LISTAS,,
67963,04_026_011,793,495,495,0,11,484,LISTAS,,
67965,04_026_012,754,431,431,0,4,427,LISTAS,,
67967,04_026_013,730,389,389,0,1,388,LISTAS,,
67969,04_026_014,1090,591,590,0,3,587,LISTAS,,
67971,04_026_015,868,586,585,0,7,578,LISTAS,,
67973,04_026_016,978,625,625,0,2,623,LISTAS,,
67975,04_026_017,758,440,440,0,3,437,LISTAS,,
67977,04_026_018,744,415,415,0,0,415,LISTAS,,
67979,04_026_019,1141,642,642,0,5,637,LISTAS,,
67981,04_026_020,790,525,530,0,47,483,LISTAS,,
67983,04_026_021,923,603,603,0,3,600,LISTAS,,
67985,04_026_022,905,572,572,0,4,568,LISTAS,,
67987,04_026_023,1073,697,697,0,2,695,LISTAS,,
67989,04_026_024,757,465,465,0,2,463,LISTAS,,
67991,04_026_025,929,644,644,0,1,643,LISTAS,,
67993,04_026_026,817,472,472,0,5,467,LISTAS,,
67995,04_026_027,649,394,394,0,0,394,LISTAS,,
67997,04_026_028,640,378,378,0,3,375,LISTAS,,
67999,04_026_029,696,412,412,0,2,410,LISTAS,,
68001,04_026_030,1518,1251,1249,0,7,1242,LISTAS,,
67817,04_027_001,561,338,338,0,7,331,LISTAS,,
67819,04_028_001,485,314,314,0,2,312,LISTAS,,
67821,04_028_002,396,253,253,0,1,252,LISTAS,,
67823,04_029_001,575,322,322,0,1,321,LISTAS,,
68183,04_030_001,743,444,444,0,17,427,LISTAS,,
68185,04_031_001,731,461,461,0,4,457,LISTAS,,
68187,04_031_002,737,467,467,0,2,465,LISTAS,,
68189,04_031_003,129,69,69,0,0,69,LISTAS,,
67825,04_032_001,328,178,178,0,2,176,LISTAS,,
68191,04_033_001,814,473,473,0,10,463,LISTAS,,
68193,04_033_002,779,491,491,0,4,487,LISTAS,,
67645,04_034_001,764,435,435,0,3,432,LISTAS,,
67647,04_034_002,759,406,406,0,8,398,LISTAS,,
67649,04_034_003,855,443,443,0,7,436,LISTAS,,
67651,04_034_004,682,338,338,0,6,332,LISTAS,,
67653,04_035_001,813,565,565,0,8,557,LISTAS,,
67655,04_035_002,341,160,160,0,3,157,LISTAS,,
68195,04_036_001,408,244,244,0,4,240,LISTAS,,
67657,04_037_001,633,336,336,0,4,332,LISTAS,,
67659,04_037_002,678,380,380,0,2,378,LISTAS,,
67661,04_037_003,669,373,373,0,0,373,LISTAS,,
67663,04_037_004,620,322,322,0,2,320,LISTAS,,
67665,04_037_005,664,353,353,0,4,349,LISTAS,,
67667,04_037_006,624,371,371,0,3,368,LISTAS,,
67669,04_037_007,509,210,210,0,1,209,LISTAS,,
67827,04_038_001,855,461,461,0,3,458,LISTAS,,
67829,04_038_002,966,448,448,0,3,445,LISTAS,,
67831,04_038_003,964,490,490,0,2,488,LISTAS,,
67833,04_038_004,937,560,560,0,7,553,LISTAS,,
68003,04_039_001,535,340,340,0,2,338,LISTAS,,
67835,04_040_001,717,401,401,0,6,395,LISTAS,,
67837,04_040_002,712,389,389,0,0,389,LISTAS,,
67839,04_040_003,735,387,387,0,1,386,LISTAS,,
68005,04_041_001,425,219,219,0,2,217,LISTAS,,
68007,04_042_001,609,346,346,0,5,341,LISTAS,,
68009,04_042_002,626,347,347,0,2,345,LISTAS,,
68197,04_043_001,695,397,397,0,14,383,LISTAS,,
68199,04_043_002,677,340,340,0,3,337,LISTAS,,
68201,04_043_003,854,433,433,0,4,429,LISTAS,,
68203,04_044_001,857,524,524,0,5,519,LISTAS,,
68205,04_044_002,699,427,427,0,10,417,LISTAS,,
68207,04_045_001,649,404,404,0,8,396,LISTAS,,
68209,04_045_002,545,313,313,0,2,311,LISTAS,,
68211,04_045_003,612,348,348,0,4,344,LISTAS,,
68213,04_046_001,192,113,113,0,0,113,LISTAS,,
68215,04_047_001,584,352,352,0,4,348,LISTAS,,
68217,04_047_002,286,188,188,0,7,181,LISTAS,,
68219,04_048_001,974,660,660,0,5,655,LISTAS,,
68221,04_048_002,834,577,577,0,17,560,LISTAS,,
68223,04_048_003,870,562,562,0,8,554,LISTAS,,
68225,04_048_004,293,143,143,0,2,141,LISTAS,,
67841,04_049_001,1106,501,501,0,5,496,LISTAS,,
67843,04_049_002,1057,588,588,0,6,582,LISTAS,,
67845,04_049_003,1098,667,667,0,8,659,LISTAS,,
67847,04_049_004,1054,604,605,0,28,577,LISTAS,,
67849,04_049_005,943,600,600,0,6,594,LISTAS,,
67851,04_049_006,1162,501,502,0,17,485,LISTAS,,
67853,04_049_007,1060,625,623,0,7,616,LISTAS,,
67855,04_049_008,1033,572,571,0,9,562,LISTAS,,
68011,04_050_001,804,432,432,0,4,428,LISTAS,,
68013,04_050_002,87,47,47,0,0,47,LISTAS,,
68227,04_051_001,737,418,417,0,2,415,LISTAS,,
68229,04_051_002,645,378,378,0,6,372,LISTAS,,
68231,04_051_003,792,447,446,0,1,445,LISTAS,,
68233,04_051_004,790,515,514,0,2,512,LISTAS,,
68235,04_051_005,836,504,503,0,10,493,LISTAS,,
68237,04_051_006,782,365,365,0,5,360,LISTAS,,
68239,04_052_001,844,517,517,0,3,514,LISTAS,,
68241,04_052_002,964,595,595,0,7,588,LISTAS,,
68243,04_052_003,1105,654,652,0,6,646,LISTAS,,
68245,04_052_004,1125,638,638,0,5,633,LISTAS,,
68247,04_052_005,1037,556,556,0,1,555,LISTAS,,
68015,04_053_001,832,451,451,0,1,450,LISTAS,,
68017,04_053_002,891,518,518,0,6,512,LISTAS,,
67857,04_054_001,521,299,299,0,1,298,LISTAS,,
67859,04_054_002,562,294,294,0,0,294,LISTAS,,
68249,04_055_001,1116,682,682,0,8,674,LISTAS,,
68251,04_056_001,386,222,222,0,1,221,LISTAS,,
68253,04_056_002,355,205,205,0,2,203,LISTAS,,
68255,04_056_003,417,234,234,0,0,234,LISTAS,,
68257,04_057_001,658,334,334,0,5,329,LISTAS,,
68259,04_057_002,575,333,333,0,8,325,LISTAS,,
68261,04_057_003,686,478,478,0,3,475,LISTAS,,
68263,04_057_004,569,356,356,0,5,351,LISTAS,,
68265,04_057_005,649,416,416,0,2,414,LISTAS,,
68267,04_057_006,594,374,374,0,4,370,LISTAS,,
68269,04_057_007,634,379,379,0,1,378,LISTAS,,
68019,04_058_001,1027,527,527,0,4,523,LISTAS,,
68021,04_058_002,954,495,495,0,3,492,LISTAS,,
68271,04_059_001,695,446,446,0,4,442,LISTAS,,
68273,04_059_002,725,441,441,0,5,436,LISTAS,,
68275,04_059_003,676,394,394,0,7,387,LISTAS,,
68277,04_059_004,816,422,422,0,4,418,LISTAS,,
68279,04_059_005,627,358,358,0,4,354,LISTAS,,
68281,04_059_006,862,546,546,0,3,543,LISTAS,,
68283,04_059_007,449,293,293,0,2,291,LISTAS,,
68285,04_059_008,563,365,363,0,4,359,LISTAS,,
68287,04_059_009,520,344,345,0,10,335,LISTAS,,
68289,04_059_010,813,527,527,0,4,523,LISTAS,,
68291,04_059_011,645,424,424,0,5,419,LISTAS,,
68293,04_059_012,729,449,448,0,0,448,LISTAS,,
68295,04_059_013,649,419,419,0,4,415,LISTAS,,
68297,04_059_014,1906,1512,1503,0,7,1496,LISTAS,,
68299,04_059_015,570,353,353,0,3,350,LISTAS,,
68301,04_059_016,146,77,77,0,1,76,LISTAS,,
68303,04_059_017,698,383,383,0,1,382,LISTAS,,
68305,04_059_018,526,320,320,0,2,318,LISTAS,,
68307,04_059_019,768,497,497,0,1,496,LISTAS,,
68309,04_059_020,962,592,591,0,4,587,LISTAS,,
68373,04_059_021,770,490,490,0,1,489,LISTAS,,
68311,04_059_022,770,407,407,0,12,395,LISTAS,,
68313,04_059_023,1015,607,606,0,3,603,LISTAS,,
68315,04_059_024,987,689,679,0,5,674,LISTAS,,
68317,04_059_025,924,611,611,0,3,608,LISTAS,,
68319,04_059_026,843,498,498,0,2,496,LISTAS,,
68321,04_059_027,800,469,469,0,4,465,LISTAS,,
68323,04_059_028,369,232,232,0,0,232,LISTAS,,
68325,04_059_029,382,199,199,0,1,198,LISTAS,,
68327,04_059_030,878,453,452,0,5,447,LISTAS,,
68329,04_059_031,881,481,482,0,20,462,LISTAS,,
68331,04_059_032,676,366,366,0,5,361,LISTAS,,
68333,04_059_033,746,399,399,0,8,391,LISTAS,,
68335,04_059_034,153,67,67,0,0,67,LISTAS,,
68337,04_059_035,182,87,87,0,1,86,LISTAS,,
68339,04_059_036,694,400,400,0,2,398,LISTAS,,
68341,04_059_037,99,48,49,0,6,43,LISTAS,,
67861,04_060_001,354,195,195,0,1,194,LISTAS,,
68343,04_061_001,803,459,459,0,3,456,LISTAS,,
68345,04_061_002,595,308,308,0,2,306,LISTAS,,
68347,04_062_001,252,181,181,0,3,178,LISTAS,,
68349,04_062_002,77,59,59,0,0,59,LISTAS,,
68023,04_063_001,1009,522,522,0,10,512,LISTAS,,
68025,04_063_002,1040,520,520,0,3,517,LISTAS,,
68027,04_063_003,1065,492,492,0,5,487,LISTAS,,
68029,04_063_004,1081,655,655,0,3,652,LISTAS,,
68031,04_063_005,1054,410,410,0,7,403,LISTAS,,
68033,04_063_006,929,496,497,0,12,485,LISTAS,,
68035,04_063_007,1068,629,629,0,3,626,LISTAS,,
68037,04_063_008,937,509,509,0,8,501,LISTAS,,
68039,04_064_001,588,334,334,0,2,332,LISTAS,,
67507,04_064_002,595,374,374,0,5,369,LISTAS,,
67509,04_064_003,148,79,79,0,2,77,LISTAS,,
67511,04_064_004,57,41,41,0,0,41,LISTAS,,
67671,04_065_001,678,363,363,0,8,355,LISTAS,,
67673,04_065_002,813,492,492,0,1,491,LISTAS,,
67675,04_065_003,716,408,408,0,5,403,LISTAS,,
67863,04_066_001,880,560,562,0,5,557,LISTAS,,
67865,04_066_002,1005,572,572,0,7,565,LISTAS,,
67867,04_066_003,831,521,521,0,2,519,LISTAS,,
67869,04_066_004,679,464,464,0,0,464,LISTAS,,
67871,04_066_005,789,535,534,0,3,531,LISTAS,,
67873,04_066_006,717,424,424,0,11,413,LISTAS,,
67875,04_066_007,691,373,373,0,2,371,LISTAS,,
67877,04_066_008,990,613,613,0,4,609,LISTAS,,
67879,04_066_009,169,80,80,0,0,80,LISTAS,,
67881,04_066_010,1122,810,809,0,4,805,LISTAS,,
67883,04_066_011,959,563,563,0,4,559,LISTAS,,
67885,04_066_012,965,600,600,0,7,593,LISTAS,,
67887,04_066_013,816,461,461,0,2,459,LISTAS,,
67889,04_066_014,912,541,543,0,16,527,LISTAS,,
67891,04_066_015,770,478,478,0,3,475,LISTAS,,
67893,04_066_016,256,136,136,0,1,135,LISTAS,,
67895,04_066_017,66,41,41,0,0,41,LISTAS,,
67897,04_066_018,433,236,236,0,7,229,LISTAS,,
67899,04_066_019,507,285,285,0,6,279,LISTAS,,
67513,04_067_001,1072,567,567,0,3,564,LISTAS,,
67515,04_067_002,1099,659,659,0,6,653,LISTAS,,
67517,04_067_003,1077,597,597,0,4,593,LISTAS,,
67519,04_067_004,1083,667,667,0,1,666,LISTAS,,
67521,04_067_005,1044,549,549,0,4,545,LISTAS,,
67523,04_067_006,1120,642,641,0,6,635,LISTAS,,
67525,04_067_007,1162,496,496,0,4,492,LISTAS,,
67527,04_068_001,679,366,361,0,1,360,LISTAS,,
67529,04_068_002,43,17,17,0,0,17,LISTAS,,
67677,04_069_001,616,383,383,0,2,381,LISTAS,,
67679,04_069_002,718,455,455,0,1,454,LISTAS,,
68351,04_070_001,498,323,323,0,0,323,LISTAS,,
68353,04_070_002,675,407,406,0,5,401,LISTAS,,
68355,04_070_003,562,401,401,0,4,397,LISTAS,,
68357,04_070_004,507,319,319,0,2,317,LISTAS,,
68359,04_070_005,538,286,286,0,1,285,LISTAS,,
68361,04_070_006,489,309,309,0,6,303,LISTAS,,
68363,04_070_007,817,522,522,0,3,519,LISTAS,,
68365,04_070_008,754,460,459,0,3,456,LISTAS,,
68367,04_070_009,66,43,43,0,0,43,LISTAS,,
67681,04_071_001,796,410,410,0,4,406,LISTAS,,
67683,04_071_002,654,361,361,0,5,356,LISTAS,,
67685,04_071_003,732,389,389,0,4,385,LISTAS,,
67687,04_071_004,834,511,511,0,4,507,LISTAS,,
67689,04_071_005,730,468,468,0,6,462,LISTAS,,
67691,04_071_006,639,343,343,0,7,336,LISTAS,,
67531,04_072_001,91,58,58,0,4,54,LISTAS,,
68369,04_073_001,1028,602,602,0,4,598,LISTAS,,
68371,04_073_002,143,91,91,0,1,90,LISTAS,,
67533,04_074_001,726,378,378,0,3,375,LISTAS,,
67535,04_074_002,680,368,368,0,1,367,LISTAS,,
67537,04_074_003,730,423,425,0,23,402,LISTAS,,
67539,04_074_004,730,442,441,0,7,434,LISTAS,,
67541,04_074_005,976,441,441,0,7,434,LISTAS,,
67543,04_074_006,897,399,399,0,12,387,LISTAS,,
67545,04_074_007,895,341,341,0,2,339,LISTAS,,
67547,04_075_001,676,372,372,0,9,363,LISTAS,,
67549,04_075_002,640,354,354,0,6,348,LISTAS,,
69283,05_001_001,72,45,45,0,1,44,LISTAS,,
69285,05_002_001,443,263,263,0,3,260,LISTAS,,
69287,05_002_002,73,53,53,0,2,51,LISTAS,,
68943,05_003_001,78,41,41,0,1,40,LISTAS,,
69289,05_004_001,837,394,394,0,3,391,LISTAS,,
69291,05_004_002,829,426,426,0,2,424,LISTAS,,
69293,05_004_003,781,450,450,0,2,448,LISTAS,,
68945,05_005_001,117,56,56,0,1,55,LISTAS,,
69295,05_006_001,186,108,108,0,0,108,LISTAS,,
68947,05_007_001,178,108,108,0,1,107,LISTAS,,
68679,05_008_001,459,317,317,0,4,313,LISTAS,,
68949,05_009_001,643,311,311,0,2,309,LISTAS,,
69297,05_010_001,628,311,311,0,4,307,LISTAS,,
69121,05_011_001,257,168,168,0,2,166,LISTAS,,
68951,05_012_001,85,66,66,0,0,66,LISTAS,,
69299,05_013_001,172,120,120,0,5,115,LISTAS,,
68681,05_014_001,369,250,250,0,1,249,LISTAS,,
68683,05_015_001,120,80,80,0,2,78,LISTAS,,
68953,05_016_001,1117,574,574,0,6,568,LISTAS,,
68375,05_017_001,748,511,510,0,2,508,LISTAS,,
68377,05_017_002,774,500,500,0,5,495,LISTAS,,
68379,05_017_003,938,456,456,0,8,448,LISTAS,,
68381,05_017_004,859,517,517,0,3,514,LISTAS,,
68383,05_017_005,966,558,558,0,42,516,LISTAS,,
69301,05_018_001,79,56,56,0,1,55,LISTAS,,
68685,05_019_001,890,261,261,0,6,255,LISTAS,,
68687,05_019_002,904,414,414,0,3,411,LISTAS,,
68689,05_019_003,916,308,308,0,7,301,LISTAS,,
68385,05_020_001,903,583,583,0,0,583,LISTAS,,
68387,05_020_002,1130,774,774,0,2,772,LISTAS,,
69123,05_021_001,692,326,326,0,21,305,LISTAS,,
69125,05_021_002,693,317,317,0,1,316,LISTAS,,
69891,05_022_001,854,451,451,0,12,439,LISTAS,,
68955,05_023_001,547,277,274,0,2,272,LISTAS,,
68957,05_024_001,326,185,184,0,8,176,LISTAS,,
69303,05_025_001,161,122,122,0,4,118,LISTAS,,
68959,05_026_001,583,337,337,0,6,331,LISTAS,,
68961,05_026_002,634,369,368,0,3,365,LISTAS,,
68691,05_027_001,1061,642,642,0,10,632,LISTAS,,
68693,05_028_001,37,24,24,0,0,24,LISTAS,,
69127,05_029_001,1005,515,515,0,2,513,LISTAS,,
69129,05_029_002,1043,689,689,0,3,686,LISTAS,,
68963,05_030_001,973,527,526,0,8,518,LISTAS,,
68965,05_031_001,204,136,136,0,19,117,LISTAS,,
69689,05_032_001,728,397,397,0,4,393,LISTAS,,
69305,05_033_001,1092,472,472,0,12,460,LISTAS,,
69131,05_034_001,982,582,582,0,1,581,LISTAS,,
69133,05_035_001,719,448,448,0,4,444,LISTAS,,
69307,05_036_001,744,428,428,0,2,426,LISTAS,,
69691,05_037_001,683,456,456,0,2,454,LISTAS,,
69693,05_037_002,902,584,584,0,9,575,LISTAS,,
69309,05_038_001,361,146,146,0,5,141,LISTAS,,
69311,05_039_001,772,429,429,0,7,422,LISTAS,,
68967,05_040_001,984,446,446,0,12,434,LISTAS,,
68969,05_040_002,856,531,531,0,6,525,LISTAS,,
68695,05_041_001,698,350,350,0,1,349,LISTAS,,
69695,05_042_001,237,163,163,0,2,161,LISTAS,,
69697,05_043_001,410,262,262,0,4,258,LISTAS,,
68697,05_044_001,593,300,300,0,7,293,LISTAS,,
68699,05_044_002,666,363,363,0,3,360,LISTAS,,
68701,05_044_003,606,326,326,0,6,320,LISTAS,,
68703,05_044_004,718,405,405,0,4,401,LISTAS,,
68705,05_045_001,1014,609,609,0,6,603,LISTAS,,
68971,05_046_001,914,505,505,0,13,492,LISTAS,,
68707,05_047_001,127,73,73,0,0,73,LISTAS,,
68709,05_048_001,86,44,44,0,0,44,LISTAS,,
68711,05_049_001,874,600,600,0,0,600,LISTAS,,
69313,05_050_001,156,97,97,0,0,97,LISTAS,,
69135,05_051_001,799,463,462,0,3,459,LISTAS,,
69137,05_051_002,633,390,390,0,3,387,LISTAS,,
69139,05_051_003,713,442,442,0,0,442,LISTAS,,
69699,05_052_001,1181,675,675,0,7,668,LISTAS,,
69701,05_053_001,618,425,425,0,3,422,LISTAS,,
69703,05_053_002,753,495,495,0,3,492,LISTAS,,
68713,05_054_001,114,75,75,0,0,75,LISTAS,,
69705,05_055_001,998,638,638,0,5,633,LISTAS,,
69707,05_056_001,843,566,566,0,2,564,LISTAS,,
68973,05_057_001,180,93,93,0,4,89,LISTAS,,
69315,05_058_001,839,329,329,0,1,328,LISTAS,,
69317,05_058_002,772,328,328,0,1,327,LISTAS,,
69319,05_058_003,721,256,256,0,3,253,LISTAS,,
68975,05_059_001,250,100,100,0,16,84,LISTAS,,
69709,05_060_001,854,594,592,0,8,584,LISTAS,,
69711,05_061_001,380,270,270,0,1,269,LISTAS,,
68715,05_062_001,612,309,309,0,5,304,LISTAS,,
69713,05_063_001,477,311,311,0,6,305,LISTAS,,
69141,05_064_001,567,281,281,0,3,278,LISTAS,,
68977,05_065_001,529,342,342,0,5,337,LISTAS,,
68717,05_066_001,711,382,382,0,3,379,LISTAS,,
68979,05_067_001,209,132,132,0,1,131,LISTAS,,
69321,05_068_001,290,124,124,0,3,121,LISTAS,,
68981,05_069_001,19,17,17,0,0,17,LISTAS,,
68983,05_070_001,221,137,137,0,1,136,LISTAS,,
68985,05_071_001,644,326,326,0,4,322,LISTAS,,
68987,05_071_002,613,344,343,0,2,341,LISTAS,,
68719,05_072_001,647,311,311,0,6,305,LISTAS,,
68721,05_073_001,252,171,171,0,0,171,LISTAS,,
68723,05_074_001,255,169,169,0,2,167,LISTAS,,
68989,05_075_001,987,569,568,0,4,564,LISTAS,,
68991,05_075_002,1039,676,676,0,2,674,LISTAS,,
68993,05_075_003,1155,632,632,0,19,613,LISTAS,,
68995,05_075_004,921,583,583,0,3,580,LISTAS,,
68997,05_075_005,923,611,611,0,2,609,LISTAS,,
68999,05_075_006,875,572,572,0,4,568,LISTAS,,
69001,05_075_007,1096,615,614,0,6,608,LISTAS,,
69003,05_075_008,1004,520,519,0,16,503,LISTAS,,
69715,05_076_001,455,321,321,0,0,321,LISTAS,,
69717,05_077_001,756,352,352,0,3,349,LISTAS,,
69719,05_077_002,776,429,429,0,3,426,LISTAS,,
69721,05_077_003,834,447,448,0,10,438,LISTAS,,
69723,05_077_004,866,464,464,0,3,461,LISTAS,,
69725,05_077_005,857,444,444,0,2,442,LISTAS,,
69323,05_078_001,841,591,591,0,5,586,LISTAS,,
69325,05_078_002,888,541,541,0,7,534,LISTAS,,
69327,05_078_003,621,259,259,0,22,237,LISTAS,,
69329,05_078_004,789,470,470,0,1,469,LISTAS,,
69331,05_078_005,777,562,562,0,1,561,LISTAS,,
69333,05_078_006,641,382,382,0,3,379,LISTAS,,
69335,05_078_007,424,170,170,0,4,166,LISTAS,,
69337,05_079_001,992,568,568,0,4,564,LISTAS,,
69339,05_080_001,454,238,238,0,2,236,LISTAS,,
68725,05_081_001,52,40,40,0,1,39,LISTAS,,
69005,05_082_001,276,177,177,0,2,175,LISTAS,,
68727,05_083_001,687,375,375,0,4,371,LISTAS,,
68729,05_083_002,596,273,273,0,10,263,LISTAS,,
69007,05_084_001,231,113,113,0,0,113,LISTAS,,
69341,05_085_001,225,141,141,0,0,141,LISTAS,,
69343,05_086_001,667,368,368,0,4,364,LISTAS,,
69009,05_087_001,150,86,86,0,7,79,LISTAS,,
68731,05_088_001,310,172,172,0,2,170,LISTAS,,
68733,05_089_001,814,487,487,0,10,477,LISTAS,,
69345,05_090_001,201,95,95,0,4,91,LISTAS,,
68735,05_091_001,619,271,271,0,3,268,LISTAS,,
69011,05_092_001,364,174,174,0,3,171,LISTAS,,
68389,05_093_001,743,537,536,0,2,534,LISTAS,,
68391,05_093_002,935,639,639,0,3,636,LISTAS,,
68393,05_093_003,1122,682,682,0,14,668,LISTAS,,
68395,05_093_004,691,492,463,0,16,447,LISTAS,,
68397,05_093_005,887,541,540,0,8,532,LISTAS,,
68399,05_093_006,1032,636,635,0,11,624,LISTAS,,
69347,05_094_001,98,59,59,0,1,58,LISTAS,,
69349,05_095_001,275,159,159,0,3,156,LISTAS,,
69013,05_096_001,940,603,602,0,7,595,LISTAS,,
69015,05_096_002,980,669,669,0,13,656,LISTAS,,
69351,05_097_001,256,125,125,0,12,113,LISTAS,,
69353,05_098_001,349,242,242,0,4,238,LISTAS,,
69355,05_099_001,107,74,74,0,0,74,LISTAS,,
69357,05_100_001,286,181,180,0,4,176,LISTAS,,
69359,05_101_001,252,125,125,0,2,123,LISTAS,,
69017,05_102_001,164,104,104,0,5,99,LISTAS,,
69019,05_103_001,34,23,23,0,1,22,LISTAS,,
69021,05_104_001,149,100,100,0,1,99,LISTAS,,
68499,05_105_001,170,91,91,0,1,90,LISTAS,,
68501,05_106_001,87,68,68,0,2,66,LISTAS,,
69361,05_107_001,323,231,231,0,2,229,LISTAS,,
69727,05_108_001,485,380,380,0,5,375,LISTAS,,
69143,05_109_001,701,415,415,0,2,413,LISTAS,,
69145,05_109_002,605,372,372,0,4,368,LISTAS,,
69147,05_109_003,648,421,420,0,19,401,LISTAS,,
69149,05_109_004,206,102,102,0,2,100,LISTAS,,
69151,05_110_001,593,407,407,0,5,402,LISTAS,,
69363,05_111_001,464,284,284,0,1,283,LISTAS,,
68737,05_112_001,72,48,48,0,0,48,LISTAS,,
69365,05_113_001,859,509,509,0,1,508,LISTAS,,
69367,05_113_002,781,382,382,0,1,381,LISTAS,,
69369,05_114_001,467,240,240,0,1,239,LISTAS,,
69371,05_115_001,443,231,231,0,3,228,LISTAS,,
69153,05_116_001,663,457,457,0,3,454,LISTAS,,
69499,05_116_002,700,387,387,0,11,376,LISTAS,,
68503,05_117_001,477,290,290,0,5,285,LISTAS,,
68739,05_118_001,637,280,280,0,5,275,LISTAS,,
68741,05_118_002,602,304,304,0,0,304,LISTAS,,
69729,05_119_001,800,468,468,0,1,467,LISTAS,,
69731,05_119_002,826,541,541,0,1,540,LISTAS,,
69373,05_120_001,110,81,81,0,1,80,LISTAS,,
68505,05_121_001,101,75,75,0,1,74,LISTAS,,
69375,05_122_001,195,128,128,0,1,127,LISTAS,,
69733,05_123_001,597,311,311,0,2,309,LISTAS,,
69735,05_123_002,619,317,317,0,4,313,LISTAS,,
69737,05_124_001,862,526,526,0,6,520,LISTAS,,
69739,05_125_001,263,178,178,0,1,177,LISTAS,,
69741,05_126_001,895,417,417,0,10,407,LISTAS,,
69743,05_127_001,534,353,353,0,10,343,LISTAS,,
69377,05_128_001,563,403,403,0,4,399,LISTAS,,
69379,05_129_001,121,75,75,0,3,72,LISTAS,,
69381,05_130_001,176,87,87,0,4,83,LISTAS,,
69501,05_131_001,113,63,63,0,2,61,LISTAS,,
69503,05_131_002,1133,760,760,0,6,754,LISTAS,,
69505,05_132_001,268,171,171,0,1,170,LISTAS,,
69507,05_133_001,906,539,539,0,17,522,LISTAS,,
69509,05_133_002,891,518,518,0,8,510,LISTAS,,
69511,05_133_003,898,528,528,0,2,526,LISTAS,,
69383,05_134_001,160,93,93,0,3,90,LISTAS,,
68507,05_135_001,309,148,148,0,3,145,LISTAS,,
69385,05_136_001,144,93,93,0,0,93,LISTAS,,
69387,05_137_001,648,334,334,0,8,326,LISTAS,,
68743,05_138_001,432,242,242,0,2,240,LISTAS,,
69389,05_139_001,821,501,499,0,6,493,LISTAS,,
68745,05_140_001,501,293,293,0,3,290,LISTAS,,
69391,05_141_001,794,453,453,0,2,451,LISTAS,,
68509,05_142_001,760,370,370,0,2,368,LISTAS,,
69745,05_143_001,956,392,392,0,3,389,LISTAS,,
68747,05_144_001,85,60,60,0,0,60,LISTAS,,
68511,05_145_001,958,585,585,0,14,571,LISTAS,,
68513,05_146_001,67,53,53,0,2,51,LISTAS,,
68515,05_147_001,673,388,388,0,2,386,LISTAS,,
68517,05_147_002,657,345,345,0,1,344,LISTAS,,
68749,05_148_001,396,240,240,0,2,238,LISTAS,,
68751,05_149_001,770,424,424,0,6,418,LISTAS,,
68753,05_149_002,623,305,305,0,2,303,LISTAS,,
68755,05_150_001,242,161,161,0,0,161,LISTAS,,
69393,05_151_001,715,298,298,0,5,293,LISTAS,,
69395,05_151_002,733,337,337,0,2,335,LISTAS,,
69397,05_152_001,379,219,215,0,3,212,LISTAS,,
68519,05_153_001,732,507,507,0,3,504,LISTAS,,
68521,05_153_002,709,472,472,0,1,471,LISTAS,,
68523,05_153_003,789,357,358,0,12,346,LISTAS,,
68525,05_153_004,670,403,403,0,0,403,LISTAS,,
68527,05_153_005,2202,1768,1760,0,17,1743,LISTAS,,
68529,05_153_006,773,479,479,0,1,478,LISTAS,,
68531,05_153_007,748,341,340,0,0,340,LISTAS,,
68533,05_153_008,789,252,252,0,3,249,LISTAS,,
68535,05_153_009,812,346,346,0,4,342,LISTAS,,
68537,05_153_010,1018,494,494,0,2,492,LISTAS,,
68539,05_153_011,653,416,415,0,4,411,LISTAS,,
68541,05_153_012,592,360,360,0,0,360,LISTAS,,
68543,05_153_013,858,536,536,0,1,535,LISTAS,,
68545,05_153_014,604,405,405,0,0,405,LISTAS,,
68547,05_153_015,831,528,528,0,1,527,LISTAS,,
68549,05_153_016,1049,593,593,0,6,587,LISTAS,,
68551,05_153_017,823,446,446,0,1,445,LISTAS,,
68553,05_153_018,935,387,391,0,37,354,LISTAS,,
68555,05_153_019,933,506,506,0,5,501,LISTAS,,
68557,05_153_020,839,476,476,0,4,472,LISTAS,,
68559,05_153_021,639,357,357,0,0,357,LISTAS,,
69155,05_153_022,604,312,312,0,3,309,LISTAS,,
69157,05_153_023,1046,579,578,0,4,574,LISTAS,,
69159,05_153_024,999,548,548,0,5,543,LISTAS,,
69161,05_153_025,893,520,520,0,2,518,LISTAS,,
69163,05_153_026,788,457,457,0,1,456,LISTAS,,
69165,05_153_027,635,341,341,0,3,338,LISTAS,,
69277,05_153_028,672,383,383,0,1,382,LISTAS,,
69279,05_153_029,751,437,437,0,2,435,LISTAS,,
69281,05_153_030,853,455,455,0,3,452,LISTAS,,
69747,05_154_001,448,311,311,0,3,308,LISTAS,,
68757,05_155_001,147,103,103,0,1,102,LISTAS,,
69167,05_156_001,52,36,36,0,1,35,LISTAS,,
69169,05_157_001,694,365,364,0,8,356,LISTAS,,
68759,05_158_001,364,204,204,0,3,201,LISTAS,,
69399,05_159_001,999,469,469,0,3,466,LISTAS,,
69171,05_160_001,46,29,29,0,0,29,LISTAS,,
69513,05_161_001,637,353,353,0,3,350,LISTAS,,
69515,05_161_002,665,382,382,0,8,374,LISTAS,,
69401,05_162_001,161,92,92,0,1,91,LISTAS,,
68761,05_163_001,145,74,74,0,1,73,LISTAS,,
68763,05_163_002,570,244,244,0,1,243,LISTAS,,
69517,05_164_001,136,94,94,0,0,94,LISTAS,,
69749,05_165_001,673,377,376,0,6,370,LISTAS,,
69751,05_165_002,626,309,309,0,3,306,LISTAS,,
69403,05_166_001,288,170,170,0,3,167,LISTAS,,
69173,05_167_001,277,174,174,0,2,172,LISTAS,,
69405,05_168_001,144,79,79,0,1,78,LISTAS,,
68765,05_169_001,265,176,176,0,1,175,LISTAS,,
69753,05_170_001,838,527,527,0,4,523,LISTAS,,
69755,05_170_002,886,555,555,0,1,554,LISTAS,,
68767,05_171_001,205,150,150,0,2,148,LISTAS,,
69407,05_172_001,238,176,176,0,0,176,LISTAS,,
69175,05_173_001,496,309,309,0,2,307,LISTAS,,
69409,05_174_001,256,151,151,0,5,146,LISTAS,,
69411,05_175_001,474,192,192,0,6,186,LISTAS,,
69757,05_176_001,864,463,463,0,29,434,LISTAS,,
69177,05_177_001,364,193,193,0,1,192,LISTAS,,
69179,05_178_001,138,97,97,0,7,90,LISTAS,,
68769,05_179_001,558,312,312,0,1,311,LISTAS,,
68771,05_179_002,766,424,424,0,1,423,LISTAS,,
69181,05_180_001,457,333,333,0,2,331,LISTAS,,
69413,05_181_001,233,85,85,0,2,83,LISTAS,,
69183,05_182_001,222,139,139,0,1,138,LISTAS,,
69519,05_183_001,592,260,260,0,6,254,LISTAS,,
69521,05_183_002,650,324,324,0,3,321,LISTAS,,
69185,05_184_001,362,226,226,0,16,210,LISTAS,,
68773,05_185_001,254,174,174,0,1,173,LISTAS,,
69187,05_186_001,37,24,24,0,0,24,LISTAS,,
69415,05_187_001,730,304,304,0,6,298,LISTAS,,
68775,05_188_001,347,218,218,0,1,217,LISTAS,,
69523,05_189_001,644,337,337,0,3,334,LISTAS,,
69525,05_189_002,636,415,415,0,5,410,LISTAS,,
69527,05_189_003,646,382,382,0,2,380,LISTAS,,
69759,05_190_001,772,437,437,0,1,436,LISTAS,,
69761,05_190_002,708,372,372,0,2,370,LISTAS,,
69763,05_190_003,708,464,464,0,3,461,LISTAS,,
69765,05_190_004,669,454,454,0,2,452,LISTAS,,
69767,05_190_005,677,434,434,0,1,433,LISTAS,,
69189,05_191_001,417,251,251,0,2,249,LISTAS,,
69529,05_192_001,651,294,294,0,16,278,LISTAS,,
69531,05_192_002,618,327,327,0,2,325,LISTAS,,
69533,05_192_003,701,405,405,0,7,398,LISTAS,,
69191,05_193_001,157,114,109,0,1,108,LISTAS,,
69769,05_194_001,976,464,464,0,3,461,LISTAS,,
69771,05_194_002,911,498,498,0,9,489,LISTAS,,
69773,05_194_003,1013,581,581,0,3,578,LISTAS,,
69775,05_194_004,864,435,435,0,4,431,LISTAS,,
69777,05_194_005,977,541,541,0,5,536,LISTAS,,
69779,05_195_001,684,349,349,0,8,341,LISTAS,,
69781,05_195_002,613,395,395,0,1,394,LISTAS,,
69783,05_195_003,598,365,364,0,2,362,LISTAS,,
69785,05_195_004,624,331,331,0,3,328,LISTAS,,
69787,05_195_005,650,350,350,0,2,348,LISTAS,,
69789,05_196_001,972,760,760,0,1,759,LISTAS,,
69791,05_196_002,904,663,663,0,6,657,LISTAS,,
69793,05_196_003,789,576,576,0,3,573,LISTAS,,
69795,05_196_004,919,548,548,0,7,541,LISTAS,,
69797,05_196_005,892,481,481,0,11,470,LISTAS,,
69799,05_196_006,821,490,490,0,6,484,LISTAS,,
69801,05_196_007,809,562,562,0,3,559,LISTAS,,
69803,05_196_008,834,597,597,0,5,592,LISTAS,,
69805,05_196_009,774,579,579,0,1,578,LISTAS,,
69807,05_196_010,1036,672,672,0,4,668,LISTAS,,
69809,05_196_011,893,558,558,0,8,550,LISTAS,,
69811,05_196_012,1927,1546,1545,0,5,1540,LISTAS,,
69813,05_196_013,849,581,581,0,3,578,LISTAS,,
69815,05_196_014,681,503,504,0,11,493,LISTAS,,
69817,05_196_015,864,615,615,0,2,613,LISTAS,,
69819,05_196_016,768,515,514,0,3,511,LISTAS,,
69821,05_197_001,876,557,557,0,6,551,LISTAS,,
69823,05_198_001,701,455,455,0,3,452,LISTAS,,
69825,05_198_002,636,386,386,0,1,385,LISTAS,,
69535,05_199_001,967,513,513,0,3,510,LISTAS,,
69537,05_199_002,858,402,402,0,10,392,LISTAS,,
69417,05_200_001,640,282,282,0,6,276,LISTAS,,
69419,05_200_002,655,393,393,0,1,392,LISTAS,,
69421,05_201_001,444,311,311,0,2,309,LISTAS,,
68401,05_202_001,673,269,269,0,5,264,LISTAS,,
68403,05_202_002,767,292,292,0,0,292,LISTAS,,
68405,05_202_003,590,393,392,0,4,388,LISTAS,,
68407,05_202_004,2102,1684,1681,0,10,1671,LISTAS,,
68409,05_202_005,685,396,396,0,8,388,LISTAS,,
68411,05_202_006,610,378,378,0,4,374,LISTAS,,
68413,05_202_007,717,480,480,0,2,478,LISTAS,,
68415,05_202_008,891,544,544,0,6,538,LISTAS,,
68417,05_202_009,799,384,384,0,4,380,LISTAS,,
68419,05_202_010,733,496,496,0,5,491,LISTAS,,
68421,05_202_011,955,617,617,0,0,617,LISTAS,,
68423,05_202_012,720,486,486,0,4,482,LISTAS,,
68425,05_202_013,770,492,492,0,6,486,LISTAS,,
68427,05_202_014,813,588,588,0,5,583,LISTAS,,
68429,05_202_015,958,682,681,0,2,679,LISTAS,,
68431,05_202_016,1069,747,747,0,7,740,LISTAS,,
68433,05_202_017,1132,830,813,0,6,807,LISTAS,,
68435,05_202_018,1112,748,748,0,4,744,LISTAS,,
68437,05_202_019,640,343,343,0,4,339,LISTAS,,
68439,05_202_020,952,625,623,0,6,617,LISTAS,,
68441,05_202_021,902,587,587,0,1,586,LISTAS,,
68443,05_202_022,816,566,565,0,5,560,LISTAS,,
68445,05_202_023,793,515,515,0,1,514,LISTAS,,
68447,05_202_024,881,554,554,0,3,551,LISTAS,,
68449,05_202_025,693,474,474,0,0,474,LISTAS,,
68101,05_202_026,1003,719,719,0,1,718,LISTAS,,
68103,05_202_027,943,687,687,0,7,680,LISTAS,,
68451,05_202_028,843,574,574,0,7,567,LISTAS,,
68453,05_202_029,698,482,482,0,0,482,LISTAS,,
68455,05_202_030,697,466,466,0,5,461,LISTAS,,
68105,05_202_031,720,398,398,0,4,394,LISTAS,,
68457,05_202_032,985,641,640,0,4,636,LISTAS,,
68459,05_202_033,851,447,447,0,2,445,LISTAS,,
68461,05_202_034,969,530,529,0,4,525,LISTAS,,
68463,05_202_035,1018,534,534,0,2,532,LISTAS,,
68465,05_202_036,1023,633,633,0,4,629,LISTAS,,
68467,05_202_037,882,511,511,0,2,509,LISTAS,,
68469,05_202_038,960,589,585,0,5,580,LISTAS,,
68471,05_202_039,1021,525,525,0,2,523,LISTAS,,
68473,05_202_040,972,540,540,0,0,540,LISTAS,,
68475,05_202_041,784,358,358,0,1,357,LISTAS,,
68477,05_202_042,909,470,470,0,3,467,LISTAS,,
68479,05_202_043,873,511,511,0,1,510,LISTAS,,
68481,05_202_044,1004,492,492,0,3,489,LISTAS,,
68483,05_202_045,951,455,455,0,2,453,LISTAS,,
68485,05_202_046,1072,574,571,0,3,568,LISTAS,,
68487,05_202_047,1023,599,599,0,1,598,LISTAS,,
68489,05_202_048,892,527,527,0,1,526,LISTAS,,
68491,05_202_049,988,554,554,0,3,551,LISTAS,,
68493,05_202_050,821,564,564,0,4,560,LISTAS,,
68495,05_202_051,700,462,462,0,3,459,LISTAS,,
68497,05_202_052,685,418,418,0,2,416,LISTAS,,
68041,05_202_053,931,573,573,0,1,572,LISTAS,,
68043,05_202_054,973,617,617,0,3,614,LISTAS,,
68045,05_202_055,671,543,541,0,0,541,LISTAS,,
68047,05_202_056,609,499,499,0,0,499,LISTAS,,
68049,05_202_057,916,563,562,0,4,558,LISTAS,,
68051,05_202_058,721,398,398,0,2,396,LISTAS,,
68053,05_202_059,638,455,455,0,2,453,LISTAS,,
68055,05_202_060,789,625,625,0,2,623,LISTAS,,
68057,05_202_061,596,467,467,0,2,465,LISTAS,,
68059,05_202_062,831,560,560,0,3,557,LISTAS,,
68061,05_202_063,711,440,439,0,0,439,LISTAS,,
68063,05_202_064,927,598,598,0,4,594,LISTAS,,
68065,05_202_065,628,354,355,0,14,341,LISTAS,,
68067,05_202_066,602,364,364,0,3,361,LISTAS,,
68069,05_202_067,699,410,410,0,1,409,LISTAS,,
68071,05_202_068,817,499,498,0,3,495,LISTAS,,
68073,05_202_069,992,692,692,0,1,691,LISTAS,,
68075,05_202_070,1001,682,682,0,1,681,LISTAS,,
68077,05_202_071,656,417,417,0,0,417,LISTAS,,
68079,05_202_072,644,446,446,0,1,445,LISTAS,,
68081,05_202_073,765,515,515,0,4,511,LISTAS,,
68107,05_202_074,1035,476,476,0,5,471,LISTAS,,
68109,05_202_075,613,385,385,0,0,385,LISTAS,,
68111,05_202_076,860,450,450,0,0,450,LISTAS,,
68083,05_202_077,748,493,493,0,4,489,LISTAS,,
68085,05_202_078,638,460,460,0,2,458,LISTAS,,
68087,05_202_079,584,335,335,0,1,334,LISTAS,,
68089,05_202_080,913,577,577,0,3,574,LISTAS,,
68113,05_202_081,954,595,595,0,7,588,LISTAS,,
68115,05_202_082,923,607,606,0,0,606,LISTAS,,
68117,05_202_083,709,522,521,0,4,517,LISTAS,,
68119,05_202_084,811,549,549,0,5,544,LISTAS,,
68121,05_202_085,729,498,498,0,6,492,LISTAS,,
68123,05_202_086,1025,729,729,0,5,724,LISTAS,,
68125,05_202_087,615,334,334,0,0,334,LISTAS,,
68127,05_202_088,737,468,468,0,1,467,LISTAS,,
68129,05_202_089,835,521,521,0,5,516,LISTAS,,
68131,05_202_090,720,345,344,0,7,337,LISTAS,,
68133,05_202_091,1053,735,734,0,4,730,LISTAS,,
68135,05_202_092,667,324,324,0,4,320,LISTAS,,
68137,05_202_093,638,411,411,0,2,409,LISTAS,,
68139,05_202_094,660,330,330,0,1,329,LISTAS,,
68141,05_202_095,622,334,334,0,3,331,LISTAS,,
68143,05_202_096,1009,288,288,0,1,287,LISTAS,,
68145,05_202_097,697,445,445,0,3,442,LISTAS,,
68147,05_202_098,737,489,489,0,4,485,LISTAS,,
68149,05_202_099,668,448,448,0,3,445,LISTAS,,
68151,05_202_100,657,384,384,0,3,381,LISTAS,,
68153,05_202_101,917,577,577,0,0,577,LISTAS,,
68155,05_202_102,738,475,469,0,2,467,LISTAS,,
68157,05_202_103,950,604,604,0,0,604,LISTAS,,
68159,05_202_104,990,637,637,0,6,631,LISTAS,,
68161,05_202_105,679,442,442,0,1,441,LISTAS,,
68163,05_202_106,1108,710,708,0,2,706,LISTAS,,
68165,05_202_107,940,610,610,0,6,604,LISTAS,,
68167,05_202_108,1032,621,620,0,5,615,LISTAS,,
68561,05_202_109,656,383,383,0,4,379,LISTAS,,
68563,05_202_110,694,444,444,0,2,442,LISTAS,,
68565,05_202_111,1041,665,665,0,2,663,LISTAS,,
68567,05_202_112,603,415,415,0,2,413,LISTAS,,
68569,05_202_113,584,417,418,0,11,407,LISTAS,,
68571,05_202_114,609,418,419,0,17,402,LISTAS,,
68573,05_202_115,793,516,516,0,5,511,LISTAS,,
68575,05_202_116,2046,1703,1700,0,10,1690,LISTAS,,
68577,05_202_117,1040,613,613,0,1,612,LISTAS,,
68579,05_202_118,1092,312,312,0,7,305,LISTAS,,
68581,05_202_119,839,454,454,0,17,437,LISTAS,,
68583,05_202_120,970,467,467,0,5,462,LISTAS,,
68585,05_202_121,801,541,541,0,2,539,LISTAS,,
68587,05_202_122,737,471,471,0,0,471,LISTAS,,
68589,05_202_123,894,386,386,0,1,385,LISTAS,,
68591,05_202_124,1004,638,638,0,4,634,LISTAS,,
68593,05_202_125,998,684,683,0,1,682,LISTAS,,
68595,05_202_126,1115,748,748,0,4,744,LISTAS,,
68597,05_202_127,1096,503,502,0,2,500,LISTAS,,
68599,05_202_128,1021,424,424,0,9,415,LISTAS,,
68601,05_202_129,501,317,317,0,1,316,LISTAS,,
68603,05_202_130,665,395,395,0,1,394,LISTAS,,
68605,05_202_131,799,538,538,0,3,535,LISTAS,,
68607,05_202_132,634,427,427,0,7,420,LISTAS,,
68609,05_202_133,1059,665,664,0,3,661,LISTAS,,
68611,05_202_134,870,605,604,0,5,599,LISTAS,,
68613,05_202_135,806,579,579,0,6,573,LISTAS,,
68615,05_202_136,915,635,635,0,2,633,LISTAS,,
68617,05_202_137,867,618,618,0,2,616,LISTAS,,
68619,05_202_138,920,619,619,0,3,616,LISTAS,,
68621,05_202_139,635,349,349,0,2,347,LISTAS,,
68623,05_202_140,692,346,346,0,0,346,LISTAS,,
68625,05_202_141,642,376,376,0,3,373,LISTAS,,
68627,05_202_142,851,489,489,0,2,487,LISTAS,,
68629,05_202_143,758,479,478,0,0,478,LISTAS,,
68631,05_202_144,664,411,411,0,3,408,LISTAS,,
68633,05_202_145,721,464,464,0,0,464,LISTAS,,
68635,05_202_146,1132,709,709,0,9,700,LISTAS,,
68637,05_202_147,1057,634,632,0,2,630,LISTAS,,
68639,05_202_148,1082,755,754,0,3,751,LISTAS,,
68641,05_202_149,1045,628,628,0,6,622,LISTAS,,
68643,05_202_150,787,467,467,0,4,463,LISTAS,,
68645,05_202_151,763,492,492,0,2,490,LISTAS,,
68647,05_202_152,899,566,566,0,5,561,LISTAS,,
68649,05_202_153,740,475,474,0,2,472,LISTAS,,
68651,05_202_154,946,689,689,0,3,686,LISTAS,,
68653,05_202_155,435,280,280,0,1,279,LISTAS,,
68655,05_202_156,617,399,398,0,3,395,LISTAS,,
68657,05_202_157,773,488,488,0,1,487,LISTAS,,
68659,05_202_158,889,650,648,0,8,640,LISTAS,,
68661,05_202_159,990,615,615,0,0,615,LISTAS,,
68663,05_202_160,153,110,110,0,1,109,LISTAS,,
69423,05_203_001,63,45,45,0,1,44,LISTAS,,
69193,05_204_001,188,111,111,0,2,109,LISTAS,,
69539,05_205_001,617,372,372,0,7,365,LISTAS,,
69541,05_205_002,635,406,406,0,6,400,LISTAS,,
69827,05_206_001,429,284,284,0,0,284,LISTAS,,
69195,05_207_001,914,538,538,0,4,534,LISTAS,,
69197,05_207_002,774,383,383,0,4,379,LISTAS,,
69199,05_207_003,877,496,496,0,3,493,LISTAS,,
69201,05_208_001,696,408,408,0,1,407,LISTAS,,
69829,05_209_001,616,351,351,0,4,347,LISTAS,,
69425,05_210_001,71,51,51,0,0,51,LISTAS,,
69543,05_211_001,271,164,164,0,1,163,LISTAS,,
69427,05_212_001,574,267,267,0,3,264,LISTAS,,
68777,05_213_001,648,365,365,0,2,363,LISTAS,,
69831,05_214_001,727,375,375,0,1,374,LISTAS,,
69833,05_215_001,240,168,168,0,5,163,LISTAS,,
69429,05_216_001,1075,509,509,0,6,503,LISTAS,,
69835,05_217_001,851,539,539,0,6,533,LISTAS,,
69837,05_217_002,803,474,473,0,4,469,LISTAS,,
69839,05_217_003,825,463,463,0,5,458,LISTAS,,
69841,05_217_004,807,512,512,0,7,505,LISTAS,,
69893,05_217_005,894,481,481,0,1,480,LISTAS,,
69203,05_218_001,40,32,32,0,1,31,LISTAS,,
69431,05_219_001,329,194,194,0,6,188,LISTAS,,
69205,05_220_001,272,195,195,0,3,192,LISTAS,,
69433,05_221_001,618,378,377,0,3,374,LISTAS,,
69435,05_221_002,660,280,280,0,3,277,LISTAS,,
69545,05_222_001,719,424,424,0,6,418,LISTAS,,
69547,05_222_002,805,461,461,0,35,426,LISTAS,,
69549,05_222_003,938,600,600,0,1,599,LISTAS,,
69551,05_222_004,937,611,611,0,0,611,LISTAS,,
69553,05_222_005,175,100,100,0,1,99,LISTAS,,
69555,05_222_006,96,56,56,0,1,55,LISTAS,,
68779,05_223_001,622,278,278,0,2,276,LISTAS,,
68781,05_223_002,648,314,313,0,1,312,LISTAS,,
69557,05_224_001,323,170,170,0,3,167,LISTAS,,
69843,05_225_001,921,494,494,0,14,480,LISTAS,,
69845,05_225_002,949,450,450,0,12,438,LISTAS,,
68783,05_226_001,691,323,323,0,0,323,LISTAS,,
68785,05_226_002,918,506,506,0,0,506,LISTAS,,
68787,05_226_003,928,487,487,0,2,485,LISTAS,,
68789,05_226_004,1070,575,575,0,3,572,LISTAS,,
68791,05_226_005,914,515,515,0,2,513,LISTAS,,
68793,05_226_006,1316,741,741,0,0,741,LISTAS,,
68795,05_226_007,880,460,460,0,2,458,LISTAS,,
68797,05_226_008,751,356,356,0,2,354,LISTAS,,
68799,05_226_009,671,364,364,0,1,363,LISTAS,,
68801,05_226_010,746,331,331,0,2,329,LISTAS,,
68803,05_226_011,966,543,540,0,3,537,LISTAS,,
68805,05_226_012,977,569,569,0,2,567,LISTAS,,
68807,05_226_013,883,547,547,0,2,545,LISTAS,,
68809,05_226_014,805,440,440,0,0,440,LISTAS,,
68811,05_226_015,809,495,495,0,1,494,LISTAS,,
68813,05_226_016,746,538,538,0,5,533,LISTAS,,
68815,05_226_017,704,425,425,0,0,425,LISTAS,,
68817,05_226_018,340,199,199,0,1,198,LISTAS,,
68819,05_226_019,694,312,312,0,2,310,LISTAS,,
68821,05_226_020,771,355,355,0,5,350,LISTAS,,
68823,05_226_021,1699,1344,1343,0,10,1333,LISTAS,,
68825,05_226_022,207,130,130,0,3,127,LISTAS,,
68827,05_226_023,847,426,426,0,6,420,LISTAS,,
68829,05_226_024,863,358,358,0,1,357,LISTAS,,
68831,05_226_025,860,337,337,0,11,326,LISTAS,,
68833,05_226_026,771,301,301,0,11,290,LISTAS,,
68835,05_226_027,718,251,251,0,11,240,LISTAS,,
68837,05_226_028,764,374,374,0,1,373,LISTAS,,
68839,05_226_029,233,111,111,0,2,109,LISTAS,,
68841,05_226_030,210,107,107,0,0,107,LISTAS,,
68843,05_226_031,881,369,368,0,8,360,LISTAS,,
68845,05_226_032,1003,469,469,0,2,467,LISTAS,,
68847,05_226_033,1001,589,589,0,1,588,LISTAS,,
68849,05_226_034,851,392,392,0,2,390,LISTAS,,
68851,05_226_035,999,445,443,0,1,442,LISTAS,,
68853,05_226_036,500,196,196,0,4,192,LISTAS,,
68855,05_226_037,291,114,114,0,0,114,LISTAS,,
69207,05_227_001,39,23,23,0,1,22,LISTAS,,
68665,05_228_001,971,532,531,0,4,527,LISTAS,,
69437,05_229_001,1142,544,544,0,19,525,LISTAS,,
69439,05_230_001,911,590,590,0,1,589,LISTAS,,
69441,05_231_001,64,41,41,0,0,41,LISTAS,,
69443,05_232_001,268,138,138,0,0,138,LISTAS,,
69209,05_233_001,29,18,18,0,3,15,LISTAS,,
68857,05_234_001,697,374,374,0,3,371,LISTAS,,
69559,05_235_001,928,475,475,0,4,471,LISTAS,,
69561,05_235_002,952,535,535,0,20,515,LISTAS,,
69445,05_236_001,184,145,145,0,1,144,LISTAS,,
69447,05_237_001,164,86,86,0,5,81,LISTAS,,
68859,05_238_001,855,487,487,0,6,481,LISTAS,,
68861,05_238_002,654,271,271,0,9,262,LISTAS,,
68863,05_238_003,542,315,315,0,5,310,LISTAS,,
68865,05_238_004,705,430,430,0,9,421,LISTAS,,
68867,05_238_005,666,313,313,0,4,309,LISTAS,,
68869,05_238_006,810,483,483,0,6,477,LISTAS,,
68871,05_238_007,584,365,365,0,4,361,LISTAS,,
68873,05_238_008,313,176,176,0,3,173,LISTAS,,
68667,05_239_001,514,284,282,0,3,279,LISTAS,,
68875,05_240_001,549,269,269,0,13,256,LISTAS,,
69211,05_241_001,571,171,170,0,1,169,LISTAS,,
69213,05_242_001,283,203,203,0,4,199,LISTAS,,
69215,05_243_001,434,246,246,0,4,242,LISTAS,,
69449,05_244_001,801,503,503,0,0,503,LISTAS,,
69451,05_245_001,84,64,64,0,1,63,LISTAS,,
69847,05_246_001,400,285,285,0,4,281,LISTAS,,
69453,05_247_001,409,177,177,0,5,172,LISTAS,,
69455,05_248_001,623,330,330,0,8,322,LISTAS,,
69457,05_248_002,637,347,347,0,7,340,LISTAS,,
68877,05_249_001,744,397,395,0,8,387,LISTAS,,
68879,05_249_002,730,342,342,0,2,340,LISTAS,,
68881,05_249_003,603,323,323,0,0,323,LISTAS,,
69217,05_250_001,597,276,276,0,9,267,LISTAS,,
68669,05_251_001,793,475,475,0,6,469,LISTAS,,
68671,05_251_002,667,395,395,0,4,391,LISTAS,,
68673,05_251_003,768,474,474,0,9,465,LISTAS,,
69219,05_252_001,908,585,584,0,1,583,LISTAS,,
68883,05_253_001,284,156,156,0,1,155,LISTAS,,
69849,05_254_001,776,480,480,0,3,477,LISTAS,,
69221,05_255_001,522,352,352,0,5,347,LISTAS,,
68885,05_256_001,799,383,383,0,3,380,LISTAS,,
68887,05_256_002,600,306,306,0,0,306,LISTAS,,
68889,05_256_003,825,410,410,0,7,403,LISTAS,,
69223,05_257_001,329,200,200,0,2,198,LISTAS,,
68091,05_258_001,1251,805,805,0,35,770,LISTAS,,
69851,05_259_001,1144,680,680,0,6,674,LISTAS,,
69853,05_259_002,1202,585,585,0,24,561,LISTAS,,
68675,05_260_001,354,210,210,0,2,208,LISTAS,,
68891,05_261_001,188,110,110,0,1,109,LISTAS,,
68893,05_262_001,387,187,187,0,3,184,LISTAS,,
69563,05_263_001,1048,722,722,0,7,715,LISTAS,,
69225,05_264_001,641,414,414,0,4,410,LISTAS,,
69855,05_265_001,1137,567,567,0,10,557,LISTAS,,
68895,05_266_001,412,223,223,0,3,220,LISTAS,,
69227,05_267_001,330,218,218,0,1,217,LISTAS,,
69229,05_268_001,1146,634,634,0,9,625,LISTAS,,
69231,05_268_002,698,344,344,0,1,343,LISTAS,,
69233,05_268_003,708,375,375,0,4,371,LISTAS,,
69235,05_268_004,1197,677,677,0,6,671,LISTAS,,
69237,05_268_005,1028,265,265,0,5,260,LISTAS,,
69239,05_268_006,307,201,201,0,2,199,LISTAS,,
69241,05_268_007,1093,637,637,0,5,632,LISTAS,,
69243,05_268_008,1142,640,634,0,8,626,LISTAS,,
69273,05_268_009,1325,695,694,0,5,689,LISTAS,,
69275,05_268_010,1379,724,724,0,1,723,LISTAS,,
69565,05_269_001,878,540,540,0,1,539,LISTAS,,
69567,05_269_002,981,620,620,0,2,618,LISTAS,,
69245,05_270_001,897,555,555,0,2,553,LISTAS,,
69247,05_270_002,888,508,508,0,4,504,LISTAS,,
68897,05_271_001,639,329,329,0,5,324,LISTAS,,
69857,05_272_001,595,317,317,0,3,314,LISTAS,,
69859,05_272_002,726,332,330,0,5,325,LISTAS,,
69459,05_273_001,210,134,134,0,0,134,LISTAS,,
69461,05_274_001,755,500,500,0,3,497,LISTAS,,
69463,05_274_002,683,409,409,0,5,404,LISTAS,,
69465,05_274_003,690,453,452,0,3,449,LISTAS,,
69467,05_274_004,628,436,436,0,1,435,LISTAS,,
69469,05_274_005,745,426,424,0,10,414,LISTAS,,
69471,05_274_006,722,403,403,0,2,401,LISTAS,,
69473,05_274_007,772,437,437,0,4,433,LISTAS,,
69475,05_274_008,759,403,404,0,16,388,LISTAS,,
69477,05_274_009,629,388,388,0,1,387,LISTAS,,
69479,05_274_010,737,466,466,0,1,465,LISTAS,,
69481,05_274_011,722,461,461,0,0,461,LISTAS,,
69483,05_274_012,751,443,443,0,2,441,LISTAS,,
69485,05_274_013,449,271,271,0,3,268,LISTAS,,
69487,05_274_014,624,337,337,0,8,329,LISTAS,,
69023,05_274_015,210,66,66,0,4,62,LISTAS,,
69025,05_274_016,287,128,128,0,0,128,LISTAS,,
69027,05_274_017,130,70,70,0,0,70,LISTAS,,
68899,05_275_001,958,434,434,0,4,430,LISTAS,,
69029,05_276_001,464,293,293,0,3,290,LISTAS,,
69031,05_276_002,622,344,344,0,10,334,LISTAS,,
69119,05_276_003,589,309,309,0,1,308,LISTAS,,
69033,05_276_004,234,149,149,0,5,144,LISTAS,,
69035,05_276_005,686,470,469,0,1,468,LISTAS,,
69037,05_276_006,715,326,326,0,2,324,LISTAS,,
69039,05_276_007,803,441,441,0,2,439,LISTAS,,
69041,05_276_008,681,323,323,0,9,314,LISTAS,,
69043,05_276_009,807,411,413,0,22,391,LISTAS,,
69045,05_276_010,853,502,502,0,3,499,LISTAS,,
69047,05_276_011,694,394,394,0,0,394,LISTAS,,
69049,05_276_012,792,456,456,0,3,453,LISTAS,,
69051,05_276_013,755,472,472,0,13,459,LISTAS,,
69053,05_276_014,2489,1990,1985,0,14,1971,LISTAS,,
69055,05_276_015,787,445,445,0,3,442,LISTAS,,
69057,05_276_016,724,482,478,0,5,473,LISTAS,,
69059,05_276_017,672,412,412,0,1,411,LISTAS,,
69061,05_276_018,549,299,300,0,12,288,LISTAS,,
69063,05_276_019,273,202,202,0,0,202,LISTAS,,
69249,05_277_001,339,182,182,0,7,175,LISTAS,,
69065,05_278_001,371,175,175,0,14,161,LISTAS,,
68901,05_279_001,804,432,432,0,8,424,LISTAS,,
69067,05_280_001,27,18,18,0,0,18,LISTAS,,
69569,05_281_001,198,133,133,0,5,128,LISTAS,,
69251,05_282_001,88,54,54,0,4,50,LISTAS,,
69861,05_283_001,397,249,249,0,2,247,LISTAS,,
69069,05_284_001,808,369,369,0,11,358,LISTAS,,
68903,05_285_001,742,370,370,0,7,363,LISTAS,,
69253,05_286_001,105,60,60,0,2,58,LISTAS,,
69071,05_287_001,243,144,144,0,2,142,LISTAS,,
69073,05_288_001,198,133,133,0,1,132,LISTAS,,
69075,05_289_001,264,133,133,0,4,129,LISTAS,,
68905,05_290_001,756,408,408,0,18,390,LISTAS,,
68907,05_290_002,828,447,447,0,4,443,LISTAS,,
68909,05_290_003,702,421,421,0,3,418,LISTAS,,
68911,05_290_004,764,432,432,0,4,428,LISTAS,,
69255,05_291_001,1210,699,697,0,16,681,LISTAS,,
69863,05_292_001,640,425,425,0,4,421,LISTAS,,
69865,05_292_002,713,478,478,0,2,476,LISTAS,,
69867,05_292_003,675,455,455,0,8,447,LISTAS,,
69571,05_293_001,224,152,152,0,1,151,LISTAS,,
69573,05_294_001,847,528,528,0,11,517,LISTAS,,
69575,05_294_002,786,518,518,0,5,513,LISTAS,,
69577,05_294_003,825,609,609,0,2,607,LISTAS,,
69579,05_294_004,816,548,548,0,2,546,LISTAS,,
69581,05_294_005,772,396,396,0,4,392,LISTAS,,
69583,05_294_006,831,533,533,0,1,532,LISTAS,,
69585,05_294_007,883,592,592,0,2,590,LISTAS,,
69587,05_294_008,902,562,562,0,9,553,LISTAS,,
69589,05_294_009,581,366,366,0,2,364,LISTAS,,
69591,05_294_010,487,294,294,0,0,294,LISTAS,,
69593,05_295_001,630,415,415,0,4,411,LISTAS,,
69595,05_295_002,787,494,494,0,3,491,LISTAS,,
69597,05_295_003,671,455,455,0,0,455,LISTAS,,
69599,05_295_004,634,308,308,0,1,307,LISTAS,,
69601,05_295_005,628,374,374,0,2,372,LISTAS,,
69603,05_295_006,617,356,356,0,6,350,LISTAS,,
69605,05_295_007,634,375,375,0,5,370,LISTAS,,
68913,05_296_001,520,370,370,0,13,357,LISTAS,,
68915,05_297_001,187,104,104,0,3,101,LISTAS,,
68093,05_298_001,1011,647,647,0,4,643,LISTAS,,
68095,05_298_002,935,638,638,0,0,638,LISTAS,,
68097,05_298_003,903,562,562,0,3,559,LISTAS,,
68099,05_298_004,851,539,539,0,3,536,LISTAS,,
69869,05_299_001,1263,756,756,0,11,745,LISTAS,,
68917,05_300_001,586,321,321,0,5,316,LISTAS,,
68919,05_301_001,108,84,84,0,0,84,LISTAS,,
68921,05_302_001,142,100,100,0,0,100,LISTAS,,
69257,05_303_001,796,432,432,0,4,428,LISTAS,,
68923,05_304_001,915,537,537,0,3,534,LISTAS,,
69607,05_305_001,425,179,179,0,8,171,LISTAS,,
69609,05_306_001,888,495,494,0,2,492,LISTAS,,
69611,05_306_002,690,385,385,0,5,380,LISTAS,,
69613,05_306_003,585,289,289,0,4,285,LISTAS,,
69615,05_306_004,627,293,293,0,11,282,LISTAS,,
69617,05_307_001,865,479,479,0,4,475,LISTAS,,
69619,05_308_001,723,383,383,0,8,375,LISTAS,,
69621,05_308_002,735,365,365,0,4,361,LISTAS,,
69623,05_309_001,1193,627,627,0,3,624,LISTAS,,
69625,05_309_002,1146,586,586,0,19,567,LISTAS,,
69871,05_310_001,1058,733,733,0,8,725,LISTAS,,
69259,05_311_001,896,508,507,0,12,495,LISTAS,,
69077,05_312_001,875,428,428,0,5,423,LISTAS,,
69079,05_312_002,690,399,398,0,3,395,LISTAS,,
69081,05_313_001,491,320,320,0,4,316,LISTAS,,
68925,05_314_001,25,19,19,0,0,19,LISTAS,,
69873,05_315_001,1147,640,640,0,10,630,LISTAS,,
69875,05_316_001,308,214,214,0,2,212,LISTAS,,
69083,05_317_001,423,171,171,0,5,166,LISTAS,,
69877,05_318_001,354,223,222,0,5,217,LISTAS,,
69085,05_319_001,781,360,360,0,5,355,LISTAS,,
69087,05_319_002,854,246,246,0,4,242,LISTAS,,
69089,05_319_003,209,81,81,0,2,79,LISTAS,,
69879,05_320_001,761,386,386,0,1,385,LISTAS,,
69881,05_320_002,635,306,306,0,0,306,LISTAS,,
69883,05_320_003,692,317,317,0,15,302,LISTAS,,
69627,05_321_001,528,346,346,0,3,343,LISTAS,,
69629,05_322_001,792,355,354,0,7,347,LISTAS,,
69631,05_322_002,937,506,506,0,5,501,LISTAS,,
69633,05_322_003,774,355,351,0,6,345,LISTAS,,
69635,05_322_004,738,353,353,0,1,352,LISTAS,,
69637,05_322_005,788,369,369,0,8,361,LISTAS,,
69639,05_323_001,1148,635,634,0,2,632,LISTAS,,
69641,05_324_001,182,125,125,0,1,124,LISTAS,,
69885,05_325_001,1039,561,561,0,7,554,LISTAS,,
69643,05_326_001,669,383,383,0,3,380,LISTAS,,
69645,05_326_002,724,351,351,0,3,348,LISTAS,,
69647,05_326_003,226,162,162,0,1,161,LISTAS,,
69649,05_326_004,895,524,524,0,2,522,LISTAS,,
69651,05_326_005,859,500,500,0,2,498,LISTAS,,
69653,05_326_006,864,638,638,0,1,637,LISTAS,,
69655,05_326_007,950,582,582,0,3,579,LISTAS,,
69657,05_326_008,897,571,571,0,3,568,LISTAS,,
69659,05_326_009,2326,1830,1807,0,11,1796,LISTAS,,
69661,05_326_010,783,502,502,0,4,498,LISTAS,,
69663,05_326_011,864,532,532,0,2,530,LISTAS,,
69665,05_326_012,890,531,529,0,5,524,LISTAS,,
69667,05_326_013,895,552,552,0,0,552,LISTAS,,
69669,05_326_014,921,556,556,0,2,554,LISTAS,,
69671,05_326_015,892,559,560,0,18,542,LISTAS,,
69673,05_326_016,841,523,523,0,2,521,LISTAS,,
69675,05_326_017,1007,754,753,0,1,752,LISTAS,,
69887,05_327_001,278,198,198,0,2,196,LISTAS,,
69677,05_328_001,581,336,336,0,9,327,LISTAS,,
69679,05_328_002,482,285,285,0,1,284,LISTAS,,
69681,05_328_003,669,456,456,0,3,453,LISTAS,,
69683,05_328_004,814,498,498,0,2,496,LISTAS,,
69685,05_328_005,758,427,427,0,6,421,LISTAS,,
69091,05_329_001,907,546,546,0,16,530,LISTAS,,
69093,05_329_002,565,341,340,0,11,329,LISTAS,,
69261,05_330_001,192,117,117,0,4,113,LISTAS,,
69263,05_331_001,19,16,16,0,0,16,LISTAS,,
68927,05_332_001,16,12,12,0,0,12,LISTAS,,
68929,05_333_001,339,226,226,0,2,224,LISTAS,,
68931,05_334_001,186,104,104,0,1,103,LISTAS,,
69265,05_335_001,163,96,96,0,0,96,LISTAS,,
69095,05_336_001,341,214,214,0,2,212,LISTAS,,
68933,05_337_001,198,144,144,0,2,142,LISTAS,,
68935,05_338_001,291,180,180,0,2,178,LISTAS,,
69687,05_339_001,664,326,326,0,4,322,LISTAS,,
69267,05_340_001,508,293,293,0,5,288,LISTAS,,
69097,05_341_001,991,487,487,0,1,486,LISTAS,,
68677,05_342_001,939,649,649,0,5,644,LISTAS,,
68937,05_343_001,58,41,41,0,0,41,LISTAS,,
69889,05_344_001,722,470,470,0,3,467,LISTAS,,
69099,05_345_001,73,54,54,0,1,53,LISTAS,,
69101,05_346_001,658,438,438,0,5,433,LISTAS,,
69103,05_347_001,934,484,483,0,26,457,LISTAS,,
69105,05_348_001,219,137,137,0,1,136,LISTAS,,
69107,05_349_001,503,186,186,0,5,181,LISTAS,,
69269,05_350_001,60,47,47,0,0,47,LISTAS,,
69109,05_351_001,637,312,312,0,5,307,LISTAS,,
69111,05_352_001,195,134,134,0,1,133,LISTAS,,
68939,05_353_001,345,210,210,0,1,209,LISTAS,,
69113,05_354_001,592,268,268,0,4,264,LISTAS,,
69271,05_355_001,292,168,168,0,1,167,LISTAS,,
69115,05_356_001,142,84,84,0,1,83,LISTAS,,
68941,05_357_001,475,297,297,0,4,293,LISTAS,,
69117,05_358_001,287,189,189,0,5,184,LISTAS,,
75757,06_001_001,1119,719,717,0,5,712,LISTAS,,
75759,06_001_002,1073,582,582,0,2,580,LISTAS,,
75761,06_001_003,995,546,545,0,3,542,LISTAS,,
75763,06_001_004,1142,612,612,0,10,602,LISTAS,,
75765,06_002_001,403,235,236,0,15,221,LISTAS,,
75767,06_003_001,810,442,442,0,3,439,LISTAS,,
75769,06_003_002,848,446,446,0,4,442,LISTAS,,
75771,06_003_003,866,424,424,0,8,416,LISTAS,,
74729,06_004_001,442,266,266,0,3,263,LISTAS,,
69497,06_005_001,780,417,417,0,7,410,LISTAS,,
74159,06_005_002,787,402,402,0,1,401,LISTAS,,
74161,06_005_003,768,405,404,0,4,400,LISTAS,,
74163,06_005_004,463,177,177,0,2,175,LISTAS,,
74165,06_005_005,492,204,204,0,3,201,LISTAS,,
74731,06_006_001,840,441,441,0,1,440,LISTAS,,
74733,06_006_002,782,384,384,0,12,372,LISTAS,,
74735,06_007_001,700,388,388,0,11,377,LISTAS,,
74737,06_007_002,778,480,480,0,4,476,LISTAS,,
74739,06_007_003,364,173,173,0,1,172,LISTAS,,
74741,06_007_004,405,145,145,0,1,144,LISTAS,,
74743,06_007_005,247,127,127,0,2,125,LISTAS,,
74745,06_007_006,285,106,106,0,1,105,LISTAS,,
74167,06_008_001,877,508,508,0,6,502,LISTAS,,
74169,06_008_002,876,488,488,0,2,486,LISTAS,,
74171,06_008_003,874,383,383,0,3,380,LISTAS,,
75773,06_009_001,376,235,235,0,4,231,LISTAS,,
75775,06_010_001,817,427,427,0,9,418,LISTAS,,
75777,06_010_002,817,442,442,0,6,436,LISTAS,,
75779,06_010_003,794,415,415,0,7,408,LISTAS,,
74747,06_011_001,734,337,337,0,1,336,LISTAS,,
74749,06_011_002,762,378,378,0,2,376,LISTAS,,
74751,06_011_003,758,357,357,0,3,354,LISTAS,,
74753,06_012_001,824,514,514,0,7,507,LISTAS,,
74755,06_012_002,727,372,372,0,3,369,LISTAS,,
74757,06_013_001,1002,565,565,0,3,562,LISTAS,,
74759,06_013_002,815,474,474,0,2,472,LISTAS,,
74761,06_013_003,810,522,521,0,2,519,LISTAS,,
74763,06_013_004,949,507,507,0,10,497,LISTAS,,
74765,06_013_005,818,474,474,0,4,470,LISTAS,,
74767,06_013_006,947,465,465,0,2,463,LISTAS,,
74769,06_013_007,859,588,588,0,2,586,LISTAS,,
74965,06_013_008,993,642,641,0,4,637,LISTAS,,
74967,06_013_009,831,554,554,0,2,552,LISTAS,,
74969,06_013_010,1012,646,645,0,4,641,LISTAS,,
74971,06_013_011,803,498,498,0,3,495,LISTAS,,
74973,06_013_012,830,526,526,0,6,520,LISTAS,,
74975,06_013_013,981,629,628,0,1,627,LISTAS,,
74977,06_013_014,919,611,611,0,4,607,LISTAS,,
75755,06_013_015,487,188,188,0,2,186,LISTAS,,
74979,06_013_016,792,437,437,0,6,431,LISTAS,,
74981,06_014_001,433,259,259,0,3,256,LISTAS,,
74983,06_014_002,614,352,352,0,5,347,LISTAS,,
74985,06_014_003,194,128,128,0,5,123,LISTAS,,
69895,06_015_001,888,552,552,0,2,550,LISTAS,,
69897,06_015_002,614,369,368,0,1,367,LISTAS,,
69899,06_015_003,690,400,400,0,5,395,LISTAS,,
69901,06_015_004,698,404,404,0,3,401,LISTAS,,
74173,06_016_001,865,499,499,0,2,497,LISTAS,,
74175,06_016_002,1000,585,585,0,2,583,LISTAS,,
74177,06_016_003,902,495,495,0,2,493,LISTAS,,
74179,06_016_004,1064,599,598,0,8,590,LISTAS,,
74987,06_017_001,457,275,275,0,5,270,LISTAS,,
74989,06_017_002,149,69,69,0,2,67,LISTAS,,
74991,06_018_001,466,252,252,0,2,250,LISTAS,,
74993,06_019_001,616,337,337,0,6,331,LISTAS,,
74995,06_019_002,557,332,332,0,6,326,LISTAS,,
74997,06_019_003,541,289,289,0,3,286,LISTAS,,
74999,06_020_001,589,380,380,0,2,378,LISTAS,,
75001,06_020_002,452,228,228,0,0,228,LISTAS,,
69903,06_021_001,560,319,319,0,4,315,LISTAS,,
74181,06_022_001,832,471,471,0,2,469,LISTAS,,
74183,06_022_002,879,472,472,0,3,469,LISTAS,,
75781,06_023_001,923,494,494,0,6,488,LISTAS,,
75783,06_023_002,852,433,433,0,3,430,LISTAS,,
75785,06_023_003,778,403,403,0,5,398,LISTAS,,
75787,06_024_001,791,506,506,0,3,503,LISTAS,,
75789,06_024_002,730,412,412,0,6,406,LISTAS,,
75791,06_024_003,744,357,357,0,3,354,LISTAS,,
75793,06_024_004,891,561,560,0,7,553,LISTAS,,
75795,06_024_005,722,516,516,0,4,512,LISTAS,,
75797,06_024_006,762,513,512,0,4,508,LISTAS,,
75799,06_024_007,646,470,470,0,2,468,LISTAS,,
75801,06_024_008,647,454,454,0,5,449,LISTAS,,
75803,06_024_009,701,530,529,0,7,522,LISTAS,,
75805,06_024_010,786,560,559,0,5,554,LISTAS,,
75807,06_024_011,814,475,473,0,3,470,LISTAS,,
75809,06_024_012,652,404,405,0,13,392,LISTAS,,
75811,06_024_013,592,367,366,0,4,362,LISTAS,,
75813,06_024_014,1001,588,587,0,5,582,LISTAS,,
75815,06_024_015,826,488,487,0,3,484,LISTAS,,
76017,06_024_016,828,409,409,0,6,403,LISTAS,,
76019,06_024_017,975,626,626,0,8,618,LISTAS,,
76021,06_024_018,970,600,600,0,3,597,LISTAS,,
76023,06_024_019,849,550,550,0,2,548,LISTAS,,
76025,06_024_020,962,627,627,0,9,618,LISTAS,,
76027,06_024_021,839,540,539,0,4,535,LISTAS,,
76029,06_024_022,798,464,463,0,2,461,LISTAS,,
76031,06_024_023,1059,650,650,0,4,646,LISTAS,,
76033,06_024_024,598,347,345,0,2,343,LISTAS,,
76035,06_024_025,724,434,434,0,4,430,LISTAS,,
76037,06_024_026,856,499,499,0,5,494,LISTAS,,
76039,06_024_027,796,481,481,0,2,479,LISTAS,,
76041,06_024_028,803,477,477,0,7,470,LISTAS,,
76043,06_024_029,637,364,364,0,7,357,LISTAS,,
76045,06_024_030,710,422,422,0,6,416,LISTAS,,
76047,06_024_031,540,310,310,0,3,307,LISTAS,,
76049,06_024_032,729,432,432,0,3,429,LISTAS,,
76051,06_024_033,932,528,528,0,6,522,LISTAS,,
76053,06_024_034,1073,631,631,0,4,627,LISTAS,,
76055,06_024_035,1090,595,594,0,8,586,LISTAS,,
76057,06_024_036,629,421,421,0,12,409,LISTAS,,
76059,06_024_037,909,582,582,0,9,573,LISTAS,,
76061,06_024_038,875,610,607,0,5,602,LISTAS,,
76063,06_024_039,919,566,565,0,8,557,LISTAS,,
76065,06_024_040,799,495,495,0,1,494,LISTAS,,
76067,06_024_041,970,716,714,0,12,702,LISTAS,,
76069,06_024_042,1163,945,926,0,7,919,LISTAS,,
76071,06_024_043,516,283,275,0,2,273,LISTAS,,
76073,06_024_044,267,135,135,0,0,135,LISTAS,,
76075,06_024_045,480,263,263,0,4,259,LISTAS,,
76077,06_024_046,317,138,138,0,2,136,LISTAS,,
76275,06_024_047,305,145,145,0,1,144,LISTAS,,
76277,06_024_048,579,280,280,0,4,276,LISTAS,,
76279,06_024_049,127,61,61,0,1,60,LISTAS,,
76281,06_024_050,1020,698,696,0,3,693,LISTAS,,
76283,06_025_001,490,307,307,0,2,305,LISTAS,,
76285,06_025_002,39,23,23,0,1,22,LISTAS,,
75003,06_026_001,963,594,592,0,11,581,LISTAS,,
75005,06_026_002,618,340,340,0,14,326,LISTAS,,
75007,06_026_003,1034,589,589,0,7,582,LISTAS,,
75009,06_026_004,1021,511,509,0,4,505,LISTAS,,
75011,06_026_005,641,310,310,0,3,307,LISTAS,,
75013,06_026_006,908,518,518,0,7,511,LISTAS,,
75015,06_026_007,819,413,413,0,3,410,LISTAS,,
76287,06_027_001,841,401,401,0,3,398,LISTAS,,
76289,06_027_002,799,389,389,0,2,387,LISTAS,,
76291,06_027_003,807,426,426,0,2,424,LISTAS,,
76293,06_027_004,797,442,442,0,5,437,LISTAS,,
69905,06_028_001,435,200,200,0,0,200,LISTAS,,
76295,06_029_001,339,177,177,0,3,174,LISTAS,,
69907,06_030_001,1227,647,647,0,8,639,LISTAS,,
76297,06_031_001,606,316,316,0,3,313,LISTAS,,
76567,06_031_002,552,270,270,0,4,266,LISTAS,,
76301,06_032_001,760,506,506,0,10,496,LISTAS,,
76315,06_032_002,809,458,458,0,3,455,LISTAS,,
76317,06_032_003,939,530,530,0,5,525,LISTAS,,
76319,06_032_004,888,470,470,0,5,465,LISTAS,,
76321,06_032_005,749,403,403,0,3,400,LISTAS,,
76323,06_032_006,686,375,375,0,3,372,LISTAS,,
76299,06_032_007,708,407,407,0,4,403,LISTAS,,
76325,06_032_008,802,464,463,0,7,456,LISTAS,,
76329,06_032_009,994,313,313,0,6,307,LISTAS,,
76327,06_032_010,1037,657,657,0,5,652,LISTAS,,
76331,06_032_011,1029,470,470,0,7,463,LISTAS,,
76335,06_032_012,824,557,557,0,1,556,LISTAS,,
76313,06_032_013,931,595,595,0,3,592,LISTAS,,
76333,06_032_014,841,547,546,0,8,538,LISTAS,,
76337,06_032_015,924,588,588,0,5,583,LISTAS,,
76339,06_032_016,706,458,458,0,1,457,LISTAS,,
76341,06_032_017,857,514,513,0,5,508,LISTAS,,
76303,06_032_018,1040,570,570,0,5,565,LISTAS,,
76541,06_032_019,690,442,442,0,3,439,LISTAS,,
76309,06_032_020,683,404,404,0,4,400,LISTAS,,
76305,06_032_021,906,541,540,0,2,538,LISTAS,,
76307,06_032_022,720,434,434,0,8,426,LISTAS,,
76311,06_032_023,938,491,491,0,5,486,LISTAS,,
76543,06_033_001,520,271,271,0,2,269,LISTAS,,
76545,06_033_002,548,282,282,0,3,279,LISTAS,,
76547,06_033_003,614,284,284,0,2,282,LISTAS,,
76549,06_034_001,693,432,432,0,4,428,LISTAS,,
76551,06_034_002,359,228,228,0,1,227,LISTAS,,
75017,06_035_001,1204,651,651,0,10,641,LISTAS,,
75019,06_035_002,1181,648,648,0,3,645,LISTAS,,
75021,06_035_003,1166,684,684,0,6,678,LISTAS,,
75023,06_035_004,1033,584,583,0,2,581,LISTAS,,
75025,06_035_005,1071,553,553,0,6,547,LISTAS,,
74185,06_036_001,579,372,372,0,5,367,LISTAS,,
74187,06_036_002,717,479,479,0,7,472,LISTAS,,
74189,06_036_003,935,626,626,0,4,622,LISTAS,,
74191,06_036_004,822,580,580,0,13,567,LISTAS,,
74193,06_036_005,851,575,574,0,5,569,LISTAS,,
74195,06_036_006,314,153,153,0,1,152,LISTAS,,
74197,06_036_007,254,115,115,0,1,114,LISTAS,,
74199,06_036_008,281,143,143,0,0,143,LISTAS,,
74201,06_036_009,155,93,93,0,5,88,LISTAS,,
76553,06_037_001,420,214,214,0,5,209,LISTAS,,
76555,06_038_001,450,271,271,0,6,265,LISTAS,,
75027,06_039_001,584,286,286,0,4,282,LISTAS,,
75029,06_039_002,681,331,331,0,1,330,LISTAS,,
75225,06_039_003,531,251,251,0,2,249,LISTAS,,
75227,06_039_004,533,279,279,0,15,264,LISTAS,,
75229,06_039_005,153,83,82,0,0,82,LISTAS,,
75231,06_040_001,370,183,182,0,2,180,LISTAS,,
76557,06_041_001,412,225,225,0,7,218,LISTAS,,
75233,06_042_001,622,307,307,0,5,302,LISTAS,,
75235,06_042_002,475,268,268,0,3,265,LISTAS,,
75237,06_042_003,361,167,167,0,2,165,LISTAS,,
75239,06_042_004,152,91,91,0,0,91,LISTAS,,
74203,06_043_001,415,279,279,0,7,272,LISTAS,,
74205,06_043_002,156,83,83,0,0,83,LISTAS,,
76559,06_044_001,626,361,361,0,2,359,LISTAS,,
76561,06_044_002,580,345,345,0,4,341,LISTAS,,
74207,06_045_001,944,455,455,0,2,453,LISTAS,,
75241,06_046_001,750,462,462,0,5,457,LISTAS,,
75243,06_046_002,461,219,218,0,3,215,LISTAS,,
74209,06_047_001,984,544,544,0,5,539,LISTAS,,
74211,06_047_002,1219,728,727,0,6,721,LISTAS,,
74213,06_047_003,553,254,254,0,5,249,LISTAS,,
74215,06_048_001,1100,591,591,0,8,583,LISTAS,,
74217,06_048_002,981,563,563,0,11,552,LISTAS,,
75245,06_049_001,823,418,418,0,0,418,LISTAS,,
75247,06_049_002,814,433,433,0,2,431,LISTAS,,
75249,06_049_003,641,367,367,0,1,366,LISTAS,,
75251,06_049_004,713,360,360,0,1,359,LISTAS,,
75253,06_049_005,795,485,485,0,7,478,LISTAS,,
75255,06_049_006,885,502,502,0,6,496,LISTAS,,
75257,06_049_007,799,497,496,0,7,489,LISTAS,,
75259,06_049_008,720,399,399,0,2,397,LISTAS,,
75261,06_049_009,455,190,190,0,0,190,LISTAS,,
75263,06_050_001,863,388,388,0,4,384,LISTAS,,
75265,06_050_002,954,565,565,0,6,559,LISTAS,,
75267,06_050_003,999,469,469,0,9,460,LISTAS,,
75269,06_050_004,1078,551,549,0,5,544,LISTAS,,
69909,06_051_001,2706,2146,2141,0,12,2129,LISTAS,,
69911,06_051_002,1060,669,666,0,5,661,LISTAS,,
69913,06_051_003,989,716,716,0,1,715,LISTAS,,
69915,06_051_004,1166,705,704,0,4,700,LISTAS,,
69917,06_051_005,1329,813,811,0,9,802,LISTAS,,
69919,06_051_006,1374,881,881,0,15,866,LISTAS,,
69921,06_051_007,1376,782,781,0,6,775,LISTAS,,
69923,06_051_008,1330,849,849,0,7,842,LISTAS,,
69925,06_051_009,1187,691,691,0,4,687,LISTAS,,
69927,06_051_010,1045,588,588,0,12,576,LISTAS,,
69929,06_051_011,1291,793,793,0,4,789,LISTAS,,
69931,06_051_012,781,531,531,0,3,528,LISTAS,,
69933,06_051_013,1361,964,964,0,8,956,LISTAS,,
69935,06_051_014,1062,671,671,0,2,669,LISTAS,,
69937,06_051_015,1336,832,832,0,9,823,LISTAS,,
69939,06_051_016,1042,633,633,0,4,629,LISTAS,,
69941,06_051_017,1212,617,617,0,5,612,LISTAS,,
69943,06_051_018,1158,676,676,0,5,671,LISTAS,,
69945,06_051_019,1402,930,927,0,7,920,LISTAS,,
69947,06_051_020,1265,880,879,0,8,871,LISTAS,,
69949,06_051_101,1173,423,425,0,20,405,LISTAS,,
69951,06_051_102,947,649,649,0,6,643,LISTAS,,
69953,06_051_103,1145,800,792,0,6,786,LISTAS,,
69955,06_051_104,1197,654,654,0,6,648,LISTAS,,
69957,06_051_105,1311,693,687,0,9,678,LISTAS,,
69959,06_051_106,1376,833,833,0,1,832,LISTAS,,
69961,06_051_107,1383,762,760,0,5,755,LISTAS,,
69963,06_051_108,1296,824,824,0,9,815,LISTAS,,
69965,06_051_109,1185,698,698,0,3,695,LISTAS,,
69967,06_051_110,1053,553,554,0,22,532,LISTAS,,
69969,06_051_111,1222,803,803,0,5,798,LISTAS,,
69971,06_051_112,1279,798,797,0,4,793,LISTAS,,
69973,06_051_113,1309,922,922,0,6,916,LISTAS,,
69975,06_051_114,1249,878,878,0,5,873,LISTAS,,
69977,06_051_115,2333,1897,1885,0,13,1872,LISTAS,,
69979,06_051_116,1131,680,679,0,2,677,LISTAS,,
69981,06_051_117,1173,703,701,0,8,693,LISTAS,,
69983,06_051_118,1150,654,654,0,6,648,LISTAS,,
69985,06_051_119,1265,850,847,0,4,843,LISTAS,,
69987,06_051_120,1319,791,791,0,4,787,LISTAS,,
69989,06_051_201,1245,739,738,0,15,723,LISTAS,,
69991,06_051_202,961,650,650,0,2,648,LISTAS,,
69993,06_051_203,1086,737,737,0,7,730,LISTAS,,
69995,06_051_204,1299,814,814,0,4,810,LISTAS,,
69997,06_051_205,1307,797,797,0,4,793,LISTAS,,
69999,06_051_206,1329,715,716,0,22,694,LISTAS,,
70001,06_051_207,1332,649,648,0,8,640,LISTAS,,
70003,06_051_208,1325,883,882,0,2,880,LISTAS,,
70005,06_051_209,1278,729,727,0,6,721,LISTAS,,
70007,06_051_210,1113,580,580,0,9,571,LISTAS,,
70009,06_051_211,1221,791,791,0,6,785,LISTAS,,
70011,06_051_212,1234,770,769,0,14,755,LISTAS,,
70013,06_051_213,1301,930,929,0,5,924,LISTAS,,
70015,06_051_214,1134,862,859,0,2,857,LISTAS,,
70017,06_051_215,1310,877,877,0,11,866,LISTAS,,
70019,06_051_216,1034,598,598,0,3,595,LISTAS,,
70021,06_051_217,1190,750,750,0,3,747,LISTAS,,
70023,06_051_218,1235,687,687,0,6,681,LISTAS,,
70025,06_051_219,1386,879,879,0,6,873,LISTAS,,
74219,06_051_220,1289,815,814,0,9,805,LISTAS,,
74221,06_051_301,1047,658,658,0,10,648,LISTAS,,
74223,06_051_302,1058,671,671,0,3,668,LISTAS,,
74225,06_051_303,1142,789,789,0,11,778,LISTAS,,
74227,06_051_304,1440,978,977,0,7,970,LISTAS,,
74229,06_051_305,1310,747,747,0,7,740,LISTAS,,
74231,06_051_306,1216,721,721,0,7,714,LISTAS,,
74429,06_051_307,1009,597,596,0,11,585,LISTAS,,
74431,06_051_308,1252,803,802,0,6,796,LISTAS,,
74433,06_051_309,1166,677,677,0,1,676,LISTAS,,
74435,06_051_310,1060,640,640,0,2,638,LISTAS,,
74437,06_051_311,1058,639,639,0,8,631,LISTAS,,
74439,06_051_312,1317,754,774,0,120,654,LISTAS,,
74441,06_051_313,1315,922,922,0,4,918,LISTAS,,
74443,06_051_314,1101,721,721,0,0,721,LISTAS,,
74445,06_051_315,1367,870,870,0,11,859,LISTAS,,
74447,06_051_316,1160,690,690,0,9,681,LISTAS,,
74449,06_051_317,1125,645,645,0,4,641,LISTAS,,
74451,06_051_318,1214,682,682,0,2,680,LISTAS,,
74453,06_051_319,1228,713,713,0,24,689,LISTAS,,
74455,06_051_320,1311,875,875,0,4,871,LISTAS,,
74457,06_051_401,1233,782,781,0,9,772,LISTAS,,
74459,06_051_402,1145,694,694,0,5,689,LISTAS,,
74461,06_051_403,984,706,706,0,8,698,LISTAS,,
74463,06_051_404,1025,682,682,0,3,679,LISTAS,,
74465,06_051_407,1084,621,620,0,3,617,LISTAS,,
74467,06_051_408,1369,906,905,0,6,899,LISTAS,,
74469,06_051_409,1198,660,659,0,1,658,LISTAS,,
74471,06_051_410,1422,766,754,0,17,737,LISTAS,,
74473,06_051_411,1198,700,700,0,7,693,LISTAS,,
74475,06_051_412,1297,871,868,0,10,858,LISTAS,,
74477,06_051_413,1359,1007,1007,0,8,999,LISTAS,,
74479,06_051_414,1073,721,721,0,8,713,LISTAS,,
74481,06_051_415,1370,891,891,0,4,887,LISTAS,,
74483,06_051_416,1053,659,659,0,3,656,LISTAS,,
74485,06_051_417,1248,682,682,0,5,677,LISTAS,,
74487,06_051_418,1094,660,660,0,5,655,LISTAS,,
74501,06_051_419,1270,727,727,0,4,723,LISTAS,,
74503,06_051_502,1116,666,664,0,9,655,LISTAS,,
74505,06_051_503,1020,683,683,0,4,679,LISTAS,,
74507,06_051_504,1006,592,592,0,11,581,LISTAS,,
74509,06_051_507,1058,675,674,0,4,670,LISTAS,,
74511,06_051_508,1447,816,814,0,10,804,LISTAS,,
74513,06_051_510,1350,802,801,0,8,793,LISTAS,,
74515,06_051_511,1414,833,833,0,8,825,LISTAS,,
74517,06_051_514,1090,669,668,0,15,653,LISTAS,,
74519,06_051_516,1271,809,809,0,7,802,LISTAS,,
74521,06_051_517,1227,646,646,0,2,644,LISTAS,,
74523,06_051_518,1176,668,668,0,3,665,LISTAS,,
74525,06_051_603,1125,676,676,0,4,672,LISTAS,,
75271,06_052_001,634,391,391,0,2,389,LISTAS,,
75273,06_052_002,655,414,414,0,4,410,LISTAS,,
75275,06_052_003,642,374,374,0,2,372,LISTAS,,
75277,06_052_004,603,331,331,0,2,329,LISTAS,,
75279,06_052_005,590,315,315,0,8,307,LISTAS,,
75281,06_052_006,585,302,301,0,1,300,LISTAS,,
75283,06_052_007,80,34,34,0,2,32,LISTAS,,
75523,06_053_001,783,528,528,0,6,522,LISTAS,,
75553,06_053_002,725,478,478,0,3,475,LISTAS,,
75525,06_053_003,768,489,489,0,3,486,LISTAS,,
75541,06_053_004,74,25,25,0,0,25,LISTAS,,
75543,06_053_005,188,107,107,0,1,106,LISTAS,,
75529,06_053_006,891,523,522,0,3,519,LISTAS,,
75527,06_053_007,1009,585,585,0,3,582,LISTAS,,
75533,06_053_008,683,369,369,0,1,368,LISTAS,,
75531,06_053_009,688,405,405,0,5,400,LISTAS,,
75535,06_053_010,759,405,405,0,4,401,LISTAS,,
75545,06_053_011,166,73,73,0,1,72,LISTAS,,
75547,06_053_012,189,88,88,0,1,87,LISTAS,,
75521,06_053_013,101,59,59,0,1,58,LISTAS,,
75517,06_053_014,932,637,637,0,3,634,LISTAS,,
75519,06_053_015,1000,611,611,0,3,608,LISTAS,,
75497,06_053_016,730,461,461,0,5,456,LISTAS,,
75499,06_053_017,933,549,549,0,5,544,LISTAS,,
75493,06_053_018,734,460,460,0,5,455,LISTAS,,
75491,06_053_019,642,366,368,0,22,346,LISTAS,,
75285,06_053_020,723,424,423,0,5,418,LISTAS,,
75507,06_053_021,839,577,577,0,4,573,LISTAS,,
75489,06_053_022,955,602,601,0,4,597,LISTAS,,
75287,06_053_023,815,501,501,0,2,499,LISTAS,,
75495,06_053_024,627,390,390,0,1,389,LISTAS,,
75513,06_053_025,956,619,619,0,1,618,LISTAS,,
75511,06_053_026,888,540,540,0,10,530,LISTAS,,
75509,06_053_027,636,363,363,0,5,358,LISTAS,,
75503,06_053_028,918,546,546,0,5,541,LISTAS,,
75501,06_053_029,856,512,512,0,1,511,LISTAS,,
75505,06_053_030,672,422,422,0,2,420,LISTAS,,
75515,06_053_031,1304,1101,1081,0,9,1072,LISTAS,,
75539,06_053_032,1154,573,572,0,0,572,LISTAS,,
75537,06_053_033,707,354,353,0,1,352,LISTAS,,
75549,06_053_034,96,41,41,0,0,41,LISTAS,,
75551,06_053_035,204,107,107,0,1,106,LISTAS,,
76563,06_054_001,973,595,594,0,4,590,LISTAS,,
76565,06_054_002,928,591,591,0,3,588,LISTAS,,
69489,06_055_001,733,448,448,0,4,444,LISTAS,,
69491,06_055_002,755,451,451,0,6,445,LISTAS,,
75751,06_056_001,744,446,446,0,3,443,LISTAS,,
75753,06_056_002,750,399,399,0,6,393,LISTAS,,
69493,06_057_001,750,436,436,0,7,429,LISTAS,,
69495,06_057_002,762,448,448,0,5,443,LISTAS,,
74489,06_058_001,867,342,342,0,5,337,LISTAS,,
74491,06_058_002,869,524,524,0,8,516,LISTAS,,
74493,06_058_003,827,470,470,0,3,467,LISTAS,,
74495,06_059_001,1136,649,649,0,4,645,LISTAS,,
74497,06_059_002,1130,639,639,0,19,620,LISTAS,,
74499,06_060_001,834,475,476,0,14,462,LISTAS,,
74725,06_060_002,917,501,501,0,6,495,LISTAS,,
74727,06_060_003,1028,697,697,0,3,694,LISTAS,,
75075,07_001_001,1044,484,484,0,3,481,LISTAS,,
75077,07_001_002,989,474,473,0,6,467,LISTAS,,
75079,07_001_003,194,98,98,0,1,97,LISTAS,,
75081,07_001_004,197,104,104,0,0,104,LISTAS,,
75083,07_001_005,1144,618,619,0,19,600,LISTAS,,
74541,07_002_001,996,529,529,0,3,526,LISTAS,,
74543,07_002_002,1039,570,569,0,2,567,LISTAS,,
74545,07_002_003,1017,612,612,0,2,610,LISTAS,,
75085,07_003_001,905,472,472,0,3,469,LISTAS,,
75087,07_003_002,640,305,305,0,4,301,LISTAS,,
77887,07_004_001,477,334,334,0,2,332,LISTAS,,
77889,07_004_002,666,410,410,0,2,408,LISTAS,,
75089,07_005_001,506,285,285,0,0,285,LISTAS,,
77113,07_006_001,787,486,486,0,6,480,LISTAS,,
77115,07_006_002,872,545,545,0,5,540,LISTAS,,
77117,07_006_003,870,546,546,0,11,535,LISTAS,,
77119,07_007_001,113,89,89,0,3,86,LISTAS,,
77121,07_008_001,378,221,221,0,5,216,LISTAS,,
77319,07_008_002,386,243,243,0,4,239,LISTAS,,
75091,07_009_001,722,421,421,0,2,419,LISTAS,,
75093,07_009_002,653,358,358,0,1,357,LISTAS,,
75095,07_009_003,795,496,496,0,4,492,LISTAS,,
75289,07_009_004,678,373,373,0,2,371,LISTAS,,
77891,07_010_001,1117,626,626,0,4,622,LISTAS,,
77893,07_010_002,889,472,471,0,4,467,LISTAS,,
77895,07_010_003,144,96,96,0,0,96,LISTAS,,
77897,07_011_001,895,507,507,0,5,502,LISTAS,,
77899,07_012_001,697,387,387,0,2,385,LISTAS,,
77901,07_012_002,730,411,411,0,4,407,LISTAS,,
77903,07_013_001,1154,804,804,0,7,797,LISTAS,,
77905,07_013_002,1112,569,569,0,6,563,LISTAS,,
77907,07_013_003,1140,753,753,0,12,741,LISTAS,,
77909,07_013_004,1024,671,672,0,22,650,LISTAS,,
77911,07_013_005,1116,755,755,0,4,751,LISTAS,,
77913,07_013_006,1116,785,783,0,6,777,LISTAS,,
78111,07_013_007,1147,746,746,0,4,742,LISTAS,,
78113,07_013_008,2126,1587,1584,0,11,1573,LISTAS,,
77321,07_014_001,780,506,506,0,2,504,LISTAS,,
77323,07_014_002,765,482,482,0,4,478,LISTAS,,
77325,07_014_003,751,510,510,0,4,506,LISTAS,,
77327,07_014_004,988,631,631,0,6,625,LISTAS,,
78115,07_015_001,205,137,137,0,0,137,LISTAS,,
75291,07_016_001,753,479,479,0,0,479,LISTAS,,
75293,07_016_002,659,361,361,0,0,361,LISTAS,,
75295,07_016_003,695,398,398,0,5,393,LISTAS,,
78117,07_017_001,793,528,528,0,6,522,LISTAS,,
78119,07_017_002,163,102,102,0,1,101,LISTAS,,
77329,07_018_001,976,669,668,0,3,665,LISTAS,,
78121,07_019_001,933,608,608,0,3,605,LISTAS,,
78123,07_019_002,704,440,440,0,2,438,LISTAS,,
78125,07_019_003,902,584,584,0,1,583,LISTAS,,
78127,07_019_004,874,507,507,0,7,500,LISTAS,,
78129,07_019_005,834,511,511,0,7,504,LISTAS,,
77331,07_020_001,1133,775,774,0,4,770,LISTAS,,
77333,07_021_001,812,483,483,0,2,481,LISTAS,,
77335,07_021_002,667,389,389,0,4,385,LISTAS,,
75297,07_022_001,810,438,438,0,1,437,LISTAS,,
75299,07_023_001,911,444,444,0,2,442,LISTAS,,
75301,07_023_002,879,427,426,0,5,421,LISTAS,,
74547,07_024_001,1202,649,648,0,1,647,LISTAS,,
74549,07_024_002,953,612,612,0,7,605,LISTAS,,
74551,07_024_003,535,378,378,0,2,376,LISTAS,,
74553,07_024_004,843,515,515,0,3,512,LISTAS,,
74555,07_024_005,840,402,461,0,236,225,LISTAS,,
74557,07_024_006,603,415,415,0,8,407,LISTAS,,
74559,07_024_007,675,452,452,0,5,447,LISTAS,,
74561,07_024_008,600,381,381,0,13,368,LISTAS,,
74563,07_024_009,750,463,463,0,5,458,LISTAS,,
74565,07_024_010,955,584,584,0,4,580,LISTAS,,
74567,07_024_011,711,415,415,0,16,399,LISTAS,,
74569,07_024_012,863,525,525,0,2,523,LISTAS,,
74571,07_024_013,819,522,522,0,29,493,LISTAS,,
74573,07_024_014,870,535,533,0,0,533,LISTAS,,
74575,07_024_015,807,502,502,0,6,496,LISTAS,,
74577,07_024_016,787,476,476,0,2,474,LISTAS,,
74579,07_024_017,533,319,319,0,3,316,LISTAS,,
74581,07_024_018,883,541,541,0,3,538,LISTAS,,
74583,07_024_019,728,492,492,0,6,486,LISTAS,,
74585,07_024_020,736,483,483,0,4,479,LISTAS,,
74587,07_024_021,1518,1173,1170,0,13,1157,LISTAS,,
74589,07_024_022,908,591,591,0,12,579,LISTAS,,
74771,07_024_023,807,536,536,0,5,531,LISTAS,,
74773,07_024_024,867,563,563,0,13,550,LISTAS,,
74775,07_024_025,831,505,505,0,8,497,LISTAS,,
74777,07_024_026,776,467,466,0,0,466,LISTAS,,
74779,07_024_027,698,424,424,0,5,419,LISTAS,,
74781,07_024_028,683,410,410,0,3,407,LISTAS,,
74783,07_024_029,699,428,428,0,20,408,LISTAS,,
74785,07_024_030,872,526,526,0,4,522,LISTAS,,
74787,07_024_031,628,379,379,0,11,368,LISTAS,,
74789,07_024_032,804,486,486,0,5,481,LISTAS,,
74791,07_024_033,872,502,502,0,1,501,LISTAS,,
74793,07_024_034,647,383,384,0,23,361,LISTAS,,
74795,07_024_035,884,487,487,0,4,483,LISTAS,,
74797,07_024_036,999,620,620,0,4,616,LISTAS,,
74799,07_024_037,1056,684,682,0,17,665,LISTAS,,
74801,07_024_038,1157,680,680,0,8,672,LISTAS,,
74803,07_024_039,1042,615,615,0,3,612,LISTAS,,
74805,07_024_040,1034,604,603,0,11,592,LISTAS,,
74807,07_024_041,1089,690,691,0,22,669,LISTAS,,
74809,07_024_042,1108,675,674,0,1,673,LISTAS,,
74811,07_024_043,1047,782,782,0,7,775,LISTAS,,
74813,07_024_044,1089,794,787,0,9,778,LISTAS,,
74815,07_024_045,1113,719,719,0,8,711,LISTAS,,
74817,07_024_046,1213,856,856,0,5,851,LISTAS,,
74819,07_024_047,492,261,261,0,2,259,LISTAS,,
75303,07_025_001,831,403,403,0,3,400,LISTAS,,
75305,07_025_002,522,306,306,0,1,305,LISTAS,,
75307,07_025_003,563,344,344,0,1,343,LISTAS,,
75309,07_026_001,855,488,488,0,4,484,LISTAS,,
75311,07_026_002,869,512,512,0,4,508,LISTAS,,
75313,07_026_003,922,492,492,0,4,488,LISTAS,,
75315,07_026_004,1008,555,555,0,7,548,LISTAS,,
75317,07_026_005,885,429,429,0,3,426,LISTAS,,
75319,07_026_006,593,347,347,0,1,346,LISTAS,,
75321,07_026_007,313,155,155,0,5,150,LISTAS,,
75323,07_026_008,160,93,93,0,1,92,LISTAS,,
74821,07_027_001,1088,575,575,0,12,563,LISTAS,,
74823,07_027_002,1064,642,641,0,1,640,LISTAS,,
74825,07_027_003,1100,691,691,0,5,686,LISTAS,,
74827,07_027_004,1082,554,554,0,6,548,LISTAS,,
74829,07_027_005,965,583,583,0,3,580,LISTAS,,
74831,07_027_006,1059,461,461,0,12,449,LISTAS,,
74833,07_027_007,236,130,130,0,1,129,LISTAS,,
78131,07_028_001,1026,658,659,0,17,642,LISTAS,,
78133,07_028_002,899,529,529,0,7,522,LISTAS,,
78135,07_028_003,1136,714,714,0,7,707,LISTAS,,
78137,07_028_004,117,63,63,0,0,63,LISTAS,,
77337,07_029_001,844,539,538,0,3,535,LISTAS,,
77339,07_029_002,774,491,491,0,7,484,LISTAS,,
78139,07_030_001,701,548,548,0,3,545,LISTAS,,
78141,07_030_002,769,577,577,0,6,571,LISTAS,,
77341,07_031_001,716,427,427,0,3,424,LISTAS,,
78143,07_032_001,504,323,323,0,5,318,LISTAS,,
78145,07_033_001,1037,616,616,0,3,613,LISTAS,,
78147,07_033_002,1044,628,628,0,10,618,LISTAS,,
78149,07_033_003,1129,765,764,0,5,759,LISTAS,,
78151,07_033_004,1051,712,712,0,0,712,LISTAS,,
78153,07_033_005,990,606,606,0,3,603,LISTAS,,
78155,07_033_006,1037,728,727,0,2,725,LISTAS,,
78157,07_033_007,1093,714,714,0,10,704,LISTAS,,
78159,07_033_008,855,492,492,0,3,489,LISTAS,,
78161,07_034_001,970,645,645,0,1,644,LISTAS,,
75325,07_035_001,793,436,436,0,8,428,LISTAS,,
75327,07_036_001,327,160,160,0,1,159,LISTAS,,
75329,07_036_002,222,105,105,0,0,105,LISTAS,,
75331,07_036_003,248,111,111,0,1,110,LISTAS,,
77343,07_037_001,987,624,624,0,10,614,LISTAS,,
77345,07_037_002,645,385,385,0,4,381,LISTAS,,
77347,07_038_001,693,418,418,0,3,415,LISTAS,,
77349,07_038_002,76,57,57,0,3,54,LISTAS,,
75031,07_039_001,1184,618,617,0,6,611,LISTAS,,
75033,07_039_002,1071,526,526,0,1,525,LISTAS,,
77351,07_040_001,1046,542,541,0,3,538,LISTAS,,
78163,07_041_001,851,538,538,0,5,533,LISTAS,,
75333,07_042_001,1001,520,520,0,6,514,LISTAS,,
75335,07_042_002,946,495,495,0,5,490,LISTAS,,
78165,07_043_001,933,629,628,0,2,626,LISTAS,,
78167,07_043_002,807,522,522,0,3,519,LISTAS,,
78169,07_043_003,327,213,213,0,0,213,LISTAS,,
74539,07_043_004,869,511,509,0,4,505,LISTAS,,
77353,07_044_001,544,322,322,0,1,321,LISTAS,,
77355,07_044_002,726,460,459,0,2,457,LISTAS,,
75337,07_045_001,577,396,396,0,2,394,LISTAS,,
75867,07_045_002,619,405,401,0,2,399,LISTAS,,
75339,07_046_001,929,362,362,0,5,357,LISTAS,,
75341,07_046_002,1068,478,478,0,5,473,LISTAS,,
77357,07_047_001,619,360,360,0,2,358,LISTAS,,
77873,07_047_002,659,405,405,0,7,398,LISTAS,,
75035,07_048_001,1182,680,680,0,2,678,LISTAS,,
75037,07_048_002,1117,711,711,0,3,708,LISTAS,,
75343,07_049_001,419,189,189,0,5,184,LISTAS,,
75345,07_049_002,42,28,28,0,1,27,LISTAS,,
75347,07_049_003,702,440,440,0,3,437,LISTAS,,
75349,07_049_004,699,380,380,0,2,378,LISTAS,,
75351,07_050_001,862,408,408,0,3,405,LISTAS,,
75353,07_050_002,860,430,430,0,3,427,LISTAS,,
75355,07_050_003,801,455,455,0,3,452,LISTAS,,
78171,07_051_001,748,472,472,0,4,468,LISTAS,,
78173,07_051_002,715,486,486,0,4,482,LISTAS,,
78175,07_051_003,744,438,438,0,1,437,LISTAS,,
77359,07_052_001,1305,884,884,0,3,881,LISTAS,,
74233,07_053_001,775,483,482,0,6,476,LISTAS,,
74235,07_053_002,860,569,569,0,5,564,LISTAS,,
74237,07_053_003,869,601,601,0,6,595,LISTAS,,
74239,07_053_004,861,579,579,0,7,572,LISTAS,,
74241,07_053_005,1042,670,670,0,4,666,LISTAS,,
74243,07_054_001,1082,709,709,0,1,708,LISTAS,,
74245,07_054_002,785,328,328,0,6,322,LISTAS,,
75555,07_055_001,584,298,298,0,1,297,LISTAS,,
75557,07_056_001,1038,604,603,0,4,599,LISTAS,,
75559,07_056_002,971,534,533,0,8,525,LISTAS,,
75561,07_056_003,968,555,555,0,6,549,LISTAS,,
75563,07_056_004,867,354,354,0,3,351,LISTAS,,
75565,07_057_001,786,434,434,0,3,431,LISTAS,,
75567,07_058_001,443,241,241,0,3,238,LISTAS,,
75569,07_058_002,567,222,222,0,2,220,LISTAS,,
75571,07_059_001,735,320,320,0,2,318,LISTAS,,
75573,07_059_002,1021,451,451,0,3,448,LISTAS,,
77361,07_060_001,439,306,306,0,2,304,LISTAS,,
77363,07_061_001,700,399,399,0,1,398,LISTAS,,
77365,07_061_002,849,505,505,0,2,503,LISTAS,,
77367,07_061_003,778,435,435,0,1,434,LISTAS,,
77369,07_061_004,776,559,559,0,5,554,LISTAS,,
77371,07_061_005,777,459,459,0,3,456,LISTAS,,
77373,07_061_006,696,482,482,0,0,482,LISTAS,,
77375,07_061_007,1034,633,633,0,3,630,LISTAS,,
77377,07_061_008,610,380,380,0,4,376,LISTAS,,
77379,07_061_009,828,593,590,0,4,586,LISTAS,,
77381,07_061_010,621,461,461,0,2,459,LISTAS,,
77383,07_061_011,1223,841,843,0,32,811,LISTAS,,
77879,07_061_012,1248,858,857,0,8,849,LISTAS,,
77881,07_061_013,746,506,506,0,1,505,LISTAS,,
77883,07_061_014,716,538,538,0,1,537,LISTAS,,
77885,07_061_015,184,101,101,0,6,95,LISTAS,,
74247,07_062_001,411,303,303,0,1,302,LISTAS,,
75575,07_063_001,487,288,288,0,5,283,LISTAS,,
75577,07_063_002,524,291,291,0,6,285,LISTAS,,
75579,07_063_003,151,83,83,0,3,80,LISTAS,,
75581,07_064_001,883,454,454,0,4,450,LISTAS,,
77385,07_065_001,521,321,321,0,3,318,LISTAS,,
75039,07_066_001,788,494,494,0,3,491,LISTAS,,
75041,07_066_002,852,564,564,0,1,563,LISTAS,,
75043,07_066_003,839,576,576,0,4,572,LISTAS,,
75045,07_066_004,780,513,513,0,6,507,LISTAS,,
75047,07_066_005,117,53,53,0,0,53,LISTAS,,
77587,07_067_001,443,231,231,0,1,230,LISTAS,,
77589,07_067_002,540,308,308,0,2,306,LISTAS,,
77591,07_067_003,474,247,247,0,3,244,LISTAS,,
74249,07_068_001,417,283,283,0,2,281,LISTAS,,
74251,07_068_002,225,116,116,0,1,115,LISTAS,,
74253,07_069_001,833,519,519,0,2,517,LISTAS,,
74255,07_069_002,896,587,587,0,4,583,LISTAS,,
74537,07_069_003,783,519,519,0,5,514,LISTAS,,
74257,07_070_001,685,419,419,0,5,414,LISTAS,,
74259,07_070_002,675,403,403,0,3,400,LISTAS,,
74261,07_071_001,891,604,604,0,4,600,LISTAS,,
74263,07_071_002,769,497,496,0,3,493,LISTAS,,
75049,07_072_001,762,384,384,0,6,378,LISTAS,,
75051,07_072_002,760,404,404,0,4,400,LISTAS,,
75053,07_072_003,788,415,415,0,6,409,LISTAS,,
75055,07_072_004,854,397,397,0,2,395,LISTAS,,
77593,07_073_001,304,121,121,0,1,120,LISTAS,,
77595,07_073_002,943,532,531,0,1,530,LISTAS,,
77597,07_073_003,950,542,543,0,13,530,LISTAS,,
77599,07_073_004,964,512,511,0,6,505,LISTAS,,
77601,07_073_005,775,343,343,0,0,343,LISTAS,,
77603,07_073_006,1094,568,567,0,5,562,LISTAS,,
77605,07_073_007,220,89,88,0,2,86,LISTAS,,
75057,07_074_001,1012,511,511,0,5,506,LISTAS,,
75059,07_074_002,743,379,378,0,2,376,LISTAS,,
75061,07_074_003,1025,496,496,0,0,496,LISTAS,,
75063,07_074_004,977,468,468,0,1,467,LISTAS,,
75065,07_074_005,1134,616,616,0,8,608,LISTAS,,
77607,07_075_001,738,505,505,0,2,503,LISTAS,,
77609,07_075_002,597,387,387,0,7,380,LISTAS,,
77611,07_075_003,589,384,384,0,5,379,LISTAS,,
75067,07_076_001,941,616,616,0,3,613,LISTAS,,
75069,07_076_002,920,527,527,0,4,523,LISTAS,,
75071,07_076_003,905,625,625,0,0,625,LISTAS,,
75073,07_076_004,942,644,644,0,4,640,LISTAS,,
74533,07_077_001,839,448,448,0,6,442,LISTAS,,
74265,07_077_002,844,420,420,0,3,417,LISTAS,,
74267,07_077_003,924,492,492,0,2,490,LISTAS,,
75583,07_078_001,745,388,388,0,13,375,LISTAS,,
75585,07_078_002,660,378,378,0,3,375,LISTAS,,
75587,07_078_003,520,317,317,0,1,316,LISTAS,,
75589,07_078_004,681,400,400,0,2,398,LISTAS,,
75591,07_078_005,627,375,375,0,5,370,LISTAS,,
75593,07_078_006,593,355,356,0,13,343,LISTAS,,
75595,07_078_007,571,372,372,0,6,366,LISTAS,,
75597,07_078_008,590,340,340,0,1,339,LISTAS,,
75599,07_078_009,594,388,388,0,4,384,LISTAS,,
75601,07_078_010,665,444,443,0,2,441,LISTAS,,
75603,07_078_011,724,449,449,0,4,445,LISTAS,,
75605,07_078_012,711,433,433,0,1,432,LISTAS,,
75607,07_078_013,487,299,299,0,3,296,LISTAS,,
75609,07_078_014,658,358,358,0,0,358,LISTAS,,
75611,07_078_015,229,141,141,0,3,138,LISTAS,,
75613,07_078_016,180,102,102,0,1,101,LISTAS,,
75615,07_078_017,534,292,292,0,4,288,LISTAS,,
75617,07_078_018,212,118,118,0,1,117,LISTAS,,
75817,07_078_019,826,691,686,0,4,682,LISTAS,,
75819,07_079_001,582,374,373,0,4,369,LISTAS,,
77613,07_080_001,1288,884,884,0,10,874,LISTAS,,
75821,07_081_001,669,288,288,0,6,282,LISTAS,,
75823,07_081_002,1065,385,384,0,4,380,LISTAS,,
77615,07_082_001,478,253,253,0,3,250,LISTAS,,
75825,07_083_001,1042,498,498,0,3,495,LISTAS,,
75827,07_083_002,849,446,446,0,12,434,LISTAS,,
75829,07_083_003,732,356,356,0,6,350,LISTAS,,
75831,07_084_001,961,528,528,0,5,523,LISTAS,,
75833,07_084_002,174,117,117,0,0,117,LISTAS,,
77617,07_085_001,867,520,520,0,5,515,LISTAS,,
77619,07_085_002,905,582,565,0,4,561,LISTAS,,
77877,07_085_003,791,406,406,0,7,399,LISTAS,,
75835,07_086_001,981,581,580,0,4,576,LISTAS,,
75837,07_086_002,1093,519,517,0,5,512,LISTAS,,
75839,07_086_003,897,457,457,0,5,452,LISTAS,,
75841,07_086_004,686,335,335,0,1,334,LISTAS,,
75843,07_087_001,762,388,388,0,1,387,LISTAS,,
75845,07_087_002,787,449,449,0,3,446,LISTAS,,
77621,07_088_001,405,307,307,0,9,298,LISTAS,,
74269,07_089_001,1050,755,754,0,4,750,LISTAS,,
77623,07_090_001,952,549,549,0,11,538,LISTAS,,
77625,07_090_002,917,626,625,0,3,622,LISTAS,,
77627,07_090_003,917,516,516,0,1,515,LISTAS,,
77875,07_090_004,1001,560,560,0,4,556,LISTAS,,
75847,07_091_001,1276,663,663,0,4,659,LISTAS,,
75849,07_091_002,501,239,239,0,1,238,LISTAS,,
75851,07_092_001,580,310,310,0,4,306,LISTAS,,
75853,07_092_002,78,37,37,0,1,36,LISTAS,,
74271,07_093_001,608,412,412,0,0,412,LISTAS,,
74273,07_093_002,684,426,426,0,8,418,LISTAS,,
76569,07_094_001,809,508,508,0,6,502,LISTAS,,
76571,07_094_002,824,545,545,0,4,541,LISTAS,,
76573,07_094_003,1085,677,678,0,15,663,LISTAS,,
76575,07_094_004,672,240,240,0,0,240,LISTAS,,
76577,07_094_005,765,508,508,0,5,503,LISTAS,,
76579,07_094_006,798,537,536,0,5,531,LISTAS,,
76581,07_094_007,794,579,579,0,3,576,LISTAS,,
76583,07_094_008,794,585,585,0,6,579,LISTAS,,
76585,07_094_009,879,573,574,0,21,553,LISTAS,,
76587,07_094_010,875,572,572,0,5,567,LISTAS,,
76589,07_094_011,807,514,514,0,6,508,LISTAS,,
76591,07_094_012,858,609,609,0,2,607,LISTAS,,
76593,07_094_013,972,641,641,0,1,640,LISTAS,,
76595,07_094_014,820,573,571,0,3,568,LISTAS,,
76597,07_094_015,693,470,470,0,1,469,LISTAS,,
76599,07_094_016,732,510,510,0,3,507,LISTAS,,
76601,07_094_017,769,446,446,0,3,443,LISTAS,,
76603,07_094_018,902,551,550,0,5,545,LISTAS,,
76801,07_094_019,849,552,552,0,1,551,LISTAS,,
76803,07_094_020,857,506,506,0,10,496,LISTAS,,
76805,07_094_021,976,685,684,0,3,681,LISTAS,,
76807,07_094_022,872,559,559,0,5,554,LISTAS,,
76809,07_094_023,1016,695,693,0,6,687,LISTAS,,
76811,07_094_024,634,442,441,0,6,435,LISTAS,,
76813,07_094_025,586,365,364,0,7,357,LISTAS,,
76815,07_094_026,727,487,487,0,6,481,LISTAS,,
76817,07_094_027,893,643,643,0,5,638,LISTAS,,
76819,07_094_028,729,519,519,0,4,515,LISTAS,,
77629,07_094_029,895,542,542,0,0,542,LISTAS,,
77631,07_094_030,1122,704,707,0,30,677,LISTAS,,
77633,07_094_031,834,555,555,0,3,552,LISTAS,,
77635,07_094_032,942,625,625,0,6,619,LISTAS,,
76821,07_094_033,706,461,461,0,2,459,LISTAS,,
76823,07_094_034,1103,698,697,0,8,689,LISTAS,,
76825,07_094_035,995,627,627,0,6,621,LISTAS,,
76827,07_094_036,837,529,529,0,1,528,LISTAS,,
76829,07_094_037,863,576,576,0,1,575,LISTAS,,
76831,07_094_038,983,645,645,0,6,639,LISTAS,,
76833,07_094_039,1005,670,668,0,7,661,LISTAS,,
76835,07_094_040,1142,748,749,0,19,730,LISTAS,,
76837,07_094_041,1139,741,740,0,0,740,LISTAS,,
76839,07_094_042,1159,716,716,0,3,713,LISTAS,,
76841,07_094_043,961,702,700,0,5,695,LISTAS,,
76843,07_094_044,1074,678,678,0,2,676,LISTAS,,
76845,07_094_045,766,516,516,0,4,512,LISTAS,,
77637,07_094_046,992,601,601,0,2,599,LISTAS,,
77639,07_094_047,843,581,581,0,6,575,LISTAS,,
77641,07_094_048,1137,806,806,0,1,805,LISTAS,,
77643,07_094_049,1185,830,830,0,5,825,LISTAS,,
76847,07_094_050,849,558,558,0,3,555,LISTAS,,
76849,07_094_051,1264,747,746,0,5,741,LISTAS,,
76851,07_094_052,714,486,486,0,2,484,LISTAS,,
76853,07_094_053,919,636,636,0,3,633,LISTAS,,
76855,07_094_054,1042,723,723,0,6,717,LISTAS,,
76857,07_094_055,740,524,524,0,4,520,LISTAS,,
76859,07_094_056,1774,1514,1510,0,12,1498,LISTAS,,
77061,07_094_057,543,411,410,0,20,390,LISTAS,,
77063,07_094_058,1017,721,722,0,13,709,LISTAS,,
77065,07_094_059,661,478,478,0,2,476,LISTAS,,
77067,07_094_060,575,433,432,0,3,429,LISTAS,,
77069,07_094_061,634,464,464,0,3,461,LISTAS,,
77071,07_094_062,773,565,565,0,2,563,LISTAS,,
77073,07_094_063,905,639,638,0,3,635,LISTAS,,
77075,07_094_064,1007,762,759,0,3,756,LISTAS,,
77077,07_094_065,749,583,583,0,0,583,LISTAS,,
77079,07_094_066,1221,911,912,0,19,893,LISTAS,,
77081,07_094_067,1177,832,832,0,2,830,LISTAS,,
77083,07_094_068,938,696,696,0,3,693,LISTAS,,
77085,07_094_069,908,731,731,0,3,728,LISTAS,,
77087,07_094_070,971,739,739,0,4,735,LISTAS,,
77089,07_094_071,705,520,520,0,4,516,LISTAS,,
77091,07_094_072,943,743,744,0,19,725,LISTAS,,
77093,07_094_073,1134,842,839,0,5,834,LISTAS,,
77095,07_094_074,660,436,436,0,4,432,LISTAS,,
77097,07_094_075,379,265,265,0,4,261,LISTAS,,
77099,07_094_076,1248,741,741,0,12,729,LISTAS,,
77101,07_094_077,1031,808,807,0,1,806,LISTAS,,
77103,07_094_078,1054,696,695,0,4,691,LISTAS,,
77105,07_094_079,903,646,646,0,3,643,LISTAS,,
77107,07_094_080,1047,763,763,0,5,758,LISTAS,,
77109,07_094_081,916,588,588,0,3,585,LISTAS,,
77645,07_094_082,586,394,394,0,0,394,LISTAS,,
77647,07_094_083,818,608,608,0,74,534,LISTAS,,
77649,07_094_084,683,432,432,0,3,429,LISTAS,,
77851,07_094_085,963,674,674,0,1,673,LISTAS,,
77853,07_094_086,731,439,439,0,0,439,LISTAS,,
77855,07_094_087,1116,744,744,0,2,742,LISTAS,,
77857,07_094_088,780,550,550,0,7,543,LISTAS,,
77859,07_094_089,1207,762,762,0,1,761,LISTAS,,
77861,07_094_090,1272,843,841,0,3,838,LISTAS,,
77863,07_094_091,1370,1033,1032,0,10,1022,LISTAS,,
77111,07_094_092,209,144,144,0,1,143,LISTAS,,
74275,07_095_001,738,475,474,0,2,472,LISTAS,,
75855,07_096_001,698,401,401,0,1,400,LISTAS,,
75857,07_096_002,656,363,362,0,3,359,LISTAS,,
74277,07_097_001,1376,926,926,0,5,921,LISTAS,,
74279,07_098_001,325,233,233,0,2,231,LISTAS,,
77865,07_099_001,889,563,563,0,2,561,LISTAS,,
77867,07_099_002,957,569,568,0,3,565,LISTAS,,
75859,07_100_001,704,402,402,0,3,399,LISTAS,,
74281,07_101_001,689,426,426,0,5,421,LISTAS,,
74283,07_101_002,691,406,406,0,3,403,LISTAS,,
74285,07_101_003,547,366,366,0,1,365,LISTAS,,
74287,07_102_001,1050,654,654,0,4,650,LISTAS,,
74289,07_102_002,751,494,493,0,4,489,LISTAS,,
74291,07_102_003,917,585,585,0,1,584,LISTAS,,
74293,07_102_004,983,696,696,0,2,694,LISTAS,,
74535,07_102_005,843,575,575,0,2,573,LISTAS,,
74295,07_103_001,645,368,368,0,2,366,LISTAS,,
74297,07_104_001,716,384,384,0,6,378,LISTAS,,
74527,07_104_002,711,405,405,0,5,400,LISTAS,,
74529,07_105_001,738,464,464,0,8,456,LISTAS,,
77869,07_106_001,902,486,486,0,7,479,LISTAS,,
77871,07_106_002,950,562,560,0,1,559,LISTAS,,
74531,07_107_001,775,409,409,0,4,405,LISTAS,,
75861,07_108_001,449,272,272,0,1,271,LISTAS,,
75863,07_108_002,193,106,106,0,3,103,LISTAS,,
75865,07_108_003,352,176,176,0,3,173,LISTAS,,
74617,08_001_001,621,403,403,0,2,401,LISTAS,,
74619,08_001_002,635,411,411,0,3,408,LISTAS,,
74621,08_001_003,698,423,423,0,3,420,LISTAS,,
75381,08_001_004,609,392,392,0,4,388,LISTAS,,
77153,08_002_001,391,295,295,0,4,291,LISTAS,,
77155,08_003_001,714,503,503,0,4,499,LISTAS,,
77953,08_004_001,678,371,371,0,5,366,LISTAS,,
77955,08_004_002,917,573,573,0,3,570,LISTAS,,
77157,08_005_001,228,163,163,0,2,161,LISTAS,,
74623,08_006_001,897,521,521,0,4,517,LISTAS,,
74625,08_006_002,673,427,426,0,7,419,LISTAS,,
77159,08_007_001,950,600,600,0,7,593,LISTAS,,
76399,08_008_001,119,86,86,0,0,86,LISTAS,,
76401,08_009_001,219,157,157,0,7,150,LISTAS,,
76403,08_010_001,856,469,469,0,4,465,LISTAS,,
76405,08_010_002,644,354,354,0,3,351,LISTAS,,
77161,08_011_001,578,300,300,0,4,296,LISTAS,,
77163,08_012_001,545,351,351,0,4,347,LISTAS,,
77165,08_012_002,540,296,296,0,3,293,LISTAS,,
77167,08_013_001,985,629,629,0,5,624,LISTAS,,
77169,08_013_002,994,617,617,0,3,614,LISTAS,,
77171,08_013_003,282,178,178,0,2,176,LISTAS,,
74627,08_014_001,450,262,262,0,1,261,LISTAS,,
74629,08_014_002,414,262,262,0,2,260,LISTAS,,
75387,08_014_003,184,110,110,0,1,109,LISTAS,,
77173,08_015_001,420,215,215,0,4,211,LISTAS,,
77175,08_016_001,264,154,154,0,3,151,LISTAS,,
77177,08_017_001,538,334,334,0,4,330,LISTAS,,
74631,08_018_001,979,552,552,0,1,551,LISTAS,,
76605,08_019_001,782,378,378,0,3,375,LISTAS,,
76607,08_019_002,828,400,400,0,6,394,LISTAS,,
76609,08_019_003,173,101,101,0,1,100,LISTAS,,
77179,08_020_001,875,498,498,0,3,495,LISTAS,,
77181,08_020_002,867,498,498,0,0,498,LISTAS,,
74633,08_021_001,42,34,34,0,1,33,LISTAS,,
77183,08_022_001,466,291,291,0,1,290,LISTAS,,
77185,08_023_001,442,272,272,0,4,268,LISTAS,,
77187,08_024_001,172,122,122,0,0,122,LISTAS,,
77387,08_025_001,26,18,18,0,0,18,LISTAS,,
77389,08_026_001,402,271,271,0,2,269,LISTAS,,
77391,08_027_001,1105,721,721,0,3,718,LISTAS,,
77393,08_027_002,1115,807,807,0,3,804,LISTAS,,
77395,08_027_003,1058,679,679,0,3,676,LISTAS,,
77397,08_027_004,1773,1364,1362,0,8,1354,LISTAS,,
77399,08_027_005,1049,716,716,0,4,712,LISTAS,,
77401,08_027_006,1040,753,743,0,4,739,LISTAS,,
77403,08_027_007,1054,697,697,0,4,693,LISTAS,,
77405,08_027_008,1096,705,705,0,2,703,LISTAS,,
74635,08_028_001,633,391,391,0,6,385,LISTAS,,
74637,08_028_002,617,416,416,0,6,410,LISTAS,,
77407,08_029_001,319,193,193,0,1,192,LISTAS,,
77409,08_030_001,498,326,326,0,2,324,LISTAS,,
74639,08_031_001,683,382,382,0,6,376,LISTAS,,
74641,08_031_002,743,440,440,0,3,437,LISTAS,,
74643,08_032_001,197,128,128,0,2,126,LISTAS,,
74645,08_033_001,790,516,516,0,4,512,LISTAS,,
74647,08_033_002,798,523,523,0,3,520,LISTAS,,
74649,08_034_001,578,358,358,0,3,355,LISTAS,,
74651,08_035_001,131,83,83,0,0,83,LISTAS,,
74653,08_035_002,437,255,255,0,2,253,LISTAS,,
74655,08_035_003,576,383,383,0,4,379,LISTAS,,
77957,08_036_001,118,100,100,0,1,99,LISTAS,,
77411,08_037_001,106,86,86,0,2,84,LISTAS,,
77413,08_038_001,448,279,279,0,4,275,LISTAS,,
77959,08_039_001,701,465,465,0,2,463,LISTAS,,
77415,08_040_001,1432,838,838,0,7,831,LISTAS,,
76611,08_041_001,813,514,514,0,3,511,LISTAS,,
76613,08_041_002,703,487,487,0,0,487,LISTAS,,
77417,08_042_001,782,514,514,0,2,512,LISTAS,,
77419,08_042_002,817,485,485,0,3,482,LISTAS,,
77421,08_043_001,393,248,248,0,1,247,LISTAS,,
74657,08_044_001,411,263,263,0,3,260,LISTAS,,
76615,08_045_001,707,429,429,0,4,425,LISTAS,,
76617,08_046_001,104,63,63,0,4,59,LISTAS,,
77961,08_047_001,231,151,151,0,0,151,LISTAS,,
77963,08_048_001,1108,758,756,0,11,745,LISTAS,,
77965,08_048_002,661,476,476,0,1,475,LISTAS,,
77967,08_048_003,846,504,504,0,2,502,LISTAS,,
77969,08_048_004,104,67,67,0,1,66,LISTAS,,
77423,08_049_001,505,322,323,0,9,314,LISTAS,,
77971,08_050_001,504,354,354,0,7,347,LISTAS,,
77973,08_051_001,911,489,489,0,2,487,LISTAS,,
77975,08_051_002,888,556,556,0,4,552,LISTAS,,
77977,08_052_001,917,626,626,0,14,612,LISTAS,,
77979,08_052_002,816,531,531,0,1,530,LISTAS,,
78177,08_052_003,624,444,444,0,2,442,LISTAS,,
78179,08_052_004,687,455,455,0,3,452,LISTAS,,
78181,08_053_001,993,655,655,0,2,653,LISTAS,,
76619,08_054_001,844,434,434,0,2,432,LISTAS,,
76621,08_054_002,858,487,487,0,6,481,LISTAS,,
76623,08_054_003,818,421,421,0,4,417,LISTAS,,
78183,08_055_001,59,53,53,0,3,50,LISTAS,,
77425,08_056_001,1100,712,712,0,7,705,LISTAS,,
77427,08_057_001,333,218,217,0,3,214,LISTAS,,
76625,08_058_001,977,534,533,0,3,530,LISTAS,,
76131,08_059_001,984,636,637,0,17,620,LISTAS,,
76133,08_059_002,1120,624,622,0,0,622,LISTAS,,
76139,08_059_003,1093,668,667,0,5,662,LISTAS,,
76141,08_059_004,1140,649,649,0,4,645,LISTAS,,
76343,08_059_005,1123,575,574,0,6,568,LISTAS,,
76345,08_059_006,800,567,567,0,1,566,LISTAS,,
75869,08_059_007,953,629,626,0,2,624,LISTAS,,
75879,08_059_008,618,362,363,0,10,353,LISTAS,,
75881,08_059_009,2049,1622,1617,0,4,1613,LISTAS,,
76079,08_059_010,869,596,593,0,6,587,LISTAS,,
76135,08_059_011,975,461,459,0,1,458,LISTAS,,
76137,08_059_012,1055,444,444,0,3,441,LISTAS,,
76353,08_059_013,836,629,629,0,5,624,LISTAS,,
75871,08_059_014,957,596,596,0,3,593,LISTAS,,
75873,08_059_015,904,660,660,0,2,658,LISTAS,,
75875,08_059_016,927,641,639,0,2,637,LISTAS,,
75877,08_059_017,1015,683,681,0,2,679,LISTAS,,
76357,08_059_018,836,616,616,0,1,615,LISTAS,,
76355,08_059_019,780,573,573,0,1,572,LISTAS,,
76351,08_059_020,759,556,552,0,2,550,LISTAS,,
76347,08_059_021,1213,759,759,0,3,756,LISTAS,,
76349,08_059_022,1184,829,829,0,2,827,LISTAS,,
76359,08_059_023,1158,790,790,0,5,785,LISTAS,,
76361,08_059_024,1134,762,762,0,4,758,LISTAS,,
76363,08_059_025,1008,757,757,0,4,753,LISTAS,,
76365,08_059_026,949,684,684,0,5,679,LISTAS,,
76081,08_059_027,1173,772,772,0,2,770,LISTAS,,
76083,08_059_028,1234,893,892,0,3,889,LISTAS,,
76085,08_059_029,1146,816,816,0,7,809,LISTAS,,
76087,08_059_030,966,694,694,0,0,694,LISTAS,,
76089,08_059_031,939,640,636,0,3,633,LISTAS,,
76091,08_059_032,959,606,606,0,4,602,LISTAS,,
76099,08_059_033,1030,689,689,0,2,687,LISTAS,,
76369,08_059_034,1081,692,689,0,5,684,LISTAS,,
76367,08_059_035,1107,640,640,0,0,640,LISTAS,,
76371,08_059_036,1116,613,613,0,5,608,LISTAS,,
76373,08_059_037,1161,616,616,0,1,615,LISTAS,,
76375,08_059_038,1057,566,566,0,7,559,LISTAS,,
76093,08_059_039,1182,733,733,0,3,730,LISTAS,,
76113,08_059_040,1243,755,755,0,6,749,LISTAS,,
76637,08_059_041,975,570,570,0,2,568,LISTAS,,
76639,08_059_042,1094,618,618,0,5,613,LISTAS,,
76641,08_059_043,1061,544,544,0,4,540,LISTAS,,
76643,08_059_044,1028,624,624,0,4,620,LISTAS,,
76097,08_059_045,1039,668,668,0,5,663,LISTAS,,
76109,08_059_046,1003,564,564,0,3,561,LISTAS,,
76111,08_059_047,1035,616,616,0,5,611,LISTAS,,
76629,08_059_048,969,553,553,0,5,548,LISTAS,,
76631,08_059_049,995,572,573,0,18,555,LISTAS,,
76633,08_059_050,936,535,535,0,3,532,LISTAS,,
76635,08_059_051,938,573,573,0,3,570,LISTAS,,
76107,08_059_052,1148,823,823,0,3,820,LISTAS,,
76627,08_059_053,1884,1468,1466,0,8,1458,LISTAS,,
77145,08_059_054,1154,787,787,0,8,779,LISTAS,,
76647,08_059_055,1161,569,569,0,5,564,LISTAS,,
76649,08_059_056,1144,679,679,0,4,675,LISTAS,,
76651,08_059_057,1093,669,669,0,2,667,LISTAS,,
76095,08_059_058,1234,763,764,0,17,747,LISTAS,,
76105,08_059_059,1151,771,771,0,6,765,LISTAS,,
76103,08_059_060,1099,672,672,0,2,670,LISTAS,,
76101,08_059_061,1060,742,742,0,0,742,LISTAS,,
76115,08_059_062,1195,752,752,0,4,748,LISTAS,,
76645,08_059_063,1161,698,698,0,6,692,LISTAS,,
77149,08_059_064,1238,798,798,0,5,793,LISTAS,,
76117,08_059_065,1147,677,678,0,19,659,LISTAS,,
76397,08_059_066,1095,691,689,0,2,687,LISTAS,,
76119,08_059_067,1152,710,707,0,3,704,LISTAS,,
76121,08_059_068,963,649,646,0,1,645,LISTAS,,
76123,08_059_069,901,685,685,0,14,671,LISTAS,,
76127,08_059_070,900,668,668,0,2,666,LISTAS,,
76129,08_059_071,834,463,463,0,6,457,LISTAS,,
76657,08_059_072,1156,639,635,0,2,633,LISTAS,,
76659,08_059_073,1123,643,641,0,2,639,LISTAS,,
76661,08_059_074,1115,675,671,0,2,669,LISTAS,,
76125,08_059_075,918,689,689,0,0,689,LISTAS,,
76665,08_059_076,994,659,659,0,8,651,LISTAS,,
76663,08_059_077,1149,795,795,0,7,788,LISTAS,,
76655,08_059_078,881,624,624,0,2,622,LISTAS,,
76653,08_059_079,1010,702,702,0,4,698,LISTAS,,
76667,08_059_080,1107,790,790,0,2,788,LISTAS,,
77147,08_059_081,924,699,698,0,1,697,LISTAS,,
76377,08_059_082,1086,520,520,0,0,520,LISTAS,,
76379,08_059_083,1097,668,668,0,3,665,LISTAS,,
76381,08_059_084,1128,678,678,0,7,671,LISTAS,,
76383,08_059_085,1109,652,652,0,4,648,LISTAS,,
76385,08_059_086,1067,712,712,0,3,709,LISTAS,,
76395,08_059_087,1058,677,677,0,4,673,LISTAS,,
76387,08_059_088,1206,796,796,0,3,793,LISTAS,,
77143,08_059_089,1053,676,675,0,1,674,LISTAS,,
76865,08_059_090,1205,818,813,0,1,812,LISTAS,,
76861,08_059_091,1142,807,806,0,5,801,LISTAS,,
76867,08_059_092,986,684,683,0,4,679,LISTAS,,
76871,08_059_093,917,630,630,0,4,626,LISTAS,,
77151,08_059_094,1187,756,756,0,2,754,LISTAS,,
76863,08_059_095,1221,839,838,0,10,828,LISTAS,,
76869,08_059_096,1131,762,761,0,4,757,LISTAS,,
76873,08_060_001,427,273,273,0,2,271,LISTAS,,
74835,08_061_001,1287,800,800,0,5,795,LISTAS,,
76875,08_062_001,1169,754,754,0,2,752,LISTAS,,
77429,08_063_001,652,332,332,0,5,327,LISTAS,,
77431,08_064_001,794,316,316,0,0,316,LISTAS,,
77433,08_064_002,819,395,395,0,3,392,LISTAS,,
77435,08_064_003,907,544,544,0,2,542,LISTAS,,
76877,08_065_001,1136,804,804,0,9,795,LISTAS,,
76879,08_065_002,1272,859,859,0,8,851,LISTAS,,
76881,08_065_003,1104,757,757,0,3,754,LISTAS,,
76883,08_065_004,1136,814,814,0,6,808,LISTAS,,
74837,08_066_001,1188,886,886,0,4,882,LISTAS,,
74839,08_067_001,1061,677,677,0,3,674,LISTAS,,
74841,08_067_002,870,579,579,0,4,575,LISTAS,,
74843,08_068_001,1161,696,696,0,0,696,LISTAS,,
74845,08_068_002,1182,717,716,0,3,713,LISTAS,,
74847,08_068_003,120,80,80,0,1,79,LISTAS,,
78185,08_069_001,653,387,387,0,3,384,LISTAS,,
78187,08_069_002,801,530,530,0,0,530,LISTAS,,
74849,08_070_001,887,507,506,0,7,499,LISTAS,,
74851,08_070_002,985,556,556,0,5,551,LISTAS,,
74853,08_070_003,804,452,452,0,2,450,LISTAS,,
78189,08_071_001,1118,825,825,0,4,821,LISTAS,,
74855,08_072_001,945,585,585,0,4,581,LISTAS,,
78191,08_073_001,298,210,210,0,1,209,LISTAS,,
77437,08_074_001,548,345,345,0,4,341,LISTAS,,
77439,08_075_001,252,181,181,0,1,180,LISTAS,,
77441,08_076_001,774,426,426,0,4,422,LISTAS,,
77443,08_076_002,657,408,408,0,2,406,LISTAS,,
77445,08_077_001,1018,634,633,0,2,631,LISTAS,,
74857,08_078_001,822,470,470,0,3,467,LISTAS,,
74859,08_078_002,839,417,417,0,4,413,LISTAS,,
74861,08_078_003,742,407,407,0,5,402,LISTAS,,
74863,08_078_004,857,511,511,0,5,506,LISTAS,,
74865,08_078_005,792,399,399,0,5,394,LISTAS,,
74867,08_078_006,639,335,335,0,6,329,LISTAS,,
74869,08_078_007,205,77,77,0,0,77,LISTAS,,
77447,08_079_001,450,262,262,0,1,261,LISTAS,,
76885,08_080_001,689,386,386,0,3,383,LISTAS,,
76887,08_080_002,382,244,243,0,6,237,LISTAS,,
77449,08_081_001,161,88,88,0,1,87,LISTAS,,
77451,08_081_002,1119,727,727,0,6,721,LISTAS,,
77453,08_081_003,1083,713,713,0,6,707,LISTAS,,
77651,08_081_004,991,674,674,0,5,669,LISTAS,,
77653,08_081_005,1059,695,695,0,4,691,LISTAS,,
77655,08_081_006,1092,684,683,0,3,680,LISTAS,,
77657,08_081_007,1003,644,644,0,5,639,LISTAS,,
77659,08_081_008,1077,708,708,0,5,703,LISTAS,,
77661,08_081_009,908,543,543,0,7,536,LISTAS,,
74871,08_082_001,671,359,359,0,1,358,LISTAS,,
74873,08_082_002,930,508,507,0,5,502,LISTAS,,
74875,08_082_003,203,106,106,0,2,104,LISTAS,,
77663,08_083_001,173,127,127,0,0,127,LISTAS,,
76389,08_084_001,693,504,504,0,7,497,LISTAS,,
74877,08_085_001,293,210,210,0,4,206,LISTAS,,
77665,08_086_001,626,434,434,0,3,431,LISTAS,,
77667,08_087_001,792,418,418,0,3,415,LISTAS,,
77669,08_087_002,845,461,461,0,1,460,LISTAS,,
77671,08_088_001,1098,690,690,0,2,688,LISTAS,,
77673,08_088_002,1073,657,657,0,1,656,LISTAS,,
78193,08_089_001,874,597,597,0,1,596,LISTAS,,
78195,08_089_002,806,541,541,0,2,539,LISTAS,,
74879,08_090_001,964,659,659,0,8,651,LISTAS,,
76889,08_091_001,450,257,257,0,3,254,LISTAS,,
74881,08_092_001,671,394,394,0,4,390,LISTAS,,
74883,08_092_002,700,389,389,0,1,388,LISTAS,,
74885,08_093_001,1028,587,587,0,6,581,LISTAS,,
74887,08_093_002,676,365,365,0,0,365,LISTAS,,
74889,08_093_003,792,456,456,0,2,454,LISTAS,,
74891,08_094_001,572,415,415,0,6,409,LISTAS,,
78197,08_095_001,1152,752,752,0,6,746,LISTAS,,
77675,08_096_001,82,51,51,0,1,50,LISTAS,,
77677,08_097_001,399,214,214,0,2,212,LISTAS,,
77679,08_098_001,396,212,212,0,3,209,LISTAS,,
74893,08_099_001,670,388,388,0,3,385,LISTAS,,
75379,08_099_002,703,413,413,0,3,410,LISTAS,,
74895,08_100_001,487,305,305,0,10,295,LISTAS,,
76891,08_101_001,775,449,449,0,7,442,LISTAS,,
77681,08_102_001,69,52,52,0,0,52,LISTAS,,
77683,08_103_001,920,658,658,0,4,654,LISTAS,,
74897,08_104_001,794,549,548,0,4,544,LISTAS,,
74899,08_104_002,816,443,443,0,4,439,LISTAS,,
75097,08_104_003,813,522,519,0,2,517,LISTAS,,
75099,08_104_004,989,645,645,0,1,644,LISTAS,,
75101,08_104_005,962,560,560,0,1,559,LISTAS,,
75103,08_104_006,815,495,493,0,13,480,LISTAS,,
75105,08_104_007,873,467,467,0,1,466,LISTAS,,
75107,08_104_008,808,502,502,0,3,499,LISTAS,,
75109,08_104_009,816,462,462,0,1,461,LISTAS,,
75111,08_104_010,923,536,536,0,3,533,LISTAS,,
75113,08_104_011,899,486,486,0,3,483,LISTAS,,
75115,08_104_012,752,499,499,0,3,496,LISTAS,,
75117,08_104_013,923,584,584,0,7,577,LISTAS,,
75119,08_104_014,865,537,536,0,2,534,LISTAS,,
75121,08_104_015,738,499,498,0,1,497,LISTAS,,
75123,08_104_016,778,500,500,0,4,496,LISTAS,,
75125,08_104_017,948,556,556,0,3,553,LISTAS,,
75127,08_104_018,869,541,540,0,5,535,LISTAS,,
75129,08_104_019,940,508,508,0,2,506,LISTAS,,
75131,08_104_020,835,481,481,0,0,481,LISTAS,,
75133,08_104_021,819,441,441,0,5,436,LISTAS,,
75135,08_104_022,906,511,511,0,3,508,LISTAS,,
75137,08_104_023,796,433,433,0,1,432,LISTAS,,
75139,08_104_024,1494,1123,1122,0,5,1117,LISTAS,,
75141,08_104_025,787,383,383,0,2,381,LISTAS,,
75143,08_104_026,887,493,492,0,0,492,LISTAS,,
75145,08_104_027,854,497,497,0,3,494,LISTAS,,
75147,08_104_028,918,528,529,0,19,510,LISTAS,,
75149,08_104_029,803,470,470,0,3,467,LISTAS,,
75383,08_104_030,855,527,527,0,1,526,LISTAS,,
75151,08_105_001,946,563,563,0,6,557,LISTAS,,
75153,08_105_002,1048,572,572,0,4,568,LISTAS,,
75155,08_106_001,677,382,382,0,0,382,LISTAS,,
75377,08_106_002,676,378,378,0,2,376,LISTAS,,
77685,08_107_001,677,426,426,0,3,423,LISTAS,,
76391,08_108_001,759,540,540,0,2,538,LISTAS,,
78199,08_109_001,760,489,489,0,2,487,LISTAS,,
78201,08_109_002,784,510,510,0,2,508,LISTAS,,
78203,08_110_001,805,485,485,0,6,479,LISTAS,,
76893,08_111_001,643,336,336,0,3,333,LISTAS,,
76895,08_111_002,863,451,451,0,0,451,LISTAS,,
78205,08_112_001,182,127,127,0,1,126,LISTAS,,
76897,08_113_001,374,261,261,0,4,257,LISTAS,,
76899,08_114_001,903,606,606,0,3,603,LISTAS,,
76901,08_114_002,908,550,550,0,3,547,LISTAS,,
76903,08_114_003,1099,746,744,0,11,733,LISTAS,,
76905,08_114_004,432,268,268,0,2,266,LISTAS,,
77687,08_115_001,726,464,464,0,3,461,LISTAS,,
75157,08_116_001,826,498,497,0,4,493,LISTAS,,
75159,08_116_002,778,486,485,0,0,485,LISTAS,,
75357,08_116_003,776,455,455,0,2,453,LISTAS,,
76907,08_117_001,1018,539,537,0,8,529,LISTAS,,
76909,08_117_002,706,417,417,0,5,412,LISTAS,,
76911,08_117_003,861,517,517,0,6,511,LISTAS,,
76913,08_117_004,170,130,130,0,2,128,LISTAS,,
77689,08_118_001,331,198,198,0,0,198,LISTAS,,
77691,08_119_001,239,158,158,0,3,155,LISTAS,,
76915,08_120_001,785,457,457,0,0,457,LISTAS,,
78207,08_121_001,1154,731,731,0,4,727,LISTAS,,
78209,08_122_001,837,598,598,0,3,595,LISTAS,,
76917,08_123_001,808,469,469,0,6,463,LISTAS,,
76919,08_123_002,876,516,516,0,2,514,LISTAS,,
76921,08_123_003,280,145,145,0,0,145,LISTAS,,
78211,08_124_001,280,191,191,0,0,191,LISTAS,,
77693,08_125_001,88,63,63,0,0,63,LISTAS,,
77695,08_126_001,213,167,167,0,4,163,LISTAS,,
75359,08_127_001,518,352,352,0,5,347,LISTAS,,
75361,08_128_001,491,313,314,0,14,300,LISTAS,,
75363,08_128_002,682,455,455,0,3,452,LISTAS,,
75365,08_128_003,461,261,261,0,2,259,LISTAS,,
76923,08_129_001,991,610,610,0,5,605,LISTAS,,
77697,08_130_001,412,225,225,0,1,224,LISTAS,,
77699,08_131_001,498,317,317,0,0,317,LISTAS,,
77701,08_132_001,617,430,430,0,6,424,LISTAS,,
77703,08_133_001,1023,572,572,0,6,566,LISTAS,,
77705,08_133_002,1000,595,595,0,3,592,LISTAS,,
77707,08_134_001,853,538,538,0,5,533,LISTAS,,
77709,08_135_001,74,54,54,0,2,52,LISTAS,,
77711,08_136_001,374,256,256,0,4,252,LISTAS,,
77713,08_137_001,444,284,284,0,3,281,LISTAS,,
77715,08_138_001,119,93,93,0,0,93,LISTAS,,
77915,08_139_001,825,533,533,0,6,527,LISTAS,,
75367,08_140_001,146,104,104,0,1,103,LISTAS,,
77917,08_141_001,247,167,167,0,1,166,LISTAS,,
78213,08_142_001,305,237,237,0,1,236,LISTAS,,
76925,08_143_001,445,247,247,0,5,242,LISTAS,,
76927,08_144_001,263,165,165,0,0,165,LISTAS,,
78215,08_145_001,351,225,225,0,1,224,LISTAS,,
78217,08_146_001,503,310,310,0,3,307,LISTAS,,
78219,08_146_002,195,152,152,0,5,147,LISTAS,,
78221,08_146_003,90,57,57,0,0,57,LISTAS,,
77123,08_147_001,258,173,173,0,2,171,LISTAS,,
77919,08_148_001,245,149,149,0,4,145,LISTAS,,
77125,08_149_001,921,563,563,0,8,555,LISTAS,,
78223,08_150_001,943,514,530,0,86,444,LISTAS,,
78225,08_150_002,1063,605,605,0,7,598,LISTAS,,
78227,08_150_003,1076,648,648,0,3,645,LISTAS,,
78229,08_150_004,1029,720,720,0,3,717,LISTAS,,
78231,08_150_005,832,559,559,0,7,552,LISTAS,,
78233,08_150_006,949,629,629,0,7,622,LISTAS,,
78235,08_150_007,1094,773,773,0,11,762,LISTAS,,
78237,08_150_008,863,549,549,0,2,547,LISTAS,,
78239,08_150_009,1099,733,733,0,2,731,LISTAS,,
78241,08_150_010,848,502,502,0,0,502,LISTAS,,
74299,08_150_011,922,545,545,0,2,543,LISTAS,,
74301,08_150_012,948,601,601,0,3,598,LISTAS,,
74303,08_150_013,894,495,493,0,5,488,LISTAS,,
74305,08_150_014,867,557,556,0,0,556,LISTAS,,
74307,08_150_015,889,540,539,0,7,532,LISTAS,,
74309,08_150_016,1064,652,651,0,2,649,LISTAS,,
74311,08_150_017,692,485,485,0,3,482,LISTAS,,
74313,08_150_018,719,463,463,0,3,460,LISTAS,,
74315,08_150_019,1027,683,683,0,4,679,LISTAS,,
74317,08_150_020,1354,886,886,0,4,882,LISTAS,,
74319,08_150_021,891,590,590,0,2,588,LISTAS,,
74321,08_150_022,1147,753,753,0,6,747,LISTAS,,
74323,08_150_023,778,424,424,0,3,421,LISTAS,,
74325,08_150_024,631,361,361,0,6,355,LISTAS,,
74327,08_150_025,1743,1384,1371,0,8,1363,LISTAS,,
74329,08_150_026,713,482,482,0,2,480,LISTAS,,
74331,08_150_027,1000,560,560,0,6,554,LISTAS,,
74333,08_150_028,1191,755,755,0,14,741,LISTAS,,
74335,08_150_029,825,478,478,0,3,475,LISTAS,,
74337,08_150_030,1081,670,670,0,2,668,LISTAS,,
74339,08_150_031,981,625,625,0,10,615,LISTAS,,
74341,08_150_032,1088,764,762,0,7,755,LISTAS,,
74343,08_150_033,994,618,618,0,6,612,LISTAS,,
74345,08_150_034,897,606,605,0,5,600,LISTAS,,
74347,08_150_035,1171,804,804,0,1,803,LISTAS,,
74349,08_150_036,1071,677,677,0,4,673,LISTAS,,
74351,08_150_037,965,635,635,0,6,629,LISTAS,,
74353,08_150_038,975,722,722,0,9,713,LISTAS,,
74355,08_150_039,1107,743,743,0,3,740,LISTAS,,
74357,08_150_040,1039,805,805,0,6,799,LISTAS,,
74359,08_150_041,833,629,628,0,5,623,LISTAS,,
74361,08_150_042,1023,721,721,0,3,718,LISTAS,,
74363,08_150_043,977,659,661,0,4,657,LISTAS,,
74591,08_150_044,704,501,501,0,2,499,LISTAS,,
74593,08_150_045,741,463,463,0,4,459,LISTAS,,
74609,08_150_046,1038,690,690,0,5,685,LISTAS,,
74611,08_150_047,1333,870,871,0,16,855,LISTAS,,
74613,08_150_048,1016,692,692,0,4,688,LISTAS,,
74615,08_150_049,753,380,380,0,5,375,LISTAS,,
74595,08_151_001,645,465,465,0,3,462,LISTAS,,
74597,08_152_001,997,671,671,0,0,671,LISTAS,,
77921,08_153_001,239,170,170,0,4,166,LISTAS,,
74599,08_154_001,360,206,206,0,5,201,LISTAS,,
77923,08_155_001,1069,641,641,0,3,638,LISTAS,,
77925,08_155_002,700,434,434,0,3,431,LISTAS,,
77927,08_156_001,748,476,476,0,7,469,LISTAS,,
77127,08_157_001,669,388,387,0,4,383,LISTAS,,
77929,08_158_001,1093,597,597,0,3,594,LISTAS,,
77931,08_159_001,565,352,352,0,1,351,LISTAS,,
77129,08_160_001,318,188,188,0,5,183,LISTAS,,
77131,08_161_001,569,356,356,0,1,355,LISTAS,,
77133,08_162_001,734,395,395,0,6,389,LISTAS,,
77933,08_163_001,166,114,114,0,3,111,LISTAS,,
77135,08_164_001,1236,710,710,0,3,707,LISTAS,,
77935,08_165_001,1097,471,471,0,2,469,LISTAS,,
77937,08_165_002,1052,575,575,0,6,569,LISTAS,,
77939,08_165_003,1114,632,632,0,4,628,LISTAS,,
77137,08_166_001,775,438,438,0,3,435,LISTAS,,
77139,08_166_002,708,419,419,0,1,418,LISTAS,,
74601,08_167_001,285,170,170,0,2,168,LISTAS,,
74603,08_168_001,804,486,486,0,4,482,LISTAS,,
75369,08_169_001,657,363,363,0,6,357,LISTAS,,
77941,08_170_001,55,42,42,0,0,42,LISTAS,,
77943,08_171_001,418,273,273,0,0,273,LISTAS,,
75371,08_172_001,1200,812,812,0,6,806,LISTAS,,
75373,08_173_001,327,196,196,0,2,194,LISTAS,,
77945,08_174_001,137,101,101,0,2,99,LISTAS,,
77947,08_175_001,748,546,546,0,6,540,LISTAS,,
77141,08_176_001,806,528,528,0,2,526,LISTAS,,
76393,08_177_001,150,101,101,0,1,100,LISTAS,,
77949,08_178_001,1078,666,666,0,7,659,LISTAS,,
74605,08_179_001,311,220,220,0,1,219,LISTAS,,
77951,08_180_001,120,85,85,0,0,85,LISTAS,,
74607,08_181_001,545,331,331,0,1,330,LISTAS,,
75375,08_182_001,441,216,216,0,3,213,LISTAS,,
75385,08_183_001,368,196,196,0,2,194,LISTAS,,
76421,09_001_001,725,404,402,0,8,394,LISTAS,,
76423,09_001_002,653,350,350,0,4,346,LISTAS,,
76979,09_002_001,425,267,267,0,1,266,LISTAS,,
76425,09_003_001,930,502,502,0,13,489,LISTAS,,
76427,09_003_002,941,390,390,0,26,364,LISTAS,,
76981,09_004_001,1029,626,626,0,11,615,LISTAS,,
74105,09_005_001,1001,654,653,0,4,649,LISTAS,,
74107,09_005_002,778,504,504,0,1,503,LISTAS,,
74109,09_005_003,913,644,644,0,3,641,LISTAS,,
74111,09_005_004,853,544,544,0,5,539,LISTAS,,
74113,09_005_005,746,480,480,0,3,477,LISTAS,,
74115,09_005_006,814,450,450,0,36,414,LISTAS,,
74117,09_005_007,856,591,589,0,6,583,LISTAS,,
74119,09_005_008,962,594,594,0,2,592,LISTAS,,
74121,09_005_009,1018,512,512,0,5,507,LISTAS,,
74123,09_005_010,767,395,395,0,5,390,LISTAS,,
74125,09_005_011,1005,443,443,0,8,435,LISTAS,,
74127,09_005_012,886,472,472,0,7,465,LISTAS,,
74129,09_005_013,944,511,511,0,4,507,LISTAS,,
74131,09_005_014,848,511,511,0,4,507,LISTAS,,
74133,09_005_015,831,492,492,0,1,491,LISTAS,,
74135,09_005_016,870,489,489,0,7,482,LISTAS,,
74137,09_005_017,84,34,34,0,0,34,LISTAS,,
77755,09_006_001,659,365,365,0,2,363,LISTAS,,
77757,09_006_002,722,374,374,0,3,371,LISTAS,,
77759,09_006_003,749,410,410,0,2,408,LISTAS,,
76983,09_007_001,254,149,149,0,1,148,LISTAS,,
76985,09_008_001,742,343,343,0,5,338,LISTAS,,
76987,09_008_002,749,413,413,0,4,409,LISTAS,,
76989,09_009_001,1784,1376,1372,0,11,1361,LISTAS,,
76991,09_009_002,675,439,439,0,2,437,LISTAS,,
76993,09_009_003,692,411,411,0,2,409,LISTAS,,
77189,09_009_004,914,506,505,0,2,503,LISTAS,,
77191,09_009_005,710,338,338,0,5,333,LISTAS,,
77193,09_009_006,843,366,366,0,4,362,LISTAS,,
77195,09_009_007,783,516,516,0,4,512,LISTAS,,
77197,09_009_008,706,314,314,0,2,312,LISTAS,,
77199,09_009_009,831,569,569,0,3,566,LISTAS,,
77201,09_009_010,690,408,407,0,3,404,LISTAS,,
77203,09_009_011,828,538,538,0,1,537,LISTAS,,
77205,09_009_012,681,475,475,0,2,473,LISTAS,,
77207,09_009_013,990,554,554,0,4,550,LISTAS,,
77209,09_009_014,621,432,432,0,2,430,LISTAS,,
77211,09_009_015,751,401,401,0,2,399,LISTAS,,
77213,09_009_016,766,373,373,0,2,371,LISTAS,,
77215,09_010_001,168,103,103,0,0,103,LISTAS,,
77217,09_011_001,683,434,434,0,3,431,LISTAS,,
77219,09_011_002,616,390,390,0,4,386,LISTAS,,
77221,09_011_003,615,352,352,0,12,340,LISTAS,,
77223,09_011_004,766,423,423,0,31,392,LISTAS,,
77225,09_011_005,692,388,388,0,9,379,LISTAS,,
77227,09_012_001,660,362,362,0,4,358,LISTAS,,
77229,09_012_002,698,300,300,0,6,294,LISTAS,,
77231,09_012_003,741,380,380,0,7,373,LISTAS,,
77233,09_013_001,780,432,432,0,14,418,LISTAS,,
76429,09_014_001,1283,774,774,0,5,769,LISTAS,,
76431,09_014_002,1156,727,726,0,2,724,LISTAS,,
77235,09_015_001,403,220,220,0,31,189,LISTAS,,
77237,09_016_001,727,337,337,0,2,335,LISTAS,,
77239,09_016_002,772,353,353,0,1,352,LISTAS,,
77241,09_016_003,41,25,25,0,0,25,LISTAS,,
77243,09_017_001,510,242,242,0,1,241,LISTAS,,
75389,09_018_001,459,296,296,0,5,291,LISTAS,,
76433,09_018_002,723,253,253,0,7,246,LISTAS,,
76435,09_018_003,1463,893,893,0,8,885,LISTAS,,
76437,09_018_004,1161,717,717,0,0,717,LISTAS,,
76439,09_018_005,1118,562,562,0,4,558,LISTAS,,
76441,09_018_006,964,357,357,0,1,356,LISTAS,,
76443,09_018_007,1459,871,871,0,15,856,LISTAS,,
76445,09_018_008,1453,849,847,0,3,844,LISTAS,,
76447,09_018_009,1429,990,990,0,7,983,LISTAS,,
76449,09_018_010,1357,885,884,0,3,881,LISTAS,,
76451,09_018_011,1208,819,819,0,4,815,LISTAS,,
76453,09_018_012,1449,936,936,0,3,933,LISTAS,,
76455,09_018_013,1332,887,887,0,5,882,LISTAS,,
76457,09_018_014,1380,967,964,0,3,961,LISTAS,,
76459,09_018_015,1401,1002,1000,0,4,996,LISTAS,,
75909,09_018_016,1382,808,807,0,6,801,LISTAS,,
75911,09_018_017,1345,761,758,0,7,751,LISTAS,,
75913,09_018_018,2140,1628,1613,0,10,1603,LISTAS,,
75915,09_018_019,1127,664,664,0,4,660,LISTAS,,
75917,09_018_020,1199,733,731,0,2,729,LISTAS,,
75919,09_018_021,1133,658,658,0,2,656,LISTAS,,
75921,09_018_022,1399,870,870,0,7,863,LISTAS,,
75923,09_018_023,1350,825,825,0,5,820,LISTAS,,
75925,09_018_024,1412,1009,1009,0,2,1007,LISTAS,,
75927,09_018_025,1371,802,799,0,8,791,LISTAS,,
75929,09_018_026,876,376,376,0,4,372,LISTAS,,
75931,09_018_027,841,291,291,0,1,290,LISTAS,,
75933,09_018_028,1447,601,601,0,4,597,LISTAS,,
75935,09_018_029,985,590,590,0,3,587,LISTAS,,
75937,09_018_030,1056,599,598,0,5,593,LISTAS,,
75939,09_018_031,1420,931,931,0,5,926,LISTAS,,
75941,09_018_032,1342,919,920,0,15,905,LISTAS,,
75943,09_018_033,1431,854,854,0,5,849,LISTAS,,
75945,09_018_034,1380,939,939,0,3,936,LISTAS,,
75947,09_018_035,1445,969,969,0,4,965,LISTAS,,
76143,09_018_036,1080,487,487,0,6,481,LISTAS,,
76145,09_018_037,1370,655,654,0,6,648,LISTAS,,
76147,09_018_038,1421,635,635,0,5,630,LISTAS,,
76149,09_018_039,914,616,616,0,3,613,LISTAS,,
76151,09_018_040,1182,714,714,0,4,710,LISTAS,,
76153,09_018_041,1431,860,860,0,8,852,LISTAS,,
76155,09_018_042,1466,902,900,0,6,894,LISTAS,,
76157,09_018_043,1330,837,836,0,4,832,LISTAS,,
76159,09_018_044,1461,975,975,0,7,968,LISTAS,,
76161,09_018_045,1402,930,929,0,5,924,LISTAS,,
76163,09_018_046,1343,848,848,0,5,843,LISTAS,,
76165,09_018_047,1096,656,653,0,6,647,LISTAS,,
76167,09_018_048,1122,674,674,0,2,672,LISTAS,,
76169,09_018_049,1393,737,737,0,4,733,LISTAS,,
76171,09_018_050,1015,383,383,0,6,377,LISTAS,,
76173,09_018_051,1036,535,537,0,8,529,LISTAS,,
76175,09_018_052,856,510,510,0,2,508,LISTAS,,
76177,09_018_053,1077,725,723,0,3,720,LISTAS,,
76179,09_018_054,1333,791,791,0,7,784,LISTAS,,
76181,09_018_055,1167,790,790,0,5,785,LISTAS,,
76183,09_018_056,845,495,495,0,3,492,LISTAS,,
76185,09_018_057,931,330,330,0,2,328,LISTAS,,
76187,09_018_058,1400,756,756,0,6,750,LISTAS,,
76189,09_018_059,1152,814,815,0,17,798,LISTAS,,
76191,09_018_060,1416,856,855,0,1,854,LISTAS,,
76193,09_018_061,1413,813,810,0,8,802,LISTAS,,
76195,09_018_062,1269,761,761,0,7,754,LISTAS,,
76197,09_018_063,1342,733,733,0,4,729,LISTAS,,
76199,09_018_064,1294,721,719,0,5,714,LISTAS,,
76201,09_018_065,464,265,265,0,2,263,LISTAS,,
76203,09_018_066,1347,715,715,0,5,710,LISTAS,,
76205,09_018_067,1419,840,840,0,5,835,LISTAS,,
76207,09_018_068,1209,764,764,0,3,761,LISTAS,,
76407,09_018_069,1439,829,821,0,6,815,LISTAS,,
76409,09_018_070,1177,690,688,0,4,684,LISTAS,,
76411,09_018_071,1428,922,920,0,2,918,LISTAS,,
75391,09_018_072,527,333,332,0,1,331,LISTAS,,
75393,09_018_073,1081,536,536,0,5,531,LISTAS,,
75395,09_018_074,1441,766,766,0,1,765,LISTAS,,
75397,09_018_075,1429,766,766,0,14,752,LISTAS,,
75399,09_018_076,630,400,398,0,1,397,LISTAS,,
75401,09_018_077,827,593,593,0,6,587,LISTAS,,
75403,09_018_078,1392,955,953,0,6,947,LISTAS,,
75405,09_018_079,1186,676,676,0,6,670,LISTAS,,
75407,09_018_080,1042,573,573,0,2,571,LISTAS,,
75409,09_018_081,2107,1635,1634,0,10,1624,LISTAS,,
75411,09_018_082,1322,791,792,0,17,775,LISTAS,,
75413,09_018_083,803,469,469,0,4,465,LISTAS,,
75415,09_018_084,1393,751,751,0,4,747,LISTAS,,
75417,09_018_085,1379,807,807,0,2,805,LISTAS,,
75419,09_018_086,1393,904,904,0,13,891,LISTAS,,
75421,09_018_087,803,570,570,0,1,569,LISTAS,,
75423,09_018_088,1287,702,702,0,3,699,LISTAS,,
75619,09_018_089,1404,819,819,0,4,815,LISTAS,,
75621,09_018_090,1427,947,947,0,3,944,LISTAS,,
75623,09_018_091,1427,838,834,0,9,825,LISTAS,,
75625,09_018_092,1316,823,823,0,1,822,LISTAS,,
75627,09_018_093,746,475,475,0,3,472,LISTAS,,
75629,09_018_094,1285,951,951,0,3,948,LISTAS,,
75631,09_018_095,1090,794,794,0,2,792,LISTAS,,
75633,09_018_096,1376,1045,1042,0,4,1038,LISTAS,,
75635,09_018_097,810,509,509,0,7,502,LISTAS,,
75637,09_018_098,1171,758,758,0,2,756,LISTAS,,
75639,09_018_099,1433,958,956,0,5,951,LISTAS,,
75641,09_018_100,1434,840,836,0,6,830,LISTAS,,
75643,09_018_101,1472,922,922,0,5,917,LISTAS,,
75645,09_018_102,1466,900,899,0,3,896,LISTAS,,
75647,09_018_103,805,431,431,0,0,431,LISTAS,,
75649,09_018_104,414,257,257,0,2,255,LISTAS,,
75651,09_018_105,1032,697,696,0,9,687,LISTAS,,
75653,09_018_106,882,720,720,0,7,713,LISTAS,,
75655,09_018_107,1337,749,749,0,3,746,LISTAS,,
75657,09_018_108,215,73,73,0,0,73,LISTAS,,
75659,09_018_109,1397,842,842,0,5,837,LISTAS,,
75661,09_018_110,1065,662,662,0,8,654,LISTAS,,
75663,09_018_111,1421,955,955,0,7,948,LISTAS,,
75665,09_018_112,1257,726,726,0,13,713,LISTAS,,
75667,09_018_113,1148,788,788,0,4,784,LISTAS,,
75669,09_018_114,1387,818,817,0,5,812,LISTAS,,
75671,09_018_115,1069,453,452,0,5,447,LISTAS,,
75673,09_018_116,1048,718,718,0,4,714,LISTAS,,
75675,09_018_117,832,643,643,0,3,640,LISTAS,,
75677,09_018_118,1363,1016,1015,0,6,1009,LISTAS,,
75679,09_018_119,935,633,633,0,2,631,LISTAS,,
75681,09_018_120,1327,825,825,0,10,815,LISTAS,,
75683,09_018_121,1320,830,830,0,5,825,LISTAS,,
75883,09_018_122,1408,862,862,0,6,856,LISTAS,,
75885,09_018_123,1416,961,961,0,1,960,LISTAS,,
76413,09_018_124,887,516,515,0,4,511,LISTAS,,
75887,09_018_125,790,519,519,0,2,517,LISTAS,,
75889,09_018_126,1177,757,757,0,2,755,LISTAS,,
75891,09_018_127,952,670,669,0,5,664,LISTAS,,
75893,09_018_128,1223,909,909,0,6,903,LISTAS,,
75895,09_018_129,883,569,569,0,2,567,LISTAS,,
75897,09_018_130,391,145,145,0,2,143,LISTAS,,
76461,09_018_131,1558,1200,1196,0,3,1193,LISTAS,,
76463,09_018_132,467,320,320,0,1,319,LISTAS,,
76415,09_018_133,1140,786,786,0,4,782,LISTAS,,
75899,09_018_134,896,491,491,0,6,485,LISTAS,,
75901,09_018_135,1203,755,755,0,1,754,LISTAS,,
75903,09_018_136,908,517,517,0,0,517,LISTAS,,
75905,09_018_137,825,469,469,0,1,468,LISTAS,,
75907,09_018_138,1156,664,664,0,3,661,LISTAS,,
76417,09_018_139,1324,672,672,0,2,670,LISTAS,,
76419,09_018_140,1125,597,596,0,2,594,LISTAS,,
77245,09_019_001,970,502,502,0,8,494,LISTAS,,
77247,09_019_002,971,383,383,0,5,378,LISTAS,,
77249,09_019_003,875,549,549,0,1,548,LISTAS,,
77251,09_019_004,947,494,494,0,3,491,LISTAS,,
77455,09_019_005,891,499,499,0,2,497,LISTAS,,
77457,09_019_006,1031,610,609,0,6,603,LISTAS,,
77459,09_019_007,927,578,578,0,3,575,LISTAS,,
77461,09_019_008,375,164,164,0,2,162,LISTAS,,
77761,09_020_001,971,526,526,0,1,525,LISTAS,,
77763,09_020_002,907,471,471,0,2,469,LISTAS,,
77765,09_020_003,1007,583,583,0,3,580,LISTAS,,
77767,09_020_004,840,442,442,0,7,435,LISTAS,,
77769,09_021_001,667,214,214,0,6,208,LISTAS,,
77771,09_021_002,648,316,317,0,5,312,LISTAS,,
77773,09_021_003,721,417,417,0,3,414,LISTAS,,
77775,09_021_004,736,336,337,0,11,326,LISTAS,,
77777,09_021_005,761,390,390,0,2,388,LISTAS,,
77779,09_021_006,502,202,202,0,4,198,LISTAS,,
77781,09_021_007,139,67,67,0,1,66,LISTAS,,
77751,09_022_001,1110,578,578,0,5,573,LISTAS,,
74139,09_023_001,262,139,139,0,1,138,LISTAS,,
77783,09_024_001,846,462,462,0,3,459,LISTAS,,
77785,09_024_002,859,512,512,0,2,510,LISTAS,,
77981,09_024_003,829,420,420,0,2,418,LISTAS,,
77983,09_024_004,849,493,493,0,3,490,LISTAS,,
77463,09_025_001,940,496,496,0,5,491,LISTAS,,
76465,09_026_001,417,226,226,0,1,225,LISTAS,,
76467,09_026_002,388,203,203,0,1,202,LISTAS,,
76975,09_026_003,422,231,231,0,3,228,LISTAS,,
76977,09_026_004,181,110,110,0,1,109,LISTAS,,
77465,09_027_001,664,320,320,0,5,315,LISTAS,,
74141,09_028_001,933,498,498,0,2,496,LISTAS,,
74143,09_028_002,1019,510,510,0,6,504,LISTAS,,
74145,09_028_003,59,27,27,0,1,26,LISTAS,,
77467,09_029_001,849,426,426,0,14,412,LISTAS,,
77469,09_029_002,760,412,412,0,9,403,LISTAS,,
74147,09_030_001,1109,680,680,0,3,677,LISTAS,,
74149,09_030_002,1000,645,645,0,3,642,LISTAS,,
74151,09_030_003,649,322,322,0,3,319,LISTAS,,
74153,09_030_004,1199,700,700,0,6,694,LISTAS,,
74155,09_030_005,1059,668,668,0,9,659,LISTAS,,
74157,09_030_006,1189,631,631,0,4,627,LISTAS,,
74365,09_030_007,750,270,270,0,4,266,LISTAS,,
74367,09_030_008,216,114,114,0,1,113,LISTAS,,
74369,09_030_009,1155,504,503,0,1,502,LISTAS,,
74371,09_030_010,1162,661,661,0,3,658,LISTAS,,
74373,09_030_011,799,489,488,0,3,485,LISTAS,,
74375,09_030_012,1143,794,794,0,5,789,LISTAS,,
74377,09_030_013,701,398,398,0,9,389,LISTAS,,
74379,09_030_014,927,609,609,0,8,601,LISTAS,,
74381,09_030_015,614,378,378,0,5,373,LISTAS,,
74707,09_030_016,1621,1210,1213,0,56,1157,LISTAS,,
74383,09_030_017,852,540,540,0,6,534,LISTAS,,
74385,09_030_018,760,441,441,0,3,438,LISTAS,,
74387,09_030_019,1230,773,773,0,4,769,LISTAS,,
74389,09_030_020,699,408,408,0,1,407,LISTAS,,
74391,09_030_021,1300,771,771,0,13,758,LISTAS,,
74393,09_030_022,950,608,608,0,5,603,LISTAS,,
74395,09_030_023,1006,444,444,0,12,432,LISTAS,,
74397,09_030_024,977,486,486,0,26,460,LISTAS,,
74399,09_030_025,1151,641,639,0,7,632,LISTAS,,
74401,09_030_026,706,290,290,0,6,284,LISTAS,,
74705,09_030_027,679,315,315,0,3,312,LISTAS,,
74403,09_031_001,835,501,501,0,0,501,LISTAS,,
74405,09_031_002,1022,547,547,0,9,538,LISTAS,,
74407,09_031_003,979,630,630,0,2,628,LISTAS,,
74409,09_031_004,992,555,555,0,2,553,LISTAS,,
74411,09_031_005,897,422,422,0,2,420,LISTAS,,
74413,09_031_006,817,450,450,0,3,447,LISTAS,,
74415,09_031_007,821,396,396,0,13,383,LISTAS,,
74417,09_031_008,701,398,398,0,5,393,LISTAS,,
76469,09_032_001,1039,536,536,0,17,519,LISTAS,,
76471,09_032_002,943,355,355,0,7,348,LISTAS,,
76669,09_032_003,1213,591,591,0,5,586,LISTAS,,
76671,09_032_004,1229,634,634,0,16,618,LISTAS,,
76673,09_032_005,1011,446,446,0,15,431,LISTAS,,
76675,09_032_006,1234,575,575,0,7,568,LISTAS,,
76677,09_032_007,1299,797,796,0,4,792,LISTAS,,
76679,09_032_008,1290,763,763,0,2,761,LISTAS,,
76681,09_032_009,121,52,52,0,2,50,LISTAS,,
74419,09_033_001,919,478,478,0,3,475,LISTAS,,
74421,09_033_002,846,388,388,0,3,385,LISTAS,,
74423,09_033_003,900,479,479,0,4,475,LISTAS,,
74425,09_033_004,935,485,485,0,5,480,LISTAS,,
74427,09_033_005,919,456,456,0,8,448,LISTAS,,
74659,09_033_006,928,548,548,0,4,544,LISTAS,,
74661,09_033_007,598,303,303,0,3,300,LISTAS,,
74663,09_033_008,631,275,275,0,2,273,LISTAS,,
74665,09_033_009,605,348,348,0,2,346,LISTAS,,
74667,09_033_010,799,424,424,0,4,420,LISTAS,,
74669,09_033_011,872,437,437,0,5,432,LISTAS,,
74671,09_033_012,865,486,485,0,4,481,LISTAS,,
74673,09_033_013,885,470,470,0,1,469,LISTAS,,
74675,09_033_014,821,466,466,0,3,463,LISTAS,,
74677,09_033_015,832,454,454,0,6,448,LISTAS,,
74679,09_033_016,816,391,391,0,3,388,LISTAS,,
74681,09_033_017,591,334,333,0,6,327,LISTAS,,
74683,09_033_018,340,229,229,0,0,229,LISTAS,,
76683,09_034_001,1264,678,678,0,3,675,LISTAS,,
76685,09_034_002,1167,646,646,0,6,640,LISTAS,,
76687,09_034_003,1129,556,556,0,10,546,LISTAS,,
76689,09_034_004,1089,440,440,0,7,433,LISTAS,,
76691,09_034_005,1289,706,706,0,6,700,LISTAS,,
76693,09_034_006,1089,484,486,0,21,465,LISTAS,,
76695,09_034_007,828,417,417,0,1,416,LISTAS,,
76697,09_034_008,770,314,314,0,3,311,LISTAS,,
76699,09_034_009,620,313,313,0,2,311,LISTAS,,
76701,09_034_010,889,345,345,0,1,344,LISTAS,,
77985,09_035_001,1099,651,651,0,4,647,LISTAS,,
77987,09_035_002,2174,1623,1622,0,5,1617,LISTAS,,
77989,09_035_003,975,598,598,0,6,592,LISTAS,,
77991,09_035_004,900,556,558,0,28,530,LISTAS,,
77993,09_035_005,818,527,527,0,2,525,LISTAS,,
77995,09_035_006,908,553,553,0,3,550,LISTAS,,
77997,09_035_007,778,455,454,0,3,451,LISTAS,,
77999,09_035_008,1105,640,640,0,4,636,LISTAS,,
78001,09_035_009,743,409,408,0,3,405,LISTAS,,
78003,09_035_010,902,565,565,0,1,564,LISTAS,,
78005,09_035_011,869,527,527,0,5,522,LISTAS,,
78007,09_035_012,704,366,366,0,3,363,LISTAS,,
78009,09_035_013,946,461,461,0,5,456,LISTAS,,
78011,09_035_014,881,508,508,0,2,506,LISTAS,,
78013,09_035_015,1003,652,652,0,8,644,LISTAS,,
78015,09_035_016,1174,702,702,0,4,698,LISTAS,,
78017,09_035_017,1081,526,530,0,48,482,LISTAS,,
78019,09_035_018,1176,502,501,0,9,492,LISTAS,,
78021,09_035_019,1151,764,762,0,4,758,LISTAS,,
74101,09_035_020,991,648,646,0,2,644,LISTAS,,
78023,09_036_001,795,393,393,0,6,387,LISTAS,,
78025,09_036_002,821,509,509,0,9,500,LISTAS,,
78027,09_036_003,805,422,422,0,14,408,LISTAS,,
77471,09_037_001,862,433,433,0,21,412,LISTAS,,
78029,09_038_001,1091,670,670,0,2,668,LISTAS,,
78031,09_038_002,190,73,73,0,1,72,LISTAS,,
77473,09_039_001,1193,674,674,0,2,672,LISTAS,,
77475,09_039_002,1147,552,551,0,10,541,LISTAS,,
77477,09_039_003,1053,452,452,0,7,445,LISTAS,,
77479,09_039_004,1091,514,515,0,15,500,LISTAS,,
78033,09_040_001,949,509,510,0,15,495,LISTAS,,
78035,09_040_002,1013,574,574,0,3,571,LISTAS,,
78037,09_040_003,961,467,467,0,6,461,LISTAS,,
78039,09_040_004,1005,573,573,0,10,563,LISTAS,,
78041,09_040_005,1000,589,588,0,1,587,LISTAS,,
77481,09_041_001,983,521,521,0,8,513,LISTAS,,
76703,09_042_001,497,264,264,0,1,263,LISTAS,,
77483,09_043_001,652,335,335,0,0,335,LISTAS,,
77485,09_043_002,636,347,347,0,0,347,LISTAS,,
77487,09_043_003,630,351,351,0,6,345,LISTAS,,
77489,09_043_004,609,288,288,0,0,288,LISTAS,,
77491,09_043_005,641,329,329,0,4,325,LISTAS,,
77493,09_043_006,616,252,252,0,6,246,LISTAS,,
77495,09_043_007,513,241,241,0,0,241,LISTAS,,
77497,09_043_008,101,47,47,0,0,47,LISTAS,,
77499,09_044_001,711,316,316,0,6,310,LISTAS,,
77501,09_044_002,915,511,511,0,1,510,LISTAS,,
77503,09_045_001,667,358,358,0,9,349,LISTAS,,
77505,09_046_001,756,469,467,0,6,461,LISTAS,,
77507,09_046_002,77,52,52,0,0,52,LISTAS,,
76705,09_047_001,976,512,512,0,0,512,LISTAS,,
76707,09_047_002,834,371,371,0,4,367,LISTAS,,
76709,09_047_003,1168,500,500,0,13,487,LISTAS,,
76711,09_047_004,968,346,346,0,6,340,LISTAS,,
76713,09_047_005,761,308,308,0,4,304,LISTAS,,
76715,09_047_006,876,360,359,0,3,356,LISTAS,,
77509,09_048_001,778,417,417,0,5,412,LISTAS,,
77511,09_049_001,518,286,286,0,3,283,LISTAS,,
77513,09_050_001,525,296,296,0,4,292,LISTAS,,
77515,09_051_001,803,493,493,0,5,488,LISTAS,,
77517,09_051_002,1073,589,589,0,10,579,LISTAS,,
77519,09_051_003,918,558,558,0,2,556,LISTAS,,
77753,09_051_004,741,461,461,0,2,459,LISTAS,,
77521,09_052_001,833,460,460,0,0,460,LISTAS,,
77717,09_052_002,917,503,503,0,3,500,LISTAS,,
78043,09_053_001,1175,667,667,0,8,659,LISTAS,,
78243,09_053_002,1102,666,665,0,3,662,LISTAS,,
77719,09_054_001,971,465,465,0,12,453,LISTAS,,
77721,09_054_002,40,22,22,0,0,22,LISTAS,,
77723,09_055_001,907,404,404,0,3,401,LISTAS,,
77725,09_055_002,910,427,427,0,5,422,LISTAS,,
78245,09_056_001,1040,466,467,0,13,454,LISTAS,,
78247,09_056_002,990,470,470,0,6,464,LISTAS,,
78249,09_056_003,1100,626,625,0,2,623,LISTAS,,
78251,09_056_004,1045,402,402,0,4,398,LISTAS,,
78253,09_056_005,1058,538,538,0,3,535,LISTAS,,
78255,09_056_006,944,421,421,0,3,418,LISTAS,,
78257,09_056_007,941,477,477,0,0,477,LISTAS,,
76717,09_057_001,442,248,248,0,0,248,LISTAS,,
76719,09_057_002,788,433,432,0,8,424,LISTAS,,
76721,09_057_003,625,361,361,0,2,359,LISTAS,,
76723,09_057_004,927,579,579,0,7,572,LISTAS,,
76725,09_057_005,96,43,43,0,2,41,LISTAS,,
76727,09_057_006,173,105,105,0,1,104,LISTAS,,
76729,09_058_001,815,563,562,0,2,560,LISTAS,,
76731,09_058_002,781,447,447,0,3,444,LISTAS,,
76733,09_058_003,718,447,447,0,4,443,LISTAS,,
76929,09_058_004,612,442,442,0,6,436,LISTAS,,
76931,09_058_005,905,616,615,0,8,607,LISTAS,,
76933,09_058_006,1065,650,650,0,7,643,LISTAS,,
76935,09_058_007,762,492,492,0,0,492,LISTAS,,
76937,09_058_008,378,223,223,0,2,221,LISTAS,,
76939,09_059_001,775,424,424,0,0,424,LISTAS,,
76941,09_059_002,837,465,465,0,5,460,LISTAS,,
76943,09_059_003,571,286,286,0,8,278,LISTAS,,
76945,09_059_004,733,401,401,0,2,399,LISTAS,,
76947,09_059_005,86,51,51,0,0,51,LISTAS,,
76949,09_060_001,827,435,435,0,3,432,LISTAS,,
76951,09_060_002,827,431,431,0,4,427,LISTAS,,
77727,09_061_001,889,508,508,0,12,496,LISTAS,,
77729,09_061_002,1050,606,606,0,12,594,LISTAS,,
74685,09_062_001,775,417,418,0,18,400,LISTAS,,
74687,09_062_002,913,524,524,0,4,520,LISTAS,,
74689,09_062_003,878,543,542,0,4,538,LISTAS,,
74691,09_062_004,713,376,376,0,5,371,LISTAS,,
74693,09_062_005,1049,615,615,0,4,611,LISTAS,,
74695,09_062_006,1143,517,549,0,167,382,LISTAS,,
74697,09_062_007,988,421,421,0,11,410,LISTAS,,
78259,09_063_001,832,511,510,0,1,509,LISTAS,,
78261,09_063_002,665,475,475,0,3,472,LISTAS,,
78263,09_063_003,737,496,496,0,3,493,LISTAS,,
78265,09_063_004,806,501,501,0,4,497,LISTAS,,
78267,09_063_005,840,500,499,0,3,496,LISTAS,,
78269,09_063_006,742,422,422,0,7,415,LISTAS,,
78271,09_063_007,798,482,482,0,3,479,LISTAS,,
78273,09_063_008,782,515,515,0,5,510,LISTAS,,
78275,09_063_009,852,576,577,0,15,562,LISTAS,,
78277,09_063_010,684,440,440,0,3,437,LISTAS,,
78279,09_063_011,700,408,408,0,6,402,LISTAS,,
78281,09_063_012,798,449,449,0,10,439,LISTAS,,
78283,09_063_013,844,511,511,0,9,502,LISTAS,,
78285,09_063_014,602,379,379,0,5,374,LISTAS,,
74097,09_063_015,763,390,390,0,10,380,LISTAS,,
74099,09_063_016,820,417,418,0,16,402,LISTAS,,
77731,09_064_001,720,360,360,0,0,360,LISTAS,,
77733,09_065_001,878,529,529,0,2,527,LISTAS,,
77735,09_065_002,939,494,494,0,5,489,LISTAS,,
78287,09_066_001,810,419,419,0,8,411,LISTAS,,
78289,09_066_002,773,439,439,0,4,435,LISTAS,,
78291,09_066_003,768,457,457,0,5,452,LISTAS,,
77737,09_067_001,913,530,529,0,4,525,LISTAS,,
78293,09_068_001,986,484,484,0,7,477,LISTAS,,
78295,09_068_002,89,44,44,0,0,44,LISTAS,,
78297,09_069_001,511,287,287,0,2,285,LISTAS,,
78299,09_069_002,568,334,334,0,6,328,LISTAS,,
76953,09_070_001,1099,569,569,0,8,561,LISTAS,,
76955,09_070_002,1029,444,444,0,3,441,LISTAS,,
76957,09_070_003,982,532,531,0,5,526,LISTAS,,
76959,09_070_004,1039,541,541,0,3,538,LISTAS,,
76961,09_070_005,926,470,470,0,3,467,LISTAS,,
77739,09_071_001,837,491,491,0,2,489,LISTAS,,
78301,09_072_001,661,314,314,0,8,306,LISTAS,,
78303,09_072_002,727,353,353,0,3,350,LISTAS,,
78305,09_072_003,887,428,428,0,6,422,LISTAS,,
78307,09_072_004,782,346,346,0,7,339,LISTAS,,
74095,09_072_005,620,281,282,0,8,274,LISTAS,,
74103,09_072_006,74,46,46,0,1,45,LISTAS,,
74699,09_073_001,615,343,343,0,2,341,LISTAS,,
77741,09_074_001,257,101,101,0,3,98,LISTAS,,
77743,09_075_001,493,275,275,0,5,270,LISTAS,,
76963,09_076_001,800,407,407,0,8,399,LISTAS,,
74701,09_077_001,1217,619,619,0,9,610,LISTAS,,
74703,09_078_001,750,423,423,0,2,421,LISTAS,,
76965,09_079_001,1047,578,578,0,6,572,LISTAS,,
76967,09_079_002,871,520,520,0,7,513,LISTAS,,
76969,09_079_003,814,490,490,0,3,487,LISTAS,,
76971,09_079_004,743,465,465,0,2,463,LISTAS,,
76973,09_079_005,797,514,514,0,5,509,LISTAS,,
77745,09_080_001,962,585,586,0,13,573,LISTAS,,
77747,09_081_001,123,87,87,0,5,82,LISTAS,,
77749,09_082_001,1273,684,684,0,9,675,LISTAS,,
76525,10_001_001,1063,708,708,0,7,701,LISTAS,,
76527,10_001_002,1018,640,638,0,5,633,LISTAS,,
77025,10_002_001,670,353,353,0,5,348,LISTAS,,
77027,10_002_002,733,485,485,0,2,483,LISTAS,,
77029,10_002_003,725,439,439,0,2,437,LISTAS,,
76529,10_003_001,590,390,392,0,19,373,LISTAS,,
74709,10_004_001,1131,832,831,0,4,827,LISTAS,,
74711,10_004_002,1126,726,726,0,9,717,LISTAS,,
77031,10_005_001,751,433,433,0,4,429,LISTAS,,
77033,10_005_002,637,368,368,0,9,359,LISTAS,,
77035,10_005_003,607,376,376,0,7,369,LISTAS,,
77037,10_006_001,716,486,486,0,1,485,LISTAS,,
77039,10_006_002,733,448,448,0,1,447,LISTAS,,
74713,10_007_001,1057,507,507,0,21,486,LISTAS,,
76531,10_008_001,509,323,323,0,7,316,LISTAS,,
77023,10_008_002,392,219,219,0,1,218,LISTAS,,
76533,10_009_001,310,203,201,0,5,196,LISTAS,,
76535,10_010_001,537,321,321,0,0,321,LISTAS,,
74715,10_011_001,696,428,428,0,3,425,LISTAS,,
74717,10_011_002,634,314,314,0,1,313,LISTAS,,
74719,10_011_003,812,386,386,0,10,376,LISTAS,,
76537,10_012_001,816,482,482,0,4,478,LISTAS,,
76539,10_012_002,883,504,504,0,4,500,LISTAS,,
77253,10_012_003,692,392,392,0,2,390,LISTAS,,
77041,10_013_001,1087,596,594,0,6,588,LISTAS,,
77255,10_014_001,616,390,390,0,1,389,LISTAS,,
77043,10_015_001,820,511,511,0,9,502,LISTAS,,
77045,10_015_002,784,488,488,0,1,487,LISTAS,,
77047,10_015_003,786,487,487,0,11,476,LISTAS,,
77257,10_016_001,843,508,509,0,21,488,LISTAS,,
77259,10_017_001,258,152,152,0,0,152,LISTAS,,
77261,10_018_001,611,410,410,0,5,405,LISTAS,,
77049,10_019_001,618,307,307,0,4,303,LISTAS,,
77051,10_019_002,575,229,229,0,1,228,LISTAS,,
77053,10_019_003,592,298,298,0,3,295,LISTAS,,
74721,10_020_001,516,352,352,0,1,351,LISTAS,,
77263,10_021_001,925,539,539,0,3,536,LISTAS,,
77265,10_022_001,738,475,475,0,2,473,LISTAS,,
77267,10_022_002,884,643,643,0,4,639,LISTAS,,
74723,10_023_001,769,359,359,0,10,349,LISTAS,,
77055,10_024_001,916,535,535,0,2,533,LISTAS,,
77057,10_024_002,868,468,467,0,2,465,LISTAS,,
77059,10_024_003,849,505,505,0,3,502,LISTAS,,
74901,10_025_001,762,570,570,0,2,568,LISTAS,,
74903,10_025_002,669,495,495,0,3,492,LISTAS,,
74905,10_025_003,1077,754,742,0,7,735,LISTAS,,
74907,10_025_004,1058,772,772,0,9,763,LISTAS,,
74909,10_025_005,1033,705,705,0,0,705,LISTAS,,
74911,10_025_006,1067,740,740,0,4,736,LISTAS,,
74913,10_025_007,1052,759,759,0,3,756,LISTAS,,
74915,10_025_008,848,612,612,0,2,610,LISTAS,,
74917,10_025_009,848,602,602,0,1,601,LISTAS,,
74919,10_025_010,977,689,689,0,1,688,LISTAS,,
74921,10_025_011,1110,806,806,0,3,803,LISTAS,,
74923,10_025_012,1076,777,777,0,6,771,LISTAS,,
74925,10_025_013,1045,753,753,0,5,748,LISTAS,,
74927,10_025_014,1050,715,715,0,1,714,LISTAS,,
74929,10_025_015,1095,735,735,0,1,734,LISTAS,,
74931,10_025_016,775,583,583,0,1,582,LISTAS,,
74933,10_025_017,653,443,442,0,3,439,LISTAS,,
74935,10_025_018,718,491,491,0,2,489,LISTAS,,
74937,10_025_019,917,607,606,0,4,602,LISTAS,,
74939,10_025_020,543,366,366,0,0,366,LISTAS,,
74941,10_025_021,1078,791,790,0,4,786,LISTAS,,
74943,10_025_022,1136,823,823,0,7,816,LISTAS,,
74945,10_025_023,896,530,530,0,5,525,LISTAS,,
74947,10_025_024,955,649,649,0,2,647,LISTAS,,
74949,10_025_025,976,707,707,0,2,705,LISTAS,,
74951,10_025_026,832,608,608,0,2,606,LISTAS,,
74953,10_025_027,838,604,604,0,5,599,LISTAS,,
74955,10_025_028,1075,541,540,0,5,535,LISTAS,,
74957,10_025_029,887,604,604,0,6,598,LISTAS,,
74959,10_025_030,1008,685,684,0,7,677,LISTAS,,
74961,10_025_031,2465,2031,2019,0,10,2009,LISTAS,,
74963,10_025_032,852,508,506,0,1,505,LISTAS,,
75161,10_025_033,917,588,588,0,6,582,LISTAS,,
75163,10_025_034,943,609,609,0,7,602,LISTAS,,
75165,10_025_035,761,485,485,0,3,482,LISTAS,,
75167,10_025_036,911,599,599,0,7,592,LISTAS,,
75169,10_025_037,998,653,653,0,2,651,LISTAS,,
75171,10_025_038,965,641,641,0,6,635,LISTAS,,
75173,10_025_039,925,578,578,0,1,577,LISTAS,,
75175,10_025_040,1014,574,575,0,17,558,LISTAS,,
75177,10_025_041,991,664,662,0,2,660,LISTAS,,
75179,10_025_042,1066,688,688,0,3,685,LISTAS,,
75181,10_025_043,759,453,453,0,4,449,LISTAS,,
75183,10_025_044,1126,644,643,0,9,634,LISTAS,,
75185,10_025_045,1175,808,808,0,6,802,LISTAS,,
75187,10_025_046,782,506,506,0,8,498,LISTAS,,
75189,10_025_047,802,553,553,0,4,549,LISTAS,,
75191,10_026_001,1163,762,762,0,11,751,LISTAS,,
77269,10_027_001,465,315,315,0,3,312,LISTAS,,
77271,10_028_001,216,124,124,0,2,122,LISTAS,,
77273,10_028_002,468,271,271,0,1,270,LISTAS,,
77275,10_028_003,414,212,212,0,1,211,LISTAS,,
75193,10_029_001,520,288,288,0,1,287,LISTAS,,
75195,10_030_001,785,534,535,0,17,518,LISTAS,,
75197,10_030_002,722,484,484,0,7,477,LISTAS,,
75199,10_031_001,886,624,624,0,4,620,LISTAS,,
77277,10_032_001,496,366,366,0,7,359,LISTAS,,
77787,10_033_001,699,398,398,0,12,386,LISTAS,,
77789,10_033_002,596,295,295,0,11,284,LISTAS,,
77791,10_033_003,616,336,336,0,6,330,LISTAS,,
77793,10_033_004,698,341,341,0,2,339,LISTAS,,
77795,10_034_001,645,334,333,0,9,324,LISTAS,,
77279,10_035_001,287,218,218,0,2,216,LISTAS,,
77281,10_036_001,826,522,522,0,4,518,LISTAS,,
75201,10_037_001,968,677,677,0,16,661,LISTAS,,
75203,10_037_002,929,552,552,0,8,544,LISTAS,,
75205,10_037_003,901,651,651,0,4,647,LISTAS,,
75207,10_038_001,664,404,404,0,5,399,LISTAS,,
75209,10_038_002,655,384,382,0,1,381,LISTAS,,
75211,10_038_003,814,534,535,0,11,524,LISTAS,,
75213,10_038_004,974,613,613,0,3,610,LISTAS,,
75215,10_038_005,620,371,371,0,3,368,LISTAS,,
75217,10_038_006,617,368,368,0,5,363,LISTAS,,
75219,10_038_007,849,458,458,0,2,456,LISTAS,,
75221,10_038_008,976,573,574,0,17,557,LISTAS,,
77009,10_039_001,662,500,499,0,3,496,LISTAS,,
77283,10_039_002,1098,841,841,0,4,837,LISTAS,,
77285,10_039_003,688,494,494,0,3,491,LISTAS,,
77287,10_039_004,840,620,620,0,6,614,LISTAS,,
77289,10_039_005,1064,599,597,0,17,580,LISTAS,,
77291,10_039_006,728,457,459,0,6,453,LISTAS,,
77303,10_039_007,934,705,705,0,0,705,LISTAS,,
77305,10_039_008,778,572,572,0,3,569,LISTAS,,
77011,10_039_009,916,705,705,0,3,702,LISTAS,,
77307,10_039_010,789,562,562,0,1,561,LISTAS,,
77297,10_039_011,1112,795,795,0,4,791,LISTAS,,
77295,10_039_012,2124,1730,1723,0,7,1716,LISTAS,,
77293,10_039_013,858,635,633,0,1,632,LISTAS,,
77299,10_039_014,810,586,586,0,7,579,LISTAS,,
77013,10_039_015,763,535,535,0,2,533,LISTAS,,
77301,10_039_016,920,644,643,0,5,638,LISTAS,,
77317,10_039_017,748,503,503,0,2,501,LISTAS,,
77309,10_039_018,747,506,506,0,1,505,LISTAS,,
77311,10_039_019,792,581,581,0,2,579,LISTAS,,
77313,10_039_020,958,663,663,0,1,662,LISTAS,,
77015,10_039_021,835,538,538,0,2,536,LISTAS,,
77315,10_039_022,921,622,622,0,1,621,LISTAS,,
78045,10_039_023,1063,679,679,0,5,674,LISTAS,,
77019,10_039_024,560,429,429,0,3,426,LISTAS,,
78047,10_039_025,855,519,519,0,1,518,LISTAS,,
77017,10_039_026,656,432,432,0,3,429,LISTAS,,
78049,10_039_027,526,349,349,0,3,346,LISTAS,,
78051,10_039_028,915,623,623,0,7,616,LISTAS,,
78053,10_039_029,799,538,537,0,2,535,LISTAS,,
77021,10_039_030,762,478,478,0,15,463,LISTAS,,
77797,10_040_001,1095,761,764,0,3,761,LISTAS,,
77799,10_040_002,1034,693,693,0,5,688,LISTAS,,
78055,10_041_001,1089,628,628,0,7,621,LISTAS,,
78057,10_042_001,750,462,462,0,16,446,LISTAS,,
78059,10_042_002,604,378,378,0,6,372,LISTAS,,
78061,10_042_003,682,463,463,0,4,459,LISTAS,,
78063,10_043_001,731,461,445,0,3,442,LISTAS,,
78065,10_043_002,899,646,646,0,2,644,LISTAS,,
78067,10_043_003,839,586,586,0,3,583,LISTAS,,
78069,10_044_001,933,690,690,0,2,688,LISTAS,,
78071,10_044_002,1019,657,657,0,2,655,LISTAS,,
78073,10_045_001,281,182,182,0,6,176,LISTAS,,
78075,10_045_002,608,406,405,0,18,387,LISTAS,,
77801,10_046_001,849,570,570,0,4,566,LISTAS,,
77803,10_046_002,2306,1836,1829,0,5,1824,LISTAS,,
77805,10_046_003,1133,700,700,0,3,697,LISTAS,,
77807,10_046_004,884,571,569,0,3,566,LISTAS,,
77817,10_046_005,1016,646,648,0,30,618,LISTAS,,
77809,10_046_006,1032,687,689,0,31,658,LISTAS,,
77811,10_046_007,1110,688,688,0,7,681,LISTAS,,
77813,10_046_008,925,590,590,0,2,588,LISTAS,,
77815,10_046_009,895,606,608,0,30,578,LISTAS,,
77819,10_046_010,923,628,628,0,5,623,LISTAS,,
77821,10_046_011,1166,800,798,0,2,796,LISTAS,,
77823,10_046_012,1151,767,764,0,3,761,LISTAS,,
77825,10_046_013,776,498,498,0,0,498,LISTAS,,
77827,10_046_014,1149,790,789,0,5,784,LISTAS,,
77829,10_046_015,1215,750,749,0,9,740,LISTAS,,
77831,10_046_016,677,424,423,0,1,422,LISTAS,,
77833,10_046_017,1159,653,655,0,26,629,LISTAS,,
77835,10_047_001,832,524,523,0,1,522,LISTAS,,
77837,10_047_002,775,427,427,0,3,424,LISTAS,,
77839,10_048_001,1112,670,670,0,1,669,LISTAS,,
77841,10_048_002,1012,655,655,0,6,649,LISTAS,,
77843,10_048_003,1189,663,663,0,8,655,LISTAS,,
77845,10_048_004,231,104,104,0,2,102,LISTAS,,
77847,10_048_005,1129,698,698,0,3,695,LISTAS,,
77849,10_048_006,1063,602,602,0,4,598,LISTAS,,
75685,10_048_007,1137,645,645,0,5,640,LISTAS,,
75687,10_048_008,1127,687,687,0,6,681,LISTAS,,
75689,10_048_009,697,280,280,0,10,270,LISTAS,,
78077,10_049_001,497,298,298,0,6,292,LISTAS,,
75691,10_050_001,560,318,318,0,1,317,LISTAS,,
75693,10_051_001,746,432,432,0,5,427,LISTAS,,
75695,10_051_002,748,499,500,0,2,498,LISTAS,,
75697,10_051_003,783,478,478,0,3,475,LISTAS,,
75699,10_051_004,774,478,478,0,4,474,LISTAS,,
78079,10_052_001,649,404,404,0,3,401,LISTAS,,
78081,10_052_002,583,353,353,0,2,351,LISTAS,,
78083,10_052_003,152,122,122,0,1,121,LISTAS,,
78085,10_053_001,322,245,245,0,5,240,LISTAS,,
75701,10_054_001,834,478,478,0,1,477,LISTAS,,
75703,10_054_002,819,429,429,0,6,423,LISTAS,,
75705,10_054_003,779,461,461,0,5,456,LISTAS,,
78087,10_055_001,751,418,418,0,6,412,LISTAS,,
78089,10_055_002,878,458,458,0,12,446,LISTAS,,
78091,10_055_003,689,392,392,0,6,386,LISTAS,,
78093,10_055_004,444,264,264,0,2,262,LISTAS,,
78095,10_056_001,686,387,373,0,3,370,LISTAS,,
78097,10_056_002,516,305,305,0,1,304,LISTAS,,
75223,10_057_001,859,525,526,0,11,515,LISTAS,,
76473,10_057_002,817,500,500,0,5,495,LISTAS,,
78099,10_058_001,128,90,90,0,1,89,LISTAS,,
75707,10_059_001,836,449,449,0,8,441,LISTAS,,
75709,10_059_002,582,290,290,0,7,283,LISTAS,,
75711,10_059_003,812,392,392,0,5,387,LISTAS,,
78101,10_060_001,848,522,522,0,2,520,LISTAS,,
78103,10_061_001,764,357,357,0,11,346,LISTAS,,
78105,10_061_002,815,543,543,0,2,541,LISTAS,,
76475,10_062_001,678,311,311,0,5,306,LISTAS,,
76477,10_062_002,643,253,253,0,7,246,LISTAS,,
75713,10_063_001,682,410,410,0,2,408,LISTAS,,
75715,10_063_002,791,439,439,0,2,437,LISTAS,,
75717,10_063_003,862,488,488,0,2,486,LISTAS,,
75719,10_063_004,803,458,458,0,1,457,LISTAS,,
75721,10_063_005,803,473,472,0,5,467,LISTAS,,
75723,10_063_006,635,408,408,0,4,404,LISTAS,,
75725,10_064_001,630,374,374,0,6,368,LISTAS,,
76479,10_065_001,668,437,437,0,1,436,LISTAS,,
76481,10_065_002,670,434,434,0,1,433,LISTAS,,
76483,10_065_003,660,393,392,0,0,392,LISTAS,,
78107,10_066_001,630,448,448,0,1,447,LISTAS,,
78109,10_066_002,825,615,615,0,2,613,LISTAS,,
75949,10_067_001,647,441,441,0,3,438,LISTAS,,
75951,10_068_001,835,590,590,0,8,582,LISTAS,,
75953,10_068_002,776,498,498,0,3,495,LISTAS,,
75955,10_069_001,404,268,268,0,0,268,LISTAS,,
76485,10_070_001,951,466,464,0,5,459,LISTAS,,
76487,10_071_001,1234,740,739,0,13,726,LISTAS,,
75957,10_072_001,602,373,373,0,4,369,LISTAS,,
75959,10_073_001,283,185,185,0,1,184,LISTAS,,
76767,10_074_001,1268,652,652,0,6,646,LISTAS,,
75727,10_075_001,492,343,343,0,1,342,LISTAS,,
75729,10_076_001,989,631,631,0,6,625,LISTAS,,
75731,10_076_002,922,595,594,0,4,590,LISTAS,,
75733,10_076_003,760,472,472,0,3,469,LISTAS,,
76489,10_077_001,698,473,473,0,3,470,LISTAS,,
75735,10_078_001,584,340,340,0,4,336,LISTAS,,
75961,10_079_001,806,472,472,0,4,468,LISTAS,,
76491,10_080_001,761,517,517,0,3,514,LISTAS,,
76493,10_080_002,687,468,468,0,4,464,LISTAS,,
76495,10_081_001,500,315,315,0,5,310,LISTAS,,
76497,10_081_002,615,417,417,0,2,415,LISTAS,,
76499,10_082_001,597,388,388,0,2,386,LISTAS,,
76501,10_082_002,778,503,503,0,2,501,LISTAS,,
76523,10_082_003,743,515,515,0,2,513,LISTAS,,
75963,10_083_001,606,424,424,0,1,423,LISTAS,,
75965,10_083_002,603,358,358,0,2,356,LISTAS,,
75967,10_083_003,306,228,228,0,2,226,LISTAS,,
75969,10_083_004,182,127,127,0,2,125,LISTAS,,
75971,10_084_001,403,297,297,0,1,296,LISTAS,,
75739,10_085_001,1103,720,720,0,3,717,LISTAS,,
75737,10_085_002,1144,642,642,0,4,638,LISTAS,,
75741,10_086_001,448,210,210,0,1,209,LISTAS,,
75743,10_086_002,669,311,311,0,0,311,LISTAS,,
75973,10_087_001,614,401,401,0,7,394,LISTAS,,
75975,10_087_002,618,410,410,0,2,408,LISTAS,,
75977,10_087_003,576,388,388,0,7,381,LISTAS,,
76503,10_088_001,759,390,390,0,3,387,LISTAS,,
76505,10_088_002,809,428,428,0,3,425,LISTAS,,
76507,10_088_003,772,312,312,0,8,304,LISTAS,,
75979,10_089_001,806,491,491,0,4,487,LISTAS,,
75981,10_089_002,839,481,481,0,5,476,LISTAS,,
75983,10_089_003,659,452,452,0,2,450,LISTAS,,
75745,10_090_001,837,469,469,0,2,467,LISTAS,,
75747,10_090_002,789,508,508,0,4,504,LISTAS,,
76509,10_091_001,889,495,495,0,14,481,LISTAS,,
75985,10_092_001,703,443,443,0,6,437,LISTAS,,
75987,10_092_002,676,473,472,0,0,472,LISTAS,,
75989,10_092_003,186,130,130,0,1,129,LISTAS,,
75991,10_093_001,168,117,114,0,2,112,LISTAS,,
75993,10_093_002,284,216,216,0,1,215,LISTAS,,
75995,10_094_001,398,246,246,0,5,241,LISTAS,,
76511,10_095_001,791,477,477,0,1,476,LISTAS,,
76513,10_095_002,822,496,496,0,4,492,LISTAS,,
75997,10_096_001,625,420,420,0,3,417,LISTAS,,
75999,10_096_002,724,469,469,0,5,464,LISTAS,,
76001,10_097_001,202,115,115,0,1,114,LISTAS,,
76003,10_097_002,121,80,80,0,3,77,LISTAS,,
75749,10_098_001,779,458,458,0,2,456,LISTAS,,
76735,10_098_002,530,334,334,0,4,330,LISTAS,,
76737,10_099_001,426,210,210,0,11,199,LISTAS,,
76005,10_100_001,692,493,494,0,15,479,LISTAS,,
76007,10_100_002,667,526,526,0,5,521,LISTAS,,
76739,10_101_001,669,423,423,0,3,420,LISTAS,,
76741,10_101_002,751,480,480,0,3,477,LISTAS,,
76743,10_102_001,1330,682,682,0,11,671,LISTAS,,
76009,10_103_001,209,151,151,0,4,147,LISTAS,,
76745,10_104_001,635,310,310,0,11,299,LISTAS,,
76747,10_105_001,388,205,205,0,0,205,LISTAS,,
76749,10_105_002,533,277,277,0,12,265,LISTAS,,
76751,10_106_001,985,575,575,0,3,572,LISTAS,,
76011,10_107_001,142,100,100,0,1,99,LISTAS,,
76515,10_108_001,916,487,487,0,14,473,LISTAS,,
76517,10_108_002,900,565,565,0,2,563,LISTAS,,
76013,10_109_001,467,261,261,0,7,254,LISTAS,,
76519,10_110_001,190,94,94,0,0,94,LISTAS,,
76753,10_111_001,826,492,492,0,15,477,LISTAS,,
76755,10_111_002,812,530,530,0,3,527,LISTAS,,
76015,10_112_001,410,324,324,0,3,321,LISTAS,,
76995,10_113_001,602,360,360,0,5,355,LISTAS,,
76997,10_113_002,856,467,471,0,29,442,LISTAS,,
76999,10_113_003,689,432,431,0,5,426,LISTAS,,
77001,10_113_004,870,565,565,0,3,562,LISTAS,,
77003,10_114_001,519,332,332,0,6,326,LISTAS,,
77005,10_115_001,952,647,647,0,17,630,LISTAS,,
76757,10_116_001,911,471,471,0,7,464,LISTAS,,
76759,10_117_001,962,588,588,0,3,585,LISTAS,,
76761,10_117_002,615,379,379,0,2,377,LISTAS,,
76763,10_118_001,367,235,235,0,2,233,LISTAS,,
76521,10_119_001,308,221,221,0,1,220,LISTAS,,
77007,10_120_001,546,393,393,0,1,392,LISTAS,,
76765,10_121_001,812,519,518,0,3,515,LISTAS,,
70765,11_001_001,616,260,260,0,3,257,LISTAS,,
70767,11_001_002,746,335,335,0,1,334,LISTAS,,
70769,11_001_003,712,324,324,0,4,320,LISTAS,,
70771,11_001_004,725,352,352,0,4,348,LISTAS,,
70773,11_001_005,667,355,354,0,2,352,LISTAS,,
76251,11_002_001,616,417,417,0,9,408,LISTAS,,
76253,11_002_002,955,534,534,0,10,524,LISTAS,,
70775,11_003_001,951,640,618,0,5,613,LISTAS,,
76769,11_004_001,1045,598,598,0,5,593,LISTAS,,
76771,11_004_002,853,525,525,0,4,521,LISTAS,,
76773,11_004_003,884,475,475,0,1,474,LISTAS,,
71555,11_005_001,1057,547,547,0,11,536,LISTAS,,
71557,11_005_002,1097,460,460,0,16,444,LISTAS,,
71559,11_005_003,880,465,465,0,7,458,LISTAS,,
71561,11_005_004,270,67,67,0,2,65,LISTAS,,
76775,11_006_001,237,158,152,0,4,148,LISTAS,,
71563,11_007_001,953,559,559,0,3,556,LISTAS,,
71565,11_007_002,561,261,261,0,2,259,LISTAS,,
71567,11_007_003,329,129,129,0,4,125,LISTAS,,
71569,11_008_001,592,289,291,0,22,269,LISTAS,,
71571,11_008_002,728,391,391,0,4,387,LISTAS,,
70777,11_009_001,1196,728,728,0,15,713,LISTAS,,
70779,11_009_002,1172,593,593,0,13,580,LISTAS,,
70781,11_009_003,1067,503,503,0,3,500,LISTAS,,
70783,11_009_004,1110,519,519,0,6,513,LISTAS,,
70785,11_009_005,804,408,408,0,8,400,LISTAS,,
76777,11_010_001,148,86,86,0,0,86,LISTAS,,
76255,11_011_001,628,325,325,0,3,322,LISTAS,,
76257,11_011_002,841,472,472,0,5,467,LISTAS,,
76259,11_011_003,602,344,344,0,3,341,LISTAS,,
76261,11_012_001,738,394,394,0,0,394,LISTAS,,
76263,11_012_002,700,375,375,0,4,371,LISTAS,,
76265,11_012_003,780,480,480,0,6,474,LISTAS,,
76267,11_012_004,727,446,446,0,6,440,LISTAS,,
76269,11_013_001,948,603,603,0,3,600,LISTAS,,
76271,11_013_002,965,542,542,0,11,531,LISTAS,,
76273,11_013_003,982,610,609,0,7,602,LISTAS,,
70223,11_013_004,1047,650,649,0,8,641,LISTAS,,
70225,11_013_005,914,588,588,0,5,583,LISTAS,,
70227,11_013_006,1059,647,647,0,15,632,LISTAS,,
70229,11_013_007,1039,619,618,0,10,608,LISTAS,,
70231,11_014_001,583,304,304,0,5,299,LISTAS,,
70241,11_015_001,1076,604,604,0,3,601,LISTAS,,
70233,11_015_002,1349,694,693,0,8,685,LISTAS,,
70235,11_015_003,1375,792,792,0,1,791,LISTAS,,
70237,11_015_004,1262,697,697,0,3,694,LISTAS,,
70239,11_015_005,1350,641,641,0,8,633,LISTAS,,
70243,11_016_001,1061,657,656,0,3,653,LISTAS,,
70265,11_016_002,1076,741,741,0,0,741,LISTAS,,
70267,11_016_003,1157,735,735,0,3,732,LISTAS,,
70283,11_016_004,1190,778,778,0,4,774,LISTAS,,
70245,11_016_005,995,699,697,0,5,692,LISTAS,,
70247,11_016_006,1033,642,638,0,2,636,LISTAS,,
70251,11_016_007,1986,1493,1490,0,4,1486,LISTAS,,
70249,11_016_008,1062,684,684,0,7,677,LISTAS,,
70255,11_016_009,1052,700,700,0,4,696,LISTAS,,
70259,11_016_010,1163,703,703,0,2,701,LISTAS,,
70257,11_016_011,1141,669,668,0,3,665,LISTAS,,
70253,11_016_012,1139,686,686,0,17,669,LISTAS,,
70269,11_016_013,1101,710,710,0,10,700,LISTAS,,
70281,11_016_014,1107,700,700,0,3,697,LISTAS,,
70263,11_016_015,1164,774,774,0,3,771,LISTAS,,
70273,11_016_016,1067,628,628,0,4,624,LISTAS,,
70271,11_016_017,1005,635,635,0,6,629,LISTAS,,
70275,11_016_018,1034,585,585,0,7,578,LISTAS,,
70279,11_016_019,831,450,450,0,0,450,LISTAS,,
70277,11_016_020,769,388,387,0,4,383,LISTAS,,
70261,11_016_021,657,241,241,0,2,239,LISTAS,,
70285,11_017_001,741,500,500,0,7,493,LISTAS,,
70487,11_017_002,667,444,444,0,1,443,LISTAS,,
70489,11_018_001,589,357,357,0,2,355,LISTAS,,
70491,11_018_002,579,294,294,0,3,291,LISTAS,,
70493,11_018_003,581,329,329,0,9,320,LISTAS,,
70495,11_019_001,729,373,370,0,30,340,LISTAS,,
70497,11_019_002,699,357,357,0,3,354,LISTAS,,
70507,11_020_001,838,396,396,0,2,394,LISTAS,,
70499,11_020_002,938,416,416,0,3,413,LISTAS,,
70501,11_020_003,950,452,452,0,4,448,LISTAS,,
70503,11_020_004,953,457,457,0,6,451,LISTAS,,
70505,11_020_005,903,518,518,0,3,515,LISTAS,,
70509,11_021_001,348,235,234,0,4,230,LISTAS,,
70511,11_022_001,816,457,456,0,4,452,LISTAS,,
70513,11_022_002,822,413,413,0,5,408,LISTAS,,
70515,11_022_003,754,442,443,0,13,430,LISTAS,,
70517,11_023_001,836,450,450,0,6,444,LISTAS,,
70519,11_023_002,899,482,481,0,3,478,LISTAS,,
70521,11_023_003,887,299,298,0,4,294,LISTAS,,
70523,11_023_004,821,392,392,0,9,383,LISTAS,,
70525,11_023_005,863,531,531,0,2,529,LISTAS,,
70527,11_024_001,778,316,316,0,4,312,LISTAS,,
70529,11_024_002,872,292,292,0,7,285,LISTAS,,
70531,11_024_003,662,347,347,0,8,339,LISTAS,,
70533,11_024_004,669,365,365,0,1,364,LISTAS,,
70535,11_024_005,692,348,348,0,4,344,LISTAS,,
70537,11_024_006,727,424,424,0,7,417,LISTAS,,
70539,11_025_001,1006,619,619,0,4,615,LISTAS,,
70541,11_025_002,1080,674,674,0,3,671,LISTAS,,
70543,11_026_001,644,374,374,0,11,363,LISTAS,,
70545,11_026_002,613,379,379,0,9,370,LISTAS,,
70787,11_027_001,1016,658,656,0,7,649,LISTAS,,
70789,11_027_002,801,462,462,0,1,461,LISTAS,,
70791,11_027_003,977,678,678,0,5,673,LISTAS,,
70793,11_027_004,984,616,616,0,4,612,LISTAS,,
70795,11_027_005,2380,1906,1902,0,11,1891,LISTAS,,
70797,11_027_006,1005,471,471,0,8,463,LISTAS,,
70799,11_027_007,981,636,636,0,2,634,LISTAS,,
70801,11_027_008,906,554,554,0,2,552,LISTAS,,
70803,11_027_009,1016,702,702,0,12,690,LISTAS,,
70805,11_027_010,1069,658,658,0,10,648,LISTAS,,
70807,11_027_011,1105,700,700,0,7,693,LISTAS,,
70809,11_027_012,1082,577,576,0,10,566,LISTAS,,
70811,11_027_013,1114,621,621,0,12,609,LISTAS,,
70813,11_027_014,1063,597,597,0,1,596,LISTAS,,
70815,11_027_015,1076,597,596,0,21,575,LISTAS,,
70817,11_027_016,1069,697,697,0,8,689,LISTAS,,
71019,11_028_001,880,503,503,0,2,501,LISTAS,,
71021,11_028_002,801,423,423,0,3,420,LISTAS,,
71023,11_028_003,771,393,393,0,2,391,LISTAS,,
71025,11_028_004,813,343,343,0,3,340,LISTAS,,
71027,11_028_005,471,263,263,0,4,259,LISTAS,,
71573,11_029_001,744,413,413,0,5,408,LISTAS,,
71575,11_029_002,627,331,331,0,2,329,LISTAS,,
71577,11_029_003,660,316,316,0,2,314,LISTAS,,
71579,11_029_004,680,303,303,0,1,302,LISTAS,,
71581,11_029_005,244,135,135,0,1,134,LISTAS,,
71583,11_030_001,567,374,374,0,4,370,LISTAS,,
71029,11_031_001,1246,790,790,0,15,775,LISTAS,,
71043,11_031_002,1209,689,689,0,7,682,LISTAS,,
71031,11_031_003,1281,745,744,0,11,733,LISTAS,,
71033,11_031_004,1134,619,619,0,7,612,LISTAS,,
71035,11_031_005,1360,812,812,0,9,803,LISTAS,,
71037,11_031_006,1088,706,706,0,6,700,LISTAS,,
71041,11_031_007,1028,632,632,0,6,626,LISTAS,,
71039,11_031_008,986,567,567,0,9,558,LISTAS,,
76779,11_032_001,666,390,390,0,6,384,LISTAS,,
76781,11_032_002,609,361,361,0,6,355,LISTAS,,
71585,11_033_001,542,318,318,0,4,314,LISTAS,,
71045,11_034_001,913,469,469,0,6,463,LISTAS,,
71047,11_034_002,766,412,412,0,4,408,LISTAS,,
71049,11_034_003,740,358,358,0,9,349,LISTAS,,
71051,11_034_004,1115,625,625,0,5,620,LISTAS,,
71053,11_034_005,928,362,362,0,8,354,LISTAS,,
71055,11_034_006,881,446,446,0,5,441,LISTAS,,
71057,11_034_007,1159,541,541,0,6,535,LISTAS,,
71059,11_035_001,580,267,266,0,8,258,LISTAS,,
71061,11_035_002,608,322,322,0,5,317,LISTAS,,
71063,11_035_003,576,354,355,0,12,343,LISTAS,,
71065,11_035_004,601,313,312,0,8,304,LISTAS,,
71067,11_035_005,621,335,335,0,21,314,LISTAS,,
71069,11_035_006,604,287,287,0,7,280,LISTAS,,
71071,11_035_007,614,329,329,0,8,321,LISTAS,,
71587,11_036_001,665,405,405,0,3,402,LISTAS,,
71589,11_036_002,813,395,394,0,1,393,LISTAS,,
71591,11_036_003,702,386,386,0,6,380,LISTAS,,
71593,11_036_004,731,364,364,0,4,360,LISTAS,,
71595,11_036_005,693,371,371,0,3,368,LISTAS,,
71597,11_036_006,827,493,493,0,3,490,LISTAS,,
71599,11_036_007,849,489,489,0,3,486,LISTAS,,
71601,11_036_008,1035,511,511,0,4,507,LISTAS,,
71603,11_036_009,261,148,149,0,10,139,LISTAS,,
71605,11_036_010,593,313,308,0,4,304,LISTAS,,
71607,11_037_001,704,411,411,0,1,410,LISTAS,,
71609,11_037_002,951,597,597,0,1,596,LISTAS,,
71611,11_037_003,1080,711,711,0,5,706,LISTAS,,
71811,11_037_004,921,548,548,0,1,547,LISTAS,,
71813,11_037_005,918,522,522,0,3,519,LISTAS,,
71815,11_037_006,1062,700,700,0,1,699,LISTAS,,
71817,11_038_001,628,411,411,0,3,408,LISTAS,,
71819,11_039_001,294,153,152,0,2,150,LISTAS,,
71821,11_040_001,828,472,472,0,1,471,LISTAS,,
71823,11_040_002,903,520,520,0,4,516,LISTAS,,
71835,11_040_003,929,543,543,0,3,540,LISTAS,,
71833,11_040_004,907,535,535,0,6,529,LISTAS,,
71837,11_040_005,892,561,561,0,7,554,LISTAS,,
71839,11_040_006,937,515,515,0,7,508,LISTAS,,
71841,11_040_007,869,492,492,0,5,487,LISTAS,,
71843,11_040_008,898,554,554,0,4,550,LISTAS,,
71847,11_040_009,900,517,516,0,4,512,LISTAS,,
71851,11_040_010,919,489,489,0,16,473,LISTAS,,
71829,11_040_011,957,594,594,0,2,592,LISTAS,,
71827,11_040_012,859,451,451,0,9,442,LISTAS,,
71849,11_040_013,856,533,533,0,7,526,LISTAS,,
71845,11_040_014,927,588,587,0,10,577,LISTAS,,
71825,11_040_015,866,567,567,0,4,563,LISTAS,,
71831,11_040_016,850,579,579,0,3,576,LISTAS,,
71073,11_041_001,938,618,618,0,6,612,LISTAS,,
76783,11_042_001,659,330,330,0,4,326,LISTAS,,
76785,11_042_002,696,361,361,0,5,356,LISTAS,,
71853,11_043_001,553,289,289,0,2,287,LISTAS,,
71855,11_044_001,670,307,307,0,8,299,LISTAS,,
71857,11_044_002,684,300,300,0,6,294,LISTAS,,
71859,11_044_003,720,375,374,0,4,370,LISTAS,,
71861,11_044_004,691,362,361,0,3,358,LISTAS,,
71863,11_045_001,425,207,207,0,8,199,LISTAS,,
71865,11_045_002,457,270,270,0,3,267,LISTAS,,
70547,11_046_001,1324,695,695,0,4,691,LISTAS,,
76787,11_047_001,947,596,596,0,3,593,LISTAS,,
76789,11_047_002,943,549,549,0,7,542,LISTAS,,
76791,11_047_003,842,508,506,0,4,502,LISTAS,,
76793,11_047_004,898,598,598,0,9,589,LISTAS,,
76795,11_047_005,900,481,481,0,3,478,LISTAS,,
76797,11_048_001,839,396,396,0,2,394,LISTAS,,
76799,11_048_002,779,400,400,0,4,396,LISTAS,,
71867,11_049_001,837,496,496,0,4,492,LISTAS,,
71869,11_049_002,575,323,323,0,3,320,LISTAS,,
71871,11_049_003,750,424,424,0,1,423,LISTAS,,
71873,11_049_004,988,625,625,0,4,621,LISTAS,,
77523,11_050_001,817,536,536,0,5,531,LISTAS,,
71875,11_051_001,662,357,357,0,1,356,LISTAS,,
72073,11_051_002,198,100,100,0,1,99,LISTAS,,
77525,11_052_001,911,665,665,0,1,664,LISTAS,,
77527,11_052_002,881,677,677,0,2,675,LISTAS,,
77529,11_052_003,1019,713,713,0,17,696,LISTAS,,
77531,11_052_004,880,620,620,0,4,616,LISTAS,,
77533,11_052_005,885,646,646,0,2,644,LISTAS,,
77535,11_052_006,965,654,654,0,2,652,LISTAS,,
77537,11_052_007,872,597,597,0,5,592,LISTAS,,
77539,11_052_008,811,512,512,0,0,512,LISTAS,,
77541,11_052_009,792,501,501,0,0,501,LISTAS,,
77543,11_052_010,852,573,573,0,4,569,LISTAS,,
77545,11_052_011,695,530,528,0,0,528,LISTAS,,
77547,11_052_012,896,674,674,0,4,670,LISTAS,,
77549,11_052_013,793,544,544,0,2,542,LISTAS,,
77551,11_052_014,769,525,525,0,6,519,LISTAS,,
77553,11_052_015,982,535,535,0,6,529,LISTAS,,
77555,11_052_016,952,657,657,0,1,656,LISTAS,,
77557,11_052_017,780,518,518,0,2,516,LISTAS,,
77559,11_052_018,761,531,531,0,6,525,LISTAS,,
77561,11_052_019,872,590,590,0,1,589,LISTAS,,
77563,11_052_020,915,489,507,0,91,416,LISTAS,,
77565,11_052_021,830,500,500,0,3,497,LISTAS,,
77567,11_052_022,702,456,456,0,0,456,LISTAS,,
77569,11_052_023,667,513,513,0,5,508,LISTAS,,
77571,11_052_024,880,595,595,0,3,592,LISTAS,,
77573,11_052_025,604,392,391,0,2,389,LISTAS,,
77575,11_052_026,752,520,520,0,3,517,LISTAS,,
77577,11_052_027,695,463,463,0,3,460,LISTAS,,
77579,11_052_028,840,560,560,0,4,556,LISTAS,,
77581,11_052_029,753,465,465,0,3,462,LISTAS,,
77583,11_052_030,1998,1574,1569,0,4,1565,LISTAS,,
77585,11_052_031,741,478,477,0,1,476,LISTAS,,
75425,11_052_032,641,367,367,0,2,365,LISTAS,,
75427,11_052_033,905,547,546,0,4,542,LISTAS,,
75429,11_052_034,765,452,450,0,7,443,LISTAS,,
75431,11_052_035,791,463,463,0,2,461,LISTAS,,
75433,11_052_036,841,500,499,0,4,495,LISTAS,,
75435,11_052_037,806,519,518,0,1,517,LISTAS,,
75437,11_052_038,671,398,398,0,1,397,LISTAS,,
75439,11_052_039,836,523,523,0,0,523,LISTAS,,
75441,11_052_040,903,573,573,0,2,571,LISTAS,,
75443,11_052_041,888,518,516,0,5,511,LISTAS,,
75445,11_052_042,762,427,427,0,0,427,LISTAS,,
75447,11_052_043,861,500,500,0,5,495,LISTAS,,
75449,11_052_044,1022,739,738,0,7,731,LISTAS,,
75451,11_052_045,541,277,279,0,20,259,LISTAS,,
75453,11_052_046,791,487,487,0,3,484,LISTAS,,
75455,11_052_047,884,524,524,0,2,522,LISTAS,,
75457,11_052_048,878,549,549,0,6,543,LISTAS,,
75459,11_052_049,781,360,360,0,5,355,LISTAS,,
75461,11_052_050,645,288,288,0,5,283,LISTAS,,
75463,11_052_051,864,487,487,0,8,479,LISTAS,,
75465,11_052_052,966,446,446,0,4,442,LISTAS,,
75467,11_052_053,934,446,446,0,2,444,LISTAS,,
75469,11_052_054,830,535,535,0,3,532,LISTAS,,
75471,11_052_055,1111,703,703,0,4,699,LISTAS,,
75473,11_052_056,845,561,560,0,5,555,LISTAS,,
75475,11_052_057,993,680,680,0,3,677,LISTAS,,
75477,11_052_058,910,492,489,0,10,479,LISTAS,,
75479,11_052_059,870,578,577,0,1,576,LISTAS,,
75481,11_052_060,952,666,666,0,6,660,LISTAS,,
75483,11_052_061,940,673,673,0,2,671,LISTAS,,
75485,11_052_062,868,599,599,0,3,596,LISTAS,,
75487,11_052_063,909,626,626,0,2,624,LISTAS,,
76209,11_052_064,837,561,561,0,4,557,LISTAS,,
76211,11_052_065,934,645,644,0,3,641,LISTAS,,
76213,11_052_066,848,590,590,0,6,584,LISTAS,,
76215,11_052_067,874,569,569,0,2,567,LISTAS,,
76217,11_052_068,938,636,636,0,4,632,LISTAS,,
76219,11_052_069,853,541,541,0,0,541,LISTAS,,
76221,11_052_070,1184,786,786,0,7,779,LISTAS,,
71075,11_053_001,562,412,412,0,3,409,LISTAS,,
71077,11_053_002,622,463,463,0,4,459,LISTAS,,
71079,11_054_001,825,545,545,0,0,545,LISTAS,,
71081,11_054_002,897,693,692,0,1,691,LISTAS,,
71083,11_054_003,196,97,97,0,1,96,LISTAS,,
71285,11_055_001,901,470,470,0,4,466,LISTAS,,
72075,11_056_001,1105,563,563,0,9,554,LISTAS,,
72077,11_056_002,1155,513,513,0,5,508,LISTAS,,
72079,11_056_003,1178,715,715,0,4,711,LISTAS,,
72081,11_056_004,1124,609,609,0,2,607,LISTAS,,
72083,11_056_005,1169,580,580,0,11,569,LISTAS,,
72085,11_056_006,1138,556,556,0,5,551,LISTAS,,
72087,11_056_007,1033,550,547,0,4,543,LISTAS,,
72089,11_056_008,1130,489,489,0,8,481,LISTAS,,
71287,11_057_001,577,336,336,0,1,335,LISTAS,,
71289,11_057_002,150,92,92,0,2,90,LISTAS,,
71291,11_057_003,829,391,391,0,4,387,LISTAS,,
71293,11_057_004,740,435,435,0,1,434,LISTAS,,
71295,11_057_005,661,383,383,0,3,380,LISTAS,,
71297,11_057_006,1089,615,615,0,5,610,LISTAS,,
71299,11_057_007,1137,611,611,0,5,606,LISTAS,,
71301,11_057_008,373,194,194,0,1,193,LISTAS,,
71303,11_057_009,972,470,470,0,6,464,LISTAS,,
71305,11_057_010,433,254,253,0,2,251,LISTAS,,
71307,11_057_011,985,566,563,0,3,560,LISTAS,,
71309,11_057_012,640,345,345,0,4,341,LISTAS,,
71551,11_057_013,566,347,347,0,2,345,LISTAS,,
71553,11_057_014,383,218,218,0,0,218,LISTAS,,
71311,11_058_001,837,467,467,0,8,459,LISTAS,,
71313,11_059_001,648,358,358,0,4,354,LISTAS,,
72091,11_060_001,320,209,209,0,2,207,LISTAS,,
76223,11_061_001,889,510,511,0,13,498,LISTAS,,
76225,11_061_002,405,234,233,0,2,231,LISTAS,,
72093,11_062_001,979,505,506,0,18,488,LISTAS,,
72095,11_062_002,166,72,72,0,1,71,LISTAS,,
71315,11_063_001,1090,611,611,0,8,603,LISTAS,,
72097,11_064_001,817,385,385,0,5,380,LISTAS,,
72099,11_064_002,833,361,361,0,11,350,LISTAS,,
71317,11_065_001,648,391,391,0,6,385,LISTAS,,
71319,11_065_002,704,394,394,0,8,386,LISTAS,,
72101,11_066_001,894,473,474,0,16,458,LISTAS,,
70549,11_067_001,689,354,354,0,3,351,LISTAS,,
70551,11_067_002,628,275,275,0,6,269,LISTAS,,
71321,11_068_001,780,405,404,0,6,398,LISTAS,,
71323,11_068_002,756,403,403,0,2,401,LISTAS,,
71325,11_068_003,252,124,124,0,0,124,LISTAS,,
72103,11_069_001,739,325,325,0,5,320,LISTAS,,
72105,11_069_002,657,307,307,0,6,301,LISTAS,,
76227,11_070_001,1029,586,586,0,2,584,LISTAS,,
76229,11_070_002,225,111,111,0,0,111,LISTAS,,
71327,11_071_001,587,349,349,0,6,343,LISTAS,,
76231,11_072_001,943,543,543,0,4,539,LISTAS,,
76233,11_072_002,1073,684,684,0,3,681,LISTAS,,
76235,11_072_003,786,458,458,0,1,457,LISTAS,,
76237,11_072_004,899,546,546,0,5,541,LISTAS,,
72107,11_073_001,1088,690,691,0,16,675,LISTAS,,
72109,11_073_002,1052,672,672,0,2,670,LISTAS,,
72111,11_073_003,1181,751,752,0,17,735,LISTAS,,
72113,11_073_004,1027,585,584,0,6,578,LISTAS,,
72115,11_073_005,1150,635,634,0,2,632,LISTAS,,
72117,11_073_006,1130,652,652,0,5,647,LISTAS,,
72119,11_073_007,715,475,475,0,3,472,LISTAS,,
72121,11_073_008,741,481,481,0,7,474,LISTAS,,
72123,11_073_009,765,503,503,0,3,500,LISTAS,,
72125,11_073_010,828,523,523,0,4,519,LISTAS,,
72127,11_073_011,1094,674,674,0,2,672,LISTAS,,
72129,11_073_012,710,384,384,0,1,383,LISTAS,,
72131,11_073_013,620,275,275,0,2,273,LISTAS,,
72133,11_073_014,1971,1333,1322,0,41,1281,LISTAS,,
72135,11_073_015,1055,495,494,0,4,490,LISTAS,,
72335,11_073_016,1079,609,607,0,11,596,LISTAS,,
72337,11_073_017,1077,703,703,0,11,692,LISTAS,,
72339,11_073_018,1128,601,601,0,1,600,LISTAS,,
71329,11_074_001,801,329,329,0,12,317,LISTAS,,
71331,11_074_002,813,413,413,0,5,408,LISTAS,,
71333,11_074_003,697,333,333,0,5,328,LISTAS,,
71335,11_074_004,710,386,386,0,4,382,LISTAS,,
71337,11_074_005,703,365,365,0,6,359,LISTAS,,
71339,11_074_006,725,456,456,0,2,454,LISTAS,,
71341,11_074_007,693,360,360,0,3,357,LISTAS,,
71343,11_074_008,757,320,320,0,5,315,LISTAS,,
71345,11_074_009,750,395,395,0,4,391,LISTAS,,
71347,11_074_010,797,335,335,0,6,329,LISTAS,,
70753,11_075_001,885,507,507,0,5,502,LISTAS,,
70755,11_075_002,866,464,464,0,7,457,LISTAS,,
70757,11_075_003,717,450,450,0,5,445,LISTAS,,
70759,11_075_004,810,551,551,0,5,546,LISTAS,,
70761,11_075_005,844,430,430,0,8,422,LISTAS,,
70763,11_075_006,882,505,505,0,4,501,LISTAS,,
76239,11_076_001,528,309,309,0,5,304,LISTAS,,
76241,11_077_001,580,276,276,0,2,274,LISTAS,,
76243,11_077_002,621,305,305,0,4,301,LISTAS,,
76245,11_077_003,616,302,302,0,1,301,LISTAS,,
76247,11_077_004,585,320,320,0,3,317,LISTAS,,
76249,11_077_005,409,247,247,0,3,244,LISTAS,,
71349,11_078_001,697,389,388,0,7,381,LISTAS,,
71549,11_078_002,528,286,286,0,2,284,LISTAS,,
73701,12_001_001,205,132,132,0,2,130,LISTAS,,
73897,12_002_001,575,402,402,0,0,402,LISTAS,,
73899,12_002_002,589,378,378,0,3,375,LISTAS,,
73901,12_002_003,565,337,337,0,6,331,LISTAS,,
72919,12_003_001,740,397,397,0,3,394,LISTAS,,
73903,12_004_001,774,358,358,0,4,354,LISTAS,,
73905,12_004_002,720,393,393,0,3,390,LISTAS,,
73907,12_004_003,731,421,421,0,1,420,LISTAS,,
73909,12_004_004,631,276,276,0,3,273,LISTAS,,
73911,12_004_005,642,285,285,0,5,280,LISTAS,,
73913,12_004_006,671,358,358,0,2,356,LISTAS,,
73915,12_004_007,728,416,416,0,6,410,LISTAS,,
73917,12_004_008,722,343,343,0,1,342,LISTAS,,
73919,12_005_001,562,287,287,0,6,281,LISTAS,,
72341,12_006_001,750,461,461,0,2,459,LISTAS,,
72343,12_006_002,687,451,450,0,3,447,LISTAS,,
72345,12_006_003,772,489,489,0,3,486,LISTAS,,
73119,12_007_001,843,526,526,0,0,526,LISTAS,,
73121,12_007_002,773,482,482,0,1,481,LISTAS,,
73123,12_008_001,1233,709,709,0,5,704,LISTAS,,
73921,12_009_001,370,202,202,0,3,199,LISTAS,,
73923,12_010_001,753,451,450,0,1,449,LISTAS,,
73925,12_011_001,555,279,279,0,2,277,LISTAS,,
73927,12_011_002,605,333,333,0,2,331,LISTAS,,
73929,12_012_001,664,364,364,0,4,360,LISTAS,,
73931,12_012_002,647,331,331,0,1,330,LISTAS,,
73933,12_013_001,811,468,468,0,3,465,LISTAS,,
73935,12_013_002,644,371,371,0,2,369,LISTAS,,
73937,12_013_003,725,344,344,0,2,342,LISTAS,,
73939,12_013_004,750,478,478,0,6,472,LISTAS,,
73941,12_014_001,645,329,329,0,7,322,LISTAS,,
73943,12_015_001,739,482,482,0,0,482,LISTAS,,
73945,12_015_002,1003,582,582,0,7,575,LISTAS,,
73947,12_016_001,226,125,125,0,3,122,LISTAS,,
73949,12_017_001,667,405,405,0,3,402,LISTAS,,
73951,12_017_002,833,433,433,0,1,432,LISTAS,,
73953,12_018_001,351,203,203,0,2,201,LISTAS,,
73955,12_019_001,289,159,159,0,0,159,LISTAS,,
73125,12_020_001,1008,577,577,0,9,568,LISTAS,,
73127,12_020_002,795,437,437,0,4,433,LISTAS,,
73129,12_020_003,909,525,525,0,5,520,LISTAS,,
73957,12_021_001,825,560,560,0,1,559,LISTAS,,
73131,12_022_001,773,552,552,0,0,552,LISTAS,,
73133,12_023_001,1089,670,670,0,3,667,LISTAS,,
73135,12_023_002,1108,684,683,0,4,679,LISTAS,,
73137,12_023_003,1049,740,740,0,10,730,LISTAS,,
73139,12_023_004,744,412,412,0,0,412,LISTAS,,
73141,12_023_005,722,491,491,0,3,488,LISTAS,,
73143,12_023_006,825,477,477,0,3,474,LISTAS,,
73145,12_023_007,822,473,473,0,2,471,LISTAS,,
73147,12_023_008,1396,708,708,0,2,706,LISTAS,,
73149,12_023_009,1278,723,720,0,2,718,LISTAS,,
73699,12_023_010,963,570,570,0,7,563,LISTAS,,
73151,12_024_001,938,573,572,0,3,569,LISTAS,,
73959,12_025_001,747,458,458,0,4,454,LISTAS,,
73961,12_025_002,453,291,291,0,4,287,LISTAS,,
70027,12_026_001,345,239,239,0,4,235,LISTAS,,
73153,12_027_001,517,349,349,0,6,343,LISTAS,,
73155,12_028_001,817,546,545,0,9,536,LISTAS,,
73157,12_028_002,811,617,617,0,2,615,LISTAS,,
73159,12_028_003,759,539,537,0,1,536,LISTAS,,
73161,12_028_004,1018,611,611,0,1,610,LISTAS,,
73163,12_028_005,999,784,784,0,3,781,LISTAS,,
73165,12_028_006,994,654,654,0,8,646,LISTAS,,
73167,12_028_007,1005,756,756,0,3,753,LISTAS,,
73169,12_028_008,621,426,426,0,4,422,LISTAS,,
73171,12_028_009,524,386,386,0,4,382,LISTAS,,
73173,12_028_010,917,646,646,0,1,645,LISTAS,,
73175,12_028_011,1776,1434,1432,0,8,1424,LISTAS,,
73177,12_028_012,865,363,363,0,4,359,LISTAS,,
73179,12_028_013,803,488,488,0,3,485,LISTAS,,
73181,12_028_014,923,562,562,0,2,560,LISTAS,,
73183,12_028_015,1023,651,651,0,5,646,LISTAS,,
73377,12_028_016,572,395,395,0,5,390,LISTAS,,
73379,12_028_017,1277,735,735,0,2,733,LISTAS,,
73381,12_028_018,1253,872,872,0,4,868,LISTAS,,
73383,12_028_019,813,601,600,0,3,597,LISTAS,,
73385,12_028_020,975,665,665,0,4,661,LISTAS,,
73387,12_028_021,255,152,152,0,0,152,LISTAS,,
73389,12_028_022,680,352,352,0,3,349,LISTAS,,
73391,12_028_023,945,586,587,0,15,572,LISTAS,,
73393,12_028_024,933,593,593,0,0,593,LISTAS,,
73395,12_028_025,883,557,552,0,5,547,LISTAS,,
73397,12_028_026,804,405,405,0,4,401,LISTAS,,
73399,12_028_027,807,382,382,0,4,378,LISTAS,,
70029,12_029_001,490,332,332,0,0,332,LISTAS,,
73401,12_030_001,1121,699,699,0,5,694,LISTAS,,
73403,12_031_001,806,443,443,0,1,442,LISTAS,,
70031,12_032_001,866,544,544,0,0,544,LISTAS,,
70033,12_032_002,789,540,539,0,1,538,LISTAS,,
70035,12_033_001,556,269,269,0,1,268,LISTAS,,
73405,12_034_001,698,418,417,0,3,414,LISTAS,,
73407,12_034_002,766,489,489,0,2,487,LISTAS,,
73409,12_034_003,684,388,388,0,6,382,LISTAS,,
70037,12_035_001,850,512,511,0,2,509,LISTAS,,
70039,12_035_002,846,552,552,0,3,549,LISTAS,,
70041,12_035_003,767,404,404,0,3,401,LISTAS,,
70043,12_035_004,829,511,511,0,3,508,LISTAS,,
70045,12_035_005,826,464,464,0,6,458,LISTAS,,
70047,12_035_006,391,242,242,0,1,241,LISTAS,,
70049,12_036_001,414,218,218,0,3,215,LISTAS,,
70051,12_037_001,1044,634,634,0,4,630,LISTAS,,
70053,12_037_002,1063,655,655,0,6,649,LISTAS,,
70055,12_038_001,430,292,291,0,1,290,LISTAS,,
70057,12_038_002,971,635,635,0,3,632,LISTAS,,
70059,12_038_003,632,410,410,0,3,407,LISTAS,,
70061,12_038_004,889,576,575,0,2,573,LISTAS,,
70063,12_038_005,1009,678,678,0,5,673,LISTAS,,
70065,12_038_006,938,613,613,0,5,608,LISTAS,,
70067,12_038_007,1002,662,662,0,1,661,LISTAS,,
70069,12_038_008,775,562,562,0,3,559,LISTAS,,
70071,12_038_009,404,286,286,0,1,285,LISTAS,,
70073,12_038_010,1679,1351,1348,0,7,1341,LISTAS,,
70075,12_038_011,781,529,529,0,3,526,LISTAS,,
70373,12_038_012,664,411,411,0,2,409,LISTAS,,
70077,12_038_013,673,349,349,0,0,349,LISTAS,,
70079,12_038_014,975,647,647,0,3,644,LISTAS,,
70081,12_038_015,814,535,534,0,3,531,LISTAS,,
70083,12_038_016,844,496,496,0,2,494,LISTAS,,
70085,12_038_017,1089,624,624,0,6,618,LISTAS,,
70087,12_038_018,1117,738,738,0,2,736,LISTAS,,
70089,12_038_019,831,538,537,0,2,535,LISTAS,,
70287,12_039_001,855,482,482,0,4,478,LISTAS,,
70289,12_040_001,970,668,665,0,3,662,LISTAS,,
70291,12_040_002,880,613,612,0,2,610,LISTAS,,
70293,12_040_003,930,472,473,0,18,455,LISTAS,,
70295,12_040_004,943,484,484,0,3,481,LISTAS,,
73411,12_041_001,688,377,377,0,4,373,LISTAS,,
73413,12_041_002,797,470,470,0,4,466,LISTAS,,
73415,12_041_003,796,417,417,0,6,411,LISTAS,,
73417,12_041_004,977,562,562,0,0,562,LISTAS,,
73419,12_041_005,870,571,571,0,4,567,LISTAS,,
73421,12_042_001,1380,884,884,0,7,877,LISTAS,,
73423,12_043_001,531,301,301,0,1,300,LISTAS,,
70297,12_044_001,847,529,529,0,6,523,LISTAS,,
70299,12_044_002,942,539,539,0,1,538,LISTAS,,
73425,12_045_001,685,458,458,0,6,452,LISTAS,,
70301,12_046_001,807,502,502,0,2,500,LISTAS,,
70303,12_046_002,687,372,369,0,4,365,LISTAS,,
70305,12_046_003,761,431,431,0,0,431,LISTAS,,
70307,12_046_004,131,52,52,0,6,46,LISTAS,,
73427,12_047_001,633,336,336,0,3,333,LISTAS,,
73429,12_047_002,589,300,300,0,3,297,LISTAS,,
70309,12_048_001,1094,597,597,0,3,594,LISTAS,,
70311,12_048_002,874,453,453,0,4,449,LISTAS,,
70313,12_049_001,542,356,356,0,1,355,LISTAS,,
70315,12_049_002,545,334,334,0,0,334,LISTAS,,
73431,12_050_001,877,448,448,0,3,445,LISTAS,,
73433,12_050_002,1164,770,770,0,0,770,LISTAS,,
73435,12_050_003,946,632,632,0,4,628,LISTAS,,
73437,12_050_004,835,567,567,0,4,563,LISTAS,,
73439,12_050_005,763,468,468,0,2,466,LISTAS,,
73441,12_050_006,856,500,500,0,2,498,LISTAS,,
73637,12_050_007,702,449,449,0,2,447,LISTAS,,
70317,12_051_001,828,475,475,0,1,474,LISTAS,,
70319,12_051_002,969,623,623,0,5,618,LISTAS,,
70321,12_051_003,948,607,607,0,0,607,LISTAS,,
70323,12_051_004,1197,614,614,0,4,610,LISTAS,,
70325,12_051_005,1053,539,538,0,3,535,LISTAS,,
70327,12_051_006,808,437,437,0,3,434,LISTAS,,
70329,12_051_007,1020,484,483,0,3,480,LISTAS,,
70331,12_051_008,921,450,450,0,3,447,LISTAS,,
70333,12_051_009,910,526,526,0,8,518,LISTAS,,
70335,12_051_010,946,585,585,0,5,580,LISTAS,,
70337,12_051_011,961,582,582,0,3,579,LISTAS,,
70339,12_051_012,893,491,491,0,0,491,LISTAS,,
70341,12_051_013,985,541,540,0,2,538,LISTAS,,
70343,12_051_014,1019,667,667,0,2,665,LISTAS,,
70345,12_051_015,922,636,634,0,6,628,LISTAS,,
70347,12_051_016,940,513,513,0,6,507,LISTAS,,
73639,12_052_001,999,549,549,0,4,545,LISTAS,,
73641,12_052_002,971,628,628,0,2,626,LISTAS,,
73643,12_053_001,776,454,453,0,8,445,LISTAS,,
73645,12_053_002,831,534,534,0,7,527,LISTAS,,
70349,12_054_001,1124,617,617,0,8,609,LISTAS,,
73647,12_055_001,704,407,407,0,3,404,LISTAS,,
73649,12_055_002,761,461,460,0,6,454,LISTAS,,
73651,12_055_003,786,422,422,0,2,420,LISTAS,,
70351,12_056_001,987,477,477,0,7,470,LISTAS,,
73653,12_057_001,805,470,470,0,5,465,LISTAS,,
73655,12_057_002,881,566,566,0,0,566,LISTAS,,
70353,12_058_001,1207,651,652,0,16,636,LISTAS,,
72347,12_059_001,956,620,620,0,3,617,LISTAS,,
72349,12_059_002,933,600,599,0,4,595,LISTAS,,
73657,12_060_001,887,552,552,0,4,548,LISTAS,,
70355,12_061_001,714,443,443,0,4,439,LISTAS,,
70357,12_061_002,1000,607,607,0,7,600,LISTAS,,
73659,12_062_001,1298,710,711,0,23,688,LISTAS,,
73661,12_063_001,912,579,579,0,7,572,LISTAS,,
73663,12_063_002,1077,675,675,0,2,673,LISTAS,,
73665,12_063_003,115,56,56,0,0,56,LISTAS,,
72351,12_064_001,767,397,396,0,5,391,LISTAS,,
72353,12_064_002,790,517,517,0,2,515,LISTAS,,
72355,12_064_003,798,457,456,0,5,451,LISTAS,,
72357,12_064_004,787,465,465,0,4,461,LISTAS,,
72359,12_064_005,795,558,558,0,0,558,LISTAS,,
72361,12_064_006,767,470,470,0,1,469,LISTAS,,
72363,12_064_007,817,542,542,0,2,540,LISTAS,,
72365,12_064_008,677,518,517,0,2,515,LISTAS,,
72367,12_064_009,739,476,476,0,2,474,LISTAS,,
72371,12_064_010,684,435,435,0,1,434,LISTAS,,
72369,12_064_011,631,417,417,0,1,416,LISTAS,,
72373,12_064_012,1134,712,712,0,7,705,LISTAS,,
72375,12_064_013,682,518,518,0,1,517,LISTAS,,
72377,12_064_014,746,541,541,0,4,537,LISTAS,,
72379,12_064_015,796,596,596,0,2,594,LISTAS,,
72381,12_064_016,774,535,535,0,5,530,LISTAS,,
72383,12_064_017,814,523,522,0,2,520,LISTAS,,
72385,12_064_018,726,435,435,0,5,430,LISTAS,,
72387,12_064_019,756,505,505,0,5,500,LISTAS,,
72389,12_064_020,806,577,577,0,1,576,LISTAS,,
72391,12_064_021,839,617,617,0,4,613,LISTAS,,
72393,12_064_022,973,512,512,0,0,512,LISTAS,,
72915,12_064_023,1090,728,728,0,2,726,LISTAS,,
72395,12_064_024,483,333,333,0,0,333,LISTAS,,
72397,12_065_001,995,634,634,0,1,633,LISTAS,,
72593,12_065_002,940,568,568,0,1,567,LISTAS,,
72595,12_065_003,619,277,277,0,1,276,LISTAS,,
72597,12_065_004,679,189,189,0,1,188,LISTAS,,
72599,12_065_005,840,250,250,0,5,245,LISTAS,,
72601,12_065_006,870,453,453,0,2,451,LISTAS,,
72603,12_065_007,973,603,602,0,5,597,LISTAS,,
72605,12_065_008,1058,605,607,0,36,571,LISTAS,,
72607,12_065_009,655,360,360,0,1,359,LISTAS,,
72609,12_065_010,927,680,679,0,5,674,LISTAS,,
72611,12_065_011,877,600,599,0,0,599,LISTAS,,
72613,12_065_012,1105,718,718,0,2,716,LISTAS,,
72615,12_065_013,1029,666,666,0,7,659,LISTAS,,
72617,12_065_014,962,520,520,0,0,520,LISTAS,,
72619,12_065_015,771,413,413,0,1,412,LISTAS,,
72621,12_065_016,725,435,435,0,4,431,LISTAS,,
72623,12_065_017,1095,729,729,0,4,725,LISTAS,,
72625,12_065_018,1091,745,745,0,2,743,LISTAS,,
72627,12_065_019,1082,781,781,0,10,771,LISTAS,,
72629,12_065_020,854,587,585,0,2,583,LISTAS,,
72631,12_065_021,828,582,582,0,1,581,LISTAS,,
72633,12_065_022,940,565,563,0,5,558,LISTAS,,
72635,12_065_023,940,608,607,0,1,606,LISTAS,,
72637,12_065_024,917,551,551,0,3,548,LISTAS,,
72639,12_065_025,1698,1386,1378,0,8,1370,LISTAS,,
72641,12_065_026,773,450,450,0,4,446,LISTAS,,
72643,12_065_027,910,584,584,0,4,580,LISTAS,,
72645,12_065_028,1120,615,615,0,6,609,LISTAS,,
72647,12_065_029,938,571,571,0,5,566,LISTAS,,
72649,12_065_030,897,533,533,0,1,532,LISTAS,,
72651,12_065_031,904,555,555,0,5,550,LISTAS,,
72653,12_065_032,911,549,549,0,2,547,LISTAS,,
72655,12_065_033,860,536,536,0,8,528,LISTAS,,
72857,12_065_034,1046,583,582,0,1,581,LISTAS,,
72859,12_065_035,968,600,600,0,6,594,LISTAS,,
72917,12_065_036,959,588,588,0,0,588,LISTAS,,
72861,12_065_037,1728,576,574,0,9,565,LISTAS,,
72863,12_065_038,1006,648,648,0,6,642,LISTAS,,
72865,12_065_039,1042,581,579,0,1,578,LISTAS,,
72867,12_065_040,936,511,511,0,4,507,LISTAS,,
72869,12_065_041,919,537,537,0,4,533,LISTAS,,
72871,12_065_042,848,468,469,0,18,451,LISTAS,,
72873,12_065_043,838,525,525,0,2,523,LISTAS,,
72875,12_065_044,969,587,587,0,2,585,LISTAS,,
72877,12_065_045,951,560,558,0,7,551,LISTAS,,
72879,12_065_046,867,533,533,0,1,532,LISTAS,,
72881,12_065_047,983,634,632,0,3,629,LISTAS,,
72883,12_065_048,860,564,564,0,4,560,LISTAS,,
72885,12_065_049,1023,614,614,0,1,613,LISTAS,,
72887,12_065_050,838,496,495,0,2,493,LISTAS,,
72889,12_065_051,786,446,446,0,2,444,LISTAS,,
72891,12_065_052,809,520,520,0,0,520,LISTAS,,
72893,12_065_053,1143,724,724,0,3,721,LISTAS,,
72895,12_065_054,977,452,452,0,2,450,LISTAS,,
72897,12_065_055,933,416,416,0,4,412,LISTAS,,
72899,12_065_056,898,393,393,0,1,392,LISTAS,,
72901,12_065_057,922,595,595,0,3,592,LISTAS,,
72903,12_065_058,1082,694,693,0,5,688,LISTAS,,
72905,12_065_059,1092,698,698,0,2,696,LISTAS,,
72907,12_065_060,921,451,450,0,0,450,LISTAS,,
70359,12_066_001,1009,545,545,0,0,545,LISTAS,,
70361,12_066_002,199,86,86,0,0,86,LISTAS,,
73667,12_067_001,570,383,383,0,5,378,LISTAS,,
73669,12_067_002,1043,682,682,0,3,679,LISTAS,,
73671,12_067_003,724,438,433,0,1,432,LISTAS,,
73673,12_067_004,761,489,489,0,4,485,LISTAS,,
73675,12_067_005,794,475,473,0,3,470,LISTAS,,
73677,12_067_006,601,387,387,0,3,384,LISTAS,,
73679,12_068_001,211,91,91,0,5,86,LISTAS,,
73681,12_068_002,678,409,409,0,1,408,LISTAS,,
73683,12_068_003,722,461,461,0,4,457,LISTAS,,
73685,12_068_004,744,395,395,0,8,387,LISTAS,,
73687,12_068_005,1062,642,641,0,2,639,LISTAS,,
73689,12_069_001,813,427,427,0,2,425,LISTAS,,
73691,12_069_002,815,472,472,0,4,468,LISTAS,,
73693,12_069_003,683,395,395,0,12,383,LISTAS,,
73695,12_070_001,569,333,333,0,5,328,LISTAS,,
70363,12_071_001,486,340,340,0,6,334,LISTAS,,
70365,12_072_001,483,313,313,0,4,309,LISTAS,,
70367,12_073_001,1089,679,679,0,0,679,LISTAS,,
72909,12_074_001,807,513,513,0,1,512,LISTAS,,
72911,12_074_002,863,403,403,0,3,400,LISTAS,,
72913,12_074_003,863,606,605,0,5,600,LISTAS,,
73697,12_075_001,421,253,253,0,5,248,LISTAS,,
70369,12_076_001,719,392,392,0,2,390,LISTAS,,
70371,12_076_002,644,378,378,0,0,378,LISTAS,,
71421,13_001_001,500,311,311,0,8,303,LISTAS,,
70375,13_002_001,222,142,142,0,3,139,LISTAS,,
71423,13_003_001,2177,1738,1739,0,14,1725,LISTAS,,
71425,13_003_002,867,531,530,0,3,527,LISTAS,,
71427,13_003_003,864,556,556,0,4,552,LISTAS,,
71429,13_003_004,752,478,478,0,6,472,LISTAS,,
71431,13_003_005,810,555,555,0,10,545,LISTAS,,
71433,13_003_006,846,540,540,0,2,538,LISTAS,,
71435,13_003_007,836,541,541,0,2,539,LISTAS,,
71437,13_003_008,822,502,502,0,7,495,LISTAS,,
71439,13_003_009,756,508,506,0,3,503,LISTAS,,
71441,13_003_010,939,554,554,0,7,547,LISTAS,,
71443,13_003_011,677,462,462,0,2,460,LISTAS,,
71445,13_003_012,827,517,517,0,3,514,LISTAS,,
71447,13_003_013,771,531,530,0,4,526,LISTAS,,
71449,13_003_014,802,572,572,0,8,564,LISTAS,,
71451,13_003_015,771,554,557,0,32,525,LISTAS,,
71453,13_003_016,795,572,572,0,4,568,LISTAS,,
71455,13_004_001,573,399,400,0,12,388,LISTAS,,
70377,13_005_001,858,500,500,0,0,500,LISTAS,,
70379,13_006_001,616,355,355,0,1,354,LISTAS,,
70381,13_006_002,666,395,395,0,3,392,LISTAS,,
70383,13_006_003,695,406,406,0,13,393,LISTAS,,
70385,13_006_004,564,304,304,0,2,302,LISTAS,,
70387,13_006_005,731,360,359,0,0,359,LISTAS,,
70389,13_006_006,638,399,399,0,2,397,LISTAS,,
70391,13_006_007,1217,690,691,0,15,676,LISTAS,,
70393,13_006_008,596,360,360,0,2,358,LISTAS,,
70395,13_006_009,628,445,445,0,2,443,LISTAS,,
70397,13_006_010,778,507,506,0,1,505,LISTAS,,
70399,13_006_011,699,387,387,0,2,385,LISTAS,,
70401,13_006_012,642,394,394,0,1,393,LISTAS,,
71215,13_006_013,693,390,389,0,4,385,LISTAS,,
71217,13_006_014,622,299,299,0,5,294,LISTAS,,
71419,13_006_015,690,390,390,0,1,389,LISTAS,,
71457,13_007_001,470,300,300,0,5,295,LISTAS,,
71459,13_008_001,763,465,465,0,7,458,LISTAS,,
71461,13_008_002,751,502,502,0,3,499,LISTAS,,
71463,13_009_001,507,316,316,0,2,314,LISTAS,,
71465,13_010_001,294,193,193,0,1,192,LISTAS,,
70403,13_011_001,106,89,85,0,1,84,LISTAS,,
71467,13_012_001,765,402,402,0,7,395,LISTAS,,
70405,13_013_001,876,467,466,0,12,454,LISTAS,,
70407,13_013_002,831,463,463,0,3,460,LISTAS,,
70409,13_014_001,943,476,476,0,6,470,LISTAS,,
71469,13_015_001,286,189,189,0,2,187,LISTAS,,
71471,13_016_001,682,445,445,0,2,443,LISTAS,,
70411,13_017_001,120,86,86,0,4,82,LISTAS,,
71473,13_018_001,249,150,150,0,4,146,LISTAS,,
70413,13_019_001,748,415,414,0,5,409,LISTAS,,
71475,13_020_001,361,211,211,0,2,209,LISTAS,,
71477,13_021_001,73,51,51,0,0,51,LISTAS,,
71479,13_022_001,1135,686,683,0,8,675,LISTAS,,
71481,13_023_001,684,414,414,0,3,411,LISTAS,,
71679,13_023_002,796,474,474,0,6,468,LISTAS,,
71681,13_023_003,741,423,423,0,5,418,LISTAS,,
70415,13_024_001,545,369,369,0,6,363,LISTAS,,
70417,13_024_002,341,194,194,0,4,190,LISTAS,,
71683,13_025_001,1147,677,676,0,10,666,LISTAS,,
70619,13_026_001,927,463,463,0,4,459,LISTAS,,
70621,13_027_001,418,246,246,0,2,244,LISTAS,,
71685,13_028_001,584,375,375,0,5,370,LISTAS,,
71687,13_029_001,906,462,462,0,9,453,LISTAS,,
71689,13_030_001,439,288,288,0,7,281,LISTAS,,
71691,13_031_001,445,233,233,0,9,224,LISTAS,,
71693,13_032_001,706,423,423,0,1,422,LISTAS,,
71695,13_032_002,146,85,85,0,1,84,LISTAS,,
71697,13_032_003,255,124,124,0,3,121,LISTAS,,
71699,13_033_001,717,443,443,0,7,436,LISTAS,,
71701,13_033_002,850,506,506,0,4,502,LISTAS,,
71703,13_033_003,638,413,413,0,1,412,LISTAS,,
71705,13_033_004,725,421,421,0,1,420,LISTAS,,
71707,13_034_001,487,321,321,0,5,316,LISTAS,,
70623,13_035_001,128,88,88,0,5,83,LISTAS,,
71709,13_036_001,522,294,294,0,2,292,LISTAS,,
70625,13_037_001,46,41,41,0,1,40,LISTAS,,
71711,13_038_001,512,324,324,0,2,322,LISTAS,,
70627,13_039_001,798,468,466,0,8,458,LISTAS,,
70629,13_040_001,298,218,218,0,3,215,LISTAS,,
71713,13_041_001,421,251,252,0,6,246,LISTAS,,
71715,13_042_001,150,118,118,0,0,118,LISTAS,,
71717,13_043_001,645,373,372,0,18,354,LISTAS,,
71719,13_044_001,153,102,102,0,0,102,LISTAS,,
71721,13_045_001,366,222,222,0,8,214,LISTAS,,
71723,13_046_001,688,425,425,0,5,420,LISTAS,,
70631,13_047_001,842,480,477,0,3,474,LISTAS,,
70633,13_047_002,794,505,505,0,2,503,LISTAS,,
71725,13_048_001,675,398,398,0,2,396,LISTAS,,
71727,13_048_002,577,334,334,0,4,330,LISTAS,,
71729,13_049_001,722,414,414,0,6,408,LISTAS,,
71731,13_050_001,716,389,389,0,6,383,LISTAS,,
71733,13_050_002,582,331,331,0,2,329,LISTAS,,
71735,13_050_003,180,111,111,0,0,111,LISTAS,,
71737,13_051_001,729,401,403,0,25,378,LISTAS,,
71739,13_051_002,745,471,471,0,2,469,LISTAS,,
71741,13_051_003,676,420,420,0,1,419,LISTAS,,
71743,13_052_001,936,542,542,0,8,534,LISTAS,,
70635,13_053_001,589,341,341,0,8,333,LISTAS,,
70637,13_053_002,660,309,309,0,1,308,LISTAS,,
70639,13_053_003,282,111,111,0,3,108,LISTAS,,
71943,13_054_001,1054,518,518,0,11,507,LISTAS,,
71945,13_055_001,573,354,354,0,1,353,LISTAS,,
71947,13_056_001,402,296,295,0,1,294,LISTAS,,
70641,13_057_001,361,208,208,0,0,208,LISTAS,,
70643,13_058_001,159,124,124,0,2,122,LISTAS,,
71949,13_059_001,150,103,103,0,3,100,LISTAS,,
70645,13_060_001,476,312,312,0,4,308,LISTAS,,
70647,13_061_001,144,113,113,0,1,112,LISTAS,,
70649,13_062_001,86,66,66,0,0,66,LISTAS,,
71951,13_063_001,361,210,210,0,3,207,LISTAS,,
71953,13_064_001,640,409,409,0,12,397,LISTAS,,
70651,13_065_001,488,296,296,0,9,287,LISTAS,,
71955,13_066_001,619,297,297,0,9,288,LISTAS,,
71957,13_066_002,404,217,217,0,6,211,LISTAS,,
71959,13_067_001,625,407,406,0,8,398,LISTAS,,
71961,13_068_001,952,540,541,0,21,520,LISTAS,,
70653,13_069_001,189,150,150,0,1,149,LISTAS,,
70655,13_070_001,665,431,431,0,8,423,LISTAS,,
70657,13_071_001,937,564,564,0,4,560,LISTAS,,
70659,13_071_002,509,262,262,0,4,258,LISTAS,,
70661,13_072_001,789,441,441,0,2,439,LISTAS,,
71211,13_073_001,1260,768,766,0,8,758,LISTAS,,
70663,13_074_001,924,505,505,0,5,500,LISTAS,,
70665,13_074_002,605,362,362,0,4,358,LISTAS,,
70667,13_075_001,649,355,355,0,4,351,LISTAS,,
70669,13_075_002,632,294,294,0,14,280,LISTAS,,
70671,13_075_003,233,144,144,0,0,144,LISTAS,,
71963,13_076_001,512,345,345,0,4,341,LISTAS,,
71965,13_077_001,738,347,347,0,19,328,LISTAS,,
70673,13_078_001,515,305,305,0,15,290,LISTAS,,
70675,13_079_001,213,142,142,0,1,141,LISTAS,,
71967,13_080_001,648,389,390,0,5,385,LISTAS,,
71969,13_080_002,494,271,271,0,9,262,LISTAS,,
71971,13_080_003,62,50,50,0,0,50,LISTAS,,
71973,13_081_001,793,401,401,0,6,395,LISTAS,,
71975,13_081_002,874,502,502,0,7,495,LISTAS,,
70677,13_082_001,616,387,387,0,4,383,LISTAS,,
71977,13_083_001,930,556,556,0,5,551,LISTAS,,
71979,13_084_001,694,459,459,0,5,454,LISTAS,,
71981,13_084_002,513,337,337,0,3,334,LISTAS,,
71983,13_085_001,549,309,309,0,1,308,LISTAS,,
71985,13_086_001,427,228,227,0,2,225,LISTAS,,
71987,13_087_001,617,363,363,0,15,348,LISTAS,,
71989,13_087_002,613,355,355,0,10,345,LISTAS,,
71991,13_088_001,738,501,501,0,9,492,LISTAS,,
71993,13_089_001,609,360,360,0,1,359,LISTAS,,
71995,13_090_001,469,253,252,0,9,243,LISTAS,,
71997,13_091_001,949,605,605,0,1,604,LISTAS,,
71999,13_092_001,844,551,551,0,4,547,LISTAS,,
72001,13_093_001,280,200,200,0,0,200,LISTAS,,
70679,13_094_001,597,360,360,0,3,357,LISTAS,,
70681,13_094_002,731,459,459,0,1,458,LISTAS,,
72003,13_095_001,745,501,501,0,12,489,LISTAS,,
72005,13_096_001,575,382,382,0,13,369,LISTAS,,
70683,13_097_001,955,612,612,0,6,606,LISTAS,,
70685,13_097_002,991,552,552,0,3,549,LISTAS,,
70887,13_097_003,784,533,533,0,3,530,LISTAS,,
70889,13_097_004,840,589,589,0,4,585,LISTAS,,
70891,13_097_005,1030,641,641,0,8,633,LISTAS,,
70893,13_097_006,958,605,605,0,5,600,LISTAS,,
70895,13_097_007,1095,770,769,0,9,760,LISTAS,,
70897,13_097_008,767,539,539,0,7,532,LISTAS,,
70899,13_097_009,323,220,220,0,7,213,LISTAS,,
72007,13_098_001,479,286,286,0,2,284,LISTAS,,
72203,13_099_001,121,100,100,0,0,100,LISTAS,,
72205,13_100_001,1165,770,770,0,5,765,LISTAS,,
72207,13_100_002,1113,737,737,0,4,733,LISTAS,,
72209,13_101_001,801,450,450,0,18,432,LISTAS,,
72211,13_101_002,585,366,366,0,2,364,LISTAS,,
72213,13_102_001,844,522,522,0,4,518,LISTAS,,
72215,13_102_002,910,508,506,0,9,497,LISTAS,,
70901,13_103_001,230,134,134,0,5,129,LISTAS,,
70903,13_103_002,214,139,139,0,1,138,LISTAS,,
70905,13_103_003,864,567,567,0,5,562,LISTAS,,
70907,13_103_004,809,547,547,0,3,544,LISTAS,,
70909,13_103_005,1064,679,679,0,2,677,LISTAS,,
70911,13_103_006,667,472,473,0,17,456,LISTAS,,
71157,13_103_007,873,602,602,0,3,599,LISTAS,,
70913,13_103_008,844,573,573,0,2,571,LISTAS,,
70915,13_103_009,818,562,562,0,2,560,LISTAS,,
70917,13_103_010,118,72,72,0,2,70,LISTAS,,
70919,13_103_011,133,100,100,0,2,98,LISTAS,,
70921,13_103_012,551,312,312,0,0,312,LISTAS,,
70923,13_103_013,955,543,545,0,23,522,LISTAS,,
70925,13_103_014,770,406,406,0,11,395,LISTAS,,
70927,13_103_015,597,316,316,0,2,314,LISTAS,,
70929,13_103_016,997,563,563,0,3,560,LISTAS,,
70931,13_103_017,2249,1825,1819,0,6,1813,LISTAS,,
70933,13_103_018,1226,788,785,0,30,755,LISTAS,,
70935,13_103_019,561,342,342,0,2,340,LISTAS,,
70937,13_103_020,652,416,416,0,3,413,LISTAS,,
70939,13_103_021,981,703,702,0,4,698,LISTAS,,
70941,13_103_022,827,519,519,0,4,515,LISTAS,,
70943,13_103_023,657,457,456,0,1,455,LISTAS,,
70945,13_103_024,690,401,401,0,0,401,LISTAS,,
70947,13_103_025,894,570,570,0,2,568,LISTAS,,
70949,13_103_026,991,449,449,0,2,447,LISTAS,,
71153,13_103_027,1034,577,577,0,3,574,LISTAS,,
71155,13_103_028,880,551,551,0,7,544,LISTAS,,
71159,13_103_029,828,500,499,0,8,491,LISTAS,,
71161,13_103_030,620,400,400,0,2,398,LISTAS,,
71163,13_103_031,854,557,557,0,3,554,LISTAS,,
71165,13_103_032,722,341,341,0,12,329,LISTAS,,
71167,13_103_033,700,341,341,0,3,338,LISTAS,,
71213,13_103_034,801,442,441,0,4,437,LISTAS,,
71169,13_103_035,927,473,473,0,5,468,LISTAS,,
71171,13_103_036,855,349,349,0,9,340,LISTAS,,
71173,13_103_037,604,361,361,0,4,357,LISTAS,,
71175,13_103_038,1352,848,840,0,5,835,LISTAS,,
71177,13_103_039,955,556,555,0,4,551,LISTAS,,
71179,13_103_040,788,492,492,0,5,487,LISTAS,,
72217,13_104_001,769,394,394,0,7,387,LISTAS,,
71181,13_105_001,225,170,170,0,0,170,LISTAS,,
71183,13_106_001,622,307,307,0,5,302,LISTAS,,
72219,13_107_001,353,225,225,0,13,212,LISTAS,,
72221,13_108_001,386,245,245,0,4,241,LISTAS,,
72223,13_108_002,161,95,95,0,0,95,LISTAS,,
71185,13_109_001,334,201,201,0,1,200,LISTAS,,
72225,13_110_001,394,207,207,0,18,189,LISTAS,,
72227,13_111_001,1022,675,675,0,29,646,LISTAS,,
72229,13_111_002,251,162,162,0,2,160,LISTAS,,
72231,13_112_001,298,180,180,0,0,180,LISTAS,,
72233,13_113_001,189,142,142,0,1,141,LISTAS,,
72235,13_114_001,1108,719,719,0,5,714,LISTAS,,
72237,13_114_002,1136,714,713,0,5,708,LISTAS,,
72239,13_114_003,1142,746,746,0,6,740,LISTAS,,
72241,13_114_004,1173,737,737,0,6,731,LISTAS,,
72243,13_114_005,158,110,110,0,0,110,LISTAS,,
72245,13_114_006,229,124,124,0,2,122,LISTAS,,
72247,13_115_001,364,225,225,0,5,220,LISTAS,,
71187,13_116_001,247,142,142,0,0,142,LISTAS,,
72249,13_117_001,837,382,382,0,9,373,LISTAS,,
71189,13_118_001,410,288,288,0,2,286,LISTAS,,
71191,13_118_002,89,72,72,0,1,71,LISTAS,,
71193,13_119_001,969,631,630,0,12,618,LISTAS,,
71195,13_119_002,684,416,415,0,4,411,LISTAS,,
72251,13_120_001,609,377,375,0,2,373,LISTAS,,
72253,13_120_002,558,373,373,0,2,371,LISTAS,,
71197,13_121_001,838,424,424,0,4,420,LISTAS,,
71199,13_121_002,713,442,442,0,0,442,LISTAS,,
72255,13_122_001,540,311,311,0,15,296,LISTAS,,
72257,13_123_001,307,225,225,0,2,223,LISTAS,,
72259,13_124_001,614,398,398,0,4,394,LISTAS,,
72261,13_125_001,1043,576,576,0,9,567,LISTAS,,
72263,13_126_001,613,356,355,0,9,346,LISTAS,,
72265,13_126_002,733,484,484,0,1,483,LISTAS,,
71201,13_127_001,1115,607,607,0,3,604,LISTAS,,
71203,13_128_001,385,170,170,0,3,167,LISTAS,,
71205,13_129_001,507,314,313,0,7,306,LISTAS,,
72267,13_130_001,519,318,318,0,14,304,LISTAS,,
71207,13_131_001,1027,610,610,0,6,604,LISTAS,,
71209,13_131_002,873,547,546,0,0,546,LISTAS,,
72667,14_001_001,766,350,350,0,4,346,LISTAS,,
72669,14_001_002,780,425,425,0,4,421,LISTAS,,
72671,14_001_003,735,354,352,0,6,346,LISTAS,,
72673,14_001_004,746,405,405,0,3,402,LISTAS,,
72675,14_001_005,728,395,395,0,1,394,LISTAS,,
72677,14_001_006,716,386,386,0,1,385,LISTAS,,
72679,14_001_007,738,409,409,0,1,408,LISTAS,,
72681,14_001_008,746,411,411,0,3,408,LISTAS,,
72683,14_001_009,747,372,372,0,2,370,LISTAS,,
72685,14_001_010,771,392,392,0,1,391,LISTAS,,
72687,14_001_011,747,444,444,0,3,441,LISTAS,,
72689,14_001_012,729,416,416,0,1,415,LISTAS,,
72691,14_001_013,743,441,441,0,2,439,LISTAS,,
72693,14_001_014,734,443,443,0,4,439,LISTAS,,
73229,14_001_015,719,424,424,0,5,419,LISTAS,,
73231,14_001_016,654,403,403,0,0,403,LISTAS,,
70217,14_002_001,1116,588,580,0,6,574,LISTAS,,
71121,14_003_001,591,372,371,0,2,369,LISTAS,,
71123,14_003_002,619,399,399,0,4,395,LISTAS,,
71125,14_003_003,605,305,305,0,1,304,LISTAS,,
71127,14_003_004,564,317,317,0,0,317,LISTAS,,
71129,14_003_005,605,361,360,0,0,360,LISTAS,,
71131,14_003_006,663,362,362,0,2,360,LISTAS,,
71133,14_003_007,663,350,350,0,0,350,LISTAS,,
71135,14_003_008,641,371,371,0,4,367,LISTAS,,
71137,14_003_009,635,383,383,0,4,379,LISTAS,,
71139,14_003_010,615,288,288,0,2,286,LISTAS,,
71883,14_003_011,621,362,362,0,4,358,LISTAS,,
71885,14_003_012,606,311,311,0,3,308,LISTAS,,
71887,14_003_013,566,336,335,0,3,332,LISTAS,,
71889,14_003_014,594,309,308,0,2,306,LISTAS,,
71891,14_003_015,608,327,327,0,1,326,LISTAS,,
71893,14_003_016,680,336,336,0,4,332,LISTAS,,
71895,14_004_001,738,478,478,0,2,476,LISTAS,,
71897,14_004_002,760,430,430,0,0,430,LISTAS,,
71899,14_004_003,781,450,450,0,2,448,LISTAS,,
71901,14_004_004,729,490,489,0,5,484,LISTAS,,
71903,14_004_005,961,589,589,0,1,588,LISTAS,,
71905,14_005_001,963,451,451,0,8,443,LISTAS,,
71767,14_006_001,834,500,500,0,2,498,LISTAS,,
71769,14_006_002,796,531,530,0,3,527,LISTAS,,
71771,14_006_003,766,475,475,0,0,475,LISTAS,,
71773,14_006_004,996,649,627,0,6,621,LISTAS,,
71775,14_006_005,571,359,359,0,0,359,LISTAS,,
71777,14_006_006,894,512,512,0,3,509,LISTAS,,
71907,14_007_001,941,541,541,0,2,539,LISTAS,,
71779,14_008_001,727,515,515,0,6,509,LISTAS,,
71781,14_008_002,754,468,468,0,1,467,LISTAS,,
71783,14_008_003,813,485,485,0,2,483,LISTAS,,
71785,14_008_004,682,474,474,0,1,473,LISTAS,,
70219,14_009_001,690,439,438,0,2,436,LISTAS,,
71141,14_010_001,938,557,557,0,7,550,LISTAS,,
73027,14_011_001,1184,816,817,0,20,797,LISTAS,,
73029,14_011_002,1074,693,693,0,4,689,LISTAS,,
73031,14_011_003,1127,803,802,0,3,799,LISTAS,,
73033,14_011_004,1250,938,938,0,4,934,LISTAS,,
73035,14_011_005,1092,767,770,0,36,734,LISTAS,,
73037,14_011_006,1073,765,765,0,5,760,LISTAS,,
73039,14_011_007,1210,713,712,0,7,705,LISTAS,,
73041,14_011_008,1195,860,861,0,18,843,LISTAS,,
73043,14_012_001,696,513,513,0,2,511,LISTAS,,
73767,14_012_002,692,507,527,0,111,416,LISTAS,,
73789,14_013_001,1131,819,819,0,3,816,LISTAS,,
73791,14_013_002,983,671,671,0,5,666,LISTAS,,
73793,14_013_003,1169,869,867,0,6,861,LISTAS,,
73795,14_013_004,986,610,610,0,3,607,LISTAS,,
73797,14_013_005,1032,727,726,0,9,717,LISTAS,,
73799,14_013_006,976,783,783,0,8,775,LISTAS,,
73801,14_013_007,1056,771,769,0,3,766,LISTAS,,
73803,14_013_008,985,709,709,0,2,707,LISTAS,,
73045,14_014_001,711,577,577,0,2,575,LISTAS,,
73047,14_014_002,618,459,459,0,2,457,LISTAS,,
73049,14_014_003,749,503,505,0,40,465,LISTAS,,
73051,14_014_004,2309,1932,1926,0,6,1920,LISTAS,,
73053,14_014_005,760,526,526,0,1,525,LISTAS,,
73251,14_014_006,710,539,539,0,7,532,LISTAS,,
73253,14_014_007,615,510,510,0,3,507,LISTAS,,
73255,14_014_008,682,548,548,0,2,546,LISTAS,,
73257,14_014_009,679,483,483,0,0,483,LISTAS,,
73259,14_014_010,666,482,482,0,3,479,LISTAS,,
73775,14_014_011,625,448,448,0,3,445,LISTAS,,
73777,14_014_012,689,559,559,0,3,556,LISTAS,,
73779,14_014_013,734,546,546,0,0,546,LISTAS,,
73781,14_014_014,596,418,417,0,4,413,LISTAS,,
73783,14_014_015,766,539,538,0,2,536,LISTAS,,
73785,14_014_016,607,417,417,0,4,413,LISTAS,,
73261,14_015_001,1068,790,788,0,9,779,LISTAS,,
73263,14_015_002,1182,767,767,0,7,760,LISTAS,,
73265,14_015_003,1116,754,755,0,26,729,LISTAS,,
73267,14_015_004,1063,789,787,0,4,783,LISTAS,,
73269,14_015_005,1124,837,837,0,7,830,LISTAS,,
73271,14_015_006,986,743,743,0,3,740,LISTAS,,
73273,14_015_007,1104,861,861,0,3,858,LISTAS,,
73275,14_015_008,1093,857,858,0,20,838,LISTAS,,
73277,14_015_009,1080,700,700,0,4,696,LISTAS,,
73279,14_015_010,1101,690,690,0,5,685,LISTAS,,
73281,14_015_011,1101,669,668,0,9,659,LISTAS,,
73283,14_015_012,1101,682,682,0,1,681,LISTAS,,
73285,14_015_013,1103,713,713,0,1,712,LISTAS,,
73287,14_015_014,1167,741,740,0,5,735,LISTAS,,
73289,14_015_015,1098,799,799,0,6,793,LISTAS,,
73291,14_015_016,1092,807,807,0,5,802,LISTAS,,
73293,14_015_017,1090,853,853,0,5,848,LISTAS,,
73295,14_015_018,1142,899,898,0,2,896,LISTAS,,
73297,14_015_019,891,674,674,0,3,671,LISTAS,,
73299,14_015_020,1044,774,774,0,3,771,LISTAS,,
71909,14_016_001,734,404,404,0,2,402,LISTAS,,
71911,14_016_002,764,415,415,0,2,413,LISTAS,,
71913,14_016_003,652,365,364,0,2,362,LISTAS,,
71915,14_016_004,711,394,394,0,3,391,LISTAS,,
71917,14_016_005,873,458,458,0,5,453,LISTAS,,
71919,14_016_006,218,104,104,0,2,102,LISTAS,,
71921,14_016_007,190,78,78,0,0,78,LISTAS,,
72695,14_017_001,843,585,585,0,3,582,LISTAS,,
72697,14_017_002,776,499,513,0,75,438,LISTAS,,
72699,14_017_003,1144,806,805,0,5,800,LISTAS,,
72701,14_017_004,772,518,518,0,3,515,LISTAS,,
72703,14_017_005,1095,711,711,0,3,708,LISTAS,,
72705,14_017_006,767,565,565,0,3,562,LISTAS,,
72707,14_017_007,1451,1113,1110,0,6,1104,LISTAS,,
72709,14_017_008,652,464,464,0,5,459,LISTAS,,
72711,14_017_009,898,651,650,0,3,647,LISTAS,,
72713,14_017_010,949,667,665,0,1,664,LISTAS,,
72715,14_017_011,641,444,444,0,6,438,LISTAS,,
72717,14_017_012,672,467,467,0,4,463,LISTAS,,
72719,14_017_013,1335,824,824,0,2,822,LISTAS,,
72721,14_017_014,1080,663,653,0,8,645,LISTAS,,
72723,14_017_015,900,650,650,0,2,648,LISTAS,,
72921,14_017_016,824,569,570,0,15,555,LISTAS,,
72923,14_017_017,880,540,539,0,3,536,LISTAS,,
72925,14_017_018,761,321,321,0,6,315,LISTAS,,
72927,14_017_019,215,73,73,0,0,73,LISTAS,,
72929,14_017_020,1170,619,619,0,6,613,LISTAS,,
72931,14_017_021,999,507,507,0,4,503,LISTAS,,
72933,14_017_022,1085,642,642,0,9,633,LISTAS,,
72935,14_017_023,1136,743,743,0,7,736,LISTAS,,
72937,14_017_024,842,495,495,0,2,493,LISTAS,,
72939,14_017_025,881,497,497,0,5,492,LISTAS,,
72941,14_017_026,1100,409,409,0,7,402,LISTAS,,
72943,14_017_027,1039,545,545,0,4,541,LISTAS,,
72945,14_017_028,813,530,530,0,3,527,LISTAS,,
72947,14_017_029,654,332,332,0,1,331,LISTAS,,
72949,14_017_030,694,454,454,0,0,454,LISTAS,,
72951,14_017_031,943,684,684,0,6,678,LISTAS,,
72953,14_017_032,1280,678,678,0,5,673,LISTAS,,
72955,14_017_033,1077,611,611,0,7,604,LISTAS,,
71143,14_018_001,779,449,449,0,2,447,LISTAS,,
71145,14_018_002,731,439,439,0,1,438,LISTAS,,
71147,14_018_003,737,429,429,0,2,427,LISTAS,,
71149,14_018_004,652,397,397,0,3,394,LISTAS,,
71151,14_018_005,653,398,398,0,2,396,LISTAS,,
72957,14_019_001,1209,671,671,0,7,664,LISTAS,,
72959,14_019_002,888,385,388,0,23,365,LISTAS,,
72961,14_019_003,1221,573,573,0,1,572,LISTAS,,
71351,14_020_001,816,429,429,0,2,427,LISTAS,,
71353,14_020_002,728,370,370,0,3,367,LISTAS,,
73805,14_021_001,857,440,439,0,10,429,LISTAS,,
73807,14_021_002,815,571,571,0,7,564,LISTAS,,
70207,14_021_003,792,588,588,0,3,585,LISTAS,,
70987,14_022_001,1165,748,749,0,18,731,LISTAS,,
70989,14_023_001,1079,725,725,0,2,723,LISTAS,,
70991,14_023_002,967,684,684,0,5,679,LISTAS,,
70993,14_023_003,882,605,605,0,3,602,LISTAS,,
70995,14_023_004,950,604,596,0,2,594,LISTAS,,
70997,14_023_005,1004,643,642,0,5,637,LISTAS,,
70999,14_023_006,1045,713,713,0,2,711,LISTAS,,
71745,14_023_007,1045,764,763,0,5,758,LISTAS,,
70221,14_024_001,527,357,357,0,1,356,LISTAS,,
71923,14_025_001,822,477,477,0,3,474,LISTAS,,
71925,14_025_002,819,530,530,0,6,524,LISTAS,,
71927,14_025_003,919,603,602,0,3,599,LISTAS,,
71929,14_025_004,812,492,492,0,1,491,LISTAS,,
71931,14_025_005,790,453,451,0,6,445,LISTAS,,
71933,14_025_006,844,551,551,0,5,546,LISTAS,,
71935,14_025_007,913,534,533,0,17,516,LISTAS,,
71937,14_025_008,1758,1344,1344,0,9,1335,LISTAS,,
71939,14_025_009,833,545,545,0,7,538,LISTAS,,
71941,14_025_010,792,480,480,0,6,474,LISTAS,,
72137,14_025_011,794,486,486,0,3,483,LISTAS,,
72139,14_025_012,853,521,521,0,4,517,LISTAS,,
72141,14_025_013,901,490,490,0,5,485,LISTAS,,
72143,14_025_014,782,383,383,0,1,382,LISTAS,,
72145,14_025_015,1105,563,563,0,0,563,LISTAS,,
72147,14_025_016,593,319,319,0,0,319,LISTAS,,
71355,14_026_001,807,367,367,0,4,363,LISTAS,,
71357,14_026_002,1139,555,555,0,5,550,LISTAS,,
71359,14_026_003,315,168,168,0,2,166,LISTAS,,
73889,14_027_001,771,487,487,0,6,481,LISTAS,,
73891,14_027_002,834,537,537,0,3,534,LISTAS,,
73893,14_027_003,879,551,551,0,2,549,LISTAS,,
73895,14_027_004,983,599,599,0,25,574,LISTAS,,
72149,14_028_001,899,462,462,0,5,457,LISTAS,,
72151,14_028_002,993,562,563,0,15,548,LISTAS,,
72153,14_028_003,962,492,493,0,18,475,LISTAS,,
72465,14_029_001,804,609,609,0,5,604,LISTAS,,
72467,14_029_002,910,602,602,0,1,601,LISTAS,,
72469,14_029_003,686,505,504,0,5,499,LISTAS,,
72471,14_029_004,857,597,600,0,26,574,LISTAS,,
72473,14_029_005,867,621,621,0,5,616,LISTAS,,
72475,14_029_006,892,613,613,0,2,611,LISTAS,,
72477,14_029_007,825,637,636,0,2,634,LISTAS,,
73015,14_029_008,950,716,715,0,3,712,LISTAS,,
71787,14_030_001,569,341,341,0,19,322,LISTAS,,
71789,14_030_002,777,517,517,0,2,515,LISTAS,,
71791,14_030_003,295,197,197,0,2,195,LISTAS,,
72155,14_031_001,902,471,471,0,1,470,LISTAS,,
72157,14_031_002,948,530,530,0,3,527,LISTAS,,
72159,14_031_003,932,405,405,0,12,393,LISTAS,,
72161,14_031_004,942,566,566,0,20,546,LISTAS,,
72665,14_031_005,945,449,449,0,0,449,LISTAS,,
73809,14_032_001,665,461,461,0,1,460,LISTAS,,
73811,14_032_002,1136,753,751,0,12,739,LISTAS,,
73813,14_032_003,767,519,519,0,3,516,LISTAS,,
72163,14_033_001,1189,716,714,0,5,709,LISTAS,,
72165,14_033_002,974,576,575,0,3,572,LISTAS,,
72167,14_033_003,965,635,635,0,5,630,LISTAS,,
72169,14_033_004,890,590,590,0,5,585,LISTAS,,
72171,14_033_005,920,592,592,0,3,589,LISTAS,,
72173,14_033_006,1003,708,704,0,3,701,LISTAS,,
72175,14_033_007,876,617,617,0,1,616,LISTAS,,
72177,14_033_008,1149,821,821,0,0,821,LISTAS,,
72179,14_033_009,968,657,657,0,5,652,LISTAS,,
72181,14_033_010,1041,668,668,0,5,663,LISTAS,,
72183,14_033_011,931,506,506,0,2,504,LISTAS,,
72185,14_033_012,1114,677,676,0,1,675,LISTAS,,
72187,14_033_013,969,616,616,0,3,613,LISTAS,,
72189,14_033_014,1080,626,624,0,4,620,LISTAS,,
72191,14_033_015,994,624,624,0,7,617,LISTAS,,
72193,14_033_016,933,617,616,0,7,609,LISTAS,,
71001,14_034_001,1048,711,711,0,5,706,LISTAS,,
71003,14_034_002,1092,793,793,0,3,790,LISTAS,,
71005,14_034_003,1083,727,728,0,20,708,LISTAS,,
71007,14_034_004,1089,744,745,0,20,725,LISTAS,,
71009,14_034_005,1026,662,663,0,14,649,LISTAS,,
71011,14_034_006,1250,774,772,0,2,770,LISTAS,,
71013,14_034_007,1039,721,721,0,3,718,LISTAS,,
71015,14_034_008,1091,755,755,0,3,752,LISTAS,,
71017,14_034_009,1160,764,764,0,3,761,LISTAS,,
71219,14_034_010,2465,1866,1862,0,5,1857,LISTAS,,
71221,14_034_011,953,590,591,0,17,574,LISTAS,,
71223,14_034_012,945,624,624,0,3,621,LISTAS,,
71225,14_034_013,1134,856,853,0,8,845,LISTAS,,
71227,14_034_014,921,690,690,0,2,688,LISTAS,,
71229,14_034_015,895,660,660,0,2,658,LISTAS,,
71231,14_034_016,1086,789,790,0,16,774,LISTAS,,
71233,14_034_017,1028,716,717,0,20,697,LISTAS,,
71235,14_034_018,953,638,638,0,2,636,LISTAS,,
71237,14_034_019,1231,803,803,0,3,800,LISTAS,,
71239,14_034_020,932,684,684,0,4,680,LISTAS,,
71241,14_034_021,859,583,583,0,5,578,LISTAS,,
71243,14_034_022,858,501,501,0,3,498,LISTAS,,
71245,14_034_023,1219,772,765,0,5,760,LISTAS,,
71247,14_034_024,1023,648,648,0,1,647,LISTAS,,
71249,14_034_025,1269,875,875,0,2,873,LISTAS,,
71251,14_034_026,1236,842,841,0,5,836,LISTAS,,
71253,14_034_027,1309,880,880,0,3,877,LISTAS,,
71255,14_034_028,1148,705,705,0,2,703,LISTAS,,
71547,14_034_029,1151,751,747,0,5,742,LISTAS,,
71763,14_034_030,898,604,603,0,0,603,LISTAS,,
73315,14_035_001,955,589,589,0,3,586,LISTAS,,
73317,14_035_002,957,599,599,0,5,594,LISTAS,,
73319,14_035_003,1005,552,551,0,3,548,LISTAS,,
73321,14_035_004,989,540,540,0,2,538,LISTAS,,
73323,14_035_005,991,652,652,0,9,643,LISTAS,,
73887,14_035_006,994,623,622,0,5,617,LISTAS,,
72541,14_036_001,1008,695,694,0,5,689,LISTAS,,
72543,14_036_002,1136,784,784,0,7,777,LISTAS,,
72545,14_036_003,829,575,575,0,3,572,LISTAS,,
71257,14_037_001,999,594,594,0,2,592,LISTAS,,
71259,14_037_002,954,534,533,0,8,525,LISTAS,,
71261,14_037_003,1019,599,599,0,4,595,LISTAS,,
71263,14_037_004,934,560,560,0,8,552,LISTAS,,
71265,14_037_005,998,549,549,0,3,546,LISTAS,,
71765,14_037_006,1048,562,562,0,6,556,LISTAS,,
72479,14_038_001,1104,552,551,0,3,548,LISTAS,,
72481,14_038_002,1041,717,717,0,3,714,LISTAS,,
72483,14_038_003,946,661,661,0,5,656,LISTAS,,
72485,14_038_004,1055,682,682,0,6,676,LISTAS,,
72487,14_038_005,958,520,520,0,4,516,LISTAS,,
72489,14_038_006,1155,804,804,0,4,800,LISTAS,,
72491,14_038_007,1238,817,816,0,11,805,LISTAS,,
72493,14_038_008,1123,677,677,0,5,672,LISTAS,,
72495,14_038_009,933,484,484,0,1,483,LISTAS,,
72497,14_038_010,876,489,489,0,3,486,LISTAS,,
72499,14_038_011,1158,739,738,0,2,736,LISTAS,,
72501,14_038_012,1109,741,741,0,10,731,LISTAS,,
72503,14_038_013,1037,648,648,0,4,644,LISTAS,,
72505,14_038_014,1092,757,756,0,7,749,LISTAS,,
72507,14_038_015,1094,799,799,0,2,797,LISTAS,,
72509,14_038_016,995,674,674,0,2,672,LISTAS,,
72511,14_038_017,2267,1726,1721,0,10,1711,LISTAS,,
72513,14_038_018,992,707,705,0,4,701,LISTAS,,
72515,14_038_019,1109,759,754,0,4,750,LISTAS,,
72517,14_038_020,1170,762,761,0,6,755,LISTAS,,
72519,14_038_021,982,549,549,0,2,547,LISTAS,,
72521,14_038_022,988,651,651,0,4,647,LISTAS,,
72523,14_038_023,1009,687,687,0,7,680,LISTAS,,
72525,14_038_024,1061,774,774,0,4,770,LISTAS,,
72527,14_038_025,1071,659,658,0,1,657,LISTAS,,
72725,14_038_026,1114,706,706,0,4,702,LISTAS,,
72727,14_038_027,1154,789,788,0,8,780,LISTAS,,
72729,14_038_028,1094,707,707,0,6,701,LISTAS,,
72731,14_038_029,1107,840,840,0,3,837,LISTAS,,
72733,14_038_030,967,670,670,0,2,668,LISTAS,,
72735,14_038_031,1011,700,700,0,5,695,LISTAS,,
72737,14_038_032,1098,722,722,0,14,708,LISTAS,,
72739,14_038_033,1121,650,650,0,1,649,LISTAS,,
72741,14_038_034,961,507,507,0,6,501,LISTAS,,
72743,14_038_035,1040,658,657,0,4,653,LISTAS,,
72745,14_038_036,1081,698,696,0,1,695,LISTAS,,
72747,14_038_037,1046,682,682,0,0,682,LISTAS,,
72749,14_038_038,1001,654,654,0,1,653,LISTAS,,
72751,14_038_039,1054,646,646,0,4,642,LISTAS,,
72753,14_038_040,1062,750,750,0,4,746,LISTAS,,
72755,14_038_041,1160,803,803,0,6,797,LISTAS,,
72757,14_038_042,1022,726,724,0,0,724,LISTAS,,
72759,14_038_043,1045,671,669,0,4,665,LISTAS,,
72761,14_038_044,989,628,628,0,9,619,LISTAS,,
72763,14_038_045,1038,739,736,0,1,735,LISTAS,,
72765,14_038_046,1041,726,725,0,1,724,LISTAS,,
72767,14_038_047,1052,721,721,0,6,715,LISTAS,,
72769,14_038_048,1045,633,633,0,1,632,LISTAS,,
70553,14_039_001,1169,704,704,0,7,697,LISTAS,,
70555,14_039_002,868,456,455,0,6,449,LISTAS,,
70557,14_039_003,863,379,379,0,2,377,LISTAS,,
72547,14_040_001,856,487,485,0,8,477,LISTAS,,
72549,14_040_002,838,528,528,0,1,527,LISTAS,,
72551,14_040_003,926,527,527,0,6,521,LISTAS,,
71267,14_041_001,939,615,615,0,2,613,LISTAS,,
71269,14_041_002,884,630,630,0,2,628,LISTAS,,
71271,14_041_003,956,607,607,0,2,605,LISTAS,,
71273,14_041_004,909,608,608,0,3,605,LISTAS,,
71275,14_041_005,919,568,569,0,14,555,LISTAS,,
71277,14_041_006,922,574,574,0,6,568,LISTAS,,
71279,14_041_007,1037,659,659,0,5,654,LISTAS,,
71281,14_041_008,874,571,571,0,6,565,LISTAS,,
71283,14_041_009,947,531,531,0,4,527,LISTAS,,
71483,14_041_010,960,644,644,0,2,642,LISTAS,,
71485,14_041_011,892,603,603,0,3,600,LISTAS,,
71487,14_041_012,895,471,471,0,2,469,LISTAS,,
71489,14_041_013,1012,700,699,0,1,698,LISTAS,,
71491,14_041_014,963,644,642,0,6,636,LISTAS,,
71493,14_041_015,901,579,579,0,4,575,LISTAS,,
71495,14_041_016,986,647,647,0,6,641,LISTAS,,
70419,14_042_001,794,484,484,0,2,482,LISTAS,,
70559,14_043_001,682,519,519,0,2,517,LISTAS,,
70561,14_043_002,667,408,410,0,23,387,LISTAS,,
70563,14_043_003,700,335,335,0,4,331,LISTAS,,
71793,14_044_001,895,539,538,0,9,529,LISTAS,,
71795,14_044_002,572,343,343,0,4,339,LISTAS,,
71361,14_045_001,1128,622,622,0,1,621,LISTAS,,
71363,14_045_002,1066,558,558,0,11,547,LISTAS,,
71365,14_045_003,92,41,41,0,0,41,LISTAS,,
71497,14_046_001,690,492,492,0,5,487,LISTAS,,
71499,14_046_002,685,512,512,0,3,509,LISTAS,,
71501,14_046_003,850,628,628,0,4,624,LISTAS,,
71503,14_046_004,886,639,639,0,6,633,LISTAS,,
71505,14_046_005,803,584,584,0,2,582,LISTAS,,
71507,14_046_006,705,517,516,0,5,511,LISTAS,,
71509,14_046_007,919,606,606,0,5,601,LISTAS,,
71511,14_046_008,850,579,579,0,2,577,LISTAS,,
71513,14_046_009,284,172,172,0,1,171,LISTAS,,
71515,14_046_010,747,508,508,0,1,507,LISTAS,,
71517,14_046_011,959,691,691,0,3,688,LISTAS,,
71519,14_046_012,841,629,629,0,3,626,LISTAS,,
71521,14_046_013,966,681,681,0,2,679,LISTAS,,
71523,14_046_014,1007,764,764,0,11,753,LISTAS,,
71525,14_046_015,980,702,702,0,3,699,LISTAS,,
71527,14_046_016,924,622,622,0,0,622,LISTAS,,
71545,14_046_017,932,642,641,0,3,638,LISTAS,,
71797,14_047_001,797,598,598,0,3,595,LISTAS,,
71799,14_047_002,821,430,430,0,1,429,LISTAS,,
71801,14_047_003,1220,791,791,0,4,787,LISTAS,,
71803,14_047_004,804,544,544,0,3,541,LISTAS,,
71805,14_047_005,880,602,602,0,6,596,LISTAS,,
71807,14_047_006,1054,760,760,0,4,756,LISTAS,,
71809,14_047_007,872,561,561,0,5,556,LISTAS,,
72009,14_047_008,793,584,584,0,3,581,LISTAS,,
72011,14_047_009,901,627,627,0,6,621,LISTAS,,
72013,14_047_010,216,120,120,0,2,118,LISTAS,,
72015,14_047_011,1151,813,813,0,2,811,LISTAS,,
72531,14_047_012,1068,789,789,0,6,783,LISTAS,,
72017,14_047_013,917,636,636,0,3,633,LISTAS,,
72019,14_047_014,868,560,560,0,6,554,LISTAS,,
72021,14_047_015,884,568,568,0,1,567,LISTAS,,
72023,14_047_016,1016,736,736,0,8,728,LISTAS,,
72025,14_047_017,840,525,527,0,20,507,LISTAS,,
72027,14_047_018,856,551,551,0,4,547,LISTAS,,
72029,14_047_019,880,567,567,0,3,564,LISTAS,,
72031,14_047_020,838,587,587,0,3,584,LISTAS,,
72033,14_047_021,1113,755,755,0,6,749,LISTAS,,
72035,14_047_022,632,459,459,0,3,456,LISTAS,,
72037,14_047_023,1888,1561,1555,0,4,1551,LISTAS,,
72533,14_047_024,1087,853,851,0,8,843,LISTAS,,
72039,14_047_025,830,591,591,0,3,588,LISTAS,,
72041,14_047_026,825,615,615,0,2,613,LISTAS,,
72333,14_047_027,935,596,596,0,1,595,LISTAS,,
72529,14_047_028,1073,785,785,0,3,782,LISTAS,,
72553,14_048_001,1078,693,693,0,1,692,LISTAS,,
72555,14_048_002,1138,749,749,0,2,747,LISTAS,,
72557,14_048_003,1160,655,655,0,9,646,LISTAS,,
72559,14_048_004,1184,705,705,0,3,702,LISTAS,,
72561,14_048_005,1132,659,659,0,7,652,LISTAS,,
72563,14_048_006,1077,589,589,0,7,582,LISTAS,,
72565,14_048_007,1075,658,658,0,9,649,LISTAS,,
72567,14_048_008,938,545,545,0,10,535,LISTAS,,
72569,14_048_009,1224,621,621,0,4,617,LISTAS,,
72571,14_048_010,1084,587,587,0,2,585,LISTAS,,
72573,14_048_011,816,422,422,0,6,416,LISTAS,,
72575,14_048_012,911,498,496,0,2,494,LISTAS,,
72577,14_048_013,843,467,467,0,2,465,LISTAS,,
72579,14_048_014,933,582,582,0,5,577,LISTAS,,
72581,14_048_015,958,547,547,0,2,545,LISTAS,,
72583,14_048_016,766,386,386,0,3,383,LISTAS,,
73095,14_048_017,1191,685,684,0,5,679,LISTAS,,
72585,14_048_018,923,547,546,0,1,545,LISTAS,,
72587,14_049_001,835,495,495,0,5,490,LISTAS,,
72589,14_049_002,885,558,558,0,11,547,LISTAS,,
72591,14_049_003,777,481,481,0,2,479,LISTAS,,
72789,14_049_004,856,507,507,0,1,506,LISTAS,,
72791,14_049_005,814,564,563,0,4,559,LISTAS,,
72793,14_049_006,696,418,418,0,3,415,LISTAS,,
72795,14_049_007,842,524,522,0,2,520,LISTAS,,
72797,14_049_008,806,467,466,0,5,461,LISTAS,,
73117,14_049_009,781,412,412,0,2,410,LISTAS,,
72799,14_049_010,828,535,535,0,4,531,LISTAS,,
72801,14_049_011,779,518,518,0,1,517,LISTAS,,
73097,14_049_012,842,560,558,0,2,556,LISTAS,,
73101,14_049_013,768,497,497,0,1,496,LISTAS,,
73099,14_049_014,793,462,462,0,2,460,LISTAS,,
73105,14_049_015,836,536,536,0,7,529,LISTAS,,
73107,14_049_016,836,497,496,0,3,493,LISTAS,,
73325,14_050_001,709,472,472,0,5,467,LISTAS,,
73327,14_050_002,767,493,493,0,0,493,LISTAS,,
73329,14_050_003,948,577,577,0,2,575,LISTAS,,
73331,14_050_004,868,496,496,0,1,495,LISTAS,,
73333,14_050_005,892,586,586,0,2,584,LISTAS,,
73335,14_050_006,913,578,578,0,3,575,LISTAS,,
73337,14_050_007,998,632,632,0,4,628,LISTAS,,
73339,14_050_008,1243,843,843,0,2,841,LISTAS,,
73301,14_051_001,749,491,490,0,3,487,LISTAS,,
73303,14_051_002,822,617,617,0,1,616,LISTAS,,
71367,14_052_001,979,499,499,0,5,494,LISTAS,,
71369,14_052_002,1183,584,583,0,8,575,LISTAS,,
71371,14_052_003,1067,576,576,0,6,570,LISTAS,,
72043,14_053_001,943,619,619,0,6,613,LISTAS,,
72045,14_053_002,779,503,503,0,2,501,LISTAS,,
72047,14_053_003,778,537,537,0,5,532,LISTAS,,
72049,14_054_001,912,584,584,0,4,580,LISTAS,,
72051,14_054_002,805,480,480,0,5,475,LISTAS,,
72195,14_055_001,1011,590,590,0,3,587,LISTAS,,
72197,14_055_002,802,465,465,0,4,461,LISTAS,,
72199,14_055_003,966,560,559,0,3,556,LISTAS,,
72201,14_055_004,828,503,503,0,4,499,LISTAS,,
70421,14_056_001,293,198,198,0,2,196,LISTAS,,
70423,14_057_001,229,137,137,0,2,135,LISTAS,,
72053,14_058_001,1174,683,683,0,7,676,LISTAS,,
72055,14_058_002,1169,638,638,0,6,632,LISTAS,,
72057,14_058_003,1125,656,656,0,8,648,LISTAS,,
72059,14_058_004,1263,718,711,0,6,705,LISTAS,,
72061,14_058_005,1028,678,678,0,4,674,LISTAS,,
72063,14_058_006,1035,667,667,0,7,660,LISTAS,,
72065,14_058_007,1046,616,616,0,5,611,LISTAS,,
72067,14_058_008,992,542,542,0,0,542,LISTAS,,
72963,14_059_001,786,380,378,0,2,376,LISTAS,,
72965,14_059_002,701,355,355,0,9,346,LISTAS,,
72967,14_059_003,672,389,389,0,4,385,LISTAS,,
72399,14_060_001,776,468,468,0,4,464,LISTAS,,
72401,14_060_002,635,372,372,0,2,370,LISTAS,,
72403,14_060_003,809,492,492,0,3,489,LISTAS,,
72069,14_061_001,811,448,448,0,2,446,LISTAS,,
72071,14_061_002,780,438,438,0,1,437,LISTAS,,
72269,14_061_003,815,446,446,0,9,437,LISTAS,,
72271,14_061_004,760,430,430,0,1,429,LISTAS,,
72535,14_061_005,747,442,442,0,7,435,LISTAS,,
72537,14_061_006,780,412,413,0,13,400,LISTAS,,
71373,14_062_001,525,328,328,0,4,324,LISTAS,,
70425,14_063_001,811,507,507,0,5,502,LISTAS,,
72273,14_064_001,1032,661,660,0,7,653,LISTAS,,
72275,14_064_002,1000,687,687,0,4,683,LISTAS,,
72277,14_064_003,1009,683,683,0,6,677,LISTAS,,
72279,14_064_004,1096,650,649,0,2,647,LISTAS,,
72281,14_064_005,995,649,649,0,7,642,LISTAS,,
72283,14_064_006,953,665,665,0,2,663,LISTAS,,
72285,14_064_007,973,667,667,0,5,662,LISTAS,,
72287,14_064_008,913,625,624,0,5,619,LISTAS,,
72405,14_065_001,706,306,306,0,0,306,LISTAS,,
72407,14_065_002,1272,708,708,0,11,697,LISTAS,,
72409,14_065_003,1130,628,628,0,5,623,LISTAS,,
72411,14_065_004,1056,614,613,0,3,610,LISTAS,,
72413,14_065_005,1064,529,529,0,8,521,LISTAS,,
72415,14_065_006,1080,620,620,0,6,614,LISTAS,,
72417,14_065_007,747,428,428,0,0,428,LISTAS,,
70427,14_066_001,816,572,572,0,0,572,LISTAS,,
70429,14_066_002,921,699,699,0,5,694,LISTAS,,
70431,14_067_001,550,345,345,0,1,344,LISTAS,,
73815,14_068_001,774,561,561,0,2,559,LISTAS,,
72289,14_069_001,1185,801,800,0,4,796,LISTAS,,
72291,14_069_002,1163,750,750,0,3,747,LISTAS,,
72293,14_069_003,1248,847,847,0,1,846,LISTAS,,
72295,14_069_004,1233,756,756,0,7,749,LISTAS,,
72297,14_069_005,1207,848,848,0,3,845,LISTAS,,
72299,14_069_006,1174,805,805,0,2,803,LISTAS,,
72301,14_069_007,1076,703,703,0,2,701,LISTAS,,
72303,14_069_008,1163,738,738,0,3,735,LISTAS,,
72969,14_070_001,672,409,409,0,3,406,LISTAS,,
72971,14_070_002,796,420,420,0,4,416,LISTAS,,
70433,14_071_001,1125,711,711,0,10,701,LISTAS,,
70435,14_071_002,843,495,495,0,5,490,LISTAS,,
70565,14_072_001,638,363,363,0,1,362,LISTAS,,
70567,14_072_002,713,389,389,0,5,384,LISTAS,,
70569,14_072_003,1100,535,535,0,2,533,LISTAS,,
70571,14_072_004,1014,477,477,0,2,475,LISTAS,,
70437,14_073_001,573,348,347,0,8,339,LISTAS,,
72973,14_074_001,688,437,437,0,10,427,LISTAS,,
73817,14_075_001,832,581,582,0,20,562,LISTAS,,
73819,14_075_002,969,696,696,0,5,691,LISTAS,,
73821,14_075_003,888,636,636,0,3,633,LISTAS,,
70439,14_076_001,892,585,585,0,2,583,LISTAS,,
72419,14_077_001,252,148,148,0,1,147,LISTAS,,
72803,14_078_001,1123,750,717,0,7,710,LISTAS,,
72805,14_078_002,1192,789,789,0,5,784,LISTAS,,
72807,14_078_003,1315,774,774,0,3,771,LISTAS,,
72809,14_078_004,1109,669,669,0,5,664,LISTAS,,
72811,14_078_005,1213,714,714,0,4,710,LISTAS,,
72813,14_078_006,1088,682,682,0,2,680,LISTAS,,
72815,14_078_007,1104,700,700,0,5,695,LISTAS,,
72817,14_078_008,1242,848,848,0,3,845,LISTAS,,
73341,14_079_001,1227,770,772,0,31,741,LISTAS,,
72421,14_080_001,997,531,531,0,3,528,LISTAS,,
70441,14_081_001,655,388,388,0,4,384,LISTAS,,
71375,14_082_001,773,458,458,0,3,455,LISTAS,,
71377,14_082_002,786,475,475,0,3,472,LISTAS,,
71379,14_082_003,839,464,464,0,5,459,LISTAS,,
71381,14_082_004,955,583,584,0,30,554,LISTAS,,
71383,14_083_001,583,283,283,0,4,279,LISTAS,,
72305,14_084_001,988,735,735,0,2,733,LISTAS,,
72307,14_084_002,971,622,622,0,3,619,LISTAS,,
72309,14_084_003,1017,711,711,0,7,704,LISTAS,,
72311,14_084_004,962,628,627,0,4,623,LISTAS,,
72331,14_084_005,956,598,598,0,7,591,LISTAS,,
71385,14_085_001,1725,1316,1315,0,5,1310,LISTAS,,
71387,14_085_002,913,379,379,0,2,377,LISTAS,,
71389,14_085_003,869,564,562,0,6,556,LISTAS,,
71391,14_085_004,961,584,584,0,4,580,LISTAS,,
71393,14_085_005,828,565,563,0,5,558,LISTAS,,
71395,14_085_006,918,531,531,0,1,530,LISTAS,,
71397,14_085_007,972,538,538,0,12,526,LISTAS,,
71399,14_085_008,823,463,463,0,3,460,LISTAS,,
71401,14_085_009,865,553,553,0,7,546,LISTAS,,
71403,14_085_010,896,544,544,0,2,542,LISTAS,,
71405,14_085_011,961,672,672,0,2,670,LISTAS,,
71407,14_085_012,810,503,503,0,2,501,LISTAS,,
71409,14_085_013,1009,704,704,0,5,699,LISTAS,,
71411,14_085_014,857,563,563,0,7,556,LISTAS,,
71413,14_085_015,855,516,516,0,2,514,LISTAS,,
71415,14_085_016,963,491,491,0,6,485,LISTAS,,
70443,14_086_001,522,333,333,0,2,331,LISTAS,,
70573,14_087_001,644,434,434,0,4,430,LISTAS,,
70575,14_087_002,812,466,466,0,1,465,LISTAS,,
70577,14_087_003,719,408,408,0,4,404,LISTAS,,
70579,14_087_004,2038,1545,1543,0,7,1536,LISTAS,,
70581,14_087_005,1176,648,648,0,3,645,LISTAS,,
70583,14_087_006,1133,685,685,0,7,678,LISTAS,,
70585,14_087_007,658,289,289,0,7,282,LISTAS,,
70587,14_087_008,1116,506,506,0,11,495,LISTAS,,
70589,14_087_009,723,405,405,0,3,402,LISTAS,,
70591,14_087_010,665,419,419,0,5,414,LISTAS,,
70593,14_087_011,653,373,373,0,8,365,LISTAS,,
70595,14_087_012,641,390,390,0,6,384,LISTAS,,
73305,14_088_001,790,600,600,0,8,592,LISTAS,,
73307,14_088_002,846,569,564,0,3,561,LISTAS,,
73309,14_088_003,807,589,589,0,3,586,LISTAS,,
73311,14_088_004,831,638,638,0,2,636,LISTAS,,
73313,14_088_005,1026,814,814,0,5,809,LISTAS,,
73773,14_088_006,984,731,730,0,7,723,LISTAS,,
72975,14_089_001,1162,543,542,0,0,542,LISTAS,,
72977,14_089_002,1137,729,729,0,6,723,LISTAS,,
72979,14_089_003,1149,688,688,0,2,686,LISTAS,,
72981,14_089_004,1108,642,642,0,7,635,LISTAS,,
72983,14_089_005,1144,602,602,0,5,597,LISTAS,,
72985,14_089_006,1123,670,670,0,8,662,LISTAS,,
72987,14_089_007,910,475,475,0,13,462,LISTAS,,
73185,14_089_008,742,435,435,0,9,426,LISTAS,,
73187,14_089_009,764,471,471,0,3,468,LISTAS,,
73189,14_089_010,838,490,490,0,6,484,LISTAS,,
73191,14_089_011,775,407,407,0,3,404,LISTAS,,
73193,14_089_012,788,513,514,0,12,502,LISTAS,,
73195,14_089_013,1132,466,465,0,9,456,LISTAS,,
73197,14_089_014,1092,497,497,0,4,493,LISTAS,,
73199,14_089_015,767,474,474,0,4,470,LISTAS,,
73201,14_089_016,782,331,331,0,8,323,LISTAS,,
73203,14_089_017,1020,535,534,0,8,526,LISTAS,,
73205,14_089_018,906,431,430,0,4,426,LISTAS,,
73207,14_089_019,857,484,484,0,2,482,LISTAS,,
73209,14_089_020,920,421,421,0,1,420,LISTAS,,
70445,14_090_001,975,602,602,0,6,596,LISTAS,,
70447,14_090_002,1024,658,658,0,1,657,LISTAS,,
70449,14_090_003,852,624,623,0,4,619,LISTAS,,
70451,14_090_004,965,685,685,0,4,681,LISTAS,,
72313,14_091_001,751,458,458,0,4,454,LISTAS,,
72315,14_091_002,734,489,489,0,3,486,LISTAS,,
72317,14_091_003,710,514,514,0,1,513,LISTAS,,
72539,14_091_004,723,523,523,0,6,517,LISTAS,,
71417,14_092_001,1014,543,542,0,5,537,LISTAS,,
71613,14_092_002,1007,589,589,0,9,580,LISTAS,,
71615,14_092_003,941,464,463,0,3,460,LISTAS,,
73211,14_093_001,788,313,313,0,5,308,LISTAS,,
73213,14_093_002,766,383,383,0,3,380,LISTAS,,
72423,14_094_001,881,447,446,0,1,445,LISTAS,,
72425,14_094_002,943,580,580,0,3,577,LISTAS,,
72427,14_094_003,797,498,498,0,3,495,LISTAS,,
72429,14_094_004,1000,593,593,0,2,591,LISTAS,,
72431,14_094_005,737,440,440,0,0,440,LISTAS,,
72433,14_094_006,923,555,555,0,4,551,LISTAS,,
72435,14_094_007,655,383,383,0,3,380,LISTAS,,
72437,14_094_008,152,77,77,0,0,77,LISTAS,,
72439,14_094_009,321,97,97,0,0,97,LISTAS,,
72441,14_094_010,947,567,567,0,2,565,LISTAS,,
71617,14_095_001,663,370,370,0,1,369,LISTAS,,
71619,14_095_002,1036,436,436,0,5,431,LISTAS,,
71621,14_095_003,950,504,504,0,3,501,LISTAS,,
71623,14_095_004,1030,582,582,0,13,569,LISTAS,,
70453,14_096_001,774,449,449,0,4,445,LISTAS,,
70455,14_096_002,878,529,529,0,1,528,LISTAS,,
70457,14_096_003,746,450,449,0,1,448,LISTAS,,
70459,14_096_004,807,526,526,0,3,523,LISTAS,,
70461,14_096_005,740,483,483,0,6,477,LISTAS,,
70981,14_096_006,731,441,441,0,5,436,LISTAS,,
70983,14_096_007,816,560,560,0,4,556,LISTAS,,
71625,14_097_001,694,353,353,0,2,351,LISTAS,,
71627,14_097_002,767,298,298,0,0,298,LISTAS,,
73507,14_098_001,936,583,583,0,5,578,LISTAS,,
73509,14_098_002,1087,777,777,0,3,774,LISTAS,,
73511,14_098_003,1122,796,796,0,4,792,LISTAS,,
73513,14_098_004,1174,684,684,0,5,679,LISTAS,,
73515,14_098_005,1007,715,713,0,5,708,LISTAS,,
70463,14_099_001,1205,711,711,0,2,709,LISTAS,,
73517,14_100_001,863,546,546,0,13,533,LISTAS,,
73519,14_100_002,779,490,490,0,1,489,LISTAS,,
70465,14_101_001,267,179,179,0,2,177,LISTAS,,
72819,14_102_001,798,521,521,0,2,519,LISTAS,,
73103,14_102_002,739,512,512,0,1,511,LISTAS,,
72821,14_102_003,1413,911,911,0,8,903,LISTAS,,
72823,14_102_004,1335,770,770,0,4,766,LISTAS,,
72825,14_102_005,844,568,568,0,1,567,LISTAS,,
72827,14_102_006,686,489,489,0,0,489,LISTAS,,
72829,14_102_007,932,551,551,0,2,549,LISTAS,,
72831,14_102_008,785,534,536,0,19,517,LISTAS,,
72833,14_102_009,644,398,398,0,3,395,LISTAS,,
72839,14_102_010,881,529,529,0,2,527,LISTAS,,
72835,14_102_011,1452,951,950,0,4,946,LISTAS,,
72837,14_102_012,1451,893,893,0,3,890,LISTAS,,
71629,14_103_001,961,592,592,0,5,587,LISTAS,,
71631,14_103_002,737,434,434,0,2,432,LISTAS,,
71633,14_104_001,1111,451,451,0,5,446,LISTAS,,
71635,14_104_002,1137,648,647,0,5,642,LISTAS,,
71637,14_104_003,1045,616,616,0,3,613,LISTAS,,
71641,14_104_004,1160,684,684,0,2,682,LISTAS,,
71639,14_104_005,1105,613,613,0,9,604,LISTAS,,
71643,14_104_006,1120,487,487,0,8,479,LISTAS,,
71645,14_104_007,1134,537,537,0,4,533,LISTAS,,
71647,14_104_008,641,298,298,0,0,298,LISTAS,,
71649,14_104_009,650,311,311,0,5,306,LISTAS,,
73823,14_105_001,1054,760,760,0,6,754,LISTAS,,
73825,14_105_002,1288,938,937,0,5,932,LISTAS,,
73827,14_105_003,434,289,289,0,3,286,LISTAS,,
73521,14_106_001,892,584,584,0,2,582,LISTAS,,
73523,14_106_002,1024,509,509,0,13,496,LISTAS,,
73525,14_106_003,1070,784,784,0,1,783,LISTAS,,
73527,14_106_004,760,586,586,0,3,583,LISTAS,,
73529,14_106_005,1296,878,877,0,4,873,LISTAS,,
73531,14_106_006,656,496,496,0,6,490,LISTAS,,
73533,14_107_001,1214,762,761,0,8,753,LISTAS,,
73829,14_108_001,895,572,572,0,9,563,LISTAS,,
73831,14_108_002,1092,701,700,0,2,698,LISTAS,,
73535,14_109_001,1188,834,834,0,4,830,LISTAS,,
73537,14_109_002,1154,840,840,0,7,833,LISTAS,,
73539,14_109_003,1069,718,718,0,6,712,LISTAS,,
74029,14_110_001,891,568,567,0,2,565,LISTAS,,
74031,14_110_002,811,514,507,0,2,505,LISTAS,,
74033,14_111_001,888,555,555,0,9,546,LISTAS,,
74035,14_112_001,1399,892,892,0,6,886,LISTAS,,
74037,14_112_002,1420,774,773,0,3,770,LISTAS,,
74039,14_112_003,1375,908,908,0,8,900,LISTAS,,
74041,14_112_004,1318,892,892,0,9,883,LISTAS,,
74043,14_112_005,1356,872,872,0,4,868,LISTAS,,
70211,14_112_006,1419,899,899,0,5,894,LISTAS,,
70213,14_112_007,1461,994,994,0,4,990,LISTAS,,
70215,14_112_008,1400,873,873,0,5,868,LISTAS,,
74045,14_113_001,769,490,489,0,2,487,LISTAS,,
74047,14_113_002,816,588,587,0,3,584,LISTAS,,
74049,14_113_003,842,501,501,0,3,498,LISTAS,,
74051,14_113_004,787,376,376,0,2,374,LISTAS,,
74053,14_113_005,802,574,574,0,3,571,LISTAS,,
74055,14_113_006,829,580,579,0,1,578,LISTAS,,
74057,14_113_007,879,578,578,0,2,576,LISTAS,,
74059,14_113_008,940,639,639,0,3,636,LISTAS,,
74061,14_113_009,875,614,614,0,2,612,LISTAS,,
74063,14_113_010,788,557,557,0,3,554,LISTAS,,
74065,14_113_011,777,554,554,0,2,552,LISTAS,,
74067,14_113_012,731,490,490,0,3,487,LISTAS,,
74069,14_113_013,826,568,568,0,3,565,LISTAS,,
74071,14_113_014,840,581,581,0,2,579,LISTAS,,
74073,14_113_015,862,592,592,0,1,591,LISTAS,,
70209,14_113_016,864,636,634,0,4,630,LISTAS,,
74075,14_114_001,921,585,585,0,2,583,LISTAS,,
74077,14_114_002,734,486,486,0,5,481,LISTAS,,
71651,14_115_001,1126,557,557,0,3,554,LISTAS,,
72771,14_116_001,886,508,508,0,7,501,LISTAS,,
70467,14_117_001,1125,735,735,0,1,734,LISTAS,,
70469,14_118_001,580,368,368,0,4,364,LISTAS,,
72443,14_119_001,930,628,628,0,4,624,LISTAS,,
72445,14_119_002,998,543,542,0,3,539,LISTAS,,
72447,14_119_003,992,591,591,0,3,588,LISTAS,,
72449,14_119_004,982,614,614,0,1,613,LISTAS,,
72451,14_119_005,962,511,511,0,3,508,LISTAS,,
72453,14_119_006,963,407,407,0,5,402,LISTAS,,
72455,14_119_007,1008,639,638,0,1,637,LISTAS,,
72457,14_119_008,921,568,568,0,2,566,LISTAS,,
70471,14_120_001,1447,907,906,0,5,901,LISTAS,,
73541,14_121_001,986,704,704,0,8,696,LISTAS,,
73543,14_121_002,987,729,728,0,6,722,LISTAS,,
73545,14_121_003,976,745,745,0,15,730,LISTAS,,
73547,14_121_004,1029,794,785,0,3,782,LISTAS,,
73549,14_121_005,1111,813,813,0,5,808,LISTAS,,
73551,14_121_006,987,747,747,0,4,743,LISTAS,,
73553,14_121_007,993,741,741,0,2,739,LISTAS,,
73771,14_121_008,1005,700,689,0,5,684,LISTAS,,
72773,14_122_001,904,540,540,0,4,536,LISTAS,,
72775,14_122_002,808,520,518,0,6,512,LISTAS,,
72777,14_122_003,798,494,494,0,3,491,LISTAS,,
70597,14_123_001,806,440,440,0,5,435,LISTAS,,
70599,14_123_002,932,569,569,0,6,563,LISTAS,,
70601,14_123_003,943,570,570,0,2,568,LISTAS,,
70603,14_123_004,962,595,595,0,8,587,LISTAS,,
70605,14_123_005,821,490,490,0,3,487,LISTAS,,
70607,14_123_006,893,570,570,0,5,565,LISTAS,,
70609,14_123_007,1024,555,555,0,3,552,LISTAS,,
72319,14_124_001,1161,795,796,0,18,778,LISTAS,,
72321,14_124_002,1173,763,763,0,12,751,LISTAS,,
72323,14_124_003,1208,797,797,0,5,792,LISTAS,,
73343,14_125_001,852,516,516,0,2,514,LISTAS,,
73345,14_125_002,892,529,527,0,1,526,LISTAS,,
73347,14_125_003,859,522,522,0,5,517,LISTAS,,
73349,14_125_004,924,603,603,0,5,598,LISTAS,,
73351,14_125_005,959,584,584,0,7,577,LISTAS,,
73353,14_125_006,834,529,529,0,6,523,LISTAS,,
73355,14_125_007,966,610,610,0,4,606,LISTAS,,
73357,14_125_008,918,560,559,0,5,554,LISTAS,,
73359,14_125_009,901,557,557,0,6,551,LISTAS,,
73361,14_125_010,928,672,670,0,0,670,LISTAS,,
73363,14_125_011,927,711,710,0,3,707,LISTAS,,
73365,14_125_012,934,675,674,0,5,669,LISTAS,,
73367,14_125_013,867,582,582,0,7,575,LISTAS,,
73369,14_125_014,877,658,658,0,0,658,LISTAS,,
73371,14_125_015,1207,739,738,0,4,734,LISTAS,,
73373,14_125_016,1047,784,784,0,2,782,LISTAS,,
74079,14_126_001,975,761,761,0,4,757,LISTAS,,
74081,14_126_002,1027,638,637,0,10,627,LISTAS,,
74083,14_126_003,1019,668,668,0,1,667,LISTAS,,
74085,14_126_004,985,668,667,0,6,661,LISTAS,,
74087,14_126_005,998,712,711,0,3,708,LISTAS,,
74089,14_126_006,1007,725,725,0,6,719,LISTAS,,
74091,14_126_007,1055,751,751,0,3,748,LISTAS,,
74093,14_126_008,1095,757,757,0,5,752,LISTAS,,
70157,14_126_009,972,695,695,0,4,691,LISTAS,,
70159,14_126_010,1138,795,795,0,6,789,LISTAS,,
70161,14_126_011,1014,777,777,0,2,775,LISTAS,,
70163,14_126_012,1017,720,720,0,9,711,LISTAS,,
70165,14_126_013,2512,2128,2125,0,11,2114,LISTAS,,
70167,14_126_014,984,721,720,0,4,716,LISTAS,,
70169,14_126_015,999,668,667,0,5,662,LISTAS,,
70171,14_126_016,968,637,637,0,1,636,LISTAS,,
70173,14_126_017,969,716,716,0,2,714,LISTAS,,
70175,14_126_018,1077,789,789,0,5,784,LISTAS,,
70177,14_126_019,968,655,655,0,5,650,LISTAS,,
70179,14_126_020,964,662,662,0,1,661,LISTAS,,
70611,14_127_001,778,360,360,0,3,357,LISTAS,,
70613,14_127_002,740,359,359,0,2,357,LISTAS,,
70615,14_128_001,946,494,494,0,4,490,LISTAS,,
70617,14_128_002,922,539,539,0,8,531,LISTAS,,
70819,14_128_003,1085,516,516,0,6,510,LISTAS,,
70821,14_128_004,976,492,492,0,5,487,LISTAS,,
72459,14_129_001,1092,702,702,0,9,693,LISTAS,,
73375,14_130_001,972,577,577,0,4,573,LISTAS,,
73573,14_130_002,970,597,597,0,8,589,LISTAS,,
73575,14_131_001,789,471,471,0,2,469,LISTAS,,
73577,14_131_002,809,477,477,0,9,468,LISTAS,,
73579,14_131_003,876,494,494,0,0,494,LISTAS,,
73581,14_131_004,867,495,494,0,2,492,LISTAS,,
73583,14_131_005,825,444,444,0,9,435,LISTAS,,
73585,14_131_006,920,499,499,0,0,499,LISTAS,,
73587,14_131_007,748,371,371,0,0,371,LISTAS,,
73589,14_131_008,752,402,402,0,1,401,LISTAS,,
73591,14_131_009,885,506,506,0,0,506,LISTAS,,
73593,14_131_010,866,559,560,0,19,541,LISTAS,,
73595,14_131_011,778,444,444,0,5,439,LISTAS,,
73597,14_131_012,827,481,480,0,3,477,LISTAS,,
73873,14_131_013,831,445,445,0,8,437,LISTAS,,
73875,14_131_014,933,524,524,0,1,523,LISTAS,,
73877,14_131_015,882,446,446,0,1,445,LISTAS,,
73879,14_131_016,899,535,535,0,0,535,LISTAS,,
70181,14_132_001,1023,684,684,0,4,680,LISTAS,,
70183,14_132_002,904,563,563,0,6,557,LISTAS,,
73599,14_133_001,856,513,513,0,3,510,LISTAS,,
73601,14_133_002,935,615,614,0,9,605,LISTAS,,
73603,14_134_001,775,498,498,0,2,496,LISTAS,,
73605,14_134_002,939,602,602,0,2,600,LISTAS,,
73607,14_134_003,994,569,569,0,5,564,LISTAS,,
73609,14_134_004,1018,527,527,0,3,524,LISTAS,,
73611,14_134_005,947,618,618,0,3,615,LISTAS,,
73613,14_134_006,889,534,533,0,3,530,LISTAS,,
73615,14_134_007,913,533,533,0,3,530,LISTAS,,
73617,14_134_008,955,671,671,0,2,669,LISTAS,,
73619,14_134_009,990,572,572,0,4,568,LISTAS,,
73621,14_134_010,1086,664,664,0,6,658,LISTAS,,
73623,14_134_011,705,472,472,0,4,468,LISTAS,,
73625,14_134_012,2019,1586,1584,0,11,1573,LISTAS,,
73627,14_134_013,672,440,439,0,5,434,LISTAS,,
73629,14_134_014,660,468,468,0,4,464,LISTAS,,
73631,14_134_015,1158,730,730,0,6,724,LISTAS,,
73633,14_134_016,745,532,530,0,1,529,LISTAS,,
73635,14_134_017,612,409,409,0,2,407,LISTAS,,
73833,14_134_018,632,417,418,0,13,405,LISTAS,,
73835,14_134_019,912,679,678,0,5,673,LISTAS,,
73837,14_134_020,849,565,565,0,1,564,LISTAS,,
73839,14_134_021,948,613,613,0,5,608,LISTAS,,
73841,14_134_022,802,472,472,0,2,470,LISTAS,,
73843,14_134_023,729,443,443,0,6,437,LISTAS,,
73865,14_134_024,643,378,378,0,3,375,LISTAS,,
73867,14_134_025,920,580,580,0,3,577,LISTAS,,
73869,14_134_026,1216,623,623,0,5,618,LISTAS,,
73871,14_134_027,1240,711,710,0,4,706,LISTAS,,
73881,14_134_028,1031,687,687,0,2,685,LISTAS,,
73883,14_134_029,1190,681,681,0,4,677,LISTAS,,
73885,14_134_030,1162,693,693,0,6,687,LISTAS,,
73845,14_135_001,1002,607,607,0,2,605,LISTAS,,
73847,14_135_002,737,462,462,0,4,458,LISTAS,,
70473,14_136_001,670,412,412,0,7,405,LISTAS,,
70475,14_136_002,702,440,440,0,4,436,LISTAS,,
70477,14_136_003,845,563,566,0,31,535,LISTAS,,
70479,14_137_001,607,318,318,0,1,317,LISTAS,,
70481,14_137_002,809,469,472,0,3,469,LISTAS,,
70483,14_138_001,963,573,573,0,2,571,LISTAS,,
70485,14_138_002,972,635,635,0,6,629,LISTAS,,
70687,14_138_003,861,493,493,0,0,493,LISTAS,,
70689,14_139_001,980,708,708,0,0,708,LISTAS,,
70691,14_139_002,1026,672,670,0,2,668,LISTAS,,
70693,14_139_003,800,528,528,0,4,524,LISTAS,,
70695,14_139_004,757,540,540,0,5,535,LISTAS,,
70185,14_140_001,916,571,571,0,7,564,LISTAS,,
70187,14_140_002,1136,700,700,0,2,698,LISTAS,,
70189,14_140_003,1268,891,891,0,2,889,LISTAS,,
70191,14_140_004,1183,813,813,0,3,810,LISTAS,,
72461,14_141_001,718,425,425,0,4,421,LISTAS,,
72463,14_141_002,911,564,564,0,5,559,LISTAS,,
72657,14_141_003,685,412,412,0,5,407,LISTAS,,
72659,14_141_004,942,524,524,0,3,521,LISTAS,,
72661,14_141_005,898,567,567,0,10,557,LISTAS,,
72663,14_141_006,840,521,520,0,6,514,LISTAS,,
71653,14_142_001,776,427,426,0,5,421,LISTAS,,
71655,14_142_002,655,287,285,0,3,282,LISTAS,,
71657,14_143_001,990,559,558,0,4,554,LISTAS,,
71659,14_143_002,859,415,415,0,5,410,LISTAS,,
71661,14_143_003,799,382,382,0,2,380,LISTAS,,
70823,14_144_001,925,519,519,0,3,516,LISTAS,,
70825,14_144_002,951,535,535,0,4,531,LISTAS,,
70827,14_144_003,925,388,386,0,3,383,LISTAS,,
70829,14_145_001,574,258,258,0,6,252,LISTAS,,
70831,14_145_002,799,422,422,0,4,418,LISTAS,,
70833,14_145_003,630,333,333,0,2,331,LISTAS,,
70835,14_145_004,673,296,296,0,7,289,LISTAS,,
70837,14_146_001,516,257,257,0,4,253,LISTAS,,
70839,14_146_002,842,500,500,0,3,497,LISTAS,,
70841,14_146_003,790,473,473,0,3,470,LISTAS,,
70843,14_147_001,757,411,411,0,3,408,LISTAS,,
70845,14_147_002,789,352,352,0,6,346,LISTAS,,
70847,14_147_003,680,352,352,0,2,350,LISTAS,,
70849,14_147_004,1140,662,662,0,4,658,LISTAS,,
70851,14_147_005,984,671,671,0,15,656,LISTAS,,
70853,14_147_006,694,434,434,0,3,431,LISTAS,,
70855,14_148_001,818,415,415,0,2,413,LISTAS,,
70857,14_148_002,845,337,337,0,2,335,LISTAS,,
70859,14_148_003,717,339,339,0,5,334,LISTAS,,
70861,14_148_004,810,311,311,0,4,307,LISTAS,,
70863,14_148_005,829,411,411,0,3,408,LISTAS,,
71119,14_148_006,767,399,399,0,2,397,LISTAS,,
70865,14_149_001,994,582,582,0,5,577,LISTAS,,
70867,14_149_002,864,533,533,0,1,532,LISTAS,,
70869,14_149_003,984,609,609,0,1,608,LISTAS,,
70871,14_149_004,1158,536,536,0,8,528,LISTAS,,
70873,14_149_005,364,181,181,0,4,177,LISTAS,,
70875,14_150_001,474,201,201,0,3,198,LISTAS,,
70877,14_150_002,564,321,322,0,9,313,LISTAS,,
70879,14_150_003,813,418,418,0,4,414,LISTAS,,
70881,14_150_004,560,271,271,0,7,264,LISTAS,,
72779,14_151_001,1017,556,556,0,5,551,LISTAS,,
72781,14_151_002,839,516,516,0,4,512,LISTAS,,
72783,14_151_003,1085,722,722,0,7,715,LISTAS,,
72785,14_151_004,1159,629,629,0,6,623,LISTAS,,
72787,14_151_005,1023,643,643,0,6,637,LISTAS,,
72989,14_151_006,1053,697,697,0,6,691,LISTAS,,
72991,14_151_007,1004,680,680,0,2,678,LISTAS,,
73555,14_152_001,690,567,567,0,5,562,LISTAS,,
73557,14_152_002,643,505,505,0,3,502,LISTAS,,
73769,14_152_003,631,499,499,0,1,498,LISTAS,,
73787,14_152_004,620,512,511,0,2,509,LISTAS,,
70697,14_153_001,77,55,55,0,0,55,LISTAS,,
73559,14_154_001,1265,800,799,0,3,796,LISTAS,,
70883,14_155_001,817,421,421,0,1,420,LISTAS,,
70885,14_155_002,926,508,508,0,1,507,LISTAS,,
71085,14_155_003,916,431,431,0,2,429,LISTAS,,
73561,14_156_001,1060,685,685,0,6,679,LISTAS,,
73849,14_157_001,854,485,485,0,9,476,LISTAS,,
73851,14_157_002,833,496,496,0,4,492,LISTAS,,
73853,14_157_003,1100,691,691,0,5,686,LISTAS,,
73855,14_157_004,1080,651,651,0,6,645,LISTAS,,
73857,14_157_005,1018,617,617,0,4,613,LISTAS,,
73859,14_157_006,892,548,547,0,4,543,LISTAS,,
73861,14_157_007,1164,667,667,0,7,660,LISTAS,,
73863,14_157_008,1079,646,646,0,6,640,LISTAS,,
72993,14_158_001,591,384,384,0,3,381,LISTAS,,
72995,14_158_002,618,383,382,0,2,380,LISTAS,,
72997,14_158_003,591,369,369,0,4,365,LISTAS,,
72999,14_158_004,641,432,431,0,3,428,LISTAS,,
73001,14_158_005,676,496,496,0,1,495,LISTAS,,
73003,14_158_006,678,500,500,0,5,495,LISTAS,,
73005,14_158_007,613,411,411,0,5,406,LISTAS,,
73007,14_158_008,602,411,411,0,2,409,LISTAS,,
73009,14_158_009,655,503,503,0,0,503,LISTAS,,
73011,14_158_010,647,497,498,0,12,486,LISTAS,,
73013,14_158_011,642,337,338,0,16,322,LISTAS,,
73017,14_158_012,650,348,348,0,1,347,LISTAS,,
73019,14_158_013,616,450,450,0,6,444,LISTAS,,
73021,14_158_014,607,404,404,0,3,401,LISTAS,,
73023,14_158_015,622,420,420,0,2,418,LISTAS,,
73025,14_158_016,704,506,502,0,1,501,LISTAS,,
73215,14_159_001,896,433,433,0,2,431,LISTAS,,
73217,14_159_002,893,489,489,0,5,484,LISTAS,,
73219,14_159_003,825,416,416,0,2,414,LISTAS,,
73221,14_159_004,790,354,354,0,4,350,LISTAS,,
71087,14_160_001,741,485,485,0,1,484,LISTAS,,
71089,14_160_002,1007,432,432,0,2,430,LISTAS,,
71091,14_160_003,949,560,560,0,3,557,LISTAS,,
71093,14_160_004,699,355,355,0,2,353,LISTAS,,
71095,14_160_005,724,410,410,0,2,408,LISTAS,,
71097,14_160_006,719,469,469,0,1,468,LISTAS,,
71099,14_160_007,641,415,415,0,2,413,LISTAS,,
71101,14_160_008,770,462,462,0,11,451,LISTAS,,
71663,14_161_001,678,446,444,0,2,442,LISTAS,,
71665,14_161_002,759,515,515,0,3,512,LISTAS,,
71667,14_161_003,788,522,522,0,4,518,LISTAS,,
71669,14_162_001,688,421,421,0,8,413,LISTAS,,
71671,14_162_002,732,452,452,0,4,448,LISTAS,,
73223,14_163_001,662,345,345,0,3,342,LISTAS,,
73225,14_163_002,753,411,411,0,4,407,LISTAS,,
73227,14_163_003,745,309,311,0,21,290,LISTAS,,
71103,14_164_001,1044,613,613,0,0,613,LISTAS,,
71105,14_164_002,965,615,615,0,6,609,LISTAS,,
72841,14_165_001,1150,697,697,0,6,691,LISTAS,,
72843,14_165_002,1201,696,696,0,4,692,LISTAS,,
72845,14_165_003,1015,533,533,0,4,529,LISTAS,,
72847,14_165_004,1050,543,543,0,4,539,LISTAS,,
72849,14_165_005,1052,574,573,0,4,569,LISTAS,,
72851,14_165_006,1181,755,755,0,2,753,LISTAS,,
72853,14_165_007,1109,700,700,0,5,695,LISTAS,,
72855,14_165_008,1250,754,754,0,5,749,LISTAS,,
70193,14_166_001,990,719,720,0,6,714,LISTAS,,
70195,14_166_002,1138,802,802,0,0,802,LISTAS,,
70197,14_166_003,1006,703,703,0,4,699,LISTAS,,
70199,14_166_004,1153,845,845,0,1,844,LISTAS,,
70203,14_166_005,1070,815,815,0,4,811,LISTAS,,
71107,14_167_001,1001,499,501,0,19,482,LISTAS,,
71109,14_167_002,819,427,427,0,10,417,LISTAS,,
71673,14_168_001,1279,743,744,0,23,721,LISTAS,,
71675,14_168_002,244,112,112,0,0,112,LISTAS,,
70699,14_169_001,705,370,370,0,1,369,LISTAS,,
70701,14_169_002,1131,747,748,0,4,744,LISTAS,,
70703,14_169_003,762,498,506,0,46,460,LISTAS,,
70705,14_169_004,1077,676,674,0,3,671,LISTAS,,
70707,14_169_005,1018,693,692,0,6,686,LISTAS,,
70709,14_169_006,922,611,608,0,2,606,LISTAS,,
70711,14_169_007,808,547,547,0,5,542,LISTAS,,
70713,14_169_008,851,600,599,0,9,590,LISTAS,,
70715,14_169_009,840,559,559,0,3,556,LISTAS,,
70717,14_169_010,900,660,658,0,5,653,LISTAS,,
70719,14_169_011,906,611,611,0,4,607,LISTAS,,
70721,14_169_012,723,506,506,0,4,502,LISTAS,,
70723,14_169_013,730,416,417,0,16,401,LISTAS,,
70725,14_169_014,855,544,544,0,2,542,LISTAS,,
70727,14_169_015,1052,697,697,0,6,691,LISTAS,,
70729,14_169_016,711,410,410,0,5,405,LISTAS,,
70731,14_169_017,876,545,544,0,7,537,LISTAS,,
70733,14_169_018,762,382,382,0,1,381,LISTAS,,
70735,14_169_019,1792,1478,1473,0,11,1462,LISTAS,,
70737,14_169_020,997,713,713,0,2,711,LISTAS,,
70739,14_169_021,948,684,684,0,2,682,LISTAS,,
70741,14_169_022,645,467,470,0,32,438,LISTAS,,
70743,14_169_023,1032,735,735,0,3,732,LISTAS,,
70745,14_169_024,1190,827,827,0,3,824,LISTAS,,
70747,14_169_025,1155,829,828,0,7,821,LISTAS,,
70749,14_169_026,678,438,438,0,2,436,LISTAS,,
70751,14_169_027,887,542,542,0,8,534,LISTAS,,
70951,14_169_028,1019,713,713,0,3,710,LISTAS,,
70953,14_169_029,1109,651,651,0,9,642,LISTAS,,
70955,14_169_030,1126,819,815,0,7,808,LISTAS,,
70957,14_170_001,1061,675,674,0,4,670,LISTAS,,
72325,14_171_001,658,379,379,0,10,369,LISTAS,,
70959,14_172_001,712,462,462,0,2,460,LISTAS,,
70961,14_172_002,737,448,448,0,0,448,LISTAS,,
72327,14_173_001,385,225,225,0,3,222,LISTAS,,
70963,14_174_001,663,424,424,0,3,421,LISTAS,,
70985,14_174_002,755,451,451,0,1,450,LISTAS,,
71111,14_175_001,857,477,477,0,4,473,LISTAS,,
71113,14_175_002,796,463,463,0,5,458,LISTAS,,
70965,14_176_001,615,358,358,0,2,356,LISTAS,,
70967,14_176_002,621,329,329,0,3,326,LISTAS,,
73055,14_177_001,1547,1229,1229,0,4,1225,LISTAS,,
73057,14_177_002,613,448,448,0,1,447,LISTAS,,
73059,14_177_003,609,404,404,0,2,402,LISTAS,,
73061,14_177_004,648,442,442,0,4,438,LISTAS,,
73063,14_177_005,674,425,426,0,15,411,LISTAS,,
73065,14_177_006,670,436,436,0,2,434,LISTAS,,
73067,14_177_007,654,404,404,0,6,398,LISTAS,,
73069,14_177_008,630,399,399,0,5,394,LISTAS,,
73071,14_177_009,611,373,373,0,0,373,LISTAS,,
73073,14_177_010,648,389,389,0,7,382,LISTAS,,
73075,14_177_011,609,369,370,0,18,352,LISTAS,,
73077,14_177_012,661,406,406,0,4,402,LISTAS,,
73079,14_177_013,735,437,435,0,0,435,LISTAS,,
73081,14_177_014,738,452,452,0,1,451,LISTAS,,
73083,14_177_015,721,513,513,0,2,511,LISTAS,,
73085,14_177_016,631,412,412,0,2,410,LISTAS,,
73087,14_177_017,636,416,416,0,5,411,LISTAS,,
73089,14_177_018,639,429,429,0,3,426,LISTAS,,
73091,14_177_019,710,412,412,0,4,408,LISTAS,,
73093,14_177_020,721,456,455,0,4,451,LISTAS,,
73109,14_177_021,797,452,452,0,4,448,LISTAS,,
73111,14_177_022,788,454,454,0,4,450,LISTAS,,
73113,14_177_023,797,447,447,0,1,446,LISTAS,,
73115,14_177_024,714,424,424,0,3,421,LISTAS,,
71529,14_178_001,656,443,443,0,0,443,LISTAS,,
71531,14_178_002,746,443,443,0,5,438,LISTAS,,
71533,14_178_003,726,389,389,0,1,388,LISTAS,,
71535,14_178_004,750,463,463,0,5,458,LISTAS,,
71537,14_178_005,672,411,411,0,4,407,LISTAS,,
71539,14_178_006,691,464,464,0,2,462,LISTAS,,
71541,14_178_007,795,603,603,0,1,602,LISTAS,,
71543,14_178_008,753,547,547,0,2,545,LISTAS,,
71747,14_178_009,886,658,658,0,0,658,LISTAS,,
71749,14_178_010,884,653,653,0,2,651,LISTAS,,
71751,14_178_011,804,570,569,0,2,567,LISTAS,,
71753,14_178_012,790,568,567,0,4,563,LISTAS,,
71755,14_178_013,795,533,532,0,2,530,LISTAS,,
71757,14_178_014,751,510,510,0,2,508,LISTAS,,
71759,14_178_015,742,447,447,0,1,446,LISTAS,,
71761,14_178_016,757,477,479,0,27,452,LISTAS,,
70969,14_179_001,934,703,703,0,0,703,LISTAS,,
70971,14_179_002,933,595,595,0,0,595,LISTAS,,
70973,14_179_003,923,618,618,0,9,609,LISTAS,,
72329,14_180_001,1089,583,582,0,3,579,LISTAS,,
70201,14_181_001,731,480,480,0,4,476,LISTAS,,
70205,14_181_002,663,466,466,0,7,459,LISTAS,,
70975,14_182_001,996,692,689,0,3,686,LISTAS,,
73563,14_183_001,987,688,689,0,21,668,LISTAS,,
73565,14_183_002,1146,707,709,0,30,679,LISTAS,,
73567,14_183_003,936,656,656,0,11,645,LISTAS,,
73569,14_183_004,943,640,640,0,3,637,LISTAS,,
71115,14_184_001,931,533,533,0,3,530,LISTAS,,
71117,14_184_002,959,508,508,0,4,504,LISTAS,,
70977,14_185_001,820,369,369,0,1,368,LISTAS,,
70979,14_185_002,691,379,379,0,4,375,LISTAS,,
73571,14_186_001,540,414,415,0,15,400,LISTAS,,
71677,14_187_001,938,519,519,0,3,516,LISTAS,,
71877,14_187_002,734,433,433,0,3,430,LISTAS,,
71879,14_187_003,785,417,417,0,7,410,LISTAS,,
71881,14_187_004,991,514,514,0,1,513,LISTAS,,
79217,15_001_001,221,136,136,0,2,134,LISTAS,,
80261,15_002_001,756,394,394,0,4,390,LISTAS,,
80263,15_002_002,113,68,68,0,0,68,LISTAS,,
80265,15_003_001,791,398,396,0,2,394,LISTAS,,
80267,15_003_002,964,492,492,0,4,488,LISTAS,,
73989,15_004_001,652,357,357,0,3,354,LISTAS,,
73991,15_004_002,601,279,279,0,4,275,LISTAS,,
73993,15_005_001,158,74,74,0,0,74,LISTAS,,
79219,15_006_001,875,579,579,0,5,574,LISTAS,,
79221,15_007_001,952,620,620,0,2,618,LISTAS,,
79425,15_007_002,770,493,493,0,1,492,LISTAS,,
79427,15_007_003,895,601,601,0,4,597,LISTAS,,
79429,15_007_004,876,529,529,0,6,523,LISTAS,,
79431,15_007_005,804,561,561,0,3,558,LISTAS,,
79433,15_007_006,578,337,337,0,2,335,LISTAS,,
80269,15_008_001,1098,604,604,0,3,601,LISTAS,,
79435,15_009_001,775,468,467,0,2,465,LISTAS,,
79437,15_009_002,841,502,500,0,3,497,LISTAS,,
79439,15_009_003,112,53,53,0,0,53,LISTAS,,
80271,15_010_001,909,610,610,0,6,604,LISTAS,,
80273,15_010_002,1044,718,718,0,5,713,LISTAS,,
79441,15_011_001,720,426,426,0,0,426,LISTAS,,
79443,15_011_002,630,354,354,0,1,353,LISTAS,,
79445,15_012_001,852,506,506,0,7,499,LISTAS,,
79447,15_012_002,869,507,507,0,0,507,LISTAS,,
79449,15_012_003,766,507,507,0,2,505,LISTAS,,
79451,15_012_004,725,478,478,0,7,471,LISTAS,,
79453,15_012_005,828,530,530,0,4,526,LISTAS,,
79455,15_013_001,605,371,373,0,20,353,LISTAS,,
80275,15_014_001,424,294,300,0,34,266,LISTAS,,
80277,15_015_001,639,418,418,0,3,415,LISTAS,,
80279,15_015_002,609,308,308,0,3,305,LISTAS,,
80281,15_015_003,516,257,257,0,1,256,LISTAS,,
80283,15_015_004,594,342,342,0,1,341,LISTAS,,
80285,15_016_001,887,611,605,0,8,597,LISTAS,,
80489,15_016_002,887,545,545,0,3,542,LISTAS,,
80491,15_017_001,743,480,518,0,172,346,LISTAS,,
80493,15_017_002,695,498,498,0,5,493,LISTAS,,
79457,15_018_001,670,447,447,0,2,445,LISTAS,,
79459,15_018_002,643,386,386,0,2,384,LISTAS,,
79461,15_019_001,419,256,256,0,3,253,LISTAS,,
73995,15_020_001,1032,581,578,0,2,576,LISTAS,,
73997,15_020_002,909,589,589,0,0,589,LISTAS,,
73999,15_020_003,1590,1281,1281,0,9,1272,LISTAS,,
74001,15_020_004,1153,498,498,0,6,492,LISTAS,,
74003,15_020_005,1148,611,611,0,1,610,LISTAS,,
74005,15_020_006,1153,752,752,0,4,748,LISTAS,,
74007,15_020_007,1128,587,587,0,7,580,LISTAS,,
74009,15_020_008,1134,650,650,0,2,648,LISTAS,,
74011,15_020_009,540,310,310,0,0,310,LISTAS,,
79213,15_020_010,261,130,129,0,1,128,LISTAS,,
80495,15_021_001,664,399,399,0,2,397,LISTAS,,
80497,15_022_001,660,319,317,0,5,312,LISTAS,,
80499,15_023_001,450,196,196,0,1,195,LISTAS,,
74013,15_024_001,932,510,510,0,3,507,LISTAS,,
80501,15_025_001,322,158,158,0,1,157,LISTAS,,
74015,15_026_001,479,210,210,0,5,205,LISTAS,,
74017,15_027_001,897,530,530,0,1,529,LISTAS,,
74019,15_027_002,1099,554,554,0,4,550,LISTAS,,
74021,15_028_001,320,193,193,0,1,192,LISTAS,,
79463,15_029_001,342,216,216,0,3,213,LISTAS,,
74023,15_030_001,359,208,208,0,8,200,LISTAS,,
74025,15_031_001,603,277,277,0,0,277,LISTAS,,
80503,15_032_001,222,115,115,0,3,112,LISTAS,,
79465,15_033_001,940,417,417,0,1,416,LISTAS,,
79467,15_033_002,924,429,429,0,2,427,LISTAS,,
73233,15_034_001,428,219,219,0,1,218,LISTAS,,
79469,15_035_001,651,421,421,0,3,418,LISTAS,,
79471,15_035_002,440,263,263,0,4,259,LISTAS,,
80505,15_036_001,232,96,96,0,1,95,LISTAS,,
79473,15_037_001,182,69,69,0,2,67,LISTAS,,
73235,15_038_001,180,124,124,0,0,124,LISTAS,,
74027,15_039_001,643,380,380,0,3,377,LISTAS,,
70091,15_039_002,567,301,301,0,8,293,LISTAS,,
73237,15_040_001,370,249,249,0,3,246,LISTAS,,
79475,15_041_001,228,145,145,0,1,144,LISTAS,,
70093,15_042_001,791,444,444,0,4,440,LISTAS,,
79477,15_043_001,232,142,142,0,3,139,LISTAS,,
70095,15_044_001,609,354,354,0,1,353,LISTAS,,
70097,15_044_002,748,368,368,0,5,363,LISTAS,,
70099,15_044_003,788,433,434,0,13,421,LISTAS,,
70101,15_044_004,894,563,563,0,3,560,LISTAS,,
70103,15_044_005,623,377,377,0,2,375,LISTAS,,
70105,15_044_006,593,308,308,0,3,305,LISTAS,,
70107,15_045_001,127,82,82,0,2,80,LISTAS,,
70109,15_046_001,723,378,378,0,3,375,LISTAS,,
70111,15_047_001,118,69,68,0,1,67,LISTAS,,
70113,15_048_001,216,117,117,0,1,116,LISTAS,,
80507,15_049_001,177,98,98,0,1,97,LISTAS,,
79479,15_050_001,159,95,95,0,1,94,LISTAS,,
80509,15_051_001,342,186,186,0,2,184,LISTAS,,
80511,15_052_001,124,69,69,0,1,68,LISTAS,,
80513,15_053_001,254,129,129,0,3,126,LISTAS,,
79481,15_054_001,985,585,585,0,6,579,LISTAS,,
79483,15_054_002,1054,661,661,0,7,654,LISTAS,,
79485,15_054_003,1129,686,686,0,1,685,LISTAS,,
79487,15_054_004,1026,581,581,0,5,576,LISTAS,,
79489,15_055_001,69,39,39,0,0,39,LISTAS,,
80515,15_056_001,80,45,45,0,1,44,LISTAS,,
79693,15_057_001,270,127,127,0,1,126,LISTAS,,
79695,15_058_001,507,216,216,0,2,214,LISTAS,,
79697,15_058_002,87,44,44,0,0,44,LISTAS,,
73239,15_059_001,202,119,119,0,5,114,LISTAS,,
70115,15_060_001,260,140,140,0,3,137,LISTAS,,
80517,15_061_001,664,386,386,0,2,384,LISTAS,,
80519,15_061_002,95,39,39,0,1,38,LISTAS,,
70117,15_062_001,401,203,203,0,4,199,LISTAS,,
70119,15_062_002,489,231,231,0,1,230,LISTAS,,
70121,15_063_001,841,510,510,0,1,509,LISTAS,,
79699,15_064_001,213,124,124,0,0,124,LISTAS,,
73241,15_065_001,185,95,94,0,2,92,LISTAS,,
79701,15_066_001,304,162,162,0,4,158,LISTAS,,
70123,15_067_001,363,186,186,0,5,181,LISTAS,,
70125,15_067_002,222,113,113,0,2,111,LISTAS,,
70127,15_068_001,343,156,156,0,3,153,LISTAS,,
70129,15_069_001,284,138,138,0,0,138,LISTAS,,
70131,15_070_001,218,146,146,0,3,143,LISTAS,,
79703,15_071_001,937,577,577,0,6,571,LISTAS,,
79705,15_072_001,199,95,95,0,2,93,LISTAS,,
70133,15_073_001,894,353,353,0,5,348,LISTAS,,
79707,15_074_001,35,27,27,0,0,27,LISTAS,,
80521,15_075_001,1024,636,636,0,5,631,LISTAS,,
70135,15_076_001,378,199,199,0,1,198,LISTAS,,
70137,15_077_001,1005,451,451,0,1,450,LISTAS,,
70139,15_078_001,961,409,409,0,2,407,LISTAS,,
70141,15_079_001,387,199,199,0,5,194,LISTAS,,
70143,15_080_001,514,247,247,0,4,243,LISTAS,,
73243,15_081_001,1017,658,657,0,1,656,LISTAS,,
70145,15_082_001,705,338,338,0,1,337,LISTAS,,
70147,15_082_002,653,294,294,0,1,293,LISTAS,,
70149,15_082_003,687,334,334,0,2,332,LISTAS,,
80523,15_083_001,550,232,232,0,0,232,LISTAS,,
70151,15_084_001,711,406,406,0,2,404,LISTAS,,
70153,15_084_002,668,340,340,0,2,338,LISTAS,,
73245,15_085_001,91,72,72,0,1,71,LISTAS,,
73247,15_086_001,372,166,166,0,8,158,LISTAS,,
73249,15_087_001,253,112,112,0,1,111,LISTAS,,
73443,15_088_001,659,397,397,0,2,395,LISTAS,,
73445,15_088_002,686,433,433,0,0,433,LISTAS,,
73447,15_088_003,652,412,413,0,15,398,LISTAS,,
73449,15_089_001,827,481,481,0,6,475,LISTAS,,
73451,15_090_001,591,385,385,0,0,385,LISTAS,,
73453,15_091_001,1101,648,648,0,1,647,LISTAS,,
73455,15_091_002,722,485,485,0,8,477,LISTAS,,
73457,15_091_003,798,439,439,0,1,438,LISTAS,,
73459,15_091_004,741,440,432,0,5,427,LISTAS,,
73461,15_091_005,977,620,620,0,1,619,LISTAS,,
73463,15_091_006,1047,740,740,0,1,739,LISTAS,,
73465,15_091_007,1081,689,689,0,4,685,LISTAS,,
73467,15_091_008,822,425,425,0,1,424,LISTAS,,
73469,15_091_009,796,442,442,0,11,431,LISTAS,,
73471,15_091_010,630,391,391,0,0,391,LISTAS,,
73473,15_091_011,694,453,453,0,1,452,LISTAS,,
73475,15_091_012,955,615,615,0,1,614,LISTAS,,
73477,15_091_013,756,431,431,0,2,429,LISTAS,,
73479,15_091_014,616,367,367,0,5,362,LISTAS,,
73481,15_091_015,797,546,546,0,1,545,LISTAS,,
73483,15_091_016,1132,718,717,0,5,712,LISTAS,,
73485,15_091_017,1119,787,787,0,6,781,LISTAS,,
73487,15_091_018,794,503,503,0,2,501,LISTAS,,
73489,15_091_019,630,382,382,0,1,381,LISTAS,,
73491,15_091_020,779,441,441,0,1,440,LISTAS,,
73493,15_091_021,1127,727,717,0,5,712,LISTAS,,
73495,15_091_022,1140,699,698,0,2,696,LISTAS,,
73985,15_091_023,1137,766,764,0,4,760,LISTAS,,
73497,15_091_024,1344,805,805,0,2,803,LISTAS,,
73499,15_091_025,747,475,475,0,4,471,LISTAS,,
73501,15_091_026,830,563,563,0,2,561,LISTAS,,
73503,15_091_027,787,438,436,0,0,436,LISTAS,,
73505,15_091_028,717,426,426,0,2,424,LISTAS,,
73703,15_091_029,830,478,478,0,0,478,LISTAS,,
73705,15_091_030,1232,744,744,0,5,739,LISTAS,,
73707,15_091_031,1059,650,650,0,6,644,LISTAS,,
73987,15_091_032,815,454,454,0,2,452,LISTAS,,
73709,15_091_033,889,550,550,0,2,548,LISTAS,,
73711,15_091_034,814,550,549,0,2,547,LISTAS,,
73713,15_091_035,784,561,561,0,3,558,LISTAS,,
73715,15_091_036,695,260,259,0,2,257,LISTAS,,
73717,15_091_037,2189,1706,1704,0,6,1698,LISTAS,,
73719,15_091_038,1017,652,652,0,7,645,LISTAS,,
73721,15_091_039,1130,722,722,0,5,717,LISTAS,,
73723,15_091_040,821,595,595,0,5,590,LISTAS,,
73725,15_091_041,715,495,494,0,1,493,LISTAS,,
73727,15_091_042,851,616,616,0,6,610,LISTAS,,
73729,15_091_043,937,685,685,0,5,680,LISTAS,,
73731,15_091_044,848,585,585,0,2,583,LISTAS,,
73733,15_091_045,879,618,618,0,4,614,LISTAS,,
73735,15_091_046,817,554,554,0,3,551,LISTAS,,
73737,15_091_047,719,505,505,0,3,502,LISTAS,,
73739,15_091_048,640,482,482,0,6,476,LISTAS,,
73741,15_091_049,741,549,549,0,4,545,LISTAS,,
73743,15_091_050,1002,686,686,0,2,684,LISTAS,,
73745,15_091_051,847,453,452,0,11,441,LISTAS,,
73747,15_091_052,1364,960,960,0,7,953,LISTAS,,
73749,15_091_053,631,416,416,0,6,410,LISTAS,,
73751,15_091_054,1042,504,503,0,14,489,LISTAS,,
73753,15_091_055,895,327,327,0,10,317,LISTAS,,
73755,15_091_056,771,483,483,0,2,481,LISTAS,,
73757,15_091_057,1081,710,709,0,0,709,LISTAS,,
73759,15_091_058,955,549,549,0,5,544,LISTAS,,
73983,15_091_059,1113,789,786,0,6,780,LISTAS,,
80525,15_092_001,560,335,335,0,1,334,LISTAS,,
80527,15_092_002,677,359,359,0,1,358,LISTAS,,
70155,15_093_001,181,94,94,0,6,88,LISTAS,,
78889,15_094_001,95,59,59,0,0,59,LISTAS,,
80529,15_095_001,238,108,108,0,2,106,LISTAS,,
78891,15_096_001,485,220,220,0,2,218,LISTAS,,
80531,15_097_001,367,156,157,0,9,148,LISTAS,,
80533,15_098_001,48,34,34,0,0,34,LISTAS,,
79709,15_099_001,251,142,142,0,1,141,LISTAS,,
73761,15_100_001,321,145,145,0,2,143,LISTAS,,
80535,15_101_001,465,272,272,0,3,269,LISTAS,,
79711,15_102_001,603,307,307,0,3,304,LISTAS,,
79713,15_102_002,523,298,298,0,5,293,LISTAS,,
79715,15_102_003,627,404,404,0,2,402,LISTAS,,
78893,15_103_001,148,88,88,0,0,88,LISTAS,,
78895,15_104_001,316,134,134,0,1,133,LISTAS,,
80537,15_105_001,345,183,182,0,0,182,LISTAS,,
79717,15_106_001,134,71,71,0,0,71,LISTAS,,
80539,15_107_001,173,114,114,0,0,114,LISTAS,,
78897,15_108_001,719,334,334,0,3,331,LISTAS,,
78899,15_109_001,156,95,95,0,0,95,LISTAS,,
80541,15_110_001,403,227,227,0,1,226,LISTAS,,
78901,15_111_001,300,78,78,0,6,72,LISTAS,,
78903,15_111_002,138,56,55,0,0,55,LISTAS,,
80543,15_112_001,1161,684,684,0,8,676,LISTAS,,
78905,15_113_001,546,317,317,0,1,316,LISTAS,,
78907,15_113_002,624,324,324,0,6,318,LISTAS,,
78909,15_114_001,498,246,246,0,5,241,LISTAS,,
78911,15_115_001,444,182,182,0,2,180,LISTAS,,
78913,15_116_001,871,362,362,0,6,356,LISTAS,,
78915,15_116_002,730,355,355,0,4,351,LISTAS,,
79719,15_117_001,524,336,336,0,1,335,LISTAS,,
79721,15_117_002,585,317,316,0,5,311,LISTAS,,
79723,15_118_001,804,491,490,0,1,489,LISTAS,,
79725,15_118_002,788,421,421,0,4,417,LISTAS,,
79727,15_118_003,865,428,428,0,0,428,LISTAS,,
79729,15_119_001,27,19,19,0,0,19,LISTAS,,
80545,15_120_001,165,105,105,0,3,102,LISTAS,,
80547,15_121_001,549,332,332,0,3,329,LISTAS,,
80549,15_121_002,160,102,102,0,0,102,LISTAS,,
79731,15_122_001,507,279,279,0,0,279,LISTAS,,
79733,15_123_001,1069,581,581,0,3,578,LISTAS,,
79735,15_123_002,1651,1432,1426,0,3,1423,LISTAS,,
79737,15_123_003,963,587,587,0,7,580,LISTAS,,
79739,15_123_004,1252,686,686,0,4,682,LISTAS,,
79741,15_123_005,1172,764,764,0,1,763,LISTAS,,
79743,15_123_006,1144,714,713,0,3,710,LISTAS,,
79745,15_123_007,1202,633,633,0,6,627,LISTAS,,
79747,15_123_008,795,467,467,0,3,464,LISTAS,,
79749,15_123_009,1130,600,599,0,5,594,LISTAS,,
79751,15_123_010,398,241,241,0,1,240,LISTAS,,
79753,15_123_011,82,49,49,0,0,49,LISTAS,,
79755,15_123_012,302,127,127,0,1,126,LISTAS,,
80551,15_124_001,546,353,353,0,2,351,LISTAS,,
80553,15_124_002,522,280,280,0,0,280,LISTAS,,
80761,15_124_003,113,68,68,0,2,66,LISTAS,,
79757,15_125_001,625,337,337,0,2,335,LISTAS,,
79959,15_125_002,436,268,268,0,1,267,LISTAS,,
79961,15_126_001,961,425,425,0,5,420,LISTAS,,
78917,15_127_001,475,209,209,0,3,206,LISTAS,,
80763,15_128_001,186,120,120,0,0,120,LISTAS,,
73763,15_129_001,761,441,441,0,2,439,LISTAS,,
78919,15_130_001,229,127,127,0,3,124,LISTAS,,
78921,15_130_002,1122,725,725,0,2,723,LISTAS,,
78923,15_130_003,1171,734,734,0,7,727,LISTAS,,
78925,15_130_004,1152,673,673,0,6,667,LISTAS,,
78927,15_130_005,1125,782,782,0,6,776,LISTAS,,
78929,15_130_006,1179,785,785,0,1,784,LISTAS,,
78931,15_130_007,1177,718,718,0,5,713,LISTAS,,
78933,15_130_008,1099,669,668,0,1,667,LISTAS,,
79215,15_130_009,933,522,523,0,21,502,LISTAS,,
79963,15_131_001,855,438,438,0,4,434,LISTAS,,
79965,15_131_002,848,362,361,0,5,356,LISTAS,,
79967,15_131_003,817,319,319,0,2,317,LISTAS,,
80765,15_132_001,1094,538,538,0,0,538,LISTAS,,
73765,15_133_001,1168,633,631,0,5,626,LISTAS,,
80767,15_134_001,298,199,199,0,3,196,LISTAS,,
78935,15_135_001,455,249,249,0,2,247,LISTAS,,
79969,15_136_001,344,175,175,0,3,172,LISTAS,,
80769,15_137_001,482,233,233,0,1,232,LISTAS,,
79971,15_138_001,508,230,230,0,5,225,LISTAS,,
79973,15_139_001,83,47,47,0,1,46,LISTAS,,
79975,15_140_001,531,261,261,0,2,259,LISTAS,,
79977,15_141_001,440,237,237,0,1,236,LISTAS,,
79979,15_141_002,102,64,64,0,0,64,LISTAS,,
80771,15_142_001,241,112,112,0,2,110,LISTAS,,
80773,15_143_001,462,265,265,0,1,264,LISTAS,,
79981,15_144_001,657,384,384,0,2,382,LISTAS,,
79983,15_145_001,364,178,178,0,5,173,LISTAS,,
79985,15_145_002,238,155,155,0,2,153,LISTAS,,
79987,15_146_001,587,234,234,0,0,234,LISTAS,,
79989,15_146_002,591,309,309,0,1,308,LISTAS,,
78937,15_147_001,662,325,325,0,7,318,LISTAS,,
78939,15_148_001,115,64,64,0,2,62,LISTAS,,
78941,15_148_002,313,176,176,0,3,173,LISTAS,,
79991,15_149_001,183,137,137,0,0,137,LISTAS,,
80775,15_150_001,273,162,162,0,5,157,LISTAS,,
73963,15_151_001,50,32,32,0,0,32,LISTAS,,
78943,15_152_001,206,117,117,0,1,116,LISTAS,,
79993,15_153_001,211,101,101,0,0,101,LISTAS,,
78945,15_154_001,131,87,87,0,1,86,LISTAS,,
78947,15_155_001,385,187,187,0,3,184,LISTAS,,
79995,15_156_001,174,103,102,0,0,102,LISTAS,,
78949,15_157_001,190,112,112,0,2,110,LISTAS,,
78951,15_158_001,225,119,119,0,2,117,LISTAS,,
78953,15_159_001,71,57,57,0,1,56,LISTAS,,
79157,15_160_001,173,93,93,0,4,89,LISTAS,,
79997,15_161_001,517,280,280,0,3,277,LISTAS,,
79999,15_161_002,123,47,47,0,0,47,LISTAS,,
80777,15_162_001,315,195,195,0,2,193,LISTAS,,
80779,15_163_001,385,213,213,0,0,213,LISTAS,,
79159,15_164_001,128,61,61,0,0,61,LISTAS,,
79161,15_165_001,117,71,71,0,0,71,LISTAS,,
79163,15_166_001,301,123,123,0,3,120,LISTAS,,
79165,15_167_001,238,123,123,0,1,122,LISTAS,,
79167,15_168_001,42,19,19,0,0,19,LISTAS,,
80781,15_169_001,756,470,470,0,5,465,LISTAS,,
80783,15_169_002,739,390,390,0,1,389,LISTAS,,
73965,15_170_001,460,293,293,0,1,292,LISTAS,,
80001,15_171_001,385,192,192,0,3,189,LISTAS,,
79169,15_172_001,937,383,383,0,4,379,LISTAS,,
79171,15_172_002,1020,452,452,0,6,446,LISTAS,,
80785,15_173_001,129,91,91,0,1,90,LISTAS,,
73967,15_174_001,284,151,151,0,1,150,LISTAS,,
80787,15_175_001,240,147,147,0,0,147,LISTAS,,
80789,15_175_002,533,360,360,0,3,357,LISTAS,,
80791,15_175_003,577,393,394,0,13,381,LISTAS,,
80793,15_175_004,437,227,227,0,0,227,LISTAS,,
80795,15_175_005,1128,720,720,0,3,717,LISTAS,,
80797,15_175_006,1339,911,911,0,3,908,LISTAS,,
80799,15_175_007,1015,646,645,0,3,642,LISTAS,,
80801,15_175_008,898,589,589,0,7,582,LISTAS,,
80803,15_175_009,1012,700,700,0,5,695,LISTAS,,
80805,15_175_010,1109,679,676,0,2,674,LISTAS,,
80807,15_175_011,2431,2018,2011,0,4,2007,LISTAS,,
80809,15_175_012,635,432,432,0,1,431,LISTAS,,
80811,15_175_013,749,448,448,0,3,445,LISTAS,,
80813,15_175_014,975,616,616,0,2,614,LISTAS,,
80815,15_175_015,837,547,547,0,7,540,LISTAS,,
80817,15_175_016,855,568,568,0,4,564,LISTAS,,
80819,15_175_017,1178,657,656,0,5,651,LISTAS,,
80821,15_175_018,1068,633,633,0,1,632,LISTAS,,
80823,15_175_019,1143,625,625,0,3,622,LISTAS,,
80825,15_175_020,1247,741,741,0,3,738,LISTAS,,
81031,15_175_021,1303,809,809,0,1,808,LISTAS,,
81033,15_175_022,277,164,164,0,4,160,LISTAS,,
81035,15_175_023,700,436,436,0,0,436,LISTAS,,
81037,15_176_001,480,286,286,0,2,284,LISTAS,,
81039,15_177_001,556,341,341,0,2,339,LISTAS,,
81041,15_178_001,335,193,193,0,1,192,LISTAS,,
81043,15_179_001,154,85,85,0,0,85,LISTAS,,
79173,15_180_001,122,63,63,0,1,62,LISTAS,,
80003,15_181_001,467,287,287,0,2,285,LISTAS,,
80005,15_181_002,147,98,98,0,1,97,LISTAS,,
81045,15_182_001,432,295,295,0,0,295,LISTAS,,
79175,15_183_001,80,52,52,0,2,50,LISTAS,,
79177,15_184_001,131,69,69,0,0,69,LISTAS,,
81047,15_185_001,132,71,71,0,0,71,LISTAS,,
81049,15_186_001,172,72,72,0,1,71,LISTAS,,
80007,15_187_001,394,214,214,0,3,211,LISTAS,,
80009,15_188_001,375,198,198,0,0,198,LISTAS,,
80011,15_189_001,545,295,295,0,8,287,LISTAS,,
80013,15_189_002,755,398,398,0,4,394,LISTAS,,
81051,15_190_001,415,202,202,0,1,201,LISTAS,,
80015,15_191_001,523,225,225,0,1,224,LISTAS,,
80017,15_192_001,440,212,212,0,3,209,LISTAS,,
80019,15_192_002,579,285,285,0,4,281,LISTAS,,
80021,15_193_001,57,36,36,0,0,36,LISTAS,,
80023,15_194_001,521,216,216,0,2,214,LISTAS,,
81053,15_195_001,595,340,340,0,2,338,LISTAS,,
79179,15_196_001,570,377,377,0,2,375,LISTAS,,
79181,15_196_002,781,451,451,0,2,449,LISTAS,,
80221,15_197_001,363,238,238,0,7,231,LISTAS,,
79183,15_198_001,458,272,272,0,1,271,LISTAS,,
79185,15_198_002,447,231,231,0,3,228,LISTAS,,
80223,15_199_001,609,274,275,0,13,262,LISTAS,,
80225,15_200_001,806,455,455,0,4,451,LISTAS,,
80227,15_200_002,476,270,270,0,2,268,LISTAS,,
80229,15_200_003,128,56,56,0,0,56,LISTAS,,
80231,15_201_001,253,109,109,0,0,109,LISTAS,,
80233,15_201_002,178,106,106,0,0,106,LISTAS,,
73969,15_202_001,250,139,139,0,2,137,LISTAS,,
79187,15_203_001,405,207,207,0,1,206,LISTAS,,
81055,15_204_001,551,377,378,0,15,363,LISTAS,,
80235,15_205_001,164,97,97,0,1,96,LISTAS,,
73971,15_206_001,576,404,404,0,6,398,LISTAS,,
79189,15_207_001,328,177,177,0,1,176,LISTAS,,
73973,15_208_001,261,180,180,0,1,179,LISTAS,,
79191,15_209_001,105,66,66,0,2,64,LISTAS,,
81057,15_210_001,413,222,222,0,2,220,LISTAS,,
80237,15_211_001,230,104,103,0,1,102,LISTAS,,
73975,15_212_001,167,100,100,0,1,99,LISTAS,,
81059,15_213_001,87,65,65,0,1,64,LISTAS,,
81061,15_214_001,481,331,331,0,0,331,LISTAS,,
80239,15_215_001,222,128,128,0,0,128,LISTAS,,
80241,15_216_001,478,264,264,0,1,263,LISTAS,,
80243,15_216_002,503,280,280,0,2,278,LISTAS,,
79193,15_217_001,519,301,301,0,6,295,LISTAS,,
81063,15_218_001,712,402,402,0,4,398,LISTAS,,
81065,15_218_002,738,402,402,0,3,399,LISTAS,,
81067,15_218_003,660,309,309,0,3,306,LISTAS,,
81069,15_218_004,775,459,459,0,4,455,LISTAS,,
81071,15_218_005,801,508,508,0,2,506,LISTAS,,
80245,15_219_001,566,276,275,0,1,274,LISTAS,,
79195,15_220_001,452,224,224,0,3,221,LISTAS,,
79197,15_220_002,468,203,203,0,3,200,LISTAS,,
81073,15_221_001,791,491,491,0,4,487,LISTAS,,
81075,15_221_002,830,501,501,0,1,500,LISTAS,,
80247,15_222_001,322,194,194,0,0,194,LISTAS,,
81077,15_223_001,156,85,85,0,1,84,LISTAS,,
81079,15_224_001,365,180,180,0,3,177,LISTAS,,
80249,15_225_001,105,49,49,0,2,47,LISTAS,,
81081,15_226_001,213,122,121,0,1,120,LISTAS,,
79199,15_227_001,181,103,103,0,1,102,LISTAS,,
81083,15_228_001,348,185,185,0,0,185,LISTAS,,
80251,15_229_001,117,58,58,0,0,58,LISTAS,,
80253,15_229_002,111,57,57,0,0,57,LISTAS,,
80255,15_230_001,115,77,77,0,1,76,LISTAS,,
80257,15_231_001,418,279,279,0,2,277,LISTAS,,
79201,15_232_001,618,298,298,0,5,293,LISTAS,,
79203,15_233_001,185,87,87,0,2,85,LISTAS,,
81085,15_234_001,178,116,116,0,1,115,LISTAS,,
79205,15_235_001,479,259,259,0,3,256,LISTAS,,
80259,15_236_001,334,258,258,0,5,253,LISTAS,,
81087,15_237_001,219,111,111,0,1,110,LISTAS,,
81089,15_238_001,922,599,599,0,2,597,LISTAS,,
81091,15_238_002,1141,780,780,0,7,773,LISTAS,,
79207,15_239_001,415,256,256,0,1,255,LISTAS,,
79209,15_239_002,515,316,316,0,1,315,LISTAS,,
81093,15_240_001,293,150,150,0,3,147,LISTAS,,
81095,15_241_001,450,253,253,0,6,247,LISTAS,,
73977,15_242_001,201,130,130,0,0,130,LISTAS,,
73979,15_243_001,263,156,156,0,1,155,LISTAS,,
73981,15_244_001,346,244,244,0,2,242,LISTAS,,
79211,15_245_001,462,225,225,0,2,223,LISTAS,,
81097,15_246_001,1106,729,727,0,2,725,LISTAS,,
82641,16_001_001,1010,645,645,0,8,637,LISTAS,,
82643,16_001_002,952,631,631,0,1,630,LISTAS,,
82645,16_001_003,1160,685,685,0,4,681,LISTAS,,
82647,16_002_001,815,479,476,0,1,475,LISTAS,,
82649,16_002_002,775,346,346,0,1,345,LISTAS,,
80063,16_003_001,624,358,358,0,2,356,LISTAS,,
80065,16_003_002,628,283,283,0,3,280,LISTAS,,
80067,16_003_003,634,348,348,0,5,343,LISTAS,,
79231,16_004_001,729,333,333,0,3,330,LISTAS,,
79233,16_004_002,720,387,387,0,11,376,LISTAS,,
80069,16_005_001,763,641,641,0,8,633,LISTAS,,
80071,16_005_002,826,675,675,0,4,671,LISTAS,,
80073,16_005_003,1161,956,966,0,60,906,LISTAS,,
80853,16_006_001,818,505,505,0,3,502,LISTAS,,
80855,16_006_002,1014,584,584,0,12,572,LISTAS,,
80857,16_006_003,1159,632,632,0,9,623,LISTAS,,
80859,16_006_004,356,149,149,0,2,147,LISTAS,,
80861,16_006_005,702,308,308,0,11,297,LISTAS,,
80863,16_006_006,1021,484,484,0,7,477,LISTAS,,
81865,16_007_001,681,398,398,0,6,392,LISTAS,,
79235,16_008_001,679,406,405,0,25,380,LISTAS,,
80865,16_009_001,535,304,304,0,7,297,LISTAS,,
79237,16_010_001,355,256,256,0,3,253,LISTAS,,
79239,16_011_001,659,425,425,0,5,420,LISTAS,,
79241,16_012_001,616,347,347,0,11,336,LISTAS,,
82651,16_013_001,641,473,473,0,8,465,LISTAS,,
80075,16_014_001,529,318,316,0,24,292,LISTAS,,
82653,16_015_001,809,321,321,0,4,317,LISTAS,,
81425,16_016_001,1139,606,603,0,18,585,LISTAS,,
79243,16_017_001,518,329,329,0,7,322,LISTAS,,
80867,16_018_001,603,312,312,0,5,307,LISTAS,,
80869,16_018_002,655,307,307,0,5,302,LISTAS,,
80871,16_018_003,609,285,284,0,8,276,LISTAS,,
80873,16_018_004,612,306,307,0,11,296,LISTAS,,
81867,16_019_001,570,368,363,0,6,357,LISTAS,,
81869,16_019_002,682,407,407,0,4,403,LISTAS,,
81871,16_019_003,564,296,296,0,6,290,LISTAS,,
79245,16_020_001,534,372,373,0,4,369,LISTAS,,
79247,16_021_001,400,337,337,0,2,335,LISTAS,,
79249,16_022_001,485,345,345,0,4,341,LISTAS,,
79251,16_023_001,293,192,192,0,2,190,LISTAS,,
79253,16_024_001,541,399,406,0,39,367,LISTAS,,
80077,16_025_001,753,415,415,0,5,410,LISTAS,,
80079,16_025_002,818,555,553,0,2,551,LISTAS,,
80081,16_025_003,873,531,527,0,15,512,LISTAS,,
80083,16_025_004,765,512,512,0,1,511,LISTAS,,
80085,16_025_005,821,462,462,0,6,456,LISTAS,,
80087,16_026_001,594,389,381,0,7,374,LISTAS,,
80089,16_027_001,658,444,444,0,9,435,LISTAS,,
79255,16_028_001,133,71,71,0,0,71,LISTAS,,
82655,16_029_001,609,408,408,0,3,405,LISTAS,,
82657,16_029_002,891,576,575,0,4,571,LISTAS,,
82659,16_029_003,961,542,542,0,2,540,LISTAS,,
82661,16_029_004,632,374,374,0,1,373,LISTAS,,
82663,16_029_005,249,109,109,0,1,108,LISTAS,,
82665,16_030_001,1075,533,533,0,8,525,LISTAS,,
82667,16_030_002,1043,628,628,0,6,622,LISTAS,,
82669,16_030_003,909,557,559,0,30,529,LISTAS,,
82671,16_031_001,872,474,474,0,4,470,LISTAS,,
82673,16_031_002,831,496,496,0,8,488,LISTAS,,
80875,16_032_001,686,423,422,0,6,416,LISTAS,,
80877,16_032_002,742,334,334,0,13,321,LISTAS,,
79257,16_033_001,899,418,417,0,23,394,LISTAS,,
80879,16_034_001,649,314,313,0,10,303,LISTAS,,
80881,16_034_002,643,336,336,0,12,324,LISTAS,,
80883,16_035_001,485,224,224,0,10,214,LISTAS,,
80885,16_035_002,738,376,376,0,4,372,LISTAS,,
80887,16_035_003,186,94,94,0,0,94,LISTAS,,
79259,16_036_001,970,626,626,0,9,617,LISTAS,,
79261,16_036_002,940,653,652,0,3,649,LISTAS,,
79263,16_036_003,926,567,567,0,1,566,LISTAS,,
79265,16_036_004,914,634,633,0,4,629,LISTAS,,
79267,16_036_005,935,667,667,0,3,664,LISTAS,,
79269,16_036_006,939,582,582,0,3,579,LISTAS,,
79271,16_036_007,908,517,517,0,2,515,LISTAS,,
82675,16_037_001,991,675,675,0,4,671,LISTAS,,
82677,16_037_002,975,576,576,0,2,574,LISTAS,,
79273,16_038_001,362,276,276,0,4,272,LISTAS,,
80091,16_039_001,251,174,174,0,4,170,LISTAS,,
79275,16_040_001,614,357,357,0,5,352,LISTAS,,
79277,16_041_001,113,95,95,0,0,95,LISTAS,,
81873,16_042_001,934,638,637,0,7,630,LISTAS,,
81875,16_042_002,935,568,568,0,7,561,LISTAS,,
81877,16_042_003,935,623,623,0,8,615,LISTAS,,
79279,16_043_001,478,265,265,0,2,263,LISTAS,,
82679,16_044_001,638,378,378,0,6,372,LISTAS,,
80889,16_045_001,731,409,409,0,3,406,LISTAS,,
80891,16_045_002,696,365,364,0,10,354,LISTAS,,
80287,16_046_001,440,350,350,0,0,350,LISTAS,,
82681,16_047_001,815,377,377,0,9,368,LISTAS,,
82683,16_047_002,739,363,363,0,3,360,LISTAS,,
79281,16_048_001,706,391,391,0,1,390,LISTAS,,
79283,16_049_001,89,53,53,0,2,51,LISTAS,,
80289,16_050_001,1201,621,621,0,9,612,LISTAS,,
82685,16_051_001,759,399,398,0,2,396,LISTAS,,
82687,16_051_002,824,364,364,0,4,360,LISTAS,,
79285,16_052_001,228,151,151,0,1,150,LISTAS,,
79287,16_053_001,955,566,566,0,1,565,LISTAS,,
79289,16_054_001,220,161,161,0,0,161,LISTAS,,
79291,16_055_001,254,148,148,0,0,148,LISTAS,,
80291,16_056_001,878,437,437,0,5,432,LISTAS,,
80293,16_056_002,747,371,371,0,5,366,LISTAS,,
80295,16_056_003,795,426,426,0,14,412,LISTAS,,
81879,16_057_001,995,595,595,0,8,587,LISTAS,,
81881,16_057_002,984,590,590,0,2,588,LISTAS,,
81883,16_057_003,1024,605,605,0,7,598,LISTAS,,
81885,16_057_004,1042,583,583,0,24,559,LISTAS,,
81887,16_057_005,1081,620,620,0,7,613,LISTAS,,
81889,16_057_006,183,124,124,0,1,123,LISTAS,,
79491,16_058_001,925,459,459,0,5,454,LISTAS,,
79493,16_059_001,626,378,378,0,4,374,LISTAS,,
79495,16_060_001,1327,748,747,0,16,731,LISTAS,,
80297,16_061_001,1033,592,591,0,5,586,LISTAS,,
82689,16_062_001,603,347,347,0,0,347,LISTAS,,
80893,16_063_001,637,329,329,0,2,327,LISTAS,,
80895,16_063_002,872,409,410,0,15,395,LISTAS,,
81099,16_063_003,598,350,350,0,0,350,LISTAS,,
81101,16_063_004,687,384,384,0,6,378,LISTAS,,
81103,16_063_005,234,129,129,0,0,129,LISTAS,,
81891,16_064_001,730,442,441,0,4,437,LISTAS,,
81893,16_064_002,617,375,375,0,3,372,LISTAS,,
81895,16_064_003,180,121,121,0,4,117,LISTAS,,
80299,16_065_001,698,360,360,0,1,359,LISTAS,,
80301,16_065_002,904,387,387,0,17,370,LISTAS,,
82691,16_066_001,1062,704,704,0,5,699,LISTAS,,
82895,16_066_002,1033,706,706,0,7,699,LISTAS,,
82897,16_066_003,772,532,532,0,9,523,LISTAS,,
82899,16_066_004,933,549,549,0,17,532,LISTAS,,
82901,16_067_001,703,373,373,0,5,368,LISTAS,,
82903,16_067_002,800,429,429,0,6,423,LISTAS,,
82905,16_068_001,612,385,385,0,3,382,LISTAS,,
82907,16_068_002,597,345,345,0,11,334,LISTAS,,
79497,16_069_001,246,153,153,0,2,151,LISTAS,,
79499,16_070_001,833,452,452,0,4,448,LISTAS,,
79501,16_071_001,51,36,36,0,1,35,LISTAS,,
81105,16_072_001,1350,818,818,0,14,804,LISTAS,,
79503,16_073_001,238,164,164,0,2,162,LISTAS,,
79505,16_074_001,432,261,261,0,15,246,LISTAS,,
79507,16_075_001,441,248,248,0,1,247,LISTAS,,
79509,16_076_001,835,501,501,0,3,498,LISTAS,,
82909,16_077_001,742,426,426,0,2,424,LISTAS,,
82911,16_077_002,2196,1706,1701,0,10,1691,LISTAS,,
82913,16_077_003,726,479,479,0,2,477,LISTAS,,
82915,16_077_004,1041,629,629,0,27,602,LISTAS,,
82917,16_077_005,1112,716,716,0,2,714,LISTAS,,
82919,16_077_006,757,528,528,0,3,525,LISTAS,,
82921,16_077_007,848,482,482,0,5,477,LISTAS,,
82923,16_077_008,948,621,621,0,2,619,LISTAS,,
82925,16_077_009,836,528,528,0,5,523,LISTAS,,
82927,16_077_010,840,625,625,0,4,621,LISTAS,,
82929,16_077_011,852,590,590,0,3,587,LISTAS,,
82931,16_077_012,724,469,469,0,1,468,LISTAS,,
82933,16_077_013,923,509,509,0,0,509,LISTAS,,
82935,16_077_014,836,532,532,0,2,530,LISTAS,,
82937,16_077_015,793,492,492,0,4,488,LISTAS,,
82939,16_077_016,819,491,491,0,4,487,LISTAS,,
80303,16_078_001,987,574,574,0,6,568,LISTAS,,
80305,16_078_002,629,384,384,0,3,381,LISTAS,,
80307,16_078_003,739,419,419,0,9,410,LISTAS,,
80309,16_079_001,104,79,79,0,1,78,LISTAS,,
82941,16_080_001,1097,620,620,0,4,616,LISTAS,,
81897,16_081_001,1172,676,676,0,18,658,LISTAS,,
82095,16_081_002,1201,627,627,0,10,617,LISTAS,,
82097,16_081_003,1200,730,730,0,8,722,LISTAS,,
79511,16_082_001,1053,626,625,0,1,624,LISTAS,,
79513,16_083_001,460,293,293,0,7,286,LISTAS,,
80311,16_084_001,808,398,398,0,4,394,LISTAS,,
80313,16_085_001,788,367,367,0,8,359,LISTAS,,
80315,16_085_002,734,384,384,0,3,381,LISTAS,,
80849,16_085_003,757,405,405,0,3,402,LISTAS,,
79515,16_086_001,673,370,370,0,6,364,LISTAS,,
82943,16_087_001,414,274,274,0,2,272,LISTAS,,
79517,16_088_001,201,161,161,0,2,159,LISTAS,,
80317,16_089_001,743,412,412,0,7,405,LISTAS,,
79519,16_090_001,220,124,124,0,0,124,LISTAS,,
79521,16_091_001,679,394,394,0,3,391,LISTAS,,
79523,16_091_002,794,419,419,0,5,414,LISTAS,,
79525,16_091_003,974,369,369,0,10,359,LISTAS,,
79527,16_091_004,885,471,471,0,1,470,LISTAS,,
81107,16_092_001,810,532,534,0,30,504,LISTAS,,
81109,16_092_002,885,477,477,0,11,466,LISTAS,,
79529,16_093_001,419,262,262,0,1,261,LISTAS,,
80319,16_094_001,1137,653,653,0,11,642,LISTAS,,
80321,16_094_002,1908,1498,1490,0,9,1481,LISTAS,,
80847,16_094_003,727,451,451,0,3,448,LISTAS,,
80323,16_094_004,841,538,538,0,3,535,LISTAS,,
80325,16_094_005,800,450,450,0,1,449,LISTAS,,
80327,16_094_006,873,524,524,0,7,517,LISTAS,,
80329,16_094_007,955,556,556,0,2,554,LISTAS,,
80331,16_094_008,764,470,470,0,1,469,LISTAS,,
80333,16_094_009,800,485,485,0,1,484,LISTAS,,
80335,16_094_010,815,497,497,0,5,492,LISTAS,,
80337,16_094_011,843,495,494,0,0,494,LISTAS,,
80339,16_094_012,974,574,574,0,4,570,LISTAS,,
80845,16_094_013,852,534,534,0,2,532,LISTAS,,
80341,16_094_014,790,468,468,0,2,466,LISTAS,,
80343,16_094_015,941,626,625,0,4,621,LISTAS,,
80843,16_094_016,928,640,640,0,3,637,LISTAS,,
79531,16_095_001,228,103,103,0,2,101,LISTAS,,
82945,16_096_001,830,529,529,0,7,522,LISTAS,,
79533,16_097_001,571,350,349,0,14,335,LISTAS,,
81111,16_098_001,1042,597,597,0,2,595,LISTAS,,
81113,16_098_002,685,325,324,0,1,323,LISTAS,,
79535,16_099_001,702,388,388,0,13,375,LISTAS,,
79537,16_100_001,523,305,300,0,3,297,LISTAS,,
82099,16_101_001,948,426,426,0,8,418,LISTAS,,
82101,16_101_002,254,107,107,0,2,105,LISTAS,,
82103,16_101_003,112,68,68,0,1,67,LISTAS,,
79539,16_102_001,808,460,460,0,6,454,LISTAS,,
79541,16_102_002,784,465,465,0,12,453,LISTAS,,
80345,16_103_001,1082,554,554,0,4,550,LISTAS,,
80347,16_103_002,595,324,324,0,2,322,LISTAS,,
80349,16_103_003,873,391,391,0,3,388,LISTAS,,
80351,16_103_004,702,327,327,0,5,322,LISTAS,,
80353,16_103_005,1014,416,415,0,22,393,LISTAS,,
80555,16_103_006,827,406,406,0,6,400,LISTAS,,
82947,16_104_001,721,443,443,0,3,440,LISTAS,,
82949,16_104_002,645,332,332,0,2,330,LISTAS,,
82951,16_104_003,799,392,392,0,4,388,LISTAS,,
82953,16_104_004,852,372,372,0,11,361,LISTAS,,
82955,16_104_005,752,349,349,0,1,348,LISTAS,,
82957,16_104_006,786,403,403,0,10,393,LISTAS,,
79543,16_105_001,108,79,79,0,0,79,LISTAS,,
81115,16_106_001,955,588,587,0,1,586,LISTAS,,
81117,16_106_002,1008,511,511,0,3,508,LISTAS,,
81119,16_106_003,988,583,583,0,2,581,LISTAS,,
81121,16_106_004,918,507,507,0,3,504,LISTAS,,
81123,16_106_005,961,609,609,0,4,605,LISTAS,,
81125,16_106_006,978,509,509,0,5,504,LISTAS,,
81127,16_106_007,944,573,573,0,5,568,LISTAS,,
81129,16_106_008,1033,597,597,0,4,593,LISTAS,,
79545,16_107_001,443,254,254,0,3,251,LISTAS,,
79547,16_108_001,1200,708,708,0,5,703,LISTAS,,
82959,16_109_001,935,545,545,0,23,522,LISTAS,,
78955,16_109_002,1033,520,520,0,6,514,LISTAS,,
78957,16_109_003,1051,522,522,0,5,517,LISTAS,,
79549,16_110_001,745,444,444,0,4,440,LISTAS,,
79551,16_111_001,80,47,47,0,2,45,LISTAS,,
81131,16_112_001,1345,827,827,0,64,763,LISTAS,,
81133,16_112_002,1216,740,740,0,15,725,LISTAS,,
81135,16_112_003,2131,1567,1564,0,4,1560,LISTAS,,
81137,16_112_004,1167,768,766,0,2,764,LISTAS,,
81139,16_112_005,1202,803,803,0,5,798,LISTAS,,
81141,16_112_006,1272,948,948,0,6,942,LISTAS,,
81143,16_112_007,1201,754,754,0,4,750,LISTAS,,
81145,16_112_008,1144,708,708,0,3,705,LISTAS,,
81147,16_113_001,731,469,468,0,10,458,LISTAS,,
81149,16_113_002,890,508,508,0,9,499,LISTAS,,
81151,16_113_003,591,342,342,0,28,314,LISTAS,,
81153,16_114_001,907,724,722,0,9,713,LISTAS,,
81155,16_114_002,758,585,584,0,6,578,LISTAS,,
81157,16_114_003,858,651,651,0,8,643,LISTAS,,
78959,16_115_001,597,368,368,0,1,367,LISTAS,,
78961,16_115_002,893,458,458,0,4,454,LISTAS,,
78963,16_115_003,831,459,459,0,2,457,LISTAS,,
80557,16_116_001,1127,668,668,0,13,655,LISTAS,,
80559,16_116_002,610,309,309,0,5,304,LISTAS,,
81159,16_117_001,978,563,563,0,10,553,LISTAS,,
81161,16_118_001,498,314,314,0,6,308,LISTAS,,
81299,16_119_001,2775,2263,2262,0,7,2255,LISTAS,,
81301,16_119_002,1102,767,767,0,5,762,LISTAS,,
81303,16_119_003,816,524,524,0,4,520,LISTAS,,
81305,16_119_004,1314,860,860,0,5,855,LISTAS,,
81307,16_119_005,1010,711,711,0,3,708,LISTAS,,
81309,16_119_006,1006,670,670,0,7,663,LISTAS,,
81311,16_119_007,932,682,682,0,5,677,LISTAS,,
81313,16_119_008,1054,708,708,0,8,700,LISTAS,,
81315,16_119_009,819,488,488,0,2,486,LISTAS,,
81317,16_119_010,868,592,592,0,4,588,LISTAS,,
81319,16_119_011,1008,608,605,0,4,601,LISTAS,,
81321,16_119_012,855,529,529,0,1,528,LISTAS,,
81323,16_119_013,996,519,519,0,4,515,LISTAS,,
81325,16_119_014,956,661,661,0,4,657,LISTAS,,
81327,16_119_015,1141,866,866,0,2,864,LISTAS,,
81329,16_119_016,683,488,488,0,0,488,LISTAS,,
81331,16_119_017,1035,831,828,0,4,824,LISTAS,,
81333,16_119_018,752,529,529,0,4,525,LISTAS,,
81335,16_119_019,1163,699,699,0,4,695,LISTAS,,
82105,16_119_020,1929,1493,1490,0,13,1477,LISTAS,,
81337,16_119_021,831,559,557,0,2,555,LISTAS,,
82107,16_119_022,1323,947,905,0,4,901,LISTAS,,
81339,16_119_023,771,496,496,0,3,493,LISTAS,,
81341,16_119_024,1125,741,741,0,5,736,LISTAS,,
81343,16_119_025,906,618,618,0,9,609,LISTAS,,
81345,16_119_026,887,545,545,0,3,542,LISTAS,,
81347,16_119_027,938,635,635,0,4,631,LISTAS,,
82109,16_119_028,1033,750,749,0,2,747,LISTAS,,
81349,16_119_029,932,585,584,0,7,577,LISTAS,,
81351,16_119_030,1093,722,722,0,1,721,LISTAS,,
81353,16_119_031,914,630,630,0,2,628,LISTAS,,
81355,16_119_032,862,660,660,0,4,656,LISTAS,,
81357,16_119_033,813,566,565,0,2,563,LISTAS,,
81359,16_119_034,993,716,715,0,6,709,LISTAS,,
81567,16_119_035,699,361,360,0,1,359,LISTAS,,
81569,16_119_036,869,567,567,0,1,566,LISTAS,,
81571,16_119_037,642,452,450,0,3,447,LISTAS,,
81573,16_119_038,664,486,486,0,0,486,LISTAS,,
82111,16_119_039,877,451,451,0,2,449,LISTAS,,
82113,16_119_040,926,576,576,0,3,573,LISTAS,,
82115,16_119_041,1189,774,773,0,6,767,LISTAS,,
82117,16_119_042,1202,733,730,0,1,729,LISTAS,,
82119,16_119_043,765,476,476,0,18,458,LISTAS,,
81575,16_119_044,995,673,673,0,5,668,LISTAS,,
81577,16_119_045,702,511,511,0,1,510,LISTAS,,
81579,16_119_046,958,571,557,0,2,555,LISTAS,,
81581,16_119_047,726,470,470,0,2,468,LISTAS,,
81583,16_119_048,1178,720,719,0,4,715,LISTAS,,
81585,16_119_049,692,383,383,0,2,381,LISTAS,,
81587,16_119_050,877,567,567,0,5,562,LISTAS,,
81589,16_119_051,1013,605,604,0,2,602,LISTAS,,
81591,16_119_052,867,548,544,0,5,539,LISTAS,,
81593,16_119_053,724,448,448,0,3,445,LISTAS,,
81595,16_119_054,1155,753,757,0,47,710,LISTAS,,
81597,16_119_055,949,584,582,0,5,577,LISTAS,,
81599,16_119_056,679,476,467,0,2,465,LISTAS,,
81601,16_119_057,1092,764,764,0,2,762,LISTAS,,
81603,16_119_058,785,555,555,0,6,549,LISTAS,,
81605,16_119_059,911,660,660,0,3,657,LISTAS,,
81607,16_119_060,760,548,543,0,3,540,LISTAS,,
81609,16_119_061,709,414,414,0,4,410,LISTAS,,
81611,16_119_062,1265,785,785,0,4,781,LISTAS,,
81613,16_119_063,938,552,552,0,5,547,LISTAS,,
81615,16_119_064,809,539,539,0,0,539,LISTAS,,
81617,16_119_065,1070,641,641,0,5,636,LISTAS,,
81619,16_119_066,1205,763,763,0,7,756,LISTAS,,
81621,16_119_067,1010,572,572,0,1,571,LISTAS,,
81623,16_119_068,945,635,634,0,3,631,LISTAS,,
81625,16_119_069,1134,643,643,0,2,641,LISTAS,,
82121,16_119_070,1162,800,800,0,7,793,LISTAS,,
82123,16_119_071,900,683,683,0,2,681,LISTAS,,
82125,16_119_072,808,437,437,0,1,436,LISTAS,,
82127,16_119_073,1170,867,867,0,2,865,LISTAS,,
82129,16_119_074,1074,728,728,0,5,723,LISTAS,,
82131,16_119_075,1170,785,783,0,3,780,LISTAS,,
82133,16_119_076,587,129,129,0,10,119,LISTAS,,
82135,16_119_077,664,357,356,0,1,355,LISTAS,,
81627,16_119_078,1416,823,823,0,8,815,LISTAS,,
81629,16_119_079,1305,718,718,0,3,715,LISTAS,,
81833,16_119_080,900,492,492,0,1,491,LISTAS,,
81835,16_119_081,834,453,452,0,8,444,LISTAS,,
81837,16_119_082,944,548,548,0,5,543,LISTAS,,
82137,16_119_083,1076,490,490,0,7,483,LISTAS,,
82139,16_119_084,1138,686,686,0,4,682,LISTAS,,
82141,16_119_085,1091,562,562,0,25,537,LISTAS,,
82143,16_119_086,1016,465,465,0,8,457,LISTAS,,
81839,16_119_087,876,581,581,0,2,579,LISTAS,,
81841,16_119_088,744,484,484,0,1,483,LISTAS,,
81843,16_119_089,1143,772,772,0,1,771,LISTAS,,
81845,16_119_090,984,599,598,0,4,594,LISTAS,,
81847,16_119_091,1058,623,623,0,2,621,LISTAS,,
81849,16_119_092,788,410,410,0,1,409,LISTAS,,
81851,16_119_093,824,608,608,0,4,604,LISTAS,,
81853,16_119_094,754,547,547,0,10,537,LISTAS,,
81855,16_119_095,1087,700,699,0,2,697,LISTAS,,
81857,16_119_096,1166,781,780,0,5,775,LISTAS,,
81859,16_119_097,771,444,443,0,4,439,LISTAS,,
81861,16_119_098,733,445,445,0,0,445,LISTAS,,
81863,16_119_099,919,579,578,0,5,573,LISTAS,,
81163,16_120_001,702,397,397,0,7,390,LISTAS,,
81361,16_120_002,174,119,119,0,0,119,LISTAS,,
81363,16_121_001,747,347,347,0,4,343,LISTAS,,
81365,16_121_002,819,435,433,0,8,425,LISTAS,,
78965,16_122_001,879,538,538,0,5,533,LISTAS,,
80561,16_123_001,705,491,491,0,7,484,LISTAS,,
80563,16_124_001,795,414,414,0,1,413,LISTAS,,
80565,16_124_002,1034,505,505,0,3,502,LISTAS,,
81367,16_125_001,666,480,479,0,5,474,LISTAS,,
81369,16_125_002,742,519,519,0,2,517,LISTAS,,
80567,16_126_001,641,441,441,0,6,435,LISTAS,,
78967,16_127_001,563,353,353,0,7,346,LISTAS,,
81371,16_128_001,866,534,534,0,5,529,LISTAS,,
81373,16_128_002,990,589,589,0,12,577,LISTAS,,
81375,16_128_003,396,230,230,0,9,221,LISTAS,,
80569,16_129_001,988,379,402,0,123,279,LISTAS,,
80571,16_129_002,843,387,387,0,22,365,LISTAS,,
80573,16_129_003,901,447,447,0,2,445,LISTAS,,
80575,16_129_004,847,448,448,0,7,441,LISTAS,,
80577,16_130_001,1118,633,633,0,5,628,LISTAS,,
80579,16_130_002,1058,525,525,0,2,523,LISTAS,,
81377,16_131_001,705,446,446,0,6,440,LISTAS,,
81379,16_131_002,711,422,422,0,4,418,LISTAS,,
80581,16_132_001,711,467,465,0,6,459,LISTAS,,
78969,16_133_001,1125,729,729,0,3,726,LISTAS,,
78971,16_133_002,1039,647,647,0,10,637,LISTAS,,
78973,16_133_003,667,393,393,0,6,387,LISTAS,,
81381,16_134_001,503,338,340,0,15,325,LISTAS,,
78975,16_135_001,863,402,402,0,1,401,LISTAS,,
78977,16_135_002,757,401,400,0,5,395,LISTAS,,
82145,16_136_001,839,506,506,0,9,497,LISTAS,,
82147,16_136_002,1113,689,689,0,6,683,LISTAS,,
82149,16_136_003,1133,598,598,0,4,594,LISTAS,,
82151,16_136_004,738,333,333,0,9,324,LISTAS,,
82153,16_136_005,1129,532,532,0,6,526,LISTAS,,
82155,16_136_006,706,495,494,0,1,493,LISTAS,,
78979,16_137_001,896,494,494,0,12,482,LISTAS,,
78981,16_138_001,676,391,391,0,5,386,LISTAS,,
78983,16_138_002,794,471,471,0,5,466,LISTAS,,
81383,16_139_001,794,452,452,0,5,447,LISTAS,,
81385,16_139_002,790,466,466,0,4,462,LISTAS,,
79553,16_140_001,531,301,301,0,4,297,LISTAS,,
79555,16_141_001,255,197,197,0,3,194,LISTAS,,
80583,16_142_001,654,402,402,0,3,399,LISTAS,,
80585,16_142_002,637,370,370,0,2,368,LISTAS,,
80587,16_142_003,713,360,360,0,1,359,LISTAS,,
80589,16_143_001,1065,595,595,0,8,587,LISTAS,,
80591,16_143_002,1169,539,539,0,6,533,LISTAS,,
80593,16_144_001,702,368,368,0,11,357,LISTAS,,
80595,16_144_002,717,375,374,0,10,364,LISTAS,,
81387,16_145_001,353,208,208,0,5,203,LISTAS,,
80597,16_146_001,591,353,353,0,2,351,LISTAS,,
80599,16_146_002,537,326,326,0,4,322,LISTAS,,
79557,16_147_001,512,324,324,0,1,323,LISTAS,,
78985,16_148_001,793,449,449,0,0,449,LISTAS,,
78987,16_148_002,740,365,365,0,4,361,LISTAS,,
80601,16_149_001,654,407,407,0,7,400,LISTAS,,
82157,16_150_001,958,525,525,0,23,502,LISTAS,,
78989,16_151_001,711,433,433,0,10,423,LISTAS,,
78991,16_151_002,887,523,522,0,3,519,LISTAS,,
78993,16_151_003,626,382,382,0,4,378,LISTAS,,
80603,16_152_001,561,296,296,0,6,290,LISTAS,,
81389,16_153_001,799,480,480,0,15,465,LISTAS,,
79559,16_154_001,619,368,368,0,2,366,LISTAS,,
80605,16_155_001,737,375,375,0,1,374,LISTAS,,
80607,16_155_002,699,383,382,0,5,377,LISTAS,,
81391,16_156_001,615,427,427,0,12,415,LISTAS,,
81393,16_156_002,674,393,393,0,8,385,LISTAS,,
80609,16_157_001,680,433,433,0,7,426,LISTAS,,
80611,16_157_002,643,348,348,0,1,347,LISTAS,,
80851,16_157_003,655,390,390,0,14,376,LISTAS,,
81395,16_158_001,662,390,390,0,2,388,LISTAS,,
81397,16_158_002,669,353,353,0,2,351,LISTAS,,
80613,16_159_001,1077,630,621,0,7,614,LISTAS,,
82357,16_160_001,654,428,428,0,4,424,LISTAS,,
82359,16_160_002,885,554,554,0,3,551,LISTAS,,
82361,16_160_003,756,427,427,0,11,416,LISTAS,,
82363,16_160_004,648,433,433,0,1,432,LISTAS,,
82365,16_160_005,812,513,513,0,6,507,LISTAS,,
78995,16_161_001,1185,622,622,0,12,610,LISTAS,,
80615,16_162_001,103,72,72,0,5,67,LISTAS,,
78997,16_163_001,801,385,385,0,7,378,LISTAS,,
80617,16_164_001,962,715,715,0,9,706,LISTAS,,
79759,16_165_001,547,319,319,0,4,315,LISTAS,,
78999,16_166_001,1148,571,571,0,1,570,LISTAS,,
79761,16_167_001,619,371,371,0,6,365,LISTAS,,
82367,16_168_001,303,209,209,0,3,206,LISTAS,,
79001,16_169_001,955,488,488,0,7,481,LISTAS,,
79003,16_170_001,575,286,286,0,2,284,LISTAS,,
79005,16_170_002,647,294,294,0,2,292,LISTAS,,
81399,16_171_001,800,473,475,0,29,446,LISTAS,,
81401,16_171_002,725,387,387,0,5,382,LISTAS,,
81403,16_171_003,719,342,342,0,19,323,LISTAS,,
80619,16_172_001,409,211,211,0,3,208,LISTAS,,
80621,16_173_001,326,183,183,0,1,182,LISTAS,,
79763,16_174_001,347,228,228,0,2,226,LISTAS,,
79765,16_175_001,604,397,397,0,5,392,LISTAS,,
79767,16_176_001,688,460,460,0,2,458,LISTAS,,
79769,16_176_002,855,499,499,0,15,484,LISTAS,,
80623,16_177_001,234,153,153,0,3,150,LISTAS,,
79771,16_178_001,341,228,228,0,3,225,LISTAS,,
79773,16_179_001,551,373,373,0,5,368,LISTAS,,
79775,16_179_002,578,396,396,0,7,389,LISTAS,,
79007,16_180_001,800,469,469,0,24,445,LISTAS,,
79777,16_181_001,815,460,460,0,14,446,LISTAS,,
79779,16_181_002,872,607,607,0,11,596,LISTAS,,
79781,16_182_001,299,231,231,0,0,231,LISTAS,,
81405,16_183_001,530,304,304,0,5,299,LISTAS,,
80827,16_184_001,874,483,483,0,3,480,LISTAS,,
82369,16_185_001,577,323,323,0,3,320,LISTAS,,
82371,16_185_002,417,234,234,0,1,233,LISTAS,,
79783,16_186_001,479,299,299,0,6,293,LISTAS,,
79785,16_187_001,981,611,611,0,8,603,LISTAS,,
82373,16_188_001,732,438,438,0,6,432,LISTAS,,
82375,16_188_002,674,419,419,0,4,415,LISTAS,,
79787,16_189_001,709,299,299,0,8,291,LISTAS,,
79789,16_189_002,744,347,347,0,12,335,LISTAS,,
79791,16_190_001,196,134,133,0,3,130,LISTAS,,
82377,16_191_001,570,305,304,0,11,293,LISTAS,,
82379,16_191_002,567,357,357,0,2,355,LISTAS,,
82381,16_191_003,589,359,359,0,5,354,LISTAS,,
82383,16_192_001,536,270,270,0,1,269,LISTAS,,
82385,16_192_002,698,344,343,0,6,337,LISTAS,,
82387,16_192_003,770,345,345,0,4,341,LISTAS,,
82389,16_192_004,123,63,63,0,5,58,LISTAS,,
82391,16_193_001,722,465,465,0,9,456,LISTAS,,
82393,16_193_002,708,403,401,0,23,378,LISTAS,,
82395,16_193_003,404,262,262,0,2,260,LISTAS,,
82397,16_193_004,106,73,73,0,2,71,LISTAS,,
79009,16_194_001,628,381,381,0,6,375,LISTAS,,
79011,16_194_002,615,331,330,0,13,317,LISTAS,,
79793,16_195_001,736,355,354,0,6,348,LISTAS,,
79795,16_196_001,609,384,384,0,3,381,LISTAS,,
82399,16_197_001,1003,598,598,0,4,594,LISTAS,,
82401,16_197_002,1067,583,583,0,3,580,LISTAS,,
82403,16_197_003,892,514,514,0,3,511,LISTAS,,
82405,16_197_004,940,546,546,0,0,546,LISTAS,,
82407,16_197_005,312,161,161,0,5,156,LISTAS,,
82409,16_197_006,176,85,85,0,3,82,LISTAS,,
79797,16_198_001,500,280,280,0,1,279,LISTAS,,
82411,16_199_001,603,287,287,0,2,285,LISTAS,,
82413,16_199_002,646,370,370,0,3,367,LISTAS,,
82415,16_199_003,278,133,133,0,4,129,LISTAS,,
79013,16_200_001,394,213,213,0,15,198,LISTAS,,
79799,16_201_001,781,456,456,0,1,455,LISTAS,,
79801,16_202_001,940,451,451,0,8,443,LISTAS,,
79015,16_203_001,611,328,327,0,1,326,LISTAS,,
79017,16_203_002,557,242,242,0,6,236,LISTAS,,
82417,16_204_001,756,352,352,0,12,340,LISTAS,,
82419,16_204_002,727,339,339,0,18,321,LISTAS,,
82421,16_204_003,1056,617,617,0,6,611,LISTAS,,
82423,16_204_004,1224,633,633,0,5,628,LISTAS,,
82627,16_204_005,710,406,406,0,2,404,LISTAS,,
82629,16_204_006,752,422,422,0,2,420,LISTAS,,
82631,16_204_007,1085,638,638,0,5,633,LISTAS,,
82633,16_204_008,1233,739,739,0,2,737,LISTAS,,
82635,16_204_009,1160,691,690,0,5,685,LISTAS,,
82637,16_204_010,1248,532,532,0,27,505,LISTAS,,
79803,16_205_001,383,202,202,0,2,200,LISTAS,,
79805,16_206_001,479,330,330,0,15,315,LISTAS,,
79807,16_207_001,165,120,120,0,3,117,LISTAS,,
79019,16_208_001,606,361,361,0,3,358,LISTAS,,
79021,16_208_002,744,392,392,0,2,390,LISTAS,,
79023,16_208_003,771,398,398,0,2,396,LISTAS,,
79809,16_209_001,719,460,460,0,5,455,LISTAS,,
79811,16_209_002,622,403,403,0,4,399,LISTAS,,
79813,16_209_003,610,342,342,0,3,339,LISTAS,,
79815,16_210_001,886,494,494,0,7,487,LISTAS,,
79817,16_210_002,821,437,437,0,6,431,LISTAS,,
80061,16_210_003,764,409,408,0,8,400,LISTAS,,
79819,16_211_001,584,363,363,0,3,360,LISTAS,,
79821,16_212_001,504,398,398,0,4,394,LISTAS,,
80829,16_213_001,510,287,287,0,3,284,LISTAS,,
80831,16_213_002,553,290,290,0,2,288,LISTAS,,
80833,16_213_003,490,234,234,0,3,231,LISTAS,,
80835,16_214_001,506,374,374,0,3,371,LISTAS,,
79823,16_215_001,263,212,212,0,19,193,LISTAS,,
79223,16_216_001,534,293,293,0,0,293,LISTAS,,
81407,16_217_001,1254,741,740,0,5,735,LISTAS,,
81409,16_217_002,1459,859,859,0,1,858,LISTAS,,
81411,16_217_003,1198,587,587,0,1,586,LISTAS,,
81413,16_217_004,1411,713,713,0,5,708,LISTAS,,
81415,16_217_005,1379,615,615,0,6,609,LISTAS,,
81417,16_217_006,1051,502,502,0,3,499,LISTAS,,
81419,16_217_007,1172,559,559,0,3,556,LISTAS,,
81421,16_217_008,1286,551,551,0,8,543,LISTAS,,
79225,16_218_001,784,502,502,0,8,494,LISTAS,,
80837,16_219_001,1010,502,502,0,10,492,LISTAS,,
80839,16_219_002,966,588,588,0,3,585,LISTAS,,
80841,16_219_003,800,444,444,0,1,443,LISTAS,,
79227,16_220_001,634,299,299,0,4,295,LISTAS,,
79229,16_220_002,664,357,357,0,6,351,LISTAS,,
81423,16_221_001,870,543,543,0,7,536,LISTAS,,
80025,16_222_001,459,257,257,0,1,256,LISTAS,,
80027,16_223_001,424,307,307,0,6,301,LISTAS,,
80029,16_224_001,756,427,427,0,2,425,LISTAS,,
80031,16_224_002,1013,627,627,0,3,624,LISTAS,,
80033,16_224_003,2433,1860,1856,0,4,1852,LISTAS,,
80035,16_224_004,962,473,473,0,6,467,LISTAS,,
80037,16_224_005,670,433,433,0,6,427,LISTAS,,
80039,16_224_006,576,379,379,0,6,373,LISTAS,,
80041,16_224_007,819,508,508,0,5,503,LISTAS,,
80043,16_224_008,977,587,587,0,4,583,LISTAS,,
80045,16_224_009,193,116,116,0,3,113,LISTAS,,
80047,16_225_001,315,240,240,0,3,237,LISTAS,,
80049,16_226_001,1003,657,657,0,4,653,LISTAS,,
80051,16_226_002,964,595,595,0,5,590,LISTAS,,
80053,16_226_003,747,492,492,0,3,489,LISTAS,,
80055,16_226_004,834,496,496,0,3,493,LISTAS,,
80057,16_227_001,348,228,228,0,0,228,LISTAS,,
80059,16_228_001,612,335,335,0,2,333,LISTAS,,
82639,16_229_001,802,434,434,0,6,428,LISTAS,,
82203,17_001_001,589,340,340,0,0,340,LISTAS,,
81427,17_002_001,607,327,327,0,2,325,LISTAS,,
82205,17_003_001,369,218,218,0,2,216,LISTAS,,
82207,17_003_002,495,320,320,0,2,318,LISTAS,,
82209,17_004_001,676,355,355,0,6,349,LISTAS,,
81429,17_005_001,687,418,418,0,4,414,LISTAS,,
81631,17_005_002,704,382,382,0,3,379,LISTAS,,
82211,17_006_001,345,204,204,0,3,201,LISTAS,,
81633,17_007_001,1069,614,614,0,5,609,LISTAS,,
81635,17_007_002,1016,611,611,0,6,605,LISTAS,,
81637,17_007_003,1123,702,702,0,2,700,LISTAS,,
81639,17_007_004,1136,586,586,0,6,580,LISTAS,,
81641,17_007_005,1093,662,662,0,3,659,LISTAS,,
79029,17_008_001,277,123,123,0,7,116,LISTAS,,
79031,17_009_001,374,216,216,0,2,214,LISTAS,,
81643,17_010_001,910,482,482,0,8,474,LISTAS,,
81645,17_010_002,913,448,448,0,8,440,LISTAS,,
82213,17_011_001,766,480,480,0,3,477,LISTAS,,
82215,17_011_002,689,398,398,0,2,396,LISTAS,,
82217,17_011_003,929,555,554,0,2,552,LISTAS,,
82219,17_011_004,602,379,379,0,7,372,LISTAS,,
82221,17_011_005,669,417,417,0,3,414,LISTAS,,
82223,17_011_006,718,458,458,0,5,453,LISTAS,,
82425,17_011_007,583,337,337,0,2,335,LISTAS,,
82427,17_011_008,786,465,465,0,7,458,LISTAS,,
82429,17_011_009,725,447,447,0,3,444,LISTAS,,
82431,17_011_010,561,365,365,0,3,362,LISTAS,,
82433,17_011_011,710,451,451,0,8,443,LISTAS,,
82435,17_011_012,577,412,412,0,3,409,LISTAS,,
82437,17_011_013,793,501,501,0,2,499,LISTAS,,
83023,17_011_014,776,533,533,0,2,531,LISTAS,,
83025,17_011_015,980,603,603,0,4,599,LISTAS,,
83027,17_011_016,238,125,125,0,3,122,LISTAS,,
79025,17_011_017,144,76,76,0,0,76,LISTAS,,
82439,17_012_001,383,244,244,0,5,239,LISTAS,,
79033,17_013_001,764,449,448,0,3,445,LISTAS,,
79035,17_013_002,710,445,445,0,5,440,LISTAS,,
79037,17_013_003,717,393,393,0,1,392,LISTAS,,
82441,17_014_001,776,418,418,0,5,413,LISTAS,,
82443,17_015_001,267,131,131,0,4,127,LISTAS,,
82445,17_016_001,685,404,424,0,85,339,LISTAS,,
82447,17_017_001,925,478,478,0,2,476,LISTAS,,
82449,17_017_002,155,82,82,0,0,82,LISTAS,,
81647,17_018_001,836,412,412,0,3,409,LISTAS,,
81649,17_018_002,824,424,424,0,6,418,LISTAS,,
81651,17_018_003,849,409,408,0,1,407,LISTAS,,
81653,17_018_004,775,364,364,0,4,360,LISTAS,,
82451,17_019_001,302,155,155,0,3,152,LISTAS,,
82453,17_020_001,759,445,445,0,5,440,LISTAS,,
82455,17_020_002,956,613,613,0,6,607,LISTAS,,
82457,17_020_003,903,549,549,0,0,549,LISTAS,,
82459,17_020_004,938,522,522,0,4,518,LISTAS,,
82461,17_020_005,724,481,481,0,3,478,LISTAS,,
82463,17_020_006,590,357,357,0,1,356,LISTAS,,
82465,17_020_007,724,453,453,0,5,448,LISTAS,,
82467,17_020_008,825,571,571,0,3,568,LISTAS,,
82469,17_020_009,870,544,543,0,3,540,LISTAS,,
82471,17_020_010,988,641,641,0,3,638,LISTAS,,
82473,17_020_011,762,464,464,0,4,460,LISTAS,,
82475,17_020_012,543,222,222,0,3,219,LISTAS,,
82477,17_020_013,733,460,460,0,2,458,LISTAS,,
82479,17_020_014,642,423,423,0,1,422,LISTAS,,
82481,17_020_015,729,444,444,0,4,440,LISTAS,,
82483,17_020_016,739,482,482,0,0,482,LISTAS,,
82485,17_020_017,706,456,456,0,2,454,LISTAS,,
82487,17_020_018,672,409,409,0,1,408,LISTAS,,
82489,17_020_019,769,455,455,0,3,452,LISTAS,,
82693,17_020_020,1375,1063,1064,0,6,1058,LISTAS,,
82695,17_020_021,210,78,78,0,1,77,LISTAS,,
82697,17_020_022,580,309,309,0,4,305,LISTAS,,
82699,17_021_001,558,315,315,0,4,311,LISTAS,,
82701,17_021_002,520,260,260,0,6,254,LISTAS,,
82703,17_021_003,505,242,242,0,4,238,LISTAS,,
79039,17_022_001,726,470,470,0,1,469,LISTAS,,
79041,17_022_002,824,595,595,0,0,595,LISTAS,,
79043,17_022_003,813,485,485,0,3,482,LISTAS,,
79045,17_022_004,738,376,376,0,5,371,LISTAS,,
79047,17_022_005,861,498,498,0,3,495,LISTAS,,
79049,17_022_006,751,430,430,0,11,419,LISTAS,,
79051,17_022_007,788,425,425,0,3,422,LISTAS,,
79053,17_022_008,841,439,439,0,2,437,LISTAS,,
79055,17_022_009,672,322,322,0,1,321,LISTAS,,
79057,17_023_001,656,405,405,0,6,399,LISTAS,,
79059,17_023_002,791,495,495,0,3,492,LISTAS,,
79061,17_023_003,667,378,378,0,4,374,LISTAS,,
82705,17_024_001,213,107,107,0,1,106,LISTAS,,
82707,17_025_001,513,281,281,0,7,274,LISTAS,,
81655,17_026_001,835,425,425,0,4,421,LISTAS,,
81657,17_026_002,831,393,393,0,6,387,LISTAS,,
81659,17_026_003,916,545,545,0,2,543,LISTAS,,
81661,17_026_004,745,449,449,0,2,447,LISTAS,,
81663,17_027_001,565,291,291,0,6,285,LISTAS,,
82709,17_028_001,524,295,295,0,1,294,LISTAS,,
79063,17_029_001,839,404,404,0,0,404,LISTAS,,
79065,17_030_001,540,273,273,0,4,269,LISTAS,,
79067,17_031_001,1017,524,524,0,9,515,LISTAS,,
82711,17_032_001,153,88,88,0,3,85,LISTAS,,
79069,17_033_001,769,426,426,0,7,419,LISTAS,,
79071,17_033_002,822,453,453,0,4,449,LISTAS,,
82713,17_034_001,548,343,343,0,3,340,LISTAS,,
79073,17_035_001,802,437,437,0,8,429,LISTAS,,
82715,17_036_001,685,277,277,0,7,270,LISTAS,,
82717,17_037_001,761,427,427,0,6,421,LISTAS,,
82719,17_038_001,881,548,546,0,9,537,LISTAS,,
82721,17_038_002,754,439,439,0,1,438,LISTAS,,
82723,17_038_003,767,378,378,0,4,374,LISTAS,,
79075,17_039_001,717,412,412,0,2,410,LISTAS,,
79077,17_039_002,760,414,414,0,7,407,LISTAS,,
79079,17_039_003,677,360,360,0,2,358,LISTAS,,
82725,17_040_001,401,224,224,0,2,222,LISTAS,,
82727,17_041_001,193,109,109,0,0,109,LISTAS,,
79081,17_042_001,998,428,428,0,3,425,LISTAS,,
82729,17_043_001,732,428,428,0,1,427,LISTAS,,
82731,17_043_002,704,463,463,0,2,461,LISTAS,,
82733,17_044_001,125,72,72,0,1,71,LISTAS,,
82735,17_045_001,520,361,361,0,3,358,LISTAS,,
82737,17_045_002,169,90,90,0,2,88,LISTAS,,
82739,17_046_001,955,546,545,0,4,541,LISTAS,,
82741,17_046_002,277,131,131,0,1,130,LISTAS,,
79083,17_047_001,177,111,111,0,3,108,LISTAS,,
82743,17_048_001,590,408,408,0,4,404,LISTAS,,
82745,17_049_001,634,336,335,0,5,330,LISTAS,,
82747,17_050_001,276,160,160,0,3,157,LISTAS,,
79085,17_051_001,258,159,159,0,1,158,LISTAS,,
82749,17_052_001,285,130,130,0,3,127,LISTAS,,
82751,17_053_001,294,146,146,0,3,143,LISTAS,,
82753,17_054_001,986,426,426,0,2,424,LISTAS,,
82755,17_055_001,271,141,141,0,2,139,LISTAS,,
82757,17_056_001,548,230,229,0,3,226,LISTAS,,
82759,17_056_002,549,251,251,0,1,250,LISTAS,,
82961,17_056_003,93,47,47,0,1,46,LISTAS,,
82963,17_057_001,991,494,495,0,21,474,LISTAS,,
82965,17_058_001,135,86,86,0,1,85,LISTAS,,
82967,17_059_001,477,277,277,0,3,274,LISTAS,,
79087,17_060_001,497,294,293,0,3,290,LISTAS,,
79089,17_060_002,656,433,433,0,2,431,LISTAS,,
79293,17_060_003,454,268,268,0,5,263,LISTAS,,
79295,17_061_001,924,379,379,0,5,374,LISTAS,,
81665,17_062_001,230,122,122,0,2,120,LISTAS,,
81667,17_062_002,328,189,189,0,3,186,LISTAS,,
81669,17_062_003,97,47,47,0,0,47,LISTAS,,
79297,17_063_001,263,173,173,0,1,172,LISTAS,,
82969,17_064_001,507,281,281,0,0,281,LISTAS,,
82971,17_064_002,97,53,53,0,0,53,LISTAS,,
82973,17_065_001,283,174,174,0,7,167,LISTAS,,
82975,17_066_001,315,203,203,0,0,203,LISTAS,,
82977,17_067_001,348,173,173,0,3,170,LISTAS,,
82979,17_068_001,62,39,39,0,0,39,LISTAS,,
79299,17_069_001,668,355,355,0,2,353,LISTAS,,
79301,17_069_002,706,362,362,0,3,359,LISTAS,,
79303,17_069_003,785,347,347,0,4,343,LISTAS,,
82981,17_070_001,64,30,30,0,1,29,LISTAS,,
79027,17_070_002,838,449,449,0,8,441,LISTAS,,
82985,17_071_001,917,550,551,0,12,539,LISTAS,,
82983,17_071_002,1039,642,642,0,7,635,LISTAS,,
79305,17_072_001,358,211,211,0,4,207,LISTAS,,
79307,17_073_001,704,346,345,0,7,338,LISTAS,,
82987,17_074_001,140,94,94,0,0,94,LISTAS,,
82989,17_075_001,467,256,252,0,7,245,LISTAS,,
79309,17_076_001,715,417,417,0,4,413,LISTAS,,
79603,17_076_002,698,395,395,0,5,390,LISTAS,,
79311,17_077_001,671,383,383,0,3,380,LISTAS,,
79313,17_077_002,632,329,329,0,0,329,LISTAS,,
81671,17_078_001,815,506,506,0,2,504,LISTAS,,
81673,17_078_002,616,289,289,0,0,289,LISTAS,,
81675,17_078_003,606,290,290,0,0,290,LISTAS,,
79315,17_079_001,898,647,647,0,1,646,LISTAS,,
79317,17_079_002,1065,692,691,0,2,689,LISTAS,,
79319,17_079_003,956,698,698,0,3,695,LISTAS,,
79321,17_079_004,1086,749,749,0,7,742,LISTAS,,
79323,17_079_005,994,707,707,0,1,706,LISTAS,,
79325,17_079_006,1003,691,691,0,7,684,LISTAS,,
79327,17_079_007,1131,748,748,0,2,746,LISTAS,,
79329,17_079_008,1081,784,784,0,3,781,LISTAS,,
79331,17_079_009,1019,658,658,0,2,656,LISTAS,,
79333,17_079_010,1057,593,593,0,4,589,LISTAS,,
79335,17_079_011,1020,689,686,0,4,682,LISTAS,,
79337,17_079_012,980,621,621,0,2,619,LISTAS,,
79339,17_079_013,999,691,690,0,6,684,LISTAS,,
79341,17_079_014,952,564,564,0,3,561,LISTAS,,
79343,17_079_015,988,542,542,0,4,538,LISTAS,,
79345,17_079_016,1165,950,949,0,0,949,LISTAS,,
79347,17_079_017,297,154,154,0,1,153,LISTAS,,
79349,17_080_001,664,295,295,0,5,290,LISTAS,,
79351,17_080_002,449,204,204,0,4,200,LISTAS,,
79353,17_080_003,86,46,46,0,0,46,LISTAS,,
79355,17_081_001,1090,640,640,0,4,636,LISTAS,,
79601,17_081_002,802,466,466,0,5,461,LISTAS,,
81677,17_082_001,469,279,279,0,4,275,LISTAS,,
79357,17_083_001,816,355,355,0,4,351,LISTAS,,
79561,17_084_001,496,278,278,0,7,271,LISTAS,,
79563,17_084_002,431,265,265,0,0,265,LISTAS,,
81679,17_085_001,534,240,240,0,2,238,LISTAS,,
79565,17_086_001,613,312,312,0,0,312,LISTAS,,
79567,17_086_002,220,115,115,0,0,115,LISTAS,,
79605,17_086_003,72,43,43,0,2,41,LISTAS,,
79569,17_087_001,1133,530,530,0,6,524,LISTAS,,
79571,17_087_002,1186,621,621,0,3,618,LISTAS,,
79573,17_087_003,1181,678,676,0,2,674,LISTAS,,
81681,17_088_001,534,365,365,0,4,361,LISTAS,,
81683,17_088_002,541,355,355,0,1,354,LISTAS,,
82991,17_089_001,208,117,117,0,1,116,LISTAS,,
82993,17_090_001,621,407,407,0,6,401,LISTAS,,
82995,17_090_002,482,244,244,0,2,242,LISTAS,,
82997,17_091_001,759,332,332,0,5,327,LISTAS,,
82999,17_092_001,501,329,329,0,2,327,LISTAS,,
79575,17_093_001,198,138,138,0,3,135,LISTAS,,
81685,17_094_001,611,337,337,0,2,335,LISTAS,,
81687,17_094_002,659,357,357,0,6,351,LISTAS,,
81689,17_094_003,644,303,303,0,5,298,LISTAS,,
81691,17_095_001,1006,588,588,0,2,586,LISTAS,,
81693,17_095_002,743,514,513,0,5,508,LISTAS,,
81695,17_095_003,793,441,441,0,6,435,LISTAS,,
81697,17_095_004,591,378,376,0,10,366,LISTAS,,
81899,17_095_005,1520,1150,1147,0,5,1142,LISTAS,,
81901,17_095_006,603,408,408,0,4,404,LISTAS,,
81903,17_095_007,628,407,407,0,1,406,LISTAS,,
81905,17_095_008,681,487,487,0,4,483,LISTAS,,
81907,17_095_009,736,525,526,0,19,507,LISTAS,,
81909,17_095_010,799,531,530,0,2,528,LISTAS,,
81911,17_095_011,1067,693,692,0,3,689,LISTAS,,
81913,17_095_012,755,538,531,0,10,521,LISTAS,,
81915,17_095_013,551,348,346,0,0,346,LISTAS,,
81917,17_095_014,516,333,333,0,1,332,LISTAS,,
81919,17_095_015,595,404,404,0,3,401,LISTAS,,
81921,17_095_016,529,356,356,0,5,351,LISTAS,,
81923,17_095_017,617,389,389,0,1,388,LISTAS,,
81925,17_095_018,632,431,431,0,1,430,LISTAS,,
81927,17_095_019,662,405,405,0,0,405,LISTAS,,
81929,17_095_020,788,501,501,0,0,501,LISTAS,,
81931,17_095_021,593,471,471,0,3,468,LISTAS,,
81933,17_095_022,565,407,406,0,2,404,LISTAS,,
81935,17_095_023,631,410,410,0,0,410,LISTAS,,
81937,17_095_024,573,389,390,0,11,379,LISTAS,,
81939,17_095_025,601,431,431,0,8,423,LISTAS,,
81941,17_095_026,690,464,464,0,5,459,LISTAS,,
81943,17_095_027,686,440,440,0,1,439,LISTAS,,
81945,17_095_028,648,410,410,0,2,408,LISTAS,,
81947,17_095_029,679,374,375,0,15,360,LISTAS,,
81949,17_095_030,840,493,492,0,6,486,LISTAS,,
81951,17_095_031,663,466,466,0,3,463,LISTAS,,
81953,17_095_032,747,436,436,0,0,436,LISTAS,,
81955,17_095_033,723,484,485,0,10,475,LISTAS,,
81957,17_095_034,820,559,559,0,2,557,LISTAS,,
81959,17_095_035,716,452,452,0,3,449,LISTAS,,
82159,17_095_036,845,612,612,0,4,608,LISTAS,,
82161,17_095_037,917,564,564,0,5,559,LISTAS,,
82163,17_095_038,939,697,697,0,4,693,LISTAS,,
82165,17_095_039,975,626,626,0,4,622,LISTAS,,
79577,17_096_001,265,126,126,0,1,125,LISTAS,,
79579,17_096_002,910,542,542,0,5,537,LISTAS,,
79581,17_096_003,976,545,545,0,3,542,LISTAS,,
79583,17_096_004,891,527,527,0,2,525,LISTAS,,
79585,17_096_005,1070,634,634,0,7,627,LISTAS,,
79587,17_096_006,878,568,570,0,21,549,LISTAS,,
79589,17_096_007,314,115,115,0,1,114,LISTAS,,
79591,17_096_008,998,704,703,0,1,702,LISTAS,,
79593,17_096_009,612,293,293,0,3,290,LISTAS,,
82167,17_097_001,698,385,385,0,2,383,LISTAS,,
82169,17_097_002,282,159,159,0,5,154,LISTAS,,
82171,17_097_003,238,81,81,0,2,79,LISTAS,,
82173,17_097_004,645,317,317,0,2,315,LISTAS,,
83001,17_098_001,600,318,318,0,2,316,LISTAS,,
83003,17_098_002,581,332,332,0,1,331,LISTAS,,
82175,17_099_001,1146,615,615,0,4,611,LISTAS,,
82177,17_099_002,792,458,459,0,14,445,LISTAS,,
82179,17_099_003,623,360,362,0,18,344,LISTAS,,
82181,17_099_004,961,539,539,0,3,536,LISTAS,,
82183,17_099_005,678,404,404,0,2,402,LISTAS,,
82185,17_099_006,644,385,385,0,2,383,LISTAS,,
82187,17_099_007,780,421,421,0,3,418,LISTAS,,
82189,17_099_008,614,363,363,0,5,358,LISTAS,,
82191,17_099_009,798,491,491,0,1,490,LISTAS,,
82193,17_099_010,655,411,409,0,3,406,LISTAS,,
82197,17_099_011,639,401,401,0,4,397,LISTAS,,
82199,17_099_012,619,328,328,0,3,325,LISTAS,,
82201,17_099_013,624,354,354,0,5,349,LISTAS,,
79595,17_100_001,878,451,451,0,1,450,LISTAS,,
79597,17_101_001,284,146,146,0,1,145,LISTAS,,
83005,17_102_001,237,160,160,0,5,155,LISTAS,,
83007,17_103_001,307,169,169,0,1,168,LISTAS,,
83009,17_104_001,703,343,343,0,1,342,LISTAS,,
82195,17_105_001,1034,663,663,0,11,652,LISTAS,,
83011,17_106_001,132,77,77,0,0,77,LISTAS,,
83013,17_107_001,238,162,162,0,4,158,LISTAS,,
83015,17_108_001,648,434,434,0,8,426,LISTAS,,
83017,17_108_002,516,308,307,0,1,306,LISTAS,,
83019,17_108_003,517,316,316,0,3,313,LISTAS,,
83021,17_108_004,95,54,54,0,0,54,LISTAS,,
79599,17_109_001,509,266,266,0,3,263,LISTAS,,
80369,18_001_001,479,280,280,0,3,277,LISTAS,,
81223,18_002_001,309,178,178,0,4,174,LISTAS,,
81225,18_003_001,484,300,300,0,3,297,LISTAS,,
81227,18_004_001,200,117,117,0,0,117,LISTAS,,
81229,18_005_001,334,209,209,0,10,199,LISTAS,,
81231,18_006_001,425,318,318,0,1,317,LISTAS,,
79607,18_007_001,964,600,600,0,4,596,LISTAS,,
81431,18_008_001,386,231,231,0,1,230,LISTAS,,
81433,18_009_001,403,202,202,0,3,199,LISTAS,,
81435,18_010_001,688,469,468,0,3,465,LISTAS,,
81437,18_011_001,107,59,59,0,0,59,LISTAS,,
80371,18_012_001,296,215,215,0,2,213,LISTAS,,
80373,18_013_001,262,152,152,0,1,151,LISTAS,,
80375,18_014_001,314,230,230,0,2,228,LISTAS,,
81439,18_015_001,257,148,148,0,2,146,LISTAS,,
80377,18_016_001,513,369,369,0,2,367,LISTAS,,
79609,18_017_001,478,322,322,0,1,321,LISTAS,,
80379,18_018_001,864,449,449,0,2,447,LISTAS,,
80381,18_018_002,812,454,454,0,3,451,LISTAS,,
80383,18_018_003,942,604,604,0,5,599,LISTAS,,
80385,18_019_001,217,159,159,0,0,159,LISTAS,,
80387,18_020_001,1120,692,691,0,1,690,LISTAS,,
80389,18_020_002,1080,784,783,0,1,782,LISTAS,,
80391,18_020_003,1075,705,705,0,4,701,LISTAS,,
80393,18_020_004,1111,751,751,0,7,744,LISTAS,,
80395,18_020_005,1074,714,714,0,2,712,LISTAS,,
80397,18_020_006,1097,676,676,0,4,672,LISTAS,,
80399,18_020_007,963,501,501,0,1,500,LISTAS,,
80401,18_020_008,1213,730,730,0,5,725,LISTAS,,
80403,18_020_009,293,180,180,0,0,180,LISTAS,,
80405,18_021_001,155,113,113,0,3,110,LISTAS,,
81441,18_022_001,534,301,301,0,5,296,LISTAS,,
81443,18_022_002,703,428,428,0,3,425,LISTAS,,
80407,18_023_001,302,219,219,0,0,219,LISTAS,,
81445,18_024_001,205,134,134,0,1,133,LISTAS,,
81447,18_025_001,290,171,171,0,1,170,LISTAS,,
81449,18_026_001,250,173,173,0,4,169,LISTAS,,
80409,18_027_001,993,552,552,0,15,537,LISTAS,,
80411,18_027_002,868,513,513,0,4,509,LISTAS,,
80413,18_027_003,738,455,455,0,7,448,LISTAS,,
80415,18_028_001,521,312,311,0,3,308,LISTAS,,
81451,18_029_001,292,193,193,0,3,190,LISTAS,,
80417,18_030_001,323,190,190,0,2,188,LISTAS,,
81453,18_031_001,714,374,374,0,5,369,LISTAS,,
81455,18_032_001,83,56,56,0,1,55,LISTAS,,
79611,18_033_001,171,130,130,0,2,128,LISTAS,,
81457,18_034_001,128,81,81,0,2,79,LISTAS,,
81459,18_035_001,77,57,57,0,1,56,LISTAS,,
81461,18_036_001,222,110,110,0,7,103,LISTAS,,
81463,18_037_001,301,159,159,0,0,159,LISTAS,,
81465,18_038_001,299,157,157,0,1,156,LISTAS,,
81467,18_039_001,477,273,273,0,1,272,LISTAS,,
81469,18_040_001,1054,691,691,0,4,687,LISTAS,,
79613,18_041_001,378,219,219,0,4,215,LISTAS,,
81471,18_042_001,169,133,133,0,1,132,LISTAS,,
81473,18_043_001,210,148,148,0,0,148,LISTAS,,
81475,18_044_001,479,292,292,0,1,291,LISTAS,,
81477,18_045_001,364,225,225,0,2,223,LISTAS,,
80419,18_046_001,1062,738,738,0,2,736,LISTAS,,
80625,18_046_002,1102,737,736,0,6,730,LISTAS,,
81479,18_047_001,549,329,329,0,4,325,LISTAS,,
81481,18_048_001,920,479,479,0,3,476,LISTAS,,
80627,18_049_001,228,145,145,0,0,145,LISTAS,,
81483,18_050_001,122,79,79,0,0,79,LISTAS,,
80629,18_051_001,885,577,577,0,7,570,LISTAS,,
81485,18_052_001,531,290,290,0,1,289,LISTAS,,
81487,18_053_001,82,53,53,0,0,53,LISTAS,,
81489,18_054_001,228,158,158,0,2,156,LISTAS,,
81491,18_055_001,124,94,94,0,1,93,LISTAS,,
80631,18_056_001,635,364,364,0,5,359,LISTAS,,
81493,18_057_001,142,99,99,0,0,99,LISTAS,,
81495,18_058_001,121,87,87,0,1,86,LISTAS,,
81497,18_059_001,240,158,157,0,4,153,LISTAS,,
81699,18_060_001,55,46,46,0,0,46,LISTAS,,
81701,18_061_001,121,81,81,0,0,81,LISTAS,,
79615,18_062_001,157,125,125,0,1,124,LISTAS,,
80633,18_063_001,657,422,422,0,2,420,LISTAS,,
81703,18_064_001,597,319,319,0,0,319,LISTAS,,
81705,18_065_001,769,475,475,0,4,471,LISTAS,,
81707,18_065_002,669,395,395,0,3,392,LISTAS,,
80635,18_066_001,34,27,27,0,0,27,LISTAS,,
81709,18_067_001,87,70,70,0,2,68,LISTAS,,
81711,18_068_001,411,234,234,0,4,230,LISTAS,,
81713,18_069_001,1081,587,587,0,5,582,LISTAS,,
81715,18_069_002,939,518,517,0,2,515,LISTAS,,
80637,18_070_001,448,251,251,0,6,245,LISTAS,,
81717,18_071_001,714,378,378,0,2,376,LISTAS,,
81719,18_071_002,634,331,331,0,2,329,LISTAS,,
81721,18_071_003,742,412,412,0,1,411,LISTAS,,
81723,18_072_001,170,100,100,0,2,98,LISTAS,,
81725,18_073_001,294,212,212,0,0,212,LISTAS,,
81727,18_074_001,907,507,507,0,2,505,LISTAS,,
81729,18_075_001,362,228,228,0,1,227,LISTAS,,
81731,18_076_001,72,35,35,0,0,35,LISTAS,,
81733,18_077_001,76,46,46,0,0,46,LISTAS,,
80639,18_078_001,741,416,416,0,6,410,LISTAS,,
80641,18_079_001,438,259,259,0,1,258,LISTAS,,
81735,18_080_001,347,189,189,0,2,187,LISTAS,,
80643,18_081_001,491,294,294,0,6,288,LISTAS,,
80645,18_082_001,167,105,105,0,0,105,LISTAS,,
81737,18_083_001,186,128,128,0,0,128,LISTAS,,
81739,18_084_001,225,136,136,0,4,132,LISTAS,,
80647,18_085_001,735,471,471,0,7,464,LISTAS,,
81741,18_086_001,188,130,130,0,2,128,LISTAS,,
81743,18_087_001,68,47,47,0,0,47,LISTAS,,
81745,18_088_001,108,73,73,0,1,72,LISTAS,,
81747,18_089_001,181,119,119,0,1,118,LISTAS,,
81749,18_090_001,193,110,110,0,3,107,LISTAS,,
81751,18_091_001,363,245,245,0,3,242,LISTAS,,
80649,18_092_001,75,47,47,0,3,44,LISTAS,,
81753,18_093_001,463,292,291,0,4,287,LISTAS,,
81755,18_094_001,220,134,134,0,0,134,LISTAS,,
81757,18_095_001,960,587,587,0,3,584,LISTAS,,
81759,18_095_002,1096,680,680,0,6,674,LISTAS,,
81761,18_095_003,1201,741,741,0,3,738,LISTAS,,
81763,18_095_004,1276,857,857,0,7,850,LISTAS,,
81765,18_095_005,1302,796,796,0,2,794,LISTAS,,
81961,18_095_006,1224,871,870,0,5,865,LISTAS,,
81963,18_095_007,1147,732,732,0,5,727,LISTAS,,
81965,18_095_008,362,214,214,0,5,209,LISTAS,,
81967,18_095_009,747,526,526,0,0,526,LISTAS,,
81969,18_095_010,1085,984,982,0,7,975,LISTAS,,
80651,18_096_001,1110,677,677,0,3,674,LISTAS,,
80653,18_096_002,1144,706,706,0,1,705,LISTAS,,
80655,18_096_003,1128,653,652,0,0,652,LISTAS,,
80657,18_096_004,1129,669,669,0,7,662,LISTAS,,
80659,18_096_005,1194,742,741,0,8,733,LISTAS,,
80661,18_096_006,1247,823,821,0,7,814,LISTAS,,
80663,18_096_007,1126,666,666,0,3,663,LISTAS,,
80665,18_096_008,607,390,390,0,2,388,LISTAS,,
81221,18_096_009,419,316,316,0,4,312,LISTAS,,
80667,18_097_001,206,144,144,0,0,144,LISTAS,,
80669,18_098_001,170,113,113,0,1,112,LISTAS,,
80671,18_099_001,399,272,272,0,1,271,LISTAS,,
80673,18_100_001,99,66,66,0,2,64,LISTAS,,
80675,18_101_001,876,579,579,0,4,575,LISTAS,,
81971,18_102_001,623,397,397,0,4,393,LISTAS,,
81973,18_103_001,178,145,145,0,0,145,LISTAS,,
81975,18_104_001,383,248,248,0,4,244,LISTAS,,
81977,18_105_001,214,154,153,0,1,152,LISTAS,,
81979,18_106_001,540,295,295,0,2,293,LISTAS,,
81981,18_107_001,249,156,156,0,1,155,LISTAS,,
80677,18_108_001,491,345,345,0,6,339,LISTAS,,
80679,18_109_001,136,89,89,0,0,89,LISTAS,,
80681,18_110_001,205,127,127,0,1,126,LISTAS,,
80683,18_111_001,174,144,144,0,1,143,LISTAS,,
81983,18_112_001,277,150,150,0,3,147,LISTAS,,
81985,18_113_001,340,240,240,0,1,239,LISTAS,,
80685,18_114_001,249,148,148,0,4,144,LISTAS,,
81987,18_115_001,115,66,66,0,2,64,LISTAS,,
81989,18_116_001,102,82,82,0,0,82,LISTAS,,
81991,18_117_001,234,153,153,0,0,153,LISTAS,,
80687,18_118_001,821,500,500,0,8,492,LISTAS,,
81993,18_119_001,105,50,50,0,0,50,LISTAS,,
79617,18_120_001,402,284,284,0,2,282,LISTAS,,
81995,18_121_001,1075,680,680,0,0,680,LISTAS,,
79619,18_122_001,1000,623,623,0,2,621,LISTAS,,
80689,18_123_001,535,323,323,0,5,318,LISTAS,,
80691,18_124_001,251,151,151,0,1,150,LISTAS,,
81997,18_125_001,239,146,146,0,2,144,LISTAS,,
81999,18_126_001,268,194,194,0,5,189,LISTAS,,
82001,18_127_001,298,184,184,0,1,183,LISTAS,,
80897,18_128_001,108,71,71,0,3,68,LISTAS,,
82003,18_129_001,16,9,9,0,0,9,LISTAS,,
82005,18_130_001,231,124,124,0,0,124,LISTAS,,
80899,18_131_001,446,290,290,0,1,289,LISTAS,,
82007,18_132_001,259,159,159,0,1,158,LISTAS,,
82009,18_133_001,307,164,164,0,3,161,LISTAS,,
82011,18_134_001,64,40,40,0,0,40,LISTAS,,
80901,18_135_001,681,400,400,0,4,396,LISTAS,,
82013,18_136_001,536,291,291,0,3,288,LISTAS,,
80903,18_137_001,80,60,60,0,1,59,LISTAS,,
80905,18_138_001,622,329,328,0,5,323,LISTAS,,
82015,18_139_001,189,143,143,0,3,140,LISTAS,,
82017,18_140_001,966,655,655,0,3,652,LISTAS,,
82019,18_141_001,364,221,221,0,0,221,LISTAS,,
82021,18_142_001,241,161,161,0,1,160,LISTAS,,
80907,18_143_001,262,196,196,0,1,195,LISTAS,,
82023,18_144_001,665,396,396,0,7,389,LISTAS,,
80909,18_145_001,569,370,370,0,2,368,LISTAS,,
80911,18_146_001,442,289,289,0,2,287,LISTAS,,
82025,18_147_001,183,119,119,0,1,118,LISTAS,,
82027,18_148_001,133,92,91,0,0,91,LISTAS,,
79621,18_149_001,296,202,202,0,2,200,LISTAS,,
80913,18_150_001,115,66,66,0,3,63,LISTAS,,
80915,18_151_001,239,163,163,0,2,161,LISTAS,,
80917,18_152_001,123,84,84,0,1,83,LISTAS,,
82225,18_153_001,722,466,466,0,7,459,LISTAS,,
82227,18_154_001,643,428,428,0,1,427,LISTAS,,
82229,18_155_001,812,448,448,0,1,447,LISTAS,,
80919,18_156_001,708,384,384,0,3,381,LISTAS,,
80921,18_156_002,649,348,348,0,3,345,LISTAS,,
82231,18_157_001,196,136,136,0,2,134,LISTAS,,
82233,18_158_001,226,158,158,0,2,156,LISTAS,,
82235,18_159_001,205,119,119,0,1,118,LISTAS,,
80923,18_160_001,669,444,444,0,1,443,LISTAS,,
80925,18_160_002,871,596,596,0,0,596,LISTAS,,
80927,18_160_003,726,482,483,0,4,479,LISTAS,,
80929,18_161_001,86,64,64,0,3,61,LISTAS,,
82237,18_162_001,355,195,195,0,1,194,LISTAS,,
82239,18_163_001,900,513,513,0,5,508,LISTAS,,
80931,18_164_001,231,149,149,0,2,147,LISTAS,,
80933,18_165_001,395,238,238,0,0,238,LISTAS,,
82241,18_166_001,83,57,57,0,1,56,LISTAS,,
80935,18_167_001,864,547,547,0,2,545,LISTAS,,
80937,18_167_002,558,296,296,0,1,295,LISTAS,,
80939,18_167_003,643,400,400,0,3,397,LISTAS,,
80941,18_167_004,697,381,381,0,3,378,LISTAS,,
80943,18_167_005,1046,925,924,0,4,920,LISTAS,,
80945,18_167_006,673,438,438,0,5,433,LISTAS,,
80947,18_167_007,676,421,421,0,6,415,LISTAS,,
80949,18_167_008,848,527,526,0,3,523,LISTAS,,
80951,18_167_009,745,476,476,0,1,475,LISTAS,,
80953,18_167_010,920,635,635,0,3,632,LISTAS,,
80955,18_167_011,677,391,391,0,5,386,LISTAS,,
80957,18_167_012,791,492,493,0,15,478,LISTAS,,
80959,18_167_013,787,497,497,0,2,495,LISTAS,,
80961,18_167_014,765,469,469,0,1,468,LISTAS,,
81165,18_167_015,900,494,494,0,2,492,LISTAS,,
81167,18_167_016,1138,704,704,0,5,699,LISTAS,,
81169,18_167_017,441,270,270,0,3,267,LISTAS,,
81171,18_167_018,119,63,63,0,2,61,LISTAS,,
79623,18_168_001,1090,690,691,0,14,677,LISTAS,,
81173,18_169_001,457,290,290,0,0,290,LISTAS,,
81175,18_170_001,570,322,322,0,1,321,LISTAS,,
82243,18_171_001,318,186,186,0,0,186,LISTAS,,
82245,18_171_002,121,73,73,0,1,72,LISTAS,,
82247,18_171_003,87,54,54,0,0,54,LISTAS,,
82249,18_172_001,216,138,138,0,3,135,LISTAS,,
82251,18_173_001,669,415,415,0,7,408,LISTAS,,
82253,18_174_001,519,321,321,0,1,320,LISTAS,,
81177,18_175_001,673,448,448,0,1,447,LISTAS,,
82255,18_176_001,44,38,38,0,0,38,LISTAS,,
82257,18_177_001,287,208,208,0,2,206,LISTAS,,
82259,18_178_001,183,129,129,0,0,129,LISTAS,,
82261,18_179_001,182,135,135,0,1,134,LISTAS,,
82263,18_180_001,74,60,61,0,5,56,LISTAS,,
81179,18_181_001,553,316,316,0,1,315,LISTAS,,
82265,18_182_001,257,138,138,0,1,137,LISTAS,,
82267,18_183_001,751,426,425,0,3,422,LISTAS,,
82269,18_183_002,586,328,328,0,4,324,LISTAS,,
82271,18_183_003,688,399,399,0,5,394,LISTAS,,
82273,18_183_004,684,427,427,0,2,425,LISTAS,,
82275,18_183_005,691,475,475,0,3,472,LISTAS,,
82277,18_183_006,656,412,412,0,2,410,LISTAS,,
82279,18_183_007,657,462,462,0,1,461,LISTAS,,
82281,18_183_008,373,221,221,0,2,219,LISTAS,,
82283,18_183_009,689,480,480,0,4,476,LISTAS,,
82285,18_183_010,216,139,139,0,1,138,LISTAS,,
82287,18_183_011,323,212,212,0,1,211,LISTAS,,
82289,18_183_012,283,182,182,0,1,181,LISTAS,,
82291,18_183_013,64,45,45,0,1,44,LISTAS,,
82491,18_184_001,820,576,576,0,0,576,LISTAS,,
81181,18_185_001,284,177,177,0,1,176,LISTAS,,
79625,18_186_001,862,640,640,0,4,636,LISTAS,,
79825,18_186_002,862,639,639,0,6,633,LISTAS,,
79827,18_186_003,948,704,704,0,3,701,LISTAS,,
79829,18_186_004,885,665,665,0,3,662,LISTAS,,
79831,18_186_005,859,639,639,0,4,635,LISTAS,,
79833,18_186_006,1068,715,715,0,6,709,LISTAS,,
79835,18_186_007,1087,773,773,0,2,771,LISTAS,,
79837,18_186_008,881,539,539,0,2,537,LISTAS,,
79839,18_186_009,704,429,429,0,3,426,LISTAS,,
79841,18_186_010,722,397,397,0,1,396,LISTAS,,
79843,18_186_011,887,570,570,0,0,570,LISTAS,,
79845,18_186_012,957,632,632,0,5,627,LISTAS,,
79847,18_186_013,887,545,545,0,3,542,LISTAS,,
79849,18_186_014,926,546,546,0,2,544,LISTAS,,
79851,18_186_015,949,554,554,0,4,550,LISTAS,,
79853,18_186_016,871,555,555,0,2,553,LISTAS,,
79855,18_186_017,862,540,538,0,4,534,LISTAS,,
79857,18_186_018,949,582,582,0,2,580,LISTAS,,
79859,18_186_019,937,583,582,0,2,580,LISTAS,,
79861,18_186_020,927,578,577,0,1,576,LISTAS,,
79863,18_186_021,939,555,555,0,1,554,LISTAS,,
79865,18_186_022,905,523,523,0,5,518,LISTAS,,
79867,18_186_023,932,572,572,0,5,567,LISTAS,,
79869,18_186_024,842,517,517,0,2,515,LISTAS,,
79871,18_186_025,855,520,520,0,1,519,LISTAS,,
79873,18_186_026,1042,670,670,0,4,666,LISTAS,,
79875,18_186_027,881,605,605,0,6,599,LISTAS,,
79877,18_186_028,692,408,408,0,0,408,LISTAS,,
79879,18_186_029,839,603,603,0,5,598,LISTAS,,
79881,18_186_030,1023,715,715,0,3,712,LISTAS,,
79883,18_186_031,754,452,451,0,2,449,LISTAS,,
79885,18_186_032,777,475,475,0,4,471,LISTAS,,
79887,18_186_033,1016,598,596,0,4,592,LISTAS,,
79889,18_186_034,949,590,589,0,8,581,LISTAS,,
80093,18_186_035,984,679,679,0,3,676,LISTAS,,
80095,18_186_036,1003,625,625,0,6,619,LISTAS,,
80097,18_186_037,716,512,512,0,6,506,LISTAS,,
80099,18_186_038,1096,688,688,0,9,679,LISTAS,,
80101,18_186_039,972,570,570,0,4,566,LISTAS,,
80103,18_186_040,794,445,445,0,5,440,LISTAS,,
80105,18_186_041,914,529,528,0,1,527,LISTAS,,
80107,18_186_042,901,550,550,0,2,548,LISTAS,,
80109,18_186_043,925,614,614,0,2,612,LISTAS,,
80111,18_186_044,973,619,619,0,0,619,LISTAS,,
80113,18_186_045,934,652,651,0,4,647,LISTAS,,
80115,18_186_046,798,524,524,0,3,521,LISTAS,,
80117,18_186_047,1084,724,723,0,6,717,LISTAS,,
80119,18_186_048,928,639,639,0,3,636,LISTAS,,
80121,18_186_049,933,506,506,0,3,503,LISTAS,,
80123,18_186_050,715,397,397,0,5,392,LISTAS,,
80125,18_186_051,1122,735,735,0,5,730,LISTAS,,
80127,18_186_052,1294,959,959,0,3,956,LISTAS,,
80129,18_186_053,982,695,695,0,2,693,LISTAS,,
80131,18_186_054,970,687,687,0,3,684,LISTAS,,
80133,18_186_055,1063,766,765,0,3,762,LISTAS,,
80135,18_186_056,917,570,570,0,4,566,LISTAS,,
80137,18_186_057,733,482,482,0,4,478,LISTAS,,
80139,18_186_058,626,405,405,0,6,399,LISTAS,,
80141,18_186_059,1667,1386,1382,0,6,1376,LISTAS,,
80143,18_186_060,741,468,468,0,9,459,LISTAS,,
80145,18_186_061,1014,729,729,0,7,722,LISTAS,,
80147,18_186_062,962,594,594,0,4,590,LISTAS,,
80149,18_186_063,838,572,572,0,1,571,LISTAS,,
80151,18_186_064,1022,630,630,0,0,630,LISTAS,,
80153,18_186_065,621,432,432,0,6,426,LISTAS,,
80155,18_186_066,1127,775,775,0,2,773,LISTAS,,
80355,18_186_067,1039,708,707,0,2,705,LISTAS,,
80357,18_186_068,1057,724,724,0,12,712,LISTAS,,
80359,18_186_069,642,467,467,0,3,464,LISTAS,,
80367,18_186_070,595,406,406,0,1,405,LISTAS,,
82493,18_187_001,286,179,179,0,2,177,LISTAS,,
82495,18_188_001,599,409,409,0,4,405,LISTAS,,
82497,18_189_001,1067,642,642,0,3,639,LISTAS,,
82499,18_189_002,995,597,597,0,2,595,LISTAS,,
82501,18_190_001,413,240,240,0,0,240,LISTAS,,
81183,18_191_001,277,188,188,0,0,188,LISTAS,,
81185,18_192_001,265,172,172,0,4,168,LISTAS,,
81187,18_193_001,280,145,145,0,2,143,LISTAS,,
80361,18_194_001,783,473,473,0,6,467,LISTAS,,
80363,18_194_002,733,295,295,0,7,288,LISTAS,,
81189,18_195_001,234,154,154,0,0,154,LISTAS,,
81191,18_196_001,399,198,198,0,3,195,LISTAS,,
81193,18_196_002,319,170,170,0,1,169,LISTAS,,
82503,18_197_001,273,185,184,0,1,183,LISTAS,,
81195,18_198_001,313,223,223,0,3,220,LISTAS,,
81197,18_199_001,327,223,223,0,0,223,LISTAS,,
82505,18_200_001,324,226,226,0,1,225,LISTAS,,
80365,18_201_001,282,201,201,0,2,199,LISTAS,,
81199,18_202_001,679,396,396,0,1,395,LISTAS,,
82507,18_203_001,294,200,200,0,1,199,LISTAS,,
82509,18_204_001,464,300,300,0,5,295,LISTAS,,
82511,18_204_002,648,417,417,0,1,416,LISTAS,,
81201,18_205_001,339,201,201,0,0,201,LISTAS,,
82513,18_206_001,682,445,445,0,2,443,LISTAS,,
82515,18_206_002,693,424,424,0,0,424,LISTAS,,
82517,18_206_003,697,395,395,0,4,391,LISTAS,,
82519,18_206_004,733,465,465,0,3,462,LISTAS,,
82521,18_206_005,743,465,465,0,1,464,LISTAS,,
82523,18_206_006,89,62,62,0,1,61,LISTAS,,
82525,18_206_007,54,42,42,0,0,42,LISTAS,,
81203,18_207_001,273,194,194,0,6,188,LISTAS,,
82527,18_208_001,284,201,201,0,1,200,LISTAS,,
81205,18_209_001,564,319,319,0,4,315,LISTAS,,
81207,18_210_001,272,202,202,0,2,200,LISTAS,,
82529,18_211_001,65,51,51,0,0,51,LISTAS,,
81209,18_212_001,765,338,338,0,8,330,LISTAS,,
81211,18_212_002,668,363,363,0,1,362,LISTAS,,
81213,18_212_003,719,443,443,0,4,439,LISTAS,,
81215,18_212_004,625,376,376,0,1,375,LISTAS,,
82531,18_213_001,231,154,154,0,1,153,LISTAS,,
81217,18_214_001,621,395,395,0,1,394,LISTAS,,
82533,18_215_001,84,68,68,0,0,68,LISTAS,,
81219,18_216_001,159,91,91,0,0,91,LISTAS,,
82091,19_001_001,716,390,390,0,7,383,LISTAS,,
82093,19_002_001,311,163,163,0,5,158,LISTAS,,
79657,19_003_001,995,586,586,0,7,579,LISTAS,,
79659,19_003_002,907,583,583,0,1,582,LISTAS,,
79661,19_003_003,772,525,525,0,2,523,LISTAS,,
79663,19_003_004,1117,765,765,0,4,761,LISTAS,,
79665,19_003_005,830,494,494,0,3,491,LISTAS,,
79667,19_003_006,903,516,516,0,9,507,LISTAS,,
79669,19_003_007,707,419,418,0,3,415,LISTAS,,
79671,19_003_008,937,587,587,0,2,585,LISTAS,,
79673,19_003_009,1017,551,551,0,2,549,LISTAS,,
79675,19_003_010,859,514,513,0,3,510,LISTAS,,
79677,19_003_011,818,534,534,0,5,529,LISTAS,,
79679,19_003_012,1114,612,612,0,3,609,LISTAS,,
79681,19_003_013,713,430,430,0,0,430,LISTAS,,
79683,19_003_014,1021,593,593,0,5,588,LISTAS,,
79685,19_003_015,798,410,410,0,1,409,LISTAS,,
79687,19_003_016,843,512,512,0,2,510,LISTAS,,
79893,19_003_017,616,381,381,0,2,379,LISTAS,,
79689,19_003_018,967,626,626,0,4,622,LISTAS,,
79691,19_003_019,879,592,592,0,2,590,LISTAS,,
79891,19_003_020,753,515,515,0,2,513,LISTAS,,
82087,19_003_021,769,457,457,0,1,456,LISTAS,,
79895,19_003_022,997,576,575,0,1,574,LISTAS,,
79897,19_003_023,843,491,491,0,1,490,LISTAS,,
79899,19_003_024,450,212,212,0,2,210,LISTAS,,
79901,19_003_025,841,600,600,0,4,596,LISTAS,,
79903,19_003_026,927,669,669,0,0,669,LISTAS,,
79905,19_003_027,834,439,438,0,4,434,LISTAS,,
79907,19_003_028,621,326,326,0,2,324,LISTAS,,
79909,19_003_029,963,506,506,0,1,505,LISTAS,,
78855,19_004_001,747,537,537,0,6,531,LISTAS,,
78857,19_004_002,617,447,447,0,1,446,LISTAS,,
82827,19_005_001,146,76,76,0,1,75,LISTAS,,
78859,19_006_001,355,265,265,0,3,262,LISTAS,,
79911,19_007_001,441,310,310,0,3,307,LISTAS,,
79913,19_008_001,684,442,442,0,2,440,LISTAS,,
79915,19_008_002,588,393,393,0,1,392,LISTAS,,
82089,19_008_003,635,363,363,0,0,363,LISTAS,,
79917,19_009_001,756,468,468,0,4,464,LISTAS,,
82829,19_010_001,1041,604,604,0,5,599,LISTAS,,
82831,19_011_001,556,382,382,0,8,374,LISTAS,,
82833,19_012_001,186,124,124,0,2,122,LISTAS,,
82535,19_013_001,823,470,470,0,7,463,LISTAS,,
82835,19_014_001,374,209,209,0,3,206,LISTAS,,
82837,19_015_001,330,193,193,0,0,193,LISTAS,,
82839,19_016_001,55,36,36,0,0,36,LISTAS,,
82841,19_017_001,187,106,106,0,2,104,LISTAS,,
82843,19_018_001,706,392,392,0,4,388,LISTAS,,
82845,19_019_001,268,187,187,0,2,185,LISTAS,,
82847,19_020_001,531,295,295,0,2,293,LISTAS,,
78861,19_021_001,559,372,372,0,4,368,LISTAS,,
78863,19_022_001,924,580,579,0,1,578,LISTAS,,
78865,19_022_002,914,650,649,0,6,643,LISTAS,,
78867,19_022_003,879,625,625,0,5,620,LISTAS,,
78869,19_022_004,826,551,551,0,3,548,LISTAS,,
78871,19_022_005,932,642,642,0,2,640,LISTAS,,
78873,19_022_006,1021,633,633,0,6,627,LISTAS,,
78875,19_022_007,1031,697,697,0,5,692,LISTAS,,
79655,19_022_008,985,674,674,0,2,672,LISTAS,,
78877,19_023_001,186,116,116,0,2,114,LISTAS,,
79919,19_024_001,881,529,529,0,4,525,LISTAS,,
78879,19_025_001,1075,576,576,0,9,567,LISTAS,,
78881,19_026_001,3304,2604,2603,0,11,2592,LISTAS,,
78883,19_026_002,1396,793,791,0,2,789,LISTAS,,
78885,19_026_003,1368,768,764,0,2,762,LISTAS,,
78887,19_026_004,1432,812,809,0,4,805,LISTAS,,
79091,19_026_005,1452,926,926,0,4,922,LISTAS,,
79093,19_026_006,1385,877,877,0,5,872,LISTAS,,
79095,19_026_007,1410,927,927,0,2,925,LISTAS,,
79097,19_026_008,1421,940,940,0,2,938,LISTAS,,
79099,19_027_001,771,520,520,0,2,518,LISTAS,,
79101,19_027_002,759,489,489,0,2,487,LISTAS,,
79103,19_027_003,698,461,461,0,3,458,LISTAS,,
79105,19_027_004,759,452,452,0,3,449,LISTAS,,
79107,19_027_005,696,508,507,0,4,503,LISTAS,,
79109,19_028_001,104,66,66,0,1,65,LISTAS,,
79111,19_029_001,789,525,525,0,0,525,LISTAS,,
79113,19_029_002,718,422,423,0,16,407,LISTAS,,
79115,19_029_003,628,407,405,0,0,405,LISTAS,,
79117,19_029_004,719,490,490,0,1,489,LISTAS,,
79921,19_030_001,115,83,83,0,1,82,LISTAS,,
79119,19_031_001,345,230,230,0,4,226,LISTAS,,
79121,19_032_001,495,288,288,0,1,287,LISTAS,,
79123,19_033_001,287,201,201,0,1,200,LISTAS,,
79125,19_035_001,117,71,71,0,0,71,LISTAS,,
79923,19_036_001,350,185,185,0,1,184,LISTAS,,
82537,19_037_001,550,401,401,0,4,397,LISTAS,,
79127,19_038_001,830,392,392,0,3,389,LISTAS,,
79129,19_038_002,820,387,387,0,6,381,LISTAS,,
79131,19_038_003,861,389,389,0,4,385,LISTAS,,
79133,19_038_004,914,502,502,0,4,498,LISTAS,,
79135,19_038_005,633,355,355,0,2,353,LISTAS,,
79137,19_038_006,609,365,365,0,3,362,LISTAS,,
82849,19_039_001,202,141,141,0,2,139,LISTAS,,
82851,19_040_001,169,99,99,0,1,98,LISTAS,,
79925,19_041_001,87,54,54,0,1,53,LISTAS,,
82853,19_042_001,311,198,198,0,1,197,LISTAS,,
82855,19_043_001,596,366,366,0,4,362,LISTAS,,
79927,19_044_001,662,421,421,0,3,418,LISTAS,,
79929,19_044_002,673,356,356,0,6,350,LISTAS,,
79931,19_044_003,725,383,383,0,2,381,LISTAS,,
79933,19_044_004,295,72,72,0,2,70,LISTAS,,
79935,19_044_005,55,49,49,0,0,49,LISTAS,,
79139,19_045_001,688,392,392,0,4,388,LISTAS,,
82539,19_046_001,241,172,172,0,6,166,LISTAS,,
82857,19_047_001,415,254,254,0,1,253,LISTAS,,
82541,19_048_001,743,454,454,0,2,452,LISTAS,,
82543,19_048_002,759,468,468,0,0,468,LISTAS,,
79141,19_049_001,743,503,505,0,33,472,LISTAS,,
79143,19_049_002,886,633,633,0,3,630,LISTAS,,
82859,19_050_001,836,472,472,0,1,471,LISTAS,,
82861,19_051_001,531,284,284,0,1,283,LISTAS,,
79937,19_052_001,383,200,200,0,4,196,LISTAS,,
82863,19_053_001,296,157,157,0,3,154,LISTAS,,
82865,19_054_001,343,238,238,0,1,237,LISTAS,,
82867,19_055_001,893,488,488,0,7,481,LISTAS,,
82869,19_055_002,960,540,540,0,5,535,LISTAS,,
82871,19_055_003,903,539,539,0,4,535,LISTAS,,
82873,19_055_004,923,542,542,0,6,536,LISTAS,,
82875,19_056_001,423,263,263,0,3,260,LISTAS,,
82877,19_057_001,205,155,155,0,5,150,LISTAS,,
79145,19_058_001,234,163,163,0,1,162,LISTAS,,
82545,19_059_001,670,340,340,0,0,340,LISTAS,,
82547,19_059_002,730,412,412,0,2,410,LISTAS,,
82879,19_060_001,195,138,138,0,0,138,LISTAS,,
82881,19_061_001,395,210,210,0,3,207,LISTAS,,
82549,19_062_001,440,294,294,0,2,292,LISTAS,,
82883,19_063_001,314,202,202,0,0,202,LISTAS,,
79147,19_064_001,1273,856,856,0,3,853,LISTAS,,
82885,19_065_001,234,167,167,0,2,165,LISTAS,,
82887,19_066_001,345,211,211,0,2,209,LISTAS,,
82889,19_067_001,297,153,153,0,1,152,LISTAS,,
79939,19_068_001,630,322,322,0,4,318,LISTAS,,
79941,19_069_001,284,141,141,0,2,139,LISTAS,,
79943,19_070_001,563,321,321,0,8,313,LISTAS,,
82551,19_071_001,923,517,518,0,15,503,LISTAS,,
82553,19_071_002,656,347,347,0,4,343,LISTAS,,
78853,19_071_003,815,293,293,0,8,285,LISTAS,,
79945,19_072_001,941,480,480,0,3,477,LISTAS,,
82555,19_073_001,559,360,360,0,0,360,LISTAS,,
79947,19_074_001,140,95,96,0,6,90,LISTAS,,
79949,19_075_001,223,140,140,0,0,140,LISTAS,,
82557,19_076_001,751,510,508,0,2,506,LISTAS,,
82761,19_076_002,680,443,443,0,4,439,LISTAS,,
82763,19_076_003,670,431,431,0,0,431,LISTAS,,
78851,19_076_004,751,407,407,0,6,401,LISTAS,,
79951,19_077_001,76,49,49,0,2,47,LISTAS,,
79149,19_078_001,353,218,218,0,2,216,LISTAS,,
82891,19_079_001,593,364,364,0,5,359,LISTAS,,
79953,19_080_001,63,45,45,0,1,44,LISTAS,,
82893,19_081_001,277,191,191,0,1,190,LISTAS,,
82765,19_082_001,613,381,381,0,8,373,LISTAS,,
80693,19_083_001,279,170,170,0,1,169,LISTAS,,
79955,19_084_001,297,167,167,0,1,166,LISTAS,,
80695,19_085_001,244,158,158,0,2,156,LISTAS,,
79957,19_086_001,685,345,345,0,3,342,LISTAS,,
81233,19_087_001,394,220,220,0,1,219,LISTAS,,
80697,19_088_001,387,223,223,0,4,219,LISTAS,,
80699,19_089_001,539,300,300,0,3,297,LISTAS,,
80701,19_090_001,524,310,310,0,4,306,LISTAS,,
81235,19_091_001,79,54,54,0,1,53,LISTAS,,
82767,19_092_001,402,237,237,0,1,236,LISTAS,,
81237,19_093_001,285,171,171,0,3,168,LISTAS,,
80703,19_094_001,81,55,55,0,0,55,LISTAS,,
80705,19_095_001,114,63,63,0,1,62,LISTAS,,
82769,19_096_001,1028,529,529,0,6,523,LISTAS,,
80707,19_097_001,78,47,47,0,0,47,LISTAS,,
80709,19_098_001,104,56,56,0,0,56,LISTAS,,
80711,19_099_001,588,342,342,0,2,340,LISTAS,,
79151,19_100_001,325,204,204,0,2,202,LISTAS,,
81239,19_101_001,695,403,403,0,1,402,LISTAS,,
80713,19_102_001,394,223,223,0,2,221,LISTAS,,
80715,19_103_001,611,308,308,0,3,305,LISTAS,,
79153,19_104_001,425,256,256,0,2,254,LISTAS,,
81241,19_105_001,252,156,156,0,5,151,LISTAS,,
81243,19_106_001,799,413,409,0,4,405,LISTAS,,
81245,19_107_001,790,381,381,0,1,380,LISTAS,,
79155,19_108_001,894,543,543,0,5,538,LISTAS,,
79359,19_108_002,857,513,513,0,1,512,LISTAS,,
79361,19_109_001,363,259,259,0,1,258,LISTAS,,
80717,19_110_001,937,479,479,0,9,470,LISTAS,,
82771,19_111_001,342,190,190,0,4,186,LISTAS,,
80719,19_112_001,451,264,264,0,3,261,LISTAS,,
80721,19_113_001,1055,637,637,0,5,632,LISTAS,,
80723,19_114_001,429,263,263,0,2,261,LISTAS,,
80725,19_115_001,344,173,173,0,1,172,LISTAS,,
80727,19_116_001,429,268,268,0,0,268,LISTAS,,
80729,19_116_002,215,132,132,0,0,132,LISTAS,,
82773,19_117_001,997,685,685,0,3,682,LISTAS,,
81247,19_118_001,31,20,20,0,0,20,LISTAS,,
79363,19_119_001,212,128,128,0,2,126,LISTAS,,
80731,19_120_001,804,448,448,0,4,444,LISTAS,,
80733,19_121_001,618,342,342,0,2,340,LISTAS,,
81249,19_122_001,241,130,130,0,4,126,LISTAS,,
81251,19_123_001,903,556,556,0,2,554,LISTAS,,
79365,19_124_001,101,69,69,0,0,69,LISTAS,,
80735,19_125_001,533,304,304,0,0,304,LISTAS,,
80737,19_126_001,398,244,244,0,3,241,LISTAS,,
80739,19_127_001,300,151,151,0,1,150,LISTAS,,
80741,19_128_001,995,545,545,0,8,537,LISTAS,,
80743,19_129_001,471,309,309,0,2,307,LISTAS,,
80745,19_130_001,247,153,153,0,3,150,LISTAS,,
80747,19_131_001,457,294,294,0,3,291,LISTAS,,
81253,19_132_001,842,487,487,0,2,485,LISTAS,,
81255,19_132_002,611,317,317,0,1,316,LISTAS,,
80749,19_133_001,563,349,349,0,2,347,LISTAS,,
81257,19_134_001,819,466,466,0,2,464,LISTAS,,
81259,19_135_001,331,212,212,0,1,211,LISTAS,,
80751,19_136_001,761,424,424,0,5,419,LISTAS,,
82775,19_137_001,1095,703,703,0,5,698,LISTAS,,
82777,19_137_002,1108,756,756,0,6,750,LISTAS,,
81261,19_138_001,312,181,181,0,0,181,LISTAS,,
80753,19_139_001,81,67,67,0,1,66,LISTAS,,
80755,19_140_001,818,448,448,0,6,442,LISTAS,,
80757,19_141_001,182,137,137,0,0,137,LISTAS,,
80759,19_142_001,735,466,466,0,3,463,LISTAS,,
81263,19_143_001,840,451,451,0,4,447,LISTAS,,
81265,19_143_002,683,398,397,0,4,393,LISTAS,,
82779,19_144_001,873,537,537,0,4,533,LISTAS,,
81767,19_145_001,116,71,71,0,1,70,LISTAS,,
79367,19_146_001,39,31,31,0,0,31,LISTAS,,
81267,19_147_001,174,95,95,0,0,95,LISTAS,,
79369,19_148_001,131,106,106,0,2,104,LISTAS,,
82781,19_149_001,1081,625,625,0,1,624,LISTAS,,
82783,19_149_002,797,405,405,0,4,401,LISTAS,,
79371,19_150_001,1061,553,553,0,2,551,LISTAS,,
79373,19_150_002,654,359,358,0,0,358,LISTAS,,
79375,19_151_001,403,286,286,0,3,283,LISTAS,,
79377,19_152_001,1097,534,534,0,0,534,LISTAS,,
79379,19_152_002,190,140,140,0,1,139,LISTAS,,
81769,19_153_001,965,583,583,0,2,581,LISTAS,,
81771,19_153_002,1943,1453,1449,0,21,1428,LISTAS,,
81773,19_153_003,797,435,434,0,1,433,LISTAS,,
81775,19_153_004,663,427,426,0,3,423,LISTAS,,
81777,19_153_005,798,571,571,0,4,567,LISTAS,,
81779,19_153_006,935,578,578,0,4,574,LISTAS,,
81781,19_153_007,1054,664,664,0,5,659,LISTAS,,
81783,19_153_008,646,468,468,0,3,465,LISTAS,,
81785,19_153_009,711,531,531,0,3,528,LISTAS,,
81787,19_153_010,969,690,690,0,2,688,LISTAS,,
81789,19_153_011,983,701,699,0,5,694,LISTAS,,
81791,19_153_012,643,461,461,0,3,458,LISTAS,,
81793,19_153_013,721,448,448,0,9,439,LISTAS,,
81795,19_153_014,794,430,430,0,1,429,LISTAS,,
81797,19_153_015,1057,649,648,0,5,643,LISTAS,,
81799,19_153_016,974,561,561,0,10,551,LISTAS,,
81801,19_153_017,675,429,428,0,0,428,LISTAS,,
81803,19_153_018,813,438,438,0,5,433,LISTAS,,
81805,19_153_019,726,490,490,0,5,485,LISTAS,,
81807,19_153_020,375,251,251,0,3,248,LISTAS,,
81809,19_153_021,694,499,499,0,0,499,LISTAS,,
81811,19_153_022,614,404,404,0,0,404,LISTAS,,
81813,19_153_023,1005,668,667,0,8,659,LISTAS,,
81815,19_153_024,851,535,534,0,2,532,LISTAS,,
81817,19_153_025,801,549,548,0,0,548,LISTAS,,
81819,19_153_026,672,426,427,0,15,412,LISTAS,,
81821,19_153_027,728,435,435,0,2,433,LISTAS,,
81823,19_153_028,1043,631,631,0,0,631,LISTAS,,
81825,19_153_029,717,341,341,0,2,339,LISTAS,,
82605,19_153_030,1098,579,579,0,4,575,LISTAS,,
82607,19_153_031,768,514,514,0,2,512,LISTAS,,
81827,19_154_001,219,143,143,0,1,142,LISTAS,,
81829,19_155_001,482,295,295,0,4,291,LISTAS,,
81831,19_156_001,284,141,141,0,3,138,LISTAS,,
82559,19_157_001,942,446,446,0,2,444,LISTAS,,
79381,19_158_001,455,288,288,0,3,285,LISTAS,,
82561,19_159_001,295,167,167,0,1,166,LISTAS,,
79383,19_160_001,639,354,354,0,4,350,LISTAS,,
79385,19_160_002,790,497,496,0,0,496,LISTAS,,
79387,19_160_003,824,422,422,0,2,420,LISTAS,,
79389,19_160_004,850,526,526,0,1,525,LISTAS,,
79391,19_160_005,815,487,487,0,4,483,LISTAS,,
82563,19_161_001,372,237,237,0,6,231,LISTAS,,
81269,19_162_001,176,105,105,0,0,105,LISTAS,,
81271,19_163_001,306,177,177,0,6,171,LISTAS,,
81273,19_164_001,198,134,134,0,0,134,LISTAS,,
81275,19_165_001,949,651,651,0,4,647,LISTAS,,
81277,19_166_001,168,90,90,0,2,88,LISTAS,,
81279,19_167_001,66,44,44,0,0,44,LISTAS,,
81281,19_168_001,224,135,135,0,0,135,LISTAS,,
82565,19_169_001,249,142,142,0,5,137,LISTAS,,
82567,19_170_001,542,295,295,0,1,294,LISTAS,,
82569,19_171_001,912,471,471,0,4,467,LISTAS,,
82571,19_172_001,81,55,56,0,5,51,LISTAS,,
82785,19_173_001,382,257,257,0,6,251,LISTAS,,
81283,19_174_001,848,501,502,0,12,490,LISTAS,,
81285,19_174_002,632,405,405,0,2,403,LISTAS,,
81287,19_174_003,638,307,307,0,4,303,LISTAS,,
81289,19_174_004,749,384,384,0,3,381,LISTAS,,
81291,19_174_005,710,477,477,0,1,476,LISTAS,,
81293,19_174_006,815,516,515,0,2,513,LISTAS,,
81295,19_174_007,764,412,411,0,4,407,LISTAS,,
81297,19_175_001,522,275,275,0,2,273,LISTAS,,
82787,19_176_001,421,294,294,0,6,288,LISTAS,,
79393,19_177_001,344,168,168,0,1,167,LISTAS,,
82029,19_178_001,171,126,126,0,1,125,LISTAS,,
82789,19_179_001,792,394,394,0,3,391,LISTAS,,
82791,19_179_002,718,412,412,0,3,409,LISTAS,,
82793,19_179_003,731,390,390,0,6,384,LISTAS,,
82031,19_180_001,180,107,107,0,0,107,LISTAS,,
79395,19_181_001,87,56,56,0,0,56,LISTAS,,
79397,19_182_001,842,468,468,0,7,461,LISTAS,,
79399,19_182_002,809,489,489,0,7,482,LISTAS,,
82033,19_183_001,785,524,524,0,5,519,LISTAS,,
82035,19_184_001,348,169,169,0,2,167,LISTAS,,
79401,19_185_001,84,59,59,0,1,58,LISTAS,,
82573,19_186_001,725,424,424,0,5,419,LISTAS,,
82037,19_187_001,549,298,298,0,2,296,LISTAS,,
82039,19_188_001,889,603,603,0,1,602,LISTAS,,
82041,19_188_002,969,538,536,0,4,532,LISTAS,,
82043,19_188_003,1053,577,577,0,1,576,LISTAS,,
82045,19_188_004,860,496,495,0,6,489,LISTAS,,
82047,19_188_005,904,588,588,0,3,585,LISTAS,,
82049,19_188_006,2418,1900,1900,0,14,1886,LISTAS,,
82051,19_188_007,917,536,536,0,5,531,LISTAS,,
82053,19_188_008,938,600,600,0,2,598,LISTAS,,
82055,19_188_009,823,509,507,0,4,503,LISTAS,,
82057,19_188_010,1011,582,582,0,1,581,LISTAS,,
82059,19_188_011,843,470,470,0,3,467,LISTAS,,
82061,19_188_012,953,650,650,0,0,650,LISTAS,,
82063,19_188_013,867,558,558,0,3,555,LISTAS,,
82065,19_188_014,663,442,442,0,0,442,LISTAS,,
82067,19_188_015,729,450,450,0,5,445,LISTAS,,
82795,19_189_001,697,435,435,0,7,428,LISTAS,,
79403,19_190_001,1110,775,775,0,8,767,LISTAS,,
79405,19_191_001,1034,639,639,0,1,638,LISTAS,,
82575,19_192_001,477,261,261,0,2,259,LISTAS,,
82577,19_193_001,1148,605,605,0,4,601,LISTAS,,
82069,19_194_001,278,143,143,0,1,142,LISTAS,,
82071,19_195_001,293,194,194,0,0,194,LISTAS,,
82797,19_196_001,893,480,480,0,3,477,LISTAS,,
82799,19_196_002,859,469,469,0,1,468,LISTAS,,
82579,19_197_001,445,265,265,0,1,264,LISTAS,,
82581,19_198_001,631,378,378,0,2,376,LISTAS,,
82583,19_198_002,622,380,380,0,5,375,LISTAS,,
82585,19_199_001,149,94,94,0,1,93,LISTAS,,
82801,19_200_001,1149,619,619,0,5,614,LISTAS,,
79407,19_201_001,782,397,395,0,2,393,LISTAS,,
79409,19_201_002,995,513,513,0,4,509,LISTAS,,
79411,19_201_003,897,526,526,0,4,522,LISTAS,,
79413,19_201_004,1009,595,595,0,1,594,LISTAS,,
79415,19_201_005,1080,653,653,0,0,653,LISTAS,,
79417,19_201_006,1013,573,574,0,20,554,LISTAS,,
79419,19_201_007,660,403,403,0,0,403,LISTAS,,
79421,19_201_008,769,491,491,0,8,483,LISTAS,,
79423,19_201_009,774,505,504,0,5,499,LISTAS,,
79627,19_201_010,846,495,494,0,3,491,LISTAS,,
79629,19_201_011,850,447,447,0,3,444,LISTAS,,
79631,19_201_012,1041,628,628,0,7,621,LISTAS,,
79633,19_201_013,792,468,468,0,1,467,LISTAS,,
79635,19_201_014,892,592,591,0,1,590,LISTAS,,
79637,19_201_015,1099,713,713,0,4,709,LISTAS,,
79639,19_201_016,1044,537,537,0,8,529,LISTAS,,
79641,19_201_017,739,465,464,0,4,460,LISTAS,,
79643,19_201_018,767,468,468,0,2,466,LISTAS,,
79645,19_201_019,760,363,363,0,6,357,LISTAS,,
79647,19_202_001,193,140,140,0,1,139,LISTAS,,
82803,19_203_001,659,295,295,0,0,295,LISTAS,,
82805,19_203_002,2009,1645,1643,0,6,1637,LISTAS,,
82807,19_203_003,1074,758,756,0,3,753,LISTAS,,
82809,19_203_004,1114,786,786,0,3,783,LISTAS,,
82811,19_203_005,917,697,695,0,3,692,LISTAS,,
82813,19_203_006,809,584,584,0,2,582,LISTAS,,
82815,19_203_007,909,663,663,0,2,661,LISTAS,,
82817,19_203_008,1096,803,803,0,3,800,LISTAS,,
82819,19_203_009,897,580,580,0,5,575,LISTAS,,
82821,19_203_010,953,628,628,0,6,622,LISTAS,,
82823,19_203_011,1002,761,761,0,6,755,LISTAS,,
82825,19_203_012,895,577,577,0,2,575,LISTAS,,
83029,19_203_013,1001,754,753,0,4,749,LISTAS,,
83031,19_203_014,862,669,668,0,1,667,LISTAS,,
83033,19_203_015,644,448,448,0,1,447,LISTAS,,
83035,19_203_016,783,511,511,0,10,501,LISTAS,,
83037,19_203_017,634,469,469,0,3,466,LISTAS,,
83039,19_203_018,713,510,510,0,3,507,LISTAS,,
83041,19_203_019,773,582,581,0,4,577,LISTAS,,
83043,19_203_020,744,574,573,0,2,571,LISTAS,,
83045,19_203_021,739,562,562,0,8,554,LISTAS,,
83047,19_203_022,684,446,446,0,2,444,LISTAS,,
83049,19_203_023,814,529,528,0,8,520,LISTAS,,
83051,19_203_024,975,624,624,0,0,624,LISTAS,,
83053,19_203_025,1060,709,709,0,1,708,LISTAS,,
83055,19_203_026,933,615,615,0,2,613,LISTAS,,
83057,19_203_027,1062,740,740,0,8,732,LISTAS,,
83059,19_203_028,506,289,289,0,2,287,LISTAS,,
83061,19_203_029,809,618,617,0,3,614,LISTAS,,
83063,19_203_030,686,517,517,0,3,514,LISTAS,,
83065,19_203_031,1087,805,805,0,5,800,LISTAS,,
83067,19_203_032,1012,783,782,0,2,780,LISTAS,,
83069,19_203_033,696,430,429,0,2,427,LISTAS,,
83071,19_203_034,1029,629,629,0,6,623,LISTAS,,
83073,19_203_035,946,601,601,0,5,596,LISTAS,,
83075,19_203_036,953,546,546,0,3,543,LISTAS,,
83077,19_203_037,672,382,382,0,3,379,LISTAS,,
83079,19_203_038,916,517,517,0,4,513,LISTAS,,
83081,19_203_039,732,412,412,0,4,408,LISTAS,,
83083,19_203_040,952,555,555,0,6,549,LISTAS,,
83085,19_203_041,578,353,352,0,2,350,LISTAS,,
83087,19_203_042,705,419,419,0,5,414,LISTAS,,
83089,19_203_043,870,485,485,0,1,484,LISTAS,,
83091,19_203_044,946,573,573,0,3,570,LISTAS,,
78825,19_203_045,825,490,489,0,2,487,LISTAS,,
78827,19_203_046,645,385,385,0,4,381,LISTAS,,
78829,19_203_047,619,401,401,0,4,397,LISTAS,,
78831,19_203_048,359,239,239,0,4,235,LISTAS,,
78833,19_203_049,717,479,479,0,3,476,LISTAS,,
78835,19_203_050,1013,667,667,0,1,666,LISTAS,,
78837,19_203_051,810,503,503,0,4,499,LISTAS,,
78839,19_203_052,240,157,157,0,1,156,LISTAS,,
78841,19_203_053,1148,788,786,0,7,779,LISTAS,,
78843,19_203_054,785,525,525,0,3,522,LISTAS,,
78845,19_203_055,760,495,493,0,7,486,LISTAS,,
78847,19_203_056,873,537,537,0,2,535,LISTAS,,
79649,19_204_001,202,163,163,0,4,159,LISTAS,,
82073,19_205_001,218,137,137,0,0,137,LISTAS,,
82587,19_206_001,112,57,57,0,0,57,LISTAS,,
82075,19_207_001,160,76,76,0,0,76,LISTAS,,
78849,19_208_001,521,286,286,0,5,281,LISTAS,,
82589,19_209_001,195,135,135,0,2,133,LISTAS,,
79651,19_210_001,76,49,49,0,1,48,LISTAS,,
82077,19_211_001,237,122,122,0,1,121,LISTAS,,
82079,19_212_001,388,213,213,0,1,212,LISTAS,,
82081,19_213_001,1037,578,578,0,3,575,LISTAS,,
82083,19_214_001,34,18,18,0,0,18,LISTAS,,
82085,19_215_001,123,81,81,0,3,78,LISTAS,,
79653,19_216_001,807,544,544,0,5,539,LISTAS,,
82591,19_217_001,843,485,485,0,4,481,LISTAS,,
82593,19_217_002,758,416,416,0,5,411,LISTAS,,
82595,19_217_003,844,517,517,0,3,514,LISTAS,,
82597,19_217_004,766,501,501,0,2,499,LISTAS,,
82599,19_217_005,838,566,566,0,2,564,LISTAS,,
82601,19_217_006,748,512,511,0,6,505,LISTAS,,
82603,19_217_007,943,631,631,0,4,627,LISTAS,,
80969,20_001_001,352,202,202,0,2,200,LISTAS,,
80971,20_002_001,49,32,32,0,0,32,LISTAS,,
80973,20_003_001,575,307,307,0,4,303,LISTAS,,
80975,20_004_001,1086,701,699,0,5,694,LISTAS,,
80977,20_005_001,298,136,136,0,2,134,LISTAS,,
82609,20_006_001,60,49,49,0,0,49,LISTAS,,
82611,20_007_001,397,228,228,0,2,226,LISTAS,,
82613,20_008_001,47,33,33,0,0,33,LISTAS,,
82615,20_009_001,1072,637,637,0,3,634,LISTAS,,
82617,20_010_001,704,456,456,0,3,453,LISTAS,,
82619,20_010_002,656,398,398,0,2,396,LISTAS,,
80979,20_011_001,296,151,151,0,3,148,LISTAS,,
80981,20_012_001,879,575,575,0,0,575,LISTAS,,
80983,20_013_001,403,206,206,0,6,200,LISTAS,,
82621,20_014_001,120,79,79,0,1,78,LISTAS,,
80985,20_015_001,302,172,172,0,6,166,LISTAS,,
78541,20_016_001,490,299,299,0,4,295,LISTAS,,
78543,20_017_001,500,308,308,0,1,307,LISTAS,,
78545,20_017_002,108,73,73,0,0,73,LISTAS,,
78547,20_018_001,661,374,370,0,1,369,LISTAS,,
78549,20_018_002,641,378,378,0,1,377,LISTAS,,
78551,20_018_003,494,277,277,0,1,276,LISTAS,,
82623,20_019_001,658,364,364,0,0,364,LISTAS,,
78553,20_020_001,652,308,308,0,4,304,LISTAS,,
82625,20_021_001,86,63,63,0,1,62,LISTAS,,
80987,20_022_001,113,77,77,0,0,77,LISTAS,,
80421,20_023_001,929,599,599,0,0,599,LISTAS,,
78555,20_024_001,273,135,135,0,0,135,LISTAS,,
80423,20_025_001,248,172,171,0,1,170,LISTAS,,
78557,20_026_001,588,312,311,0,1,310,LISTAS,,
80989,20_027_001,236,127,127,0,2,125,LISTAS,,
80425,20_028_001,236,133,133,0,0,133,LISTAS,,
80427,20_029_001,42,37,37,0,1,36,LISTAS,,
78559,20_030_001,49,31,31,0,0,31,LISTAS,,
80991,20_031_001,619,420,419,0,4,415,LISTAS,,
78561,20_032_001,186,116,116,0,3,113,LISTAS,,
78563,20_033_001,130,79,78,0,1,77,LISTAS,,
80429,20_034_001,429,275,275,0,2,273,LISTAS,,
80993,20_035_001,1080,677,676,0,3,673,LISTAS,,
80995,20_035_002,979,605,605,0,1,604,LISTAS,,
78565,20_036_001,29,17,17,0,0,17,LISTAS,,
80431,20_037_001,724,470,470,0,4,466,LISTAS,,
80433,20_038_001,295,188,188,0,4,184,LISTAS,,
80435,20_039_001,72,51,51,0,0,51,LISTAS,,
78567,20_040_001,507,271,271,0,4,267,LISTAS,,
78569,20_041_001,347,173,173,0,1,172,LISTAS,,
80997,20_042_001,386,207,207,0,3,204,LISTAS,,
78571,20_043_001,143,91,91,0,0,91,LISTAS,,
80437,20_044_001,129,98,98,0,4,94,LISTAS,,
80999,20_045_001,60,46,46,0,0,46,LISTAS,,
81001,20_046_001,23,20,20,0,0,20,LISTAS,,
81003,20_047_001,261,111,111,0,2,109,LISTAS,,
81005,20_048_001,824,498,498,0,1,497,LISTAS,,
78573,20_049_001,589,334,334,0,1,333,LISTAS,,
81007,20_050_001,358,167,167,0,3,164,LISTAS,,
81009,20_051_001,488,317,317,0,4,313,LISTAS,,
81011,20_052_001,587,349,347,0,4,343,LISTAS,,
80439,20_053_001,12,12,12,0,1,11,LISTAS,,
78575,20_054_001,564,307,307,0,3,304,LISTAS,,
78577,20_055_001,109,72,72,0,0,72,LISTAS,,
78579,20_056_001,932,515,515,0,13,502,LISTAS,,
81013,20_057_001,532,293,293,0,5,288,LISTAS,,
80441,20_058_001,56,34,34,0,0,34,LISTAS,,
80443,20_059_001,808,538,538,0,3,535,LISTAS,,
80445,20_059_002,497,329,329,0,1,328,LISTAS,,
81015,20_060_001,410,230,230,0,1,229,LISTAS,,
81017,20_060_002,493,249,249,0,3,246,LISTAS,,
78581,20_061_001,219,109,109,0,1,108,LISTAS,,
81019,20_062_001,76,30,30,0,0,30,LISTAS,,
80447,20_063_001,27,19,19,0,0,19,LISTAS,,
80449,20_064_001,34,25,25,0,1,24,LISTAS,,
81021,20_065_001,237,140,140,0,4,136,LISTAS,,
78583,20_066_001,705,441,441,0,5,436,LISTAS,,
78585,20_066_002,201,122,122,0,2,120,LISTAS,,
81023,20_067_001,951,609,608,0,3,605,LISTAS,,
81025,20_067_002,943,634,634,0,0,634,LISTAS,,
81027,20_067_003,957,624,623,0,0,623,LISTAS,,
81029,20_068_001,74,40,40,0,1,39,LISTAS,,
80451,20_069_001,242,150,150,0,1,149,LISTAS,,
78309,20_070_001,367,196,195,0,6,189,LISTAS,,
78311,20_070_002,432,218,218,0,1,217,LISTAS,,
78313,20_070_003,105,60,60,0,1,59,LISTAS,,
80453,20_071_001,77,46,46,0,0,46,LISTAS,,
78315,20_072_001,568,387,387,0,3,384,LISTAS,,
78317,20_072_002,735,479,479,0,0,479,LISTAS,,
78319,20_072_003,808,558,558,0,4,554,LISTAS,,
78321,20_072_004,784,504,504,0,6,498,LISTAS,,
78323,20_072_005,932,624,622,0,4,618,LISTAS,,
78587,20_073_001,159,80,80,0,1,79,LISTAS,,
78589,20_074_001,151,82,82,0,0,82,LISTAS,,
80455,20_075_001,263,162,162,0,4,158,LISTAS,,
80457,20_076_001,11,9,9,0,0,9,LISTAS,,
78591,20_077_001,251,154,154,0,1,153,LISTAS,,
78593,20_078_001,176,93,93,0,0,93,LISTAS,,
78325,20_079_001,81,57,57,0,1,56,LISTAS,,
78327,20_080_001,606,353,353,0,4,349,LISTAS,,
80459,20_081_001,125,96,96,0,0,96,LISTAS,,
78595,20_082_001,113,65,65,0,0,65,LISTAS,,
80461,20_083_001,210,130,131,0,2,129,LISTAS,,
78329,20_084_001,517,269,269,0,1,268,LISTAS,,
78331,20_084_002,311,183,183,0,3,180,LISTAS,,
78333,20_085_001,134,90,90,0,0,90,LISTAS,,
78335,20_085_002,272,157,157,0,0,157,LISTAS,,
80463,20_086_001,75,45,45,0,0,45,LISTAS,,
78337,20_087_001,184,72,72,0,1,71,LISTAS,,
80465,20_088_001,231,129,129,0,1,128,LISTAS,,
80467,20_089_001,90,72,72,0,2,70,LISTAS,,
80469,20_090_001,96,71,71,0,0,71,LISTAS,,
78597,20_091_001,199,126,126,0,1,125,LISTAS,,
78599,20_092_001,149,101,101,0,0,101,LISTAS,,
78339,20_093_001,924,591,582,0,3,579,LISTAS,,
78341,20_093_002,879,547,547,0,1,546,LISTAS,,
78343,20_093_003,84,46,46,0,3,43,LISTAS,,
78345,20_093_004,1049,624,624,0,1,623,LISTAS,,
78347,20_093_005,1016,714,714,0,5,709,LISTAS,,
78349,20_093_006,965,640,640,0,1,639,LISTAS,,
78351,20_093_007,1202,740,740,0,4,736,LISTAS,,
78353,20_093_008,707,413,413,0,2,411,LISTAS,,
78355,20_093_009,719,485,485,0,3,482,LISTAS,,
78357,20_093_010,739,467,467,0,1,466,LISTAS,,
78359,20_093_011,1001,706,705,0,3,702,LISTAS,,
78361,20_093_012,1039,714,714,0,2,712,LISTAS,,
78363,20_093_013,895,655,654,0,4,650,LISTAS,,
78365,20_093_014,1019,630,630,0,0,630,LISTAS,,
78367,20_093_015,1130,599,597,0,6,591,LISTAS,,
78369,20_093_016,2717,2106,2104,0,9,2095,LISTAS,,
78371,20_093_017,1041,587,587,0,0,587,LISTAS,,
78373,20_093_018,741,475,475,0,1,474,LISTAS,,
78375,20_094_001,201,110,110,0,0,110,LISTAS,,
78377,20_095_001,378,229,229,0,2,227,LISTAS,,
78601,20_096_001,152,120,120,0,2,118,LISTAS,,
78379,20_097_001,137,77,77,0,3,74,LISTAS,,
80471,20_098_001,154,110,110,0,1,109,LISTAS,,
80473,20_099_001,208,144,144,0,0,144,LISTAS,,
78603,20_100_001,157,82,82,0,0,82,LISTAS,,
78605,20_101_001,148,88,88,0,2,86,LISTAS,,
78607,20_102_001,136,81,81,0,0,81,LISTAS,,
78381,20_103_001,47,34,34,0,0,34,LISTAS,,
80475,20_104_001,41,38,38,0,0,38,LISTAS,,
80477,20_105_001,421,224,224,0,0,224,LISTAS,,
80479,20_106_001,70,36,36,0,1,35,LISTAS,,
78383,20_107_001,388,245,245,0,6,239,LISTAS,,
78609,20_108_001,70,43,43,0,1,42,LISTAS,,
80481,20_109_001,25,20,20,0,0,20,LISTAS,,
80483,20_110_001,27,12,12,0,0,12,LISTAS,,
80485,20_111_001,1006,666,666,0,2,664,LISTAS,,
80487,20_111_002,1062,717,717,0,6,711,LISTAS,,
81499,20_111_003,757,555,555,0,8,547,LISTAS,,
81501,20_111_004,924,561,561,0,2,559,LISTAS,,
81503,20_111_005,664,458,458,0,2,456,LISTAS,,
81505,20_111_006,935,670,670,0,2,668,LISTAS,,
81507,20_111_007,467,343,343,0,9,334,LISTAS,,
81509,20_111_008,333,237,237,0,0,237,LISTAS,,
81511,20_111_009,276,182,182,0,2,180,LISTAS,,
81513,20_111_010,254,170,170,0,2,168,LISTAS,,
81515,20_111_011,145,95,95,0,0,95,LISTAS,,
78611,20_112_001,675,384,384,0,2,382,LISTAS,,
78613,20_112_002,811,466,466,0,6,460,LISTAS,,
78615,20_112_003,860,528,528,0,4,524,LISTAS,,
78617,20_112_004,612,336,336,0,2,334,LISTAS,,
78619,20_112_005,513,292,292,0,1,291,LISTAS,,
81517,20_113_001,167,113,113,0,0,113,LISTAS,,
78385,20_114_001,49,43,43,0,1,42,LISTAS,,
78621,20_115_001,92,56,56,0,0,56,LISTAS,,
78623,20_115_002,151,96,96,0,7,89,LISTAS,,
78625,20_116_001,343,209,208,0,0,208,LISTAS,,
78627,20_117_001,959,528,528,0,2,526,LISTAS,,
81519,20_118_001,45,31,31,0,0,31,LISTAS,,
78629,20_119_001,226,121,121,0,1,120,LISTAS,,
78631,20_120_001,388,235,235,0,1,234,LISTAS,,
78633,20_121_001,64,42,42,0,1,41,LISTAS,,
81521,20_122_001,42,35,35,0,1,34,LISTAS,,
78635,20_123_001,644,320,320,0,6,314,LISTAS,,
78387,20_124_001,311,205,205,0,0,205,LISTAS,,
81523,20_125_001,213,148,148,0,5,143,LISTAS,,
81525,20_126_001,259,131,131,0,0,131,LISTAS,,
78389,20_127_001,252,158,158,0,1,157,LISTAS,,
78637,20_128_001,618,379,379,0,0,379,LISTAS,,
78639,20_129_001,888,453,453,0,2,451,LISTAS,,
78641,20_129_002,601,320,320,0,4,316,LISTAS,,
78643,20_130_001,207,122,122,0,0,122,LISTAS,,
78645,20_131_001,215,127,127,0,1,126,LISTAS,,
78647,20_131_002,115,79,79,0,1,78,LISTAS,,
78649,20_131_003,82,59,59,0,0,59,LISTAS,,
78651,20_132_001,367,181,181,0,5,176,LISTAS,,
78391,20_133_001,142,82,82,0,2,80,LISTAS,,
78653,20_134_001,946,592,589,0,3,586,LISTAS,,
78655,20_134_002,1023,764,763,0,4,759,LISTAS,,
78657,20_134_003,654,395,395,0,1,394,LISTAS,,
78659,20_134_004,752,436,436,0,2,434,LISTAS,,
78661,20_134_005,713,409,409,0,2,407,LISTAS,,
78663,20_134_006,790,474,474,0,0,474,LISTAS,,
78665,20_134_007,794,525,525,0,1,524,LISTAS,,
78667,20_134_008,935,610,610,0,1,609,LISTAS,,
78669,20_134_009,929,622,622,0,0,622,LISTAS,,
78671,20_134_010,924,615,615,0,3,612,LISTAS,,
78673,20_134_011,770,496,496,0,3,493,LISTAS,,
78675,20_134_012,797,503,502,0,1,501,LISTAS,,
78677,20_134_013,1008,597,598,0,18,580,LISTAS,,
78679,20_134_014,1289,774,774,0,9,765,LISTAS,,
78681,20_134_015,1320,857,857,0,7,850,LISTAS,,
78683,20_134_016,1261,761,759,0,3,756,LISTAS,,
78685,20_134_017,767,496,496,0,1,495,LISTAS,,
78687,20_134_018,1264,705,705,0,2,703,LISTAS,,
78689,20_134_019,1175,706,706,0,0,706,LISTAS,,
78691,20_134_020,1290,811,811,0,5,806,LISTAS,,
78693,20_134_021,974,556,552,0,0,552,LISTAS,,
78695,20_134_022,1157,604,604,0,0,604,LISTAS,,
78697,20_134_023,1153,655,655,0,6,649,LISTAS,,
78699,20_134_024,1074,648,648,0,3,645,LISTAS,,
78701,20_134_025,997,617,617,0,10,607,LISTAS,,
78703,20_134_026,684,263,263,0,0,263,LISTAS,,
78705,20_134_027,1582,1289,1288,0,6,1282,LISTAS,,
78707,20_134_028,976,704,703,0,1,702,LISTAS,,
78709,20_134_029,773,461,461,0,4,457,LISTAS,,
78711,20_134_030,880,622,622,0,2,620,LISTAS,,
78713,20_134_031,900,542,542,0,3,539,LISTAS,,
78715,20_134_032,991,673,673,0,3,670,LISTAS,,
78717,20_134_033,721,387,387,0,2,385,LISTAS,,
78719,20_134_034,866,624,624,0,1,623,LISTAS,,
78721,20_134_035,709,390,389,0,4,385,LISTAS,,
78723,20_134_036,782,487,487,0,6,481,LISTAS,,
78725,20_134_037,895,598,598,0,6,592,LISTAS,,
78727,20_134_038,726,437,437,0,1,436,LISTAS,,
78729,20_134_039,919,593,593,0,2,591,LISTAS,,
78731,20_134_040,686,446,446,0,3,443,LISTAS,,
78733,20_134_041,533,297,297,0,5,292,LISTAS,,
78735,20_134_042,1044,634,632,0,1,631,LISTAS,,
78737,20_134_043,967,609,609,0,1,608,LISTAS,,
78739,20_134_044,1017,678,678,0,3,675,LISTAS,,
78393,20_135_001,744,405,405,0,3,402,LISTAS,,
81527,20_136_001,379,239,239,0,1,238,LISTAS,,
81529,20_137_001,414,263,263,0,1,262,LISTAS,,
81531,20_138_001,365,228,228,0,1,227,LISTAS,,
78395,20_139_001,409,239,239,0,2,237,LISTAS,,
78741,20_140_001,920,581,581,0,3,578,LISTAS,,
78397,20_141_001,380,197,197,0,2,195,LISTAS,,
78399,20_142_001,497,291,291,0,0,291,LISTAS,,
78401,20_143_001,226,135,135,0,4,131,LISTAS,,
81533,20_144_001,100,69,69,0,2,67,LISTAS,,
78743,20_145_001,241,127,127,0,0,127,LISTAS,,
78403,20_146_001,247,131,131,0,1,130,LISTAS,,
78405,20_147_001,268,160,160,0,0,160,LISTAS,,
78407,20_148_001,216,144,144,0,1,143,LISTAS,,
81535,20_149_001,153,109,109,0,4,105,LISTAS,,
81537,20_150_001,654,358,358,0,1,357,LISTAS,,
78745,20_151_001,210,89,89,0,2,87,LISTAS,,
78409,20_152_001,102,60,60,0,4,56,LISTAS,,
81539,20_153_001,100,64,64,0,1,63,LISTAS,,
78411,20_154_001,359,184,184,0,2,182,LISTAS,,
78747,20_155_001,94,52,52,0,0,52,LISTAS,,
81541,20_156_001,165,113,113,0,2,111,LISTAS,,
78413,20_157_001,473,248,248,0,1,247,LISTAS,,
78415,20_158_001,681,344,344,0,2,342,LISTAS,,
78417,20_158_002,705,440,440,0,7,433,LISTAS,,
78419,20_159_001,111,67,67,0,0,67,LISTAS,,
78421,20_160_001,726,352,352,0,1,351,LISTAS,,
78749,20_161_001,163,113,113,0,2,111,LISTAS,,
78751,20_162_001,863,534,534,0,0,534,LISTAS,,
78753,20_162_002,120,68,68,0,0,68,LISTAS,,
81543,20_163_001,135,81,81,0,0,81,LISTAS,,
78423,20_164_001,353,171,171,0,2,169,LISTAS,,
81545,20_165_001,324,195,195,0,1,194,LISTAS,,
78755,20_166_001,329,181,181,0,3,178,LISTAS,,
78425,20_167_001,759,444,444,0,5,439,LISTAS,,
81547,20_168_001,252,187,187,0,3,184,LISTAS,,
78427,20_169_001,710,374,374,0,3,371,LISTAS,,
78429,20_170_001,298,143,143,0,1,142,LISTAS,,
78757,20_171_001,48,36,36,0,1,35,LISTAS,,
78431,20_172_001,228,157,157,0,0,157,LISTAS,,
81549,20_173_001,27,22,22,0,0,22,LISTAS,,
78759,20_174_001,146,97,97,0,0,97,LISTAS,,
78761,20_175_001,458,265,265,0,3,262,LISTAS,,
78763,20_176_001,496,320,320,0,0,320,LISTAS,,
81551,20_177_001,27,19,19,0,0,19,LISTAS,,
81553,20_178_001,261,152,152,0,3,149,LISTAS,,
78433,20_179_001,933,561,561,0,1,560,LISTAS,,
81555,20_180_001,788,465,465,0,5,460,LISTAS,,
78765,20_181_001,335,212,212,0,5,207,LISTAS,,
81557,20_182_001,485,271,271,0,5,266,LISTAS,,
78767,20_183_001,358,209,209,0,2,207,LISTAS,,
81559,20_184_001,631,400,400,0,1,399,LISTAS,,
78435,20_185_001,771,421,421,0,5,416,LISTAS,,
78437,20_185_002,676,356,356,0,6,350,LISTAS,,
78769,20_186_001,524,310,310,0,5,305,LISTAS,,
78439,20_187_001,31,24,24,0,0,24,LISTAS,,
78771,20_188_001,753,455,455,0,3,452,LISTAS,,
78441,20_189_001,583,328,328,0,1,327,LISTAS,,
78443,20_189_002,621,337,336,0,8,328,LISTAS,,
78773,20_190_001,511,334,334,0,0,334,LISTAS,,
78445,20_191_001,486,359,359,0,3,356,LISTAS,,
78447,20_192_001,173,97,97,0,0,97,LISTAS,,
78449,20_193_001,254,152,152,0,0,152,LISTAS,,
81561,20_194_001,347,183,183,0,1,182,LISTAS,,
78775,20_195_001,56,31,31,0,0,31,LISTAS,,
78777,20_196_001,250,143,143,0,1,142,LISTAS,,
78779,20_197_001,71,40,40,0,0,40,LISTAS,,
78781,20_198_001,117,63,63,0,1,62,LISTAS,,
78451,20_199_001,714,332,332,0,9,323,LISTAS,,
78783,20_200_001,647,335,335,0,4,331,LISTAS,,
78785,20_200_002,699,311,311,0,5,306,LISTAS,,
78787,20_201_001,187,126,126,0,3,123,LISTAS,,
81563,20_202_001,24,16,16,0,0,16,LISTAS,,
81565,20_203_001,157,121,121,0,2,119,LISTAS,,
82293,20_204_001,890,650,650,0,5,645,LISTAS,,
78453,20_205_001,81,67,67,0,0,67,LISTAS,,
78455,20_205_002,60,43,43,0,0,43,LISTAS,,
78789,20_206_001,305,194,194,0,3,191,LISTAS,,
78791,20_207_001,472,283,283,0,0,283,LISTAS,,
78793,20_208_001,566,349,348,0,1,347,LISTAS,,
78795,20_209_001,756,415,415,0,2,413,LISTAS,,
78797,20_210_001,446,260,260,0,2,258,LISTAS,,
78799,20_210_002,497,282,282,0,0,282,LISTAS,,
78457,20_211_001,488,196,196,0,2,194,LISTAS,,
78459,20_211_002,849,417,417,0,11,406,LISTAS,,
78801,20_212_001,812,466,464,0,5,459,LISTAS,,
78803,20_213_001,51,34,34,0,1,33,LISTAS,,
78461,20_214_001,476,285,285,0,1,284,LISTAS,,
82295,20_215_001,251,183,183,0,5,178,LISTAS,,
82297,20_215_002,66,44,44,0,0,44,LISTAS,,
78463,20_216_001,116,81,81,0,1,80,LISTAS,,
78805,20_217_001,154,87,87,0,2,85,LISTAS,,
78465,20_218_001,876,498,498,0,3,495,LISTAS,,
78467,20_219_001,101,74,74,0,0,74,LISTAS,,
78469,20_220_001,66,27,27,0,0,27,LISTAS,,
78471,20_221_001,287,196,196,0,0,196,LISTAS,,
78473,20_222_001,955,600,600,0,4,596,LISTAS,,
78475,20_222_002,832,525,525,0,3,522,LISTAS,,
78477,20_223_001,67,44,44,0,0,44,LISTAS,,
78807,20_224_001,189,85,85,0,4,81,LISTAS,,
78479,20_225_001,649,338,338,0,3,335,LISTAS,,
78481,20_225_002,580,321,321,0,0,321,LISTAS,,
82299,20_226_001,565,330,330,0,2,328,LISTAS,,
78483,20_227_001,562,315,315,0,4,311,LISTAS,,
82301,20_228_001,301,192,192,0,2,190,LISTAS,,
78485,20_229_001,777,435,435,0,3,432,LISTAS,,
82303,20_230_001,442,276,276,0,1,275,LISTAS,,
82305,20_231_001,729,455,455,0,4,451,LISTAS,,
82307,20_231_002,1110,737,737,0,6,731,LISTAS,,
82309,20_231_003,1126,753,753,0,6,747,LISTAS,,
82311,20_231_004,856,563,563,0,6,557,LISTAS,,
82313,20_231_005,813,401,401,0,2,399,LISTAS,,
82315,20_231_006,1172,731,730,0,4,726,LISTAS,,
82317,20_231_007,843,537,536,0,1,535,LISTAS,,
82319,20_231_008,741,459,459,0,4,455,LISTAS,,
82321,20_231_009,820,532,532,0,1,531,LISTAS,,
82323,20_231_010,911,631,629,0,1,628,LISTAS,,
82325,20_231_011,818,529,529,0,5,524,LISTAS,,
82327,20_231_012,1099,738,737,0,3,734,LISTAS,,
82329,20_231_013,1012,669,669,0,2,667,LISTAS,,
82331,20_231_014,889,537,537,0,5,532,LISTAS,,
82333,20_231_015,1008,647,647,0,1,646,LISTAS,,
82335,20_231_016,1100,600,600,0,6,594,LISTAS,,
82337,20_231_017,1033,731,731,0,2,729,LISTAS,,
82339,20_231_018,1045,679,677,0,2,675,LISTAS,,
82341,20_231_019,916,630,630,0,3,627,LISTAS,,
82343,20_231_020,964,664,664,0,6,658,LISTAS,,
82345,20_231_021,1061,762,762,0,3,759,LISTAS,,
82347,20_231_022,944,584,584,0,2,582,LISTAS,,
82349,20_231_023,1162,792,793,0,18,775,LISTAS,,
82351,20_231_024,2116,1737,1734,0,15,1719,LISTAS,,
82353,20_231_025,517,336,336,0,2,334,LISTAS,,
82355,20_231_026,1209,786,786,0,6,780,LISTAS,,
80157,20_231_027,1060,656,656,0,11,645,LISTAS,,
80159,20_231_028,1376,870,870,0,7,863,LISTAS,,
80161,20_231_029,921,587,587,0,1,586,LISTAS,,
80163,20_231_030,639,348,348,0,7,341,LISTAS,,
80165,20_231_031,719,423,423,0,6,417,LISTAS,,
80167,20_231_032,858,527,526,0,1,525,LISTAS,,
80169,20_231_033,913,543,541,0,3,538,LISTAS,,
80171,20_231_034,1039,701,701,0,3,698,LISTAS,,
80173,20_231_035,923,633,633,0,4,629,LISTAS,,
80175,20_231_036,1016,657,657,0,1,656,LISTAS,,
80177,20_231_037,1088,796,796,0,5,791,LISTAS,,
80179,20_231_038,915,582,582,0,3,579,LISTAS,,
80181,20_231_039,876,583,583,0,4,579,LISTAS,,
80183,20_231_040,1031,751,751,0,4,747,LISTAS,,
80185,20_231_041,1124,787,787,0,6,781,LISTAS,,
80187,20_231_042,687,468,468,0,2,466,LISTAS,,
80189,20_231_043,990,682,682,0,7,675,LISTAS,,
80191,20_231_044,1039,688,688,0,3,685,LISTAS,,
80193,20_231_045,893,527,527,0,4,523,LISTAS,,
80195,20_231_046,842,562,562,0,2,560,LISTAS,,
80197,20_231_047,767,547,547,0,2,545,LISTAS,,
80199,20_231_048,1394,936,934,0,5,929,LISTAS,,
80201,20_231_049,1070,721,720,0,6,714,LISTAS,,
80203,20_231_050,642,389,388,0,3,385,LISTAS,,
80205,20_231_051,664,482,481,0,1,480,LISTAS,,
80207,20_232_001,331,206,206,0,0,206,LISTAS,,
78487,20_233_001,96,63,63,0,3,60,LISTAS,,
78489,20_234_001,314,194,194,0,2,192,LISTAS,,
78491,20_235_001,859,540,540,0,1,539,LISTAS,,
78493,20_235_002,828,490,490,0,2,488,LISTAS,,
78809,20_236_001,692,244,244,0,7,237,LISTAS,,
78811,20_236_002,740,359,359,0,1,358,LISTAS,,
78813,20_236_003,787,316,316,0,1,315,LISTAS,,
78495,20_237_001,22,18,18,0,0,18,LISTAS,,
80209,20_238_001,530,340,340,0,3,337,LISTAS,,
80211,20_238_002,546,306,306,0,5,301,LISTAS,,
80213,20_238_003,528,283,283,0,2,281,LISTAS,,
80215,20_238_004,522,283,283,0,0,283,LISTAS,,
80217,20_238_005,203,119,119,0,0,119,LISTAS,,
80219,20_238_006,81,53,53,0,0,53,LISTAS,,
78497,20_239_001,155,97,97,0,0,97,LISTAS,,
78815,20_240_001,99,66,66,0,1,65,LISTAS,,
78499,20_241_001,441,260,259,0,1,258,LISTAS,,
78501,20_242_001,735,447,447,0,4,443,LISTAS,,
78817,20_243_001,680,442,442,0,4,438,LISTAS,,
78503,20_244_001,702,369,367,0,3,364,LISTAS,,
78505,20_244_002,758,436,436,0,1,435,LISTAS,,
78507,20_244_003,805,493,495,0,20,475,LISTAS,,
78509,20_244_004,1124,720,720,0,3,717,LISTAS,,
78511,20_244_005,439,235,235,0,1,234,LISTAS,,
78513,20_244_006,537,311,311,0,4,307,LISTAS,,
78515,20_244_007,162,82,82,0,2,80,LISTAS,,
78517,20_244_008,256,150,150,0,0,150,LISTAS,,
78521,20_244_009,245,135,135,0,1,134,LISTAS,,
78523,20_244_010,416,233,233,0,3,230,LISTAS,,
80963,20_245_001,334,232,232,0,3,229,LISTAS,,
78525,20_246_001,851,538,538,0,5,533,LISTAS,,
78819,20_247_001,233,137,137,0,1,136,LISTAS,,
78527,20_248_001,424,258,258,0,3,255,LISTAS,,
78529,20_248_002,222,101,101,0,1,100,LISTAS,,
78531,20_249_001,230,148,148,0,2,146,LISTAS,,
78533,20_250_001,54,33,33,0,0,33,LISTAS,,
78535,20_251_001,855,482,482,0,5,477,LISTAS,,
80965,20_252_001,47,35,35,0,0,35,LISTAS,,
80967,20_253_001,539,291,291,0,1,290,LISTAS,,
78821,20_254_001,92,56,56,0,1,55,LISTAS,,
78537,20_255_001,753,390,390,0,3,387,LISTAS,,
78539,20_256_001,320,175,175,0,0,175,LISTAS,,
78823,20_257_001,62,35,35,0,0,35,LISTAS,,
78519,20_258_001,371,245,245,0,4,241,LISTAS,,
83092,Levél,193793,,,-116,167,128429,LEVEL,128712,128596
