SZAVAZOKOR,VALASZTOPOLGAR,MEGJELENTEK,URNABAN_BELYEGZES_NELKULI,URNABAN_LEBELYEGZETT,ELTERES,ERVENYTELEN,ERVENYES
01_001_001,1241,923,0,923,0,2,921
01_001_002,1299,942,0,942,0,9,933
01_001_003,1273,831,1,831,0,4,827
01_001_004,1240,509,0,508,-1,17,491
01_001_005,1393,993,0,992,-1,8,984
01_001_006,1192,864,0,851,-13,7,844
01_001_007,1119,796,0,794,-2,6,788
01_001_008,1222,861,0,861,0,7,854
01_001_009,1115,820,0,821,1,14,807
01_001_010,1221,873,0,871,-2,4,867
01_001_011,1306,883,1,883,0,6,877
01_001_012,1147,827,0,826,-1,4,822
01_001_013,1305,918,0,916,-2,1,915
01_001_014,1215,834,0,835,1,14,821
01_001_015,1266,903,0,902,-1,6,896
01_001_016,1154,810,0,808,-2,4,804
01_002_001,980,684,1,682,-2,5,677
01_002_002,903,633,1,633,0,5,628
01_002_003,671,435,0,435,0,3,432
01_002_004,1053,730,0,728,-2,3,725
01_002_005,1099,803,0,800,-3,4,796
01_002_006,873,635,0,634,-1,2,632
01_002_007,822,602,0,604,2,21,583
01_002_008,934,666,0,665,-1,4,661
01_002_009,866,624,1,624,0,8,616
01_002_010,716,544,0,544,0,2,542
01_002_011,608,438,0,435,-3,5,430
01_002_012,1014,794,0,793,-1,5,788
01_002_013,698,499,0,499,0,2,497
01_002_014,861,639,0,639,0,6,633
01_002_015,763,553,0,555,2,20,535
01_002_016,1128,704,0,706,2,29,677
01_002_017,825,624,0,624,0,5,619
01_002_018,725,558,0,558,0,1,557
01_002_019,845,614,0,612,-2,3,609
01_002_020,852,638,0,638,0,5,633
01_002_021,869,645,0,646,1,14,632
01_002_022,851,614,0,614,0,3,611
01_002_023,870,663,0,665,2,24,641
01_002_024,976,722,0,722,0,2,720
01_002_025,866,631,1,631,0,5,626
01_002_026,861,670,0,670,0,4,666
01_002_027,726,547,0,545,-2,6,539
01_002_028,654,473,0,474,1,15,459
01_002_029,506,362,0,362,0,2,360
01_002_030,597,441,0,441,0,4,437
01_002_031,1097,775,0,775,0,2,773
01_002_032,931,706,0,706,0,6,700
01_002_033,848,667,0,668,1,18,650
01_002_034,765,530,0,531,1,12,519
01_002_035,886,652,1,646,-6,4,642
01_002_036,881,677,0,667,-10,4,663
01_002_037,902,661,0,660,-1,6,654
01_002_038,1030,770,0,770,0,8,762
01_002_039,993,765,0,765,0,8,757
01_002_040,847,634,0,636,2,27,609
01_002_041,804,589,0,587,-2,8,579
01_002_042,803,585,0,585,0,5,580
01_002_043,852,624,0,621,-3,4,617
01_002_044,972,745,0,744,-1,4,740
01_002_045,907,654,0,654,0,4,650
01_002_046,891,695,0,695,0,2,693
01_002_047,939,710,0,710,0,2,708
01_002_048,902,672,1,666,-6,3,663
01_002_049,918,697,0,696,-1,9,687
01_002_050,885,619,0,619,0,4,615
01_002_051,740,578,1,577,-1,6,571
01_002_052,673,494,0,492,-2,3,489
01_002_053,681,529,0,527,-2,5,522
01_002_054,987,680,0,678,-2,6,672
01_002_055,860,621,0,623,2,27,596
01_002_056,755,531,0,531,0,5,526
01_002_057,747,573,0,572,-1,6,566
01_002_058,949,632,1,629,-3,2,627
01_002_059,772,563,0,564,1,15,549
01_002_060,786,535,0,532,-3,4,528
01_002_061,899,639,0,637,-2,2,635
01_002_062,618,421,0,418,-3,5,413
01_002_063,801,588,0,588,0,3,585
01_002_064,839,590,0,590,0,7,583
01_002_065,907,631,0,631,0,3,628
01_002_066,948,648,0,645,-3,6,639
01_002_067,778,502,0,499,-3,3,496
01_002_068,824,589,0,590,1,15,575
01_002_069,967,633,0,627,-6,2,625
01_002_070,830,577,0,575,-2,5,570
01_002_071,855,589,0,589,0,5,584
01_002_072,917,643,0,643,0,5,638
01_002_073,906,637,0,638,1,14,624
01_002_074,784,530,1,529,-1,2,527
01_002_111,532,456,0,456,0,3,453
01_003_001,874,607,0,586,-21,7,579
01_003_002,803,560,0,562,2,25,537
01_003_003,987,626,0,625,-1,4,621
01_003_004,977,700,0,699,-1,5,694
01_003_005,672,412,0,411,-1,5,406
01_003_006,1092,741,0,741,0,2,739
01_003_007,912,619,0,619,0,4,615
01_003_008,801,540,0,539,-1,4,535
01_003_009,906,643,0,640,-3,6,634
01_003_010,837,596,0,596,0,0,596
01_003_011,933,650,0,650,0,5,645
01_003_012,932,698,1,686,-12,2,684
01_003_013,930,644,3,643,-1,3,640
01_003_014,860,632,0,630,-2,16,614
01_003_015,796,585,0,585,0,8,577
01_003_016,811,609,0,609,0,4,605
01_003_017,874,635,1,633,-2,1,632
01_003_018,1145,815,0,814,-1,12,802
01_003_019,1247,922,0,922,0,8,914
01_003_020,1312,855,0,854,-1,7,847
01_003_021,1311,942,0,939,-3,7,932
01_003_022,1321,980,0,980,0,3,977
01_003_023,953,693,0,695,2,23,672
01_003_024,1034,741,0,741,0,1,740
01_003_025,749,512,0,512,0,1,511
01_003_026,743,514,0,512,-2,3,509
01_003_027,886,634,0,633,-1,6,627
01_003_028,952,658,0,658,0,3,655
01_003_029,918,649,0,647,-2,8,639
01_003_030,919,658,0,657,-1,1,656
01_003_031,842,519,0,518,-1,5,513
01_003_032,931,656,0,656,0,1,655
01_003_033,843,563,0,563,0,6,557
01_003_034,778,521,0,521,0,4,517
01_003_035,806,503,0,504,1,13,491
01_003_036,771,528,0,528,0,3,525
01_003_037,900,634,0,634,0,2,632
01_003_038,755,494,0,494,0,3,491
01_003_039,747,499,0,500,1,17,483
01_003_040,698,426,0,423,-3,5,418
01_003_041,754,455,0,453,-2,7,446
01_003_042,937,404,0,404,0,4,400
01_003_043,881,560,0,560,0,0,560
01_003_044,767,543,2,542,-1,10,532
01_003_045,1108,645,0,645,0,5,640
01_003_046,1050,667,0,667,0,0,667
01_003_047,614,396,0,397,1,16,381
01_003_048,794,472,0,472,0,1,471
01_003_049,846,548,0,548,0,4,544
01_003_050,809,535,0,536,1,13,523
01_003_051,770,524,1,524,0,2,522
01_003_052,980,691,0,690,-1,2,688
01_003_053,773,537,0,533,-4,2,531
01_003_054,905,644,2,644,0,0,644
01_003_055,803,522,0,522,0,0,522
01_003_056,821,537,0,536,-1,3,533
01_003_057,887,554,0,555,1,15,540
01_003_058,787,512,0,512,0,3,509
01_003_059,748,581,0,581,0,4,577
01_003_060,822,563,0,563,0,2,561
01_003_061,868,561,0,561,0,2,559
01_003_062,871,511,0,511,0,1,510
01_003_063,847,527,0,528,1,15,513
01_003_064,741,513,0,513,0,3,510
01_003_065,966,679,0,680,1,16,664
01_003_066,813,562,0,562,0,3,559
01_003_067,809,566,0,563,-3,6,557
01_003_068,815,611,0,611,0,5,606
01_003_069,755,529,0,531,2,29,502
01_003_070,763,534,0,534,0,0,534
01_003_071,844,619,0,618,-1,0,618
01_003_072,870,621,0,618,-3,4,614
01_003_073,775,566,0,566,0,5,561
01_003_074,860,647,0,647,0,5,642
01_003_075,695,523,0,523,0,4,519
01_003_076,987,720,0,719,-1,2,717
01_003_077,820,600,0,600,0,2,598
01_003_078,837,598,0,597,-1,5,592
01_003_079,905,673,0,674,1,17,657
01_003_080,925,684,0,681,-3,4,677
01_003_081,962,731,0,730,-1,4,726
01_003_082,986,755,0,755,0,5,750
01_003_083,1043,816,0,813,-3,3,810
01_003_084,986,729,0,727,-2,5,722
01_003_085,771,507,0,506,-1,4,502
01_003_086,751,430,0,430,0,3,427
01_003_087,888,523,0,523,0,3,520
01_003_088,809,514,0,514,0,6,508
01_003_089,942,602,0,602,0,4,598
01_003_090,796,430,0,430,0,1,429
01_003_091,781,494,1,493,-1,1,492
01_003_092,826,504,0,504,0,4,500
01_003_093,847,521,1,520,-1,3,517
01_003_094,769,519,0,518,-1,5,513
01_003_095,821,490,0,489,-1,2,487
01_003_096,906,564,0,564,0,4,560
01_003_097,941,552,0,552,0,6,546
01_003_098,681,360,0,360,0,2,358
01_003_099,924,511,0,511,0,3,508
01_003_100,828,454,1,454,0,9,445
01_003_101,846,448,0,448,0,7,441
01_003_102,833,513,0,513,0,2,511
01_003_103,826,528,0,528,0,5,523
01_003_104,746,460,0,459,-1,4,455
01_003_105,706,438,0,439,1,18,421
01_003_106,795,532,0,533,1,13,520
01_003_107,754,491,0,491,0,2,489
01_003_108,817,512,0,512,0,5,507
01_003_109,774,512,0,513,1,18,495
01_003_110,765,474,0,474,0,4,470
01_003_111,714,442,0,429,-13,5,424
01_003_112,784,437,0,437,0,9,428
01_003_200,623,506,0,506,0,0,506
01_004_001,1173,893,0,895,2,28,867
01_004_002,1108,708,0,698,-10,4,694
01_004_003,888,570,0,569,-1,3,566
01_004_004,1194,916,0,916,0,4,912
01_004_005,1123,763,0,761,-2,2,759
01_004_006,1015,626,0,625,-1,4,621
01_004_007,1041,748,0,749,1,15,734
01_004_008,1047,650,0,648,-2,1,647
01_004_009,1219,708,0,708,0,1,707
01_004_010,1140,732,0,718,-14,0,718
01_004_011,1070,732,0,733,1,18,715
01_004_012,1020,619,0,619,0,7,612
01_004_013,1099,644,0,644,0,3,641
01_004_014,1021,643,0,642,-1,5,637
01_004_015,1066,722,0,722,0,3,719
01_004_016,1017,697,0,697,0,2,695
01_004_017,1106,778,0,778,0,5,773
01_004_018,1068,777,0,776,-1,3,773
01_004_019,1021,583,0,583,0,8,575
01_004_020,1010,655,0,655,0,5,650
01_004_021,1283,885,0,885,0,0,885
01_004_022,1029,711,0,711,0,5,706
01_004_023,1075,714,0,715,1,16,699
01_004_024,1133,753,0,753,0,5,748
01_004_025,980,635,0,634,-1,6,628
01_004_026,1112,792,0,792,0,6,786
01_004_027,1059,710,0,708,-2,2,706
01_004_028,1075,795,0,795,0,3,792
01_004_029,1034,660,0,660,0,7,653
01_004_030,1214,700,0,700,0,10,690
01_004_031,966,523,0,522,-1,8,514
01_004_032,938,644,1,643,-1,2,641
01_004_033,923,562,0,559,-3,2,557
01_004_034,974,461,0,461,0,2,459
01_004_035,1049,541,0,528,-13,5,523
01_004_036,1273,825,1,825,0,8,817
01_004_037,1373,770,0,769,-1,9,760
01_004_038,1034,618,0,618,0,4,614
01_004_039,931,658,0,643,-15,1,642
01_004_040,915,540,0,540,0,7,533
01_004_041,1024,675,0,665,-10,8,657
01_004_042,814,520,0,520,0,4,516
01_004_043,1011,623,0,625,2,24,601
01_004_044,1013,604,0,604,0,2,602
01_004_045,1059,670,0,670,0,7,663
01_004_046,1147,788,0,786,-2,6,780
01_004_047,936,580,0,579,-1,5,574
01_004_048,959,553,0,553,0,5,548
01_004_049,1245,779,0,775,-4,4,771
01_004_050,1157,719,0,719,0,9,710
01_004_051,1020,494,0,489,-5,5,484
01_004_052,860,568,0,568,0,4,564
01_004_053,842,490,0,487,-3,6,481
01_004_054,997,639,0,639,0,8,631
01_004_055,1018,635,0,635,0,10,625
01_004_056,1061,673,0,672,-1,7,665
01_004_057,866,520,0,519,-1,5,514
01_004_058,1212,748,0,747,-1,5,742
01_004_059,926,533,0,532,-1,7,525
01_004_060,1056,610,0,610,0,3,607
01_004_061,1157,694,0,695,1,19,676
01_004_062,945,579,0,579,0,4,575
01_004_063,1310,632,0,631,-1,2,629
01_004_064,1087,671,0,668,-3,1,667
01_004_065,998,591,0,589,-2,6,583
01_004_066,1062,620,0,612,-8,1,611
01_004_067,1009,616,0,616,0,4,612
01_004_068,1109,633,1,631,-2,4,627
01_004_069,1057,612,0,612,0,5,607
01_004_070,1091,665,0,664,-1,3,661
01_004_080,360,303,0,303,0,0,303
01_005_001,864,546,0,544,-2,3,541
01_005_002,1094,672,0,672,0,6,666
01_005_003,894,619,0,615,-4,3,612
01_005_004,1106,745,0,745,0,4,741
01_005_005,1043,633,0,630,-3,8,622
01_005_006,982,628,0,628,0,7,621
01_005_007,800,506,0,511,5,47,464
01_005_008,1181,678,0,677,-1,7,670
01_005_009,978,621,0,620,-1,7,613
01_005_010,1212,749,0,749,0,10,739
01_005_011,1165,718,0,716,-2,7,709
01_005_012,975,644,0,644,0,7,637
01_005_013,949,635,0,635,0,2,633
01_005_014,1168,782,0,782,0,4,778
01_005_015,1080,678,0,678,0,9,669
01_005_016,1075,689,0,690,1,23,667
01_005_017,325,284,1,283,-1,2,281
01_006_001,712,383,0,383,0,3,380
01_006_002,595,327,0,327,0,3,324
01_006_003,633,349,0,349,0,2,347
01_006_004,711,410,0,410,0,2,408
01_006_005,728,425,0,425,0,3,422
01_006_006,632,333,0,333,0,4,329
01_006_007,654,342,0,342,0,4,338
01_006_008,581,308,0,307,-1,1,306
01_006_009,645,356,1,353,-3,3,350
01_006_010,638,352,0,350,-2,1,349
01_006_011,656,407,2,410,3,26,384
01_006_012,765,453,0,453,0,7,446
01_006_013,716,403,0,406,3,29,377
01_006_014,870,473,0,473,0,3,470
01_006_015,854,521,0,519,-2,3,516
01_006_016,795,440,0,440,0,2,438
01_006_017,853,487,0,487,0,3,484
01_006_018,915,547,0,547,0,4,543
01_006_019,910,522,0,523,1,12,511
01_006_020,747,459,2,457,-2,3,454
01_006_021,950,596,0,594,-2,7,587
01_006_022,810,452,0,452,0,5,447
01_006_023,952,613,0,609,-4,6,603
01_006_024,873,535,0,529,-6,3,526
01_006_025,600,349,0,349,0,3,346
01_006_026,1038,671,0,672,1,15,657
01_006_027,844,515,0,515,0,4,511
01_006_028,789,479,0,479,0,3,476
01_006_029,892,583,0,582,-1,2,580
01_006_030,770,511,0,511,0,8,503
01_007_001,888,508,0,507,-1,10,497
01_007_002,1042,586,1,586,0,9,577
01_007_003,952,490,0,489,-1,2,487
01_007_004,422,216,0,216,0,0,216
01_007_005,989,366,2,366,0,5,361
01_007_006,849,496,0,495,-1,6,489
01_007_007,1003,453,0,453,0,4,449
01_007_008,543,267,0,266,-1,11,255
01_007_009,624,327,0,328,1,11,317
01_007_010,902,471,0,471,0,4,467
01_007_011,940,550,0,549,-1,1,548
01_007_012,656,369,1,369,0,4,365
01_007_013,906,531,0,531,0,11,520
01_007_014,842,466,0,466,0,5,461
01_007_015,1042,658,0,657,-1,5,652
01_007_016,750,381,0,380,-1,1,379
01_007_017,737,428,0,428,0,6,422
01_007_018,972,528,0,528,0,2,526
01_007_019,760,450,0,450,0,2,448
01_007_020,753,436,0,435,-1,0,435
01_007_021,941,576,0,579,3,34,545
01_007_022,924,540,0,536,-4,3,533
01_007_023,765,399,0,398,-1,4,394
01_007_024,876,515,0,514,-1,7,507
01_007_025,874,511,0,510,-1,3,507
01_007_026,837,534,0,533,-1,6,527
01_007_027,800,494,0,493,-1,5,488
01_007_028,1084,567,0,569,2,31,538
01_007_029,1046,515,0,514,-1,5,509
01_007_030,1102,605,1,603,-2,6,597
01_007_031,857,506,1,506,0,2,504
01_007_032,1068,596,1,594,-2,3,591
01_007_033,907,518,0,516,-2,3,513
01_007_034,709,401,0,400,-1,4,396
01_007_035,992,555,0,554,-1,10,544
01_007_036,852,461,0,461,0,2,459
01_007_037,935,488,0,488,0,3,485
01_007_038,819,438,0,436,-2,3,433
01_007_039,448,386,0,384,-2,1,383
01_008_001,787,490,0,490,0,2,488
01_008_002,918,556,1,556,0,3,553
01_008_003,908,602,0,601,-1,1,600
01_008_004,619,385,0,385,0,0,385
01_008_005,685,416,0,413,-3,1,412
01_008_006,594,361,0,361,0,3,358
01_008_007,859,518,1,518,0,4,514
01_008_008,1865,859,1,845,-14,0,845
01_008_009,800,526,0,525,-1,6,519
01_008_010,977,618,0,600,-18,2,598
01_008_011,952,546,1,544,-2,5,539
01_008_012,986,596,0,596,0,3,593
01_008_013,862,490,0,488,-2,8,480
01_008_014,642,357,0,357,0,2,355
01_008_015,865,514,0,512,-2,4,508
01_008_016,1143,696,0,695,-1,7,688
01_008_017,923,456,0,456,0,3,453
01_008_018,1058,592,0,592,0,8,584
01_008_019,1191,645,1,645,0,6,639
01_008_020,1175,471,0,461,-10,2,459
01_008_021,1080,586,0,586,0,4,582
01_008_022,1174,616,0,614,-2,7,607
01_008_023,727,393,0,398,5,48,350
01_008_024,737,399,0,397,-2,4,393
01_008_025,802,407,0,408,1,12,396
01_008_026,626,326,0,325,-1,1,324
01_008_027,934,495,0,499,4,40,459
01_008_028,981,436,0,435,-1,10,425
01_008_029,1108,164,0,162,-2,3,159
01_008_030,1344,649,0,643,-6,13,630
01_008_031,1283,739,0,738,-1,6,732
01_008_032,665,343,0,343,0,1,342
01_008_033,671,436,0,436,0,3,433
01_008_034,1261,675,0,675,0,8,667
01_008_035,693,409,0,407,-2,4,403
01_008_036,921,540,0,540,0,6,534
01_008_037,1154,602,0,602,0,7,595
01_008_038,1179,578,0,577,-1,11,566
01_008_039,760,306,0,304,-2,9,295
01_008_040,852,429,0,429,0,3,426
01_008_041,1291,670,0,669,-1,10,659
01_008_042,1336,650,0,647,-3,9,638
01_008_043,1361,747,0,747,0,6,741
01_008_044,1001,460,0,460,0,13,447
01_008_045,1288,640,0,638,-2,13,625
01_008_046,995,537,0,536,-1,6,530
01_008_047,655,469,0,469,0,4,465
01_008_048,1120,658,0,656,-2,5,651
01_008_049,1052,672,0,671,-1,4,667
01_008_050,1153,709,0,707,-2,6,701
01_008_051,613,445,0,436,-9,3,433
01_009_001,664,405,0,405,0,1,404
01_009_002,668,415,0,415,0,12,403
01_009_003,776,520,0,520,0,9,511
01_009_004,697,433,0,433,0,3,430
01_009_005,686,413,0,413,0,1,412
01_009_006,670,414,0,414,0,6,408
01_009_007,795,529,0,528,-1,2,526
01_009_008,798,479,0,479,0,2,477
01_009_009,935,423,0,422,-1,2,420
01_009_010,684,428,0,427,-1,4,423
01_009_011,891,595,0,593,-2,3,590
01_009_012,716,491,0,491,0,5,486
01_009_013,749,499,0,500,1,16,484
01_009_014,830,568,0,568,0,1,567
01_009_015,890,536,0,535,-1,3,532
01_009_016,783,530,0,530,0,8,522
01_009_017,891,602,0,601,-1,6,595
01_009_018,869,440,0,439,-1,3,436
01_009_019,927,546,0,546,0,2,544
01_009_020,816,457,0,457,0,7,450
01_009_021,882,478,0,477,-1,3,474
01_009_022,727,461,0,460,-1,5,455
01_009_023,944,577,0,577,0,7,570
01_009_024,797,413,0,413,0,4,409
01_009_025,863,524,0,525,1,11,514
01_009_026,954,644,0,643,-1,7,636
01_009_027,820,419,0,417,-2,4,413
01_009_028,937,550,0,550,0,3,547
01_009_029,880,450,0,449,-1,5,444
01_009_030,819,430,0,430,0,3,427
01_009_031,805,490,1,488,-2,2,486
01_009_032,1016,657,0,657,0,8,649
01_009_033,939,562,0,562,0,9,553
01_009_034,789,533,0,524,-9,3,521
01_009_035,623,205,0,205,0,7,198
01_009_036,1052,457,0,457,0,5,452
01_009_037,1083,386,0,385,-1,2,383
01_009_038,742,497,0,497,0,3,494
01_009_039,715,443,0,443,0,5,438
01_009_040,728,509,0,509,0,4,505
01_009_041,748,461,0,461,0,4,457
01_009_042,691,452,0,451,-1,5,446
01_009_043,895,547,0,549,2,27,522
01_009_044,750,499,0,499,0,7,492
01_009_045,699,467,0,468,1,14,454
01_009_046,694,447,0,447,0,9,438
01_009_047,718,470,0,470,0,4,466
01_009_048,779,501,0,501,0,3,498
01_009_049,763,499,0,498,-1,5,493
01_009_050,743,655,0,655,0,2,653
01_010_001,774,439,0,439,0,2,437
01_010_002,697,378,0,386,8,64,322
01_010_003,692,324,0,324,0,7,317
01_010_004,698,285,0,284,-1,1,283
01_010_005,745,439,0,440,1,15,425
01_010_006,714,368,0,368,0,1,367
01_010_007,768,413,0,413,0,0,413
01_010_008,915,645,0,645,0,0,645
01_010_009,732,428,0,428,0,4,424
01_010_010,729,444,0,444,0,4,440
01_010_011,844,507,0,507,0,1,506
01_010_012,737,439,0,438,-1,6,432
01_010_013,751,415,0,414,-1,4,410
01_010_014,693,432,0,432,0,0,432
01_010_015,703,422,0,422,0,4,418
01_010_016,748,370,0,370,0,6,364
01_010_017,682,382,0,382,0,4,378
01_010_018,721,349,0,349,0,6,343
01_010_019,715,389,0,389,0,6,383
01_010_020,703,413,0,413,0,1,412
01_010_021,720,456,0,459,3,40,419
01_010_022,769,416,0,416,0,3,413
01_010_023,669,417,0,417,0,1,416
01_010_024,663,358,0,357,-1,1,356
01_010_025,834,449,0,449,0,4,445
01_010_026,823,470,0,470,0,4,466
01_010_027,796,464,0,464,0,2,462
01_010_028,833,521,0,522,1,16,506
01_010_029,906,661,0,661,0,3,658
01_010_030,698,337,0,337,0,5,332
01_010_031,698,342,0,342,0,5,337
01_010_032,1097,310,0,310,0,3,307
01_010_033,715,423,0,423,0,4,419
01_010_034,704,367,0,367,0,4,363
01_010_035,712,445,0,443,-2,7,436
01_010_036,621,376,6,366,-10,4,362
01_010_037,681,363,0,363,0,0,363
01_010_038,707,440,0,438,-2,4,434
01_010_039,751,441,0,441,0,3,438
01_010_040,706,420,0,420,0,3,417
01_010_041,671,460,1,460,0,4,456
01_010_042,684,389,0,388,-1,3,385
01_010_043,641,355,0,354,-1,4,350
01_010_044,653,309,0,309,0,5,304
01_010_045,693,384,0,383,-1,2,381
01_010_046,703,436,0,437,1,16,421
01_010_047,810,532,0,532,0,6,526
01_010_048,842,376,0,376,0,5,371
01_010_049,872,552,0,552,0,6,546
01_010_050,892,453,0,453,0,2,451
01_010_051,880,467,0,468,1,15,453
01_010_052,779,453,0,453,0,7,446
01_010_053,841,523,0,520,-3,9,511
01_010_054,849,493,0,491,-2,6,485
01_010_055,811,491,0,494,3,27,467
01_010_056,897,546,0,544,-2,5,539
01_010_057,860,512,0,512,0,8,504
01_010_058,895,522,0,518,-4,7,511
01_010_059,848,459,0,459,0,4,455
01_010_060,871,510,0,509,-1,3,506
01_010_061,834,425,1,423,-2,4,419
01_010_062,869,471,0,471,0,3,468
01_010_063,846,511,0,506,-5,6,500
01_010_064,861,442,0,441,-1,3,438
01_010_065,842,461,0,461,0,2,459
01_010_066,769,390,0,390,0,6,384
01_010_067,657,441,0,441,0,1,440
01_010_068,654,436,0,435,-1,1,434
01_010_069,634,531,0,531,0,11,520
01_011_001,1026,718,0,719,1,16,703
01_011_002,1038,748,0,748,0,7,741
01_011_003,998,668,0,667,-1,5,662
01_011_004,933,635,0,633,-2,1,632
01_011_005,1006,676,0,675,-1,8,667
01_011_006,1304,745,0,749,4,40,709
01_011_007,917,649,0,649,0,2,647
01_011_008,915,626,0,626,0,3,623
01_011_009,971,664,0,664,0,3,661
01_011_010,931,627,0,626,-1,1,625
01_011_011,899,554,0,552,-2,2,550
01_011_012,948,686,0,686,0,6,680
01_011_013,1034,696,0,695,-1,9,686
01_011_014,1086,760,0,759,-1,3,756
01_011_015,1006,664,0,664,0,7,657
01_011_016,969,682,0,682,0,1,681
01_011_017,939,645,0,636,-9,4,632
01_011_018,1119,807,0,807,0,1,806
01_011_019,1038,730,0,725,-5,7,718
01_011_020,853,657,0,657,0,1,656
01_011_021,905,667,0,666,-1,1,665
01_011_022,1015,777,0,777,0,1,776
01_011_023,979,682,0,672,-10,4,668
01_011_024,871,566,0,568,2,21,547
01_011_025,894,634,0,633,-1,0,633
01_011_026,819,591,0,589,-2,3,586
01_011_027,1132,796,0,793,-3,2,791
01_011_028,1102,773,0,773,0,1,772
01_011_029,1062,725,0,724,-1,3,721
01_011_030,1097,760,0,760,0,1,759
01_011_031,928,721,0,722,1,15,707
01_011_032,836,620,0,620,0,5,615
01_011_033,995,761,0,760,-1,6,754
01_011_034,951,743,0,742,-1,4,738
01_011_035,916,691,0,691,0,2,689
01_011_036,1008,693,0,692,-1,2,690
01_011_037,929,708,0,708,0,1,707
01_011_038,887,703,0,704,1,13,691
01_011_039,954,719,0,719,0,5,714
01_011_040,855,672,0,672,0,1,671
01_011_041,852,682,0,679,-3,8,671
01_011_042,924,735,0,730,-5,4,726
01_011_043,1003,765,0,765,0,0,765
01_011_044,923,651,0,649,-2,2,647
01_011_045,1025,713,0,712,-1,3,709
01_011_046,1000,638,0,637,-1,4,633
01_011_047,958,712,0,704,-8,6,698
01_011_048,1000,680,0,680,0,5,675
01_011_049,978,712,0,706,-6,7,699
01_011_050,944,692,0,692,0,5,687
01_011_051,946,739,0,739,0,2,737
01_011_052,986,672,0,672,0,3,669
01_011_053,901,653,0,653,0,2,651
01_011_054,1048,767,0,767,0,3,764
01_011_055,895,655,0,656,1,17,639
01_011_056,1050,701,0,699,-2,9,690
01_011_057,874,592,0,591,-1,6,585
01_011_058,1070,712,1,712,0,3,709
01_011_059,986,673,0,673,0,4,669
01_011_060,1115,722,0,721,-1,2,719
01_011_061,915,572,0,572,0,4,568
01_011_062,1027,710,0,709,-1,5,704
01_011_063,1063,676,0,674,-2,12,662
01_011_064,1088,769,0,771,2,28,743
01_011_065,1086,764,0,762,-2,5,757
01_011_066,1098,696,0,696,0,8,688
01_011_067,968,641,0,641,0,0,641
01_011_068,1056,705,0,705,0,4,701
01_011_069,667,403,0,403,0,1,402
01_011_070,1000,705,0,705,0,1,704
01_011_071,984,644,0,644,0,3,641
01_011_072,988,711,0,711,0,6,705
01_011_073,818,534,0,533,-1,5,528
01_011_074,923,487,0,487,0,0,487
01_011_075,850,613,0,614,1,12,602
01_011_076,1140,757,0,756,-1,6,750
01_011_077,1041,692,0,690,-2,8,682
01_011_078,1030,646,0,644,-2,3,641
01_011_079,995,747,0,744,-3,1,743
01_011_080,1072,712,0,711,-1,3,708
01_011_081,999,740,0,740,0,3,737
01_011_082,993,651,0,651,0,5,646
01_011_083,1058,716,0,716,0,5,711
01_011_084,1097,762,0,760,-2,8,752
01_011_085,969,629,0,627,-2,3,624
01_011_086,1001,658,0,657,-1,0,657
01_011_087,1031,669,0,668,-1,2,666
01_011_088,992,737,0,736,-1,2,734
01_011_089,992,619,0,616,-3,5,611
01_011_090,1128,743,0,743,0,3,740
01_011_091,1064,663,0,663,0,7,656
01_011_092,1023,696,0,695,-1,5,690
01_011_093,980,650,0,650,0,5,645
01_011_094,1110,698,0,700,2,24,676
01_011_095,687,437,0,438,1,12,426
01_011_096,1110,729,0,712,-17,6,706
01_011_097,852,593,0,596,3,35,561
01_011_098,800,593,0,594,1,15,579
01_011_099,845,645,0,640,-5,1,639
01_011_100,970,704,0,700,-4,7,693
01_011_101,871,622,0,621,-1,5,616
01_011_102,888,689,0,689,0,3,686
01_011_103,843,624,0,624,0,1,623
01_011_104,590,296,0,294,-2,13,281
01_011_105,846,454,0,455,1,15,440
01_011_106,980,791,0,791,0,2,789
01_012_001,656,453,0,453,0,2,451
01_012_002,678,442,1,439,-3,6,433
01_012_003,894,590,0,590,0,6,584
01_012_004,713,532,0,531,-1,2,529
01_012_005,588,381,0,378,-3,2,376
01_012_006,488,335,1,335,0,4,331
01_012_007,774,533,0,533,0,4,529
01_012_008,488,305,2,301,-4,1,300
01_012_009,790,588,0,588,0,6,582
01_012_010,945,697,0,697,0,4,693
01_012_011,748,564,1,563,-1,1,562
01_012_012,910,670,0,669,-1,7,662
01_012_013,591,436,1,436,0,6,430
01_012_014,639,423,0,424,1,13,411
01_012_015,673,505,0,505,0,2,503
01_012_016,678,522,0,521,-1,2,519
01_012_017,906,613,0,613,0,7,606
01_012_018,955,685,0,683,-2,8,675
01_012_019,597,441,0,443,2,24,419
01_012_020,753,572,0,572,0,1,571
01_012_021,713,495,0,496,1,11,485
01_012_022,491,355,0,355,0,1,354
01_012_023,987,774,0,774,0,5,769
01_012_024,659,505,0,506,1,13,493
01_012_025,829,609,0,607,-2,5,602
01_012_026,680,526,0,526,0,2,524
01_012_027,686,538,0,538,0,2,536
01_012_028,976,675,0,675,0,5,670
01_012_029,678,516,1,517,1,14,503
01_012_030,934,693,0,691,-2,5,686
01_012_031,645,457,0,458,1,13,445
01_012_032,813,563,0,564,1,18,546
01_012_033,931,618,0,618,0,7,611
01_012_034,896,645,0,645,0,3,642
01_012_035,806,626,0,625,-1,5,620
01_012_036,649,465,0,465,0,5,460
01_012_037,731,561,1,560,-1,2,558
01_012_038,918,706,0,704,-2,2,702
01_012_039,1004,752,1,750,-2,7,743
01_012_040,728,571,0,569,-2,7,562
01_012_041,569,415,0,415,0,11,404
01_012_042,842,652,0,654,2,25,629
01_012_043,894,650,0,646,-4,2,644
01_012_044,1026,746,0,746,0,6,740
01_012_045,685,467,0,467,0,3,464
01_012_046,950,697,0,698,1,19,679
01_012_047,1069,794,0,793,-1,2,791
01_012_048,794,541,0,541,0,1,540
01_012_049,852,594,0,595,1,12,583
01_012_050,785,589,0,589,0,5,584
01_012_051,571,412,0,413,1,13,400
01_012_052,932,676,0,675,-1,1,674
01_012_053,837,606,0,606,0,3,603
01_012_054,690,492,0,492,0,3,489
01_012_055,683,497,3,494,-3,3,491
01_013_001,1006,553,0,541,-12,8,533
01_013_002,882,528,0,528,0,6,522
01_013_003,898,589,0,588,-1,4,584
01_013_004,866,578,0,576,-2,6,570
01_013_005,882,627,0,626,-1,5,621
01_013_006,1090,709,0,703,-6,2,701
01_013_007,943,592,0,592,0,7,585
01_013_008,1012,621,0,622,1,13,609
01_013_009,1082,712,0,712,0,5,707
01_013_010,982,680,0,678,-2,3,675
01_013_011,717,519,0,519,0,2,517
01_013_012,865,572,0,572,0,5,567
01_013_013,945,624,0,625,1,15,610
01_013_014,974,661,0,661,0,7,654
01_013_015,1057,705,0,705,0,5,700
01_013_016,824,577,0,577,0,5,572
01_013_017,1022,725,0,722,-3,4,718
01_013_018,1063,708,0,708,0,5,703
01_013_019,1073,713,0,713,0,6,707
01_013_020,1140,700,0,700,0,8,692
01_013_021,1122,768,0,767,-1,2,765
01_013_022,1118,699,0,698,-1,2,696
01_013_023,1197,787,0,787,0,10,777
01_013_024,1104,698,0,697,-1,7,690
01_013_025,920,609,0,607,-2,3,604
01_013_026,1034,579,0,575,-4,4,571
01_013_027,1218,668,0,671,3,34,637
01_013_028,887,600,0,599,-1,8,591
01_013_029,989,681,0,682,1,14,668
01_013_030,936,639,0,639,0,6,633
01_013_031,892,632,0,634,2,28,606
01_013_032,940,629,0,628,-1,12,616
01_013_033,958,552,0,551,-1,2,549
01_013_034,658,467,1,467,0,4,463
01_013_035,1058,674,0,672,-2,8,664
01_013_036,1065,627,0,627,0,10,617
01_013_037,1329,886,0,883,-3,11,872
01_013_038,996,619,0,619,0,6,613
01_013_039,1361,933,0,914,-19,10,904
01_013_040,886,249,0,243,-6,5,238
01_013_041,890,500,0,500,0,2,498
01_013_042,1049,631,0,630,-1,6,624
01_013_043,825,422,0,422,0,2,420
01_013_044,930,605,0,606,1,18,588
01_013_045,1055,509,0,510,1,24,486
01_013_046,889,394,0,395,1,15,380
01_013_047,1100,680,1,679,-1,1,678
01_013_048,1224,721,0,721,0,7,714
01_013_049,1188,698,0,698,0,6,692
01_013_050,1027,665,0,663,-2,8,655
01_013_051,1038,700,0,709,9,93,616
01_013_052,953,493,0,492,-1,6,486
01_013_053,1227,810,0,810,0,7,803
01_013_054,857,572,0,572,0,8,564
01_013_055,818,502,0,502,0,5,497
01_013_056,727,471,0,471,0,6,465
01_013_057,1256,872,0,872,0,6,866
01_013_058,1244,717,0,710,-7,19,691
01_013_059,1211,776,0,776,0,10,766
01_013_060,976,674,1,673,-1,5,668
01_013_061,897,550,0,550,0,7,543
01_013_062,1116,475,0,461,-14,6,455
01_013_063,1392,919,0,919,0,6,913
01_013_064,1140,688,3,685,-3,4,681
01_013_065,963,633,0,632,-1,10,622
01_013_066,841,574,0,573,-1,5,568
01_013_067,1100,753,0,753,0,6,747
01_013_068,1229,847,0,847,0,8,839
01_013_069,1050,746,0,746,0,4,742
01_013_070,1123,737,0,738,1,14,724
01_013_071,1113,634,0,634,0,8,626
01_013_072,733,439,0,439,0,6,433
01_013_073,1142,693,0,692,-1,7,685
01_013_074,1025,589,0,590,1,16,574
01_013_075,939,625,0,623,-2,4,619
01_013_076,1402,678,0,678,0,7,671
01_013_077,1163,810,0,812,2,29,783
01_013_078,848,540,0,540,0,9,531
01_013_079,1164,806,0,806,0,9,797
01_013_080,1174,745,0,743,-2,6,737
01_013_081,1142,757,0,755,-2,12,743
01_013_082,1254,805,0,805,0,10,795
01_013_083,1310,874,0,874,0,9,865
01_013_084,1213,729,0,725,-4,5,720
01_013_085,1045,613,0,613,0,2,611
01_013_086,701,400,0,399,-1,6,393
01_013_087,786,520,0,524,4,40,484
01_013_088,1063,910,0,910,0,1,909
01_014_001,1173,560,3,557,-3,7,550
01_014_002,1062,728,1,716,-12,4,712
01_014_003,1193,851,0,850,-1,3,847
01_014_004,878,552,0,551,-1,1,550
01_014_005,999,665,0,665,0,7,658
01_014_006,1151,710,0,707,-3,3,704
01_014_007,1307,847,0,842,-5,3,839
01_014_008,1326,948,0,948,0,4,944
01_014_009,1305,958,0,951,-7,3,948
01_014_010,1324,931,0,934,3,35,899
01_014_011,1023,720,0,720,0,6,714
01_014_012,1166,722,2,722,0,9,713
01_014_013,1247,826,0,829,3,34,795
01_014_014,1197,797,0,797,0,7,790
01_014_015,1302,839,0,839,0,6,833
01_014_016,1227,765,0,765,0,6,759
01_014_017,1232,842,0,842,0,7,835
01_014_018,1251,856,0,856,0,6,850
01_014_019,1285,850,0,850,0,7,843
01_014_020,1272,851,0,851,0,7,844
01_014_021,1131,767,0,767,0,3,764
01_014_022,1395,641,0,640,-1,5,635
01_014_023,1269,712,0,712,0,8,704
01_014_024,1257,590,0,590,0,5,585
01_014_025,1316,777,0,773,-4,3,770
01_014_026,1343,879,0,878,-1,8,870
01_014_027,1298,852,1,851,-1,8,843
01_014_028,1285,903,0,902,-1,4,898
01_014_029,1353,863,0,863,0,4,859
01_014_030,1082,615,0,614,-1,6,608
01_014_031,1017,721,0,721,0,3,718
01_014_032,1286,889,0,889,0,2,887
01_014_033,1175,829,0,827,-2,5,822
01_014_034,1100,775,3,777,2,34,743
01_014_035,1280,903,0,903,0,10,893
01_014_036,1299,904,0,903,-1,11,892
01_014_037,1285,903,0,905,2,31,874
01_014_038,1246,849,0,849,0,7,842
01_014_039,1234,839,0,839,0,3,836
01_014_040,1150,863,0,863,0,4,859
01_014_041,1187,829,0,834,5,47,787
01_014_042,1141,719,0,718,-1,2,716
01_014_043,1001,622,0,622,0,4,618
01_014_044,927,540,0,539,-1,2,537
01_014_045,1129,660,0,659,-1,6,653
01_014_046,943,560,0,560,0,5,555
01_014_047,947,529,0,529,0,9,520
01_014_048,1167,808,0,805,-3,4,801
01_014_049,1148,802,1,802,0,7,795
01_014_050,1310,884,0,883,-1,3,880
01_014_051,1231,654,1,654,0,5,649
01_014_052,1301,785,0,785,0,2,783
01_014_053,1359,881,1,881,0,4,877
01_014_054,1323,872,0,869,-3,6,863
01_014_055,1311,621,0,621,0,4,617
01_014_056,1372,886,0,885,-1,7,878
01_014_057,1263,755,0,736,-19,3,733
01_014_058,1058,625,0,624,-1,4,620
01_014_059,997,671,0,669,-2,6,663
01_014_060,1024,658,0,657,-1,12,645
01_014_061,1082,712,0,710,-2,1,709
01_014_062,1046,655,0,655,0,5,650
01_014_063,1091,653,0,652,-1,24,628
01_014_064,1113,687,0,688,1,14,674
01_014_065,1074,672,0,672,0,5,667
01_014_066,977,594,0,594,0,5,589
01_014_067,1176,702,0,702,0,5,697
01_014_068,1017,610,0,611,1,14,597
01_014_069,1175,727,0,726,-1,11,715
01_014_070,1088,671,0,671,0,2,669
01_014_071,991,579,0,578,-1,4,574
01_014_072,1021,590,0,589,-1,5,584
01_014_073,1133,745,0,744,-1,5,739
01_014_074,1046,592,0,591,-1,5,586
01_014_075,1200,809,0,809,0,2,807
01_014_076,845,697,0,697,0,0,697
01_015_001,962,672,0,672,0,8,664
01_015_002,836,600,0,599,-1,5,594
01_015_003,1079,722,0,722,0,4,718
01_015_004,941,601,0,601,0,2,599
01_015_005,978,670,0,670,0,3,667
01_015_006,1029,663,0,663,0,4,659
01_015_007,939,603,0,603,0,2,601
01_015_008,999,635,0,635,0,3,632
01_015_009,868,513,0,513,0,3,510
01_015_010,933,569,0,569,0,1,568
01_015_011,1007,650,0,649,-1,5,644
01_015_012,826,530,0,530,0,2,528
01_015_013,941,575,0,575,0,5,570
01_015_014,1152,717,0,717,0,10,707
01_015_015,1055,671,0,671,0,3,668
01_015_016,1009,578,0,578,0,4,574
01_015_017,1104,649,0,649,0,7,642
01_015_018,994,581,0,580,-1,5,575
01_015_019,985,554,0,554,0,6,548
01_015_020,937,572,0,572,0,3,569
01_015_021,1077,673,0,671,-2,6,665
01_015_022,968,625,0,625,0,5,620
01_015_023,881,573,0,574,1,18,556
01_015_024,913,570,0,570,0,5,565
01_015_025,1020,618,0,621,3,36,585
01_015_026,1102,730,0,730,0,8,722
01_015_027,1014,603,0,601,-2,5,596
01_015_028,967,616,0,616,0,7,609
01_015_029,1029,696,0,694,-2,1,693
01_015_030,936,592,0,592,0,3,589
01_015_031,966,661,0,664,3,33,631
01_015_032,1090,683,0,683,0,4,679
01_015_033,1042,589,0,589,0,3,586
01_015_034,834,539,0,539,0,2,537
01_015_035,1061,670,0,668,-2,8,660
01_015_036,1027,588,0,588,0,3,585
01_015_037,920,597,0,597,0,17,580
01_015_038,1001,572,0,572,0,7,565
01_015_039,926,530,0,530,0,6,524
01_015_040,1016,593,0,592,-1,4,588
01_015_041,968,549,0,546,-3,4,542
01_015_042,922,486,0,486,0,5,481
01_015_043,1003,507,0,507,0,6,501
01_015_044,1030,612,0,611,-1,3,608
01_015_045,1184,654,0,654,0,8,646
01_015_046,986,494,0,494,0,5,489
01_015_047,1013,579,0,578,-1,5,573
01_015_048,1032,522,0,521,-1,3,518
01_015_049,995,587,0,587,0,8,579
01_015_050,1023,537,0,535,-2,5,530
01_015_051,943,546,0,546,0,9,537
01_015_052,1023,566,0,566,0,7,559
01_015_053,935,488,0,488,0,3,485
01_015_054,1016,601,0,599,-2,2,597
01_015_055,1059,625,0,622,-3,6,616
01_015_056,1032,426,0,426,0,2,424
01_015_057,913,569,0,569,0,6,563
01_015_058,1065,597,0,596,-1,5,591
01_015_059,1030,588,0,590,2,24,566
01_015_060,1089,577,0,577,0,6,571
01_016_001,1030,745,0,744,-1,8,736
01_016_002,958,664,0,663,-1,4,659
01_016_003,965,653,0,653,0,4,649
01_016_004,919,621,0,620,-1,5,615
01_016_005,862,621,0,618,-3,5,613
01_016_006,829,565,0,566,1,18,548
01_016_007,825,550,1,550,0,8,542
01_016_008,819,550,0,548,-2,6,542
01_016_009,996,681,0,681,0,0,681
01_016_010,758,523,0,524,1,17,507
01_016_011,1063,748,0,750,2,27,723
01_016_012,985,689,0,690,1,16,674
01_016_013,1092,754,0,754,0,5,749
01_016_014,972,699,0,699,0,5,694
01_016_015,1050,773,0,772,-1,3,769
01_016_016,794,555,0,543,-12,1,542
01_016_017,877,539,1,537,-2,7,530
01_016_018,792,541,0,540,-1,4,536
01_016_019,691,444,0,445,1,17,428
01_016_020,727,523,1,524,1,16,508
01_016_021,769,511,0,511,0,6,505
01_016_022,812,618,0,615,-3,4,611
01_016_023,878,606,0,606,0,5,601
01_016_024,766,502,0,502,0,5,497
01_016_025,787,540,0,539,-1,9,530
01_016_026,1027,703,0,703,0,6,697
01_016_027,1000,728,0,730,2,23,707
01_016_028,775,528,0,528,0,6,522
01_016_029,729,508,0,507,-1,5,502
01_016_030,905,602,0,602,0,6,596
01_016_031,823,569,0,568,-1,0,568
01_016_032,1050,747,0,747,0,6,741
01_016_033,1138,812,0,809,-3,10,799
01_016_034,1270,901,0,902,1,20,882
01_016_035,1077,757,0,756,-1,8,748
01_016_036,858,647,0,649,2,29,620
01_016_037,748,526,0,526,0,3,523
01_016_038,938,702,0,702,0,10,692
01_016_039,802,541,0,541,0,5,536
01_016_040,980,706,0,707,1,13,694
01_016_041,738,489,0,489,0,3,486
01_016_042,909,633,0,632,-1,9,623
01_016_043,987,756,0,756,0,4,752
01_016_044,705,505,1,504,-1,9,495
01_016_045,987,772,0,772,0,4,768
01_016_046,706,445,0,445,0,2,443
01_016_047,800,520,0,520,0,4,516
01_016_048,937,659,0,661,2,25,636
01_016_049,924,700,0,700,0,10,690
01_016_050,769,535,0,535,0,1,534
01_016_051,988,683,1,673,-10,8,665
01_016_052,930,706,0,706,0,10,696
01_016_053,778,566,0,566,0,5,561
01_016_054,935,673,0,673,0,3,670
01_016_055,958,703,0,704,1,15,689
01_016_056,845,582,1,582,0,8,574
01_016_057,880,570,0,571,1,13,558
01_016_058,789,532,1,532,0,2,530
01_016_059,892,619,0,615,-4,3,612
01_016_060,1123,750,0,750,0,5,745
01_016_061,772,585,0,585,0,3,582
01_016_062,180,155,0,155,0,0,155
01_016_063,942,675,0,675,0,7,668
01_017_001,829,598,0,600,2,29,571
01_017_002,833,608,0,607,-1,3,604
01_017_003,896,584,0,584,0,8,576
01_017_004,846,552,0,552,0,11,541
01_017_005,768,575,0,575,0,2,573
01_017_006,816,622,0,622,0,6,616
01_017_007,870,543,0,543,0,2,541
01_017_008,1031,593,0,591,-2,6,585
01_017_009,913,449,0,448,-1,3,445
01_017_010,747,390,0,389,-1,2,387
01_017_011,969,542,0,530,-12,6,524
01_017_012,835,490,0,489,-1,4,485
01_017_013,838,440,0,440,0,4,436
01_017_014,905,500,0,500,0,0,500
01_017_015,789,461,0,461,0,9,452
01_017_016,422,167,1,167,0,11,156
01_017_017,824,463,0,462,-1,3,459
01_017_018,758,456,0,456,0,2,454
01_017_019,927,529,1,529,0,3,526
01_017_020,747,413,0,414,1,17,397
01_017_021,963,444,0,443,-1,2,441
01_017_022,1004,593,0,593,0,5,588
01_017_023,609,334,0,334,0,1,333
01_017_024,995,680,0,680,0,3,677
01_017_025,1106,767,0,765,-2,1,764
01_017_026,820,615,0,615,0,2,613
01_017_027,640,462,0,461,-1,2,459
01_017_028,700,495,0,494,-1,1,493
01_017_029,1015,625,0,625,0,6,619
01_017_030,990,673,0,673,0,6,667
01_017_031,760,536,0,536,0,2,534
01_017_032,853,535,0,535,0,10,525
01_017_033,883,590,0,590,0,1,589
01_017_034,889,542,0,542,0,0,542
01_017_035,1080,591,0,591,0,8,583
01_017_036,1001,585,0,584,-1,7,577
01_017_037,1030,639,0,639,0,5,634
01_017_038,1075,693,0,693,0,2,691
01_017_039,1004,704,0,703,-1,2,701
01_017_040,1140,736,0,730,-6,4,726
01_017_041,1074,674,0,673,-1,6,667
01_017_042,1113,756,0,756,0,0,756
01_017_043,984,655,0,655,0,6,649
01_017_044,746,463,0,463,0,3,460
01_017_045,819,519,0,519,0,6,513
01_017_046,1071,723,0,719,-4,6,713
01_017_047,1078,759,0,762,3,36,726
01_017_048,880,598,0,597,-1,1,596
01_017_049,919,620,0,619,-1,4,615
01_017_050,825,537,0,537,0,3,534
01_017_051,1240,845,1,845,0,2,843
01_017_052,975,686,0,679,-7,3,676
01_017_053,874,631,0,629,-2,4,625
01_017_054,759,503,0,501,-2,2,499
01_017_055,920,611,0,609,-2,0,609
01_017_056,1018,671,0,668,-3,3,665
01_017_057,813,523,0,522,-1,5,517
01_017_058,929,583,0,584,1,13,571
01_017_059,1092,678,0,678,0,7,671
01_017_060,990,615,0,615,0,4,611
01_017_061,1011,591,0,588,-3,4,584
01_017_062,726,476,0,476,0,1,475
01_017_063,847,556,0,555,-1,3,552
01_017_064,989,687,0,687,0,6,681
01_017_065,908,622,0,621,-1,3,618
01_017_066,888,596,0,596,0,6,590
01_017_067,928,644,0,644,0,1,643
01_017_068,917,614,0,614,0,10,604
01_017_069,896,603,0,604,1,13,591
01_017_070,904,653,0,654,1,21,633
01_017_071,909,610,0,610,0,6,604
01_017_072,969,685,0,685,0,3,682
01_017_073,986,727,0,727,0,2,725
01_017_074,683,457,0,458,1,13,445
01_017_075,1270,880,0,880,0,7,873
01_018_001,1115,768,0,768,0,6,762
01_018_002,898,609,0,609,0,8,601
01_018_003,1092,683,0,682,-1,7,675
01_018_004,1041,712,0,711,-1,4,707
01_018_005,1378,752,0,750,-2,9,741
01_018_006,925,580,0,580,0,6,574
01_018_007,867,527,0,527,0,4,523
01_018_008,818,471,0,471,0,4,467
01_018_009,756,460,0,460,0,6,454
01_018_010,973,668,0,667,-1,9,658
01_018_011,1183,635,0,634,-1,2,632
01_018_012,817,583,0,582,-1,5,577
01_018_013,987,638,0,637,-1,3,634
01_018_014,943,647,0,647,0,4,643
01_018_015,946,636,0,637,1,16,621
01_018_016,863,570,0,570,0,2,568
01_018_017,856,583,0,583,0,3,580
01_018_018,997,677,0,677,0,2,675
01_018_019,1045,718,0,718,0,8,710
01_018_020,885,604,0,604,0,6,598
01_018_021,1044,707,0,707,0,5,702
01_018_022,848,551,0,550,-1,3,547
01_018_023,931,644,0,643,-1,4,639
01_018_024,974,557,1,556,-1,3,553
01_018_025,885,535,0,535,0,5,530
01_018_026,1101,646,0,649,3,35,614
01_018_027,1176,680,0,680,0,10,670
01_018_028,998,674,2,674,0,8,666
01_018_029,1181,597,0,597,0,7,590
01_018_030,1026,543,0,542,-1,2,540
01_018_031,1192,627,0,625,-2,4,621
01_018_032,1011,506,0,505,-1,4,501
01_018_033,985,457,0,458,1,20,438
01_018_034,820,408,0,408,0,7,401
01_018_035,948,517,0,516,-1,2,514
01_018_036,928,477,0,477,0,3,474
01_018_037,889,461,0,461,0,2,459
01_018_038,953,494,0,494,0,7,487
01_018_039,891,478,0,478,0,1,477
01_018_040,959,588,0,586,-2,9,577
01_018_041,1026,641,0,636,-5,5,631
01_018_042,1108,688,0,689,1,16,673
01_018_043,798,513,0,513,0,5,508
01_018_044,1182,811,0,806,-5,2,804
01_018_045,702,444,1,444,0,0,444
01_018_046,935,637,0,637,0,4,633
01_018_047,1027,686,0,685,-1,5,680
01_018_048,810,536,0,535,-1,2,533
01_018_049,1094,714,0,714,0,7,707
01_018_050,1033,754,0,752,-2,1,751
01_018_051,893,635,0,635,0,4,631
01_018_052,984,693,0,693,0,1,692
01_018_053,1168,854,0,854,0,5,849
01_018_054,1352,777,0,777,0,9,768
01_018_055,1090,736,0,736,0,2,734
01_018_056,1222,828,0,828,0,7,821
01_018_057,1084,780,0,778,-2,6,772
01_018_058,949,624,1,623,-1,4,619
01_018_059,1013,760,0,757,-3,1,756
01_018_060,1151,735,0,734,-1,4,730
01_018_061,1334,842,0,842,0,2,840
01_018_062,1191,776,0,776,0,5,771
01_018_063,1185,791,0,790,-1,6,784
01_018_064,948,555,0,556,1,15,541
01_018_065,1114,684,0,683,-1,5,678
01_018_066,757,461,0,461,0,1,460
01_018_067,1090,714,0,711,-3,8,703
01_018_068,951,607,0,605,-2,6,599
01_018_069,1198,767,0,767,0,7,760
01_018_070,1056,676,0,676,0,4,672
01_018_071,878,543,0,543,0,6,537
01_018_072,1118,701,3,701,0,5,696
01_018_073,1131,745,0,745,0,7,738
01_018_074,1168,733,0,733,0,6,727
01_018_075,1230,841,0,839,-2,10,829
01_018_076,956,615,0,602,-13,0,602
01_018_077,891,626,0,626,0,5,621
01_019_001,950,554,0,555,1,12,543
01_019_002,1100,608,1,607,-1,1,606
01_019_003,1115,621,0,621,0,5,616
01_019_004,1005,634,0,636,2,29,607
01_019_005,1235,740,0,739,-1,11,728
01_019_006,1123,636,0,636,0,3,633
01_019_007,1015,629,0,631,2,28,603
01_019_008,892,563,0,563,0,3,560
01_019_009,973,604,0,605,1,18,587
01_019_010,877,518,0,517,-1,5,512
01_019_011,1374,778,0,765,-13,3,762
01_019_012,1217,733,0,733,0,9,724
01_019_013,1041,622,0,622,0,9,613
01_019_014,1134,630,0,631,1,15,616
01_019_015,1063,635,1,633,-2,5,628
01_019_016,1001,637,0,637,0,8,629
01_019_017,1054,685,0,685,0,4,681
01_019_018,1358,694,0,673,-21,3,670
01_019_019,872,536,0,536,0,1,535
01_019_020,1143,647,0,647,0,7,640
01_019_021,777,441,0,442,1,13,429
01_019_022,1194,668,0,667,-1,5,662
01_019_023,876,593,0,594,1,19,575
01_019_024,932,640,0,640,0,11,629
01_019_025,855,632,0,635,3,40,595
01_019_026,1142,807,0,806,-1,7,799
01_019_027,944,659,0,659,0,6,653
01_019_028,894,638,0,636,-2,7,629
01_019_029,1036,683,0,683,0,10,673
01_019_030,1084,671,0,669,-2,7,662
01_019_031,1040,664,0,664,0,6,658
01_019_032,1148,680,0,679,-1,8,671
01_019_033,892,579,0,579,0,4,575
01_019_034,1057,648,0,648,0,8,640
01_019_035,1231,803,0,803,0,6,797
01_019_036,1064,698,0,697,-1,6,691
01_019_037,775,472,0,470,-2,9,461
01_019_038,974,624,0,623,-1,0,623
01_019_039,933,513,0,513,0,6,507
01_019_040,963,640,0,639,-1,7,632
01_019_041,945,664,1,665,1,15,650
01_019_042,1190,863,0,863,0,4,859
01_019_043,211,168,0,168,0,0,168
01_020_001,764,416,0,417,1,20,397
01_020_002,1199,859,0,859,0,2,857
01_020_003,727,396,0,396,0,4,392
01_020_004,596,295,0,295,0,1,294
01_020_005,775,436,0,436,0,4,432
01_020_006,875,505,0,504,-1,5,499
01_020_007,606,348,0,348,0,2,346
01_020_008,755,470,0,470,0,5,465
01_020_009,788,414,0,414,0,5,409
01_020_010,648,366,0,366,0,6,360
01_020_011,680,425,0,425,0,2,423
01_020_012,815,375,0,375,0,1,374
01_020_013,937,596,0,596,0,2,594
01_020_014,692,360,0,359,-1,6,353
01_020_015,706,332,0,332,0,5,327
01_020_016,895,383,0,384,1,17,367
01_020_017,901,418,0,417,-1,4,413
01_020_018,691,301,0,300,-1,8,292
01_020_019,1278,712,0,710,-2,14,696
01_020_020,1051,572,0,572,0,10,562
01_020_021,802,468,0,468,0,8,460
01_020_022,838,517,0,518,1,17,501
01_020_023,662,423,0,422,-1,6,416
01_020_024,622,370,6,364,-6,7,357
01_020_025,782,425,0,425,0,0,425
01_020_026,840,486,0,486,0,4,482
01_020_027,595,338,0,338,0,3,335
01_020_028,621,343,0,343,0,2,341
01_020_029,610,355,0,355,0,3,352
01_020_030,688,423,0,423,0,6,417
01_020_031,1015,366,0,366,0,1,365
01_020_032,591,338,0,338,0,6,332
01_020_033,622,360,0,359,-1,2,357
01_020_034,744,460,0,460,0,3,457
01_020_035,849,452,0,452,0,1,451
01_020_036,874,433,0,433,0,8,425
01_020_037,846,438,0,438,0,9,429
01_020_038,678,385,0,385,0,1,384
01_020_039,1010,595,0,596,1,19,577
01_020_040,942,583,0,581,-2,6,575
01_020_041,777,505,0,505,0,2,503
01_020_042,955,524,0,525,1,16,509
01_020_043,761,456,0,456,0,1,455
01_020_044,745,395,0,395,0,4,391
01_020_045,845,517,0,518,1,13,505
01_020_046,612,386,0,386,0,2,384
01_020_047,832,508,0,508,0,5,503
01_020_048,621,385,0,385,0,2,383
01_020_049,883,573,0,572,-1,3,569
01_020_050,1032,630,0,629,-1,5,624
01_020_051,799,535,6,519,-16,5,514
01_020_052,759,439,0,435,-4,5,430
01_020_053,655,400,0,400,0,4,396
01_020_054,822,455,0,455,0,6,449
01_020_055,604,358,0,358,0,2,356
01_020_056,918,511,0,510,-1,1,509
01_020_057,802,449,0,449,0,1,448
01_020_058,961,524,0,524,0,6,518
01_020_059,779,464,0,464,0,4,460
01_020_060,882,485,1,484,-1,6,478
01_020_061,630,327,0,327,0,2,325
01_020_062,175,141,0,141,0,0,141
01_021_001,815,586,0,586,0,10,576
01_021_002,825,574,0,573,-1,6,567
01_021_003,750,574,9,567,-7,8,559
01_021_004,751,535,0,535,0,8,527
01_021_005,860,581,0,580,-1,8,572
01_021_006,812,554,0,552,-2,7,545
01_021_007,726,490,0,488,-2,4,484
01_021_008,975,680,0,680,0,5,675
01_021_009,958,628,0,628,0,11,617
01_021_010,945,677,0,673,-4,7,666
01_021_011,717,473,0,474,1,16,458
01_021_012,774,537,0,535,-2,4,531
01_021_013,767,480,0,480,0,5,475
01_021_014,954,657,0,655,-2,6,649
01_021_015,908,667,0,665,-2,5,660
01_021_016,818,585,1,584,-1,6,578
01_021_017,954,687,0,687,0,9,678
01_021_018,890,628,0,621,-7,4,617
01_021_019,727,532,0,532,0,4,528
01_021_020,664,483,0,484,1,14,470
01_021_021,724,461,0,461,0,4,457
01_021_022,821,547,0,549,2,25,524
01_021_023,747,455,0,455,0,8,447
01_021_024,734,435,0,435,0,9,426
01_021_025,768,461,0,461,0,4,457
01_021_026,823,521,0,521,0,6,515
01_021_027,716,469,0,468,-1,4,464
01_021_028,927,543,1,543,0,4,539
01_021_029,645,348,0,348,0,7,341
01_021_030,699,369,0,369,0,8,361
01_021_031,681,387,0,386,-1,9,377
01_021_032,929,579,0,579,0,7,572
01_021_033,776,424,0,423,-1,15,408
01_021_034,697,298,0,298,0,2,296
01_021_035,709,287,0,287,0,5,282
01_021_036,772,432,0,432,0,4,428
01_021_037,788,486,0,486,0,5,481
01_021_038,969,440,0,440,0,3,437
01_021_039,641,336,0,336,0,5,331
01_021_040,882,527,0,527,0,5,522
01_021_041,754,375,0,375,0,11,364
01_021_042,930,505,0,503,-2,7,496
01_021_043,1022,606,0,606,0,3,603
01_021_044,649,389,0,387,-2,3,384
01_021_045,651,389,0,387,-2,4,383
01_021_046,629,336,0,336,0,6,330
01_021_047,664,359,0,357,-2,2,355
01_021_048,822,587,0,587,0,3,584
01_021_049,756,520,0,516,-4,4,512
01_021_050,785,502,0,502,0,7,495
01_021_051,912,623,0,622,-1,7,615
01_021_052,718,438,0,437,-1,13,424
01_021_053,772,464,0,464,0,9,455
01_021_054,761,523,1,525,2,25,500
01_021_055,808,527,0,527,0,6,521
01_021_056,749,420,0,419,-1,4,415
01_021_057,714,430,0,430,0,2,428
01_021_058,893,624,0,620,-4,5,615
01_021_059,882,600,1,598,-2,6,592
01_021_060,778,529,0,529,0,6,523
01_021_061,724,483,0,483,0,6,477
01_021_062,779,426,0,426,0,10,416
01_021_063,700,461,0,461,0,7,454
01_021_064,814,475,0,475,0,5,470
01_021_065,1097,511,0,512,1,14,498
01_021_066,839,517,0,517,0,7,510
01_021_067,876,422,0,423,1,21,402
01_021_068,938,592,0,592,0,10,582
01_021_069,721,487,0,486,-1,14,472
01_021_070,760,424,1,424,0,4,420
01_022_001,1083,817,0,815,-2,5,810
01_022_002,928,651,0,651,0,4,647
01_022_003,1264,944,0,944,0,6,938
01_022_004,1344,984,0,984,0,2,982
01_022_005,1439,1070,0,1070,0,7,1063
01_022_006,1428,1079,0,1078,-1,12,1066
01_022_007,899,564,0,559,-5,6,553
01_022_008,821,509,0,508,-1,4,504
01_022_009,766,440,0,440,0,5,435
01_022_010,824,452,0,450,-2,2,448
01_022_011,1271,810,0,810,0,2,808
01_022_012,1331,1009,0,1007,-2,5,1002
01_022_013,1150,756,0,756,0,4,752
01_022_014,1101,763,0,763,0,2,761
01_022_015,1064,758,0,755,-3,3,752
01_022_016,1197,824,0,827,3,37,790
01_022_017,1023,683,0,680,-3,5,675
01_022_018,1035,589,0,588,-1,4,584
01_022_019,1217,882,0,882,0,3,879
01_022_020,1155,861,2,861,0,10,851
01_022_021,1134,799,0,799,0,3,796
01_022_022,975,733,0,732,-1,8,724
01_022_023,1091,772,0,771,-1,0,771
01_022_024,1392,1035,0,1035,0,9,1026
01_022_025,1068,767,0,767,0,8,759
01_022_026,1234,823,0,822,-1,6,816
01_022_027,1198,868,0,868,0,4,864
01_022_028,1097,754,0,756,2,23,733
01_022_029,1317,832,0,832,0,4,828
01_022_030,1113,685,0,683,-2,7,676
01_022_031,1447,923,1,923,0,5,918
01_022_032,1189,813,0,813,0,7,806
01_022_033,1209,769,0,767,-2,8,759
01_022_034,1270,789,0,788,-1,7,781
01_022_035,1214,689,0,689,0,6,683
01_022_036,1384,774,0,774,0,9,765
01_022_037,1385,824,0,824,0,3,821
01_023_001,628,364,0,364,0,11,353
01_023_002,724,426,0,426,0,2,424
01_023_003,716,469,0,469,0,4,465
01_023_004,643,415,0,415,0,3,412
01_023_005,803,491,0,491,0,3,488
01_023_006,793,544,1,543,-1,6,537
01_023_007,933,547,0,545,-2,4,541
01_023_008,606,343,0,341,-2,5,336
01_023_009,635,386,0,384,-2,3,381
01_023_010,687,406,0,404,-2,8,396
01_023_011,659,393,0,390,-3,6,384
01_023_012,766,474,0,473,-1,6,467
01_023_013,745,466,0,465,-1,8,457
01_023_014,678,400,0,403,3,33,370
01_023_015,746,429,0,429,0,12,417
01_023_016,790,480,0,480,0,8,472
01_023_017,719,408,0,408,0,7,401
01_023_018,694,392,0,392,0,7,385
01_023_019,779,553,0,553,0,6,547
01_023_020,768,488,0,488,0,8,480
01_023_021,816,423,0,423,0,10,413
01_023_022,823,589,0,588,-1,15,573
01_023_023,732,477,0,476,-1,4,472
01_023_024,807,528,0,518,-10,3,515
02_001_001,481,359,0,359,0,9,350
02_002_001,134,97,0,97,0,6,91
02_003_001,278,214,0,212,-2,12,200
02_004_001,68,59,0,59,0,0,59
02_005_001,232,128,0,128,0,8,120
02_006_001,838,712,0,707,-5,46,661
02_007_001,102,69,0,69,0,1,68
02_008_001,280,126,0,125,-1,4,121
02_009_001,137,106,0,106,0,5,101
02_010_001,147,92,0,92,0,5,87
02_011_001,572,322,0,322,0,6,316
02_012_001,95,81,0,78,-3,5,73
02_013_001,284,212,0,212,0,11,201
02_014_001,216,141,0,141,0,4,137
02_015_001,650,481,0,481,0,10,471
02_016_001,142,112,0,112,0,5,107
02_017_001,347,231,0,231,0,8,223
02_018_001,80,54,0,54,0,0,54
02_019_001,153,123,0,123,0,3,120
02_020_001,132,105,0,105,0,9,96
02_021_001,454,303,0,303,0,8,295
02_022_001,315,222,1,222,0,5,217
02_023_001,640,432,0,432,0,14,418
02_023_002,620,404,0,404,0,13,391
02_023_003,639,397,0,397,0,5,392
02_024_001,643,460,0,456,-4,12,444
02_025_001,92,72,0,72,0,6,66
02_026_001,169,100,0,100,0,3,97
02_027_001,810,529,0,528,-1,12,516
02_028_001,547,315,0,315,0,9,306
02_029_001,427,295,0,295,0,9,286
02_030_001,199,154,0,154,0,5,149
02_031_001,344,205,0,205,0,6,199
02_032_001,168,87,0,87,0,2,85
02_033_001,919,492,0,492,0,3,489
02_034_001,331,238,0,238,0,4,234
02_035_001,197,121,0,121,0,4,117
02_036_001,295,223,0,223,0,4,219
02_037_001,313,206,0,206,0,11,195
02_038_001,107,91,0,91,0,7,84
02_039_001,271,183,0,183,0,8,175
02_040_001,688,406,0,405,-1,6,399
02_040_002,701,447,0,447,0,7,440
02_040_003,657,470,0,470,0,1,469
02_040_004,694,455,0,455,0,14,441
02_041_001,484,316,0,316,0,7,309
02_041_002,387,220,0,220,0,13,207
02_042_001,61,44,0,44,0,5,39
02_043_001,111,66,0,66,0,5,61
02_044_001,493,296,0,296,0,10,286
02_045_001,62,50,0,50,0,1,49
02_046_001,291,211,0,210,-1,19,191
02_047_001,554,355,0,355,0,8,347
02_048_001,318,227,0,227,0,6,221
02_049_001,128,88,0,88,0,4,84
02_050_001,159,114,0,114,0,8,106
02_051_001,447,279,0,279,0,20,259
02_052_001,69,54,0,54,0,4,50
02_053_001,532,359,0,359,0,9,350
02_054_001,139,99,0,99,0,8,91
02_055_001,170,110,0,110,0,1,109
02_056_001,366,224,0,222,-2,6,216
02_057_001,131,110,0,110,0,9,101
02_058_001,82,49,0,49,0,2,47
02_059_001,224,173,0,173,0,10,163
02_060_001,93,86,0,86,0,8,78
02_061_001,557,385,0,385,0,17,368
02_062_001,128,103,0,102,-1,6,96
02_063_001,304,227,0,227,0,11,216
02_064_001,800,447,0,446,-1,11,435
02_064_002,716,442,0,442,0,13,429
02_065_001,778,437,0,437,0,4,433
02_066_001,243,192,0,192,0,8,184
02_067_001,587,298,0,298,0,2,296
02_068_001,188,121,1,121,0,4,117
02_069_001,295,214,0,214,0,21,193
02_070_001,54,43,0,43,0,2,41
02_071_001,273,197,0,197,0,4,193
02_072_001,227,170,0,170,0,7,163
02_073_001,147,87,0,87,0,1,86
02_074_001,164,139,0,138,-1,7,131
02_075_001,106,59,0,59,0,3,56
02_076_001,671,442,0,442,0,11,431
02_077_001,241,190,0,190,0,6,184
02_078_001,401,259,0,259,0,3,256
02_079_001,352,229,0,229,0,3,226
02_079_002,239,158,0,158,0,3,155
02_080_001,147,103,0,103,0,5,98
02_081_001,259,189,0,188,-1,28,160
02_082_001,218,126,0,126,0,10,116
02_083_001,455,253,0,253,0,7,246
02_083_002,170,100,0,100,0,5,95
02_084_001,644,358,0,357,-1,10,347
02_084_002,536,250,0,251,1,19,232
02_084_003,135,57,0,55,-2,0,55
02_085_001,291,176,0,176,0,4,172
02_086_001,629,365,0,362,-3,6,356
02_087_001,101,80,0,80,0,2,78
02_088_001,221,137,0,137,0,7,130
02_089_001,937,564,0,564,0,7,557
02_089_002,1066,641,0,640,-1,4,636
02_089_003,1035,657,0,657,0,8,649
02_089_004,1258,686,0,685,-1,5,680
02_090_001,255,166,0,166,0,6,160
02_091_001,98,61,0,61,0,0,61
02_092_001,327,212,0,212,0,8,204
02_093_001,285,161,0,161,0,11,150
02_094_001,372,269,0,269,0,12,257
02_095_001,817,490,0,490,0,15,475
02_095_002,845,505,0,505,0,15,490
02_096_001,815,508,0,508,0,10,498
02_097_001,168,103,0,103,0,2,101
02_098_001,362,186,0,186,0,4,182
02_098_002,384,205,0,204,-1,4,200
02_099_001,459,312,0,311,-1,6,305
02_100_001,45,37,0,37,0,0,37
02_101_001,920,523,0,523,0,13,510
02_101_002,839,479,0,478,-1,10,468
02_101_003,956,522,0,522,0,13,509
02_102_001,40,32,0,32,0,3,29
02_103_001,152,98,0,98,0,7,91
02_104_001,190,134,0,134,0,9,125
02_105_001,166,139,0,139,0,5,134
02_106_001,90,74,0,74,0,2,72
02_107_001,166,130,0,130,0,4,126
02_108_001,215,175,0,175,0,8,167
02_109_001,104,76,0,76,0,6,70
02_110_001,157,105,0,105,0,3,102
02_111_001,264,150,0,150,0,3,147
02_112_001,222,141,0,141,0,3,138
02_113_001,260,188,0,188,0,9,179
02_114_001,46,38,0,38,0,0,38
02_115_001,1145,804,0,802,-2,17,785
02_116_001,135,106,0,106,0,2,104
02_117_001,371,265,0,265,0,8,257
02_118_001,535,347,0,347,0,16,331
02_119_001,711,447,0,446,-1,15,431
02_120_001,154,131,0,131,0,5,126
02_121_001,63,35,0,35,0,1,34
02_122_001,73,49,0,49,0,0,49
02_123_001,99,64,0,63,-1,2,61
02_124_001,185,136,0,136,0,8,128
02_125_001,149,108,0,108,0,3,105
02_126_001,404,230,0,230,0,4,226
02_127_001,162,102,0,102,0,2,100
02_128_001,81,47,0,47,0,0,47
02_129_001,194,140,0,139,-1,8,131
02_130_001,237,164,0,164,0,1,163
02_131_001,132,93,0,93,0,2,91
02_132_001,121,99,0,99,0,2,97
02_132_002,68,44,0,44,0,1,43
02_133_001,97,68,0,68,0,5,63
02_134_001,170,143,0,143,0,4,139
02_135_001,255,173,0,173,0,5,168
02_136_001,236,145,0,145,0,6,139
02_137_001,865,345,0,345,0,4,341
02_137_002,851,401,0,401,0,12,389
02_137_003,957,396,0,396,0,2,394
02_137_004,1122,544,0,538,-6,5,533
02_137_005,965,464,0,464,0,2,462
02_137_006,1149,524,0,524,0,7,517
02_137_007,756,369,0,369,0,5,364
02_137_008,766,374,0,374,0,8,366
02_137_009,1203,562,0,562,0,11,551
02_137_010,686,333,0,333,0,4,329
02_137_011,744,436,0,435,-1,6,429
02_137_012,1149,436,0,436,0,4,432
02_137_013,1145,467,0,467,0,4,463
02_137_014,1079,460,0,460,0,3,457
02_137_015,1172,513,0,512,-1,8,504
02_137_016,879,348,0,348,0,6,342
02_137_017,1346,576,0,578,2,26,552
02_137_018,848,512,0,512,0,4,508
02_137_019,699,412,0,412,0,4,408
02_137_020,350,208,0,208,0,0,208
02_137_021,591,294,0,294,0,2,292
02_137_022,157,98,0,98,0,0,98
02_138_001,198,152,0,152,0,8,144
02_139_001,55,44,0,38,-6,2,36
02_140_001,1013,628,0,628,0,14,614
02_140_002,1026,696,0,696,0,9,687
02_140_003,1075,774,0,773,-1,10,763
02_140_004,1103,769,0,766,-3,6,760
02_140_005,999,679,0,679,0,11,668
02_141_001,156,115,0,115,0,4,111
02_142_001,165,72,0,72,0,0,72
02_143_001,549,356,0,356,0,6,350
02_144_001,801,478,0,478,0,13,465
02_145_001,609,466,0,465,-1,17,448
02_145_002,504,309,0,309,0,6,303
02_146_001,273,171,0,171,0,3,168
02_147_001,137,109,0,109,0,1,108
02_148_001,1038,703,0,702,-1,13,689
02_148_002,930,542,0,541,-1,17,524
02_149_001,292,211,0,211,0,3,208
02_150_001,396,194,0,194,0,5,189
02_151_001,150,102,0,102,0,6,96
02_152_001,206,117,0,117,0,2,115
02_153_001,229,122,0,122,0,4,118
02_154_001,157,132,0,132,0,8,124
02_155_001,755,428,0,428,0,15,413
02_156_001,571,396,0,396,0,6,390
02_157_001,415,313,0,313,0,7,306
02_157_002,88,63,0,63,0,0,63
02_158_001,64,39,0,39,0,0,39
02_159_001,252,189,0,189,0,3,186
02_160_001,246,187,0,187,0,4,183
02_161_001,802,563,1,563,0,10,553
02_162_001,155,120,0,120,0,7,113
02_163_001,745,466,0,465,-1,9,456
02_164_001,148,75,0,75,0,1,74
02_165_001,51,42,0,42,0,2,40
02_166_001,60,54,0,54,0,5,49
02_167_001,193,131,0,131,0,3,128
02_168_001,279,234,0,234,0,7,227
02_169_001,923,600,0,600,0,8,592
02_169_002,885,493,0,493,0,3,490
02_170_001,670,474,0,474,0,6,468
02_171_001,155,128,0,128,0,4,124
02_172_001,435,247,0,248,1,11,237
02_173_001,351,260,0,260,0,6,254
02_174_001,700,449,0,451,2,31,420
02_174_002,228,147,0,147,0,2,145
02_175_001,642,461,0,460,-1,8,452
02_175_002,618,369,0,369,0,5,364
02_176_001,336,209,0,209,0,1,208
02_177_001,212,108,0,108,0,3,105
02_178_001,186,142,0,141,-1,7,134
02_179_001,104,48,0,48,0,7,41
02_180_001,241,113,0,112,-1,2,110
02_180_002,357,210,0,210,0,6,204
02_181_001,759,483,0,482,-1,5,477
02_181_002,592,370,0,370,0,5,365
02_181_003,628,354,0,352,-2,8,344
02_181_004,845,519,1,518,-1,7,511
02_181_005,577,346,0,346,0,1,345
02_181_006,638,416,0,415,-1,5,410
02_181_007,787,466,0,466,0,3,463
02_181_008,632,384,0,384,0,5,379
02_181_009,577,227,0,227,0,1,226
02_181_010,989,651,0,651,0,3,648
02_181_011,700,333,0,333,0,6,327
02_181_012,840,497,0,497,0,4,493
02_181_013,672,427,0,427,0,5,422
02_181_014,761,461,0,464,3,32,432
02_181_015,800,447,0,447,0,4,443
02_181_016,783,398,0,398,0,5,393
02_181_017,735,338,0,330,-8,10,320
02_181_018,673,329,0,328,-1,8,320
02_181_019,814,439,0,439,0,9,430
02_181_020,84,34,0,34,0,0,34
02_181_021,174,94,0,94,0,3,91
02_181_022,50,19,0,19,0,0,19
02_181_023,426,243,0,243,0,6,237
02_182_001,145,101,0,101,0,4,97
02_183_001,147,103,0,103,0,3,100
02_184_001,454,278,0,278,0,7,271
02_184_002,212,112,0,112,0,0,112
02_185_001,135,97,0,96,-1,3,93
02_186_001,99,87,0,87,0,1,86
02_187_001,460,302,0,299,-3,14,285
02_188_001,215,149,0,149,0,9,140
02_189_001,559,350,0,350,0,12,338
02_189_002,584,307,0,307,0,8,299
02_190_001,779,524,0,524,0,6,518
02_190_002,839,586,0,587,1,28,559
02_191_001,564,420,0,421,1,18,403
02_192_001,305,162,0,161,-1,1,160
02_193_001,530,332,0,333,1,17,316
02_194_001,264,192,0,192,0,3,189
02_195_001,232,173,0,171,-2,7,164
02_196_001,96,78,0,78,0,3,75
02_196_002,86,57,0,57,0,1,56
02_197_001,189,136,1,136,0,2,134
02_198_001,115,52,0,52,0,2,50
02_199_001,76,63,0,63,0,2,61
02_200_001,475,349,0,349,0,12,337
02_201_001,230,199,0,199,0,7,192
02_202_001,946,662,0,662,0,15,647
02_203_001,244,177,0,177,0,2,175
02_204_001,102,81,0,81,0,4,77
02_205_001,304,190,0,190,0,4,186
02_206_001,284,202,0,202,0,8,194
02_207_001,116,99,0,99,0,5,94
02_208_001,69,44,0,44,0,1,43
02_209_001,207,171,0,171,0,7,164
02_210_001,642,475,0,475,0,7,468
02_211_001,250,137,0,137,0,10,127
02_212_001,127,104,0,104,0,3,101
02_213_001,1049,547,0,547,0,6,541
02_213_002,845,481,0,482,1,17,465
02_214_001,140,111,0,111,0,6,105
02_215_001,171,130,0,130,0,7,123
02_216_001,113,96,0,96,0,7,89
02_217_001,677,348,0,348,0,6,342
02_217_002,652,339,0,339,0,4,335
02_217_003,1013,445,0,445,0,2,443
02_217_004,951,495,0,495,0,2,493
02_217_005,827,372,0,372,0,0,372
02_217_006,791,333,1,332,-1,3,329
02_217_007,1166,548,0,548,0,5,543
02_217_008,1082,559,0,558,-1,4,554
02_217_009,771,410,2,408,-2,11,397
02_217_010,812,432,0,431,-1,5,426
02_217_011,963,387,0,386,-1,3,383
02_217_012,921,516,0,516,0,4,512
02_217_013,990,459,0,453,-6,11,442
02_217_014,801,404,0,404,0,7,397
02_217_015,862,521,0,521,0,2,519
02_217_016,773,479,0,478,-1,2,476
02_217_017,1235,739,0,739,0,3,736
02_217_018,1020,613,0,614,1,14,600
02_217_019,908,575,0,575,0,4,571
02_217_020,163,110,0,110,0,1,109
02_217_021,863,411,0,411,0,3,408
02_217_022,992,487,0,485,-2,3,482
02_217_023,853,546,0,546,0,3,543
02_217_024,944,612,0,612,0,1,611
02_217_025,661,322,0,322,0,2,320
02_217_026,740,403,0,403,0,1,402
02_217_027,1132,684,0,685,1,13,672
02_217_028,1115,755,0,755,0,4,751
02_217_029,1146,680,0,680,0,4,676
02_217_030,1001,612,4,609,-3,3,606
02_217_031,813,507,0,506,-1,1,505
02_217_032,784,507,0,505,-2,2,503
02_217_033,939,568,0,566,-2,1,565
02_217_034,885,576,0,576,0,1,575
02_217_035,1081,727,0,726,-1,5,721
02_217_036,1082,712,0,712,0,2,710
02_217_037,398,283,0,283,0,0,283
02_217_038,813,541,0,541,0,4,537
02_217_039,942,668,0,669,1,14,655
02_217_040,811,541,0,541,0,3,538
02_217_041,729,516,0,515,-1,6,509
02_217_042,861,538,0,538,0,1,537
02_217_043,501,299,0,297,-2,2,295
02_217_044,591,356,0,356,0,2,354
02_217_045,931,584,0,582,-2,2,580
02_217_046,1155,603,0,603,0,4,599
02_217_047,631,409,0,409,0,6,403
02_217_048,511,305,0,305,0,0,305
02_217_049,949,498,0,498,0,6,492
02_217_050,1068,655,2,653,-2,1,652
02_217_051,1140,730,0,728,-2,4,724
02_217_052,1425,1011,0,991,-20,4,987
02_217_053,828,487,0,487,0,2,485
02_217_054,973,549,0,549,0,3,546
02_217_055,815,434,0,434,0,4,430
02_217_056,967,578,0,578,0,0,578
02_217_057,849,562,0,561,-1,3,558
02_217_058,613,437,0,437,0,0,437
02_217_059,982,572,0,570,-2,5,565
02_217_060,734,447,0,446,-1,2,444
02_217_061,644,380,0,379,-1,1,378
02_217_062,871,484,0,484,0,7,477
02_217_063,942,517,0,516,-1,3,513
02_217_064,717,375,0,377,2,25,352
02_217_065,783,447,0,447,0,2,445
02_217_066,937,492,0,490,-2,2,488
02_217_067,1057,601,0,602,1,13,589
02_217_068,1060,545,0,545,0,3,542
02_217_069,1260,805,0,801,-4,3,798
02_217_070,933,563,0,565,2,24,541
02_217_071,1037,546,2,544,-2,4,540
02_217_072,1055,701,0,704,3,40,664
02_217_073,1064,658,0,657,-1,1,656
02_217_074,1108,702,0,702,0,1,701
02_217_075,971,628,0,628,0,6,622
02_217_076,1142,803,0,803,0,3,800
02_217_077,981,618,0,616,-2,8,608
02_217_078,1104,657,0,657,0,3,654
02_217_079,807,443,0,441,-2,11,430
02_217_080,1875,578,0,576,-2,7,569
02_217_081,809,442,0,442,0,3,439
02_217_082,934,553,0,553,0,4,549
02_217_083,986,674,0,674,0,2,672
02_217_084,1059,648,0,648,0,1,647
02_217_085,797,429,0,427,-2,0,427
02_217_086,865,542,0,542,0,2,540
02_217_087,969,543,0,543,0,2,541
02_217_088,884,440,0,440,0,6,434
02_217_089,958,441,0,441,0,4,437
02_217_090,1026,460,0,460,0,3,457
02_217_091,1051,531,1,529,-2,3,526
02_217_092,929,455,0,455,0,0,455
02_217_093,1051,559,0,560,1,14,546
02_217_094,1239,694,0,694,0,2,692
02_217_095,1166,641,0,641,0,4,637
02_217_096,1084,546,0,546,0,7,539
02_217_097,998,535,0,535,0,4,531
02_217_098,982,503,0,494,-9,5,489
02_217_099,870,425,0,425,0,3,422
02_217_100,1005,507,0,506,-1,2,504
02_217_101,947,490,0,489,-1,3,486
02_217_102,852,404,0,404,0,0,404
02_217_103,999,513,0,513,0,1,512
02_217_104,824,427,0,427,0,0,427
02_217_105,1037,521,0,521,0,3,518
02_217_106,1143,557,0,556,-1,3,553
02_217_107,1149,580,0,580,0,6,574
02_217_108,941,481,0,480,-1,5,475
02_217_109,1011,550,0,550,0,3,547
02_217_110,1366,826,0,826,0,2,824
02_217_111,1130,716,0,716,0,4,712
02_217_112,887,486,0,486,0,5,481
02_217_113,891,468,0,467,-1,3,464
02_217_114,847,467,0,466,-1,6,460
02_217_115,952,559,0,559,0,2,557
02_217_116,1081,605,0,604,-1,2,602
02_217_117,912,436,0,435,-1,3,432
02_218_001,78,58,0,58,0,1,57
02_219_001,83,43,0,43,0,1,42
02_220_001,663,481,0,480,-1,5,475
02_221_001,1143,726,0,726,0,7,719
02_221_002,1046,686,0,685,-1,12,673
02_221_003,1028,565,0,565,0,11,554
02_222_001,173,132,0,132,0,5,127
02_223_001,1064,673,0,671,-2,6,665
02_224_001,146,78,0,77,-1,1,76
02_225_001,168,132,0,132,0,8,124
02_226_001,136,91,0,91,0,6,85
02_227_001,456,336,0,336,0,6,330
02_228_001,255,171,0,170,-1,4,166
02_229_001,156,120,1,120,0,6,114
02_230_001,80,68,0,68,0,5,63
02_231_001,843,423,0,423,0,21,402
02_231_002,809,450,0,450,0,5,445
02_231_003,765,415,0,415,0,9,406
02_232_001,508,308,0,308,0,3,305
02_233_001,637,404,0,403,-1,4,399
02_233_002,731,388,0,387,-1,5,382
02_233_003,777,493,0,491,-2,13,478
02_234_001,589,347,0,347,0,3,344
02_234_002,505,260,0,260,0,4,256
02_234_003,848,385,0,385,0,6,379
02_234_004,943,489,0,489,0,7,482
02_234_005,902,482,0,479,-3,10,469
02_234_006,952,511,0,504,-7,13,491
02_234_007,939,455,0,455,0,4,451
02_234_008,844,456,0,456,0,8,448
02_234_009,951,448,2,446,-2,8,438
02_235_001,105,84,0,84,0,8,76
02_236_001,282,220,0,220,0,8,212
02_237_001,585,349,0,348,-1,4,344
02_237_002,585,366,0,365,-1,9,356
02_238_001,358,213,0,213,0,6,207
02_239_001,238,188,1,188,0,10,178
02_240_001,189,140,0,140,0,4,136
02_240_002,104,82,0,82,0,6,76
02_241_001,165,120,0,120,0,8,112
02_242_001,117,101,0,101,0,12,89
02_243_001,253,175,0,175,0,6,169
02_243_002,64,54,0,54,0,0,54
02_244_001,665,434,0,434,0,10,424
02_245_001,645,427,0,426,-1,8,418
02_246_001,227,130,0,130,0,5,125
02_247_001,780,484,0,484,0,7,477
02_247_002,170,99,0,99,0,1,98
02_248_001,181,107,0,107,0,1,106
02_249_001,255,205,0,205,0,9,196
02_250_001,97,86,0,86,0,0,86
02_251_001,33,22,0,22,0,0,22
02_252_001,996,501,0,499,-2,6,493
02_252_002,894,531,0,530,-1,9,521
02_253_001,271,172,0,172,0,2,170
02_254_001,703,469,0,469,0,15,454
02_254_002,739,430,0,429,-1,13,416
02_255_001,111,61,0,61,0,0,61
02_256_001,414,210,0,210,0,4,206
02_257_001,256,170,0,170,0,6,164
02_258_001,261,199,0,199,0,6,193
02_259_001,76,53,0,53,0,4,49
02_260_001,617,399,0,399,0,10,389
02_261_001,710,435,0,435,0,8,427
02_261_002,701,398,0,398,0,7,391
02_261_003,703,425,0,424,-1,11,413
02_261_004,673,381,0,381,0,4,377
02_261_005,672,295,0,295,0,8,287
02_261_006,747,390,0,389,-1,5,384
02_261_007,650,367,0,367,0,6,361
02_261_008,146,68,0,68,0,3,65
02_262_001,445,308,0,308,0,11,297
02_263_001,891,514,0,513,-1,7,506
02_263_002,1038,650,0,648,-2,8,640
02_263_003,1208,761,0,759,-2,8,751
02_263_004,938,571,0,571,0,3,568
02_263_005,1036,578,0,577,-1,6,571
02_263_006,982,557,0,557,0,1,556
02_263_007,1116,650,0,650,0,7,643
02_263_008,246,128,0,128,0,1,127
02_263_009,556,250,0,250,0,9,241
02_264_001,225,136,0,135,-1,2,133
02_265_001,115,72,0,72,0,4,68
02_266_001,55,42,0,42,0,2,40
02_267_001,94,65,0,65,0,0,65
02_268_001,301,206,0,206,0,4,202
02_269_001,177,110,0,110,0,2,108
02_270_001,205,106,0,106,0,2,104
02_271_001,71,59,0,59,0,1,58
02_272_001,221,132,0,132,0,7,125
02_273_001,48,37,0,37,0,2,35
02_274_001,177,121,0,121,0,5,116
02_275_001,126,106,0,106,0,2,104
02_276_001,235,117,0,117,0,5,112
02_277_001,200,152,0,152,0,3,149
02_278_001,91,74,0,74,0,3,71
02_279_001,118,98,0,98,0,3,95
02_280_001,411,304,0,304,0,7,297
02_281_001,212,153,2,151,-2,8,143
02_282_001,110,87,0,87,0,0,87
02_283_001,811,498,0,498,0,17,481
02_284_001,698,417,0,417,0,8,409
02_284_002,672,396,0,395,-1,14,381
02_285_001,62,46,0,45,-1,0,45
02_286_001,186,166,0,166,0,12,154
02_287_001,149,113,0,112,-1,7,105
02_288_001,863,532,0,532,0,21,511
02_289_001,87,62,0,62,0,1,61
02_290_001,124,99,0,99,0,3,96
02_291_001,104,52,0,52,0,5,47
02_292_001,681,515,0,515,0,25,490
02_293_001,114,80,0,80,0,2,78
02_294_001,1085,755,0,755,0,27,728
02_295_001,855,415,0,415,0,9,406
02_295_002,772,445,0,445,0,8,437
02_295_003,133,71,0,71,0,1,70
02_296_001,184,142,0,142,0,5,137
02_297_001,656,453,0,453,0,15,438
02_298_001,185,103,0,103,0,2,101
02_299_001,246,192,0,191,-1,8,183
02_300_001,335,255,1,254,-1,3,251
02_301_001,247,161,0,161,0,10,151
03_001_001,1371,802,0,802,0,9,793
03_001_002,1255,694,0,692,-2,7,685
03_002_001,828,383,0,382,-1,7,375
03_002_002,841,397,0,397,0,11,386
03_003_001,774,495,0,495,0,13,482
03_003_002,732,477,0,477,0,7,470
03_004_001,985,552,0,552,0,7,545
03_004_002,1114,648,0,648,0,4,644
03_004_003,827,524,0,524,0,3,521
03_004_004,975,571,0,571,0,1,570
03_004_005,956,615,0,615,0,3,612
03_004_006,1166,729,0,727,-2,8,719
03_004_007,865,535,0,533,-2,1,532
03_004_008,799,487,0,487,0,5,482
03_004_009,879,538,0,537,-1,2,535
03_004_010,1011,629,2,627,-2,2,625
03_004_011,749,460,1,459,-1,2,457
03_004_012,937,636,0,636,0,3,633
03_004_013,827,516,0,515,-1,1,514
03_004_014,919,522,0,522,0,4,518
03_004_015,1093,635,0,630,-5,2,628
03_004_016,1230,742,0,742,0,2,740
03_004_017,894,530,0,530,0,4,526
03_004_018,813,507,0,507,0,1,506
03_004_019,663,426,0,425,-1,1,424
03_004_020,923,449,0,450,1,13,437
03_004_021,1062,596,0,595,-1,1,594
03_004_022,894,470,0,470,0,7,463
03_004_023,970,541,0,540,-1,8,532
03_004_024,1012,571,0,571,0,3,568
03_004_025,811,420,0,420,0,3,417
03_004_026,725,389,0,389,0,0,389
03_004_027,890,495,0,495,0,0,495
03_004_028,674,349,0,349,0,1,348
03_004_029,1025,536,0,535,-1,2,533
03_004_030,233,92,0,92,0,2,90
03_004_031,372,185,0,184,-1,3,181
03_004_032,468,209,1,208,-1,4,204
03_005_001,749,478,0,476,-2,7,469
03_005_002,1136,537,1,536,-1,5,531
03_005_003,1370,779,0,779,0,12,767
03_006_001,1145,594,1,593,-1,21,572
03_007_001,884,398,0,397,-1,7,390
03_007_002,920,382,0,380,-2,5,375
03_007_003,746,367,0,367,0,4,363
03_007_004,890,377,0,377,0,5,372
03_007_005,831,443,0,442,-1,8,434
03_007_006,874,450,0,450,0,9,441
03_008_001,1026,463,0,463,0,7,456
03_008_002,1047,472,0,470,-2,9,461
03_009_001,903,491,0,481,-10,15,466
03_010_001,116,74,0,74,0,1,73
03_011_001,273,183,0,183,0,10,173
03_012_001,642,396,0,396,0,7,389
03_012_002,617,383,0,381,-2,8,373
03_013_001,826,469,0,469,0,5,464
03_013_002,800,402,0,402,0,11,391
03_014_001,982,591,0,591,0,9,582
03_015_001,699,416,0,416,0,10,406
03_015_002,724,433,0,433,0,16,417
03_016_001,914,466,0,466,0,5,461
03_016_002,907,442,0,442,0,2,440
03_016_003,326,139,0,139,0,3,136
03_017_001,215,136,0,136,0,4,132
03_018_001,612,348,0,347,-1,6,341
03_018_002,609,384,0,383,-1,8,375
03_018_003,607,420,0,419,-1,10,409
03_019_001,547,313,0,313,0,6,307
03_019_002,566,286,0,286,0,4,282
03_020_001,626,301,0,300,-1,7,293
03_020_002,751,316,0,316,0,6,310
03_021_001,832,557,0,556,-1,12,544
03_021_002,834,515,0,514,-1,9,505
03_022_001,607,349,0,349,0,5,344
03_023_001,684,326,0,326,0,4,322
03_023_002,562,280,0,280,0,2,278
03_024_001,799,413,0,413,0,9,404
03_024_002,778,404,0,403,-1,9,394
03_025_001,248,126,0,126,0,1,125
03_026_001,610,346,0,346,0,6,340
03_026_002,615,338,0,339,1,21,318
03_027_001,692,444,0,442,-2,9,433
03_028_001,843,392,0,391,-1,5,386
03_028_002,821,464,0,463,-1,6,457
03_028_003,918,430,0,430,0,10,420
03_029_001,620,311,0,311,0,7,304
03_030_001,467,298,0,297,-1,5,292
03_031_001,777,397,0,397,0,8,389
03_031_002,800,385,1,384,-1,6,378
03_031_003,785,344,0,344,0,8,336
03_031_004,782,307,0,307,0,6,301
03_032_001,765,541,0,539,-2,14,525
03_032_002,820,534,0,534,0,13,521
03_032_003,804,513,0,514,1,17,497
03_033_001,1061,503,0,503,0,6,497
03_033_002,1218,575,0,575,0,19,556
03_034_001,474,267,0,267,0,3,264
03_035_001,723,419,0,419,0,2,417
03_035_002,578,326,0,325,-1,2,323
03_036_001,799,406,0,406,0,6,400
03_037_001,881,492,0,492,0,11,481
03_037_002,638,344,0,344,0,5,339
03_038_001,666,401,0,402,1,16,386
03_038_002,528,311,0,311,0,7,304
03_039_001,693,448,0,448,0,10,438
03_040_001,920,606,0,602,-4,12,590
03_041_001,917,419,0,419,0,6,413
03_041_002,910,462,0,460,-2,13,447
03_042_001,671,324,0,323,-1,11,312
03_042_002,854,359,0,359,0,14,345
03_043_001,738,508,0,508,0,9,499
03_044_001,766,525,2,522,-3,9,513
03_045_001,823,536,0,534,-2,15,519
03_045_002,805,567,1,567,0,42,525
03_045_003,695,460,0,460,0,11,449
03_046_001,652,492,0,492,0,4,488
03_047_001,847,532,0,532,0,11,521
03_047_002,883,504,0,504,0,7,497
03_047_003,876,488,0,488,0,6,482
03_047_004,61,30,0,30,0,1,29
03_047_005,65,26,0,26,0,0,26
03_048_001,1407,709,0,709,0,5,704
03_048_002,1296,688,0,687,-1,6,681
03_048_003,1302,578,0,578,0,6,572
03_049_001,799,466,0,466,0,9,457
03_049_002,753,413,0,413,0,11,402
03_050_001,601,398,0,398,0,14,384
03_050_002,178,114,0,114,0,3,111
03_050_003,124,71,0,71,0,0,71
03_050_004,142,84,0,84,0,0,84
03_051_001,475,314,0,314,0,4,310
03_052_001,741,413,0,413,0,4,409
03_052_002,1026,596,0,596,0,13,583
03_052_003,787,458,0,456,-2,14,442
03_052_004,832,466,0,466,0,10,456
03_052_005,943,483,0,483,0,10,473
03_052_006,247,120,0,120,0,1,119
03_053_001,1105,676,0,672,-4,13,659
03_053_002,1039,650,0,650,0,7,643
03_054_001,1007,467,0,468,1,21,447
03_054_002,1060,671,0,671,0,7,664
03_054_003,1276,650,1,648,-2,13,635
03_054_004,1104,557,0,560,3,60,500
03_054_005,1200,707,0,706,-1,17,689
03_054_006,1116,600,0,599,-1,10,589
03_055_001,1070,705,0,705,0,8,697
03_055_002,977,661,0,661,0,11,650
03_056_001,833,500,0,496,-4,5,491
03_056_002,807,470,0,470,0,2,468
03_056_003,851,578,0,578,0,4,574
03_056_004,682,413,0,413,0,2,411
03_056_005,709,403,0,403,0,7,396
03_056_006,840,457,0,457,0,9,448
03_056_007,685,413,0,413,0,3,410
03_056_008,815,478,0,477,-1,11,466
03_056_009,141,84,0,84,0,2,82
03_056_010,723,400,0,397,-3,12,385
03_056_011,757,404,0,404,0,7,397
03_056_012,629,460,0,460,0,3,457
03_056_013,908,582,0,579,-3,5,574
03_056_014,710,464,0,464,0,5,459
03_056_015,762,545,0,545,0,6,539
03_056_016,735,520,0,519,-1,3,516
03_056_017,701,444,0,443,-1,5,438
03_057_001,789,537,0,537,0,12,525
03_058_001,682,357,0,357,0,8,349
03_058_002,670,368,0,368,0,7,361
03_059_001,1030,578,0,578,0,10,568
03_059_002,967,527,0,527,0,6,521
03_059_003,1001,629,0,629,0,9,620
03_059_004,790,499,0,499,0,10,489
03_059_005,1090,651,0,651,0,9,642
03_059_006,1061,594,0,594,0,6,588
03_059_007,632,347,0,346,-1,7,339
03_060_001,736,500,1,499,-1,3,496
03_060_002,1092,789,0,789,0,3,786
03_060_003,796,493,0,493,0,5,488
03_060_004,835,568,0,568,0,1,567
03_060_005,539,353,0,351,-2,1,350
03_060_006,1147,588,0,588,0,4,584
03_060_007,1128,604,0,604,0,6,598
03_060_008,963,443,0,443,0,4,439
03_060_009,1063,663,0,663,0,6,657
03_060_010,929,559,0,559,0,3,556
03_060_011,1005,584,0,583,-1,3,580
03_060_012,757,441,0,441,0,4,437
03_060_013,748,464,0,464,0,3,461
03_060_014,828,511,0,510,-1,4,506
03_060_015,806,489,0,487,-2,2,485
03_060_016,827,551,0,551,0,0,551
03_060_017,686,421,0,421,0,0,421
03_060_018,640,337,0,336,-1,3,333
03_060_019,1126,708,0,708,0,0,708
03_060_020,740,384,0,384,0,4,380
03_060_021,796,446,0,446,0,5,441
03_060_022,827,425,0,425,0,1,424
03_060_023,791,406,0,407,1,11,396
03_060_024,892,450,0,450,0,0,450
03_060_025,520,225,0,225,0,1,224
03_060_026,896,433,0,433,0,6,427
03_060_027,831,528,0,527,-1,8,519
03_060_028,938,488,0,488,0,2,486
03_060_029,854,439,1,441,2,19,422
03_060_030,866,530,0,530,0,1,529
03_060_031,881,597,0,597,0,1,596
03_060_032,1026,566,0,566,0,3,563
03_060_033,693,412,0,411,-1,3,408
03_060_034,1009,542,4,538,-4,2,536
03_060_035,744,437,0,438,1,13,425
03_060_036,948,558,1,555,-3,1,554
03_060_037,923,484,0,484,0,1,483
03_060_038,894,496,0,496,0,3,493
03_060_039,608,385,0,385,0,1,384
03_060_040,905,639,0,637,-2,1,636
03_060_041,1014,690,0,690,0,0,690
03_060_042,808,565,0,565,0,1,564
03_060_043,1051,636,0,636,0,4,632
03_060_044,1038,591,0,591,0,6,585
03_060_045,593,402,0,402,0,5,397
03_060_046,1022,615,0,615,0,3,612
03_060_047,949,499,0,500,1,12,488
03_060_048,947,571,0,571,0,0,571
03_060_049,815,473,0,473,0,2,471
03_060_050,531,357,0,357,0,1,356
03_060_051,684,388,0,388,0,1,387
03_060_052,967,573,0,573,0,5,568
03_060_053,1018,616,0,616,0,2,614
03_060_054,797,461,0,461,0,3,458
03_060_055,816,225,0,225,0,6,219
03_060_056,639,197,2,195,-2,5,190
03_060_057,775,414,0,415,1,12,403
03_060_058,1059,697,1,697,0,3,694
03_060_059,903,579,0,579,0,2,577
03_060_060,468,300,0,300,0,2,298
03_060_061,635,408,0,408,0,5,403
03_060_062,876,564,0,564,0,4,560
03_060_063,755,419,0,418,-1,4,414
03_060_064,1066,669,0,669,0,7,662
03_060_065,859,521,0,521,0,3,518
03_060_066,835,455,0,455,0,1,454
03_060_067,994,597,0,597,0,4,593
03_060_068,562,260,0,260,0,3,257
03_060_069,954,517,0,515,-2,6,509
03_060_070,983,563,0,563,0,3,560
03_060_071,662,238,0,238,0,6,232
03_060_072,847,399,1,400,1,16,384
03_060_073,1165,528,0,528,0,5,523
03_060_074,1135,679,0,679,0,2,677
03_060_075,1255,724,0,722,-2,3,719
03_060_076,866,435,1,434,-1,1,433
03_060_077,825,421,0,421,0,2,419
03_060_078,597,291,0,291,0,1,290
03_060_079,787,412,0,412,0,6,406
03_060_080,646,338,2,336,-2,0,336
03_060_081,807,461,0,461,0,2,459
03_060_082,1026,561,0,559,-2,2,557
03_060_083,669,259,0,259,0,2,257
03_060_084,665,365,0,365,0,3,362
03_060_085,1180,497,0,496,-1,4,492
03_060_086,731,327,1,327,0,1,326
03_060_087,1099,701,0,702,1,13,689
03_060_088,1072,620,0,620,0,3,617
03_060_089,1201,474,0,474,0,6,468
03_060_090,1110,543,0,543,0,3,540
03_060_091,369,201,0,201,0,1,200
03_060_092,1152,693,0,693,0,1,692
03_060_093,1002,517,0,516,-1,2,514
03_060_094,1227,794,0,794,0,2,792
03_060_095,582,237,0,237,0,3,234
03_060_096,571,281,0,281,0,1,280
03_060_097,797,521,0,521,0,3,518
03_060_098,743,343,1,342,-1,3,339
03_061_001,582,305,0,305,0,8,297
03_061_002,635,366,0,366,0,1,365
03_061_003,674,359,0,359,0,3,356
03_061_004,100,42,0,42,0,2,40
03_062_001,1071,516,0,516,0,10,506
03_062_002,967,496,0,496,0,6,490
03_062_003,950,464,1,464,0,3,461
03_062_004,955,465,0,465,0,4,461
03_062_005,1109,514,0,514,0,7,507
03_063_001,342,209,0,208,-1,6,202
03_064_001,626,351,0,351,0,2,349
03_064_002,603,343,0,343,0,2,341
03_064_003,1281,779,0,778,-1,8,770
03_064_004,1292,798,0,798,0,4,794
03_064_005,706,487,0,485,-2,3,482
03_064_006,826,460,0,460,0,9,451
03_064_007,1346,780,0,781,1,20,761
03_064_008,1438,793,3,793,0,9,784
03_064_009,764,326,0,325,-1,4,321
03_064_010,777,473,0,471,-2,3,468
03_064_011,1353,820,0,820,0,6,814
03_065_001,816,490,0,490,0,3,487
03_065_002,664,439,0,439,0,2,437
03_065_003,787,469,0,467,-2,11,456
03_065_004,767,390,0,390,0,8,382
03_065_005,734,416,0,416,0,8,408
03_065_006,710,395,0,394,-1,3,391
03_065_007,867,530,0,531,1,13,518
03_065_008,625,352,0,352,0,3,349
03_065_009,643,339,0,339,0,2,337
03_065_010,824,502,0,502,0,3,499
03_065_011,817,481,0,480,-1,8,472
03_065_012,692,307,0,306,-1,6,300
03_065_013,706,391,0,391,0,2,389
03_065_014,965,522,0,522,0,10,512
03_065_015,834,428,3,424,-4,2,422
03_065_016,1149,665,0,663,-2,6,657
03_065_017,952,538,0,538,0,4,534
03_065_018,206,79,0,79,0,0,79
03_065_019,261,131,0,131,0,1,130
03_065_020,835,360,0,359,-1,2,357
03_065_021,974,444,0,444,0,4,440
03_065_022,412,177,0,177,0,2,175
03_065_023,625,317,0,317,0,1,316
03_065_024,656,340,0,340,0,5,335
03_065_025,792,462,0,462,0,5,457
03_065_026,845,519,0,520,1,14,506
03_065_027,773,440,0,440,0,5,435
03_065_028,821,472,0,471,-1,7,464
03_065_029,664,257,0,257,0,3,254
03_065_030,742,368,0,368,0,5,363
03_065_031,1071,491,1,490,-1,3,487
03_066_001,675,371,0,370,-1,2,368
03_066_002,589,321,0,320,-1,1,319
03_066_003,780,340,0,340,0,11,329
03_066_004,1014,339,0,339,0,5,334
03_066_005,710,522,0,521,-1,1,520
03_066_006,691,422,0,421,-1,3,418
03_066_007,805,459,0,459,0,1,458
03_066_008,686,380,0,380,0,6,374
03_066_009,918,528,1,530,2,29,501
03_066_010,1011,359,0,359,0,13,346
03_066_011,684,298,0,298,0,4,294
03_066_012,721,341,1,341,0,6,335
03_066_013,899,541,0,541,0,6,535
03_066_014,642,275,0,275,0,2,273
03_066_015,657,399,0,399,0,5,394
03_066_016,645,367,0,367,0,6,361
03_066_017,597,336,0,336,0,2,334
03_066_018,739,366,0,366,0,1,365
03_066_019,618,306,0,306,0,3,303
03_066_020,635,343,0,343,0,3,340
03_066_021,611,289,0,289,0,4,285
03_066_022,639,361,0,361,0,2,359
03_066_023,589,284,0,284,0,5,279
03_066_024,588,247,0,247,0,9,238
03_066_025,674,382,1,381,-1,1,380
03_066_026,629,363,0,363,0,3,360
03_066_027,654,316,1,314,-2,7,307
03_066_028,627,292,0,292,0,3,289
03_066_029,727,350,0,350,0,2,348
03_066_030,772,306,0,306,0,3,303
03_067_001,819,462,0,462,0,5,457
03_067_002,811,406,0,406,0,3,403
03_067_003,986,538,0,536,-2,11,525
03_067_004,1064,594,0,594,0,4,590
03_067_005,1132,576,0,576,0,5,571
03_067_006,1098,515,0,515,0,7,508
03_067_007,1096,576,0,574,-2,18,556
03_067_008,1183,590,0,589,-1,15,574
03_067_009,216,79,0,78,-1,1,77
03_067_010,378,182,0,182,0,0,182
03_068_001,974,480,0,477,-3,3,474
03_068_002,909,502,2,498,-4,5,493
03_069_001,543,332,0,332,0,8,324
03_070_001,1128,559,0,559,0,9,550
03_071_001,577,308,0,307,-1,3,304
03_071_002,630,345,0,345,0,7,338
03_072_001,551,240,0,240,0,3,237
03_073_001,974,606,0,606,0,6,600
03_073_002,761,500,0,499,-1,9,490
03_073_003,104,65,0,65,0,4,61
03_074_001,623,425,0,425,0,8,417
03_075_001,1383,802,0,801,-1,7,794
03_076_001,771,420,0,420,0,9,411
03_076_002,940,462,0,462,0,7,455
03_076_003,751,320,0,320,0,3,317
03_076_004,778,423,0,423,0,8,415
03_076_005,862,558,0,557,-1,5,552
03_076_006,980,514,0,514,0,9,505
03_076_007,1091,562,0,562,0,19,543
03_076_008,313,137,0,137,0,2,135
03_077_001,1390,638,0,638,0,26,612
03_078_001,992,583,0,583,0,7,576
03_078_002,974,615,0,613,-2,6,607
03_078_003,1113,663,0,663,0,9,654
03_078_004,1151,522,0,519,-3,2,517
03_078_005,1210,499,0,496,-3,18,478
03_078_006,1256,629,0,627,-2,4,623
03_078_007,1307,522,0,521,-1,9,512
03_078_008,586,272,0,272,0,6,266
03_078_009,545,245,0,245,0,1,244
03_079_001,801,391,0,391,0,4,387
03_079_002,657,346,0,346,0,3,343
03_079_003,905,440,0,440,0,4,436
03_079_004,1124,583,0,583,0,6,577
03_079_005,460,168,0,167,-1,1,166
03_080_001,751,406,1,406,0,8,398
03_080_002,763,429,0,429,0,7,422
03_080_003,712,379,0,378,-1,9,369
03_081_001,400,256,0,256,0,5,251
03_082_001,736,414,0,414,0,19,395
03_082_002,748,462,0,462,0,4,458
03_082_003,763,389,0,389,0,19,370
03_082_004,816,401,0,399,-2,20,379
03_082_005,790,372,0,372,0,18,354
03_082_006,81,37,0,37,0,2,35
03_083_001,649,298,0,298,0,4,294
03_083_002,637,385,0,385,0,9,376
03_084_001,331,211,0,211,0,1,210
03_085_001,932,497,0,497,0,6,491
03_085_002,851,445,0,445,0,14,431
03_086_001,820,436,0,436,0,8,428
03_086_002,581,385,0,385,0,9,376
03_087_001,944,596,0,596,0,10,586
03_087_002,901,526,0,526,0,8,518
03_088_001,352,219,0,219,0,2,217
03_089_001,921,383,0,383,0,8,375
03_089_002,887,417,0,417,0,3,414
03_089_003,811,348,0,348,0,4,344
03_090_001,612,351,0,350,-1,5,345
03_091_001,936,451,0,451,0,5,446
03_092_001,686,354,0,354,0,6,348
03_092_002,670,336,0,335,-1,7,328
03_093_001,646,391,0,391,0,3,388
03_093_002,558,279,0,279,0,6,273
03_094_001,745,445,0,445,0,9,436
03_095_001,1020,551,0,551,0,13,538
03_096_001,687,396,0,396,0,4,392
03_096_002,889,477,0,474,-3,3,471
03_096_003,671,375,0,375,0,9,366
03_096_004,863,509,0,510,1,14,496
03_096_005,929,499,0,498,-1,8,490
03_096_006,1005,470,0,469,-1,8,461
03_097_001,1056,709,0,708,-1,19,689
03_098_001,1094,725,0,724,-1,5,719
03_098_002,1141,677,1,677,0,7,670
03_098_003,883,553,0,552,-1,13,539
03_098_004,884,502,0,502,0,14,488
03_098_005,855,473,0,471,-2,11,460
03_098_006,823,471,0,471,0,10,461
03_099_001,996,494,0,494,0,13,481
03_099_002,902,440,0,440,0,7,433
03_099_003,977,457,0,457,0,10,447
03_100_001,605,294,0,294,0,1,293
03_100_002,658,323,0,323,0,8,315
03_100_003,681,386,0,386,0,8,378
03_100_004,639,322,0,322,0,6,316
03_100_005,650,328,0,328,0,5,323
03_100_006,679,356,0,356,0,8,348
03_100_007,685,378,0,378,0,7,371
03_100_008,272,114,0,114,0,0,114
03_101_001,935,530,0,530,0,9,521
03_102_001,747,391,0,390,-1,11,379
03_102_002,878,476,0,475,-1,16,459
03_102_003,728,397,0,397,0,13,384
03_103_001,970,630,0,629,-1,8,621
03_103_002,880,569,0,569,0,10,559
03_104_001,573,249,0,249,0,4,245
03_104_002,928,596,0,596,0,8,588
03_105_001,1087,651,1,650,-1,13,637
03_106_001,865,486,0,486,0,7,479
03_107_001,1122,562,0,562,0,10,552
03_107_002,1141,521,0,521,0,10,511
03_108_001,949,594,0,593,-1,6,587
03_109_001,652,452,0,451,-1,13,438
03_109_002,666,422,0,422,0,6,416
03_110_001,725,345,0,345,0,8,337
03_110_002,755,383,0,383,0,4,379
03_110_003,816,436,0,436,0,10,426
03_110_004,732,352,0,352,0,6,346
03_110_005,889,542,0,542,0,5,537
03_111_001,1253,608,0,607,-1,7,600
03_111_002,1225,690,0,688,-2,5,683
03_111_003,1152,713,0,712,-1,5,707
03_111_004,1219,593,0,593,0,4,589
03_111_005,1181,548,0,546,-2,2,544
03_111_006,1069,463,0,463,0,5,458
03_111_007,691,252,0,252,0,1,251
03_111_008,400,160,0,160,0,8,152
03_111_009,650,296,0,294,-2,2,292
03_111_010,310,113,0,113,0,1,112
03_112_001,641,383,0,383,0,11,372
03_113_001,704,267,0,266,-1,4,262
03_113_002,658,319,0,318,-1,6,312
03_113_003,707,356,0,356,0,6,350
03_113_004,699,319,0,319,0,6,313
03_113_005,837,302,0,302,0,3,299
03_114_001,715,365,0,365,0,7,358
03_115_001,134,100,0,100,0,2,98
03_116_001,303,239,0,238,-1,8,230
03_117_001,888,507,0,507,0,11,496
03_117_002,983,588,0,589,1,18,571
03_117_003,840,507,0,507,0,8,499
03_118_001,930,623,0,623,0,6,617
03_118_002,799,472,0,472,0,8,464
03_119_001,564,373,0,373,0,8,365
04_001_001,629,292,0,292,0,8,284
04_002_001,668,351,0,351,0,14,337
04_002_002,625,361,0,361,0,9,352
04_002_003,545,271,0,271,0,2,269
04_002_004,768,392,0,392,0,11,381
04_002_005,838,466,0,466,0,13,453
04_002_006,789,435,0,434,-1,18,416
04_003_001,1068,540,0,540,0,5,535
04_003_002,972,491,0,491,0,6,485
04_003_003,1031,640,0,640,0,5,635
04_003_004,1075,688,0,688,0,8,680
04_003_005,1001,593,0,592,-1,9,583
04_003_006,1151,708,0,709,1,19,690
04_003_007,840,469,0,469,0,6,463
04_003_008,888,487,0,487,0,3,484
04_003_009,911,570,0,570,0,4,566
04_003_010,934,424,0,424,0,6,418
04_003_011,759,400,0,398,-2,6,392
04_003_012,928,352,0,352,0,10,342
04_003_013,848,487,0,487,0,6,481
04_003_014,854,508,0,507,-1,6,501
04_003_015,820,461,0,461,0,13,448
04_003_016,871,383,0,378,-5,11,367
04_004_001,650,387,0,387,0,6,381
04_004_002,552,345,0,345,0,1,344
04_004_003,585,380,0,380,0,3,377
04_004_004,853,573,1,572,-1,1,571
04_004_005,810,563,0,563,0,1,562
04_004_006,497,330,0,328,-2,3,325
04_004_007,754,437,0,437,0,5,432
04_004_008,559,306,0,306,0,1,305
04_004_009,1052,644,0,644,0,5,639
04_004_010,676,398,0,398,0,3,395
04_004_011,868,561,0,561,0,5,556
04_004_012,536,267,0,267,0,3,264
04_004_013,448,272,0,272,0,4,268
04_004_014,595,346,0,346,0,1,345
04_004_015,759,525,0,525,0,3,522
04_004_016,739,369,0,369,0,2,367
04_004_017,789,445,0,445,0,6,439
04_004_018,511,303,0,303,0,5,298
04_004_019,865,518,0,518,0,1,517
04_004_020,782,450,0,450,0,4,446
04_004_021,652,386,0,386,0,0,386
04_004_022,671,343,0,342,-1,4,338
04_004_023,570,294,0,295,1,13,282
04_004_024,495,248,0,248,0,2,246
04_004_025,439,235,0,235,0,2,233
04_004_026,467,232,0,232,0,1,231
04_004_027,616,322,0,321,-1,4,317
04_004_028,882,530,0,530,0,2,528
04_004_029,757,481,0,481,0,0,481
04_004_030,876,573,1,572,-1,5,567
04_004_031,573,325,0,325,0,3,322
04_004_032,692,318,2,316,-2,0,316
04_004_033,661,350,0,350,0,3,347
04_004_034,560,344,0,344,0,2,342
04_004_035,735,412,0,412,0,3,409
04_004_036,663,386,0,386,0,1,385
04_004_037,635,345,0,343,-2,3,340
04_004_038,611,382,0,382,0,4,378
04_004_039,643,341,0,341,0,1,340
04_004_040,517,275,0,274,-1,2,272
04_004_041,903,444,0,444,0,3,441
04_004_042,754,447,0,447,0,1,446
04_004_043,567,385,0,385,0,4,381
04_004_044,778,427,0,427,0,4,423
04_004_045,540,282,0,282,0,4,278
04_004_046,858,469,0,469,0,0,469
04_004_047,910,517,0,513,-4,4,509
04_004_048,941,553,0,553,0,3,550
04_004_049,710,389,0,388,-1,2,386
04_004_050,840,497,0,497,0,1,496
04_004_051,915,525,0,525,0,7,518
04_004_052,784,397,0,396,-1,0,396
04_004_053,538,358,0,358,0,0,358
04_004_054,158,65,0,65,0,0,65
04_004_055,235,120,0,120,0,0,120
04_004_056,728,431,0,431,0,3,428
04_004_057,817,471,0,470,-1,2,468
04_004_058,675,375,0,375,0,1,374
04_004_059,572,262,0,261,-1,2,259
04_004_060,806,479,0,479,0,2,477
04_004_061,254,104,0,104,0,1,103
04_004_062,1145,634,0,633,-1,7,626
04_004_063,695,430,0,430,0,0,430
04_004_064,859,546,0,546,0,1,545
04_004_065,552,338,0,338,0,3,335
04_004_066,475,270,0,269,-1,4,265
04_004_067,819,394,0,394,0,0,394
04_004_068,771,419,1,418,-1,4,414
04_005_001,579,307,0,307,0,9,298
04_005_002,635,322,0,322,0,11,311
04_005_003,609,278,0,278,0,6,272
04_006_001,498,333,0,332,-1,3,329
04_006_002,409,260,0,260,0,4,256
04_006_003,424,231,0,231,0,7,224
04_006_004,447,315,0,315,0,6,309
04_006_005,661,409,0,409,0,12,397
04_006_006,504,328,0,328,0,4,324
04_006_007,34,23,0,23,0,3,20
04_007_001,729,520,0,520,0,8,512
04_008_001,709,478,0,477,-1,6,471
04_009_001,860,434,1,433,-1,5,428
04_009_002,875,441,0,441,0,5,436
04_010_001,669,427,0,427,0,9,418
04_010_002,697,417,0,417,0,6,411
04_010_003,74,30,0,30,0,1,29
04_011_001,233,166,0,165,-1,4,161
04_012_001,939,503,0,503,0,7,496
04_012_002,1026,470,0,469,-1,9,460
04_013_001,333,245,0,245,0,3,242
04_014_001,784,346,0,346,0,11,335
04_014_002,796,294,0,294,0,5,289
04_014_003,787,328,0,328,0,7,321
04_014_004,690,272,0,272,0,10,262
04_014_005,779,303,0,303,0,2,301
04_015_001,727,324,0,300,-24,4,296
04_015_002,784,414,0,414,0,2,412
04_015_003,744,386,0,386,0,6,380
04_015_004,658,368,0,367,-1,10,357
04_015_005,598,361,0,361,0,11,350
04_015_006,641,333,0,333,0,4,329
04_015_007,771,431,0,431,0,5,426
04_015_008,738,371,0,371,0,10,361
04_016_001,770,308,0,308,0,8,300
04_016_002,642,357,0,357,0,9,348
04_016_003,727,390,0,390,0,18,372
04_016_004,615,341,0,341,0,6,335
04_016_005,607,302,0,302,0,13,289
04_017_001,599,373,0,374,1,17,357
04_017_002,512,303,0,302,-1,2,300
04_017_003,376,210,0,209,-1,4,205
04_018_001,428,304,0,304,0,7,297
04_019_001,903,540,0,540,0,16,524
04_020_001,465,289,0,287,-2,6,281
04_020_002,604,365,0,365,0,5,360
04_020_003,618,377,0,377,0,2,375
04_020_004,614,378,0,378,0,16,362
04_020_005,663,405,0,403,-2,10,393
04_020_006,623,371,0,371,0,16,355
04_021_001,839,533,0,533,0,9,524
04_021_002,832,542,0,542,0,10,532
04_021_003,870,527,0,527,0,18,509
04_021_004,953,541,0,541,0,17,524
04_021_005,924,595,0,596,1,27,569
04_022_001,929,460,0,457,-3,4,453
04_022_002,934,578,0,578,0,4,574
04_022_003,999,516,0,516,0,4,512
04_023_001,490,324,0,324,0,5,319
04_023_002,456,325,0,325,0,12,313
04_024_001,548,388,0,388,0,0,388
04_025_001,1354,777,0,777,0,11,766
04_025_002,1364,727,0,727,0,5,722
04_025_003,632,380,0,379,-1,3,376
04_025_004,630,323,0,323,0,2,321
04_025_005,705,320,0,320,0,4,316
04_025_006,617,268,0,268,0,1,267
04_025_007,1284,679,0,678,-1,5,673
04_025_008,710,321,0,321,0,1,320
04_025_009,696,343,0,343,0,6,337
04_025_010,1149,512,0,512,0,8,504
04_025_011,97,35,0,35,0,0,35
04_025_012,795,380,0,380,0,3,377
04_025_013,531,179,0,179,0,3,176
04_026_001,1127,730,0,730,0,9,721
04_026_002,1027,700,0,699,-1,9,690
04_026_003,609,374,0,374,0,3,371
04_026_004,695,447,0,447,0,2,445
04_026_005,666,325,0,325,0,4,321
04_026_006,1006,455,0,454,-1,3,451
04_026_007,1008,562,0,560,-2,4,556
04_026_008,1132,703,0,703,0,4,699
04_026_009,626,404,0,404,0,2,402
04_026_010,769,528,0,528,0,10,518
04_026_011,653,370,0,369,-1,6,363
04_026_012,664,346,0,345,-1,4,341
04_026_013,648,347,2,347,0,2,345
04_026_014,913,493,0,492,-1,1,491
04_026_015,790,530,1,529,-1,3,526
04_026_016,882,529,0,529,0,2,527
04_026_017,659,389,0,389,0,3,386
04_026_018,740,431,0,431,0,2,429
04_026_019,1211,650,0,647,-3,12,635
04_026_020,704,457,0,457,0,4,453
04_026_021,866,548,0,548,0,5,543
04_026_022,821,530,0,530,0,8,522
04_026_023,1019,633,0,632,-1,6,626
04_026_024,682,354,0,354,0,2,352
04_026_025,937,590,0,590,0,4,586
04_026_026,805,426,0,426,0,4,422
04_026_027,629,324,0,321,-3,1,320
04_026_028,625,362,0,361,-1,2,359
04_026_029,635,333,0,333,0,1,332
04_026_030,139,58,0,58,0,1,57
04_027_001,510,326,0,323,-3,7,316
04_028_001,469,332,0,331,-1,6,325
04_028_002,339,239,0,239,0,8,231
04_029_001,462,258,0,258,0,5,253
04_030_001,653,383,0,383,0,6,377
04_031_001,683,379,0,379,0,4,375
04_031_002,636,375,0,375,0,6,369
04_031_003,136,60,0,60,0,1,59
04_032_001,279,171,0,171,0,7,164
04_033_001,623,327,0,326,-1,15,311
04_033_002,697,420,0,420,0,13,407
04_034_001,751,390,0,389,-1,12,377
04_034_002,701,378,0,380,2,28,352
04_034_003,811,422,0,422,0,10,412
04_034_004,564,255,0,255,0,9,246
04_035_001,725,485,0,485,0,13,472
04_035_002,301,143,0,141,-2,3,138
04_036_001,349,224,0,223,-1,11,212
04_037_001,555,293,0,293,0,11,282
04_037_002,618,360,0,360,0,4,356
04_037_003,599,295,0,295,0,7,288
04_037_004,549,257,0,257,0,3,254
04_037_005,610,296,0,296,0,9,287
04_037_006,597,338,0,338,0,6,332
04_037_007,387,166,0,165,-1,1,164
04_038_001,792,481,3,481,0,7,474
04_038_002,875,458,0,458,0,7,451
04_038_003,842,543,0,543,0,7,536
04_038_004,867,566,0,566,0,6,560
04_039_001,459,308,0,307,-1,15,292
04_040_001,607,282,0,282,0,2,280
04_040_002,661,320,0,320,0,5,315
04_040_003,623,311,0,311,0,4,307
04_041_001,353,209,1,209,0,10,199
04_042_001,549,328,0,328,0,8,320
04_042_002,572,330,0,330,0,8,322
04_043_001,629,322,0,322,0,8,314
04_043_002,604,323,0,323,0,4,319
04_043_003,776,354,0,354,0,10,344
04_044_001,701,467,0,466,-1,13,453
04_044_002,593,379,0,379,0,10,369
04_045_001,565,363,0,363,0,9,354
04_045_002,455,274,0,274,0,2,272
04_045_003,536,323,0,324,1,19,305
04_046_001,171,115,0,115,0,2,113
04_047_001,474,301,0,300,-1,15,285
04_047_002,247,159,0,158,-1,11,147
04_048_001,945,551,0,550,-1,22,528
04_048_002,787,506,0,506,0,7,499
04_048_003,760,450,1,449,-1,21,428
04_048_004,242,107,0,107,0,2,105
04_049_001,1003,444,0,442,-2,21,421
04_049_002,964,482,1,482,0,18,464
04_049_003,996,568,0,568,0,6,562
04_049_004,1006,524,0,524,0,6,518
04_049_005,906,554,0,554,0,13,541
04_049_006,1052,437,0,436,-1,7,429
04_049_007,999,499,1,498,-1,1,497
04_049_008,942,456,0,454,-2,7,447
04_050_001,679,492,0,491,-1,8,483
04_050_002,75,55,0,55,0,5,50
04_051_001,653,322,0,321,-1,4,317
04_051_002,595,310,0,310,0,2,308
04_051_003,619,319,0,319,0,7,312
04_051_004,709,494,0,494,0,6,488
04_051_005,689,359,0,359,0,2,357
04_051_006,682,291,0,290,-1,5,285
04_052_001,768,438,1,437,-1,3,434
04_052_002,887,487,0,487,0,7,480
04_052_003,922,496,0,496,0,6,490
04_052_004,1011,555,0,555,0,10,545
04_052_005,890,425,0,425,0,11,414
04_053_001,826,589,0,581,-8,13,568
04_053_002,843,624,0,624,0,10,614
04_054_001,449,302,0,302,0,3,299
04_054_002,507,339,0,339,0,3,336
04_055_001,966,613,0,613,0,9,604
04_056_001,386,243,0,243,0,5,238
04_056_002,585,370,0,370,0,10,360
04_057_001,821,412,0,412,0,10,402
04_057_002,1071,621,0,621,0,10,611
04_057_003,911,474,0,473,-1,10,463
04_057_004,1044,606,0,606,0,6,600
04_058_001,870,522,0,522,0,14,508
04_058_002,891,557,0,555,-2,17,538
04_059_001,638,387,0,386,-1,1,385
04_059_002,1236,660,0,660,0,7,653
04_059_003,749,347,0,346,-1,5,341
04_059_004,993,614,0,614,0,8,606
04_059_005,821,439,0,439,0,1,438
04_059_006,467,285,0,284,-1,3,281
04_059_007,474,254,0,254,0,4,250
04_059_008,746,429,0,429,0,2,427
04_059_009,1167,653,0,650,-3,3,647
04_059_010,1089,588,0,587,-1,4,583
04_059_011,985,522,0,521,-1,4,517
04_059_012,113,55,0,55,0,1,54
04_059_013,481,262,0,262,0,2,260
04_059_014,1405,872,0,871,-1,11,860
04_059_015,896,475,0,475,0,1,474
04_059_016,721,377,0,377,0,3,374
04_059_017,1053,626,0,624,-2,11,613
04_059_018,949,562,0,561,-1,2,559
04_059_019,894,493,0,493,0,5,488
04_059_020,833,422,0,422,0,3,419
04_059_021,775,426,0,425,-1,5,420
04_059_022,444,270,0,270,0,3,267
04_059_023,365,197,0,197,0,3,194
04_059_024,818,378,0,375,-3,9,366
04_059_025,843,432,0,431,-1,7,424
04_059_026,593,264,0,264,0,2,262
04_059_027,627,285,0,285,0,9,276
04_059_028,147,60,0,60,0,1,59
04_059_029,141,76,0,76,0,0,76
04_059_030,585,355,0,355,0,0,355
04_059_031,63,29,0,29,0,0,29
04_060_001,268,196,0,195,-1,3,192
04_061_001,733,467,0,467,0,16,451
04_061_002,497,288,0,288,0,7,281
04_062_001,200,127,0,127,0,2,125
04_062_002,66,46,0,46,0,2,44
04_063_001,971,489,0,489,0,9,480
04_063_002,951,475,0,475,0,6,469
04_063_003,983,412,0,412,0,7,405
04_063_004,956,579,0,579,0,5,574
04_063_005,989,482,0,482,0,17,465
04_063_006,882,477,0,477,0,7,470
04_063_007,1010,575,0,574,-1,8,566
04_063_008,880,434,0,434,0,5,429
04_064_001,567,313,0,313,0,9,304
04_064_002,575,320,0,320,0,8,312
04_064_003,100,44,0,44,0,0,44
04_065_001,623,401,0,401,0,12,389
04_065_002,740,443,0,442,-1,4,438
04_065_003,684,397,0,396,-1,7,389
04_066_001,649,406,0,406,0,6,400
04_066_002,836,472,0,472,0,1,471
04_066_003,722,448,0,448,0,11,437
04_066_004,680,431,0,431,0,4,427
04_066_005,812,543,0,543,0,1,542
04_066_006,665,390,0,390,0,8,382
04_066_007,605,327,0,327,0,6,321
04_066_008,902,536,0,536,0,2,534
04_066_009,1048,743,0,742,-1,7,735
04_066_010,501,289,0,289,0,2,287
04_066_011,1164,682,2,679,-3,9,670
04_066_012,581,339,0,338,-1,1,337
04_066_013,762,400,0,400,0,5,395
04_066_014,864,474,1,474,0,3,471
04_066_015,205,109,0,109,0,1,108
04_066_016,203,104,0,104,0,2,102
04_066_017,362,186,0,186,0,0,186
04_066_018,548,279,0,279,0,0,279
04_067_001,986,531,0,531,0,5,526
04_067_002,1002,623,0,622,-1,12,610
04_067_003,820,439,0,438,-1,8,430
04_067_004,1006,572,0,572,0,5,567
04_067_005,960,475,0,475,0,9,466
04_067_006,1018,580,0,580,0,5,575
04_067_007,1029,435,0,435,0,10,425
04_068_001,632,340,0,340,0,6,334
04_069_001,600,337,0,337,0,5,332
04_069_002,664,355,0,355,0,5,350
04_070_001,462,258,0,258,0,2,256
04_070_002,648,353,0,353,0,6,347
04_070_003,485,313,0,315,2,30,285
04_070_004,491,292,0,292,0,1,291
04_070_005,499,226,0,226,0,5,221
04_070_006,483,253,0,253,0,2,251
04_070_007,731,436,0,436,0,4,432
04_070_008,790,432,0,432,0,9,423
04_071_001,762,397,0,397,0,4,393
04_071_002,656,342,0,340,-2,2,338
04_071_003,668,355,0,355,0,9,346
04_071_004,701,430,0,430,0,7,423
04_071_005,726,404,0,404,0,13,391
04_071_006,585,298,0,298,0,3,295
04_072_001,79,53,0,53,0,3,50
04_073_001,971,592,0,592,0,9,583
04_074_001,672,361,0,360,-1,3,357
04_074_002,645,364,0,364,0,9,355
04_074_003,716,425,0,425,0,7,418
04_074_004,653,415,0,415,0,7,408
04_074_005,879,445,0,443,-2,12,431
04_074_006,814,430,0,428,-2,13,415
04_074_007,792,307,0,307,0,4,303
04_075_001,599,392,0,390,-2,10,380
04_075_002,600,401,0,401,0,9,392
05_001_001,63,42,0,42,0,0,42
05_002_001,398,293,0,293,0,3,290
05_002_002,73,53,0,53,0,1,52
05_003_001,69,40,0,40,0,0,40
05_004_001,812,344,0,344,0,5,339
05_004_002,757,360,0,360,0,3,357
05_004_003,666,356,0,355,-1,4,351
05_005_001,133,99,0,99,0,1,98
05_006_001,117,67,0,67,0,3,64
05_007_001,134,103,0,103,0,2,101
05_008_001,430,332,0,332,0,6,326
05_009_001,566,341,0,341,0,7,334
05_010_001,570,298,0,298,0,7,291
05_011_001,219,146,0,146,0,2,144
05_012_001,71,64,0,64,0,2,62
05_013_001,151,127,0,127,0,1,126
05_014_001,319,253,0,253,0,2,251
05_015_001,105,75,0,75,0,2,73
05_016_001,1056,668,0,665,-3,24,641
05_017_001,731,441,0,438,-3,5,433
05_017_002,736,454,0,454,0,4,450
05_017_003,969,436,0,435,-1,13,422
05_017_004,801,509,0,508,-1,7,501
05_017_005,966,469,0,469,0,9,460
05_018_001,54,39,0,39,0,2,37
05_019_001,823,316,0,315,-1,27,288
05_019_002,824,382,0,381,-1,13,368
05_019_003,857,408,0,407,-1,18,389
05_020_001,839,556,0,556,0,7,549
05_020_002,1041,715,0,714,-1,7,707
05_021_001,682,466,0,447,-19,8,439
05_021_002,642,441,0,439,-2,13,426
05_022_001,779,503,0,503,0,18,485
05_023_001,532,377,0,375,-2,15,360
05_024_001,335,247,0,247,0,13,234
05_025_001,155,132,0,132,0,1,131
05_026_001,537,314,0,314,0,2,312
05_026_002,511,300,0,300,0,7,293
05_027_001,942,602,0,600,-2,23,577
05_028_001,24,21,0,21,0,0,21
05_029_001,936,538,0,538,0,9,529
05_029_002,1015,590,0,589,-1,2,587
05_030_001,868,552,0,552,0,18,534
05_031_001,215,175,0,175,0,3,172
05_032_001,749,439,0,439,0,11,428
05_033_001,962,514,0,514,0,15,499
05_034_001,763,560,0,560,0,8,552
05_035_001,654,455,0,455,0,7,448
05_036_001,693,470,0,470,0,6,464
05_037_001,789,454,0,454,0,10,444
05_037_002,866,496,0,495,-1,18,477
05_038_001,403,209,0,209,0,5,204
05_039_001,707,520,0,510,-10,18,492
05_040_001,1008,500,0,500,0,19,481
05_040_002,829,528,0,528,0,4,524
05_041_001,605,351,0,351,0,20,331
05_042_001,232,178,0,178,0,3,175
05_043_001,421,313,0,313,0,7,306
05_044_001,785,491,0,487,-4,7,480
05_044_002,806,485,0,485,0,6,479
05_044_003,650,353,0,351,-2,3,348
05_045_001,889,445,0,445,0,6,439
05_046_001,919,644,0,642,-2,21,621
05_047_001,190,148,0,148,0,16,132
05_048_001,78,46,0,46,0,1,45
05_049_001,734,511,0,511,0,10,501
05_050_001,146,99,0,99,0,3,96
05_051_001,773,482,0,477,-5,10,467
05_051_002,597,380,0,380,0,6,374
05_051_003,656,411,0,410,-1,2,408
05_052_001,1216,716,0,715,-1,9,706
05_053_001,594,385,0,385,0,3,382
05_053_002,727,435,0,435,0,5,430
05_054_001,118,104,0,104,0,2,102
05_055_001,931,650,0,650,0,11,639
05_056_001,816,569,0,569,0,6,563
05_057_001,132,92,0,92,0,0,92
05_058_001,789,347,0,347,0,12,335
05_058_002,714,402,0,401,-1,10,391
05_058_003,725,358,0,358,0,8,350
05_059_001,283,232,0,231,-1,3,228
05_060_001,815,611,0,611,0,8,603
05_061_001,320,261,1,260,-1,4,256
05_062_001,535,358,0,358,0,11,347
05_063_001,441,313,0,313,0,2,311
05_064_001,552,264,0,264,0,5,259
05_065_001,513,406,0,408,2,29,379
05_066_001,562,381,0,381,0,9,372
05_067_001,181,165,0,165,0,2,163
05_068_001,271,211,0,212,1,12,200
05_069_001,13,10,0,10,0,0,10
05_070_001,214,192,0,192,0,2,190
05_071_001,1138,757,0,752,-5,25,727
05_072_001,598,376,0,376,0,7,369
05_073_001,220,183,0,183,0,6,177
05_074_001,221,174,0,173,-1,1,172
05_075_001,924,554,0,554,0,11,543
05_075_002,978,695,0,694,-1,13,681
05_075_003,1070,614,0,613,-1,12,601
05_075_004,802,552,0,552,0,11,541
05_075_005,828,538,0,538,0,5,533
05_075_006,773,513,0,512,-1,17,495
05_075_007,1004,621,0,621,0,15,606
05_075_008,965,478,0,478,0,16,462
05_076_001,445,313,0,312,-1,6,306
05_077_001,731,364,0,364,0,3,361
05_077_002,780,448,0,448,0,3,445
05_077_003,781,377,1,376,-1,6,370
05_077_004,857,388,0,388,0,7,381
05_077_005,819,428,0,428,0,9,419
05_078_001,740,537,0,537,0,6,531
05_078_002,871,547,0,547,0,8,539
05_078_003,636,249,0,249,0,9,240
05_078_004,740,434,0,434,0,8,426
05_078_005,692,499,0,499,0,6,493
05_078_006,549,337,0,336,-1,5,331
05_078_007,468,252,0,251,-1,19,232
05_079_001,874,514,0,514,0,5,509
05_080_001,435,319,0,319,0,5,314
05_081_001,60,55,0,55,0,3,52
05_082_001,235,171,0,171,0,4,167
05_083_001,732,486,0,486,0,12,474
05_083_002,535,339,0,339,0,19,320
05_084_001,297,275,0,275,0,4,271
05_085_001,211,102,0,102,0,3,99
05_086_001,655,422,1,419,-3,26,393
05_087_001,162,139,0,137,-2,7,130
05_088_001,297,221,0,221,0,6,215
05_089_001,790,534,0,534,0,10,524
05_090_001,214,173,0,173,0,3,170
05_091_001,505,346,0,346,0,6,340
05_092_001,391,344,0,344,0,7,337
05_093_001,689,471,0,471,0,5,466
05_093_002,978,620,0,620,0,6,614
05_093_003,986,687,0,686,-1,20,666
05_093_004,603,409,0,409,0,8,401
05_093_005,948,567,0,566,-1,15,551
05_093_006,1011,581,1,580,-1,10,570
05_094_001,70,55,0,55,0,2,53
05_095_001,230,181,0,181,0,4,177
05_096_001,987,662,0,659,-3,15,644
05_096_002,930,675,0,672,-3,36,636
05_097_001,248,210,0,209,-1,11,198
05_098_001,314,263,0,263,0,6,257
05_099_001,103,97,0,97,0,8,89
05_100_001,241,207,0,207,0,2,205
05_101_001,242,180,0,180,0,6,174
05_102_001,147,92,0,92,0,3,89
05_103_001,32,26,0,26,0,0,26
05_104_001,134,116,0,116,0,3,113
05_105_001,180,148,0,148,0,1,147
05_106_001,64,53,0,53,0,3,50
05_107_001,272,227,0,227,0,4,223
05_108_001,428,300,0,300,0,6,294
05_109_001,585,270,0,270,0,5,265
05_109_002,553,290,0,290,0,7,283
05_109_003,648,348,0,348,0,9,339
05_109_004,209,91,0,91,0,5,86
05_110_001,613,382,0,382,0,13,369
05_111_001,485,416,0,416,0,6,410
05_112_001,70,61,0,61,0,1,60
05_113_001,691,476,0,475,-1,7,468
05_113_002,700,432,0,432,0,1,431
05_114_001,430,318,0,318,0,10,308
05_115_001,421,235,0,233,-2,8,225
05_116_001,618,427,0,426,-1,9,417
05_116_002,648,389,0,389,0,15,374
05_117_001,465,370,0,370,0,15,355
05_118_001,566,294,0,294,0,5,289
05_118_002,572,353,0,353,0,7,346
05_119_001,789,445,0,445,0,4,441
05_119_002,808,533,0,532,-1,6,526
05_120_001,117,77,0,77,0,2,75
05_121_001,92,81,0,81,0,3,78
05_122_001,211,183,0,183,0,8,175
05_123_001,613,345,0,345,0,9,336
05_123_002,644,327,0,327,0,4,323
05_124_001,811,541,0,541,0,6,535
05_125_001,233,161,0,161,0,3,158
05_126_001,791,540,0,540,0,19,521
05_127_001,555,461,1,458,-3,13,445
05_128_001,516,353,0,351,-2,6,345
05_129_001,120,117,0,116,-1,3,113
05_130_001,159,117,0,117,0,6,111
05_131_001,129,60,0,60,0,1,59
05_131_002,1073,662,0,662,0,9,653
05_132_001,239,178,0,177,-1,0,177
05_133_001,950,519,0,518,-1,12,506
05_133_002,866,498,0,498,0,12,486
05_133_003,900,560,0,565,5,65,500
05_134_001,160,133,0,133,0,9,124
05_135_001,291,234,0,234,0,1,233
05_136_001,126,111,0,111,0,0,111
05_137_001,662,531,0,530,-1,5,525
05_138_001,374,239,0,239,0,2,237
05_139_001,642,423,0,423,0,7,416
05_140_001,402,304,0,304,0,9,295
05_141_001,583,333,0,333,0,3,330
05_142_001,689,423,0,423,0,5,418
05_143_001,862,462,0,461,-1,10,451
05_144_001,79,52,0,52,0,1,51
05_145_001,897,608,0,608,0,12,596
05_146_001,80,62,0,62,0,0,62
05_147_001,645,402,0,402,0,3,399
05_147_002,610,330,0,330,0,10,320
05_148_001,391,291,0,290,-1,11,279
05_149_001,710,438,0,437,-1,6,431
05_149_002,593,345,0,345,0,14,331
05_150_001,223,172,0,172,0,5,167
05_151_001,685,441,0,441,0,10,431
05_151_002,651,459,1,458,-1,9,449
05_152_001,385,269,0,269,0,3,266
05_153_001,624,407,0,407,0,2,405
05_153_002,733,422,0,422,0,4,418
05_153_003,861,418,1,417,-1,6,411
05_153_004,1178,696,0,694,-2,3,691
05_153_005,801,472,0,472,0,4,468
05_153_006,868,359,0,357,-2,1,356
05_153_007,1086,367,0,367,0,6,361
05_153_008,902,344,0,344,0,3,341
05_153_009,604,364,0,364,0,1,363
05_153_010,586,340,0,340,0,3,337
05_153_011,1014,519,0,519,0,5,514
05_153_012,1122,432,0,431,-1,6,425
05_153_013,686,374,1,373,-1,3,370
05_153_014,862,421,0,421,0,3,418
05_153_015,553,242,0,242,0,1,241
05_153_016,960,398,0,396,-2,2,394
05_153_017,603,285,0,285,0,0,285
05_153_018,759,360,0,360,0,2,358
05_153_019,1101,495,0,495,0,1,494
05_153_020,661,292,0,292,0,2,290
05_153_021,595,319,0,319,0,3,316
05_153_022,583,270,0,270,0,2,268
05_153_023,594,331,0,330,-1,0,330
05_153_024,623,314,0,312,-2,2,310
05_153_025,781,373,1,373,0,3,370
05_153_026,707,360,0,360,0,6,354
05_154_001,418,249,0,249,0,5,244
05_155_001,127,101,0,101,0,3,98
05_156_001,109,100,0,100,0,0,100
05_157_001,704,549,1,549,0,9,540
05_158_001,351,232,0,232,0,8,224
05_159_001,927,530,0,530,0,8,522
05_160_001,58,38,0,38,0,0,38
05_161_001,660,399,0,399,0,3,396
05_161_002,635,374,0,381,7,48,333
05_162_001,131,114,0,114,0,9,105
05_163_001,126,82,0,82,0,3,79
05_163_002,451,297,0,297,0,9,288
05_164_001,132,100,0,100,0,3,97
05_165_001,666,415,0,416,1,25,391
05_165_002,620,353,0,353,0,10,343
05_166_001,237,182,0,182,0,2,180
05_167_001,257,160,0,160,0,7,153
05_168_001,168,134,0,134,0,6,128
05_169_001,238,165,0,165,0,3,162
05_170_001,877,539,0,539,0,3,536
05_170_002,979,618,0,618,0,8,610
05_171_001,123,94,0,94,0,1,93
05_172_001,194,159,0,159,0,0,159
05_173_001,464,273,0,273,0,4,269
05_174_001,237,199,0,198,-1,5,193
05_175_001,458,277,0,277,0,5,272
05_176_001,876,551,0,551,0,7,544
05_177_001,319,230,0,230,0,5,225
05_178_001,133,118,0,118,0,4,114
05_179_001,487,314,0,314,0,16,298
05_179_002,670,424,0,423,-1,11,412
05_180_001,442,361,0,357,-4,8,349
05_181_001,192,124,0,124,0,3,121
05_182_001,203,161,0,161,0,3,158
05_183_001,1143,825,0,825,0,16,809
05_184_001,325,173,0,173,0,9,164
05_185_001,205,141,1,140,-1,1,139
05_186_001,34,26,0,26,0,2,24
05_187_001,634,430,0,430,0,10,420
05_188_001,276,191,0,184,-7,9,175
05_189_001,880,624,0,624,0,7,617
05_189_002,765,566,0,566,0,9,557
05_190_001,837,489,1,489,0,4,485
05_190_002,750,430,0,429,-1,4,425
05_190_003,609,400,0,396,-4,6,390
05_190_004,625,420,0,420,0,3,417
05_190_005,665,456,0,456,0,6,450
05_191_001,390,289,0,289,0,4,285
05_192_001,628,322,0,322,0,10,312
05_192_002,645,427,0,427,0,10,417
05_192_003,646,413,0,413,0,7,406
05_193_001,141,100,0,99,-1,7,92
05_194_001,935,493,1,505,12,75,430
05_194_002,886,470,0,469,-1,9,460
05_194_003,937,532,0,531,-1,6,525
05_194_004,883,422,0,422,0,9,413
05_194_005,948,514,0,514,0,11,503
05_195_001,574,261,0,261,0,7,254
05_195_002,550,299,0,299,0,11,288
05_195_003,575,311,0,311,0,8,303
05_195_004,541,235,0,235,0,4,231
05_195_005,653,250,0,250,0,0,250
05_196_001,913,581,0,581,0,9,572
05_196_002,785,437,0,436,-1,2,434
05_196_003,825,466,0,465,-1,5,460
05_196_004,847,374,0,374,0,2,372
05_196_005,917,323,0,323,0,6,317
05_196_006,752,328,0,328,0,3,325
05_196_007,754,423,0,419,-4,2,417
05_196_008,757,441,0,441,0,1,440
05_196_009,734,455,0,455,0,5,450
05_196_010,1003,507,0,504,-3,5,499
05_196_011,943,441,0,441,0,6,435
05_196_012,699,370,0,370,0,1,369
05_196_013,804,437,0,437,0,6,431
05_196_014,644,359,0,359,0,5,354
05_196_015,705,447,0,446,-1,7,439
05_196_016,766,447,0,446,-1,1,445
05_197_001,787,537,0,537,0,11,526
05_198_001,719,379,0,379,0,6,373
05_198_002,626,370,0,370,0,12,358
05_199_001,933,663,0,663,0,10,653
05_199_002,849,628,0,627,-1,21,606
05_200_001,541,324,0,322,-2,7,315
05_200_002,542,395,0,395,0,5,390
05_201_001,427,306,0,306,0,5,301
05_202_001,872,388,0,388,0,2,386
05_202_002,903,370,0,369,-1,9,360
05_202_003,867,442,0,441,-1,5,436
05_202_004,839,373,0,371,-2,4,367
05_202_005,850,457,0,457,0,4,453
05_202_006,1095,491,1,488,-3,10,478
05_202_007,1076,528,0,528,0,5,523
05_202_008,823,571,0,571,0,3,568
05_202_009,803,525,0,524,-1,2,522
05_202_010,807,469,0,469,0,3,466
05_202_011,815,499,0,499,0,1,498
05_202_012,1097,709,0,709,0,7,702
05_202_013,1074,651,0,651,0,5,646
05_202_014,1145,702,0,702,0,2,700
05_202_015,913,489,0,487,-2,3,484
05_202_016,931,563,0,563,0,2,561
05_202_017,931,587,0,587,0,3,584
05_202_018,834,482,0,482,0,1,481
05_202_019,924,574,0,572,-2,5,567
05_202_020,1011,570,0,570,0,3,567
05_202_021,958,549,0,548,-1,4,544
05_202_022,1011,677,0,676,-1,1,675
05_202_023,715,416,0,415,-1,4,411
05_202_024,938,581,0,579,-2,1,578
05_202_025,892,480,0,480,0,3,477
05_202_026,890,563,1,563,0,5,558
05_202_027,960,548,0,548,0,3,545
05_202_028,1046,633,0,628,-5,4,624
05_202_029,955,488,0,488,0,7,481
05_202_030,935,385,0,385,0,2,383
05_202_031,950,399,0,399,0,2,397
05_202_032,963,425,0,426,1,14,412
05_202_033,962,437,0,437,0,3,434
05_202_034,949,351,0,350,-1,2,348
05_202_035,935,359,0,359,0,1,358
05_202_036,984,471,0,470,-1,3,467
05_202_037,960,355,0,355,0,4,351
05_202_038,961,356,0,356,0,4,352
05_202_039,980,464,0,464,0,2,462
05_202_040,947,386,0,386,0,7,379
05_202_041,941,400,0,400,0,2,398
05_202_042,932,417,0,417,0,3,414
05_202_043,940,654,0,654,0,0,654
05_202_044,956,519,0,518,-1,0,518
05_202_045,963,521,0,521,0,5,516
05_202_046,991,540,0,540,0,6,534
05_202_047,950,480,0,480,0,6,474
05_202_048,931,450,0,450,0,3,447
05_202_049,965,589,0,585,-4,4,581
05_202_050,1020,548,0,548,0,6,542
05_202_051,853,577,1,576,-1,5,571
05_202_052,742,520,0,520,0,3,517
05_202_053,814,452,0,452,0,1,451
05_202_054,1021,554,2,554,0,6,548
05_202_055,984,364,0,363,-1,12,351
05_202_056,985,392,0,393,1,16,377
05_202_057,933,516,0,516,0,0,516
05_202_058,940,659,0,658,-1,10,648
05_202_059,949,392,0,390,-2,3,387
05_202_060,906,450,0,450,0,3,447
05_202_061,943,480,0,480,0,4,476
05_202_062,918,437,2,437,0,2,435
05_202_063,880,452,0,452,0,4,448
05_202_064,935,519,0,519,0,3,516
05_202_065,889,532,0,532,0,0,532
05_202_066,858,522,0,522,0,1,521
05_202_067,1045,457,0,456,-1,2,454
05_202_068,949,563,0,563,0,6,557
05_202_069,920,506,0,506,0,1,505
05_202_070,923,527,0,530,3,33,497
05_202_071,1010,637,0,642,5,45,597
05_202_072,906,501,0,501,0,7,494
05_202_073,935,658,0,657,-1,5,652
05_202_074,980,582,0,581,-1,4,577
05_202_075,985,613,0,613,0,2,611
05_202_076,802,451,0,451,0,3,448
05_202_077,963,536,0,536,0,4,532
05_202_078,930,536,0,536,0,1,535
05_202_079,1027,581,0,581,0,5,576
05_202_080,966,503,0,503,0,4,499
05_202_081,912,457,0,457,0,7,450
05_202_082,932,496,0,494,-2,4,490
05_202_083,935,487,0,486,-1,3,483
05_202_084,892,486,0,486,0,1,485
05_202_085,1182,255,1,246,-9,22,224
05_202_086,839,385,0,385,0,2,383
05_202_087,946,549,0,549,0,3,546
05_202_088,939,578,0,578,0,5,573
05_202_089,962,466,0,466,0,1,465
05_202_090,935,438,0,435,-3,16,419
05_202_091,844,342,0,342,0,2,340
05_202_092,898,280,0,280,0,4,276
05_202_093,818,499,0,498,-1,2,496
05_202_094,907,590,0,590,0,4,586
05_202_095,896,586,0,586,0,2,584
05_202_096,879,451,3,451,0,4,447
05_202_097,886,479,0,479,0,2,477
05_202_098,890,483,0,482,-1,0,482
05_202_099,426,267,0,267,0,1,266
05_202_100,912,413,1,414,1,14,400
05_202_101,947,474,0,473,-1,3,470
05_202_102,919,424,0,424,0,1,423
05_202_103,929,467,0,467,0,0,467
05_202_104,904,509,0,507,-2,5,502
05_202_105,920,460,0,459,-1,2,457
05_202_106,921,451,1,449,-2,5,444
05_202_107,1011,548,0,548,0,4,544
05_202_108,983,521,0,521,0,6,515
05_202_109,922,561,0,561,0,6,555
05_202_110,918,509,0,509,0,1,508
05_202_111,947,573,0,573,0,8,565
05_202_112,915,559,1,559,0,4,555
05_202_113,956,524,0,524,0,2,522
05_202_114,951,285,0,286,1,17,269
05_202_115,946,370,0,370,0,6,364
05_202_116,917,425,0,424,-1,4,420
05_202_117,902,538,0,538,0,1,537
05_202_118,872,541,0,541,0,2,539
05_202_119,909,597,2,597,0,4,593
05_202_120,918,540,0,540,0,4,536
05_202_121,924,483,0,483,0,4,479
05_202_122,943,460,0,460,0,2,458
05_202_123,916,485,1,484,-1,5,479
05_202_124,897,486,0,484,-2,0,484
05_202_125,894,432,0,428,-4,2,426
05_202_126,858,523,0,521,-2,4,517
05_202_127,900,594,1,594,0,1,593
05_202_128,343,186,0,186,0,1,185
05_202_129,104,70,0,70,0,0,70
05_203_001,80,73,0,73,0,0,73
05_204_001,294,266,0,264,-2,8,256
05_205_001,600,393,0,393,0,9,384
05_205_002,606,447,0,447,0,10,437
05_206_001,399,279,0,279,0,4,275
05_207_001,749,423,0,423,0,6,417
05_207_002,721,367,0,366,-1,13,353
05_207_003,754,412,0,412,0,7,405
05_208_001,676,364,0,364,0,7,357
05_209_001,617,405,0,403,-2,7,396
05_210_001,37,30,0,30,0,1,29
05_211_001,214,135,0,135,0,2,133
05_212_001,500,359,0,359,0,9,350
05_213_001,540,219,0,219,0,2,217
05_214_001,713,472,0,470,-2,21,449
05_215_001,239,188,0,188,0,4,184
05_216_001,941,622,0,622,0,15,607
05_217_001,837,474,0,474,0,13,461
05_217_002,730,412,0,412,0,6,406
05_217_003,776,423,0,423,0,6,417
05_217_004,733,444,0,443,-1,5,438
05_217_005,1021,516,0,516,0,4,512
05_218_001,48,38,0,38,0,0,38
05_219_001,288,232,0,232,0,6,226
05_220_001,218,140,0,140,0,6,134
05_221_001,1160,710,0,710,0,15,695
05_222_001,738,417,0,417,0,11,406
05_222_002,818,392,0,392,0,14,378
05_222_003,907,554,0,554,0,2,552
05_222_004,891,527,0,526,-1,9,517
05_222_005,171,98,0,98,0,0,98
05_222_006,86,42,0,42,0,3,39
05_223_001,595,276,0,275,-1,5,270
05_223_002,562,285,0,279,-6,5,274
05_224_001,269,166,0,166,0,1,165
05_225_001,858,464,0,464,0,11,453
05_225_002,873,465,1,464,-1,8,456
05_226_001,582,258,0,258,0,2,256
05_226_002,825,363,0,363,0,3,360
05_226_003,889,460,0,459,-1,7,452
05_226_004,911,432,0,432,0,7,425
05_226_005,764,382,0,382,0,2,380
05_226_006,1200,668,0,665,-3,8,657
05_226_007,781,399,0,399,0,2,397
05_226_008,711,307,0,307,0,5,302
05_226_009,539,276,0,279,3,28,251
05_226_010,728,276,0,276,0,6,270
05_226_011,815,459,0,459,0,1,458
05_226_012,844,490,0,490,0,5,485
05_226_013,787,446,0,443,-3,5,438
05_226_014,765,379,0,379,0,3,376
05_226_015,720,412,0,412,0,2,410
05_226_016,609,410,0,410,0,2,408
05_226_017,643,373,0,373,0,1,372
05_226_018,291,178,0,178,0,1,177
05_226_019,629,254,0,251,-3,5,246
05_226_020,669,336,1,336,0,6,330
05_226_021,391,230,0,230,0,4,226
05_226_022,191,103,0,103,0,8,95
05_226_023,764,328,0,328,0,7,321
05_226_024,823,385,0,385,0,7,378
05_226_025,782,268,0,268,0,17,251
05_226_026,678,276,0,276,0,10,266
05_226_027,598,233,0,232,-1,11,221
05_226_028,709,326,0,326,0,8,318
05_226_029,199,76,0,75,-1,1,74
05_226_030,164,82,0,82,0,2,80
05_226_031,821,374,0,374,0,15,359
05_226_032,871,395,0,395,0,6,389
05_226_033,952,564,0,563,-1,3,560
05_226_034,739,369,0,369,0,3,366
05_226_035,887,404,0,403,-1,8,395
05_226_036,433,184,0,184,0,4,180
05_226_037,264,120,0,120,0,0,120
05_227_001,37,36,0,36,0,0,36
05_228_001,908,417,0,417,0,8,409
05_229_001,1101,667,0,666,-1,20,646
05_230_001,852,609,0,609,0,8,601
05_231_001,63,51,0,50,-1,3,47
05_232_001,279,217,0,217,0,6,211
05_233_001,15,12,0,12,0,0,12
05_234_001,564,333,0,333,0,5,328
05_235_001,912,448,0,447,-1,19,428
05_235_002,882,476,0,475,-1,19,456
05_236_001,181,132,0,132,0,0,132
05_237_001,149,131,0,131,0,10,121
05_238_001,719,392,0,391,-1,4,387
05_238_002,689,234,0,233,-1,14,219
05_238_003,508,283,0,283,0,9,274
05_238_004,616,359,0,359,0,4,355
05_238_005,636,228,0,227,-1,8,219
05_238_006,734,376,0,376,0,9,367
05_238_007,576,346,0,345,-1,11,334
05_238_008,302,132,0,132,0,7,125
05_239_001,469,275,0,275,0,9,266
05_240_001,498,353,0,353,0,11,342
05_241_001,628,485,0,485,0,25,460
05_242_001,210,130,0,129,-1,3,126
05_243_001,385,266,0,265,-1,10,255
05_244_001,771,510,0,508,-2,12,496
05_245_001,78,64,0,64,0,1,63
05_246_001,374,281,0,281,0,4,277
05_247_001,349,236,0,236,0,5,231
05_248_001,578,426,0,425,-1,43,382
05_248_002,595,427,0,427,0,35,392
05_249_001,640,389,0,387,-2,13,374
05_249_002,597,324,0,324,0,5,319
05_249_003,674,377,0,377,0,10,367
05_250_001,593,397,0,394,-3,8,386
05_251_001,701,354,0,354,0,8,346
05_251_002,649,290,0,289,-1,11,278
05_251_003,690,344,0,344,0,6,338
05_252_001,861,609,0,609,0,11,598
05_253_001,270,149,0,149,0,2,147
05_254_001,708,285,0,285,0,1,284
05_255_001,511,373,0,373,0,9,364
05_256_001,754,403,0,404,1,17,387
05_256_002,557,322,0,322,0,10,312
05_256_003,842,515,0,515,0,13,502
05_257_001,326,247,0,246,-1,3,243
05_258_001,1236,652,0,651,-1,19,632
05_259_001,1127,659,0,658,-1,15,643
05_259_002,1153,447,0,447,0,10,437
05_260_001,360,248,0,248,0,6,242
05_261_001,186,149,0,149,0,5,144
05_262_001,327,243,0,243,0,12,231
05_263_001,1233,760,0,759,-1,5,754
05_264_001,596,423,0,422,-1,4,418
05_265_001,1135,524,0,524,0,14,510
05_266_001,409,286,0,286,0,10,276
05_267_001,298,213,0,213,0,6,207
05_268_001,1095,554,0,554,0,12,542
05_268_002,611,290,0,290,0,1,289
05_268_003,637,302,0,302,0,1,301
05_268_004,1098,626,1,625,-1,5,620
05_268_005,1084,323,0,323,0,12,311
05_268_006,273,173,0,173,0,1,172
05_268_007,981,506,0,506,0,7,499
05_268_008,995,505,0,505,0,5,500
05_268_009,1239,559,0,559,0,9,550
05_268_010,1237,525,0,524,-1,3,521
05_269_001,900,545,0,544,-1,4,540
05_269_002,972,616,0,616,0,6,610
05_270_001,838,542,0,541,-1,8,533
05_270_002,806,452,0,452,0,9,443
05_271_001,600,349,0,349,0,5,344
05_272_001,1148,550,0,550,0,18,532
05_273_001,184,162,0,161,-1,6,155
05_274_001,763,505,0,505,0,1,504
05_274_002,230,133,0,133,0,4,129
05_274_003,632,424,0,424,0,4,420
05_274_004,592,414,0,414,0,3,411
05_274_005,584,354,0,354,0,1,353
05_274_006,473,294,0,294,0,1,293
05_274_007,732,432,0,432,0,2,430
05_274_008,563,288,0,288,0,7,281
05_274_009,586,357,0,357,0,2,355
05_274_010,688,413,0,413,0,2,411
05_274_011,639,399,0,399,0,3,396
05_274_012,633,403,0,403,0,4,399
05_274_013,421,219,0,219,0,4,215
05_274_014,573,376,0,376,0,2,374
05_274_015,642,367,0,367,0,6,361
05_274_016,234,118,0,118,0,2,116
05_274_017,112,67,0,67,0,0,67
05_275_001,803,382,0,381,-1,10,371
05_276_001,403,252,0,252,0,0,252
05_276_002,567,303,0,303,0,11,292
05_276_003,503,260,0,260,0,1,259
05_276_004,215,155,0,154,-1,2,152
05_276_005,606,370,0,370,0,8,362
05_276_006,595,253,0,253,0,4,249
05_276_007,702,346,0,346,0,2,344
05_276_008,667,269,0,269,0,6,263
05_276_009,676,358,0,358,0,5,353
05_276_010,739,414,0,413,-1,4,409
05_276_011,587,309,0,308,-1,4,304
05_276_012,730,401,0,401,0,3,398
05_276_013,664,423,0,423,0,3,420
05_276_014,621,339,0,339,0,4,335
05_276_015,709,400,0,400,0,2,398
05_276_016,657,401,0,401,0,3,398
05_276_017,598,343,0,342,-1,1,341
05_276_018,525,299,0,300,1,14,286
05_276_019,241,172,0,172,0,2,170
05_277_001,328,257,0,256,-1,6,250
05_278_001,402,264,0,264,0,18,246
05_279_001,773,628,0,628,0,22,606
05_280_001,29,23,0,23,0,0,23
05_281_001,175,134,0,134,0,2,132
05_282_001,134,115,0,115,0,5,110
05_283_001,368,264,1,263,-1,4,259
05_284_001,710,482,0,482,0,20,462
05_285_001,686,416,0,416,0,21,395
05_286_001,95,82,0,82,0,6,76
05_287_001,348,279,0,277,-2,19,258
05_288_001,187,151,0,150,-1,5,145
05_289_001,267,208,0,207,-1,6,201
05_290_001,613,431,0,426,-5,22,404
05_290_002,785,545,0,539,-6,29,510
05_290_003,693,468,0,466,-2,8,458
05_290_004,717,495,0,493,-2,17,476
05_291_001,1358,1009,0,1005,-4,27,978
05_292_001,598,326,2,326,0,6,320
05_292_002,674,369,0,367,-2,6,361
05_292_003,634,365,0,367,2,28,339
05_293_001,221,183,0,183,0,5,178
05_294_001,1229,797,0,795,-2,7,788
05_294_002,1002,661,0,662,1,18,644
05_294_003,1265,932,0,919,-13,1,918
05_294_004,1088,704,0,704,0,6,698
05_294_005,1041,623,0,623,0,6,617
05_294_006,1096,655,0,653,-2,14,639
05_294_007,449,307,0,306,-1,5,301
05_295_001,612,421,0,421,0,7,414
05_295_002,674,472,0,472,0,8,464
05_295_003,605,428,0,428,0,5,423
05_295_004,588,356,0,356,0,5,351
05_295_005,606,391,0,391,0,7,384
05_295_006,599,328,0,327,-1,5,322
05_295_007,594,336,0,334,-2,5,329
05_296_001,513,364,0,363,-1,8,355
05_297_001,160,133,0,131,-2,1,130
05_298_001,1014,642,0,642,0,17,625
05_298_002,859,578,0,578,0,4,574
05_298_003,773,447,0,447,0,4,443
05_298_004,823,488,0,488,0,7,481
05_299_001,1221,806,0,805,-1,16,789
05_300_001,485,305,0,305,0,1,304
05_301_001,101,76,0,76,0,3,73
05_302_001,109,95,0,95,0,2,93
05_303_001,777,410,0,410,0,4,406
05_304_001,822,545,0,543,-2,13,530
05_305_001,382,240,0,240,0,6,234
05_306_001,757,414,0,414,0,5,409
05_306_002,715,335,0,335,0,5,330
05_306_003,618,317,0,317,0,9,308
05_306_004,583,268,0,268,0,5,263
05_307_001,814,456,0,454,-2,20,434
05_308_001,676,461,0,461,0,11,450
05_308_002,679,449,0,449,0,9,440
05_309_001,1082,577,0,577,0,9,568
05_309_002,1075,539,0,539,0,15,524
05_310_001,916,607,0,607,0,13,594
05_311_001,814,437,0,436,-1,10,426
05_312_001,696,433,0,431,-2,10,421
05_312_002,651,456,0,455,-1,9,446
05_313_001,461,344,0,344,0,20,324
05_314_001,42,36,0,36,0,0,36
05_315_001,1034,661,0,661,0,13,648
05_316_001,251,199,0,199,0,0,199
05_317_001,349,216,0,216,0,2,214
05_318_001,312,236,0,236,0,8,228
05_319_001,765,435,0,435,0,14,421
05_319_002,788,416,0,415,-1,9,406
05_319_003,185,108,0,108,0,4,104
05_320_001,681,445,0,445,0,14,431
05_320_002,613,373,0,373,0,7,366
05_320_003,641,388,0,388,0,17,371
05_321_001,475,353,0,353,0,0,353
05_322_001,737,382,0,382,0,9,373
05_322_002,849,489,0,489,0,10,479
05_322_003,720,357,0,357,0,7,350
05_322_004,728,328,0,327,-1,14,313
05_322_005,744,364,0,361,-3,13,348
05_323_001,1163,754,0,754,0,14,740
05_324_001,318,277,0,269,-8,47,222
05_325_001,1041,495,0,495,0,15,480
05_326_001,647,361,0,360,-1,6,354
05_326_002,657,366,0,364,-2,13,351
05_326_003,199,122,0,122,0,0,122
05_326_004,700,378,0,378,0,1,377
05_326_005,713,365,0,365,0,2,363
05_326_006,690,476,0,476,0,1,475
05_326_007,766,447,0,444,-3,2,442
05_326_008,694,376,0,376,0,3,373
05_326_009,812,466,0,465,-1,2,463
05_326_010,609,329,0,329,0,2,327
05_326_011,863,505,0,505,0,3,502
05_326_012,713,393,0,393,0,2,391
05_326_013,742,405,0,405,0,0,405
05_326_014,797,427,0,427,0,2,425
05_326_015,760,428,0,427,-1,3,424
05_326_016,618,360,0,360,0,2,358
05_326_017,984,707,0,707,0,1,706
05_327_001,256,188,0,188,0,4,184
05_328_001,549,338,0,338,0,9,329
05_328_002,348,226,0,226,0,2,224
05_328_003,573,393,0,393,0,7,386
05_328_004,705,465,0,465,0,5,460
05_328_005,704,461,0,461,0,7,454
05_329_001,654,426,0,426,0,7,419
05_329_002,644,421,0,421,0,5,416
05_330_001,173,122,0,122,0,2,120
05_331_001,26,25,0,25,0,0,25
05_332_001,17,15,0,15,0,0,15
05_333_001,418,301,0,301,0,15,286
05_334_001,133,96,0,96,0,2,94
05_335_001,131,95,0,95,0,2,93
05_336_001,293,228,0,227,-1,6,221
05_337_001,149,98,0,98,0,1,97
05_338_001,247,137,0,137,0,4,133
05_339_001,623,428,0,428,0,14,414
05_340_001,487,253,0,253,0,6,247
05_341_001,970,636,0,636,0,9,627
05_342_001,887,683,0,683,0,19,664
05_343_001,50,36,0,36,0,1,35
05_344_001,713,506,0,509,3,41,468
05_345_001,129,106,0,105,-1,0,105
05_346_001,608,464,0,464,0,6,458
05_347_001,836,469,0,466,-3,18,448
05_348_001,214,141,0,141,0,5,136
05_349_001,412,240,0,240,0,12,228
05_350_001,56,48,0,48,0,0,48
05_351_001,595,434,0,433,-1,18,415
05_352_001,163,129,0,128,-1,9,119
05_353_001,320,234,0,234,0,8,226
05_354_001,472,309,0,308,-1,10,298
05_355_001,297,209,0,209,0,9,200
05_356_001,206,138,0,138,0,6,132
05_357_001,391,306,0,306,0,2,304
05_358_001,288,205,0,205,0,6,199
06_001_001,1086,748,0,748,0,6,742
06_001_002,1089,668,0,668,0,6,662
06_001_003,1097,680,0,680,0,12,668
06_001_004,1077,575,0,575,0,9,566
06_002_001,370,242,0,242,0,3,239
06_003_001,729,435,0,431,-4,10,421
06_003_002,787,461,0,460,-1,7,453
06_003_003,878,499,0,499,0,18,481
06_004_001,345,257,0,257,0,2,255
06_005_001,759,417,0,417,0,3,414
06_005_002,771,456,1,454,-2,7,447
06_005_003,728,432,0,432,0,6,426
06_005_004,466,170,0,169,-1,2,167
06_005_005,470,213,0,213,0,9,204
06_006_001,784,387,0,387,0,9,378
06_006_002,735,353,0,353,0,12,341
06_007_001,735,456,0,455,-1,7,448
06_007_002,739,578,1,577,-1,7,570
06_007_003,708,317,0,317,0,9,308
06_007_004,510,264,0,264,0,7,257
06_008_001,869,481,1,480,-1,3,477
06_008_002,894,498,0,498,0,5,493
06_008_003,884,328,0,328,0,7,321
06_009_001,349,239,0,239,0,2,237
06_010_001,731,429,0,428,-1,9,419
06_010_002,744,447,0,447,0,11,436
06_010_003,725,401,0,400,-1,10,390
06_011_001,685,362,0,362,0,5,357
06_011_002,726,414,0,414,0,9,405
06_011_003,716,347,0,347,0,8,339
06_012_001,782,599,0,599,0,16,583
06_012_002,675,447,0,447,0,7,440
06_013_001,988,564,1,563,-1,1,562
06_013_002,840,498,0,498,0,4,494
06_013_003,775,500,0,499,-1,1,498
06_013_004,917,470,0,470,0,7,463
06_013_005,781,437,0,437,0,3,434
06_013_006,877,445,0,444,-1,2,442
06_013_007,846,545,0,545,0,2,543
06_013_008,896,566,0,566,0,7,559
06_013_009,764,531,0,531,0,2,529
06_013_010,831,511,0,509,-2,6,503
06_013_011,649,405,0,405,0,4,401
06_013_012,768,508,0,508,0,4,504
06_013_013,862,568,0,568,0,3,565
06_013_014,725,472,0,472,0,7,465
06_013_015,521,231,0,231,0,3,228
06_013_016,772,429,3,426,-3,6,420
06_014_001,405,192,0,192,0,3,189
06_014_002,565,313,0,312,-1,8,304
06_014_003,140,68,1,68,0,1,67
06_015_001,922,564,0,564,0,6,558
06_015_002,759,444,0,444,0,4,440
06_015_003,752,392,0,392,0,5,387
06_015_004,734,431,0,431,0,8,423
06_016_001,898,478,0,477,-1,9,468
06_016_002,1108,568,0,567,-1,4,563
06_016_003,821,457,0,457,0,6,451
06_016_004,1161,621,0,621,0,5,616
06_017_001,424,255,0,255,0,6,249
06_017_002,156,81,0,81,0,0,81
06_018_001,353,194,0,194,0,6,188
06_019_001,531,385,0,385,0,17,368
06_019_002,526,353,0,353,0,0,353
06_019_003,506,347,0,347,0,2,345
06_020_001,508,319,0,319,0,1,318
06_020_002,406,217,0,217,0,6,211
06_021_001,539,330,0,330,0,2,328
06_022_001,746,405,0,404,-1,6,398
06_022_002,881,497,0,497,0,7,490
06_023_001,891,564,0,564,0,7,557
06_023_002,834,479,0,479,0,13,466
06_023_003,748,411,0,411,0,8,403
06_024_001,678,450,0,449,-1,4,445
06_024_002,629,386,1,385,-1,3,382
06_024_003,658,356,0,356,0,0,356
06_024_004,737,472,1,472,0,4,468
06_024_005,715,511,0,511,0,3,508
06_024_006,759,562,0,562,0,4,558
06_024_007,572,430,0,429,-1,5,424
06_024_008,564,401,0,401,0,2,399
06_024_009,584,438,0,438,0,1,437
06_024_010,685,496,0,496,0,4,492
06_024_011,754,527,0,527,0,2,525
06_024_012,616,423,0,421,-2,1,420
06_024_013,649,413,0,413,0,4,409
06_024_014,919,602,0,600,-2,3,597
06_024_015,685,425,0,425,0,8,417
06_024_016,804,475,0,475,0,7,468
06_024_017,956,667,0,667,0,4,663
06_024_018,821,591,0,590,-1,5,585
06_024_019,834,574,0,575,1,12,563
06_024_020,884,589,1,580,-9,3,577
06_024_021,775,524,0,523,-1,12,511
06_024_022,776,526,1,526,0,7,519
06_024_023,941,650,0,650,0,4,646
06_024_024,589,348,0,348,0,4,344
06_024_025,648,428,0,428,0,2,426
06_024_026,662,402,0,401,-1,0,401
06_024_027,636,418,0,418,0,3,415
06_024_028,696,447,0,447,0,6,441
06_024_029,583,353,0,353,0,3,350
06_024_030,610,412,0,412,0,3,409
06_024_031,572,341,0,341,0,4,337
06_024_032,779,515,0,515,0,6,509
06_024_033,785,494,0,494,0,4,490
06_024_034,888,594,1,593,-1,4,589
06_024_035,842,523,0,523,0,2,521
06_024_036,862,591,0,589,-2,3,586
06_024_037,814,561,0,561,0,2,559
06_024_038,833,597,0,596,-1,6,590
06_024_039,868,592,0,592,0,3,589
06_024_040,818,566,0,566,0,6,560
06_024_041,861,655,0,654,-1,8,646
06_024_042,228,149,0,149,0,2,147
06_024_043,404,251,0,248,-3,2,246
06_024_044,231,134,0,134,0,2,132
06_024_045,434,288,0,288,0,1,287
06_024_046,304,176,0,176,0,0,176
06_024_047,252,151,0,151,0,3,148
06_024_048,523,345,0,345,0,1,344
06_024_049,166,89,0,89,0,1,88
06_024_050,627,471,0,471,0,2,469
06_024_051,719,529,0,529,0,1,528
06_025_001,466,331,0,330,-1,3,327
06_026_001,991,634,0,634,0,10,624
06_026_002,921,519,0,519,0,7,512
06_026_003,1038,582,0,582,0,7,575
06_026_004,971,580,0,580,0,5,575
06_026_005,935,569,0,568,-1,10,558
06_026_006,1048,607,0,606,-1,6,600
06_027_001,785,463,0,463,0,13,450
06_027_002,785,379,0,378,-1,8,370
06_027_003,776,478,0,478,0,9,469
06_027_004,739,473,0,473,0,10,463
06_028_001,417,246,0,246,0,0,246
06_029_001,288,203,0,203,0,2,201
06_030_001,1219,728,0,728,0,17,711
06_031_001,524,282,0,281,-1,3,278
06_031_002,478,248,0,248,0,1,247
06_032_001,697,430,0,430,0,3,427
06_032_002,822,466,0,466,0,3,463
06_032_003,900,487,0,487,0,6,481
06_032_004,810,409,0,409,0,7,402
06_032_005,666,380,0,380,0,4,376
06_032_006,695,371,0,371,0,2,369
06_032_007,595,344,0,344,0,2,342
06_032_008,732,420,0,419,-1,8,411
06_032_009,893,355,0,351,-4,14,337
06_032_010,983,608,1,607,-1,2,605
06_032_011,992,443,0,443,0,32,411
06_032_012,666,420,0,420,0,4,416
06_032_013,928,572,0,572,0,8,564
06_032_014,819,495,0,495,0,8,487
06_032_015,902,539,0,539,0,11,528
06_032_016,666,409,0,409,0,1,408
06_032_017,722,433,0,433,0,4,429
06_032_018,829,444,0,444,0,0,444
06_032_019,646,394,0,394,0,1,393
06_032_020,723,419,0,419,0,2,417
06_032_021,815,521,0,521,0,0,521
06_032_022,732,419,6,417,-2,4,413
06_032_023,887,465,0,465,0,5,460
06_033_001,844,514,0,513,-1,7,506
06_033_002,866,497,0,495,-2,9,486
06_034_001,692,491,0,491,0,4,487
06_034_002,339,235,0,235,0,1,234
06_035_001,1107,652,3,649,-3,12,637
06_035_002,1115,635,0,635,0,13,622
06_035_003,1107,674,0,674,0,14,660
06_035_004,937,548,0,548,0,15,533
06_035_005,1026,559,0,559,0,14,545
06_036_001,713,429,0,429,0,9,420
06_036_002,785,452,0,451,-1,1,450
06_036_003,893,526,0,526,0,8,518
06_036_004,833,539,0,539,0,11,528
06_036_005,958,573,0,573,0,5,568
06_036_006,318,116,0,116,0,0,116
06_036_007,270,118,0,118,0,5,113
06_036_008,294,146,0,146,0,2,144
06_036_009,170,85,0,85,0,0,85
06_037_001,380,160,0,160,0,2,158
06_038_001,343,242,0,242,0,3,239
06_039_001,520,259,0,259,0,5,254
06_039_002,666,338,0,337,-1,9,328
06_039_003,480,273,0,273,0,6,267
06_039_004,382,211,0,211,0,5,206
06_039_005,123,72,0,72,0,2,70
06_040_001,316,191,0,191,0,4,187
06_041_001,364,216,0,215,-1,6,209
06_042_001,608,361,0,359,-2,9,350
06_042_002,446,259,0,259,0,5,254
06_042_003,312,153,0,153,0,1,152
06_042_004,148,75,0,75,0,0,75
06_043_001,402,278,0,278,0,3,275
06_043_002,142,73,0,73,0,1,72
06_044_001,557,364,0,364,0,10,354
06_044_002,498,345,0,345,0,2,343
06_045_001,865,455,0,455,0,4,451
06_046_001,744,528,0,527,-1,5,522
06_046_002,403,222,0,221,-1,0,221
06_047_001,1070,506,0,506,0,7,499
06_047_002,1319,700,0,700,0,2,698
06_047_003,534,195,0,195,0,4,191
06_048_001,1044,599,0,599,0,9,590
06_048_002,914,539,0,539,0,18,521
06_049_001,867,506,0,506,0,12,494
06_049_002,838,470,0,469,-1,9,460
06_049_003,677,421,0,421,0,6,415
06_049_004,721,404,0,404,0,11,393
06_049_005,812,500,0,500,0,2,498
06_049_006,838,554,0,554,0,9,545
06_049_007,775,475,0,475,0,4,471
06_049_008,708,429,0,429,0,10,419
06_049_009,518,219,0,219,0,1,218
06_050_001,998,457,0,457,0,3,454
06_050_002,1046,502,0,502,0,5,497
06_050_003,1060,507,0,507,0,5,502
06_050_004,1061,464,0,467,3,32,435
06_051_001,1237,607,0,606,-1,12,594
06_051_002,1145,618,0,618,0,5,613
06_051_003,1279,705,0,705,0,4,701
06_051_004,1131,633,0,633,0,9,624
06_051_005,990,600,0,600,0,4,596
06_051_006,1149,755,0,755,0,7,748
06_051_007,1314,818,0,817,-1,3,814
06_051_008,1215,620,1,619,-1,1,618
06_051_009,1242,629,0,630,1,16,614
06_051_010,941,516,0,516,0,6,510
06_051_011,1385,887,0,888,1,13,875
06_051_012,1161,690,0,690,0,1,689
06_051_013,1206,709,0,709,0,8,701
06_051_014,1383,712,0,710,-2,7,703
06_051_015,1058,575,0,568,-7,3,565
06_051_016,1272,750,0,750,0,5,745
06_051_017,1225,676,0,676,0,4,672
06_051_018,1266,837,1,837,0,3,834
06_051_019,1039,635,0,635,0,6,629
06_051_101,1208,775,0,774,-1,2,772
06_051_102,815,434,3,434,0,3,431
06_051_103,799,501,0,501,0,3,498
06_051_104,955,466,0,466,0,3,463
06_051_105,997,560,0,559,-1,2,557
06_051_106,1083,721,0,723,2,28,695
06_051_107,1273,838,0,838,0,2,836
06_051_108,1314,677,0,676,-1,4,672
06_051_109,1267,719,0,716,-3,5,711
06_051_110,952,518,0,518,0,3,515
06_051_111,1282,778,0,778,0,0,778
06_051_112,1204,676,1,675,-1,1,674
06_051_113,1145,568,0,570,2,26,544
06_051_114,1264,703,0,703,0,7,696
06_051_115,1197,663,0,663,0,6,657
06_051_116,1244,722,0,719,-3,3,716
06_051_117,1211,675,0,675,0,5,670
06_051_118,1324,844,0,843,-1,6,837
06_051_119,1161,777,0,777,0,3,774
06_051_201,1223,645,0,646,1,19,627
06_051_202,914,508,0,508,0,4,504
06_051_203,806,522,0,521,-1,1,520
06_051_204,980,471,0,471,0,2,469
06_051_205,1017,554,0,554,0,6,548
06_051_206,1052,705,0,705,0,1,704
06_051_207,1246,742,0,742,0,4,738
06_051_208,1284,680,0,679,-1,6,673
06_051_209,1322,725,0,724,-1,5,719
06_051_210,1126,643,0,647,4,44,603
06_051_211,1323,755,0,755,0,1,754
06_051_212,977,530,0,531,1,16,515
06_051_213,1142,658,0,657,-1,2,655
06_051_214,1225,616,0,616,0,13,603
06_051_215,1040,576,0,576,0,2,574
06_051_216,1250,759,0,759,0,11,748
06_051_217,1145,642,0,641,-1,5,636
06_051_218,1281,814,0,814,0,3,811
06_051_219,1253,865,1,868,3,31,837
06_051_301,980,477,0,477,0,4,473
06_051_302,1159,650,0,646,-4,9,637
06_051_303,883,581,0,581,0,3,578
06_051_304,978,524,0,524,0,5,519
06_051_305,1321,840,0,839,-1,7,832
06_051_306,1058,653,0,650,-3,4,646
06_051_307,1286,843,0,843,0,5,838
06_051_308,1265,640,0,640,0,4,636
06_051_309,1330,694,0,694,0,1,693
06_051_310,967,501,0,499,-2,3,496
06_051_311,1333,821,0,819,-2,7,812
06_051_312,1048,535,0,535,0,4,531
06_051_313,1062,605,0,604,-1,4,600
06_051_314,1375,703,0,702,-1,5,697
06_051_315,1152,615,0,615,0,4,611
06_051_316,1296,659,0,660,1,16,644
06_051_317,850,534,0,534,0,2,532
06_051_318,1284,837,0,836,-1,1,835
06_051_319,1138,680,0,680,0,4,676
06_051_401,675,409,0,409,0,3,406
06_051_402,985,586,1,585,-1,3,582
06_051_403,860,569,0,569,0,4,565
06_051_404,1182,662,0,662,0,3,659
06_051_405,1170,653,0,653,0,1,652
06_051_406,995,552,0,552,0,4,548
06_051_407,1291,678,0,677,-1,2,675
06_051_408,1323,694,0,694,0,8,686
06_051_409,1286,770,0,770,0,5,765
06_051_410,1204,402,0,400,-2,5,395
06_051_411,1168,770,0,770,0,7,763
06_051_412,914,464,0,464,0,0,464
06_051_413,1133,736,0,736,0,3,733
06_051_414,1282,600,0,600,0,7,593
06_051_415,1101,673,0,672,-1,2,670
06_051_416,1240,634,0,632,-2,6,626
06_051_417,1056,630,0,628,-2,4,624
06_051_418,1327,904,0,904,0,4,900
06_051_419,1005,665,0,664,-1,4,660
06_051_501,1127,560,0,559,-1,4,555
06_051_502,1033,625,0,624,-1,8,616
06_051_503,1067,631,0,630,-1,5,625
06_051_504,772,362,0,361,-1,9,352
06_051_505,1161,593,0,593,0,5,588
06_051_506,867,493,0,493,0,2,491
06_051_510,912,503,0,492,-11,3,489
06_051_512,1070,565,0,564,-1,7,557
06_051_513,1114,660,0,660,0,1,659
06_051_515,916,511,0,510,-1,6,504
06_051_517,1189,717,0,717,0,5,712
06_051_519,1088,636,0,636,0,4,632
06_051_601,587,361,0,362,1,13,349
06_051_602,780,504,0,504,0,3,501
06_051_603,1003,697,0,697,0,5,692
06_051_604,741,431,0,431,0,6,425
06_051_610,509,420,0,420,0,0,420
06_052_001,611,394,0,394,0,10,384
06_052_002,612,413,0,413,0,5,408
06_052_003,634,404,0,403,-1,4,399
06_052_004,786,508,0,508,0,6,502
06_052_005,781,456,0,456,0,7,449
06_053_001,685,486,0,487,1,13,474
06_053_002,544,349,0,349,0,4,345
06_053_003,632,379,0,379,0,7,372
06_053_004,48,14,0,14,0,0,14
06_053_005,188,105,0,105,0,0,105
06_053_006,1011,584,0,584,0,3,581
06_053_007,919,510,0,510,0,8,502
06_053_008,572,331,0,331,0,1,330
06_053_009,568,317,0,317,0,1,316
06_053_010,796,419,0,419,0,5,414
06_053_011,104,55,0,55,0,0,55
06_053_012,134,50,0,50,0,2,48
06_053_013,94,67,0,67,0,0,67
06_053_014,864,595,0,595,0,4,591
06_053_015,935,589,0,589,0,18,571
06_053_016,698,440,1,439,-1,1,438
06_053_017,760,417,0,417,0,5,412
06_053_018,585,363,0,363,0,2,361
06_053_019,617,371,0,371,0,4,367
06_053_020,596,374,0,374,0,6,368
06_053_021,852,532,0,532,0,4,528
06_053_022,718,456,0,456,0,6,450
06_053_023,662,402,0,391,-11,5,386
06_053_024,606,378,0,378,0,4,374
06_053_025,850,552,0,548,-4,2,546
06_053_026,722,439,1,437,-2,3,434
06_053_027,660,388,0,388,0,3,385
06_053_028,689,413,0,413,0,3,410
06_053_029,783,472,0,471,-1,9,462
06_053_030,616,407,0,405,-2,4,401
06_053_031,213,111,0,111,0,2,109
06_053_032,837,473,0,473,0,2,471
06_053_033,908,478,0,477,-1,16,461
06_053_034,76,31,0,31,0,1,30
06_053_035,154,91,0,91,0,1,90
06_054_001,819,483,0,482,-1,11,471
06_054_002,856,539,0,540,1,26,514
06_055_001,714,449,0,448,-1,0,448
06_055_002,784,440,1,439,-1,7,432
06_056_001,687,365,0,365,0,7,358
06_056_002,632,279,0,278,-1,4,274
06_057_001,844,612,0,612,0,13,599
06_057_002,793,554,0,553,-1,13,540
06_058_001,822,334,0,334,0,4,330
06_058_002,901,412,0,412,0,8,404
06_058_003,853,419,0,419,0,9,410
06_059_001,1125,651,1,647,-4,12,635
06_059_002,1110,673,0,673,0,9,664
06_060_001,904,509,0,509,0,9,500
06_060_002,917,535,0,535,0,2,533
06_060_003,1049,720,0,718,-2,6,712
07_001_001,1093,657,0,657,0,18,639
07_001_002,1014,629,0,629,0,9,620
07_001_003,202,152,0,152,0,2,150
07_001_004,184,115,0,115,0,4,111
07_001_005,1159,834,0,834,0,17,817
07_002_001,1045,461,0,461,0,6,455
07_002_002,1235,502,0,502,0,5,497
07_002_003,1046,506,0,507,1,16,491
07_003_001,785,469,0,469,0,4,465
07_003_002,658,359,0,359,0,6,353
07_004_001,478,286,0,286,0,7,279
07_004_002,711,386,0,386,0,5,381
07_005_001,455,256,0,256,0,3,253
07_006_001,788,401,0,401,0,6,395
07_006_002,867,472,0,472,0,9,463
07_006_003,848,460,0,460,0,7,453
07_007_001,135,100,0,100,0,1,99
07_008_001,384,199,0,199,0,3,196
07_008_002,352,215,0,215,0,0,215
07_009_001,710,389,0,389,0,4,385
07_009_002,665,381,1,381,0,14,367
07_009_003,799,493,1,492,-1,11,481
07_009_004,757,414,0,414,0,5,409
07_010_001,1208,629,0,629,0,11,618
07_010_002,1002,533,0,533,0,10,523
07_010_003,107,63,0,63,0,0,63
07_011_001,874,605,0,605,0,13,592
07_012_001,728,374,1,372,-2,3,369
07_012_002,775,439,0,439,0,10,429
07_013_001,1123,724,0,724,0,2,722
07_013_002,1188,604,0,602,-2,10,592
07_013_003,1092,618,0,618,0,2,616
07_013_004,1254,699,0,708,9,74,634
07_013_005,976,632,0,633,1,18,615
07_013_006,1116,726,0,726,0,4,722
07_013_007,1137,700,0,700,0,3,697
07_013_008,1197,618,0,618,0,5,613
07_014_001,751,485,0,485,0,5,480
07_014_002,732,507,0,507,0,8,499
07_014_003,709,494,0,494,0,8,486
07_014_004,952,609,0,607,-2,10,597
07_015_001,207,143,0,143,0,3,140
07_016_001,740,445,0,445,0,7,438
07_016_002,639,325,0,325,0,7,318
07_016_003,666,373,0,373,0,7,366
07_017_001,874,616,0,616,0,19,597
07_017_002,179,124,0,124,0,1,123
07_018_001,928,655,0,659,4,44,615
07_019_001,925,499,0,498,-1,8,490
07_019_002,723,417,0,417,0,5,412
07_019_003,917,522,0,522,0,6,516
07_019_004,968,475,0,475,0,6,469
07_019_005,824,389,0,386,-3,2,384
07_020_001,1302,903,0,900,-3,7,893
07_021_001,842,603,1,602,-1,6,596
07_021_002,716,483,0,482,-1,3,479
07_022_001,810,547,0,547,0,10,537
07_023_001,801,401,0,401,0,10,391
07_023_002,858,437,0,437,0,10,427
07_024_001,1160,659,0,662,3,39,623
07_024_002,1303,763,0,763,0,7,756
07_024_003,1250,738,2,737,-1,5,732
07_024_004,978,582,0,582,0,11,571
07_024_005,851,300,0,299,-1,0,299
07_024_006,901,525,0,525,0,1,524
07_024_007,1046,623,0,624,1,16,608
07_024_008,1039,588,0,588,0,5,583
07_024_009,1056,564,0,563,-1,7,556
07_024_010,1387,781,0,781,0,7,774
07_024_011,1277,737,0,738,1,19,719
07_024_012,1107,640,1,639,-1,9,630
07_024_013,1212,644,0,634,-10,9,625
07_024_014,1097,594,0,594,0,6,588
07_024_015,1265,667,0,663,-4,9,654
07_024_016,1237,653,0,653,0,12,641
07_024_017,978,533,0,532,-1,3,529
07_024_018,1325,752,0,751,-1,8,743
07_024_019,1267,698,0,697,-1,3,694
07_024_020,1003,608,0,608,0,5,603
07_024_021,1122,610,0,611,1,15,596
07_024_022,999,554,0,554,0,3,551
07_024_023,1129,585,1,585,0,9,576
07_024_024,832,478,0,478,0,5,473
07_024_025,1228,685,0,683,-2,6,677
07_024_026,1048,589,0,589,0,7,582
07_024_027,1117,801,0,799,-2,7,792
07_024_028,1017,732,0,732,0,3,729
07_024_029,1337,853,0,849,-4,5,844
07_024_030,1451,918,0,918,0,4,914
07_024_031,364,190,0,190,0,0,190
07_025_001,788,411,0,411,0,8,403
07_025_002,457,287,0,287,0,8,279
07_025_003,560,360,0,360,0,2,358
07_026_001,805,317,0,315,-2,4,311
07_026_002,806,382,0,382,0,6,376
07_026_003,870,384,0,384,0,6,378
07_026_004,957,452,0,452,0,7,445
07_026_005,829,309,0,309,0,5,304
07_026_006,573,230,0,230,0,3,227
07_026_007,276,106,0,105,-1,1,104
07_026_008,132,54,0,54,0,1,53
07_027_001,1054,538,0,530,-8,3,527
07_027_002,990,561,0,561,0,7,554
07_027_003,1100,656,0,655,-1,25,630
07_027_004,789,403,0,403,0,16,387
07_027_005,923,461,0,461,0,4,457
07_027_006,1117,414,0,413,-1,11,402
07_027_007,227,129,0,128,-1,2,126
07_027_008,287,130,0,130,0,1,129
07_028_001,1121,711,0,711,0,11,700
07_028_002,1223,762,0,760,-2,10,750
07_028_003,1136,698,0,700,2,28,672
07_028_004,113,57,0,57,0,0,57
07_029_001,1000,569,0,570,1,18,552
07_029_002,730,386,0,386,0,5,381
07_030_001,702,425,1,424,-1,1,423
07_030_002,780,519,0,519,0,7,512
07_031_001,732,485,0,485,0,7,478
07_032_001,499,310,0,310,0,3,307
07_033_001,1505,958,0,958,0,10,948
07_033_002,1110,669,0,669,0,5,664
07_033_003,1399,926,0,925,-1,7,918
07_033_004,1286,841,0,840,-1,5,835
07_033_005,1036,629,1,628,-1,2,626
07_033_006,1404,941,0,937,-4,5,932
07_033_007,1420,888,0,887,-1,4,883
07_033_008,941,570,0,570,0,5,565
07_034_001,1073,666,0,665,-1,7,658
07_035_001,725,331,0,332,1,19,313
07_036_001,311,206,0,205,-1,4,201
07_036_002,195,109,0,109,0,0,109
07_036_003,231,163,0,162,-1,5,157
07_037_001,1010,604,0,603,-1,8,595
07_037_002,815,434,0,434,0,5,429
07_038_001,674,470,0,470,0,11,459
07_038_002,78,56,0,55,-1,0,55
07_039_001,1173,629,0,629,0,9,620
07_039_002,1062,619,0,619,0,5,614
07_040_001,1075,605,0,603,-2,15,588
07_041_001,995,603,0,603,0,6,597
07_042_001,996,579,0,578,-1,7,571
07_042_002,895,489,0,489,0,16,473
07_043_001,969,657,0,655,-2,7,648
07_043_002,1021,599,0,599,0,6,593
07_043_003,348,212,0,212,0,8,204
07_043_004,934,578,0,578,0,10,568
07_044_001,534,340,0,340,0,6,334
07_044_002,681,423,0,423,0,2,421
07_045_001,611,382,0,381,-1,2,379
07_045_002,619,336,0,336,0,6,330
07_046_001,893,463,1,462,-1,13,449
07_046_002,1032,594,0,594,0,9,585
07_047_001,604,372,0,372,0,3,369
07_047_002,711,435,0,435,0,4,431
07_048_001,998,499,0,499,0,6,493
07_048_002,961,621,0,621,0,6,615
07_048_003,962,511,1,510,-1,6,504
07_049_001,338,119,0,119,0,1,118
07_049_002,33,15,0,15,0,0,15
07_049_003,669,384,0,384,0,9,375
07_049_004,658,352,0,346,-6,6,340
07_050_001,865,422,0,421,-1,1,420
07_050_002,882,420,0,420,0,1,419
07_050_003,741,365,0,365,0,0,365
07_051_001,755,447,0,447,0,4,443
07_051_002,696,400,0,397,-3,6,391
07_051_003,811,422,0,422,0,7,415
07_052_001,1322,967,0,967,0,10,957
07_053_001,1088,595,0,595,0,7,588
07_053_002,1147,703,0,703,0,8,695
07_053_003,1114,685,0,685,0,6,679
07_053_004,1153,729,0,728,-1,10,718
07_054_001,1070,630,0,619,-11,11,608
07_054_002,873,429,0,429,0,7,422
07_055_001,622,401,0,400,-1,9,391
07_056_001,990,490,0,489,-1,10,479
07_056_002,917,394,0,394,0,5,389
07_056_003,899,449,0,449,0,10,439
07_056_004,870,268,0,268,0,3,265
07_057_001,725,418,0,418,0,4,414
07_058_001,443,208,0,208,0,3,205
07_058_002,557,225,0,225,0,7,218
07_059_001,707,319,0,319,0,7,312
07_059_002,938,506,0,506,0,13,493
07_060_001,450,302,0,302,0,2,300
07_061_001,655,372,0,371,-1,3,368
07_061_002,832,489,0,486,-3,9,477
07_061_003,730,451,0,450,-1,6,444
07_061_004,777,577,0,577,0,3,574
07_061_005,652,433,0,433,0,4,429
07_061_006,638,464,0,464,0,3,461
07_061_007,853,548,0,548,0,1,547
07_061_008,463,281,0,281,0,7,274
07_061_009,812,563,0,563,0,2,561
07_061_010,567,422,0,422,0,2,420
07_061_011,1076,717,0,717,0,4,713
07_061_012,1203,845,0,844,-1,4,840
07_061_013,657,495,1,494,-1,4,490
07_061_014,685,521,0,520,-1,4,516
07_061_015,174,99,0,99,0,2,97
07_062_001,582,447,0,443,-4,6,437
07_063_001,472,293,0,293,0,7,286
07_063_002,495,307,0,307,0,5,302
07_063_003,113,57,0,57,0,2,55
07_064_001,823,363,0,363,0,6,357
07_065_001,522,367,0,367,0,4,363
07_066_001,806,431,0,431,0,8,423
07_066_002,890,586,0,586,0,6,580
07_066_003,783,512,0,512,0,4,508
07_066_004,767,459,0,459,0,4,455
07_066_005,109,56,0,56,0,1,55
07_067_001,434,246,0,246,0,4,242
07_067_002,524,350,0,350,0,6,344
07_067_003,471,306,0,306,0,11,295
07_068_001,458,232,0,232,0,3,229
07_068_002,292,138,0,138,0,1,137
07_069_001,1118,689,0,685,-4,5,680
07_069_002,972,597,0,599,2,25,574
07_069_003,877,529,0,529,0,4,525
07_070_001,766,540,0,539,-1,7,532
07_070_002,732,475,1,475,0,8,467
07_071_001,951,647,0,645,-2,13,632
07_071_002,886,567,0,566,-1,8,558
07_072_001,748,330,0,329,-1,2,327
07_072_002,841,404,0,404,0,14,390
07_072_003,777,319,0,318,-1,1,317
07_072_004,782,307,0,307,0,5,302
07_073_001,350,126,0,126,0,8,118
07_073_002,938,430,0,430,0,9,421
07_073_003,1038,559,0,558,-1,4,554
07_073_004,932,448,0,448,0,14,434
07_073_005,803,344,0,344,0,3,341
07_073_006,1061,524,0,525,1,15,510
07_073_007,168,57,0,57,0,1,56
07_074_001,973,600,0,599,-1,10,589
07_074_002,741,447,0,447,0,2,445
07_074_003,962,586,1,585,-1,4,581
07_074_004,985,593,0,591,-2,12,579
07_074_005,1114,703,0,703,0,11,692
07_075_001,962,577,0,577,0,8,569
07_075_002,984,664,0,661,-3,6,655
07_076_001,937,574,2,571,-3,5,566
07_076_002,1080,568,0,567,-1,8,559
07_076_003,932,592,0,592,0,9,583
07_076_004,1017,661,0,661,0,5,656
07_077_001,923,515,0,515,0,8,507
07_077_002,950,498,0,497,-1,6,491
07_077_003,1013,527,0,527,0,6,521
07_078_001,703,296,0,296,0,0,296
07_078_002,630,290,0,290,0,1,289
07_078_003,475,243,0,243,0,1,242
07_078_004,634,296,0,296,0,1,295
07_078_005,587,311,0,310,-1,3,307
07_078_006,479,250,0,250,0,2,248
07_078_007,556,301,0,301,0,2,299
07_078_008,576,275,0,275,0,1,274
07_078_009,708,355,0,355,0,6,349
07_078_010,630,338,0,339,1,11,328
07_078_011,639,332,5,330,-2,3,327
07_078_012,698,355,0,354,-1,4,350
07_078_013,468,241,0,241,0,3,238
07_078_014,596,288,0,288,0,1,287
07_078_015,215,122,0,122,0,1,121
07_078_016,169,69,0,69,0,1,68
07_078_017,516,263,0,262,-1,2,260
07_078_018,181,107,0,107,0,3,104
07_078_019,61,20,0,20,0,1,19
07_079_001,577,306,1,306,0,4,302
07_080_001,1268,890,0,889,-1,11,878
07_081_001,880,450,0,449,-1,13,436
07_081_002,906,430,0,428,-2,16,412
07_082_001,486,299,0,298,-1,2,296
07_083_001,1062,468,0,468,0,9,459
07_083_002,795,410,0,410,0,9,401
07_083_003,685,308,0,307,-1,5,302
07_084_001,955,672,0,667,-5,8,659
07_084_002,149,98,0,98,0,1,97
07_085_001,879,539,0,538,-1,6,532
07_085_002,907,597,0,597,0,6,591
07_085_003,730,376,1,376,0,6,370
07_086_001,1032,624,0,624,0,10,614
07_086_002,1043,570,0,570,0,5,565
07_086_003,796,420,0,420,0,6,414
07_086_004,705,336,0,336,0,2,334
07_087_001,748,439,0,438,-1,8,430
07_087_002,724,493,0,493,0,6,487
07_088_001,432,303,0,304,1,12,292
07_089_001,1616,1201,0,1201,0,13,1188
07_090_001,915,509,0,509,0,4,505
07_090_002,939,584,0,584,0,6,578
07_090_003,1094,577,0,577,0,5,572
07_090_004,972,552,0,552,0,4,548
07_091_001,1229,737,0,737,0,8,729
07_091_002,444,246,0,246,0,8,238
07_092_001,628,336,0,336,0,13,323
07_093_001,633,464,0,464,0,18,446
07_093_002,749,555,0,553,-2,10,543
07_094_001,701,432,0,432,0,3,429
07_094_002,833,478,0,478,0,1,477
07_094_003,532,280,0,280,0,3,277
07_094_004,506,310,0,310,0,0,310
07_094_005,618,355,0,354,-1,4,350
07_094_006,448,270,0,269,-1,0,269
07_094_007,861,532,0,532,0,2,530
07_094_008,741,489,1,488,-1,3,485
07_094_009,802,453,0,452,-1,6,446
07_094_010,736,414,0,414,0,2,412
07_094_011,681,391,1,390,-1,2,388
07_094_012,760,438,0,438,0,1,437
07_094_013,841,474,0,474,0,6,468
07_094_014,682,393,0,392,-1,0,392
07_094_015,613,387,0,387,0,3,384
07_094_016,626,373,0,373,0,1,372
07_094_017,687,359,0,359,0,4,355
07_094_018,777,442,0,442,0,2,440
07_094_019,729,416,0,416,0,3,413
07_094_020,732,364,0,364,0,5,359
07_094_021,892,565,2,564,-1,6,558
07_094_022,762,441,1,439,-2,1,438
07_094_023,894,514,0,514,0,6,508
07_094_024,560,344,0,344,0,1,343
07_094_025,501,295,0,295,0,4,291
07_094_026,643,351,0,352,1,17,335
07_094_027,757,487,0,486,-1,3,483
07_094_028,1294,523,0,522,-1,4,518
07_094_029,801,437,0,438,1,13,425
07_094_030,938,487,0,487,0,2,485
07_094_031,751,430,0,430,0,1,429
07_094_032,851,486,0,485,-1,3,482
07_094_033,583,344,0,344,0,3,341
07_094_034,1084,656,0,656,0,1,655
07_094_035,834,484,0,484,0,2,482
07_094_036,770,461,0,462,1,10,452
07_094_037,752,443,0,443,0,5,438
07_094_038,851,488,0,487,-1,3,484
07_094_039,835,538,0,538,0,6,532
07_094_040,989,597,0,597,0,4,593
07_094_041,1001,616,0,615,-1,3,612
07_094_042,870,478,0,478,0,3,475
07_094_043,982,643,0,643,0,10,633
07_094_044,896,482,0,484,2,22,462
07_094_045,617,359,0,359,0,0,359
07_094_046,859,531,0,531,0,4,527
07_094_047,753,467,0,466,-1,1,465
07_094_048,1207,812,0,812,0,2,810
07_094_049,1292,852,0,852,0,8,844
07_094_050,717,428,6,422,-6,4,418
07_094_051,1146,704,0,705,1,14,691
07_094_052,613,394,0,394,0,0,394
07_094_053,816,548,0,543,-5,2,541
07_094_054,1026,677,0,677,0,5,672
07_094_055,710,434,0,434,0,4,430
07_094_056,464,275,0,273,-2,2,271
07_094_057,576,370,0,370,0,1,369
07_094_058,928,624,0,621,-3,5,616
07_094_059,589,382,0,383,1,13,370
07_094_060,556,389,0,389,0,2,387
07_094_061,589,429,0,429,0,2,427
07_094_062,684,423,2,422,-1,3,419
07_094_063,775,506,0,506,0,3,503
07_094_064,947,686,0,686,0,1,685
07_094_065,676,476,0,476,0,1,475
07_094_066,1124,800,0,798,-2,3,795
07_094_067,1131,783,0,782,-1,3,779
07_094_068,852,598,0,598,0,9,589
07_094_069,784,562,0,562,0,3,559
07_094_070,950,673,0,672,-1,7,665
07_094_071,778,570,0,570,0,6,564
07_094_072,919,669,1,669,0,9,660
07_094_073,1253,874,0,871,-3,4,867
07_094_074,653,446,0,446,0,1,445
07_094_075,405,267,0,267,0,1,266
07_094_076,1030,569,0,569,0,7,562
07_094_077,960,668,0,667,-1,3,664
07_094_078,1034,628,0,627,-1,4,623
07_094_079,824,556,0,556,0,7,549
07_094_080,1304,862,2,861,-1,7,854
07_094_081,783,479,0,480,1,11,469
07_094_082,531,339,0,339,0,4,335
07_094_083,848,588,0,588,0,4,584
07_094_084,625,381,0,381,0,2,379
07_094_085,921,604,0,603,-1,2,601
07_094_086,1083,614,0,614,0,2,612
07_094_087,818,554,1,553,-1,4,549
07_094_088,804,502,0,500,-2,3,497
07_094_089,1224,688,0,686,-2,7,679
07_094_090,1044,588,0,588,0,1,587
07_094_091,447,192,0,192,0,1,191
07_094_092,198,114,0,114,0,2,112
07_094_093,1097,701,1,701,0,2,699
07_095_001,757,478,0,477,-1,5,472
07_096_001,684,381,0,380,-1,1,379
07_096_002,678,377,1,376,-1,4,372
07_097_001,770,529,0,530,1,15,515
07_097_002,844,612,0,611,-1,10,601
07_098_001,398,274,1,274,0,2,272
07_099_001,1016,639,0,639,0,8,631
07_099_002,1070,651,0,651,0,8,643
07_100_001,636,419,0,417,-2,12,405
07_101_001,738,411,0,411,0,8,403
07_101_002,743,396,0,396,0,6,390
07_101_003,633,404,0,404,0,6,398
07_102_001,896,643,0,643,0,4,639
07_102_002,758,515,0,515,0,6,509
07_102_003,683,479,0,479,0,3,476
07_102_004,739,505,0,504,-1,1,503
07_102_005,886,596,0,597,1,13,584
07_102_006,929,587,0,587,0,6,581
07_102_007,899,622,0,621,-1,4,617
07_103_001,653,426,0,426,0,6,420
07_104_001,723,445,0,445,0,2,443
07_104_002,712,461,0,461,0,8,453
07_105_001,736,564,0,564,0,3,561
07_106_001,910,472,1,472,0,5,467
07_106_002,962,521,1,520,-1,2,518
07_107_001,713,427,0,427,0,6,421
07_108_001,589,271,0,270,-1,8,262
07_108_002,421,160,0,159,-1,3,156
08_001_001,589,391,1,391,0,3,388
08_001_002,709,455,0,455,0,7,448
08_001_003,791,514,0,513,-1,4,509
08_001_004,544,371,1,370,-1,5,365
08_002_001,397,292,0,292,0,3,289
08_003_001,781,488,0,488,0,8,480
08_004_001,885,571,0,568,-3,4,564
08_004_002,921,641,0,641,0,6,635
08_005_001,222,151,0,151,0,2,149
08_006_001,911,547,0,547,0,4,543
08_006_002,807,441,0,440,-1,10,430
08_007_001,891,625,0,625,0,11,614
08_008_001,140,111,0,111,0,0,111
08_009_001,234,189,0,189,0,2,187
08_010_001,800,465,0,465,0,7,458
08_010_002,611,367,0,367,0,3,364
08_011_001,614,422,0,421,-1,5,416
08_012_001,568,406,0,406,0,4,402
08_012_002,503,320,0,320,0,4,316
08_013_001,918,616,0,613,-3,10,603
08_013_002,911,630,0,630,0,14,616
08_013_003,225,155,0,155,0,0,155
08_014_001,379,294,0,294,0,5,289
08_014_002,376,295,0,294,-1,2,292
08_014_003,127,89,0,89,0,4,85
08_015_001,411,306,0,305,-1,4,301
08_016_001,278,188,0,188,0,2,186
08_017_001,502,290,0,290,0,3,287
08_018_001,1112,650,0,650,0,7,643
08_019_001,795,467,0,467,0,4,463
08_019_002,788,453,0,453,0,10,443
08_019_003,218,136,0,136,0,1,135
08_020_001,886,593,0,593,0,14,579
08_020_002,850,603,0,603,0,7,596
08_021_001,40,32,0,32,0,0,32
08_022_001,422,287,0,286,-1,8,278
08_023_001,448,333,0,333,0,3,330
08_024_001,177,142,0,142,0,6,136
08_025_001,27,25,0,25,0,0,25
08_026_001,399,278,0,276,-2,5,271
08_027_001,1014,646,0,646,0,9,637
08_027_002,1052,717,0,712,-5,6,706
08_027_003,993,590,0,587,-3,7,580
08_027_004,925,605,0,604,-1,4,600
08_027_005,941,623,0,623,0,8,615
08_027_006,922,611,0,613,2,24,589
08_027_007,934,575,0,575,0,4,571
08_027_008,1029,594,0,594,0,4,590
08_028_001,635,389,0,389,0,5,384
08_028_002,662,387,0,388,1,22,366
08_029_001,328,172,0,172,0,0,172
08_030_001,482,297,0,297,0,5,292
08_031_001,652,403,0,403,0,7,396
08_031_002,721,482,0,480,-2,16,464
08_032_001,203,169,0,169,0,0,169
08_033_001,956,646,0,646,0,10,636
08_033_002,873,575,0,575,0,12,563
08_034_001,589,367,1,366,-1,8,358
08_035_001,235,150,0,149,-1,1,148
08_035_002,452,345,0,343,-2,8,335
08_035_003,579,423,0,423,0,4,419
08_036_001,130,82,0,82,0,4,78
08_037_001,96,75,0,75,0,2,73
08_038_001,422,287,0,287,0,4,283
08_039_001,724,521,0,521,0,8,513
08_040_001,1439,1004,0,1000,-4,15,985
08_041_001,873,526,0,526,0,9,517
08_041_002,859,529,0,529,0,8,521
08_042_001,768,543,0,543,0,4,539
08_042_002,793,532,0,534,2,25,509
08_043_001,384,305,0,305,0,5,300
08_044_001,438,311,0,311,0,3,308
08_045_001,774,514,0,514,0,8,506
08_046_001,71,42,0,42,0,1,41
08_047_001,250,193,0,193,0,2,191
08_048_001,1104,650,0,650,0,12,638
08_048_002,639,425,0,425,0,9,416
08_048_003,814,428,0,428,0,4,424
08_048_004,102,47,0,47,0,3,44
08_049_001,512,335,0,335,0,7,328
08_050_001,704,466,0,465,-1,3,462
08_051_001,1068,669,0,669,0,10,659
08_051_002,833,544,0,544,0,8,536
08_052_001,888,603,0,603,0,6,597
08_052_002,784,508,0,508,0,6,502
08_052_003,829,594,0,594,0,9,585
08_052_004,643,442,0,443,1,14,429
08_053_001,1084,694,0,694,0,3,691
08_054_001,867,528,0,529,1,20,509
08_054_002,885,518,0,518,0,5,513
08_054_003,857,530,0,530,0,9,521
08_055_001,64,62,0,62,0,1,61
08_056_001,1095,682,0,682,0,6,676
08_057_001,302,166,0,166,0,3,163
08_058_001,972,619,0,619,0,12,607
08_059_001,1048,727,0,727,0,3,724
08_059_002,1112,621,0,615,-6,6,609
08_059_003,1027,688,0,688,0,6,682
08_059_004,986,567,0,567,0,8,559
08_059_005,953,533,0,535,2,24,511
08_059_006,1273,870,1,869,-1,3,866
08_059_007,855,538,0,544,6,55,489
08_059_008,769,305,0,305,0,1,304
08_059_009,797,486,0,485,-1,3,482
08_059_010,829,484,0,484,0,3,481
08_059_011,1120,665,1,663,-2,6,657
08_059_012,915,408,0,407,-1,4,403
08_059_013,925,633,0,633,0,7,626
08_059_014,968,587,0,587,0,3,584
08_059_015,918,642,0,640,-2,7,633
08_059_016,903,594,0,594,0,4,590
08_059_017,975,620,0,620,0,1,619
08_059_018,971,690,0,690,0,3,687
08_059_019,1017,682,0,681,-1,8,673
08_059_020,909,622,0,622,0,3,619
08_059_021,1036,660,0,659,-1,6,653
08_059_022,1136,771,0,771,0,3,768
08_059_023,1269,864,0,864,0,5,859
08_059_024,1214,794,0,794,0,4,790
08_059_025,1002,705,0,705,0,0,705
08_059_026,1229,847,0,847,0,5,842
08_059_027,1119,724,1,722,-2,3,719
08_059_028,1173,766,0,767,1,16,751
08_059_029,1160,789,0,788,-1,4,784
08_059_030,1065,699,0,698,-1,3,695
08_059_031,804,508,0,508,0,5,503
08_059_032,935,539,0,538,-1,2,536
08_059_033,940,554,0,554,0,4,550
08_059_034,901,492,0,492,0,2,490
08_059_035,946,535,0,535,0,8,527
08_059_036,1004,536,0,535,-1,4,531
08_059_037,1061,546,0,545,-1,5,540
08_059_038,938,552,0,552,0,4,548
08_059_039,770,356,0,356,0,2,354
08_059_040,997,568,0,567,-1,4,563
08_059_041,988,547,0,547,0,6,541
08_059_042,1007,580,0,580,0,6,574
08_059_043,921,466,0,466,0,2,464
08_059_044,929,452,1,451,-1,1,450
08_059_045,979,546,0,546,0,7,539
08_059_046,930,509,0,510,1,17,493
08_059_047,1072,564,0,563,-1,7,556
08_059_048,897,490,0,490,0,2,488
08_059_049,996,514,0,514,0,6,508
08_059_050,952,624,0,626,2,25,601
08_059_051,905,533,0,533,0,3,530
08_059_052,903,538,0,539,1,14,525
08_059_053,955,551,0,550,-1,3,547
08_059_054,952,487,0,486,-1,4,482
08_059_055,842,502,0,502,0,8,494
08_059_056,897,562,0,563,1,15,548
08_059_057,949,573,0,573,0,1,572
08_059_058,863,559,0,559,0,1,558
08_059_059,1007,603,2,602,-1,4,598
08_059_060,914,533,1,533,0,3,530
08_059_061,1110,594,0,594,0,6,588
08_059_062,1052,607,0,607,0,2,605
08_059_063,922,572,0,570,-2,2,568
08_059_064,853,525,1,525,0,3,522
08_059_065,981,590,0,590,0,2,588
08_059_066,817,546,0,546,0,3,543
08_059_067,907,552,0,552,0,1,551
08_059_068,995,692,0,692,0,6,686
08_059_069,974,440,0,440,0,3,437
08_059_070,941,531,1,530,-1,3,527
08_059_071,855,459,0,459,0,1,458
08_059_072,989,608,0,608,0,3,605
08_059_073,813,576,1,576,0,4,572
08_059_074,1193,775,0,775,0,2,773
08_059_075,1032,705,0,711,6,64,647
08_059_076,1087,707,0,705,-2,10,695
08_059_077,1136,732,0,732,0,3,729
08_059_078,1092,747,0,747,0,2,745
08_059_079,1125,813,0,814,1,13,801
08_059_080,953,605,0,605,0,1,604
08_059_081,947,602,0,602,0,3,599
08_059_082,952,601,0,599,-2,3,596
08_059_083,1124,674,0,674,0,1,673
08_059_084,1083,720,0,719,-1,4,715
08_059_085,1062,679,0,679,0,2,677
08_059_086,1309,853,0,853,0,9,844
08_059_087,651,418,0,418,0,1,417
08_059_088,1278,792,0,792,0,4,788
08_059_089,1287,891,0,891,0,12,879
08_059_090,1177,808,0,807,-1,4,803
08_059_091,1265,887,0,887,0,3,884
08_059_092,1113,745,0,745,0,6,739
08_059_093,950,641,0,641,0,4,637
08_059_094,1014,677,0,677,0,1,676
08_059_095,1166,778,0,777,-1,3,774
08_059_096,713,507,0,507,0,0,507
08_059_097,715,451,0,450,-1,4,446
08_059_098,335,300,0,300,0,4,296
08_060_001,410,263,0,263,0,4,259
08_061_001,736,504,1,503,-1,11,492
08_061_002,725,521,0,521,0,5,516
08_062_001,1325,899,0,910,11,100,810
08_063_001,659,334,0,334,0,6,328
08_064_001,748,324,0,324,0,4,320
08_064_002,925,444,1,447,3,37,410
08_064_003,576,345,0,345,0,3,342
08_064_004,582,345,0,345,0,3,342
08_065_001,1260,831,0,831,0,13,818
08_065_002,1260,846,0,845,-1,2,843
08_065_003,1175,815,0,815,0,12,803
08_065_004,1211,765,0,764,-1,11,753
08_065_005,1252,821,0,821,0,7,814
08_066_001,921,697,0,697,0,10,687
08_066_002,883,638,0,638,0,13,625
08_067_001,989,673,0,673,0,9,664
08_067_002,930,663,1,663,0,5,658
08_067_003,939,678,0,678,0,7,671
08_068_001,1202,753,0,753,0,13,740
08_068_002,1254,786,0,784,-2,15,769
08_068_003,155,90,0,90,0,1,89
08_069_001,1144,764,0,764,0,14,750
08_069_002,1163,755,0,758,3,38,720
08_070_001,941,614,0,614,0,7,607
08_070_002,916,587,0,586,-1,21,565
08_070_003,820,465,0,465,0,7,458
08_071_001,1285,853,1,853,0,8,845
08_072_001,1024,658,0,657,-1,16,641
08_073_001,352,271,0,271,0,1,270
08_074_001,536,376,0,375,-1,6,369
08_075_001,261,181,0,181,0,6,175
08_076_001,777,555,0,555,0,18,537
08_076_002,703,492,0,492,0,4,488
08_077_001,955,529,0,528,-1,6,522
08_078_001,862,499,0,499,0,23,476
08_078_002,841,418,0,418,0,6,412
08_078_003,707,371,0,371,0,7,364
08_078_004,767,434,0,434,0,15,419
08_078_005,760,382,0,382,0,6,376
08_078_006,611,323,0,323,0,7,316
08_078_007,206,74,0,74,0,2,72
08_079_001,440,256,0,256,0,4,252
08_080_001,1035,534,0,534,0,11,523
08_081_001,131,80,0,78,-2,2,76
08_081_002,1139,768,0,768,0,13,755
08_081_003,871,530,0,527,-3,5,522
08_081_004,954,658,0,657,-1,12,645
08_081_005,976,673,0,670,-3,8,662
08_081_006,991,596,0,596,0,5,591
08_081_007,993,643,0,643,0,4,639
08_081_008,1130,711,1,710,-1,8,702
08_081_009,873,525,0,525,0,17,508
08_082_001,674,366,0,366,0,3,363
08_082_002,949,527,1,525,-2,6,519
08_082_003,191,92,0,92,0,4,88
08_083_001,198,149,0,149,0,3,146
08_084_001,738,572,0,572,0,17,555
08_085_001,290,187,0,179,-8,8,171
08_086_001,605,481,0,481,0,9,472
08_087_001,890,472,0,472,0,3,469
08_087_002,1112,641,0,640,-1,5,635
08_088_001,1107,726,1,726,0,8,718
08_088_002,1110,727,0,727,0,12,715
08_089_001,883,614,0,614,0,7,607
08_089_002,765,489,0,489,0,8,481
08_090_001,1106,759,0,759,0,21,738
08_091_001,430,256,0,256,0,6,250
08_092_001,746,500,0,500,0,10,490
08_092_002,1021,716,0,716,0,13,703
08_093_001,1127,758,0,757,-1,12,745
08_093_002,699,457,0,457,0,7,450
08_093_003,751,487,0,487,0,8,479
08_094_001,625,401,0,401,0,7,394
08_095_001,1143,657,0,654,-3,9,645
08_096_001,91,67,0,67,0,7,60
08_097_001,352,211,0,211,0,5,206
08_098_001,419,238,0,238,0,4,234
08_099_001,862,474,0,474,0,5,469
08_099_002,773,391,0,391,0,3,388
08_100_001,528,350,0,350,0,4,346
08_101_001,753,495,0,495,0,7,488
08_101_002,259,152,0,152,0,0,152
08_102_001,76,53,0,53,0,1,52
08_103_001,879,573,0,573,0,6,567
08_104_001,981,650,0,649,-1,5,644
08_104_002,812,496,0,496,0,4,492
08_104_003,694,338,1,338,0,1,337
08_104_004,901,558,0,558,0,3,555
08_104_005,885,532,0,531,-1,3,528
08_104_006,819,509,0,509,0,1,508
08_104_007,869,487,0,487,0,6,481
08_104_008,635,358,0,358,0,3,355
08_104_009,921,510,0,510,0,0,510
08_104_010,857,436,1,435,-1,4,431
08_104_011,876,449,0,449,0,3,446
08_104_012,671,421,0,421,0,4,417
08_104_013,863,523,0,523,0,0,523
08_104_014,845,542,0,542,0,2,540
08_104_015,919,512,0,512,0,3,509
08_104_016,936,575,1,575,0,6,569
08_104_017,711,382,0,381,-1,8,373
08_104_018,740,379,0,379,0,3,376
08_104_019,992,520,0,520,0,4,516
08_104_020,818,469,0,467,-2,7,460
08_104_021,751,385,1,385,0,4,381
08_104_022,664,394,0,394,0,0,394
08_104_023,929,482,0,480,-2,4,476
08_104_024,919,506,0,506,0,0,506
08_104_025,925,412,0,412,0,5,407
08_104_026,928,546,0,545,-1,5,540
08_104_027,676,355,0,354,-1,1,353
08_104_028,811,425,0,425,0,6,419
08_104_029,917,498,0,497,-1,28,469
08_104_030,801,453,0,457,4,37,420
08_105_001,966,568,0,568,0,4,564
08_105_002,1114,645,0,645,0,7,638
08_106_001,701,439,0,439,0,8,431
08_106_002,704,481,0,481,0,8,473
08_107_001,668,497,0,497,0,6,491
08_108_001,907,561,0,558,-3,5,553
08_109_001,1030,674,0,674,0,10,664
08_109_002,1043,679,0,679,0,11,668
08_110_001,757,507,0,507,0,13,494
08_111_001,793,540,1,539,-1,15,524
08_111_002,812,510,0,510,0,8,502
08_112_001,180,148,0,148,0,5,143
08_113_001,407,303,0,303,0,5,298
08_114_001,967,644,0,643,-1,11,632
08_114_002,1017,661,0,661,0,10,651
08_114_003,1120,697,0,695,-2,11,684
08_114_004,590,418,0,416,-2,3,413
08_115_001,714,495,0,495,0,5,490
08_116_001,838,569,0,569,0,6,563
08_116_002,751,531,0,531,0,3,528
08_116_003,816,543,0,543,0,7,536
08_117_001,1037,585,1,585,0,10,575
08_117_002,736,449,0,447,-2,9,438
08_117_003,800,463,0,463,0,6,457
08_117_004,237,166,0,166,0,2,164
08_118_001,305,193,0,193,0,1,192
08_119_001,241,164,0,164,0,3,161
08_120_001,938,589,0,589,0,12,577
08_121_001,1182,815,0,815,0,1,814
08_122_001,866,537,0,537,0,0,537
08_123_001,1038,666,0,666,0,16,650
08_123_002,914,608,0,608,0,10,598
08_124_001,284,226,0,226,0,4,222
08_125_001,85,62,0,62,0,2,60
08_126_001,226,176,0,176,0,5,171
08_127_001,528,390,0,390,0,9,381
08_128_001,407,290,0,290,0,4,286
08_128_002,540,418,0,418,0,15,403
08_128_003,386,283,0,281,-2,3,278
08_128_004,13,7,0,7,0,2,5
08_129_001,1013,666,0,666,0,7,659
08_130_001,450,246,0,246,0,1,245
08_131_001,481,292,0,292,0,5,287
08_132_001,581,372,0,372,0,9,363
08_133_001,1140,607,0,605,-2,8,597
08_133_002,1159,666,0,665,-1,7,658
08_134_001,816,507,0,506,-1,7,499
08_135_001,87,79,0,79,0,3,76
08_136_001,389,261,0,261,0,1,260
08_137_001,404,293,0,293,0,2,291
08_138_001,119,84,0,84,0,2,82
08_139_001,809,500,0,500,0,9,491
08_140_001,130,87,1,86,-1,3,83
08_141_001,221,178,0,178,0,2,176
08_142_001,279,205,0,205,0,3,202
08_143_001,420,270,0,270,0,0,270
08_144_001,266,194,0,194,0,3,191
08_145_001,352,236,0,236,0,4,232
08_146_001,480,320,0,320,0,8,312
08_146_002,182,132,0,132,0,1,131
08_146_003,70,47,0,47,0,0,47
08_147_001,273,172,0,172,0,3,169
08_148_001,224,188,0,188,0,0,188
08_149_001,905,525,1,525,0,10,515
08_150_001,1152,586,0,584,-2,5,579
08_150_002,872,447,0,446,-1,2,444
08_150_003,1005,513,0,513,0,2,511
08_150_004,872,565,0,567,2,28,539
08_150_005,753,456,0,456,0,7,449
08_150_006,854,504,0,504,0,1,503
08_150_007,948,568,0,568,0,3,565
08_150_008,743,466,0,466,0,6,460
08_150_009,999,587,0,587,0,2,585
08_150_010,1008,570,0,569,-1,3,566
08_150_011,816,437,0,437,0,3,434
08_150_012,784,455,0,455,0,3,452
08_150_013,713,376,0,376,0,1,375
08_150_014,725,417,0,417,0,6,411
08_150_015,718,420,0,420,0,3,417
08_150_016,801,445,0,445,0,2,443
08_150_017,626,382,0,382,0,1,381
08_150_018,999,623,0,623,0,0,623
08_150_019,1182,764,0,759,-5,3,756
08_150_020,837,468,0,468,0,2,466
08_150_021,1014,648,0,648,0,4,644
08_150_022,899,571,0,571,0,7,564
08_150_023,1118,723,0,723,0,0,723
08_150_024,868,509,0,507,-2,2,505
08_150_025,683,389,0,388,-1,2,386
08_150_026,645,398,0,398,0,2,396
08_150_027,820,494,0,494,0,1,493
08_150_028,956,512,1,512,0,5,507
08_150_029,1294,788,0,788,0,2,786
08_150_030,676,373,0,373,0,1,372
08_150_031,999,589,0,589,0,6,583
08_150_032,927,584,0,583,-1,1,582
08_150_033,1007,640,0,640,0,4,636
08_150_034,943,480,0,480,0,6,474
08_150_035,885,512,1,510,-2,5,505
08_150_036,1011,625,0,625,0,2,623
08_150_037,880,478,0,479,1,16,463
08_150_038,906,579,0,579,0,2,577
08_150_039,997,685,0,685,0,7,678
08_150_040,1254,832,0,832,0,6,826
08_150_041,971,667,0,668,1,13,655
08_150_042,804,554,0,554,0,2,552
08_150_043,902,554,0,556,2,27,529
08_150_044,891,558,0,560,2,23,537
08_150_045,702,481,0,481,0,1,480
08_150_046,756,443,0,443,0,1,442
08_150_047,1047,627,0,627,0,3,624
08_150_048,973,660,0,662,2,22,640
08_150_049,1299,821,0,821,0,1,820
08_150_050,753,447,0,447,0,2,445
08_151_001,694,477,0,477,0,7,470
08_152_001,1120,875,0,875,0,15,860
08_153_001,231,145,0,145,0,1,144
08_154_001,348,252,0,253,1,11,242
08_155_001,1052,740,0,739,-1,10,729
08_155_002,681,453,0,453,0,6,447
08_156_001,827,542,0,541,-1,2,539
08_157_001,696,490,0,490,0,17,473
08_158_001,1079,679,0,678,-1,6,672
08_159_001,551,389,0,389,0,7,382
08_160_001,344,257,0,257,0,8,249
08_161_001,606,359,0,359,0,3,356
08_162_001,727,444,0,444,0,5,439
08_163_001,150,99,0,100,1,8,92
08_164_001,1386,915,0,915,0,14,901
08_165_001,1183,548,0,547,-1,7,540
08_165_002,1009,562,0,562,0,9,553
08_165_003,1079,644,0,643,-1,10,633
08_166_001,855,566,0,566,0,10,556
08_166_002,875,642,0,642,0,9,633
08_167_001,266,220,0,220,0,10,210
08_168_001,793,503,0,503,0,10,493
08_169_001,636,420,0,420,0,8,412
08_170_001,69,48,0,48,0,1,47
08_171_001,422,288,0,288,0,5,283
08_172_001,712,501,0,501,0,5,496
08_172_002,698,491,0,491,0,9,482
08_172_003,763,424,0,423,-1,1,422
08_173_001,277,188,0,188,0,2,186
08_174_001,142,121,0,121,0,2,119
08_175_001,775,536,0,534,-2,8,526
08_176_001,804,476,0,475,-1,3,472
08_177_001,172,111,0,111,0,3,108
08_178_001,1125,706,0,706,0,5,701
08_179_001,339,237,0,237,0,6,231
08_180_001,121,88,0,88,0,1,87
08_181_001,528,305,0,305,0,2,303
08_182_001,418,240,0,240,0,4,236
08_183_001,338,250,0,249,-1,7,242
09_001_001,708,432,0,432,0,6,426
09_001_002,685,388,0,388,0,10,378
09_002_001,539,305,0,303,-2,9,294
09_003_001,921,553,0,552,-1,7,545
09_003_002,927,543,0,542,-1,11,531
09_004_001,946,562,0,562,0,7,555
09_005_001,1031,649,0,648,-1,4,644
09_005_002,646,405,0,405,0,2,403
09_005_003,879,565,0,564,-1,2,562
09_005_004,880,538,0,538,0,6,532
09_005_005,738,482,0,482,0,3,479
09_005_006,872,351,0,351,0,1,350
09_005_007,758,527,0,527,0,6,521
09_005_008,920,519,0,519,0,5,514
09_005_009,1002,519,0,519,0,7,512
09_005_010,783,435,0,435,0,6,429
09_005_011,997,420,0,420,0,14,406
09_005_012,871,445,0,445,0,6,439
09_005_013,852,504,0,503,-1,4,499
09_005_014,775,468,0,467,-1,6,461
09_005_015,818,541,0,541,0,6,535
09_005_016,867,506,0,506,0,10,496
09_005_017,80,39,0,39,0,1,38
09_006_001,570,292,0,292,0,4,288
09_006_002,673,306,0,306,0,5,301
09_006_003,674,336,0,336,0,4,332
09_007_001,316,190,0,190,0,8,182
09_008_001,691,425,0,425,0,4,421
09_008_002,788,453,0,452,-1,5,447
09_009_001,723,406,0,406,0,4,402
09_009_002,596,305,0,305,0,6,299
09_009_003,651,329,1,328,-1,2,326
09_009_004,916,461,0,461,0,5,456
09_009_005,590,283,0,284,1,15,269
09_009_006,814,300,1,299,-1,3,296
09_009_007,720,370,0,370,0,5,365
09_009_008,672,274,0,274,0,3,271
09_009_009,828,468,0,463,-5,4,459
09_009_010,648,327,0,327,0,1,326
09_009_011,742,419,0,419,0,2,417
09_009_012,700,423,0,422,-1,1,421
09_009_013,936,460,0,460,0,6,454
09_009_014,567,349,0,349,0,6,343
09_009_015,699,330,0,330,0,4,326
09_009_016,733,359,0,359,0,5,354
09_010_001,144,104,0,104,0,2,102
09_011_001,758,399,0,399,0,5,394
09_011_002,701,386,0,386,0,8,378
09_011_003,725,400,0,394,-6,4,390
09_011_004,964,548,0,548,0,17,531
09_011_005,732,352,0,352,0,6,346
09_012_001,600,339,0,339,0,7,332
09_012_002,640,288,0,286,-2,12,274
09_012_003,685,354,0,354,0,9,345
09_013_001,751,380,0,380,0,17,363
09_014_001,1075,703,0,702,-1,16,686
09_014_002,1037,655,0,655,0,4,651
09_014_003,1052,733,0,732,-1,4,728
09_015_001,424,239,0,239,0,4,235
09_016_001,711,450,0,449,-1,14,435
09_016_002,685,418,0,418,0,12,406
09_016_003,49,32,0,32,0,0,32
09_017_001,433,253,0,253,0,2,251
09_018_001,500,428,0,428,0,1,427
09_018_011,633,198,0,198,0,2,196
09_018_012,1402,744,0,739,-5,0,739
09_018_013,1455,510,0,510,0,4,506
09_018_014,1359,798,0,797,-1,3,794
09_018_015,1383,675,0,675,0,4,671
09_018_016,608,389,0,389,0,0,389
09_018_021,1341,776,0,776,0,3,773
09_018_022,1367,808,0,806,-2,5,801
09_018_023,1318,824,0,824,0,0,824
09_018_024,1259,777,0,777,0,2,775
09_018_025,1214,783,0,783,0,0,783
09_018_031,1206,694,0,694,0,2,692
09_018_032,1266,816,0,816,0,3,813
09_018_033,1074,678,0,678,0,1,677
09_018_034,985,606,0,606,0,2,604
09_018_035,1295,809,0,814,5,50,764
09_018_041,1083,534,0,534,0,4,530
09_018_042,1253,704,0,703,-1,2,701
09_018_043,976,473,0,473,0,10,463
09_018_044,810,392,0,392,0,2,390
09_018_045,942,517,0,516,-1,2,514
09_018_046,1298,519,0,519,0,2,517
09_018_051,1163,638,0,638,0,6,632
09_018_052,1268,688,0,688,0,5,683
09_018_053,1309,812,0,812,0,4,808
09_018_054,1238,682,0,682,0,4,678
09_018_055,1170,557,0,557,0,4,553
09_018_061,779,271,0,271,0,1,270
09_018_062,1354,471,1,471,0,4,467
09_018_063,1400,845,0,834,-11,7,827
09_018_064,586,203,0,203,0,1,202
09_018_065,1280,788,0,782,-6,4,778
09_018_066,872,547,0,547,0,2,545
09_018_067,758,481,1,481,0,3,478
09_018_071,877,328,0,328,0,2,326
09_018_072,1473,657,0,657,0,1,656
09_018_073,1437,764,0,770,6,60,710
09_018_074,1376,793,0,793,0,6,787
09_018_075,1288,768,0,767,-1,3,764
09_018_076,1251,748,0,746,-2,4,742
09_018_081,1222,563,0,567,4,41,526
09_018_082,1428,838,0,835,-3,7,828
09_018_083,1319,759,0,755,-4,4,751
09_018_084,1262,820,0,820,0,3,817
09_018_085,1049,679,0,679,0,5,674
09_018_086,886,483,1,483,0,3,480
09_018_091,1449,684,0,684,0,5,679
09_018_092,1430,521,0,520,-1,4,516
09_018_093,1448,674,0,674,0,5,669
09_018_094,1448,514,0,514,0,2,512
09_018_095,1372,817,0,817,0,4,813
09_018_101,1181,748,0,748,0,2,746
09_018_102,1185,561,0,561,0,3,558
09_018_103,1414,843,0,843,0,3,840
09_018_104,978,552,0,552,0,3,549
09_018_105,1421,774,0,773,-1,6,767
09_018_106,1442,887,0,891,4,47,844
09_018_111,1233,614,0,614,0,6,608
09_018_112,1262,666,0,666,0,3,663
09_018_113,1150,622,0,622,0,5,617
09_018_114,1059,669,1,669,0,4,665
09_018_115,1061,681,0,681,0,6,675
09_018_116,684,363,0,363,0,0,363
09_018_117,811,448,0,448,0,4,444
09_018_121,989,533,0,533,0,2,531
09_018_122,873,441,0,441,0,2,439
09_018_123,1126,590,0,590,0,4,586
09_018_124,1054,593,0,593,0,0,593
09_018_125,1105,540,2,539,-1,4,535
09_018_126,964,502,0,500,-2,0,500
09_018_127,1049,576,0,576,0,2,574
09_018_131,1111,580,0,580,0,3,577
09_018_132,1083,578,0,578,0,2,576
09_018_133,1164,601,0,600,-1,2,598
09_018_134,1117,596,0,596,0,4,592
09_018_135,1074,584,0,583,-1,1,582
09_018_136,887,403,0,402,-1,3,399
09_018_141,1387,720,0,717,-3,3,714
09_018_142,1452,810,0,808,-2,2,806
09_018_143,1479,789,0,787,-2,1,786
09_018_144,1270,579,0,576,-3,7,569
09_018_145,1068,719,0,717,-2,1,716
09_018_151,862,630,0,629,-1,2,627
09_018_152,1014,525,0,526,1,16,510
09_018_153,1367,919,1,919,0,3,916
09_018_154,1097,550,0,549,-1,8,541
09_018_155,1123,615,0,601,-14,2,599
09_018_156,932,439,2,437,-2,3,434
09_018_161,1210,689,0,688,-1,8,680
09_018_162,1053,578,0,578,0,6,572
09_018_163,1143,637,0,636,-1,3,633
09_018_164,1032,563,0,563,0,3,560
09_018_165,1162,686,0,686,0,1,685
09_018_166,1375,705,0,701,-4,4,697
09_018_171,1166,660,0,659,-1,3,656
09_018_172,937,648,0,644,-4,7,637
09_018_173,1418,865,0,843,-22,1,842
09_018_174,831,524,0,523,-1,6,517
09_018_175,1126,690,0,691,1,12,679
09_018_176,646,338,0,338,0,3,335
09_018_181,809,548,0,548,0,6,542
09_018_182,635,445,0,445,0,6,439
09_018_183,1233,801,0,801,0,4,797
09_018_184,1115,795,0,795,0,2,793
09_018_185,933,630,0,631,1,10,621
09_018_186,1324,817,0,815,-2,3,812
09_018_187,946,567,0,567,0,4,563
09_018_191,788,373,0,373,0,0,373
09_018_192,701,329,0,329,0,1,328
09_018_193,959,580,0,580,0,2,578
09_018_194,1291,734,0,734,0,4,730
09_018_195,713,441,0,441,0,1,440
09_018_196,1264,666,0,665,-1,3,662
09_018_201,953,454,0,454,0,1,453
09_018_202,1238,685,0,684,-1,4,680
09_018_203,1144,605,0,604,-1,1,603
09_018_204,1108,627,0,627,0,5,622
09_018_205,996,539,0,539,0,2,537
09_018_206,1090,658,0,658,0,9,649
09_018_211,597,364,0,364,0,1,363
09_018_212,727,394,0,394,0,4,390
09_018_213,390,260,0,260,0,0,260
09_018_214,1284,817,1,818,1,12,806
09_018_215,838,630,0,628,-2,3,625
09_018_216,1362,909,0,909,0,7,902
09_018_217,1306,943,0,942,-1,2,940
09_018_221,1078,583,1,583,0,3,580
09_018_222,1022,579,0,579,0,7,572
09_018_223,1126,595,0,597,2,24,573
09_018_224,941,548,0,548,0,1,547
09_018_225,915,591,0,591,0,4,587
09_018_226,456,283,0,283,0,0,283
09_018_231,1316,791,0,791,0,2,789
09_018_232,1449,862,0,862,0,5,857
09_018_233,1379,829,0,829,0,2,827
09_018_234,1410,893,0,892,-1,3,889
09_018_235,1119,668,0,668,0,4,664
09_019_001,972,413,0,413,0,6,407
09_019_002,919,331,0,331,0,3,328
09_019_003,857,487,0,486,-1,16,470
09_019_004,921,425,0,425,0,8,417
09_019_005,879,511,0,511,0,2,509
09_019_006,935,496,0,494,-2,11,483
09_019_007,828,455,2,456,1,19,437
09_019_008,372,113,0,113,0,6,107
09_020_001,988,541,0,541,0,11,530
09_020_002,877,444,0,444,0,9,435
09_020_003,1068,608,0,608,0,5,603
09_020_004,872,447,0,447,0,5,442
09_021_001,634,243,0,243,0,9,234
09_021_002,597,256,0,256,0,7,249
09_021_003,732,382,0,382,0,7,375
09_021_004,674,313,0,313,0,4,309
09_021_005,756,368,0,368,0,3,365
09_021_006,439,205,0,204,-1,5,199
09_021_007,138,67,0,67,0,0,67
09_022_001,1067,615,0,615,0,7,608
09_023_001,230,145,0,145,0,3,142
09_024_001,811,476,0,476,0,3,473
09_024_002,823,504,0,504,0,9,495
09_024_003,751,402,1,402,0,9,393
09_024_004,791,465,0,465,0,5,460
09_025_001,939,588,0,588,0,11,577
09_026_001,415,260,0,260,0,6,254
09_026_002,347,213,0,213,0,4,209
09_026_003,394,242,0,243,1,18,225
09_026_004,159,100,0,100,0,2,98
09_027_001,655,462,0,462,0,10,452
09_028_001,911,583,0,583,0,9,574
09_028_002,964,621,0,621,0,16,605
09_028_003,54,30,0,30,0,0,30
09_029_001,882,484,0,484,0,21,463
09_029_002,793,454,0,453,-1,5,448
09_030_001,1002,617,0,615,-2,13,602
09_030_002,829,540,0,540,0,2,538
09_030_003,646,303,0,303,0,2,301
09_030_004,1091,649,0,647,-2,5,642
09_030_005,1007,648,0,648,0,4,644
09_030_006,1197,621,0,619,-2,2,617
09_030_007,803,268,0,268,0,9,259
09_030_008,175,100,0,100,0,1,99
09_030_009,1171,599,0,600,1,15,585
09_030_010,1135,612,0,610,-2,12,598
09_030_011,775,460,0,460,0,1,459
09_030_012,1062,714,0,714,0,3,711
09_030_013,705,391,0,391,0,2,389
09_030_014,738,463,0,463,0,3,460
09_030_015,612,366,0,366,0,1,365
09_030_016,680,395,0,395,0,4,391
09_030_017,887,563,0,563,0,8,555
09_030_018,769,470,0,470,0,7,463
09_030_019,1176,734,0,733,-1,4,729
09_030_020,732,404,0,404,0,4,400
09_030_021,931,548,0,548,0,9,539
09_030_022,942,566,0,566,0,1,565
09_030_023,1118,538,1,537,-1,10,527
09_030_024,1032,481,0,480,-1,11,469
09_030_025,1121,560,0,559,-1,2,557
09_030_026,816,311,0,311,0,5,306
09_030_027,700,295,0,295,0,2,293
09_031_001,822,506,0,506,0,5,501
09_031_002,953,579,0,578,-1,16,562
09_031_003,943,616,0,615,-1,10,605
09_031_004,1018,589,0,588,-1,4,584
09_031_005,908,479,0,479,0,5,474
09_031_006,784,466,0,466,0,8,458
09_031_007,745,379,0,378,-1,9,369
09_031_008,648,390,0,390,0,5,385
09_032_001,1189,462,0,460,-2,17,443
09_032_002,1037,512,0,510,-2,59,451
09_032_003,1226,540,0,538,-2,6,532
09_032_004,1204,526,0,526,0,16,510
09_032_005,1088,472,0,472,0,17,455
09_032_006,1215,591,1,588,-3,8,580
09_032_007,1275,714,0,712,-2,6,706
09_032_008,1252,646,0,646,0,8,638
09_032_009,105,54,0,54,0,1,53
09_033_001,853,472,0,472,0,6,466
09_033_002,653,356,0,354,-2,4,350
09_033_003,778,445,0,445,0,2,443
09_033_004,877,483,0,482,-1,3,479
09_033_005,857,473,0,471,-2,4,467
09_033_006,872,591,0,591,0,5,586
09_033_007,876,494,0,494,0,4,490
09_033_008,863,452,0,449,-3,6,443
09_033_009,774,471,0,471,0,8,463
09_033_010,791,464,0,464,0,2,462
09_033_011,797,516,0,517,1,16,501
09_033_012,821,538,0,538,0,11,527
09_033_013,794,504,0,504,0,3,501
09_033_014,802,490,0,490,0,7,483
09_033_015,698,324,0,324,0,3,321
09_033_016,701,448,0,448,0,4,444
09_033_017,320,204,0,204,0,6,198
09_034_001,1421,715,0,725,10,81,644
09_034_002,1471,811,0,810,-1,6,804
09_034_003,1329,625,0,625,0,11,614
09_034_004,1255,696,0,696,0,7,689
09_034_005,1328,594,0,594,0,8,586
09_034_006,547,226,0,225,-1,3,222
09_034_007,1053,506,0,504,-2,2,502
09_034_008,1593,730,0,730,0,5,725
09_034_009,1466,691,0,692,1,17,675
09_035_001,1129,676,0,677,1,17,660
09_035_002,1069,633,1,633,0,8,625
09_035_003,883,449,0,448,-1,3,445
09_035_004,808,438,0,436,-2,3,433
09_035_005,729,377,0,376,-1,2,374
09_035_006,904,510,0,510,0,2,508
09_035_007,729,403,0,404,1,16,388
09_035_008,1183,583,0,582,-1,5,577
09_035_009,786,368,0,368,0,3,365
09_035_010,881,497,0,497,0,1,496
09_035_011,890,471,0,471,0,9,462
09_035_012,674,342,0,342,0,4,338
09_035_013,962,424,0,422,-2,1,421
09_035_014,926,441,0,441,0,2,439
09_035_015,1033,631,0,631,0,6,625
09_035_016,1177,671,0,670,-1,3,667
09_035_017,1037,502,0,502,0,11,491
09_035_018,1212,515,0,515,0,8,507
09_035_019,1212,748,0,748,0,1,747
09_035_020,1381,753,0,753,0,4,749
09_036_001,754,411,0,411,0,13,398
09_036_002,779,468,0,468,0,16,452
09_036_003,819,431,0,431,0,10,421
09_037_001,861,527,1,526,-1,24,502
09_038_001,980,671,0,671,0,12,659
09_038_002,154,65,0,65,0,0,65
09_039_001,1109,679,0,678,-1,10,668
09_039_002,1174,585,0,584,-1,17,567
09_039_003,1049,571,0,571,0,10,561
09_039_004,1084,560,0,560,0,7,553
09_040_001,896,446,0,449,3,33,416
09_040_002,926,475,0,475,0,2,473
09_040_003,932,406,0,406,0,3,403
09_040_004,915,473,1,471,-2,5,466
09_040_005,931,524,0,524,0,12,512
09_041_001,986,590,0,589,-1,14,575
09_042_001,487,286,0,285,-1,8,277
09_043_001,583,317,0,317,0,6,311
09_043_002,591,350,0,350,0,7,343
09_043_003,587,317,0,316,-1,12,304
09_043_004,596,320,0,320,0,8,312
09_043_005,570,298,0,297,-1,10,287
09_043_006,589,256,0,256,0,13,243
09_043_007,432,216,0,216,0,8,208
09_043_008,68,38,0,38,0,0,38
09_044_001,718,331,0,331,0,16,315
09_044_002,904,457,0,457,0,17,440
09_045_001,578,331,0,332,1,13,319
09_046_001,683,366,0,368,2,27,341
09_046_002,71,27,0,27,0,0,27
09_047_001,1025,518,0,517,-1,5,512
09_047_002,899,370,0,370,0,10,360
09_047_003,1156,461,0,461,0,11,450
09_047_004,1055,402,0,401,-1,18,383
09_047_005,755,300,0,299,-1,7,292
09_047_006,817,346,0,344,-2,8,336
09_048_001,662,470,0,470,0,11,459
09_049_001,547,303,1,303,0,3,300
09_050_001,502,330,0,330,0,9,321
09_051_001,831,418,0,418,0,4,414
09_051_002,797,457,0,457,0,5,452
09_051_003,823,441,0,441,0,1,440
09_051_004,824,428,0,428,0,5,423
09_051_005,830,363,0,362,-1,5,357
09_052_001,828,494,0,494,0,6,488
09_052_002,944,543,0,544,1,32,512
09_053_001,1231,728,0,728,0,10,718
09_053_002,1110,709,2,706,-3,11,695
09_054_001,1058,580,0,578,-2,17,561
09_055_001,835,501,0,501,0,9,492
09_055_002,834,495,0,495,0,21,474
09_056_001,1297,752,0,751,-1,12,739
09_056_002,1304,634,0,634,0,14,620
09_056_003,1350,694,0,693,-1,8,685
09_056_004,1367,624,0,623,-1,11,612
09_056_005,1400,706,0,706,0,6,700
09_057_001,439,289,0,289,0,6,283
09_057_002,807,499,0,498,-1,10,488
09_057_003,597,381,0,381,0,10,371
09_057_004,933,616,0,616,0,12,604
09_057_005,79,47,0,47,0,4,43
09_057_006,175,109,0,109,0,0,109
09_058_001,735,452,0,452,0,0,452
09_058_002,749,458,0,458,0,7,451
09_058_003,649,380,0,380,0,8,372
09_058_004,571,387,0,387,0,4,383
09_058_005,833,528,0,528,0,30,498
09_058_006,1139,588,0,586,-2,27,559
09_058_007,747,399,0,399,0,8,391
09_058_008,404,157,0,155,-2,5,150
09_059_001,826,506,0,505,-1,6,499
09_059_002,812,482,0,480,-2,8,472
09_059_003,562,339,0,337,-2,7,330
09_059_004,771,408,0,408,0,14,394
09_059_005,78,51,0,51,0,1,50
09_060_001,779,533,0,532,-1,9,523
09_060_002,790,588,0,588,0,9,579
09_061_001,883,459,1,457,-2,15,442
09_061_002,1073,629,0,628,-1,16,612
09_062_001,819,372,0,372,0,2,370
09_062_002,873,384,0,383,-1,8,375
09_062_003,837,386,0,386,0,4,382
09_062_004,711,251,0,250,-1,1,249
09_062_005,1003,451,0,450,-1,9,441
09_062_006,1112,321,0,321,0,1,320
09_062_007,937,201,0,201,0,2,199
09_063_001,680,404,0,404,0,9,395
09_063_002,590,376,0,376,0,7,369
09_063_003,638,381,0,381,0,4,377
09_063_004,747,427,0,427,0,6,421
09_063_005,690,390,0,390,0,9,381
09_063_006,633,360,0,360,0,5,355
09_063_007,723,438,0,438,0,2,436
09_063_008,720,413,0,413,0,3,410
09_063_009,792,475,0,475,0,2,473
09_063_010,636,395,0,395,0,6,389
09_063_011,666,359,0,359,0,4,355
09_063_012,704,358,0,358,0,8,350
09_063_013,690,369,0,369,0,5,364
09_063_014,600,318,0,318,0,0,318
09_063_015,721,320,0,319,-1,15,304
09_063_016,796,364,1,363,-1,8,355
09_064_001,671,437,0,436,-1,11,425
09_065_001,877,562,0,562,0,11,551
09_065_002,967,534,0,532,-2,17,515
09_066_001,789,448,0,448,0,8,440
09_066_002,709,444,0,444,0,8,436
09_066_003,761,403,0,403,0,11,392
09_067_001,879,620,0,618,-2,17,601
09_068_001,982,563,0,563,0,26,537
09_069_001,495,306,0,306,0,8,298
09_069_002,554,331,0,331,0,7,324
09_070_001,1245,743,0,743,0,14,729
09_070_002,1016,579,0,577,-2,12,565
09_070_003,993,566,0,566,0,9,557
09_070_004,965,556,0,556,0,13,543
09_070_005,893,500,0,500,0,15,485
09_071_001,791,396,0,396,0,3,393
09_072_001,676,372,0,372,0,6,366
09_072_002,731,332,0,332,0,13,319
09_072_003,735,372,0,372,0,8,364
09_072_004,704,303,0,303,0,4,299
09_072_005,719,377,0,376,-1,7,369
09_072_006,76,42,0,42,0,1,41
09_073_001,539,324,0,324,0,1,323
09_074_001,254,130,0,130,0,2,128
09_075_001,399,232,0,232,0,3,229
09_076_001,861,599,0,592,-7,17,575
09_077_001,1105,528,0,528,0,13,515
09_078_001,681,272,0,272,0,6,266
09_079_001,1086,600,0,600,0,8,592
09_079_002,845,505,0,506,1,30,476
09_079_003,842,517,0,517,0,11,506
09_079_004,700,459,0,457,-2,6,451
09_079_005,811,572,0,572,0,8,564
09_080_001,917,529,0,529,0,13,516
09_081_001,98,82,0,82,0,4,78
09_082_001,1202,760,2,759,-1,9,750
10_001_001,1036,686,0,686,0,12,674
10_001_002,1022,594,0,593,-1,19,574
10_002_001,693,347,0,347,0,3,344
10_002_002,738,456,0,456,0,8,448
10_002_003,670,392,0,391,-1,4,387
10_003_001,586,396,0,395,-1,8,387
10_004_001,1056,723,0,724,1,17,707
10_004_002,1076,637,0,637,0,4,633
10_005_001,766,382,0,382,0,10,372
10_005_002,596,308,0,307,-1,0,307
10_005_003,593,329,0,328,-1,4,324
10_006_001,738,394,0,394,0,8,386
10_006_002,724,370,0,369,-1,2,367
10_007_001,1023,595,0,595,0,18,577
10_008_001,800,501,0,501,0,12,489
10_009_001,316,248,0,248,0,8,240
10_010_001,524,357,0,357,0,4,353
10_011_001,699,433,0,432,-1,7,425
10_011_002,604,398,0,395,-3,10,385
10_011_003,730,410,0,408,-2,14,394
10_012_001,741,423,0,423,0,9,414
10_012_002,796,385,0,385,0,6,379
10_012_003,645,342,0,342,0,8,334
10_013_001,1043,444,0,443,-1,5,438
10_014_001,574,373,0,372,-1,11,361
10_015_001,824,443,0,443,0,10,433
10_015_002,777,470,0,470,0,8,462
10_015_003,745,432,0,432,0,9,423
10_016_001,787,461,2,459,-2,5,454
10_017_001,226,123,0,123,0,1,122
10_018_001,577,471,0,471,0,8,463
10_019_001,593,316,0,314,-2,4,310
10_019_002,571,289,0,289,0,2,287
10_019_003,596,342,0,342,0,8,334
10_020_001,522,391,0,391,0,11,380
10_021_001,940,666,0,666,0,8,658
10_022_001,710,374,0,375,1,17,358
10_022_002,860,498,0,498,0,7,491
10_023_001,734,478,0,479,1,17,462
10_024_001,914,520,0,520,0,11,509
10_024_002,877,450,0,448,-2,8,440
10_024_003,832,469,0,469,0,4,465
10_025_001,858,532,0,531,-1,2,529
10_025_002,1134,723,0,722,-1,1,721
10_025_003,928,591,0,590,-1,2,588
10_025_004,732,433,0,433,0,2,431
10_025_005,1179,729,0,729,0,3,726
10_025_006,965,617,0,617,0,3,614
10_025_007,938,610,0,609,-1,1,608
10_025_008,1110,672,0,672,0,0,672
10_025_009,1048,657,0,656,-1,2,654
10_025_010,1080,654,2,652,-2,6,646
10_025_011,814,528,1,529,1,15,514
10_025_012,670,418,0,418,0,2,416
10_025_013,831,542,0,542,0,4,538
10_025_014,906,533,0,533,0,2,531
10_025_015,736,452,0,452,0,1,451
10_025_016,827,556,0,556,0,3,553
10_025_017,693,464,0,464,0,1,463
10_025_018,1010,482,0,481,-1,6,475
10_025_019,782,497,0,497,0,0,497
10_025_020,770,477,0,477,0,1,476
10_025_021,1001,619,0,619,0,4,615
10_025_022,621,364,0,364,0,2,362
10_025_023,1081,709,0,708,-1,4,704
10_025_024,864,514,0,514,0,6,508
10_025_025,1092,773,1,772,-1,5,767
10_025_026,1117,695,0,691,-4,5,686
10_025_027,806,508,0,507,-1,2,505
10_025_028,982,629,0,629,0,5,624
10_025_029,1064,687,0,686,-1,0,686
10_025_030,1093,690,0,690,0,2,688
10_025_031,1238,651,0,649,-2,7,642
10_025_032,1028,508,0,508,0,0,508
10_025_033,1106,623,0,621,-2,4,617
10_025_034,1060,601,1,601,0,3,598
10_025_035,1000,474,0,474,0,3,471
10_025_036,1172,724,0,724,0,3,721
10_025_037,1059,574,0,571,-3,4,567
10_025_038,1283,662,0,661,-1,1,660
10_025_039,1059,542,0,542,0,5,537
10_025_040,928,614,0,613,-1,7,606
10_025_041,991,574,0,574,0,7,567
10_025_042,828,489,0,489,0,3,486
10_026_001,1179,652,0,652,0,13,639
10_027_001,461,316,0,316,0,6,310
10_028_001,221,102,0,102,0,2,100
10_028_002,415,191,0,191,0,5,186
10_028_003,395,148,0,148,0,2,146
10_029_001,550,279,0,279,0,7,272
10_030_001,861,590,0,590,0,9,581
10_030_002,735,443,0,443,0,6,437
10_031_001,864,583,0,583,0,7,576
10_032_001,500,336,0,336,0,8,328
10_033_001,772,463,0,463,0,11,452
10_033_002,880,457,0,457,0,12,445
10_033_003,897,451,0,450,-1,22,428
10_034_001,629,431,0,429,-2,26,403
10_035_001,254,205,0,205,0,1,204
10_036_001,808,423,0,423,0,5,418
10_037_001,1028,688,0,688,0,7,681
10_037_002,915,515,0,515,0,12,503
10_037_003,857,634,0,634,0,18,616
10_038_001,1015,517,0,517,0,8,509
10_038_002,939,496,0,496,0,5,491
10_038_003,930,565,1,564,-1,5,559
10_038_004,993,473,0,472,-1,12,460
10_038_005,922,424,0,424,0,5,419
10_038_006,1042,453,0,451,-2,11,440
10_039_001,639,434,0,434,0,1,433
10_039_002,989,719,0,719,0,11,708
10_039_003,660,410,0,409,-1,1,408
10_039_004,825,572,0,572,0,4,568
10_039_005,987,524,0,523,-1,14,509
10_039_006,750,394,0,394,0,8,386
10_039_007,839,577,0,576,-1,2,574
10_039_008,638,405,0,405,0,1,404
10_039_009,960,677,0,677,0,3,674
10_039_010,725,491,0,491,0,3,488
10_039_011,996,642,0,641,-1,3,638
10_039_012,655,427,0,427,0,3,424
10_039_013,694,445,0,444,-1,2,442
10_039_014,628,423,0,423,0,4,419
10_039_015,635,398,2,396,-2,2,394
10_039_016,750,430,0,430,0,1,429
10_039_017,694,406,0,406,0,1,405
10_039_018,613,346,0,344,-2,4,340
10_039_019,775,431,0,430,-1,3,427
10_039_020,783,491,0,491,0,3,488
10_039_021,702,387,0,387,0,2,385
10_039_022,768,435,0,435,0,1,434
10_039_023,871,425,0,423,-2,5,418
10_039_024,519,340,0,338,-2,2,336
10_039_025,715,355,0,352,-3,3,349
10_039_026,585,336,0,335,-1,4,331
10_039_027,805,448,0,448,0,3,445
10_039_028,742,379,0,378,-1,3,375
10_039_029,680,380,0,378,-2,4,374
10_039_030,433,232,0,232,0,11,221
10_040_001,1102,785,0,785,0,7,778
10_040_002,1021,777,0,777,0,10,767
10_041_001,1071,619,0,619,0,14,605
10_042_001,911,423,0,423,0,6,417
10_042_002,1017,590,0,588,-2,7,581
10_043_001,713,441,0,441,0,6,435
10_043_002,813,566,0,566,0,6,560
10_043_003,858,548,0,547,-1,3,544
10_044_001,863,531,0,531,0,3,528
10_044_002,995,548,1,547,-1,7,540
10_045_001,310,205,0,205,0,6,199
10_045_002,623,479,0,478,-1,13,465
10_046_001,744,458,0,458,0,4,454
10_046_002,1066,683,0,685,2,29,656
10_046_003,1171,604,0,604,0,6,598
10_046_004,959,555,0,555,0,6,549
10_046_005,826,453,0,455,2,32,423
10_046_006,830,488,0,487,-1,4,483
10_046_007,984,521,0,521,0,3,518
10_046_008,945,527,0,527,0,2,525
10_046_009,838,496,0,497,1,12,485
10_046_010,795,469,0,469,0,1,468
10_046_011,1121,665,0,665,0,5,660
10_046_012,1232,773,1,772,-1,2,770
10_046_013,634,410,0,410,0,3,407
10_046_014,1078,622,0,624,2,28,596
10_046_015,1227,638,1,636,-2,7,629
10_046_016,610,383,0,383,0,5,378
10_046_017,1018,540,0,540,0,4,536
10_047_001,767,564,0,564,0,3,561
10_047_002,740,499,0,499,0,14,485
10_048_001,1019,606,0,604,-2,3,601
10_048_002,942,582,0,582,0,2,580
10_048_003,1061,611,0,611,0,5,606
10_048_004,200,105,0,105,0,3,102
10_048_005,1040,584,0,584,0,5,579
10_048_006,958,475,0,475,0,3,472
10_048_007,1029,571,1,570,-1,6,564
10_048_008,1011,606,0,605,-1,4,601
10_048_009,621,307,0,306,-1,7,299
10_049_001,456,283,0,283,0,7,276
10_050_001,535,344,0,342,-2,8,334
10_051_001,764,441,0,443,2,32,411
10_051_002,746,435,0,433,-2,15,418
10_051_003,798,450,0,451,1,18,433
10_051_004,750,449,0,448,-1,7,441
10_052_001,532,323,0,323,0,7,316
10_052_002,485,277,0,276,-1,4,272
10_052_003,132,89,0,88,-1,0,88
10_053_001,294,251,0,248,-3,2,246
10_054_001,809,542,0,541,-1,13,528
10_054_002,763,439,0,439,0,17,422
10_054_003,752,518,0,518,0,10,508
10_055_001,751,388,0,388,0,11,377
10_055_002,828,376,0,372,-4,9,363
10_055_003,713,361,0,361,0,15,346
10_055_004,425,253,0,253,0,5,248
10_056_001,635,323,0,322,-1,3,319
10_056_002,478,288,0,288,0,7,281
10_057_001,847,379,0,379,0,4,375
10_057_002,793,286,0,286,0,2,284
10_058_001,116,84,0,84,0,1,83
10_059_001,804,489,0,489,0,11,478
10_059_002,577,328,0,328,0,7,321
10_059_003,748,420,0,421,1,26,395
10_060_001,813,479,0,480,1,26,454
10_061_001,693,273,0,273,0,6,267
10_061_002,791,427,0,427,0,7,420
10_062_001,695,432,0,432,0,15,417
10_062_002,688,475,0,474,-1,14,460
10_063_001,640,358,0,358,0,6,352
10_063_002,805,446,0,446,0,6,440
10_063_003,864,481,0,481,0,9,472
10_063_004,741,417,0,417,0,9,408
10_063_005,724,438,0,438,0,2,436
10_063_006,608,391,0,391,0,6,385
10_064_001,602,440,0,440,0,8,432
10_065_001,660,398,0,398,0,3,395
10_065_002,667,393,0,393,0,8,385
10_065_003,674,353,0,353,0,2,351
10_066_001,687,454,0,454,0,3,451
10_066_002,778,550,0,549,-1,9,540
10_067_001,612,473,0,473,0,8,465
10_068_001,730,502,0,502,0,7,495
10_068_002,740,482,0,482,0,6,476
10_069_001,417,325,0,324,-1,8,316
10_070_001,873,530,0,530,0,12,518
10_071_001,1175,582,0,576,-6,20,556
10_072_001,562,355,0,355,0,9,346
10_073_001,294,190,0,190,0,3,187
10_074_001,1292,803,0,803,0,27,776
10_075_001,460,328,0,328,0,3,325
10_076_001,971,508,0,508,0,4,504
10_076_002,948,486,0,486,0,5,481
10_076_003,741,404,0,404,0,2,402
10_077_001,725,527,0,527,0,6,521
10_078_001,556,342,0,341,-1,5,336
10_079_001,740,469,0,469,0,12,457
10_080_001,748,454,0,454,0,8,446
10_080_002,774,488,0,487,-1,4,483
10_081_001,494,273,0,272,-1,4,268
10_081_002,641,390,0,390,0,3,387
10_082_001,734,373,0,373,0,6,367
10_082_002,740,412,0,410,-2,3,407
10_082_003,862,521,0,521,0,4,517
10_083_001,573,399,0,399,0,7,392
10_083_002,542,321,0,321,0,12,309
10_083_003,294,203,0,203,0,2,201
10_083_004,154,118,0,118,0,4,114
10_084_001,358,285,0,285,0,4,281
10_085_001,1057,686,0,685,-1,16,669
10_085_002,1012,557,0,557,0,17,540
10_086_001,1039,654,0,652,-2,23,629
10_087_001,594,388,0,387,-1,6,381
10_087_002,554,372,0,372,0,6,366
10_087_003,547,371,0,371,0,10,361
10_088_001,682,473,0,470,-3,9,461
10_088_002,760,519,0,515,-4,21,494
10_088_003,713,414,0,414,0,12,402
10_089_001,741,433,0,433,0,2,431
10_089_002,765,349,0,348,-1,7,341
10_089_003,636,403,0,402,-1,7,395
10_090_001,819,479,0,478,-1,7,471
10_090_002,772,463,1,461,-2,10,451
10_091_001,838,573,0,574,1,24,550
10_092_001,654,434,0,434,0,12,422
10_092_002,581,397,0,397,0,5,392
10_092_003,187,120,0,120,0,1,119
10_093_001,178,101,0,101,0,1,100
10_093_002,305,206,0,206,0,3,203
10_094_001,373,272,0,271,-1,13,258
10_095_001,838,472,0,472,0,6,466
10_095_002,821,505,0,505,0,10,495
10_096_001,560,342,0,342,0,3,339
10_096_002,689,412,0,412,0,8,404
10_097_001,185,131,0,131,0,3,128
10_097_002,97,64,0,64,0,5,59
10_098_001,717,458,1,458,0,2,456
10_098_002,530,371,1,371,0,5,366
10_099_001,462,333,0,331,-2,15,316
10_100_001,542,379,0,379,0,16,363
10_100_002,645,426,0,424,-2,11,413
10_101_001,657,474,0,474,0,4,470
10_101_002,646,419,0,418,-1,4,414
10_102_001,1242,908,0,906,-2,25,881
10_103_001,198,134,0,134,0,3,131
10_104_001,586,339,0,338,-1,7,331
10_105_001,848,621,0,620,-1,20,600
10_106_001,951,596,0,595,-1,8,587
10_107_001,136,111,0,111,0,3,108
10_108_001,865,449,0,449,0,6,443
10_108_002,858,479,0,479,0,8,471
10_109_001,449,267,0,265,-2,1,264
10_110_001,176,122,0,122,0,5,117
10_111_001,795,495,0,495,0,7,488
10_111_002,814,526,0,526,0,15,511
10_112_001,388,287,0,287,0,6,281
10_113_001,618,334,0,334,0,1,333
10_113_002,818,353,0,352,-1,2,350
10_113_003,648,370,0,370,0,4,366
10_113_004,850,472,2,470,-2,5,465
10_114_001,483,318,0,318,0,5,313
10_115_001,996,589,1,589,0,9,580
10_116_001,876,425,0,424,-1,4,420
10_117_001,874,457,0,457,0,10,447
10_117_002,614,305,0,305,0,6,299
10_118_001,367,231,0,230,-1,4,226
10_119_001,321,237,0,237,0,5,232
10_120_001,519,400,0,400,0,4,396
10_121_001,796,440,0,439,-1,7,432
11_001_001,643,285,0,285,0,8,277
11_001_002,604,256,0,256,0,6,250
11_001_003,675,264,0,264,0,7,257
11_001_004,702,254,0,254,0,4,250
11_001_005,606,325,0,324,-1,13,311
11_002_001,633,400,0,400,0,7,393
11_002_002,957,535,0,533,-2,12,521
11_003_001,1097,711,0,710,-1,13,697
11_004_001,1020,575,0,575,0,13,562
11_004_002,819,509,0,509,0,8,501
11_004_003,818,478,0,478,0,9,469
11_005_001,968,507,0,506,-1,13,493
11_005_002,986,452,0,451,-1,11,440
11_005_003,823,414,0,414,0,13,401
11_005_004,190,48,0,48,0,2,46
11_006_001,250,195,0,195,0,0,195
11_007_001,1070,786,0,786,0,12,774
11_007_002,652,394,0,394,0,14,380
11_007_003,293,170,0,170,0,6,164
11_008_001,550,339,0,341,2,25,316
11_008_002,733,469,0,469,0,16,453
11_009_001,1107,564,0,564,0,11,553
11_009_002,1078,443,0,441,-2,12,429
11_009_003,1080,487,0,486,-1,15,471
11_009_004,1089,428,0,428,0,11,417
11_009_005,752,313,0,313,0,6,307
11_010_001,133,59,0,59,0,0,59
11_011_001,930,622,0,622,0,16,606
11_011_002,1049,631,0,628,-3,28,600
11_012_001,686,367,0,367,0,7,360
11_012_002,669,364,0,363,-1,5,358
11_012_003,730,453,0,453,0,14,439
11_012_004,668,411,0,411,0,12,399
11_013_001,921,588,0,587,-1,9,578
11_013_002,886,465,0,465,0,15,450
11_013_003,922,533,0,533,0,9,524
11_013_004,960,544,0,541,-3,4,537
11_013_005,807,521,0,521,0,4,517
11_013_006,968,530,0,529,-1,12,517
11_013_007,977,572,0,572,0,10,562
11_014_001,578,306,0,306,0,12,294
11_015_001,1027,526,0,526,0,12,514
11_015_002,1205,580,0,580,0,12,568
11_015_003,1316,638,0,633,-5,17,616
11_015_004,1153,575,0,574,-1,7,567
11_015_005,1300,568,0,567,-1,14,553
11_016_001,886,506,0,505,-1,8,497
11_016_002,964,652,0,651,-1,4,647
11_016_003,1074,697,0,697,0,17,680
11_016_004,1208,799,0,797,-2,9,788
11_016_005,935,630,0,632,2,28,604
11_016_006,932,555,0,555,0,11,544
11_016_007,1042,687,0,687,0,6,681
11_016_008,1018,673,1,672,-1,6,666
11_016_009,972,619,0,621,2,28,593
11_016_010,932,592,0,592,0,7,585
11_016_011,1026,636,0,636,0,10,626
11_016_012,1070,685,0,686,1,21,665
11_016_013,1083,683,0,683,0,14,669
11_016_014,960,611,0,611,0,7,604
11_016_015,1281,833,0,832,-1,8,824
11_016_016,927,553,0,553,0,11,542
11_016_017,916,615,0,615,0,16,599
11_016_018,914,578,0,577,-1,10,567
11_016_019,743,370,0,369,-1,7,362
11_016_020,699,330,0,330,0,7,323
11_016_021,728,260,0,260,0,10,250
11_017_001,719,439,0,438,-1,2,436
11_017_002,696,418,0,418,0,8,410
11_018_001,562,352,0,351,-1,9,342
11_018_002,587,346,0,346,0,13,333
11_018_003,586,380,0,379,-1,10,369
11_019_001,747,512,0,511,-1,26,485
11_019_002,660,446,0,447,1,38,409
11_020_001,901,408,0,408,0,13,395
11_020_002,972,430,0,430,0,11,419
11_020_003,948,410,0,410,0,7,403
11_020_004,928,429,0,429,0,10,419
11_020_005,893,523,0,521,-2,9,512
11_021_001,298,220,0,220,0,3,217
11_022_001,752,378,0,377,-1,8,369
11_022_002,822,400,1,399,-1,6,393
11_022_003,723,387,0,387,0,9,378
11_023_001,792,415,0,415,0,10,405
11_023_002,785,403,0,403,0,7,396
11_023_003,803,292,0,292,0,9,283
11_023_004,707,334,0,334,0,16,318
11_023_005,802,501,0,500,-1,16,484
11_024_001,683,305,0,304,-1,6,298
11_024_002,773,300,0,300,0,9,291
11_024_003,627,315,0,315,0,10,305
11_024_004,607,308,0,308,0,7,301
11_024_005,667,300,0,299,-1,12,287
11_024_006,689,336,0,335,-1,10,325
11_025_001,971,587,0,587,0,7,580
11_025_002,1076,606,0,604,-2,14,590
11_026_001,591,322,0,322,0,3,319
11_026_002,590,331,0,331,0,18,313
11_027_001,889,506,0,500,-6,6,494
11_027_002,723,367,0,365,-2,2,363
11_027_003,939,516,3,509,-7,3,506
11_027_004,933,500,0,500,0,3,497
11_027_005,842,483,0,483,0,2,481
11_027_006,975,377,0,377,0,7,370
11_027_007,849,493,0,493,0,7,486
11_027_008,832,436,0,436,0,5,431
11_027_009,916,572,0,572,0,9,563
11_027_010,1015,551,0,551,0,13,538
11_027_011,1006,515,0,515,0,9,506
11_027_012,1031,445,0,445,0,5,440
11_027_013,1038,484,0,483,-1,2,481
11_027_014,947,429,0,429,0,3,426
11_027_015,1011,412,0,412,0,7,405
11_027_016,1008,525,0,525,0,3,522
11_028_001,786,410,0,411,1,17,394
11_028_002,746,345,0,345,0,8,337
11_028_003,720,302,0,302,0,14,288
11_028_004,759,279,0,279,0,7,272
11_028_005,372,197,0,196,-1,5,191
11_029_001,683,362,0,362,0,14,348
11_029_002,588,319,0,318,-1,3,315
11_029_003,644,289,0,289,0,8,281
11_029_004,620,332,0,332,0,3,329
11_029_005,216,128,0,128,0,2,126
11_030_001,508,393,0,391,-2,11,380
11_031_001,1053,549,0,547,-2,12,535
11_031_002,1042,503,0,503,0,15,488
11_031_003,1192,548,0,542,-6,4,538
11_031_004,991,420,0,419,-1,7,412
11_031_005,1060,524,0,524,0,10,514
11_031_006,977,519,0,519,0,9,510
11_031_007,1018,561,0,561,0,15,546
11_031_008,1075,485,0,484,-1,5,479
11_032_001,605,384,0,384,0,10,374
11_032_002,578,320,0,319,-1,11,308
11_033_001,468,258,1,257,-1,1,256
11_034_001,832,466,0,466,0,8,458
11_034_002,657,367,0,367,0,17,350
11_034_003,674,373,0,373,0,4,369
11_034_004,959,595,0,595,0,6,589
11_034_005,858,424,0,420,-4,4,416
11_034_006,840,438,0,438,0,1,437
11_034_007,981,548,0,548,0,7,541
11_035_001,514,286,0,285,-1,9,276
11_035_002,541,328,0,328,0,11,317
11_035_003,553,329,0,328,-1,6,322
11_035_004,574,314,0,314,0,7,307
11_035_005,545,345,0,345,0,10,335
11_035_006,553,282,0,282,0,10,272
11_035_007,575,322,0,322,0,17,305
11_036_001,533,306,0,306,0,7,299
11_036_002,682,358,0,358,0,8,350
11_036_003,638,345,0,345,0,8,337
11_036_004,619,351,0,351,0,9,342
11_036_005,635,339,0,339,0,4,335
11_036_006,736,465,0,465,0,7,458
11_036_007,763,412,0,412,0,6,406
11_036_008,917,511,0,511,0,8,503
11_036_009,233,131,0,131,0,2,129
11_036_010,533,280,0,280,0,9,271
11_037_001,644,367,0,367,0,10,357
11_037_002,946,565,0,565,0,22,543
11_037_003,881,524,0,523,-1,7,516
11_037_004,809,504,0,504,0,11,493
11_037_005,705,415,0,415,0,14,401
11_037_006,966,631,0,631,0,11,620
11_038_001,580,404,0,403,-1,5,398
11_039_001,259,182,0,182,0,2,180
11_040_001,737,404,0,403,-1,8,395
11_040_002,836,426,0,426,0,2,424
11_040_003,839,508,0,509,1,20,489
11_040_004,880,494,0,494,0,8,486
11_040_005,882,472,0,472,0,9,463
11_040_006,846,392,0,391,-1,11,380
11_040_007,792,453,0,452,-1,5,447
11_040_008,775,466,0,466,0,7,459
11_040_009,803,452,0,451,-1,4,447
11_040_010,792,364,0,364,0,9,355
11_040_011,865,486,0,485,-1,9,476
11_040_012,772,399,0,399,0,3,396
11_040_013,765,411,0,409,-2,5,404
11_040_014,766,436,2,436,0,7,429
11_040_015,789,472,0,472,0,10,462
11_040_016,766,481,0,481,0,2,479
11_041_001,832,510,0,509,-1,5,504
11_042_001,624,352,0,351,-1,10,341
11_042_002,672,431,0,430,-1,14,416
11_043_001,550,336,0,333,-3,13,320
11_044_001,592,327,0,327,0,3,324
11_044_002,581,313,0,313,0,6,307
11_044_003,635,362,0,362,0,8,354
11_044_004,598,337,0,336,-1,6,330
11_045_001,394,240,0,240,0,12,228
11_045_002,399,287,0,287,0,5,282
11_046_001,1277,671,1,671,0,17,654
11_047_001,940,438,0,438,0,6,432
11_047_002,857,412,0,412,0,9,403
11_047_003,827,423,0,423,0,5,418
11_047_004,843,459,0,458,-1,7,451
11_047_005,866,388,0,387,-1,11,376
11_048_001,799,357,0,356,-1,11,345
11_048_002,742,363,0,362,-1,8,354
11_049_001,797,488,0,488,0,4,484
11_049_002,622,369,0,369,0,4,365
11_049_003,735,407,0,407,0,4,403
11_049_004,957,530,0,529,-1,9,520
11_050_001,775,521,0,520,-1,4,516
11_051_001,627,413,0,413,0,8,405
11_051_002,198,108,0,108,0,6,102
11_052_001,762,455,0,455,0,1,454
11_052_002,757,517,0,516,-1,1,515
11_052_003,1019,674,0,676,2,26,650
11_052_004,755,498,0,498,0,2,496
11_052_005,776,509,0,509,0,0,509
11_052_006,925,537,0,537,0,1,536
11_052_007,764,446,0,446,0,2,444
11_052_008,647,378,1,378,0,1,377
11_052_009,668,372,0,372,0,6,366
11_052_010,652,401,0,401,0,3,398
11_052_011,604,406,0,406,0,2,404
11_052_012,895,623,0,623,0,4,619
11_052_013,718,404,2,402,-2,4,398
11_052_014,638,388,0,388,0,1,387
11_052_015,923,508,0,507,-1,1,506
11_052_016,921,530,0,530,0,2,528
11_052_017,656,398,0,398,0,3,395
11_052_018,555,350,0,348,-2,0,348
11_052_019,746,461,0,461,0,3,458
11_052_020,739,316,0,316,0,1,315
11_052_021,693,385,0,385,0,3,382
11_052_022,533,309,0,308,-1,4,304
11_052_023,625,410,0,410,0,2,408
11_052_024,679,419,0,419,0,3,416
11_052_025,671,422,0,422,0,1,421
11_052_026,714,438,0,438,0,2,436
11_052_027,615,382,0,382,0,2,380
11_052_028,696,433,0,433,0,2,431
11_052_029,579,319,0,318,-1,2,316
11_052_030,956,510,2,510,0,13,497
11_052_031,656,431,0,431,0,2,429
11_052_032,539,260,0,260,0,2,258
11_052_033,773,421,0,421,0,5,416
11_052_034,671,344,0,344,0,2,342
11_052_035,683,341,0,341,0,2,339
11_052_036,721,375,0,376,1,11,365
11_052_037,688,371,0,370,-1,19,351
11_052_038,762,368,0,368,0,4,364
11_052_039,671,376,0,376,0,2,374
11_052_040,739,405,0,405,0,0,405
11_052_041,810,393,0,393,0,1,392
11_052_042,669,317,0,317,0,1,316
11_052_043,794,389,0,389,0,1,388
11_052_044,1115,769,0,768,-1,4,764
11_052_045,714,439,0,439,0,4,435
11_052_046,789,441,0,441,0,4,437
11_052_047,784,449,0,449,0,5,444
11_052_048,759,320,0,320,0,6,314
11_052_049,675,276,0,276,0,3,273
11_052_050,786,393,0,391,-2,6,385
11_052_051,1125,465,0,464,-1,6,458
11_052_052,663,270,0,270,0,1,269
11_052_053,717,335,0,334,-1,1,333
11_052_054,926,527,0,527,0,3,524
11_052_055,757,427,0,429,2,25,404
11_052_056,962,648,0,648,0,2,646
11_052_057,789,410,0,410,0,7,403
11_052_058,755,471,0,471,0,2,469
11_052_059,921,604,0,604,0,3,601
11_052_060,936,593,0,593,0,5,588
11_052_061,676,445,0,445,0,0,445
11_052_062,828,529,0,529,0,0,529
11_052_063,963,635,0,636,1,15,621
11_052_064,930,614,0,611,-3,4,607
11_052_065,804,515,0,515,0,5,510
11_052_066,804,493,0,493,0,5,488
11_052_067,862,535,0,535,0,4,531
11_052_068,822,510,0,510,0,4,506
11_052_069,920,554,0,554,0,11,543
11_052_070,926,547,0,547,0,2,545
11_053_001,609,504,0,502,-2,4,498
11_053_002,713,584,0,584,0,4,580
11_054_001,1010,746,0,746,0,11,735
11_054_002,920,722,0,718,-4,5,713
11_055_001,858,479,0,479,0,20,459
11_056_001,994,453,0,453,0,9,444
11_056_002,1072,417,0,416,-1,7,409
11_056_003,1053,624,0,623,-1,11,612
11_056_004,1015,504,0,501,-3,7,494
11_056_005,1120,477,0,477,0,11,466
11_056_006,1085,459,0,459,0,11,448
11_056_007,997,486,0,486,0,14,472
11_056_008,1036,391,0,391,0,6,385
11_057_001,565,326,0,325,-1,8,317
11_057_002,1062,531,1,530,-1,7,523
11_057_003,1175,598,0,598,0,19,579
11_057_004,1111,506,0,506,0,14,492
11_057_005,1127,580,0,579,-1,10,569
11_057_006,1110,668,0,668,0,8,660
11_057_007,979,514,0,514,0,7,507
11_057_008,1062,489,0,488,-1,9,479
11_057_009,107,42,0,42,0,3,39
11_057_010,421,223,0,223,0,2,221
11_058_001,780,493,0,492,-1,31,461
11_059_001,543,313,0,312,-1,7,305
11_060_001,306,222,0,222,0,10,212
11_061_001,822,501,0,501,0,14,487
11_061_002,408,249,0,249,0,4,245
11_062_001,892,539,0,539,0,15,524
11_062_002,145,62,0,62,0,1,61
11_063_001,1036,616,1,617,1,28,589
11_064_001,758,448,1,447,-1,14,433
11_064_002,847,451,0,451,0,17,434
11_065_001,641,419,0,419,0,21,398
11_065_002,699,434,0,434,0,3,431
11_066_001,859,499,0,498,-1,16,482
11_067_001,582,358,0,358,0,8,350
11_067_002,556,333,0,333,0,11,322
11_068_001,659,407,0,407,0,6,401
11_068_002,648,406,0,406,0,9,397
11_068_003,191,101,0,101,0,5,96
11_069_001,689,410,0,410,0,17,393
11_069_002,610,363,0,359,-4,13,346
11_070_001,1056,668,0,668,0,8,660
11_070_002,215,111,0,111,0,1,110
11_071_001,538,266,0,266,0,6,260
11_072_001,884,375,0,374,-1,4,370
11_072_002,1072,524,0,524,0,4,520
11_072_003,836,383,0,383,0,6,377
11_072_004,814,398,0,398,0,9,389
11_073_001,1000,527,0,527,0,7,520
11_073_002,898,551,0,551,0,8,543
11_073_003,1083,613,0,613,0,4,609
11_073_004,994,488,0,488,0,7,481
11_073_005,1120,467,0,467,0,3,464
11_073_006,1115,514,0,513,-1,10,503
11_073_007,644,392,0,392,0,3,389
11_073_008,658,389,0,389,0,2,387
11_073_009,638,386,0,385,-1,2,383
11_073_010,781,417,1,415,-2,4,411
11_073_011,995,503,0,502,-1,9,493
11_073_012,673,303,0,301,-2,9,292
11_073_013,522,236,1,235,-1,8,227
11_073_014,747,270,1,271,1,17,254
11_073_015,1024,409,0,407,-2,2,405
11_073_016,998,437,0,437,0,6,431
11_073_017,1027,528,0,524,-4,5,519
11_073_018,1019,504,0,505,1,16,489
11_074_001,671,324,0,321,-3,16,305
11_074_002,725,395,0,395,0,12,383
11_074_003,624,342,0,340,-2,2,338
11_074_004,638,357,0,357,0,8,349
11_074_005,653,412,0,412,0,12,400
11_074_006,621,369,0,369,0,9,360
11_074_007,681,373,0,373,0,6,367
11_074_008,691,327,0,327,0,10,317
11_074_009,686,379,0,379,0,7,372
11_074_010,696,331,0,330,-1,7,323
11_075_001,890,383,0,383,0,10,373
11_075_002,817,367,0,368,1,15,353
11_075_003,708,369,0,369,0,7,362
11_075_004,768,410,0,410,0,6,404
11_075_005,818,394,0,394,0,2,392
11_075_006,832,373,0,373,0,13,360
11_076_001,493,335,0,335,0,9,326
11_077_001,559,249,0,249,0,3,246
11_077_002,617,275,0,275,0,7,268
11_077_003,625,302,0,299,-3,8,291
11_077_004,581,274,0,274,0,8,266
11_077_005,444,230,0,230,0,6,224
11_078_001,1144,667,0,668,1,25,643
12_001_001,215,165,0,163,-2,5,158
12_002_001,574,375,0,375,0,6,369
12_002_002,547,351,0,351,0,9,342
12_002_003,559,258,0,258,0,5,253
12_003_001,725,291,0,292,1,15,277
12_004_001,761,394,0,394,0,10,384
12_004_002,701,385,0,385,0,10,375
12_004_003,742,448,0,448,0,11,437
12_004_004,639,330,0,330,0,16,314
12_004_005,635,359,1,359,0,11,348
12_004_006,682,398,0,401,3,34,367
12_004_007,739,387,0,387,0,9,378
12_004_008,699,356,0,355,-1,9,346
12_005_001,556,279,0,279,0,6,273
12_006_001,696,408,0,408,0,5,403
12_006_002,658,416,0,414,-2,5,409
12_006_003,955,554,0,554,0,5,549
12_007_001,802,418,0,418,0,3,415
12_007_002,729,354,0,354,0,4,350
12_008_001,1264,700,0,697,-3,11,686
12_009_001,338,195,0,195,0,3,192
12_010_001,780,581,0,580,-1,14,566
12_011_001,553,305,0,305,0,0,305
12_011_002,564,353,0,353,0,12,341
12_012_001,655,407,0,405,-2,7,398
12_012_002,598,379,0,379,0,5,374
12_013_001,755,529,0,529,0,4,525
12_013_002,614,363,0,363,0,4,359
12_013_003,659,365,0,365,0,7,358
12_013_004,725,466,0,466,0,3,463
12_014_001,618,318,0,318,0,17,301
12_015_001,878,508,0,507,-1,2,505
12_015_002,873,436,0,436,0,8,428
12_016_001,198,139,0,139,0,2,137
12_017_001,624,362,0,362,0,9,353
12_017_002,836,423,0,423,0,12,411
12_018_001,340,211,0,211,0,1,210
12_019_001,281,174,0,174,0,5,169
12_020_001,972,560,0,560,0,5,555
12_020_002,748,416,0,416,0,9,407
12_020_003,846,476,0,476,0,13,463
12_021_001,830,580,0,580,0,6,574
12_022_001,767,466,0,466,0,4,462
12_023_001,983,536,0,536,0,5,531
12_023_002,1064,615,0,614,-1,10,604
12_023_003,1100,630,0,630,0,11,619
12_023_004,683,324,0,324,0,1,323
12_023_005,666,377,0,377,0,2,375
12_023_006,649,310,0,310,0,1,309
12_023_007,697,349,0,349,0,2,347
12_023_008,1191,576,0,576,0,2,574
12_023_009,926,452,0,452,0,5,447
12_023_010,1167,541,0,540,-1,3,537
12_024_001,950,475,0,475,0,6,469
12_025_001,710,399,0,399,0,5,394
12_025_002,662,363,0,363,0,3,360
12_026_001,422,291,0,291,0,8,283
12_027_001,505,369,0,369,0,4,365
12_028_001,744,458,0,456,-2,1,455
12_028_002,810,567,3,568,1,13,555
12_028_003,752,490,0,490,0,0,490
12_028_004,1262,703,0,702,-1,1,701
12_028_005,1134,751,0,751,0,4,747
12_028_006,959,544,0,544,0,6,538
12_028_007,977,633,0,632,-1,6,626
12_028_008,599,384,0,384,0,1,383
12_028_009,665,446,0,446,0,5,441
12_028_010,622,372,0,372,0,2,370
12_028_011,685,430,0,430,0,2,428
12_028_012,1005,354,0,354,0,0,354
12_028_013,693,387,0,387,0,0,387
12_028_014,823,441,0,441,0,0,441
12_028_015,881,485,0,484,-1,4,480
12_028_016,647,379,0,378,-1,2,376
12_028_017,1060,542,0,542,0,3,539
12_028_018,1111,684,0,683,-1,4,679
12_028_019,750,435,0,435,0,3,432
12_028_020,1034,636,0,636,0,3,633
12_028_021,240,134,0,134,0,2,132
12_028_022,671,251,0,251,0,5,246
12_028_023,970,482,0,482,0,0,482
12_028_024,731,392,0,391,-1,3,388
12_028_025,834,377,0,375,-2,0,375
12_028_026,890,371,0,371,0,3,368
12_028_027,728,222,0,222,0,0,222
12_029_001,478,341,0,341,0,9,332
12_030_001,1205,696,0,696,0,17,679
12_031_001,901,457,0,455,-2,7,448
12_032_001,874,477,0,477,0,8,469
12_032_002,755,501,501,501,0,5,496
12_033_001,535,337,0,337,0,13,324
12_034_001,695,403,0,403,0,3,400
12_034_002,744,455,0,455,0,8,447
12_034_003,776,398,0,398,0,7,391
12_035_001,907,567,0,567,0,8,559
12_035_002,816,565,0,565,0,5,560
12_035_003,769,485,0,486,1,19,467
12_035_004,771,494,0,494,0,3,491
12_035_005,787,482,0,482,0,13,469
12_035_006,361,220,0,220,0,4,216
12_036_001,387,191,0,191,0,6,185
12_037_001,1052,658,0,658,0,18,640
12_037_002,1119,745,0,745,0,12,733
12_038_001,414,226,0,226,0,4,222
12_038_002,979,536,0,536,0,2,534
12_038_003,589,369,0,369,0,3,366
12_038_004,903,473,1,472,-1,4,468
12_038_005,1008,582,0,581,-1,4,577
12_038_006,851,496,0,496,0,4,492
12_038_007,792,490,0,490,0,10,480
12_038_008,1018,667,0,667,0,2,665
12_038_009,675,353,0,353,0,2,351
12_038_010,1395,886,0,886,0,8,878
12_038_011,524,250,0,250,0,7,243
12_038_012,785,447,0,447,0,2,445
12_038_013,780,436,0,436,0,3,433
12_038_014,817,396,0,396,0,4,392
12_038_015,1164,624,0,626,2,25,601
12_038_016,1225,751,0,751,0,4,747
12_038_017,814,488,0,488,0,5,483
12_039_001,862,392,0,392,0,15,377
12_040_001,927,587,0,586,-1,8,578
12_040_002,900,565,0,564,-1,4,560
12_040_003,926,433,0,433,0,7,426
12_040_004,1049,445,0,444,-1,8,436
12_041_001,706,335,0,335,0,5,330
12_041_002,796,412,0,412,0,12,400
12_041_003,703,329,1,328,-1,5,323
12_041_004,958,559,0,559,0,9,550
12_041_005,805,467,0,466,-1,8,458
12_042_001,718,469,0,469,0,11,458
12_042_002,740,432,0,431,-1,5,426
12_043_001,536,375,0,375,0,13,362
12_044_001,876,535,0,535,0,15,520
12_044_002,869,570,0,570,0,10,560
12_045_001,703,460,0,459,-1,7,452
12_046_001,664,372,0,372,0,9,363
12_046_002,686,363,0,363,0,6,357
12_046_003,846,486,0,485,-1,5,480
12_046_004,112,45,0,45,0,2,43
12_047_001,1215,650,0,650,0,14,636
12_048_001,1095,551,0,551,0,9,542
12_048_002,863,410,0,410,0,2,408
12_049_001,579,374,0,374,0,5,369
12_049_002,514,331,0,331,0,5,326
12_050_001,739,292,0,291,-1,3,288
12_050_002,917,569,0,569,0,10,559
12_050_003,978,587,0,586,-1,3,583
12_050_004,959,613,0,613,0,6,607
12_050_005,846,492,0,492,0,5,487
12_050_006,693,352,0,352,0,3,349
12_050_007,659,351,0,351,0,5,346
12_051_001,949,507,0,507,0,6,501
12_051_002,867,455,0,455,0,8,447
12_051_003,931,483,0,481,-2,3,478
12_051_004,1051,456,0,456,0,6,450
12_051_005,884,390,0,391,1,16,375
12_051_006,725,326,0,326,0,6,320
12_051_007,888,386,0,386,0,43,343
12_051_008,835,352,0,351,-1,8,343
12_051_009,769,387,0,387,0,6,381
12_051_010,779,390,0,390,0,3,387
12_051_011,845,435,0,434,-1,3,431
12_051_012,736,316,0,316,0,3,313
12_051_013,872,418,0,417,-1,5,412
12_051_014,913,518,0,518,0,2,516
12_051_015,907,563,0,561,-2,3,558
12_051_016,1052,510,0,510,0,13,497
12_052_001,1079,526,0,525,-1,5,520
12_052_002,985,587,0,587,0,5,582
12_053_001,879,501,0,501,0,7,494
12_053_002,847,514,0,514,0,8,506
12_054_001,1051,739,0,738,-1,12,726
12_055_001,740,367,0,367,0,4,363
12_055_002,758,348,0,347,-1,3,344
12_055_003,793,359,0,359,0,5,354
12_056_001,495,226,0,226,0,5,221
12_056_002,491,229,0,229,0,4,225
12_057_001,761,467,0,466,-1,8,458
12_057_002,860,602,0,599,-3,1,598
12_058_001,1197,664,0,664,0,9,655
12_059_001,930,615,0,615,0,6,609
12_059_002,1057,721,0,706,-15,9,697
12_060_001,921,600,0,599,-1,10,589
12_061_001,886,527,0,527,0,6,521
12_061_002,958,561,0,561,0,6,555
12_062_001,1340,749,0,749,0,5,744
12_063_001,943,644,0,643,-1,7,636
12_063_002,1100,795,0,795,0,9,786
12_063_003,103,58,0,58,0,1,57
12_064_001,888,510,0,510,0,1,509
12_064_002,846,588,0,588,0,1,587
12_064_003,803,482,0,482,0,2,480
12_064_004,1210,805,0,805,0,7,798
12_064_005,1304,812,0,812,0,4,808
12_064_006,980,621,0,621,0,4,617
12_064_007,977,636,0,635,-1,3,632
12_064_008,1059,681,0,681,0,12,669
12_064_009,990,603,0,603,0,3,600
12_064_010,1059,744,0,744,0,9,735
12_064_011,1039,742,0,742,0,2,740
12_064_012,1059,691,0,691,0,7,684
12_064_013,1061,627,0,626,-1,3,623
12_064_014,701,447,0,446,-1,3,443
12_064_015,812,586,0,586,0,4,582
12_064_016,779,491,0,491,0,5,486
12_064_017,1118,612,0,610,-2,7,603
12_064_018,964,652,0,652,0,2,650
12_064_019,471,302,0,302,0,0,302
12_065_001,1007,577,0,577,0,0,577
12_065_002,1189,638,0,638,0,2,636
12_065_003,565,219,1,219,0,2,217
12_065_004,454,115,0,115,0,4,111
12_065_005,755,261,0,261,0,9,252
12_065_006,831,372,0,372,0,6,366
12_065_007,838,434,0,434,0,2,432
12_065_008,1068,559,0,559,0,4,555
12_065_009,950,609,1,607,-2,0,607
12_065_010,1096,667,0,667,0,1,666
12_065_011,935,563,0,563,0,4,559
12_065_012,900,519,0,519,0,4,515
12_065_013,813,411,0,408,-3,3,405
12_065_014,845,431,0,430,-1,1,429
12_065_015,1097,593,0,593,0,4,589
12_065_016,1120,685,0,684,-1,5,679
12_065_017,1092,682,0,682,0,4,678
12_065_018,1087,711,0,710,-1,5,705
12_065_019,784,409,0,409,0,3,406
12_065_020,801,484,0,489,5,47,442
12_065_021,854,459,0,448,-11,4,444
12_065_022,798,481,0,480,-1,2,478
12_065_023,781,429,0,429,0,3,426
12_065_024,566,388,0,388,0,5,383
12_065_025,667,386,0,386,0,3,383
12_065_026,783,427,0,427,0,6,421
12_065_027,931,435,3,431,-4,1,430
12_065_028,795,383,0,383,0,1,382
12_065_029,1575,446,0,446,0,3,443
12_065_030,820,427,1,426,-1,1,425
12_065_031,772,423,0,423,0,4,419
12_065_032,747,411,0,411,0,2,409
12_065_033,959,455,0,455,0,0,455
12_065_034,858,449,3,447,-2,3,444
12_065_035,781,376,0,375,-1,2,373
12_065_036,741,400,0,400,0,3,397
12_065_037,861,446,0,445,-1,3,442
12_065_038,1130,496,0,496,0,3,493
12_065_039,814,384,0,384,0,2,382
12_065_040,825,454,0,454,0,6,448
12_065_041,718,360,0,360,0,3,357
12_065_042,726,413,0,413,0,2,411
12_065_043,829,452,0,452,0,1,451
12_065_044,796,391,0,393,2,21,372
12_065_045,765,454,1,454,0,2,452
12_065_046,920,515,0,515,0,2,513
12_065_047,764,456,0,456,0,0,456
12_065_048,875,420,0,420,0,0,420
12_065_049,888,484,0,484,0,0,484
12_065_050,791,422,0,421,-1,0,421
12_065_051,820,464,0,464,0,2,462
12_065_052,1306,733,1,730,-3,4,726
12_065_053,918,306,0,306,0,6,300
12_065_054,904,352,0,352,0,3,349
12_065_055,1009,478,0,478,0,1,477
12_065_056,955,547,0,546,-1,2,544
12_065_057,1047,675,0,674,-1,1,673
12_065_058,1084,664,0,664,0,7,657
12_065_059,806,350,0,350,0,7,343
12_066_001,992,578,0,578,0,6,572
12_066_002,181,106,0,106,0,2,104
12_067_001,640,389,0,389,0,5,384
12_067_002,935,529,0,529,0,5,524
12_067_003,741,389,0,388,-1,3,385
12_067_004,750,408,0,408,0,0,408
12_067_005,701,359,0,359,0,8,351
12_067_006,615,351,0,351,0,1,350
12_068_001,197,71,0,71,0,2,69
12_068_002,729,397,0,397,0,7,390
12_068_003,721,432,0,432,0,6,426
12_068_004,722,365,0,365,0,3,362
12_068_005,1005,512,0,512,0,7,505
12_069_001,812,340,0,337,-3,6,331
12_069_002,783,375,0,371,-4,1,370
12_069_003,679,377,0,375,-2,6,369
12_070_001,615,426,0,426,0,4,422
12_071_001,524,383,0,383,0,8,375
12_072_001,490,268,0,267,-1,4,263
12_073_001,1165,781,0,779,-2,6,773
12_074_001,879,544,0,543,-1,7,536
12_074_002,1054,399,1,398,-1,12,386
12_074_003,901,587,0,586,-1,8,578
12_075_001,455,278,0,278,0,5,273
12_076_001,753,398,0,398,0,10,388
12_076_002,642,347,0,347,0,8,339
13_001_001,488,276,0,276,0,2,274
13_002_001,200,168,0,168,0,2,166
13_003_001,743,463,1,463,0,6,457
13_003_002,770,427,0,426,-1,9,417
13_003_003,781,472,0,472,0,1,471
13_003_004,670,375,0,374,-1,4,370
13_003_005,745,476,0,476,0,5,471
13_003_006,758,467,0,467,0,10,457
13_003_007,701,400,0,400,0,1,399
13_003_008,742,381,0,381,0,2,379
13_003_009,659,432,0,432,0,4,428
13_003_010,740,336,0,335,-1,7,328
13_003_011,632,377,0,377,0,5,372
13_003_012,824,521,0,520,-1,3,517
13_003_013,717,466,0,465,-1,2,463
13_003_014,732,451,0,451,0,1,450
13_003_015,656,410,0,409,-1,3,406
13_003_016,724,444,0,443,-1,4,439
13_004_001,630,484,0,484,0,6,478
13_005_001,770,386,0,386,0,5,381
13_006_001,1132,579,0,579,0,11,568
13_006_002,1130,599,0,598,-1,13,585
13_006_003,1125,567,0,567,0,7,560
13_006_004,1021,542,0,542,0,13,529
13_006_005,1141,696,0,695,-1,8,687
13_006_006,1215,614,0,614,0,7,607
13_006_007,1161,586,0,586,0,5,581
13_006_008,1256,598,0,598,0,7,591
13_007_001,430,336,0,336,0,12,324
13_008_001,613,365,0,365,0,6,359
13_008_002,715,420,0,420,0,8,412
13_009_001,626,488,1,487,-1,12,475
13_010_001,306,227,0,226,-1,7,219
13_011_001,89,64,0,64,0,4,60
13_012_001,760,483,0,483,0,15,468
13_013_001,813,502,0,502,0,12,490
13_013_002,781,444,0,444,0,12,432
13_014_001,819,477,0,477,0,10,467
13_015_001,293,196,0,196,0,6,190
13_016_001,606,392,0,392,0,8,384
13_017_001,112,94,0,94,0,6,88
13_018_001,261,207,0,207,0,4,203
13_019_001,701,437,0,437,0,7,430
13_020_001,298,175,0,175,0,6,169
13_021_001,82,65,0,65,0,0,65
13_022_001,1095,554,0,553,-1,7,546
13_023_001,729,396,0,396,0,3,393
13_023_002,782,435,0,435,0,7,428
13_023_003,809,467,0,466,-1,6,460
13_024_001,471,338,0,336,-2,9,327
13_024_002,325,215,0,215,0,6,209
13_025_001,1097,569,0,569,0,11,558
13_026_001,894,675,0,675,0,29,646
13_027_001,335,226,0,226,0,2,224
13_028_001,531,304,2,302,-2,9,293
13_029_001,873,314,1,314,0,2,312
13_030_001,428,316,0,316,0,7,309
13_031_001,430,233,0,233,0,9,224
13_032_001,695,429,0,429,0,4,425
13_032_002,111,52,0,52,0,0,52
13_032_003,208,97,0,97,0,2,95
13_033_001,687,404,0,404,0,6,398
13_033_002,837,481,0,480,-1,9,471
13_033_003,608,380,0,380,0,5,375
13_033_004,710,467,0,467,0,11,456
13_034_001,478,348,0,348,0,4,344
13_035_001,119,83,0,83,0,6,77
13_036_001,499,334,0,334,0,4,330
13_037_001,37,27,0,27,0,2,25
13_038_001,462,338,0,337,-1,11,326
13_039_001,793,383,0,383,0,12,371
13_040_001,286,227,0,227,0,5,222
13_041_001,386,251,0,251,0,5,246
13_042_001,145,108,0,108,0,4,104
13_043_001,640,472,0,472,0,14,458
13_044_001,125,79,0,79,0,0,79
13_045_001,344,252,0,252,0,6,246
13_046_001,640,361,0,361,0,13,348
13_047_001,819,462,0,462,0,11,451
13_047_002,725,445,0,446,1,21,425
13_048_001,616,370,0,370,0,6,364
13_048_002,557,325,0,325,0,3,322
13_049_001,665,443,0,443,0,10,433
13_050_001,622,312,0,312,0,5,307
13_050_002,569,307,0,306,-1,2,304
13_050_003,183,116,0,116,0,3,113
13_051_001,636,373,0,373,0,12,361
13_051_002,697,427,0,427,0,3,424
13_051_003,638,429,0,428,-1,9,419
13_052_001,908,494,1,493,-1,3,490
13_053_001,564,307,0,307,0,10,297
13_053_002,586,326,0,326,0,7,319
13_053_003,243,101,0,101,0,4,97
13_054_001,1097,671,0,650,-21,12,638
13_055_001,588,369,0,369,0,7,362
13_056_001,398,270,0,270,0,6,264
13_057_001,342,250,0,250,0,3,247
13_058_001,138,120,0,121,1,10,111
13_059_001,175,127,0,127,0,4,123
13_060_001,445,270,0,270,0,4,266
13_061_001,138,118,0,118,0,1,117
13_062_001,83,70,0,70,0,6,64
13_063_001,383,257,0,257,0,2,255
13_064_001,593,423,0,423,0,11,412
13_065_001,474,340,0,340,0,9,331
13_066_001,642,342,0,343,1,16,327
13_066_002,381,240,0,240,0,5,235
13_067_001,451,248,0,248,0,5,243
13_067_002,134,44,0,44,0,0,44
13_068_001,901,644,0,644,0,12,632
13_069_001,180,151,0,151,0,3,148
13_070_001,608,396,0,397,1,18,379
13_071_001,879,557,0,557,0,7,550
13_071_002,434,250,1,249,-1,8,241
13_072_001,750,467,0,467,0,13,454
13_073_001,1197,761,0,760,-1,18,742
13_074_001,879,436,0,436,0,25,411
13_074_002,500,267,0,266,-1,9,257
13_075_001,615,355,0,355,0,11,344
13_075_002,557,250,0,249,-1,9,240
13_075_003,224,124,1,124,0,0,124
13_076_001,456,254,0,251,-3,2,249
13_077_001,711,468,0,467,-1,11,456
13_078_001,478,368,0,368,0,3,365
13_079_001,195,125,0,125,0,2,123
13_080_001,538,370,0,370,0,10,360
13_080_002,513,358,0,358,0,12,346
13_080_003,53,38,0,38,0,0,38
13_081_001,746,397,0,394,-3,3,391
13_081_002,783,464,0,463,-1,15,448
13_082_001,583,395,0,395,0,5,390
13_083_001,1009,763,0,762,-1,13,749
13_084_001,782,560,0,560,0,9,551
13_084_002,521,379,0,379,0,2,377
13_085_001,495,367,0,367,0,14,353
13_086_001,355,252,0,252,0,2,250
13_087_001,639,466,0,466,0,26,440
13_087_002,649,462,0,462,0,24,438
13_088_001,756,535,0,535,0,11,524
13_089_001,584,440,0,439,-1,10,429
13_090_001,424,234,0,234,0,6,228
13_091_001,993,717,0,716,-1,8,708
13_092_001,824,478,0,477,-1,10,467
13_093_001,260,206,1,205,-1,2,203
13_094_001,671,428,0,427,-1,10,417
13_094_002,657,440,0,440,0,7,433
13_095_001,698,497,0,497,0,6,491
13_096_001,592,354,0,354,0,8,346
13_097_001,927,548,0,548,0,9,539
13_097_002,939,494,1,492,-2,12,480
13_097_003,654,408,0,407,-1,4,403
13_097_004,701,396,0,396,0,5,391
13_097_005,974,547,0,547,0,6,541
13_097_006,911,497,0,497,0,6,491
13_097_007,1037,665,0,665,0,2,663
13_097_008,744,444,0,444,0,10,434
13_097_009,293,198,0,198,0,0,198
13_098_001,457,342,0,342,0,5,337
13_099_001,155,128,0,128,0,4,124
13_100_001,1090,684,0,684,0,6,678
13_100_002,1015,658,0,656,-2,13,643
13_101_001,579,275,0,275,0,7,268
13_101_002,625,388,0,388,0,5,383
13_102_001,892,540,0,539,-1,6,533
13_102_002,875,455,0,455,0,6,449
13_103_001,800,485,0,483,-2,3,480
13_103_002,652,384,0,384,0,1,383
13_103_003,806,453,0,453,0,1,452
13_103_004,676,411,0,410,-1,1,409
13_103_005,798,485,0,485,0,4,481
13_103_006,675,393,0,393,0,3,390
13_103_007,696,390,0,390,0,3,387
13_103_008,497,235,0,235,0,2,233
13_103_009,204,80,0,80,0,0,80
13_103_010,199,120,0,120,0,2,118
13_103_011,105,43,0,43,0,1,42
13_103_012,104,63,0,63,0,1,62
13_103_013,662,341,0,341,0,2,339
13_103_014,741,360,0,360,0,4,356
13_103_015,541,227,0,227,0,3,224
13_103_016,1008,419,0,419,0,5,414
13_103_017,764,517,1,516,-1,3,513
13_103_018,1030,581,0,581,0,2,579
13_103_019,992,562,0,562,0,2,560
13_103_020,827,556,0,556,0,0,556
13_103_021,727,444,0,444,0,1,443
13_103_022,1080,573,0,573,0,7,566
13_103_023,757,412,0,412,0,6,406
13_103_024,689,292,0,292,0,2,290
13_103_025,867,421,0,420,-1,5,415
13_103_026,811,435,0,435,0,5,430
13_103_027,698,354,0,354,0,2,352
13_103_028,611,351,0,351,0,2,349
13_103_029,617,404,0,404,0,1,403
13_103_030,672,266,0,265,-1,2,263
13_103_031,646,301,0,301,0,9,292
13_103_032,930,394,0,394,0,2,392
13_103_033,978,463,0,463,0,7,456
13_103_034,886,313,0,312,-1,6,306
13_103_035,1201,579,0,581,2,23,558
13_103_036,854,385,0,385,0,3,382
13_103_037,759,393,0,393,0,4,389
13_104_001,731,255,0,255,0,2,253
13_105_001,206,174,0,174,0,6,168
13_106_001,625,330,0,330,0,15,315
13_107_001,362,209,0,208,-1,7,201
13_108_001,335,238,0,238,0,4,234
13_108_002,140,107,0,107,0,1,106
13_109_001,334,238,0,238,0,6,232
13_110_001,359,233,0,233,0,11,222
13_111_001,707,504,0,503,-1,6,497
13_111_002,608,351,0,351,0,4,347
13_112_001,241,169,0,169,0,3,166
13_113_001,168,128,0,128,0,2,126
13_114_001,988,646,0,646,0,23,623
13_114_002,1013,674,0,674,0,6,668
13_114_003,1042,681,0,679,-2,14,665
13_114_004,1026,652,0,648,-4,8,640
13_114_005,151,96,0,96,0,3,93
13_114_006,211,134,0,134,0,5,129
13_115_001,335,204,0,204,0,4,200
13_116_001,196,140,0,140,0,6,134
13_117_001,795,511,0,510,-1,18,492
13_118_001,403,231,0,231,0,2,229
13_118_002,62,39,0,39,0,0,39
13_119_001,862,480,0,480,0,6,474
13_119_002,646,301,0,301,0,4,297
13_120_001,597,447,0,446,-1,13,433
13_120_002,528,410,0,410,0,3,407
13_121_001,798,432,0,432,0,8,424
13_121_002,689,434,0,434,0,9,425
13_122_001,574,342,0,342,0,10,332
13_123_001,286,207,0,208,1,12,196
13_124_001,610,445,0,445,0,8,437
13_125_001,961,570,0,570,0,13,557
13_126_001,545,302,0,302,0,6,296
13_126_002,685,396,0,396,0,7,389
13_127_001,995,510,0,510,0,6,504
13_128_001,321,206,0,206,0,3,203
13_129_001,485,335,0,334,-1,15,319
13_130_001,454,323,0,323,0,5,318
13_131_001,966,539,0,539,0,11,528
13_131_002,815,460,0,460,0,9,451
14_001_001,738,246,0,246,0,4,242
14_001_002,753,365,0,365,0,5,360
14_001_003,735,308,0,307,-1,0,307
14_001_004,686,311,0,309,-2,3,306
14_001_005,691,331,0,331,0,5,326
14_001_006,713,362,0,362,0,5,357
14_001_007,738,363,0,363,0,6,357
14_001_008,736,368,0,368,0,7,361
14_001_009,711,310,0,310,0,1,309
14_001_010,789,388,0,388,0,1,387
14_001_011,733,410,0,407,-3,12,395
14_001_012,673,366,0,366,0,4,362
14_001_013,709,375,0,375,0,1,374
14_001_014,719,334,0,334,0,4,330
14_001_015,721,374,0,374,0,5,369
14_001_016,693,367,1,368,1,13,355
14_002_001,1096,643,0,639,-4,14,625
14_003_001,593,421,0,421,0,7,414
14_003_002,661,430,0,434,4,42,392
14_003_003,734,402,0,401,-1,5,396
14_003_004,667,404,0,402,-2,1,401
14_003_005,773,496,0,496,0,2,494
14_003_006,687,404,0,405,1,13,392
14_003_007,796,444,0,442,-2,2,440
14_003_008,711,390,0,390,0,3,387
14_003_009,675,402,0,401,-1,3,398
14_003_010,634,314,0,313,-1,4,309
14_003_011,619,378,0,378,0,5,373
14_003_012,682,381,0,379,-2,5,374
14_003_013,681,385,0,384,-1,3,381
14_003_014,653,416,0,416,0,5,411
14_003_015,625,384,0,384,0,8,376
14_003_016,657,390,0,390,0,7,383
14_004_001,827,478,0,478,0,5,473
14_004_002,770,435,0,435,0,5,430
14_004_003,819,498,0,498,0,7,491
14_004_004,700,460,0,461,1,14,447
14_004_005,1132,693,1,692,-1,5,687
14_005_001,905,524,0,524,0,3,521
14_006_001,740,422,1,421,-1,6,415
14_006_002,756,500,0,500,0,9,491
14_006_003,842,504,0,504,0,9,495
14_006_004,791,508,0,508,0,3,505
14_006_005,911,590,0,590,0,4,586
14_006_006,882,501,0,501,0,5,496
14_007_001,1003,529,0,527,-2,4,523
14_008_001,760,445,0,445,0,5,440
14_008_002,737,373,0,373,0,5,368
14_008_003,840,451,0,451,0,14,437
14_008_004,699,395,0,395,0,5,390
14_009_001,659,421,0,421,0,4,417
14_010_001,1021,651,0,651,0,8,643
14_011_001,874,497,0,497,0,5,492
14_011_002,634,415,0,415,0,3,412
14_011_003,642,379,0,379,0,0,379
14_011_004,675,453,0,452,-1,4,448
14_011_005,784,551,0,550,-1,3,547
14_011_006,724,517,0,517,0,2,515
14_011_007,724,505,0,506,1,14,492
14_011_008,772,599,0,600,1,13,587
14_011_009,695,466,0,466,0,3,463
14_011_010,684,439,0,439,0,6,433
14_011_011,758,513,0,513,0,1,512
14_011_012,639,468,0,468,0,2,466
14_011_013,673,457,0,457,0,0,457
14_011_014,620,394,0,394,0,1,393
14_011_015,838,348,0,347,-1,0,347
14_011_016,607,362,0,362,0,2,360
14_012_001,968,730,0,730,0,8,722
14_012_002,893,656,0,656,0,7,649
14_013_001,1167,757,0,763,6,63,700
14_013_002,1146,744,2,744,0,8,736
14_013_003,1145,797,0,796,-1,4,792
14_013_004,1125,737,0,737,0,6,731
14_013_005,1197,817,0,817,0,4,813
14_013_006,1162,907,0,907,0,11,896
14_013_007,1138,830,0,830,0,6,824
14_013_008,1151,858,0,858,0,6,852
14_014_001,759,538,0,538,0,3,535
14_014_002,780,508,0,507,-1,4,503
14_014_003,663,413,0,412,-1,1,411
14_014_004,880,550,0,550,0,5,545
14_014_005,701,428,0,428,0,2,426
14_014_006,785,571,0,553,-18,0,553
14_014_007,713,544,0,544,0,0,544
14_014_008,761,600,0,599,-1,2,597
14_014_009,738,468,0,468,0,0,468
14_014_010,833,592,1,591,-1,3,588
14_014_011,693,512,0,512,0,2,510
14_014_012,724,536,0,536,0,2,534
14_014_013,711,513,0,513,0,3,510
14_014_014,772,542,0,542,0,3,539
14_014_015,738,515,0,515,0,5,510
14_014_016,759,561,0,562,1,18,544
14_015_001,1159,856,0,851,-5,4,847
14_015_002,1132,776,0,776,0,5,771
14_015_003,1150,773,0,772,-1,6,766
14_015_004,1142,811,0,811,0,5,806
14_015_005,1110,791,0,789,-2,9,780
14_015_006,1134,805,0,805,0,4,801
14_015_007,1077,795,1,794,-1,2,792
14_015_008,1148,850,0,850,0,8,842
14_015_009,1116,677,0,677,0,3,674
14_015_010,1132,680,0,679,-1,8,671
14_015_011,1107,672,0,672,0,8,664
14_015_012,1112,669,1,669,0,4,665
14_015_013,1266,790,0,786,-4,3,783
14_015_014,1003,639,0,639,0,3,636
14_015_015,1100,735,0,735,0,5,730
14_015_016,1077,758,0,756,-2,3,753
14_015_017,1116,793,0,793,0,7,786
14_015_018,1130,838,0,827,-11,6,821
14_015_019,966,649,0,651,2,25,626
14_015_020,1171,855,0,854,-1,2,852
14_016_001,796,413,0,413,0,5,408
14_016_002,773,422,0,422,0,5,417
14_016_003,697,384,0,384,0,4,380
14_016_004,794,442,0,442,0,4,438
14_016_005,780,441,0,441,0,6,435
14_016_006,214,87,0,87,0,1,86
14_016_007,193,72,0,72,0,2,70
14_017_001,846,535,0,535,0,1,534
14_017_002,747,457,0,455,-2,2,453
14_017_003,979,638,0,621,-17,3,618
14_017_004,689,405,1,405,0,2,403
14_017_005,1070,602,0,602,0,2,600
14_017_006,738,445,0,445,0,4,441
14_017_007,607,329,0,329,0,1,328
14_017_008,597,383,0,383,0,4,379
14_017_009,905,597,0,597,0,6,591
14_017_010,964,608,0,608,0,5,603
14_017_011,620,411,0,411,0,1,410
14_017_012,640,392,0,392,0,2,390
14_017_013,1117,592,0,591,-1,5,586
14_017_014,914,476,0,473,-3,4,469
14_017_015,763,467,0,467,0,8,459
14_017_016,803,503,0,503,0,1,502
14_017_017,917,465,0,465,0,4,461
14_017_018,720,236,0,235,-1,2,233
14_017_019,138,43,0,43,0,1,42
14_017_020,1165,562,0,559,-3,7,552
14_017_021,932,399,0,399,0,8,391
14_017_022,1046,547,0,547,0,8,539
14_017_023,1168,702,0,702,0,4,698
14_017_024,867,421,1,418,-3,1,417
14_017_025,934,460,0,460,0,3,457
14_017_026,1009,378,0,378,0,5,373
14_017_027,1138,522,0,522,0,6,516
14_017_028,787,421,0,421,0,6,415
14_017_029,643,340,0,340,0,5,335
14_017_030,721,431,0,431,0,2,429
14_017_031,893,592,0,592,0,1,591
14_017_032,908,398,0,398,0,1,397
14_017_033,985,549,0,549,0,6,543
14_017_034,769,337,0,337,0,2,335
14_018_001,772,408,0,408,0,3,405
14_018_002,758,375,0,375,0,5,370
14_018_003,687,368,0,367,-1,8,359
14_018_004,676,361,0,360,-1,4,356
14_018_005,655,361,0,361,0,5,356
14_019_001,1192,665,0,665,0,6,659
14_019_002,846,351,0,351,0,13,338
14_019_003,1434,617,0,616,-1,14,602
14_020_001,894,466,0,465,-1,11,454
14_020_002,784,402,0,402,0,5,397
14_021_001,941,417,1,415,-2,4,411
14_021_002,978,629,0,628,-1,5,623
14_021_003,972,643,0,642,-1,10,632
14_022_001,1442,875,0,876,1,21,855
14_023_001,998,653,0,653,0,10,643
14_023_002,992,562,1,562,0,5,557
14_023_003,979,659,0,659,0,1,658
14_023_004,1001,688,0,688,0,3,685
14_023_005,1047,741,0,741,0,5,736
14_023_006,964,658,0,658,0,2,656
14_023_007,857,594,0,594,0,5,589
14_023_008,938,641,0,641,0,4,637
14_024_001,531,359,0,359,0,5,354
14_025_001,872,434,0,434,0,1,433
14_025_002,864,495,0,495,0,6,489
14_025_003,901,509,0,509,0,3,506
14_025_004,864,485,0,485,0,5,480
14_025_005,852,455,0,453,-2,5,448
14_025_006,840,481,0,480,-1,3,477
14_025_007,786,403,0,403,0,2,401
14_025_008,993,616,0,616,0,1,615
14_025_009,782,514,0,514,0,5,509
14_025_010,833,423,0,423,0,2,421
14_025_011,823,468,0,467,-1,4,463
14_025_012,830,484,0,484,0,3,481
14_025_013,843,388,0,388,0,3,385
14_025_014,798,391,0,390,-1,2,388
14_025_015,1147,556,0,553,-3,1,552
14_025_016,707,326,0,326,0,9,317
14_026_001,760,377,0,377,0,9,368
14_026_002,1127,602,0,602,0,4,598
14_026_003,321,172,0,172,0,1,171
14_027_001,868,426,0,426,0,2,424
14_027_002,820,429,0,429,0,9,420
14_027_003,913,417,0,417,0,2,415
14_027_004,1083,481,0,481,0,8,473
14_028_001,1169,610,0,610,0,7,603
14_028_002,1131,627,0,628,1,15,613
14_028_003,1073,549,0,549,0,7,542
14_028_004,1118,646,0,644,-2,5,639
14_029_001,933,610,0,614,4,74,540
14_029_002,1068,702,0,702,0,5,697
14_029_003,1036,741,0,739,-2,7,732
14_029_004,1027,660,0,659,-1,5,654
14_029_005,1075,786,0,785,-1,5,780
14_029_006,1088,748,0,747,-1,5,742
14_029_007,1117,785,1,784,-1,4,780
14_029_008,1179,837,0,837,0,4,833
14_030_001,538,307,0,307,0,8,299
14_030_002,764,514,0,513,-1,5,508
14_030_003,468,266,1,266,0,2,264
14_031_001,945,444,0,442,-2,7,435
14_031_002,970,515,0,515,0,3,512
14_031_003,1147,479,0,479,0,7,472
14_031_004,937,581,0,580,-1,10,570
14_031_005,912,468,0,468,0,7,461
14_032_001,792,487,0,487,0,3,484
14_032_002,918,567,0,566,-1,4,562
14_032_003,915,562,0,562,0,13,549
14_033_001,1296,738,0,738,0,4,734
14_033_002,1142,591,0,591,0,4,587
14_033_003,1062,618,0,615,-3,5,610
14_033_004,955,571,0,571,0,4,567
14_033_005,972,564,0,564,0,3,561
14_033_006,1015,644,0,642,-2,6,636
14_033_007,1201,785,0,785,0,2,783
14_033_008,1426,886,0,886,0,3,883
14_033_009,1032,602,0,602,0,7,595
14_033_010,1034,596,0,596,0,1,595
14_033_011,903,483,0,483,0,3,480
14_033_012,1294,806,0,804,-2,3,801
14_033_013,1397,783,0,782,-1,4,778
14_033_014,1318,763,0,763,0,2,761
14_033_015,1156,684,0,682,-2,6,676
14_033_016,1019,586,0,582,-4,4,578
14_034_001,1311,841,0,841,0,2,839
14_034_002,1180,761,0,760,-1,5,755
14_034_003,1056,632,0,631,-1,6,625
14_034_004,997,600,0,600,0,1,599
14_034_005,1028,578,0,579,1,13,566
14_034_006,931,540,0,543,3,32,511
14_034_007,1051,661,0,660,-1,3,657
14_034_008,1198,744,0,747,3,36,711
14_034_009,1118,704,1,703,-1,7,696
14_034_010,1103,618,0,629,11,93,536
14_034_011,908,509,0,509,0,3,506
14_034_012,1042,573,0,572,-1,3,569
14_034_013,962,685,0,686,1,18,668
14_034_014,965,646,0,646,0,5,641
14_034_015,1025,703,0,703,0,5,698
14_034_016,1110,748,0,747,-1,5,742
14_034_017,1000,654,0,654,0,2,652
14_034_018,921,603,0,603,0,3,600
14_034_019,1199,702,0,701,-1,3,698
14_034_020,1002,674,0,677,3,35,642
14_034_021,1169,690,0,694,4,43,651
14_034_022,1138,678,0,678,0,3,675
14_034_023,1191,733,0,733,0,4,729
14_034_024,1062,650,0,650,0,3,647
14_034_025,955,603,0,602,-1,2,600
14_034_026,1400,927,0,926,-1,4,922
14_034_027,1395,930,0,934,4,44,890
14_034_028,1191,694,0,693,-1,6,687
14_034_029,1175,676,0,674,-2,3,671
14_034_030,965,588,1,589,1,17,572
14_035_001,973,558,0,558,0,10,548
14_035_002,1076,625,0,625,0,4,621
14_035_003,1298,699,0,696,-3,11,685
14_035_004,1297,643,0,643,0,7,636
14_035_005,1181,697,0,697,0,7,690
14_035_006,1101,567,0,567,0,8,559
14_036_001,912,526,0,526,0,9,517
14_036_002,679,391,0,391,0,2,389
14_036_003,778,431,0,431,0,4,427
14_036_004,907,579,0,579,0,7,572
14_037_001,958,469,0,469,0,7,462
14_037_002,1128,624,0,623,-1,7,616
14_037_003,1086,590,0,587,-3,8,579
14_037_004,1127,635,0,634,-1,6,628
14_037_005,1074,592,0,592,0,4,588
14_037_006,1133,605,0,604,-1,7,597
14_037_007,1139,676,0,676,0,8,668
14_038_001,1218,630,0,629,-1,5,624
14_038_002,1058,673,0,673,0,12,661
14_038_003,1066,753,0,747,-6,15,732
14_038_004,898,563,0,563,0,6,557
14_038_005,1079,552,1,552,0,1,551
14_038_006,1233,802,0,800,-2,3,797
14_038_007,1171,716,0,716,0,6,710
14_038_008,1131,624,0,623,-1,2,621
14_038_009,1002,500,0,500,0,7,493
14_038_010,1202,600,2,598,-2,3,595
14_038_011,1130,721,0,721,0,1,720
14_038_012,1265,789,0,788,-1,6,782
14_038_013,1062,680,0,680,0,3,677
14_038_014,996,664,0,664,0,4,660
14_038_015,1286,856,0,856,0,1,855
14_038_016,1122,785,0,785,0,4,781
14_038_017,879,541,0,541,0,4,537
14_038_018,1021,681,0,681,0,3,678
14_038_019,1122,722,0,719,-3,2,717
14_038_020,1258,676,0,675,-1,0,675
14_038_021,1029,534,0,534,0,4,530
14_038_022,998,595,0,595,0,2,593
14_038_023,1077,721,0,721,0,1,720
14_038_024,1158,794,0,789,-5,4,785
14_038_025,1196,712,3,709,-3,9,700
14_038_026,1137,681,0,681,0,3,678
14_038_027,1250,803,0,803,0,5,798
14_038_028,1149,726,0,725,-1,2,723
14_038_029,1162,833,1,833,0,3,830
14_038_030,946,570,0,570,0,2,568
14_038_031,1046,701,0,700,-1,4,696
14_038_032,1109,735,0,739,4,43,696
14_038_033,1323,783,2,778,-5,5,773
14_038_034,1377,781,0,781,0,10,771
14_038_035,1307,837,0,835,-2,2,833
14_038_036,1200,772,0,772,0,3,769
14_038_037,1296,869,0,869,0,8,861
14_038_038,1319,829,0,829,0,4,825
14_038_039,1382,844,0,841,-3,8,833
14_038_040,1289,836,0,834,-2,6,828
14_038_041,1300,810,0,810,0,6,804
14_038_042,1260,802,0,801,-1,4,797
14_038_043,1241,754,0,754,0,3,751
14_038_044,1156,711,0,711,0,4,707
14_038_045,1087,729,0,729,0,6,723
14_038_046,1408,1007,0,1007,0,4,1003
14_038_047,1406,898,0,898,0,4,894
14_038_048,1365,906,0,905,-1,5,900
14_039_001,927,565,0,565,0,8,557
14_039_002,1035,606,0,606,0,11,595
14_039_003,905,449,0,449,0,7,442
14_040_001,757,411,0,411,0,5,406
14_040_002,717,393,0,393,0,5,388
14_040_003,794,446,0,445,-1,7,438
14_040_004,736,428,0,425,-3,7,418
14_041_001,1180,675,0,674,-1,0,674
14_041_002,924,591,0,591,0,2,589
14_041_003,1047,638,0,638,0,4,634
14_041_004,936,645,0,645,0,3,642
14_041_005,1093,650,0,651,1,16,635
14_041_006,967,609,0,609,0,5,604
14_041_007,1052,621,0,621,0,2,619
14_041_008,821,520,0,519,-1,4,515
14_041_009,1201,618,0,617,-1,3,614
14_041_010,1196,732,0,731,-1,3,728
14_041_011,848,530,0,530,0,5,525
14_041_012,865,437,0,437,0,1,436
14_041_013,1281,849,0,847,-2,5,842
14_041_014,1023,606,0,605,-1,1,604
14_041_015,875,563,0,563,0,3,560
14_041_016,1095,673,0,672,-1,7,665
14_042_001,744,435,0,435,0,6,429
14_043_001,697,424,0,424,0,7,417
14_043_002,683,367,0,367,0,7,360
14_043_003,712,327,0,327,0,9,318
14_044_001,933,526,0,526,0,4,522
14_044_002,632,408,0,408,0,5,403
14_045_001,1244,692,0,692,0,7,685
14_045_002,1142,661,0,658,-3,15,643
14_045_003,145,54,0,54,0,1,53
14_046_001,1054,724,0,724,0,3,721
14_046_002,1105,769,0,769,0,4,765
14_046_003,924,649,0,649,0,3,646
14_046_004,1066,713,0,713,0,3,710
14_046_005,1044,698,1,698,0,8,690
14_046_006,1204,782,2,782,0,12,770
14_046_007,1136,644,0,643,-1,4,639
14_046_008,966,642,0,641,-1,5,636
14_046_009,771,481,0,477,-4,4,473
14_046_010,1067,694,0,691,-3,7,684
14_046_011,976,682,0,682,0,5,677
14_046_012,932,582,0,581,-1,4,577
14_046_013,1116,742,0,742,0,4,738
14_046_014,1171,720,0,716,-4,4,712
14_046_015,1178,704,0,704,0,4,700
14_046_016,985,650,0,650,0,8,642
14_047_001,658,455,0,455,0,2,453
14_047_002,893,449,0,447,-2,3,444
14_047_003,1046,700,0,700,0,3,697
14_047_004,857,583,0,583,0,4,579
14_047_005,1038,702,0,702,0,3,699
14_047_006,628,402,0,402,0,4,398
14_047_007,613,403,0,403,0,4,399
14_047_008,896,623,0,624,1,14,610
14_047_009,849,563,0,563,0,6,557
14_047_010,991,657,0,657,0,5,652
14_047_011,1330,913,0,912,-1,20,892
14_047_012,755,499,0,499,0,4,495
14_047_013,859,502,0,500,-2,5,495
14_047_014,737,476,0,476,0,5,471
14_047_015,838,554,0,554,0,11,543
14_047_016,644,424,0,424,0,2,422
14_047_017,920,584,0,582,-2,8,574
14_047_018,1226,761,0,761,0,8,753
14_047_019,1212,757,0,756,-1,5,751
14_047_020,714,501,1,501,0,2,499
14_047_021,745,462,0,462,0,9,453
14_047_022,1041,730,0,730,0,4,726
14_047_023,1246,891,0,891,0,5,886
14_047_024,1418,1003,0,1003,0,10,993
14_047_025,638,448,0,448,0,4,444
14_047_026,863,548,0,547,-1,7,540
14_047_027,1088,748,0,747,-1,10,737
14_048_001,1182,652,0,651,-1,5,646
14_048_002,1193,625,0,625,0,3,622
14_048_003,1237,610,0,610,0,1,609
14_048_004,1133,609,0,609,0,2,607
14_048_005,1136,530,0,530,0,5,525
14_048_006,1143,550,0,549,-1,3,546
14_048_007,1139,549,0,548,-1,9,539
14_048_008,1092,499,0,498,-1,2,496
14_048_009,1324,587,0,587,0,2,585
14_048_010,1191,522,0,519,-3,4,515
14_048_011,745,393,0,393,0,3,390
14_048_012,838,411,0,411,0,4,407
14_048_013,864,387,0,387,0,0,387
14_048_014,980,490,0,490,0,4,486
14_048_015,871,406,0,406,0,0,406
14_048_016,718,344,0,344,0,1,343
14_048_017,877,418,0,409,-9,3,406
14_048_018,865,451,0,451,0,2,449
14_048_019,862,466,0,466,0,5,461
14_049_001,978,566,0,566,0,1,565
14_049_002,1026,610,0,610,0,6,604
14_049_003,1008,625,0,625,0,3,622
14_049_004,823,422,0,422,0,6,416
14_049_005,981,624,0,624,0,2,622
14_049_006,812,470,0,469,-1,5,464
14_049_007,955,563,0,562,-1,7,555
14_049_008,1088,609,0,608,-1,7,601
14_049_009,986,522,0,522,0,4,518
14_049_010,820,460,0,460,0,4,456
14_049_011,768,448,0,448,0,1,447
14_049_012,881,541,0,541,0,5,536
14_049_013,976,554,0,553,-1,6,547
14_049_014,1168,654,0,655,1,14,641
14_049_015,1067,605,0,605,0,3,602
14_049_016,1053,661,0,661,0,3,658
14_050_001,1093,619,0,621,2,23,598
14_050_002,1323,789,0,789,0,3,786
14_050_003,1067,618,0,617,-1,5,612
14_050_004,1068,560,0,560,0,6,554
14_050_005,1084,636,0,636,0,6,630
14_050_006,1332,896,0,895,-1,11,884
14_050_007,1115,586,0,586,0,1,585
14_050_008,1330,820,0,820,0,6,814
14_051_001,913,631,0,630,-1,8,622
14_051_002,1123,822,0,822,0,2,820
14_052_001,982,405,0,405,0,3,402
14_052_002,1226,501,0,501,0,8,493
14_052_003,1120,484,0,484,0,4,480
14_053_001,1034,626,0,626,0,4,622
14_053_002,848,477,0,477,0,9,468
14_053_003,813,541,0,540,-1,6,534
14_054_001,867,559,0,559,0,6,553
14_054_002,760,464,0,464,0,10,454
14_055_001,1024,568,0,568,0,6,562
14_055_002,864,520,0,520,0,14,506
14_055_003,979,586,0,586,0,5,581
14_055_004,961,598,0,598,0,6,592
14_056_001,333,199,0,199,0,1,198
14_057_001,211,150,1,148,-2,5,143
14_058_001,1263,718,0,720,2,24,696
14_058_002,1324,755,0,755,0,11,744
14_058_003,1323,721,0,721,0,9,712
14_058_004,1300,750,0,750,0,4,746
14_058_005,1026,669,0,668,-1,7,661
14_058_006,1003,670,0,668,-2,7,661
14_058_007,1034,574,0,574,0,4,570
14_058_008,1074,593,0,593,0,7,586
14_059_001,775,345,0,345,0,4,341
14_059_002,650,361,0,360,-1,2,358
14_059_003,645,359,0,359,0,8,351
14_060_001,827,497,0,497,0,10,487
14_060_002,733,461,0,460,-1,12,448
14_060_003,865,551,0,549,-2,8,541
14_061_001,802,437,0,437,0,3,434
14_061_002,808,403,0,403,0,12,391
14_061_003,822,420,0,420,0,6,414
14_061_004,766,370,0,370,0,7,363
14_061_005,809,433,0,434,1,20,414
14_061_006,774,374,0,373,-1,4,369
14_062_001,522,372,0,372,0,10,362
14_063_001,783,497,0,497,0,9,488
14_064_001,1150,739,0,739,0,9,730
14_064_002,1253,801,0,801,0,8,793
14_064_003,1100,686,0,686,0,7,679
14_064_004,1266,640,0,637,-3,4,633
14_064_005,1015,581,0,580,-1,5,575
14_064_006,1080,735,0,735,0,1,734
14_064_007,939,622,0,622,0,2,620
14_064_008,1046,666,0,666,0,3,663
14_065_001,1020,440,0,440,0,3,437
14_065_002,986,493,0,493,0,2,491
14_065_003,1128,593,0,592,-1,9,583
14_065_004,1080,558,0,558,0,7,551
14_065_005,1084,463,0,463,0,7,456
14_065_006,1082,595,0,595,0,5,590
14_065_007,1037,513,0,513,0,6,507
14_066_001,1027,690,0,689,-1,5,684
14_066_002,1006,715,0,716,1,19,697
14_067_001,565,307,0,307,0,5,302
14_068_001,819,589,0,589,0,9,580
14_069_001,1324,807,0,805,-2,6,799
14_069_002,1376,792,0,791,-1,6,785
14_069_003,1354,805,0,806,1,16,790
14_069_004,1259,687,0,686,-1,6,680
14_069_005,1355,845,0,845,0,3,842
14_069_006,1276,737,0,737,0,1,736
14_069_007,1202,713,0,713,0,5,708
14_069_008,1373,801,0,801,0,2,799
14_070_001,729,404,0,404,0,2,402
14_070_002,731,365,1,365,0,10,355
14_071_001,1174,737,0,737,0,9,728
14_071_002,865,590,0,590,0,11,579
14_072_001,605,320,0,319,-1,5,314
14_072_002,752,401,0,401,0,3,398
14_072_003,1205,534,0,534,0,4,530
14_072_004,1060,470,0,470,0,3,467
14_073_001,604,419,0,419,0,4,415
14_074_001,652,417,0,417,0,3,414
14_075_001,723,489,0,489,0,11,478
14_075_002,868,549,0,549,0,7,542
14_075_003,778,512,1,511,-1,6,505
14_075_004,805,540,0,540,0,8,532
14_076_001,874,540,0,540,0,5,535
14_077_001,250,153,0,153,0,0,153
14_078_001,1155,719,1,719,0,9,710
14_078_002,1304,829,0,826,-3,4,822
14_078_003,1391,805,0,806,1,18,788
14_078_004,1169,699,0,699,0,8,691
14_078_005,1206,683,0,683,0,12,671
14_078_006,1119,612,0,612,0,9,603
14_078_007,1184,631,0,631,0,1,630
14_078_008,1423,946,0,945,-1,4,941
14_079_001,1413,887,0,887,0,9,878
14_080_001,1041,486,0,486,0,7,479
14_081_001,641,426,0,425,-1,6,419
14_082_001,763,347,0,347,0,6,341
14_082_002,725,364,0,364,0,7,357
14_082_003,841,359,0,359,0,4,355
14_082_004,1046,535,0,535,0,3,532
14_083_001,580,246,0,246,0,3,243
14_084_001,1049,693,0,693,0,7,686
14_084_002,1062,703,0,703,0,9,694
14_084_003,1012,622,0,622,0,1,621
14_084_004,1142,742,0,742,0,3,739
14_084_005,1038,607,0,607,0,5,602
14_084_006,1090,620,0,619,-1,3,616
14_085_001,875,464,0,463,-1,5,458
14_085_002,909,305,0,305,0,4,301
14_085_003,906,435,0,437,2,24,413
14_085_004,1063,498,1,498,0,3,495
14_085_005,914,499,0,499,0,2,497
14_085_006,871,425,0,425,0,4,421
14_085_007,998,461,0,460,-1,4,456
14_085_008,865,403,0,403,0,2,401
14_085_009,912,476,1,473,-3,3,470
14_085_010,913,467,0,467,0,4,463
14_085_011,892,508,0,508,0,2,506
14_085_012,716,378,0,379,1,13,366
14_085_013,947,536,0,540,4,38,502
14_085_014,902,520,0,520,0,1,519
14_085_015,1141,571,0,571,0,7,564
14_085_016,1094,473,0,473,0,7,466
14_086_001,505,332,0,332,0,6,326
14_087_001,1310,724,0,724,0,7,717
14_087_002,1279,705,0,704,-1,5,699
14_087_003,1339,741,0,741,0,10,731
14_087_004,1216,745,0,744,-1,5,739
14_087_005,1157,606,0,605,-1,2,603
14_087_006,1055,589,0,587,-2,3,584
14_087_007,1295,529,0,528,-1,16,512
14_087_008,1162,463,0,461,-2,7,454
14_088_001,874,614,0,614,0,4,610
14_088_002,826,546,0,546,0,6,540
14_088_003,924,628,0,626,-2,5,621
14_088_004,921,665,0,666,1,16,650
14_088_005,955,704,0,704,0,10,694
14_088_006,903,656,0,656,0,4,652
14_088_007,904,656,0,656,0,4,652
14_089_001,1249,591,0,588,-3,4,584
14_089_002,1061,675,0,675,0,8,667
14_089_003,965,495,0,495,0,3,492
14_089_004,1086,608,0,608,0,5,603
14_089_005,1124,579,0,583,4,41,542
14_089_006,1091,636,0,636,0,4,632
14_089_007,851,428,0,428,0,4,424
14_089_008,784,459,0,459,0,1,458
14_089_009,740,409,0,409,0,2,407
14_089_010,733,379,0,379,0,4,375
14_089_011,717,328,0,328,0,9,319
14_089_012,747,446,0,446,0,4,442
14_089_013,1061,443,0,443,0,5,438
14_089_014,1044,437,0,437,0,6,431
14_089_015,735,418,0,417,-1,5,412
14_089_016,787,325,0,324,-1,0,324
14_089_017,938,429,0,428,-1,1,427
14_089_018,870,381,0,382,1,17,365
14_089_019,828,423,0,423,0,2,421
14_089_020,1018,430,0,430,0,4,426
14_090_001,983,665,0,665,0,8,657
14_090_002,1087,775,0,775,0,7,768
14_090_003,805,607,0,606,-1,2,604
14_090_004,1148,787,0,783,-4,8,775
14_091_001,1170,660,0,660,0,5,655
14_091_002,1149,734,0,734,0,7,727
14_091_003,1222,787,0,786,-1,10,776
14_091_004,1234,784,0,784,0,6,778
14_092_001,1039,562,0,562,0,11,551
14_092_002,1099,655,0,654,-1,18,636
14_092_003,1007,528,0,528,0,13,515
14_093_001,812,294,0,294,0,4,290
14_093_002,734,290,0,290,0,3,287
14_094_001,1008,634,0,634,0,3,631
14_094_002,1071,613,0,611,-2,1,610
14_094_003,960,587,0,587,0,4,583
14_094_004,930,540,0,540,0,6,534
14_094_005,840,512,0,512,0,3,509
14_094_006,486,316,1,315,-1,1,314
14_094_007,999,613,0,613,0,3,610
14_094_008,154,76,0,76,0,2,74
14_094_009,439,182,0,182,0,6,176
14_094_010,951,536,0,535,-1,4,531
14_095_001,759,449,0,449,0,7,442
14_095_002,1079,413,0,412,-1,6,406
14_095_003,974,541,0,541,0,10,531
14_095_004,1010,554,0,554,0,15,539
14_096_001,912,532,0,532,0,2,530
14_096_002,1080,646,0,646,0,9,637
14_096_003,778,457,0,457,0,6,451
14_096_004,856,522,0,522,0,8,514
14_096_005,845,491,0,491,0,2,489
14_096_006,889,541,0,541,0,3,538
14_096_007,1088,644,0,644,0,9,635
14_097_001,655,317,0,317,0,6,311
14_097_002,832,317,0,317,0,10,307
14_098_001,1246,822,0,822,0,15,807
14_098_002,1323,875,0,875,0,4,871
14_098_003,1384,906,0,911,5,66,845
14_098_004,1278,721,0,715,-6,8,707
14_098_005,1222,783,0,781,-2,6,775
14_099_001,1230,823,0,823,0,12,811
14_100_001,873,482,0,483,1,15,468
14_100_002,814,462,1,464,2,23,441
14_101_001,327,234,0,234,0,7,227
14_102_001,1023,683,0,683,0,6,677
14_102_002,859,581,0,581,0,5,576
14_102_003,785,488,0,487,-1,6,481
14_102_004,755,509,0,509,0,3,506
14_102_005,791,441,0,441,0,7,434
14_102_006,668,364,0,364,0,2,362
14_102_007,819,486,0,486,0,6,480
14_102_008,757,483,0,483,0,7,476
14_102_009,1007,686,0,679,-7,2,677
14_102_010,977,668,0,668,0,4,664
14_102_011,921,535,0,534,-1,7,527
14_102_012,916,608,0,608,0,2,606
14_102_013,745,444,0,443,-1,2,441
14_102_014,729,436,0,435,-1,4,431
14_102_015,762,446,0,445,-1,4,441
14_102_016,810,435,0,435,0,5,430
14_103_001,1087,569,0,567,-2,10,557
14_103_002,1025,562,0,562,0,8,554
14_104_001,1149,546,0,546,0,5,541
14_104_002,1199,627,0,627,0,9,618
14_104_003,1208,662,0,662,0,5,657
14_104_004,1059,622,0,623,1,17,606
14_104_005,1220,688,1,688,0,5,683
14_104_006,1270,585,0,581,-4,2,579
14_104_007,1241,705,0,706,1,24,682
14_104_008,1226,587,0,587,0,12,575
14_105_001,1092,732,0,739,7,73,666
14_105_002,1087,766,0,766,0,7,759
14_105_003,1134,692,0,692,0,3,689
14_106_001,1288,795,0,794,-1,5,789
14_106_002,1154,431,0,433,2,23,410
14_106_003,1018,666,0,663,-3,8,655
14_106_004,881,640,0,638,-2,10,628
14_106_005,1240,749,0,747,-2,8,739
14_106_006,925,621,0,623,2,25,598
14_107_001,814,564,0,564,0,5,559
14_107_002,815,572,0,572,0,12,560
14_108_001,948,631,0,631,0,3,628
14_108_002,1274,725,0,725,0,7,718
14_109_001,1188,825,0,825,0,24,801
14_109_002,1249,854,0,852,-2,10,842
14_109_003,1045,663,0,663,0,8,655
14_110_001,913,520,0,520,0,5,515
14_110_002,818,527,0,524,-3,5,519
14_111_001,976,652,0,651,-1,11,640
14_112_001,1686,1111,0,1111,0,9,1102
14_112_002,1577,870,0,870,0,4,866
14_112_003,1432,936,0,935,-1,8,927
14_112_004,1323,851,0,849,-2,6,843
14_112_005,1425,820,0,825,5,62,763
14_112_006,1396,901,0,890,-11,7,883
14_112_007,1296,868,0,868,0,4,864
14_112_008,1458,843,0,842,-1,7,835
14_113_001,954,612,0,613,1,15,598
14_113_002,872,581,0,581,0,2,579
14_113_003,844,467,2,467,0,4,463
14_113_004,887,414,0,414,0,3,411
14_113_005,856,540,0,540,0,3,537
14_113_006,1034,699,1,699,0,4,695
14_113_007,858,507,0,507,0,4,503
14_113_008,1011,686,0,686,0,6,680
14_113_009,882,603,0,600,-3,2,598
14_113_010,976,663,0,663,0,4,659
14_113_011,885,592,0,592,0,4,588
14_113_012,931,612,0,611,-1,4,607
14_113_013,869,545,0,545,0,2,543
14_113_014,937,607,0,607,0,1,606
14_113_015,914,601,0,601,0,4,597
14_113_016,795,498,0,498,0,5,493
14_114_001,1271,730,0,720,-10,8,712
14_114_002,1057,654,0,654,0,2,652
14_115_001,1058,653,0,653,0,18,635
14_116_001,956,605,0,604,-1,5,599
14_117_001,1088,757,0,757,0,12,745
14_118_001,593,384,0,381,-3,9,372
14_119_001,1136,728,0,727,-1,13,714
14_119_002,1144,606,0,607,1,14,593
14_119_003,972,556,0,556,0,5,551
14_119_004,1052,602,0,602,0,11,591
14_119_005,1033,485,0,485,0,4,481
14_119_006,1034,392,0,383,-9,2,381
14_119_007,1121,696,0,696,0,6,690
14_119_008,1254,692,0,692,0,3,689
14_120_001,1578,1025,0,1024,-1,12,1012
14_121_001,1023,634,0,634,0,3,631
14_121_002,1132,794,0,794,0,3,791
14_121_003,1142,812,0,810,-2,4,806
14_121_004,1073,780,0,780,0,4,776
14_121_005,1159,765,0,765,0,3,762
14_121_006,1057,740,0,738,-2,3,735
14_121_007,1125,781,0,781,0,5,776
14_121_008,1146,753,0,752,-1,7,745
14_122_001,1165,693,0,693,0,14,679
14_122_002,840,586,0,586,0,2,584
14_122_003,942,627,0,626,-1,3,623
14_123_001,859,469,0,469,0,2,467
14_123_002,988,497,0,497,0,3,494
14_123_003,948,552,0,552,0,1,551
14_123_004,1152,607,0,607,0,2,605
14_123_005,883,492,0,492,0,6,486
14_123_006,967,527,0,527,0,9,518
14_123_007,1087,569,0,569,0,5,564
14_124_001,1265,860,0,858,-2,6,852
14_124_002,1538,1035,0,1034,-1,11,1023
14_124_003,1246,850,0,846,-4,18,828
14_124_004,781,512,0,512,0,10,502
14_125_001,921,502,0,502,0,6,496
14_125_002,871,478,0,478,0,2,476
14_125_003,800,428,0,428,0,1,427
14_125_004,776,433,0,433,0,1,432
14_125_005,811,416,0,417,1,15,402
14_125_006,801,435,0,435,0,6,429
14_125_007,812,447,0,447,0,7,440
14_125_008,929,439,0,438,-1,8,430
14_125_009,963,502,0,501,-1,2,499
14_125_010,1059,677,0,677,0,6,671
14_125_011,1033,685,0,685,0,1,684
14_125_012,970,638,0,638,0,3,635
14_125_013,854,520,1,520,0,1,519
14_125_014,847,586,0,586,0,3,583
14_125_015,1015,605,0,604,-1,4,600
14_125_016,1020,701,1,700,-1,6,694
14_126_001,1105,755,0,755,0,1,754
14_126_002,1299,812,0,809,-3,9,800
14_126_003,1039,637,0,636,-1,4,632
14_126_004,1047,634,0,634,0,3,631
14_126_005,1025,685,0,683,-2,4,679
14_126_006,1035,728,0,736,8,72,664
14_126_007,1060,611,1,611,0,4,607
14_126_008,1055,733,0,733,0,0,733
14_126_009,1083,672,0,672,0,4,668
14_126_010,1064,703,0,703,0,13,690
14_126_011,1094,786,0,785,-1,9,776
14_126_012,1101,767,0,768,1,11,757
14_126_013,1129,771,0,771,0,1,770
14_126_014,1113,758,0,758,0,6,752
14_126_015,1133,727,0,727,0,0,727
14_126_016,1139,739,0,739,0,3,736
14_126_017,1151,782,0,782,0,4,778
14_126_018,1129,731,0,731,0,4,727
14_126_019,1168,756,0,755,-1,3,752
14_126_020,1159,725,0,724,-1,3,721
14_127_001,800,413,0,413,0,14,399
14_127_002,740,373,0,373,0,5,368
14_128_001,987,452,0,453,1,23,430
14_128_002,969,520,0,521,1,17,504
14_128_003,1153,489,0,488,-1,7,481
14_128_004,980,541,0,541,0,7,534
14_129_001,1144,592,0,592,0,10,582
14_130_001,1103,568,0,568,0,7,561
14_130_002,1195,682,0,682,0,5,677
14_131_001,919,462,0,462,0,6,456
14_131_002,876,421,0,420,-1,2,418
14_131_003,944,451,3,450,-1,1,449
14_131_004,876,430,0,430,0,3,427
14_131_005,892,444,0,444,0,4,440
14_131_006,913,447,0,447,0,5,442
14_131_007,929,356,0,356,0,6,350
14_131_008,1020,503,0,502,-1,3,499
14_131_009,860,412,0,412,0,1,411
14_131_010,913,503,0,503,0,1,502
14_131_011,950,435,0,435,0,1,434
14_131_012,917,427,0,427,0,3,424
14_131_013,924,410,0,411,1,12,399
14_131_014,1035,491,0,491,0,3,488
14_131_015,979,427,0,427,0,4,423
14_131_016,826,423,0,423,0,3,420
14_132_001,1083,725,0,722,-3,8,714
14_132_002,1341,761,0,759,-2,8,751
14_133_001,935,543,0,543,0,9,534
14_133_002,1169,710,1,709,-1,1,708
14_134_001,1379,717,0,717,0,2,715
14_134_002,712,418,0,418,0,2,416
14_134_003,757,384,0,384,0,6,378
14_134_004,1027,638,0,638,0,3,635
14_134_005,979,597,0,596,-1,4,592
14_134_006,982,606,0,605,-1,3,602
14_134_007,909,532,0,531,-1,5,526
14_134_008,1083,719,0,719,0,8,711
14_134_009,1452,806,0,804,-2,5,799
14_134_010,1117,514,1,514,0,6,508
14_134_011,1190,580,0,579,-1,8,571
14_134_012,1077,546,0,544,-2,5,539
14_134_013,950,612,0,613,1,14,599
14_134_014,981,595,0,595,0,1,594
14_134_015,1082,601,0,601,0,4,597
14_134_016,1156,705,0,705,0,4,701
14_134_017,874,525,0,525,0,2,523
14_134_018,910,545,0,545,0,5,540
14_134_019,1012,600,0,600,0,3,597
14_134_020,912,598,0,597,-1,4,593
14_134_021,1019,617,0,615,-2,5,610
14_134_022,1083,538,0,538,0,7,531
14_134_023,965,466,0,465,-1,5,460
14_134_024,940,495,0,495,0,4,491
14_134_025,1040,584,0,584,0,4,580
14_134_026,1026,531,0,531,0,2,529
14_134_027,1048,527,0,527,0,7,520
14_134_028,1128,657,1,657,0,3,654
14_134_029,1145,592,0,591,-1,6,585
14_134_030,1011,592,0,592,0,8,584
14_135_001,1123,689,0,689,0,16,673
14_135_002,781,501,1,500,-1,6,494
14_136_001,674,414,0,413,-1,12,401
14_136_002,639,383,0,383,0,6,377
14_136_003,783,494,0,494,0,3,491
14_137_001,699,345,0,345,0,1,344
14_137_002,828,468,0,468,0,5,463
14_138_001,835,474,0,474,0,1,473
14_138_002,862,511,0,511,0,1,510
14_138_003,858,447,0,447,0,9,438
14_139_001,1009,662,0,661,-1,5,656
14_139_002,1245,822,5,814,-8,7,807
14_139_003,827,523,0,523,0,5,518
14_139_004,771,560,0,560,0,7,553
14_140_001,986,542,0,542,0,4,538
14_140_002,1211,703,0,702,-1,7,695
14_140_003,1501,940,0,939,-1,4,935
14_140_004,1393,807,0,807,0,8,799
14_141_001,706,447,0,444,-3,8,436
14_141_002,1127,711,0,711,0,8,703
14_141_003,807,520,0,520,0,5,515
14_141_004,1051,622,0,621,-1,5,616
14_141_005,1008,630,0,630,0,5,625
14_141_006,792,513,0,513,0,8,505
14_142_001,799,473,0,471,-2,16,455
14_142_002,678,360,0,360,0,4,356
14_143_001,964,581,0,581,0,7,574
14_143_002,869,427,0,427,0,1,426
14_143_003,866,467,0,467,0,7,460
14_144_001,867,509,0,508,-1,14,494
14_144_002,930,544,0,543,-1,10,533
14_144_003,1064,412,0,412,0,9,403
14_145_001,631,268,0,268,0,2,266
14_145_002,840,425,0,424,-1,8,416
14_145_003,633,313,0,313,0,8,305
14_145_004,697,309,0,309,0,7,302
14_146_001,556,207,0,206,-1,4,202
14_146_002,905,466,0,465,-1,11,454
14_146_003,798,402,0,402,0,7,395
14_147_001,794,366,0,366,0,12,354
14_147_002,546,203,0,203,0,3,200
14_147_003,728,371,0,371,0,3,368
14_147_004,676,416,0,415,-1,10,405
14_147_005,825,515,0,515,0,3,512
14_147_006,801,487,0,487,0,9,478
14_147_007,625,344,0,344,0,4,340
14_148_001,864,438,0,438,0,14,424
14_148_002,877,373,0,370,-3,5,365
14_148_003,688,337,0,337,0,8,329
14_148_004,885,380,0,380,0,8,372
14_148_005,819,383,0,382,-1,8,374
14_148_006,734,419,0,418,-1,5,413
14_149_001,1007,592,0,591,-1,5,586
14_149_002,888,536,0,536,0,9,527
14_149_003,980,598,0,598,0,8,590
14_149_004,1261,475,0,475,0,7,468
14_149_005,581,233,0,233,0,8,225
14_150_001,563,231,0,231,0,5,226
14_150_002,618,363,0,363,0,9,354
14_150_003,648,340,0,340,0,5,335
14_150_004,609,284,0,284,0,1,283
14_151_001,1026,595,0,595,0,3,592
14_151_002,1023,420,0,420,0,2,418
14_151_003,1096,671,0,671,0,6,665
14_151_004,1013,624,0,624,0,6,618
14_151_005,1052,535,0,535,0,8,527
14_151_006,1036,578,0,578,0,3,575
14_151_007,1040,623,0,623,0,3,620
14_151_008,1034,654,0,653,-1,4,649
14_152_001,814,621,0,621,0,3,618
14_152_002,774,580,1,583,3,33,550
14_152_003,793,583,0,583,0,4,579
14_152_004,877,669,0,669,0,4,665
14_153_001,88,64,0,64,0,0,64
14_154_001,794,524,0,524,0,7,517
14_154_002,744,484,0,484,0,4,480
14_155_001,1110,429,0,429,0,5,424
14_155_002,966,460,0,459,-1,5,454
14_155_003,1136,475,2,473,-2,3,470
14_156_001,1133,744,0,742,-2,4,738
14_157_001,985,450,0,450,0,1,449
14_157_002,1041,539,0,539,0,8,531
14_157_003,1044,619,0,618,-1,6,612
14_157_004,1185,616,0,616,0,4,612
14_157_005,1116,589,0,589,0,3,586
14_157_006,1048,581,0,581,0,6,575
14_157_007,1103,598,0,599,1,14,585
14_157_008,1141,612,0,612,0,5,607
14_158_001,702,477,0,477,0,5,472
14_158_002,650,413,0,413,0,4,409
14_158_003,746,428,0,428,0,1,427
14_158_004,699,362,0,362,0,3,359
14_158_005,703,479,0,479,0,3,476
14_158_006,758,459,1,459,0,4,455
14_158_007,736,502,0,501,-1,1,500
14_158_008,706,499,0,495,-4,1,494
14_158_009,709,429,0,428,-1,2,426
14_158_010,668,405,0,405,0,6,399
14_158_011,741,562,0,557,-5,0,557
14_158_012,576,421,0,421,0,1,420
14_158_013,754,500,0,499,-1,1,498
14_158_014,704,522,0,522,0,5,517
14_158_015,701,476,0,475,-1,6,469
14_158_016,683,431,0,431,0,6,425
14_159_001,886,421,0,417,-4,8,409
14_159_002,851,468,0,468,0,8,460
14_159_003,882,433,0,431,-2,6,425
14_159_004,789,389,0,388,-1,3,385
14_160_001,1266,761,0,761,0,9,752
14_160_002,1257,510,0,508,-2,13,495
14_160_003,1202,581,1,580,-1,5,575
14_160_004,1200,646,0,645,-1,8,637
14_160_005,1279,774,0,773,-1,15,758
14_161_001,733,421,0,421,0,2,419
14_161_002,777,484,0,484,0,3,481
14_161_003,793,475,0,475,0,7,468
14_162_001,705,349,0,349,0,6,343
14_162_002,761,383,0,383,0,4,379
14_163_001,680,314,0,314,0,5,309
14_163_002,759,356,0,356,0,3,353
14_163_003,731,260,0,260,0,5,255
14_164_001,1058,702,0,702,0,10,692
14_164_002,1047,635,0,635,0,5,630
14_165_001,1275,741,0,741,0,6,735
14_165_002,1297,754,0,754,0,2,752
14_165_003,1191,600,0,601,1,12,589
14_165_004,1227,628,0,628,0,11,617
14_165_005,1209,619,0,618,-1,6,612
14_165_006,1260,711,0,711,0,6,705
14_165_007,1290,809,0,809,0,5,804
14_165_008,1226,718,0,717,-1,5,712
14_166_001,978,729,0,729,0,10,719
14_166_002,1364,969,0,968,-1,16,952
14_166_003,1410,980,0,979,-1,15,964
14_166_004,1419,951,0,955,4,55,900
14_166_005,1223,900,0,898,-2,2,896
14_167_001,1063,423,0,423,0,6,417
14_167_002,918,370,0,370,0,6,364
14_168_001,767,432,0,432,0,4,428
14_168_002,796,379,0,379,0,7,372
14_169_001,643,354,0,356,2,24,332
14_169_002,894,541,0,541,0,2,539
14_169_003,824,526,0,526,0,5,521
14_169_004,1111,658,0,658,0,6,652
14_169_005,620,421,0,421,0,3,418
14_169_006,878,559,0,559,0,2,557
14_169_007,1123,649,0,647,-2,4,643
14_169_008,776,520,0,520,0,4,516
14_169_009,841,542,0,542,0,7,535
14_169_010,886,592,0,592,0,1,591
14_169_011,776,492,0,492,0,0,492
14_169_012,781,537,0,537,0,6,531
14_169_013,831,462,0,462,0,5,457
14_169_014,811,531,0,531,0,2,529
14_169_015,740,443,0,437,-6,2,435
14_169_016,756,391,0,391,0,1,390
14_169_017,1048,567,0,546,-21,8,538
14_169_018,970,532,0,524,-8,2,522
14_169_019,1036,710,0,710,0,2,708
14_169_020,890,621,0,621,0,5,616
14_169_021,899,588,0,587,-1,4,583
14_169_022,955,679,0,670,-9,5,665
14_169_023,959,583,0,583,0,5,578
14_169_024,986,655,0,655,0,4,651
14_169_025,928,598,0,597,-1,4,593
14_169_026,844,531,0,530,-1,3,527
14_169_027,888,509,0,509,0,3,506
14_169_028,817,583,0,583,0,3,580
14_169_029,1109,641,0,641,0,6,635
14_169_030,957,662,0,661,-1,2,659
14_170_001,1406,780,0,778,-2,6,772
14_171_001,763,462,0,462,0,10,452
14_172_001,700,436,0,436,0,7,429
14_172_002,800,491,0,489,-2,8,481
14_173_001,391,296,0,296,0,5,291
14_174_001,954,597,0,596,-1,11,585
14_174_002,960,652,0,652,0,10,642
14_175_001,921,469,0,469,0,9,460
14_175_002,834,447,0,447,0,5,442
14_176_001,590,345,0,345,0,5,340
14_176_002,595,312,0,311,-1,6,305
14_177_001,623,346,0,346,0,3,343
14_177_002,608,356,0,356,0,0,356
14_177_003,601,372,0,371,-1,3,368
14_177_004,580,344,0,344,0,2,342
14_177_005,673,381,0,381,0,2,379
14_177_006,672,398,0,396,-2,8,388
14_177_007,674,328,0,328,0,1,327
14_177_008,608,306,0,306,0,1,305
14_177_009,640,312,0,312,0,0,312
14_177_010,622,341,0,341,0,2,339
14_177_011,609,314,0,314,0,1,313
14_177_012,721,372,1,371,-1,0,371
14_177_013,737,356,0,355,-1,6,349
14_177_014,765,431,0,431,0,0,431
14_177_015,837,519,1,519,0,2,517
14_177_016,623,378,0,378,0,1,377
14_177_017,663,375,0,375,0,6,369
14_177_018,617,359,0,359,0,5,354
14_177_019,829,459,1,458,-1,4,454
14_177_020,813,446,0,446,0,4,442
14_177_021,740,341,0,341,0,3,338
14_177_022,828,437,0,437,0,2,435
14_177_023,778,366,0,366,0,4,362
14_177_024,808,434,0,434,0,1,433
14_178_001,1088,618,0,618,0,5,613
14_178_002,888,502,0,502,0,2,500
14_178_003,935,598,3,595,-3,5,590
14_178_004,1017,686,0,686,0,9,677
14_178_005,939,525,0,525,0,4,521
14_178_006,1065,625,0,626,1,17,609
14_178_007,962,645,0,646,1,13,633
14_178_008,1151,777,0,777,0,5,772
14_178_009,939,632,0,631,-1,10,621
14_178_010,911,633,0,632,-1,2,630
14_178_011,888,571,1,571,0,1,570
14_178_012,923,597,0,597,0,2,595
14_178_013,1014,602,0,601,-1,3,598
14_178_014,926,514,0,514,0,8,506
14_178_015,926,571,0,571,0,4,567
14_178_016,1027,558,0,558,0,2,556
14_179_001,957,669,0,669,0,6,663
14_179_002,1118,734,0,733,-1,3,730
14_179_003,1080,742,0,740,-2,9,731
14_180_001,1058,507,0,507,0,0,507
14_181_001,801,571,0,572,1,19,553
14_181_002,644,410,0,410,0,7,403
14_182_001,1048,798,0,797,-1,8,789
14_183_001,1290,889,0,888,-1,13,875
14_183_002,1267,753,0,753,0,5,748
14_183_003,907,592,0,592,0,5,587
14_183_004,1001,636,0,636,0,2,634
14_184_001,954,528,0,525,-3,8,517
14_184_002,1053,587,0,587,0,9,578
14_185_001,822,442,0,442,0,11,431
14_185_002,870,510,0,508,-2,7,501
14_186_001,818,612,0,613,1,17,596
14_187_001,1110,595,0,595,0,10,585
14_187_002,995,530,0,531,1,16,515
14_187_003,980,532,0,532,0,5,527
14_187_004,1046,506,0,506,0,2,504
15_001_001,186,115,0,115,0,7,108
15_002_001,671,406,0,407,1,13,394
15_002_002,99,64,0,64,0,0,64
15_003_001,768,442,0,442,0,12,430
15_003_002,986,577,0,577,0,9,568
15_004_001,651,439,0,436,-3,9,427
15_004_002,521,349,0,349,0,3,346
15_005_001,140,95,0,95,0,3,92
15_006_001,959,651,0,651,0,16,635
15_007_001,965,626,0,625,-1,8,617
15_007_002,744,419,0,419,0,3,416
15_007_003,795,491,0,491,0,3,488
15_007_004,863,516,0,516,0,5,511
15_007_005,794,525,0,524,-1,6,518
15_007_006,551,305,0,305,0,5,300
15_008_001,1082,728,0,728,0,16,712
15_009_001,901,603,0,591,-12,5,586
15_009_002,892,597,0,597,0,13,584
15_009_003,112,76,0,76,0,1,75
15_010_001,1100,820,0,819,-1,9,810
15_010_002,1033,729,0,729,0,8,721
15_011_001,705,437,0,437,0,3,434
15_011_002,714,411,0,411,0,3,408
15_012_001,816,505,0,505,0,8,497
15_012_002,867,574,0,574,0,7,567
15_012_003,795,501,0,501,0,7,494
15_012_004,698,472,0,470,-2,7,463
15_012_005,877,563,0,563,0,5,558
15_013_001,691,433,0,433,0,5,428
15_014_001,452,288,0,288,0,4,284
15_015_001,766,523,0,523,0,6,517
15_015_002,560,324,0,324,0,3,321
15_015_003,523,316,0,316,0,7,309
15_015_004,552,353,0,353,0,2,351
15_016_001,938,673,1,673,0,8,665
15_016_002,904,616,0,616,0,9,607
15_017_001,775,502,1,500,-2,5,495
15_017_002,677,459,0,459,0,4,455
15_018_001,641,388,0,388,0,7,381
15_018_002,600,326,0,326,0,5,321
15_019_001,349,258,0,258,0,2,256
15_020_001,937,484,0,484,0,3,481
15_020_002,836,468,0,468,0,3,465
15_020_003,559,295,0,296,1,12,284
15_020_004,1086,531,0,531,0,10,521
15_020_005,969,443,0,444,1,14,430
15_020_006,1124,658,0,656,-2,8,648
15_020_007,1032,554,0,553,-1,2,551
15_020_008,1072,544,0,538,-6,1,537
15_020_009,486,297,0,297,0,4,293
15_020_010,246,119,0,119,0,1,118
15_021_001,611,415,0,415,0,7,408
15_022_001,624,383,0,383,0,9,374
15_023_001,471,243,0,243,0,7,236
15_024_001,903,578,0,577,-1,17,560
15_025_001,291,209,0,209,0,8,201
15_026_001,410,331,0,331,0,8,323
15_027_001,830,511,0,511,0,14,497
15_027_002,1006,562,0,562,0,14,548
15_028_001,277,214,0,214,0,3,211
15_029_001,302,195,0,195,0,1,194
15_030_001,326,246,0,246,0,10,236
15_031_001,536,370,0,370,0,6,364
15_032_001,183,128,0,128,0,3,125
15_033_001,882,529,0,528,-1,18,510
15_033_002,857,501,0,502,1,18,484
15_034_001,371,280,0,280,0,9,271
15_035_001,581,331,0,331,0,8,323
15_035_002,385,214,0,214,0,6,208
15_036_001,200,138,0,138,0,7,131
15_037_001,207,139,0,138,-1,2,136
15_038_001,173,120,0,120,0,1,119
15_039_001,569,419,0,419,0,8,411
15_039_002,583,426,0,421,-5,9,412
15_040_001,330,209,0,209,0,4,205
15_041_001,218,134,0,134,0,4,130
15_042_001,730,446,0,446,0,17,429
15_043_001,212,161,0,161,0,0,161
15_044_001,556,332,0,332,0,2,330
15_044_002,669,332,0,332,0,4,328
15_044_003,735,430,0,428,-2,5,423
15_044_004,777,482,0,478,-4,7,471
15_044_005,580,353,0,353,0,5,348
15_044_006,554,298,0,298,0,8,290
15_045_001,117,85,0,85,0,4,81
15_046_001,685,387,0,387,0,15,372
15_047_001,125,91,0,91,0,6,85
15_048_001,171,94,0,94,0,2,92
15_049_001,143,98,0,98,0,5,93
15_050_001,129,67,0,67,0,0,67
15_051_001,279,139,0,139,0,3,136
15_052_001,94,62,0,60,-2,1,59
15_053_001,249,135,0,135,0,5,130
15_054_001,1053,653,0,653,0,10,643
15_054_002,1048,696,0,696,0,5,691
15_054_003,1127,723,0,721,-2,4,717
15_054_004,1064,632,0,630,-2,3,627
15_055_001,63,44,0,44,0,1,43
15_056_001,69,54,0,54,0,1,53
15_057_001,229,139,0,139,0,8,131
15_058_001,446,194,0,193,-1,3,190
15_058_002,93,40,0,40,0,2,38
15_059_001,176,134,0,134,0,4,130
15_060_001,294,151,0,151,0,2,149
15_061_001,559,376,0,376,0,10,366
15_061_002,76,46,0,46,0,1,45
15_062_001,367,209,0,209,0,2,207
15_062_002,471,247,0,247,0,9,238
15_063_001,782,591,0,591,0,16,575
15_064_001,235,162,0,162,0,2,160
15_065_001,169,75,0,75,0,1,74
15_066_001,275,187,0,187,0,3,184
15_067_001,517,364,0,364,0,12,352
15_068_001,289,176,0,176,0,6,170
15_069_001,255,201,0,201,0,7,194
15_070_001,199,144,0,144,0,2,142
15_071_001,908,498,0,496,-2,8,488
15_072_001,193,116,1,114,-2,8,106
15_073_001,813,320,0,320,0,5,315
15_074_001,47,32,0,32,0,0,32
15_075_001,1135,812,0,812,0,18,794
15_076_001,360,192,0,192,0,2,190
15_077_001,999,497,0,497,0,10,487
15_078_001,897,520,0,520,0,8,512
15_079_001,354,228,0,228,0,10,218
15_080_001,489,312,0,312,0,2,310
15_081_001,955,553,0,552,-1,6,546
15_082_001,653,367,0,367,0,5,362
15_082_002,627,396,0,396,0,13,383
15_082_003,614,369,0,369,0,7,362
15_083_001,510,328,0,328,0,5,323
15_084_001,635,406,0,405,-1,19,386
15_084_002,593,370,1,369,-1,4,365
15_085_001,73,56,0,56,0,2,54
15_086_001,355,178,0,178,0,9,169
15_087_001,226,114,0,114,0,0,114
15_088_001,677,414,0,414,0,4,410
15_088_002,619,383,0,383,0,3,380
15_088_003,626,402,0,400,-2,9,391
15_089_001,817,566,0,566,0,11,555
15_090_001,576,403,0,402,-1,4,398
15_091_001,856,457,1,457,0,5,452
15_091_002,805,492,0,492,0,2,490
15_091_003,903,425,0,423,-2,1,422
15_091_004,802,424,0,423,-1,0,423
15_091_005,895,472,0,471,-1,2,469
15_091_006,976,591,0,591,0,3,588
15_091_007,817,460,0,459,-1,2,457
15_091_008,910,462,0,460,-2,0,460
15_091_009,693,316,0,316,0,1,315
15_091_010,638,336,0,336,0,2,334
15_091_011,651,364,0,364,0,3,361
15_091_012,871,457,0,456,-1,1,455
15_091_013,701,319,0,319,0,1,318
15_091_014,841,480,0,480,0,2,478
15_091_015,874,562,0,561,-1,7,554
15_091_016,851,502,0,502,0,10,492
15_091_017,948,597,0,597,0,2,595
15_091_018,888,532,0,533,1,13,520
15_091_019,623,305,0,304,-1,2,302
15_091_020,598,281,0,281,0,2,279
15_091_021,963,573,1,573,0,2,571
15_091_022,1024,532,0,530,-2,2,528
15_091_023,1139,734,0,733,-1,5,728
15_091_024,931,460,0,459,-1,2,457
15_091_025,874,472,0,472,0,5,467
15_091_026,675,402,0,402,0,0,402
15_091_027,649,340,0,340,0,2,338
15_091_028,601,319,0,318,-1,0,318
15_091_029,694,341,0,340,-1,4,336
15_091_030,1002,529,0,529,0,5,524
15_091_031,894,497,0,497,0,5,492
15_091_032,748,371,0,370,-1,2,368
15_091_033,821,438,0,438,0,3,435
15_091_034,708,407,0,407,0,1,406
15_091_035,686,436,1,435,-1,3,432
15_091_036,791,331,0,330,-1,0,330
15_091_037,868,463,0,463,0,2,461
15_091_038,829,483,0,483,0,2,481
15_091_039,1000,528,0,528,0,7,521
15_091_040,861,533,0,533,0,1,532
15_091_041,868,602,0,602,0,0,602
15_091_042,735,488,0,488,0,0,488
15_091_043,808,554,0,554,0,6,548
15_091_044,765,468,0,468,0,1,467
15_091_045,711,421,0,421,0,0,421
15_091_046,749,460,0,460,0,1,459
15_091_047,714,467,0,467,0,6,461
15_091_048,685,454,3,438,-16,5,433
15_091_049,676,414,0,414,0,2,412
15_091_050,739,407,0,407,0,3,404
15_091_051,790,348,0,347,-1,1,346
15_091_052,1106,646,0,646,0,6,640
15_091_053,768,413,0,413,0,4,409
15_091_054,1019,424,0,424,0,5,419
15_091_055,889,328,0,326,-2,10,316
15_091_056,729,435,0,435,0,2,433
15_091_057,1101,632,0,631,-1,1,630
15_091_058,858,397,0,397,0,1,396
15_091_059,969,686,0,686,0,5,681
15_092_001,511,349,0,348,-1,9,339
15_092_002,621,406,0,406,0,3,403
15_093_001,147,81,0,81,0,3,78
15_094_001,76,61,0,61,0,3,58
15_095_001,222,152,0,152,0,7,145
15_096_001,420,269,0,268,-1,13,255
15_097_001,352,141,0,141,0,1,140
15_098_001,44,32,0,32,0,0,32
15_099_001,272,200,0,200,0,2,198
15_100_001,279,178,0,178,0,8,170
15_101_001,440,308,0,308,0,8,300
15_102_001,557,286,0,286,0,5,281
15_102_002,506,296,0,296,0,6,290
15_102_003,590,336,0,336,0,9,327
15_103_001,128,85,0,84,-1,2,82
15_104_001,269,178,0,178,0,6,172
15_105_001,277,166,0,166,0,3,163
15_106_001,116,72,0,72,0,3,69
15_107_001,157,81,0,81,0,3,78
15_108_001,717,413,0,413,0,10,403
15_109_001,149,109,0,109,0,2,107
15_110_001,411,213,0,213,0,5,208
15_111_001,275,128,0,127,-1,10,117
15_111_002,130,88,0,88,0,2,86
15_112_001,1200,776,0,776,0,16,760
15_113_001,481,321,0,318,-3,8,310
15_113_002,525,285,0,285,0,5,280
15_114_001,462,202,0,202,0,7,195
15_115_001,391,260,0,260,0,12,248
15_116_001,769,447,0,447,0,21,426
15_116_002,675,440,0,440,0,13,427
15_117_001,541,402,0,400,-2,8,392
15_117_002,574,394,0,392,-2,10,382
15_118_001,766,494,0,493,-1,7,486
15_118_002,704,426,0,425,-1,7,418
15_118_003,841,488,0,487,-1,5,482
15_119_001,24,21,0,21,0,1,20
15_120_001,156,116,0,115,-1,4,111
15_121_001,489,334,0,334,0,6,328
15_121_002,148,109,0,109,0,0,109
15_122_001,483,265,0,265,0,4,261
15_123_001,976,531,0,531,0,6,525
15_123_002,165,102,0,102,0,2,100
15_123_003,903,560,0,560,0,5,555
15_123_004,1183,657,0,657,0,4,653
15_123_005,1091,687,0,687,0,9,678
15_123_006,1087,711,1,710,-1,6,704
15_123_007,1083,659,0,659,0,5,654
15_123_008,752,444,0,444,0,6,438
15_123_009,1077,574,0,570,-4,7,563
15_123_010,378,255,0,255,0,2,253
15_123_011,53,24,0,24,0,0,24
15_123_012,260,134,0,134,0,0,134
15_124_001,538,315,0,315,0,6,309
15_124_002,461,240,0,240,0,3,237
15_124_003,94,48,0,48,0,1,47
15_125_001,607,333,0,333,0,7,326
15_125_002,388,259,0,259,0,6,253
15_126_001,915,466,0,466,0,9,457
15_127_001,455,296,0,296,0,7,289
15_128_001,149,114,0,114,0,4,110
15_129_001,701,433,0,433,0,6,427
15_130_001,201,82,0,82,0,2,80
15_130_002,991,573,0,572,-1,5,567
15_130_003,973,521,0,521,0,10,511
15_130_004,998,479,0,478,-1,11,467
15_130_005,1050,662,0,662,0,4,658
15_130_006,1058,657,0,657,0,21,636
15_130_007,1090,643,0,643,0,8,635
15_130_008,1027,590,0,588,-2,8,580
15_130_009,866,439,0,439,0,3,436
15_131_001,820,495,0,495,0,7,488
15_131_002,777,471,0,471,0,15,456
15_131_003,828,375,0,375,0,6,369
15_132_001,1085,491,0,491,0,10,481
15_133_001,1100,675,0,674,-1,16,658
15_134_001,271,174,0,174,0,0,174
15_135_001,373,280,0,279,-1,11,268
15_136_001,285,134,0,134,0,2,132
15_137_001,452,264,0,264,0,13,251
15_138_001,499,410,0,410,0,13,397
15_139_001,101,64,0,64,0,4,60
15_140_001,432,289,0,286,-3,7,279
15_141_001,464,263,0,263,0,6,257
15_142_001,263,152,0,152,0,4,148
15_143_001,465,307,0,307,0,5,302
15_144_001,636,364,1,363,-1,6,357
15_145_001,552,345,0,342,-3,11,331
15_146_001,543,320,0,320,0,9,311
15_146_002,574,340,0,339,-1,7,332
15_147_001,610,428,0,426,-2,13,413
15_148_001,90,53,0,53,0,3,50
15_148_002,274,181,0,181,0,2,179
15_149_001,200,115,0,115,0,4,111
15_150_001,232,176,0,176,0,6,170
15_151_001,52,38,0,38,0,0,38
15_152_001,208,147,0,147,0,5,142
15_153_001,228,159,0,159,0,3,156
15_154_001,116,91,0,91,0,1,90
15_155_001,395,215,0,215,0,2,213
15_156_001,173,113,0,113,0,2,111
15_157_001,153,104,0,104,0,1,103
15_158_001,219,163,0,163,0,0,163
15_159_001,60,42,0,42,0,0,42
15_160_001,145,74,0,74,0,2,72
15_161_001,459,339,0,339,0,3,336
15_161_002,125,97,0,97,0,0,97
15_162_001,325,196,0,195,-1,7,188
15_163_001,368,242,0,242,0,1,241
15_164_001,144,125,0,125,0,9,116
15_165_001,119,92,0,92,0,2,90
15_166_001,277,172,0,171,-1,4,167
15_167_001,211,164,0,164,0,7,157
15_168_001,27,21,0,21,0,0,21
15_169_001,800,494,0,494,0,9,485
15_169_002,825,452,0,452,0,6,446
15_170_001,410,291,0,291,0,1,290
15_171_001,320,189,0,189,0,3,186
15_172_001,853,393,0,393,0,11,382
15_172_002,957,529,0,529,0,18,511
15_173_001,109,63,0,63,0,2,61
15_174_001,307,208,0,208,0,3,205
15_175_001,363,216,0,216,0,4,212
15_175_002,802,504,0,504,0,1,503
15_175_003,545,331,0,331,0,2,329
15_175_004,682,394,0,394,0,5,389
15_175_005,662,391,2,388,-3,3,385
15_175_006,834,553,0,553,0,3,550
15_175_007,1032,636,0,636,0,4,632
15_175_008,967,630,0,629,-1,5,624
15_175_009,611,406,0,407,1,15,392
15_175_010,935,551,0,550,-1,5,545
15_175_011,933,599,0,599,0,1,598
15_175_012,612,410,0,410,0,4,406
15_175_013,833,472,0,472,0,5,467
15_175_014,862,509,0,509,0,2,507
15_175_015,714,474,0,472,-2,6,466
15_175_016,844,552,0,550,-2,4,546
15_175_017,836,460,0,459,-1,11,448
15_175_018,1039,638,0,636,-2,6,630
15_175_019,1269,725,0,723,-2,18,705
15_175_020,1315,765,0,765,0,2,763
15_175_021,1245,777,0,777,0,7,770
15_175_022,311,187,1,187,0,2,185
15_175_023,935,566,1,564,-2,3,561
15_175_024,903,576,0,575,-1,4,571
15_176_001,536,313,0,313,0,4,309
15_177_001,557,300,0,300,0,3,297
15_178_001,312,159,0,159,0,6,153
15_179_001,105,68,0,69,1,8,61
15_180_001,140,129,0,129,0,4,125
15_181_001,477,354,0,354,0,16,338
15_181_002,123,96,0,96,0,3,93
15_182_001,389,308,1,308,0,8,300
15_183_001,83,62,0,62,0,0,62
15_184_001,112,64,0,63,-1,0,63
15_185_001,114,74,0,74,0,3,71
15_186_001,142,98,0,98,0,1,97
15_187_001,381,192,0,192,0,4,188
15_188_001,312,117,0,116,-1,2,114
15_189_001,543,268,0,268,0,4,264
15_189_002,671,326,0,326,0,4,322
15_190_001,388,203,0,202,-1,3,199
15_191_001,486,271,0,271,0,7,264
15_192_001,988,486,0,486,0,12,474
15_193_001,84,73,0,73,0,2,71
15_194_001,493,328,0,328,0,8,320
15_195_001,516,345,0,345,0,3,342
15_196_001,534,358,0,358,0,9,349
15_196_002,680,453,0,452,-1,16,436
15_197_001,367,215,0,215,0,3,212
15_198_001,433,249,0,247,-2,2,245
15_198_002,420,213,0,213,0,3,210
15_199_001,571,443,1,441,-2,17,424
15_200_001,724,472,0,472,0,10,462
15_200_002,456,283,0,283,0,7,276
15_200_003,94,63,0,63,0,0,63
15_201_001,246,135,0,135,0,5,130
15_201_002,164,120,0,120,0,1,119
15_202_001,214,105,0,105,0,0,105
15_203_001,433,280,0,280,0,6,274
15_204_001,592,448,0,448,0,6,442
15_205_001,153,121,0,121,0,0,121
15_206_001,588,435,0,435,0,4,431
15_207_001,310,240,0,240,0,14,226
15_208_001,256,188,0,188,0,4,184
15_209_001,84,46,0,46,0,4,42
15_210_001,366,237,0,237,0,7,230
15_211_001,228,136,0,136,0,1,135
15_212_001,148,87,0,87,0,2,85
15_213_001,78,56,0,56,0,0,56
15_214_001,454,315,0,315,0,6,309
15_215_001,193,125,0,125,0,3,122
15_216_001,455,295,0,295,0,3,292
15_216_002,554,362,0,362,0,13,349
15_217_001,479,347,0,347,0,13,334
15_218_001,650,320,0,320,0,10,310
15_218_002,643,343,0,343,0,4,339
15_218_003,635,340,0,340,0,4,336
15_218_004,707,430,0,429,-1,4,425
15_218_005,704,458,0,458,0,2,456
15_219_001,414,275,0,275,0,2,273
15_220_001,440,319,0,319,0,5,314
15_220_002,456,334,0,334,0,12,322
15_221_001,713,394,0,394,0,7,387
15_221_002,767,395,1,395,0,5,390
15_222_001,266,162,0,162,0,0,162
15_223_001,143,107,0,107,0,7,100
15_224_001,327,206,0,206,0,3,203
15_225_001,99,62,0,62,0,4,58
15_226_001,171,105,0,105,0,0,105
15_227_001,178,139,0,141,2,24,117
15_228_001,345,163,0,163,0,5,158
15_229_001,80,68,0,68,0,0,68
15_229_002,94,79,0,79,0,2,77
15_230_001,102,76,0,76,0,0,76
15_231_001,347,236,0,236,0,7,229
15_232_001,567,224,0,224,0,4,220
15_233_001,174,118,0,118,0,3,115
15_234_001,143,109,0,109,0,5,104
15_235_001,423,310,0,310,0,16,294
15_236_001,336,217,0,217,0,2,215
15_237_001,198,138,0,138,0,3,135
15_238_001,1064,701,0,701,0,8,693
15_238_002,1172,783,0,783,0,15,768
15_239_001,380,262,0,262,0,7,255
15_239_002,489,345,0,345,0,9,336
15_240_001,269,175,0,175,0,7,168
15_241_001,406,240,0,238,-2,7,231
15_242_001,193,106,0,106,0,1,105
15_243_001,340,216,0,216,0,11,205
15_244_001,348,253,0,252,-1,0,252
15_245_001,417,219,0,219,0,9,210
15_246_001,1313,954,1,952,-2,9,943
16_001_001,948,710,0,710,0,15,695
16_001_002,858,658,0,657,-1,9,648
16_001_003,1095,800,0,801,1,39,762
16_002_001,787,530,0,530,0,8,522
16_002_002,739,436,0,436,0,5,431
16_003_001,602,372,0,372,0,12,360
16_003_002,608,329,0,330,1,14,316
16_003_003,659,367,0,367,0,8,359
16_004_001,720,418,0,418,0,8,410
16_004_002,740,460,0,460,0,9,451
16_005_001,734,544,0,542,-2,10,532
16_005_002,833,596,0,591,-5,6,585
16_005_003,1115,873,0,871,-2,16,855
16_006_001,802,494,0,493,-1,9,484
16_006_002,950,555,0,555,0,14,541
16_006_003,1071,631,0,631,0,12,619
16_006_004,325,157,0,157,0,4,153
16_006_005,583,287,0,287,0,7,280
16_006_006,982,502,1,501,-1,14,487
16_007_001,581,309,0,309,0,11,298
16_008_001,758,469,0,469,0,13,456
16_009_001,525,378,0,378,0,11,367
16_010_001,364,243,0,243,0,0,243
16_011_001,722,478,0,478,0,18,460
16_012_001,629,322,0,322,0,10,312
16_013_001,602,473,0,473,0,5,468
16_014_001,572,348,0,347,-1,4,343
16_015_001,738,378,0,378,0,11,367
16_016_001,1048,564,0,564,0,11,553
16_017_001,627,342,0,342,0,6,336
16_018_001,573,383,0,384,1,23,361
16_018_002,583,398,0,396,-2,12,384
16_018_003,584,345,0,343,-2,10,333
16_018_004,598,329,1,328,-1,12,316
16_019_001,649,425,0,425,0,8,417
16_019_002,607,378,0,378,0,11,367
16_019_003,596,374,0,372,-2,14,358
16_020_001,517,339,0,339,0,5,334
16_021_001,417,261,0,261,0,6,255
16_022_001,479,303,0,303,0,6,297
16_023_001,293,203,0,203,0,8,195
16_024_001,556,405,0,405,0,4,401
16_025_001,722,330,0,330,0,2,328
16_025_002,751,402,0,402,0,4,398
16_025_003,901,490,0,489,-1,9,480
16_025_004,701,405,0,405,0,7,398
16_025_005,811,440,0,440,0,6,434
16_026_001,657,424,0,423,-1,12,411
16_027_001,606,434,0,433,-1,9,424
16_028_001,109,74,0,74,0,2,72
16_029_001,600,410,0,410,0,13,397
16_029_002,886,579,1,580,1,22,558
16_029_003,884,566,0,563,-3,13,550
16_029_004,644,428,0,428,0,8,420
16_029_005,195,123,0,123,0,6,117
16_030_001,984,567,0,567,0,19,548
16_030_002,1028,652,0,651,-1,14,637
16_030_003,855,555,0,554,-1,16,538
16_031_001,889,407,0,407,0,8,399
16_031_002,827,444,0,444,0,18,426
16_032_001,655,426,0,426,0,12,414
16_032_002,727,458,0,457,-1,19,438
16_033_001,831,421,0,420,-1,15,405
16_034_001,616,337,0,337,0,9,328
16_034_002,704,391,0,391,0,9,382
16_035_001,480,240,0,240,0,2,238
16_035_002,698,388,0,388,0,6,382
16_035_003,165,80,0,80,0,1,79
16_036_001,922,545,0,544,-1,8,536
16_036_002,854,560,0,560,0,4,556
16_036_003,779,436,0,436,0,3,433
16_036_004,836,517,0,517,0,2,515
16_036_005,898,601,0,601,0,10,591
16_036_006,937,561,0,561,0,8,553
16_036_007,906,458,0,457,-1,3,454
16_037_001,995,545,0,545,0,3,542
16_037_002,971,510,0,510,0,0,510
16_038_001,349,247,0,247,0,6,241
16_039_001,272,182,0,182,0,5,177
16_040_001,637,351,0,351,0,8,343
16_041_001,122,91,0,91,0,4,87
16_042_001,866,485,0,485,0,9,476
16_042_002,875,467,0,466,-1,8,458
16_042_003,846,412,0,411,-1,11,400
16_043_001,448,296,0,295,-1,12,283
16_044_001,642,462,0,461,-1,16,445
16_045_001,723,474,0,474,0,11,463
16_045_002,656,433,0,433,0,9,424
16_046_001,381,264,0,263,-1,3,260
16_047_001,783,390,0,390,0,7,383
16_047_002,700,335,0,335,0,11,324
16_048_001,777,459,0,459,0,13,446
16_049_001,107,69,0,69,0,5,64
16_050_001,1194,560,0,560,0,21,539
16_051_001,750,504,0,504,0,8,496
16_051_002,801,481,0,479,-2,19,460
16_052_001,240,177,0,177,0,6,171
16_053_001,941,577,0,577,0,10,567
16_054_001,209,115,0,115,0,3,112
16_055_001,236,155,0,155,0,5,150
16_056_001,874,533,0,532,-1,10,522
16_056_002,709,409,0,409,0,5,404
16_056_003,748,458,0,458,0,15,443
16_057_001,926,449,0,449,0,9,440
16_057_002,963,526,0,526,0,18,508
16_057_003,1024,525,0,524,-1,14,510
16_057_004,1136,552,0,552,0,11,541
16_057_005,898,447,0,446,-1,29,417
16_057_006,202,96,0,96,0,3,93
16_058_001,917,580,0,579,-1,8,571
16_059_001,622,467,0,466,-1,4,462
16_060_001,1359,815,0,813,-2,10,803
16_061_001,1009,669,0,669,0,12,657
16_062_001,625,435,0,435,0,18,417
16_063_001,581,307,0,307,0,5,302
16_063_002,724,366,1,365,-1,10,355
16_063_003,580,332,0,332,0,5,327
16_063_004,801,404,0,403,-1,7,396
16_063_005,232,122,0,122,0,1,121
16_064_001,682,461,0,461,0,7,454
16_064_002,609,382,0,382,0,9,373
16_064_003,158,109,0,109,0,4,105
16_065_001,714,457,0,457,0,18,439
16_065_002,864,513,0,510,-3,17,493
16_066_001,1114,632,0,632,0,13,619
16_066_002,882,519,0,519,0,9,510
16_066_003,811,454,0,454,0,5,449
16_066_004,954,543,0,543,0,15,528
16_067_001,761,517,0,517,0,17,500
16_067_002,791,504,0,504,0,19,485
16_068_001,570,390,0,389,-1,3,386
16_068_002,550,354,0,354,0,8,346
16_069_001,240,204,0,204,0,8,196
16_070_001,771,491,0,491,0,15,476
16_071_001,47,43,0,42,-1,1,41
16_072_001,1217,923,0,911,-12,32,879
16_073_001,226,158,0,158,0,3,155
16_074_001,472,373,0,373,0,23,350
16_075_001,431,285,0,284,-1,5,279
16_076_001,802,414,0,414,0,12,402
16_077_001,612,298,0,297,-1,2,295
16_077_002,872,436,0,435,-1,4,431
16_077_003,712,399,0,399,0,2,397
16_077_004,909,513,0,513,0,11,502
16_077_005,1016,537,0,537,0,8,529
16_077_006,667,408,0,408,0,6,402
16_077_007,804,383,0,383,0,5,378
16_077_008,927,526,0,526,0,0,526
16_077_009,753,429,0,429,0,6,423
16_077_010,805,505,0,505,0,2,503
16_077_011,805,539,0,539,0,6,533
16_077_012,614,381,0,383,2,24,359
16_077_013,837,454,0,454,0,11,443
16_077_014,772,430,0,430,0,4,426
16_077_015,772,430,0,430,0,9,421
16_077_016,740,419,0,419,0,4,415
16_078_001,922,588,0,588,0,9,579
16_078_002,599,362,0,361,-1,5,356
16_078_003,696,461,0,461,0,10,451
16_079_001,158,131,0,132,1,8,124
16_080_001,1021,633,0,633,0,11,622
16_081_001,1231,784,0,784,0,17,767
16_081_002,1160,731,0,730,-1,5,725
16_081_003,1216,743,0,741,-2,11,730
16_082_001,1047,655,0,655,0,24,631
16_083_001,429,292,0,292,0,10,282
16_084_001,733,460,0,460,0,13,447
16_085_001,762,348,0,348,0,8,340
16_085_002,729,369,0,367,-2,5,362
16_085_003,791,360,0,360,0,17,343
16_086_001,671,394,0,394,0,8,386
16_087_001,376,274,0,274,0,3,271
16_088_001,225,154,0,154,0,5,149
16_089_001,693,300,0,300,0,5,295
16_090_001,240,163,0,163,0,3,160
16_091_001,667,427,0,427,0,7,420
16_091_002,740,442,0,442,0,17,425
16_091_003,930,490,0,490,0,8,482
16_091_004,767,496,0,496,0,15,481
16_092_001,778,545,0,545,0,15,530
16_092_002,779,453,0,453,0,14,439
16_093_001,497,276,0,276,0,6,270
16_094_001,1095,637,0,635,-2,9,626
16_094_002,672,396,0,396,0,4,392
16_094_003,668,386,0,385,-1,4,381
16_094_004,714,426,0,426,0,1,425
16_094_005,726,376,0,376,0,4,372
16_094_006,806,446,0,444,-2,1,443
16_094_007,765,381,0,381,0,3,378
16_094_008,648,365,0,365,0,3,362
16_094_009,823,429,0,429,0,4,425
16_094_010,756,434,0,434,0,3,431
16_094_011,803,397,0,396,-1,3,393
16_094_012,925,477,0,477,0,4,473
16_094_013,748,439,0,439,0,4,435
16_094_014,731,386,0,386,0,2,384
16_094_015,906,557,0,557,0,3,554
16_094_016,911,590,0,590,0,6,584
16_095_001,238,149,0,149,0,6,143
16_096_001,798,401,0,401,0,4,397
16_097_001,533,410,0,409,-1,7,402
16_098_001,1073,625,0,625,0,11,614
16_098_002,595,383,0,382,-1,17,365
16_099_001,706,527,0,525,-2,13,512
16_100_001,503,268,0,267,-1,11,256
16_101_001,892,460,0,458,-2,21,437
16_101_002,206,96,0,96,0,2,94
16_101_003,108,55,0,55,0,1,54
16_102_001,805,357,0,357,0,16,341
16_102_002,818,377,0,376,-1,6,370
16_103_001,760,438,0,437,-1,5,432
16_103_002,728,425,0,424,-1,14,410
16_103_003,795,455,0,455,0,3,452
16_103_004,772,436,0,436,0,8,428
16_103_005,867,455,0,454,-1,34,420
16_103_006,760,445,0,445,0,6,439
16_104_001,710,436,0,436,0,7,429
16_104_002,761,473,0,473,0,6,467
16_104_003,786,444,0,444,0,8,436
16_104_004,833,475,0,475,0,15,460
16_104_005,438,263,0,263,0,4,259
16_104_006,806,467,0,466,-1,21,445
16_105_001,103,71,0,71,0,6,65
16_106_001,966,595,0,577,-18,4,573
16_106_002,947,546,0,543,-3,3,540
16_106_003,918,533,0,531,-2,8,523
16_106_004,860,521,0,521,0,4,517
16_106_005,918,558,0,558,0,11,547
16_106_006,1011,632,0,632,0,18,614
16_106_007,879,558,0,556,-2,9,547
16_106_008,961,650,0,650,0,4,646
16_107_001,415,249,0,249,0,6,243
16_108_001,1140,769,0,769,0,9,760
16_109_001,931,555,0,555,0,8,547
16_109_002,975,553,0,553,0,24,529
16_109_003,1130,553,0,550,-3,6,544
16_110_001,713,442,0,442,0,8,434
16_111_001,92,74,0,74,0,3,71
16_112_001,1284,688,0,679,-9,132,547
16_112_002,1133,669,0,668,-1,10,658
16_112_003,1076,585,0,585,0,17,568
16_112_004,1068,697,0,697,0,3,694
16_112_005,1079,697,0,697,0,2,695
16_112_006,1234,876,0,876,0,9,867
16_112_007,1162,693,0,690,-3,12,678
16_112_008,1042,631,0,631,0,7,624
16_113_001,668,422,0,421,-1,11,410
16_113_002,806,515,0,515,0,10,505
16_113_003,609,421,0,420,-1,10,410
16_114_001,897,738,0,738,0,15,723
16_114_002,736,605,0,605,0,15,590
16_114_003,805,627,0,627,0,6,621
16_115_001,590,331,0,331,0,4,327
16_115_002,847,525,0,524,-1,10,514
16_115_003,819,526,0,526,0,7,519
16_116_001,1084,682,0,682,0,12,670
16_116_002,613,380,1,378,-2,6,372
16_117_001,955,703,0,703,0,16,687
16_118_001,437,264,0,264,0,1,263
16_119_001,1005,489,0,489,0,3,486
16_119_002,955,580,0,580,0,3,577
16_119_003,743,395,0,395,0,4,391
16_119_004,1069,623,0,623,0,3,620
16_119_005,1083,667,0,661,-6,2,659
16_119_006,893,507,0,506,-1,6,500
16_119_007,804,511,0,511,0,6,505
16_119_008,909,544,0,543,-1,1,542
16_119_009,812,425,0,425,0,0,425
16_119_010,811,489,0,489,0,3,486
16_119_011,924,489,0,489,0,2,487
16_119_012,727,367,0,366,-1,0,366
16_119_013,852,390,0,390,0,1,389
16_119_014,906,522,0,521,-1,4,517
16_119_015,1035,665,0,665,0,2,663
16_119_016,1127,704,0,703,-1,4,699
16_119_017,845,562,0,562,0,2,560
16_119_018,755,544,0,544,0,7,537
16_119_019,1054,519,0,519,0,1,518
16_119_020,814,439,0,439,0,3,436
16_119_021,672,374,0,374,0,1,373
16_119_022,1087,644,0,643,-1,6,637
16_119_023,881,509,0,509,0,2,507
16_119_024,963,521,0,521,0,0,521
16_119_025,832,451,0,451,0,4,447
16_119_026,755,376,0,376,0,1,375
16_119_027,680,345,0,344,-1,4,340
16_119_028,1129,771,0,768,-3,8,760
16_119_029,788,445,1,443,-2,2,441
16_119_030,991,559,0,558,-1,3,555
16_119_031,792,433,0,433,0,0,433
16_119_032,843,563,0,563,0,4,559
16_119_033,726,460,0,460,0,0,460
16_119_034,701,439,0,439,0,0,439
16_119_035,854,460,0,460,0,4,456
16_119_036,808,442,0,442,0,3,439
16_119_037,854,554,0,554,0,1,553
16_119_038,868,542,0,542,0,5,537
16_119_039,727,316,0,314,-2,4,310
16_119_040,1164,691,0,691,0,5,686
16_119_041,1160,619,0,619,0,2,617
16_119_042,1135,626,0,625,-1,1,624
16_119_043,1166,683,0,683,0,6,677
16_119_044,902,510,0,508,-2,2,506
16_119_045,678,424,0,424,0,3,421
16_119_046,799,408,0,406,-2,4,402
16_119_047,803,548,0,548,0,2,546
16_119_048,991,524,0,524,0,1,523
16_119_049,609,254,0,254,0,5,249
16_119_050,805,389,0,389,0,3,386
16_119_051,907,425,0,425,0,5,420
16_119_052,823,427,0,427,0,3,424
16_119_053,689,319,0,319,0,2,317
16_119_054,1093,592,0,592,0,4,588
16_119_055,853,472,0,471,-1,3,468
16_119_056,699,422,0,422,0,6,416
16_119_057,956,535,0,535,0,1,534
16_119_058,796,501,0,501,0,2,499
16_119_059,807,503,0,502,-1,2,500
16_119_060,680,440,0,440,0,1,439
16_119_061,837,403,0,403,0,0,403
16_119_062,1148,690,0,690,0,6,684
16_119_063,1008,514,0,514,0,4,510
16_119_064,1018,496,0,496,0,2,494
16_119_065,932,419,0,419,0,1,418
16_119_066,899,474,0,474,0,1,473
16_119_067,899,469,0,469,0,2,467
16_119_068,953,531,0,531,0,2,529
16_119_069,981,473,0,473,0,2,471
16_119_070,972,627,0,627,0,4,623
16_119_071,1159,770,0,770,0,2,768
16_119_072,832,386,0,386,0,6,380
16_119_073,1079,732,0,732,0,4,728
16_119_074,1046,726,0,727,1,16,711
16_119_075,1092,619,0,619,0,3,616
16_119_076,596,271,0,270,-1,11,259
16_119_077,581,251,0,249,-2,1,248
16_119_078,616,360,0,360,0,1,359
16_119_079,1125,679,0,678,-1,4,674
16_119_080,975,517,0,516,-1,2,514
16_119_081,1196,536,0,535,-1,3,532
16_119_082,864,466,0,466,0,3,463
16_119_083,638,255,0,255,0,5,250
16_119_084,1132,650,0,650,0,6,644
16_119_085,1012,613,0,613,0,1,612
16_119_086,1065,428,0,428,0,2,426
16_119_087,830,507,0,507,0,4,503
16_119_088,871,493,1,491,-2,8,483
16_119_089,1019,595,0,594,-1,4,590
16_119_090,1032,555,0,555,0,1,554
16_119_091,1186,612,0,612,0,2,610
16_119_092,825,386,0,386,0,1,385
16_119_093,1315,848,0,848,0,7,841
16_119_094,1199,803,0,803,0,8,795
16_119_095,954,544,0,544,0,3,541
16_119_096,1149,711,0,709,-2,4,705
16_119_097,847,495,0,495,0,4,491
16_119_098,819,472,0,472,0,7,465
16_119_099,1000,603,0,603,0,7,596
16_119_100,665,329,0,329,0,1,328
16_119_101,1090,595,1,594,-1,2,592
16_120_001,692,505,0,503,-2,20,483
16_120_002,174,123,0,123,0,5,118
16_121_001,690,423,0,423,0,6,417
16_121_002,811,517,0,517,0,19,498
16_122_001,875,518,0,518,0,21,497
16_123_001,663,486,0,485,-1,7,478
16_124_001,767,471,0,467,-4,8,459
16_124_002,1011,696,0,694,-2,18,676
16_125_001,715,507,0,507,0,17,490
16_125_002,730,502,0,500,-2,22,478
16_126_001,619,449,0,448,-1,14,434
16_127_001,550,341,0,341,0,7,334
16_128_001,785,516,0,516,0,4,512
16_128_002,970,681,0,681,0,10,671
16_128_003,341,227,0,227,0,8,219
16_129_001,736,436,0,435,-1,19,416
16_129_002,690,419,0,417,-2,22,395
16_129_003,736,476,0,476,0,22,454
16_129_004,743,487,0,487,0,19,468
16_129_005,752,498,0,497,-1,10,487
16_130_001,1097,735,0,734,-1,4,730
16_130_002,991,655,0,651,-4,9,642
16_131_001,710,469,0,468,-1,10,458
16_131_002,735,525,0,519,-6,12,507
16_132_001,665,445,0,445,0,8,437
16_133_001,713,389,0,389,0,6,383
16_133_002,692,390,0,390,0,2,388
16_133_003,802,453,0,453,0,6,447
16_133_004,909,480,0,480,0,1,479
16_134_001,616,481,0,480,-1,24,456
16_135_001,824,372,0,372,0,5,367
16_135_002,687,303,0,303,0,6,297
16_136_001,881,449,0,449,0,5,444
16_136_002,1043,542,0,542,0,7,535
16_136_003,1112,439,0,439,0,3,436
16_136_004,743,244,0,243,-1,2,241
16_136_005,1084,381,0,381,0,8,373
16_136_006,706,398,0,398,0,7,391
16_137_001,838,427,0,427,0,11,416
16_138_001,803,458,0,444,-14,10,434
16_138_002,792,400,0,400,0,7,393
16_139_001,805,530,0,530,0,6,524
16_139_002,716,501,0,500,-1,16,484
16_140_001,539,349,0,348,-1,10,338
16_141_001,222,138,0,138,0,5,133
16_142_001,1003,636,0,634,-2,18,616
16_142_002,1039,642,0,640,-2,27,613
16_143_001,959,629,0,629,0,7,622
16_143_002,1193,711,0,711,0,29,682
16_144_001,621,421,0,421,0,16,405
16_144_002,679,424,0,424,0,13,411
16_145_001,358,234,0,234,0,12,222
16_146_001,637,377,1,377,0,12,365
16_146_002,536,326,0,326,0,5,321
16_147_001,436,307,0,307,0,3,304
16_148_001,734,504,0,504,0,11,493
16_148_002,745,493,0,493,0,14,479
16_149_001,649,490,0,490,0,16,474
16_150_001,900,530,0,529,-1,24,505
16_151_001,726,454,0,454,0,10,444
16_151_002,889,516,0,516,0,6,510
16_151_003,621,424,0,421,-3,8,413
16_152_001,561,306,0,306,0,3,303
16_153_001,798,625,0,621,-4,24,597
16_154_001,598,341,0,341,0,12,329
16_155_001,683,445,0,445,0,5,440
16_155_002,631,434,0,432,-2,6,426
16_156_001,619,441,0,442,1,18,424
16_156_002,668,483,0,483,0,6,477
16_157_001,687,370,0,370,0,9,361
16_157_002,659,305,0,305,0,5,300
16_157_003,630,282,3,280,-2,1,279
16_158_001,620,404,0,404,0,4,400
16_158_002,627,383,0,383,0,9,374
16_159_001,1091,712,0,711,-1,15,696
16_160_001,620,438,0,438,0,9,429
16_160_002,822,528,0,528,0,7,521
16_160_003,749,421,0,421,0,10,411
16_160_004,643,402,0,402,0,4,398
16_160_005,780,485,0,485,0,12,473
16_161_001,1076,632,0,631,-1,12,619
16_162_001,114,99,0,99,0,10,89
16_163_001,816,555,0,555,0,28,527
16_164_001,914,661,0,661,0,24,637
16_165_001,528,329,0,329,0,7,322
16_166_001,1140,770,0,769,-1,9,760
16_167_001,639,354,0,354,0,14,340
16_168_001,283,197,0,197,0,4,193
16_169_001,890,621,0,621,0,8,613
16_170_001,541,283,0,283,0,3,280
16_170_002,567,263,0,263,0,4,259
16_171_001,811,471,0,471,0,10,461
16_171_002,616,391,0,391,0,8,383
16_171_003,651,393,0,393,0,13,380
16_172_001,415,274,0,274,0,4,270
16_173_001,335,217,0,217,0,3,214
16_174_001,312,232,0,232,0,4,228
16_175_001,571,303,0,301,-2,12,289
16_176_001,600,464,1,462,-2,5,457
16_176_002,825,554,0,554,0,13,541
16_177_001,235,180,0,180,0,6,174
16_178_001,313,222,0,222,0,8,214
16_179_001,583,387,0,387,0,8,379
16_179_002,607,388,0,388,0,7,381
16_180_001,765,491,0,491,0,23,468
16_181_001,916,431,0,431,0,11,420
16_181_002,927,537,0,537,0,17,520
16_182_001,296,224,1,224,0,3,221
16_183_001,554,421,0,421,0,9,412
16_184_001,783,518,0,518,0,16,502
16_185_001,910,416,0,416,0,6,410
16_186_001,508,342,0,340,-2,13,327
16_187_001,1015,602,0,602,0,18,584
16_188_001,713,327,0,325,-2,11,314
16_188_002,641,358,0,358,0,10,348
16_189_001,744,268,0,268,0,5,263
16_189_002,725,232,0,232,0,5,227
16_190_001,194,149,0,149,0,1,148
16_191_001,530,327,2,323,-4,8,315
16_191_002,540,367,0,367,0,9,358
16_191_003,557,372,0,371,-1,10,361
16_192_001,517,292,0,291,-1,5,286
16_192_002,676,399,0,399,0,10,389
16_192_003,736,416,0,415,-1,18,397
16_192_004,110,70,0,70,0,6,64
16_193_001,717,468,0,467,-1,4,463
16_193_002,655,378,0,377,-1,1,376
16_193_003,364,250,0,250,0,4,246
16_193_004,101,68,0,68,0,3,65
16_194_001,561,353,0,353,0,12,341
16_194_002,637,455,0,455,0,29,426
16_195_001,707,422,0,422,0,5,417
16_196_001,606,379,0,378,-1,4,374
16_197_001,886,550,0,550,0,5,545
16_197_002,975,551,0,549,-2,5,544
16_197_003,790,458,0,456,-2,9,447
16_197_004,954,560,0,559,-1,6,553
16_197_005,338,126,0,126,0,2,124
16_197_006,200,107,0,107,0,4,103
16_198_001,506,363,0,363,0,11,352
16_199_001,577,341,0,341,0,14,327
16_199_002,597,398,0,397,-1,2,395
16_199_003,288,123,0,123,0,1,122
16_200_001,401,261,0,261,0,25,236
16_201_001,769,496,0,496,0,5,491
16_202_001,926,570,0,570,0,13,557
16_203_001,580,385,0,385,0,17,368
16_203_002,478,304,0,304,0,7,297
16_204_001,595,295,0,293,-2,23,270
16_204_002,574,289,0,289,0,12,277
16_204_003,1128,689,0,689,0,4,685
16_204_004,1204,624,0,624,0,11,613
16_204_005,671,420,0,420,0,6,414
16_204_006,552,312,0,312,0,3,309
16_204_007,1117,698,0,698,0,6,692
16_204_008,1124,722,1,721,-1,9,712
16_204_009,1208,770,0,766,-4,11,755
16_204_010,1246,866,0,865,-1,20,845
16_205_001,397,258,0,258,0,5,253
16_206_001,489,348,0,348,0,7,341
16_207_001,152,117,0,116,-1,2,114
16_208_001,567,322,0,322,0,4,318
16_208_002,623,323,0,323,0,3,320
16_208_003,709,331,0,331,0,5,326
16_209_001,694,412,0,412,0,5,407
16_209_002,624,381,0,381,0,11,370
16_209_003,576,316,0,317,1,12,305
16_210_001,897,585,0,580,-5,21,559
16_210_002,721,470,0,470,0,11,459
16_210_003,808,472,0,471,-1,6,465
16_211_001,554,410,0,410,0,9,401
16_212_001,507,393,0,393,0,5,388
16_213_001,505,331,0,331,0,6,325
16_213_002,521,369,0,369,0,6,363
16_213_003,479,326,0,326,0,11,315
16_214_001,466,273,0,273,0,6,267
16_215_001,386,312,0,311,-1,9,302
16_216_001,509,361,0,361,0,9,352
16_217_001,1227,849,0,849,0,6,843
16_217_002,1356,899,0,899,0,10,889
16_217_003,1153,706,0,706,0,10,696
16_217_004,1395,844,0,843,-1,12,831
16_217_005,1287,809,1,808,-1,12,796
16_217_006,1088,667,0,667,0,7,660
16_217_007,1150,669,0,669,0,12,657
16_217_008,1263,689,0,688,-1,12,676
16_218_001,751,525,0,525,0,18,507
16_219_001,970,623,0,622,-1,18,604
16_219_002,966,602,0,600,-2,18,582
16_219_003,763,520,0,520,0,7,513
16_220_001,608,333,0,333,0,6,327
16_220_002,688,346,0,346,0,3,343
16_221_001,994,559,0,559,0,11,548
16_222_001,444,303,0,303,0,6,297
16_223_001,413,285,0,285,0,8,277
16_224_001,647,312,0,312,0,2,310
16_224_002,873,484,0,483,-1,4,479
16_224_003,1083,641,0,640,-1,12,628
16_224_004,799,376,0,375,-1,3,372
16_224_005,816,456,0,456,0,3,453
16_224_006,566,301,0,301,0,6,295
16_224_007,786,436,0,436,0,4,432
16_224_008,971,469,0,469,0,9,460
16_224_009,160,80,0,80,0,0,80
16_225_001,331,202,0,202,0,3,199
16_226_001,911,574,0,573,-1,9,564
16_226_002,913,541,0,541,0,10,531
16_226_003,757,466,0,466,0,9,457
16_226_004,822,494,0,494,0,10,484
16_227_001,317,210,0,210,0,6,204
16_228_001,547,342,0,342,0,6,336
16_229_001,741,538,0,538,0,21,517
17_001_001,553,420,0,419,-1,15,404
17_002_001,552,371,0,370,-1,6,364
17_003_001,382,256,0,255,-1,7,248
17_003_002,421,294,0,294,0,8,286
17_004_001,611,384,0,383,-1,11,372
17_005_001,593,371,0,370,-1,9,361
17_005_002,614,381,0,381,0,8,373
17_006_001,306,240,0,240,0,12,228
17_007_001,986,578,0,578,0,6,572
17_007_002,929,572,0,572,0,19,553
17_007_003,1042,649,0,647,-2,19,628
17_007_004,1061,560,0,560,0,19,541
17_007_005,1028,591,0,590,-1,23,567
17_008_001,212,138,0,138,0,0,138
17_009_001,349,259,0,256,-3,10,246
17_010_001,873,369,0,369,0,11,358
17_010_002,821,349,0,348,-1,11,337
17_011_001,658,377,0,381,4,35,346
17_011_002,611,389,1,387,-2,7,380
17_011_003,613,382,0,382,0,8,374
17_011_004,624,361,0,360,-1,6,354
17_011_005,605,406,0,406,0,6,400
17_011_006,641,443,0,443,0,7,436
17_011_007,611,359,0,359,0,7,352
17_011_008,628,392,0,392,0,4,388
17_011_009,599,346,0,346,0,3,343
17_011_010,594,368,0,368,0,6,362
17_011_011,641,384,2,384,0,3,381
17_011_012,649,404,0,404,0,4,400
17_011_013,660,425,0,425,0,5,420
17_011_014,615,419,0,419,0,1,418
17_011_015,903,517,0,516,-1,5,511
17_011_016,255,116,0,116,0,2,114
17_011_017,107,53,0,53,0,0,53
17_012_001,362,227,0,227,0,3,224
17_013_001,740,433,0,430,-3,6,424
17_013_002,723,426,0,426,0,12,414
17_013_003,680,386,0,385,-1,10,375
17_014_001,742,448,1,447,-1,7,440
17_015_001,211,118,0,118,0,4,114
17_016_001,642,260,0,260,0,9,251
17_017_001,786,445,1,444,-1,12,432
17_017_002,129,77,0,77,0,0,77
17_018_001,809,457,0,457,0,7,450
17_018_002,778,451,0,448,-3,5,443
17_018_003,815,490,1,487,-3,8,479
17_018_004,750,411,0,410,-1,10,400
17_019_001,249,139,0,139,0,2,137
17_020_001,721,364,0,364,0,4,360
17_020_002,751,397,0,397,0,7,390
17_020_003,783,438,0,438,0,10,428
17_020_004,854,414,0,406,-8,6,400
17_020_005,609,404,0,404,0,5,399
17_020_006,509,278,0,278,0,4,274
17_020_007,493,292,0,292,0,3,289
17_020_008,734,466,0,461,-5,16,445
17_020_009,781,435,0,435,0,6,429
17_020_010,855,505,0,503,-2,6,497
17_020_011,740,428,0,428,0,3,425
17_020_012,533,204,0,204,0,5,199
17_020_013,692,382,0,382,0,3,379
17_020_014,573,346,0,346,0,6,340
17_020_015,662,387,0,387,0,1,386
17_020_016,707,445,0,445,0,1,444
17_020_017,649,398,0,398,0,10,388
17_020_018,628,368,0,368,0,1,367
17_020_019,713,371,0,371,0,4,367
17_020_020,654,322,0,322,0,7,315
17_020_021,169,40,0,40,0,2,38
17_020_022,590,316,0,316,0,4,312
17_021_001,538,300,0,300,0,6,294
17_021_002,441,234,0,234,0,8,226
17_021_003,498,218,0,218,0,2,216
17_022_001,1070,588,0,588,0,4,584
17_022_002,1037,657,0,657,0,12,645
17_022_003,813,437,0,437,0,9,428
17_022_004,740,309,0,309,0,5,304
17_022_005,804,403,0,403,0,5,398
17_022_006,1137,585,0,585,0,18,567
17_022_007,1066,545,0,545,0,12,533
17_023_001,598,411,0,412,1,26,386
17_023_002,766,509,0,509,0,18,491
17_023_003,606,364,0,364,0,10,354
17_024_001,198,130,0,130,0,3,127
17_025_001,514,312,0,312,0,11,301
17_026_001,780,318,0,318,0,7,311
17_026_002,794,291,0,291,0,9,282
17_026_003,841,429,0,429,0,7,422
17_026_004,778,441,0,441,0,9,432
17_027_001,563,305,0,305,0,3,302
17_028_001,456,335,0,335,0,3,332
17_029_001,820,485,0,481,-4,13,468
17_030_001,499,190,0,190,0,4,186
17_031_001,969,493,0,493,0,13,480
17_032_001,131,86,0,86,0,0,86
17_033_001,719,466,0,465,-1,12,453
17_033_002,704,438,0,437,-1,18,419
17_034_001,521,376,0,373,-3,9,364
17_035_001,791,536,0,534,-2,18,516
17_036_001,602,390,0,389,-1,14,375
17_037_001,665,398,0,398,0,11,387
17_038_001,753,490,0,490,0,11,479
17_038_002,690,432,0,430,-2,23,407
17_038_003,713,444,0,444,0,16,428
17_039_001,650,322,1,322,0,8,314
17_039_002,724,416,0,416,0,15,401
17_039_003,621,340,0,340,0,15,325
17_040_001,370,212,0,212,0,4,208
17_041_001,179,112,0,112,0,2,110
17_042_001,853,354,0,354,0,10,344
17_043_001,689,391,0,390,-1,9,381
17_043_002,636,371,0,371,0,1,370
17_044_001,102,77,0,68,-9,0,68
17_045_001,527,318,0,318,0,7,311
17_045_002,156,79,0,79,0,3,76
17_046_001,956,538,0,538,0,17,521
17_046_002,312,142,0,142,0,1,141
17_047_001,151,93,0,93,0,1,92
17_048_001,525,364,0,364,0,8,356
17_049_001,573,379,0,379,0,6,373
17_050_001,273,212,0,212,0,11,201
17_051_001,245,155,0,155,0,3,152
17_052_001,248,140,0,140,0,5,135
17_053_001,274,188,0,188,0,5,183
17_054_001,918,632,0,632,0,29,603
17_055_001,248,172,0,171,-1,4,167
17_056_001,504,291,0,291,0,11,280
17_056_002,532,274,0,274,0,2,272
17_056_003,61,31,0,31,0,0,31
17_057_001,875,482,0,482,0,23,459
17_058_001,107,82,0,82,0,7,75
17_059_001,382,251,0,251,0,11,240
17_060_001,758,525,0,525,0,12,513
17_060_002,741,471,0,471,0,14,457
17_061_001,805,462,0,462,0,12,450
17_062_001,489,327,0,327,0,11,316
17_062_002,94,60,0,60,0,2,58
17_063_001,236,185,0,171,-14,5,166
17_064_001,502,345,0,344,-1,6,338
17_064_002,75,47,0,47,0,1,46
17_065_001,265,192,0,192,0,6,186
17_066_001,280,200,0,200,0,3,197
17_067_001,333,204,0,203,-1,4,199
17_068_001,51,48,0,48,0,0,48
17_069_001,602,378,0,380,2,28,352
17_069_002,688,433,0,433,0,14,419
17_069_003,728,393,0,393,0,15,378
17_070_001,53,22,0,22,0,0,22
17_070_002,753,388,0,388,0,11,377
17_071_001,879,496,0,496,0,13,483
17_071_002,924,552,0,552,0,11,541
17_072_001,305,193,0,193,0,3,190
17_073_001,652,461,0,459,-2,7,452
17_074_001,123,101,0,101,0,0,101
17_075_001,410,255,0,253,-2,2,251
17_076_001,652,338,0,337,-1,12,325
17_076_002,662,333,0,333,0,7,326
17_077_001,615,384,0,384,0,4,380
17_077_002,605,366,0,366,0,4,362
17_078_001,746,488,0,488,0,12,476
17_078_002,579,348,0,348,0,5,343
17_078_003,587,310,0,310,0,9,301
17_079_001,803,587,0,586,-1,11,575
17_079_002,1001,622,0,622,0,9,613
17_079_003,927,660,0,659,-1,2,657
17_079_004,1003,648,0,648,0,1,647
17_079_005,966,649,0,647,-2,11,636
17_079_006,903,607,0,607,0,10,597
17_079_007,990,672,0,672,0,2,670
17_079_008,997,666,0,665,-1,6,659
17_079_009,773,470,0,470,0,6,464
17_079_010,767,440,0,441,1,17,424
17_079_011,899,576,0,576,0,8,568
17_079_012,725,455,0,455,0,4,451
17_079_013,974,658,0,657,-1,7,650
17_079_014,919,532,0,532,0,8,524
17_079_015,866,551,0,549,-2,14,535
17_079_016,290,159,0,159,0,1,158
17_079_017,267,152,0,152,0,0,152
17_080_001,634,275,0,275,0,7,268
17_080_002,405,173,0,173,0,6,167
17_080_003,72,42,0,42,0,0,42
17_081_001,1024,653,0,652,-1,12,640
17_081_002,740,448,0,449,1,16,433
17_082_001,448,234,0,234,0,4,230
17_083_001,774,476,0,475,-1,16,459
17_084_001,835,512,0,512,0,19,493
17_085_001,426,316,0,314,-2,5,309
17_086_001,577,385,0,386,1,21,365
17_086_002,187,108,0,108,0,1,107
17_086_003,65,44,0,44,0,1,43
17_087_001,948,496,0,496,0,13,483
17_087_002,1065,610,0,610,0,12,598
17_087_003,1055,581,0,579,-2,6,573
17_088_001,546,360,0,360,0,12,348
17_088_002,480,303,0,303,0,10,293
17_089_001,159,113,0,113,0,3,110
17_090_001,573,387,0,381,-6,9,372
17_090_002,450,221,0,219,-2,7,212
17_091_001,629,364,0,364,0,12,352
17_092_001,506,336,0,336,0,9,327
17_093_001,173,104,0,104,0,4,100
17_094_001,520,312,0,312,0,8,304
17_094_002,583,322,0,322,0,6,316
17_094_003,574,259,0,258,-1,3,255
17_095_001,1126,594,0,592,-2,8,584
17_095_002,651,419,0,419,0,2,417
17_095_003,694,424,0,424,0,5,419
17_095_004,738,474,0,474,0,2,472
17_095_005,291,98,0,98,0,0,98
17_095_006,537,344,0,344,0,2,342
17_095_007,549,326,0,326,0,0,326
17_095_008,616,377,0,377,0,4,373
17_095_009,463,329,0,329,0,4,325
17_095_010,681,454,0,454,0,4,450
17_095_011,1098,670,0,670,0,6,664
17_095_012,625,358,0,358,0,2,356
17_095_013,466,302,0,302,0,3,299
17_095_014,450,252,0,251,-1,3,248
17_095_015,491,305,0,305,0,4,301
17_095_016,466,276,0,276,0,3,273
17_095_017,501,269,0,269,0,1,268
17_095_018,520,314,0,314,0,3,311
17_095_019,717,404,0,403,-1,1,402
17_095_020,792,506,0,506,0,4,502
17_095_021,541,381,0,381,0,5,376
17_095_022,479,287,0,287,0,3,284
17_095_023,509,301,0,301,0,1,300
17_095_024,489,307,0,307,0,2,305
17_095_025,478,304,0,304,0,2,302
17_095_026,552,350,0,350,0,3,347
17_095_027,584,349,0,348,-1,1,347
17_095_028,559,306,0,307,1,10,297
17_095_029,578,290,0,290,0,3,287
17_095_030,738,397,0,394,-3,3,391
17_095_031,551,332,0,332,0,5,327
17_095_032,625,330,0,330,0,5,325
17_095_033,596,367,0,367,0,3,364
17_095_034,703,458,0,458,0,2,456
17_095_035,616,370,0,370,0,5,365
17_095_036,727,498,0,498,0,2,496
17_095_037,923,530,0,529,-1,4,525
17_095_038,870,630,0,631,1,12,619
17_095_039,990,598,0,598,0,6,592
17_096_001,238,119,0,119,0,2,117
17_096_002,957,533,0,532,-1,4,528
17_096_003,853,429,0,428,-1,8,420
17_096_004,796,483,0,482,-1,4,478
17_096_005,1020,658,0,658,0,14,644
17_096_006,682,419,0,418,-1,6,412
17_096_007,252,123,0,123,0,2,121
17_096_008,909,607,0,607,0,6,601
17_096_009,565,271,0,271,0,4,267
17_097_001,637,297,0,297,0,4,293
17_097_002,289,107,1,106,-1,3,103
17_097_003,210,73,0,73,0,1,72
17_097_004,599,261,0,261,0,12,249
17_098_001,536,267,0,267,0,3,264
17_098_002,513,251,0,251,0,10,241
17_099_001,1119,509,0,509,0,9,500
17_099_002,1179,623,0,622,-1,6,616
17_099_003,1000,539,0,539,0,4,535
17_099_004,1184,684,0,684,0,10,674
17_099_005,1157,669,0,669,0,10,659
17_099_006,1114,643,0,643,0,8,635
17_099_007,987,595,0,590,-5,5,585
17_099_008,1110,589,0,589,0,6,583
17_100_001,788,457,0,457,0,16,441
17_101_001,236,155,0,155,0,5,150
17_102_001,210,163,0,163,0,5,158
17_103_001,268,157,0,157,0,0,157
17_104_001,624,436,0,436,0,20,416
17_105_001,934,595,0,595,0,13,582
17_106_001,98,83,0,83,0,3,80
17_107_001,203,126,0,126,0,3,123
17_108_001,609,439,0,439,0,9,430
17_108_002,448,278,0,278,0,6,272
17_108_003,468,313,0,311,-2,2,309
17_108_004,100,62,0,62,0,0,62
17_109_001,469,325,0,325,0,14,311
18_001_001,525,330,0,330,0,11,319
18_002_001,286,181,0,181,0,1,180
18_003_001,433,272,0,272,0,8,264
18_004_001,206,161,0,161,0,1,160
18_005_001,324,250,0,250,0,6,244
18_006_001,397,310,0,310,0,6,304
18_007_001,928,578,0,578,0,7,571
18_008_001,360,227,0,227,0,3,224
18_009_001,395,224,0,224,0,7,217
18_010_001,646,471,0,469,-2,8,461
18_011_001,191,171,0,171,0,1,170
18_012_001,297,206,0,206,0,3,203
18_013_001,230,168,0,168,0,3,165
18_014_001,310,188,0,188,0,4,184
18_015_001,272,173,0,173,0,11,162
18_016_001,569,376,0,376,0,8,368
18_017_001,473,310,0,310,0,4,306
18_018_001,717,352,0,352,0,8,344
18_018_002,654,316,0,316,0,5,311
18_018_003,763,464,0,464,0,9,455
18_018_004,622,387,0,387,0,11,376
18_019_001,232,169,0,169,0,5,164
18_020_001,1037,567,0,565,-2,11,554
18_020_002,912,632,0,631,-1,13,618
18_020_003,944,527,0,526,-1,14,512
18_020_004,987,653,0,653,0,15,638
18_020_005,1026,688,0,688,0,13,675
18_020_006,1054,672,0,672,0,8,664
18_020_007,865,479,0,479,0,10,469
18_020_008,1085,621,0,621,0,13,608
18_020_009,280,173,0,173,0,1,172
18_021_001,156,89,0,89,0,3,86
18_022_001,507,284,0,284,0,3,281
18_022_002,727,479,0,479,0,8,471
18_023_001,294,239,0,239,0,5,234
18_024_001,205,157,0,157,0,5,152
18_025_001,276,159,0,159,0,3,156
18_026_001,280,210,0,210,0,6,204
18_027_001,933,503,0,503,0,12,491
18_027_002,866,474,0,474,0,11,463
18_027_003,728,448,1,446,-2,10,436
18_028_001,578,378,0,378,0,8,370
18_029_001,288,220,0,220,0,2,218
18_030_001,274,188,0,188,0,4,184
18_031_001,681,306,0,306,0,3,303
18_032_001,81,69,1,68,-1,3,65
18_033_001,248,201,0,201,0,2,199
18_034_001,127,105,0,105,0,3,102
18_035_001,118,110,0,110,0,1,109
18_036_001,203,140,0,140,0,5,135
18_037_001,292,157,0,157,0,3,154
18_038_001,253,190,0,189,-1,2,187
18_039_001,460,321,0,321,0,4,317
18_040_001,1094,805,3,802,-3,17,785
18_041_001,398,220,0,219,-1,4,215
18_042_001,157,136,0,136,0,5,131
18_043_001,210,168,0,168,0,2,166
18_044_001,458,351,0,351,0,3,348
18_045_001,348,200,0,200,0,4,196
18_046_001,1127,767,0,766,-1,15,751
18_046_002,1038,662,0,662,0,15,647
18_047_001,566,388,0,388,0,7,381
18_048_001,884,460,0,460,0,10,450
18_049_001,245,166,0,166,0,4,162
18_050_001,129,85,0,85,0,1,84
18_051_001,906,580,0,579,-1,5,574
18_052_001,519,340,0,339,-1,5,334
18_053_001,72,62,0,62,0,0,62
18_054_001,210,129,0,129,0,2,127
18_055_001,156,124,0,124,0,4,120
18_056_001,604,341,0,341,0,9,332
18_057_001,126,98,0,98,0,0,98
18_058_001,110,72,0,70,-2,1,69
18_059_001,247,198,0,198,0,3,195
18_060_001,49,46,0,46,0,0,46
18_061_001,113,78,0,78,0,1,77
18_062_001,145,126,0,126,0,7,119
18_063_001,620,386,0,386,0,4,382
18_064_001,529,357,0,357,0,6,351
18_065_001,695,444,0,443,-1,6,437
18_065_002,635,415,0,415,0,5,410
18_066_001,34,32,0,32,0,0,32
18_067_001,85,63,0,63,0,2,61
18_068_001,400,262,0,262,0,3,259
18_069_001,1141,557,0,557,0,9,548
18_069_002,928,514,1,513,-1,11,502
18_070_001,411,251,0,251,0,6,245
18_071_001,675,357,0,357,0,8,349
18_071_002,583,339,0,339,0,5,334
18_071_003,695,362,0,362,0,5,357
18_072_001,160,131,0,131,0,5,126
18_073_001,277,219,0,219,0,2,217
18_074_001,839,509,0,509,0,17,492
18_075_001,365,290,0,290,0,5,285
18_076_001,73,65,0,65,0,1,64
18_077_001,79,62,0,62,0,3,59
18_078_001,719,516,0,516,0,13,503
18_079_001,414,246,0,246,0,6,240
18_080_001,315,162,0,162,0,2,160
18_081_001,428,274,0,274,0,7,267
18_082_001,172,132,0,132,0,4,128
18_083_001,183,120,0,120,0,2,118
18_084_001,213,139,0,139,0,2,137
18_085_001,680,456,0,455,-1,4,451
18_086_001,192,140,1,139,-1,2,137
18_087_001,62,54,0,54,0,2,52
18_088_001,95,61,0,61,0,1,60
18_089_001,141,121,0,121,0,3,118
18_090_001,189,131,1,130,-1,3,127
18_091_001,373,234,0,234,0,9,225
18_092_001,80,55,0,55,0,2,53
18_093_001,417,316,0,314,-2,10,304
18_094_001,231,180,0,180,0,5,175
18_095_001,956,646,0,642,-4,9,633
18_095_002,1011,648,0,648,0,11,637
18_095_003,982,697,0,697,0,7,690
18_095_004,1105,765,0,764,-1,6,758
18_095_005,1301,844,0,838,-6,16,822
18_095_006,1103,782,0,782,0,7,775
18_095_007,1013,711,0,711,0,14,697
18_095_008,338,214,0,214,0,5,209
18_095_009,670,495,1,494,-1,8,486
18_095_010,142,111,0,111,0,2,109
18_096_001,1130,668,0,668,0,10,658
18_096_002,1246,749,0,749,0,12,737
18_096_003,1063,617,0,616,-1,6,610
18_096_004,1148,613,0,613,0,3,610
18_096_005,1148,654,0,653,-1,9,644
18_096_006,1074,661,0,661,0,1,660
18_096_007,1125,601,0,600,-1,7,593
18_096_008,766,454,0,454,0,4,450
18_096_009,422,268,0,268,0,2,266
18_097_001,236,178,0,178,0,1,177
18_098_001,160,100,0,100,0,3,97
18_099_001,444,303,0,303,0,8,295
18_100_001,92,64,0,64,0,1,63
18_101_001,885,598,0,597,-1,9,588
18_102_001,632,458,0,457,-1,6,451
18_103_001,209,144,0,144,0,3,141
18_104_001,340,246,0,246,0,5,241
18_105_001,205,172,0,172,0,4,168
18_106_001,584,325,0,325,0,12,313
18_107_001,269,164,0,164,0,4,160
18_108_001,473,338,0,337,-1,10,327
18_109_001,130,107,0,107,0,6,101
18_110_001,182,133,0,133,0,0,133
18_111_001,167,119,0,119,0,5,114
18_112_001,249,189,0,189,0,3,186
18_113_001,350,185,0,185,0,2,183
18_114_001,211,150,0,150,0,4,146
18_115_001,127,81,0,81,0,1,80
18_116_001,100,84,0,84,0,0,84
18_117_001,206,153,0,153,0,2,151
18_118_001,756,515,0,514,-1,6,508
18_119_001,114,87,0,87,0,3,84
18_120_001,376,256,0,256,0,5,251
18_121_001,1082,723,0,723,0,9,714
18_122_001,1135,678,0,676,-2,10,666
18_123_001,525,372,0,371,-1,8,363
18_124_001,253,167,0,167,0,5,162
18_125_001,235,174,0,174,0,6,168
18_126_001,264,218,0,218,0,4,214
18_127_001,298,212,0,212,0,10,202
18_128_001,123,114,0,99,-15,3,96
18_129_001,26,20,0,20,0,1,19
18_130_001,219,136,0,136,0,8,128
18_131_001,439,318,0,318,0,5,313
18_132_001,273,223,0,223,0,6,217
18_133_001,320,192,0,192,0,4,188
18_134_001,66,50,0,50,0,1,49
18_135_001,624,353,0,353,0,5,348
18_136_001,501,301,0,301,0,8,293
18_137_001,80,50,0,50,0,1,49
18_138_001,554,366,0,366,0,8,358
18_139_001,172,139,0,139,0,0,139
18_140_001,923,665,0,665,0,15,650
18_141_001,351,245,0,245,0,5,240
18_142_001,247,212,0,212,0,7,205
18_143_001,236,162,0,162,0,3,159
18_144_001,617,358,0,358,0,4,354
18_145_001,519,400,0,400,0,8,392
18_146_001,365,269,0,269,0,1,268
18_147_001,178,151,0,151,0,3,148
18_148_001,133,94,0,93,-1,2,91
18_149_001,277,215,0,215,0,6,209
18_150_001,129,94,0,94,0,4,90
18_151_001,209,187,0,187,0,6,181
18_152_001,119,82,0,82,0,2,80
18_153_001,705,486,0,486,0,4,482
18_154_001,601,419,0,419,0,5,414
18_155_001,749,449,0,449,0,11,438
18_156_001,733,359,0,359,0,4,355
18_156_002,662,363,0,363,0,5,358
18_157_001,181,128,0,128,0,1,127
18_158_001,252,172,0,172,0,4,168
18_159_001,188,130,0,129,-1,1,128
18_160_001,623,399,0,399,0,5,394
18_160_002,753,511,0,511,0,3,508
18_160_003,691,465,0,465,0,6,459
18_161_001,108,68,0,68,0,1,67
18_162_001,309,204,0,204,0,4,200
18_163_001,957,497,0,497,0,12,485
18_164_001,245,201,0,201,0,5,196
18_165_001,379,196,0,196,0,0,196
18_166_001,67,51,0,51,0,4,47
18_167_001,764,477,0,477,0,6,471
18_167_002,519,307,0,306,-1,4,302
18_167_003,578,380,0,380,0,5,375
18_167_004,641,409,0,408,-1,2,406
18_167_005,37,27,0,27,0,0,27
18_167_006,652,401,0,401,0,2,399
18_167_007,601,384,0,383,-1,5,378
18_167_008,745,447,0,447,0,5,442
18_167_009,628,359,0,359,0,4,355
18_167_010,834,524,0,523,-1,7,516
18_167_011,598,331,0,331,0,2,329
18_167_012,632,381,0,381,0,3,378
18_167_013,712,384,0,384,0,1,383
18_167_014,787,503,0,503,0,7,496
18_167_015,802,456,0,456,0,2,454
18_167_016,892,588,0,588,0,13,575
18_167_017,607,345,0,345,0,3,342
18_167_018,111,63,0,63,0,0,63
18_168_001,1077,686,0,686,0,4,682
18_169_001,417,256,0,256,0,2,254
18_170_001,571,370,0,369,-1,3,366
18_171_001,319,228,0,228,0,5,223
18_171_002,135,89,0,89,0,2,87
18_171_003,80,36,0,36,0,0,36
18_172_001,192,116,0,116,0,0,116
18_173_001,643,437,0,437,0,4,433
18_174_001,520,303,0,303,0,4,299
18_175_001,623,456,0,456,0,9,447
18_176_001,43,41,0,41,0,2,39
18_177_001,298,214,0,213,-1,6,207
18_178_001,194,164,0,160,-4,5,155
18_179_001,189,157,0,157,0,4,153
18_180_001,52,40,0,40,0,1,39
18_181_001,532,377,0,377,0,11,366
18_182_001,279,179,0,179,0,3,176
18_183_001,490,304,0,304,0,6,298
18_183_002,631,383,0,383,0,15,368
18_183_003,722,435,0,433,-2,3,430
18_183_004,696,463,0,463,0,11,452
18_183_005,701,525,0,525,0,10,515
18_183_006,640,431,0,429,-2,6,423
18_183_007,624,433,0,433,0,6,427
18_183_008,381,253,0,253,0,2,251
18_183_009,661,488,0,488,0,6,482
18_183_010,226,153,0,153,0,2,151
18_183_011,326,231,0,231,0,4,227
18_183_012,278,179,0,179,0,3,176
18_183_013,57,37,0,37,0,0,37
18_184_001,815,544,0,543,-1,13,530
18_185_001,244,172,0,172,0,0,172
18_186_001,861,647,0,646,-1,7,639
18_186_002,1134,816,0,816,0,6,810
18_186_003,945,665,0,665,0,6,659
18_186_004,838,601,0,601,0,5,596
18_186_005,1100,772,0,772,0,4,768
18_186_006,911,584,0,584,0,4,580
18_186_007,929,672,0,671,-1,2,669
18_186_008,814,501,0,501,0,6,495
18_186_009,652,380,0,381,1,12,369
18_186_010,694,359,0,359,0,2,357
18_186_011,1184,795,0,800,5,56,744
18_186_012,763,482,0,482,0,4,478
18_186_013,934,626,0,626,0,4,622
18_186_014,830,541,0,540,-1,4,536
18_186_015,747,427,0,427,0,4,423
18_186_016,756,476,0,476,0,1,475
18_186_017,1288,924,0,922,-2,9,913
18_186_018,726,455,0,454,-1,11,443
18_186_019,694,422,0,422,0,7,415
18_186_020,803,507,0,507,0,10,497
18_186_021,801,491,0,491,0,3,488
18_186_022,762,488,0,488,0,4,484
18_186_023,704,507,0,507,0,4,503
18_186_024,778,393,0,393,0,4,389
18_186_025,772,446,0,445,-1,10,435
18_186_026,747,436,0,436,0,3,433
18_186_027,786,480,0,480,0,4,476
18_186_028,745,428,0,428,0,8,420
18_186_029,732,436,0,435,-1,5,430
18_186_030,898,520,0,520,0,1,519
18_186_031,675,355,0,355,0,4,351
18_186_032,663,354,0,354,0,1,353
18_186_033,883,547,0,547,0,0,547
18_186_034,828,537,0,537,0,8,529
18_186_035,1013,731,0,731,0,8,723
18_186_036,966,625,0,625,0,4,621
18_186_037,642,447,0,447,0,4,443
18_186_038,872,523,0,523,0,6,517
18_186_039,624,416,0,416,0,5,411
18_186_040,792,400,2,397,-3,4,393
18_186_041,876,548,0,547,-1,4,543
18_186_042,1074,722,0,722,0,3,719
18_186_043,646,421,0,421,0,1,420
18_186_044,1217,856,1,854,-2,10,844
18_186_045,1143,743,0,736,-7,6,730
18_186_046,750,502,0,502,0,3,499
18_186_047,848,561,0,561,0,2,559
18_186_048,611,440,0,439,-1,5,434
18_186_049,791,451,0,451,0,5,446
18_186_050,720,434,0,432,-2,7,425
18_186_051,742,490,0,490,0,10,480
18_186_052,799,503,0,503,0,9,494
18_186_053,1153,762,0,761,-1,7,754
18_186_054,708,438,0,438,0,6,432
18_186_055,1228,808,0,807,-1,5,802
18_186_056,1209,895,0,895,0,11,884
18_186_057,1151,833,0,833,0,8,825
18_186_058,729,488,0,487,-1,5,482
18_186_059,1022,559,0,558,-1,10,548
18_186_060,1129,740,0,739,-1,3,736
18_186_061,677,479,0,478,-1,8,470
18_186_062,848,600,0,600,0,3,597
18_186_063,625,445,0,445,0,1,444
18_186_064,570,384,0,385,1,14,371
18_186_065,824,570,0,570,0,8,562
18_186_066,702,447,0,447,0,2,445
18_186_067,871,636,0,636,0,4,632
18_186_068,650,443,0,443,0,3,440
18_186_069,793,574,0,574,0,11,563
18_186_070,830,565,0,565,0,4,561
18_186_071,436,291,0,291,0,0,291
18_186_072,634,420,0,420,0,3,417
18_186_100,177,148,0,148,0,0,148
18_187_001,268,180,0,180,0,1,179
18_188_001,637,452,0,452,0,8,444
18_189_001,1124,691,0,690,-1,13,677
18_189_002,982,648,0,647,-1,16,631
18_190_001,384,283,0,283,0,6,277
18_191_001,290,227,0,227,0,7,220
18_192_001,253,223,0,223,0,8,215
18_193_001,242,173,0,173,0,5,168
18_194_001,882,549,1,548,-1,10,538
18_194_002,700,369,0,368,-1,14,354
18_195_001,242,202,0,202,0,11,191
18_196_001,391,191,0,191,0,4,187
18_196_002,297,143,0,143,0,0,143
18_197_001,262,172,0,172,0,2,170
18_198_001,340,263,0,263,0,3,260
18_199_001,290,187,0,187,0,3,184
18_200_001,303,234,0,234,0,3,231
18_201_001,266,194,0,194,0,3,191
18_202_001,618,484,0,484,0,7,477
18_203_001,283,211,0,211,0,5,206
18_204_001,467,296,0,296,0,0,296
18_204_002,630,415,0,415,0,10,405
18_205_001,336,239,0,239,0,0,239
18_206_001,592,366,0,365,-1,3,362
18_206_002,608,379,0,379,0,7,372
18_206_003,663,383,0,383,0,4,379
18_206_004,669,427,0,427,0,8,419
18_206_005,643,370,0,370,0,9,361
18_206_006,101,64,0,64,0,3,61
18_206_007,51,40,0,40,0,2,38
18_207_001,251,198,0,198,0,7,191
18_208_001,285,198,0,198,0,7,191
18_209_001,533,338,0,338,0,13,325
18_210_001,326,228,0,228,0,7,221
18_211_001,72,59,0,59,0,1,58
18_212_001,700,348,0,347,-1,6,341
18_212_002,650,349,0,349,0,9,340
18_212_003,660,419,0,419,0,10,409
18_212_004,653,405,0,405,0,10,395
18_213_001,225,192,0,192,0,2,190
18_214_001,568,409,0,409,0,9,400
18_215_001,85,70,0,70,0,2,68
18_216_001,181,139,0,139,0,4,135
19_001_001,645,352,0,352,0,14,338
19_002_001,293,161,0,161,0,6,155
19_003_001,881,481,0,481,0,1,480
19_003_002,979,587,0,586,-1,4,582
19_003_003,663,408,1,409,1,16,393
19_003_004,1024,650,0,650,0,4,646
19_003_005,647,318,0,318,0,4,314
19_003_006,773,376,0,376,0,7,369
19_003_007,558,268,0,268,0,5,263
19_003_008,761,440,0,439,-1,9,430
19_003_009,824,354,0,354,0,10,344
19_003_010,742,397,0,397,0,4,393
19_003_011,670,379,0,379,0,3,376
19_003_012,879,423,0,423,0,7,416
19_003_013,567,285,0,285,0,3,282
19_003_014,918,490,0,490,0,8,482
19_003_015,680,323,0,324,1,16,308
19_003_016,683,335,0,335,0,6,329
19_003_017,600,329,0,329,0,1,328
19_003_018,815,493,0,493,0,4,489
19_003_019,779,469,0,469,0,4,465
19_003_020,702,448,0,449,1,9,440
19_003_021,804,437,0,437,0,6,431
19_003_022,954,542,0,541,-1,3,538
19_003_023,781,394,0,394,0,3,391
19_003_024,417,198,0,197,-1,3,194
19_003_025,896,605,0,605,0,8,597
19_003_026,941,628,0,626,-2,7,619
19_003_027,805,338,0,338,0,1,337
19_003_028,571,318,0,318,0,4,314
19_003_029,927,438,0,438,0,3,435
19_004_001,861,574,0,574,0,4,570
19_004_002,805,532,0,532,0,10,522
19_005_001,137,96,0,96,0,3,93
19_006_001,392,329,0,328,-1,7,321
19_007_001,532,393,0,393,0,4,389
19_008_001,697,529,0,529,0,7,522
19_008_002,582,417,0,417,0,4,413
19_008_003,583,388,0,388,0,3,385
19_009_001,751,515,0,515,0,10,505
19_010_001,936,646,0,641,-5,7,634
19_011_001,590,371,0,370,-1,15,355
19_012_001,173,145,0,145,0,9,136
19_013_001,790,503,0,501,-2,8,493
19_014_001,367,251,0,251,0,10,241
19_015_001,335,209,0,209,0,4,205
19_016_001,53,36,0,36,0,0,36
19_017_001,154,92,0,92,0,1,91
19_018_001,671,440,0,440,0,12,428
19_019_001,225,154,0,154,0,4,150
19_020_001,482,252,0,252,0,7,245
19_021_001,620,397,0,397,0,12,385
19_022_001,1054,682,0,681,-1,4,677
19_022_002,1047,723,0,723,0,8,715
19_022_003,945,630,0,628,-2,7,621
19_022_004,953,605,0,605,0,6,599
19_022_005,1066,735,0,734,-1,4,730
19_022_006,1051,637,0,637,0,2,635
19_022_007,1027,666,0,665,-1,4,661
19_022_008,981,631,0,631,0,6,625
19_023_001,216,127,0,127,0,4,123
19_024_001,879,518,0,517,-1,12,505
19_025_001,1095,653,0,650,-3,6,644
19_026_001,1267,709,0,708,-1,11,697
19_026_002,1133,600,1,600,0,4,596
19_026_003,1453,772,0,772,0,7,765
19_026_004,1277,685,0,685,0,7,678
19_026_005,1629,1035,1,1035,0,6,1029
19_026_006,1334,798,0,798,0,5,793
19_026_007,1323,807,0,807,0,7,800
19_026_008,1474,969,0,968,-1,6,962
19_027_001,842,580,0,580,0,8,572
19_027_002,847,545,0,545,0,8,537
19_027_003,645,386,0,386,0,12,374
19_027_004,723,409,0,407,-2,5,402
19_027_005,666,455,0,455,0,4,451
19_028_001,127,109,0,109,0,2,107
19_029_001,771,528,0,528,0,4,524
19_029_002,707,445,0,444,-1,6,438
19_029_003,799,555,0,554,-1,6,548
19_030_001,176,130,0,130,0,0,130
19_031_001,434,314,0,313,-1,2,311
19_032_001,500,280,0,280,0,2,278
19_033_001,342,267,0,266,-1,6,260
19_035_001,102,77,0,77,0,1,76
19_036_001,348,217,0,217,0,6,211
19_037_001,553,392,1,392,0,5,387
19_038_001,830,314,0,314,0,7,307
19_038_002,815,317,0,317,0,5,312
19_038_003,821,298,0,298,0,2,296
19_038_004,917,454,0,454,0,4,450
19_038_005,588,285,0,285,0,3,282
19_038_006,566,336,0,336,0,6,330
19_039_001,221,185,0,185,0,7,178
19_040_001,164,104,0,104,0,2,102
19_041_001,75,68,0,68,0,1,67
19_042_001,301,205,0,205,0,5,200
19_043_001,600,421,0,421,0,3,418
19_044_001,651,463,0,463,0,6,457
19_044_002,621,395,0,395,0,24,371
19_044_003,704,398,0,398,0,18,380
19_044_004,271,74,0,74,0,1,73
19_044_005,54,46,0,46,0,0,46
19_045_001,655,292,0,292,0,8,284
19_046_001,241,184,0,184,0,6,178
19_047_001,408,280,0,280,0,1,279
19_048_001,754,547,0,548,1,31,517
19_048_002,751,586,0,585,-1,6,579
19_049_001,829,508,0,508,0,10,498
19_049_002,934,644,0,640,-4,18,622
19_050_001,752,430,0,429,-1,10,419
19_051_001,497,330,0,330,0,16,314
19_052_001,338,166,0,166,0,1,165
19_053_001,324,234,0,234,0,9,225
19_054_001,335,213,0,213,0,6,207
19_055_001,901,449,0,448,-1,7,441
19_055_002,907,450,0,450,0,5,445
19_055_003,830,490,0,490,0,9,481
19_055_004,850,464,0,464,0,14,450
19_056_001,372,227,0,225,-2,6,219
19_057_001,231,176,0,176,0,4,172
19_058_001,246,183,0,183,0,2,181
19_059_001,694,425,0,425,0,9,416
19_059_002,675,419,0,419,0,6,413
19_060_001,192,168,0,168,0,1,167
19_061_001,401,185,0,185,0,0,185
19_062_001,464,363,0,363,0,5,358
19_063_001,337,252,0,252,0,6,246
19_064_001,825,588,0,588,0,9,579
19_064_002,788,537,0,537,0,4,533
19_065_001,206,159,0,159,0,1,158
19_066_001,310,231,0,231,0,2,229
19_067_001,289,164,0,164,0,3,161
19_068_001,588,411,0,412,1,19,393
19_069_001,280,204,0,204,0,2,202
19_070_001,576,357,0,356,-1,7,349
19_071_001,909,490,0,491,1,17,474
19_071_002,715,374,0,374,0,6,368
19_071_003,794,267,0,267,0,5,262
19_072_001,927,534,0,534,0,12,522
19_073_001,542,374,0,374,0,7,367
19_074_001,149,112,0,112,0,0,112
19_075_001,226,164,0,164,0,1,163
19_076_001,726,524,0,522,-2,7,515
19_076_002,757,511,0,511,0,9,502
19_076_003,683,463,0,463,0,13,450
19_076_004,712,453,0,453,0,4,449
19_077_001,80,62,0,62,0,5,57
19_078_001,377,290,0,290,0,6,284
19_079_001,544,371,1,370,-1,9,361
19_080_001,77,71,0,71,0,4,67
19_081_001,275,202,0,202,0,7,195
19_082_001,572,406,0,406,0,5,401
19_083_001,282,191,0,190,-1,7,183
19_084_001,350,262,0,262,0,1,261
19_085_001,227,185,0,185,0,2,183
19_086_001,645,390,0,390,0,6,384
19_087_001,407,313,0,313,0,4,309
19_088_001,385,274,0,274,0,5,269
19_089_001,507,311,0,311,0,6,305
19_090_001,430,278,0,278,0,7,271
19_091_001,60,54,0,53,-1,3,50
19_092_001,391,260,0,260,0,3,257
19_093_001,299,212,0,212,0,8,204
19_094_001,87,64,0,64,0,6,58
19_095_001,90,67,0,67,0,1,66
19_096_001,995,665,0,665,0,11,654
19_097_001,64,37,0,37,0,0,37
19_098_001,97,68,0,68,0,2,66
19_099_001,571,313,0,313,0,7,306
19_100_001,282,162,0,161,-1,3,158
19_101_001,570,395,0,395,0,12,383
19_102_001,351,233,0,233,0,4,229
19_103_001,578,380,0,380,0,12,368
19_104_001,439,301,0,301,0,11,290
19_105_001,240,133,0,133,0,1,132
19_106_001,763,450,0,447,-3,2,445
19_107_001,753,353,0,353,0,4,349
19_108_001,859,585,0,585,0,10,575
19_108_002,898,577,0,577,0,12,565
19_109_001,440,313,0,313,0,14,299
19_110_001,929,630,0,630,0,16,614
19_111_001,368,261,0,261,0,5,256
19_112_001,398,227,0,227,0,3,224
19_113_001,1074,741,0,740,-1,28,712
19_114_001,433,288,0,288,0,6,282
19_115_001,305,238,0,238,0,9,229
19_116_001,408,289,0,289,0,7,282
19_116_002,205,148,0,148,0,4,144
19_117_001,628,397,0,397,0,7,390
19_117_002,761,552,0,552,0,5,547
19_118_001,24,10,0,10,0,0,10
19_119_001,226,144,0,142,-2,2,140
19_120_001,770,466,0,466,0,12,454
19_121_001,598,426,0,426,0,9,417
19_122_001,201,159,0,159,0,5,154
19_123_001,898,535,0,535,0,4,531
19_124_001,91,62,0,62,0,2,60
19_125_001,516,349,0,349,0,15,334
19_126_001,418,233,0,232,-1,4,228
19_127_001,259,151,0,151,0,0,151
19_128_001,936,571,0,571,0,18,553
19_129_001,450,357,0,355,-2,10,345
19_130_001,215,123,0,123,0,5,118
19_131_001,430,314,0,314,0,10,304
19_132_001,812,549,0,549,0,10,539
19_132_002,640,368,0,368,0,4,364
19_133_001,518,345,0,345,0,5,340
19_134_001,806,516,0,516,0,16,500
19_135_001,300,202,0,202,0,4,198
19_136_001,715,501,0,500,-1,11,489
19_137_001,823,425,0,425,0,3,422
19_137_002,807,545,0,545,0,6,539
19_137_003,790,490,0,490,0,8,482
19_138_001,283,191,0,191,0,4,187
19_139_001,100,86,0,86,0,2,84
19_140_001,797,492,0,491,-1,8,483
19_141_001,164,139,0,139,0,5,134
19_142_001,720,448,0,448,0,3,445
19_143_001,795,444,0,444,0,7,437
19_143_002,696,415,0,414,-1,13,401
19_144_001,843,606,0,606,0,10,596
19_145_001,119,87,0,87,0,7,80
19_146_001,46,29,0,29,0,1,28
19_147_001,157,92,0,92,0,4,88
19_148_001,142,112,0,112,0,3,109
19_149_001,1032,611,0,610,-1,5,605
19_149_002,807,421,0,420,-1,6,414
19_150_001,860,480,0,480,0,9,471
19_150_002,738,439,0,439,0,8,431
19_151_001,490,378,0,378,0,3,375
19_152_001,1058,548,0,548,0,20,528
19_152_002,177,100,0,100,0,2,98
19_153_001,788,440,0,440,0,6,434
19_153_002,691,373,0,373,0,7,366
19_153_003,734,335,0,335,0,1,334
19_153_004,674,423,0,423,0,4,419
19_153_005,711,501,0,501,0,2,499
19_153_006,905,499,0,499,0,4,495
19_153_007,891,533,0,532,-1,5,527
19_153_008,628,425,0,425,0,4,421
19_153_009,587,426,0,426,0,4,422
19_153_010,874,603,0,603,0,4,599
19_153_011,930,648,0,648,0,10,638
19_153_012,584,392,0,392,0,2,390
19_153_013,644,380,0,380,0,0,380
19_153_014,696,385,0,384,-1,4,380
19_153_015,1017,583,0,583,0,4,579
19_153_016,931,484,0,483,-1,11,472
19_153_017,596,373,0,372,-1,1,371
19_153_018,771,380,0,380,0,2,378
19_153_019,633,437,0,437,0,8,429
19_153_020,360,228,0,228,0,3,225
19_153_021,677,451,0,451,0,0,451
19_153_022,609,391,0,391,0,3,388
19_153_023,921,605,0,603,-2,7,596
19_153_024,754,452,0,452,0,5,447
19_153_025,646,400,0,400,0,5,395
19_153_026,621,362,0,362,0,5,357
19_153_027,652,391,0,390,-1,3,387
19_153_028,804,467,0,466,-1,2,464
19_153_029,804,422,0,422,0,2,420
19_153_030,898,413,0,412,-1,2,410
19_153_031,675,449,0,449,0,3,446
19_154_001,233,190,0,190,0,4,186
19_155_001,455,260,0,260,0,5,255
19_156_001,276,187,0,187,0,2,185
19_157_001,940,567,0,566,-1,19,547
19_158_001,504,367,0,367,0,4,363
19_159_001,285,224,0,224,0,0,224
19_160_001,1058,600,1,599,-1,6,593
19_160_002,725,363,0,363,0,3,360
19_160_003,790,480,0,480,0,10,470
19_160_004,1066,524,0,523,-1,6,517
19_161_001,382,310,0,310,0,8,302
19_162_001,149,98,0,98,0,1,97
19_163_001,305,156,0,156,0,5,151
19_164_001,215,152,0,152,0,9,143
19_165_001,1051,727,0,727,0,12,715
19_166_001,160,108,0,108,0,5,103
19_167_001,69,50,0,50,0,2,48
19_168_001,228,144,0,144,0,4,140
19_169_001,235,143,0,143,0,4,139
19_170_001,523,407,0,407,0,16,391
19_171_001,852,460,0,459,-1,10,449
19_172_001,74,53,0,53,0,4,49
19_173_001,436,320,0,320,0,4,316
19_174_001,736,462,0,461,-1,7,454
19_174_002,589,383,0,383,0,6,377
19_174_003,540,311,0,311,0,7,304
19_174_004,706,435,0,435,0,3,432
19_174_005,632,440,0,440,0,10,430
19_174_006,787,514,0,513,-1,11,502
19_174_007,698,393,1,393,0,10,383
19_175_001,500,329,0,329,0,7,322
19_176_001,397,284,0,284,0,1,283
19_177_001,372,187,0,187,0,0,187
19_178_001,188,159,0,159,0,2,157
19_179_001,795,375,0,374,-1,10,364
19_179_002,673,372,0,371,-1,6,365
19_179_003,710,350,0,350,0,5,345
19_180_001,146,97,0,97,0,4,93
19_181_001,98,71,0,71,0,0,71
19_182_001,842,468,0,468,0,7,461
19_182_002,839,506,0,506,0,14,492
19_183_001,781,499,0,498,-1,11,487
19_184_001,341,211,0,211,0,11,200
19_185_001,82,67,0,67,0,3,64
19_186_001,662,444,0,444,0,12,432
19_187_001,526,373,0,373,0,8,365
19_188_001,858,585,0,584,-1,5,579
19_188_002,879,491,0,491,0,6,485
19_188_003,1081,580,0,579,-1,9,570
19_188_004,733,429,0,429,0,7,422
19_188_005,841,543,0,543,0,5,538
19_188_006,752,481,0,481,0,6,475
19_188_007,810,483,0,483,0,10,473
19_188_008,773,541,1,539,-2,4,535
19_188_009,714,445,1,444,-1,4,440
19_188_010,910,504,0,503,-1,4,499
19_188_011,729,395,0,395,0,10,385
19_188_012,812,556,0,555,-1,5,550
19_188_013,744,500,0,499,-1,2,497
19_188_014,665,460,0,460,0,1,459
19_188_015,718,493,0,492,-1,9,483
19_189_001,716,503,0,503,0,6,497
19_190_001,1197,902,0,899,-3,7,892
19_191_001,1109,618,1,617,-1,16,601
19_192_001,464,288,0,288,0,4,284
19_193_001,1031,630,0,630,0,9,621
19_194_001,256,142,0,142,0,5,137
19_195_001,268,219,0,219,0,6,213
19_196_001,849,481,0,481,0,14,467
19_196_002,775,489,0,489,0,7,482
19_197_001,430,295,0,295,0,9,286
19_198_001,635,400,0,400,0,5,395
19_198_002,623,403,0,402,-1,6,396
19_199_001,155,117,0,117,0,2,115
19_200_001,1079,575,0,576,1,23,553
19_201_001,758,368,0,367,-1,7,360
19_201_002,882,405,0,405,0,3,402
19_201_003,729,430,0,430,0,5,425
19_201_004,903,516,0,516,0,8,508
19_201_005,1064,615,0,615,0,6,609
19_201_006,1022,574,0,572,-2,7,565
19_201_007,701,377,0,377,0,1,376
19_201_008,708,415,0,414,-1,4,410
19_201_009,663,390,0,390,0,2,388
19_201_010,668,322,0,321,-1,0,321
19_201_011,771,372,0,371,-1,4,367
19_201_012,711,362,0,361,-1,5,356
19_201_013,879,438,0,439,1,17,422
19_201_014,1105,683,0,682,-1,8,674
19_201_015,1106,656,1,655,-1,6,649
19_201_016,974,506,0,506,0,2,504
19_201_017,798,464,0,466,2,28,438
19_201_018,731,431,0,431,0,2,429
19_201_019,774,273,0,273,0,5,268
19_202_001,242,200,0,200,0,3,197
19_203_001,923,477,0,477,0,2,475
19_203_002,723,440,0,440,0,2,438
19_203_003,692,466,0,466,0,4,462
19_203_004,1132,774,0,774,0,6,768
19_203_005,776,559,0,559,0,1,558
19_203_006,661,464,0,464,0,4,460
19_203_007,784,567,0,566,-1,6,560
19_203_008,1004,697,1,696,-1,6,690
19_203_009,748,450,0,450,0,2,448
19_203_010,790,498,0,497,-1,4,493
19_203_011,882,641,0,639,-2,5,634
19_203_012,783,456,0,456,0,2,454
19_203_013,1081,739,0,739,0,3,736
19_203_014,737,515,0,513,-2,4,509
19_203_015,523,313,0,312,-1,1,311
19_203_016,610,352,0,352,0,6,346
19_203_017,558,396,0,396,0,0,396
19_203_018,652,427,0,427,0,3,424
19_203_019,632,455,0,455,0,6,449
19_203_020,638,477,0,477,0,5,472
19_203_021,799,556,0,556,0,3,553
19_203_022,698,379,0,379,0,1,378
19_203_023,736,458,0,458,0,7,451
19_203_024,976,606,0,606,0,4,602
19_203_025,1021,632,0,632,0,5,627
19_203_026,942,578,0,578,0,4,574
19_203_027,998,641,0,641,0,2,639
19_203_028,568,276,0,275,-1,3,272
19_203_029,740,508,0,506,-2,5,501
19_203_030,698,476,0,476,0,5,471
19_203_031,982,675,0,675,0,4,671
19_203_032,903,630,0,627,-3,0,627
19_203_033,606,303,0,303,0,3,300
19_203_034,866,456,0,456,0,4,452
19_203_035,794,435,1,436,1,13,423
19_203_036,777,391,0,391,0,3,388
19_203_037,560,274,0,274,0,3,271
19_203_038,711,365,0,365,0,3,362
19_203_039,612,322,0,322,0,0,322
19_203_040,817,456,0,456,0,1,455
19_203_041,520,236,0,236,0,2,234
19_203_042,585,311,0,311,0,2,309
19_203_043,702,350,0,349,-1,2,347
19_203_044,860,421,0,420,-1,1,419
19_203_045,699,381,0,381,0,0,381
19_203_046,566,316,0,315,-1,0,315
19_203_047,539,338,0,337,-1,1,336
19_203_048,426,279,0,279,0,3,276
19_203_049,729,458,0,457,-1,3,454
19_203_050,1154,723,0,723,0,2,721
19_203_051,845,509,0,508,-1,1,507
19_203_052,222,147,0,147,0,0,147
19_203_053,1228,773,0,773,0,2,771
19_203_054,799,534,0,534,0,4,530
19_203_055,733,473,0,473,0,2,471
19_203_056,735,433,0,433,0,3,430
19_204_001,205,161,0,161,0,6,155
19_205_001,229,168,0,168,0,11,157
19_206_001,89,55,0,55,0,0,55
19_207_001,150,100,0,100,0,3,97
19_208_001,577,350,0,350,0,11,339
19_209_001,182,154,0,154,0,6,148
19_210_001,111,108,0,107,-1,3,104
19_211_001,211,154,0,154,0,3,151
19_212_001,341,177,1,177,0,6,171
19_213_001,1018,612,0,612,0,13,599
19_214_001,50,31,0,31,0,0,31
19_215_001,126,107,0,107,0,0,107
19_216_001,846,605,0,604,-1,19,585
19_217_001,704,426,0,426,0,9,417
19_217_002,689,367,0,366,-1,4,362
19_217_003,733,439,0,439,0,10,429
19_217_004,713,419,0,417,-2,4,413
19_217_005,806,523,0,522,-1,0,522
19_217_006,673,405,1,404,-1,3,401
19_217_007,958,628,0,628,0,2,626
19_218_001,1037,765,0,765,0,18,747
20_001_001,332,253,0,253,0,4,249
20_002_001,60,51,0,51,0,0,51
20_003_001,539,377,0,377,0,11,366
20_004_001,1203,812,0,812,0,11,801
20_005_001,250,150,0,150,0,4,146
20_006_001,45,44,0,44,0,1,43
20_007_001,432,251,0,251,0,5,246
20_008_001,28,27,0,27,0,0,27
20_009_001,972,523,0,523,0,7,516
20_010_001,641,415,0,415,0,0,415
20_010_002,641,420,0,420,0,7,413
20_011_001,284,187,0,187,0,5,182
20_012_001,1101,832,0,829,-3,11,818
20_013_001,355,236,0,236,0,6,230
20_014_001,99,71,0,71,0,1,70
20_015_001,291,166,0,166,0,9,157
20_016_001,468,336,0,336,0,8,328
20_017_001,452,309,0,309,0,8,301
20_017_002,102,69,0,69,0,1,68
20_018_001,604,312,0,312,0,2,310
20_018_002,567,365,0,365,0,4,361
20_018_003,460,256,0,256,0,4,252
20_019_001,629,420,0,420,0,4,416
20_020_001,557,349,0,349,0,13,336
20_021_001,106,100,0,98,-2,4,94
20_022_001,112,101,0,101,0,2,99
20_023_001,934,578,0,578,0,7,571
20_024_001,232,94,0,94,0,2,92
20_025_001,281,230,0,230,0,2,228
20_026_001,551,365,0,365,0,2,363
20_027_001,216,114,0,114,0,2,112
20_028_001,215,150,0,150,0,3,147
20_029_001,45,43,0,43,0,1,42
20_030_001,36,22,0,22,0,0,22
20_031_001,570,438,0,438,0,2,436
20_032_001,176,139,0,139,0,6,133
20_033_001,126,68,0,68,0,2,66
20_034_001,424,276,0,276,0,1,275
20_035_001,798,525,0,525,0,7,518
20_035_002,942,603,0,602,-1,7,595
20_035_003,815,559,0,559,0,7,552
20_036_001,28,15,0,15,0,0,15
20_037_001,679,522,0,522,0,9,513
20_038_001,276,208,0,208,0,3,205
20_039_001,59,52,0,52,0,3,49
20_040_001,485,274,0,274,0,3,271
20_041_001,299,197,0,197,0,2,195
20_042_001,350,254,0,254,0,4,250
20_043_001,122,85,0,85,0,2,83
20_044_001,129,111,0,111,0,7,104
20_045_001,69,44,0,44,0,0,44
20_046_001,27,21,0,21,0,0,21
20_047_001,253,207,0,207,0,4,203
20_048_001,848,505,0,505,0,4,501
20_049_001,531,371,0,370,-1,9,361
20_050_001,341,214,0,214,0,2,212
20_051_001,574,406,0,406,0,10,396
20_052_001,605,439,0,438,-1,8,430
20_053_001,15,15,0,15,0,0,15
20_054_001,526,247,0,247,0,2,245
20_055_001,107,80,0,80,0,2,78
20_056_001,922,475,0,472,-3,8,464
20_057_001,516,336,0,336,0,12,324
20_058_001,51,47,0,47,0,1,46
20_059_001,762,530,0,530,0,8,522
20_059_002,461,315,0,315,0,3,312
20_060_001,850,589,0,589,0,14,575
20_061_001,201,117,0,117,0,3,114
20_062_001,72,58,0,58,0,0,58
20_063_001,52,44,0,44,0,4,40
20_064_001,51,32,0,32,0,1,31
20_065_001,236,192,0,192,0,5,187
20_066_001,603,415,0,415,0,6,409
20_066_002,184,97,0,97,0,0,97
20_067_001,1097,609,0,608,-1,6,602
20_067_002,1070,696,0,693,-3,5,688
20_067_003,998,574,0,574,0,1,573
20_068_001,58,34,0,34,0,0,34
20_069_001,244,191,0,191,0,3,188
20_070_001,335,159,0,159,0,4,155
20_070_002,411,230,0,230,0,5,225
20_070_003,97,59,0,59,0,0,59
20_071_001,79,71,0,71,0,2,69
20_072_001,763,549,0,550,1,19,531
20_072_002,654,416,0,417,1,12,405
20_072_003,781,534,0,534,0,2,532
20_072_004,699,502,0,501,-1,10,491
20_072_005,952,681,0,681,0,13,668
20_073_001,212,105,0,105,0,1,104
20_074_001,141,109,0,109,0,3,106
20_075_001,278,207,0,207,0,2,205
20_076_001,17,17,0,17,0,0,17
20_077_001,225,161,0,161,0,8,153
20_078_001,164,121,0,121,0,1,120
20_079_001,79,61,0,61,0,0,61
20_080_001,555,366,0,366,0,7,359
20_081_001,106,89,0,89,0,1,88
20_082_001,96,73,0,73,0,2,71
20_083_001,188,135,0,135,0,3,132
20_084_001,628,426,0,426,0,8,418
20_084_002,286,211,0,211,0,0,211
20_085_001,390,206,0,206,0,4,202
20_086_001,70,45,0,45,0,0,45
20_087_001,192,101,0,101,0,3,98
20_088_001,231,156,0,156,0,4,152
20_089_001,110,100,0,100,0,2,98
20_090_001,97,78,0,78,0,2,76
20_091_001,178,137,0,135,-2,1,134
20_092_001,136,108,0,108,0,1,107
20_093_001,879,518,0,518,0,2,516
20_093_002,722,399,0,399,0,3,396
20_093_003,894,488,0,488,0,2,486
20_093_004,905,601,0,600,-1,4,596
20_093_005,880,575,0,573,-2,6,567
20_093_006,1088,648,0,647,-1,2,645
20_093_007,558,334,0,334,0,0,334
20_093_008,782,510,0,511,1,18,493
20_093_009,698,442,0,442,0,3,439
20_093_010,944,603,0,603,0,4,599
20_093_011,994,641,0,641,0,5,636
20_093_012,788,534,0,534,0,2,532
20_093_013,919,548,0,546,-2,3,543
20_093_014,1012,498,0,498,0,3,495
20_093_015,952,501,0,499,-2,6,493
20_093_016,983,524,0,524,0,3,521
20_093_017,999,636,0,634,-2,2,632
20_094_001,178,131,0,131,0,4,127
20_095_001,369,292,0,291,-1,5,286
20_096_001,138,119,0,119,0,5,114
20_097_001,151,111,0,111,0,6,105
20_098_001,161,123,0,123,0,0,123
20_099_001,230,184,0,184,0,2,182
20_100_001,142,83,0,82,-1,1,81
20_101_001,134,75,0,75,0,3,72
20_102_001,129,97,0,97,0,3,94
20_103_001,129,126,0,125,-1,5,120
20_104_001,25,25,0,25,0,1,24
20_105_001,378,295,0,295,0,10,285
20_106_001,62,53,0,53,0,1,52
20_107_001,379,261,0,261,0,1,260
20_108_001,43,19,0,19,0,0,19
20_109_001,27,23,0,23,0,2,21
20_110_001,71,58,0,58,0,2,56
20_111_001,971,644,0,644,0,5,639
20_111_002,901,652,0,652,0,5,647
20_111_003,595,444,0,444,0,6,438
20_111_004,742,497,0,497,0,8,489
20_111_005,579,408,0,408,0,2,406
20_111_006,903,678,0,677,-1,5,672
20_111_007,430,307,0,307,0,5,302
20_111_008,269,204,0,204,0,0,204
20_111_009,256,174,0,174,0,1,173
20_111_010,215,162,0,162,0,7,155
20_111_011,132,82,0,82,0,2,80
20_112_001,642,387,0,387,0,4,383
20_112_002,764,446,0,445,-1,6,439
20_112_003,754,463,0,463,0,10,453
20_112_004,607,322,0,322,0,17,305
20_112_005,488,322,0,321,-1,8,313
20_113_001,157,99,0,99,0,0,99
20_114_001,53,47,0,47,0,1,46
20_115_001,64,38,0,38,0,0,38
20_115_002,146,104,0,104,0,2,102
20_116_001,298,172,0,172,0,4,168
20_117_001,930,604,0,603,-1,11,592
20_118_001,63,53,0,49,-4,0,49
20_119_001,212,121,0,120,-1,2,118
20_120_001,362,241,0,241,0,1,240
20_121_001,75,65,0,65,0,3,62
20_122_001,71,66,0,66,0,1,65
20_123_001,567,342,0,342,0,6,336
20_124_001,295,211,0,211,0,6,205
20_125_001,224,145,0,145,0,1,144
20_126_001,258,199,0,199,0,3,196
20_127_001,223,156,0,156,0,3,153
20_128_001,572,341,0,341,0,3,338
20_129_001,808,416,0,415,-1,7,408
20_129_002,531,250,0,250,0,4,246
20_130_001,186,111,0,111,0,3,108
20_131_001,176,138,0,138,0,6,132
20_131_002,90,69,0,69,0,0,69
20_131_003,90,62,0,62,0,0,62
20_132_001,325,190,0,190,0,1,189
20_133_001,148,98,0,98,0,3,95
20_134_001,827,537,0,537,0,1,536
20_134_002,1038,704,0,703,-1,3,700
20_134_003,769,426,0,426,0,1,425
20_134_004,1122,592,0,589,-3,1,588
20_134_005,973,599,1,602,3,33,569
20_134_006,984,580,0,580,0,2,578
20_134_007,634,367,0,367,0,0,367
20_134_008,923,464,0,464,0,2,462
20_134_009,1099,619,0,617,-2,4,613
20_134_010,982,607,0,603,-4,7,596
20_134_011,782,495,0,496,1,11,485
20_134_012,763,429,0,432,3,29,403
20_134_013,866,573,0,573,0,3,570
20_134_014,968,504,0,504,0,4,500
20_134_015,1091,646,0,644,-2,1,643
20_134_016,847,247,0,247,0,0,247
20_134_017,226,96,0,96,0,0,96
20_134_018,990,590,0,590,0,3,587
20_134_019,908,457,0,457,0,4,453
20_134_020,772,405,0,404,-1,1,403
20_134_021,745,381,0,379,-2,6,373
20_134_022,967,510,0,510,0,5,505
20_134_023,1012,538,0,537,-1,3,534
20_134_024,698,386,0,385,-1,1,384
20_134_025,753,373,0,373,0,6,367
20_134_026,1157,534,1,533,-1,5,528
20_134_027,1143,632,0,632,0,0,632
20_134_028,1044,547,0,546,-1,3,543
20_134_029,1053,575,0,575,0,2,573
20_134_030,925,449,0,448,-1,8,440
20_134_031,699,420,0,420,0,1,419
20_134_032,805,555,0,554,-1,2,552
20_134_033,880,540,0,539,-1,3,536
20_134_034,1205,758,0,764,6,63,701
20_134_035,1171,681,0,681,0,5,676
20_134_036,494,249,0,249,0,1,248
20_134_037,807,494,0,493,-1,3,490
20_134_038,855,500,0,500,0,3,497
20_134_039,1109,641,0,639,-2,1,638
20_134_040,1078,580,0,579,-1,3,576
20_135_001,708,423,0,423,0,8,415
20_136_001,357,267,0,267,0,3,264
20_137_001,413,262,0,262,0,4,258
20_138_001,442,263,0,263,0,5,258
20_139_001,366,243,0,243,0,7,236
20_140_001,901,598,0,598,0,6,592
20_141_001,393,225,0,225,0,4,221
20_142_001,562,341,0,341,0,4,337
20_143_001,213,140,0,140,0,3,137
20_144_001,111,92,0,92,0,1,91
20_145_001,220,177,0,177,0,4,173
20_146_001,254,190,0,189,-1,4,185
20_147_001,235,152,0,152,0,1,151
20_148_001,209,119,0,119,0,3,116
20_149_001,161,121,0,121,0,3,118
20_150_001,607,452,0,452,0,5,447
20_151_001,171,126,0,126,0,10,116
20_152_001,86,52,0,52,0,1,51
20_153_001,90,76,0,76,0,4,72
20_154_001,292,184,0,184,0,5,179
20_155_001,93,64,0,64,0,3,61
20_156_001,142,119,0,119,0,2,117
20_157_001,434,310,0,309,-1,8,301
20_158_001,625,392,0,392,0,6,386
20_158_002,639,475,0,475,0,8,467
20_159_001,97,68,0,68,0,1,67
20_160_001,683,434,0,434,0,6,428
20_161_001,138,105,0,105,0,5,100
20_162_001,760,524,0,524,0,4,520
20_162_002,105,58,0,58,0,1,57
20_163_001,128,103,0,103,0,4,99
20_164_001,342,168,0,168,0,2,166
20_165_001,287,225,0,225,0,4,221
20_166_001,290,215,0,215,0,9,206
20_167_001,763,473,0,473,0,2,471
20_168_001,215,172,0,172,0,3,169
20_169_001,631,384,0,384,0,2,382
20_170_001,292,136,0,136,0,3,133
20_171_001,46,35,0,35,0,0,35
20_172_001,219,184,0,184,0,4,180
20_173_001,17,17,0,17,0,0,17
20_174_001,135,109,0,105,-4,4,101
20_175_001,424,304,0,304,0,4,300
20_176_001,459,384,0,384,0,11,373
20_177_001,23,17,0,17,0,1,16
20_178_001,220,166,0,166,0,6,160
20_179_001,1064,577,0,577,0,13,564
20_180_001,785,541,1,540,-1,4,536
20_181_001,328,200,0,200,0,7,193
20_182_001,489,331,0,331,0,3,328
20_183_001,315,134,0,134,0,5,129
20_184_001,611,361,0,361,0,3,358
20_185_001,772,463,1,460,-3,2,458
20_185_002,720,425,0,423,-2,3,420
20_186_001,463,259,0,259,0,2,257
20_187_001,53,39,0,39,0,0,39
20_188_001,661,457,0,457,0,9,448
20_189_001,545,304,0,304,0,6,298
20_189_002,643,387,0,387,0,4,383
20_190_001,473,388,0,389,1,26,363
20_191_001,458,348,0,348,0,4,344
20_192_001,154,125,0,125,0,3,122
20_193_001,297,163,0,163,0,2,161
20_194_001,308,231,0,231,0,8,223
20_195_001,75,67,0,65,-2,0,65
20_196_001,233,164,0,164,0,5,159
20_197_001,67,53,0,53,0,3,50
20_198_001,100,53,0,53,0,4,49
20_199_001,674,291,0,291,0,10,281
20_200_001,591,385,0,385,0,8,377
20_200_002,651,383,0,382,-1,4,378
20_201_001,172,143,0,143,0,1,142
20_202_001,23,23,0,23,0,3,20
20_203_001,151,125,0,125,0,4,121
20_204_001,993,616,0,616,0,3,613
20_205_001,83,72,0,72,0,0,72
20_205_002,49,41,0,41,0,0,41
20_206_001,261,173,0,173,0,5,168
20_207_001,441,254,0,254,0,1,253
20_208_001,543,375,0,375,0,7,368
20_209_001,649,378,0,378,0,2,376
20_210_001,415,269,0,269,0,4,265
20_210_002,486,265,0,265,0,2,263
20_211_001,550,232,0,232,0,8,224
20_211_002,720,413,0,414,1,20,394
20_212_001,783,388,0,387,-1,5,382
20_213_001,51,46,0,46,0,2,44
20_214_001,478,389,0,387,-2,8,379
20_215_001,237,200,0,200,0,1,199
20_215_002,56,45,0,45,0,0,45
20_216_001,102,84,0,84,0,1,83
20_217_001,153,83,0,83,0,3,80
20_218_001,836,544,0,543,-1,4,539
20_219_001,97,89,0,89,0,3,86
20_220_001,63,46,0,46,0,0,46
20_221_001,280,236,0,236,0,5,231
20_222_001,1064,762,0,761,-1,19,742
20_222_002,951,678,0,682,4,42,640
20_223_001,69,51,0,51,0,0,51
20_224_001,154,105,0,105,0,1,104
20_225_001,584,346,0,346,0,6,340
20_225_002,629,405,0,405,0,4,401
20_226_001,500,346,0,346,0,7,339
20_227_001,557,353,0,353,0,8,345
20_228_001,302,201,0,201,0,3,198
20_229_001,806,429,0,429,0,8,421
20_230_001,397,280,0,280,0,6,274
20_231_001,723,415,0,415,0,1,414
20_231_002,901,556,0,556,0,5,551
20_231_003,1123,702,0,701,-1,4,697
20_231_004,1216,751,0,751,0,9,742
20_231_005,748,402,0,402,0,1,401
20_231_006,1296,781,0,783,2,23,760
20_231_007,718,414,0,414,0,5,409
20_231_008,610,347,0,347,0,5,342
20_231_009,929,531,0,531,0,5,526
20_231_010,787,468,0,468,0,2,466
20_231_011,656,386,0,387,1,13,374
20_231_012,923,527,0,526,-1,1,525
20_231_013,1091,672,0,670,-2,2,668
20_231_014,878,485,0,485,0,2,483
20_231_015,835,463,0,463,0,1,462
20_231_016,1095,598,0,598,0,3,595
20_231_017,890,553,0,552,-1,3,549
20_231_018,843,539,0,537,-2,33,504
20_231_019,840,518,0,519,1,14,505
20_231_020,902,561,0,560,-1,5,555
20_231_021,1077,698,0,696,-2,3,693
20_231_022,841,490,0,490,0,4,486
20_231_023,1056,736,0,735,-1,5,730
20_231_024,496,281,1,281,0,1,280
20_231_025,590,359,0,359,0,3,356
20_231_026,1424,878,0,878,0,2,876
20_231_027,867,446,0,446,0,0,446
20_231_028,1340,733,0,733,0,5,728
20_231_029,807,477,0,477,0,1,476
20_231_030,525,229,0,229,0,1,228
20_231_031,603,298,0,298,0,3,295
20_231_032,705,380,0,380,0,2,378
20_231_033,734,385,0,385,0,5,380
20_231_034,887,533,0,533,0,2,531
20_231_035,819,513,0,513,0,0,513
20_231_036,922,548,0,548,0,4,544
20_231_037,961,591,0,590,-1,8,582
20_231_038,782,461,0,461,0,3,458
20_231_039,770,441,0,441,0,3,438
20_231_040,1002,639,0,636,-3,6,630
20_231_041,995,613,0,613,0,3,610
20_231_042,634,391,0,391,0,4,387
20_231_043,871,528,0,528,0,5,523
20_231_044,889,541,0,541,0,9,532
20_231_045,764,411,0,411,0,1,410
20_231_046,764,459,0,459,0,4,455
20_231_047,637,416,0,416,0,1,415
20_231_048,1321,783,0,783,0,6,777
20_231_049,968,600,0,600,0,6,594
20_231_050,678,407,0,406,-1,3,403
20_231_051,628,404,0,404,0,5,399
20_232_001,300,225,0,225,0,2,223
20_233_001,73,56,0,56,0,0,56
20_234_001,301,207,0,207,0,2,205
20_235_001,915,570,0,570,0,6,564
20_235_002,1141,625,0,624,-1,5,619
20_236_001,677,351,0,351,0,7,344
20_236_002,655,382,0,382,0,11,371
20_236_003,718,461,0,461,0,13,448
20_237_001,31,31,0,31,0,0,31
20_238_001,478,298,0,298,0,3,295
20_238_002,535,363,0,363,0,5,358
20_238_003,481,284,0,284,0,5,279
20_238_004,507,294,0,294,0,4,290
20_238_005,198,121,0,121,0,0,121
20_238_006,73,47,0,47,0,0,47
20_239_001,150,118,0,118,0,1,117
20_240_001,112,88,0,88,0,0,88
20_241_001,428,286,0,283,-3,1,282
20_242_001,754,502,0,502,0,14,488
20_243_001,660,469,0,469,0,8,461
20_244_001,607,351,0,351,0,7,344
20_244_002,659,443,0,442,-1,7,435
20_244_003,737,457,0,457,0,3,454
20_244_004,987,620,0,620,0,7,613
20_244_005,459,278,0,278,0,6,272
20_244_006,504,296,0,296,0,2,294
20_244_007,134,72,0,72,0,1,71
20_244_008,262,147,0,147,0,3,144
20_244_009,218,103,0,103,0,1,102
20_244_010,388,235,0,235,0,3,232
20_245_001,345,253,0,253,0,2,251
20_246_001,811,461,0,461,0,3,458
20_247_001,235,161,0,161,0,7,154
20_248_001,385,272,0,272,0,3,269
20_248_002,214,122,0,122,0,1,121
20_249_001,216,164,0,164,0,1,163
20_250_001,62,50,0,50,0,0,50
20_251_001,804,514,0,514,0,7,507
20_252_001,40,37,0,37,0,1,36
20_253_001,483,348,0,348,0,4,344
20_254_001,76,70,0,70,0,4,66
20_255_001,710,432,0,432,0,12,420
20_256_001,282,189,0,189,0,9,180
20_257_001,37,25,0,25,0,0,25
20_258_001,361,216,0,216,0,4,212
