JKV_AZONOSITO,SZAVAZOKOR,VALASZTOPOLGAR,MEGJELENTEK,URNABAN_LEVO,ELTERES,ERVENYTELEN,ERVENYES,TIPUS,ERVENYES_SZAVAZASI_IRATOK,IRATOKBAN_LEVO_SZAVAZOLAP
42505,01_001_001,1001,845,843,-2,5,838,EGYENI,,
42507,01_001_002,976,796,793,-3,7,786,EGYENI,,
42509,01_001_003,1030,677,675,-2,5,670,EGYENI,,
42511,01_001_004,946,722,720,-2,12,708,EGYENI,,
42513,01_001_005,917,740,739,-1,7,732,EGYENI,,
42515,01_001_006,1007,822,819,-3,6,813,EGYENI,,
42517,01_001_007,917,727,725,-2,7,718,EGYENI,,
42519,01_001_008,886,711,710,-1,4,706,EGYENI,,
42521,01_001_009,1030,822,821,-1,9,812,EGYENI,,
42523,01_001_010,934,761,761,0,3,758,EGYENI,,
42525,01_001_011,979,802,800,-2,7,793,EGYENI,,
49549,01_001_012,1026,815,814,-1,7,807,EGYENI,,
49551,01_001_013,1074,857,853,-4,8,845,EGYENI,,
49553,01_001_014,987,799,799,0,8,791,EGYENI,,
49555,01_001_015,964,764,764,0,3,761,EGYENI,,
49557,01_001_016,910,756,756,0,7,749,EGYENI,,
49559,01_001_017,1036,827,827,0,6,821,EGYENI,,
49561,01_001_018,1023,818,810,-8,2,808,EGYENI,,
49563,01_001_019,981,786,785,-1,5,780,EGYENI,,
49565,01_001_020,937,747,745,-2,8,737,EGYENI,,
49567,01_002_001,1072,845,844,-1,7,837,EGYENI,,
49569,01_002_002,932,725,725,0,2,723,EGYENI,,
49571,01_002_003,660,510,510,0,2,508,EGYENI,,
49573,01_002_004,1008,782,782,0,4,778,EGYENI,,
49575,01_002_005,1070,858,858,0,7,851,EGYENI,,
49577,01_002_006,899,744,743,-1,4,739,EGYENI,,
49579,01_002_007,811,688,686,-2,0,686,EGYENI,,
49581,01_002_008,908,748,748,0,2,746,EGYENI,,
49583,01_002_009,837,685,684,-1,5,679,EGYENI,,
49585,01_002_010,4025,3656,3645,-11,23,3622,EGYENI,,
49587,01_002_011,896,525,522,-3,4,518,EGYENI,,
49589,01_002_012,998,850,847,-3,6,841,EGYENI,,
49591,01_002_013,670,542,542,0,3,539,EGYENI,,
49593,01_002_014,862,686,684,-2,5,679,EGYENI,,
49595,01_002_015,774,655,651,-4,4,647,EGYENI,,
49597,01_002_016,886,736,735,-1,1,734,EGYENI,,
49599,01_002_017,835,701,701,0,5,696,EGYENI,,
49601,01_002_018,764,641,641,0,4,637,EGYENI,,
49603,01_002_019,834,694,694,0,4,690,EGYENI,,
49605,01_002_020,819,678,673,-5,2,671,EGYENI,,
49607,01_002_021,865,678,677,-1,3,674,EGYENI,,
49609,01_002_022,835,706,706,0,4,702,EGYENI,,
49611,01_002_023,882,749,748,-1,1,747,EGYENI,,
49613,01_002_024,963,775,775,0,3,772,EGYENI,,
49615,01_002_025,820,679,678,-1,2,676,EGYENI,,
49617,01_002_026,865,762,761,-1,3,758,EGYENI,,
49619,01_002_027,759,612,612,0,1,611,EGYENI,,
49621,01_002_028,706,588,588,0,4,584,EGYENI,,
49623,01_002_029,509,404,404,0,0,404,EGYENI,,
49625,01_002_030,606,486,486,0,2,484,EGYENI,,
49627,01_002_031,1151,921,921,0,20,901,EGYENI,,
49629,01_002_032,948,783,783,0,3,780,EGYENI,,
49631,01_002_033,834,715,715,0,2,713,EGYENI,,
49633,01_002_034,750,569,568,-1,2,566,EGYENI,,
49635,01_002_035,877,727,726,-1,3,723,EGYENI,,
49637,01_002_036,869,732,731,-1,3,728,EGYENI,,
49639,01_002_037,864,720,718,-2,9,709,EGYENI,,
49641,01_002_038,986,824,823,-1,4,819,EGYENI,,
49643,01_002_039,836,707,707,0,4,703,EGYENI,,
49645,01_002_040,844,686,685,-1,2,683,EGYENI,,
49647,01_002_041,794,644,643,-1,2,641,EGYENI,,
49649,01_002_042,760,618,618,0,2,616,EGYENI,,
49651,01_002_043,777,649,645,-4,5,640,EGYENI,,
49653,01_002_044,910,791,779,-12,2,777,EGYENI,,
49655,01_002_045,861,693,691,-2,3,688,EGYENI,,
49657,01_002_046,906,775,774,-1,4,770,EGYENI,,
49659,01_002_047,888,747,746,-1,4,742,EGYENI,,
49661,01_002_048,926,772,770,-2,1,769,EGYENI,,
49663,01_002_049,885,713,712,-1,2,710,EGYENI,,
49665,01_002_050,815,661,661,0,5,656,EGYENI,,
49667,01_002_051,772,650,647,-3,2,645,EGYENI,,
49669,01_002_052,680,543,543,0,3,540,EGYENI,,
49671,01_002_053,710,602,602,0,5,597,EGYENI,,
49673,01_002_054,1075,852,852,0,9,843,EGYENI,,
49675,01_002_055,908,728,726,-2,8,718,EGYENI,,
49677,01_002_056,798,637,635,-2,3,632,EGYENI,,
49679,01_002_057,715,607,606,-1,4,602,EGYENI,,
49681,01_002_058,929,718,716,-2,7,709,EGYENI,,
49683,01_002_059,788,651,650,-1,3,647,EGYENI,,
50065,01_002_060,789,626,625,-1,9,616,EGYENI,,
50067,01_002_061,894,747,747,0,4,743,EGYENI,,
50069,01_002_062,663,519,517,-2,6,511,EGYENI,,
50071,01_002_063,807,655,653,-2,3,650,EGYENI,,
50073,01_002_064,878,697,696,-1,7,689,EGYENI,,
50075,01_002_065,905,694,693,-1,6,687,EGYENI,,
50077,01_002_066,1002,785,782,-3,9,773,EGYENI,,
50079,01_002_067,860,627,624,-3,6,618,EGYENI,,
50081,01_002_068,878,686,682,-4,11,671,EGYENI,,
50083,01_002_069,945,709,709,0,8,701,EGYENI,,
50085,01_002_070,844,672,671,-1,8,663,EGYENI,,
50087,01_002_071,853,704,703,-1,0,703,EGYENI,,
50089,01_002_072,962,760,760,0,11,749,EGYENI,,
50091,01_002_073,969,771,771,0,11,760,EGYENI,,
50093,01_002_074,801,598,598,0,5,593,EGYENI,,
50095,01_003_001,919,741,740,-1,9,731,EGYENI,,
50097,01_003_002,871,683,683,0,2,681,EGYENI,,
50099,01_003_003,956,749,747,-2,7,740,EGYENI,,
50101,01_003_004,958,759,758,-1,4,754,EGYENI,,
50103,01_003_005,853,623,622,-1,7,615,EGYENI,,
50105,01_003_006,975,770,769,-1,2,767,EGYENI,,
50107,01_003_007,916,721,721,0,5,716,EGYENI,,
50109,01_003_008,788,582,582,0,2,580,EGYENI,,
50111,01_003_009,830,652,652,0,5,647,EGYENI,,
50113,01_003_010,843,686,677,-9,3,674,EGYENI,,
50115,01_003_011,989,779,775,-4,3,772,EGYENI,,
50117,01_003_012,938,774,774,0,2,772,EGYENI,,
50119,01_003_013,905,752,750,-2,7,743,EGYENI,,
50121,01_003_014,857,704,703,-1,6,697,EGYENI,,
50123,01_003_015,747,619,619,0,2,617,EGYENI,,
50125,01_003_016,796,672,672,0,3,669,EGYENI,,
50127,01_003_017,826,698,698,0,2,696,EGYENI,,
50129,01_003_018,916,745,745,0,5,740,EGYENI,,
50131,01_003_019,1033,857,854,-3,2,852,EGYENI,,
50133,01_003_020,1013,786,785,-1,2,783,EGYENI,,
50135,01_003_021,784,609,609,0,2,607,EGYENI,,
50137,01_003_022,1022,808,807,-1,4,803,EGYENI,,
50139,01_003_023,829,715,714,-1,1,713,EGYENI,,
50141,01_003_024,793,663,660,-3,5,655,EGYENI,,
50143,01_003_025,776,566,564,-2,8,556,EGYENI,,
50145,01_003_026,778,613,613,0,4,609,EGYENI,,
50147,01_003_027,843,701,699,-2,3,696,EGYENI,,
50149,01_003_028,867,690,690,0,7,683,EGYENI,,
50151,01_003_029,865,677,677,0,8,669,EGYENI,,
50153,01_003_030,909,741,740,-1,2,738,EGYENI,,
50155,01_003_031,870,646,646,0,5,641,EGYENI,,
50157,01_003_032,984,778,777,-1,8,769,EGYENI,,
50159,01_003_033,871,686,680,-6,6,674,EGYENI,,
50161,01_003_034,813,620,620,0,2,618,EGYENI,,
50163,01_003_035,821,605,605,0,10,595,EGYENI,,
50165,01_003_036,815,647,647,0,4,643,EGYENI,,
50167,01_003_037,911,752,752,0,11,741,EGYENI,,
50169,01_003_038,778,605,605,0,6,599,EGYENI,,
50171,01_003_039,811,661,661,0,6,655,EGYENI,,
50173,01_003_040,735,556,556,0,9,547,EGYENI,,
50175,01_003_041,829,617,618,1,19,599,EGYENI,,
50177,01_003_042,717,343,340,-3,3,337,EGYENI,,
50179,01_003_043,1062,799,789,-10,5,784,EGYENI,,
50181,01_003_044,1019,809,805,-4,10,795,EGYENI,,
50183,01_003_045,942,702,701,-1,2,699,EGYENI,,
50185,01_003_046,1053,809,806,-3,7,799,EGYENI,,
50187,01_003_047,2952,2647,2651,4,78,2573,EGYENI,,
50189,01_003_048,818,597,591,-6,6,585,EGYENI,,
50191,01_003_049,868,687,687,0,9,678,EGYENI,,
50193,01_003_050,846,679,678,-1,11,667,EGYENI,,
50195,01_003_051,789,607,607,0,5,602,EGYENI,,
50197,01_003_052,872,699,699,0,6,693,EGYENI,,
50199,01_003_053,710,591,591,0,7,584,EGYENI,,
50581,01_003_054,908,731,730,-1,6,724,EGYENI,,
50583,01_003_055,865,667,666,-1,4,662,EGYENI,,
50585,01_003_056,839,645,644,-1,4,640,EGYENI,,
50587,01_003_057,943,704,704,0,6,698,EGYENI,,
50589,01_003_058,817,604,603,-1,8,595,EGYENI,,
50591,01_003_059,764,671,669,-2,4,665,EGYENI,,
50593,01_003_060,848,669,669,0,6,663,EGYENI,,
50595,01_003_061,866,690,690,0,6,684,EGYENI,,
50597,01_003_062,884,618,616,-2,2,614,EGYENI,,
50599,01_003_063,874,637,634,-3,10,624,EGYENI,,
50601,01_003_064,733,569,567,-2,0,567,EGYENI,,
50603,01_003_065,982,814,805,-9,4,801,EGYENI,,
50605,01_003_066,831,648,645,-3,5,640,EGYENI,,
50607,01_003_067,821,648,647,-1,4,643,EGYENI,,
50609,01_003_068,791,650,650,0,5,645,EGYENI,,
50611,01_003_069,799,649,649,0,3,646,EGYENI,,
50613,01_003_070,871,698,697,-1,4,693,EGYENI,,
50615,01_003_071,917,744,744,0,3,741,EGYENI,,
50617,01_003_072,921,756,756,0,4,752,EGYENI,,
50619,01_003_073,862,727,727,0,6,721,EGYENI,,
50621,01_003_074,891,774,774,0,6,768,EGYENI,,
50623,01_003_075,746,642,640,-2,4,636,EGYENI,,
50625,01_003_076,970,810,809,-1,5,804,EGYENI,,
50627,01_003_077,874,725,724,-1,4,720,EGYENI,,
50629,01_003_078,828,690,689,-1,4,685,EGYENI,,
50631,01_003_079,913,752,752,0,6,746,EGYENI,,
50633,01_003_080,840,694,694,0,3,691,EGYENI,,
50635,01_003_081,899,760,758,-2,5,753,EGYENI,,
50637,01_003_082,998,834,834,0,8,826,EGYENI,,
50639,01_003_083,979,836,836,0,3,833,EGYENI,,
50641,01_003_084,883,725,724,-1,1,723,EGYENI,,
50643,01_003_085,824,645,643,-2,5,638,EGYENI,,
50645,01_003_086,834,590,590,0,6,584,EGYENI,,
50647,01_003_087,921,676,676,0,7,669,EGYENI,,
50649,01_003_088,889,687,685,-2,2,683,EGYENI,,
50651,01_003_089,993,739,738,-1,7,731,EGYENI,,
50653,01_003_090,847,596,596,0,4,592,EGYENI,,
50655,01_003_091,809,618,618,0,5,613,EGYENI,,
50657,01_003_092,1028,743,743,0,10,733,EGYENI,,
50659,01_003_093,911,708,708,0,4,704,EGYENI,,
50661,01_003_094,818,611,605,-6,7,598,EGYENI,,
50663,01_003_095,828,590,590,0,4,586,EGYENI,,
50665,01_003_096,987,719,718,-1,7,711,EGYENI,,
50667,01_003_097,1019,734,734,0,5,729,EGYENI,,
50669,01_003_098,738,506,506,0,3,503,EGYENI,,
50671,01_003_099,967,710,709,-1,1,708,EGYENI,,
50673,01_003_100,884,587,587,0,4,583,EGYENI,,
50675,01_003_101,917,582,582,0,8,574,EGYENI,,
50677,01_003_102,899,641,639,-2,6,633,EGYENI,,
50679,01_003_103,857,656,656,0,3,653,EGYENI,,
50681,01_003_104,804,574,572,-2,7,565,EGYENI,,
50683,01_003_105,776,577,576,-1,5,571,EGYENI,,
50685,01_003_106,850,668,666,-2,7,659,EGYENI,,
50687,01_003_107,805,601,601,0,3,598,EGYENI,,
50689,01_003_108,878,653,653,0,2,651,EGYENI,,
50691,01_003_109,837,624,624,0,4,620,EGYENI,,
50693,01_003_110,821,617,611,-6,11,600,EGYENI,,
50695,01_003_111,782,553,552,-1,4,548,EGYENI,,
50697,01_003_112,850,603,604,1,11,593,EGYENI,,
50699,01_004_001,1157,987,987,0,3,984,EGYENI,,
50701,01_004_002,1135,883,883,0,9,874,EGYENI,,
50703,01_004_003,1161,946,946,0,4,942,EGYENI,,
50705,01_004_004,1261,1057,1057,0,4,1053,EGYENI,,
50707,01_004_005,1235,923,922,-1,7,915,EGYENI,,
50709,01_004_006,1285,1053,1051,-2,4,1047,EGYENI,,
42663,01_004_007,1264,929,929,0,5,924,EGYENI,,
42665,01_004_008,1032,790,790,0,5,785,EGYENI,,
42667,01_004_009,1043,794,792,-2,7,785,EGYENI,,
42669,01_004_010,1181,927,927,0,3,924,EGYENI,,
42671,01_004_011,989,782,782,0,0,782,EGYENI,,
42673,01_004_012,1068,759,759,0,5,754,EGYENI,,
42675,01_004_013,1046,739,738,-1,5,733,EGYENI,,
42677,01_004_014,1036,820,819,-1,3,816,EGYENI,,
42679,01_004_015,945,718,717,-1,2,715,EGYENI,,
42681,01_004_016,1036,812,812,0,0,812,EGYENI,,
42683,01_004_017,1073,908,907,-1,2,905,EGYENI,,
42685,01_004_018,1072,872,872,0,6,866,EGYENI,,
42687,01_004_019,1006,685,685,0,5,680,EGYENI,,
42689,01_004_020,1009,772,772,0,7,765,EGYENI,,
42691,01_004_021,1090,887,887,0,5,882,EGYENI,,
42693,01_004_022,1088,877,877,0,4,873,EGYENI,,
42695,01_004_023,1063,865,866,1,19,847,EGYENI,,
42697,01_004_024,1093,821,821,0,6,815,EGYENI,,
42699,01_004_025,1053,788,787,-1,5,782,EGYENI,,
42701,01_004_026,1112,924,923,-1,2,921,EGYENI,,
42703,01_004_027,1124,910,910,0,4,906,EGYENI,,
42705,01_004_028,1098,895,894,-1,3,891,EGYENI,,
42707,01_004_029,1114,857,857,0,5,852,EGYENI,,
42709,01_004_030,1115,786,785,-1,5,780,EGYENI,,
42711,01_004_031,999,628,627,-1,8,619,EGYENI,,
42713,01_004_032,961,726,725,-1,4,721,EGYENI,,
42715,01_004_033,990,681,681,0,12,669,EGYENI,,
42717,01_004_034,1008,595,595,0,7,588,EGYENI,,
42719,01_004_035,1129,673,673,0,8,665,EGYENI,,
42721,01_004_036,1025,670,670,0,3,667,EGYENI,,
42723,01_004_037,1010,682,681,-1,5,676,EGYENI,,
42725,01_004_038,1076,756,755,-1,1,754,EGYENI,,
42727,01_004_039,984,786,785,-1,3,782,EGYENI,,
42729,01_004_040,942,667,667,0,7,660,EGYENI,,
42731,01_004_041,1060,829,829,0,6,823,EGYENI,,
42733,01_004_042,895,674,674,0,2,672,EGYENI,,
42735,01_004_043,1123,853,853,0,6,847,EGYENI,,
42737,01_004_044,1120,807,807,0,7,800,EGYENI,,
42739,01_004_045,1085,835,835,0,6,829,EGYENI,,
42741,01_004_046,1220,970,968,-2,9,959,EGYENI,,
42743,01_004_047,1000,772,773,1,11,762,EGYENI,,
42745,01_004_048,1053,769,769,0,3,766,EGYENI,,
42747,01_004_049,1249,897,900,3,27,873,EGYENI,,
42749,01_004_050,1274,938,936,-2,5,931,EGYENI,,
42751,01_004_051,1177,701,702,1,20,682,EGYENI,,
42753,01_004_052,963,714,717,3,38,679,EGYENI,,
42755,01_004_053,890,642,642,0,7,635,EGYENI,,
42757,01_004_054,1108,821,821,0,5,816,EGYENI,,
42759,01_004_055,1119,822,822,0,3,819,EGYENI,,
42761,01_004_056,1037,788,778,-10,4,774,EGYENI,,
42763,01_004_057,975,735,735,0,6,729,EGYENI,,
42765,01_004_058,1272,921,921,0,2,919,EGYENI,,
42767,01_004_059,1017,711,710,-1,5,705,EGYENI,,
42769,01_004_060,1146,803,803,0,3,800,EGYENI,,
42771,01_004_061,1176,839,838,-1,3,835,EGYENI,,
42773,01_004_062,986,683,680,-3,6,674,EGYENI,,
42775,01_004_063,1325,787,778,-9,7,771,EGYENI,,
42777,01_004_064,3424,2962,2958,-4,30,2928,EGYENI,,
42779,01_004_065,1020,732,730,-2,6,724,EGYENI,,
42781,01_004_066,1146,843,841,-2,13,828,EGYENI,,
42783,01_004_067,1106,824,824,0,11,813,EGYENI,,
43175,01_004_068,1136,799,800,1,17,783,EGYENI,,
43177,01_004_069,1195,855,855,0,8,847,EGYENI,,
43179,01_004_070,1115,796,796,0,4,792,EGYENI,,
43181,01_005_001,869,642,640,-2,9,631,EGYENI,,
43183,01_005_002,770,554,553,-1,6,547,EGYENI,,
43185,01_005_003,717,542,541,-1,9,532,EGYENI,,
43187,01_005_004,885,702,702,0,9,693,EGYENI,,
43189,01_005_005,922,676,673,-3,8,665,EGYENI,,
43191,01_005_006,782,585,584,-1,6,578,EGYENI,,
43193,01_005_007,847,618,617,-1,5,612,EGYENI,,
43195,01_005_008,4931,4371,4364,-7,82,4282,EGYENI,,
43197,01_005_009,887,680,674,-6,13,661,EGYENI,,
43199,01_005_010,524,377,377,0,7,370,EGYENI,,
43201,01_005_011,682,430,429,-1,15,414,EGYENI,,
43203,01_005_012,956,712,712,0,13,699,EGYENI,,
43205,01_005_013,898,668,667,-1,3,664,EGYENI,,
43207,01_005_014,958,712,712,0,8,704,EGYENI,,
43209,01_005_015,869,651,651,0,15,636,EGYENI,,
43211,01_005_016,820,611,610,-1,9,601,EGYENI,,
43213,01_005_017,792,606,606,0,9,597,EGYENI,,
43215,01_005_018,836,641,641,0,13,628,EGYENI,,
43217,01_005_019,853,673,673,0,8,665,EGYENI,,
43219,01_005_020,946,722,721,-1,10,711,EGYENI,,
43221,01_005_021,951,714,709,-5,3,706,EGYENI,,
43223,01_006_001,818,574,574,0,5,569,EGYENI,,
43225,01_006_002,669,450,450,0,1,449,EGYENI,,
43227,01_006_003,737,510,510,0,6,504,EGYENI,,
43229,01_006_004,782,544,544,0,8,536,EGYENI,,
43231,01_006_005,831,567,567,0,1,566,EGYENI,,
43233,01_006_006,704,463,464,1,10,454,EGYENI,,
43235,01_006_007,755,498,498,0,8,490,EGYENI,,
43237,01_006_008,672,457,457,0,0,457,EGYENI,,
43239,01_006_009,729,475,474,-1,4,470,EGYENI,,
43241,01_006_010,717,503,503,0,1,502,EGYENI,,
43243,01_006_011,747,539,537,-2,7,530,EGYENI,,
43245,01_006_012,842,588,586,-2,3,583,EGYENI,,
43247,01_006_013,849,558,558,0,2,556,EGYENI,,
43249,01_006_014,902,611,611,0,5,606,EGYENI,,
43251,01_006_015,919,654,654,0,6,648,EGYENI,,
43253,01_006_016,932,627,626,-1,3,623,EGYENI,,
43255,01_006_017,932,614,614,0,6,608,EGYENI,,
43257,01_006_018,977,664,664,0,4,660,EGYENI,,
43259,01_006_019,1018,697,697,0,9,688,EGYENI,,
43261,01_006_020,790,560,560,0,4,556,EGYENI,,
43263,01_006_021,924,698,698,0,9,689,EGYENI,,
43265,01_006_022,874,590,588,-2,5,583,EGYENI,,
43267,01_006_023,969,700,699,-1,5,694,EGYENI,,
43269,01_006_024,903,649,649,0,3,646,EGYENI,,
43271,01_006_025,662,494,494,0,3,491,EGYENI,,
43273,01_006_026,762,450,451,1,7,444,EGYENI,,
43275,01_006_027,928,672,671,-1,2,669,EGYENI,,
43277,01_006_028,790,580,580,0,6,574,EGYENI,,
43279,01_006_029,938,705,705,0,6,699,EGYENI,,
43281,01_006_030,768,579,577,-2,3,574,EGYENI,,
43283,01_007_001,711,489,489,0,3,486,EGYENI,,
43285,01_007_002,696,404,402,-2,4,398,EGYENI,,
43287,01_007_003,848,496,496,0,1,495,EGYENI,,
43289,01_007_004,713,443,443,0,7,436,EGYENI,,
43291,01_007_005,993,674,672,-2,9,663,EGYENI,,
43293,01_007_006,970,682,682,0,5,677,EGYENI,,
43295,01_007_007,964,621,619,-2,2,617,EGYENI,,
43297,01_007_008,881,592,592,0,7,585,EGYENI,,
43299,01_007_009,754,464,463,-1,6,457,EGYENI,,
43301,01_007_010,811,346,346,0,0,346,EGYENI,,
43303,01_007_011,4384,3871,3859,-12,32,3827,EGYENI,,
43305,01_007_012,1008,659,658,-1,6,652,EGYENI,,
43307,01_007_013,930,616,616,0,5,611,EGYENI,,
43309,01_007_014,1121,816,815,-1,7,808,EGYENI,,
43311,01_007_015,921,610,610,0,2,608,EGYENI,,
43313,01_007_016,1099,775,775,0,10,765,EGYENI,,
43315,01_007_017,1023,729,725,-4,9,716,EGYENI,,
43317,01_007_018,961,683,681,-2,3,678,EGYENI,,
43711,01_007_019,956,662,662,0,2,660,EGYENI,,
43713,01_007_020,962,688,688,0,6,682,EGYENI,,
43715,01_007_021,978,700,698,-2,5,693,EGYENI,,
43717,01_007_022,931,679,679,0,11,668,EGYENI,,
43719,01_007_023,1013,688,688,0,4,684,EGYENI,,
43721,01_007_024,1115,822,819,-3,9,810,EGYENI,,
43723,01_007_025,1163,881,881,0,5,876,EGYENI,,
43725,01_007_026,1046,703,703,0,11,692,EGYENI,,
43727,01_007_027,1014,735,735,0,6,729,EGYENI,,
43729,01_007_028,1003,723,722,-1,9,713,EGYENI,,
43731,01_007_029,1052,712,712,0,17,695,EGYENI,,
43733,01_007_030,1062,672,672,0,9,663,EGYENI,,
43735,01_007_031,1078,707,705,-2,5,700,EGYENI,,
43737,01_007_032,1128,693,691,-2,7,684,EGYENI,,
43739,01_007_033,1157,808,806,-2,11,795,EGYENI,,
43741,01_007_034,1079,704,703,-1,11,692,EGYENI,,
43743,01_007_035,1111,782,775,-7,5,770,EGYENI,,
43745,01_007_036,885,549,549,0,9,540,EGYENI,,
43747,01_007_037,948,614,613,-1,10,603,EGYENI,,
43749,01_007_038,988,637,637,0,4,633,EGYENI,,
43751,01_008_001,770,559,558,-1,14,544,EGYENI,,
43753,01_008_002,747,541,541,0,7,534,EGYENI,,
43755,01_008_003,713,536,536,0,11,525,EGYENI,,
43757,01_008_004,652,476,476,0,11,465,EGYENI,,
43759,01_008_005,772,551,551,0,18,533,EGYENI,,
43761,01_008_006,654,482,482,0,17,465,EGYENI,,
43763,01_008_007,986,697,697,0,3,694,EGYENI,,
43765,01_008_008,1322,426,426,0,1,425,EGYENI,,
43767,01_008_009,889,668,668,0,16,652,EGYENI,,
43769,01_008_010,756,571,568,-3,19,549,EGYENI,,
43771,01_008_011,1043,751,749,-2,21,728,EGYENI,,
43773,01_008_012,724,439,439,0,4,435,EGYENI,,
43775,01_008_013,1046,629,625,-4,3,622,EGYENI,,
43777,01_008_014,1091,749,747,-2,1,746,EGYENI,,
43779,01_008_015,938,553,553,0,5,548,EGYENI,,
43781,01_008_016,1033,709,707,-2,4,703,EGYENI,,
43783,01_008_017,1014,726,725,-1,4,721,EGYENI,,
43785,01_008_018,773,544,544,0,6,538,EGYENI,,
43787,01_008_019,874,557,557,0,3,554,EGYENI,,
43789,01_008_020,1052,595,594,-1,6,588,EGYENI,,
43791,01_008_021,937,576,576,0,1,575,EGYENI,,
43793,01_008_022,748,435,435,0,4,431,EGYENI,,
43795,01_008_023,661,415,415,0,3,412,EGYENI,,
43797,01_008_024,904,576,575,-1,5,570,EGYENI,,
43799,01_008_025,757,509,508,-1,1,507,EGYENI,,
43801,01_008_026,780,515,515,0,4,511,EGYENI,,
43803,01_008_027,864,527,527,0,2,525,EGYENI,,
43805,01_008_028,659,409,409,0,3,406,EGYENI,,
43807,01_008_029,959,558,558,0,4,554,EGYENI,,
43809,01_008_030,1021,527,527,0,6,521,EGYENI,,
43811,01_008_031,1191,361,361,0,4,357,EGYENI,,
43813,01_008_032,970,529,527,-2,3,524,EGYENI,,
43815,01_008_033,604,385,385,0,2,383,EGYENI,,
43817,01_008_034,698,460,460,0,3,457,EGYENI,,
43819,01_008_035,701,411,411,0,5,406,EGYENI,,
43821,01_008_036,720,547,545,-2,1,544,EGYENI,,
43823,01_008_037,500,248,248,0,1,247,EGYENI,,
43825,01_008_038,802,565,565,0,5,560,EGYENI,,
43827,01_008_039,748,491,491,0,2,489,EGYENI,,
43829,01_008_040,702,490,490,0,2,488,EGYENI,,
43831,01_008_041,904,602,602,0,1,601,EGYENI,,
43833,01_008_042,1245,682,680,-2,3,677,EGYENI,,
43835,01_008_043,1064,617,617,0,10,607,EGYENI,,
44243,01_008_044,816,369,369,0,7,362,EGYENI,,
44245,01_008_045,740,483,484,1,13,471,EGYENI,,
44247,01_008_046,955,494,494,0,3,491,EGYENI,,
44249,01_008_047,531,372,372,0,0,372,EGYENI,,
44251,01_008_048,1017,516,516,0,10,506,EGYENI,,
44253,01_008_049,1303,803,803,0,4,799,EGYENI,,
44255,01_008_050,1105,532,532,0,6,526,EGYENI,,
44257,01_008_051,777,354,354,0,4,350,EGYENI,,
44259,01_008_052,1076,647,647,0,2,645,EGYENI,,
44261,01_008_053,629,488,487,-1,0,487,EGYENI,,
44263,01_008_054,992,725,725,0,8,717,EGYENI,,
44265,01_008_055,773,475,475,0,5,470,EGYENI,,
44267,01_008_056,1013,727,727,0,3,724,EGYENI,,
44269,01_008_057,605,446,446,0,0,446,EGYENI,,
44271,01_008_058,644,531,531,0,4,527,EGYENI,,
44273,01_008_059,540,375,375,0,3,372,EGYENI,,
44275,01_008_060,3938,3386,3377,-9,25,3352,EGYENI,,
44277,01_009_001,579,425,426,1,15,411,EGYENI,,
44279,01_009_002,645,469,466,-3,7,459,EGYENI,,
44281,01_009_003,610,461,461,0,7,454,EGYENI,,
44283,01_009_004,714,523,523,0,9,514,EGYENI,,
44285,01_009_005,587,415,415,0,3,412,EGYENI,,
44287,01_009_006,824,600,598,-2,12,586,EGYENI,,
44289,01_009_007,599,425,425,0,1,424,EGYENI,,
44291,01_009_008,604,432,432,0,4,428,EGYENI,,
44293,01_009_009,834,481,476,-5,0,476,EGYENI,,
44295,01_009_010,647,494,493,-1,12,481,EGYENI,,
44297,01_009_011,742,569,569,0,11,558,EGYENI,,
44299,01_009_012,686,506,506,0,12,494,EGYENI,,
44301,01_009_013,786,596,594,-2,7,587,EGYENI,,
44303,01_009_014,895,680,680,0,9,671,EGYENI,,
44305,01_009_015,660,505,503,-2,11,492,EGYENI,,
44307,01_009_016,587,385,384,-1,8,376,EGYENI,,
44309,01_009_017,950,753,753,0,14,739,EGYENI,,
44311,01_009_018,773,562,561,-1,12,549,EGYENI,,
44313,01_009_019,905,594,594,0,0,594,EGYENI,,
44315,01_009_020,1044,635,635,0,4,631,EGYENI,,
44317,01_009_021,785,517,517,0,3,514,EGYENI,,
44319,01_009_022,796,574,573,-1,3,570,EGYENI,,
44321,01_009_023,806,471,470,-1,8,462,EGYENI,,
44323,01_009_024,594,397,396,-1,2,394,EGYENI,,
44325,01_009_025,897,659,659,0,2,657,EGYENI,,
44327,01_009_026,742,527,526,-1,6,520,EGYENI,,
44329,01_009_027,745,559,558,-1,3,555,EGYENI,,
44331,01_009_028,711,531,531,0,15,516,EGYENI,,
44333,01_009_029,924,635,635,0,13,622,EGYENI,,
44335,01_009_030,922,651,651,0,14,637,EGYENI,,
44337,01_009_031,742,493,493,0,8,485,EGYENI,,
44339,01_009_032,686,464,464,0,3,461,EGYENI,,
44341,01_009_033,841,593,590,-3,2,588,EGYENI,,
44343,01_009_034,678,466,466,0,5,461,EGYENI,,
44345,01_009_035,752,588,588,0,7,581,EGYENI,,
44347,01_009_036,1081,758,758,0,4,754,EGYENI,,
44349,01_009_037,677,407,407,0,2,405,EGYENI,,
44351,01_009_038,800,413,412,-1,1,411,EGYENI,,
44353,01_009_039,883,381,380,-1,6,374,EGYENI,,
44355,01_009_040,686,277,277,0,6,271,EGYENI,,
44357,01_009_041,676,499,499,0,5,494,EGYENI,,
44359,01_009_042,674,521,521,0,3,518,EGYENI,,
44361,01_009_043,676,531,530,-1,7,523,EGYENI,,
44363,01_009_044,595,441,441,0,3,438,EGYENI,,
44365,01_009_045,839,593,593,0,11,582,EGYENI,,
44367,01_009_046,763,557,556,-1,2,554,EGYENI,,
44369,01_009_047,705,562,562,0,3,559,EGYENI,,
44371,01_009_048,660,515,515,0,4,511,EGYENI,,
44373,01_009_049,870,671,670,-1,7,663,EGYENI,,
44375,01_009_050,819,625,621,-4,2,619,EGYENI,,
44377,01_009_051,818,617,617,0,3,614,EGYENI,,
44803,01_009_052,798,597,597,0,6,591,EGYENI,,
44805,01_009_053,726,566,566,0,7,559,EGYENI,,
44807,01_010_001,577,449,449,0,4,445,EGYENI,,
44809,01_010_002,603,468,468,0,2,466,EGYENI,,
44811,01_010_003,608,294,294,0,5,289,EGYENI,,
44813,01_010_004,623,349,348,-1,2,346,EGYENI,,
44815,01_010_005,590,360,360,0,4,356,EGYENI,,
44817,01_010_006,627,401,401,0,3,398,EGYENI,,
44819,01_010_007,612,439,439,0,11,428,EGYENI,,
44821,01_010_008,657,430,428,-2,1,427,EGYENI,,
44823,01_010_009,939,637,637,0,1,636,EGYENI,,
44825,01_010_010,606,404,404,0,2,402,EGYENI,,
44827,01_010_011,713,541,540,-1,2,538,EGYENI,,
44829,01_010_012,688,532,531,-1,1,530,EGYENI,,
44831,01_010_013,730,511,511,0,2,509,EGYENI,,
44833,01_010_014,660,438,437,-1,6,431,EGYENI,,
44835,01_010_015,747,469,469,0,2,467,EGYENI,,
44837,01_010_016,747,567,567,0,0,567,EGYENI,,
44839,01_010_017,706,515,515,0,3,512,EGYENI,,
44841,01_010_018,709,449,448,-1,5,443,EGYENI,,
44843,01_010_019,3037,2667,2654,-13,21,2633,EGYENI,,
44845,01_010_020,883,541,539,-2,4,535,EGYENI,,
44847,01_010_021,951,621,621,0,5,616,EGYENI,,
44849,01_010_022,769,582,582,0,2,580,EGYENI,,
44851,01_010_023,720,508,507,-1,8,499,EGYENI,,
44853,01_010_024,790,545,545,0,4,541,EGYENI,,
44855,01_010_025,576,425,425,0,3,422,EGYENI,,
44857,01_010_026,613,455,455,0,5,450,EGYENI,,
44859,01_010_027,798,544,544,0,4,540,EGYENI,,
44861,01_010_028,731,519,519,0,1,518,EGYENI,,
44863,01_010_029,798,579,578,-1,3,575,EGYENI,,
44865,01_010_030,671,462,464,2,19,445,EGYENI,,
44867,01_010_031,811,635,635,0,4,631,EGYENI,,
44869,01_010_032,856,728,728,0,5,723,EGYENI,,
44871,01_010_033,724,457,457,0,3,454,EGYENI,,
44873,01_010_034,795,501,501,0,4,497,EGYENI,,
44875,01_010_035,771,324,324,0,1,323,EGYENI,,
44877,01_010_036,808,592,588,-4,3,585,EGYENI,,
44879,01_010_037,866,558,558,0,2,556,EGYENI,,
44881,01_010_038,744,559,558,-1,3,555,EGYENI,,
44883,01_010_039,654,403,403,0,1,402,EGYENI,,
44885,01_010_040,641,431,431,0,3,428,EGYENI,,
44887,01_010_041,613,494,493,-1,5,488,EGYENI,,
44889,01_010_042,684,505,502,-3,1,501,EGYENI,,
44891,01_010_043,654,473,473,0,4,469,EGYENI,,
44893,01_010_044,648,492,492,0,1,491,EGYENI,,
44895,01_010_045,588,481,479,-2,6,473,EGYENI,,
44897,01_010_046,582,382,382,0,4,378,EGYENI,,
44899,01_010_047,638,387,386,-1,0,386,EGYENI,,
44901,01_010_048,718,386,386,0,0,386,EGYENI,,
44903,01_010_049,696,352,352,0,0,352,EGYENI,,
44905,01_010_050,794,435,435,0,3,432,EGYENI,,
44907,01_010_051,634,458,458,0,5,453,EGYENI,,
44909,01_010_052,649,503,503,0,0,503,EGYENI,,
44911,01_010_053,654,522,522,0,2,520,EGYENI,,
44913,01_010_054,675,534,532,-2,5,527,EGYENI,,
44915,01_010_055,707,519,519,0,11,508,EGYENI,,
44917,01_010_056,844,543,543,0,3,540,EGYENI,,
44919,01_010_057,810,562,562,0,2,560,EGYENI,,
44921,01_010_058,644,422,422,0,4,418,EGYENI,,
44923,01_010_059,586,402,402,0,5,397,EGYENI,,
44925,01_010_060,760,502,499,-3,5,494,EGYENI,,
44927,01_010_061,813,598,597,-1,2,595,EGYENI,,
44929,01_010_062,730,558,558,0,2,556,EGYENI,,
44931,01_010_063,829,594,589,-5,11,578,EGYENI,,
44933,01_010_064,760,554,553,-1,5,548,EGYENI,,
44935,01_010_065,765,530,528,-2,2,526,EGYENI,,
44937,01_010_066,785,536,536,0,4,532,EGYENI,,
44939,01_010_067,760,523,523,0,3,520,EGYENI,,
44941,01_010_068,679,521,521,0,0,521,EGYENI,,
44943,01_010_069,729,488,488,0,3,485,EGYENI,,
45363,01_010_070,932,645,645,0,2,643,EGYENI,,
45365,01_010_071,912,644,643,-1,6,637,EGYENI,,
45367,01_010_072,859,561,561,0,5,556,EGYENI,,
45369,01_010_073,879,581,581,0,5,576,EGYENI,,
45371,01_010_074,835,550,550,0,6,544,EGYENI,,
45373,01_010_075,620,486,486,0,3,483,EGYENI,,
45375,01_010_076,684,541,539,-2,8,531,EGYENI,,
45377,01_011_001,743,605,605,0,3,602,EGYENI,,
45379,01_011_002,850,701,700,-1,6,694,EGYENI,,
45381,01_011_003,734,619,619,0,4,615,EGYENI,,
45383,01_011_004,812,650,649,-1,4,645,EGYENI,,
45385,01_011_005,819,673,672,-1,5,667,EGYENI,,
45387,01_011_006,859,686,686,0,6,680,EGYENI,,
45389,01_011_007,786,604,603,-1,2,601,EGYENI,,
45391,01_011_008,681,559,559,0,4,555,EGYENI,,
45393,01_011_009,753,567,567,0,4,563,EGYENI,,
45395,01_011_010,747,585,585,0,6,579,EGYENI,,
45397,01_011_011,869,696,696,0,2,694,EGYENI,,
45399,01_011_012,872,690,689,-1,4,685,EGYENI,,
45401,01_011_013,754,597,597,0,2,595,EGYENI,,
45403,01_011_014,724,542,542,0,7,535,EGYENI,,
45405,01_011_015,671,540,540,0,4,536,EGYENI,,
45407,01_011_016,770,602,602,0,8,594,EGYENI,,
45409,01_011_017,791,618,618,0,3,615,EGYENI,,
45411,01_011_018,766,611,611,0,10,601,EGYENI,,
45413,01_011_019,900,691,690,-1,3,687,EGYENI,,
45415,01_011_020,791,594,593,-1,8,585,EGYENI,,
45417,01_011_021,783,626,627,1,10,617,EGYENI,,
45419,01_011_022,840,667,666,-1,3,663,EGYENI,,
45421,01_011_023,667,553,553,0,5,548,EGYENI,,
45423,01_011_024,841,693,693,0,8,685,EGYENI,,
45425,01_011_025,785,629,629,0,2,627,EGYENI,,
45427,01_011_026,794,640,637,-3,5,632,EGYENI,,
45429,01_011_027,891,724,724,0,9,715,EGYENI,,
45431,01_011_028,798,633,633,0,5,628,EGYENI,,
45433,01_011_029,828,638,637,-1,0,637,EGYENI,,
45435,01_011_030,855,650,650,0,5,645,EGYENI,,
45437,01_011_031,846,652,650,-2,7,643,EGYENI,,
45439,01_011_032,790,638,638,0,1,637,EGYENI,,
45441,01_011_033,841,653,648,-5,4,644,EGYENI,,
45443,01_011_034,625,490,489,-1,3,486,EGYENI,,
45445,01_011_035,839,566,566,0,2,564,EGYENI,,
45447,01_011_036,1025,773,773,0,6,767,EGYENI,,
45449,01_011_037,838,663,663,0,2,661,EGYENI,,
45451,01_011_038,764,649,649,0,3,646,EGYENI,,
45453,01_011_039,903,758,753,-5,8,745,EGYENI,,
45455,01_011_040,861,714,714,0,4,710,EGYENI,,
45457,01_011_041,772,641,641,0,2,639,EGYENI,,
45459,01_011_042,936,809,809,0,3,806,EGYENI,,
45461,01_011_043,963,829,829,0,6,823,EGYENI,,
45463,01_011_044,865,752,751,-1,1,750,EGYENI,,
45465,01_011_045,832,719,718,-1,5,713,EGYENI,,
45467,01_011_046,886,773,772,-1,2,770,EGYENI,,
45469,01_011_047,1076,959,957,-2,7,950,EGYENI,,
45471,01_011_048,933,822,822,0,3,819,EGYENI,,
45473,01_011_049,994,841,841,0,3,838,EGYENI,,
45475,01_011_050,880,684,683,-1,6,677,EGYENI,,
45477,01_011_051,903,703,703,0,3,700,EGYENI,,
45479,01_011_052,755,634,632,-2,4,628,EGYENI,,
45481,01_011_053,826,693,693,0,5,688,EGYENI,,
45483,01_011_054,807,663,663,0,1,662,EGYENI,,
45485,01_011_055,896,739,737,-2,7,730,EGYENI,,
45487,01_011_056,837,709,709,0,5,704,EGYENI,,
45489,01_011_057,782,650,647,-3,4,643,EGYENI,,
45491,01_011_058,722,571,571,0,1,570,EGYENI,,
45493,01_011_059,1307,1066,1062,-4,7,1055,EGYENI,,
45495,01_011_060,989,778,778,0,4,774,EGYENI,,
45497,01_011_061,1096,952,951,-1,3,948,EGYENI,,
45499,01_011_062,865,721,718,-3,5,713,EGYENI,,
45923,01_011_063,707,593,593,0,3,590,EGYENI,,
45925,01_011_064,957,787,783,-4,6,777,EGYENI,,
45927,01_011_065,3861,3498,3448,-50,27,3421,EGYENI,,
45929,01_011_066,767,589,589,0,5,584,EGYENI,,
45931,01_011_067,910,715,712,-3,4,708,EGYENI,,
45933,01_011_068,809,596,596,0,8,588,EGYENI,,
45935,01_011_069,900,669,668,-1,1,667,EGYENI,,
45937,01_011_070,750,508,508,0,5,503,EGYENI,,
45939,01_011_071,825,628,626,-2,5,621,EGYENI,,
45941,01_011_072,953,801,801,0,4,797,EGYENI,,
45943,01_011_073,760,518,518,0,4,514,EGYENI,,
45945,01_011_074,694,532,532,0,12,520,EGYENI,,
45947,01_011_075,730,550,550,0,7,543,EGYENI,,
45949,01_011_076,787,630,627,-3,3,624,EGYENI,,
45951,01_011_077,789,624,624,0,0,624,EGYENI,,
45953,01_011_078,716,549,549,0,6,543,EGYENI,,
45955,01_011_079,727,555,551,-4,10,541,EGYENI,,
45957,01_011_080,665,517,517,0,4,513,EGYENI,,
45959,01_011_081,910,736,735,-1,3,732,EGYENI,,
45961,01_011_082,1102,846,846,0,4,842,EGYENI,,
45963,01_011_083,1017,695,695,0,4,691,EGYENI,,
45965,01_011_084,947,796,796,0,7,789,EGYENI,,
45967,01_011_085,1071,839,838,-1,10,828,EGYENI,,
45969,01_011_086,1289,1029,1023,-6,5,1018,EGYENI,,
45971,01_011_087,839,624,623,-1,8,615,EGYENI,,
45973,01_011_088,1145,897,897,0,5,892,EGYENI,,
45975,01_011_089,917,715,715,0,5,710,EGYENI,,
45977,01_011_090,727,549,548,-1,6,542,EGYENI,,
45979,01_011_091,789,636,636,0,2,634,EGYENI,,
45981,01_011_092,878,649,649,0,2,647,EGYENI,,
45983,01_011_093,725,535,535,0,5,530,EGYENI,,
45985,01_011_094,958,713,710,-3,5,705,EGYENI,,
45987,01_011_095,676,517,517,0,2,515,EGYENI,,
45989,01_011_096,821,645,645,0,6,639,EGYENI,,
45991,01_011_097,788,588,582,-6,8,574,EGYENI,,
45993,01_011_098,799,609,609,0,4,605,EGYENI,,
45995,01_011_099,589,408,408,0,3,405,EGYENI,,
45997,01_011_100,749,556,556,0,5,551,EGYENI,,
45999,01_011_101,618,481,480,-1,4,476,EGYENI,,
46001,01_011_102,661,571,571,0,5,566,EGYENI,,
46003,01_011_103,866,653,652,-1,6,646,EGYENI,,
46005,01_011_104,1034,881,880,-1,4,876,EGYENI,,
46007,01_011_105,1043,822,822,0,9,813,EGYENI,,
46009,01_011_106,969,721,721,0,11,710,EGYENI,,
46011,01_011_107,828,620,620,0,3,617,EGYENI,,
46013,01_011_108,728,545,545,0,7,538,EGYENI,,
46015,01_011_109,784,678,676,-2,8,668,EGYENI,,
46017,01_011_110,713,559,557,-2,5,552,EGYENI,,
46019,01_011_111,827,692,692,0,1,691,EGYENI,,
46021,01_011_112,844,721,718,-3,2,716,EGYENI,,
46023,01_011_113,816,689,688,-1,7,681,EGYENI,,
46025,01_011_114,952,793,793,0,8,785,EGYENI,,
46027,01_011_115,982,827,827,0,8,819,EGYENI,,
46029,01_011_116,833,704,703,-1,5,698,EGYENI,,
46031,01_011_117,1093,881,881,0,4,877,EGYENI,,
46033,01_011_118,1094,619,611,-8,13,598,EGYENI,,
46035,01_012_001,690,567,567,0,2,565,EGYENI,,
46037,01_012_002,668,520,520,0,9,511,EGYENI,,
46039,01_012_003,508,376,376,0,1,375,EGYENI,,
46041,01_012_004,742,601,601,0,1,600,EGYENI,,
46043,01_012_005,625,469,469,0,6,463,EGYENI,,
46045,01_012_006,4221,3855,3838,-17,22,3816,EGYENI,,
46047,01_012_007,770,612,612,0,7,605,EGYENI,,
46049,01_012_008,839,682,682,0,8,674,EGYENI,,
46051,01_012_009,862,724,721,-3,3,718,EGYENI,,
46053,01_012_010,950,791,789,-2,4,785,EGYENI,,
46055,01_012_011,796,656,655,-1,11,644,EGYENI,,
46057,01_012_012,906,749,743,-6,6,737,EGYENI,,
46059,01_012_013,607,515,515,0,1,514,EGYENI,,
46475,01_012_014,640,494,492,-2,4,488,EGYENI,,
46477,01_012_015,699,580,580,0,3,577,EGYENI,,
46479,01_012_016,664,557,554,-3,1,553,EGYENI,,
46481,01_012_017,919,696,696,0,8,688,EGYENI,,
46483,01_012_018,866,703,697,-6,5,692,EGYENI,,
46485,01_012_019,798,660,657,-3,5,652,EGYENI,,
46487,01_012_020,739,612,612,0,6,606,EGYENI,,
46489,01_012_021,740,583,582,-1,6,576,EGYENI,,
46491,01_012_022,499,426,426,0,1,425,EGYENI,,
46493,01_012_023,683,504,502,-2,3,499,EGYENI,,
46495,01_012_024,589,484,485,1,9,476,EGYENI,,
46497,01_012_025,765,634,634,0,8,626,EGYENI,,
46499,01_012_026,682,581,581,0,3,578,EGYENI,,
46501,01_012_027,692,594,594,0,4,590,EGYENI,,
46503,01_012_028,982,772,772,0,3,769,EGYENI,,
46505,01_012_029,693,575,573,-2,10,563,EGYENI,,
46507,01_012_030,901,762,760,-2,15,745,EGYENI,,
46509,01_012_031,710,557,557,0,5,552,EGYENI,,
46511,01_012_032,816,688,686,-2,9,677,EGYENI,,
46513,01_012_033,930,717,715,-2,11,704,EGYENI,,
46515,01_012_034,834,702,701,-1,8,693,EGYENI,,
46517,01_012_035,864,733,731,-2,4,727,EGYENI,,
46519,01_012_036,699,599,596,-3,4,592,EGYENI,,
46521,01_012_037,714,605,605,0,8,597,EGYENI,,
46523,01_012_038,915,776,776,0,6,770,EGYENI,,
46525,01_012_039,939,779,769,-10,8,761,EGYENI,,
46527,01_012_040,743,645,645,0,1,644,EGYENI,,
46529,01_012_041,583,462,462,0,6,456,EGYENI,,
46531,01_012_042,840,718,717,-1,6,711,EGYENI,,
46533,01_012_043,882,723,721,-2,10,711,EGYENI,,
46535,01_012_044,971,792,792,0,7,785,EGYENI,,
46537,01_012_045,609,484,484,0,3,481,EGYENI,,
46539,01_012_046,944,760,759,-1,3,756,EGYENI,,
46541,01_012_047,997,824,824,0,5,819,EGYENI,,
46543,01_012_048,858,657,654,-3,6,648,EGYENI,,
46545,01_012_049,828,680,680,0,6,674,EGYENI,,
46547,01_012_050,753,624,625,1,11,614,EGYENI,,
46549,01_012_051,579,471,471,0,5,466,EGYENI,,
46551,01_012_052,915,755,754,-1,3,751,EGYENI,,
46553,01_012_053,877,708,707,-1,8,699,EGYENI,,
46555,01_012_054,715,560,559,-1,6,553,EGYENI,,
46557,01_012_055,725,596,596,0,6,590,EGYENI,,
46559,01_013_001,1085,763,758,-5,5,753,EGYENI,,
46561,01_013_002,937,678,677,-1,4,673,EGYENI,,
46563,01_013_003,999,770,768,-2,6,762,EGYENI,,
46565,01_013_004,911,716,716,0,4,712,EGYENI,,
46567,01_013_005,934,760,758,-2,4,754,EGYENI,,
46569,01_013_006,1164,888,885,-3,6,879,EGYENI,,
46571,01_013_007,1022,750,735,-15,2,733,EGYENI,,
46573,01_013_008,1068,803,802,-1,1,801,EGYENI,,
46575,01_013_009,1087,863,862,-1,6,856,EGYENI,,
46577,01_013_010,1017,801,801,0,2,799,EGYENI,,
46579,01_013_011,758,622,621,-1,4,617,EGYENI,,
46581,01_013_012,940,711,711,0,6,705,EGYENI,,
46583,01_013_013,981,739,739,0,2,737,EGYENI,,
46585,01_013_014,1057,801,796,-5,8,788,EGYENI,,
46587,01_013_015,1039,829,824,-5,5,819,EGYENI,,
46589,01_013_016,843,680,679,-1,1,678,EGYENI,,
46591,01_013_017,1111,918,916,-2,2,914,EGYENI,,
46593,01_013_018,1041,820,819,-1,5,814,EGYENI,,
46595,01_013_019,1142,909,907,-2,6,901,EGYENI,,
46597,01_013_020,1193,860,859,-1,4,855,EGYENI,,
47009,01_013_021,1169,912,911,-1,5,906,EGYENI,,
47011,01_013_022,1226,904,904,0,7,897,EGYENI,,
47013,01_013_023,1056,816,804,-12,4,800,EGYENI,,
47015,01_013_024,1183,867,864,-3,6,858,EGYENI,,
47017,01_013_025,771,588,587,-1,5,582,EGYENI,,
47019,01_013_026,1000,626,624,-2,6,618,EGYENI,,
47021,01_013_027,955,579,578,-1,5,573,EGYENI,,
47023,01_013_028,893,698,698,0,10,688,EGYENI,,
47025,01_013_029,970,753,744,-9,3,741,EGYENI,,
47027,01_013_030,1015,796,795,-1,3,792,EGYENI,,
47029,01_013_031,956,757,757,0,6,751,EGYENI,,
47031,01_013_032,970,771,771,0,3,768,EGYENI,,
47033,01_013_033,1018,689,686,-3,8,678,EGYENI,,
47035,01_013_034,1122,541,541,0,3,538,EGYENI,,
47037,01_013_035,1207,938,938,0,5,933,EGYENI,,
47039,01_013_036,1044,747,746,-1,9,737,EGYENI,,
47041,01_013_037,1109,869,868,-1,7,861,EGYENI,,
47043,01_013_038,1042,758,758,0,4,754,EGYENI,,
47045,01_013_039,1067,831,831,0,3,828,EGYENI,,
47047,01_013_040,932,293,293,0,4,289,EGYENI,,
47049,01_013_041,975,636,636,0,6,630,EGYENI,,
47051,01_013_042,864,587,587,0,3,584,EGYENI,,
47053,01_013_043,732,392,391,-1,3,388,EGYENI,,
47055,01_013_044,980,759,755,-4,4,751,EGYENI,,
47057,01_013_045,1017,545,545,0,3,542,EGYENI,,
47059,01_013_046,960,519,519,0,6,513,EGYENI,,
47061,01_013_047,929,665,664,-1,1,663,EGYENI,,
47063,01_013_048,1114,774,774,0,0,774,EGYENI,,
47065,01_013_049,1056,715,711,-4,6,705,EGYENI,,
47067,01_013_050,1009,749,748,-1,9,739,EGYENI,,
47069,01_013_051,868,616,615,-1,3,612,EGYENI,,
47071,01_013_052,1009,624,624,0,6,618,EGYENI,,
47073,01_013_053,892,690,681,-9,2,679,EGYENI,,
47075,01_013_054,893,699,699,0,4,695,EGYENI,,
47077,01_013_055,885,651,651,0,6,645,EGYENI,,
47079,01_013_056,806,606,605,-1,3,602,EGYENI,,
47081,01_013_057,980,759,758,-1,3,755,EGYENI,,
47083,01_013_058,1046,709,709,0,4,705,EGYENI,,
47085,01_013_059,989,706,704,-2,2,702,EGYENI,,
47087,01_013_060,1077,831,831,0,4,827,EGYENI,,
47089,01_013_061,960,714,713,-1,6,707,EGYENI,,
47091,01_013_062,4411,3975,3960,-15,17,3943,EGYENI,,
47093,01_013_063,1226,895,895,0,8,887,EGYENI,,
47095,01_013_064,949,707,707,0,0,707,EGYENI,,
47097,01_013_065,846,618,614,-4,3,611,EGYENI,,
47099,01_013_066,886,708,708,0,3,705,EGYENI,,
47101,01_013_067,1141,929,929,0,8,921,EGYENI,,
47103,01_013_068,1175,923,921,-2,18,903,EGYENI,,
47105,01_013_069,1117,899,899,0,1,898,EGYENI,,
47107,01_013_070,861,629,628,-1,6,622,EGYENI,,
47109,01_013_071,1166,769,769,0,4,765,EGYENI,,
47111,01_013_072,761,572,571,-1,6,565,EGYENI,,
47113,01_013_073,1146,833,833,0,8,825,EGYENI,,
47115,01_013_074,1038,729,729,0,7,722,EGYENI,,
47117,01_013_075,716,534,534,0,11,523,EGYENI,,
47119,01_013_076,1191,611,611,0,6,605,EGYENI,,
47121,01_013_077,1072,865,865,0,4,861,EGYENI,,
47123,01_013_078,892,681,681,0,5,676,EGYENI,,
47125,01_013_079,1099,879,879,0,7,872,EGYENI,,
47127,01_013_080,866,633,633,0,5,628,EGYENI,,
47129,01_013_081,825,657,656,-1,5,651,EGYENI,,
47131,01_013_082,1212,942,940,-2,7,933,EGYENI,,
47553,01_013_083,1227,921,920,-1,4,916,EGYENI,,
47555,01_013_084,1076,786,786,0,4,782,EGYENI,,
47557,01_013_085,959,654,654,0,3,651,EGYENI,,
47559,01_013_086,713,503,503,0,2,501,EGYENI,,
47561,01_013_087,795,599,599,0,5,594,EGYENI,,
47563,01_014_001,1096,868,868,0,6,862,EGYENI,,
47565,01_014_002,1092,837,837,0,13,824,EGYENI,,
47567,01_014_003,1168,919,917,-2,12,905,EGYENI,,
47569,01_014_004,1106,873,873,0,7,866,EGYENI,,
47571,01_014_005,1109,843,843,0,2,841,EGYENI,,
47573,01_014_006,1103,813,812,-1,6,806,EGYENI,,
47575,01_014_007,1051,793,792,-1,1,791,EGYENI,,
47577,01_014_008,1125,843,843,0,4,839,EGYENI,,
47579,01_014_009,1187,832,831,-1,5,826,EGYENI,,
47581,01_014_010,1222,900,899,-1,9,890,EGYENI,,
47583,01_014_011,1145,840,840,0,6,834,EGYENI,,
47585,01_014_012,3907,3458,3442,-16,15,3427,EGYENI,,
47587,01_014_013,1194,900,899,-1,7,892,EGYENI,,
47589,01_014_014,1154,723,723,0,9,714,EGYENI,,
47591,01_014_015,1195,816,816,0,5,811,EGYENI,,
47593,01_014_016,1119,897,896,-1,6,890,EGYENI,,
47595,01_014_017,1095,836,833,-3,4,829,EGYENI,,
47597,01_014_018,1174,875,873,-2,3,870,EGYENI,,
47599,01_014_019,1144,914,919,5,37,882,EGYENI,,
47601,01_014_020,1175,927,928,1,12,916,EGYENI,,
47603,01_014_021,1093,846,844,-2,4,840,EGYENI,,
47605,01_014_022,1324,909,906,-3,10,896,EGYENI,,
47607,01_014_023,1295,632,633,1,11,622,EGYENI,,
47609,01_014_024,1196,883,879,-4,2,877,EGYENI,,
47611,01_014_025,1227,974,973,-1,4,969,EGYENI,,
47613,01_014_026,1149,888,887,-1,11,876,EGYENI,,
47615,01_014_027,1253,977,976,-1,6,970,EGYENI,,
47617,01_014_028,1163,843,842,-1,7,835,EGYENI,,
47619,01_014_029,1174,930,929,-1,4,925,EGYENI,,
47621,01_014_030,1175,898,896,-2,4,892,EGYENI,,
47623,01_014_031,1333,919,920,1,10,910,EGYENI,,
47625,01_014_032,1218,967,964,-3,7,957,EGYENI,,
47627,01_014_033,1331,1127,1127,0,6,1121,EGYENI,,
47629,01_014_034,1216,952,951,-1,6,945,EGYENI,,
47631,01_014_035,1244,1027,1026,-1,9,1017,EGYENI,,
47633,01_014_036,1119,951,949,-2,6,943,EGYENI,,
47635,01_014_037,993,804,804,0,2,802,EGYENI,,
47637,01_014_038,1331,1065,1063,-2,7,1056,EGYENI,,
47639,01_014_039,1194,966,966,0,13,953,EGYENI,,
47641,01_014_040,1310,1020,1012,-8,19,993,EGYENI,,
47643,01_014_041,1116,914,914,0,10,904,EGYENI,,
47645,01_014_042,1191,998,998,0,10,988,EGYENI,,
47647,01_014_043,1033,866,866,0,9,857,EGYENI,,
47649,01_014_044,1096,886,886,0,19,867,EGYENI,,
47651,01_014_045,1235,914,912,-2,6,906,EGYENI,,
47653,01_014_046,1199,945,943,-2,12,931,EGYENI,,
47655,01_014_047,1212,994,994,0,24,970,EGYENI,,
47657,01_014_048,1141,838,838,0,10,828,EGYENI,,
47659,01_014_049,1042,769,767,-2,6,761,EGYENI,,
47661,01_014_050,1106,800,800,0,3,797,EGYENI,,
47663,01_014_051,1145,850,850,0,1,849,EGYENI,,
47665,01_014_052,1080,784,778,-6,6,772,EGYENI,,
47667,01_014_053,1146,815,813,-2,7,806,EGYENI,,
47669,01_014_054,1169,844,834,-10,3,831,EGYENI,,
47671,01_014_055,1231,997,997,0,6,991,EGYENI,,
47673,01_014_056,1172,926,923,-3,3,920,EGYENI,,
48093,01_014_057,1113,889,888,-1,3,885,EGYENI,,
48095,01_014_058,1256,897,896,-1,6,890,EGYENI,,
48097,01_014_059,1197,914,914,0,5,909,EGYENI,,
48099,01_014_060,1224,965,963,-2,6,957,EGYENI,,
48101,01_014_061,1259,1062,1062,0,4,1058,EGYENI,,
48103,01_014_062,1199,994,994,0,11,983,EGYENI,,
48105,01_014_063,1098,932,925,-7,7,918,EGYENI,,
48107,01_014_064,1145,923,923,0,7,916,EGYENI,,
48109,01_014_065,1021,831,831,0,16,815,EGYENI,,
48111,01_014_066,1178,890,890,0,4,886,EGYENI,,
48113,01_014_067,1086,728,728,0,8,720,EGYENI,,
48115,01_014_068,1143,913,913,0,4,909,EGYENI,,
48117,01_014_069,1074,832,832,0,5,827,EGYENI,,
48119,01_014_070,1084,871,871,0,7,864,EGYENI,,
48121,01_014_071,1187,913,913,0,8,905,EGYENI,,
48123,01_014_072,1222,905,904,-1,5,899,EGYENI,,
48125,01_014_073,1332,1072,1069,-3,24,1045,EGYENI,,
48127,01_014_074,1213,895,894,-1,10,884,EGYENI,,
48129,01_014_075,1111,871,871,0,5,866,EGYENI,,
48131,01_015_001,827,662,662,0,1,661,EGYENI,,
48133,01_015_002,848,689,689,0,6,683,EGYENI,,
48135,01_015_003,1127,910,910,0,4,906,EGYENI,,
48137,01_015_004,918,694,694,0,3,691,EGYENI,,
48139,01_015_005,772,626,621,-5,4,617,EGYENI,,
48141,01_015_006,1097,853,852,-1,7,845,EGYENI,,
48143,01_015_007,784,603,602,-1,2,600,EGYENI,,
48145,01_015_008,767,597,597,0,1,596,EGYENI,,
48147,01_015_009,843,610,609,-1,5,604,EGYENI,,
48149,01_015_010,818,594,594,0,3,591,EGYENI,,
48151,01_015_011,819,605,605,0,5,600,EGYENI,,
48153,01_015_012,1105,762,762,0,8,754,EGYENI,,
48155,01_015_013,1191,793,793,0,4,789,EGYENI,,
48157,01_015_014,811,595,594,-1,2,592,EGYENI,,
48159,01_015_015,1079,585,584,-1,4,580,EGYENI,,
48161,01_015_016,1126,847,847,0,9,838,EGYENI,,
48163,01_015_017,766,573,569,-4,2,567,EGYENI,,
48165,01_015_018,782,569,569,0,4,565,EGYENI,,
48167,01_015_019,987,710,710,0,4,706,EGYENI,,
48169,01_015_020,1097,718,718,0,4,714,EGYENI,,
48171,01_015_021,1020,680,679,-1,1,678,EGYENI,,
48173,01_015_022,1074,806,806,0,4,802,EGYENI,,
48175,01_015_023,763,594,594,0,3,591,EGYENI,,
48177,01_015_024,981,749,748,-1,6,742,EGYENI,,
48179,01_015_025,943,766,766,0,8,758,EGYENI,,
48181,01_015_026,827,651,651,0,4,647,EGYENI,,
48183,01_015_027,901,703,703,0,5,698,EGYENI,,
48185,01_015_028,865,666,664,-2,3,661,EGYENI,,
48187,01_015_029,841,613,613,0,5,608,EGYENI,,
48189,01_015_030,701,549,549,0,2,547,EGYENI,,
48191,01_015_031,823,603,602,-1,2,600,EGYENI,,
48193,01_015_032,797,569,567,-2,2,565,EGYENI,,
48195,01_015_033,837,647,647,0,2,645,EGYENI,,
48197,01_015_034,689,570,569,-1,2,567,EGYENI,,
48199,01_015_035,1100,839,839,0,4,835,EGYENI,,
48201,01_015_036,851,657,656,-1,3,653,EGYENI,,
48203,01_015_037,759,606,606,0,1,605,EGYENI,,
48205,01_015_038,959,715,714,-1,2,712,EGYENI,,
48207,01_015_039,927,685,684,-1,5,679,EGYENI,,
48209,01_015_040,750,520,520,0,8,512,EGYENI,,
48211,01_015_041,808,539,539,0,1,538,EGYENI,,
48213,01_015_042,936,652,650,-2,9,641,EGYENI,,
48215,01_015_043,932,654,654,0,5,649,EGYENI,,
48217,01_015_044,908,652,652,0,8,644,EGYENI,,
48219,01_015_045,770,531,531,0,4,527,EGYENI,,
48617,01_015_046,918,648,647,-1,6,641,EGYENI,,
48619,01_015_047,860,604,602,-2,4,598,EGYENI,,
48621,01_015_048,751,541,541,0,4,537,EGYENI,,
48623,01_015_049,800,587,581,-6,15,566,EGYENI,,
48625,01_015_050,714,480,480,0,4,476,EGYENI,,
48627,01_015_051,2627,2228,2226,-2,28,2198,EGYENI,,
48629,01_015_052,876,584,584,0,3,581,EGYENI,,
48631,01_015_053,782,569,569,0,1,568,EGYENI,,
48633,01_015_054,1014,686,686,0,12,674,EGYENI,,
48635,01_015_055,854,611,610,-1,2,608,EGYENI,,
48637,01_015_056,885,665,665,0,4,661,EGYENI,,
48639,01_015_057,977,617,618,1,15,603,EGYENI,,
48641,01_015_058,838,588,588,0,9,579,EGYENI,,
48643,01_015_059,831,567,567,0,24,543,EGYENI,,
48645,01_015_060,903,605,605,0,2,603,EGYENI,,
48647,01_015_061,1067,761,761,0,5,756,EGYENI,,
48649,01_015_062,810,560,559,-1,3,556,EGYENI,,
48651,01_015_063,1202,862,857,-5,10,847,EGYENI,,
48653,01_015_064,987,716,715,-1,4,711,EGYENI,,
48655,01_015_065,796,595,594,-1,8,586,EGYENI,,
48657,01_015_066,860,662,662,0,1,661,EGYENI,,
48659,01_015_067,981,698,697,-1,8,689,EGYENI,,
48661,01_015_068,793,557,553,-4,5,548,EGYENI,,
48663,01_015_069,839,593,592,-1,4,588,EGYENI,,
48665,01_015_070,926,604,604,0,2,602,EGYENI,,
48667,01_016_001,1028,859,858,-1,9,849,EGYENI,,
48669,01_016_002,1001,786,786,0,10,776,EGYENI,,
48671,01_016_003,1005,797,797,0,5,792,EGYENI,,
48673,01_016_004,883,676,675,-1,6,669,EGYENI,,
48675,01_016_005,860,691,691,0,12,679,EGYENI,,
48677,01_016_006,1030,843,843,0,10,833,EGYENI,,
48679,01_016_007,1046,800,799,-1,3,796,EGYENI,,
48681,01_016_008,1013,797,792,-5,10,782,EGYENI,,
48683,01_016_009,1001,817,817,0,7,810,EGYENI,,
48685,01_016_010,978,795,795,0,9,786,EGYENI,,
48687,01_016_011,986,806,806,0,7,799,EGYENI,,
48689,01_016_012,1027,853,853,0,5,848,EGYENI,,
48691,01_016_013,875,701,700,-1,5,695,EGYENI,,
48693,01_016_014,927,773,773,0,9,764,EGYENI,,
48695,01_016_015,1044,849,849,0,2,847,EGYENI,,
48697,01_016_016,802,626,624,-2,5,619,EGYENI,,
48699,01_016_017,830,589,587,-2,2,585,EGYENI,,
48701,01_016_018,877,720,720,0,8,712,EGYENI,,
48703,01_016_019,758,581,577,-4,4,573,EGYENI,,
48705,01_016_020,728,592,592,0,4,588,EGYENI,,
48707,01_016_021,719,565,564,-1,5,559,EGYENI,,
48709,01_016_022,2760,2445,2438,-7,16,2422,EGYENI,,
48711,01_016_023,890,717,717,0,6,711,EGYENI,,
48713,01_016_024,861,676,676,0,6,670,EGYENI,,
48715,01_016_025,847,683,682,-1,7,675,EGYENI,,
48717,01_016_026,976,763,763,0,6,757,EGYENI,,
48719,01_016_027,995,815,814,-1,7,807,EGYENI,,
48721,01_016_028,761,631,631,0,9,622,EGYENI,,
48723,01_016_029,833,680,680,0,5,675,EGYENI,,
48725,01_016_030,980,787,787,0,3,784,EGYENI,,
48727,01_016_031,847,681,681,0,5,676,EGYENI,,
48729,01_016_032,1037,849,847,-2,9,838,EGYENI,,
48731,01_016_033,1097,865,865,0,7,858,EGYENI,,
48733,01_016_034,924,760,760,0,5,755,EGYENI,,
48735,01_016_035,1073,848,848,0,9,839,EGYENI,,
48737,01_016_036,848,701,701,0,8,693,EGYENI,,
48739,01_016_037,719,579,579,0,5,574,EGYENI,,
48741,01_016_038,918,762,763,1,19,744,EGYENI,,
48743,01_016_039,764,610,610,0,7,603,EGYENI,,
48745,01_016_040,961,779,778,-1,7,771,EGYENI,,
48747,01_016_041,830,581,579,-2,12,567,EGYENI,,
48749,01_016_042,915,704,704,0,2,702,EGYENI,,
49157,01_016_043,934,781,781,0,5,776,EGYENI,,
49159,01_016_044,1016,782,778,-4,4,774,EGYENI,,
49161,01_016_045,978,796,796,0,2,794,EGYENI,,
49163,01_016_046,738,539,539,0,5,534,EGYENI,,
49165,01_016_047,686,538,538,0,7,531,EGYENI,,
49167,01_016_048,925,748,746,-2,4,742,EGYENI,,
49169,01_016_049,965,810,810,0,4,806,EGYENI,,
49171,01_016_050,832,664,664,0,6,658,EGYENI,,
49173,01_016_051,1040,808,808,0,10,798,EGYENI,,
49175,01_016_052,837,706,706,0,2,704,EGYENI,,
49177,01_016_053,768,626,625,-1,9,616,EGYENI,,
49179,01_016_054,943,791,791,0,6,785,EGYENI,,
49181,01_016_055,894,715,715,0,4,711,EGYENI,,
49183,01_016_056,1356,1114,1114,0,10,1104,EGYENI,,
49185,01_016_057,1112,812,811,-1,9,802,EGYENI,,
49187,01_016_058,800,645,645,0,6,639,EGYENI,,
49189,01_016_059,897,698,698,0,12,686,EGYENI,,
49191,01_016_060,1046,814,811,-3,12,799,EGYENI,,
49193,01_017_001,851,712,711,-1,2,709,EGYENI,,
49195,01_017_002,846,696,696,0,4,692,EGYENI,,
49197,01_017_003,950,742,740,-2,7,733,EGYENI,,
49199,01_017_004,867,696,696,0,8,688,EGYENI,,
49201,01_017_005,730,628,628,0,1,627,EGYENI,,
49203,01_017_006,856,719,719,0,0,719,EGYENI,,
49205,01_017_007,964,731,731,0,2,729,EGYENI,,
49207,01_017_008,963,698,698,0,5,693,EGYENI,,
49209,01_017_009,984,691,689,-2,6,683,EGYENI,,
49211,01_017_010,992,670,670,0,4,666,EGYENI,,
49213,01_017_011,991,678,678,0,4,674,EGYENI,,
49215,01_017_012,923,691,690,-1,10,680,EGYENI,,
49217,01_017_013,934,617,617,0,2,615,EGYENI,,
49219,01_017_014,960,694,694,0,2,692,EGYENI,,
49221,01_017_015,874,661,661,0,10,651,EGYENI,,
49223,01_017_016,2461,1994,1991,-3,13,1978,EGYENI,,
49225,01_017_017,707,501,500,-1,29,471,EGYENI,,
49227,01_017_018,878,657,657,0,5,652,EGYENI,,
49229,01_017_019,997,688,688,0,2,686,EGYENI,,
49231,01_017_020,803,544,543,-1,4,539,EGYENI,,
49233,01_017_021,1027,421,421,0,4,417,EGYENI,,
49235,01_017_022,956,706,706,0,12,694,EGYENI,,
49237,01_017_023,1017,718,716,-2,5,711,EGYENI,,
49239,01_017_024,890,727,726,-1,4,722,EGYENI,,
49241,01_017_025,1071,841,840,-1,3,837,EGYENI,,
49243,01_017_026,892,767,767,0,2,765,EGYENI,,
49245,01_017_027,650,520,520,0,2,518,EGYENI,,
49247,01_017_028,701,550,550,0,2,548,EGYENI,,
49249,01_017_029,916,688,688,0,2,686,EGYENI,,
49251,01_017_030,911,734,734,0,2,732,EGYENI,,
49253,01_017_031,883,698,697,-1,10,687,EGYENI,,
49255,01_017_032,824,665,665,0,4,661,EGYENI,,
49257,01_017_033,887,710,710,0,6,704,EGYENI,,
49259,01_017_034,866,652,650,-2,6,644,EGYENI,,
49261,01_017_035,1064,730,730,0,3,727,EGYENI,,
49263,01_017_036,984,724,724,0,5,719,EGYENI,,
49265,01_017_037,1024,760,760,0,9,751,EGYENI,,
49267,01_017_038,1061,791,791,0,9,782,EGYENI,,
49269,01_017_039,953,786,785,-1,5,780,EGYENI,,
49271,01_017_040,1078,868,865,-3,1,864,EGYENI,,
49273,01_017_041,1063,815,812,-3,4,808,EGYENI,,
49275,01_017_042,1145,912,910,-2,3,907,EGYENI,,
49277,01_017_043,970,754,753,-1,5,748,EGYENI,,
49279,01_017_044,744,544,544,0,4,540,EGYENI,,
49281,01_017_045,772,578,578,0,2,576,EGYENI,,
49283,01_017_046,991,789,789,0,1,788,EGYENI,,
49285,01_017_047,1041,839,833,-6,5,828,EGYENI,,
49287,01_017_048,806,638,638,0,2,636,EGYENI,,
49685,01_017_049,880,707,707,0,3,704,EGYENI,,
49687,01_017_050,758,587,586,-1,2,584,EGYENI,,
49689,01_017_051,1150,897,893,-4,7,886,EGYENI,,
49691,01_017_052,1008,842,842,0,5,837,EGYENI,,
49693,01_017_053,877,685,685,0,4,681,EGYENI,,
49695,01_017_054,762,602,602,0,2,600,EGYENI,,
49697,01_017_055,935,755,754,-1,7,747,EGYENI,,
49699,01_017_056,1044,817,817,0,5,812,EGYENI,,
49701,01_017_057,800,616,616,0,2,614,EGYENI,,
49703,01_017_058,949,729,729,0,1,728,EGYENI,,
49705,01_017_059,1053,806,802,-4,4,798,EGYENI,,
49707,01_017_060,908,684,684,0,8,676,EGYENI,,
49709,01_017_061,1053,768,767,-1,4,763,EGYENI,,
49711,01_017_062,721,529,531,2,17,514,EGYENI,,
49713,01_017_063,889,695,695,0,3,692,EGYENI,,
49715,01_017_064,973,796,796,0,9,787,EGYENI,,
49717,01_017_065,928,746,745,-1,5,740,EGYENI,,
49719,01_017_066,924,733,732,-1,1,731,EGYENI,,
49721,01_017_067,929,762,762,0,4,758,EGYENI,,
49723,01_017_068,939,737,735,-2,3,732,EGYENI,,
49725,01_017_069,862,680,680,0,6,674,EGYENI,,
49727,01_017_070,874,726,726,0,4,722,EGYENI,,
49729,01_017_071,896,699,699,0,5,694,EGYENI,,
49731,01_017_072,974,822,818,-4,4,814,EGYENI,,
49733,01_017_073,995,833,833,0,8,825,EGYENI,,
49735,01_017_074,717,554,551,-3,3,548,EGYENI,,
49737,01_017_075,967,796,794,-2,7,787,EGYENI,,
49739,01_018_001,1088,844,844,0,2,842,EGYENI,,
49741,01_018_002,879,694,694,0,6,688,EGYENI,,
49743,01_018_003,1094,841,841,0,7,834,EGYENI,,
49745,01_018_004,1081,837,835,-2,10,825,EGYENI,,
49747,01_018_005,1153,883,882,-1,4,878,EGYENI,,
49749,01_018_006,992,756,757,1,13,744,EGYENI,,
49751,01_018_007,927,705,705,0,7,698,EGYENI,,
49753,01_018_008,935,705,705,0,9,696,EGYENI,,
49755,01_018_009,835,589,589,0,10,579,EGYENI,,
49757,01_018_010,989,798,791,-7,10,781,EGYENI,,
49759,01_018_011,976,566,565,-1,6,559,EGYENI,,
49761,01_018_012,839,706,706,0,4,702,EGYENI,,
49763,01_018_013,1017,806,806,0,12,794,EGYENI,,
49765,01_018_014,884,711,711,0,9,702,EGYENI,,
49767,01_018_015,941,727,727,0,5,722,EGYENI,,
49769,01_018_016,839,659,659,0,4,655,EGYENI,,
49771,01_018_017,838,676,674,-2,6,668,EGYENI,,
49773,01_018_018,986,785,785,0,6,779,EGYENI,,
49775,01_018_019,1088,865,865,0,5,860,EGYENI,,
49777,01_018_020,854,685,685,0,19,666,EGYENI,,
49779,01_018_021,1005,799,787,-12,5,782,EGYENI,,
49781,01_018_022,855,656,656,0,4,652,EGYENI,,
49783,01_018_023,926,732,732,0,5,727,EGYENI,,
49785,01_018_024,1083,718,716,-2,7,709,EGYENI,,
49787,01_018_025,982,779,777,-2,7,770,EGYENI,,
49789,01_018_026,1009,714,713,-1,4,709,EGYENI,,
49791,01_018_027,1218,880,879,-1,8,871,EGYENI,,
49793,01_018_028,1025,790,790,0,5,785,EGYENI,,
49795,01_018_029,1227,821,821,0,9,812,EGYENI,,
49797,01_018_030,1125,806,806,0,7,799,EGYENI,,
49799,01_018_031,1285,836,836,0,9,827,EGYENI,,
49801,01_018_032,1059,684,683,-1,3,680,EGYENI,,
49803,01_018_033,1074,691,691,0,7,684,EGYENI,,
49805,01_018_034,2871,2365,2356,-9,22,2334,EGYENI,,
49807,01_018_035,1017,670,670,0,8,662,EGYENI,,
49809,01_018_036,1030,668,668,0,12,656,EGYENI,,
49811,01_018_037,960,667,664,-3,7,657,EGYENI,,
49813,01_018_038,1083,703,703,0,13,690,EGYENI,,
49815,01_018_039,904,620,618,-2,2,616,EGYENI,,
49817,01_018_040,1059,814,814,0,7,807,EGYENI,,
49819,01_018_041,1147,871,871,0,5,866,EGYENI,,
50201,01_018_042,1194,911,911,0,3,908,EGYENI,,
50203,01_018_043,847,669,669,0,9,660,EGYENI,,
50205,01_018_044,1244,974,974,0,9,965,EGYENI,,
50207,01_018_045,713,520,519,-1,5,514,EGYENI,,
50209,01_018_046,823,640,640,0,7,633,EGYENI,,
50211,01_018_047,1047,808,808,0,12,796,EGYENI,,
50213,01_018_048,784,636,635,-1,4,631,EGYENI,,
50215,01_018_049,1035,771,770,-1,4,766,EGYENI,,
50217,01_018_050,1068,883,882,-1,5,877,EGYENI,,
50219,01_018_051,924,749,749,0,12,737,EGYENI,,
50221,01_018_052,1010,838,836,-2,8,828,EGYENI,,
50223,01_018_053,1140,953,952,-1,6,946,EGYENI,,
50225,01_018_054,1042,877,877,0,7,870,EGYENI,,
50227,01_018_055,1139,918,918,0,12,906,EGYENI,,
50229,01_018_056,1289,1019,1019,0,10,1009,EGYENI,,
50231,01_018_057,1104,937,928,-9,10,918,EGYENI,,
50233,01_018_058,1050,792,792,0,7,785,EGYENI,,
50235,01_018_059,1254,1010,1010,0,4,1006,EGYENI,,
50237,01_018_060,1199,899,889,-10,5,884,EGYENI,,
50239,01_018_061,1280,958,958,0,14,944,EGYENI,,
50241,01_018_062,1181,899,899,0,13,886,EGYENI,,
50243,01_018_063,1125,857,854,-3,8,846,EGYENI,,
50245,01_018_064,897,674,673,-1,5,668,EGYENI,,
50247,01_018_065,1127,842,842,0,5,837,EGYENI,,
50249,01_018_066,702,518,518,0,3,515,EGYENI,,
50251,01_018_067,1031,803,803,0,3,800,EGYENI,,
50253,01_018_068,929,713,713,0,4,709,EGYENI,,
50255,01_018_069,1156,880,879,-1,3,876,EGYENI,,
50257,01_018_070,1046,809,805,-4,10,795,EGYENI,,
50259,01_018_071,855,647,646,-1,4,642,EGYENI,,
50261,01_018_072,1122,832,832,0,9,823,EGYENI,,
50263,01_018_073,1062,812,810,-2,8,802,EGYENI,,
50265,01_018_074,1176,864,863,-1,3,860,EGYENI,,
50267,01_018_075,1209,975,975,0,15,960,EGYENI,,
50269,01_018_076,954,711,711,0,8,703,EGYENI,,
50271,01_019_001,797,554,553,-1,3,550,EGYENI,,
50273,01_019_002,990,695,693,-2,5,688,EGYENI,,
50275,01_019_003,906,664,664,0,3,661,EGYENI,,
50277,01_019_004,890,636,634,-2,6,628,EGYENI,,
50279,01_019_005,923,663,662,-1,3,659,EGYENI,,
50281,01_019_006,871,653,652,-1,5,647,EGYENI,,
50283,01_019_007,840,617,617,0,3,614,EGYENI,,
50285,01_019_008,890,643,643,0,2,641,EGYENI,,
50287,01_019_009,1046,796,797,1,13,784,EGYENI,,
50289,01_019_010,974,709,708,-1,3,705,EGYENI,,
50291,01_019_011,961,691,691,0,2,689,EGYENI,,
50293,01_019_012,989,706,706,0,6,700,EGYENI,,
50295,01_019_013,880,661,661,0,1,660,EGYENI,,
50297,01_019_014,909,631,631,0,2,629,EGYENI,,
50299,01_019_015,1010,789,788,-1,2,786,EGYENI,,
50301,01_019_016,906,666,666,0,5,661,EGYENI,,
50303,01_019_017,978,690,686,-4,4,682,EGYENI,,
50305,01_019_018,829,604,600,-4,1,599,EGYENI,,
50307,01_019_019,797,621,620,-1,0,620,EGYENI,,
50309,01_019_020,884,686,686,0,5,681,EGYENI,,
50311,01_019_021,796,630,630,0,4,626,EGYENI,,
50313,01_019_022,776,557,557,0,2,555,EGYENI,,
50315,01_019_023,1041,648,646,-2,1,645,EGYENI,,
50317,01_019_024,895,649,649,0,2,647,EGYENI,,
50319,01_019_025,832,602,602,0,1,601,EGYENI,,
50321,01_019_026,853,625,625,0,3,622,EGYENI,,
50323,01_019_027,726,518,518,0,2,516,EGYENI,,
50325,01_019_028,980,649,648,-1,3,645,EGYENI,,
50327,01_019_029,908,711,711,0,9,702,EGYENI,,
50329,01_019_030,975,753,753,0,3,750,EGYENI,,
50331,01_019_031,882,706,705,-1,5,700,EGYENI,,
50711,01_019_032,1182,951,951,0,8,943,EGYENI,,
50713,01_019_033,995,811,810,-1,7,803,EGYENI,,
50715,01_019_034,967,757,757,0,7,750,EGYENI,,
50717,01_019_035,1097,882,881,-1,1,880,EGYENI,,
50719,01_019_036,1171,895,890,-5,6,884,EGYENI,,
50721,01_019_037,1063,760,760,0,4,756,EGYENI,,
50723,01_019_038,1183,873,874,1,15,859,EGYENI,,
50725,01_019_039,920,693,693,0,4,689,EGYENI,,
50727,01_019_040,1072,794,794,0,5,789,EGYENI,,
50729,01_019_041,1197,872,869,-3,6,863,EGYENI,,
50731,01_019_042,1047,774,774,0,3,771,EGYENI,,
50733,01_019_043,836,615,615,0,5,610,EGYENI,,
50735,01_019_044,1006,730,729,-1,6,723,EGYENI,,
50737,01_019_045,1010,617,617,0,7,610,EGYENI,,
50739,01_019_046,982,774,770,-4,11,759,EGYENI,,
50741,01_019_047,944,779,779,0,9,770,EGYENI,,
50743,01_019_048,1221,992,992,0,7,985,EGYENI,,
50745,01_020_001,841,589,589,0,4,585,EGYENI,,
50747,01_020_002,1025,839,838,-1,6,832,EGYENI,,
50749,01_020_003,612,415,415,0,2,413,EGYENI,,
50751,01_020_004,665,461,461,0,7,454,EGYENI,,
50753,01_020_005,872,624,622,-2,7,615,EGYENI,,
50755,01_020_006,2781,2387,2383,-4,24,2359,EGYENI,,
50757,01_020_007,690,507,507,0,1,506,EGYENI,,
50759,01_020_008,980,717,717,0,11,706,EGYENI,,
50761,01_020_009,867,617,617,0,5,612,EGYENI,,
50763,01_020_010,709,508,508,0,2,506,EGYENI,,
50765,01_020_011,1022,570,569,-1,2,567,EGYENI,,
50767,01_020_012,852,558,558,0,6,552,EGYENI,,
50769,01_020_013,1023,765,764,-1,7,757,EGYENI,,
50771,01_020_014,767,505,501,-4,4,497,EGYENI,,
50773,01_020_015,762,446,446,0,7,439,EGYENI,,
50775,01_020_016,914,506,505,-1,8,497,EGYENI,,
50777,01_020_017,905,558,558,0,4,554,EGYENI,,
50779,01_020_018,722,406,405,-1,2,403,EGYENI,,
50781,01_020_019,1331,929,928,-1,13,915,EGYENI,,
50783,01_020_020,1117,740,739,-1,7,732,EGYENI,,
50785,01_020_021,834,621,621,0,9,612,EGYENI,,
50787,01_020_022,859,613,613,0,6,607,EGYENI,,
50789,01_020_023,648,492,492,0,5,487,EGYENI,,
50791,01_020_024,649,485,485,0,11,474,EGYENI,,
50793,01_020_025,810,582,582,0,6,576,EGYENI,,
50795,01_020_026,853,594,591,-3,4,587,EGYENI,,
50797,01_020_027,809,547,546,-1,4,542,EGYENI,,
50799,01_020_028,771,556,555,-1,3,552,EGYENI,,
50801,01_020_029,648,484,484,0,3,481,EGYENI,,
50803,01_020_030,739,548,548,0,6,542,EGYENI,,
50805,01_020_031,636,471,471,0,1,470,EGYENI,,
50807,01_020_032,614,430,430,0,7,423,EGYENI,,
50809,01_020_033,599,462,461,-1,5,456,EGYENI,,
50811,01_020_034,808,566,561,-5,4,557,EGYENI,,
50813,01_020_035,880,610,609,-1,6,603,EGYENI,,
50815,01_020_036,869,540,537,-3,5,532,EGYENI,,
50817,01_020_037,876,592,591,-1,9,582,EGYENI,,
50819,01_020_038,701,490,490,0,6,484,EGYENI,,
50821,01_020_039,947,651,651,0,5,646,EGYENI,,
50823,01_020_040,903,653,652,-1,7,645,EGYENI,,
50825,01_020_041,752,547,547,0,2,545,EGYENI,,
50827,01_020_042,957,692,692,0,11,681,EGYENI,,
50829,01_020_043,758,535,534,-1,7,527,EGYENI,,
50831,01_020_044,756,547,544,-3,5,539,EGYENI,,
50833,01_020_045,987,647,644,-3,5,639,EGYENI,,
50835,01_020_046,627,466,465,-1,4,461,EGYENI,,
50837,01_020_047,858,656,656,0,5,651,EGYENI,,
50839,01_020_048,686,506,506,0,2,504,EGYENI,,
50841,01_020_049,885,699,698,-1,12,686,EGYENI,,
50843,01_020_050,1026,749,749,0,4,745,EGYENI,,
50845,01_020_051,749,578,578,0,7,571,EGYENI,,
50847,01_020_052,804,595,594,-1,5,589,EGYENI,,
50849,01_020_053,624,462,462,0,4,458,EGYENI,,
42785,01_020_054,851,627,627,0,7,620,EGYENI,,
42787,01_020_055,780,528,528,0,3,525,EGYENI,,
42789,01_020_056,901,638,636,-2,6,630,EGYENI,,
42791,01_020_057,801,578,578,0,1,577,EGYENI,,
42793,01_020_058,1020,672,672,0,12,660,EGYENI,,
42795,01_020_059,806,614,614,0,3,611,EGYENI,,
42797,01_020_060,875,619,619,0,4,615,EGYENI,,
42799,01_020_061,652,426,426,0,4,422,EGYENI,,
42801,01_021_001,836,676,676,0,3,673,EGYENI,,
42803,01_021_002,838,670,670,0,12,658,EGYENI,,
42805,01_021_003,771,624,623,-1,9,614,EGYENI,,
42807,01_021_004,764,603,603,0,4,599,EGYENI,,
42809,01_021_005,858,685,685,0,12,673,EGYENI,,
42811,01_021_006,818,623,623,0,9,614,EGYENI,,
42813,01_021_007,722,567,564,-3,18,546,EGYENI,,
42815,01_021_008,962,744,740,-4,8,732,EGYENI,,
42817,01_021_009,947,732,730,-2,12,718,EGYENI,,
42819,01_021_010,992,790,790,0,13,777,EGYENI,,
42821,01_021_011,762,605,605,0,9,596,EGYENI,,
42823,01_021_012,834,676,673,-3,18,655,EGYENI,,
42825,01_021_013,823,629,629,0,10,619,EGYENI,,
42827,01_021_014,932,728,728,0,8,720,EGYENI,,
42829,01_021_015,2816,2457,2456,-1,44,2412,EGYENI,,
42831,01_021_016,810,615,613,-2,10,603,EGYENI,,
42833,01_021_017,1016,800,800,0,6,794,EGYENI,,
42835,01_021_018,921,719,719,0,12,707,EGYENI,,
42837,01_021_019,756,604,603,-1,9,594,EGYENI,,
42839,01_021_020,670,542,542,0,2,540,EGYENI,,
42841,01_021_021,799,614,611,-3,11,600,EGYENI,,
42843,01_021_022,886,680,680,0,10,670,EGYENI,,
42845,01_021_023,821,589,589,0,14,575,EGYENI,,
42847,01_021_024,786,526,525,-1,9,516,EGYENI,,
42849,01_021_025,848,609,606,-3,14,592,EGYENI,,
42851,01_021_026,855,622,622,0,6,616,EGYENI,,
42853,01_021_027,739,556,553,-3,8,545,EGYENI,,
42855,01_021_028,970,683,682,-1,3,679,EGYENI,,
42857,01_021_029,706,460,460,0,9,451,EGYENI,,
42859,01_021_030,764,493,493,0,11,482,EGYENI,,
42861,01_021_031,783,548,548,0,9,539,EGYENI,,
42863,01_021_032,991,702,698,-4,9,689,EGYENI,,
42865,01_021_033,879,588,587,-1,11,576,EGYENI,,
42867,01_021_034,744,366,364,-2,7,357,EGYENI,,
42869,01_021_035,736,380,376,-4,3,373,EGYENI,,
42871,01_021_036,840,555,555,0,10,545,EGYENI,,
42873,01_021_037,859,581,581,0,9,572,EGYENI,,
42875,01_021_038,810,321,321,0,5,316,EGYENI,,
42877,01_021_039,716,504,503,-1,16,487,EGYENI,,
42879,01_021_040,962,654,652,-2,11,641,EGYENI,,
42881,01_021_041,823,471,470,-1,3,467,EGYENI,,
42883,01_021_042,960,606,605,-1,17,588,EGYENI,,
42885,01_021_043,1069,733,731,-2,15,716,EGYENI,,
42887,01_021_044,729,518,518,0,12,506,EGYENI,,
42889,01_021_045,687,484,484,0,8,476,EGYENI,,
42891,01_021_046,932,624,624,0,7,617,EGYENI,,
42893,01_021_047,713,473,471,-2,7,464,EGYENI,,
42895,01_021_048,795,651,650,-1,9,641,EGYENI,,
42897,01_021_049,779,610,610,0,9,601,EGYENI,,
42899,01_021_050,827,621,621,0,8,613,EGYENI,,
42901,01_021_051,859,645,642,-3,14,628,EGYENI,,
42903,01_021_052,775,524,523,-1,10,513,EGYENI,,
42905,01_021_053,845,627,624,-3,3,621,EGYENI,,
42907,01_021_054,798,629,629,0,13,616,EGYENI,,
42909,01_021_055,886,680,679,-1,9,670,EGYENI,,
42911,01_021_056,799,537,537,0,11,526,EGYENI,,
43319,01_021_057,800,562,562,0,10,552,EGYENI,,
43321,01_021_058,972,772,772,0,6,766,EGYENI,,
43323,01_021_059,958,775,772,-3,8,764,EGYENI,,
43325,01_021_060,829,653,653,0,10,643,EGYENI,,
43327,01_021_061,751,599,599,0,5,594,EGYENI,,
43329,01_021_062,866,542,541,-1,21,520,EGYENI,,
43331,01_021_063,746,548,548,0,11,537,EGYENI,,
43333,01_021_064,846,611,611,0,7,604,EGYENI,,
43335,01_021_065,1034,599,599,0,14,585,EGYENI,,
43337,01_021_066,925,645,645,0,17,628,EGYENI,,
43339,01_021_067,865,555,554,-1,17,537,EGYENI,,
43341,01_021_068,961,703,703,0,8,695,EGYENI,,
43343,01_021_069,770,591,591,0,15,576,EGYENI,,
43345,01_021_070,728,459,459,0,20,439,EGYENI,,
43347,01_022_001,1058,907,907,0,3,904,EGYENI,,
43349,01_022_002,934,791,790,-1,12,778,EGYENI,,
43351,01_022_003,1160,964,963,-1,1,962,EGYENI,,
43353,01_022_004,1268,1047,1047,0,2,1045,EGYENI,,
43355,01_022_005,1315,1122,1121,-1,8,1113,EGYENI,,
43357,01_022_006,1283,1067,1064,-3,2,1062,EGYENI,,
43359,01_022_007,988,726,725,-1,9,716,EGYENI,,
43361,01_022_008,850,620,618,-2,4,614,EGYENI,,
43363,01_022_009,3287,2804,2797,-7,24,2773,EGYENI,,
43365,01_022_010,628,378,376,-2,6,370,EGYENI,,
43367,01_022_011,1184,862,861,-1,6,855,EGYENI,,
43369,01_022_012,1213,1018,1017,-1,4,1013,EGYENI,,
43371,01_022_013,1161,863,863,0,7,856,EGYENI,,
43373,01_022_014,1141,946,946,0,6,940,EGYENI,,
43375,01_022_015,1041,829,829,0,1,828,EGYENI,,
43377,01_022_016,1233,980,978,-2,5,973,EGYENI,,
43379,01_022_017,960,732,733,1,8,725,EGYENI,,
43381,01_022_018,1014,703,701,-2,5,696,EGYENI,,
43383,01_022_019,1100,935,933,-2,5,928,EGYENI,,
43385,01_022_020,1163,949,949,0,4,945,EGYENI,,
43387,01_022_021,1154,942,941,-1,6,935,EGYENI,,
43389,01_022_022,971,803,803,0,1,802,EGYENI,,
43391,01_022_023,1195,920,917,-3,7,910,EGYENI,,
43393,01_022_024,1236,999,996,-3,5,991,EGYENI,,
43395,01_022_025,996,797,797,0,4,793,EGYENI,,
43397,01_022_026,1134,829,829,0,10,819,EGYENI,,
43399,01_022_027,1220,983,983,0,0,983,EGYENI,,
43401,01_022_028,1140,925,925,0,6,919,EGYENI,,
43403,01_022_029,1270,987,985,-2,3,982,EGYENI,,
43405,01_022_030,1183,883,879,-4,4,875,EGYENI,,
43407,01_022_031,1201,953,952,-1,9,943,EGYENI,,
43409,01_022_032,1185,960,959,-1,5,954,EGYENI,,
43411,01_022_033,1192,892,892,0,6,886,EGYENI,,
43413,01_022_034,1147,859,858,-1,4,854,EGYENI,,
43415,01_022_035,1235,858,857,-1,15,842,EGYENI,,
43417,01_022_036,1395,987,983,-4,14,969,EGYENI,,
43419,01_022_037,1290,939,939,0,7,932,EGYENI,,
43421,01_023_001,654,466,466,0,3,463,EGYENI,,
43423,01_023_002,730,538,539,1,18,521,EGYENI,,
43425,01_023_003,950,710,710,0,8,702,EGYENI,,
43427,01_023_004,668,530,529,-1,6,523,EGYENI,,
43429,01_023_005,570,397,397,0,4,393,EGYENI,,
43431,01_023_006,679,545,545,0,17,528,EGYENI,,
43433,01_023_007,678,467,467,0,5,462,EGYENI,,
43435,01_023_008,602,411,411,0,2,409,EGYENI,,
43437,01_023_009,625,457,455,-2,4,451,EGYENI,,
43439,01_023_010,614,454,453,-1,6,447,EGYENI,,
43837,01_023_011,654,489,489,0,10,479,EGYENI,,
43839,01_023_012,799,562,562,0,5,557,EGYENI,,
43841,01_023_013,652,515,515,0,7,508,EGYENI,,
43843,01_023_014,756,535,535,0,10,525,EGYENI,,
43845,01_023_015,663,433,432,-1,6,426,EGYENI,,
43847,01_023_016,742,559,558,-1,13,545,EGYENI,,
43849,01_023_017,703,469,470,1,14,456,EGYENI,,
43851,01_023_018,926,664,664,0,5,659,EGYENI,,
43853,01_023_019,879,650,647,-3,4,643,EGYENI,,
43855,01_023_020,674,476,476,0,11,465,EGYENI,,
43857,01_023_021,826,502,502,0,5,497,EGYENI,,
43859,01_023_022,863,637,637,0,14,623,EGYENI,,
43861,01_023_023,840,588,583,-5,9,574,EGYENI,,
43863,01_023_024,613,464,464,0,7,457,EGYENI,,
43865,02_001_001,543,376,376,0,3,373,EGYENI,,
43867,02_002_001,153,82,82,0,2,80,EGYENI,,
43869,02_003_001,319,231,231,0,1,230,EGYENI,,
43871,02_004_001,68,51,51,0,0,51,EGYENI,,
43873,02_005_001,248,150,150,0,2,148,EGYENI,,
43875,02_006_001,824,503,503,0,14,489,EGYENI,,
43877,02_007_001,108,77,77,0,1,76,EGYENI,,
43879,02_008_001,293,175,175,0,2,173,EGYENI,,
43881,02_009_001,137,92,92,0,0,92,EGYENI,,
43883,02_010_001,160,108,106,-2,0,106,EGYENI,,
43885,02_011_001,577,369,369,0,5,364,EGYENI,,
43887,02_012_001,84,45,45,0,0,45,EGYENI,,
43889,02_013_001,287,176,176,0,2,174,EGYENI,,
43891,02_014_001,239,115,115,0,9,106,EGYENI,,
43893,02_015_001,634,409,409,0,8,401,EGYENI,,
43896,02_016_001,157,104,104,0,4,100,EGYENI,,
43898,02_017_001,348,214,214,0,4,210,EGYENI,,
43899,02_018_001,103,78,78,0,0,78,EGYENI,,
43901,02_019_001,147,94,94,0,1,93,EGYENI,,
43903,02_020_001,142,77,77,0,0,77,EGYENI,,
43905,02_021_001,432,286,286,0,0,286,EGYENI,,
43907,02_022_001,330,197,197,0,5,192,EGYENI,,
43909,02_023_001,682,441,441,0,4,437,EGYENI,,
43911,02_023_002,683,426,426,0,3,423,EGYENI,,
43913,02_023_003,655,413,413,0,9,404,EGYENI,,
43915,02_024_001,685,401,401,0,4,397,EGYENI,,
43917,02_025_001,89,54,54,0,0,54,EGYENI,,
43919,02_026_001,197,136,136,0,2,134,EGYENI,,
43921,02_027_001,795,541,541,0,11,530,EGYENI,,
43923,02_028_001,594,416,416,0,5,411,EGYENI,,
43925,02_029_001,408,294,294,0,6,288,EGYENI,,
43927,02_030_001,193,119,119,0,3,116,EGYENI,,
43929,02_031_001,344,229,229,0,1,228,EGYENI,,
43931,02_032_001,175,123,123,0,2,121,EGYENI,,
43933,02_033_001,843,582,582,0,6,576,EGYENI,,
43935,02_034_001,334,202,202,0,3,199,EGYENI,,
43937,02_035_001,215,136,111,-25,2,109,EGYENI,,
43939,02_036_001,215,152,152,0,2,150,EGYENI,,
43941,02_036_002,36,29,29,0,0,29,EGYENI,,
43943,02_036_003,66,54,54,0,0,54,EGYENI,,
43945,02_037_001,322,196,196,0,5,191,EGYENI,,
43947,02_038_001,107,67,67,0,0,67,EGYENI,,
43949,02_039_001,247,161,161,0,6,155,EGYENI,,
43951,02_040_001,713,473,472,-1,5,467,EGYENI,,
43953,02_040_002,650,454,454,0,10,444,EGYENI,,
43955,02_040_003,820,609,608,-1,1,607,EGYENI,,
43957,02_040_004,644,466,466,0,6,460,EGYENI,,
43959,02_041_001,470,286,286,0,8,278,EGYENI,,
43961,02_041_002,412,221,221,0,1,220,EGYENI,,
43963,02_042_001,69,42,42,0,0,42,EGYENI,,
43965,02_043_001,118,87,87,0,0,87,EGYENI,,
43967,02_044_001,520,301,301,0,8,293,EGYENI,,
43969,02_045_001,72,48,48,0,1,47,EGYENI,,
43971,02_046_001,284,143,143,0,6,137,EGYENI,,
43973,02_047_001,490,333,333,0,1,332,EGYENI,,
43975,02_048_001,313,199,199,0,3,196,EGYENI,,
43977,02_049_001,124,88,88,0,3,85,EGYENI,,
44379,02_050_001,167,114,114,0,3,111,EGYENI,,
44381,02_051_001,463,244,244,0,8,236,EGYENI,,
44383,02_052_001,65,41,41,0,0,41,EGYENI,,
44385,02_053_001,559,317,317,0,6,311,EGYENI,,
44387,02_054_001,154,90,90,0,0,90,EGYENI,,
44389,02_055_001,179,111,111,0,6,105,EGYENI,,
44391,02_056_001,397,233,233,0,2,231,EGYENI,,
44393,02_057_001,139,86,86,0,2,84,EGYENI,,
44395,02_058_001,105,70,70,0,0,70,EGYENI,,
44397,02_059_001,211,120,119,-1,3,116,EGYENI,,
44399,02_060_001,69,40,40,0,1,39,EGYENI,,
44401,02_061_001,535,336,335,-1,2,333,EGYENI,,
44403,02_062_001,143,88,88,0,0,88,EGYENI,,
44405,02_063_001,339,207,207,0,3,204,EGYENI,,
44407,02_064_001,817,442,442,0,8,434,EGYENI,,
44409,02_064_002,724,460,460,0,5,455,EGYENI,,
44411,02_065_001,796,550,549,-1,4,545,EGYENI,,
44413,02_066_001,242,150,150,0,3,147,EGYENI,,
44415,02_067_001,613,423,423,0,3,420,EGYENI,,
44417,02_068_001,174,131,131,0,2,129,EGYENI,,
44419,02_069_001,298,194,194,0,7,187,EGYENI,,
44421,02_070_001,60,48,48,0,0,48,EGYENI,,
44423,02_071_001,291,197,187,-10,11,176,EGYENI,,
44425,02_072_001,246,152,152,0,0,152,EGYENI,,
44427,02_073_001,157,107,107,0,0,107,EGYENI,,
44429,02_074_001,154,123,123,0,5,118,EGYENI,,
44431,02_075_001,115,76,76,0,0,76,EGYENI,,
44433,02_076_001,711,442,441,-1,4,437,EGYENI,,
44435,02_077_001,228,172,172,0,5,167,EGYENI,,
44437,02_078_001,401,234,234,0,4,230,EGYENI,,
44439,02_079_001,370,250,250,0,3,247,EGYENI,,
44441,02_079_002,250,148,148,0,3,145,EGYENI,,
44443,02_080_001,164,82,82,0,2,80,EGYENI,,
44445,02_081_001,249,147,147,0,1,146,EGYENI,,
44447,02_082_001,211,132,131,-1,6,125,EGYENI,,
44449,02_083_001,493,308,308,0,9,299,EGYENI,,
44451,02_083_002,186,127,127,0,2,125,EGYENI,,
44453,02_084_001,603,423,423,0,4,419,EGYENI,,
44455,02_084_002,525,295,295,0,2,293,EGYENI,,
44457,02_084_003,138,66,66,0,2,64,EGYENI,,
44459,02_085_001,309,193,193,0,1,192,EGYENI,,
44461,02_086_001,548,377,377,0,6,371,EGYENI,,
44463,02_087_001,109,64,64,0,1,63,EGYENI,,
44465,02_088_001,226,120,120,0,3,117,EGYENI,,
44467,02_089_001,711,497,497,0,3,494,EGYENI,,
44469,02_089_002,851,612,612,0,9,603,EGYENI,,
44471,02_089_003,903,643,646,3,24,622,EGYENI,,
44473,02_089_004,997,629,628,-1,7,621,EGYENI,,
44475,02_090_001,236,182,182,0,3,179,EGYENI,,
44477,02_091_001,119,82,82,0,2,80,EGYENI,,
44479,02_092_001,341,206,206,0,8,198,EGYENI,,
44481,02_093_001,289,173,173,0,15,158,EGYENI,,
44483,02_094_001,366,241,240,-1,5,235,EGYENI,,
44485,02_095_001,833,523,523,0,4,519,EGYENI,,
44487,02_095_002,850,578,578,0,8,570,EGYENI,,
44489,02_096_001,349,242,242,0,5,237,EGYENI,,
44491,02_096_002,499,330,328,-2,5,323,EGYENI,,
44493,02_097_001,179,97,97,0,3,94,EGYENI,,
44495,02_098_001,368,229,229,0,2,227,EGYENI,,
44497,02_098_002,393,266,266,0,1,265,EGYENI,,
44499,02_099_001,471,318,317,-1,6,311,EGYENI,,
44501,02_100_001,41,31,31,0,2,29,EGYENI,,
44503,02_101_001,928,635,634,-1,6,628,EGYENI,,
44505,02_101_002,820,606,606,0,7,599,EGYENI,,
44507,02_101_003,886,581,581,0,5,576,EGYENI,,
44509,02_102_001,49,24,24,0,0,24,EGYENI,,
44511,02_103_001,172,93,93,0,0,93,EGYENI,,
44513,02_104_001,215,124,124,0,1,123,EGYENI,,
44515,02_105_001,175,121,121,0,0,121,EGYENI,,
44517,02_106_001,102,64,64,0,1,63,EGYENI,,
44519,02_107_001,191,136,136,0,3,133,EGYENI,,
44521,02_108_001,213,145,144,-1,4,140,EGYENI,,
44523,02_109_001,123,71,71,0,1,70,EGYENI,,
44945,02_110_001,168,108,108,0,13,95,EGYENI,,
44947,02_111_001,258,170,170,0,3,167,EGYENI,,
44949,02_112_001,262,171,171,0,4,167,EGYENI,,
44951,02_113_001,259,171,171,0,4,167,EGYENI,,
44953,02_114_001,49,39,39,0,0,39,EGYENI,,
44955,02_115_001,1034,804,804,0,2,802,EGYENI,,
44957,02_116_001,138,97,97,0,0,97,EGYENI,,
44959,02_117_001,369,251,250,-1,1,249,EGYENI,,
44961,02_118_001,546,345,345,0,3,342,EGYENI,,
44963,02_119_001,728,417,416,-1,4,412,EGYENI,,
44965,02_120_001,162,95,95,0,16,79,EGYENI,,
44967,02_121_001,62,44,44,0,0,44,EGYENI,,
44969,02_122_001,87,46,46,0,2,44,EGYENI,,
44971,02_123_001,98,68,68,0,2,66,EGYENI,,
44973,02_124_001,189,106,106,0,0,106,EGYENI,,
44975,02_125_001,154,79,79,0,3,76,EGYENI,,
44977,02_126_001,401,246,246,0,2,244,EGYENI,,
44979,02_127_001,172,106,106,0,3,103,EGYENI,,
44981,02_128_001,112,68,68,0,0,68,EGYENI,,
44983,02_129_001,199,137,137,0,0,137,EGYENI,,
44985,02_130_001,240,155,154,-1,3,151,EGYENI,,
44987,02_131_001,139,83,83,0,4,79,EGYENI,,
44989,02_132_001,126,92,92,0,5,87,EGYENI,,
44991,02_132_002,73,37,37,0,4,33,EGYENI,,
44993,02_133_001,102,64,64,0,0,64,EGYENI,,
44995,02_134_001,172,111,111,0,1,110,EGYENI,,
44997,02_135_001,252,158,158,0,0,158,EGYENI,,
44999,02_136_001,250,148,148,0,1,147,EGYENI,,
45001,02_137_001,946,555,555,0,4,551,EGYENI,,
45003,02_137_002,997,601,601,0,9,592,EGYENI,,
45005,02_137_003,952,594,594,0,6,588,EGYENI,,
45007,02_137_004,1020,648,645,-3,4,641,EGYENI,,
45009,02_137_005,1035,529,529,0,15,514,EGYENI,,
45011,02_137_006,835,553,552,-1,2,550,EGYENI,,
45013,02_137_007,1068,759,747,-12,10,737,EGYENI,,
45015,02_137_008,982,645,644,-1,7,637,EGYENI,,
45017,02_137_009,833,529,529,0,3,526,EGYENI,,
45019,02_137_010,658,435,432,-3,1,431,EGYENI,,
45021,02_137_011,831,582,578,-4,1,577,EGYENI,,
45023,02_137_012,986,450,450,0,5,445,EGYENI,,
45025,02_137_013,929,512,511,-1,5,506,EGYENI,,
45027,02_137_014,1026,626,626,0,2,624,EGYENI,,
45029,02_137_015,799,537,537,0,4,533,EGYENI,,
45031,02_137_016,1074,590,589,-1,6,583,EGYENI,,
45033,02_137_017,1029,593,593,0,2,591,EGYENI,,
45035,02_137_018,939,535,535,0,6,529,EGYENI,,
45037,02_137_019,1035,606,605,-1,7,598,EGYENI,,
45039,02_137_020,1051,775,775,0,6,769,EGYENI,,
45041,02_137_021,336,261,261,0,0,261,EGYENI,,
45043,02_137_022,644,368,368,0,3,365,EGYENI,,
45045,02_137_023,153,89,89,0,0,89,EGYENI,,
45047,02_138_001,205,126,126,0,2,124,EGYENI,,
45049,02_139_001,54,46,46,0,1,45,EGYENI,,
45051,02_140_001,989,690,690,0,5,685,EGYENI,,
45053,02_140_002,804,616,612,-4,5,607,EGYENI,,
45055,02_140_003,947,755,754,-1,3,751,EGYENI,,
45057,02_140_004,897,704,703,-1,7,696,EGYENI,,
45059,02_140_005,956,737,737,0,7,730,EGYENI,,
45061,02_141_001,163,108,108,0,8,100,EGYENI,,
45063,02_142_001,179,113,113,0,1,112,EGYENI,,
45065,02_143_001,535,379,379,0,4,375,EGYENI,,
45067,02_144_001,815,446,446,0,6,440,EGYENI,,
45069,02_145_001,554,369,369,0,3,366,EGYENI,,
45071,02_145_002,473,238,239,1,11,228,EGYENI,,
45073,02_146_001,276,168,168,0,4,164,EGYENI,,
45075,02_147_001,153,106,106,0,1,105,EGYENI,,
45077,02_148_001,1056,735,723,-12,9,714,EGYENI,,
45079,02_148_002,955,615,615,0,9,606,EGYENI,,
45081,02_149_001,316,210,209,-1,3,206,EGYENI,,
45083,02_150_001,409,270,270,0,3,267,EGYENI,,
45085,02_151_001,165,99,99,0,7,92,EGYENI,,
45087,02_152_001,201,119,119,0,1,118,EGYENI,,
45501,02_153_001,230,138,138,0,2,136,EGYENI,,
45503,02_154_001,156,83,83,0,2,81,EGYENI,,
45505,02_155_001,778,469,469,0,10,459,EGYENI,,
45507,02_156_001,614,408,405,-3,7,398,EGYENI,,
45509,02_157_001,434,310,310,0,10,300,EGYENI,,
45511,02_157_002,93,67,67,0,1,66,EGYENI,,
45513,02_158_001,62,50,50,0,2,48,EGYENI,,
45515,02_159_001,247,144,144,0,2,142,EGYENI,,
45517,02_160_001,254,177,176,-1,1,175,EGYENI,,
45519,02_161_001,816,612,611,-1,4,607,EGYENI,,
45521,02_162_001,145,99,99,0,0,99,EGYENI,,
45523,02_163_001,776,504,504,0,8,496,EGYENI,,
45525,02_164_001,155,95,95,0,3,92,EGYENI,,
45527,02_165_001,48,34,34,0,1,33,EGYENI,,
45529,02_166_001,69,57,57,0,0,57,EGYENI,,
45531,02_167_001,166,142,142,0,1,141,EGYENI,,
45533,02_168_001,276,187,187,0,1,186,EGYENI,,
45535,02_169_001,958,601,601,0,9,592,EGYENI,,
45537,02_169_002,925,553,550,-3,11,539,EGYENI,,
45539,02_170_001,609,415,409,-6,2,407,EGYENI,,
45541,02_171_001,158,113,113,0,1,112,EGYENI,,
45543,02_172_001,413,234,234,0,1,233,EGYENI,,
45545,02_173_001,351,254,254,0,2,252,EGYENI,,
45547,02_174_001,702,455,454,-1,3,451,EGYENI,,
45549,02_174_002,240,148,148,0,2,146,EGYENI,,
45551,02_175_001,657,438,438,0,13,425,EGYENI,,
45553,02_175_002,632,441,441,0,10,431,EGYENI,,
45555,02_176_001,348,226,226,0,1,225,EGYENI,,
45557,02_177_001,221,143,143,0,4,139,EGYENI,,
45559,02_178_001,205,122,122,0,3,119,EGYENI,,
45561,02_179_001,93,61,61,0,1,60,EGYENI,,
45563,02_180_001,264,140,140,0,4,136,EGYENI,,
45565,02_180_002,386,258,249,-9,1,248,EGYENI,,
45567,02_181_001,797,555,555,0,7,548,EGYENI,,
45569,02_181_002,618,438,438,0,3,435,EGYENI,,
45571,02_181_003,2631,2227,2217,-10,24,2193,EGYENI,,
45573,02_181_004,814,582,582,0,5,577,EGYENI,,
45575,02_181_005,566,370,369,-1,3,366,EGYENI,,
45577,02_181_006,593,418,404,-14,3,401,EGYENI,,
45579,02_181_007,816,584,581,-3,7,574,EGYENI,,
45581,02_181_008,702,492,492,0,0,492,EGYENI,,
45583,02_181_009,623,281,281,0,5,276,EGYENI,,
45585,02_181_010,850,607,607,0,5,602,EGYENI,,
45587,02_181_011,807,468,468,0,3,465,EGYENI,,
45589,02_181_012,921,628,627,-1,11,616,EGYENI,,
45591,02_181_013,733,524,524,0,4,520,EGYENI,,
45593,02_181_014,763,555,546,-9,7,539,EGYENI,,
45595,02_181_015,795,544,542,-2,3,539,EGYENI,,
45597,02_181_016,842,478,478,0,7,471,EGYENI,,
45599,02_181_017,787,427,427,0,6,421,EGYENI,,
45601,02_181_018,719,358,351,-7,4,347,EGYENI,,
45603,02_181_019,728,466,466,0,2,464,EGYENI,,
45605,02_181_020,107,63,63,0,1,62,EGYENI,,
45607,02_181_021,202,133,133,0,0,133,EGYENI,,
45609,02_181_022,66,34,34,0,0,34,EGYENI,,
45611,02_181_023,476,287,287,0,4,283,EGYENI,,
45613,02_182_001,143,100,100,0,3,97,EGYENI,,
45615,02_183_001,123,84,84,0,1,83,EGYENI,,
45617,02_184_001,450,286,286,0,1,285,EGYENI,,
45619,02_184_002,250,128,128,0,1,127,EGYENI,,
45621,02_185_001,149,96,96,0,0,96,EGYENI,,
45623,02_186_001,109,77,77,0,3,74,EGYENI,,
45625,02_187_001,479,260,260,0,2,258,EGYENI,,
45627,02_188_001,253,163,163,0,3,160,EGYENI,,
45629,02_189_001,604,346,345,-1,3,342,EGYENI,,
45631,02_189_002,583,367,367,0,9,358,EGYENI,,
45633,02_190_001,713,510,508,-2,10,498,EGYENI,,
45635,02_190_002,783,615,615,0,4,611,EGYENI,,
45637,02_191_001,566,427,428,1,11,417,EGYENI,,
45639,02_192_001,318,205,205,0,3,202,EGYENI,,
45641,02_193_001,547,369,371,2,14,357,EGYENI,,
45643,02_194_001,275,182,182,0,1,181,EGYENI,,
45645,02_195_001,248,194,184,-10,4,180,EGYENI,,
46061,02_196_001,108,72,72,0,2,70,EGYENI,,
46063,02_196_002,94,67,67,0,1,66,EGYENI,,
46065,02_197_001,191,121,121,0,3,118,EGYENI,,
46067,02_198_001,127,71,71,0,2,69,EGYENI,,
46069,02_199_001,66,41,41,0,0,41,EGYENI,,
46071,02_200_001,491,355,354,-1,1,353,EGYENI,,
46073,02_201_001,244,155,155,0,2,153,EGYENI,,
46075,02_202_001,814,585,585,0,2,583,EGYENI,,
46077,02_203_001,231,162,162,0,2,160,EGYENI,,
46079,02_204_001,114,81,81,0,1,80,EGYENI,,
46081,02_205_001,344,233,233,0,4,229,EGYENI,,
46083,02_206_001,271,201,201,0,7,194,EGYENI,,
46085,02_207_001,114,84,84,0,0,84,EGYENI,,
46087,02_208_001,79,56,56,0,0,56,EGYENI,,
46089,02_209_001,230,160,160,0,4,156,EGYENI,,
46091,02_210_001,333,223,223,0,1,222,EGYENI,,
46093,02_210_002,376,275,275,0,3,272,EGYENI,,
46095,02_211_001,279,164,163,-1,2,161,EGYENI,,
46097,02_212_001,137,101,101,0,2,99,EGYENI,,
46099,02_213_001,902,616,616,0,2,614,EGYENI,,
46101,02_213_002,845,608,608,0,7,601,EGYENI,,
46103,02_214_001,132,95,95,0,0,95,EGYENI,,
46105,02_215_001,162,110,110,0,6,104,EGYENI,,
46107,02_216_001,103,66,66,0,2,64,EGYENI,,
46109,02_217_001,803,553,553,0,7,546,EGYENI,,
46111,02_217_002,589,398,398,0,4,394,EGYENI,,
46113,02_217_003,625,378,378,0,3,375,EGYENI,,
46115,02_217_004,597,354,354,0,2,352,EGYENI,,
46117,02_217_005,802,539,539,0,7,532,EGYENI,,
46119,02_217_006,859,554,554,0,6,548,EGYENI,,
46121,02_217_007,848,508,508,0,4,504,EGYENI,,
46123,02_217_008,800,441,440,-1,6,434,EGYENI,,
46125,02_217_009,1019,670,670,0,7,663,EGYENI,,
46127,02_217_010,876,510,510,0,3,507,EGYENI,,
46129,02_217_011,685,511,511,0,5,506,EGYENI,,
46131,02_217_012,964,511,511,0,3,508,EGYENI,,
46133,02_217_013,701,479,478,-1,5,473,EGYENI,,
46135,02_217_014,697,378,377,-1,3,374,EGYENI,,
46137,02_217_015,625,379,379,0,2,377,EGYENI,,
46139,02_217_016,745,429,429,0,5,424,EGYENI,,
46141,02_217_017,620,361,360,-1,5,355,EGYENI,,
46143,02_217_018,807,620,620,0,4,616,EGYENI,,
46145,02_217_019,853,599,599,0,6,593,EGYENI,,
46147,02_217_020,670,420,419,-1,2,417,EGYENI,,
46149,02_217_021,892,684,683,-1,4,679,EGYENI,,
46151,02_217_022,1147,820,820,0,22,798,EGYENI,,
46153,02_217_023,947,722,722,0,4,718,EGYENI,,
46155,02_217_024,164,135,132,-3,1,131,EGYENI,,
46157,02_217_025,724,419,419,0,2,417,EGYENI,,
46159,02_217_026,602,395,395,0,4,391,EGYENI,,
46161,02_217_027,975,772,771,-1,5,766,EGYENI,,
46163,02_217_028,827,633,633,0,5,628,EGYENI,,
46165,02_217_029,718,548,548,0,3,545,EGYENI,,
46167,02_217_030,744,547,547,0,4,543,EGYENI,,
46169,02_217_031,620,424,423,-1,6,417,EGYENI,,
46171,02_217_032,780,543,543,0,0,543,EGYENI,,
46173,02_217_033,775,570,570,0,2,568,EGYENI,,
46175,02_217_034,697,534,534,0,1,533,EGYENI,,
46177,02_217_035,584,412,412,0,3,409,EGYENI,,
46179,02_217_036,593,420,420,0,0,420,EGYENI,,
46181,02_217_037,705,556,555,-1,3,552,EGYENI,,
46183,02_217_038,905,654,655,1,11,644,EGYENI,,
46185,02_217_039,777,481,481,0,5,476,EGYENI,,
46187,02_217_040,645,394,394,0,1,393,EGYENI,,
46189,02_217_041,1052,791,791,0,3,788,EGYENI,,
46191,02_217_042,568,365,365,0,1,364,EGYENI,,
46193,02_217_043,604,403,401,-2,6,395,EGYENI,,
46195,02_217_044,577,345,345,0,10,335,EGYENI,,
46197,02_217_045,553,384,384,0,2,382,EGYENI,,
46199,02_217_046,712,537,536,-1,3,533,EGYENI,,
46201,02_217_047,1270,304,303,-1,4,299,EGYENI,,
46203,02_217_048,574,411,411,0,1,410,EGYENI,,
46205,02_217_049,626,484,483,-1,2,481,EGYENI,,
46599,02_217_050,583,461,461,0,2,459,EGYENI,,
46601,02_217_051,662,467,468,1,12,456,EGYENI,,
46603,02_217_052,4255,3785,3784,-1,20,3764,EGYENI,,
46605,02_217_053,754,569,569,0,7,562,EGYENI,,
46607,02_217_054,916,681,680,-1,7,673,EGYENI,,
46609,02_217_055,628,491,489,-2,4,485,EGYENI,,
46611,02_217_056,724,535,535,0,9,526,EGYENI,,
46613,02_217_057,614,457,457,0,2,455,EGYENI,,
46615,02_217_058,714,544,543,-1,5,538,EGYENI,,
46617,02_217_059,675,475,475,0,4,471,EGYENI,,
46619,02_217_060,768,565,565,0,3,562,EGYENI,,
46621,02_217_061,741,528,528,0,4,524,EGYENI,,
46623,02_217_062,580,440,439,-1,1,438,EGYENI,,
46625,02_217_063,770,577,577,0,9,568,EGYENI,,
46627,02_217_064,550,442,442,0,3,439,EGYENI,,
46629,02_217_065,592,446,444,-2,2,442,EGYENI,,
46631,02_217_066,576,467,465,-2,5,460,EGYENI,,
46633,02_217_067,681,528,528,0,2,526,EGYENI,,
46635,02_217_068,556,445,445,0,4,441,EGYENI,,
46637,02_217_069,721,583,583,0,3,580,EGYENI,,
46639,02_217_070,946,747,747,0,6,741,EGYENI,,
46641,02_217_071,830,699,699,0,5,694,EGYENI,,
46643,02_217_072,616,506,506,0,4,502,EGYENI,,
46645,02_217_073,623,454,454,0,3,451,EGYENI,,
46647,02_217_074,673,459,458,-1,5,453,EGYENI,,
46649,02_217_075,614,423,423,0,5,418,EGYENI,,
46651,02_217_076,836,664,664,0,3,661,EGYENI,,
46653,02_217_077,893,743,742,-1,4,738,EGYENI,,
46655,02_217_078,3595,3174,3137,-37,26,3111,EGYENI,,
46657,02_217_079,617,466,466,0,2,464,EGYENI,,
46659,02_217_080,633,455,455,0,9,446,EGYENI,,
46661,02_217_081,593,405,405,0,5,400,EGYENI,,
46663,02_217_082,718,496,495,-1,1,494,EGYENI,,
46665,02_217_083,615,448,449,1,12,437,EGYENI,,
46667,02_217_084,682,462,462,0,14,448,EGYENI,,
46669,02_217_085,584,421,421,0,4,417,EGYENI,,
46671,02_217_086,594,432,432,0,4,428,EGYENI,,
46673,02_217_087,642,445,445,0,2,443,EGYENI,,
46675,02_217_088,762,566,564,-2,4,560,EGYENI,,
46677,02_217_089,601,433,433,0,4,429,EGYENI,,
46679,02_217_090,751,513,513,0,5,508,EGYENI,,
46681,02_217_091,641,498,496,-2,1,495,EGYENI,,
46683,02_217_092,614,471,469,-2,4,465,EGYENI,,
46685,02_217_093,1010,785,785,0,7,778,EGYENI,,
46687,02_217_094,985,672,672,0,5,667,EGYENI,,
46689,02_217_095,1016,801,799,-2,3,796,EGYENI,,
46691,02_217_096,876,669,668,-1,2,666,EGYENI,,
46693,02_217_097,890,692,692,0,0,692,EGYENI,,
46695,02_217_098,934,674,677,3,38,639,EGYENI,,
46697,02_217_099,974,765,759,-6,4,755,EGYENI,,
46699,02_217_100,1062,888,888,0,0,888,EGYENI,,
46701,02_217_101,982,749,749,0,7,742,EGYENI,,
46703,02_217_102,1084,823,823,0,1,822,EGYENI,,
46705,02_217_103,1001,698,697,-1,3,694,EGYENI,,
46707,02_217_104,791,618,618,0,2,616,EGYENI,,
46709,02_217_105,719,540,540,0,4,536,EGYENI,,
46711,02_217_106,607,479,479,0,3,476,EGYENI,,
46713,02_217_107,782,550,545,-5,4,541,EGYENI,,
46715,02_217_108,758,562,562,0,3,559,EGYENI,,
46717,02_217_109,659,422,422,0,6,416,EGYENI,,
46719,02_217_110,668,435,435,0,4,431,EGYENI,,
46721,02_217_111,803,514,513,-1,8,505,EGYENI,,
46723,02_217_112,734,472,472,0,3,469,EGYENI,,
46725,02_217_113,672,485,484,-1,7,477,EGYENI,,
46727,02_217_114,642,465,465,0,2,463,EGYENI,,
46729,02_217_115,761,516,515,-1,2,513,EGYENI,,
46731,02_217_116,832,593,593,0,4,589,EGYENI,,
46733,02_217_117,664,448,448,0,2,446,EGYENI,,
46735,02_217_118,703,510,510,0,3,507,EGYENI,,
46737,02_217_119,803,563,563,0,3,560,EGYENI,,
46739,02_217_120,604,433,433,0,4,429,EGYENI,,
46741,02_217_121,635,423,423,0,5,418,EGYENI,,
46743,02_217_122,644,438,437,-1,3,434,EGYENI,,
46745,02_217_123,800,556,549,-7,3,546,EGYENI,,
46747,02_217_124,1103,777,775,-2,5,770,EGYENI,,
47133,02_217_125,884,679,679,0,1,678,EGYENI,,
47135,02_217_126,653,455,455,0,2,453,EGYENI,,
47137,02_217_127,598,428,427,-1,5,422,EGYENI,,
47139,02_217_128,784,549,549,0,3,546,EGYENI,,
47141,02_217_129,883,591,591,0,2,589,EGYENI,,
47143,02_217_130,892,586,585,-1,5,580,EGYENI,,
47145,02_217_131,880,603,603,0,2,601,EGYENI,,
47147,02_217_132,593,407,407,0,6,401,EGYENI,,
47149,02_217_133,968,666,665,-1,6,659,EGYENI,,
47151,02_217_134,816,567,565,-2,6,559,EGYENI,,
47153,02_217_135,657,470,470,0,3,467,EGYENI,,
47155,02_217_136,989,708,705,-3,4,701,EGYENI,,
47157,02_217_137,982,656,654,-2,10,644,EGYENI,,
47159,02_217_138,1279,946,945,-1,6,939,EGYENI,,
47161,02_217_139,907,602,601,-1,6,595,EGYENI,,
47163,02_217_140,1248,826,826,0,6,820,EGYENI,,
47165,02_217_141,777,511,510,-1,5,505,EGYENI,,
47167,02_217_142,968,724,724,0,6,718,EGYENI,,
47169,02_217_143,990,696,695,-1,1,694,EGYENI,,
47171,02_217_144,891,660,660,0,4,656,EGYENI,,
47173,02_217_145,967,673,671,-2,3,668,EGYENI,,
47175,02_217_146,1060,834,834,0,2,832,EGYENI,,
47177,02_217_147,829,607,606,-1,1,605,EGYENI,,
47179,02_217_148,777,570,570,0,3,567,EGYENI,,
47181,02_217_149,703,375,375,0,21,354,EGYENI,,
47183,02_218_001,83,56,56,0,1,55,EGYENI,,
47185,02_219_001,79,57,57,0,0,57,EGYENI,,
47187,02_220_001,628,485,467,-18,5,462,EGYENI,,
47189,02_221_001,1090,766,765,-1,7,758,EGYENI,,
47191,02_221_002,1101,810,810,0,5,805,EGYENI,,
47193,02_221_003,972,634,634,0,5,629,EGYENI,,
47195,02_222_001,183,139,139,0,0,139,EGYENI,,
47197,02_223_001,976,692,692,0,5,687,EGYENI,,
47199,02_224_001,140,103,103,0,4,99,EGYENI,,
47201,02_225_001,167,104,104,0,0,104,EGYENI,,
47203,02_226_001,129,71,71,0,2,69,EGYENI,,
47205,02_227_001,399,297,297,0,1,296,EGYENI,,
47207,02_228_001,284,168,168,0,1,167,EGYENI,,
47209,02_229_001,160,126,126,0,2,124,EGYENI,,
47211,02_230_001,103,67,67,0,1,66,EGYENI,,
47213,02_231_001,643,399,399,0,4,395,EGYENI,,
47215,02_231_002,547,365,365,0,3,362,EGYENI,,
47217,02_231_003,764,530,530,0,13,517,EGYENI,,
47219,02_231_004,546,342,342,0,2,340,EGYENI,,
47221,02_232_001,504,335,335,0,1,334,EGYENI,,
47223,02_233_001,809,518,518,0,6,512,EGYENI,,
47225,02_233_002,762,442,442,0,11,431,EGYENI,,
47227,02_233_003,665,436,436,0,7,429,EGYENI,,
47229,02_234_001,635,449,444,-5,1,443,EGYENI,,
47231,02_234_002,576,349,349,0,4,345,EGYENI,,
47233,02_234_003,880,509,509,0,4,505,EGYENI,,
47235,02_234_004,922,602,600,-2,6,594,EGYENI,,
47237,02_234_005,1003,697,697,0,4,693,EGYENI,,
47239,02_234_006,991,670,670,0,5,665,EGYENI,,
47241,02_234_007,980,617,617,0,8,609,EGYENI,,
47243,02_234_008,840,579,579,0,1,578,EGYENI,,
47245,02_234_009,1011,581,581,0,10,571,EGYENI,,
47247,02_235_001,111,68,68,0,3,65,EGYENI,,
47249,02_236_001,313,157,157,0,1,156,EGYENI,,
47251,02_237_001,655,426,426,0,5,421,EGYENI,,
47253,02_237_002,578,404,404,0,4,400,EGYENI,,
47255,02_238_001,370,249,249,0,8,241,EGYENI,,
47257,02_239_001,264,156,156,0,6,150,EGYENI,,
47259,02_240_001,212,152,152,0,2,150,EGYENI,,
47261,02_240_002,130,97,97,0,2,95,EGYENI,,
47263,02_241_001,188,120,120,0,6,114,EGYENI,,
47265,02_242_001,135,99,99,0,2,97,EGYENI,,
47267,02_243_001,290,153,153,0,7,146,EGYENI,,
47269,02_243_002,71,44,44,0,0,44,EGYENI,,
47271,02_244_001,630,430,430,0,2,428,EGYENI,,
47273,02_245_001,643,476,476,0,1,475,EGYENI,,
47275,02_246_001,257,176,176,0,3,173,EGYENI,,
47675,02_247_001,752,497,497,0,4,493,EGYENI,,
47677,02_247_002,168,124,124,0,1,123,EGYENI,,
47679,02_248_001,180,129,129,0,4,125,EGYENI,,
47681,02_249_001,262,154,154,0,1,153,EGYENI,,
47683,02_250_001,106,78,78,0,1,77,EGYENI,,
47685,02_251_001,35,22,22,0,0,22,EGYENI,,
47687,02_252_001,970,595,595,0,8,587,EGYENI,,
47689,02_252_002,942,654,654,0,2,652,EGYENI,,
47691,02_253_001,297,190,189,-1,1,188,EGYENI,,
47693,02_254_001,709,469,469,0,5,464,EGYENI,,
47695,02_254_002,696,407,401,-6,5,396,EGYENI,,
47697,02_255_001,116,67,67,0,1,66,EGYENI,,
47699,02_256_001,390,275,274,-1,1,273,EGYENI,,
47701,02_257_001,235,143,143,0,2,141,EGYENI,,
47703,02_258_001,291,175,175,0,8,167,EGYENI,,
47705,02_259_001,79,52,52,0,2,50,EGYENI,,
47707,02_260_001,379,267,267,0,1,266,EGYENI,,
47709,02_260_002,250,181,181,0,2,179,EGYENI,,
47711,02_261_001,895,628,628,0,5,623,EGYENI,,
47713,02_261_002,578,355,355,0,2,353,EGYENI,,
47715,02_261_003,658,452,452,0,2,450,EGYENI,,
47717,02_261_004,730,521,521,0,1,520,EGYENI,,
47719,02_261_005,789,468,468,0,7,461,EGYENI,,
47721,02_261_006,765,478,478,0,2,476,EGYENI,,
47723,02_261_007,638,428,428,0,2,426,EGYENI,,
47725,02_261_008,175,92,91,-1,0,91,EGYENI,,
47727,02_262_001,480,298,298,0,5,293,EGYENI,,
47729,02_263_001,1011,695,694,-1,0,694,EGYENI,,
47731,02_263_002,1054,781,781,0,6,775,EGYENI,,
47733,02_263_003,999,689,689,0,4,685,EGYENI,,
47735,02_263_004,669,450,450,0,1,449,EGYENI,,
47737,02_263_005,2647,2232,2221,-11,16,2205,EGYENI,,
47739,02_263_006,1067,609,608,-1,3,605,EGYENI,,
47741,02_263_007,1004,699,699,0,6,693,EGYENI,,
47743,02_263_008,644,449,449,0,0,449,EGYENI,,
47745,02_263_009,583,399,399,0,3,396,EGYENI,,
47747,02_263_010,253,162,162,0,1,161,EGYENI,,
47749,02_263_011,529,275,275,0,7,268,EGYENI,,
47751,02_264_001,223,142,142,0,1,141,EGYENI,,
47753,02_265_001,124,86,86,0,0,86,EGYENI,,
47755,02_266_001,56,37,37,0,0,37,EGYENI,,
47757,02_267_001,101,63,63,0,2,61,EGYENI,,
47759,02_268_001,296,195,195,0,4,191,EGYENI,,
47761,02_269_001,198,136,136,0,2,134,EGYENI,,
47763,02_270_001,224,157,157,0,4,153,EGYENI,,
47765,02_271_001,81,55,55,0,0,55,EGYENI,,
47767,02_272_001,245,131,131,0,9,122,EGYENI,,
47769,02_273_001,47,36,36,0,0,36,EGYENI,,
47771,02_274_001,190,104,104,0,4,100,EGYENI,,
47773,02_275_001,155,98,97,-1,3,94,EGYENI,,
47775,02_276_001,240,130,129,-1,1,128,EGYENI,,
47777,02_277_001,224,129,129,0,3,126,EGYENI,,
47779,02_278_001,96,71,71,0,0,71,EGYENI,,
47781,02_279_001,119,91,91,0,0,91,EGYENI,,
47783,02_280_001,427,279,278,-1,0,278,EGYENI,,
47785,02_281_001,220,147,147,0,2,145,EGYENI,,
47787,02_282_001,122,81,81,0,1,80,EGYENI,,
47789,02_283_001,803,488,488,0,7,481,EGYENI,,
47791,02_284_001,705,462,462,0,2,460,EGYENI,,
47793,02_284_002,715,452,452,0,8,444,EGYENI,,
47795,02_285_001,65,50,50,0,0,50,EGYENI,,
47797,02_286_001,99,61,61,0,1,60,EGYENI,,
47799,02_287_001,157,105,105,0,2,103,EGYENI,,
47801,02_288_001,906,495,495,0,17,478,EGYENI,,
47803,02_289_001,104,64,64,0,0,64,EGYENI,,
47805,02_290_001,126,88,88,0,1,87,EGYENI,,
47807,02_291_001,106,60,60,0,0,60,EGYENI,,
47809,02_292_001,673,403,401,-2,9,392,EGYENI,,
47811,02_293_001,123,78,78,0,0,78,EGYENI,,
47813,02_294_001,643,438,438,0,10,428,EGYENI,,
47815,02_294_002,487,271,269,-2,4,265,EGYENI,,
47817,02_295_001,902,598,598,0,5,593,EGYENI,,
47819,02_295_002,832,604,603,-1,6,597,EGYENI,,
47821,02_295_003,169,113,113,0,2,111,EGYENI,,
48221,02_296_001,220,176,176,0,1,175,EGYENI,,
48223,02_297_001,657,418,418,0,6,412,EGYENI,,
48225,02_298_001,207,131,131,0,2,129,EGYENI,,
48227,02_299_001,263,169,169,0,3,166,EGYENI,,
48229,02_300_001,346,273,270,-3,16,254,EGYENI,,
48231,02_301_001,239,155,155,0,2,153,EGYENI,,
48233,03_001_001,1388,962,962,0,9,953,EGYENI,,
48235,03_001_002,1304,831,830,-1,6,824,EGYENI,,
48237,03_002_001,804,517,517,0,8,509,EGYENI,,
48239,03_002_002,820,527,527,0,5,522,EGYENI,,
48241,03_003_001,776,516,515,-1,3,512,EGYENI,,
48243,03_003_002,730,495,495,0,11,484,EGYENI,,
48245,03_004_001,961,669,669,0,0,669,EGYENI,,
48247,03_004_002,1213,844,844,0,8,836,EGYENI,,
48249,03_004_003,849,649,649,0,3,646,EGYENI,,
48251,03_004_004,998,703,703,0,4,699,EGYENI,,
48253,03_004_005,988,744,744,0,6,738,EGYENI,,
48255,03_004_006,1106,821,821,0,1,820,EGYENI,,
48257,03_004_007,909,678,678,0,7,671,EGYENI,,
48259,03_004_008,761,537,537,0,2,535,EGYENI,,
48261,03_004_009,928,668,668,0,7,661,EGYENI,,
48263,03_004_010,1010,694,694,0,5,689,EGYENI,,
48265,03_004_011,781,559,559,0,2,557,EGYENI,,
48267,03_004_012,947,740,740,0,6,734,EGYENI,,
48269,03_004_013,853,656,656,0,0,656,EGYENI,,
48271,03_004_014,1025,688,686,-2,6,680,EGYENI,,
48273,03_004_015,1075,735,735,0,11,724,EGYENI,,
48275,03_004_016,1144,815,815,0,3,812,EGYENI,,
48277,03_004_017,927,669,669,0,1,668,EGYENI,,
48279,03_004_018,919,658,658,0,4,654,EGYENI,,
48281,03_004_019,640,449,449,0,2,447,EGYENI,,
48283,03_004_020,991,585,583,-2,5,578,EGYENI,,
48285,03_004_021,1157,759,736,-23,1,735,EGYENI,,
48287,03_004_022,960,598,598,0,11,587,EGYENI,,
48289,03_004_023,987,658,658,0,12,646,EGYENI,,
48291,03_004_024,1066,739,738,-1,4,734,EGYENI,,
48293,03_004_025,887,579,578,-1,6,572,EGYENI,,
48295,03_004_026,851,565,565,0,5,560,EGYENI,,
48297,03_004_027,1000,691,691,0,3,688,EGYENI,,
48299,03_004_028,712,483,483,0,4,479,EGYENI,,
48301,03_004_029,1089,680,673,-7,1,672,EGYENI,,
48303,03_004_030,2574,2262,2265,3,32,2233,EGYENI,,
48305,03_004_031,366,195,195,0,1,194,EGYENI,,
48307,03_004_032,491,227,227,0,4,223,EGYENI,,
48309,03_005_001,715,555,555,0,3,552,EGYENI,,
48311,03_005_002,975,588,586,-2,2,584,EGYENI,,
48313,03_005_003,1061,796,795,-1,9,786,EGYENI,,
48315,03_006_001,1047,639,638,-1,11,627,EGYENI,,
48317,03_006_002,140,64,64,0,2,62,EGYENI,,
48319,03_007_001,913,542,542,0,5,537,EGYENI,,
48321,03_007_002,914,520,519,-1,4,515,EGYENI,,
48323,03_007_003,795,493,492,-1,11,481,EGYENI,,
48325,03_007_004,929,534,534,0,11,523,EGYENI,,
48327,03_007_005,881,569,565,-4,6,559,EGYENI,,
48329,03_007_006,882,573,574,1,14,560,EGYENI,,
48331,03_008_001,690,446,442,-4,4,438,EGYENI,,
48333,03_008_002,688,414,412,-2,7,405,EGYENI,,
48335,03_008_003,764,414,414,0,6,408,EGYENI,,
48337,03_009_001,937,532,532,0,8,524,EGYENI,,
48339,03_010_001,139,97,97,0,0,97,EGYENI,,
48341,03_011_001,276,167,167,0,3,164,EGYENI,,
48343,03_012_001,633,406,401,-5,3,398,EGYENI,,
48345,03_012_002,638,419,418,-1,2,416,EGYENI,,
48347,03_013_001,844,568,568,0,6,562,EGYENI,,
48349,03_013_002,850,557,557,0,2,555,EGYENI,,
48351,03_014_001,1084,667,667,0,6,661,EGYENI,,
48353,03_015_001,732,504,504,0,6,498,EGYENI,,
48355,03_015_002,697,463,463,0,3,460,EGYENI,,
48357,03_016_001,940,625,625,0,2,623,EGYENI,,
48751,03_016_002,889,591,591,0,11,580,EGYENI,,
48753,03_016_003,99,56,56,0,0,56,EGYENI,,
48755,03_016_004,222,152,152,0,3,149,EGYENI,,
48757,03_017_001,217,140,140,0,2,138,EGYENI,,
48759,03_018_001,637,376,376,0,7,369,EGYENI,,
48761,03_018_002,621,395,394,-1,3,391,EGYENI,,
48763,03_018_003,640,433,432,-1,5,427,EGYENI,,
48765,03_019_001,592,395,395,0,6,389,EGYENI,,
48767,03_019_002,624,365,365,0,3,362,EGYENI,,
48769,03_020_001,651,429,429,0,8,421,EGYENI,,
48771,03_020_002,818,470,470,0,2,468,EGYENI,,
48773,03_021_001,811,569,569,0,2,567,EGYENI,,
48775,03_021_002,854,551,551,0,3,548,EGYENI,,
48777,03_022_001,659,421,420,-1,5,415,EGYENI,,
48779,03_023_001,668,415,415,0,6,409,EGYENI,,
48781,03_023_002,596,399,399,0,1,398,EGYENI,,
48783,03_024_001,763,462,462,0,8,454,EGYENI,,
48785,03_024_002,737,480,480,0,6,474,EGYENI,,
48787,03_024_003,161,91,91,0,1,90,EGYENI,,
48789,03_025_001,265,160,160,0,1,159,EGYENI,,
48791,03_026_001,604,357,357,0,2,355,EGYENI,,
48793,03_026_002,583,356,355,-1,1,354,EGYENI,,
48795,03_027_001,748,496,496,0,9,487,EGYENI,,
48797,03_028_001,856,518,518,0,2,516,EGYENI,,
48799,03_028_002,846,584,584,0,1,583,EGYENI,,
48801,03_028_003,913,557,556,-1,5,551,EGYENI,,
48803,03_029_001,663,392,392,0,3,389,EGYENI,,
48805,03_030_001,456,268,268,0,4,264,EGYENI,,
48807,03_031_001,745,489,489,0,2,487,EGYENI,,
48809,03_031_002,750,457,457,0,3,454,EGYENI,,
48811,03_031_003,786,469,469,0,4,465,EGYENI,,
48813,03_031_004,764,399,399,0,7,392,EGYENI,,
48815,03_032_001,760,550,550,0,6,544,EGYENI,,
48817,03_032_002,813,540,540,0,6,534,EGYENI,,
48819,03_032_003,809,554,554,0,3,551,EGYENI,,
48821,03_033_001,1066,662,662,0,1,661,EGYENI,,
48823,03_033_002,1179,719,719,0,12,707,EGYENI,,
48825,03_034_001,479,301,301,0,4,297,EGYENI,,
48827,03_035_001,776,490,488,-2,7,481,EGYENI,,
48829,03_035_002,591,389,389,0,8,381,EGYENI,,
48831,03_036_001,751,514,514,0,7,507,EGYENI,,
48833,03_037_001,924,572,571,-1,6,565,EGYENI,,
48835,03_037_002,585,375,375,0,5,370,EGYENI,,
48837,03_038_001,676,415,411,-4,3,408,EGYENI,,
48839,03_038_002,588,377,374,-3,4,370,EGYENI,,
48841,03_039_001,720,493,494,1,13,481,EGYENI,,
48843,03_040_001,892,621,621,0,2,619,EGYENI,,
48845,03_041_001,898,489,489,0,6,483,EGYENI,,
48847,03_041_002,903,582,582,0,4,578,EGYENI,,
48849,03_042_001,736,450,450,0,2,448,EGYENI,,
48851,03_042_002,902,534,534,0,5,529,EGYENI,,
48853,03_043_001,766,520,520,0,4,516,EGYENI,,
48855,03_044_001,804,524,524,0,2,522,EGYENI,,
48857,03_045_001,845,540,540,0,4,536,EGYENI,,
48859,03_045_002,847,570,570,0,2,568,EGYENI,,
48861,03_045_003,734,495,495,0,5,490,EGYENI,,
48863,03_046_001,708,484,484,0,6,478,EGYENI,,
48865,03_047_001,842,618,618,0,8,610,EGYENI,,
48867,03_047_002,909,637,636,-1,13,623,EGYENI,,
48869,03_047_003,922,641,641,0,11,630,EGYENI,,
48871,03_047_004,53,39,39,0,0,39,EGYENI,,
48873,03_047_005,77,49,49,0,0,49,EGYENI,,
48875,03_048_001,1291,886,886,0,4,882,EGYENI,,
48877,03_048_002,1197,821,820,-1,4,816,EGYENI,,
48879,03_048_003,1101,682,682,0,18,664,EGYENI,,
48881,03_049_001,845,508,508,0,4,504,EGYENI,,
48883,03_049_002,775,469,468,-1,11,457,EGYENI,,
48885,03_050_001,645,435,435,0,3,432,EGYENI,,
49289,03_050_002,189,127,127,0,5,122,EGYENI,,
49291,03_050_003,123,68,68,0,0,68,EGYENI,,
49293,03_050_004,138,105,105,0,0,105,EGYENI,,
49295,03_051_001,539,350,350,0,5,345,EGYENI,,
49297,03_052_001,786,527,526,-1,7,519,EGYENI,,
49299,03_052_002,1002,645,645,0,5,640,EGYENI,,
49301,03_052_003,820,550,550,0,2,548,EGYENI,,
49303,03_052_004,864,506,506,0,8,498,EGYENI,,
49305,03_052_005,955,611,611,0,3,608,EGYENI,,
49307,03_052_006,254,144,144,0,0,144,EGYENI,,
49309,03_053_001,1122,783,783,0,6,777,EGYENI,,
49311,03_053_002,1027,733,732,-1,2,730,EGYENI,,
49313,03_054_001,858,507,507,0,3,504,EGYENI,,
49315,03_054_002,891,638,638,0,3,635,EGYENI,,
49317,03_054_003,880,564,570,6,34,536,EGYENI,,
49319,03_054_004,835,507,506,-1,5,501,EGYENI,,
49321,03_054_005,836,504,504,0,8,496,EGYENI,,
49323,03_054_006,762,552,552,0,4,548,EGYENI,,
49325,03_054_007,811,520,520,0,2,518,EGYENI,,
49327,03_054_008,948,584,585,1,14,571,EGYENI,,
49329,03_055_001,1060,748,746,-2,8,738,EGYENI,,
49331,03_055_002,954,664,664,0,7,657,EGYENI,,
49333,03_056_001,892,629,627,-2,5,622,EGYENI,,
49335,03_056_002,835,584,582,-2,1,581,EGYENI,,
49337,03_056_003,863,669,667,-2,10,657,EGYENI,,
49339,03_056_004,785,540,540,0,7,533,EGYENI,,
49341,03_056_005,729,520,520,0,3,517,EGYENI,,
49343,03_056_006,967,680,680,0,6,674,EGYENI,,
49345,03_056_007,736,521,521,0,6,515,EGYENI,,
49347,03_056_008,838,561,561,0,11,550,EGYENI,,
49349,03_056_009,2374,2121,2116,-5,14,2102,EGYENI,,
49351,03_056_010,772,498,498,0,9,489,EGYENI,,
49353,03_056_011,772,523,522,-1,6,516,EGYENI,,
49355,03_056_012,632,508,507,-1,3,504,EGYENI,,
49357,03_056_013,901,658,658,0,5,653,EGYENI,,
49359,03_056_014,703,516,516,0,2,514,EGYENI,,
49361,03_056_015,777,653,652,-1,3,649,EGYENI,,
49363,03_056_016,822,634,634,0,2,632,EGYENI,,
49365,03_056_017,750,503,501,-2,3,498,EGYENI,,
49367,03_057_001,807,521,521,0,5,516,EGYENI,,
49369,03_058_001,730,386,386,0,5,381,EGYENI,,
49371,03_058_002,746,386,386,0,2,384,EGYENI,,
49373,03_059_001,1025,657,657,0,10,647,EGYENI,,
49375,03_059_002,973,630,630,0,4,626,EGYENI,,
49377,03_059_003,806,629,629,0,5,624,EGYENI,,
49379,03_059_004,742,544,544,0,2,542,EGYENI,,
49381,03_059_005,910,634,633,-1,9,624,EGYENI,,
49383,03_059_006,930,637,637,0,9,628,EGYENI,,
49385,03_059_007,608,348,346,-2,13,333,EGYENI,,
49387,03_059_008,783,550,550,0,8,542,EGYENI,,
49389,03_060_001,814,666,666,0,3,663,EGYENI,,
49391,03_060_002,1098,884,884,0,7,877,EGYENI,,
49393,03_060_003,808,630,631,1,9,622,EGYENI,,
49395,03_060_004,899,722,721,-1,4,717,EGYENI,,
49397,03_060_005,596,482,481,-1,3,478,EGYENI,,
49399,03_060_006,926,601,601,0,7,594,EGYENI,,
49401,03_060_007,1021,752,752,0,8,744,EGYENI,,
49403,03_060_008,1193,767,767,0,13,754,EGYENI,,
49405,03_060_009,974,754,753,-1,8,745,EGYENI,,
49407,03_060_010,859,637,637,0,3,634,EGYENI,,
49409,03_060_011,1080,814,814,0,7,807,EGYENI,,
49411,03_060_012,783,546,546,0,6,540,EGYENI,,
49413,03_060_013,777,577,573,-4,4,569,EGYENI,,
49415,03_060_014,858,634,634,0,0,634,EGYENI,,
49417,03_060_015,877,645,645,0,5,640,EGYENI,,
49419,03_060_016,853,671,671,0,4,667,EGYENI,,
49421,03_060_017,780,573,572,-1,4,568,EGYENI,,
49821,03_060_018,726,472,472,0,5,467,EGYENI,,
49823,03_060_019,1115,846,846,0,4,842,EGYENI,,
49825,03_060_020,860,583,582,-1,10,572,EGYENI,,
49827,03_060_021,860,567,567,0,8,559,EGYENI,,
49829,03_060_022,964,662,661,-1,4,657,EGYENI,,
49831,03_060_023,909,631,631,0,9,622,EGYENI,,
49833,03_060_024,1055,650,650,0,5,645,EGYENI,,
49835,03_060_025,586,372,372,0,7,365,EGYENI,,
49837,03_060_026,1026,675,675,0,6,669,EGYENI,,
49839,03_060_027,802,581,581,0,3,578,EGYENI,,
49841,03_060_028,1044,748,748,0,4,744,EGYENI,,
49843,03_060_029,1110,752,751,-1,2,749,EGYENI,,
49845,03_060_030,795,587,586,-1,3,583,EGYENI,,
49847,03_060_031,724,576,576,0,1,575,EGYENI,,
49849,03_060_032,874,595,594,-1,7,587,EGYENI,,
49851,03_060_033,600,444,444,0,3,441,EGYENI,,
49853,03_060_034,1111,749,750,1,17,733,EGYENI,,
49855,03_060_035,879,625,625,0,8,617,EGYENI,,
49857,03_060_036,986,714,714,0,1,713,EGYENI,,
49859,03_060_037,1092,734,734,0,11,723,EGYENI,,
49861,03_060_038,791,528,528,0,11,517,EGYENI,,
49863,03_060_039,653,515,514,-1,0,514,EGYENI,,
49865,03_060_040,935,790,789,-1,9,780,EGYENI,,
49867,03_060_041,1007,778,778,0,4,774,EGYENI,,
49869,03_060_042,799,657,657,0,1,656,EGYENI,,
49871,03_060_043,1082,776,775,-1,9,766,EGYENI,,
49873,03_060_044,980,704,702,-2,5,697,EGYENI,,
49875,03_060_045,2489,2187,2164,-23,12,2152,EGYENI,,
49877,03_060_046,1010,723,722,-1,5,717,EGYENI,,
49879,03_060_047,601,246,246,0,2,244,EGYENI,,
49881,03_060_048,1075,798,798,0,10,788,EGYENI,,
49883,03_060_049,1051,756,756,0,2,754,EGYENI,,
49885,03_060_050,2594,2330,2323,-7,9,2314,EGYENI,,
49887,03_060_051,772,562,562,0,6,556,EGYENI,,
49889,03_060_052,1009,693,693,0,2,691,EGYENI,,
49891,03_060_053,1078,801,799,-2,3,796,EGYENI,,
49893,03_060_054,918,654,654,0,6,648,EGYENI,,
49895,03_060_055,797,339,339,0,5,334,EGYENI,,
49897,03_060_056,714,320,320,0,4,316,EGYENI,,
49899,03_060_057,851,589,588,-1,6,582,EGYENI,,
49901,03_060_058,1105,841,841,0,4,837,EGYENI,,
49903,03_060_059,1038,824,824,0,6,818,EGYENI,,
49905,03_060_060,583,459,459,0,5,454,EGYENI,,
49907,03_060_061,584,436,436,0,4,432,EGYENI,,
49909,03_060_062,852,615,615,0,2,613,EGYENI,,
49911,03_060_063,772,517,517,0,3,514,EGYENI,,
49913,03_060_064,1078,832,829,-3,9,820,EGYENI,,
49915,03_060_065,922,667,667,0,6,661,EGYENI,,
49917,03_060_066,918,659,659,0,6,653,EGYENI,,
49919,03_060_067,1021,745,745,0,5,740,EGYENI,,
49921,03_060_068,606,325,325,0,1,324,EGYENI,,
49923,03_060_069,963,669,668,-1,8,660,EGYENI,,
49925,03_060_070,1048,708,708,0,4,704,EGYENI,,
49927,03_060_071,697,326,323,-3,0,323,EGYENI,,
49929,03_060_072,799,491,491,0,1,490,EGYENI,,
49931,03_060_073,1140,665,665,0,2,663,EGYENI,,
49933,03_060_074,1047,804,802,-2,5,797,EGYENI,,
49935,03_060_075,1116,818,817,-1,2,815,EGYENI,,
49937,03_060_076,840,519,519,0,2,517,EGYENI,,
49939,03_060_077,640,407,407,0,3,404,EGYENI,,
49941,03_060_078,602,401,401,0,4,397,EGYENI,,
50333,03_060_079,959,698,698,0,3,695,EGYENI,,
50335,03_060_080,737,495,494,-1,5,489,EGYENI,,
50337,03_060_081,876,674,673,-1,3,670,EGYENI,,
50339,03_060_082,1114,750,749,-1,3,746,EGYENI,,
50341,03_060_083,789,464,463,-1,2,461,EGYENI,,
50343,03_060_084,610,440,439,-1,6,433,EGYENI,,
50345,03_060_085,1140,686,685,-1,12,673,EGYENI,,
50347,03_060_086,1311,823,822,-1,6,816,EGYENI,,
50349,03_060_087,1143,827,827,0,7,820,EGYENI,,
50351,03_060_088,1194,902,902,0,4,898,EGYENI,,
50353,03_060_089,1141,642,642,0,7,635,EGYENI,,
50355,03_060_090,976,617,617,0,8,609,EGYENI,,
50357,03_060_091,583,317,317,0,1,316,EGYENI,,
50359,03_060_092,915,731,731,0,5,726,EGYENI,,
50361,03_060_093,771,538,537,-1,4,533,EGYENI,,
50363,03_060_094,880,685,685,0,3,682,EGYENI,,
50365,03_060_095,669,365,364,-1,1,363,EGYENI,,
50367,03_060_096,574,343,343,0,2,341,EGYENI,,
50369,03_061_001,595,375,375,0,5,370,EGYENI,,
50371,03_061_002,672,423,423,0,2,421,EGYENI,,
50373,03_061_003,696,401,401,0,7,394,EGYENI,,
50375,03_061_004,104,56,56,0,0,56,EGYENI,,
50377,03_062_001,987,641,640,-1,10,630,EGYENI,,
50379,03_062_002,979,688,686,-2,16,670,EGYENI,,
50381,03_062_003,991,673,673,0,5,668,EGYENI,,
50383,03_062_004,942,622,622,0,6,616,EGYENI,,
50385,03_062_005,1067,655,655,0,7,648,EGYENI,,
50387,03_063_001,368,227,226,-1,1,225,EGYENI,,
50389,03_064_001,677,472,467,-5,4,463,EGYENI,,
50391,03_064_002,631,457,457,0,1,456,EGYENI,,
50393,03_064_003,684,524,524,0,4,520,EGYENI,,
50395,03_064_004,680,502,502,0,4,498,EGYENI,,
50397,03_064_005,677,519,518,-1,5,513,EGYENI,,
50399,03_064_006,705,529,529,0,3,526,EGYENI,,
50401,03_064_007,692,547,547,0,3,544,EGYENI,,
50403,03_064_008,803,569,566,-3,4,562,EGYENI,,
50405,03_064_009,682,490,488,-2,5,483,EGYENI,,
50407,03_064_010,711,537,537,0,6,531,EGYENI,,
50409,03_064_011,746,566,565,-1,1,564,EGYENI,,
50411,03_064_012,677,449,447,-2,1,446,EGYENI,,
50413,03_064_013,752,430,428,-2,1,427,EGYENI,,
50415,03_064_014,723,524,524,0,7,517,EGYENI,,
50417,03_064_015,676,514,514,0,1,513,EGYENI,,
50419,03_064_016,761,562,562,0,4,558,EGYENI,,
50421,03_065_001,951,716,717,1,18,699,EGYENI,,
50423,03_065_002,591,466,466,0,0,466,EGYENI,,
50425,03_065_003,849,598,598,0,12,586,EGYENI,,
50427,03_065_004,738,490,490,0,2,488,EGYENI,,
50429,03_065_005,799,571,571,0,1,570,EGYENI,,
50431,03_065_006,805,549,549,0,8,541,EGYENI,,
50433,03_065_007,885,673,673,0,2,671,EGYENI,,
50435,03_065_008,676,474,474,0,3,471,EGYENI,,
50437,03_065_009,720,507,508,1,16,492,EGYENI,,
50439,03_065_010,818,596,596,0,3,593,EGYENI,,
50441,03_065_011,891,671,671,0,4,667,EGYENI,,
50443,03_065_012,774,401,401,0,2,399,EGYENI,,
50445,03_065_013,2332,1981,1981,0,13,1968,EGYENI,,
50447,03_065_014,991,606,606,0,6,600,EGYENI,,
50449,03_065_015,854,596,595,-1,3,592,EGYENI,,
50451,03_065_016,1037,698,698,0,5,693,EGYENI,,
50453,03_065_017,952,640,640,0,1,639,EGYENI,,
50455,03_065_018,188,89,89,0,0,89,EGYENI,,
50851,03_065_019,286,188,188,0,1,187,EGYENI,,
50853,03_065_020,890,528,528,0,3,525,EGYENI,,
50855,03_065_021,1087,677,677,0,2,675,EGYENI,,
50857,03_065_022,412,248,248,0,1,247,EGYENI,,
50859,03_065_023,643,441,441,0,2,439,EGYENI,,
50861,03_065_024,754,531,531,0,1,530,EGYENI,,
50863,03_065_025,928,625,624,-1,3,621,EGYENI,,
50865,03_065_026,836,627,623,-4,5,618,EGYENI,,
50867,03_065_027,769,579,576,-3,7,569,EGYENI,,
50869,03_065_028,825,614,613,-1,1,612,EGYENI,,
50871,03_065_029,605,322,322,0,1,321,EGYENI,,
50873,03_065_030,722,496,498,2,18,480,EGYENI,,
50875,03_065_031,1074,688,687,-1,7,680,EGYENI,,
50877,03_066_001,619,414,414,0,3,411,EGYENI,,
50879,03_066_002,617,429,429,0,3,426,EGYENI,,
50881,03_066_003,811,531,531,0,8,523,EGYENI,,
50883,03_066_004,1104,554,543,-11,5,538,EGYENI,,
50885,03_066_005,830,685,685,0,4,681,EGYENI,,
50887,03_066_006,720,542,542,0,5,537,EGYENI,,
50889,03_066_007,635,457,457,0,3,454,EGYENI,,
50891,03_066_008,2843,2429,2418,-11,10,2408,EGYENI,,
50893,03_066_009,817,586,586,0,2,584,EGYENI,,
50895,03_066_010,1141,608,607,-1,10,597,EGYENI,,
50897,03_066_011,787,520,521,1,14,507,EGYENI,,
50899,03_066_012,729,481,481,0,7,474,EGYENI,,
50901,03_066_013,837,586,586,0,4,582,EGYENI,,
50903,03_066_014,681,376,376,0,4,372,EGYENI,,
50905,03_066_015,722,553,553,0,1,552,EGYENI,,
50907,03_066_016,666,493,492,-1,5,487,EGYENI,,
50909,03_066_017,633,427,427,0,3,424,EGYENI,,
50911,03_066_018,866,583,583,0,6,577,EGYENI,,
50913,03_066_019,651,424,423,-1,5,418,EGYENI,,
50915,03_066_020,714,468,468,0,2,466,EGYENI,,
50917,03_066_021,730,473,473,0,3,470,EGYENI,,
50919,03_066_022,664,493,493,0,6,487,EGYENI,,
50921,03_066_023,624,401,401,0,6,395,EGYENI,,
50923,03_066_024,682,439,439,0,11,428,EGYENI,,
50925,03_066_025,693,478,478,0,3,475,EGYENI,,
50927,03_066_026,645,471,470,-1,8,462,EGYENI,,
50929,03_066_027,709,475,480,5,40,440,EGYENI,,
50931,03_066_028,637,441,441,0,6,435,EGYENI,,
50933,03_066_029,828,520,520,0,13,507,EGYENI,,
50935,03_066_030,719,442,442,0,5,437,EGYENI,,
50937,03_067_001,857,561,561,0,3,558,EGYENI,,
50939,03_067_002,1204,798,797,-1,8,789,EGYENI,,
50941,03_067_003,1043,670,670,0,9,661,EGYENI,,
50943,03_067_004,1031,740,740,0,3,737,EGYENI,,
50945,03_067_005,1097,703,703,0,9,694,EGYENI,,
50947,03_067_006,1158,692,692,0,9,683,EGYENI,,
50949,03_067_007,1149,620,620,0,4,616,EGYENI,,
50951,03_067_008,1126,643,641,-2,9,632,EGYENI,,
50953,03_067_009,225,118,118,0,2,116,EGYENI,,
50955,03_068_001,240,118,118,0,2,116,EGYENI,,
50957,03_068_002,895,587,587,0,10,577,EGYENI,,
50959,03_068_003,876,552,552,0,6,546,EGYENI,,
50961,03_069_001,564,403,403,0,3,400,EGYENI,,
50963,03_070_001,1219,726,726,0,7,719,EGYENI,,
50965,03_071_001,590,337,337,0,3,334,EGYENI,,
50967,03_071_002,664,427,427,0,3,424,EGYENI,,
50969,03_072_001,503,333,333,0,3,330,EGYENI,,
50971,03_073_001,895,619,619,0,6,613,EGYENI,,
50973,03_073_002,731,550,550,0,6,544,EGYENI,,
50975,03_073_003,119,68,68,0,1,67,EGYENI,,
42913,03_074_001,567,365,365,0,4,361,EGYENI,,
42915,03_075_001,1356,934,934,0,7,927,EGYENI,,
42917,03_076_001,789,556,556,0,3,553,EGYENI,,
42919,03_076_002,915,586,585,-1,4,581,EGYENI,,
42921,03_076_003,749,407,407,0,9,398,EGYENI,,
42923,03_076_004,827,534,534,0,6,528,EGYENI,,
42925,03_076_005,830,623,623,0,3,620,EGYENI,,
42927,03_076_006,1057,753,752,-1,7,745,EGYENI,,
42929,03_076_007,1093,720,719,-1,4,715,EGYENI,,
42931,03_076_008,298,170,170,0,1,169,EGYENI,,
42933,03_077_001,1334,843,842,-1,29,813,EGYENI,,
42938,03_078_001,1078,738,738,0,10,728,EGYENI,,
42940,03_078_002,1031,787,787,0,6,781,EGYENI,,
42941,03_078_003,1063,750,750,0,4,746,EGYENI,,
42943,03_078_004,1156,699,699,0,10,689,EGYENI,,
42945,03_078_005,1165,620,617,-3,11,606,EGYENI,,
42947,03_078_006,1128,734,734,0,9,725,EGYENI,,
42949,03_078_007,1235,718,717,-1,8,709,EGYENI,,
42951,03_078_008,565,335,335,0,4,331,EGYENI,,
42953,03_078_009,594,349,349,0,5,344,EGYENI,,
42955,03_079_001,798,519,519,0,2,517,EGYENI,,
42957,03_079_002,617,440,440,0,4,436,EGYENI,,
42959,03_079_003,803,518,518,0,1,517,EGYENI,,
42961,03_079_004,1103,727,726,-1,12,714,EGYENI,,
42963,03_079_005,362,214,214,0,3,211,EGYENI,,
42966,03_080_001,779,450,450,0,2,448,EGYENI,,
42968,03_080_002,755,445,445,0,10,435,EGYENI,,
42969,03_080_003,745,387,387,0,7,380,EGYENI,,
42971,03_081_001,407,254,254,0,4,250,EGYENI,,
42973,03_082_001,768,518,518,0,9,509,EGYENI,,
42975,03_082_002,820,539,539,0,2,537,EGYENI,,
42977,03_082_003,800,503,503,0,6,497,EGYENI,,
42979,03_082_004,791,467,467,0,9,458,EGYENI,,
42981,03_082_005,821,449,449,0,10,439,EGYENI,,
42983,03_082_006,103,68,68,0,1,67,EGYENI,,
42986,03_083_001,676,408,408,0,4,404,EGYENI,,
42988,03_083_002,682,508,508,0,3,505,EGYENI,,
42989,03_084_001,376,280,280,0,3,277,EGYENI,,
42991,03_085_001,982,553,553,0,8,545,EGYENI,,
42993,03_085_002,893,513,513,0,7,506,EGYENI,,
42995,03_086_001,870,502,502,0,6,496,EGYENI,,
42997,03_086_002,623,413,411,-2,7,404,EGYENI,,
42999,03_087_001,945,668,668,0,2,666,EGYENI,,
43001,03_087_002,904,584,584,0,5,579,EGYENI,,
43003,03_088_001,356,265,265,0,3,262,EGYENI,,
43005,03_089_001,921,592,592,0,10,582,EGYENI,,
43007,03_089_002,866,573,573,0,5,568,EGYENI,,
43009,03_089_003,834,536,536,0,4,532,EGYENI,,
43011,03_090_001,640,398,398,0,3,395,EGYENI,,
43013,03_091_001,928,592,592,0,7,585,EGYENI,,
43015,03_092_001,721,435,435,0,6,429,EGYENI,,
43017,03_092_002,685,433,432,-1,8,424,EGYENI,,
43019,03_093_001,625,465,465,0,6,459,EGYENI,,
43021,03_093_002,610,344,344,0,4,340,EGYENI,,
43023,03_094_001,788,528,527,-1,9,518,EGYENI,,
43025,03_095_001,1001,575,574,-1,3,571,EGYENI,,
43027,03_096_001,732,501,498,-3,5,493,EGYENI,,
43029,03_096_002,946,611,611,0,2,609,EGYENI,,
43031,03_096_003,688,477,477,0,5,472,EGYENI,,
43033,03_096_004,859,601,601,0,7,594,EGYENI,,
43035,03_096_005,972,635,635,0,5,630,EGYENI,,
43037,03_096_006,1006,638,638,0,2,636,EGYENI,,
43039,03_097_001,1024,684,684,0,10,674,EGYENI,,
43041,03_098_001,1122,836,836,0,5,831,EGYENI,,
43043,03_098_002,1153,780,779,-1,7,772,EGYENI,,
43045,03_098_003,899,617,616,-1,7,609,EGYENI,,
43047,03_098_004,937,579,579,0,0,579,EGYENI,,
43441,03_098_005,830,543,543,0,2,541,EGYENI,,
43443,03_098_006,808,539,539,0,5,534,EGYENI,,
43445,03_099_001,1002,640,640,0,6,634,EGYENI,,
43447,03_099_002,929,591,591,0,5,586,EGYENI,,
43449,03_099_003,1005,616,616,0,3,613,EGYENI,,
43451,03_100_001,646,394,394,0,2,392,EGYENI,,
43453,03_100_002,689,392,392,0,4,388,EGYENI,,
43455,03_100_003,671,442,442,0,13,429,EGYENI,,
43457,03_100_004,664,385,384,-1,4,380,EGYENI,,
43459,03_100_005,657,371,371,0,4,367,EGYENI,,
43461,03_100_006,668,409,409,0,6,403,EGYENI,,
43463,03_100_007,708,443,443,0,7,436,EGYENI,,
43465,03_100_008,295,148,148,0,1,147,EGYENI,,
43467,03_101_001,979,655,655,0,8,647,EGYENI,,
43469,03_102_001,748,450,450,0,5,445,EGYENI,,
43471,03_102_002,812,522,522,0,11,511,EGYENI,,
43473,03_102_003,688,442,442,0,7,435,EGYENI,,
43475,03_103_001,1013,668,668,0,4,664,EGYENI,,
43477,03_103_002,929,647,647,0,4,643,EGYENI,,
43479,03_104_001,635,397,397,0,7,390,EGYENI,,
43481,03_104_002,857,672,672,0,7,665,EGYENI,,
43483,03_105_001,580,370,370,0,15,355,EGYENI,,
43485,03_105_002,559,357,357,0,3,354,EGYENI,,
43487,03_106_001,893,632,631,-1,6,625,EGYENI,,
43489,03_107_001,1077,689,689,0,2,687,EGYENI,,
43491,03_107_002,1173,668,667,-1,8,659,EGYENI,,
43496,03_108_001,967,560,560,0,7,553,EGYENI,,
43497,03_109_001,671,481,481,0,8,473,EGYENI,,
43499,03_109_002,703,448,448,0,9,439,EGYENI,,
43501,03_110_001,728,392,392,0,2,390,EGYENI,,
43503,03_110_002,677,397,397,0,3,394,EGYENI,,
43505,03_110_003,599,365,365,0,2,363,EGYENI,,
43507,03_110_004,636,373,373,0,1,372,EGYENI,,
43509,03_110_005,601,406,406,0,2,404,EGYENI,,
43511,03_110_006,648,418,418,0,1,417,EGYENI,,
43513,03_111_001,1180,775,774,-1,7,767,EGYENI,,
43515,03_111_002,1249,894,894,0,13,881,EGYENI,,
43517,03_111_003,1239,956,954,-2,3,951,EGYENI,,
43519,03_111_004,1249,814,814,0,9,805,EGYENI,,
43521,03_111_005,1177,757,756,-1,4,752,EGYENI,,
43523,03_111_006,1181,759,759,0,6,753,EGYENI,,
43525,03_111_007,653,380,380,0,4,376,EGYENI,,
43527,03_111_008,391,230,230,0,1,229,EGYENI,,
43529,03_111_009,402,258,258,0,5,253,EGYENI,,
43531,03_111_010,321,142,142,0,0,142,EGYENI,,
43533,03_112_001,644,410,410,0,4,406,EGYENI,,
43535,03_113_001,586,333,333,0,7,326,EGYENI,,
43537,03_113_002,792,490,488,-2,3,485,EGYENI,,
43539,03_113_003,726,412,412,0,6,406,EGYENI,,
43541,03_113_004,777,421,421,0,5,416,EGYENI,,
43543,03_113_005,782,360,360,0,4,356,EGYENI,,
43545,03_114_001,769,503,503,0,4,499,EGYENI,,
43547,03_115_001,172,114,114,0,2,112,EGYENI,,
43549,03_116_001,310,235,235,0,4,231,EGYENI,,
43551,03_117_001,896,579,579,0,8,571,EGYENI,,
43553,03_117_002,971,659,659,0,10,649,EGYENI,,
43555,03_117_003,859,563,563,0,5,558,EGYENI,,
43557,03_118_001,968,702,702,0,5,697,EGYENI,,
43559,03_118_002,842,547,547,0,4,543,EGYENI,,
43561,03_119_001,626,424,424,0,3,421,EGYENI,,
43576,04_001_001,706,432,432,0,11,421,EGYENI,,
43563,04_002_001,659,388,389,1,21,368,EGYENI,,
43565,04_002_002,662,401,399,-2,4,395,EGYENI,,
43567,04_002_003,575,306,306,0,3,303,EGYENI,,
43569,04_002_004,833,477,477,0,8,469,EGYENI,,
43571,04_002_005,892,555,555,0,11,544,EGYENI,,
43573,04_002_006,805,450,450,0,7,443,EGYENI,,
43979,04_003_001,1094,694,694,0,7,687,EGYENI,,
43981,04_003_002,1027,606,606,0,21,585,EGYENI,,
43983,04_003_003,1036,758,758,0,5,753,EGYENI,,
43985,04_003_004,1044,778,777,-1,8,769,EGYENI,,
43987,04_003_005,1050,740,740,0,10,730,EGYENI,,
43989,04_003_006,1119,804,803,-1,13,790,EGYENI,,
43991,04_003_007,887,581,580,-1,7,573,EGYENI,,
43993,04_003_008,886,631,630,-1,6,624,EGYENI,,
43995,04_003_009,917,634,632,-2,6,626,EGYENI,,
43997,04_003_010,977,555,555,0,8,547,EGYENI,,
43999,04_003_011,3413,2869,2863,-6,29,2834,EGYENI,,
44001,04_003_012,985,559,557,-2,15,542,EGYENI,,
44003,04_003_013,877,573,573,0,10,563,EGYENI,,
44005,04_003_014,910,621,621,0,9,612,EGYENI,,
44007,04_003_015,862,548,548,0,3,545,EGYENI,,
44009,04_003_016,903,483,483,0,19,464,EGYENI,,
44011,04_004_001,620,421,420,-1,9,411,EGYENI,,
44013,04_004_002,576,441,441,0,6,435,EGYENI,,
44015,04_004_003,590,437,436,-1,2,434,EGYENI,,
44017,04_004_004,857,649,648,-1,8,640,EGYENI,,
44019,04_004_005,844,685,685,0,3,682,EGYENI,,
44021,04_004_006,544,433,433,0,4,429,EGYENI,,
44023,04_004_007,795,590,590,0,5,585,EGYENI,,
44025,04_004_008,629,439,441,2,27,414,EGYENI,,
44027,04_004_009,865,663,663,0,5,658,EGYENI,,
44029,04_004_010,774,575,575,0,4,571,EGYENI,,
44031,04_004_011,919,716,715,-1,6,709,EGYENI,,
44033,04_004_012,612,390,390,0,5,385,EGYENI,,
44035,04_004_013,480,351,351,0,3,348,EGYENI,,
44037,04_004_014,659,486,486,0,4,482,EGYENI,,
44039,04_004_015,758,599,600,1,17,583,EGYENI,,
44041,04_004_016,768,499,500,1,20,480,EGYENI,,
44043,04_004_017,823,585,585,0,3,582,EGYENI,,
44045,04_004_018,572,431,431,0,3,428,EGYENI,,
44047,04_004_019,919,679,678,-1,7,671,EGYENI,,
44049,04_004_020,821,583,581,-2,2,579,EGYENI,,
44051,04_004_021,693,516,516,0,8,508,EGYENI,,
44053,04_004_022,690,479,479,0,3,476,EGYENI,,
44055,04_004_023,686,436,436,0,7,429,EGYENI,,
44057,04_004_024,576,342,342,0,3,339,EGYENI,,
44059,04_004_025,490,335,335,0,6,329,EGYENI,,
44061,04_004_026,560,377,377,0,3,374,EGYENI,,
44063,04_004_027,701,473,473,0,3,470,EGYENI,,
44065,04_004_028,859,633,633,0,6,627,EGYENI,,
44067,04_004_029,805,571,572,1,16,556,EGYENI,,
44069,04_004_030,939,710,710,0,11,699,EGYENI,,
44071,04_004_031,607,431,431,0,2,429,EGYENI,,
44073,04_004_032,664,442,442,0,2,440,EGYENI,,
44075,04_004_033,653,471,470,-1,6,464,EGYENI,,
44077,04_004_034,633,475,474,-1,8,466,EGYENI,,
44079,04_004_035,783,527,527,0,13,514,EGYENI,,
44081,04_004_036,688,484,484,0,4,480,EGYENI,,
44083,04_004_037,645,444,443,-1,5,438,EGYENI,,
44085,04_004_038,642,505,504,-1,5,499,EGYENI,,
44087,04_004_039,736,486,486,0,3,483,EGYENI,,
44089,04_004_040,617,402,401,-1,10,391,EGYENI,,
44091,04_004_041,992,665,665,0,1,664,EGYENI,,
44093,04_004_042,747,545,544,-1,1,543,EGYENI,,
44095,04_004_043,552,446,446,0,2,444,EGYENI,,
44097,04_004_044,760,537,537,0,8,529,EGYENI,,
44099,04_004_045,560,371,370,-1,3,367,EGYENI,,
44101,04_004_046,831,584,584,0,3,581,EGYENI,,
44103,04_004_047,923,644,642,-2,4,638,EGYENI,,
44105,04_004_048,946,683,681,-2,12,669,EGYENI,,
44107,04_004_049,798,543,543,0,6,537,EGYENI,,
44109,04_004_050,848,604,603,-1,6,597,EGYENI,,
44111,04_004_051,928,661,662,1,15,647,EGYENI,,
44113,04_004_052,815,557,557,0,5,552,EGYENI,,
44525,04_004_053,541,425,425,0,5,420,EGYENI,,
44527,04_004_054,172,105,105,0,3,102,EGYENI,,
44529,04_004_055,230,132,132,0,2,130,EGYENI,,
44531,04_004_056,747,562,553,-9,3,550,EGYENI,,
44533,04_004_057,829,604,602,-2,5,597,EGYENI,,
44535,04_004_058,578,393,393,0,1,392,EGYENI,,
44537,04_004_059,604,399,399,0,3,396,EGYENI,,
44539,04_004_060,806,573,574,1,21,553,EGYENI,,
44541,04_004_061,3381,3015,3052,37,300,2752,EGYENI,,
44543,04_004_062,1057,738,736,-2,4,732,EGYENI,,
44545,04_004_063,609,463,463,0,2,461,EGYENI,,
44547,04_004_064,766,599,599,0,4,595,EGYENI,,
44549,04_004_065,572,444,444,0,3,441,EGYENI,,
44551,04_004_066,503,365,364,-1,7,357,EGYENI,,
44553,04_004_067,747,473,473,0,3,470,EGYENI,,
44555,04_004_068,764,537,537,0,3,534,EGYENI,,
44557,04_005_001,597,388,388,0,6,382,EGYENI,,
44559,04_005_002,646,389,389,0,3,386,EGYENI,,
44561,04_005_003,656,373,373,0,5,368,EGYENI,,
44564,04_006_001,438,317,317,0,5,312,EGYENI,,
44566,04_006_002,414,288,288,0,3,285,EGYENI,,
44567,04_006_003,447,267,267,0,9,258,EGYENI,,
44569,04_006_004,455,337,337,0,5,332,EGYENI,,
44571,04_006_005,668,454,452,-2,4,448,EGYENI,,
44573,04_006_006,507,335,335,0,4,331,EGYENI,,
44575,04_006_007,42,30,30,0,1,29,EGYENI,,
44577,04_007_001,801,562,561,-1,24,537,EGYENI,,
44579,04_008_001,771,567,567,0,8,559,EGYENI,,
44581,04_009_001,890,536,536,0,9,527,EGYENI,,
44583,04_009_002,878,506,506,0,4,502,EGYENI,,
44585,04_010_001,668,478,478,0,7,471,EGYENI,,
44587,04_010_002,691,444,444,0,4,440,EGYENI,,
44589,04_010_003,97,57,57,0,1,56,EGYENI,,
44591,04_011_001,247,182,182,0,4,178,EGYENI,,
44593,04_012_001,988,628,628,0,14,614,EGYENI,,
44595,04_012_002,1069,645,645,0,7,638,EGYENI,,
44597,04_013_001,331,231,231,0,10,221,EGYENI,,
44599,04_014_001,819,530,530,0,9,521,EGYENI,,
44601,04_014_002,789,448,445,-3,4,441,EGYENI,,
44603,04_014_003,841,490,490,0,7,483,EGYENI,,
44605,04_014_004,745,461,461,0,9,452,EGYENI,,
44607,04_014_005,796,514,514,0,7,507,EGYENI,,
44609,04_015_001,776,436,436,0,6,430,EGYENI,,
44611,04_015_002,754,456,456,0,3,453,EGYENI,,
44613,04_015_003,856,487,487,0,11,476,EGYENI,,
44615,04_015_004,653,429,429,0,6,423,EGYENI,,
44617,04_015_005,684,451,451,0,1,450,EGYENI,,
44619,04_015_006,695,436,436,0,11,425,EGYENI,,
44621,04_015_007,810,502,502,0,11,491,EGYENI,,
44623,04_015_008,806,467,468,1,16,452,EGYENI,,
44625,04_016_001,830,483,482,-1,11,471,EGYENI,,
44627,04_016_002,612,420,420,0,5,415,EGYENI,,
44629,04_016_003,675,460,460,0,8,452,EGYENI,,
44631,04_016_004,604,414,414,0,9,405,EGYENI,,
44633,04_016_005,638,401,401,0,4,397,EGYENI,,
44635,04_017_001,657,423,423,0,6,417,EGYENI,,
44637,04_017_002,602,385,385,0,1,384,EGYENI,,
44639,04_017_003,437,257,257,0,6,251,EGYENI,,
44641,04_018_001,456,327,327,0,3,324,EGYENI,,
44643,04_019_001,463,262,262,0,7,255,EGYENI,,
44645,04_019_002,531,339,339,0,5,334,EGYENI,,
44647,04_020_001,483,300,300,0,5,295,EGYENI,,
44649,04_020_002,604,385,385,0,3,382,EGYENI,,
44651,04_020_003,651,395,395,0,3,392,EGYENI,,
44653,04_020_004,604,381,381,0,8,373,EGYENI,,
44655,04_020_005,663,403,403,0,3,400,EGYENI,,
44657,04_020_006,704,337,336,-1,7,329,EGYENI,,
44659,04_021_001,856,577,577,0,5,572,EGYENI,,
44661,04_021_002,833,586,586,0,6,580,EGYENI,,
44663,04_021_003,883,540,539,-1,7,532,EGYENI,,
44665,04_021_004,971,631,630,-1,10,620,EGYENI,,
45089,04_021_005,976,639,639,0,7,632,EGYENI,,
45091,04_022_001,936,545,545,0,6,539,EGYENI,,
45093,04_022_002,972,667,667,0,4,663,EGYENI,,
45095,04_022_003,987,615,615,0,9,606,EGYENI,,
45097,04_023_001,554,384,384,0,6,378,EGYENI,,
45099,04_023_002,468,348,348,0,5,343,EGYENI,,
45101,04_024_001,579,326,326,0,12,314,EGYENI,,
45103,04_025_001,665,433,433,0,1,432,EGYENI,,
45105,04_025_002,699,468,467,-1,12,455,EGYENI,,
45107,04_025_003,677,434,433,-1,4,429,EGYENI,,
45109,04_025_004,720,462,461,-1,16,445,EGYENI,,
45111,04_025_005,661,472,472,0,5,467,EGYENI,,
45113,04_025_006,684,453,453,0,8,445,EGYENI,,
45115,04_025_007,712,413,413,0,9,404,EGYENI,,
45117,04_025_008,640,357,357,0,11,346,EGYENI,,
45119,04_025_009,683,414,414,0,5,409,EGYENI,,
45121,04_025_010,572,400,400,0,2,398,EGYENI,,
45123,04_025_011,770,474,474,0,5,469,EGYENI,,
45125,04_025_012,702,427,427,0,8,419,EGYENI,,
45127,04_025_013,640,339,339,0,7,332,EGYENI,,
45129,04_025_014,589,347,347,0,7,340,EGYENI,,
45131,04_025_015,123,68,68,0,1,67,EGYENI,,
45133,04_025_016,784,478,478,0,8,470,EGYENI,,
45135,04_025_017,556,251,251,0,7,244,EGYENI,,
45137,04_026_001,1083,821,821,0,0,821,EGYENI,,
45139,04_026_002,1069,808,799,-9,4,795,EGYENI,,
45141,04_026_003,740,322,317,-5,0,317,EGYENI,,
45143,04_026_004,809,604,603,-1,4,599,EGYENI,,
45145,04_026_005,794,536,536,0,9,527,EGYENI,,
45147,04_026_006,831,581,581,0,9,572,EGYENI,,
45149,04_026_007,1031,698,697,-1,7,690,EGYENI,,
45151,04_026_008,933,692,689,-3,4,685,EGYENI,,
45153,04_026_009,704,507,505,-2,0,505,EGYENI,,
45155,04_026_010,775,579,579,0,3,576,EGYENI,,
45157,04_026_011,761,536,535,-1,5,530,EGYENI,,
45159,04_026_012,733,476,476,0,8,468,EGYENI,,
45161,04_026_013,685,441,441,0,4,437,EGYENI,,
45163,04_026_014,1021,646,646,0,11,635,EGYENI,,
45165,04_026_015,785,580,580,0,4,576,EGYENI,,
45167,04_026_016,916,663,663,0,8,655,EGYENI,,
45169,04_026_017,724,470,470,0,7,463,EGYENI,,
45171,04_026_018,691,465,465,0,3,462,EGYENI,,
45173,04_026_019,1125,746,746,0,5,741,EGYENI,,
45175,04_026_020,747,548,537,-11,4,533,EGYENI,,
45177,04_026_021,858,617,615,-2,9,606,EGYENI,,
45179,04_026_022,843,585,584,-1,3,581,EGYENI,,
45181,04_026_023,1027,732,732,0,7,725,EGYENI,,
45183,04_026_024,716,504,504,0,6,498,EGYENI,,
45185,04_026_025,913,703,702,-1,5,697,EGYENI,,
45187,04_026_026,789,537,535,-2,1,534,EGYENI,,
45189,04_026_027,616,425,424,-1,3,421,EGYENI,,
45191,04_026_028,605,435,435,0,6,429,EGYENI,,
45193,04_026_029,661,462,462,0,4,458,EGYENI,,
45195,04_026_030,2729,2436,2435,-1,30,2405,EGYENI,,
45197,04_027_001,530,360,359,-1,2,357,EGYENI,,
45199,04_028_001,478,354,354,0,3,351,EGYENI,,
45201,04_028_002,392,285,283,-2,3,280,EGYENI,,
45203,04_029_001,494,327,326,-1,5,321,EGYENI,,
45205,04_030_001,682,456,456,0,7,449,EGYENI,,
45207,04_031_001,671,441,441,0,6,435,EGYENI,,
45209,04_031_002,670,446,446,0,7,439,EGYENI,,
45211,04_031_003,121,71,71,0,4,67,EGYENI,,
45213,04_032_001,307,202,202,0,6,196,EGYENI,,
45215,04_033_001,751,435,435,0,17,418,EGYENI,,
45217,04_033_002,711,448,448,0,12,436,EGYENI,,
45219,04_034_001,739,476,476,0,11,465,EGYENI,,
45221,04_034_002,705,441,430,-11,8,422,EGYENI,,
45223,04_034_003,808,476,476,0,4,472,EGYENI,,
45647,04_034_004,636,361,361,0,8,353,EGYENI,,
45649,04_035_001,764,604,604,0,11,593,EGYENI,,
45651,04_035_002,325,204,204,0,3,201,EGYENI,,
45653,04_036_001,393,233,233,0,6,227,EGYENI,,
45655,04_037_001,606,393,393,0,9,384,EGYENI,,
45657,04_037_002,622,436,433,-3,2,431,EGYENI,,
45659,04_037_003,638,396,396,0,7,389,EGYENI,,
45661,04_037_004,575,371,371,0,2,369,EGYENI,,
45663,04_037_005,612,416,416,0,7,409,EGYENI,,
45665,04_037_006,574,406,406,0,6,400,EGYENI,,
45667,04_037_007,462,254,254,0,4,250,EGYENI,,
45669,04_038_001,808,526,526,0,8,518,EGYENI,,
45671,04_038_002,932,492,492,0,5,487,EGYENI,,
45673,04_038_003,881,568,568,0,10,558,EGYENI,,
45675,04_038_004,876,572,572,0,14,558,EGYENI,,
45677,04_039_001,495,301,301,0,8,293,EGYENI,,
45679,04_040_001,658,397,397,0,5,392,EGYENI,,
45681,04_040_002,672,446,446,0,5,441,EGYENI,,
45683,04_040_003,674,399,398,-1,2,396,EGYENI,,
45685,04_041_001,396,234,234,0,4,230,EGYENI,,
45687,04_042_001,575,347,345,-2,4,341,EGYENI,,
45689,04_042_002,621,362,360,-2,4,356,EGYENI,,
45691,04_043_001,673,399,399,0,12,387,EGYENI,,
45693,04_043_002,643,390,390,0,8,382,EGYENI,,
45695,04_043_003,798,470,470,0,10,460,EGYENI,,
45697,04_044_001,789,526,525,-1,12,513,EGYENI,,
45699,04_044_002,649,398,398,0,11,387,EGYENI,,
45701,04_045_001,603,393,392,-1,9,383,EGYENI,,
45703,04_045_002,475,287,287,0,7,280,EGYENI,,
45705,04_045_003,574,342,342,0,3,339,EGYENI,,
45707,04_046_001,177,100,100,0,2,98,EGYENI,,
45709,04_047_001,528,347,347,0,1,346,EGYENI,,
45711,04_047_002,272,184,184,0,8,176,EGYENI,,
45713,04_048_001,956,644,644,0,13,631,EGYENI,,
45715,04_048_002,800,577,580,3,37,543,EGYENI,,
45717,04_048_003,824,587,587,0,8,579,EGYENI,,
45719,04_048_004,276,147,147,0,2,145,EGYENI,,
45721,04_049_001,1050,599,599,0,17,582,EGYENI,,
45723,04_049_002,989,657,657,0,13,644,EGYENI,,
45725,04_049_003,1026,736,735,-1,12,723,EGYENI,,
45727,04_049_004,1011,648,648,0,8,640,EGYENI,,
45729,04_049_005,877,637,637,0,6,631,EGYENI,,
45731,04_049_006,1132,616,615,-1,13,602,EGYENI,,
45733,04_049_007,1010,678,676,-2,7,669,EGYENI,,
45735,04_049_008,962,631,631,0,13,618,EGYENI,,
45737,04_050_001,770,484,484,0,11,473,EGYENI,,
45739,04_050_002,82,59,59,0,0,59,EGYENI,,
45741,04_051_001,692,423,423,0,2,421,EGYENI,,
45743,04_051_002,585,389,389,0,8,381,EGYENI,,
45745,04_051_003,700,439,439,0,4,435,EGYENI,,
45747,04_051_004,714,554,554,0,9,545,EGYENI,,
45749,04_051_005,792,514,514,0,5,509,EGYENI,,
45751,04_051_006,722,401,401,0,14,387,EGYENI,,
45753,04_052_001,791,575,575,0,7,568,EGYENI,,
45755,04_052_002,920,650,648,-2,4,644,EGYENI,,
45757,04_052_003,1018,685,685,0,6,679,EGYENI,,
45759,04_052_004,1053,704,704,0,9,695,EGYENI,,
45761,04_052_005,963,626,626,0,7,619,EGYENI,,
45763,04_053_001,842,541,540,-1,4,536,EGYENI,,
45765,04_053_002,882,587,595,8,8,587,EGYENI,,
45767,04_054_001,484,310,310,0,7,303,EGYENI,,
45769,04_054_002,533,343,343,0,6,337,EGYENI,,
45771,04_055_001,1037,747,747,0,17,730,EGYENI,,
45773,04_056_001,357,223,223,0,2,221,EGYENI,,
45775,04_056_002,334,199,199,0,2,197,EGYENI,,
45777,04_056_003,373,239,238,-1,3,235,EGYENI,,
45779,04_057_001,899,591,591,0,9,582,EGYENI,,
45781,04_057_002,1124,809,808,-1,14,794,EGYENI,,
45783,04_057_003,946,676,676,0,7,669,EGYENI,,
45785,04_057_004,1119,769,767,-2,7,760,EGYENI,,
46207,04_058_001,970,570,570,0,7,563,EGYENI,,
46209,04_058_002,933,579,579,0,5,574,EGYENI,,
46211,04_059_001,634,432,432,0,3,429,EGYENI,,
46213,04_059_002,663,458,458,0,2,456,EGYENI,,
46215,04_059_003,646,431,431,0,3,428,EGYENI,,
46217,04_059_004,783,490,490,0,3,487,EGYENI,,
46219,04_059_005,589,413,413,0,3,410,EGYENI,,
46221,04_059_006,853,593,592,-1,14,578,EGYENI,,
46223,04_059_007,434,319,319,0,5,314,EGYENI,,
46225,04_059_008,522,395,395,0,2,393,EGYENI,,
46227,04_059_009,491,346,346,0,1,345,EGYENI,,
46229,04_059_010,759,548,548,0,4,544,EGYENI,,
46231,04_059_011,612,435,433,-2,2,431,EGYENI,,
46233,04_059_012,671,457,457,0,1,456,EGYENI,,
46235,04_059_013,598,434,433,-1,2,431,EGYENI,,
46237,04_059_014,574,386,386,0,1,385,EGYENI,,
46239,04_059_015,532,362,363,1,19,344,EGYENI,,
46241,04_059_016,2857,2526,2523,-3,12,2511,EGYENI,,
46243,04_059_017,652,441,439,-2,1,438,EGYENI,,
46245,04_059_018,518,356,356,0,7,349,EGYENI,,
46247,04_059_019,710,529,530,1,22,508,EGYENI,,
46249,04_059_020,912,601,600,-1,4,596,EGYENI,,
46251,04_059_021,699,488,489,1,17,472,EGYENI,,
46253,04_059_022,738,457,457,0,6,451,EGYENI,,
46255,04_059_023,1028,712,710,-2,9,701,EGYENI,,
46257,04_059_024,950,699,699,0,8,691,EGYENI,,
46259,04_059_025,904,653,653,0,3,650,EGYENI,,
46261,04_059_026,829,567,567,0,10,557,EGYENI,,
46263,04_059_027,782,548,548,0,2,546,EGYENI,,
46265,04_059_028,359,251,251,0,5,246,EGYENI,,
46267,04_059_029,370,246,246,0,3,243,EGYENI,,
46269,04_059_030,852,536,536,0,11,525,EGYENI,,
46271,04_059_031,859,537,537,0,3,534,EGYENI,,
46273,04_059_032,621,392,392,0,3,389,EGYENI,,
46275,04_059_033,675,416,416,0,3,413,EGYENI,,
46277,04_059_034,165,91,91,0,0,91,EGYENI,,
46279,04_059_035,156,100,100,0,0,100,EGYENI,,
46281,04_059_036,648,434,434,0,8,426,EGYENI,,
46283,04_059_037,89,48,48,0,0,48,EGYENI,,
46285,04_060_001,304,202,202,0,1,201,EGYENI,,
46287,04_061_001,757,510,510,0,7,503,EGYENI,,
46289,04_061_002,563,335,335,0,3,332,EGYENI,,
46291,04_062_001,222,156,156,0,5,151,EGYENI,,
46293,04_062_002,65,37,37,0,2,35,EGYENI,,
46295,04_063_001,961,597,597,0,3,594,EGYENI,,
46297,04_063_002,990,612,612,0,5,607,EGYENI,,
46299,04_063_003,1016,571,571,0,2,569,EGYENI,,
46301,04_063_004,1030,663,663,0,9,654,EGYENI,,
46303,04_063_005,1020,481,481,0,5,476,EGYENI,,
46305,04_063_006,888,540,540,0,9,531,EGYENI,,
46307,04_063_007,1053,658,671,13,79,592,EGYENI,,
46309,04_063_008,906,522,521,-1,6,515,EGYENI,,
46311,04_064_001,546,323,323,0,7,316,EGYENI,,
46313,04_064_002,551,369,369,0,11,358,EGYENI,,
46315,04_064_003,133,84,84,0,0,84,EGYENI,,
46317,04_064_004,57,38,38,0,1,37,EGYENI,,
46319,04_065_001,634,420,420,0,4,416,EGYENI,,
46321,04_065_002,764,537,537,0,13,524,EGYENI,,
46323,04_065_003,709,460,460,0,8,452,EGYENI,,
46325,04_066_001,813,574,571,-3,5,566,EGYENI,,
46327,04_066_002,947,626,625,-1,10,615,EGYENI,,
46329,04_066_003,750,512,512,0,3,509,EGYENI,,
46331,04_066_004,627,467,467,0,4,463,EGYENI,,
46333,04_066_005,757,580,581,1,14,567,EGYENI,,
46335,04_066_006,689,469,469,0,12,457,EGYENI,,
46337,04_066_007,632,385,379,-6,5,374,EGYENI,,
46339,04_066_008,937,672,672,0,5,667,EGYENI,,
46341,04_066_009,225,136,136,0,1,135,EGYENI,,
46749,04_066_010,1084,846,847,1,15,832,EGYENI,,
46751,04_066_011,874,582,580,-2,7,573,EGYENI,,
46753,04_066_012,889,622,621,-1,7,614,EGYENI,,
46755,04_066_013,754,502,502,0,4,498,EGYENI,,
46757,04_066_014,856,586,586,0,10,576,EGYENI,,
46759,04_066_015,763,501,501,0,7,494,EGYENI,,
46761,04_066_016,243,133,133,0,4,129,EGYENI,,
46763,04_066_017,399,259,259,0,3,256,EGYENI,,
46765,04_066_018,477,289,289,0,3,286,EGYENI,,
46767,04_067_001,1005,664,663,-1,10,653,EGYENI,,
46769,04_067_002,999,707,707,0,8,699,EGYENI,,
46771,04_067_003,948,634,634,0,8,626,EGYENI,,
46773,04_067_004,1036,731,730,-1,3,727,EGYENI,,
46775,04_067_005,1018,685,685,0,7,678,EGYENI,,
46777,04_067_006,1046,721,720,-1,10,710,EGYENI,,
46779,04_067_007,1115,618,618,0,18,600,EGYENI,,
46781,04_068_001,685,413,413,0,11,402,EGYENI,,
46783,04_069_001,576,429,429,0,9,420,EGYENI,,
46785,04_069_002,698,494,482,-12,11,471,EGYENI,,
46787,04_070_001,472,332,332,0,6,326,EGYENI,,
46789,04_070_002,678,440,440,0,4,436,EGYENI,,
46791,04_070_003,512,363,363,0,4,359,EGYENI,,
46793,04_070_004,487,349,349,0,2,347,EGYENI,,
46795,04_070_005,522,314,314,0,8,306,EGYENI,,
46797,04_070_006,495,325,325,0,27,298,EGYENI,,
46799,04_070_007,742,529,529,0,9,520,EGYENI,,
46801,04_070_008,704,467,467,0,7,460,EGYENI,,
46803,04_070_009,65,46,46,0,0,46,EGYENI,,
46805,04_071_001,772,478,478,0,9,469,EGYENI,,
46807,04_071_002,620,420,419,-1,4,415,EGYENI,,
46809,04_071_003,693,400,400,0,4,396,EGYENI,,
46811,04_071_004,741,513,511,-2,7,504,EGYENI,,
46813,04_071_005,723,488,488,0,12,476,EGYENI,,
46815,04_071_006,604,366,366,0,6,360,EGYENI,,
46817,04_072_001,84,59,59,0,1,58,EGYENI,,
46819,04_073_001,945,584,584,0,15,569,EGYENI,,
46821,04_073_002,118,85,85,0,0,85,EGYENI,,
46823,04_074_001,682,403,403,0,3,400,EGYENI,,
46825,04_074_002,649,393,393,0,6,387,EGYENI,,
46827,04_074_003,694,450,445,-5,9,436,EGYENI,,
46829,04_074_004,665,470,469,-1,1,468,EGYENI,,
46831,04_074_005,952,491,491,0,7,484,EGYENI,,
46833,04_074_006,856,438,438,0,5,433,EGYENI,,
46835,04_074_007,864,393,392,-1,1,391,EGYENI,,
46837,04_075_001,633,416,416,0,13,403,EGYENI,,
46839,04_075_002,601,381,381,0,7,374,EGYENI,,
46841,05_001_001,59,44,44,0,2,42,EGYENI,,
46843,05_002_001,418,291,291,0,5,286,EGYENI,,
46845,05_002_002,76,52,52,0,0,52,EGYENI,,
46847,05_003_001,75,55,55,0,0,55,EGYENI,,
46849,05_004_001,811,463,463,0,3,460,EGYENI,,
46851,05_004_002,836,499,499,0,11,488,EGYENI,,
46853,05_004_003,709,475,476,1,12,464,EGYENI,,
46855,05_005_001,105,52,52,0,0,52,EGYENI,,
46857,05_006_001,148,103,103,0,0,103,EGYENI,,
46859,05_007_001,163,111,111,0,3,108,EGYENI,,
46861,05_008_001,440,330,329,-1,4,325,EGYENI,,
46863,05_009_001,608,357,357,0,5,352,EGYENI,,
46865,05_010_001,606,368,368,0,4,364,EGYENI,,
46867,05_011_001,239,172,172,0,3,169,EGYENI,,
46869,05_012_001,71,51,51,0,1,50,EGYENI,,
46871,05_013_001,152,115,115,0,1,114,EGYENI,,
46873,05_014_001,349,266,266,0,1,265,EGYENI,,
46875,05_015_001,103,70,70,0,1,69,EGYENI,,
46877,05_016_001,1083,633,633,0,6,627,EGYENI,,
46879,05_017_001,696,519,519,0,4,515,EGYENI,,
46881,05_017_002,726,530,530,0,2,528,EGYENI,,
46883,05_017_003,985,631,631,0,10,621,EGYENI,,
46885,05_017_004,816,591,591,0,8,583,EGYENI,,
46887,05_017_005,982,605,605,0,23,582,EGYENI,,
46889,05_018_001,68,52,52,0,1,51,EGYENI,,
47277,05_019_001,921,322,322,0,6,316,EGYENI,,
47279,05_019_002,847,399,399,0,4,395,EGYENI,,
47281,05_019_003,852,345,345,0,10,335,EGYENI,,
47283,05_020_001,837,581,581,0,10,571,EGYENI,,
47285,05_020_002,1081,844,844,0,6,838,EGYENI,,
47287,05_021_001,689,406,406,0,13,393,EGYENI,,
47289,05_021_002,667,378,378,0,4,374,EGYENI,,
47291,05_022_001,812,509,509,0,4,505,EGYENI,,
47293,05_023_001,546,337,336,-1,7,329,EGYENI,,
47295,05_024_001,346,183,183,0,6,177,EGYENI,,
47297,05_025_001,142,118,118,0,3,115,EGYENI,,
47299,05_026_001,540,359,359,0,4,355,EGYENI,,
47301,05_026_002,579,379,379,0,1,378,EGYENI,,
47303,05_027_001,952,582,581,-1,14,567,EGYENI,,
47305,05_028_001,28,23,23,0,0,23,EGYENI,,
47307,05_029_001,964,630,629,-1,7,622,EGYENI,,
47309,05_029_002,996,725,724,-1,4,720,EGYENI,,
47311,05_030_001,930,530,530,0,9,521,EGYENI,,
47313,05_031_001,210,125,123,-2,11,112,EGYENI,,
47315,05_032_001,747,487,487,0,2,485,EGYENI,,
47317,05_033_001,1016,538,535,-3,7,528,EGYENI,,
47319,05_034_001,906,634,634,0,6,628,EGYENI,,
47321,05_035_001,703,487,487,0,2,485,EGYENI,,
47323,05_036_001,695,443,443,0,5,438,EGYENI,,
47325,05_037_001,689,481,481,0,3,478,EGYENI,,
47327,05_037_002,854,637,637,0,14,623,EGYENI,,
47329,05_038_001,367,159,159,0,5,154,EGYENI,,
47331,05_039_001,744,469,469,0,10,459,EGYENI,,
47333,05_040_001,970,494,494,0,13,481,EGYENI,,
47335,05_040_002,798,543,543,0,9,534,EGYENI,,
47337,05_041_001,649,329,329,0,5,324,EGYENI,,
47339,05_042_001,229,166,166,0,0,166,EGYENI,,
47341,05_043_001,424,305,305,0,5,300,EGYENI,,
47343,05_044_001,586,316,316,0,5,311,EGYENI,,
47345,05_044_002,586,334,334,0,3,331,EGYENI,,
47347,05_044_003,567,357,357,0,3,354,EGYENI,,
47349,05_044_004,651,396,396,0,2,394,EGYENI,,
47351,05_045_001,967,620,620,0,12,608,EGYENI,,
47353,05_046_001,911,522,522,0,6,516,EGYENI,,
47355,05_047_001,136,65,65,0,0,65,EGYENI,,
47357,05_048_001,77,54,54,0,3,51,EGYENI,,
47359,05_049_001,808,595,596,1,19,577,EGYENI,,
47361,05_050_001,155,111,111,0,0,111,EGYENI,,
47363,05_051_001,789,426,426,0,2,424,EGYENI,,
47365,05_051_002,612,418,418,0,3,415,EGYENI,,
47367,05_051_003,662,471,469,-2,7,462,EGYENI,,
47369,05_052_001,1190,765,763,-2,3,760,EGYENI,,
47371,05_053_001,592,450,450,0,2,448,EGYENI,,
47373,05_053_002,730,540,539,-1,3,536,EGYENI,,
47375,05_054_001,119,76,76,0,2,74,EGYENI,,
47377,05_055_001,924,658,658,0,3,655,EGYENI,,
47379,05_056_001,810,600,600,0,4,596,EGYENI,,
47381,05_057_001,164,117,117,0,3,114,EGYENI,,
47383,05_058_001,826,380,380,0,17,363,EGYENI,,
47385,05_058_002,721,384,384,0,3,381,EGYENI,,
47387,05_058_003,734,332,331,-1,7,324,EGYENI,,
47389,05_059_001,256,122,123,1,7,116,EGYENI,,
47391,05_060_001,814,631,631,0,5,626,EGYENI,,
47393,05_061_001,355,280,280,0,4,276,EGYENI,,
47395,05_062_001,553,310,307,-3,9,298,EGYENI,,
47397,05_063_001,453,316,316,0,3,313,EGYENI,,
47399,05_064_001,552,414,414,0,4,410,EGYENI,,
47401,05_065_001,535,354,353,-1,10,343,EGYENI,,
47403,05_066_001,622,391,391,0,7,384,EGYENI,,
47405,05_067_001,206,132,132,0,2,130,EGYENI,,
47407,05_068_001,264,137,137,0,1,136,EGYENI,,
47409,05_069_001,18,13,13,0,0,13,EGYENI,,
47411,05_070_001,219,149,149,0,7,142,EGYENI,,
47413,05_071_001,1178,764,764,0,8,756,EGYENI,,
47823,05_072_001,584,310,310,0,2,308,EGYENI,,
47825,05_073_001,218,157,157,0,3,154,EGYENI,,
47827,05_074_001,231,173,173,0,0,173,EGYENI,,
47829,05_075_001,928,633,633,0,26,607,EGYENI,,
47831,05_075_002,1010,760,758,-2,5,753,EGYENI,,
47833,05_075_003,1078,718,718,0,3,715,EGYENI,,
47835,05_075_004,857,595,595,0,4,591,EGYENI,,
47837,05_075_005,852,636,634,-2,2,632,EGYENI,,
47839,05_075_006,804,557,556,-1,5,551,EGYENI,,
47841,05_075_007,1016,702,702,0,12,690,EGYENI,,
47843,05_075_008,968,606,601,-5,15,586,EGYENI,,
47845,05_076_001,439,316,316,0,1,315,EGYENI,,
47847,05_077_001,745,426,426,0,7,419,EGYENI,,
47849,05_077_002,762,490,490,0,4,486,EGYENI,,
47851,05_077_003,774,485,485,0,4,481,EGYENI,,
47853,05_077_004,852,480,480,0,7,473,EGYENI,,
47855,05_077_005,831,505,505,0,3,502,EGYENI,,
47857,05_078_001,783,614,614,0,9,605,EGYENI,,
47859,05_078_002,876,587,587,0,8,579,EGYENI,,
47861,05_078_003,640,359,359,0,43,316,EGYENI,,
47863,05_078_004,749,487,487,0,5,482,EGYENI,,
47865,05_078_005,729,563,563,0,2,561,EGYENI,,
47867,05_078_006,609,420,420,0,9,411,EGYENI,,
47869,05_078_007,442,285,285,0,28,257,EGYENI,,
47871,05_079_001,924,570,570,0,12,558,EGYENI,,
47873,05_080_001,456,297,297,0,6,291,EGYENI,,
47875,05_081_001,48,39,39,0,1,38,EGYENI,,
47877,05_082_001,274,205,205,0,4,201,EGYENI,,
47879,05_083_001,691,329,329,0,6,323,EGYENI,,
47881,05_083_002,548,159,159,0,7,152,EGYENI,,
47883,05_084_001,263,217,217,0,0,217,EGYENI,,
47885,05_085_001,213,128,128,0,1,127,EGYENI,,
47887,05_086_001,692,383,383,0,12,371,EGYENI,,
47889,05_087_001,137,62,62,0,7,55,EGYENI,,
47891,05_088_001,279,174,174,0,4,170,EGYENI,,
47893,05_089_001,780,528,527,-1,5,522,EGYENI,,
47895,05_090_001,195,106,106,0,5,101,EGYENI,,
47897,05_091_001,557,324,324,0,9,315,EGYENI,,
47899,05_092_001,360,211,210,-1,27,183,EGYENI,,
47901,05_093_001,696,546,546,0,5,541,EGYENI,,
47903,05_093_002,865,636,636,0,3,633,EGYENI,,
47905,05_093_003,1103,718,718,0,6,712,EGYENI,,
47907,05_093_004,638,470,470,0,4,466,EGYENI,,
47909,05_093_005,889,566,565,-1,5,560,EGYENI,,
47911,05_093_006,982,647,647,0,14,633,EGYENI,,
47913,05_094_001,93,67,67,0,2,65,EGYENI,,
47915,05_095_001,260,145,145,0,0,145,EGYENI,,
47917,05_096_001,958,618,617,-1,23,594,EGYENI,,
47919,05_096_002,974,694,694,0,31,663,EGYENI,,
47921,05_097_001,260,127,123,-4,7,116,EGYENI,,
47923,05_098_001,315,240,240,0,5,235,EGYENI,,
47925,05_099_001,95,68,68,0,2,66,EGYENI,,
47927,05_100_001,242,178,178,0,7,171,EGYENI,,
47929,05_101_001,252,149,148,-1,0,148,EGYENI,,
47931,05_102_001,151,120,120,0,2,118,EGYENI,,
47933,05_103_001,22,15,15,0,1,14,EGYENI,,
47935,05_104_001,136,83,83,0,1,82,EGYENI,,
47937,05_105_001,157,111,111,0,2,109,EGYENI,,
47939,05_106_001,70,53,53,0,0,53,EGYENI,,
47941,05_107_001,307,225,225,0,5,220,EGYENI,,
47943,05_108_001,461,356,355,-1,1,354,EGYENI,,
47945,05_109_001,619,395,395,0,5,390,EGYENI,,
47947,05_109_002,563,370,370,0,1,369,EGYENI,,
47949,05_109_003,644,400,400,0,25,375,EGYENI,,
47951,05_109_004,212,93,93,0,2,91,EGYENI,,
47953,05_110_001,605,363,363,0,7,356,EGYENI,,
47955,05_111_001,452,340,340,0,6,334,EGYENI,,
47957,05_112_001,68,50,50,0,0,50,EGYENI,,
47959,05_113_001,782,552,552,0,6,546,EGYENI,,
47961,05_113_002,749,424,423,-1,4,419,EGYENI,,
47963,05_114_001,464,272,272,0,4,268,EGYENI,,
48359,05_115_001,446,261,261,0,12,249,EGYENI,,
48361,05_116_001,655,446,446,0,6,440,EGYENI,,
48363,05_116_002,688,404,403,-1,4,399,EGYENI,,
48365,05_117_001,467,293,293,0,3,290,EGYENI,,
48367,05_118_001,615,301,300,-1,7,293,EGYENI,,
48369,05_118_002,599,323,323,0,4,319,EGYENI,,
48371,05_119_001,789,542,542,0,0,542,EGYENI,,
48373,05_119_002,825,585,585,0,3,582,EGYENI,,
48375,05_120_001,108,92,92,0,1,91,EGYENI,,
48377,05_121_001,95,79,79,0,0,79,EGYENI,,
48379,05_122_001,170,124,124,0,1,123,EGYENI,,
48381,05_123_001,587,424,424,0,12,412,EGYENI,,
48383,05_123_002,628,375,375,0,1,374,EGYENI,,
48385,05_124_001,805,546,546,0,6,540,EGYENI,,
48387,05_125_001,232,180,180,0,4,176,EGYENI,,
48389,05_126_001,842,541,541,0,14,527,EGYENI,,
48391,05_127_001,559,417,417,0,0,417,EGYENI,,
48393,05_128_001,528,430,429,-1,1,428,EGYENI,,
48395,05_129_001,107,78,78,0,2,76,EGYENI,,
48397,05_130_001,161,104,104,0,4,100,EGYENI,,
48399,05_131_001,114,74,74,0,3,71,EGYENI,,
48401,05_131_002,1096,752,752,0,9,743,EGYENI,,
48403,05_132_001,245,176,176,0,6,170,EGYENI,,
48405,05_133_001,908,556,557,1,15,542,EGYENI,,
48407,05_133_002,874,550,550,0,16,534,EGYENI,,
48409,05_133_003,905,595,595,0,5,590,EGYENI,,
48411,05_134_001,154,90,90,0,2,88,EGYENI,,
48413,05_135_001,306,164,164,0,6,158,EGYENI,,
48415,05_136_001,130,105,105,0,1,104,EGYENI,,
48417,05_137_001,677,337,335,-2,6,329,EGYENI,,
48419,05_138_001,411,260,260,0,1,259,EGYENI,,
48421,05_139_001,757,511,511,0,9,502,EGYENI,,
48423,05_140_001,464,322,322,0,6,316,EGYENI,,
48425,05_141_001,692,458,457,-1,4,453,EGYENI,,
48427,05_142_001,698,441,441,0,4,437,EGYENI,,
48429,05_143_001,887,550,550,0,7,543,EGYENI,,
48431,05_144_001,87,63,63,0,2,61,EGYENI,,
48433,05_145_001,932,601,601,0,10,591,EGYENI,,
48435,05_146_001,66,56,56,0,0,56,EGYENI,,
48437,05_147_001,658,429,429,0,8,421,EGYENI,,
48439,05_147_002,637,387,386,-1,3,383,EGYENI,,
48441,05_148_001,373,201,201,0,0,201,EGYENI,,
48443,05_149_001,743,422,421,-1,4,417,EGYENI,,
48445,05_149_002,614,309,309,0,3,306,EGYENI,,
48447,05_150_001,220,158,157,-1,0,157,EGYENI,,
48449,05_151_001,706,339,339,0,5,334,EGYENI,,
48451,05_151_002,703,448,448,0,8,440,EGYENI,,
48453,05_152_001,394,236,236,0,2,234,EGYENI,,
48455,05_153_001,656,507,506,-1,1,505,EGYENI,,
48457,05_153_002,683,526,526,0,3,523,EGYENI,,
48459,05_153_003,770,405,405,0,10,395,EGYENI,,
48461,05_153_004,630,425,425,0,2,423,EGYENI,,
48463,05_153_005,3381,2872,2865,-7,38,2827,EGYENI,,
48465,05_153_006,749,530,530,0,1,529,EGYENI,,
48467,05_153_007,729,371,371,0,6,365,EGYENI,,
48469,05_153_008,610,281,281,0,7,274,EGYENI,,
48471,05_153_009,752,363,363,0,7,356,EGYENI,,
48473,05_153_010,1015,556,556,0,10,546,EGYENI,,
48475,05_153_011,613,457,457,0,5,452,EGYENI,,
48477,05_153_012,562,390,390,0,2,388,EGYENI,,
48479,05_153_013,802,559,559,0,5,554,EGYENI,,
48481,05_153_014,556,402,403,1,18,385,EGYENI,,
48483,05_153_015,792,542,541,-1,2,539,EGYENI,,
48485,05_153_016,976,626,626,0,5,621,EGYENI,,
48487,05_153_017,745,465,465,0,5,460,EGYENI,,
48489,05_153_018,875,399,399,0,3,396,EGYENI,,
48887,05_153_019,862,519,519,0,1,518,EGYENI,,
48889,05_153_020,780,499,499,0,5,494,EGYENI,,
48891,05_153_021,618,375,375,0,4,371,EGYENI,,
48893,05_153_022,551,312,312,0,3,309,EGYENI,,
48895,05_153_023,963,577,573,-4,5,568,EGYENI,,
48897,05_153_024,925,576,574,-2,4,570,EGYENI,,
48899,05_153_025,853,573,573,0,6,567,EGYENI,,
48901,05_153_026,729,485,486,1,14,472,EGYENI,,
48903,05_153_027,568,351,351,0,1,350,EGYENI,,
48905,05_153_028,641,430,429,-1,2,427,EGYENI,,
48907,05_153_029,682,455,455,0,2,453,EGYENI,,
48909,05_153_030,817,523,522,-1,8,514,EGYENI,,
48911,05_154_001,416,311,311,0,5,306,EGYENI,,
48913,05_155_001,138,91,91,0,3,88,EGYENI,,
48915,05_156_001,49,36,36,0,0,36,EGYENI,,
48917,05_157_001,702,434,425,-9,18,407,EGYENI,,
48919,05_158_001,363,216,216,0,3,213,EGYENI,,
48921,05_159_001,947,533,533,0,13,520,EGYENI,,
48923,05_160_001,25,19,19,0,1,18,EGYENI,,
48925,05_161_001,615,383,383,0,25,358,EGYENI,,
48927,05_161_002,646,376,376,0,9,367,EGYENI,,
48929,05_162_001,125,79,79,0,1,78,EGYENI,,
48931,05_163_001,135,81,81,0,0,81,EGYENI,,
48933,05_163_002,498,277,277,0,2,275,EGYENI,,
48935,05_164_001,139,106,106,0,0,106,EGYENI,,
48937,05_165_001,644,434,434,0,5,429,EGYENI,,
48939,05_165_002,624,364,362,-2,1,361,EGYENI,,
48941,05_166_001,269,197,197,0,6,191,EGYENI,,
48943,05_167_001,269,190,190,0,4,186,EGYENI,,
48945,05_168_001,141,91,91,0,3,88,EGYENI,,
48947,05_169_001,248,170,170,0,2,168,EGYENI,,
48949,05_170_001,793,573,572,-1,8,564,EGYENI,,
48951,05_170_002,891,651,651,0,4,647,EGYENI,,
48953,05_171_001,182,140,139,-1,2,137,EGYENI,,
48955,05_172_001,214,170,170,0,4,166,EGYENI,,
48957,05_173_001,497,328,326,-2,4,322,EGYENI,,
48959,05_174_001,240,181,181,0,2,179,EGYENI,,
48961,05_175_001,478,218,218,0,10,208,EGYENI,,
48963,05_176_001,909,573,573,0,15,558,EGYENI,,
48965,05_177_001,363,216,216,0,5,211,EGYENI,,
48967,05_178_001,143,106,106,0,2,104,EGYENI,,
48969,05_179_001,524,346,346,0,5,341,EGYENI,,
48971,05_179_002,725,453,453,0,4,449,EGYENI,,
48973,05_180_001,450,344,344,0,5,339,EGYENI,,
48975,05_181_001,196,68,68,0,1,67,EGYENI,,
48977,05_182_001,212,138,138,0,2,136,EGYENI,,
48979,05_183_001,1189,713,712,-1,17,695,EGYENI,,
48981,05_184_001,344,236,236,0,8,228,EGYENI,,
48983,05_185_001,228,166,166,0,0,166,EGYENI,,
48985,05_186_001,42,32,32,0,0,32,EGYENI,,
48987,05_187_001,686,371,371,0,6,365,EGYENI,,
48989,05_188_001,323,195,195,0,6,189,EGYENI,,
48991,05_189_001,929,645,645,0,4,641,EGYENI,,
48993,05_189_002,848,596,595,-1,10,585,EGYENI,,
48995,05_190_001,767,475,475,0,5,470,EGYENI,,
48997,05_190_002,701,422,419,-3,0,419,EGYENI,,
48999,05_190_003,656,476,476,0,2,474,EGYENI,,
49001,05_190_004,635,487,487,0,1,486,EGYENI,,
49003,05_190_005,626,438,438,0,3,435,EGYENI,,
49005,05_191_001,392,272,266,-6,5,261,EGYENI,,
49007,05_192_001,653,319,319,0,9,310,EGYENI,,
49009,05_192_002,619,401,401,0,9,392,EGYENI,,
49011,05_192_003,661,436,436,0,6,430,EGYENI,,
49013,05_193_001,145,102,102,0,1,101,EGYENI,,
49015,05_194_001,982,618,618,0,9,609,EGYENI,,
49017,05_194_002,877,552,552,0,3,549,EGYENI,,
49019,05_194_003,962,650,649,-1,5,644,EGYENI,,
49021,05_194_004,844,537,537,0,6,531,EGYENI,,
49023,05_194_005,956,628,628,0,5,623,EGYENI,,
49423,05_195_001,589,344,344,0,4,340,EGYENI,,
49425,05_195_002,583,409,409,0,2,407,EGYENI,,
49427,05_195_003,577,389,389,0,2,387,EGYENI,,
49429,05_195_004,571,345,345,0,5,340,EGYENI,,
49431,05_195_005,615,371,371,0,1,370,EGYENI,,
49433,05_196_001,887,727,727,0,5,722,EGYENI,,
49435,05_196_002,840,669,669,0,4,665,EGYENI,,
49437,05_196_003,811,618,618,0,3,615,EGYENI,,
49439,05_196_004,860,560,560,0,5,555,EGYENI,,
49441,05_196_005,908,584,584,0,8,576,EGYENI,,
49443,05_196_006,811,522,522,0,3,519,EGYENI,,
49445,05_196_007,756,555,553,-2,3,550,EGYENI,,
49447,05_196_008,795,613,613,0,1,612,EGYENI,,
49449,05_196_009,750,596,596,0,0,596,EGYENI,,
49451,05_196_010,1012,729,729,0,6,723,EGYENI,,
49453,05_196_011,868,624,624,0,3,621,EGYENI,,
49455,05_196_012,3000,2521,2524,3,58,2466,EGYENI,,
49457,05_196_013,816,609,609,0,3,606,EGYENI,,
49459,05_196_014,651,499,499,0,0,499,EGYENI,,
49461,05_196_015,771,591,590,-1,3,587,EGYENI,,
49463,05_196_016,747,556,555,-1,4,551,EGYENI,,
49465,05_197_001,829,590,590,0,5,585,EGYENI,,
49467,05_198_001,671,482,482,0,4,478,EGYENI,,
49469,05_198_002,629,440,439,-1,5,434,EGYENI,,
49471,05_199_001,927,579,579,0,4,575,EGYENI,,
49473,05_199_002,822,481,481,0,10,471,EGYENI,,
49475,05_200_001,624,331,331,0,4,327,EGYENI,,
49477,05_200_002,627,407,407,0,3,404,EGYENI,,
49479,05_201_001,413,314,314,0,2,312,EGYENI,,
49481,05_202_001,611,290,290,0,7,283,EGYENI,,
49483,05_202_002,629,259,259,0,5,254,EGYENI,,
49485,05_202_003,601,440,440,0,5,435,EGYENI,,
49487,05_202_004,3376,2933,2916,-17,18,2898,EGYENI,,
49489,05_202_005,603,393,393,0,1,392,EGYENI,,
49491,05_202_006,624,441,439,-2,2,437,EGYENI,,
49493,05_202_007,670,498,498,0,1,497,EGYENI,,
49495,05_202_008,782,570,570,0,6,564,EGYENI,,
49497,05_202_009,713,366,366,0,0,366,EGYENI,,
49499,05_202_010,675,514,510,-4,1,509,EGYENI,,
49501,05_202_011,896,656,656,0,4,652,EGYENI,,
49503,05_202_012,698,541,541,0,6,535,EGYENI,,
49505,05_202_013,775,527,526,-1,1,525,EGYENI,,
49507,05_202_014,861,687,687,0,6,681,EGYENI,,
49509,05_202_015,916,736,736,0,6,730,EGYENI,,
49511,05_202_016,1024,801,800,-1,6,794,EGYENI,,
49513,05_202_017,1068,839,835,-4,8,827,EGYENI,,
49515,05_202_018,1077,798,797,-1,3,794,EGYENI,,
49517,05_202_019,686,423,423,0,10,413,EGYENI,,
49519,05_202_020,883,644,634,-10,3,631,EGYENI,,
49521,05_202_021,826,599,596,-3,1,595,EGYENI,,
49523,05_202_022,752,579,579,0,6,573,EGYENI,,
49525,05_202_023,770,544,544,0,2,542,EGYENI,,
49527,05_202_024,815,598,596,-2,8,588,EGYENI,,
49529,05_202_025,660,478,477,-1,1,476,EGYENI,,
49531,05_202_026,1002,773,772,-1,4,768,EGYENI,,
49533,05_202_027,1112,866,864,-2,3,861,EGYENI,,
49535,05_202_028,803,595,595,0,3,592,EGYENI,,
49537,05_202_029,634,511,507,-4,4,503,EGYENI,,
49539,05_202_030,689,480,480,0,3,477,EGYENI,,
49541,05_202_031,501,268,267,-1,3,264,EGYENI,,
49543,05_202_032,978,704,704,0,5,699,EGYENI,,
49545,05_202_033,762,496,496,0,1,495,EGYENI,,
49547,05_202_034,881,552,552,0,7,545,EGYENI,,
49943,05_202_035,979,584,584,0,2,582,EGYENI,,
49945,05_202_036,977,677,677,0,4,673,EGYENI,,
49947,05_202_037,902,573,573,0,9,564,EGYENI,,
49949,05_202_038,796,507,505,-2,0,505,EGYENI,,
49951,05_202_039,919,556,556,0,3,553,EGYENI,,
49953,05_202_040,905,572,572,0,4,568,EGYENI,,
49955,05_202_041,745,389,389,0,0,389,EGYENI,,
49957,05_202_042,877,527,527,0,3,524,EGYENI,,
49959,05_202_043,800,532,532,0,5,527,EGYENI,,
49961,05_202_044,949,545,545,0,3,542,EGYENI,,
49963,05_202_045,884,480,480,0,6,474,EGYENI,,
49965,05_202_046,1044,643,640,-3,7,633,EGYENI,,
49967,05_202_047,956,643,643,0,3,640,EGYENI,,
49969,05_202_048,841,575,575,0,3,572,EGYENI,,
49971,05_202_049,877,540,540,0,3,537,EGYENI,,
49973,05_202_050,751,571,571,0,2,569,EGYENI,,
49975,05_202_051,649,465,465,0,2,463,EGYENI,,
49977,05_202_052,645,450,449,-1,3,446,EGYENI,,
49979,05_202_053,898,608,608,0,2,606,EGYENI,,
49981,05_202_054,909,648,648,0,2,646,EGYENI,,
49983,05_202_055,632,540,540,0,1,539,EGYENI,,
49985,05_202_056,611,508,508,0,2,506,EGYENI,,
49987,05_202_057,911,613,612,-1,3,609,EGYENI,,
49989,05_202_058,685,440,439,-1,2,437,EGYENI,,
49991,05_202_059,628,489,489,0,0,489,EGYENI,,
49993,05_202_060,581,499,499,0,1,498,EGYENI,,
49995,05_202_061,591,494,494,0,6,488,EGYENI,,
49997,05_202_062,760,557,556,-1,2,554,EGYENI,,
49999,05_202_063,698,471,471,0,5,466,EGYENI,,
50001,05_202_064,867,632,631,-1,2,629,EGYENI,,
50003,05_202_065,806,536,536,0,3,533,EGYENI,,
50005,05_202_066,808,538,535,-3,5,530,EGYENI,,
50007,05_202_067,636,441,440,-1,0,440,EGYENI,,
50009,05_202_068,758,529,529,0,5,524,EGYENI,,
50011,05_202_069,724,577,577,0,1,576,EGYENI,,
50013,05_202_070,713,544,543,-1,0,543,EGYENI,,
50015,05_202_071,631,442,442,0,1,441,EGYENI,,
50017,05_202_072,740,528,528,0,7,521,EGYENI,,
50019,05_202_073,696,509,508,-1,3,505,EGYENI,,
50021,05_202_074,859,474,469,-5,4,465,EGYENI,,
50023,05_202_075,754,468,468,0,4,464,EGYENI,,
50025,05_202_076,810,533,531,-2,2,529,EGYENI,,
50027,05_202_077,724,520,520,0,6,514,EGYENI,,
50029,05_202_078,607,467,467,0,2,465,EGYENI,,
50031,05_202_079,566,384,384,0,1,383,EGYENI,,
50033,05_202_080,690,485,485,0,4,481,EGYENI,,
50035,05_202_081,921,649,648,-1,6,642,EGYENI,,
50037,05_202_082,908,651,651,0,0,651,EGYENI,,
50039,05_202_083,615,487,487,0,2,485,EGYENI,,
50041,05_202_084,783,607,607,0,3,604,EGYENI,,
50043,05_202_085,670,513,513,0,3,510,EGYENI,,
50045,05_202_086,1095,814,810,-4,2,808,EGYENI,,
50047,05_202_087,624,447,447,0,9,438,EGYENI,,
50049,05_202_088,672,491,491,0,4,487,EGYENI,,
50051,05_202_089,819,592,592,0,1,591,EGYENI,,
50053,05_202_090,624,342,342,0,14,328,EGYENI,,
50055,05_202_091,909,681,679,-2,3,676,EGYENI,,
50057,05_202_092,613,326,326,0,12,314,EGYENI,,
50059,05_202_093,577,405,405,0,10,395,EGYENI,,
50061,05_202_094,641,375,375,0,5,370,EGYENI,,
50063,05_202_095,616,348,348,0,2,346,EGYENI,,
50457,05_202_096,919,272,272,0,4,268,EGYENI,,
50459,05_202_097,677,478,478,0,2,476,EGYENI,,
50461,05_202_098,716,513,513,0,3,510,EGYENI,,
50463,05_202_099,637,459,459,0,2,457,EGYENI,,
50465,05_202_100,629,420,420,0,3,417,EGYENI,,
50467,05_202_101,847,603,602,-1,7,595,EGYENI,,
50469,05_202_102,681,470,470,0,1,469,EGYENI,,
50471,05_202_103,865,608,608,0,5,603,EGYENI,,
50473,05_202_104,944,684,684,0,6,678,EGYENI,,
50475,05_202_105,1016,773,773,0,6,767,EGYENI,,
50477,05_202_106,1070,758,758,0,3,755,EGYENI,,
50479,05_202_107,906,646,646,0,7,639,EGYENI,,
50481,05_202_108,754,499,498,-1,4,494,EGYENI,,
50483,05_202_109,633,437,437,0,0,437,EGYENI,,
50485,05_202_110,711,502,502,0,4,498,EGYENI,,
50487,05_202_111,723,501,499,-2,1,498,EGYENI,,
50489,05_202_112,618,477,477,0,0,477,EGYENI,,
50491,05_202_113,601,480,480,0,3,477,EGYENI,,
50493,05_202_114,589,433,433,0,3,430,EGYENI,,
50495,05_202_115,726,527,527,0,4,523,EGYENI,,
50497,05_202_116,3409,2990,2984,-6,43,2941,EGYENI,,
50499,05_202_117,960,629,629,0,4,625,EGYENI,,
50501,05_202_118,1260,377,374,-3,38,336,EGYENI,,
50503,05_202_119,648,409,409,0,3,406,EGYENI,,
50505,05_202_120,807,504,504,0,8,496,EGYENI,,
50507,05_202_121,811,609,608,-1,0,608,EGYENI,,
50509,05_202_122,637,417,417,0,6,411,EGYENI,,
50511,05_202_123,880,427,427,0,2,425,EGYENI,,
50513,05_202_124,924,649,649,0,3,646,EGYENI,,
50515,05_202_125,966,711,711,0,8,703,EGYENI,,
50517,05_202_126,1011,752,752,0,3,749,EGYENI,,
50519,05_202_127,1080,583,583,0,5,578,EGYENI,,
50521,05_202_128,970,488,488,0,9,479,EGYENI,,
50523,05_202_129,457,333,333,0,1,332,EGYENI,,
50525,05_202_130,698,463,462,-1,7,455,EGYENI,,
50527,05_202_131,667,502,501,-1,5,496,EGYENI,,
50529,05_202_132,677,491,491,0,3,488,EGYENI,,
50531,05_202_133,991,671,671,0,3,668,EGYENI,,
50533,05_202_134,822,644,643,-1,9,634,EGYENI,,
50535,05_202_135,795,598,596,-2,8,588,EGYENI,,
50537,05_202_136,856,674,674,0,6,668,EGYENI,,
50539,05_202_137,876,683,683,0,7,676,EGYENI,,
50541,05_202_138,926,664,663,-1,5,658,EGYENI,,
50543,05_202_139,618,378,378,0,1,377,EGYENI,,
50545,05_202_140,640,413,413,0,6,407,EGYENI,,
50547,05_202_141,732,485,484,-1,7,477,EGYENI,,
50549,05_202_142,730,470,470,0,3,467,EGYENI,,
50551,05_202_143,655,470,469,-1,1,468,EGYENI,,
50553,05_202_144,651,441,440,-1,2,438,EGYENI,,
50555,05_202_145,686,484,484,0,6,478,EGYENI,,
50557,05_202_146,1164,803,803,0,4,799,EGYENI,,
50559,05_202_147,1015,676,672,-4,2,670,EGYENI,,
50561,05_202_148,1089,714,715,1,19,696,EGYENI,,
50563,05_202_149,849,600,598,-2,7,591,EGYENI,,
50565,05_202_150,878,658,658,0,1,657,EGYENI,,
50567,05_202_151,742,539,539,0,6,533,EGYENI,,
50569,05_202_152,887,621,620,-1,4,616,EGYENI,,
50571,05_202_153,978,709,709,0,1,708,EGYENI,,
50573,05_202_154,829,656,656,0,9,647,EGYENI,,
50575,05_202_155,384,288,288,0,1,287,EGYENI,,
50577,05_202_156,736,536,536,0,1,535,EGYENI,,
50579,05_202_157,659,521,521,0,2,519,EGYENI,,
50977,05_202_158,628,495,494,-1,4,490,EGYENI,,
50979,05_202_159,692,499,499,0,2,497,EGYENI,,
50981,05_202_160,136,106,106,0,2,104,EGYENI,,
50983,05_203_001,62,47,47,0,3,44,EGYENI,,
50985,05_204_001,191,107,107,0,2,105,EGYENI,,
50987,05_205_001,597,371,371,0,2,369,EGYENI,,
50989,05_205_002,565,392,392,0,6,386,EGYENI,,
50991,05_206_001,392,301,301,0,2,299,EGYENI,,
50993,05_207_001,844,547,547,0,6,541,EGYENI,,
50995,05_207_002,732,419,420,1,24,396,EGYENI,,
50997,05_207_003,808,480,479,-1,12,467,EGYENI,,
50999,05_208_001,693,456,456,0,9,447,EGYENI,,
51001,05_209_001,589,389,389,0,9,380,EGYENI,,
51003,05_210_001,58,37,37,0,2,35,EGYENI,,
51005,05_211_001,250,183,183,0,9,174,EGYENI,,
51007,05_212_001,553,274,274,0,5,269,EGYENI,,
51009,05_213_001,581,360,359,-1,3,356,EGYENI,,
51011,05_214_001,714,436,436,0,3,433,EGYENI,,
51013,05_215_001,223,169,169,0,3,166,EGYENI,,
51015,05_216_001,1020,565,564,-1,17,547,EGYENI,,
51017,05_217_001,850,609,608,-1,6,602,EGYENI,,
51019,05_217_002,751,525,525,0,3,522,EGYENI,,
51021,05_217_003,783,524,524,0,6,518,EGYENI,,
51023,05_217_004,776,541,541,0,3,538,EGYENI,,
51025,05_217_005,883,574,573,-1,3,570,EGYENI,,
51027,05_218_001,26,17,17,0,1,16,EGYENI,,
51029,05_219_001,307,202,202,0,7,195,EGYENI,,
51031,05_220_001,241,166,166,0,0,166,EGYENI,,
51033,05_221_001,601,393,393,0,8,385,EGYENI,,
51035,05_221_002,640,357,356,-1,10,346,EGYENI,,
51037,05_222_001,716,437,437,0,8,429,EGYENI,,
51039,05_222_002,854,472,471,-1,10,461,EGYENI,,
51041,05_222_003,907,639,639,0,2,637,EGYENI,,
51043,05_222_004,891,676,676,0,5,671,EGYENI,,
51045,05_222_005,157,113,112,-1,1,111,EGYENI,,
51047,05_222_006,97,61,61,0,4,57,EGYENI,,
51049,05_223_001,612,302,302,0,5,297,EGYENI,,
51051,05_223_002,588,314,314,0,4,310,EGYENI,,
51053,05_224_001,305,210,210,0,3,207,EGYENI,,
51055,05_225_001,892,530,530,0,9,521,EGYENI,,
51057,05_225_002,922,526,525,-1,12,513,EGYENI,,
51059,05_226_001,618,347,347,0,1,346,EGYENI,,
51061,05_226_002,870,502,502,0,3,499,EGYENI,,
51063,05_226_003,942,519,519,0,4,515,EGYENI,,
51065,05_226_004,1005,575,574,-1,2,572,EGYENI,,
51067,05_226_005,843,493,493,0,2,491,EGYENI,,
51069,05_226_006,1257,752,751,-1,11,740,EGYENI,,
51071,05_226_007,837,475,475,0,4,471,EGYENI,,
51073,05_226_008,749,404,404,0,9,395,EGYENI,,
51075,05_226_009,615,364,364,0,5,359,EGYENI,,
51077,05_226_010,726,352,352,0,4,348,EGYENI,,
51079,05_226_011,896,549,549,0,7,542,EGYENI,,
51081,05_226_012,910,600,600,0,5,595,EGYENI,,
51083,05_226_013,793,521,520,-1,3,517,EGYENI,,
51085,05_226_014,750,452,451,-1,3,448,EGYENI,,
51087,05_226_015,766,487,487,0,3,484,EGYENI,,
51089,05_226_016,671,528,527,-1,1,526,EGYENI,,
51091,05_226_017,675,430,431,1,14,417,EGYENI,,
51093,05_226_018,306,206,206,0,1,205,EGYENI,,
51095,05_226_019,651,343,343,0,4,339,EGYENI,,
51097,05_226_020,686,363,363,0,6,357,EGYENI,,
51099,05_226_021,412,258,258,0,4,254,EGYENI,,
51101,05_226_022,205,122,122,0,2,120,EGYENI,,
51103,05_226_023,817,392,391,-1,13,378,EGYENI,,
51105,05_226_024,844,426,426,0,8,418,EGYENI,,
51107,05_226_025,888,312,312,0,13,299,EGYENI,,
51109,05_226_026,721,322,322,0,7,315,EGYENI,,
51111,05_226_027,659,313,313,0,7,306,EGYENI,,
51113,05_226_028,740,362,362,0,1,361,EGYENI,,
42527,05_226_029,226,120,120,0,6,114,EGYENI,,
42529,05_226_030,2592,2189,2181,-8,11,2170,EGYENI,,
42531,05_226_031,892,426,426,0,11,415,EGYENI,,
42533,05_226_032,934,477,477,0,6,471,EGYENI,,
42535,05_226_033,948,587,587,0,3,584,EGYENI,,
42537,05_226_034,786,416,416,0,7,409,EGYENI,,
42539,05_226_035,916,457,457,0,3,454,EGYENI,,
42541,05_226_036,480,224,224,0,3,221,EGYENI,,
42543,05_226_037,277,102,102,0,0,102,EGYENI,,
42546,05_227_001,35,26,26,0,0,26,EGYENI,,
42548,05_228_001,942,579,579,0,13,566,EGYENI,,
42549,05_229_001,1119,598,598,0,19,579,EGYENI,,
42554,05_230_001,864,591,590,-1,5,585,EGYENI,,
42551,05_231_001,50,39,39,0,0,39,EGYENI,,
42556,05_232_001,248,145,145,0,1,144,EGYENI,,
42558,05_233_001,25,18,18,0,0,18,EGYENI,,
42560,05_234_001,652,353,353,0,9,344,EGYENI,,
42562,05_235_001,922,618,618,0,17,601,EGYENI,,
42564,05_235_002,933,626,625,-1,30,595,EGYENI,,
42565,05_236_001,175,141,141,0,2,139,EGYENI,,
42606,05_237_001,146,101,101,0,2,99,EGYENI,,
42567,05_238_001,792,519,519,0,11,508,EGYENI,,
42569,05_238_002,632,331,331,0,28,303,EGYENI,,
42571,05_238_003,501,322,322,0,1,321,EGYENI,,
42573,05_238_004,675,462,462,0,8,454,EGYENI,,
42575,05_238_005,655,336,336,0,14,322,EGYENI,,
42577,05_238_006,787,511,512,1,25,487,EGYENI,,
42579,05_238_007,550,387,387,0,4,383,EGYENI,,
42581,05_238_008,295,176,176,0,4,172,EGYENI,,
42583,05_239_001,474,319,310,-9,5,305,EGYENI,,
42585,05_240_001,493,303,303,0,7,296,EGYENI,,
42587,05_241_001,568,288,286,-2,4,282,EGYENI,,
42589,05_242_001,273,193,193,0,1,192,EGYENI,,
42591,05_243_001,401,263,263,0,13,250,EGYENI,,
42593,05_244_001,749,530,530,0,9,521,EGYENI,,
42595,05_245_001,74,57,57,0,2,55,EGYENI,,
42597,05_246_001,383,289,289,0,0,289,EGYENI,,
42599,05_247_001,397,231,231,0,10,221,EGYENI,,
42601,05_248_001,623,279,279,0,20,259,EGYENI,,
42603,05_248_002,627,317,317,0,8,309,EGYENI,,
42608,05_249_001,737,436,435,-1,6,429,EGYENI,,
42610,05_249_002,635,332,321,-11,4,317,EGYENI,,
42611,05_249_003,585,324,324,0,7,317,EGYENI,,
42613,05_250_001,578,298,298,0,9,289,EGYENI,,
42615,05_251_001,734,484,484,0,5,479,EGYENI,,
42617,05_251_002,637,396,396,0,10,386,EGYENI,,
42619,05_251_003,739,458,458,0,3,455,EGYENI,,
42621,05_252_001,853,622,622,0,6,616,EGYENI,,
42623,05_253_001,282,182,182,0,3,179,EGYENI,,
42625,05_254_001,780,469,469,0,10,459,EGYENI,,
42627,05_255_001,505,359,359,0,3,356,EGYENI,,
42630,05_256_001,746,394,394,0,7,387,EGYENI,,
42632,05_256_002,538,297,297,0,7,290,EGYENI,,
42633,05_256_003,834,482,482,0,30,452,EGYENI,,
42635,05_257_001,320,213,213,0,3,210,EGYENI,,
42637,05_258_001,1233,882,882,0,2,880,EGYENI,,
42639,05_259_001,1101,741,741,0,4,737,EGYENI,,
42641,05_259_002,1180,649,648,-1,17,631,EGYENI,,
42936,05_260_001,342,221,221,0,1,220,EGYENI,,
42643,05_261_001,178,109,109,0,1,108,EGYENI,,
42645,05_262_001,352,216,216,0,4,212,EGYENI,,
42647,05_263_001,1065,799,799,0,6,793,EGYENI,,
42649,05_264_001,613,457,457,0,8,449,EGYENI,,
42651,05_265_001,1149,678,678,0,10,668,EGYENI,,
42653,05_266_001,406,254,254,0,2,252,EGYENI,,
42655,05_267_001,309,219,219,0,0,219,EGYENI,,
42657,05_268_001,1084,674,674,0,3,671,EGYENI,,
42659,05_268_002,644,368,368,0,6,362,EGYENI,,
42661,05_268_003,686,390,389,-1,6,383,EGYENI,,
43049,05_268_004,1121,720,720,0,8,712,EGYENI,,
43051,05_268_005,1052,218,218,0,4,214,EGYENI,,
43053,05_268_006,289,198,198,0,1,197,EGYENI,,
43055,05_268_007,1058,655,655,0,4,651,EGYENI,,
43057,05_268_008,1063,665,665,0,10,655,EGYENI,,
43059,05_268_009,1282,749,749,0,8,741,EGYENI,,
43061,05_268_010,1319,772,772,0,8,764,EGYENI,,
43063,05_269_001,842,570,569,-1,9,560,EGYENI,,
43065,05_269_002,947,687,687,0,3,684,EGYENI,,
43067,05_270_001,858,609,609,0,3,606,EGYENI,,
43069,05_270_002,838,567,567,0,1,566,EGYENI,,
43071,05_271_001,613,364,364,0,10,354,EGYENI,,
43073,05_272_001,1245,839,837,-2,22,815,EGYENI,,
43075,05_273_001,195,133,132,-1,4,128,EGYENI,,
43077,05_274_001,735,525,525,0,1,524,EGYENI,,
43079,05_274_002,629,405,405,0,0,405,EGYENI,,
43081,05_274_003,653,473,473,0,6,467,EGYENI,,
43083,05_274_004,595,438,438,0,1,437,EGYENI,,
43085,05_274_005,705,460,460,0,8,452,EGYENI,,
43087,05_274_006,636,383,382,-1,5,377,EGYENI,,
43089,05_274_007,740,500,500,0,5,495,EGYENI,,
43091,05_274_008,687,415,415,0,2,413,EGYENI,,
43093,05_274_009,594,388,388,0,4,384,EGYENI,,
43095,05_274_010,691,500,500,0,1,499,EGYENI,,
43097,05_274_011,649,464,463,-1,0,463,EGYENI,,
43099,05_274_012,691,485,485,0,6,479,EGYENI,,
43101,05_274_013,436,295,295,0,0,295,EGYENI,,
43103,05_274_014,593,386,386,0,16,370,EGYENI,,
43105,05_274_015,191,70,70,0,4,66,EGYENI,,
43107,05_274_016,278,156,156,0,1,155,EGYENI,,
43109,05_274_017,119,70,70,0,1,69,EGYENI,,
43150,05_275_001,884,536,536,0,7,529,EGYENI,,
43111,05_276_001,426,305,305,0,7,298,EGYENI,,
43113,05_276_002,586,370,370,0,11,359,EGYENI,,
43115,05_276_003,593,384,383,-1,2,381,EGYENI,,
43117,05_276_004,203,159,159,0,4,155,EGYENI,,
43119,05_276_005,626,450,450,0,6,444,EGYENI,,
43121,05_276_006,638,355,355,0,14,341,EGYENI,,
43123,05_276_007,707,430,430,0,8,422,EGYENI,,
43125,05_276_008,687,355,355,0,13,342,EGYENI,,
43127,05_276_009,755,457,457,0,4,453,EGYENI,,
43129,05_276_010,817,530,530,0,3,527,EGYENI,,
43131,05_276_011,641,398,398,0,5,393,EGYENI,,
43133,05_276_012,761,518,518,0,2,516,EGYENI,,
43135,05_276_013,699,501,501,0,4,497,EGYENI,,
43137,05_276_014,4055,3390,3377,-13,22,3355,EGYENI,,
43139,05_276_015,734,491,490,-1,12,478,EGYENI,,
43141,05_276_016,655,478,478,0,1,477,EGYENI,,
43143,05_276_017,598,429,429,0,7,422,EGYENI,,
43145,05_276_018,572,355,355,0,0,355,EGYENI,,
43147,05_276_019,244,180,180,0,1,179,EGYENI,,
43152,05_277_001,329,199,199,0,2,197,EGYENI,,
43153,05_278_001,373,128,128,0,7,121,EGYENI,,
43155,05_279_001,781,467,467,0,8,459,EGYENI,,
43157,05_280_001,31,27,27,0,0,27,EGYENI,,
43159,05_281_001,178,121,121,0,0,121,EGYENI,,
43161,05_282_001,88,69,69,0,1,68,EGYENI,,
43163,05_283_001,371,263,263,0,3,260,EGYENI,,
43165,05_284_001,765,384,384,0,4,380,EGYENI,,
43167,05_285_001,728,396,395,-1,7,388,EGYENI,,
43494,05_286_001,97,54,54,0,0,54,EGYENI,,
43169,05_287_001,238,166,166,0,2,164,EGYENI,,
43171,05_288_001,195,134,134,0,1,133,EGYENI,,
43173,05_289_001,266,144,144,0,16,128,EGYENI,,
45225,05_290_001,714,385,385,0,11,374,EGYENI,,
45227,05_290_002,806,428,426,-2,20,406,EGYENI,,
45229,05_290_003,638,433,433,0,6,427,EGYENI,,
45231,05_290_004,771,475,475,0,9,466,EGYENI,,
45233,05_291_001,1298,713,703,-10,17,686,EGYENI,,
45235,05_292_001,620,453,453,0,8,445,EGYENI,,
45237,05_292_002,668,484,484,0,7,477,EGYENI,,
45239,05_292_003,640,481,481,0,12,469,EGYENI,,
45241,05_293_001,219,143,143,0,1,142,EGYENI,,
45243,05_294_001,781,583,583,0,3,580,EGYENI,,
45245,05_294_002,726,518,518,0,0,518,EGYENI,,
45247,05_294_003,771,635,633,-2,3,630,EGYENI,,
45249,05_294_004,759,577,577,0,2,575,EGYENI,,
45251,05_294_005,754,472,472,0,2,470,EGYENI,,
45253,05_294_006,804,546,545,-1,6,539,EGYENI,,
45255,05_294_007,830,611,611,0,10,601,EGYENI,,
45257,05_294_008,859,602,602,0,3,599,EGYENI,,
45259,05_294_009,572,392,392,0,4,388,EGYENI,,
45261,05_294_010,469,324,322,-2,2,320,EGYENI,,
45263,05_295_001,611,440,440,0,1,439,EGYENI,,
45265,05_295_002,756,519,519,0,4,515,EGYENI,,
45267,05_295_003,643,456,456,0,3,453,EGYENI,,
45269,05_295_004,595,320,320,0,11,309,EGYENI,,
45271,05_295_005,591,375,375,0,3,372,EGYENI,,
45273,05_295_006,568,371,370,-1,4,366,EGYENI,,
45275,05_295_007,612,378,378,0,8,370,EGYENI,,
45277,05_296_001,537,404,404,0,8,396,EGYENI,,
45279,05_297_001,169,131,131,0,4,127,EGYENI,,
45281,05_298_001,960,695,695,0,4,691,EGYENI,,
45283,05_298_002,865,698,698,0,3,695,EGYENI,,
45285,05_298_003,820,589,589,0,5,584,EGYENI,,
45287,05_298_004,841,583,583,0,7,576,EGYENI,,
45289,05_299_001,1207,805,805,0,10,795,EGYENI,,
45291,05_300_001,530,343,343,0,3,340,EGYENI,,
45293,05_301_001,106,87,87,0,1,86,EGYENI,,
45295,05_302_001,121,93,93,0,2,91,EGYENI,,
45297,05_303_001,766,452,452,0,4,448,EGYENI,,
45299,05_304_001,850,505,505,0,7,498,EGYENI,,
45301,05_305_001,402,252,252,0,5,247,EGYENI,,
45303,05_306_001,860,581,580,-1,10,570,EGYENI,,
45305,05_306_002,699,431,431,0,7,424,EGYENI,,
45307,05_306_003,579,363,363,0,5,358,EGYENI,,
45309,05_306_004,585,396,396,0,9,387,EGYENI,,
45311,05_307_001,865,513,512,-1,20,492,EGYENI,,
45313,05_308_001,707,422,421,-1,25,396,EGYENI,,
45315,05_308_002,715,421,420,-1,2,418,EGYENI,,
45317,05_309_001,1114,763,761,-2,7,754,EGYENI,,
45319,05_309_002,1127,723,721,-2,7,714,EGYENI,,
45321,05_310_001,945,717,717,0,3,714,EGYENI,,
45323,05_311_001,826,561,561,0,24,537,EGYENI,,
45325,05_312_001,824,473,472,-1,16,456,EGYENI,,
45327,05_312_002,610,415,415,0,4,411,EGYENI,,
45329,05_313_001,456,312,312,0,5,307,EGYENI,,
45331,05_314_001,19,16,16,0,1,15,EGYENI,,
45333,05_315_001,1093,700,700,0,6,694,EGYENI,,
45335,05_316_001,284,209,209,0,1,208,EGYENI,,
45337,05_317_001,384,172,172,0,4,168,EGYENI,,
45339,05_318_001,326,244,244,0,1,243,EGYENI,,
45341,05_319_001,740,376,375,-1,21,354,EGYENI,,
45343,05_319_002,836,347,347,0,21,326,EGYENI,,
45345,05_319_003,205,106,106,0,4,102,EGYENI,,
45347,05_320_001,709,446,446,0,5,441,EGYENI,,
45349,05_320_002,632,405,405,0,0,405,EGYENI,,
45351,05_320_003,696,436,434,-2,19,415,EGYENI,,
45353,05_321_001,509,379,377,-2,1,376,EGYENI,,
45355,05_322_001,751,409,408,-1,11,397,EGYENI,,
45357,05_322_002,868,519,519,0,12,507,EGYENI,,
45359,05_322_003,780,404,404,0,9,395,EGYENI,,
45361,05_322_004,748,392,392,0,25,367,EGYENI,,
45787,05_322_005,752,391,390,-1,4,386,EGYENI,,
45789,05_323_001,1152,713,712,-1,8,704,EGYENI,,
45791,05_324_001,176,132,132,0,3,129,EGYENI,,
45793,05_325_001,1034,669,669,0,7,662,EGYENI,,
45795,05_326_001,673,443,442,-1,6,436,EGYENI,,
45797,05_326_002,705,400,390,-10,11,379,EGYENI,,
45799,05_326_003,225,175,175,0,1,174,EGYENI,,
45801,05_326_004,821,549,548,-1,3,545,EGYENI,,
45803,05_326_005,807,545,545,0,9,536,EGYENI,,
45805,05_326_006,812,641,641,0,5,636,EGYENI,,
45807,05_326_007,853,576,575,-1,9,566,EGYENI,,
45809,05_326_008,811,547,547,0,12,535,EGYENI,,
45811,05_326_009,3565,2979,2974,-5,36,2938,EGYENI,,
45813,05_326_010,703,492,492,0,2,490,EGYENI,,
45815,05_326_011,813,552,552,0,5,547,EGYENI,,
45817,05_326_012,824,547,547,0,3,544,EGYENI,,
45819,05_326_013,851,599,599,0,5,594,EGYENI,,
45821,05_326_014,886,595,595,0,4,591,EGYENI,,
45823,05_326_015,846,606,606,0,0,606,EGYENI,,
45825,05_326_016,771,529,528,-1,2,526,EGYENI,,
45827,05_326_017,982,790,790,0,2,788,EGYENI,,
45829,05_327_001,252,205,205,0,4,201,EGYENI,,
45831,05_328_001,559,379,379,0,9,370,EGYENI,,
45833,05_328_002,417,290,290,0,2,288,EGYENI,,
45835,05_328_003,613,447,447,0,7,440,EGYENI,,
45837,05_328_004,746,524,524,0,3,521,EGYENI,,
45839,05_328_005,687,469,469,0,5,464,EGYENI,,
45841,05_329_001,854,581,581,0,6,575,EGYENI,,
45843,05_329_002,512,330,329,-1,4,325,EGYENI,,
45845,05_330_001,181,128,128,0,3,125,EGYENI,,
45847,05_331_001,17,13,13,0,0,13,EGYENI,,
45849,05_332_001,27,22,22,0,0,22,EGYENI,,
45851,05_333_001,383,272,272,0,3,269,EGYENI,,
45853,05_334_001,161,113,113,0,6,107,EGYENI,,
45855,05_335_001,153,105,105,0,2,103,EGYENI,,
45857,05_336_001,323,201,201,0,6,195,EGYENI,,
45859,05_337_001,178,135,135,0,0,135,EGYENI,,
45861,05_338_001,258,162,162,0,2,160,EGYENI,,
45863,05_339_001,664,380,380,0,3,377,EGYENI,,
45865,05_340_001,471,320,320,0,2,318,EGYENI,,
45867,05_341_001,938,552,552,0,5,547,EGYENI,,
45869,05_342_001,900,669,669,0,4,665,EGYENI,,
45871,05_343_001,51,37,37,0,0,37,EGYENI,,
45873,05_344_001,678,512,512,0,4,508,EGYENI,,
45875,05_345_001,77,57,57,0,2,55,EGYENI,,
45877,05_346_001,601,445,445,0,9,436,EGYENI,,
45879,05_347_001,962,511,511,0,48,463,EGYENI,,
45881,05_348_001,209,127,127,0,2,125,EGYENI,,
45883,05_349_001,478,214,214,0,5,209,EGYENI,,
45885,05_350_001,54,42,42,0,0,42,EGYENI,,
45887,05_351_001,604,411,411,0,9,402,EGYENI,,
45889,05_352_001,157,113,113,0,5,108,EGYENI,,
45891,05_353_001,350,183,196,13,62,134,EGYENI,,
45893,05_354_001,549,287,287,0,6,281,EGYENI,,
45895,05_355_001,297,212,212,0,6,206,EGYENI,,
45897,05_356_001,138,89,88,-1,2,86,EGYENI,,
45899,05_357_001,432,304,304,0,9,295,EGYENI,,
45901,05_358_001,283,216,216,0,0,216,EGYENI,,
45903,06_001_001,1019,766,765,-1,5,760,EGYENI,,
45905,06_001_002,1112,789,787,-2,4,783,EGYENI,,
45907,06_001_003,1106,785,785,0,2,783,EGYENI,,
45909,06_001_004,1075,697,696,-1,7,689,EGYENI,,
45911,06_002_001,379,258,258,0,2,256,EGYENI,,
45913,06_003_001,759,486,486,0,5,481,EGYENI,,
45915,06_003_002,765,511,511,0,2,509,EGYENI,,
45917,06_003_003,857,565,564,-1,5,559,EGYENI,,
45919,06_004_001,404,270,270,0,3,267,EGYENI,,
45921,06_005_001,741,488,488,0,3,485,EGYENI,,
46343,06_005_002,783,510,512,2,8,504,EGYENI,,
46345,06_005_003,742,517,517,0,3,514,EGYENI,,
46347,06_005_004,475,222,222,0,6,216,EGYENI,,
46349,06_005_005,468,262,262,0,5,257,EGYENI,,
46351,06_006_001,808,482,482,0,4,478,EGYENI,,
46353,06_006_002,757,413,413,0,14,399,EGYENI,,
46355,06_007_001,710,468,467,-1,4,463,EGYENI,,
46357,06_007_002,746,562,562,0,7,555,EGYENI,,
46359,06_007_003,713,361,361,0,11,350,EGYENI,,
46361,06_007_004,524,298,298,0,2,296,EGYENI,,
46363,06_008_001,865,586,586,0,11,575,EGYENI,,
46365,06_008_002,836,600,600,0,5,595,EGYENI,,
46367,06_008_003,865,481,481,0,5,476,EGYENI,,
46369,06_009_001,332,234,234,0,3,231,EGYENI,,
46371,06_010_001,774,494,494,0,5,489,EGYENI,,
46373,06_010_002,781,508,508,0,10,498,EGYENI,,
46375,06_010_003,740,490,489,-1,3,486,EGYENI,,
46377,06_011_001,668,394,394,0,3,391,EGYENI,,
46379,06_011_002,719,435,435,0,5,430,EGYENI,,
46381,06_011_003,720,400,400,0,6,394,EGYENI,,
46383,06_012_001,812,637,628,-9,6,622,EGYENI,,
46385,06_012_002,719,453,451,-2,12,439,EGYENI,,
46387,06_013_001,970,631,631,0,2,629,EGYENI,,
46389,06_013_002,801,542,543,1,19,524,EGYENI,,
46391,06_013_003,763,538,538,0,10,528,EGYENI,,
46393,06_013_004,911,563,563,0,10,553,EGYENI,,
46395,06_013_005,801,516,516,0,8,508,EGYENI,,
46397,06_013_006,903,504,506,2,9,497,EGYENI,,
46399,06_013_007,812,607,607,0,8,599,EGYENI,,
46401,06_013_008,967,677,677,0,10,667,EGYENI,,
46403,06_013_009,796,595,589,-6,10,579,EGYENI,,
46405,06_013_010,921,647,647,0,7,640,EGYENI,,
46407,06_013_011,742,516,514,-2,6,508,EGYENI,,
46409,06_013_012,781,546,546,0,8,538,EGYENI,,
46411,06_013_013,906,658,658,0,7,651,EGYENI,,
46413,06_013_014,806,584,583,-1,11,572,EGYENI,,
46415,06_013_015,480,238,238,0,5,233,EGYENI,,
46417,06_013_016,755,512,512,0,12,500,EGYENI,,
46419,06_014_001,409,275,275,0,1,274,EGYENI,,
46421,06_014_002,574,388,388,0,5,383,EGYENI,,
46423,06_014_003,175,135,135,0,2,133,EGYENI,,
46425,06_015_001,921,692,690,-2,4,686,EGYENI,,
46427,06_015_002,601,442,442,0,2,440,EGYENI,,
46429,06_015_003,724,500,500,0,3,497,EGYENI,,
46431,06_015_004,723,495,495,0,4,491,EGYENI,,
46433,06_016_001,890,627,625,-2,4,621,EGYENI,,
46435,06_016_002,1060,702,702,0,5,697,EGYENI,,
46437,06_016_003,869,613,612,-1,7,605,EGYENI,,
46439,06_016_004,1119,778,778,0,4,774,EGYENI,,
46441,06_017_001,433,302,302,0,4,298,EGYENI,,
46443,06_017_002,150,79,79,0,2,77,EGYENI,,
46445,06_018_001,417,261,261,0,5,256,EGYENI,,
46447,06_019_001,564,396,396,0,11,385,EGYENI,,
46449,06_019_002,510,367,367,0,6,361,EGYENI,,
46451,06_019_003,541,359,360,1,14,346,EGYENI,,
46453,06_020_001,557,395,395,0,9,386,EGYENI,,
46455,06_020_002,455,272,272,0,3,269,EGYENI,,
46457,06_021_001,515,353,353,0,4,349,EGYENI,,
46459,06_022_001,807,572,572,0,2,570,EGYENI,,
46461,06_022_002,859,582,582,0,1,581,EGYENI,,
46463,06_023_001,905,625,624,-1,4,620,EGYENI,,
46465,06_023_002,819,587,587,0,7,580,EGYENI,,
46467,06_023_003,751,493,493,0,5,488,EGYENI,,
46469,06_024_001,767,571,570,-1,4,566,EGYENI,,
46471,06_024_002,695,471,470,-1,6,464,EGYENI,,
46473,06_024_003,699,416,415,-1,1,414,EGYENI,,
46891,06_024_004,782,560,559,-1,5,554,EGYENI,,
46893,06_024_005,673,515,515,0,3,512,EGYENI,,
46895,06_024_006,725,552,551,-1,1,550,EGYENI,,
46897,06_024_007,591,474,474,0,3,471,EGYENI,,
46899,06_024_008,618,486,485,-1,4,481,EGYENI,,
46901,06_024_009,638,543,542,-1,8,534,EGYENI,,
46903,06_024_010,749,582,582,0,1,581,EGYENI,,
46905,06_024_011,807,593,592,-1,6,586,EGYENI,,
46907,06_024_012,639,464,464,0,1,463,EGYENI,,
46909,06_024_013,578,420,420,0,2,418,EGYENI,,
46911,06_024_014,954,672,670,-2,4,666,EGYENI,,
46913,06_024_015,774,560,560,0,4,556,EGYENI,,
46915,06_024_016,831,543,542,-1,7,535,EGYENI,,
46917,06_024_017,994,736,735,-1,5,730,EGYENI,,
46919,06_024_018,935,702,700,-2,3,697,EGYENI,,
46921,06_024_019,807,628,628,0,4,624,EGYENI,,
46923,06_024_020,913,690,688,-2,7,681,EGYENI,,
46925,06_024_021,788,588,588,0,8,580,EGYENI,,
46927,06_024_022,792,559,559,0,5,554,EGYENI,,
46929,06_024_023,1017,751,751,0,7,744,EGYENI,,
46931,06_024_024,583,387,386,-1,1,385,EGYENI,,
46933,06_024_025,669,489,489,0,2,487,EGYENI,,
46935,06_024_026,794,562,562,0,3,559,EGYENI,,
46937,06_024_027,748,562,562,0,3,559,EGYENI,,
46939,06_024_028,736,547,547,0,3,544,EGYENI,,
46941,06_024_029,591,410,410,0,2,408,EGYENI,,
46943,06_024_030,645,460,460,0,7,453,EGYENI,,
46945,06_024_031,561,363,363,0,4,359,EGYENI,,
46947,06_024_032,695,495,495,0,0,495,EGYENI,,
46949,06_024_033,878,580,580,0,2,578,EGYENI,,
46951,06_024_034,907,667,666,-1,3,663,EGYENI,,
46953,06_024_035,915,625,625,0,2,623,EGYENI,,
46955,06_024_036,868,634,634,0,13,621,EGYENI,,
46957,06_024_037,883,701,699,-2,3,696,EGYENI,,
46959,06_024_038,858,681,680,-1,6,674,EGYENI,,
46961,06_024_039,875,670,668,-2,5,663,EGYENI,,
46963,06_024_040,801,599,598,-1,3,595,EGYENI,,
46965,06_024_041,919,764,764,0,8,756,EGYENI,,
46967,06_024_042,241,161,160,-1,1,159,EGYENI,,
46969,06_024_043,466,335,335,0,3,332,EGYENI,,
46971,06_024_044,246,168,168,0,2,166,EGYENI,,
46973,06_024_045,462,336,336,0,3,333,EGYENI,,
46975,06_024_046,303,178,178,0,0,178,EGYENI,,
46977,06_024_047,285,204,204,0,0,204,EGYENI,,
46979,06_024_048,456,303,303,0,1,302,EGYENI,,
46981,06_024_049,2300,2044,2043,-1,22,2021,EGYENI,,
46983,06_024_050,1130,894,894,0,4,890,EGYENI,,
46985,06_025_001,446,332,332,0,1,331,EGYENI,,
46987,06_025_002,33,23,23,0,0,23,EGYENI,,
46989,06_026_001,943,657,656,-1,16,640,EGYENI,,
46991,06_026_002,923,573,573,0,19,554,EGYENI,,
46993,06_026_003,988,667,665,-2,26,639,EGYENI,,
46995,06_026_004,991,642,642,0,19,623,EGYENI,,
46997,06_026_005,1000,679,677,-2,13,664,EGYENI,,
46999,06_026_006,1019,644,644,0,3,641,EGYENI,,
47001,06_027_001,779,501,501,0,5,496,EGYENI,,
47003,06_027_002,778,468,468,0,7,461,EGYENI,,
47005,06_027_003,772,511,511,0,0,511,EGYENI,,
47007,06_027_004,777,513,513,0,6,507,EGYENI,,
47415,06_028_001,423,230,230,0,2,228,EGYENI,,
47417,06_029_001,320,222,222,0,2,220,EGYENI,,
47419,06_030_001,1207,756,754,-2,11,743,EGYENI,,
47421,06_031_001,587,384,384,0,6,378,EGYENI,,
47423,06_031_002,532,329,329,0,2,327,EGYENI,,
47425,06_032_001,714,564,564,0,5,559,EGYENI,,
47427,06_032_002,786,563,562,-1,4,558,EGYENI,,
47429,06_032_003,885,647,647,0,8,639,EGYENI,,
47431,06_032_004,860,582,581,-1,8,573,EGYENI,,
47433,06_032_005,712,514,514,0,5,509,EGYENI,,
47435,06_032_006,699,490,489,-1,4,485,EGYENI,,
47437,06_032_007,649,458,455,-3,3,452,EGYENI,,
47439,06_032_008,780,555,554,-1,3,551,EGYENI,,
47441,06_032_009,939,512,511,-1,9,502,EGYENI,,
47443,06_032_010,1004,753,752,-1,7,745,EGYENI,,
47445,06_032_011,1007,656,652,-4,11,641,EGYENI,,
47447,06_032_012,762,574,573,-1,5,568,EGYENI,,
47449,06_032_013,875,680,680,0,2,678,EGYENI,,
47451,06_032_014,829,607,607,0,7,600,EGYENI,,
47453,06_032_015,896,686,682,-4,10,672,EGYENI,,
47455,06_032_016,663,502,502,0,2,500,EGYENI,,
47457,06_032_017,766,573,573,0,4,569,EGYENI,,
47459,06_032_018,931,609,605,-4,3,602,EGYENI,,
47461,06_032_019,660,479,479,0,2,477,EGYENI,,
47463,06_032_020,691,518,518,0,3,515,EGYENI,,
47465,06_032_021,884,695,694,-1,4,690,EGYENI,,
47467,06_032_022,710,510,510,0,5,505,EGYENI,,
47469,06_032_023,896,599,599,0,3,596,EGYENI,,
47471,06_033_001,493,338,338,0,2,336,EGYENI,,
47473,06_033_002,547,354,354,0,4,350,EGYENI,,
47475,06_033_003,599,381,381,0,3,378,EGYENI,,
47477,06_034_001,675,511,511,0,3,508,EGYENI,,
47479,06_034_002,344,278,278,0,4,274,EGYENI,,
47481,06_035_001,1162,756,753,-3,9,744,EGYENI,,
47483,06_035_002,1098,720,719,-1,13,706,EGYENI,,
47485,06_035_003,1094,758,758,0,5,753,EGYENI,,
47487,06_035_004,958,626,626,0,10,616,EGYENI,,
47489,06_035_005,1045,658,658,0,7,651,EGYENI,,
47491,06_036_001,621,478,478,0,4,474,EGYENI,,
47493,06_036_002,751,564,564,0,8,556,EGYENI,,
47495,06_036_003,917,675,675,0,9,666,EGYENI,,
47497,06_036_004,818,653,653,0,11,642,EGYENI,,
47499,06_036_005,830,648,648,0,6,642,EGYENI,,
47501,06_036_006,300,195,195,0,2,193,EGYENI,,
47503,06_036_007,257,170,170,0,8,162,EGYENI,,
47505,06_036_008,305,208,208,0,0,208,EGYENI,,
47507,06_036_009,167,122,122,0,2,120,EGYENI,,
47509,06_037_001,403,232,232,0,2,230,EGYENI,,
47511,06_038_001,405,281,281,0,1,280,EGYENI,,
47513,06_039_001,543,316,316,0,5,311,EGYENI,,
47515,06_039_002,656,405,405,0,6,399,EGYENI,,
47517,06_039_003,504,322,322,0,7,315,EGYENI,,
47519,06_039_004,510,312,312,0,17,295,EGYENI,,
47521,06_039_005,138,84,84,0,5,79,EGYENI,,
47523,06_040_001,363,227,227,0,6,221,EGYENI,,
47525,06_041_001,398,275,275,0,5,270,EGYENI,,
47527,06_042_001,592,357,360,3,31,329,EGYENI,,
47529,06_042_002,471,298,298,0,11,287,EGYENI,,
47531,06_042_003,365,191,191,0,7,184,EGYENI,,
47533,06_042_004,146,91,91,0,0,91,EGYENI,,
47535,06_043_001,423,312,312,0,5,307,EGYENI,,
47537,06_043_002,149,82,82,0,1,81,EGYENI,,
47539,06_044_001,594,423,423,0,2,421,EGYENI,,
47541,06_044_002,524,396,395,-1,4,391,EGYENI,,
47543,06_045_001,861,565,565,0,2,563,EGYENI,,
47545,06_046_001,720,528,528,0,14,514,EGYENI,,
47547,06_046_002,438,231,231,0,6,225,EGYENI,,
47549,06_047_001,1058,683,683,0,5,678,EGYENI,,
47551,06_047_002,1248,856,856,0,2,854,EGYENI,,
47965,06_047_003,560,290,290,0,0,290,EGYENI,,
47967,06_048_001,1078,691,691,0,6,685,EGYENI,,
47969,06_048_002,954,653,653,0,15,638,EGYENI,,
47971,06_049_001,814,520,520,0,10,510,EGYENI,,
47973,06_049_002,820,547,547,0,7,540,EGYENI,,
47975,06_049_003,650,427,427,0,9,418,EGYENI,,
47977,06_049_004,682,430,430,0,10,420,EGYENI,,
47979,06_049_005,801,579,579,0,14,565,EGYENI,,
47981,06_049_006,848,596,596,0,6,590,EGYENI,,
47983,06_049_007,793,553,554,1,26,528,EGYENI,,
47985,06_049_008,719,519,519,0,10,509,EGYENI,,
47987,06_049_009,452,234,234,0,0,234,EGYENI,,
47989,06_050_001,870,528,528,0,15,513,EGYENI,,
47991,06_050_002,914,638,638,0,9,629,EGYENI,,
47993,06_050_003,1000,642,642,0,11,631,EGYENI,,
47995,06_050_004,1131,755,753,-2,9,744,EGYENI,,
47997,06_051_001,1375,841,841,0,9,832,EGYENI,,
47999,06_051_002,1062,743,741,-2,12,729,EGYENI,,
48001,06_051_003,1146,802,802,0,4,798,EGYENI,,
48003,06_051_004,1282,871,870,-1,1,869,EGYENI,,
48005,06_051_005,1061,768,768,0,2,766,EGYENI,,
48007,06_051_006,1252,968,968,0,12,956,EGYENI,,
48009,06_051_007,1375,1058,1058,0,5,1053,EGYENI,,
48011,06_051_008,1131,769,766,-3,0,766,EGYENI,,
48013,06_051_009,1314,833,828,-5,1,827,EGYENI,,
48015,06_051_010,1082,734,733,-1,5,728,EGYENI,,
48017,06_051_011,1142,795,794,-1,3,791,EGYENI,,
48019,06_051_012,1365,1046,1044,-2,6,1038,EGYENI,,
48021,06_051_013,1159,836,836,0,10,826,EGYENI,,
48023,06_051_014,1353,993,991,-2,4,987,EGYENI,,
48025,06_051_015,1207,752,751,-1,7,744,EGYENI,,
48027,06_051_016,1276,826,825,-1,2,823,EGYENI,,
48029,06_051_017,1233,898,895,-3,7,888,EGYENI,,
48031,06_051_018,1178,800,800,0,1,799,EGYENI,,
48033,06_051_019,1364,1052,1052,0,4,1048,EGYENI,,
48035,06_051_020,1025,757,757,0,6,751,EGYENI,,
48037,06_051_101,1391,1030,1030,0,6,1024,EGYENI,,
48039,06_051_102,1325,880,879,-1,4,875,EGYENI,,
48041,06_051_103,1035,730,730,0,8,722,EGYENI,,
48043,06_051_104,1284,831,828,-3,12,816,EGYENI,,
48045,06_051_105,1061,681,678,-3,5,673,EGYENI,,
48047,06_051_106,1243,920,920,0,8,912,EGYENI,,
48049,06_051_107,1275,964,958,-6,0,958,EGYENI,,
48051,06_051_108,1292,878,878,0,3,875,EGYENI,,
48053,06_051_109,1299,932,932,0,5,927,EGYENI,,
48055,06_051_110,1222,841,840,-1,4,836,EGYENI,,
48057,06_051_111,1126,775,774,-1,2,772,EGYENI,,
48059,06_051_112,1373,1022,1011,-11,8,1003,EGYENI,,
48061,06_051_113,1328,882,882,0,9,873,EGYENI,,
48063,06_051_114,1266,833,832,-1,3,829,EGYENI,,
48065,06_051_115,1205,864,863,-1,5,858,EGYENI,,
48067,06_051_116,1304,933,933,0,3,930,EGYENI,,
48069,06_051_117,1235,915,915,0,3,912,EGYENI,,
48071,06_051_118,1263,884,883,-1,13,870,EGYENI,,
48073,06_051_119,1289,1002,1004,2,20,984,EGYENI,,
48075,06_051_120,1359,1059,1057,-2,0,1057,EGYENI,,
48077,06_051_201,1413,957,957,0,5,952,EGYENI,,
48079,06_051_202,1231,855,855,0,8,847,EGYENI,,
48081,06_051_203,1042,801,801,0,0,801,EGYENI,,
48083,06_051_204,1303,854,854,0,3,851,EGYENI,,
48085,06_051_205,1085,709,709,0,10,699,EGYENI,,
48087,06_051_206,1107,877,877,0,4,873,EGYENI,,
48089,06_051_207,1381,1065,1065,0,3,1062,EGYENI,,
48091,06_051_208,1325,902,900,-2,2,898,EGYENI,,
48491,06_051_209,1188,871,871,0,2,869,EGYENI,,
48493,06_051_210,989,664,663,-1,8,655,EGYENI,,
48495,06_051_211,714,510,509,-1,3,506,EGYENI,,
48497,06_051_212,1047,729,728,-1,10,718,EGYENI,,
48499,06_051_213,1176,837,837,0,5,832,EGYENI,,
48501,06_051_214,1231,851,851,0,2,849,EGYENI,,
48503,06_051_215,1267,822,822,0,2,820,EGYENI,,
48505,06_051_216,1258,898,898,0,7,891,EGYENI,,
48507,06_051_217,1172,857,857,0,18,839,EGYENI,,
48509,06_051_218,1210,827,827,0,4,823,EGYENI,,
48511,06_051_219,1234,986,985,-1,2,983,EGYENI,,
48513,06_051_220,1161,968,966,-2,7,959,EGYENI,,
48515,06_051_301,1390,908,908,0,5,903,EGYENI,,
48517,06_051_302,944,608,607,-1,5,602,EGYENI,,
48519,06_051_303,873,666,667,1,11,656,EGYENI,,
48521,06_051_304,1316,951,950,-1,9,941,EGYENI,,
48523,06_051_305,1334,977,972,-5,4,968,EGYENI,,
48525,06_051_306,1111,835,834,-1,6,828,EGYENI,,
48527,06_051_307,1385,1025,1023,-2,6,1017,EGYENI,,
48529,06_051_308,1185,789,789,0,5,784,EGYENI,,
48531,06_051_309,1205,834,833,-1,9,824,EGYENI,,
48533,06_051_310,4021,3481,3474,-7,20,3454,EGYENI,,
48535,06_051_311,1145,447,430,-17,2,428,EGYENI,,
48537,06_051_312,1290,957,957,0,7,950,EGYENI,,
48539,06_051_313,1147,782,782,0,3,779,EGYENI,,
48541,06_051_314,1347,972,973,1,14,959,EGYENI,,
48543,06_051_315,1202,780,776,-4,4,772,EGYENI,,
48545,06_051_316,1279,813,811,-2,1,810,EGYENI,,
48547,06_051_317,1302,895,894,-1,2,892,EGYENI,,
48549,06_051_318,1159,912,912,0,2,910,EGYENI,,
48551,06_051_319,1186,850,848,-2,7,841,EGYENI,,
48553,06_051_320,1114,818,817,-1,7,810,EGYENI,,
48555,06_051_401,1422,997,997,0,5,992,EGYENI,,
48557,06_051_402,1051,695,695,0,7,688,EGYENI,,
48559,06_051_403,890,669,669,0,6,663,EGYENI,,
48561,06_051_404,1225,820,820,0,5,815,EGYENI,,
48563,06_051_405,951,628,628,0,3,625,EGYENI,,
48565,06_051_406,988,688,688,0,3,685,EGYENI,,
48567,06_051_407,1363,969,968,-1,3,965,EGYENI,,
48569,06_051_408,1171,807,806,-1,5,801,EGYENI,,
48571,06_051_409,1346,1010,1009,-1,0,1009,EGYENI,,
48573,06_051_410,1041,714,713,-1,6,707,EGYENI,,
48575,06_051_411,3921,3400,3379,-21,32,3347,EGYENI,,
48577,06_051_412,1275,895,894,-1,7,887,EGYENI,,
48579,06_051_413,1278,859,859,0,12,847,EGYENI,,
48581,06_051_414,1335,904,902,-2,5,897,EGYENI,,
48583,06_051_415,1264,790,790,0,6,784,EGYENI,,
48585,06_051_416,1264,939,939,0,5,934,EGYENI,,
48587,06_051_417,1214,850,849,-1,5,844,EGYENI,,
48589,06_051_418,1242,918,918,0,11,907,EGYENI,,
48591,06_051_419,1227,991,988,-3,4,984,EGYENI,,
48593,06_051_420,1059,812,811,-1,4,807,EGYENI,,
48595,06_051_502,1020,711,711,0,8,703,EGYENI,,
48597,06_051_503,1103,808,808,0,3,805,EGYENI,,
48599,06_051_505,1086,696,696,0,1,695,EGYENI,,
48601,06_051_511,668,453,453,0,5,448,EGYENI,,
48603,06_051_520,1072,776,775,-1,6,769,EGYENI,,
48605,06_051_603,931,738,738,0,6,732,EGYENI,,
48607,06_051_611,752,492,490,-2,1,489,EGYENI,,
48609,06_052_001,597,425,425,0,5,420,EGYENI,,
48611,06_052_002,638,457,457,0,8,449,EGYENI,,
48613,06_052_003,569,399,398,-1,5,393,EGYENI,,
48615,06_052_004,581,395,395,0,6,389,EGYENI,,
49025,06_052_005,573,400,400,0,5,395,EGYENI,,
49027,06_052_006,545,354,354,0,7,347,EGYENI,,
49029,06_052_007,69,40,40,0,1,39,EGYENI,,
49031,06_053_001,715,575,575,0,2,573,EGYENI,,
49033,06_053_002,664,487,487,0,6,481,EGYENI,,
49035,06_053_003,705,527,527,0,9,518,EGYENI,,
49037,06_053_004,2443,2191,2186,-5,25,2161,EGYENI,,
49039,06_053_005,192,140,140,0,2,138,EGYENI,,
49041,06_053_006,885,599,599,0,13,586,EGYENI,,
49043,06_053_007,974,713,713,0,7,706,EGYENI,,
49045,06_053_008,675,474,474,0,3,471,EGYENI,,
49047,06_053_009,670,485,485,0,5,480,EGYENI,,
49049,06_053_010,725,485,485,0,13,472,EGYENI,,
49051,06_053_011,141,78,78,0,4,74,EGYENI,,
49053,06_053_012,169,91,91,0,1,90,EGYENI,,
49055,06_053_013,98,69,69,0,0,69,EGYENI,,
49057,06_053_014,882,683,683,0,7,676,EGYENI,,
49059,06_053_015,917,654,653,-1,7,646,EGYENI,,
49061,06_053_016,703,498,498,0,6,492,EGYENI,,
49063,06_053_017,927,638,637,-1,10,627,EGYENI,,
49065,06_053_018,680,501,500,-1,4,496,EGYENI,,
49067,06_053_019,587,399,398,-1,7,391,EGYENI,,
49069,06_053_020,665,476,476,0,4,472,EGYENI,,
49071,06_053_021,853,642,642,0,6,636,EGYENI,,
49073,06_053_022,866,655,655,0,9,646,EGYENI,,
49075,06_053_023,757,523,519,-4,5,514,EGYENI,,
49077,06_053_024,617,429,428,-1,3,425,EGYENI,,
49079,06_053_025,909,654,656,2,24,632,EGYENI,,
49081,06_053_026,861,605,605,0,10,595,EGYENI,,
49083,06_053_027,606,431,430,-1,10,420,EGYENI,,
49085,06_053_028,826,582,580,-2,2,578,EGYENI,,
49087,06_053_029,826,567,567,0,3,564,EGYENI,,
49089,06_053_030,633,465,465,0,4,461,EGYENI,,
49091,06_053_031,150,99,99,0,0,99,EGYENI,,
49093,06_053_032,1080,668,668,0,7,661,EGYENI,,
49095,06_053_033,670,435,433,-2,6,427,EGYENI,,
49097,06_053_034,86,56,56,0,1,55,EGYENI,,
49099,06_053_035,176,101,101,0,1,100,EGYENI,,
49101,06_054_001,872,630,630,0,2,628,EGYENI,,
49103,06_054_002,859,667,667,0,10,657,EGYENI,,
49105,06_055_001,685,507,507,0,4,503,EGYENI,,
49107,06_055_002,747,518,518,0,4,514,EGYENI,,
49109,06_056_001,699,509,508,-1,7,501,EGYENI,,
49111,06_056_002,710,416,416,0,3,413,EGYENI,,
49113,06_057_001,794,548,548,0,9,539,EGYENI,,
49115,06_057_002,744,515,515,0,4,511,EGYENI,,
49117,06_058_001,844,496,496,0,5,491,EGYENI,,
49119,06_058_002,873,619,619,0,7,612,EGYENI,,
49121,06_058_003,811,562,561,-1,9,552,EGYENI,,
49123,06_059_001,1121,782,782,0,10,772,EGYENI,,
49125,06_059_002,1114,775,773,-2,10,763,EGYENI,,
49127,06_060_001,851,574,574,0,6,568,EGYENI,,
49129,06_060_002,891,588,588,0,2,586,EGYENI,,
49131,06_060_003,1030,763,761,-2,4,757,EGYENI,,
49133,07_001_001,1064,590,590,0,9,581,EGYENI,,
49135,07_001_002,1012,577,577,0,11,566,EGYENI,,
49137,07_001_003,196,129,129,0,4,125,EGYENI,,
49139,07_001_004,194,125,125,0,3,122,EGYENI,,
49141,07_001_005,1159,767,767,0,7,760,EGYENI,,
49143,07_002_001,985,659,659,0,4,655,EGYENI,,
49145,07_002_002,1046,651,651,0,3,648,EGYENI,,
49147,07_002_003,1008,722,722,0,6,716,EGYENI,,
49149,07_003_001,839,521,521,0,1,520,EGYENI,,
49151,07_003_002,662,394,394,0,5,389,EGYENI,,
49153,07_004_001,451,362,361,-1,2,359,EGYENI,,
49155,07_004_002,654,464,463,-1,2,461,EGYENI,,
43578,07_005_001,482,303,303,0,8,295,EGYENI,,
43579,07_006_001,771,571,551,-20,11,540,EGYENI,,
43581,07_006_002,847,610,610,0,4,606,EGYENI,,
43583,07_006_003,828,597,596,-1,4,592,EGYENI,,
43585,07_007_001,115,89,89,0,0,89,EGYENI,,
43588,07_008_001,372,242,242,0,1,241,EGYENI,,
43590,07_008_002,370,265,265,0,1,264,EGYENI,,
43591,07_009_001,712,484,484,0,7,477,EGYENI,,
43593,07_009_002,633,412,412,0,2,410,EGYENI,,
43595,07_009_003,797,595,595,0,10,585,EGYENI,,
43597,07_009_004,684,451,450,-1,1,449,EGYENI,,
43599,07_010_001,1145,783,782,-1,2,780,EGYENI,,
43601,07_010_002,904,591,591,0,3,588,EGYENI,,
43603,07_010_003,139,93,93,0,0,93,EGYENI,,
43606,07_011_001,886,589,589,0,9,580,EGYENI,,
43608,07_012_001,674,443,443,0,7,436,EGYENI,,
43609,07_012_002,734,498,498,0,6,492,EGYENI,,
43611,07_013_001,1129,892,889,-3,5,884,EGYENI,,
43613,07_013_002,1162,727,725,-2,4,721,EGYENI,,
43615,07_013_003,1128,818,818,0,12,806,EGYENI,,
43617,07_013_004,1066,776,776,0,9,767,EGYENI,,
43619,07_013_005,1034,783,783,0,7,776,EGYENI,,
43621,07_013_006,1105,835,835,0,3,832,EGYENI,,
43623,07_013_007,1145,875,875,0,6,869,EGYENI,,
43625,07_013_008,3144,2613,2588,-25,12,2576,EGYENI,,
43627,07_014_001,754,551,551,0,2,549,EGYENI,,
43629,07_014_002,772,566,565,-1,2,563,EGYENI,,
43631,07_014_003,723,562,562,0,5,557,EGYENI,,
43633,07_014_004,959,714,714,0,2,712,EGYENI,,
43635,07_015_001,200,166,166,0,0,166,EGYENI,,
43637,07_016_001,734,523,523,0,7,516,EGYENI,,
43639,07_016_002,626,399,399,0,5,394,EGYENI,,
43641,07_016_003,698,445,445,0,4,441,EGYENI,,
43643,07_017_001,815,610,610,0,2,608,EGYENI,,
43645,07_017_002,161,113,113,0,2,111,EGYENI,,
43647,07_018_001,935,712,712,0,1,711,EGYENI,,
43650,07_019_001,891,657,657,0,1,656,EGYENI,,
43652,07_019_002,706,486,486,0,1,485,EGYENI,,
43653,07_019_003,894,662,662,0,0,662,EGYENI,,
43655,07_019_004,894,586,586,0,5,581,EGYENI,,
43657,07_019_005,758,548,548,0,3,545,EGYENI,,
43659,07_020_001,1137,897,891,-6,12,879,EGYENI,,
43661,07_021_001,823,548,548,0,4,544,EGYENI,,
43663,07_021_002,640,430,430,0,3,427,EGYENI,,
43665,07_022_001,798,521,521,0,10,511,EGYENI,,
43667,07_023_001,864,479,479,0,7,472,EGYENI,,
43669,07_023_002,896,549,549,0,13,536,EGYENI,,
43671,07_024_001,988,661,660,-1,4,656,EGYENI,,
43673,07_024_002,890,623,618,-5,2,616,EGYENI,,
43675,07_024_003,481,350,350,0,3,347,EGYENI,,
43677,07_024_004,756,535,535,0,3,532,EGYENI,,
43679,07_024_005,934,412,407,-5,3,404,EGYENI,,
43681,07_024_006,561,424,424,0,2,422,EGYENI,,
43683,07_024_007,622,482,480,-2,4,476,EGYENI,,
43685,07_024_008,539,384,384,0,4,380,EGYENI,,
43687,07_024_009,718,494,494,0,4,490,EGYENI,,
43689,07_024_010,921,633,632,-1,4,628,EGYENI,,
43691,07_024_011,688,455,455,0,2,453,EGYENI,,
43693,07_024_012,786,555,555,0,3,552,EGYENI,,
43695,07_024_013,778,565,564,-1,1,563,EGYENI,,
43697,07_024_014,849,608,607,-1,3,604,EGYENI,,
43699,07_024_015,768,542,539,-3,2,537,EGYENI,,
43701,07_024_016,716,536,536,0,4,532,EGYENI,,
43703,07_024_017,494,343,342,-1,3,339,EGYENI,,
43705,07_024_018,808,561,561,0,2,559,EGYENI,,
43707,07_024_019,697,520,520,0,6,514,EGYENI,,
43709,07_024_020,690,485,485,0,6,479,EGYENI,,
44115,07_024_021,2465,2169,2138,-31,1,2137,EGYENI,,
44117,07_024_022,858,624,624,0,3,621,EGYENI,,
44119,07_024_023,784,555,555,0,1,554,EGYENI,,
44121,07_024_024,837,582,581,-1,6,575,EGYENI,,
44123,07_024_025,770,537,537,0,5,532,EGYENI,,
44125,07_024_026,738,509,506,-3,0,506,EGYENI,,
44127,07_024_027,657,430,429,-1,2,427,EGYENI,,
44129,07_024_028,643,461,461,0,4,457,EGYENI,,
44131,07_024_029,652,454,454,0,3,451,EGYENI,,
44133,07_024_030,814,562,561,-1,3,558,EGYENI,,
44135,07_024_031,571,394,394,0,7,387,EGYENI,,
44137,07_024_032,794,536,535,-1,3,532,EGYENI,,
44139,07_024_033,807,547,547,0,2,545,EGYENI,,
44141,07_024_034,589,400,399,-1,3,396,EGYENI,,
44143,07_024_035,802,526,519,-7,9,510,EGYENI,,
44145,07_024_036,966,672,672,0,7,665,EGYENI,,
44147,07_024_037,974,709,709,0,2,707,EGYENI,,
44149,07_024_038,1074,741,741,0,8,733,EGYENI,,
44151,07_024_039,982,646,645,-1,8,637,EGYENI,,
44153,07_024_040,980,656,656,0,2,654,EGYENI,,
44155,07_024_041,1044,730,730,0,7,723,EGYENI,,
44157,07_024_042,996,723,723,0,3,720,EGYENI,,
44159,07_024_043,1000,827,824,-3,3,821,EGYENI,,
44161,07_024_044,1025,809,809,0,3,806,EGYENI,,
44163,07_024_045,1098,807,807,0,6,801,EGYENI,,
44165,07_024_046,1178,952,951,-1,4,947,EGYENI,,
44167,07_024_047,434,296,296,0,5,291,EGYENI,,
44169,07_025_001,796,469,469,0,6,463,EGYENI,,
44171,07_025_002,490,304,304,0,0,304,EGYENI,,
44173,07_025_003,545,364,364,0,3,361,EGYENI,,
44175,07_026_001,832,537,534,-3,6,528,EGYENI,,
44177,07_026_002,825,517,517,0,3,514,EGYENI,,
44179,07_026_003,891,534,534,0,11,523,EGYENI,,
44181,07_026_004,960,591,591,0,6,585,EGYENI,,
44183,07_026_005,849,494,494,0,7,487,EGYENI,,
44185,07_026_006,561,358,358,0,7,351,EGYENI,,
44187,07_026_007,308,171,171,0,2,169,EGYENI,,
44189,07_026_008,148,102,102,0,1,101,EGYENI,,
44191,07_027_001,1071,639,639,0,10,629,EGYENI,,
44193,07_027_002,1029,724,724,0,5,719,EGYENI,,
44195,07_027_003,1064,727,728,1,17,711,EGYENI,,
44197,07_027_004,769,511,511,0,4,507,EGYENI,,
44199,07_027_005,899,598,598,0,5,593,EGYENI,,
44201,07_027_006,1053,570,570,0,14,556,EGYENI,,
44203,07_027_007,219,146,146,0,0,146,EGYENI,,
44205,07_027_008,287,177,176,-1,4,172,EGYENI,,
44208,07_028_001,1037,751,751,0,4,747,EGYENI,,
44210,07_028_002,898,630,630,0,3,627,EGYENI,,
44211,07_028_003,1134,840,840,0,3,837,EGYENI,,
44213,07_028_004,117,70,70,0,0,70,EGYENI,,
44215,07_029_001,860,633,633,0,11,622,EGYENI,,
44217,07_029_002,752,547,546,-1,2,544,EGYENI,,
44219,07_030_001,679,561,560,-1,1,559,EGYENI,,
44221,07_030_002,774,626,625,-1,5,620,EGYENI,,
44223,07_031_001,699,491,490,-1,4,486,EGYENI,,
44225,07_032_001,492,368,368,0,3,365,EGYENI,,
44227,07_033_001,1216,886,885,-1,7,878,EGYENI,,
44229,07_033_002,992,695,695,0,5,690,EGYENI,,
44231,07_033_003,1243,951,950,-1,13,937,EGYENI,,
44233,07_033_004,1144,880,877,-3,4,873,EGYENI,,
44235,07_033_005,1019,736,735,-1,5,730,EGYENI,,
44237,07_033_006,1001,781,781,0,3,778,EGYENI,,
44239,07_033_007,1380,1002,1002,0,2,1000,EGYENI,,
44241,07_033_008,879,610,609,-1,2,607,EGYENI,,
44667,07_034_001,980,726,726,0,3,723,EGYENI,,
44669,07_035_001,739,467,467,0,6,461,EGYENI,,
44671,07_036_001,314,203,203,0,1,202,EGYENI,,
44673,07_036_002,212,111,111,0,3,108,EGYENI,,
44675,07_036_003,242,131,131,0,3,128,EGYENI,,
44677,07_037_001,952,703,703,0,10,693,EGYENI,,
44679,07_037_002,694,490,490,0,6,484,EGYENI,,
44681,07_038_001,674,461,461,0,4,457,EGYENI,,
44683,07_038_002,74,59,59,0,0,59,EGYENI,,
44685,07_039_001,1166,736,735,-1,11,724,EGYENI,,
44687,07_039_002,1064,664,664,0,2,662,EGYENI,,
44689,07_040_001,1024,633,633,0,0,633,EGYENI,,
44691,07_041_001,855,600,600,0,0,600,EGYENI,,
44693,07_042_001,964,613,613,0,11,602,EGYENI,,
44695,07_042_002,915,547,547,0,6,541,EGYENI,,
44697,07_043_001,1002,749,745,-4,2,743,EGYENI,,
44699,07_043_002,806,601,599,-2,3,596,EGYENI,,
44701,07_043_003,327,250,250,0,1,249,EGYENI,,
44703,07_043_004,882,634,633,-1,5,628,EGYENI,,
44705,07_044_001,536,373,372,-1,5,367,EGYENI,,
44707,07_044_002,687,491,491,0,4,487,EGYENI,,
44709,07_045_001,570,424,424,0,2,422,EGYENI,,
44711,07_045_002,598,456,456,0,3,453,EGYENI,,
44713,07_046_001,890,427,427,0,9,418,EGYENI,,
44715,07_046_002,1068,594,594,0,3,591,EGYENI,,
44717,07_047_001,599,435,435,0,2,433,EGYENI,,
44719,07_047_002,641,472,471,-1,4,467,EGYENI,,
44721,07_048_001,1303,866,866,0,12,854,EGYENI,,
44723,07_048_002,1158,815,816,1,16,800,EGYENI,,
44725,07_049_001,381,233,233,0,6,227,EGYENI,,
44727,07_049_002,39,30,30,0,1,29,EGYENI,,
44729,07_049_003,682,475,475,0,7,468,EGYENI,,
44731,07_049_004,669,429,429,0,1,428,EGYENI,,
44733,07_050_001,858,533,533,0,10,523,EGYENI,,
44735,07_050_002,857,552,552,0,2,550,EGYENI,,
44737,07_050_003,759,514,514,0,5,509,EGYENI,,
44739,07_051_001,702,514,514,0,1,513,EGYENI,,
44741,07_051_002,679,488,485,-3,3,482,EGYENI,,
44743,07_051_003,749,523,520,-3,2,518,EGYENI,,
44745,07_052_001,1269,954,954,0,5,949,EGYENI,,
44747,07_053_001,1020,711,711,0,2,709,EGYENI,,
44749,07_053_002,1121,818,817,-1,5,812,EGYENI,,
44751,07_053_003,1086,823,823,0,8,815,EGYENI,,
44753,07_053_004,1163,880,880,0,2,878,EGYENI,,
44755,07_054_001,1065,797,797,0,9,788,EGYENI,,
44757,07_054_002,795,462,457,-5,2,455,EGYENI,,
44759,07_055_001,572,344,344,0,3,341,EGYENI,,
44761,07_056_001,1019,676,676,0,4,672,EGYENI,,
44763,07_056_002,958,584,584,0,8,576,EGYENI,,
44765,07_056_003,939,611,604,-7,9,595,EGYENI,,
44767,07_056_004,840,405,403,-2,4,399,EGYENI,,
44769,07_057_001,755,474,474,0,4,470,EGYENI,,
44771,07_058_001,463,260,260,0,5,255,EGYENI,,
44773,07_058_002,547,279,278,-1,5,273,EGYENI,,
44775,07_059_001,720,376,376,0,4,372,EGYENI,,
44777,07_059_002,952,544,544,0,4,540,EGYENI,,
44779,07_060_001,430,307,307,0,3,304,EGYENI,,
44781,07_061_001,665,457,456,-1,5,451,EGYENI,,
44783,07_061_002,841,603,603,0,11,592,EGYENI,,
44785,07_061_003,761,526,526,0,4,522,EGYENI,,
44787,07_061_004,745,609,609,0,5,604,EGYENI,,
44789,07_061_005,717,527,527,0,3,524,EGYENI,,
44791,07_061_006,651,523,523,0,2,521,EGYENI,,
44793,07_061_007,958,743,743,0,7,736,EGYENI,,
44795,07_061_008,575,413,413,0,4,409,EGYENI,,
44797,07_061_009,833,651,652,1,13,639,EGYENI,,
44799,07_061_010,590,477,477,0,3,474,EGYENI,,
44801,07_061_011,1126,844,844,0,10,834,EGYENI,,
62305,07_061_012,1205,950,950,0,12,938,EGYENI,,
62307,07_061_013,710,562,561,-1,2,559,EGYENI,,
62309,07_061_014,685,572,572,0,6,566,EGYENI,,
62311,07_061_015,174,110,109,-1,1,108,EGYENI,,
62313,07_062_001,449,379,379,0,4,375,EGYENI,,
62315,07_063_001,474,308,308,0,6,302,EGYENI,,
62317,07_063_002,507,336,336,0,4,332,EGYENI,,
62319,07_063_003,148,94,94,0,2,92,EGYENI,,
62321,07_064_001,885,515,515,0,7,508,EGYENI,,
62323,07_065_001,503,381,381,0,1,380,EGYENI,,
62325,07_066_001,761,560,560,0,0,560,EGYENI,,
62327,07_066_002,829,637,637,0,3,634,EGYENI,,
62329,07_066_003,827,657,657,0,10,647,EGYENI,,
62331,07_066_004,785,585,585,0,2,583,EGYENI,,
62333,07_066_005,104,57,57,0,3,54,EGYENI,,
62335,07_067_001,413,267,267,0,0,267,EGYENI,,
62337,07_067_002,530,366,366,0,3,363,EGYENI,,
62339,07_067_003,475,323,323,0,3,320,EGYENI,,
62341,07_068_001,428,316,316,0,2,314,EGYENI,,
62343,07_068_002,193,127,127,0,2,125,EGYENI,,
62345,07_069_001,866,669,669,0,4,665,EGYENI,,
62347,07_069_002,892,668,668,0,4,664,EGYENI,,
62349,07_069_003,758,569,569,0,6,563,EGYENI,,
62351,07_070_001,691,504,503,-1,2,501,EGYENI,,
62353,07_070_002,674,454,454,0,2,452,EGYENI,,
62355,07_071_001,911,725,725,0,3,722,EGYENI,,
62357,07_071_002,776,594,594,0,7,587,EGYENI,,
62359,07_072_001,731,437,437,0,8,429,EGYENI,,
62361,07_072_002,710,461,461,0,20,441,EGYENI,,
62363,07_072_003,782,493,493,0,16,477,EGYENI,,
62365,07_072_004,871,494,494,0,12,482,EGYENI,,
62367,07_073_001,308,167,167,0,2,165,EGYENI,,
62369,07_073_002,921,602,600,-2,3,597,EGYENI,,
62371,07_073_003,1018,659,659,0,6,653,EGYENI,,
62373,07_073_004,944,561,561,0,8,553,EGYENI,,
62375,07_073_005,787,479,478,-1,5,473,EGYENI,,
62377,07_073_006,1100,730,730,0,12,718,EGYENI,,
62379,07_073_007,212,118,118,0,4,114,EGYENI,,
62381,07_074_001,992,624,624,0,6,618,EGYENI,,
62383,07_074_002,728,470,464,-6,3,461,EGYENI,,
62385,07_074_003,989,604,604,0,6,598,EGYENI,,
62387,07_074_004,972,590,590,0,3,587,EGYENI,,
62389,07_074_005,1113,697,697,0,7,690,EGYENI,,
62391,07_075_001,727,556,556,0,7,549,EGYENI,,
62393,07_075_002,618,452,452,0,16,436,EGYENI,,
62395,07_075_003,558,408,408,0,6,402,EGYENI,,
62397,07_076_001,903,658,658,0,1,657,EGYENI,,
62399,07_076_002,931,645,645,0,8,637,EGYENI,,
62401,07_076_003,925,707,707,0,6,701,EGYENI,,
62403,07_076_004,936,754,753,-1,6,747,EGYENI,,
62405,07_077_001,860,546,546,0,1,545,EGYENI,,
62407,07_077_002,866,533,533,0,4,529,EGYENI,,
62409,07_077_003,950,604,604,0,1,603,EGYENI,,
62411,07_078_001,695,430,430,0,2,428,EGYENI,,
62413,07_078_002,639,432,432,0,3,429,EGYENI,,
62415,07_078_003,484,319,319,0,2,317,EGYENI,,
62417,07_078_004,662,422,422,0,8,414,EGYENI,,
62419,07_078_005,602,417,417,0,2,415,EGYENI,,
62421,07_078_006,512,374,374,0,6,368,EGYENI,,
62423,07_078_007,539,380,380,0,5,375,EGYENI,,
62425,07_078_008,580,388,387,-1,3,384,EGYENI,,
62427,07_078_009,597,442,441,-1,1,440,EGYENI,,
62429,07_078_010,645,468,468,0,2,466,EGYENI,,
62431,07_078_011,692,497,496,-1,4,492,EGYENI,,
62433,07_078_012,694,471,471,0,3,468,EGYENI,,
62435,07_078_013,466,327,327,0,9,318,EGYENI,,
62573,07_078_014,640,420,420,0,6,414,EGYENI,,
62575,07_078_015,212,141,141,0,0,141,EGYENI,,
62577,07_078_016,174,101,101,0,2,99,EGYENI,,
62579,07_078_017,503,337,337,0,6,331,EGYENI,,
62581,07_078_018,192,121,121,0,1,120,EGYENI,,
62583,07_078_019,1608,1430,1423,-7,12,1411,EGYENI,,
62585,07_079_001,560,385,385,0,4,381,EGYENI,,
62587,07_080_001,1238,970,970,0,7,963,EGYENI,,
62589,07_081_001,631,322,321,-1,3,318,EGYENI,,
62591,07_081_002,1039,515,513,-2,10,503,EGYENI,,
62593,07_082_001,479,323,323,0,2,321,EGYENI,,
62595,07_083_001,1044,628,628,0,8,620,EGYENI,,
62597,07_083_002,804,509,509,0,12,497,EGYENI,,
62599,07_083_003,758,424,424,0,11,413,EGYENI,,
62601,07_084_001,943,615,615,0,3,612,EGYENI,,
62603,07_084_002,160,126,126,0,4,122,EGYENI,,
62605,07_085_001,826,580,579,-1,9,570,EGYENI,,
62607,07_085_002,895,652,651,-1,1,650,EGYENI,,
62609,07_085_003,737,467,466,-1,9,457,EGYENI,,
62611,07_086_001,969,674,674,0,7,667,EGYENI,,
62613,07_086_002,1096,695,693,-2,9,684,EGYENI,,
62615,07_086_003,859,561,560,-1,13,547,EGYENI,,
62617,07_086_004,686,399,399,0,4,395,EGYENI,,
62619,07_087_001,739,466,466,0,6,460,EGYENI,,
62621,07_087_002,762,535,535,0,5,530,EGYENI,,
62623,07_088_001,396,309,309,0,4,305,EGYENI,,
62625,07_089_001,1242,1036,1036,0,2,1034,EGYENI,,
62627,07_090_001,936,618,618,0,5,613,EGYENI,,
62629,07_090_002,923,693,693,0,1,692,EGYENI,,
62631,07_090_003,979,661,651,-10,3,648,EGYENI,,
62633,07_090_004,970,648,648,0,7,641,EGYENI,,
62635,07_091_001,1283,816,815,-1,11,804,EGYENI,,
62637,07_091_002,489,276,276,0,3,273,EGYENI,,
62639,07_092_001,574,344,344,0,13,331,EGYENI,,
62641,07_092_002,69,45,45,0,0,45,EGYENI,,
62643,07_093_001,606,462,462,0,6,456,EGYENI,,
62645,07_093_002,685,500,500,0,17,483,EGYENI,,
62647,07_094_001,811,606,604,-2,4,600,EGYENI,,
62649,07_094_002,806,577,576,-1,1,575,EGYENI,,
62651,07_094_003,1004,709,709,0,5,704,EGYENI,,
62653,07_094_004,283,236,236,0,2,234,EGYENI,,
62655,07_094_005,694,522,514,-8,0,514,EGYENI,,
62657,07_094_006,736,576,576,0,5,571,EGYENI,,
62659,07_094_007,730,558,563,5,36,527,EGYENI,,
62661,07_094_008,784,607,607,0,6,601,EGYENI,,
62663,07_094_009,867,631,631,0,7,624,EGYENI,,
62665,07_094_010,828,595,592,-3,0,592,EGYENI,,
62667,07_094_011,776,560,560,0,2,558,EGYENI,,
62669,07_094_012,824,626,626,0,3,623,EGYENI,,
62671,07_094_013,920,675,675,0,6,669,EGYENI,,
62673,07_094_014,787,570,569,-1,2,567,EGYENI,,
62675,07_094_015,657,502,502,0,3,499,EGYENI,,
62677,07_094_016,717,545,535,-10,3,532,EGYENI,,
62679,07_094_017,751,505,505,0,12,493,EGYENI,,
62681,07_094_018,846,632,629,-3,3,626,EGYENI,,
62683,07_094_019,804,586,586,0,6,580,EGYENI,,
62685,07_094_020,797,551,551,0,5,546,EGYENI,,
62687,07_094_021,941,718,713,-5,2,711,EGYENI,,
62689,07_094_022,863,625,621,-4,6,615,EGYENI,,
62691,07_094_023,954,712,710,-2,4,706,EGYENI,,
62693,07_094_024,597,451,448,-3,6,442,EGYENI,,
62695,07_094_025,553,394,394,0,3,391,EGYENI,,
62833,07_094_026,686,509,509,0,3,506,EGYENI,,
62835,07_094_027,801,623,619,-4,5,614,EGYENI,,
62837,07_094_028,691,518,518,0,1,517,EGYENI,,
62839,07_094_029,836,595,595,0,3,592,EGYENI,,
62841,07_094_030,1099,742,742,0,3,739,EGYENI,,
62843,07_094_031,824,610,609,-1,3,606,EGYENI,,
62845,07_094_032,880,645,641,-4,2,639,EGYENI,,
62847,07_094_033,1162,518,517,-1,4,513,EGYENI,,
62849,07_094_034,971,741,740,-1,7,733,EGYENI,,
62851,07_094_035,922,671,671,0,5,666,EGYENI,,
62853,07_094_036,768,549,550,1,7,543,EGYENI,,
62855,07_094_037,818,610,610,0,5,605,EGYENI,,
62857,07_094_038,889,655,655,0,6,649,EGYENI,,
62859,07_094_039,945,698,698,0,7,691,EGYENI,,
62861,07_094_040,1186,900,900,0,10,890,EGYENI,,
62863,07_094_041,1068,784,784,0,3,781,EGYENI,,
62865,07_094_042,1070,724,723,-1,5,718,EGYENI,,
62867,07_094_043,914,745,745,0,5,740,EGYENI,,
62869,07_094_044,984,711,711,0,8,703,EGYENI,,
62871,07_094_045,695,510,510,0,3,507,EGYENI,,
62873,07_094_046,864,611,610,-1,3,607,EGYENI,,
62875,07_094_047,833,620,618,-2,3,615,EGYENI,,
62877,07_094_048,1123,896,896,0,7,889,EGYENI,,
62879,07_094_049,1192,936,935,-1,6,929,EGYENI,,
62881,07_094_050,758,577,577,0,5,572,EGYENI,,
62883,07_094_051,1180,782,782,0,5,777,EGYENI,,
62885,07_094_052,646,496,495,-1,3,492,EGYENI,,
62887,07_094_053,851,654,653,-1,4,649,EGYENI,,
62889,07_094_054,1057,820,818,-2,13,805,EGYENI,,
62891,07_094_055,742,596,595,-1,7,588,EGYENI,,
62893,07_094_056,2675,2400,2392,-8,16,2376,EGYENI,,
62895,07_094_057,564,446,446,0,1,445,EGYENI,,
62897,07_094_058,949,765,761,-4,6,755,EGYENI,,
62899,07_094_059,652,512,508,-4,1,507,EGYENI,,
62901,07_094_060,552,433,433,0,2,431,EGYENI,,
62903,07_094_061,615,492,491,-1,4,487,EGYENI,,
62905,07_094_062,701,591,591,0,10,581,EGYENI,,
62907,07_094_063,868,687,684,-3,9,675,EGYENI,,
62909,07_094_064,971,788,788,0,3,785,EGYENI,,
62911,07_094_065,695,567,565,-2,0,565,EGYENI,,
62913,07_094_066,1152,975,971,-4,10,961,EGYENI,,
62915,07_094_067,1135,888,888,0,6,882,EGYENI,,
62917,07_094_068,882,710,709,-1,7,702,EGYENI,,
62919,07_094_069,849,700,701,1,16,685,EGYENI,,
62921,07_094_070,921,789,785,-4,4,781,EGYENI,,
62923,07_094_071,692,557,556,-1,3,553,EGYENI,,
62925,07_094_072,887,758,756,-2,1,755,EGYENI,,
62927,07_094_073,1084,898,897,-1,6,891,EGYENI,,
62929,07_094_074,675,529,529,0,3,526,EGYENI,,
62931,07_094_075,355,270,270,0,3,267,EGYENI,,
62933,07_094_076,1152,783,783,0,7,776,EGYENI,,
62935,07_094_077,997,815,812,-3,5,807,EGYENI,,
62937,07_094_078,1014,777,777,0,5,772,EGYENI,,
62939,07_094_079,872,684,683,-1,5,678,EGYENI,,
62941,07_094_080,1027,800,795,-5,6,789,EGYENI,,
62943,07_094_081,841,623,623,0,3,620,EGYENI,,
59467,07_094_082,578,439,439,0,1,438,EGYENI,,
59469,07_094_083,810,654,658,4,4,654,EGYENI,,
59471,07_094_084,628,454,454,0,10,444,EGYENI,,
59473,07_094_085,939,756,755,-1,2,753,EGYENI,,
59475,07_094_086,809,573,573,0,2,571,EGYENI,,
59477,07_094_087,988,765,764,-1,4,760,EGYENI,,
59479,07_094_088,751,593,592,-1,3,589,EGYENI,,
59481,07_094_089,1172,850,849,-1,4,845,EGYENI,,
59483,07_094_090,1262,950,950,0,10,940,EGYENI,,
59485,07_094_091,2270,1946,1942,-4,9,1933,EGYENI,,
59487,07_094_092,197,154,154,0,3,151,EGYENI,,
59489,07_095_001,755,566,564,-2,4,560,EGYENI,,
59491,07_096_001,699,486,486,0,3,483,EGYENI,,
59493,07_096_002,641,464,464,0,4,460,EGYENI,,
59495,07_097_001,1408,1089,1087,-2,5,1082,EGYENI,,
59497,07_098_001,336,239,239,0,2,237,EGYENI,,
59499,07_099_001,894,667,667,0,3,664,EGYENI,,
59501,07_099_002,975,708,707,-1,2,705,EGYENI,,
59503,07_100_001,658,390,390,0,10,380,EGYENI,,
59505,07_101_001,714,505,505,0,4,501,EGYENI,,
59507,07_101_002,710,514,514,0,9,505,EGYENI,,
59509,07_101_003,559,444,443,-1,0,443,EGYENI,,
59511,07_102_001,1086,828,828,0,4,824,EGYENI,,
59513,07_102_002,758,575,575,0,4,571,EGYENI,,
59515,07_102_003,966,713,712,-1,6,706,EGYENI,,
59517,07_102_004,975,783,783,0,2,781,EGYENI,,
59519,07_102_005,1007,760,760,0,3,757,EGYENI,,
59521,07_103_001,632,433,432,-1,2,430,EGYENI,,
59523,07_104_001,707,444,444,0,6,438,EGYENI,,
59525,07_104_002,696,496,496,0,5,491,EGYENI,,
59527,07_105_001,722,555,555,0,9,546,EGYENI,,
59529,07_106_001,912,590,589,-1,7,582,EGYENI,,
59531,07_106_002,932,676,675,-1,3,672,EGYENI,,
59533,07_107_001,769,494,494,0,3,491,EGYENI,,
59535,07_108_001,537,320,320,0,7,313,EGYENI,,
59537,07_108_002,454,262,262,0,1,261,EGYENI,,
59539,08_001_001,598,462,462,0,6,456,EGYENI,,
59541,08_001_002,653,469,469,0,7,462,EGYENI,,
59543,08_001_003,734,533,533,0,11,522,EGYENI,,
59545,08_001_004,585,439,439,0,7,432,EGYENI,,
59547,08_002_001,382,321,321,0,3,318,EGYENI,,
59549,08_003_001,727,561,560,-1,4,556,EGYENI,,
59551,08_004_001,822,588,588,0,1,587,EGYENI,,
59553,08_004_002,860,660,660,0,4,656,EGYENI,,
59555,08_005_001,207,163,163,0,2,161,EGYENI,,
59557,08_006_001,890,623,623,0,15,608,EGYENI,,
59559,08_006_002,698,508,508,0,3,505,EGYENI,,
59561,08_007_001,936,682,682,0,7,675,EGYENI,,
59563,08_008_001,123,100,100,0,1,99,EGYENI,,
59565,08_009_001,227,167,167,0,1,166,EGYENI,,
59567,08_010_001,798,532,532,0,5,527,EGYENI,,
59569,08_010_002,606,381,381,0,10,371,EGYENI,,
59571,08_011_001,602,418,418,0,2,416,EGYENI,,
59573,08_012_001,545,416,416,0,5,411,EGYENI,,
59575,08_012_002,528,370,370,0,5,365,EGYENI,,
59577,08_013_001,936,700,700,0,5,695,EGYENI,,
59579,08_013_002,932,696,694,-2,6,688,EGYENI,,
59581,08_013_003,259,187,187,0,1,186,EGYENI,,
59583,08_014_001,418,313,313,0,4,309,EGYENI,,
59585,08_014_002,390,296,297,1,10,287,EGYENI,,
59587,08_014_003,149,107,107,0,3,104,EGYENI,,
59589,08_015_001,393,293,293,0,3,290,EGYENI,,
59591,08_016_001,256,192,191,-1,3,188,EGYENI,,
59593,08_017_001,513,381,381,0,4,377,EGYENI,,
59596,08_018_001,998,728,728,0,4,724,EGYENI,,
59598,08_019_001,785,528,528,0,2,526,EGYENI,,
59599,08_019_002,811,536,536,0,9,527,EGYENI,,
59731,08_019_003,183,125,125,0,0,125,EGYENI,,
59733,08_020_001,874,615,615,0,1,614,EGYENI,,
59735,08_020_002,843,596,596,0,4,592,EGYENI,,
59737,08_021_001,40,38,38,0,1,37,EGYENI,,
59739,08_022_001,436,309,309,0,6,303,EGYENI,,
59741,08_023_001,431,310,310,0,4,306,EGYENI,,
59743,08_024_001,170,135,135,0,2,133,EGYENI,,
59745,08_025_001,30,26,26,0,0,26,EGYENI,,
59747,08_026_001,395,275,275,0,6,269,EGYENI,,
59749,08_027_001,1094,839,839,0,7,832,EGYENI,,
59751,08_027_002,2498,2163,2157,-6,26,2131,EGYENI,,
59753,08_027_003,1010,743,743,0,10,733,EGYENI,,
59755,08_027_004,985,776,777,1,11,766,EGYENI,,
59757,08_027_005,1024,794,794,0,5,789,EGYENI,,
59759,08_027_006,966,733,732,-1,3,729,EGYENI,,
59761,08_027_007,967,723,721,-2,5,716,EGYENI,,
59763,08_027_008,1070,781,781,0,3,778,EGYENI,,
59765,08_028_001,611,467,467,0,7,460,EGYENI,,
59767,08_028_002,649,468,468,0,7,461,EGYENI,,
59769,08_029_001,323,226,226,0,0,226,EGYENI,,
59771,08_030_001,486,362,362,0,2,360,EGYENI,,
59773,08_031_001,670,435,435,0,9,426,EGYENI,,
59775,08_031_002,716,506,506,0,8,498,EGYENI,,
59777,08_032_001,196,150,150,0,3,147,EGYENI,,
59779,08_033_001,804,576,576,0,3,573,EGYENI,,
59781,08_033_002,839,597,597,0,8,589,EGYENI,,
59783,08_034_001,576,417,417,0,8,409,EGYENI,,
59785,08_035_001,171,122,122,0,2,120,EGYENI,,
59787,08_035_002,433,314,314,0,4,310,EGYENI,,
59789,08_035_003,577,426,426,0,5,421,EGYENI,,
59791,08_036_001,129,96,96,0,1,95,EGYENI,,
59793,08_037_001,99,80,80,0,0,80,EGYENI,,
59795,08_038_001,441,319,319,0,3,316,EGYENI,,
59797,08_039_001,703,534,528,-6,4,524,EGYENI,,
59799,08_040_001,1397,992,992,0,10,982,EGYENI,,
59801,08_041_001,864,640,637,-3,2,635,EGYENI,,
59803,08_041_002,750,548,548,0,4,544,EGYENI,,
59805,08_042_001,755,588,588,0,7,581,EGYENI,,
59807,08_042_002,792,580,580,0,2,578,EGYENI,,
59809,08_043_001,374,270,269,-1,2,267,EGYENI,,
59811,08_044_001,422,322,322,0,4,318,EGYENI,,
59813,08_045_001,720,524,524,0,4,520,EGYENI,,
59815,08_046_001,91,71,71,0,3,68,EGYENI,,
59817,08_047_001,242,178,177,-1,0,177,EGYENI,,
59819,08_048_001,1069,831,831,0,4,827,EGYENI,,
59821,08_048_002,641,509,509,0,7,502,EGYENI,,
59823,08_048_003,810,595,595,0,1,594,EGYENI,,
59825,08_048_004,101,69,69,0,0,69,EGYENI,,
59827,08_049_001,497,392,392,0,3,389,EGYENI,,
59829,08_050_001,595,453,453,0,0,453,EGYENI,,
59831,08_051_001,922,620,620,0,7,613,EGYENI,,
59833,08_051_002,838,585,581,-4,6,575,EGYENI,,
59835,08_052_001,917,695,695,0,4,691,EGYENI,,
59837,08_052_002,793,619,619,0,5,614,EGYENI,,
59839,08_052_003,654,552,552,0,6,546,EGYENI,,
59841,08_052_004,662,506,506,0,8,498,EGYENI,,
59843,08_053_001,992,739,739,0,8,731,EGYENI,,
59845,08_054_001,844,580,579,-1,6,573,EGYENI,,
59847,08_054_002,865,600,600,0,5,595,EGYENI,,
59849,08_054_003,795,502,502,0,7,495,EGYENI,,
59851,08_055_001,52,42,42,0,0,42,EGYENI,,
59853,08_056_001,1084,796,795,-1,2,793,EGYENI,,
59855,08_057_001,325,225,225,0,0,225,EGYENI,,
59857,08_058_001,970,650,649,-1,3,646,EGYENI,,
59859,08_059_001,972,709,708,-1,1,707,EGYENI,,
59861,08_059_002,1171,755,753,-2,9,744,EGYENI,,
59863,08_059_003,1014,712,712,0,6,706,EGYENI,,
59865,08_059_004,1024,672,672,0,10,662,EGYENI,,
59867,08_059_005,1187,761,760,-1,8,752,EGYENI,,
60009,08_059_006,958,766,766,0,3,763,EGYENI,,
60011,08_059_007,901,653,654,1,16,638,EGYENI,,
60013,08_059_008,624,374,374,0,1,373,EGYENI,,
60015,08_059_009,2955,2585,2585,0,17,2568,EGYENI,,
60017,08_059_010,790,571,571,0,10,561,EGYENI,,
60019,08_059_011,849,442,442,0,3,439,EGYENI,,
60021,08_059_012,1082,554,547,-7,0,547,EGYENI,,
60023,08_059_013,755,595,595,0,10,585,EGYENI,,
60025,08_059_014,877,611,610,-1,3,607,EGYENI,,
60027,08_059_015,1010,786,786,0,5,781,EGYENI,,
60029,08_059_016,850,639,639,0,4,635,EGYENI,,
60031,08_059_017,927,686,686,0,4,682,EGYENI,,
60033,08_059_018,806,667,664,-3,1,663,EGYENI,,
60035,08_059_019,774,627,624,-3,3,621,EGYENI,,
60037,08_059_020,712,577,577,0,2,575,EGYENI,,
60039,08_059_021,1131,853,853,0,7,846,EGYENI,,
60041,08_059_022,1102,896,895,-1,4,891,EGYENI,,
60043,08_059_023,1109,854,854,0,4,850,EGYENI,,
60045,08_059_024,1195,910,909,-1,11,898,EGYENI,,
60047,08_059_025,1037,841,841,0,1,840,EGYENI,,
60049,08_059_026,1165,922,922,0,2,920,EGYENI,,
60051,08_059_027,1232,906,905,-1,6,899,EGYENI,,
60053,08_059_028,1129,887,887,0,9,878,EGYENI,,
60055,08_059_029,1037,786,785,-1,5,780,EGYENI,,
60057,08_059_030,929,750,749,-1,6,743,EGYENI,,
60059,08_059_031,842,602,599,-3,3,596,EGYENI,,
60061,08_059_032,879,621,621,0,9,612,EGYENI,,
60063,08_059_033,951,707,706,-1,6,700,EGYENI,,
60065,08_059_034,1057,732,730,-2,6,724,EGYENI,,
60067,08_059_035,1006,654,654,0,6,648,EGYENI,,
60069,08_059_036,1051,701,697,-4,9,688,EGYENI,,
60071,08_059_037,1082,671,671,0,7,664,EGYENI,,
60073,08_059_038,1005,590,589,-1,7,582,EGYENI,,
60075,08_059_039,1092,789,787,-2,4,783,EGYENI,,
60077,08_059_040,1194,822,822,0,8,814,EGYENI,,
60079,08_059_041,886,603,603,0,8,595,EGYENI,,
60081,08_059_042,1038,716,714,-2,8,706,EGYENI,,
60083,08_059_043,1011,645,645,0,3,642,EGYENI,,
60085,08_059_044,933,659,660,1,18,642,EGYENI,,
60087,08_059_045,958,702,702,0,8,694,EGYENI,,
60089,08_059_046,933,633,633,0,0,633,EGYENI,,
60091,08_059_047,982,673,673,0,7,666,EGYENI,,
60093,08_059_048,913,655,655,0,7,648,EGYENI,,
60095,08_059_049,903,603,603,0,2,601,EGYENI,,
60097,08_059_050,880,599,597,-2,3,594,EGYENI,,
60099,08_059_051,890,626,622,-4,6,616,EGYENI,,
60101,08_059_052,1057,824,819,-5,8,811,EGYENI,,
60103,08_059_053,2617,2261,2254,-7,9,2245,EGYENI,,
60105,08_059_054,1073,791,790,-1,9,781,EGYENI,,
60107,08_059_055,1092,666,664,-2,2,662,EGYENI,,
60109,08_059_056,1016,704,704,0,8,696,EGYENI,,
60111,08_059_057,977,678,678,0,3,675,EGYENI,,
60113,08_059_058,1125,786,785,-1,8,777,EGYENI,,
60115,08_059_059,1064,791,789,-2,4,785,EGYENI,,
60117,08_059_060,1039,729,728,-1,8,720,EGYENI,,
60119,08_059_061,939,729,729,0,9,720,EGYENI,,
60121,08_059_062,1123,828,827,-1,12,815,EGYENI,,
60123,08_059_063,1058,772,769,-3,6,763,EGYENI,,
60125,08_059_064,1123,851,848,-3,8,840,EGYENI,,
60127,08_059_065,1010,684,683,-1,5,678,EGYENI,,
60129,08_059_066,978,719,719,0,5,714,EGYENI,,
60269,08_059_067,1009,707,706,-1,4,702,EGYENI,,
60271,08_059_068,880,687,688,1,18,670,EGYENI,,
60273,08_059_069,870,694,694,0,9,685,EGYENI,,
60275,08_059_070,845,688,688,0,5,683,EGYENI,,
60277,08_059_071,961,586,588,2,20,568,EGYENI,,
60279,08_059_072,1082,724,724,0,4,720,EGYENI,,
60281,08_059_073,1073,720,719,-1,2,717,EGYENI,,
60283,08_059_074,990,716,716,0,4,712,EGYENI,,
60285,08_059_075,863,705,699,-6,6,693,EGYENI,,
60287,08_059_076,965,741,741,0,7,734,EGYENI,,
60289,08_059_077,1123,877,877,0,2,875,EGYENI,,
60291,08_059_078,872,682,682,0,8,674,EGYENI,,
60293,08_059_079,1000,770,770,0,8,762,EGYENI,,
60295,08_059_080,1086,883,881,-2,5,876,EGYENI,,
60297,08_059_081,974,795,795,0,5,790,EGYENI,,
60299,08_059_082,1146,734,730,-4,6,724,EGYENI,,
60301,08_059_083,1122,788,787,-1,5,782,EGYENI,,
60303,08_059_084,1126,784,784,0,4,780,EGYENI,,
60305,08_059_085,1105,796,794,-2,6,788,EGYENI,,
60307,08_059_086,1106,841,841,0,5,836,EGYENI,,
60309,08_059_087,1067,781,779,-2,9,770,EGYENI,,
60311,08_059_088,1228,946,945,-1,10,935,EGYENI,,
60313,08_059_089,1052,779,778,-1,8,770,EGYENI,,
60315,08_059_090,1169,911,911,0,6,905,EGYENI,,
60317,08_059_091,1202,946,946,0,8,938,EGYENI,,
60319,08_059_092,1005,773,773,0,10,763,EGYENI,,
60321,08_059_093,1103,883,881,-2,1,880,EGYENI,,
60323,08_059_094,1249,950,948,-2,5,943,EGYENI,,
60325,08_059_095,1068,821,821,0,9,812,EGYENI,,
60327,08_059_096,1195,906,906,0,8,898,EGYENI,,
60329,08_060_001,431,296,296,0,4,292,EGYENI,,
60331,08_061_001,1340,1020,1019,-1,8,1011,EGYENI,,
60333,08_062_001,1162,840,844,4,6,838,EGYENI,,
60335,08_063_001,635,385,385,0,2,383,EGYENI,,
60337,08_064_001,765,442,442,0,7,435,EGYENI,,
60339,08_064_002,804,475,475,0,7,468,EGYENI,,
60341,08_064_003,937,658,658,0,4,654,EGYENI,,
60343,08_065_001,1208,947,947,0,18,929,EGYENI,,
60345,08_065_002,1599,1265,1264,-1,11,1253,EGYENI,,
60347,08_065_003,1120,920,920,0,7,913,EGYENI,,
60349,08_065_004,1198,938,938,0,12,926,EGYENI,,
60351,08_066_001,1389,1126,1126,0,16,1110,EGYENI,,
60353,08_067_001,1169,887,887,0,5,882,EGYENI,,
60355,08_067_002,965,732,731,-1,7,724,EGYENI,,
60357,08_068_001,1188,838,838,0,1,837,EGYENI,,
60359,08_068_002,1193,849,849,0,9,840,EGYENI,,
60361,08_068_003,124,93,93,0,0,93,EGYENI,,
60363,08_069_001,877,689,688,-1,2,686,EGYENI,,
60365,08_069_002,886,709,709,0,2,707,EGYENI,,
60367,08_070_001,871,617,615,-2,6,609,EGYENI,,
60369,08_070_002,963,661,661,0,6,655,EGYENI,,
60371,08_070_003,778,527,527,0,2,525,EGYENI,,
60373,08_071_001,1138,942,940,-2,4,936,EGYENI,,
60375,08_072_001,958,664,664,0,3,661,EGYENI,,
60377,08_073_001,322,260,260,0,0,260,EGYENI,,
60379,08_074_001,552,400,400,0,0,400,EGYENI,,
60381,08_075_001,249,205,205,0,0,205,EGYENI,,
60383,08_076_001,769,559,559,0,3,556,EGYENI,,
60385,08_076_002,662,521,520,-1,3,517,EGYENI,,
60387,08_077_001,991,614,614,0,3,611,EGYENI,,
60389,08_078_001,831,579,579,0,6,573,EGYENI,,
60391,08_078_002,809,514,514,0,5,509,EGYENI,,
60393,08_078_003,728,495,495,0,5,490,EGYENI,,
60395,08_078_004,838,589,588,-1,2,586,EGYENI,,
60397,08_078_005,807,520,520,0,11,509,EGYENI,,
60527,08_078_006,626,412,412,0,9,403,EGYENI,,
60529,08_078_007,199,114,114,0,1,113,EGYENI,,
60531,08_079_001,466,299,299,0,3,296,EGYENI,,
60533,08_080_001,1029,712,712,0,4,708,EGYENI,,
60535,08_081_001,143,99,99,0,2,97,EGYENI,,
60537,08_081_002,1111,850,848,-2,10,838,EGYENI,,
60539,08_081_003,1006,755,754,-1,6,748,EGYENI,,
60541,08_081_004,964,748,748,0,5,743,EGYENI,,
60543,08_081_005,1012,770,770,0,5,765,EGYENI,,
60545,08_081_006,1094,769,769,0,5,764,EGYENI,,
60547,08_081_007,981,749,749,0,3,746,EGYENI,,
60549,08_081_008,1023,795,795,0,4,791,EGYENI,,
60551,08_081_009,874,653,653,0,11,642,EGYENI,,
60553,08_082_001,670,438,436,-2,6,430,EGYENI,,
60555,08_082_002,920,643,643,0,5,638,EGYENI,,
60557,08_082_003,199,135,135,0,11,124,EGYENI,,
60559,08_083_001,187,149,149,0,0,149,EGYENI,,
60561,08_084_001,693,543,543,0,4,539,EGYENI,,
60563,08_085_001,277,220,220,0,1,219,EGYENI,,
60565,08_086_001,615,488,488,0,4,484,EGYENI,,
60567,08_087_001,823,574,573,-1,2,571,EGYENI,,
60569,08_087_002,858,578,576,-2,7,569,EGYENI,,
60571,08_088_001,1084,794,791,-3,5,786,EGYENI,,
60573,08_088_002,1069,769,768,-1,6,762,EGYENI,,
60575,08_089_001,863,693,693,0,7,686,EGYENI,,
60577,08_089_002,780,629,629,0,7,622,EGYENI,,
60579,08_090_001,976,746,745,-1,7,738,EGYENI,,
60581,08_091_001,448,291,291,0,5,286,EGYENI,,
60583,08_092_001,688,456,456,0,11,445,EGYENI,,
60585,08_092_002,744,514,514,0,12,502,EGYENI,,
60587,08_093_001,1071,749,747,-2,10,737,EGYENI,,
60589,08_093_002,664,452,452,0,11,441,EGYENI,,
60591,08_093_003,804,547,547,0,10,537,EGYENI,,
60593,08_094_001,582,445,445,0,7,438,EGYENI,,
60595,08_095_001,1163,847,846,-1,13,833,EGYENI,,
60597,08_096_001,73,51,51,0,0,51,EGYENI,,
60599,08_097_001,379,256,256,0,1,255,EGYENI,,
60601,08_098_001,385,263,263,0,1,262,EGYENI,,
60603,08_099_001,697,471,471,0,9,462,EGYENI,,
60605,08_099_002,787,570,570,0,6,564,EGYENI,,
60607,08_100_001,481,367,367,0,7,360,EGYENI,,
60609,08_101_001,758,509,509,0,5,504,EGYENI,,
60611,08_102_001,82,61,61,0,0,61,EGYENI,,
60613,08_103_001,892,697,697,0,8,689,EGYENI,,
60615,08_104_001,812,655,655,0,10,645,EGYENI,,
60617,08_104_002,756,487,487,0,7,480,EGYENI,,
60619,08_104_003,820,551,550,-1,6,544,EGYENI,,
60621,08_104_004,1239,950,950,0,12,938,EGYENI,,
60623,08_104_005,1063,739,739,0,5,734,EGYENI,,
60625,08_104_006,761,547,547,0,5,542,EGYENI,,
60627,08_104_007,813,536,535,-1,5,530,EGYENI,,
60629,08_104_008,811,619,619,0,4,615,EGYENI,,
60631,08_104_009,787,513,513,0,10,503,EGYENI,,
60633,08_104_010,931,582,582,0,6,576,EGYENI,,
60635,08_104_011,879,551,550,-1,7,543,EGYENI,,
60637,08_104_012,739,541,541,0,0,541,EGYENI,,
60639,08_104_013,901,644,644,0,4,640,EGYENI,,
60641,08_104_014,889,654,654,0,5,649,EGYENI,,
60643,08_104_015,708,520,520,0,11,509,EGYENI,,
60645,08_104_016,714,514,514,0,7,507,EGYENI,,
60647,08_104_017,850,576,575,-1,5,570,EGYENI,,
60649,08_104_018,844,587,587,0,6,581,EGYENI,,
60651,08_104_019,862,564,564,0,11,553,EGYENI,,
60653,08_104_020,823,573,573,0,5,568,EGYENI,,
60655,08_104_021,765,506,506,0,6,500,EGYENI,,
60657,08_104_022,927,616,616,0,10,606,EGYENI,,
60793,08_104_023,723,466,466,0,4,462,EGYENI,,
60795,08_104_024,2282,1949,1886,-63,25,1861,EGYENI,,
60797,08_104_025,774,439,438,-1,3,435,EGYENI,,
60799,08_104_026,840,558,550,-8,2,548,EGYENI,,
60801,08_104_027,868,540,538,-2,12,526,EGYENI,,
60803,08_104_028,860,559,558,-1,7,551,EGYENI,,
60805,08_104_029,786,539,538,-1,7,531,EGYENI,,
60807,08_104_030,828,608,608,0,4,604,EGYENI,,
60809,08_105_001,959,666,668,2,6,662,EGYENI,,
60811,08_105_002,1033,677,676,-1,9,667,EGYENI,,
60813,08_106_001,679,464,463,-1,5,458,EGYENI,,
60815,08_106_002,675,480,480,0,4,476,EGYENI,,
60817,08_107_001,671,495,494,-1,5,489,EGYENI,,
60819,08_108_001,758,600,600,0,13,587,EGYENI,,
60821,08_109_001,790,588,588,0,1,587,EGYENI,,
60823,08_109_002,862,669,667,-2,5,662,EGYENI,,
60825,08_110_001,811,564,564,0,9,555,EGYENI,,
60827,08_111_001,629,435,435,0,6,429,EGYENI,,
60829,08_111_002,834,529,528,-1,6,522,EGYENI,,
60831,08_112_001,173,139,139,0,7,132,EGYENI,,
60833,08_113_001,352,288,288,0,2,286,EGYENI,,
60835,08_114_001,887,686,686,0,4,682,EGYENI,,
60837,08_114_002,958,699,699,0,2,697,EGYENI,,
60839,08_114_003,1112,817,814,-3,11,803,EGYENI,,
60841,08_114_004,470,344,344,0,2,342,EGYENI,,
60843,08_115_001,714,517,517,0,9,508,EGYENI,,
60845,08_116_001,858,604,599,-5,8,591,EGYENI,,
60847,08_116_002,783,579,578,-1,6,572,EGYENI,,
60849,08_116_003,778,540,540,0,4,536,EGYENI,,
60851,08_117_001,1021,657,656,-1,16,640,EGYENI,,
60853,08_117_002,712,498,498,0,3,495,EGYENI,,
60855,08_117_003,804,576,574,-2,9,565,EGYENI,,
60857,08_117_004,185,151,151,0,1,150,EGYENI,,
60859,08_118_001,333,242,242,0,2,240,EGYENI,,
60861,08_119_001,240,180,180,0,4,176,EGYENI,,
60863,08_120_001,824,555,555,0,4,551,EGYENI,,
60865,08_121_001,1160,867,867,0,2,865,EGYENI,,
60867,08_122_001,866,700,700,0,6,694,EGYENI,,
60869,08_123_001,836,587,587,0,6,581,EGYENI,,
60871,08_123_002,916,638,638,0,7,631,EGYENI,,
60873,08_123_003,270,189,189,0,2,187,EGYENI,,
60875,08_124_001,278,219,219,0,2,217,EGYENI,,
60877,08_125_001,93,74,75,1,7,68,EGYENI,,
60879,08_126_001,226,187,187,0,1,186,EGYENI,,
60881,08_127_001,508,380,380,0,3,377,EGYENI,,
60883,08_128_001,427,298,298,0,3,295,EGYENI,,
60885,08_128_002,608,464,464,0,4,460,EGYENI,,
60887,08_128_003,422,296,296,0,5,291,EGYENI,,
60889,08_129_001,1017,719,717,-2,5,712,EGYENI,,
60891,08_130_001,416,289,289,0,2,287,EGYENI,,
60893,08_131_001,474,354,354,0,0,354,EGYENI,,
60895,08_132_001,588,454,454,0,5,449,EGYENI,,
60897,08_133_001,1054,718,717,-1,7,710,EGYENI,,
60899,08_133_002,996,726,726,0,4,722,EGYENI,,
60901,08_134_001,811,595,594,-1,4,590,EGYENI,,
60903,08_135_001,62,50,50,0,0,50,EGYENI,,
60905,08_136_001,365,288,288,0,2,286,EGYENI,,
60907,08_137_001,428,310,310,0,1,309,EGYENI,,
60909,08_138_001,119,100,100,0,1,99,EGYENI,,
60911,08_139_001,791,606,606,0,4,602,EGYENI,,
60913,08_140_001,136,101,101,0,2,99,EGYENI,,
60915,08_141_001,226,163,163,0,0,163,EGYENI,,
60917,08_142_001,286,239,239,0,0,239,EGYENI,,
60919,08_143_001,448,314,314,0,8,306,EGYENI,,
60921,08_144_001,247,169,169,0,5,164,EGYENI,,
60923,08_145_001,353,264,264,0,4,260,EGYENI,,
60925,08_146_001,489,373,373,0,1,372,EGYENI,,
60927,08_146_002,181,149,149,0,0,149,EGYENI,,
60929,08_146_003,79,58,58,0,2,56,EGYENI,,
61073,08_147_001,260,191,191,0,4,187,EGYENI,,
61075,08_148_001,224,165,165,0,0,165,EGYENI,,
61077,08_149_001,929,671,671,0,12,659,EGYENI,,
61079,08_150_001,943,559,561,2,18,543,EGYENI,,
61081,08_150_002,994,651,649,-2,6,643,EGYENI,,
61083,08_150_003,1061,717,716,-1,4,712,EGYENI,,
61085,08_150_004,935,720,719,-1,1,718,EGYENI,,
61087,08_150_005,771,585,585,0,3,582,EGYENI,,
61089,08_150_006,917,674,672,-2,2,670,EGYENI,,
61091,08_150_007,1026,786,786,0,7,779,EGYENI,,
61093,08_150_008,841,618,616,-2,2,614,EGYENI,,
61095,08_150_009,1089,807,807,0,3,804,EGYENI,,
61097,08_150_010,793,571,573,2,17,556,EGYENI,,
61099,08_150_011,845,604,604,0,2,602,EGYENI,,
61101,08_150_012,854,660,660,0,5,655,EGYENI,,
61103,08_150_013,814,545,545,0,2,543,EGYENI,,
61105,08_150_014,777,572,562,-10,2,560,EGYENI,,
61107,08_150_015,792,569,569,0,4,565,EGYENI,,
61109,08_150_016,964,683,680,-3,5,675,EGYENI,,
61111,08_150_017,650,508,508,0,1,507,EGYENI,,
61113,08_150_018,780,581,580,-1,3,577,EGYENI,,
61115,08_150_019,1029,804,804,0,8,796,EGYENI,,
61117,08_150_020,807,596,596,0,2,594,EGYENI,,
61119,08_150_021,777,618,618,0,2,616,EGYENI,,
61121,08_150_022,906,716,715,-1,2,713,EGYENI,,
61123,08_150_023,1097,857,853,-4,2,851,EGYENI,,
61125,08_150_024,840,599,599,0,2,597,EGYENI,,
61127,08_150_025,621,442,442,0,1,441,EGYENI,,
61129,08_150_026,2829,2464,2452,-12,17,2435,EGYENI,,
61131,08_150_027,755,606,604,-2,1,603,EGYENI,,
61133,08_150_028,987,664,665,1,15,650,EGYENI,,
61135,08_150_029,1200,883,883,0,14,869,EGYENI,,
61137,08_150_030,766,503,503,0,1,502,EGYENI,,
61139,08_150_031,1051,774,774,0,2,772,EGYENI,,
61141,08_150_032,981,715,714,-1,2,712,EGYENI,,
61143,08_150_033,1023,797,791,-6,4,787,EGYENI,,
61145,08_150_034,946,655,655,0,10,645,EGYENI,,
61147,08_150_035,816,607,604,-3,5,599,EGYENI,,
61149,08_150_036,1153,877,876,-1,7,869,EGYENI,,
61151,08_150_037,986,709,708,-1,5,703,EGYENI,,
61153,08_150_038,896,684,685,1,12,673,EGYENI,,
61155,08_150_039,1018,811,809,-2,4,805,EGYENI,,
61157,08_150_040,1132,895,895,0,1,894,EGYENI,,
61159,08_150_041,976,841,841,0,2,839,EGYENI,,
61161,08_150_042,830,691,691,0,4,687,EGYENI,,
61163,08_150_043,986,754,754,0,2,752,EGYENI,,
61165,08_150_044,929,716,715,-1,18,697,EGYENI,,
61167,08_150_045,709,552,551,-1,3,548,EGYENI,,
61169,08_150_046,746,549,549,0,6,543,EGYENI,,
61171,08_150_047,946,718,718,0,5,713,EGYENI,,
61173,08_150_048,1368,1055,1055,0,2,1053,EGYENI,,
61175,08_150_049,1018,804,803,-1,3,800,EGYENI,,
61177,08_150_050,758,496,496,0,5,491,EGYENI,,
61179,08_151_001,647,548,547,-1,3,544,EGYENI,,
61181,08_152_001,991,763,763,0,4,759,EGYENI,,
61183,08_153_001,254,189,189,0,3,186,EGYENI,,
61185,08_154_001,343,249,249,0,3,246,EGYENI,,
61187,08_155_001,1041,778,778,0,4,774,EGYENI,,
61189,08_155_002,667,488,488,0,7,481,EGYENI,,
61191,08_156_001,775,574,574,0,8,566,EGYENI,,
61193,08_157_001,649,420,420,0,8,412,EGYENI,,
61195,08_158_001,1080,697,695,-2,9,686,EGYENI,,
61197,08_159_001,541,399,398,-1,1,397,EGYENI,,
61199,08_160_001,332,251,251,0,3,248,EGYENI,,
61201,08_161_001,569,419,419,0,3,416,EGYENI,,
61203,08_162_001,726,512,512,0,6,506,EGYENI,,
61205,08_163_001,158,128,128,0,1,127,EGYENI,,
61343,08_164_001,1249,886,886,0,12,874,EGYENI,,
61345,08_165_001,1141,640,640,0,1,639,EGYENI,,
61347,08_165_002,961,593,593,0,7,586,EGYENI,,
61349,08_165_003,1069,744,744,0,2,742,EGYENI,,
61351,08_166_001,826,557,557,0,4,553,EGYENI,,
61353,08_166_002,771,581,581,0,12,569,EGYENI,,
61355,08_167_001,259,201,201,0,1,200,EGYENI,,
61357,08_168_001,808,577,575,-2,4,571,EGYENI,,
61359,08_169_001,649,400,400,0,9,391,EGYENI,,
61361,08_170_001,74,67,67,0,0,67,EGYENI,,
61363,08_171_001,418,319,319,0,2,317,EGYENI,,
61365,08_172_001,1342,1028,1021,-7,13,1008,EGYENI,,
61367,08_173_001,292,211,210,-1,2,208,EGYENI,,
61369,08_174_001,133,102,102,0,3,99,EGYENI,,
61371,08_175_001,745,591,591,0,11,580,EGYENI,,
61373,08_176_001,823,586,586,0,3,583,EGYENI,,
61375,08_177_001,146,107,107,0,0,107,EGYENI,,
61377,08_178_001,1083,827,827,0,5,822,EGYENI,,
61379,08_179_001,307,249,249,0,2,247,EGYENI,,
61381,08_180_001,109,84,84,0,0,84,EGYENI,,
61383,08_181_001,529,394,394,0,2,392,EGYENI,,
61385,08_182_001,440,279,279,0,5,274,EGYENI,,
61387,08_183_001,359,237,237,0,7,230,EGYENI,,
61389,09_001_001,723,387,386,-1,10,376,EGYENI,,
61391,09_001_002,664,382,382,0,8,374,EGYENI,,
61393,09_002_001,482,282,282,0,5,277,EGYENI,,
61395,09_003_001,887,566,566,0,11,555,EGYENI,,
61397,09_003_002,926,477,477,0,10,467,EGYENI,,
61399,09_004_001,950,667,667,0,9,658,EGYENI,,
61401,09_005_001,974,688,687,-1,12,675,EGYENI,,
61403,09_005_002,732,507,507,0,2,505,EGYENI,,
61405,09_005_003,887,636,636,0,8,628,EGYENI,,
61407,09_005_004,838,584,583,-1,7,576,EGYENI,,
61409,09_005_005,726,514,514,0,6,508,EGYENI,,
61411,09_005_006,830,449,449,0,36,413,EGYENI,,
61413,09_005_007,783,593,596,3,30,566,EGYENI,,
61415,09_005_008,915,626,626,0,10,616,EGYENI,,
61417,09_005_009,1002,611,612,1,17,595,EGYENI,,
61419,09_005_010,765,493,493,0,6,487,EGYENI,,
61421,09_005_011,997,518,518,0,17,501,EGYENI,,
61423,09_005_012,888,494,494,0,6,488,EGYENI,,
61425,09_005_013,879,587,586,-1,8,578,EGYENI,,
61427,09_005_014,819,554,554,0,4,550,EGYENI,,
61429,09_005_015,822,578,578,0,7,571,EGYENI,,
61431,09_005_016,875,569,569,0,12,557,EGYENI,,
61433,09_005_017,85,48,48,0,0,48,EGYENI,,
61435,09_006_001,613,405,406,1,2,404,EGYENI,,
61437,09_006_002,694,424,424,0,10,414,EGYENI,,
61439,09_006_003,712,446,446,0,4,442,EGYENI,,
61441,09_007_001,279,176,176,0,5,171,EGYENI,,
61443,09_008_001,737,372,372,0,6,366,EGYENI,,
61445,09_008_002,776,447,446,-1,5,441,EGYENI,,
61447,09_009_001,817,603,602,-1,0,602,EGYENI,,
61449,09_009_002,662,468,468,0,0,468,EGYENI,,
61451,09_009_003,666,469,469,0,8,461,EGYENI,,
61453,09_009_004,906,591,590,-1,3,587,EGYENI,,
61455,09_009_005,2586,2097,2090,-7,9,2081,EGYENI,,
61457,09_009_006,820,414,413,-1,3,410,EGYENI,,
61459,09_009_007,726,522,522,0,1,521,EGYENI,,
61461,09_009_008,681,386,386,0,3,383,EGYENI,,
61463,09_009_009,808,577,576,-1,5,571,EGYENI,,
61465,09_009_010,655,433,433,0,4,429,EGYENI,,
61467,09_009_011,780,559,559,0,3,556,EGYENI,,
61469,09_009_012,664,512,512,0,1,511,EGYENI,,
61471,09_009_013,904,607,606,-1,4,602,EGYENI,,
61473,09_009_014,589,454,454,0,4,450,EGYENI,,
61475,09_009_015,728,461,461,0,2,459,EGYENI,,
61477,09_009_016,737,444,444,0,6,438,EGYENI,,
61609,09_010_001,155,106,106,0,0,106,EGYENI,,
61611,09_011_001,673,462,462,0,7,455,EGYENI,,
61613,09_011_002,618,379,376,-3,0,376,EGYENI,,
61615,09_011_003,612,351,351,0,4,347,EGYENI,,
61617,09_011_004,765,439,439,0,12,427,EGYENI,,
61619,09_011_005,703,424,424,0,5,419,EGYENI,,
61621,09_012_001,635,379,379,0,3,376,EGYENI,,
61623,09_012_002,668,306,306,0,4,302,EGYENI,,
61625,09_012_003,710,365,365,0,5,360,EGYENI,,
61627,09_013_001,727,472,472,0,11,461,EGYENI,,
61629,09_014_001,1319,878,873,-5,9,864,EGYENI,,
61631,09_014_002,1287,893,893,0,11,882,EGYENI,,
61633,09_015_001,417,240,240,0,1,239,EGYENI,,
61635,09_016_001,729,495,495,0,4,491,EGYENI,,
61637,09_016_002,744,443,443,0,6,437,EGYENI,,
61639,09_016_003,47,37,37,0,1,36,EGYENI,,
61641,09_017_001,461,300,300,0,2,298,EGYENI,,
61643,09_018_001,500,348,348,0,1,347,EGYENI,,
61645,09_018_002,731,327,327,0,2,325,EGYENI,,
61647,09_018_003,1367,945,945,0,5,940,EGYENI,,
61649,09_018_004,1238,875,876,1,23,853,EGYENI,,
61651,09_018_005,1200,690,687,-3,8,679,EGYENI,,
61653,09_018_006,1205,616,616,0,0,616,EGYENI,,
61655,09_018_007,1429,1012,1011,-1,8,1003,EGYENI,,
61657,09_018_008,1446,1010,1010,0,10,1000,EGYENI,,
61659,09_018_009,1348,1041,1040,-1,6,1034,EGYENI,,
61661,09_018_010,1310,986,976,-10,3,973,EGYENI,,
61663,09_018_011,1235,921,921,0,5,916,EGYENI,,
61665,09_018_012,1289,902,902,0,16,886,EGYENI,,
61667,09_018_013,1236,951,948,-3,5,943,EGYENI,,
61669,09_018_014,1078,803,799,-4,5,794,EGYENI,,
61671,09_018_015,886,687,687,0,5,682,EGYENI,,
61673,09_018_016,1347,856,856,0,11,845,EGYENI,,
61675,09_018_017,1018,666,664,-2,7,657,EGYENI,,
61677,09_018_018,3586,3010,3008,-2,16,2992,EGYENI,,
61679,09_018_019,1066,720,718,-2,2,716,EGYENI,,
61681,09_018_020,1204,840,837,-3,5,832,EGYENI,,
61683,09_018_021,1053,694,692,-2,20,672,EGYENI,,
61685,09_018_022,1351,952,945,-7,7,938,EGYENI,,
61687,09_018_023,1366,947,946,-1,1,945,EGYENI,,
61689,09_018_024,1334,1056,1056,0,7,1049,EGYENI,,
61691,09_018_025,1325,895,890,-5,8,882,EGYENI,,
61693,09_018_026,878,470,470,0,6,464,EGYENI,,
61695,09_018_027,833,405,405,0,4,401,EGYENI,,
61697,09_018_028,1439,756,754,-2,2,752,EGYENI,,
61699,09_018_029,1430,1026,1034,8,66,968,EGYENI,,
61701,09_018_030,1451,892,892,0,4,888,EGYENI,,
61703,09_018_031,1083,769,769,0,1,768,EGYENI,,
61705,09_018_032,1414,1007,1007,0,5,1002,EGYENI,,
61707,09_018_033,1067,744,739,-5,2,737,EGYENI,,
61709,09_018_034,1161,857,855,-2,3,852,EGYENI,,
61711,09_018_035,1056,777,776,-1,6,770,EGYENI,,
61713,09_018_036,1124,636,636,0,4,632,EGYENI,,
61715,09_018_037,1243,705,704,-1,5,699,EGYENI,,
61717,09_018_038,1420,772,771,-1,4,767,EGYENI,,
61719,09_018_039,898,662,662,0,3,659,EGYENI,,
61721,09_018_040,1426,1021,1020,-1,10,1010,EGYENI,,
61723,09_018_041,1425,918,917,-1,4,913,EGYENI,,
61725,09_018_042,1381,994,998,4,54,944,EGYENI,,
61727,09_018_043,1273,943,941,-2,4,937,EGYENI,,
61729,09_018_044,829,627,627,0,1,626,EGYENI,,
61731,09_018_045,1305,971,970,-1,7,963,EGYENI,,
61733,09_018_046,1300,908,908,0,4,904,EGYENI,,
61735,09_018_047,1057,706,706,0,5,701,EGYENI,,
61737,09_018_048,1183,819,819,0,6,813,EGYENI,,
61739,09_018_049,1418,901,901,0,10,891,EGYENI,,
61741,09_018_050,1299,632,632,0,1,631,EGYENI,,
61743,09_018_051,986,611,611,0,7,604,EGYENI,,
61771,09_018_052,822,568,567,-1,7,560,EGYENI,,
61773,09_018_053,965,744,744,0,3,741,EGYENI,,
61775,09_018_054,1241,845,845,0,7,838,EGYENI,,
61777,09_018_055,1076,782,782,0,7,775,EGYENI,,
61779,09_018_056,819,545,545,0,5,540,EGYENI,,
61781,09_018_057,631,303,303,0,0,303,EGYENI,,
61783,09_018_058,1629,858,850,-8,3,847,EGYENI,,
61785,09_018_059,1112,871,870,-1,4,866,EGYENI,,
61787,09_018_060,1339,918,918,0,3,915,EGYENI,,
61789,09_018_061,1352,891,891,0,4,887,EGYENI,,
61791,09_018_062,1225,843,843,0,5,838,EGYENI,,
61793,09_018_063,1235,842,840,-2,9,831,EGYENI,,
61795,09_018_064,1199,782,782,0,12,770,EGYENI,,
61797,09_018_065,1359,888,887,-1,5,882,EGYENI,,
61799,09_018_066,1159,782,782,0,3,779,EGYENI,,
61801,09_018_067,1347,919,916,-3,3,913,EGYENI,,
61803,09_018_068,1205,908,908,0,4,904,EGYENI,,
61805,09_018_069,1320,873,872,-1,5,867,EGYENI,,
61807,09_018_070,1089,771,769,-2,5,764,EGYENI,,
61809,09_018_071,1374,986,986,0,1,985,EGYENI,,
61811,09_018_072,554,398,398,0,4,394,EGYENI,,
61813,09_018_073,1382,875,868,-7,8,860,EGYENI,,
61815,09_018_074,1412,900,900,0,8,892,EGYENI,,
61817,09_018_075,1350,887,887,0,6,881,EGYENI,,
61819,09_018_076,955,618,615,-3,5,610,EGYENI,,
61821,09_018_077,802,648,648,0,3,645,EGYENI,,
61823,09_018_078,1356,1067,1065,-2,14,1051,EGYENI,,
61825,09_018_079,1123,753,751,-2,6,745,EGYENI,,
61827,09_018_080,1250,806,806,0,12,794,EGYENI,,
61829,09_018_081,1300,772,771,-1,3,768,EGYENI,,
61831,09_018_082,1262,842,842,0,5,837,EGYENI,,
61833,09_018_083,1176,814,810,-4,18,792,EGYENI,,
61835,09_018_084,1180,813,815,2,32,783,EGYENI,,
61837,09_018_085,1318,897,891,-6,5,886,EGYENI,,
61839,09_018_086,1258,852,850,-2,15,835,EGYENI,,
61841,09_018_087,855,692,691,-1,3,688,EGYENI,,
61843,09_018_088,1219,758,754,-4,10,744,EGYENI,,
61845,09_018_089,1302,864,862,-2,9,853,EGYENI,,
61847,09_018_090,1254,910,909,-1,8,901,EGYENI,,
61849,09_018_091,1365,896,887,-9,9,878,EGYENI,,
61851,09_018_092,1333,896,896,0,2,894,EGYENI,,
61853,09_018_093,766,560,560,0,7,553,EGYENI,,
61855,09_018_094,1098,864,864,0,7,857,EGYENI,,
61857,09_018_095,1267,925,925,0,11,914,EGYENI,,
61859,09_018_096,1225,967,965,-2,16,949,EGYENI,,
61861,09_018_097,522,364,364,0,5,359,EGYENI,,
61863,09_018_098,1247,922,920,-2,4,916,EGYENI,,
61865,09_018_099,1183,878,878,0,13,865,EGYENI,,
61867,09_018_100,1308,881,879,-2,8,871,EGYENI,,
61869,09_018_101,1236,849,849,0,9,840,EGYENI,,
61871,09_018_102,1252,865,862,-3,9,853,EGYENI,,
61873,09_018_103,789,522,520,-2,6,514,EGYENI,,
61875,09_018_104,396,305,305,0,5,300,EGYENI,,
61877,09_018_105,1187,896,894,-2,5,889,EGYENI,,
61879,09_018_106,813,682,682,0,5,677,EGYENI,,
61881,09_018_107,1232,808,807,-1,5,802,EGYENI,,
61883,09_018_108,829,624,624,0,3,621,EGYENI,,
61885,09_018_109,1255,872,872,0,5,867,EGYENI,,
61887,09_018_110,1156,816,813,-3,4,809,EGYENI,,
61889,09_018_111,1242,917,917,0,27,890,EGYENI,,
61891,09_018_112,1161,801,801,0,8,793,EGYENI,,
61893,09_018_113,1088,816,815,-1,7,808,EGYENI,,
61895,09_018_114,1269,881,876,-5,4,872,EGYENI,,
61897,09_018_115,1084,620,620,0,2,618,EGYENI,,
61899,09_018_116,651,513,512,-1,4,508,EGYENI,,
61901,09_018_117,1156,951,945,-6,3,942,EGYENI,,
61903,09_018_118,1315,1092,1091,-1,2,1089,EGYENI,,
61905,09_018_119,826,623,623,0,6,617,EGYENI,,
61907,09_018_120,1260,927,927,0,6,921,EGYENI,,
61909,09_018_121,1317,946,946,0,3,943,EGYENI,,
61911,09_018_122,1358,984,984,0,5,979,EGYENI,,
61913,09_018_123,1401,1072,1072,0,12,1060,EGYENI,,
61915,09_018_124,1033,610,609,-1,2,607,EGYENI,,
61917,09_018_125,1097,751,751,0,4,747,EGYENI,,
61919,09_018_126,1106,808,808,0,3,805,EGYENI,,
61921,09_018_127,1149,899,896,-3,4,892,EGYENI,,
61923,09_018_128,1218,1013,1013,0,3,1010,EGYENI,,
61925,09_018_129,907,621,620,-1,3,617,EGYENI,,
61927,09_018_130,943,621,621,0,3,618,EGYENI,,
61929,09_018_131,2629,2241,2239,-2,9,2230,EGYENI,,
61931,09_018_132,1325,1025,999,-26,12,987,EGYENI,,
61933,09_018_133,1057,829,828,-1,4,824,EGYENI,,
61935,09_018_134,3987,3358,3344,-14,20,3324,EGYENI,,
61937,09_018_135,1283,938,935,-3,0,935,EGYENI,,
61939,09_018_136,780,493,492,-1,2,490,EGYENI,,
61941,09_018_137,730,495,495,0,2,493,EGYENI,,
61943,09_019_001,957,557,556,-1,3,553,EGYENI,,
61945,09_019_002,923,463,463,0,5,458,EGYENI,,
61947,09_019_003,847,617,617,0,5,612,EGYENI,,
61949,09_019_004,930,583,580,-3,8,572,EGYENI,,
61951,09_019_005,861,590,590,0,0,590,EGYENI,,
61953,09_019_006,990,659,659,0,5,654,EGYENI,,
61955,09_019_007,862,609,609,0,6,603,EGYENI,,
61957,09_019_008,388,197,197,0,3,194,EGYENI,,
61959,09_020_001,984,684,684,0,7,677,EGYENI,,
61961,09_020_002,895,564,564,0,9,555,EGYENI,,
61963,09_020_003,1019,724,724,0,7,717,EGYENI,,
61965,09_020_004,840,549,548,-1,13,535,EGYENI,,
61967,09_021_001,647,265,264,-1,9,255,EGYENI,,
61969,09_021_002,618,333,333,0,3,330,EGYENI,,
61971,09_021_003,708,415,415,0,2,413,EGYENI,,
61973,09_021_004,693,377,377,0,3,374,EGYENI,,
61975,09_021_005,723,439,439,0,3,436,EGYENI,,
61977,09_021_006,471,243,243,0,5,238,EGYENI,,
61979,09_021_007,148,89,89,0,1,88,EGYENI,,
61981,09_022_001,1090,674,674,0,5,669,EGYENI,,
61983,09_023_001,243,134,131,-3,3,128,EGYENI,,
61985,09_024_001,833,535,534,-1,9,525,EGYENI,,
61987,09_024_002,854,582,581,-1,4,577,EGYENI,,
61989,09_024_003,786,502,502,0,7,495,EGYENI,,
61991,09_024_004,822,552,551,-1,3,548,EGYENI,,
61993,09_025_001,907,582,582,0,8,574,EGYENI,,
61995,09_026_001,406,224,224,0,3,221,EGYENI,,
61997,09_026_002,361,229,229,0,0,229,EGYENI,,
61999,09_026_003,401,245,244,-1,5,239,EGYENI,,
62001,09_026_004,172,115,115,0,2,113,EGYENI,,
62003,09_027_001,650,436,436,0,8,428,EGYENI,,
62005,09_028_001,903,573,573,0,17,556,EGYENI,,
62007,09_028_002,996,620,620,0,10,610,EGYENI,,
62009,09_028_003,54,29,29,0,2,27,EGYENI,,
62011,09_029_001,864,521,520,-1,15,505,EGYENI,,
62013,09_029_002,770,457,457,0,9,448,EGYENI,,
62015,09_030_001,1053,758,761,3,21,740,EGYENI,,
62017,09_030_002,940,676,676,0,10,666,EGYENI,,
62019,09_030_003,670,373,373,0,7,366,EGYENI,,
62021,09_030_004,1126,789,789,0,6,783,EGYENI,,
62023,09_030_005,1017,726,726,0,16,710,EGYENI,,
62025,09_030_006,1206,754,754,0,14,740,EGYENI,,
62027,09_030_007,790,305,305,0,5,300,EGYENI,,
62029,09_030_008,192,136,136,0,3,133,EGYENI,,
62031,09_030_009,1180,689,689,0,12,677,EGYENI,,
62033,09_030_010,1164,740,736,-4,2,734,EGYENI,,
62035,09_030_011,769,558,558,0,4,554,EGYENI,,
62037,09_030_012,1070,817,817,0,7,810,EGYENI,,
62039,09_030_013,704,451,451,0,0,451,EGYENI,,
62041,09_030_014,843,628,628,0,4,624,EGYENI,,
62043,09_030_015,595,418,418,0,6,412,EGYENI,,
62045,09_030_016,725,493,492,-1,8,484,EGYENI,,
62047,09_030_017,845,625,625,0,5,620,EGYENI,,
62049,09_030_018,2520,2127,2120,-7,16,2104,EGYENI,,
62051,09_030_019,1212,872,872,0,7,865,EGYENI,,
62053,09_030_020,660,449,449,0,7,442,EGYENI,,
62055,09_030_021,1262,865,865,0,7,858,EGYENI,,
62057,09_030_022,919,675,675,0,16,659,EGYENI,,
62059,09_030_023,1004,529,529,0,14,515,EGYENI,,
62061,09_030_024,1011,506,502,-4,11,491,EGYENI,,
62063,09_030_025,1133,726,726,0,7,719,EGYENI,,
62065,09_030_026,760,329,329,0,5,324,EGYENI,,
62067,09_030_027,673,346,345,-1,9,336,EGYENI,,
62069,09_031_001,834,543,543,0,5,538,EGYENI,,
62071,09_031_002,1015,629,629,0,7,622,EGYENI,,
62073,09_031_003,937,663,663,0,7,656,EGYENI,,
62075,09_031_004,967,624,624,0,14,610,EGYENI,,
62077,09_031_005,881,494,494,0,9,485,EGYENI,,
62079,09_031_006,761,488,486,-2,4,482,EGYENI,,
62081,09_031_007,776,408,408,0,15,393,EGYENI,,
62083,09_031_008,657,412,412,0,10,402,EGYENI,,
62085,09_032_001,1094,503,503,0,20,483,EGYENI,,
62087,09_032_002,948,364,364,0,19,345,EGYENI,,
62089,09_032_003,1250,664,664,0,19,645,EGYENI,,
62091,09_032_004,1203,608,608,0,26,582,EGYENI,,
62093,09_032_005,1040,504,504,0,27,477,EGYENI,,
62095,09_032_006,1224,670,667,-3,8,659,EGYENI,,
62097,09_032_007,1249,798,798,0,6,792,EGYENI,,
62099,09_032_008,1240,781,780,-1,9,771,EGYENI,,
62101,09_032_009,115,64,64,0,1,63,EGYENI,,
62103,09_033_001,883,553,565,12,89,476,EGYENI,,
62105,09_033_002,804,455,455,0,4,451,EGYENI,,
62107,09_033_003,855,551,551,0,3,548,EGYENI,,
62109,09_033_004,898,544,544,0,6,538,EGYENI,,
62111,09_033_005,905,526,526,0,2,524,EGYENI,,
62113,09_033_006,882,564,564,0,5,559,EGYENI,,
62115,09_033_007,581,338,338,0,4,334,EGYENI,,
62117,09_033_008,579,306,305,-1,5,300,EGYENI,,
62119,09_033_009,562,375,375,0,4,371,EGYENI,,
62121,09_033_010,760,469,469,0,6,463,EGYENI,,
62123,09_033_011,838,491,491,0,6,485,EGYENI,,
62125,09_033_012,870,599,597,-2,5,592,EGYENI,,
62127,09_033_013,856,563,557,-6,8,549,EGYENI,,
62129,09_033_014,748,491,491,0,8,483,EGYENI,,
62131,09_033_015,815,528,528,0,5,523,EGYENI,,
62133,09_033_016,790,455,455,0,3,452,EGYENI,,
62135,09_033_017,569,380,380,0,4,376,EGYENI,,
62137,09_033_018,324,220,219,-1,3,216,EGYENI,,
62139,09_034_001,1377,869,869,0,9,860,EGYENI,,
62141,09_034_002,1406,946,947,1,21,926,EGYENI,,
62143,09_034_003,1336,748,748,0,14,734,EGYENI,,
62145,09_034_004,1249,785,785,0,11,774,EGYENI,,
62147,09_034_005,1201,706,706,0,10,696,EGYENI,,
62149,09_034_006,529,276,275,-1,3,272,EGYENI,,
62151,09_034_007,868,533,533,0,6,527,EGYENI,,
62153,09_034_008,1312,711,711,0,8,703,EGYENI,,
62155,09_034_009,1232,683,683,0,4,679,EGYENI,,
62157,09_035_001,1025,711,711,0,9,702,EGYENI,,
62159,09_035_002,3065,2587,2584,-3,22,2562,EGYENI,,
62161,09_035_003,928,637,637,0,9,628,EGYENI,,
62163,09_035_004,869,610,609,-1,3,606,EGYENI,,
62165,09_035_005,739,519,519,0,9,510,EGYENI,,
62167,09_035_006,883,606,606,0,7,599,EGYENI,,
62169,09_035_007,756,512,512,0,4,508,EGYENI,,
62171,09_035_008,1138,753,753,0,6,747,EGYENI,,
62173,09_035_009,749,482,482,0,5,477,EGYENI,,
62175,09_035_010,869,598,597,-1,5,592,EGYENI,,
62177,09_035_011,860,608,608,0,1,607,EGYENI,,
62179,09_035_012,700,466,459,-7,10,449,EGYENI,,
62181,09_035_013,954,557,557,0,9,548,EGYENI,,
62183,09_035_014,851,572,572,0,4,568,EGYENI,,
62185,09_035_015,975,680,680,0,12,668,EGYENI,,
62187,09_035_016,1129,800,800,0,4,796,EGYENI,,
62189,09_035_017,1036,603,604,1,29,575,EGYENI,,
62191,09_035_018,1223,653,652,-1,11,641,EGYENI,,
62193,09_035_019,1127,831,831,0,6,825,EGYENI,,
62195,09_035_020,1110,762,762,0,4,758,EGYENI,,
62197,09_036_001,780,447,447,0,5,442,EGYENI,,
62199,09_036_002,793,480,480,0,8,472,EGYENI,,
62201,09_036_003,782,428,428,0,8,420,EGYENI,,
62203,09_037_001,836,420,419,-1,8,411,EGYENI,,
62205,09_038_001,1014,678,677,-1,4,673,EGYENI,,
62207,09_038_002,188,92,92,0,2,90,EGYENI,,
62209,09_039_001,1096,710,708,-2,5,703,EGYENI,,
62211,09_039_002,1153,584,583,-1,12,571,EGYENI,,
62213,09_039_003,1047,561,561,0,8,553,EGYENI,,
62215,09_039_004,1132,660,661,1,19,642,EGYENI,,
62217,09_040_001,905,547,547,0,4,543,EGYENI,,
62219,09_040_002,963,640,640,0,5,635,EGYENI,,
62221,09_040_003,930,546,546,0,4,542,EGYENI,,
62223,09_040_004,963,636,636,0,5,631,EGYENI,,
62225,09_040_005,955,617,617,0,7,610,EGYENI,,
62227,09_041_001,974,590,590,0,7,583,EGYENI,,
62229,09_042_001,493,254,254,0,4,250,EGYENI,,
62231,09_043_001,649,390,390,0,7,383,EGYENI,,
62233,09_043_002,597,375,375,0,7,368,EGYENI,,
62235,09_043_003,590,359,359,0,3,356,EGYENI,,
62237,09_043_004,590,344,344,0,4,340,EGYENI,,
62239,09_043_005,592,333,333,0,3,330,EGYENI,,
62241,09_043_006,619,253,253,0,3,250,EGYENI,,
62243,09_043_007,471,255,255,0,1,254,EGYENI,,
62245,09_043_008,78,44,44,0,1,43,EGYENI,,
62247,09_044_001,709,374,374,0,9,365,EGYENI,,
62249,09_044_002,892,528,528,0,8,520,EGYENI,,
62251,09_045_001,624,352,351,-1,7,344,EGYENI,,
62253,09_046_001,747,503,503,0,3,500,EGYENI,,
62255,09_046_002,68,50,50,0,0,50,EGYENI,,
62257,09_047_001,975,594,594,0,0,594,EGYENI,,
62259,09_047_002,868,464,464,0,9,455,EGYENI,,
62261,09_047_003,1129,587,583,-4,6,577,EGYENI,,
62263,09_047_004,1023,471,471,0,9,462,EGYENI,,
62265,09_047_005,771,379,379,0,7,372,EGYENI,,
62267,09_047_006,825,415,416,1,17,399,EGYENI,,
62269,09_048_001,719,450,450,0,1,449,EGYENI,,
62271,09_049_001,512,284,284,0,1,283,EGYENI,,
62273,09_050_001,503,327,327,0,6,321,EGYENI,,
62275,09_051_001,816,557,557,0,0,557,EGYENI,,
62277,09_051_002,1090,657,657,0,7,650,EGYENI,,
62279,09_051_003,909,611,611,0,2,609,EGYENI,,
62281,09_051_004,798,605,605,0,3,602,EGYENI,,
62283,09_052_001,809,513,513,0,3,510,EGYENI,,
62285,09_052_002,915,565,565,0,8,557,EGYENI,,
62287,09_053_001,1156,774,774,0,6,768,EGYENI,,
62289,09_053_002,1090,765,764,-1,3,761,EGYENI,,
62291,09_054_001,1006,600,598,-2,10,588,EGYENI,,
62293,09_055_001,856,546,544,-2,5,539,EGYENI,,
62295,09_055_002,880,536,536,0,5,531,EGYENI,,
62297,09_056_001,1011,568,568,0,3,565,EGYENI,,
62299,09_056_002,969,579,579,0,12,567,EGYENI,,
62301,09_056_003,1044,684,684,0,9,675,EGYENI,,
62303,09_056_004,1004,557,557,0,10,547,EGYENI,,
62437,09_056_005,1030,598,598,0,3,595,EGYENI,,
62439,09_056_006,948,523,523,0,13,510,EGYENI,,
62441,09_056_007,901,557,557,0,5,552,EGYENI,,
62443,09_057_001,463,278,277,-1,7,270,EGYENI,,
62445,09_057_002,816,520,520,0,14,506,EGYENI,,
62447,09_057_003,593,372,372,0,4,368,EGYENI,,
62449,09_057_004,921,649,649,0,17,632,EGYENI,,
62451,09_057_005,84,43,43,0,0,43,EGYENI,,
62453,09_057_006,182,129,129,0,2,127,EGYENI,,
62455,09_058_001,760,556,554,-2,7,547,EGYENI,,
62457,09_058_002,747,495,495,0,3,492,EGYENI,,
62459,09_058_003,700,481,481,0,9,472,EGYENI,,
62461,09_058_004,613,449,449,0,2,447,EGYENI,,
62463,09_058_005,843,599,599,0,8,591,EGYENI,,
62465,09_058_006,1096,700,700,0,20,680,EGYENI,,
62467,09_058_007,767,537,537,0,7,530,EGYENI,,
62469,09_058_008,421,245,244,-1,5,239,EGYENI,,
62471,09_059_001,780,498,498,0,7,491,EGYENI,,
62473,09_059_002,795,473,473,0,7,466,EGYENI,,
62475,09_059_003,586,332,332,0,17,315,EGYENI,,
62477,09_059_004,743,432,432,0,7,425,EGYENI,,
62479,09_059_005,85,58,58,0,2,56,EGYENI,,
62481,09_060_001,823,520,520,0,14,506,EGYENI,,
62483,09_060_002,790,471,471,0,8,463,EGYENI,,
62485,09_061_001,892,539,539,0,5,534,EGYENI,,
62487,09_061_002,1036,675,675,0,8,667,EGYENI,,
62489,09_062_001,762,475,480,5,34,446,EGYENI,,
62491,09_062_002,902,565,565,0,3,562,EGYENI,,
62493,09_062_003,846,574,573,-1,8,565,EGYENI,,
62495,09_062_004,709,390,390,0,6,384,EGYENI,,
62497,09_062_005,1034,644,641,-3,8,633,EGYENI,,
62499,09_062_006,1089,513,513,0,12,501,EGYENI,,
62501,09_062_007,952,460,437,-23,12,425,EGYENI,,
62503,09_063_001,764,530,530,0,6,524,EGYENI,,
62505,09_063_002,634,474,476,2,21,455,EGYENI,,
62507,09_063_003,672,495,495,0,2,493,EGYENI,,
62509,09_063_004,749,508,508,0,6,502,EGYENI,,
62511,09_063_005,754,497,496,-1,1,495,EGYENI,,
62513,09_063_006,708,462,462,0,4,458,EGYENI,,
62515,09_063_007,755,522,522,0,5,517,EGYENI,,
62517,09_063_008,754,556,556,0,11,545,EGYENI,,
62519,09_063_009,816,619,619,0,3,616,EGYENI,,
62521,09_063_010,637,476,476,0,4,472,EGYENI,,
62523,09_063_011,664,455,455,0,6,449,EGYENI,,
62525,09_063_012,759,505,505,0,5,500,EGYENI,,
62527,09_063_013,807,559,561,2,22,539,EGYENI,,
62529,09_063_014,575,377,377,0,2,375,EGYENI,,
62531,09_063_015,738,383,383,0,9,374,EGYENI,,
62533,09_063_016,813,459,459,0,6,453,EGYENI,,
62535,09_064_001,677,373,372,-1,4,368,EGYENI,,
62537,09_065_001,878,598,597,-1,5,592,EGYENI,,
62539,09_065_002,985,584,584,0,4,580,EGYENI,,
62541,09_066_001,784,496,496,0,4,492,EGYENI,,
62543,09_066_002,731,496,496,0,7,489,EGYENI,,
62545,09_066_003,745,485,484,-1,4,480,EGYENI,,
62547,09_067_001,877,578,577,-1,4,573,EGYENI,,
62549,09_068_001,976,573,572,-1,9,563,EGYENI,,
62551,09_068_002,60,40,40,0,2,38,EGYENI,,
62553,09_069_001,489,279,278,-1,5,273,EGYENI,,
62555,09_069_002,569,372,372,0,9,363,EGYENI,,
62557,09_070_001,1143,681,680,-1,9,671,EGYENI,,
62559,09_070_002,1003,524,524,0,7,517,EGYENI,,
62561,09_070_003,943,600,600,0,4,596,EGYENI,,
62563,09_070_004,1004,616,616,0,17,599,EGYENI,,
62565,09_070_005,905,555,555,0,5,550,EGYENI,,
62567,09_071_001,817,604,603,-1,4,599,EGYENI,,
62569,09_072_001,654,344,344,0,11,333,EGYENI,,
62571,09_072_002,686,413,413,0,10,403,EGYENI,,
62697,09_072_003,844,504,504,0,9,495,EGYENI,,
62699,09_072_004,763,421,421,0,15,406,EGYENI,,
62701,09_072_005,620,325,323,-2,7,316,EGYENI,,
62703,09_072_006,77,46,46,0,1,45,EGYENI,,
62705,09_073_001,582,340,341,1,15,326,EGYENI,,
62707,09_074_001,263,114,114,0,3,111,EGYENI,,
62709,09_075_001,441,287,287,0,3,284,EGYENI,,
62711,09_076_001,812,496,496,0,10,486,EGYENI,,
62713,09_077_001,1149,630,630,0,8,622,EGYENI,,
62715,09_078_001,701,468,468,0,4,464,EGYENI,,
62717,09_079_001,1073,656,655,-1,14,641,EGYENI,,
62719,09_079_002,881,553,553,0,24,529,EGYENI,,
62721,09_079_003,820,544,544,0,6,538,EGYENI,,
62723,09_079_004,709,475,475,0,8,467,EGYENI,,
62725,09_079_005,814,595,596,1,25,571,EGYENI,,
62727,09_080_001,942,596,596,0,10,586,EGYENI,,
62729,09_081_001,105,75,75,0,6,69,EGYENI,,
62731,09_082_001,1222,745,745,0,11,734,EGYENI,,
62733,10_001_001,1005,712,712,0,15,697,EGYENI,,
62735,10_001_002,1007,732,732,0,9,723,EGYENI,,
62737,10_002_001,657,364,364,0,7,357,EGYENI,,
62739,10_002_002,716,496,496,0,1,495,EGYENI,,
62741,10_002_003,689,452,452,0,11,441,EGYENI,,
62743,10_003_001,573,412,412,0,4,408,EGYENI,,
62745,10_004_001,1085,828,828,0,5,823,EGYENI,,
62747,10_004_002,1072,819,819,0,10,809,EGYENI,,
62749,10_005_001,748,471,471,0,5,466,EGYENI,,
62751,10_005_002,590,387,387,0,4,383,EGYENI,,
62753,10_005_003,609,423,423,0,4,419,EGYENI,,
62755,10_006_001,733,537,536,-1,7,529,EGYENI,,
62757,10_006_002,729,522,522,0,6,516,EGYENI,,
62759,10_007_001,1017,543,543,0,18,525,EGYENI,,
62761,10_008_001,479,331,331,0,2,329,EGYENI,,
62763,10_008_002,347,214,214,0,4,210,EGYENI,,
62765,10_009_001,273,202,202,0,4,198,EGYENI,,
62767,10_010_001,531,328,328,0,3,325,EGYENI,,
62769,10_011_001,692,434,434,0,6,428,EGYENI,,
62771,10_011_002,634,376,376,0,9,367,EGYENI,,
62773,10_011_003,768,431,431,0,4,427,EGYENI,,
62775,10_012_001,742,507,507,0,5,502,EGYENI,,
62777,10_012_002,847,549,549,0,4,545,EGYENI,,
62779,10_012_003,641,416,416,0,7,409,EGYENI,,
62781,10_013_001,1041,689,687,-2,12,675,EGYENI,,
62783,10_014_001,592,401,401,0,16,385,EGYENI,,
62785,10_015_001,805,543,543,0,7,536,EGYENI,,
62787,10_015_002,791,575,575,0,3,572,EGYENI,,
62789,10_015_003,759,548,548,0,3,545,EGYENI,,
62791,10_016_001,780,539,537,-2,7,530,EGYENI,,
62793,10_017_001,219,146,146,0,2,144,EGYENI,,
62795,10_018_001,558,412,412,0,6,406,EGYENI,,
62797,10_019_001,583,352,352,0,6,346,EGYENI,,
62799,10_019_002,551,321,321,0,4,317,EGYENI,,
62801,10_019_003,559,350,348,-2,3,345,EGYENI,,
62803,10_020_001,493,355,354,-1,4,350,EGYENI,,
62805,10_021_001,927,632,630,-2,5,625,EGYENI,,
62807,10_022_001,741,530,530,0,10,520,EGYENI,,
62809,10_022_002,849,657,658,1,15,643,EGYENI,,
62811,10_023_001,738,422,422,0,3,419,EGYENI,,
62813,10_024_001,875,575,573,-2,6,567,EGYENI,,
62815,10_024_002,881,551,551,0,5,546,EGYENI,,
62817,10_024_003,829,565,564,-1,4,560,EGYENI,,
62819,10_025_001,687,528,528,0,6,522,EGYENI,,
62821,10_025_002,634,485,484,-1,2,482,EGYENI,,
62823,10_025_003,1009,784,786,2,27,759,EGYENI,,
62825,10_025_004,1029,808,808,0,9,799,EGYENI,,
62827,10_025_005,1000,747,744,-3,10,734,EGYENI,,
62829,10_025_006,989,751,751,0,6,745,EGYENI,,
62831,10_025_007,967,760,760,0,5,755,EGYENI,,
62945,10_025_008,813,626,625,-1,2,623,EGYENI,,
62947,10_025_009,805,626,625,-1,7,618,EGYENI,,
62949,10_025_010,925,720,720,0,6,714,EGYENI,,
62951,10_025_011,1036,826,826,0,3,823,EGYENI,,
62953,10_025_012,968,736,736,0,2,734,EGYENI,,
62955,10_025_013,999,762,761,-1,2,759,EGYENI,,
62957,10_025_014,974,730,729,-1,10,719,EGYENI,,
62959,10_025_015,1101,825,825,0,8,817,EGYENI,,
62961,10_025_016,628,512,511,-1,3,508,EGYENI,,
62963,10_025_017,589,433,433,0,2,431,EGYENI,,
62965,10_025_018,641,489,489,0,4,485,EGYENI,,
62967,10_025_019,880,665,665,0,6,659,EGYENI,,
62969,10_025_020,661,490,487,-3,2,485,EGYENI,,
62971,10_025_021,1048,862,859,-3,8,851,EGYENI,,
62973,10_025_022,1071,835,835,0,0,835,EGYENI,,
62975,10_025_023,835,515,514,-1,5,509,EGYENI,,
62977,10_025_024,912,682,682,0,6,676,EGYENI,,
62979,10_025_025,898,704,704,0,4,700,EGYENI,,
62981,10_025_026,820,641,640,-1,0,640,EGYENI,,
62983,10_025_027,810,625,625,0,3,622,EGYENI,,
62985,10_025_028,1060,610,609,-1,4,605,EGYENI,,
62987,10_025_029,827,617,616,-1,7,609,EGYENI,,
62989,10_025_030,953,729,724,-5,1,723,EGYENI,,
62991,10_025_031,3953,3490,3476,-14,15,3461,EGYENI,,
62993,10_025_032,795,543,542,-1,1,541,EGYENI,,
62995,10_025_033,798,560,558,-2,3,555,EGYENI,,
62997,10_025_034,905,636,636,0,2,634,EGYENI,,
62999,10_025_035,722,506,506,0,6,500,EGYENI,,
63001,10_025_036,853,626,626,0,4,622,EGYENI,,
63003,10_025_037,946,682,683,1,20,663,EGYENI,,
63005,10_025_038,940,667,667,0,4,663,EGYENI,,
63007,10_025_039,880,609,609,0,5,604,EGYENI,,
63009,10_025_040,928,581,580,-1,4,576,EGYENI,,
63011,10_025_041,960,716,716,0,1,715,EGYENI,,
63013,10_025_042,1074,777,774,-3,5,769,EGYENI,,
63015,10_025_043,748,509,508,-1,0,508,EGYENI,,
63017,10_025_044,1085,684,683,-1,8,675,EGYENI,,
63019,10_025_045,1170,864,864,0,5,859,EGYENI,,
63021,10_025_046,800,564,564,0,6,558,EGYENI,,
63023,10_025_047,774,557,557,0,6,551,EGYENI,,
63025,10_026_001,1143,739,739,0,10,729,EGYENI,,
63027,10_027_001,443,300,300,0,4,296,EGYENI,,
63029,10_028_001,207,130,130,0,3,127,EGYENI,,
63031,10_028_002,438,265,265,0,4,261,EGYENI,,
63033,10_028_003,382,207,206,-1,6,200,EGYENI,,
63035,10_029_001,524,332,332,0,7,325,EGYENI,,
63037,10_030_001,771,602,602,0,5,597,EGYENI,,
63039,10_030_002,705,520,519,-1,1,518,EGYENI,,
63041,10_031_001,888,660,660,0,4,656,EGYENI,,
63043,10_032_001,470,357,362,5,33,329,EGYENI,,
63045,10_033_001,821,522,522,0,9,513,EGYENI,,
63047,10_033_002,838,504,504,0,5,499,EGYENI,,
63049,10_033_003,874,477,477,0,2,475,EGYENI,,
63051,10_034_001,608,372,369,-3,0,369,EGYENI,,
63053,10_035_001,275,201,201,0,1,200,EGYENI,,
63055,10_036_001,788,528,528,0,8,520,EGYENI,,
63057,10_037_001,977,758,758,0,3,755,EGYENI,,
63059,10_037_002,869,590,590,0,6,584,EGYENI,,
63061,10_037_003,866,668,667,-1,3,664,EGYENI,,
63063,10_038_001,623,418,418,0,5,413,EGYENI,,
63065,10_038_002,636,391,390,-1,6,384,EGYENI,,
63067,10_038_003,771,540,540,0,3,537,EGYENI,,
63069,10_038_004,949,646,645,-1,4,641,EGYENI,,
63071,10_038_005,613,405,407,2,22,385,EGYENI,,
63073,10_038_006,633,418,418,0,1,417,EGYENI,,
59601,10_038_007,863,546,546,0,5,541,EGYENI,,
59603,10_038_008,946,636,636,0,7,629,EGYENI,,
59605,10_039_001,601,480,480,0,4,476,EGYENI,,
59607,10_039_002,1036,870,870,0,4,866,EGYENI,,
59609,10_039_003,670,500,500,0,2,498,EGYENI,,
59611,10_039_004,822,642,641,-1,3,638,EGYENI,,
59613,10_039_005,1057,603,603,0,9,594,EGYENI,,
59615,10_039_006,710,430,427,-3,3,424,EGYENI,,
59617,10_039_007,876,728,728,0,7,721,EGYENI,,
59619,10_039_008,722,587,587,0,3,584,EGYENI,,
59621,10_039_009,896,734,732,-2,5,727,EGYENI,,
59623,10_039_010,770,597,594,-3,5,589,EGYENI,,
59625,10_039_011,1027,804,804,0,3,801,EGYENI,,
59627,10_039_012,3259,2879,2883,4,62,2821,EGYENI,,
59629,10_039_013,786,625,625,0,5,620,EGYENI,,
59631,10_039_014,719,557,558,1,15,543,EGYENI,,
59633,10_039_015,698,528,528,0,4,524,EGYENI,,
59635,10_039_016,841,595,593,-2,4,589,EGYENI,,
59637,10_039_017,740,525,525,0,8,517,EGYENI,,
59639,10_039_018,685,478,478,0,6,472,EGYENI,,
59641,10_039_019,755,578,578,0,3,575,EGYENI,,
59643,10_039_020,876,689,689,0,6,683,EGYENI,,
59645,10_039_021,770,561,561,0,5,556,EGYENI,,
59647,10_039_022,898,673,672,-1,4,668,EGYENI,,
59649,10_039_023,986,680,679,-1,11,668,EGYENI,,
59651,10_039_024,553,449,448,-1,3,445,EGYENI,,
59653,10_039_025,799,536,536,0,7,529,EGYENI,,
59655,10_039_026,617,448,448,0,4,444,EGYENI,,
59657,10_039_027,485,371,371,0,3,368,EGYENI,,
59659,10_039_028,844,604,604,0,4,600,EGYENI,,
59661,10_039_029,769,549,549,0,5,544,EGYENI,,
59663,10_039_030,753,483,479,-4,7,472,EGYENI,,
59665,10_040_001,1054,783,782,-1,11,771,EGYENI,,
59667,10_040_002,1017,753,753,0,8,745,EGYENI,,
59669,10_041_001,1077,644,643,-1,13,630,EGYENI,,
59671,10_042_001,722,466,466,0,7,459,EGYENI,,
59673,10_042_002,1230,846,846,0,17,829,EGYENI,,
59675,10_043_001,736,506,498,-8,0,498,EGYENI,,
59677,10_043_002,842,666,666,0,4,662,EGYENI,,
59679,10_043_003,837,663,663,0,3,660,EGYENI,,
59681,10_044_001,877,692,692,0,13,679,EGYENI,,
59683,10_044_002,983,710,710,0,8,702,EGYENI,,
59685,10_045_001,305,189,189,0,7,182,EGYENI,,
59687,10_045_002,625,388,387,-1,1,386,EGYENI,,
59689,10_046_001,760,554,554,0,2,552,EGYENI,,
59691,10_046_002,1168,880,880,0,9,871,EGYENI,,
59693,10_046_003,1082,735,733,-2,4,729,EGYENI,,
59695,10_046_004,867,625,625,0,5,620,EGYENI,,
59697,10_046_005,998,643,643,0,8,635,EGYENI,,
59699,10_046_006,972,735,734,-1,9,725,EGYENI,,
59701,10_046_007,1088,760,760,0,10,750,EGYENI,,
59703,10_046_008,902,665,665,0,4,661,EGYENI,,
59705,10_046_009,828,604,599,-5,4,595,EGYENI,,
59707,10_046_010,866,632,630,-2,5,625,EGYENI,,
59709,10_046_011,1112,831,831,0,5,826,EGYENI,,
59711,10_046_012,1248,963,963,0,9,954,EGYENI,,
59713,10_046_013,709,536,534,-2,3,531,EGYENI,,
59715,10_046_014,1103,822,821,-1,8,813,EGYENI,,
59717,10_046_015,1272,860,860,0,9,851,EGYENI,,
59719,10_046_016,2612,2226,2218,-8,11,2207,EGYENI,,
59721,10_046_017,1061,713,711,-2,6,705,EGYENI,,
59723,10_047_001,793,586,585,-1,4,581,EGYENI,,
59725,10_047_002,759,485,485,0,8,477,EGYENI,,
59727,10_048_001,1062,781,781,0,4,777,EGYENI,,
59729,10_048_002,973,685,685,0,4,681,EGYENI,,
59869,10_048_003,1118,738,737,-1,4,733,EGYENI,,
59871,10_048_004,225,136,136,0,2,134,EGYENI,,
59873,10_048_005,1071,738,738,0,7,731,EGYENI,,
59875,10_048_006,996,650,650,0,7,643,EGYENI,,
59877,10_048_007,1084,696,696,0,5,691,EGYENI,,
59879,10_048_008,1061,713,712,-1,7,705,EGYENI,,
59881,10_048_009,682,371,370,-1,11,359,EGYENI,,
59883,10_049_001,472,279,279,0,8,271,EGYENI,,
59885,10_050_001,536,361,361,0,5,356,EGYENI,,
59887,10_051_001,723,491,491,0,5,486,EGYENI,,
59889,10_051_002,718,523,523,0,9,514,EGYENI,,
59891,10_051_003,772,519,520,1,16,504,EGYENI,,
59893,10_051_004,746,501,501,0,7,494,EGYENI,,
59895,10_052_001,573,392,392,0,13,379,EGYENI,,
59897,10_052_002,526,351,351,0,6,345,EGYENI,,
59899,10_052_003,156,113,113,0,1,112,EGYENI,,
59901,10_053_001,298,221,220,-1,2,218,EGYENI,,
59903,10_054_001,815,562,562,0,7,555,EGYENI,,
59905,10_054_002,792,458,457,-1,6,451,EGYENI,,
59907,10_054_003,746,482,481,-1,6,475,EGYENI,,
59909,10_055_001,762,459,459,0,7,452,EGYENI,,
59911,10_055_002,811,469,469,0,17,452,EGYENI,,
59913,10_055_003,670,435,435,0,5,430,EGYENI,,
59915,10_055_004,400,278,278,0,0,278,EGYENI,,
59917,10_056_001,643,439,437,-2,9,428,EGYENI,,
59919,10_056_002,490,317,317,0,2,315,EGYENI,,
59921,10_057_001,853,566,566,0,6,560,EGYENI,,
59923,10_057_002,796,537,537,0,8,529,EGYENI,,
59925,10_058_001,117,94,94,0,1,93,EGYENI,,
59927,10_059_001,789,503,503,0,7,496,EGYENI,,
59929,10_059_002,584,331,331,0,3,328,EGYENI,,
59931,10_059_003,764,459,460,1,20,440,EGYENI,,
59933,10_060_001,827,523,523,0,5,518,EGYENI,,
59935,10_061_001,729,430,430,0,13,417,EGYENI,,
59937,10_061_002,788,603,603,0,9,594,EGYENI,,
59939,10_062_001,668,358,358,0,6,352,EGYENI,,
59941,10_062_002,654,393,393,0,6,387,EGYENI,,
59943,10_063_001,676,443,443,0,5,438,EGYENI,,
59945,10_063_002,762,470,469,-1,5,464,EGYENI,,
59947,10_063_003,845,534,534,0,6,528,EGYENI,,
59949,10_063_004,748,476,475,-1,0,475,EGYENI,,
59951,10_063_005,761,520,520,0,1,519,EGYENI,,
59953,10_063_006,602,445,444,-1,1,443,EGYENI,,
59955,10_064_001,593,414,411,-3,6,405,EGYENI,,
59957,10_065_001,644,472,472,0,4,468,EGYENI,,
59959,10_065_002,654,475,475,0,1,474,EGYENI,,
59961,10_065_003,628,434,434,0,7,427,EGYENI,,
59963,10_066_001,668,487,487,0,9,478,EGYENI,,
59965,10_066_002,781,612,612,0,10,602,EGYENI,,
59967,10_067_001,611,452,451,-1,4,447,EGYENI,,
59969,10_068_001,779,583,582,-1,11,571,EGYENI,,
59971,10_068_002,741,541,541,0,9,532,EGYENI,,
59973,10_069_001,364,252,252,0,6,246,EGYENI,,
59975,10_070_001,863,510,509,-1,4,505,EGYENI,,
59977,10_071_001,1186,757,756,-1,12,744,EGYENI,,
59979,10_072_001,568,361,361,0,6,355,EGYENI,,
59981,10_073_001,261,195,195,0,2,193,EGYENI,,
59983,10_074_001,1234,693,693,0,14,679,EGYENI,,
59985,10_075_001,469,376,376,0,2,374,EGYENI,,
59987,10_076_001,1001,710,708,-2,4,704,EGYENI,,
59989,10_076_002,913,630,629,-1,3,626,EGYENI,,
59991,10_076_003,715,527,527,0,1,526,EGYENI,,
59993,10_077_001,684,515,515,0,4,511,EGYENI,,
59995,10_078_001,539,359,359,0,8,351,EGYENI,,
59997,10_079_001,762,512,512,0,5,507,EGYENI,,
59999,10_080_001,769,569,569,0,5,564,EGYENI,,
60001,10_080_002,719,517,517,0,3,514,EGYENI,,
60003,10_081_001,511,355,354,-1,5,349,EGYENI,,
60005,10_081_002,607,420,420,0,6,414,EGYENI,,
60007,10_082_001,579,419,419,0,3,416,EGYENI,,
60131,10_082_002,753,549,549,0,3,546,EGYENI,,
60133,10_082_003,757,590,586,-4,2,584,EGYENI,,
60135,10_083_001,581,434,434,0,5,429,EGYENI,,
60137,10_083_002,587,349,349,0,1,348,EGYENI,,
60139,10_083_003,279,223,222,-1,5,217,EGYENI,,
60141,10_083_004,164,122,122,0,1,121,EGYENI,,
60143,10_084_001,354,288,288,0,4,284,EGYENI,,
60145,10_085_001,1071,776,776,0,3,773,EGYENI,,
60147,10_085_002,1103,671,671,0,9,662,EGYENI,,
60149,10_086_001,1087,541,541,0,3,538,EGYENI,,
60151,10_087_001,583,380,380,0,7,373,EGYENI,,
60153,10_087_002,582,414,414,0,9,405,EGYENI,,
60155,10_087_003,543,388,388,0,5,383,EGYENI,,
60157,10_088_001,707,447,447,0,9,438,EGYENI,,
60159,10_088_002,783,472,472,0,7,465,EGYENI,,
60161,10_088_003,729,414,414,0,6,408,EGYENI,,
60163,10_089_001,759,525,525,0,8,517,EGYENI,,
60165,10_089_002,812,501,502,1,15,487,EGYENI,,
60167,10_089_003,650,472,472,0,10,462,EGYENI,,
60169,10_090_001,831,550,550,0,5,545,EGYENI,,
60171,10_090_002,762,537,537,0,5,532,EGYENI,,
60173,10_091_001,862,528,528,0,11,517,EGYENI,,
60175,10_092_001,672,503,502,-1,6,496,EGYENI,,
60177,10_092_002,594,435,435,0,2,433,EGYENI,,
60179,10_092_003,170,122,122,0,1,121,EGYENI,,
60181,10_093_001,170,120,120,0,3,117,EGYENI,,
60183,10_093_002,271,205,205,0,4,201,EGYENI,,
60185,10_094_001,388,243,244,1,11,233,EGYENI,,
60187,10_095_001,802,510,509,-1,6,503,EGYENI,,
60189,10_095_002,796,495,494,-1,3,491,EGYENI,,
60191,10_096_001,578,414,414,0,5,409,EGYENI,,
60193,10_096_002,683,482,482,0,3,479,EGYENI,,
60195,10_097_001,195,127,127,0,0,127,EGYENI,,
60197,10_097_002,103,60,60,0,1,59,EGYENI,,
60199,10_098_001,733,507,507,0,3,504,EGYENI,,
60201,10_098_002,498,342,342,0,2,340,EGYENI,,
60203,10_099_001,430,208,208,0,6,202,EGYENI,,
60205,10_100_001,617,463,464,1,15,449,EGYENI,,
60207,10_100_002,628,476,476,0,9,467,EGYENI,,
60209,10_101_001,684,509,508,-1,8,500,EGYENI,,
60211,10_101_002,698,494,493,-1,1,492,EGYENI,,
60213,10_102_001,1291,771,769,-2,16,753,EGYENI,,
60215,10_103_001,190,146,146,0,2,144,EGYENI,,
60217,10_104_001,628,366,366,0,11,355,EGYENI,,
60219,10_105_001,384,210,210,0,4,206,EGYENI,,
60221,10_105_002,488,226,226,0,1,225,EGYENI,,
60223,10_106_001,967,682,682,0,12,670,EGYENI,,
60225,10_107_001,149,109,109,0,2,107,EGYENI,,
60227,10_108_001,923,582,582,0,16,566,EGYENI,,
60229,10_108_002,887,578,577,-1,5,572,EGYENI,,
60231,10_109_001,449,313,313,0,4,309,EGYENI,,
60233,10_110_001,170,114,114,0,1,113,EGYENI,,
60235,10_111_001,825,577,576,-1,5,571,EGYENI,,
60237,10_111_002,793,569,569,0,3,566,EGYENI,,
60239,10_112_001,381,310,310,0,7,303,EGYENI,,
60241,10_113_001,581,371,371,0,2,369,EGYENI,,
60243,10_113_002,819,428,428,0,14,414,EGYENI,,
60245,10_113_003,682,435,434,-1,9,425,EGYENI,,
60247,10_113_004,828,602,601,-1,9,592,EGYENI,,
60249,10_114_001,490,353,353,0,3,350,EGYENI,,
60251,10_115_001,961,721,717,-4,11,706,EGYENI,,
60253,10_116_001,853,552,552,0,4,548,EGYENI,,
60255,10_117_001,905,646,646,0,9,637,EGYENI,,
60257,10_117_002,609,409,409,0,4,405,EGYENI,,
60259,10_118_001,364,228,228,0,2,226,EGYENI,,
60261,10_119_001,285,212,212,0,3,209,EGYENI,,
60263,10_120_001,510,406,406,0,3,403,EGYENI,,
60265,10_121_001,799,603,603,0,1,602,EGYENI,,
60267,11_001_001,564,320,319,-1,6,313,EGYENI,,
60399,11_001_002,715,427,424,-3,6,418,EGYENI,,
60401,11_001_003,666,377,377,0,8,369,EGYENI,,
60403,11_001_004,702,374,374,0,6,368,EGYENI,,
60405,11_001_005,633,403,403,0,5,398,EGYENI,,
60407,11_002_001,577,404,404,0,4,400,EGYENI,,
60409,11_002_002,938,575,574,-1,12,562,EGYENI,,
60411,11_003_001,951,687,687,0,9,678,EGYENI,,
60413,11_004_001,1020,678,678,0,7,671,EGYENI,,
60415,11_004_002,796,592,592,0,4,588,EGYENI,,
60417,11_004_003,854,562,562,0,1,561,EGYENI,,
60419,11_005_001,955,551,551,0,13,538,EGYENI,,
60421,11_005_002,1055,546,546,0,12,534,EGYENI,,
60423,11_005_003,834,472,462,-10,8,454,EGYENI,,
60425,11_005_004,227,68,67,-1,0,67,EGYENI,,
60427,11_006_001,222,155,154,-1,1,153,EGYENI,,
60429,11_007_001,925,642,641,-1,4,637,EGYENI,,
60431,11_007_002,555,342,342,0,9,333,EGYENI,,
60433,11_007_003,317,183,183,0,1,182,EGYENI,,
60435,11_008_001,569,293,293,0,5,288,EGYENI,,
60437,11_008_002,699,384,384,0,7,377,EGYENI,,
60439,11_009_001,1132,739,738,-1,13,725,EGYENI,,
60441,11_009_002,1098,601,601,0,7,594,EGYENI,,
60443,11_009_003,1049,583,583,0,14,569,EGYENI,,
60445,11_009_004,1081,623,622,-1,19,603,EGYENI,,
60447,11_009_005,783,462,462,0,9,453,EGYENI,,
60449,11_010_001,151,80,80,0,0,80,EGYENI,,
60451,11_011_001,582,358,356,-2,12,344,EGYENI,,
60453,11_011_002,784,509,509,0,11,498,EGYENI,,
60455,11_011_003,593,396,396,0,2,394,EGYENI,,
60457,11_012_001,701,442,442,0,5,437,EGYENI,,
60459,11_012_002,673,422,422,0,4,418,EGYENI,,
60461,11_012_003,726,509,509,0,13,496,EGYENI,,
60463,11_012_004,710,478,478,0,6,472,EGYENI,,
60465,11_013_001,902,633,633,0,12,621,EGYENI,,
60467,11_013_002,971,571,571,0,14,557,EGYENI,,
60469,11_013_003,916,624,624,0,7,617,EGYENI,,
60471,11_013_004,994,645,642,-3,8,634,EGYENI,,
60473,11_013_005,849,599,599,0,1,598,EGYENI,,
60475,11_013_006,1036,697,697,0,7,690,EGYENI,,
60477,11_013_007,998,638,632,-6,15,617,EGYENI,,
60479,11_014_001,553,370,370,0,2,368,EGYENI,,
60481,11_015_001,1009,669,668,-1,7,661,EGYENI,,
60483,11_015_002,1288,840,839,-1,10,829,EGYENI,,
60485,11_015_003,1302,836,836,0,8,828,EGYENI,,
60487,11_015_004,1181,718,715,-3,7,708,EGYENI,,
60489,11_015_005,1308,776,776,0,12,764,EGYENI,,
60491,11_016_001,987,625,626,1,13,613,EGYENI,,
60493,11_016_002,1027,782,779,-3,6,773,EGYENI,,
60495,11_016_003,1129,828,827,-1,16,811,EGYENI,,
60497,11_016_004,1173,867,865,-2,5,860,EGYENI,,
60499,11_016_005,934,711,711,0,7,704,EGYENI,,
60501,11_016_006,1000,700,700,0,7,693,EGYENI,,
60503,11_016_007,2741,2308,2307,-1,22,2285,EGYENI,,
60505,11_016_008,1029,751,751,0,8,743,EGYENI,,
60507,11_016_009,1012,759,759,0,2,757,EGYENI,,
60509,11_016_010,1068,781,780,-1,7,773,EGYENI,,
60511,11_016_011,1071,722,723,1,18,705,EGYENI,,
60513,11_016_012,1116,810,807,-3,11,796,EGYENI,,
60515,11_016_013,1099,803,803,0,11,792,EGYENI,,
60517,11_016_014,1062,788,788,0,3,785,EGYENI,,
60519,11_016_015,1173,913,912,-1,3,909,EGYENI,,
60521,11_016_016,993,685,684,-1,5,679,EGYENI,,
60523,11_016_017,966,718,717,-1,13,704,EGYENI,,
60525,11_016_018,972,644,644,0,4,640,EGYENI,,
60659,11_016_019,810,511,511,0,3,508,EGYENI,,
60661,11_016_020,715,421,419,-2,5,414,EGYENI,,
60663,11_016_021,672,334,333,-1,5,328,EGYENI,,
60665,11_017_001,712,545,545,0,7,538,EGYENI,,
60667,11_017_002,673,506,505,-1,6,499,EGYENI,,
60669,11_018_001,551,380,380,0,9,371,EGYENI,,
60671,11_018_002,598,358,358,0,2,356,EGYENI,,
60673,11_018_003,552,379,379,0,4,375,EGYENI,,
58671,11_019_001,736,456,456,0,10,446,EGYENI,,
58673,11_019_002,691,431,431,0,9,422,EGYENI,,
58675,11_020_001,870,528,527,-1,11,516,EGYENI,,
58677,11_020_002,884,520,520,0,6,514,EGYENI,,
58679,11_020_003,998,597,597,0,9,588,EGYENI,,
58681,11_020_004,936,560,560,0,9,551,EGYENI,,
58683,11_020_005,887,599,599,0,5,594,EGYENI,,
58685,11_021_001,328,248,248,0,1,247,EGYENI,,
58687,11_022_001,768,552,552,0,0,552,EGYENI,,
58689,11_022_002,787,491,491,0,11,480,EGYENI,,
58691,11_022_003,721,485,485,0,0,485,EGYENI,,
58693,11_023_001,825,497,497,0,5,492,EGYENI,,
58695,11_023_002,843,521,521,0,13,508,EGYENI,,
58697,11_023_003,889,393,393,0,8,385,EGYENI,,
58699,11_023_004,789,444,444,0,8,436,EGYENI,,
58701,11_023_005,802,564,564,0,3,561,EGYENI,,
58703,11_024_001,739,399,399,0,6,393,EGYENI,,
58705,11_024_002,827,440,440,0,23,417,EGYENI,,
58707,11_024_003,608,367,367,0,5,362,EGYENI,,
58709,11_024_004,609,419,419,0,4,415,EGYENI,,
58711,11_024_005,658,403,403,0,6,397,EGYENI,,
58713,11_024_006,700,439,439,0,2,437,EGYENI,,
58715,11_025_001,946,672,672,0,10,662,EGYENI,,
58717,11_025_002,1044,760,759,-1,3,756,EGYENI,,
58719,11_026_001,611,376,376,0,4,372,EGYENI,,
58721,11_026_002,595,394,393,-1,2,391,EGYENI,,
58723,11_027_001,964,684,684,0,12,672,EGYENI,,
58725,11_027_002,786,511,511,0,8,503,EGYENI,,
58727,11_027_003,954,700,697,-3,10,687,EGYENI,,
58729,11_027_004,948,656,656,0,11,645,EGYENI,,
58731,11_027_005,3590,3093,3081,-12,30,3051,EGYENI,,
58733,11_027_006,987,612,612,0,13,599,EGYENI,,
58735,11_027_007,918,681,681,0,10,671,EGYENI,,
58737,11_027_008,872,636,635,-1,15,620,EGYENI,,
58739,11_027_009,965,760,760,0,7,753,EGYENI,,
58741,11_027_010,1032,724,723,-1,14,709,EGYENI,,
58743,11_027_011,1067,744,744,0,10,734,EGYENI,,
58745,11_027_012,1037,690,690,0,12,678,EGYENI,,
58747,11_027_013,1083,715,715,0,13,702,EGYENI,,
58749,11_027_014,1037,657,657,0,1,656,EGYENI,,
58751,11_027_015,1046,642,642,0,15,627,EGYENI,,
58753,11_027_016,1023,726,726,0,11,715,EGYENI,,
58755,11_028_001,827,550,550,0,13,537,EGYENI,,
58757,11_028_002,786,490,490,0,7,483,EGYENI,,
58759,11_028_003,741,431,430,-1,4,426,EGYENI,,
58761,11_028_004,760,400,400,0,4,396,EGYENI,,
58763,11_028_005,405,266,266,0,8,258,EGYENI,,
58765,11_029_001,692,441,441,0,5,436,EGYENI,,
58767,11_029_002,591,373,373,0,7,366,EGYENI,,
58769,11_029_003,650,332,331,-1,10,321,EGYENI,,
58771,11_029_004,649,369,379,10,52,327,EGYENI,,
58773,11_029_005,215,141,141,0,0,141,EGYENI,,
58775,11_030_001,515,366,366,0,1,365,EGYENI,,
58777,11_031_001,1144,813,811,-2,15,796,EGYENI,,
58779,11_031_002,1159,703,701,-2,10,691,EGYENI,,
58781,11_031_003,1209,744,741,-3,16,725,EGYENI,,
58783,11_031_004,1068,677,677,0,10,667,EGYENI,,
58785,11_031_005,1298,839,838,-1,17,821,EGYENI,,
58787,11_031_006,1020,721,719,-2,21,698,EGYENI,,
58789,11_031_007,991,683,683,0,16,667,EGYENI,,
58791,11_031_008,937,624,623,-1,17,606,EGYENI,,
58793,11_032_001,597,391,390,-1,13,377,EGYENI,,
58795,11_032_002,581,369,362,-7,0,362,EGYENI,,
58797,11_033_001,504,346,345,-1,3,342,EGYENI,,
58799,11_034_001,856,510,509,-1,11,498,EGYENI,,
58801,11_034_002,718,442,442,0,5,437,EGYENI,,
59205,11_034_003,702,375,375,0,8,367,EGYENI,,
59207,11_034_004,1024,649,649,0,10,639,EGYENI,,
59209,11_034_005,968,473,471,-2,7,464,EGYENI,,
59211,11_034_006,893,480,480,0,4,476,EGYENI,,
59213,11_034_007,1088,637,637,0,20,617,EGYENI,,
59215,11_035_001,571,304,304,0,6,298,EGYENI,,
59217,11_035_002,566,302,302,0,9,293,EGYENI,,
59219,11_035_003,565,328,328,0,4,324,EGYENI,,
59221,11_035_004,588,319,318,-1,10,308,EGYENI,,
59223,11_035_005,597,306,300,-6,17,283,EGYENI,,
59225,11_035_006,560,265,265,0,9,256,EGYENI,,
59227,11_035_007,597,316,315,-1,19,296,EGYENI,,
59229,11_036_001,599,395,395,0,3,392,EGYENI,,
59231,11_036_002,770,456,449,-7,5,444,EGYENI,,
59233,11_036_003,671,420,420,0,11,409,EGYENI,,
59235,11_036_004,666,431,436,5,33,403,EGYENI,,
59237,11_036_005,650,412,412,0,0,412,EGYENI,,
59239,11_036_006,749,500,500,0,6,494,EGYENI,,
59241,11_036_007,787,494,493,-1,3,490,EGYENI,,
59243,11_036_008,989,594,595,1,19,576,EGYENI,,
59245,11_036_009,247,156,156,0,5,151,EGYENI,,
59247,11_036_010,534,328,322,-6,4,318,EGYENI,,
59249,11_037_001,691,472,472,0,2,470,EGYENI,,
59251,11_037_002,925,661,661,0,6,655,EGYENI,,
59253,11_037_003,962,678,678,0,3,675,EGYENI,,
59255,11_037_004,887,620,620,0,6,614,EGYENI,,
59257,11_037_005,832,561,561,0,1,560,EGYENI,,
59259,11_037_006,986,736,736,0,2,734,EGYENI,,
59261,11_038_001,558,398,397,-1,6,391,EGYENI,,
59263,11_039_001,257,160,160,0,4,156,EGYENI,,
59265,11_040_001,786,512,512,0,16,496,EGYENI,,
59267,11_040_002,877,599,599,0,4,595,EGYENI,,
59269,11_040_003,874,624,621,-3,6,615,EGYENI,,
59271,11_040_004,883,615,612,-3,9,603,EGYENI,,
59273,11_040_005,877,589,587,-2,14,573,EGYENI,,
59275,11_040_006,894,561,561,0,14,547,EGYENI,,
59277,11_040_007,815,548,548,0,4,544,EGYENI,,
59279,11_040_008,829,583,583,0,5,578,EGYENI,,
59281,11_040_009,813,541,541,0,6,535,EGYENI,,
59283,11_040_010,867,566,564,-2,8,556,EGYENI,,
59285,11_040_011,851,591,591,0,10,581,EGYENI,,
59287,11_040_012,823,538,538,0,6,532,EGYENI,,
59289,11_040_013,802,552,552,0,7,545,EGYENI,,
59291,11_040_014,813,588,588,0,8,580,EGYENI,,
59293,11_040_015,809,583,583,0,6,577,EGYENI,,
59295,11_040_016,784,600,600,0,6,594,EGYENI,,
59297,11_041_001,869,591,589,-2,19,570,EGYENI,,
59299,11_042_001,612,343,343,0,5,338,EGYENI,,
59301,11_042_002,664,388,388,0,2,386,EGYENI,,
59303,11_043_001,518,323,323,0,8,315,EGYENI,,
59305,11_044_001,603,350,350,0,5,345,EGYENI,,
59307,11_044_002,617,361,361,0,6,355,EGYENI,,
59309,11_044_003,684,391,390,-1,7,383,EGYENI,,
59311,11_044_004,640,369,369,0,7,362,EGYENI,,
59313,11_045_001,393,253,253,0,7,246,EGYENI,,
59315,11_045_002,432,311,311,0,5,306,EGYENI,,
59317,11_046_001,1284,869,869,0,13,856,EGYENI,,
59319,11_047_001,912,665,665,0,5,660,EGYENI,,
59321,11_047_002,914,625,625,0,7,618,EGYENI,,
59323,11_047_003,809,549,549,0,6,543,EGYENI,,
59325,11_047_004,852,616,616,0,3,613,EGYENI,,
59327,11_047_005,888,581,581,0,4,577,EGYENI,,
59329,11_048_001,842,469,469,0,7,462,EGYENI,,
59331,11_048_002,753,466,466,0,1,465,EGYENI,,
59333,11_049_001,808,534,534,0,1,533,EGYENI,,
59335,11_049_002,590,378,378,0,7,371,EGYENI,,
59337,11_049_003,727,494,494,0,6,488,EGYENI,,
51258,11_049_004,967,677,677,0,7,670,EGYENI,,
51260,11_050_001,806,605,605,0,4,601,EGYENI,,
51261,11_051_001,617,379,377,-2,6,371,EGYENI,,
51263,11_051_002,183,114,114,0,1,113,EGYENI,,
51265,11_052_001,834,659,659,0,7,652,EGYENI,,
51267,11_052_002,831,671,670,-1,7,663,EGYENI,,
51269,11_052_003,1051,791,790,-1,2,788,EGYENI,,
51271,11_052_004,838,642,643,1,18,625,EGYENI,,
51273,11_052_005,845,651,651,0,4,647,EGYENI,,
51275,11_052_006,926,680,680,0,4,676,EGYENI,,
51277,11_052_007,810,611,611,0,3,608,EGYENI,,
51279,11_052_008,754,523,522,-1,1,521,EGYENI,,
51281,11_052_009,757,536,536,0,5,531,EGYENI,,
51283,11_052_010,722,512,512,0,6,506,EGYENI,,
51285,11_052_011,629,508,508,0,3,505,EGYENI,,
51287,11_052_012,846,690,690,0,1,689,EGYENI,,
51289,11_052_013,759,557,557,0,0,557,EGYENI,,
51291,11_052_014,732,529,529,0,6,523,EGYENI,,
51293,11_052_015,941,645,644,-1,3,641,EGYENI,,
51295,11_052_016,931,703,703,0,2,701,EGYENI,,
51297,11_052_017,732,542,542,0,7,535,EGYENI,,
51299,11_052_018,595,459,459,0,3,456,EGYENI,,
51301,11_052_019,855,637,637,0,6,631,EGYENI,,
51303,11_052_020,845,483,482,-1,3,479,EGYENI,,
51305,11_052_021,784,520,520,0,3,517,EGYENI,,
51307,11_052_022,648,446,446,0,4,442,EGYENI,,
51309,11_052_023,619,492,492,0,1,491,EGYENI,,
51311,11_052_024,817,599,599,0,5,594,EGYENI,,
51313,11_052_025,500,365,364,-1,3,361,EGYENI,,
51315,11_052_026,710,532,532,0,1,531,EGYENI,,
51317,11_052_027,678,511,510,-1,3,507,EGYENI,,
51319,11_052_028,762,557,557,0,0,557,EGYENI,,
51321,11_052_029,652,433,433,0,5,428,EGYENI,,
51323,11_052_030,3957,3347,3348,1,43,3305,EGYENI,,
51325,11_052_031,659,486,486,0,2,484,EGYENI,,
51327,11_052_032,600,385,385,0,5,380,EGYENI,,
51329,11_052_033,870,604,603,-1,4,599,EGYENI,,
51331,11_052_034,736,507,506,-1,5,501,EGYENI,,
51333,11_052_035,743,506,506,0,1,505,EGYENI,,
51335,11_052_036,804,550,550,0,4,546,EGYENI,,
51337,11_052_037,785,558,557,-1,1,556,EGYENI,,
51339,11_052_038,742,494,494,0,2,492,EGYENI,,
51341,11_052_039,752,526,526,0,2,524,EGYENI,,
51343,11_052_040,837,576,576,0,1,575,EGYENI,,
51345,11_052_041,874,572,569,-3,6,563,EGYENI,,
51347,11_052_042,735,477,477,0,2,475,EGYENI,,
51349,11_052_043,822,538,538,0,2,536,EGYENI,,
51351,11_052_044,1093,848,847,-1,1,846,EGYENI,,
51353,11_052_045,757,514,514,0,3,511,EGYENI,,
51355,11_052_046,794,549,549,0,5,544,EGYENI,,
51357,11_052_047,810,570,570,0,5,565,EGYENI,,
51359,11_052_048,739,408,406,-2,1,405,EGYENI,,
51361,11_052_049,696,369,369,0,4,365,EGYENI,,
51363,11_052_050,837,527,527,0,4,523,EGYENI,,
51365,11_052_051,1163,646,646,0,8,638,EGYENI,,
51367,11_052_052,697,366,366,0,2,364,EGYENI,,
51369,11_052_053,792,524,522,-2,4,518,EGYENI,,
51371,11_052_054,1030,725,725,0,2,723,EGYENI,,
51373,11_052_055,825,596,596,0,2,594,EGYENI,,
51375,11_052_056,976,745,745,0,7,738,EGYENI,,
51377,11_052_057,883,525,525,0,5,520,EGYENI,,
51379,11_052_058,804,619,618,-1,1,617,EGYENI,,
51793,11_052_059,880,664,663,-1,4,659,EGYENI,,
51795,11_052_060,906,694,692,-2,1,691,EGYENI,,
51797,11_052_061,867,693,693,0,3,690,EGYENI,,
51799,11_052_062,875,671,671,0,5,666,EGYENI,,
51801,11_052_063,738,566,566,0,3,563,EGYENI,,
51803,11_052_064,886,712,711,-1,4,707,EGYENI,,
51805,11_052_065,783,602,601,-1,1,600,EGYENI,,
51807,11_052_066,823,601,601,0,6,595,EGYENI,,
51809,11_052_067,862,643,643,0,1,642,EGYENI,,
51811,11_052_068,814,600,600,0,1,599,EGYENI,,
51813,11_052_069,699,497,496,-1,3,493,EGYENI,,
51815,11_052_070,729,531,531,0,1,530,EGYENI,,
51817,11_053_001,601,445,445,0,5,440,EGYENI,,
51819,11_053_002,654,549,546,-3,2,544,EGYENI,,
51821,11_054_001,828,589,589,0,9,580,EGYENI,,
51823,11_054_002,891,677,676,-1,8,668,EGYENI,,
51825,11_054_003,189,92,92,0,1,91,EGYENI,,
51827,11_055_001,861,555,555,0,12,543,EGYENI,,
51829,11_056_001,1026,589,587,-2,8,579,EGYENI,,
51831,11_056_002,1100,551,551,0,2,549,EGYENI,,
51833,11_056_003,1114,793,793,0,3,790,EGYENI,,
51835,11_056_004,1061,673,673,0,5,668,EGYENI,,
51837,11_056_005,1138,646,646,0,12,634,EGYENI,,
51839,11_056_006,1069,640,640,0,13,627,EGYENI,,
51841,11_056_007,1025,657,657,0,6,651,EGYENI,,
51843,11_056_008,1040,569,569,0,5,564,EGYENI,,
51845,11_057_001,927,601,601,0,5,596,EGYENI,,
51847,11_057_002,1160,759,757,-2,11,746,EGYENI,,
51849,11_057_003,1228,774,774,0,5,769,EGYENI,,
51851,11_057_004,1138,652,652,0,15,637,EGYENI,,
51853,11_057_005,1150,707,707,0,10,697,EGYENI,,
51855,11_057_006,1089,741,740,-1,13,727,EGYENI,,
51857,11_057_007,1022,632,631,-1,4,627,EGYENI,,
51859,11_057_008,1081,633,632,-1,6,626,EGYENI,,
51861,11_057_009,141,89,88,-1,2,86,EGYENI,,
51863,11_058_001,782,437,437,0,14,423,EGYENI,,
51865,11_059_001,607,346,346,0,4,342,EGYENI,,
51867,11_060_001,297,187,187,0,5,182,EGYENI,,
51869,11_061_001,835,539,538,-1,6,532,EGYENI,,
51871,11_061_002,397,251,251,0,1,250,EGYENI,,
51873,11_062_001,939,601,601,0,9,592,EGYENI,,
51875,11_062_002,150,85,85,0,1,84,EGYENI,,
51877,11_063_001,1036,610,606,-4,8,598,EGYENI,,
51879,11_064_001,751,388,388,0,6,382,EGYENI,,
51881,11_064_002,792,425,425,0,10,415,EGYENI,,
51883,11_065_001,592,387,387,0,7,380,EGYENI,,
51885,11_065_002,687,421,421,0,11,410,EGYENI,,
51887,11_066_001,846,507,506,-1,6,500,EGYENI,,
51889,11_067_001,645,410,410,0,5,405,EGYENI,,
51891,11_067_002,579,296,296,0,3,293,EGYENI,,
51893,11_068_001,757,409,409,0,8,401,EGYENI,,
51895,11_068_002,690,396,396,0,5,391,EGYENI,,
51897,11_068_003,223,126,126,0,4,122,EGYENI,,
51899,11_069_001,705,396,396,0,8,388,EGYENI,,
51901,11_069_002,641,356,356,0,6,350,EGYENI,,
51903,11_070_001,999,687,686,-1,4,682,EGYENI,,
51905,11_070_002,212,120,120,0,2,118,EGYENI,,
51907,11_071_001,563,384,384,0,13,371,EGYENI,,
51909,11_072_001,933,597,597,0,5,592,EGYENI,,
51911,11_072_002,1057,734,734,0,2,732,EGYENI,,
51913,11_072_003,788,512,511,-1,6,505,EGYENI,,
51915,11_072_004,846,560,560,0,6,554,EGYENI,,
51917,11_073_001,1019,680,680,0,11,669,EGYENI,,
51919,11_073_002,979,698,698,0,5,693,EGYENI,,
51921,11_073_003,1114,798,802,4,38,764,EGYENI,,
52329,11_073_004,991,629,629,0,8,621,EGYENI,,
52331,11_073_005,1122,715,714,-1,10,704,EGYENI,,
52333,11_073_006,1121,724,721,-3,10,711,EGYENI,,
52335,11_073_007,715,521,520,-1,5,515,EGYENI,,
52337,11_073_008,710,508,508,0,2,506,EGYENI,,
52339,11_073_009,697,498,499,1,13,486,EGYENI,,
52341,11_073_010,796,561,561,0,3,558,EGYENI,,
52343,11_073_011,985,670,670,0,3,667,EGYENI,,
52345,11_073_012,676,408,404,-4,6,398,EGYENI,,
52347,11_073_013,563,310,310,0,9,301,EGYENI,,
52349,11_073_014,3112,2460,2470,10,114,2356,EGYENI,,
52351,11_073_015,1038,549,532,-17,14,518,EGYENI,,
52353,11_073_016,1053,687,687,0,10,677,EGYENI,,
52355,11_073_017,1004,727,727,0,16,711,EGYENI,,
52357,11_073_018,1091,692,692,0,4,688,EGYENI,,
52359,11_074_001,731,348,348,0,7,341,EGYENI,,
52361,11_074_002,783,474,476,2,25,451,EGYENI,,
52363,11_074_003,648,396,396,0,9,387,EGYENI,,
52365,11_074_004,657,422,422,0,5,417,EGYENI,,
52367,11_074_005,650,392,393,1,15,378,EGYENI,,
52369,11_074_006,656,440,439,-1,3,436,EGYENI,,
52371,11_074_007,684,400,400,0,7,393,EGYENI,,
52373,11_074_008,742,397,397,0,16,381,EGYENI,,
52375,11_074_009,723,465,462,-3,5,457,EGYENI,,
52377,11_074_010,764,434,434,0,7,427,EGYENI,,
52379,11_075_001,881,568,568,0,6,562,EGYENI,,
52381,11_075_002,852,499,499,0,10,489,EGYENI,,
52383,11_075_003,687,463,462,-1,10,452,EGYENI,,
52385,11_075_004,766,566,566,0,6,560,EGYENI,,
52387,11_075_005,797,488,488,0,6,482,EGYENI,,
52389,11_075_006,831,545,545,0,12,533,EGYENI,,
52391,11_076_001,495,278,278,0,4,274,EGYENI,,
52393,11_077_001,579,308,308,0,4,304,EGYENI,,
52395,11_077_002,600,342,342,0,2,340,EGYENI,,
52397,11_077_003,587,339,339,0,8,331,EGYENI,,
52399,11_077_004,569,360,360,0,7,353,EGYENI,,
52401,11_077_005,424,296,296,0,0,296,EGYENI,,
52403,11_078_001,681,402,401,-1,16,385,EGYENI,,
52405,11_078_002,518,324,324,0,8,316,EGYENI,,
52407,12_001_001,201,152,152,0,1,151,EGYENI,,
52409,12_002_001,559,422,422,0,4,418,EGYENI,,
52411,12_002_002,588,421,421,0,4,417,EGYENI,,
52413,12_002_003,590,392,392,0,6,386,EGYENI,,
52415,12_003_001,714,438,438,0,2,436,EGYENI,,
52417,12_004_001,779,466,466,0,7,459,EGYENI,,
52419,12_004_002,710,450,450,0,0,450,EGYENI,,
52421,12_004_003,750,515,515,0,4,511,EGYENI,,
52423,12_004_004,645,354,354,0,7,347,EGYENI,,
52425,12_004_005,633,399,399,0,5,394,EGYENI,,
52427,12_004_006,672,437,437,0,0,437,EGYENI,,
52429,12_004_007,741,478,478,0,9,469,EGYENI,,
52431,12_004_008,703,470,470,0,5,465,EGYENI,,
52433,12_005_001,523,357,357,0,2,355,EGYENI,,
52435,12_006_001,742,536,536,0,3,533,EGYENI,,
52437,12_006_002,656,469,469,0,2,467,EGYENI,,
52439,12_006_003,833,618,618,0,4,614,EGYENI,,
52441,12_007_001,809,564,564,0,4,560,EGYENI,,
52443,12_007_002,752,529,529,0,6,523,EGYENI,,
52445,12_008_001,1219,761,760,-1,6,754,EGYENI,,
52447,12_009_001,337,223,223,0,1,222,EGYENI,,
52449,12_010_001,747,536,536,0,5,531,EGYENI,,
52451,12_011_001,539,315,315,0,2,313,EGYENI,,
52453,12_011_002,568,386,386,0,3,383,EGYENI,,
52455,12_012_001,674,429,429,0,4,425,EGYENI,,
52457,12_012_002,628,385,384,-1,4,380,EGYENI,,
52459,12_013_001,776,561,561,0,2,559,EGYENI,,
52461,12_013_002,619,432,432,0,2,430,EGYENI,,
52871,12_013_003,687,415,415,0,2,413,EGYENI,,
52873,12_013_004,736,552,552,0,3,549,EGYENI,,
52875,12_014_001,630,380,380,0,3,377,EGYENI,,
52877,12_015_001,695,522,522,0,2,520,EGYENI,,
52879,12_015_002,1002,702,702,0,5,697,EGYENI,,
52881,12_016_001,208,142,142,0,0,142,EGYENI,,
52883,12_017_001,642,475,475,0,7,468,EGYENI,,
52885,12_017_002,829,521,521,0,8,513,EGYENI,,
52887,12_018_001,350,243,243,0,2,241,EGYENI,,
52889,12_019_001,290,178,178,0,2,176,EGYENI,,
52891,12_020_001,982,704,704,0,4,700,EGYENI,,
52893,12_020_002,744,508,508,0,2,506,EGYENI,,
52895,12_020_003,878,609,609,0,3,606,EGYENI,,
52897,12_021_001,808,627,627,0,3,624,EGYENI,,
52899,12_022_001,755,561,561,0,2,559,EGYENI,,
52901,12_023_001,1012,700,699,-1,2,697,EGYENI,,
52903,12_023_002,1108,748,748,0,1,747,EGYENI,,
52905,12_023_003,1041,781,781,0,5,776,EGYENI,,
52907,12_023_004,693,459,459,0,2,457,EGYENI,,
52909,12_023_005,743,535,535,0,0,535,EGYENI,,
52911,12_023_006,777,541,541,0,2,539,EGYENI,,
52913,12_023_007,776,513,512,-1,4,508,EGYENI,,
52915,12_023_008,1353,867,866,-1,10,856,EGYENI,,
52917,12_023_009,1215,782,781,-1,5,776,EGYENI,,
52919,12_023_010,975,673,673,0,6,667,EGYENI,,
52921,12_024_001,932,650,647,-3,8,639,EGYENI,,
52923,12_025_001,740,498,498,0,8,490,EGYENI,,
52925,12_025_002,454,317,317,0,3,314,EGYENI,,
52927,12_026_001,362,285,285,0,4,281,EGYENI,,
52929,12_027_001,497,377,376,-1,4,372,EGYENI,,
52931,12_028_001,802,602,602,0,0,602,EGYENI,,
52933,12_028_002,804,642,642,0,2,640,EGYENI,,
52935,12_028_003,743,583,583,0,3,580,EGYENI,,
52937,12_028_004,1114,777,777,0,4,773,EGYENI,,
52939,12_028_005,969,799,798,-1,4,794,EGYENI,,
52941,12_028_006,956,704,704,0,3,701,EGYENI,,
52943,12_028_007,951,752,751,-1,2,749,EGYENI,,
52945,12_028_008,635,468,468,0,3,465,EGYENI,,
52947,12_028_009,580,458,456,-2,2,454,EGYENI,,
52949,12_028_010,722,543,542,-1,0,542,EGYENI,,
52951,12_028_011,2895,2468,2442,-26,19,2423,EGYENI,,
52953,12_028_012,854,385,385,0,1,384,EGYENI,,
52955,12_028_013,733,503,502,-1,13,489,EGYENI,,
52957,12_028_014,876,593,593,0,2,591,EGYENI,,
52959,12_028_015,926,683,687,4,46,641,EGYENI,,
52961,12_028_016,598,470,470,0,1,469,EGYENI,,
52963,12_028_017,1234,818,818,0,6,812,EGYENI,,
52965,12_028_018,1177,886,886,0,6,880,EGYENI,,
52967,12_028_019,793,604,604,0,3,601,EGYENI,,
52969,12_028_020,922,693,693,0,9,684,EGYENI,,
52971,12_028_021,252,172,172,0,2,170,EGYENI,,
52973,12_028_022,717,424,424,0,4,420,EGYENI,,
52975,12_028_023,939,641,641,0,2,639,EGYENI,,
52977,12_028_024,833,600,600,0,2,598,EGYENI,,
52979,12_028_025,838,596,596,0,7,589,EGYENI,,
52981,12_028_026,869,536,536,0,3,533,EGYENI,,
52983,12_028_027,762,399,400,1,3,397,EGYENI,,
52985,12_029_001,484,362,362,0,7,355,EGYENI,,
52987,12_030_001,1126,837,837,0,3,834,EGYENI,,
52989,12_031_001,813,514,514,0,3,511,EGYENI,,
52991,12_032_001,866,590,590,0,2,588,EGYENI,,
52993,12_032_002,745,562,562,0,9,553,EGYENI,,
52995,12_033_001,531,345,345,0,6,339,EGYENI,,
52997,12_034_001,675,472,472,0,3,469,EGYENI,,
52999,12_034_002,741,545,544,-1,5,539,EGYENI,,
53001,12_034_003,697,451,451,0,1,450,EGYENI,,
53407,12_035_001,853,597,596,-1,2,594,EGYENI,,
53409,12_035_002,823,603,603,0,3,600,EGYENI,,
53411,12_035_003,761,492,491,-1,3,488,EGYENI,,
53413,12_035_004,772,552,552,0,3,549,EGYENI,,
53415,12_035_005,825,562,562,0,5,557,EGYENI,,
53417,12_035_006,368,258,258,0,2,256,EGYENI,,
53419,12_036_001,432,269,269,0,1,268,EGYENI,,
53421,12_037_001,1030,746,748,2,11,737,EGYENI,,
53423,12_037_002,1025,723,722,-1,4,718,EGYENI,,
53425,12_038_001,424,296,296,0,5,291,EGYENI,,
53427,12_038_002,959,719,716,-3,5,711,EGYENI,,
53429,12_038_003,614,471,471,0,5,466,EGYENI,,
53431,12_038_004,885,635,635,0,5,630,EGYENI,,
53433,12_038_005,1006,753,753,0,16,737,EGYENI,,
53435,12_038_006,875,623,623,0,0,623,EGYENI,,
53437,12_038_007,939,711,711,0,7,704,EGYENI,,
53439,12_038_008,3179,2697,2688,-9,18,2670,EGYENI,,
53441,12_038_009,716,458,458,0,8,450,EGYENI,,
53443,12_038_010,1273,955,955,0,6,949,EGYENI,,
53445,12_038_011,569,368,368,0,6,362,EGYENI,,
53447,12_038_012,884,663,663,0,2,661,EGYENI,,
53449,12_038_013,751,555,555,0,6,549,EGYENI,,
53451,12_038_014,796,554,554,0,3,551,EGYENI,,
53453,12_038_015,1090,727,726,-1,7,719,EGYENI,,
53455,12_038_016,1168,904,903,-1,11,892,EGYENI,,
53457,12_038_017,826,635,635,0,10,625,EGYENI,,
53459,12_039_001,833,573,572,-1,2,570,EGYENI,,
53461,12_040_001,929,703,702,-1,3,699,EGYENI,,
53463,12_040_002,863,655,654,-1,6,648,EGYENI,,
53465,12_040_003,914,603,603,0,10,593,EGYENI,,
53467,12_040_004,959,580,579,-1,4,575,EGYENI,,
53469,12_041_001,681,434,433,-1,3,430,EGYENI,,
53471,12_041_002,785,511,511,0,7,504,EGYENI,,
53473,12_041_003,729,432,432,0,5,427,EGYENI,,
53475,12_041_004,934,642,641,-1,2,639,EGYENI,,
53477,12_041_005,816,615,615,0,3,612,EGYENI,,
53479,12_042_001,1400,1011,1011,0,7,1004,EGYENI,,
53481,12_043_001,530,329,329,0,2,327,EGYENI,,
53483,12_044_001,834,571,571,0,0,571,EGYENI,,
53485,12_044_002,873,598,598,0,7,591,EGYENI,,
53487,12_045_001,690,538,538,0,8,530,EGYENI,,
53489,12_046_001,750,536,536,0,10,526,EGYENI,,
53491,12_046_002,652,459,459,0,2,457,EGYENI,,
53493,12_046_003,763,558,558,0,3,555,EGYENI,,
53495,12_046_004,130,70,70,0,3,67,EGYENI,,
53497,12_047_001,1144,675,675,0,5,670,EGYENI,,
53499,12_048_001,1038,703,703,0,3,700,EGYENI,,
53501,12_048_002,855,587,587,0,5,582,EGYENI,,
53503,12_049_001,535,390,390,0,1,389,EGYENI,,
53505,12_049_002,521,368,368,0,1,367,EGYENI,,
53507,12_050_001,807,481,481,0,5,476,EGYENI,,
53509,12_050_002,1137,866,866,0,3,863,EGYENI,,
53511,12_050_003,915,669,669,0,3,666,EGYENI,,
53513,12_050_004,822,647,647,0,3,644,EGYENI,,
53515,12_050_005,730,524,523,-1,1,522,EGYENI,,
53517,12_050_006,781,532,532,0,0,532,EGYENI,,
53519,12_050_007,698,485,485,0,4,481,EGYENI,,
53521,12_051_001,857,587,585,-2,1,584,EGYENI,,
53523,12_051_002,887,647,647,0,2,645,EGYENI,,
53525,12_051_003,944,649,649,0,2,647,EGYENI,,
53527,12_051_004,1174,665,663,-2,1,662,EGYENI,,
53529,12_051_005,1010,635,634,-1,5,629,EGYENI,,
53531,12_051_006,774,480,480,0,6,474,EGYENI,,
53533,12_051_007,962,535,534,-1,4,530,EGYENI,,
53943,12_051_008,915,476,476,0,3,473,EGYENI,,
53945,12_051_009,839,554,554,0,2,552,EGYENI,,
53947,12_051_010,898,604,604,0,3,601,EGYENI,,
53949,12_051_011,908,651,651,0,4,647,EGYENI,,
53951,12_051_012,821,524,524,0,5,519,EGYENI,,
53953,12_051_013,962,624,624,0,7,617,EGYENI,,
53955,12_051_014,940,688,686,-2,2,684,EGYENI,,
53957,12_051_015,921,696,696,0,6,690,EGYENI,,
53959,12_051_016,989,582,582,0,6,576,EGYENI,,
53961,12_052_001,1040,696,696,0,2,694,EGYENI,,
53963,12_052_002,941,710,709,-1,6,703,EGYENI,,
53965,12_053_001,784,535,535,0,9,526,EGYENI,,
53967,12_053_002,828,585,583,-2,7,576,EGYENI,,
53969,12_054_001,1063,731,726,-5,2,724,EGYENI,,
53971,12_055_001,712,503,503,0,3,500,EGYENI,,
53973,12_055_002,765,526,526,0,5,521,EGYENI,,
53975,12_055_003,766,481,481,0,0,481,EGYENI,,
53977,12_056_001,966,598,597,-1,2,595,EGYENI,,
53979,12_057_001,785,527,527,0,6,521,EGYENI,,
53981,12_057_002,858,622,622,0,1,621,EGYENI,,
53983,12_058_001,1173,783,782,-1,9,773,EGYENI,,
53985,12_059_001,956,724,724,0,9,715,EGYENI,,
53987,12_059_002,937,674,674,0,1,673,EGYENI,,
53989,12_060_001,868,656,656,0,5,651,EGYENI,,
53991,12_061_001,798,582,582,0,6,576,EGYENI,,
53993,12_061_002,902,680,680,0,2,678,EGYENI,,
53995,12_062_001,1322,919,919,0,0,919,EGYENI,,
53997,12_063_001,899,677,677,0,8,669,EGYENI,,
53999,12_063_002,1087,811,811,0,5,806,EGYENI,,
54001,12_063_003,107,64,64,0,1,63,EGYENI,,
54003,12_064_001,819,468,465,-3,1,464,EGYENI,,
54005,12_064_002,757,560,559,-1,0,559,EGYENI,,
54007,12_064_003,791,508,508,0,4,504,EGYENI,,
54009,12_064_004,827,587,587,0,5,582,EGYENI,,
54011,12_064_005,753,585,585,0,0,585,EGYENI,,
54013,12_064_006,764,554,554,0,3,551,EGYENI,,
54015,12_064_007,745,552,551,-1,1,550,EGYENI,,
54017,12_064_008,625,518,518,0,3,515,EGYENI,,
54019,12_064_009,680,479,479,0,2,477,EGYENI,,
54021,12_064_010,639,490,490,0,13,477,EGYENI,,
54023,12_064_011,557,435,435,0,2,433,EGYENI,,
54025,12_064_012,1071,763,762,-1,3,759,EGYENI,,
54027,12_064_013,627,499,499,0,2,497,EGYENI,,
54029,12_064_014,749,594,594,0,5,589,EGYENI,,
54031,12_064_015,763,632,630,-2,6,624,EGYENI,,
54033,12_064_016,699,549,548,-1,2,546,EGYENI,,
54035,12_064_017,788,591,590,-1,5,585,EGYENI,,
54037,12_064_018,720,495,493,-2,4,489,EGYENI,,
54039,12_064_019,731,554,554,0,0,554,EGYENI,,
54041,12_064_020,801,642,637,-5,3,634,EGYENI,,
54043,12_064_021,861,698,698,0,2,696,EGYENI,,
54045,12_064_022,997,662,662,0,4,658,EGYENI,,
54047,12_064_023,961,727,727,0,2,725,EGYENI,,
54049,12_064_024,493,404,401,-3,1,400,EGYENI,,
54051,12_065_001,977,673,673,0,3,670,EGYENI,,
54053,12_065_002,993,735,735,0,1,734,EGYENI,,
54055,12_065_003,581,284,284,0,1,283,EGYENI,,
54057,12_065_004,558,203,202,-1,4,198,EGYENI,,
54059,12_065_005,779,309,309,0,5,304,EGYENI,,
54061,12_065_006,849,469,467,-2,6,461,EGYENI,,
54063,12_065_007,882,612,612,0,2,610,EGYENI,,
54065,12_065_008,772,512,511,-1,4,507,EGYENI,,
54067,12_065_009,853,586,585,-1,1,584,EGYENI,,
54069,12_065_010,942,749,749,0,5,744,EGYENI,,
54071,12_065_011,889,673,672,-1,1,671,EGYENI,,
54491,12_065_012,1050,772,771,-1,4,767,EGYENI,,
54493,12_065_013,974,719,719,0,4,715,EGYENI,,
54495,12_065_014,890,594,592,-2,3,589,EGYENI,,
54497,12_065_015,738,484,483,-1,1,482,EGYENI,,
54499,12_065_016,655,499,499,0,1,498,EGYENI,,
54501,12_065_017,1107,826,825,-1,6,819,EGYENI,,
54503,12_065_018,1091,842,842,0,3,839,EGYENI,,
54505,12_065_019,1047,848,848,0,1,847,EGYENI,,
54507,12_065_020,935,697,696,-1,0,696,EGYENI,,
54509,12_065_021,796,607,607,0,4,603,EGYENI,,
54511,12_065_022,924,647,643,-4,3,640,EGYENI,,
54513,12_065_023,885,644,644,0,2,642,EGYENI,,
54515,12_065_024,866,622,622,0,5,617,EGYENI,,
54517,12_065_025,2691,2370,2366,-4,7,2359,EGYENI,,
54519,12_065_026,708,515,515,0,0,515,EGYENI,,
54521,12_065_027,859,646,646,0,2,644,EGYENI,,
54523,12_065_028,1044,703,701,-2,5,696,EGYENI,,
54525,12_065_029,858,597,597,0,9,588,EGYENI,,
54527,12_065_030,860,556,556,0,2,554,EGYENI,,
54529,12_065_031,831,578,578,0,6,572,EGYENI,,
54531,12_065_032,821,588,588,0,0,588,EGYENI,,
54533,12_065_033,849,610,610,0,9,601,EGYENI,,
54535,12_065_034,1007,640,640,0,0,640,EGYENI,,
54537,12_065_035,937,634,632,-2,2,630,EGYENI,,
54539,12_065_036,900,586,585,-1,0,585,EGYENI,,
54541,12_065_037,1681,648,642,-6,6,636,EGYENI,,
54543,12_065_038,966,661,659,-2,2,657,EGYENI,,
54545,12_065_039,1069,689,687,-2,5,682,EGYENI,,
54547,12_065_040,881,580,579,-1,6,573,EGYENI,,
54549,12_065_041,891,588,588,0,2,586,EGYENI,,
54551,12_065_042,771,490,490,0,3,487,EGYENI,,
54553,12_065_043,813,591,591,0,2,589,EGYENI,,
54555,12_065_044,911,677,677,0,4,673,EGYENI,,
54557,12_065_045,859,591,588,-3,2,586,EGYENI,,
54559,12_065_046,826,606,606,0,2,604,EGYENI,,
54561,12_065_047,954,682,680,-2,7,673,EGYENI,,
54563,12_065_048,823,610,609,-1,6,603,EGYENI,,
54565,12_065_049,945,673,673,0,4,669,EGYENI,,
54567,12_065_050,780,559,559,0,7,552,EGYENI,,
54569,12_065_051,742,512,512,0,2,510,EGYENI,,
54571,12_065_052,788,561,561,0,4,557,EGYENI,,
54573,12_065_053,1309,940,937,-3,42,895,EGYENI,,
54575,12_065_054,964,523,523,0,2,521,EGYENI,,
54577,12_065_055,967,500,499,-1,7,492,EGYENI,,
54579,12_065_056,854,478,477,-1,1,476,EGYENI,,
54581,12_065_057,928,692,692,0,4,688,EGYENI,,
54583,12_065_058,1073,794,793,-1,4,789,EGYENI,,
54585,12_065_059,1092,823,823,0,4,819,EGYENI,,
54587,12_065_060,869,526,526,0,7,519,EGYENI,,
54589,12_066_001,955,576,572,-4,3,569,EGYENI,,
54591,12_066_002,182,106,106,0,1,105,EGYENI,,
54593,12_067_001,545,411,411,0,1,410,EGYENI,,
54595,12_067_002,1071,785,784,-1,7,777,EGYENI,,
54597,12_067_003,727,522,522,0,2,520,EGYENI,,
54599,12_067_004,735,522,522,0,9,513,EGYENI,,
54601,12_067_005,760,552,552,0,3,549,EGYENI,,
54603,12_067_006,579,435,434,-1,5,429,EGYENI,,
54605,12_068_001,196,109,109,0,4,105,EGYENI,,
54607,12_068_002,659,448,448,0,1,447,EGYENI,,
54609,12_068_003,737,531,531,0,7,524,EGYENI,,
54611,12_068_004,665,443,443,0,4,439,EGYENI,,
54613,12_068_005,1040,723,723,0,2,721,EGYENI,,
54615,12_069_001,771,461,460,-1,3,457,EGYENI,,
55001,12_069_002,810,538,538,0,4,534,EGYENI,,
55003,12_069_003,678,471,471,0,6,465,EGYENI,,
55005,12_070_001,582,405,405,0,1,404,EGYENI,,
55007,12_071_001,460,347,347,0,2,345,EGYENI,,
55009,12_072_001,469,340,339,-1,3,336,EGYENI,,
55011,12_073_001,1078,810,810,0,9,801,EGYENI,,
55013,12_074_001,822,608,606,-2,1,605,EGYENI,,
55015,12_074_002,926,503,503,0,3,500,EGYENI,,
55017,12_074_003,845,666,666,0,3,663,EGYENI,,
55019,12_075_001,439,309,308,-1,3,305,EGYENI,,
55021,12_076_001,737,492,492,0,1,491,EGYENI,,
55023,12_076_002,624,437,437,0,1,436,EGYENI,,
55025,13_001_001,475,330,330,0,4,326,EGYENI,,
55027,13_002_001,207,168,168,0,2,166,EGYENI,,
55029,13_003_001,3475,2994,3002,8,95,2907,EGYENI,,
55031,13_003_002,812,560,559,-1,4,555,EGYENI,,
55033,13_003_003,808,600,600,0,4,596,EGYENI,,
55035,13_003_004,649,449,449,0,1,448,EGYENI,,
55037,13_003_005,755,588,588,0,3,585,EGYENI,,
55039,13_003_006,824,595,595,0,1,594,EGYENI,,
55041,13_003_007,775,546,546,0,1,545,EGYENI,,
55043,13_003_008,789,514,514,0,5,509,EGYENI,,
55045,13_003_009,691,517,516,-1,1,515,EGYENI,,
55047,13_003_010,879,565,565,0,7,558,EGYENI,,
55049,13_003_011,627,460,460,0,2,458,EGYENI,,
55051,13_003_012,796,595,593,-2,1,592,EGYENI,,
55053,13_003_013,717,560,560,0,1,559,EGYENI,,
55055,13_003_014,744,567,567,0,6,561,EGYENI,,
55057,13_003_015,703,553,553,0,1,552,EGYENI,,
55059,13_003_016,737,580,580,0,2,578,EGYENI,,
55061,13_004_001,558,421,421,0,7,414,EGYENI,,
55063,13_005_001,797,550,550,0,7,543,EGYENI,,
55065,13_006_001,547,339,339,0,1,338,EGYENI,,
55067,13_006_002,622,392,392,0,1,391,EGYENI,,
55069,13_006_003,775,476,476,0,5,471,EGYENI,,
55071,13_006_004,508,277,277,0,2,275,EGYENI,,
55073,13_006_005,681,373,373,0,7,366,EGYENI,,
55075,13_006_006,605,402,402,0,3,399,EGYENI,,
55077,13_006_007,1156,708,708,0,0,708,EGYENI,,
55079,13_006_008,619,382,382,0,9,373,EGYENI,,
55081,13_006_009,520,413,413,0,2,411,EGYENI,,
55083,13_006_010,695,475,475,0,5,470,EGYENI,,
55085,13_006_011,667,414,414,0,3,411,EGYENI,,
55087,13_006_012,623,430,430,0,0,430,EGYENI,,
55089,13_006_013,552,334,334,0,5,329,EGYENI,,
55091,13_006_014,578,302,302,0,12,290,EGYENI,,
55093,13_006_015,746,482,482,0,13,469,EGYENI,,
55095,13_007_001,459,326,326,0,5,321,EGYENI,,
55097,13_008_001,619,444,440,-4,6,434,EGYENI,,
55099,13_008_002,753,551,551,0,5,546,EGYENI,,
55101,13_009_001,503,390,390,0,1,389,EGYENI,,
55103,13_010_001,291,190,190,0,0,190,EGYENI,,
55105,13_011_001,88,77,77,0,0,77,EGYENI,,
55107,13_012_001,736,464,463,-1,7,456,EGYENI,,
55109,13_013_001,844,525,525,0,14,511,EGYENI,,
55111,13_013_002,817,542,542,0,6,536,EGYENI,,
55113,13_014_001,891,512,512,0,9,503,EGYENI,,
55115,13_015_001,285,210,210,0,1,209,EGYENI,,
55117,13_016_001,650,425,425,0,2,423,EGYENI,,
55119,13_017_001,97,83,83,0,3,80,EGYENI,,
55121,13_018_001,256,166,166,0,0,166,EGYENI,,
55123,13_019_001,735,477,477,0,4,473,EGYENI,,
55125,13_020_001,328,210,210,0,1,209,EGYENI,,
55127,13_021_001,70,57,57,0,1,56,EGYENI,,
55129,13_022_001,1120,722,679,-43,4,675,EGYENI,,
55525,13_023_001,689,433,433,0,6,427,EGYENI,,
55527,13_023_002,782,534,532,-2,7,525,EGYENI,,
55529,13_023_003,710,531,531,0,3,528,EGYENI,,
55531,13_024_001,503,367,367,0,4,363,EGYENI,,
55533,13_024_002,322,221,221,0,5,216,EGYENI,,
55535,13_025_001,1102,709,706,-3,5,701,EGYENI,,
55537,13_026_001,888,579,575,-4,10,565,EGYENI,,
55539,13_027_001,371,252,252,0,2,250,EGYENI,,
55541,13_028_001,513,337,337,0,5,332,EGYENI,,
55543,13_029_001,873,478,477,-1,3,474,EGYENI,,
55545,13_030_001,414,295,295,0,1,294,EGYENI,,
55547,13_031_001,418,258,258,0,1,257,EGYENI,,
55549,13_032_001,685,444,444,0,7,437,EGYENI,,
55551,13_032_002,131,65,65,0,1,64,EGYENI,,
55553,13_032_003,250,123,123,0,0,123,EGYENI,,
55555,13_033_001,671,452,452,0,6,446,EGYENI,,
55557,13_033_002,823,552,552,0,7,545,EGYENI,,
55559,13_033_003,635,436,436,0,3,433,EGYENI,,
55561,13_033_004,706,456,454,-2,3,451,EGYENI,,
55563,13_034_001,478,377,377,0,3,374,EGYENI,,
55565,13_035_001,109,77,77,0,0,77,EGYENI,,
55567,13_036_001,525,370,370,0,2,368,EGYENI,,
55569,13_037_001,44,34,34,0,2,32,EGYENI,,
55571,13_038_001,470,332,332,0,4,328,EGYENI,,
55573,13_039_001,777,509,507,-2,2,505,EGYENI,,
55575,13_040_001,264,204,204,0,4,200,EGYENI,,
55577,13_041_001,392,267,267,0,2,265,EGYENI,,
55579,13_042_001,142,112,112,0,0,112,EGYENI,,
55581,13_043_001,627,408,405,-3,5,400,EGYENI,,
55583,13_044_001,138,104,104,0,3,101,EGYENI,,
55585,13_045_001,343,214,214,0,4,210,EGYENI,,
55587,13_046_001,655,429,428,-1,1,427,EGYENI,,
55589,13_047_001,818,489,489,0,18,471,EGYENI,,
55591,13_047_002,749,498,498,0,2,496,EGYENI,,
55593,13_048_001,637,423,423,0,0,423,EGYENI,,
55595,13_048_002,558,366,364,-2,3,361,EGYENI,,
55597,13_049_001,683,447,447,0,6,441,EGYENI,,
55599,13_050_001,682,390,390,0,8,382,EGYENI,,
55601,13_050_002,561,359,358,-1,3,355,EGYENI,,
55603,13_050_003,168,117,117,0,1,116,EGYENI,,
55605,13_051_001,685,431,431,0,10,421,EGYENI,,
55607,13_051_002,708,451,451,0,6,445,EGYENI,,
55609,13_051_003,640,468,468,0,4,464,EGYENI,,
55611,13_052_001,917,500,500,0,12,488,EGYENI,,
55613,13_053_001,575,360,360,0,5,355,EGYENI,,
55615,13_053_002,610,343,343,0,7,336,EGYENI,,
55617,13_053_003,236,124,124,0,10,114,EGYENI,,
55619,13_054_001,1034,609,603,-6,6,597,EGYENI,,
55621,13_055_001,550,400,399,-1,5,394,EGYENI,,
55623,13_056_001,383,291,290,-1,1,289,EGYENI,,
55625,13_057_001,344,221,221,0,3,218,EGYENI,,
55627,13_058_001,145,123,123,0,0,123,EGYENI,,
55629,13_059_001,134,98,98,0,0,98,EGYENI,,
55631,13_060_001,460,324,324,0,8,316,EGYENI,,
55633,13_061_001,139,119,119,0,0,119,EGYENI,,
55635,13_062_001,82,62,62,0,0,62,EGYENI,,
55637,13_063_001,363,251,251,0,4,247,EGYENI,,
55639,13_064_001,605,358,358,0,8,350,EGYENI,,
55641,13_065_001,465,319,319,0,8,311,EGYENI,,
55643,13_066_001,624,315,314,-1,0,314,EGYENI,,
55645,13_066_002,386,208,208,0,4,204,EGYENI,,
55647,13_067_001,475,319,319,0,0,319,EGYENI,,
55649,13_067_002,147,85,85,0,3,82,EGYENI,,
55651,13_068_001,899,610,610,0,5,605,EGYENI,,
55653,13_069_001,185,155,155,0,4,151,EGYENI,,
55655,13_070_001,636,457,457,0,3,454,EGYENI,,
55657,13_071_001,904,612,612,0,2,610,EGYENI,,
55659,13_071_002,494,280,280,0,4,276,EGYENI,,
55661,13_072_001,744,492,492,0,8,484,EGYENI,,
55663,13_073_001,1206,834,834,0,6,828,EGYENI,,
56079,13_074_001,847,512,512,0,12,500,EGYENI,,
56081,13_074_002,578,348,348,0,3,345,EGYENI,,
56083,13_075_001,625,365,365,0,4,361,EGYENI,,
56085,13_075_002,631,296,296,0,16,280,EGYENI,,
56087,13_075_003,211,132,132,0,3,129,EGYENI,,
56089,13_076_001,468,335,335,0,2,333,EGYENI,,
56091,13_077_001,745,435,431,-4,5,426,EGYENI,,
56093,13_078_001,488,359,359,0,2,357,EGYENI,,
56095,13_079_001,217,160,160,0,2,158,EGYENI,,
56097,13_080_001,616,398,396,-2,5,391,EGYENI,,
56099,13_080_002,463,287,287,0,0,287,EGYENI,,
56101,13_080_003,58,47,47,0,2,45,EGYENI,,
56103,13_081_001,734,444,442,-2,4,438,EGYENI,,
56105,13_081_002,850,561,561,0,7,554,EGYENI,,
56107,13_082_001,591,380,378,-2,6,372,EGYENI,,
56109,13_083_001,940,646,646,0,14,632,EGYENI,,
56111,13_084_001,723,556,556,0,1,555,EGYENI,,
56113,13_084_002,484,366,366,0,1,365,EGYENI,,
56115,13_085_001,524,350,350,0,1,349,EGYENI,,
56117,13_086_001,381,263,263,0,1,262,EGYENI,,
56119,13_087_001,594,352,352,0,9,343,EGYENI,,
56121,13_087_002,616,343,343,0,3,340,EGYENI,,
56123,13_088_001,722,523,523,0,4,519,EGYENI,,
56125,13_089_001,610,418,418,0,1,417,EGYENI,,
56127,13_090_001,440,276,276,0,8,268,EGYENI,,
56129,13_091_001,935,704,704,0,6,698,EGYENI,,
56131,13_092_001,790,561,561,0,5,556,EGYENI,,
56133,13_093_001,262,198,198,0,3,195,EGYENI,,
56135,13_094_001,617,412,412,0,8,404,EGYENI,,
56137,13_094_002,659,450,450,0,5,445,EGYENI,,
56139,13_095_001,710,512,504,-8,4,500,EGYENI,,
56141,13_096_001,580,411,411,0,7,404,EGYENI,,
56143,13_097_001,937,680,680,0,10,670,EGYENI,,
56145,13_097_002,985,665,665,0,9,656,EGYENI,,
56147,13_097_003,710,515,515,0,5,510,EGYENI,,
56149,13_097_004,769,557,557,0,7,550,EGYENI,,
56151,13_097_005,988,711,710,-1,15,695,EGYENI,,
56153,13_097_006,914,656,656,0,8,648,EGYENI,,
56155,13_097_007,1046,823,823,0,16,807,EGYENI,,
56157,13_097_008,759,579,579,0,4,575,EGYENI,,
56159,13_097_009,301,230,230,0,5,225,EGYENI,,
56161,13_098_001,448,322,322,0,2,320,EGYENI,,
56163,13_099_001,113,98,98,0,0,98,EGYENI,,
56165,13_100_001,1141,814,814,0,9,805,EGYENI,,
56167,13_100_002,1073,772,772,0,7,765,EGYENI,,
56169,13_101_001,754,493,493,0,8,485,EGYENI,,
56171,13_101_002,568,396,396,0,3,393,EGYENI,,
56173,13_102_001,811,556,556,0,5,551,EGYENI,,
56175,13_102_002,948,594,594,0,2,592,EGYENI,,
56177,13_103_001,852,593,592,-1,3,589,EGYENI,,
56179,13_103_002,729,511,511,0,4,507,EGYENI,,
56181,13_103_003,863,589,589,0,7,582,EGYENI,,
56183,13_103_004,735,534,526,-8,6,520,EGYENI,,
56185,13_103_005,792,605,606,1,19,587,EGYENI,,
56187,13_103_006,779,582,582,0,4,578,EGYENI,,
56189,13_103_007,762,552,551,-1,8,543,EGYENI,,
56191,13_103_008,537,310,310,0,4,306,EGYENI,,
56193,13_103_009,215,125,125,0,3,122,EGYENI,,
56195,13_103_010,2922,2614,2603,-11,18,2585,EGYENI,,
56197,13_103_011,120,64,64,0,2,62,EGYENI,,
56199,13_103_012,123,92,92,0,0,92,EGYENI,,
56201,13_103_013,652,434,432,-2,4,428,EGYENI,,
56203,13_103_014,750,454,455,1,20,435,EGYENI,,
56205,13_103_015,576,295,295,0,8,287,EGYENI,,
56207,13_103_016,1086,655,655,0,20,635,EGYENI,,
56209,13_103_017,841,666,666,0,3,663,EGYENI,,
56211,13_103_018,1121,777,776,-1,8,768,EGYENI,,
56631,13_103_019,504,351,351,0,11,340,EGYENI,,
56633,13_103_020,601,422,422,0,1,421,EGYENI,,
56635,13_103_021,875,682,682,0,4,678,EGYENI,,
56637,13_103_022,768,538,537,-1,3,534,EGYENI,,
56639,13_103_023,569,403,402,-1,5,397,EGYENI,,
56641,13_103_024,616,398,398,0,5,393,EGYENI,,
56643,13_103_025,846,549,546,-3,1,545,EGYENI,,
56645,13_103_026,936,399,398,-1,2,396,EGYENI,,
56647,13_103_027,939,546,545,-1,4,541,EGYENI,,
56649,13_103_028,849,579,577,-2,3,574,EGYENI,,
56651,13_103_029,738,487,487,0,4,483,EGYENI,,
56653,13_103_030,560,381,381,0,5,376,EGYENI,,
56655,13_103_031,734,554,553,-1,3,550,EGYENI,,
56657,13_103_032,719,361,361,0,7,354,EGYENI,,
56659,13_103_033,651,353,353,0,2,351,EGYENI,,
56661,13_103_034,777,478,475,-3,2,473,EGYENI,,
56663,13_103_035,853,472,469,-3,3,466,EGYENI,,
56665,13_103_036,804,373,372,-1,15,357,EGYENI,,
56667,13_103_037,577,398,398,0,6,392,EGYENI,,
56669,13_103_038,1268,845,845,0,5,840,EGYENI,,
56671,13_103_039,855,530,530,0,8,522,EGYENI,,
56673,13_103_040,756,518,518,0,6,512,EGYENI,,
56675,13_104_001,754,445,445,0,5,440,EGYENI,,
56677,13_105_001,213,163,163,0,3,160,EGYENI,,
56679,13_106_001,649,377,377,0,5,372,EGYENI,,
56681,13_107_001,359,229,229,0,1,228,EGYENI,,
56683,13_108_001,357,239,239,0,5,234,EGYENI,,
56685,13_108_002,142,115,115,0,2,113,EGYENI,,
56687,13_109_001,324,224,223,-1,2,221,EGYENI,,
56689,13_110_001,371,250,250,0,3,247,EGYENI,,
56691,13_111_001,1004,763,760,-3,11,749,EGYENI,,
56693,13_111_002,250,189,189,0,2,187,EGYENI,,
56695,13_112_001,271,194,194,0,1,193,EGYENI,,
56697,13_113_001,170,133,133,0,1,132,EGYENI,,
56699,13_114_001,1038,730,729,-1,8,721,EGYENI,,
56701,13_114_002,1047,755,754,-1,8,746,EGYENI,,
56703,13_114_003,1060,757,757,0,5,752,EGYENI,,
56705,13_114_004,1121,796,796,0,4,792,EGYENI,,
56707,13_114_005,151,118,118,0,2,116,EGYENI,,
56709,13_114_006,205,132,132,0,0,132,EGYENI,,
56711,13_115_001,330,224,224,0,2,222,EGYENI,,
56713,13_116_001,218,137,137,0,2,135,EGYENI,,
56715,13_117_001,814,429,426,-3,7,419,EGYENI,,
56717,13_118_001,372,276,276,0,1,275,EGYENI,,
56719,13_118_002,72,63,61,-2,0,61,EGYENI,,
56721,13_119_001,912,677,677,0,7,670,EGYENI,,
56723,13_119_002,648,466,465,-1,11,454,EGYENI,,
56725,13_120_001,600,419,419,0,3,416,EGYENI,,
56727,13_120_002,541,384,384,0,2,382,EGYENI,,
56729,13_121_001,820,448,448,0,3,445,EGYENI,,
56731,13_121_002,682,443,443,0,5,438,EGYENI,,
56733,13_122_001,530,360,360,0,3,357,EGYENI,,
56735,13_123_001,279,212,212,0,3,209,EGYENI,,
56737,13_124_001,599,422,422,0,6,416,EGYENI,,
56739,13_125_001,994,612,612,0,8,604,EGYENI,,
56741,13_126_001,588,392,394,2,25,369,EGYENI,,
56743,13_126_002,698,509,509,0,4,505,EGYENI,,
56745,13_127_001,1061,664,662,-2,0,662,EGYENI,,
56747,13_128_001,343,162,162,0,4,158,EGYENI,,
56749,13_129_001,487,324,324,0,2,322,EGYENI,,
56751,13_130_001,481,326,326,0,2,324,EGYENI,,
56753,13_131_001,980,627,627,0,5,622,EGYENI,,
56755,13_131_002,813,576,576,0,3,573,EGYENI,,
56757,14_001_001,734,365,365,0,7,358,EGYENI,,
56759,14_001_002,746,458,458,0,7,451,EGYENI,,
56761,14_001_003,732,459,459,0,4,455,EGYENI,,
56763,14_001_004,726,468,466,-2,5,461,EGYENI,,
57167,14_001_005,712,442,442,0,7,435,EGYENI,,
57169,14_001_006,694,458,458,0,4,454,EGYENI,,
57171,14_001_007,697,419,419,0,5,414,EGYENI,,
57173,14_001_008,745,473,472,-1,2,470,EGYENI,,
57175,14_001_009,723,439,439,0,0,439,EGYENI,,
57177,14_001_010,763,476,476,0,9,467,EGYENI,,
57179,14_001_011,736,489,489,0,6,483,EGYENI,,
57181,14_001_012,687,436,436,0,4,432,EGYENI,,
57183,14_001_013,721,470,469,-1,6,463,EGYENI,,
57185,14_001_014,682,447,446,-1,6,440,EGYENI,,
57187,14_001_015,688,453,453,0,5,448,EGYENI,,
57189,14_001_016,622,440,440,0,0,440,EGYENI,,
57191,14_002_001,1098,686,685,-1,4,681,EGYENI,,
57193,14_003_001,560,431,430,-1,0,430,EGYENI,,
57195,14_003_002,593,456,454,-2,4,450,EGYENI,,
57197,14_003_003,653,396,395,-1,5,390,EGYENI,,
57199,14_003_004,554,377,377,0,2,375,EGYENI,,
57201,14_003_005,630,426,426,0,2,424,EGYENI,,
57203,14_003_006,663,417,417,0,7,410,EGYENI,,
57205,14_003_007,681,438,436,-2,3,433,EGYENI,,
57207,14_003_008,681,442,442,0,1,441,EGYENI,,
57209,14_003_009,642,441,439,-2,4,435,EGYENI,,
57211,14_003_010,618,371,371,0,3,368,EGYENI,,
57213,14_003_011,622,430,429,-1,4,425,EGYENI,,
57215,14_003_012,599,381,381,0,4,377,EGYENI,,
57217,14_003_013,572,383,382,-1,5,377,EGYENI,,
57219,14_003_014,615,410,410,0,1,409,EGYENI,,
57221,14_003_015,618,369,369,0,1,368,EGYENI,,
57223,14_003_016,635,391,391,0,6,385,EGYENI,,
57225,14_004_001,737,527,526,-1,7,519,EGYENI,,
57227,14_004_002,719,503,503,0,3,500,EGYENI,,
57229,14_004_003,773,518,518,0,3,515,EGYENI,,
57231,14_004_004,701,529,529,0,7,522,EGYENI,,
57233,14_004_005,996,722,722,0,7,715,EGYENI,,
57235,14_005_001,944,544,544,0,9,535,EGYENI,,
57237,14_006_001,837,577,578,1,16,562,EGYENI,,
57239,14_006_002,780,583,582,-1,3,579,EGYENI,,
57241,14_006_003,792,582,582,0,8,574,EGYENI,,
57243,14_006_004,979,744,743,-1,5,738,EGYENI,,
57245,14_006_005,538,411,411,0,4,407,EGYENI,,
57247,14_006_006,842,540,540,0,5,535,EGYENI,,
57249,14_007_001,956,640,640,0,5,635,EGYENI,,
57251,14_008_001,740,566,566,0,9,557,EGYENI,,
57253,14_008_002,772,527,527,0,5,522,EGYENI,,
57255,14_008_003,793,545,545,0,10,535,EGYENI,,
57257,14_008_004,687,493,493,0,7,486,EGYENI,,
57259,14_009_001,668,446,446,0,5,441,EGYENI,,
57261,14_010_001,977,717,715,-2,9,706,EGYENI,,
57263,14_011_001,1320,1017,994,-23,5,989,EGYENI,,
57265,14_011_002,1067,760,735,-25,7,728,EGYENI,,
57267,14_011_003,1180,935,935,0,9,926,EGYENI,,
57269,14_011_004,1346,1169,1168,-1,5,1163,EGYENI,,
57271,14_011_005,1054,827,825,-2,5,820,EGYENI,,
57273,14_011_006,1100,850,847,-3,9,838,EGYENI,,
57275,14_011_007,1392,974,972,-2,8,964,EGYENI,,
57277,14_011_008,1224,1001,1001,0,7,994,EGYENI,,
57279,14_012_001,706,591,590,-1,2,588,EGYENI,,
57281,14_012_002,727,585,585,0,3,582,EGYENI,,
57283,14_013_001,1057,838,835,-3,7,828,EGYENI,,
57285,14_013_002,973,719,719,0,4,715,EGYENI,,
57287,14_013_003,1176,941,939,-2,9,930,EGYENI,,
57289,14_013_004,986,702,700,-2,7,693,EGYENI,,
57291,14_013_005,1078,835,835,0,6,829,EGYENI,,
57293,14_013_006,1034,883,882,-1,5,877,EGYENI,,
57295,14_013_007,1054,873,873,0,4,869,EGYENI,,
57297,14_013_008,998,789,789,0,5,784,EGYENI,,
57299,14_014_001,687,586,586,0,6,580,EGYENI,,
57301,14_014_002,3657,3243,3240,-3,35,3205,EGYENI,,
57303,14_014_003,704,521,521,0,7,514,EGYENI,,
57305,14_014_004,616,472,472,0,7,465,EGYENI,,
57711,14_014_005,925,736,736,0,7,729,EGYENI,,
57713,14_014_006,762,629,629,0,2,627,EGYENI,,
57715,14_014_007,621,538,538,0,1,537,EGYENI,,
57717,14_014_008,675,593,593,0,1,592,EGYENI,,
57719,14_014_009,660,515,514,-1,5,509,EGYENI,,
57721,14_014_010,617,487,487,0,2,485,EGYENI,,
57723,14_014_011,606,482,483,1,12,471,EGYENI,,
57725,14_014_012,687,592,592,0,2,590,EGYENI,,
57727,14_014_013,728,591,591,0,7,584,EGYENI,,
57729,14_014_014,659,517,517,0,1,516,EGYENI,,
57731,14_014_015,775,614,612,-2,9,603,EGYENI,,
57733,14_014_016,645,474,474,0,2,472,EGYENI,,
57735,14_015_001,1143,944,942,-2,11,931,EGYENI,,
57737,14_015_002,1214,871,870,-1,12,858,EGYENI,,
57739,14_015_003,1116,848,848,0,6,842,EGYENI,,
57741,14_015_004,1047,851,850,-1,11,839,EGYENI,,
57743,14_015_005,1122,881,881,0,2,879,EGYENI,,
57745,14_015_006,996,824,823,-1,9,814,EGYENI,,
57747,14_015_007,1139,935,929,-6,3,926,EGYENI,,
57749,14_015_008,1084,903,903,0,6,897,EGYENI,,
57751,14_015_009,1053,739,739,0,12,727,EGYENI,,
57753,14_015_010,1089,805,803,-2,11,792,EGYENI,,
57755,14_015_011,1061,766,762,-4,8,754,EGYENI,,
57757,14_015_012,1100,781,778,-3,1,777,EGYENI,,
57759,14_015_013,1075,826,826,0,10,816,EGYENI,,
57761,14_015_014,1096,842,841,-1,10,831,EGYENI,,
57763,14_015_015,1016,794,793,-1,6,787,EGYENI,,
57765,14_015_016,1063,866,867,1,18,849,EGYENI,,
57767,14_015_017,1223,1026,1026,0,5,1021,EGYENI,,
57769,14_015_018,1244,1034,1027,-7,10,1017,EGYENI,,
57771,14_015_019,890,729,726,-3,7,719,EGYENI,,
57773,14_015_020,1079,907,907,0,1,906,EGYENI,,
57775,14_016_001,715,472,472,0,7,465,EGYENI,,
57777,14_016_002,747,495,495,0,3,492,EGYENI,,
57779,14_016_003,624,402,402,0,4,398,EGYENI,,
57781,14_016_004,733,496,496,0,8,488,EGYENI,,
57783,14_016_005,868,583,583,0,5,578,EGYENI,,
57785,14_016_006,206,124,124,0,0,124,EGYENI,,
57787,14_016_007,201,107,107,0,0,107,EGYENI,,
57789,14_017_001,761,603,603,0,1,602,EGYENI,,
57791,14_017_002,782,522,522,0,4,518,EGYENI,,
57793,14_017_003,1048,809,809,0,5,804,EGYENI,,
57795,14_017_004,737,558,558,0,3,555,EGYENI,,
57797,14_017_005,1091,772,770,-2,6,764,EGYENI,,
57799,14_017_006,743,568,568,0,4,564,EGYENI,,
57801,14_017_007,2377,2046,2027,-19,23,2004,EGYENI,,
57803,14_017_008,618,483,482,-1,1,481,EGYENI,,
57805,14_017_009,909,687,705,18,101,604,EGYENI,,
57807,14_017_010,921,699,699,0,6,693,EGYENI,,
57809,14_017_011,639,493,493,0,5,488,EGYENI,,
57811,14_017_012,631,484,484,0,3,481,EGYENI,,
57813,14_017_013,1222,841,839,-2,3,836,EGYENI,,
57815,14_017_014,1000,675,675,0,5,670,EGYENI,,
57817,14_017_015,846,648,649,1,16,633,EGYENI,,
57819,14_017_016,817,609,608,-1,4,604,EGYENI,,
57821,14_017_017,878,612,611,-1,3,608,EGYENI,,
57823,14_017_018,716,337,337,0,3,334,EGYENI,,
57825,14_017_019,209,85,85,0,2,83,EGYENI,,
57827,14_017_020,1171,648,648,0,3,645,EGYENI,,
57829,14_017_021,945,560,560,0,5,555,EGYENI,,
57831,14_017_022,1053,694,694,0,5,689,EGYENI,,
57833,14_017_023,1116,798,797,-1,10,787,EGYENI,,
57835,14_017_024,844,564,564,0,2,562,EGYENI,,
57837,14_017_025,882,562,562,0,7,555,EGYENI,,
57839,14_017_026,1094,495,494,-1,7,487,EGYENI,,
57841,14_017_027,1046,645,645,0,8,637,EGYENI,,
58265,14_017_028,806,569,568,-1,6,562,EGYENI,,
58267,14_017_029,647,391,391,0,8,383,EGYENI,,
58269,14_017_030,672,484,484,0,3,481,EGYENI,,
58271,14_017_031,911,702,704,2,22,682,EGYENI,,
58273,14_017_032,1333,787,788,1,25,763,EGYENI,,
58275,14_017_033,1040,682,690,8,68,622,EGYENI,,
58277,14_018_001,788,538,538,0,2,536,EGYENI,,
58279,14_018_002,741,503,503,0,6,497,EGYENI,,
58281,14_018_003,721,459,458,-1,7,451,EGYENI,,
58283,14_018_004,670,441,441,0,5,436,EGYENI,,
58285,14_018_005,616,414,414,0,2,412,EGYENI,,
58287,14_019_001,1192,775,775,0,4,771,EGYENI,,
58289,14_019_002,865,458,457,-1,9,448,EGYENI,,
58291,14_019_003,1254,671,671,0,6,665,EGYENI,,
58293,14_020_001,852,531,531,0,4,527,EGYENI,,
58295,14_020_002,757,461,461,0,5,456,EGYENI,,
58297,14_021_001,908,506,505,-1,6,499,EGYENI,,
58299,14_021_002,849,640,640,0,6,634,EGYENI,,
58301,14_021_003,845,661,661,0,5,656,EGYENI,,
58303,14_022_001,1224,907,907,0,10,897,EGYENI,,
58305,14_023_001,1138,885,885,0,5,880,EGYENI,,
58307,14_023_002,941,734,734,0,6,728,EGYENI,,
58309,14_023_003,976,766,764,-2,8,756,EGYENI,,
58311,14_023_004,970,715,715,0,17,698,EGYENI,,
58313,14_023_005,920,688,687,-1,10,677,EGYENI,,
58315,14_023_006,1080,840,838,-2,10,828,EGYENI,,
58317,14_023_007,1103,878,875,-3,12,863,EGYENI,,
58319,14_024_001,508,375,375,0,13,362,EGYENI,,
58321,14_025_001,841,543,543,0,7,536,EGYENI,,
58323,14_025_002,784,574,574,0,7,567,EGYENI,,
58325,14_025_003,955,729,729,0,8,721,EGYENI,,
58327,14_025_004,859,611,611,0,3,608,EGYENI,,
58329,14_025_005,789,563,563,0,0,563,EGYENI,,
58331,14_025_006,834,634,634,0,1,633,EGYENI,,
58333,14_025_007,853,541,541,0,6,535,EGYENI,,
58335,14_025_008,2729,2348,2345,-3,16,2329,EGYENI,,
58337,14_025_009,801,605,605,0,4,601,EGYENI,,
58339,14_025_010,806,545,545,0,6,539,EGYENI,,
58341,14_025_011,811,570,570,0,5,565,EGYENI,,
58343,14_025_012,861,617,617,0,5,612,EGYENI,,
58345,14_025_013,869,597,596,-1,10,586,EGYENI,,
58347,14_025_014,746,447,447,0,8,439,EGYENI,,
58349,14_025_015,1100,724,724,0,3,721,EGYENI,,
58351,14_025_016,625,423,423,0,3,420,EGYENI,,
58353,14_026_001,780,476,476,0,4,472,EGYENI,,
58355,14_026_002,1114,713,713,0,7,706,EGYENI,,
58357,14_026_003,316,203,203,0,1,202,EGYENI,,
58359,14_027_001,775,544,544,0,6,538,EGYENI,,
58361,14_027_002,808,589,588,-1,2,586,EGYENI,,
58363,14_027_003,862,596,596,0,9,587,EGYENI,,
58365,14_027_004,1001,674,674,0,17,657,EGYENI,,
58367,14_028_001,1090,680,680,0,6,674,EGYENI,,
58369,14_028_002,1139,783,783,0,5,778,EGYENI,,
58371,14_028_003,1096,700,700,0,5,695,EGYENI,,
58373,14_029_001,781,627,627,0,5,622,EGYENI,,
58375,14_029_002,980,754,754,0,4,750,EGYENI,,
58377,14_029_003,673,562,562,0,4,558,EGYENI,,
58379,14_029_004,904,705,705,0,3,702,EGYENI,,
58381,14_029_005,910,742,742,0,5,737,EGYENI,,
58383,14_029_006,972,792,792,0,3,789,EGYENI,,
58385,14_029_007,906,778,779,1,11,768,EGYENI,,
58387,14_029_008,1206,1030,1030,0,3,1027,EGYENI,,
58389,14_030_001,538,328,328,0,5,323,EGYENI,,
58391,14_030_002,745,583,583,0,10,573,EGYENI,,
58393,14_030_003,342,258,258,0,1,257,EGYENI,,
58395,14_031_001,900,555,555,0,3,552,EGYENI,,
58397,14_031_002,953,632,632,0,6,626,EGYENI,,
58399,14_031_003,969,536,536,0,12,524,EGYENI,,
58803,14_031_004,916,633,633,0,6,627,EGYENI,,
58805,14_031_005,915,550,550,0,14,536,EGYENI,,
58807,14_032_001,770,599,598,-1,4,594,EGYENI,,
58809,14_032_002,899,664,663,-1,14,649,EGYENI,,
58811,14_032_003,825,620,620,0,6,614,EGYENI,,
58813,14_033_001,1311,886,886,0,6,880,EGYENI,,
58815,14_033_002,988,707,706,-1,4,702,EGYENI,,
58817,14_033_003,976,698,699,1,21,678,EGYENI,,
58819,14_033_004,920,683,683,0,12,671,EGYENI,,
58821,14_033_005,956,682,680,-2,7,673,EGYENI,,
58823,14_033_006,994,762,762,0,6,756,EGYENI,,
58825,14_033_007,866,651,651,0,14,637,EGYENI,,
58827,14_033_008,1355,1042,1037,-5,7,1030,EGYENI,,
58829,14_033_009,963,735,734,-1,12,722,EGYENI,,
58831,14_033_010,1038,761,760,-1,9,751,EGYENI,,
58833,14_033_011,950,619,619,0,7,612,EGYENI,,
58835,14_033_012,1204,902,902,0,11,891,EGYENI,,
58837,14_033_013,1109,805,804,-1,5,799,EGYENI,,
58839,14_033_014,1112,766,766,0,11,755,EGYENI,,
58841,14_033_015,1035,751,750,-1,2,748,EGYENI,,
58843,14_033_016,941,710,709,-1,12,697,EGYENI,,
58845,14_034_001,1281,1015,1015,0,6,1009,EGYENI,,
58847,14_034_002,1101,903,902,-1,6,896,EGYENI,,
58849,14_034_003,1050,788,788,0,10,778,EGYENI,,
58851,14_034_004,1070,820,819,-1,1,818,EGYENI,,
58853,14_034_005,1096,798,798,0,5,793,EGYENI,,
58855,14_034_006,1215,869,869,0,3,866,EGYENI,,
58857,14_034_007,1007,751,750,-1,6,744,EGYENI,,
58859,14_034_008,1085,863,863,0,9,854,EGYENI,,
58861,14_034_009,1190,880,878,-2,2,876,EGYENI,,
58863,14_034_010,3646,3085,3085,0,36,3049,EGYENI,,
58865,14_034_011,874,629,628,-1,6,622,EGYENI,,
58867,14_034_012,901,682,682,0,4,678,EGYENI,,
58869,14_034_013,1114,919,919,0,7,912,EGYENI,,
58871,14_034_014,882,718,717,-1,6,711,EGYENI,,
58873,14_034_015,869,720,719,-1,3,716,EGYENI,,
58875,14_034_016,1133,900,898,-2,13,885,EGYENI,,
58877,14_034_017,985,781,779,-2,9,770,EGYENI,,
58879,14_034_018,923,698,698,0,1,697,EGYENI,,
58881,14_034_019,1238,951,951,0,8,943,EGYENI,,
58883,14_034_020,957,790,788,-2,7,781,EGYENI,,
58885,14_034_021,910,737,735,-2,9,726,EGYENI,,
58887,14_034_022,909,642,642,0,7,635,EGYENI,,
58889,14_034_023,1208,921,915,-6,3,912,EGYENI,,
58891,14_034_024,1066,808,810,2,16,794,EGYENI,,
58893,14_034_025,1393,1134,1134,0,9,1125,EGYENI,,
58895,14_034_026,1305,1003,1002,-1,8,994,EGYENI,,
58897,14_034_027,1387,1072,1072,0,6,1066,EGYENI,,
58899,14_034_028,1156,820,820,0,13,807,EGYENI,,
58901,14_034_029,1169,868,867,-1,7,860,EGYENI,,
58903,14_034_030,894,696,696,0,7,689,EGYENI,,
58905,14_035_001,955,677,677,0,9,668,EGYENI,,
58907,14_035_002,975,673,669,-4,4,665,EGYENI,,
58909,14_035_003,1104,723,723,0,6,717,EGYENI,,
58911,14_035_004,1107,725,725,0,3,722,EGYENI,,
58913,14_035_005,1040,784,783,-1,5,778,EGYENI,,
58915,14_035_006,1045,725,725,0,8,717,EGYENI,,
58917,14_036_001,969,710,710,0,10,700,EGYENI,,
58919,14_036_002,634,465,465,0,8,457,EGYENI,,
58921,14_036_003,811,606,606,0,7,599,EGYENI,,
58923,14_036_004,642,521,520,-1,4,516,EGYENI,,
58925,14_037_001,1027,679,679,0,16,663,EGYENI,,
58927,14_037_002,1075,725,725,0,7,718,EGYENI,,
58929,14_037_003,1054,692,692,0,9,683,EGYENI,,
58931,14_037_004,917,617,617,0,11,606,EGYENI,,
58933,14_037_005,1149,719,718,-1,3,715,EGYENI,,
59339,14_037_006,1086,696,696,0,7,689,EGYENI,,
59341,14_038_001,1137,689,689,0,5,684,EGYENI,,
59343,14_038_002,1076,763,763,0,8,755,EGYENI,,
59345,14_038_003,938,742,740,-2,7,733,EGYENI,,
59347,14_038_004,973,713,713,0,6,707,EGYENI,,
59349,14_038_005,964,532,531,-1,8,523,EGYENI,,
59351,14_038_006,1171,895,894,-1,5,889,EGYENI,,
59353,14_038_007,1223,903,902,-1,8,894,EGYENI,,
59355,14_038_008,1142,776,773,-3,2,771,EGYENI,,
59357,14_038_009,931,582,582,0,4,578,EGYENI,,
59359,14_038_010,1161,735,734,-1,5,729,EGYENI,,
59361,14_038_011,916,678,678,0,1,677,EGYENI,,
59363,14_038_012,1217,924,924,0,8,916,EGYENI,,
59365,14_038_013,1031,764,763,-1,2,761,EGYENI,,
59367,14_038_014,938,743,743,0,7,736,EGYENI,,
59369,14_038_015,1170,936,936,0,2,934,EGYENI,,
59371,14_038_016,1100,861,860,-1,3,857,EGYENI,,
59373,14_038_017,3278,2778,2776,-2,15,2761,EGYENI,,
59375,14_038_018,981,775,775,0,3,772,EGYENI,,
59377,14_038_019,1101,813,815,2,16,799,EGYENI,,
59379,14_038_020,1278,924,922,-2,5,917,EGYENI,,
59381,14_038_021,983,668,666,-2,3,663,EGYENI,,
59383,14_038_022,992,717,716,-1,15,701,EGYENI,,
59385,14_038_023,1033,812,812,0,7,805,EGYENI,,
59387,14_038_024,1043,847,847,0,6,841,EGYENI,,
59389,14_038_025,1123,803,802,-1,5,797,EGYENI,,
59391,14_038_026,1108,818,817,-1,5,812,EGYENI,,
59393,14_038_027,1176,891,890,-1,6,884,EGYENI,,
59395,14_038_028,1085,807,806,-1,4,802,EGYENI,,
59397,14_038_029,1128,937,937,0,7,930,EGYENI,,
59399,14_038_030,954,715,713,-2,6,707,EGYENI,,
59401,14_038_031,1032,775,773,-2,7,766,EGYENI,,
59403,14_038_032,1110,838,838,0,1,837,EGYENI,,
59405,14_038_033,1229,888,888,0,3,885,EGYENI,,
59407,14_038_034,1013,660,660,0,4,656,EGYENI,,
59409,14_038_035,1081,820,819,-1,3,816,EGYENI,,
59411,14_038_036,1110,837,835,-2,5,830,EGYENI,,
59413,14_038_037,1075,832,832,0,2,830,EGYENI,,
59415,14_038_038,1111,858,858,0,5,853,EGYENI,,
59417,14_038_039,1086,803,803,0,3,800,EGYENI,,
59419,14_038_040,1092,826,826,0,2,824,EGYENI,,
59421,14_038_041,1001,762,761,-1,9,752,EGYENI,,
59423,14_038_042,1073,846,842,-4,2,840,EGYENI,,
59425,14_038_043,1180,880,880,0,4,876,EGYENI,,
59427,14_038_044,998,729,728,-1,9,719,EGYENI,,
59429,14_038_045,1166,892,891,-1,3,888,EGYENI,,
59431,14_038_046,1148,927,917,-10,2,915,EGYENI,,
59433,14_038_047,1140,881,879,-2,1,878,EGYENI,,
59435,14_038_048,1182,856,856,0,1,855,EGYENI,,
59437,14_039_001,1136,744,744,0,9,735,EGYENI,,
59439,14_039_002,845,507,508,1,18,490,EGYENI,,
59441,14_039_003,832,456,456,0,11,445,EGYENI,,
59443,14_040_001,867,590,580,-10,6,574,EGYENI,,
59445,14_040_002,908,638,638,0,8,630,EGYENI,,
59447,14_040_003,1023,701,701,0,4,697,EGYENI,,
59449,14_041_001,950,724,724,0,9,715,EGYENI,,
59451,14_041_002,862,660,659,-1,12,647,EGYENI,,
59453,14_041_003,947,692,692,0,8,684,EGYENI,,
59455,14_041_004,912,706,706,0,5,701,EGYENI,,
59457,14_041_005,1032,741,738,-3,7,731,EGYENI,,
59459,14_041_006,951,698,698,0,5,693,EGYENI,,
59461,14_041_007,990,744,744,0,4,740,EGYENI,,
59463,14_041_008,833,633,634,1,18,616,EGYENI,,
59465,14_041_009,1150,772,772,0,3,769,EGYENI,,
51382,14_041_010,1038,781,780,-1,17,763,EGYENI,,
51384,14_041_011,856,647,647,0,5,642,EGYENI,,
51385,14_041_012,903,567,567,0,12,555,EGYENI,,
51387,14_041_013,1087,865,865,0,7,858,EGYENI,,
51389,14_041_014,960,738,738,0,6,732,EGYENI,,
51391,14_041_015,854,639,639,0,9,630,EGYENI,,
51393,14_041_016,1027,771,769,-2,7,762,EGYENI,,
51395,14_042_001,780,521,521,0,5,516,EGYENI,,
51397,14_043_001,683,545,545,0,6,539,EGYENI,,
51399,14_043_002,673,470,470,0,4,466,EGYENI,,
51401,14_043_003,712,451,450,-1,18,432,EGYENI,,
51403,14_044_001,906,594,594,0,7,587,EGYENI,,
51405,14_044_002,595,419,419,0,6,413,EGYENI,,
51407,14_045_001,1182,723,722,-1,2,720,EGYENI,,
51409,14_045_002,1061,655,655,0,6,649,EGYENI,,
51411,14_045_003,94,54,54,0,0,54,EGYENI,,
51413,14_046_001,768,631,631,0,8,623,EGYENI,,
51415,14_046_002,837,670,670,0,14,656,EGYENI,,
51417,14_046_003,849,693,693,0,5,688,EGYENI,,
51419,14_046_004,982,777,776,-1,15,761,EGYENI,,
51421,14_046_005,865,697,697,0,6,691,EGYENI,,
51423,14_046_006,916,750,750,0,21,729,EGYENI,,
51425,14_046_007,890,685,684,-1,15,669,EGYENI,,
51427,14_046_008,1013,793,793,0,10,783,EGYENI,,
51429,14_046_009,274,194,194,0,1,193,EGYENI,,
51431,14_046_010,735,550,549,-1,12,537,EGYENI,,
51433,14_046_011,865,697,697,0,13,684,EGYENI,,
51435,14_046_012,818,674,674,0,10,664,EGYENI,,
51437,14_046_013,816,591,591,0,16,575,EGYENI,,
51439,14_046_014,1164,901,901,0,16,885,EGYENI,,
51441,14_046_015,1141,885,885,0,23,862,EGYENI,,
51443,14_046_016,1099,829,829,0,15,814,EGYENI,,
51445,14_046_017,1248,1000,1000,0,13,987,EGYENI,,
51447,14_047_001,805,657,657,0,5,652,EGYENI,,
51449,14_047_002,802,545,541,-4,5,536,EGYENI,,
51451,14_047_003,1254,915,915,0,6,909,EGYENI,,
51453,14_047_004,809,614,614,0,9,605,EGYENI,,
51455,14_047_005,891,688,688,0,10,678,EGYENI,,
51457,14_047_006,1082,836,835,-1,11,824,EGYENI,,
51459,14_047_007,902,669,669,0,3,666,EGYENI,,
51461,14_047_008,846,672,670,-2,4,666,EGYENI,,
51463,14_047_009,929,738,737,-1,3,734,EGYENI,,
51465,14_047_010,285,158,158,0,6,152,EGYENI,,
51467,14_047_011,1097,877,877,0,10,867,EGYENI,,
51469,14_047_012,1045,853,852,-1,9,843,EGYENI,,
51471,14_047_013,870,671,669,-2,3,666,EGYENI,,
51473,14_047_014,851,639,640,1,20,620,EGYENI,,
51475,14_047_015,861,629,629,0,6,623,EGYENI,,
51477,14_047_016,939,734,732,-2,5,727,EGYENI,,
51479,14_047_017,831,611,608,-3,5,603,EGYENI,,
51481,14_047_018,778,566,566,0,7,559,EGYENI,,
51483,14_047_019,797,565,563,-2,10,553,EGYENI,,
51485,14_047_020,795,626,626,0,4,622,EGYENI,,
51487,14_047_021,1040,792,792,0,10,782,EGYENI,,
51489,14_047_022,618,482,482,0,5,477,EGYENI,,
51491,14_047_023,2883,2558,2563,5,70,2493,EGYENI,,
51493,14_047_024,1105,935,934,-1,9,925,EGYENI,,
51495,14_047_025,798,648,645,-3,5,640,EGYENI,,
51497,14_047_026,818,687,687,0,6,681,EGYENI,,
51499,14_047_027,882,620,620,0,3,617,EGYENI,,
51501,14_047_028,1051,852,851,-1,2,849,EGYENI,,
51503,14_048_001,1081,781,781,0,7,774,EGYENI,,
51505,14_048_002,1134,841,840,-1,15,825,EGYENI,,
51507,14_048_003,1185,788,787,-1,9,778,EGYENI,,
51509,14_048_004,1227,866,865,-1,9,856,EGYENI,,
51923,14_048_005,1141,769,770,1,20,750,EGYENI,,
51925,14_048_006,1109,690,690,0,14,676,EGYENI,,
51927,14_048_007,1074,717,717,0,9,708,EGYENI,,
51929,14_048_008,936,624,624,0,2,622,EGYENI,,
51931,14_048_009,1288,793,790,-3,10,780,EGYENI,,
51933,14_048_010,1101,729,727,-2,4,723,EGYENI,,
51935,14_048_011,824,502,502,0,8,494,EGYENI,,
51937,14_048_012,926,598,598,0,8,590,EGYENI,,
51939,14_048_013,857,503,503,0,7,496,EGYENI,,
51941,14_048_014,945,654,654,0,6,648,EGYENI,,
51943,14_048_015,996,620,618,-2,6,612,EGYENI,,
51945,14_048_016,789,492,491,-1,9,482,EGYENI,,
51947,14_048_017,1213,823,822,-1,9,813,EGYENI,,
51949,14_048_018,952,688,688,0,9,679,EGYENI,,
51951,14_049_001,997,706,706,0,3,703,EGYENI,,
51953,14_049_002,934,641,641,0,4,637,EGYENI,,
51955,14_049_003,784,570,570,0,6,564,EGYENI,,
51957,14_049_004,876,603,604,1,15,589,EGYENI,,
51959,14_049_005,817,628,626,-2,3,623,EGYENI,,
51961,14_049_006,686,489,489,0,8,481,EGYENI,,
51963,14_049_007,859,615,615,0,7,608,EGYENI,,
51965,14_049_008,992,707,707,0,8,699,EGYENI,,
51967,14_049_009,828,474,474,0,8,466,EGYENI,,
51969,14_049_010,848,607,606,-1,15,591,EGYENI,,
51971,14_049_011,754,539,539,0,6,533,EGYENI,,
51973,14_049_012,846,622,622,0,4,618,EGYENI,,
51975,14_049_013,759,557,557,0,7,550,EGYENI,,
51977,14_049_014,796,536,536,0,3,533,EGYENI,,
51979,14_049_015,836,621,621,0,7,614,EGYENI,,
51981,14_049_016,1185,903,901,-2,11,890,EGYENI,,
51983,14_050_001,1185,873,872,-1,6,866,EGYENI,,
51985,14_050_002,860,652,652,0,1,651,EGYENI,,
51987,14_050_003,997,716,716,0,6,710,EGYENI,,
51989,14_050_004,971,690,689,-1,6,683,EGYENI,,
51991,14_050_005,917,709,709,0,7,702,EGYENI,,
51993,14_050_006,1075,838,838,0,2,836,EGYENI,,
51995,14_050_007,1092,795,796,1,23,773,EGYENI,,
51997,14_050_008,1088,837,837,0,2,835,EGYENI,,
51999,14_051_001,872,696,695,-1,6,689,EGYENI,,
52001,14_051_002,899,726,726,0,6,720,EGYENI,,
52003,14_052_001,929,574,573,-1,1,572,EGYENI,,
52005,14_052_002,1191,701,700,-1,9,691,EGYENI,,
52007,14_052_003,1067,675,675,0,13,662,EGYENI,,
52009,14_053_001,950,708,708,0,9,699,EGYENI,,
52011,14_053_002,777,592,592,0,5,587,EGYENI,,
52013,14_053_003,779,601,601,0,7,594,EGYENI,,
52015,14_054_001,901,669,669,0,5,664,EGYENI,,
52017,14_054_002,749,544,544,0,11,533,EGYENI,,
52019,14_055_001,1044,707,707,0,11,696,EGYENI,,
52021,14_055_002,817,569,569,0,5,564,EGYENI,,
52023,14_055_003,911,612,610,-2,12,598,EGYENI,,
52025,14_055_004,852,609,607,-2,3,604,EGYENI,,
52027,14_056_001,293,214,214,0,2,212,EGYENI,,
52029,14_057_001,226,156,156,0,4,152,EGYENI,,
52031,14_058_001,1240,849,849,0,9,840,EGYENI,,
52033,14_058_002,1160,757,757,0,10,747,EGYENI,,
52035,14_058_003,1136,743,743,0,7,736,EGYENI,,
52037,14_058_004,1319,864,861,-3,6,855,EGYENI,,
52039,14_058_005,1031,753,754,1,21,733,EGYENI,,
52041,14_058_006,1043,779,771,-8,6,765,EGYENI,,
52043,14_058_007,1034,659,659,0,11,648,EGYENI,,
52045,14_058_008,1016,675,675,0,15,660,EGYENI,,
52047,14_059_001,771,424,424,0,6,418,EGYENI,,
52463,14_059_002,657,397,397,0,6,391,EGYENI,,
52465,14_059_003,639,439,439,0,14,425,EGYENI,,
52467,14_060_001,784,551,547,-4,3,544,EGYENI,,
52469,14_060_002,602,408,408,0,2,406,EGYENI,,
52471,14_060_003,866,608,608,0,9,599,EGYENI,,
52473,14_061_001,816,552,552,0,9,543,EGYENI,,
52475,14_061_002,811,534,534,0,8,526,EGYENI,,
52477,14_061_003,820,569,569,0,10,559,EGYENI,,
52479,14_061_004,766,522,522,0,9,513,EGYENI,,
52481,14_061_005,739,533,533,0,5,528,EGYENI,,
52483,14_061_006,760,484,483,-1,3,480,EGYENI,,
52485,14_062_001,524,344,344,0,3,341,EGYENI,,
52487,14_063_001,792,583,582,-1,5,577,EGYENI,,
52489,14_064_001,1060,737,736,-1,11,725,EGYENI,,
52491,14_064_002,995,738,735,-3,4,731,EGYENI,,
52493,14_064_003,1018,776,776,0,9,767,EGYENI,,
52495,14_064_004,1178,750,748,-2,9,739,EGYENI,,
52497,14_064_005,916,694,694,0,13,681,EGYENI,,
52499,14_064_006,1009,813,809,-4,7,802,EGYENI,,
52501,14_064_007,940,736,735,-1,2,733,EGYENI,,
52503,14_064_008,983,734,731,-3,10,721,EGYENI,,
52505,14_065_001,708,390,390,0,2,388,EGYENI,,
52507,14_065_002,1247,824,824,0,12,812,EGYENI,,
52509,14_065_003,1109,766,766,0,6,760,EGYENI,,
52511,14_065_004,1041,698,698,0,7,691,EGYENI,,
52513,14_065_005,1075,640,640,0,3,637,EGYENI,,
52515,14_065_006,1064,720,720,0,7,713,EGYENI,,
52517,14_065_007,830,553,552,-1,5,547,EGYENI,,
52519,14_066_001,907,713,713,0,10,703,EGYENI,,
52521,14_066_002,866,700,700,0,7,693,EGYENI,,
52523,14_067_001,576,409,395,-14,8,387,EGYENI,,
52525,14_068_001,751,587,587,0,5,582,EGYENI,,
52527,14_069_001,1287,1003,1002,-1,9,993,EGYENI,,
52529,14_069_002,1174,869,869,0,7,862,EGYENI,,
52531,14_069_003,1251,961,961,0,8,953,EGYENI,,
52533,14_069_004,1245,905,905,0,12,893,EGYENI,,
52535,14_069_005,1295,1049,1048,-1,10,1038,EGYENI,,
52537,14_069_006,1161,891,890,-1,5,885,EGYENI,,
52539,14_069_007,1104,836,835,-1,7,828,EGYENI,,
52541,14_069_008,1304,1004,1004,0,6,998,EGYENI,,
52543,14_070_001,656,452,452,0,8,444,EGYENI,,
52545,14_070_002,753,483,483,0,7,476,EGYENI,,
52547,14_071_001,1129,823,805,-18,6,799,EGYENI,,
52549,14_071_002,826,583,583,0,10,573,EGYENI,,
52551,14_072_001,610,396,396,0,4,392,EGYENI,,
52553,14_072_002,719,468,468,0,5,463,EGYENI,,
52555,14_072_003,1122,707,706,-1,13,693,EGYENI,,
52557,14_072_004,1019,620,620,0,2,618,EGYENI,,
52559,14_073_001,568,395,395,0,3,392,EGYENI,,
52561,14_074_001,633,437,427,-10,9,418,EGYENI,,
52563,14_075_001,859,659,660,1,16,644,EGYENI,,
52565,14_075_002,1027,792,791,-1,6,785,EGYENI,,
52567,14_075_003,916,737,737,0,5,732,EGYENI,,
52569,14_076_001,892,671,669,-2,5,664,EGYENI,,
52571,14_077_001,256,182,182,0,2,180,EGYENI,,
52573,14_078_001,1133,847,849,2,25,824,EGYENI,,
52575,14_078_002,1249,931,931,0,14,917,EGYENI,,
52577,14_078_003,1351,953,951,-2,10,941,EGYENI,,
52579,14_078_004,1152,837,836,-1,6,830,EGYENI,,
52581,14_078_005,1194,819,819,0,9,810,EGYENI,,
52583,14_078_006,1110,763,762,-1,8,754,EGYENI,,
52585,14_078_007,1153,835,833,-2,20,813,EGYENI,,
52587,14_078_008,1343,1042,1039,-3,6,1033,EGYENI,,
52589,14_079_001,1291,931,931,0,6,925,EGYENI,,
52591,14_080_001,997,623,623,0,11,612,EGYENI,,
52593,14_081_001,654,466,466,0,4,462,EGYENI,,
52595,14_082_001,772,491,491,0,4,487,EGYENI,,
53003,14_082_002,717,511,511,0,4,507,EGYENI,,
53005,14_082_003,825,536,535,-1,4,531,EGYENI,,
53007,14_082_004,969,679,679,0,14,665,EGYENI,,
53009,14_083_001,575,335,335,0,4,331,EGYENI,,
53011,14_084_001,1041,839,839,0,4,835,EGYENI,,
53013,14_084_002,1053,738,737,-1,3,734,EGYENI,,
53015,14_084_003,1075,854,856,2,25,831,EGYENI,,
53017,14_084_004,1032,772,771,-1,6,765,EGYENI,,
53019,14_084_005,1001,712,710,-2,9,701,EGYENI,,
53021,14_085_001,2552,2145,2141,-4,21,2120,EGYENI,,
53023,14_085_002,889,436,436,0,0,436,EGYENI,,
53025,14_085_003,880,620,620,0,3,617,EGYENI,,
53027,14_085_004,996,624,623,-1,4,619,EGYENI,,
53029,14_085_005,850,617,617,0,2,615,EGYENI,,
53031,14_085_006,864,607,607,0,3,604,EGYENI,,
53033,14_085_007,974,639,639,0,7,632,EGYENI,,
53035,14_085_008,799,509,508,-1,1,507,EGYENI,,
53037,14_085_009,903,653,653,0,2,651,EGYENI,,
53039,14_085_010,901,613,613,0,4,609,EGYENI,,
53041,14_085_011,928,693,693,0,4,689,EGYENI,,
53043,14_085_012,797,525,524,-1,2,522,EGYENI,,
53045,14_085_013,988,756,755,-1,3,752,EGYENI,,
53047,14_085_014,876,640,640,0,7,633,EGYENI,,
53049,14_085_015,856,563,563,0,3,560,EGYENI,,
53051,14_085_016,964,565,565,0,1,564,EGYENI,,
53053,14_086_001,504,326,326,0,8,318,EGYENI,,
53055,14_087_001,584,426,426,0,3,423,EGYENI,,
53057,14_087_002,846,568,567,-1,3,564,EGYENI,,
53059,14_087_003,713,466,466,0,5,461,EGYENI,,
53061,14_087_004,2846,2376,2379,3,65,2314,EGYENI,,
53063,14_087_005,1157,753,753,0,10,743,EGYENI,,
53065,14_087_006,1098,759,754,-5,28,726,EGYENI,,
53067,14_087_007,652,370,370,0,8,362,EGYENI,,
53069,14_087_008,1125,628,628,0,28,600,EGYENI,,
53071,14_087_009,694,447,447,0,6,441,EGYENI,,
53073,14_087_010,641,458,458,0,10,448,EGYENI,,
53075,14_087_011,655,453,453,0,7,446,EGYENI,,
53077,14_087_012,618,408,408,0,6,402,EGYENI,,
53079,14_088_001,698,575,575,0,11,564,EGYENI,,
53081,14_088_002,827,643,611,-32,6,605,EGYENI,,
53083,14_088_003,817,661,659,-2,3,656,EGYENI,,
53085,14_088_004,866,714,700,-14,4,696,EGYENI,,
53087,14_088_005,1183,1001,1001,0,8,993,EGYENI,,
53089,14_088_006,1156,945,943,-2,3,940,EGYENI,,
53091,14_089_001,1188,712,711,-1,10,701,EGYENI,,
53093,14_089_002,1114,821,823,2,30,793,EGYENI,,
53095,14_089_003,1071,739,739,0,9,730,EGYENI,,
53097,14_089_004,1043,673,673,0,5,668,EGYENI,,
53099,14_089_005,1107,703,703,0,10,693,EGYENI,,
53101,14_089_006,1092,768,767,-1,9,758,EGYENI,,
53103,14_089_007,889,575,575,0,11,564,EGYENI,,
53105,14_089_008,750,514,514,0,3,511,EGYENI,,
53107,14_089_009,758,508,508,0,9,499,EGYENI,,
53109,14_089_010,777,550,547,-3,6,541,EGYENI,,
53111,14_089_011,738,479,478,-1,4,474,EGYENI,,
53113,14_089_012,757,548,548,0,6,542,EGYENI,,
53115,14_089_013,1064,601,600,-1,9,591,EGYENI,,
53117,14_089_014,1070,628,627,-1,13,614,EGYENI,,
53119,14_089_015,754,555,555,0,11,544,EGYENI,,
53121,14_089_016,802,428,428,0,4,424,EGYENI,,
53123,14_089_017,1016,616,616,0,13,603,EGYENI,,
53125,14_089_018,868,516,516,0,10,506,EGYENI,,
53127,14_089_019,827,534,534,0,8,526,EGYENI,,
53129,14_089_020,972,526,526,0,8,518,EGYENI,,
53131,14_090_001,938,635,635,0,24,611,EGYENI,,
53133,14_090_002,1003,725,725,0,16,709,EGYENI,,
53135,14_090_003,819,644,643,-1,14,629,EGYENI,,
53535,14_090_004,1030,799,798,-1,22,776,EGYENI,,
53537,14_091_001,769,558,558,0,5,553,EGYENI,,
53539,14_091_002,780,617,616,-1,7,609,EGYENI,,
53541,14_091_003,853,678,678,0,5,673,EGYENI,,
53543,14_091_004,861,696,695,-1,13,682,EGYENI,,
53545,14_092_001,1043,641,640,-1,4,636,EGYENI,,
53547,14_092_002,1039,671,671,0,6,665,EGYENI,,
53549,14_092_003,936,551,551,0,0,551,EGYENI,,
53551,14_093_001,787,426,426,0,7,419,EGYENI,,
53553,14_093_002,737,456,456,0,7,449,EGYENI,,
53555,14_094_001,821,530,530,0,4,526,EGYENI,,
53557,14_094_002,940,656,656,0,2,654,EGYENI,,
53559,14_094_003,817,593,592,-1,6,586,EGYENI,,
53561,14_094_004,988,657,657,0,6,651,EGYENI,,
53563,14_094_005,724,491,491,0,1,490,EGYENI,,
53565,14_094_006,962,657,657,0,2,655,EGYENI,,
53567,14_094_007,649,440,440,0,3,437,EGYENI,,
53569,14_094_008,153,97,97,0,2,95,EGYENI,,
53571,14_094_009,428,223,222,-1,5,217,EGYENI,,
53573,14_094_010,933,633,633,0,5,628,EGYENI,,
53575,14_095_001,674,421,421,0,3,418,EGYENI,,
53577,14_095_002,1025,445,445,0,8,437,EGYENI,,
53579,14_095_003,904,572,572,0,5,567,EGYENI,,
53581,14_095_004,1002,597,597,0,8,589,EGYENI,,
53583,14_096_001,800,564,564,0,6,558,EGYENI,,
53585,14_096_002,905,679,678,-1,7,671,EGYENI,,
53587,14_096_003,701,499,499,0,4,495,EGYENI,,
53589,14_096_004,807,599,599,0,7,592,EGYENI,,
53591,14_096_005,791,593,593,0,3,590,EGYENI,,
53593,14_096_006,769,570,570,0,4,566,EGYENI,,
53595,14_096_007,877,627,627,0,2,625,EGYENI,,
53597,14_097_001,678,396,396,0,4,392,EGYENI,,
53599,14_097_002,778,366,365,-1,7,358,EGYENI,,
53601,14_098_001,947,678,678,0,16,662,EGYENI,,
53603,14_098_002,1136,887,886,-1,6,880,EGYENI,,
53605,14_098_003,1247,950,947,-3,10,937,EGYENI,,
53607,14_098_004,1239,828,827,-1,8,819,EGYENI,,
53609,14_098_005,1086,813,813,0,3,810,EGYENI,,
53611,14_099_001,1189,867,867,0,9,858,EGYENI,,
53613,14_100_001,850,580,580,0,10,570,EGYENI,,
53615,14_100_002,759,539,539,0,6,533,EGYENI,,
53617,14_101_001,270,201,201,0,1,200,EGYENI,,
53619,14_102_001,845,654,654,0,8,646,EGYENI,,
53621,14_102_002,823,636,635,-1,13,622,EGYENI,,
53623,14_102_003,1379,1005,1004,-1,16,988,EGYENI,,
53625,14_102_004,1356,897,897,0,16,881,EGYENI,,
53627,14_102_005,878,673,673,0,4,669,EGYENI,,
53629,14_102_006,696,551,551,0,7,544,EGYENI,,
53631,14_102_007,1016,759,749,-10,6,743,EGYENI,,
53633,14_102_008,855,659,660,1,10,650,EGYENI,,
53635,14_102_009,1075,759,758,-1,11,747,EGYENI,,
53637,14_102_010,867,659,659,0,8,651,EGYENI,,
53639,14_102_011,831,615,618,3,33,585,EGYENI,,
53641,14_102_012,950,677,676,-1,11,665,EGYENI,,
53643,14_102_013,835,613,613,0,4,609,EGYENI,,
53645,14_103_001,1015,698,698,0,8,690,EGYENI,,
53647,14_103_002,789,527,526,-1,4,522,EGYENI,,
53649,14_104_001,1149,595,597,2,26,571,EGYENI,,
53651,14_104_002,1148,763,763,0,5,758,EGYENI,,
53653,14_104_003,1035,694,694,0,6,688,EGYENI,,
53655,14_104_004,1122,767,765,-2,5,760,EGYENI,,
53657,14_104_005,1120,700,699,-1,3,696,EGYENI,,
53659,14_104_006,1116,608,608,0,10,598,EGYENI,,
53661,14_104_007,1136,640,640,0,7,633,EGYENI,,
53663,14_104_008,664,372,372,0,2,370,EGYENI,,
53665,14_104_009,632,364,364,0,5,359,EGYENI,,
53667,14_105_001,1048,833,831,-2,8,823,EGYENI,,
53669,14_105_002,1348,1053,1052,-1,5,1047,EGYENI,,
54073,14_105_003,479,345,345,0,4,341,EGYENI,,
54075,14_106_001,865,633,633,0,6,627,EGYENI,,
54077,14_106_002,1029,572,572,0,19,553,EGYENI,,
54079,14_106_003,1145,917,916,-1,14,902,EGYENI,,
54081,14_106_004,756,640,640,0,4,636,EGYENI,,
54083,14_106_005,1344,1037,1036,-1,7,1029,EGYENI,,
54085,14_106_006,688,569,569,0,2,567,EGYENI,,
54087,14_107_001,1266,910,908,-2,5,903,EGYENI,,
54089,14_108_001,915,718,718,0,8,710,EGYENI,,
54091,14_108_002,1149,821,821,0,10,811,EGYENI,,
54093,14_109_001,1182,934,934,0,10,924,EGYENI,,
54095,14_109_002,1184,928,927,-1,11,916,EGYENI,,
54097,14_109_003,1059,811,810,-1,14,796,EGYENI,,
54099,14_110_001,882,680,680,0,4,676,EGYENI,,
54101,14_110_002,804,588,588,0,2,586,EGYENI,,
54103,14_111_001,895,645,645,0,11,634,EGYENI,,
54105,14_112_001,1473,1091,1089,-2,9,1080,EGYENI,,
54107,14_112_002,1414,965,965,0,5,960,EGYENI,,
54109,14_112_003,1455,1075,1075,0,14,1061,EGYENI,,
54111,14_112_004,1371,1040,1036,-4,14,1022,EGYENI,,
54113,14_112_005,1320,919,919,0,6,913,EGYENI,,
54115,14_112_006,1431,1041,1040,-1,6,1034,EGYENI,,
54117,14_112_007,1406,1087,1087,0,8,1079,EGYENI,,
54119,14_112_008,1429,1036,1035,-1,3,1032,EGYENI,,
54121,14_113_001,829,604,602,-2,8,594,EGYENI,,
54123,14_113_002,789,619,619,0,3,616,EGYENI,,
54125,14_113_003,853,570,570,0,3,567,EGYENI,,
54127,14_113_004,748,425,425,0,4,421,EGYENI,,
54129,14_113_005,889,660,660,0,7,653,EGYENI,,
54131,14_113_006,849,668,668,0,5,663,EGYENI,,
54133,14_113_007,836,610,609,-1,1,608,EGYENI,,
54135,14_113_008,1003,785,782,-3,4,778,EGYENI,,
54137,14_113_009,936,747,742,-5,5,737,EGYENI,,
54139,14_113_010,787,587,587,0,4,583,EGYENI,,
54141,14_113_011,793,607,607,0,1,606,EGYENI,,
54143,14_113_012,795,602,602,0,6,596,EGYENI,,
54145,14_113_013,827,616,615,-1,1,614,EGYENI,,
54147,14_113_014,818,637,637,0,2,635,EGYENI,,
54149,14_113_015,866,668,668,0,4,664,EGYENI,,
54151,14_113_016,833,656,655,-1,5,650,EGYENI,,
54153,14_114_001,989,691,691,0,5,686,EGYENI,,
54155,14_114_002,862,604,604,0,8,596,EGYENI,,
54157,14_115_001,1091,649,649,0,7,642,EGYENI,,
54159,14_116_001,914,629,629,0,5,624,EGYENI,,
54161,14_117_001,1093,819,819,0,2,817,EGYENI,,
54163,14_118_001,559,407,407,0,4,403,EGYENI,,
54165,14_119_001,902,638,638,0,7,631,EGYENI,,
54167,14_119_002,1038,677,676,-1,5,671,EGYENI,,
54169,14_119_003,967,668,668,0,6,662,EGYENI,,
54171,14_119_004,1000,717,715,-2,8,707,EGYENI,,
54173,14_119_005,973,585,585,0,6,579,EGYENI,,
54175,14_119_006,1006,497,497,0,13,484,EGYENI,,
54177,14_119_007,1048,768,768,0,5,763,EGYENI,,
54179,14_119_008,1044,740,740,0,5,735,EGYENI,,
54181,14_120_001,1464,1081,1080,-1,14,1066,EGYENI,,
54183,14_121_001,957,746,746,0,6,740,EGYENI,,
54185,14_121_002,1087,892,887,-5,10,877,EGYENI,,
54187,14_121_003,984,813,813,0,8,805,EGYENI,,
54189,14_121_004,1059,900,900,0,7,893,EGYENI,,
54191,14_121_005,1219,946,946,0,9,937,EGYENI,,
54193,14_121_006,986,803,803,0,8,795,EGYENI,,
54195,14_121_007,1031,855,855,0,2,853,EGYENI,,
54197,14_121_008,958,735,735,0,14,721,EGYENI,,
54199,14_122_001,990,659,659,0,6,653,EGYENI,,
54201,14_122_002,782,593,593,0,3,590,EGYENI,,
54203,14_122_003,834,610,609,-1,2,607,EGYENI,,
54205,14_123_001,827,569,567,-2,3,564,EGYENI,,
54617,14_123_002,937,613,613,0,3,610,EGYENI,,
54619,14_123_003,929,657,657,0,4,653,EGYENI,,
54621,14_123_004,1029,697,697,0,8,689,EGYENI,,
54623,14_123_005,823,580,580,0,2,578,EGYENI,,
54625,14_123_006,933,686,685,-1,8,677,EGYENI,,
54627,14_123_007,1063,677,677,0,12,665,EGYENI,,
54629,14_124_001,1298,1008,1007,-1,5,1002,EGYENI,,
54631,14_124_002,1294,992,992,0,11,981,EGYENI,,
54633,14_124_003,1243,931,931,0,4,927,EGYENI,,
54635,14_125_001,811,572,571,-1,4,567,EGYENI,,
54637,14_125_002,845,547,547,0,4,543,EGYENI,,
54639,14_125_003,818,580,580,0,5,575,EGYENI,,
54641,14_125_004,893,652,652,0,8,644,EGYENI,,
54643,14_125_005,903,645,644,-1,7,637,EGYENI,,
54645,14_125_006,820,610,608,-2,2,606,EGYENI,,
54647,14_125_007,920,684,683,-1,8,675,EGYENI,,
54649,14_125_008,968,619,618,-1,7,611,EGYENI,,
54651,14_125_009,1002,674,671,-3,7,664,EGYENI,,
54653,14_125_010,962,760,756,-4,1,755,EGYENI,,
54655,14_125_011,965,773,773,0,14,759,EGYENI,,
54657,14_125_012,1034,814,812,-2,3,809,EGYENI,,
54659,14_125_013,835,652,651,-1,6,645,EGYENI,,
54661,14_125_014,838,705,695,-10,2,693,EGYENI,,
54663,14_125_015,1080,832,831,-1,2,829,EGYENI,,
54665,14_125_016,1072,867,867,0,3,864,EGYENI,,
54667,14_126_001,1022,839,839,0,2,837,EGYENI,,
54669,14_126_002,1026,695,695,0,11,684,EGYENI,,
54671,14_126_003,993,729,728,-1,10,718,EGYENI,,
54673,14_126_004,981,759,759,0,4,755,EGYENI,,
54675,14_126_005,985,761,759,-2,3,756,EGYENI,,
54677,14_126_006,986,783,783,0,2,781,EGYENI,,
54679,14_126_007,1029,718,718,0,6,712,EGYENI,,
54681,14_126_008,1062,845,845,0,5,840,EGYENI,,
54683,14_126_009,1032,771,770,-1,5,765,EGYENI,,
54685,14_126_010,1084,857,840,-17,8,832,EGYENI,,
54687,14_126_011,3747,3351,3345,-6,31,3314,EGYENI,,
54689,14_126_012,980,790,790,0,8,782,EGYENI,,
54691,14_126_013,989,839,836,-3,5,831,EGYENI,,
54693,14_126_014,975,802,802,0,6,796,EGYENI,,
54695,14_126_015,1019,795,794,-1,8,786,EGYENI,,
54697,14_126_016,989,763,762,-1,5,757,EGYENI,,
54699,14_126_017,1045,831,830,-1,3,827,EGYENI,,
54701,14_126_018,1170,915,914,-1,5,909,EGYENI,,
54703,14_126_019,1184,893,892,-1,6,886,EGYENI,,
54705,14_126_020,1075,826,826,0,3,823,EGYENI,,
54707,14_127_001,756,400,400,0,2,398,EGYENI,,
54709,14_127_002,733,400,400,0,5,395,EGYENI,,
54711,14_128_001,938,543,543,0,7,536,EGYENI,,
54713,14_128_002,925,593,593,0,7,586,EGYENI,,
54715,14_128_003,1112,615,614,-1,10,604,EGYENI,,
54717,14_128_004,954,601,601,0,10,591,EGYENI,,
54719,14_129_001,1092,785,785,0,7,778,EGYENI,,
54721,14_130_001,1012,680,678,-2,5,673,EGYENI,,
54723,14_130_002,953,657,657,0,8,649,EGYENI,,
54725,14_131_001,754,521,521,0,6,515,EGYENI,,
54727,14_131_002,835,538,537,-1,15,522,EGYENI,,
54729,14_131_003,872,570,569,-1,5,564,EGYENI,,
54731,14_131_004,853,576,576,0,8,568,EGYENI,,
54733,14_131_005,834,565,565,0,7,558,EGYENI,,
54735,14_131_006,976,664,663,-1,5,658,EGYENI,,
54737,14_131_007,741,414,414,0,2,412,EGYENI,,
54739,14_131_008,779,514,514,0,6,508,EGYENI,,
55131,14_131_009,892,585,585,0,5,580,EGYENI,,
55133,14_131_010,893,631,631,0,7,624,EGYENI,,
55135,14_131_011,770,508,507,-1,2,505,EGYENI,,
55137,14_131_012,824,570,570,0,7,563,EGYENI,,
55139,14_131_013,880,563,563,0,7,556,EGYENI,,
55141,14_131_014,1009,660,659,-1,6,653,EGYENI,,
55143,14_131_015,906,502,502,0,2,500,EGYENI,,
55145,14_131_016,946,673,673,0,6,667,EGYENI,,
55147,14_132_001,1014,762,762,0,7,755,EGYENI,,
55149,14_132_002,1050,744,744,0,3,741,EGYENI,,
55151,14_133_001,859,590,590,0,5,585,EGYENI,,
55153,14_133_002,965,702,702,0,5,697,EGYENI,,
55155,14_134_001,906,623,623,0,4,619,EGYENI,,
55157,14_134_002,1027,747,747,0,6,741,EGYENI,,
55159,14_134_003,994,654,654,0,7,647,EGYENI,,
55161,14_134_004,779,523,520,-3,1,519,EGYENI,,
55163,14_134_005,1010,765,765,0,3,762,EGYENI,,
55165,14_134_006,3252,2720,2716,-4,10,2706,EGYENI,,
55167,14_134_007,991,696,695,-1,3,692,EGYENI,,
55169,14_134_008,977,767,767,0,5,762,EGYENI,,
55171,14_134_009,1272,853,853,0,6,847,EGYENI,,
55173,14_134_010,960,594,594,0,2,592,EGYENI,,
55175,14_134_011,862,536,536,0,5,531,EGYENI,,
55177,14_134_012,641,457,457,0,4,453,EGYENI,,
55179,14_134_013,922,678,677,-1,0,677,EGYENI,,
55181,14_134_014,811,603,603,0,6,597,EGYENI,,
55183,14_134_015,964,675,675,0,1,674,EGYENI,,
55185,14_134_016,936,718,718,0,3,715,EGYENI,,
55187,14_134_017,752,563,563,0,5,558,EGYENI,,
55189,14_134_018,749,538,523,-15,9,514,EGYENI,,
55191,14_134_019,905,662,662,0,4,658,EGYENI,,
55193,14_134_020,1087,867,865,-2,7,858,EGYENI,,
55195,14_134_021,966,747,747,0,7,740,EGYENI,,
55197,14_134_022,964,669,669,0,4,665,EGYENI,,
55199,14_134_023,883,588,588,0,4,584,EGYENI,,
55201,14_134_024,952,625,624,-1,8,616,EGYENI,,
55203,14_134_025,1022,776,775,-1,9,766,EGYENI,,
55205,14_134_026,1196,792,792,0,8,784,EGYENI,,
55207,14_134_027,1164,785,784,-1,2,782,EGYENI,,
55209,14_134_028,1044,784,783,-1,5,778,EGYENI,,
55211,14_134_029,1030,707,707,0,9,698,EGYENI,,
55213,14_134_030,1002,680,680,0,4,676,EGYENI,,
55215,14_135_001,1020,715,713,-2,7,706,EGYENI,,
55217,14_135_002,731,521,521,0,3,518,EGYENI,,
55219,14_136_001,651,479,479,0,5,474,EGYENI,,
55221,14_136_002,648,436,436,0,6,430,EGYENI,,
55223,14_136_003,800,603,602,-1,4,598,EGYENI,,
55225,14_137_001,656,441,441,0,7,434,EGYENI,,
55227,14_137_002,816,592,592,0,5,587,EGYENI,,
55229,14_138_001,1161,840,840,0,9,831,EGYENI,,
55231,14_138_002,1120,818,816,-2,14,802,EGYENI,,
55233,14_139_001,945,776,776,0,4,772,EGYENI,,
55235,14_139_002,1021,782,782,0,8,774,EGYENI,,
55237,14_139_003,808,590,590,0,8,582,EGYENI,,
55239,14_139_004,737,594,594,0,7,587,EGYENI,,
55241,14_140_001,952,640,639,-1,7,632,EGYENI,,
55243,14_140_002,1153,823,823,0,7,816,EGYENI,,
55245,14_140_003,1301,1042,1041,-1,7,1034,EGYENI,,
55247,14_140_004,1246,948,948,0,3,945,EGYENI,,
55249,14_141_001,706,496,496,0,5,491,EGYENI,,
55251,14_141_002,959,706,706,0,2,704,EGYENI,,
55253,14_141_003,676,502,502,0,2,500,EGYENI,,
55255,14_141_004,948,657,657,0,6,651,EGYENI,,
55257,14_141_005,868,645,645,0,10,635,EGYENI,,
55259,14_141_006,820,615,603,-12,2,601,EGYENI,,
55665,14_142_001,778,481,481,0,6,475,EGYENI,,
55667,14_142_002,652,354,354,0,2,352,EGYENI,,
55669,14_143_001,997,646,643,-3,3,640,EGYENI,,
55671,14_143_002,849,478,478,0,2,476,EGYENI,,
55673,14_143_003,778,452,452,0,1,451,EGYENI,,
55675,14_144_001,852,532,531,-1,10,521,EGYENI,,
55677,14_144_002,924,613,613,0,8,605,EGYENI,,
55679,14_144_003,941,477,477,0,9,468,EGYENI,,
55681,14_145_001,573,313,313,0,6,307,EGYENI,,
55683,14_145_002,787,447,447,0,5,442,EGYENI,,
55685,14_145_003,601,338,343,5,11,332,EGYENI,,
55687,14_145_004,642,346,346,0,6,340,EGYENI,,
55689,14_146_001,522,288,288,0,4,284,EGYENI,,
55691,14_146_002,847,546,545,-1,5,540,EGYENI,,
55693,14_146_003,793,531,532,1,13,519,EGYENI,,
55695,14_147_001,767,478,478,0,5,473,EGYENI,,
55697,14_147_002,772,370,370,0,2,368,EGYENI,,
55699,14_147_003,686,418,418,0,6,412,EGYENI,,
55701,14_147_004,1140,766,766,0,7,759,EGYENI,,
55703,14_147_005,941,703,701,-2,10,691,EGYENI,,
55705,14_147_006,682,489,489,0,9,480,EGYENI,,
55707,14_148_001,846,498,498,0,5,493,EGYENI,,
55709,14_148_002,807,436,436,0,16,420,EGYENI,,
55711,14_148_003,676,368,368,0,4,364,EGYENI,,
55713,14_148_004,820,389,389,0,7,382,EGYENI,,
55715,14_148_005,828,505,505,0,13,492,EGYENI,,
55717,14_148_006,726,476,476,0,8,468,EGYENI,,
55719,14_149_001,973,676,677,1,25,652,EGYENI,,
55721,14_149_002,849,596,596,0,5,591,EGYENI,,
55723,14_149_003,946,693,693,0,10,683,EGYENI,,
55725,14_149_004,1181,663,663,0,14,649,EGYENI,,
55727,14_149_005,402,234,234,0,2,232,EGYENI,,
55729,14_150_001,489,224,224,0,1,223,EGYENI,,
55731,14_150_002,558,376,378,2,20,358,EGYENI,,
55733,14_150_003,816,482,482,0,9,473,EGYENI,,
55735,14_150_004,558,347,347,0,4,343,EGYENI,,
55737,14_151_001,1133,739,739,0,9,730,EGYENI,,
55739,14_151_002,903,661,661,0,7,654,EGYENI,,
55741,14_151_003,1146,872,865,-7,6,859,EGYENI,,
55743,14_151_004,1207,812,811,-1,4,807,EGYENI,,
55745,14_151_005,1064,750,750,0,3,747,EGYENI,,
55747,14_151_006,1051,786,786,0,5,781,EGYENI,,
55749,14_151_007,1036,802,802,0,2,800,EGYENI,,
55751,14_152_001,722,616,616,0,0,616,EGYENI,,
55753,14_152_002,706,621,620,-1,5,615,EGYENI,,
55755,14_152_003,640,541,539,-2,4,535,EGYENI,,
55757,14_152_004,688,589,584,-5,1,583,EGYENI,,
55759,14_153_001,68,55,55,0,0,55,EGYENI,,
55761,14_154_001,1311,948,946,-2,5,941,EGYENI,,
55763,14_155_001,890,508,508,0,6,502,EGYENI,,
55765,14_155_002,916,581,585,4,8,577,EGYENI,,
55767,14_155_003,938,530,530,0,14,516,EGYENI,,
55769,14_156_001,1037,752,751,-1,10,741,EGYENI,,
55771,14_157_001,823,544,544,0,4,540,EGYENI,,
55773,14_157_002,801,527,525,-2,1,524,EGYENI,,
55775,14_157_003,1094,756,755,-1,6,749,EGYENI,,
55777,14_157_004,1075,714,714,0,0,714,EGYENI,,
55779,14_157_005,1054,732,731,-1,6,725,EGYENI,,
55781,14_157_006,957,691,691,0,2,689,EGYENI,,
55783,14_157_007,1149,799,794,-5,4,790,EGYENI,,
55785,14_157_008,1155,817,817,0,5,812,EGYENI,,
55787,14_158_001,606,450,450,0,1,449,EGYENI,,
55789,14_158_002,571,409,408,-1,7,401,EGYENI,,
55791,14_158_003,567,397,396,-1,5,391,EGYENI,,
55793,14_158_004,632,472,472,0,5,467,EGYENI,,
55795,14_158_005,670,537,537,0,7,530,EGYENI,,
56213,14_158_006,662,543,543,0,6,537,EGYENI,,
56215,14_158_007,585,429,429,0,4,425,EGYENI,,
56217,14_158_008,608,481,465,-16,5,460,EGYENI,,
56219,14_158_009,699,584,584,0,1,583,EGYENI,,
56221,14_158_010,794,675,675,0,9,666,EGYENI,,
56223,14_158_011,693,439,439,0,1,438,EGYENI,,
56225,14_158_012,736,499,499,0,2,497,EGYENI,,
56227,14_158_013,587,476,475,-1,4,471,EGYENI,,
56229,14_158_014,579,436,436,0,3,433,EGYENI,,
56231,14_158_015,665,486,486,0,4,482,EGYENI,,
56233,14_158_016,661,524,525,1,13,512,EGYENI,,
56235,14_159_001,881,494,494,0,7,487,EGYENI,,
56237,14_159_002,842,541,541,0,9,532,EGYENI,,
56239,14_159_003,835,452,452,0,3,449,EGYENI,,
56241,14_159_004,725,400,400,0,11,389,EGYENI,,
56243,14_160_001,713,518,518,0,2,516,EGYENI,,
56245,14_160_002,1022,549,549,0,2,547,EGYENI,,
56247,14_160_003,935,622,621,-1,9,612,EGYENI,,
56249,14_160_004,671,393,393,0,0,393,EGYENI,,
56251,14_160_005,712,508,508,0,8,500,EGYENI,,
56253,14_160_006,704,522,522,0,3,519,EGYENI,,
56255,14_160_007,625,467,467,0,0,467,EGYENI,,
56257,14_160_008,744,516,516,0,7,509,EGYENI,,
56259,14_161_001,665,490,487,-3,6,481,EGYENI,,
56261,14_161_002,764,563,563,0,5,558,EGYENI,,
56263,14_161_003,786,577,576,-1,3,573,EGYENI,,
56265,14_162_001,691,458,458,0,3,455,EGYENI,,
56267,14_162_002,718,520,519,-1,3,516,EGYENI,,
56269,14_163_001,668,409,409,0,9,400,EGYENI,,
56271,14_163_002,723,480,481,1,19,462,EGYENI,,
56273,14_163_003,729,392,392,0,5,387,EGYENI,,
56275,14_164_001,1026,709,709,0,9,700,EGYENI,,
56277,14_164_002,990,658,658,0,3,655,EGYENI,,
56279,14_165_001,1159,820,819,-1,9,810,EGYENI,,
56281,14_165_002,1226,834,833,-1,8,825,EGYENI,,
56283,14_165_003,1037,664,665,1,16,649,EGYENI,,
56285,14_165_004,1014,645,644,-1,7,637,EGYENI,,
56287,14_165_005,1013,663,664,1,17,647,EGYENI,,
56289,14_165_006,1202,878,878,0,3,875,EGYENI,,
56291,14_165_007,1099,771,769,-2,17,752,EGYENI,,
56293,14_165_008,1385,963,963,0,6,957,EGYENI,,
56295,14_166_001,969,762,762,0,16,746,EGYENI,,
56297,14_166_002,1193,934,934,0,4,930,EGYENI,,
56299,14_166_003,1009,748,748,0,13,735,EGYENI,,
56301,14_166_004,1220,971,971,0,11,960,EGYENI,,
56303,14_166_005,1102,939,927,-12,2,925,EGYENI,,
56305,14_167_001,1024,607,606,-1,12,594,EGYENI,,
56307,14_167_002,831,483,483,0,13,470,EGYENI,,
56309,14_168_001,1287,878,877,-1,4,873,EGYENI,,
56311,14_168_002,259,147,147,0,2,145,EGYENI,,
56313,14_169_001,769,479,479,0,2,477,EGYENI,,
56315,14_169_002,1143,828,827,-1,3,824,EGYENI,,
56317,14_169_003,700,517,517,0,6,511,EGYENI,,
56319,14_169_004,1036,746,747,1,15,732,EGYENI,,
56321,14_169_005,928,698,699,1,12,687,EGYENI,,
56323,14_169_006,887,669,669,0,2,667,EGYENI,,
56325,14_169_007,791,604,602,-2,4,598,EGYENI,,
56327,14_169_008,788,605,604,-1,4,600,EGYENI,,
56329,14_169_009,861,648,648,0,9,639,EGYENI,,
56331,14_169_010,887,669,669,0,5,664,EGYENI,,
56333,14_169_011,962,652,652,0,6,646,EGYENI,,
56335,14_169_012,669,520,520,0,8,512,EGYENI,,
56337,14_169_013,693,503,502,-1,4,498,EGYENI,,
56339,14_169_014,816,622,622,0,4,618,EGYENI,,
56341,14_169_015,987,721,721,0,7,714,EGYENI,,
56343,14_169_016,674,455,455,0,5,450,EGYENI,,
56345,14_169_017,795,559,558,-1,11,547,EGYENI,,
56347,14_169_018,850,519,519,0,7,512,EGYENI,,
56765,14_169_019,604,477,478,1,13,465,EGYENI,,
56767,14_169_020,949,744,743,-1,3,740,EGYENI,,
56769,14_169_021,966,766,766,0,7,759,EGYENI,,
56771,14_169_022,671,532,532,0,1,531,EGYENI,,
56773,14_169_023,3149,2703,2697,-6,44,2653,EGYENI,,
56775,14_169_024,1172,906,906,0,5,901,EGYENI,,
56777,14_169_025,1111,860,860,0,5,855,EGYENI,,
56779,14_169_026,656,472,472,0,1,471,EGYENI,,
56781,14_169_027,821,600,600,0,2,598,EGYENI,,
56783,14_169_028,984,736,736,0,1,735,EGYENI,,
56785,14_169_029,1098,735,735,0,7,728,EGYENI,,
56787,14_169_030,1198,968,967,-1,4,963,EGYENI,,
56789,14_170_001,1144,810,810,0,9,801,EGYENI,,
56791,14_171_001,675,437,437,0,7,430,EGYENI,,
56793,14_172_001,727,535,535,0,9,526,EGYENI,,
56795,14_172_002,729,518,518,0,12,506,EGYENI,,
56797,14_173_001,380,258,258,0,3,255,EGYENI,,
56799,14_174_001,660,487,487,0,9,478,EGYENI,,
56801,14_174_002,778,558,558,0,10,548,EGYENI,,
56803,14_175_001,856,569,569,0,6,563,EGYENI,,
56805,14_175_002,782,543,543,0,5,538,EGYENI,,
56807,14_176_001,594,374,373,-1,3,370,EGYENI,,
56809,14_176_002,566,346,346,0,13,333,EGYENI,,
56811,14_177_001,2418,2080,2077,-3,18,2059,EGYENI,,
56813,14_177_002,587,461,461,0,6,455,EGYENI,,
56815,14_177_003,593,435,432,-3,5,427,EGYENI,,
56817,14_177_004,595,442,434,-8,3,431,EGYENI,,
56819,14_177_005,650,465,465,0,5,460,EGYENI,,
56821,14_177_006,677,505,505,0,9,496,EGYENI,,
56823,14_177_007,664,466,466,0,7,459,EGYENI,,
56825,14_177_008,612,421,413,-8,2,411,EGYENI,,
56827,14_177_009,599,402,402,0,11,391,EGYENI,,
56829,14_177_010,645,453,453,0,4,449,EGYENI,,
56831,14_177_011,633,441,442,1,17,425,EGYENI,,
56833,14_177_012,687,480,478,-2,6,472,EGYENI,,
56835,14_177_013,743,508,507,-1,8,499,EGYENI,,
56837,14_177_014,742,512,512,0,3,509,EGYENI,,
56839,14_177_015,784,619,617,-2,4,613,EGYENI,,
56841,14_177_016,629,456,454,-2,7,447,EGYENI,,
56843,14_177_017,641,479,479,0,8,471,EGYENI,,
56845,14_177_018,616,488,487,-1,7,480,EGYENI,,
56847,14_177_019,724,514,514,0,9,505,EGYENI,,
56849,14_177_020,716,517,517,0,13,504,EGYENI,,
56851,14_177_021,795,529,526,-3,6,520,EGYENI,,
56853,14_177_022,822,574,574,0,4,570,EGYENI,,
56855,14_177_023,788,535,535,0,10,525,EGYENI,,
56857,14_177_024,767,520,522,2,31,491,EGYENI,,
56859,14_178_001,714,527,527,0,2,525,EGYENI,,
56861,14_178_002,782,570,570,0,5,565,EGYENI,,
56863,14_178_003,669,433,437,4,33,404,EGYENI,,
56865,14_178_004,752,525,525,0,4,521,EGYENI,,
56867,14_178_005,691,486,485,-1,9,476,EGYENI,,
56869,14_178_006,700,545,545,0,7,538,EGYENI,,
56871,14_178_007,878,719,719,0,8,711,EGYENI,,
56873,14_178_008,827,669,668,-1,6,662,EGYENI,,
56875,14_178_009,1054,884,878,-6,8,870,EGYENI,,
56877,14_178_010,774,663,663,0,7,656,EGYENI,,
56879,14_178_011,834,668,671,3,24,647,EGYENI,,
56881,14_178_012,821,635,635,0,4,631,EGYENI,,
56883,14_178_013,797,599,599,0,9,590,EGYENI,,
56885,14_178_014,868,651,651,0,5,646,EGYENI,,
56887,14_178_015,789,554,554,0,8,546,EGYENI,,
56889,14_178_016,809,579,579,0,8,571,EGYENI,,
56891,14_178_017,670,561,560,-1,4,556,EGYENI,,
56893,14_179_001,941,758,758,0,4,754,EGYENI,,
56895,14_179_002,943,693,693,0,7,686,EGYENI,,
57307,14_179_003,950,714,715,1,15,700,EGYENI,,
57309,14_180_001,1069,680,678,-2,4,674,EGYENI,,
57311,14_181_001,744,574,574,0,9,565,EGYENI,,
57313,14_181_002,618,448,446,-2,8,438,EGYENI,,
57315,14_182_001,958,740,740,0,14,726,EGYENI,,
57317,14_183_001,1029,811,810,-1,11,799,EGYENI,,
57319,14_183_002,1167,808,807,-1,11,796,EGYENI,,
57321,14_183_003,923,701,698,-3,4,694,EGYENI,,
57323,14_183_004,969,728,727,-1,6,721,EGYENI,,
57325,14_184_001,921,606,606,0,3,603,EGYENI,,
57327,14_184_002,975,608,608,0,7,601,EGYENI,,
57329,14_185_001,827,411,410,-1,14,396,EGYENI,,
57331,14_185_002,719,475,475,0,10,465,EGYENI,,
57333,14_186_001,693,575,575,0,6,569,EGYENI,,
57335,14_187_001,1012,631,630,-1,7,623,EGYENI,,
57337,14_187_002,750,512,512,0,0,512,EGYENI,,
57339,14_187_003,797,500,499,-1,4,495,EGYENI,,
57341,14_187_004,1065,637,636,-1,4,632,EGYENI,,
57343,15_001_001,206,144,144,0,2,142,EGYENI,,
57345,15_002_001,719,469,469,0,2,467,EGYENI,,
57347,15_002_002,98,71,71,0,0,71,EGYENI,,
57349,15_003_001,766,472,472,0,8,464,EGYENI,,
57351,15_003_002,943,601,601,0,6,595,EGYENI,,
57353,15_004_001,630,375,375,0,4,371,EGYENI,,
57355,15_004_002,546,285,285,0,8,277,EGYENI,,
57357,15_005_001,155,83,83,0,0,83,EGYENI,,
57359,15_006_001,850,636,636,0,5,631,EGYENI,,
57361,15_007_001,888,664,660,-4,1,659,EGYENI,,
57363,15_007_002,724,494,494,0,2,492,EGYENI,,
57365,15_007_003,817,624,624,0,4,620,EGYENI,,
57367,15_007_004,821,577,577,0,0,577,EGYENI,,
57369,15_007_005,778,609,608,-1,7,601,EGYENI,,
57371,15_007_006,549,376,376,0,0,376,EGYENI,,
57373,15_008_001,1094,741,741,0,9,732,EGYENI,,
57375,15_009_001,726,504,502,-2,0,502,EGYENI,,
57377,15_009_002,829,561,559,-2,0,559,EGYENI,,
57379,15_009_003,108,75,75,0,0,75,EGYENI,,
57381,15_010_001,851,614,616,2,17,599,EGYENI,,
57383,15_010_002,971,751,750,-1,4,746,EGYENI,,
57385,15_011_001,646,450,450,0,1,449,EGYENI,,
57387,15_011_002,619,410,410,0,0,410,EGYENI,,
57389,15_012_001,812,547,547,0,4,543,EGYENI,,
57391,15_012_002,815,551,551,0,5,546,EGYENI,,
57393,15_012_003,705,520,520,0,7,513,EGYENI,,
57395,15_012_004,712,535,535,0,3,532,EGYENI,,
57397,15_012_005,819,606,606,0,9,597,EGYENI,,
57399,15_013_001,538,365,365,0,4,361,EGYENI,,
57401,15_014_001,398,293,293,0,4,289,EGYENI,,
57403,15_015_001,660,481,481,0,5,476,EGYENI,,
57405,15_015_002,566,348,348,0,2,346,EGYENI,,
57407,15_015_003,523,335,335,0,0,335,EGYENI,,
57409,15_015_004,568,355,355,0,3,352,EGYENI,,
57411,15_016_001,859,648,648,0,3,645,EGYENI,,
57413,15_016_002,874,629,629,0,3,626,EGYENI,,
57415,15_017_001,716,486,486,0,9,477,EGYENI,,
57417,15_017_002,669,528,528,0,5,523,EGYENI,,
57419,15_018_001,655,488,488,0,4,484,EGYENI,,
57421,15_018_002,625,446,446,0,9,437,EGYENI,,
57423,15_019_001,398,294,294,0,4,290,EGYENI,,
57425,15_020_001,1006,660,652,-8,2,650,EGYENI,,
57427,15_020_002,908,638,633,-5,2,631,EGYENI,,
57429,15_020_003,2505,2172,2171,-1,19,2152,EGYENI,,
57431,15_020_004,1135,567,567,0,7,560,EGYENI,,
57433,15_020_005,1055,661,660,-1,3,657,EGYENI,,
57435,15_020_006,1070,802,802,0,4,798,EGYENI,,
57437,15_020_007,1062,690,690,0,5,685,EGYENI,,
57843,15_020_008,1106,727,727,0,5,722,EGYENI,,
57845,15_020_009,513,331,329,-2,0,329,EGYENI,,
57847,15_020_010,248,181,181,0,7,174,EGYENI,,
57849,15_021_001,645,428,426,-2,4,422,EGYENI,,
57851,15_022_001,619,340,340,0,3,337,EGYENI,,
57853,15_023_001,458,271,271,0,2,269,EGYENI,,
57855,15_024_001,912,600,600,0,10,590,EGYENI,,
57857,15_025_001,305,174,174,0,9,165,EGYENI,,
57859,15_026_001,445,299,299,0,9,290,EGYENI,,
57861,15_027_001,825,579,579,0,5,574,EGYENI,,
57863,15_027_002,1054,636,636,0,1,635,EGYENI,,
57865,15_028_001,281,205,205,0,4,201,EGYENI,,
57867,15_029_001,304,224,224,0,5,219,EGYENI,,
57869,15_030_001,349,251,251,0,8,243,EGYENI,,
57871,15_031_001,547,311,311,0,5,306,EGYENI,,
57873,15_032_001,205,136,136,0,1,135,EGYENI,,
57875,15_033_001,890,564,564,0,5,559,EGYENI,,
57877,15_033_002,911,586,585,-1,8,577,EGYENI,,
57879,15_034_001,402,270,270,0,7,263,EGYENI,,
57881,15_035_001,615,421,421,0,3,418,EGYENI,,
57883,15_035_002,390,261,261,0,3,258,EGYENI,,
57885,15_036_001,214,104,104,0,0,104,EGYENI,,
57887,15_037_001,181,73,73,0,0,73,EGYENI,,
57889,15_038_001,165,125,125,0,2,123,EGYENI,,
57891,15_039_001,612,408,408,0,8,400,EGYENI,,
57893,15_039_002,559,325,325,0,4,321,EGYENI,,
57895,15_040_001,366,254,254,0,4,250,EGYENI,,
57897,15_041_001,207,141,141,0,0,141,EGYENI,,
57899,15_042_001,787,455,455,0,11,444,EGYENI,,
57901,15_043_001,217,149,149,0,1,148,EGYENI,,
57903,15_044_001,576,393,393,0,3,390,EGYENI,,
57905,15_044_002,720,418,418,0,5,413,EGYENI,,
57907,15_044_003,749,495,497,2,23,474,EGYENI,,
57909,15_044_004,791,549,549,0,0,549,EGYENI,,
57911,15_044_005,598,401,401,0,4,397,EGYENI,,
57913,15_044_006,571,355,355,0,3,352,EGYENI,,
57915,15_045_001,123,86,86,0,3,83,EGYENI,,
57917,15_046_001,689,418,416,-2,8,408,EGYENI,,
57919,15_047_001,114,77,77,0,2,75,EGYENI,,
57921,15_048_001,180,120,120,0,1,119,EGYENI,,
57923,15_049_001,149,111,111,0,0,111,EGYENI,,
57925,15_050_001,150,87,87,0,1,86,EGYENI,,
57927,15_051_001,289,193,193,0,0,193,EGYENI,,
57929,15_052_001,110,77,77,0,0,77,EGYENI,,
57931,15_053_001,244,147,147,0,1,146,EGYENI,,
57933,15_054_001,963,675,674,-1,1,673,EGYENI,,
57935,15_054_002,1029,771,770,-1,9,761,EGYENI,,
57937,15_054_003,1052,764,764,0,5,759,EGYENI,,
57939,15_054_004,978,663,663,0,11,652,EGYENI,,
57941,15_055_001,61,39,39,0,0,39,EGYENI,,
57943,15_056_001,72,47,47,0,0,47,EGYENI,,
57945,15_057_001,261,140,140,0,2,138,EGYENI,,
57947,15_058_001,486,296,295,-1,6,289,EGYENI,,
57949,15_058_002,87,59,59,0,1,58,EGYENI,,
57951,15_059_001,186,120,120,0,1,119,EGYENI,,
57953,15_060_001,264,165,165,0,7,158,EGYENI,,
57955,15_061_001,605,371,371,0,8,363,EGYENI,,
57957,15_061_002,82,54,54,0,0,54,EGYENI,,
57959,15_062_001,391,248,248,0,5,243,EGYENI,,
57961,15_062_002,486,254,253,-1,7,246,EGYENI,,
57963,15_063_001,801,557,557,0,7,550,EGYENI,,
57965,15_064_001,206,155,155,0,0,155,EGYENI,,
57967,15_065_001,176,125,125,0,4,121,EGYENI,,
57969,15_066_001,293,179,179,0,4,175,EGYENI,,
57971,15_067_001,348,205,205,0,3,202,EGYENI,,
57973,15_067_002,200,125,125,0,3,122,EGYENI,,
57975,15_068_001,320,177,178,1,7,171,EGYENI,,
57977,15_069_001,275,168,168,0,1,167,EGYENI,,
57979,15_070_001,205,127,127,0,3,124,EGYENI,,
57981,15_071_001,931,662,662,0,6,656,EGYENI,,
57983,15_072_001,198,122,122,0,4,118,EGYENI,,
58401,15_073_001,836,421,420,-1,12,408,EGYENI,,
58403,15_074_001,34,29,29,0,0,29,EGYENI,,
58405,15_075_001,1004,678,678,0,9,669,EGYENI,,
58407,15_076_001,362,211,211,0,1,210,EGYENI,,
58409,15_077_001,963,541,541,0,21,520,EGYENI,,
58411,15_078_001,964,545,544,-1,7,537,EGYENI,,
58413,15_079_001,373,187,187,0,1,186,EGYENI,,
58415,15_080_001,496,316,316,0,2,314,EGYENI,,
58417,15_081_001,953,671,671,0,9,662,EGYENI,,
58419,15_082_001,657,390,389,-1,8,381,EGYENI,,
58421,15_082_002,619,377,377,0,5,372,EGYENI,,
58423,15_082_003,678,407,407,0,8,399,EGYENI,,
58425,15_083_001,522,318,318,0,2,316,EGYENI,,
58427,15_084_001,677,463,463,0,9,454,EGYENI,,
58429,15_084_002,611,396,382,-14,5,377,EGYENI,,
58431,15_085_001,82,66,66,0,0,66,EGYENI,,
58433,15_086_001,352,200,200,0,10,190,EGYENI,,
58435,15_087_001,251,124,124,0,6,118,EGYENI,,
58437,15_088_001,655,431,431,0,3,428,EGYENI,,
58439,15_088_002,637,443,443,0,3,440,EGYENI,,
58441,15_088_003,640,469,468,-1,3,465,EGYENI,,
58443,15_089_001,786,541,540,-1,12,528,EGYENI,,
58445,15_090_001,573,431,430,-1,4,426,EGYENI,,
58447,15_091_001,1007,699,699,0,6,693,EGYENI,,
58449,15_091_002,676,490,490,0,2,488,EGYENI,,
58451,15_091_003,789,510,509,-1,4,505,EGYENI,,
58453,15_091_004,675,441,441,0,4,437,EGYENI,,
58455,15_091_005,939,660,658,-2,9,649,EGYENI,,
58457,15_091_006,986,738,737,-1,3,734,EGYENI,,
58459,15_091_007,1002,709,704,-5,4,700,EGYENI,,
58461,15_091_008,836,481,480,-1,1,479,EGYENI,,
58463,15_091_009,753,479,478,-1,5,473,EGYENI,,
58465,15_091_010,601,443,443,0,7,436,EGYENI,,
58467,15_091_011,667,487,487,0,1,486,EGYENI,,
58469,15_091_012,903,638,636,-2,3,633,EGYENI,,
58471,15_091_013,717,440,440,0,2,438,EGYENI,,
58473,15_091_014,592,402,402,0,3,399,EGYENI,,
58475,15_091_015,784,581,581,0,7,574,EGYENI,,
58477,15_091_016,1105,783,783,0,6,777,EGYENI,,
58479,15_091_017,1049,830,830,0,10,820,EGYENI,,
58481,15_091_018,761,533,534,1,24,510,EGYENI,,
58483,15_091_019,590,408,408,0,5,403,EGYENI,,
58485,15_091_020,741,486,486,0,7,479,EGYENI,,
58487,15_091_021,1005,746,746,0,5,741,EGYENI,,
58489,15_091_022,1075,741,740,-1,8,732,EGYENI,,
58491,15_091_023,1085,839,838,-1,3,835,EGYENI,,
58493,15_091_024,1310,883,881,-2,11,870,EGYENI,,
58495,15_091_025,712,495,495,0,3,492,EGYENI,,
58497,15_091_026,785,600,598,-2,9,589,EGYENI,,
58499,15_091_027,737,489,489,0,3,486,EGYENI,,
58501,15_091_028,703,457,457,0,3,454,EGYENI,,
58503,15_091_029,757,495,494,-1,1,493,EGYENI,,
58505,15_091_030,1128,793,792,-1,4,788,EGYENI,,
58507,15_091_031,1007,680,679,-1,5,674,EGYENI,,
58509,15_091_032,783,501,502,1,14,488,EGYENI,,
58511,15_091_033,852,599,599,0,4,595,EGYENI,,
58513,15_091_034,749,544,544,0,4,540,EGYENI,,
58515,15_091_035,709,566,566,0,6,560,EGYENI,,
58517,15_091_036,711,326,326,0,5,321,EGYENI,,
58519,15_091_037,3448,2977,2965,-12,19,2946,EGYENI,,
58521,15_091_038,923,655,651,-4,10,641,EGYENI,,
58523,15_091_039,1085,744,744,0,6,738,EGYENI,,
58525,15_091_040,810,617,616,-1,5,611,EGYENI,,
58527,15_091_041,780,622,621,-1,2,619,EGYENI,,
58529,15_091_042,830,660,659,-1,6,653,EGYENI,,
58531,15_091_043,845,656,656,0,3,653,EGYENI,,
58935,15_091_044,816,618,618,0,5,613,EGYENI,,
58937,15_091_045,836,632,632,0,2,630,EGYENI,,
58939,15_091_046,795,586,586,0,5,581,EGYENI,,
58941,15_091_047,652,519,519,0,2,517,EGYENI,,
58943,15_091_048,603,453,454,1,17,437,EGYENI,,
58945,15_091_049,677,558,557,-1,2,555,EGYENI,,
58947,15_091_050,920,675,676,1,9,667,EGYENI,,
58949,15_091_051,834,504,504,0,12,492,EGYENI,,
58951,15_091_052,1202,904,904,0,8,896,EGYENI,,
58953,15_091_053,627,436,434,-2,4,430,EGYENI,,
58955,15_091_054,1025,563,563,0,12,551,EGYENI,,
58957,15_091_055,931,412,412,0,9,403,EGYENI,,
58959,15_091_056,717,529,529,0,5,524,EGYENI,,
58961,15_091_057,1042,760,759,-1,2,757,EGYENI,,
58963,15_091_058,891,601,601,0,7,594,EGYENI,,
58965,15_091_059,1013,806,806,0,3,803,EGYENI,,
58967,15_092_001,540,382,382,0,1,381,EGYENI,,
58969,15_092_002,606,389,389,0,4,385,EGYENI,,
58971,15_093_001,175,108,107,-1,1,106,EGYENI,,
58973,15_094_001,82,59,59,0,0,59,EGYENI,,
58975,15_095_001,226,149,149,0,0,149,EGYENI,,
58977,15_096_001,440,248,248,0,3,245,EGYENI,,
58979,15_097_001,355,199,199,0,1,198,EGYENI,,
58981,15_098_001,43,27,27,0,0,27,EGYENI,,
58983,15_099_001,261,188,188,0,2,186,EGYENI,,
58985,15_100_001,297,169,169,0,3,166,EGYENI,,
58987,15_101_001,432,302,302,0,5,297,EGYENI,,
58989,15_102_001,585,351,351,0,7,344,EGYENI,,
58991,15_102_002,492,340,340,0,0,340,EGYENI,,
58993,15_102_003,602,410,410,0,2,408,EGYENI,,
58995,15_103_001,134,84,84,0,1,83,EGYENI,,
58997,15_104_001,290,148,148,0,4,144,EGYENI,,
58999,15_105_001,303,189,189,0,4,185,EGYENI,,
59001,15_106_001,127,84,84,0,2,82,EGYENI,,
59003,15_107_001,168,111,111,0,2,109,EGYENI,,
59005,15_108_001,707,419,419,0,5,414,EGYENI,,
59007,15_109_001,145,105,105,0,1,104,EGYENI,,
59009,15_110_001,401,250,250,0,1,249,EGYENI,,
59011,15_111_001,282,117,117,0,7,110,EGYENI,,
59013,15_111_002,129,77,77,0,3,74,EGYENI,,
59015,15_112_001,1178,784,784,0,2,782,EGYENI,,
59017,15_113_001,515,339,339,0,9,330,EGYENI,,
59019,15_113_002,597,348,348,0,9,339,EGYENI,,
59021,15_114_001,474,260,260,0,5,255,EGYENI,,
59023,15_115_001,435,200,200,0,4,196,EGYENI,,
59025,15_116_001,810,492,481,-11,19,462,EGYENI,,
59027,15_116_002,687,473,473,0,4,469,EGYENI,,
59029,15_117_001,518,365,365,0,4,361,EGYENI,,
59031,15_117_002,576,357,356,-1,3,353,EGYENI,,
59033,15_118_001,750,523,523,0,5,518,EGYENI,,
59035,15_118_002,742,463,463,0,0,463,EGYENI,,
59037,15_118_003,826,474,474,0,6,468,EGYENI,,
59039,15_119_001,30,23,23,0,0,23,EGYENI,,
59041,15_120_001,180,126,126,0,1,125,EGYENI,,
59043,15_121_001,529,346,346,0,4,342,EGYENI,,
59045,15_121_002,153,107,107,0,1,106,EGYENI,,
59047,15_122_001,471,312,312,0,3,309,EGYENI,,
59049,15_123_001,1008,633,633,0,7,626,EGYENI,,
59051,15_123_002,2761,2488,2473,-15,14,2459,EGYENI,,
59053,15_123_003,892,640,640,0,3,637,EGYENI,,
59055,15_123_004,1179,764,764,0,4,760,EGYENI,,
59057,15_123_005,1111,798,798,0,6,792,EGYENI,,
59059,15_123_006,1073,782,781,-1,3,778,EGYENI,,
59061,15_123_007,1134,727,727,0,241,486,EGYENI,,
59063,15_123_008,780,517,518,1,6,512,EGYENI,,
59065,15_123_009,1122,725,721,-4,5,716,EGYENI,,
59067,15_123_010,387,251,251,0,3,248,EGYENI,,
59069,15_123_011,78,56,56,0,0,56,EGYENI,,
59071,15_123_012,285,173,173,0,3,170,EGYENI,,
51511,15_124_001,504,360,360,0,3,357,EGYENI,,
51513,15_124_002,458,277,277,0,2,275,EGYENI,,
51515,15_124_003,111,64,64,0,0,64,EGYENI,,
51517,15_125_001,606,386,386,0,6,380,EGYENI,,
51519,15_125_002,405,302,302,0,3,299,EGYENI,,
51521,15_126_001,933,528,527,-1,4,523,EGYENI,,
51523,15_127_001,473,283,283,0,10,273,EGYENI,,
51525,15_128_001,170,117,117,0,0,117,EGYENI,,
51527,15_129_001,733,429,429,0,6,423,EGYENI,,
51529,15_130_001,215,147,147,0,2,145,EGYENI,,
51531,15_130_002,1026,775,769,-6,3,766,EGYENI,,
51533,15_130_003,1085,788,788,0,6,782,EGYENI,,
51535,15_130_004,1100,698,698,0,6,692,EGYENI,,
51537,15_130_005,1063,796,796,0,9,787,EGYENI,,
51539,15_130_006,1093,797,795,-2,8,787,EGYENI,,
51541,15_130_007,1113,800,800,0,17,783,EGYENI,,
51543,15_130_008,1037,724,724,0,2,722,EGYENI,,
51545,15_130_009,878,577,577,0,9,568,EGYENI,,
51547,15_131_001,839,507,507,0,11,496,EGYENI,,
51549,15_131_002,824,482,482,0,7,475,EGYENI,,
51551,15_131_003,795,386,386,0,6,380,EGYENI,,
51553,15_132_001,1076,640,638,-2,7,631,EGYENI,,
51555,15_133_001,1130,706,706,0,2,704,EGYENI,,
51557,15_134_001,272,212,212,0,2,210,EGYENI,,
51559,15_135_001,413,270,270,0,9,261,EGYENI,,
51561,15_136_001,300,182,182,0,3,179,EGYENI,,
51563,15_137_001,461,292,292,0,0,292,EGYENI,,
51565,15_138_001,493,289,289,0,22,267,EGYENI,,
51567,15_139_001,77,40,40,0,1,39,EGYENI,,
51569,15_140_001,496,301,301,0,5,296,EGYENI,,
51571,15_141_001,525,329,329,0,2,327,EGYENI,,
51573,15_142_001,260,169,169,0,1,168,EGYENI,,
51575,15_143_001,429,302,302,0,0,302,EGYENI,,
51577,15_144_001,631,422,422,0,4,418,EGYENI,,
51579,15_145_001,341,191,191,0,5,186,EGYENI,,
51581,15_145_002,227,158,158,0,0,158,EGYENI,,
51583,15_146_001,557,347,347,0,8,339,EGYENI,,
51585,15_146_002,573,354,354,0,2,352,EGYENI,,
51587,15_147_001,654,362,364,2,10,354,EGYENI,,
51589,15_148_001,100,65,65,0,0,65,EGYENI,,
51591,15_148_002,290,198,198,0,5,193,EGYENI,,
51593,15_149_001,202,126,126,0,3,123,EGYENI,,
51595,15_150_001,251,159,159,0,4,155,EGYENI,,
51597,15_151_001,47,38,38,0,0,38,EGYENI,,
51599,15_152_001,198,124,124,0,1,123,EGYENI,,
51601,15_153_001,223,143,142,-1,1,141,EGYENI,,
51603,15_154_001,126,83,83,0,1,82,EGYENI,,
51605,15_155_001,379,233,233,0,4,229,EGYENI,,
51607,15_156_001,164,109,109,0,0,109,EGYENI,,
51609,15_157_001,165,117,117,0,3,114,EGYENI,,
51611,15_158_001,211,148,148,0,1,147,EGYENI,,
51613,15_159_001,72,50,50,0,0,50,EGYENI,,
51615,15_160_001,150,86,86,0,2,84,EGYENI,,
51617,15_161_001,472,289,289,0,4,285,EGYENI,,
51619,15_161_002,120,70,70,0,1,69,EGYENI,,
51621,15_162_001,303,214,214,0,1,213,EGYENI,,
51623,15_163_001,373,258,258,0,3,255,EGYENI,,
51625,15_164_001,143,93,93,0,5,88,EGYENI,,
51627,15_165_001,122,89,89,0,0,89,EGYENI,,
51629,15_166_001,309,186,186,0,1,185,EGYENI,,
51631,15_167_001,222,145,143,-2,8,135,EGYENI,,
51633,15_168_001,33,19,19,0,3,16,EGYENI,,
51635,15_169_001,764,519,519,0,6,513,EGYENI,,
51637,15_169_002,733,482,481,-1,9,472,EGYENI,,
51639,15_170_001,413,297,297,0,5,292,EGYENI,,
51641,15_171_001,351,208,206,-2,1,205,EGYENI,,
51643,15_172_001,880,459,459,0,11,448,EGYENI,,
51645,15_172_002,1000,517,517,0,10,507,EGYENI,,
51647,15_173_001,118,91,91,0,0,91,EGYENI,,
51649,15_174_001,277,198,198,0,1,197,EGYENI,,
52049,15_175_001,249,177,177,0,1,176,EGYENI,,
52051,15_175_002,588,429,428,-1,3,425,EGYENI,,
52053,15_175_003,567,431,431,0,1,430,EGYENI,,
52055,15_175_004,402,222,222,0,0,222,EGYENI,,
52057,15_175_005,1146,829,828,-1,2,826,EGYENI,,
52059,15_175_006,1370,1086,1082,-4,3,1079,EGYENI,,
52061,15_175_007,949,681,681,0,5,676,EGYENI,,
52063,15_175_008,850,641,641,0,5,636,EGYENI,,
52065,15_175_009,956,713,711,-2,3,708,EGYENI,,
52067,15_175_010,1095,788,788,0,5,783,EGYENI,,
52069,15_175_011,3524,3105,3085,-20,28,3057,EGYENI,,
52071,15_175_012,593,440,440,0,2,438,EGYENI,,
52073,15_175_013,698,470,470,0,5,465,EGYENI,,
52075,15_175_014,929,640,640,0,3,637,EGYENI,,
52077,15_175_015,792,568,568,0,3,565,EGYENI,,
52079,15_175_016,828,620,618,-2,2,616,EGYENI,,
52081,15_175_017,1152,749,748,-1,12,736,EGYENI,,
52083,15_175_018,1059,724,724,0,2,722,EGYENI,,
52085,15_175_019,1143,764,764,0,3,761,EGYENI,,
52087,15_175_020,1262,855,855,0,8,847,EGYENI,,
52089,15_175_021,1304,911,911,0,2,909,EGYENI,,
52091,15_175_022,264,196,196,0,3,193,EGYENI,,
52093,15_175_023,685,493,493,0,1,492,EGYENI,,
52095,15_176_001,491,315,315,0,5,310,EGYENI,,
52097,15_177_001,533,357,357,0,7,350,EGYENI,,
52099,15_178_001,314,188,188,0,2,186,EGYENI,,
52101,15_179_001,127,75,75,0,3,72,EGYENI,,
52103,15_180_001,116,73,73,0,3,70,EGYENI,,
52105,15_181_001,451,302,302,0,3,299,EGYENI,,
52107,15_181_002,147,94,94,0,4,90,EGYENI,,
52109,15_182_001,396,282,282,0,2,280,EGYENI,,
52112,15_183_001,71,56,56,0,0,56,EGYENI,,
52114,15_184_001,116,76,76,0,0,76,EGYENI,,
52115,15_185_001,119,78,78,0,1,77,EGYENI,,
52117,15_186_001,155,89,88,-1,1,87,EGYENI,,
52119,15_187_001,383,245,245,0,1,244,EGYENI,,
52121,15_188_001,339,206,206,0,3,203,EGYENI,,
52123,15_189_001,528,350,350,0,3,347,EGYENI,,
52125,15_189_002,723,435,433,-2,6,427,EGYENI,,
52127,15_190_001,392,227,227,0,3,224,EGYENI,,
52129,15_191_001,487,302,302,0,2,300,EGYENI,,
52131,15_192_001,999,562,562,0,8,554,EGYENI,,
52133,15_193_001,51,35,35,0,0,35,EGYENI,,
52135,15_194_001,479,260,260,0,6,254,EGYENI,,
52137,15_195_001,542,351,351,0,4,347,EGYENI,,
52139,15_196_001,541,401,400,-1,2,398,EGYENI,,
52141,15_196_002,708,475,474,-1,2,472,EGYENI,,
52143,15_197_001,354,248,248,0,2,246,EGYENI,,
52145,15_198_001,432,301,301,0,2,299,EGYENI,,
52147,15_198_002,415,283,283,0,2,281,EGYENI,,
52149,15_199_001,583,353,353,0,3,350,EGYENI,,
52151,15_200_001,767,528,528,0,4,524,EGYENI,,
52153,15_200_002,455,277,277,0,1,276,EGYENI,,
52155,15_200_003,118,62,62,0,2,60,EGYENI,,
52157,15_201_001,242,128,128,0,1,127,EGYENI,,
52159,15_201_002,169,121,121,0,1,120,EGYENI,,
52161,15_202_001,233,150,150,0,3,147,EGYENI,,
52163,15_203_001,395,260,260,0,5,255,EGYENI,,
52165,15_204_001,515,388,388,0,2,386,EGYENI,,
52167,15_205_001,158,107,107,0,5,102,EGYENI,,
52169,15_206_001,555,413,413,0,6,407,EGYENI,,
52171,15_207_001,319,199,199,0,5,194,EGYENI,,
52173,15_208_001,252,187,187,0,4,183,EGYENI,,
52175,15_209_001,97,67,67,0,1,66,EGYENI,,
52177,15_210_001,391,250,250,0,2,248,EGYENI,,
52179,15_211_001,242,124,124,0,1,123,EGYENI,,
52181,15_212_001,164,105,105,0,1,104,EGYENI,,
52183,15_213_001,77,60,60,0,0,60,EGYENI,,
52597,15_214_001,464,331,331,0,3,328,EGYENI,,
52599,15_215_001,210,140,140,0,1,139,EGYENI,,
52601,15_216_001,456,312,312,0,2,310,EGYENI,,
52603,15_216_002,490,313,313,0,3,310,EGYENI,,
52605,15_217_001,478,324,324,0,5,319,EGYENI,,
52607,15_218_001,665,415,415,0,2,413,EGYENI,,
52609,15_218_002,706,463,463,0,3,460,EGYENI,,
52611,15_218_003,629,391,391,0,4,387,EGYENI,,
52613,15_218_004,715,466,466,0,7,459,EGYENI,,
52615,15_218_005,742,551,551,0,1,550,EGYENI,,
52617,15_219_001,504,299,299,0,2,297,EGYENI,,
52619,15_220_001,450,293,293,0,7,286,EGYENI,,
52621,15_220_002,462,274,274,0,7,267,EGYENI,,
52623,15_221_001,761,552,552,0,2,550,EGYENI,,
52625,15_221_002,779,534,534,0,5,529,EGYENI,,
52627,15_222_001,280,189,189,0,1,188,EGYENI,,
52629,15_223_001,160,105,103,-2,3,100,EGYENI,,
52631,15_224_001,341,198,198,0,1,197,EGYENI,,
52633,15_225_001,100,54,54,0,0,54,EGYENI,,
52635,15_226_001,198,124,124,0,0,124,EGYENI,,
52637,15_227_001,179,108,108,0,4,104,EGYENI,,
52639,15_228_001,295,188,188,0,1,187,EGYENI,,
52641,15_229_001,95,47,47,0,1,46,EGYENI,,
52643,15_229_002,105,69,69,0,1,68,EGYENI,,
52645,15_230_001,113,88,88,0,2,86,EGYENI,,
52647,15_231_001,393,287,287,0,4,283,EGYENI,,
52649,15_232_001,591,369,369,0,12,357,EGYENI,,
52651,15_233_001,159,96,96,0,2,94,EGYENI,,
52653,15_234_001,163,122,122,0,1,121,EGYENI,,
52655,15_235_001,459,285,280,-5,3,277,EGYENI,,
52657,15_236_001,333,241,241,0,2,239,EGYENI,,
52659,15_237_001,208,141,141,0,0,141,EGYENI,,
52661,15_238_001,883,633,632,-1,3,629,EGYENI,,
52663,15_238_002,1098,802,802,0,3,799,EGYENI,,
52665,15_239_001,391,283,283,0,3,280,EGYENI,,
52667,15_239_002,512,384,383,-1,4,379,EGYENI,,
52669,15_240_001,273,177,177,0,3,174,EGYENI,,
52671,15_241_001,432,287,287,0,12,275,EGYENI,,
52673,15_242_001,188,124,124,0,3,121,EGYENI,,
52675,15_243_001,354,251,251,0,2,249,EGYENI,,
52677,15_244_001,329,241,241,0,3,238,EGYENI,,
52679,15_245_001,421,272,272,0,5,267,EGYENI,,
52681,15_246_001,1093,799,799,0,3,796,EGYENI,,
52683,16_001_001,943,692,692,0,6,686,EGYENI,,
52685,16_001_002,897,707,706,-1,6,700,EGYENI,,
52687,16_001_003,1127,791,791,0,6,785,EGYENI,,
52689,16_002_001,784,519,519,0,4,515,EGYENI,,
52691,16_002_002,765,425,425,0,3,422,EGYENI,,
52693,16_003_001,616,409,409,0,7,402,EGYENI,,
52695,16_003_002,596,342,342,0,12,330,EGYENI,,
52697,16_003_003,649,398,398,0,10,388,EGYENI,,
52699,16_004_001,739,447,447,0,6,441,EGYENI,,
52701,16_004_002,736,494,494,0,6,488,EGYENI,,
52703,16_005_001,740,642,642,0,14,628,EGYENI,,
52705,16_005_002,831,703,705,2,16,689,EGYENI,,
52707,16_005_003,1114,977,977,0,8,969,EGYENI,,
52709,16_006_001,796,527,527,0,9,518,EGYENI,,
52711,16_006_002,987,597,597,0,7,590,EGYENI,,
52713,16_006_003,1116,720,720,0,17,703,EGYENI,,
52715,16_006_004,362,185,185,0,5,180,EGYENI,,
52717,16_006_005,673,371,371,0,12,359,EGYENI,,
52719,16_006_006,1019,556,556,0,17,539,EGYENI,,
52721,16_007_001,613,395,395,0,2,393,EGYENI,,
52723,16_008_001,854,491,491,0,11,480,EGYENI,,
52725,16_009_001,535,336,336,0,7,329,EGYENI,,
52727,16_010_001,371,284,284,0,6,278,EGYENI,,
52729,16_011_001,757,505,505,0,12,493,EGYENI,,
52731,16_012_001,798,467,467,0,20,447,EGYENI,,
52733,16_013_001,618,477,477,0,2,475,EGYENI,,
52735,16_014_001,560,365,365,0,31,334,EGYENI,,
52737,16_015_001,760,405,405,0,2,403,EGYENI,,
53137,16_016_001,1115,726,726,0,23,703,EGYENI,,
53139,16_017_001,708,397,397,0,5,392,EGYENI,,
53141,16_018_001,558,332,332,0,6,326,EGYENI,,
53143,16_018_002,645,373,373,0,6,367,EGYENI,,
53145,16_018_003,588,330,330,0,7,323,EGYENI,,
53147,16_018_004,626,334,334,0,23,311,EGYENI,,
53149,16_019_001,579,394,391,-3,0,391,EGYENI,,
53151,16_019_002,649,402,402,0,7,395,EGYENI,,
53153,16_019_003,520,298,298,0,2,296,EGYENI,,
53155,16_020_001,521,358,358,0,4,354,EGYENI,,
53157,16_021_001,455,302,302,0,3,299,EGYENI,,
53159,16_022_001,495,367,367,0,11,356,EGYENI,,
53161,16_023_001,307,193,193,0,5,188,EGYENI,,
53163,16_024_001,547,391,391,0,5,386,EGYENI,,
53165,16_025_001,741,476,474,-2,7,467,EGYENI,,
53167,16_025_002,805,570,570,0,6,564,EGYENI,,
53169,16_025_003,1028,572,575,3,54,521,EGYENI,,
53171,16_025_004,712,521,521,0,8,513,EGYENI,,
53173,16_025_005,841,574,573,-1,8,565,EGYENI,,
53175,16_026_001,626,405,405,0,2,403,EGYENI,,
53177,16_027_001,646,426,431,5,25,406,EGYENI,,
53179,16_028_001,127,70,70,0,2,68,EGYENI,,
53181,16_029_001,611,448,448,0,2,446,EGYENI,,
53183,16_029_002,872,595,595,0,8,587,EGYENI,,
53185,16_029_003,970,583,583,0,25,558,EGYENI,,
53187,16_029_004,639,416,416,0,11,405,EGYENI,,
53189,16_029_005,222,142,142,0,4,138,EGYENI,,
53191,16_030_001,1043,534,533,-1,11,522,EGYENI,,
53193,16_030_002,1044,666,666,0,8,658,EGYENI,,
53195,16_030_003,866,561,561,0,10,551,EGYENI,,
53197,16_031_001,905,539,539,0,6,533,EGYENI,,
53199,16_031_002,849,580,580,0,9,571,EGYENI,,
53201,16_032_001,666,423,423,0,10,413,EGYENI,,
53203,16_032_002,730,462,462,0,25,437,EGYENI,,
53205,16_033_001,876,519,519,0,23,496,EGYENI,,
53207,16_034_001,647,419,419,0,11,408,EGYENI,,
53209,16_034_002,665,409,408,-1,7,401,EGYENI,,
53211,16_035_001,489,271,271,0,4,267,EGYENI,,
53213,16_035_002,694,396,395,-1,1,394,EGYENI,,
53215,16_035_003,180,87,87,0,3,84,EGYENI,,
53217,16_036_001,929,666,666,0,7,659,EGYENI,,
53219,16_036_002,902,684,684,0,7,677,EGYENI,,
53221,16_036_003,847,544,544,0,11,533,EGYENI,,
53223,16_036_004,900,663,661,-2,6,655,EGYENI,,
53225,16_036_005,895,678,677,-1,5,672,EGYENI,,
53227,16_036_006,961,681,681,0,12,669,EGYENI,,
53229,16_036_007,938,567,567,0,6,561,EGYENI,,
53231,16_037_001,1005,716,716,0,3,713,EGYENI,,
53233,16_037_002,994,640,640,0,1,639,EGYENI,,
53235,16_038_001,366,267,267,0,6,261,EGYENI,,
53237,16_039_001,237,171,171,0,3,168,EGYENI,,
53239,16_040_001,639,382,382,0,5,377,EGYENI,,
53241,16_041_001,107,88,88,0,0,88,EGYENI,,
53243,16_042_001,886,546,546,0,7,539,EGYENI,,
53245,16_042_002,893,564,564,0,7,557,EGYENI,,
53247,16_042_003,878,554,554,0,9,545,EGYENI,,
53249,16_043_001,488,293,293,0,5,288,EGYENI,,
53251,16_044_001,638,430,430,0,4,426,EGYENI,,
53253,16_045_001,745,483,483,0,8,475,EGYENI,,
53255,16_045_002,698,424,422,-2,10,412,EGYENI,,
53257,16_046_001,438,333,333,0,2,331,EGYENI,,
53259,16_047_001,812,487,487,0,3,484,EGYENI,,
53261,16_047_002,717,438,438,0,6,432,EGYENI,,
53263,16_048_001,825,558,558,0,15,543,EGYENI,,
53265,16_049_001,97,64,64,0,0,64,EGYENI,,
53267,16_050_001,1191,624,624,0,20,604,EGYENI,,
53269,16_051_001,773,487,487,0,1,486,EGYENI,,
53271,16_051_002,786,414,414,0,2,412,EGYENI,,
53273,16_052_001,217,161,161,0,7,154,EGYENI,,
53275,16_053_001,991,648,648,0,6,642,EGYENI,,
53277,16_054_001,224,136,136,0,1,135,EGYENI,,
53671,16_055_001,234,147,147,0,0,147,EGYENI,,
53673,16_056_001,889,492,492,0,13,479,EGYENI,,
53675,16_056_002,728,397,397,0,11,386,EGYENI,,
53677,16_056_003,801,386,386,0,14,372,EGYENI,,
53679,16_057_001,983,634,634,0,8,626,EGYENI,,
53681,16_057_002,951,643,630,-13,7,623,EGYENI,,
53683,16_057_003,1048,668,666,-2,16,650,EGYENI,,
53685,16_057_004,1055,587,586,-1,47,539,EGYENI,,
53687,16_057_005,1053,647,646,-1,14,632,EGYENI,,
53689,16_057_006,169,122,122,0,2,120,EGYENI,,
53691,16_058_001,951,626,626,0,17,609,EGYENI,,
53693,16_059_001,641,436,436,0,6,430,EGYENI,,
53695,16_060_001,1355,943,943,0,4,939,EGYENI,,
53697,16_061_001,1035,675,676,1,21,655,EGYENI,,
53699,16_062_001,594,414,414,0,6,408,EGYENI,,
53701,16_063_001,611,375,375,0,8,367,EGYENI,,
53703,16_063_002,718,447,447,0,9,438,EGYENI,,
53705,16_063_003,580,385,385,0,9,376,EGYENI,,
53707,16_063_004,839,529,529,0,5,524,EGYENI,,
53709,16_063_005,226,145,145,0,4,141,EGYENI,,
53711,16_064_001,723,448,439,-9,3,436,EGYENI,,
53713,16_064_002,593,384,384,0,4,380,EGYENI,,
53715,16_064_003,174,117,117,0,0,117,EGYENI,,
53717,16_065_001,710,441,441,0,12,429,EGYENI,,
53719,16_065_002,900,495,495,0,15,480,EGYENI,,
53721,16_066_001,1030,712,712,0,7,705,EGYENI,,
53723,16_066_002,1044,768,768,0,19,749,EGYENI,,
53725,16_066_003,770,565,565,0,10,555,EGYENI,,
53727,16_066_004,954,637,637,0,23,614,EGYENI,,
53729,16_067_001,716,491,491,0,8,483,EGYENI,,
53731,16_067_002,799,483,483,0,12,471,EGYENI,,
53733,16_068_001,610,430,430,0,6,424,EGYENI,,
53735,16_068_002,590,408,408,0,36,372,EGYENI,,
53737,16_069_001,231,144,144,0,0,144,EGYENI,,
53739,16_070_001,835,531,531,0,18,513,EGYENI,,
53741,16_071_001,51,34,34,0,0,34,EGYENI,,
53743,16_072_001,1312,854,854,0,20,834,EGYENI,,
53745,16_073_001,228,152,152,0,2,150,EGYENI,,
53747,16_074_001,692,356,356,0,10,346,EGYENI,,
53749,16_075_001,427,295,295,0,4,291,EGYENI,,
53751,16_076_001,823,550,550,0,4,546,EGYENI,,
53753,16_077_001,715,455,455,0,3,452,EGYENI,,
53755,16_077_002,3842,3257,3244,-13,60,3184,EGYENI,,
53757,16_077_003,710,494,494,0,0,494,EGYENI,,
53759,16_077_004,938,658,658,0,10,648,EGYENI,,
53761,16_077_005,1097,768,768,0,2,766,EGYENI,,
53763,16_077_006,714,557,557,0,9,548,EGYENI,,
53765,16_077_007,841,527,527,0,10,517,EGYENI,,
53767,16_077_008,919,650,650,0,6,644,EGYENI,,
53769,16_077_009,798,554,554,0,6,548,EGYENI,,
53771,16_077_010,828,632,631,-1,2,629,EGYENI,,
53773,16_077_011,814,616,616,0,2,614,EGYENI,,
53775,16_077_012,630,473,473,0,4,469,EGYENI,,
53777,16_077_013,908,589,589,0,3,586,EGYENI,,
53779,16_077_014,815,577,577,0,6,571,EGYENI,,
53781,16_077_015,763,523,523,0,7,516,EGYENI,,
53783,16_077_016,814,554,554,0,5,549,EGYENI,,
53785,16_078_001,976,651,651,0,9,642,EGYENI,,
53787,16_078_002,628,407,396,-11,2,394,EGYENI,,
53789,16_078_003,745,459,458,-1,17,441,EGYENI,,
53791,16_079_001,97,60,60,0,0,60,EGYENI,,
53793,16_080_001,1072,659,659,0,7,652,EGYENI,,
53795,16_081_001,1216,733,733,0,66,667,EGYENI,,
53797,16_081_002,1178,688,688,0,7,681,EGYENI,,
53799,16_081_003,1214,763,761,-2,7,754,EGYENI,,
53801,16_082_001,1083,734,734,0,5,729,EGYENI,,
53803,16_083_001,500,331,331,0,16,315,EGYENI,,
53805,16_084_001,776,557,552,-5,23,529,EGYENI,,
53807,16_085_001,784,477,477,0,6,471,EGYENI,,
53809,16_085_002,759,491,491,0,12,479,EGYENI,,
53811,16_085_003,780,500,500,0,12,488,EGYENI,,
54207,16_086_001,811,424,424,0,8,416,EGYENI,,
54209,16_087_001,405,298,298,0,5,293,EGYENI,,
54211,16_088_001,221,152,152,0,1,151,EGYENI,,
54213,16_089_001,708,435,431,-4,10,421,EGYENI,,
54215,16_090_001,239,160,160,0,3,157,EGYENI,,
54217,16_091_001,671,446,445,-1,16,429,EGYENI,,
54219,16_091_002,730,461,461,0,4,457,EGYENI,,
54221,16_091_003,978,479,479,0,12,467,EGYENI,,
54223,16_091_004,840,530,530,0,4,526,EGYENI,,
54225,16_092_001,789,555,555,0,8,547,EGYENI,,
54227,16_092_002,861,534,534,0,9,525,EGYENI,,
54229,16_093_001,491,312,312,0,6,306,EGYENI,,
54231,16_094_001,1124,755,755,0,18,737,EGYENI,,
54233,16_094_002,3245,2750,2749,-1,58,2691,EGYENI,,
54235,16_094_003,693,483,483,0,14,469,EGYENI,,
54237,16_094_004,778,569,569,0,1,568,EGYENI,,
54239,16_094_005,759,496,495,-1,6,489,EGYENI,,
54241,16_094_006,802,545,545,0,8,537,EGYENI,,
54243,16_094_007,898,587,586,-1,7,579,EGYENI,,
54245,16_094_008,681,482,482,0,6,476,EGYENI,,
54247,16_094_009,833,562,562,0,4,558,EGYENI,,
54249,16_094_010,783,557,557,0,3,554,EGYENI,,
54251,16_094_011,816,549,549,0,6,543,EGYENI,,
54253,16_094_012,966,655,655,0,7,648,EGYENI,,
54255,16_094_013,815,591,591,0,2,589,EGYENI,,
54257,16_094_014,769,526,526,0,6,520,EGYENI,,
54259,16_094_015,880,652,652,0,15,637,EGYENI,,
54261,16_094_016,936,701,701,0,9,692,EGYENI,,
54263,16_095_001,244,120,120,0,4,116,EGYENI,,
54265,16_096_001,818,497,496,-1,9,487,EGYENI,,
54267,16_097_001,573,365,365,0,3,362,EGYENI,,
54269,16_098_001,1036,638,637,-1,6,631,EGYENI,,
54271,16_098_002,612,371,371,0,6,365,EGYENI,,
54273,16_099_001,753,534,531,-3,16,515,EGYENI,,
54275,16_100_001,521,337,337,0,7,330,EGYENI,,
54277,16_101_001,927,513,513,0,6,507,EGYENI,,
54279,16_101_002,223,119,119,0,4,115,EGYENI,,
54281,16_101_003,105,63,63,0,0,63,EGYENI,,
54283,16_102_001,813,459,459,0,15,444,EGYENI,,
54285,16_102_002,826,442,442,0,8,434,EGYENI,,
54287,16_103_001,1045,599,597,-2,5,592,EGYENI,,
54289,16_103_002,565,359,357,-2,8,349,EGYENI,,
54291,16_103_003,834,499,496,-3,7,489,EGYENI,,
54293,16_103_004,679,365,364,-1,10,354,EGYENI,,
54295,16_103_005,1008,507,506,-1,14,492,EGYENI,,
54297,16_103_006,793,478,478,0,3,475,EGYENI,,
54299,16_104_001,708,474,474,0,10,464,EGYENI,,
54301,16_104_002,605,355,355,0,4,351,EGYENI,,
54303,16_104_003,785,447,447,0,3,444,EGYENI,,
54305,16_104_004,842,425,425,0,8,417,EGYENI,,
54307,16_104_005,761,431,431,0,2,429,EGYENI,,
54309,16_104_006,782,486,486,0,12,474,EGYENI,,
54311,16_105_001,113,86,86,0,4,82,EGYENI,,
54313,16_106_001,918,614,612,-2,9,603,EGYENI,,
54315,16_106_002,1015,608,608,0,6,602,EGYENI,,
54317,16_106_003,985,592,592,0,5,587,EGYENI,,
54319,16_106_004,924,599,599,0,5,594,EGYENI,,
54321,16_106_005,899,623,623,0,3,620,EGYENI,,
54323,16_106_006,982,627,625,-2,18,607,EGYENI,,
54325,16_106_007,910,605,605,0,6,599,EGYENI,,
54327,16_106_008,993,662,661,-1,4,657,EGYENI,,
54329,16_107_001,421,252,252,0,5,247,EGYENI,,
54331,16_108_001,1137,770,770,0,10,760,EGYENI,,
54333,16_109_001,926,617,617,0,2,615,EGYENI,,
54335,16_109_002,1006,607,607,0,9,598,EGYENI,,
54337,16_109_003,1112,592,592,0,6,586,EGYENI,,
54339,16_110_001,750,528,521,-7,5,516,EGYENI,,
54341,16_111_001,97,59,59,0,0,59,EGYENI,,
54343,16_112_001,1370,823,821,-2,77,744,EGYENI,,
54345,16_112_002,1132,744,741,-3,9,732,EGYENI,,
54741,16_112_003,3183,2680,2676,-4,35,2641,EGYENI,,
54743,16_112_004,1131,828,827,-1,3,824,EGYENI,,
54745,16_112_005,1132,813,812,-1,5,807,EGYENI,,
54747,16_112_006,1207,928,928,0,11,917,EGYENI,,
54749,16_112_007,1166,794,793,-1,18,775,EGYENI,,
54751,16_112_008,1048,739,739,0,4,735,EGYENI,,
54753,16_113_001,680,478,478,0,6,472,EGYENI,,
54755,16_113_002,819,557,557,0,7,550,EGYENI,,
54757,16_113_003,624,423,423,0,18,405,EGYENI,,
54759,16_114_001,886,743,743,0,16,727,EGYENI,,
54761,16_114_002,745,637,637,0,10,627,EGYENI,,
54763,16_114_003,808,682,682,0,12,670,EGYENI,,
54765,16_115_001,580,401,401,0,9,392,EGYENI,,
54767,16_115_002,882,514,514,0,8,506,EGYENI,,
54769,16_115_003,803,539,522,-17,4,518,EGYENI,,
54771,16_116_001,1082,754,754,0,10,744,EGYENI,,
54773,16_116_002,629,399,399,0,4,395,EGYENI,,
54775,16_117_001,949,650,650,0,14,636,EGYENI,,
54777,16_118_001,489,329,329,0,8,321,EGYENI,,
54779,16_119_001,840,611,611,0,5,606,EGYENI,,
54781,16_119_002,4623,4068,4063,-5,26,4037,EGYENI,,
54783,16_119_003,764,534,534,0,5,529,EGYENI,,
54785,16_119_004,1281,927,925,-2,9,916,EGYENI,,
54787,16_119_005,973,721,717,-4,6,711,EGYENI,,
54789,16_119_006,945,683,683,0,3,680,EGYENI,,
54791,16_119_007,891,712,712,0,7,705,EGYENI,,
54793,16_119_008,1050,773,773,0,0,773,EGYENI,,
54795,16_119_009,836,540,540,0,5,535,EGYENI,,
54797,16_119_010,855,632,632,0,9,623,EGYENI,,
54799,16_119_011,980,681,681,0,4,677,EGYENI,,
54801,16_119_012,828,544,544,0,5,539,EGYENI,,
54803,16_119_013,978,548,548,0,4,544,EGYENI,,
54805,16_119_014,935,689,688,-1,6,682,EGYENI,,
54807,16_119_015,1105,917,917,0,9,908,EGYENI,,
54809,16_119_016,712,555,552,-3,3,549,EGYENI,,
54811,16_119_017,941,792,791,-1,9,782,EGYENI,,
54813,16_119_018,667,517,516,-1,2,514,EGYENI,,
54815,16_119_019,1117,769,769,0,12,757,EGYENI,,
54817,16_119_020,802,562,562,0,1,561,EGYENI,,
54819,16_119_021,802,578,578,0,2,576,EGYENI,,
54821,16_119_022,1293,956,955,-1,11,944,EGYENI,,
54823,16_119_023,937,663,662,-1,7,655,EGYENI,,
54825,16_119_024,1097,794,791,-3,13,778,EGYENI,,
54827,16_119_025,899,661,659,-2,10,649,EGYENI,,
54829,16_119_026,824,555,555,0,6,549,EGYENI,,
54831,16_119_027,673,469,469,0,5,464,EGYENI,,
54833,16_119_028,984,779,779,0,2,777,EGYENI,,
54835,16_119_029,857,608,608,0,4,604,EGYENI,,
54837,16_119_030,1028,735,736,1,20,716,EGYENI,,
54839,16_119_031,853,633,633,0,8,625,EGYENI,,
54841,16_119_032,846,672,672,0,9,663,EGYENI,,
54843,16_119_033,797,601,601,0,5,596,EGYENI,,
54845,16_119_034,953,714,714,0,8,706,EGYENI,,
54847,16_119_035,708,459,461,2,26,435,EGYENI,,
54849,16_119_036,867,602,602,0,3,599,EGYENI,,
54851,16_119_037,579,445,445,0,4,441,EGYENI,,
54853,16_119_038,681,537,537,0,5,532,EGYENI,,
54855,16_119_039,656,408,405,-3,1,404,EGYENI,,
54857,16_119_040,977,668,668,0,3,665,EGYENI,,
54859,16_119_041,1157,830,830,0,4,826,EGYENI,,
54861,16_119_042,1190,820,819,-1,0,819,EGYENI,,
54863,16_119_043,816,568,568,0,30,538,EGYENI,,
54865,16_119_044,929,675,675,0,13,662,EGYENI,,
54867,16_119_045,655,516,515,-1,3,512,EGYENI,,
55261,16_119_046,919,604,603,-1,7,596,EGYENI,,
55263,16_119_047,707,487,487,0,2,485,EGYENI,,
55265,16_119_048,1123,750,749,-1,6,743,EGYENI,,
55267,16_119_049,664,425,425,0,6,419,EGYENI,,
55269,16_119_050,852,600,600,0,6,594,EGYENI,,
55271,16_119_051,966,634,633,-1,3,630,EGYENI,,
55273,16_119_052,863,593,592,-1,10,582,EGYENI,,
55275,16_119_053,710,495,495,0,6,489,EGYENI,,
55277,16_119_054,1192,876,876,0,9,867,EGYENI,,
55279,16_119_055,905,586,586,0,5,581,EGYENI,,
55281,16_119_056,666,486,486,0,3,483,EGYENI,,
55283,16_119_057,1011,769,769,0,4,765,EGYENI,,
55285,16_119_058,780,619,619,0,5,614,EGYENI,,
55287,16_119_059,848,684,684,0,7,677,EGYENI,,
55289,16_119_060,735,557,556,-1,4,552,EGYENI,,
55291,16_119_061,677,422,422,0,3,419,EGYENI,,
55293,16_119_062,1272,906,905,-1,3,902,EGYENI,,
55295,16_119_063,869,595,595,0,8,587,EGYENI,,
55297,16_119_064,785,531,531,0,6,525,EGYENI,,
55299,16_119_065,1005,667,667,0,9,658,EGYENI,,
55301,16_119_066,1170,821,821,0,8,813,EGYENI,,
55303,16_119_067,1067,720,719,-1,4,715,EGYENI,,
55305,16_119_068,933,656,656,0,7,649,EGYENI,,
55307,16_119_069,1052,707,707,0,4,703,EGYENI,,
55309,16_119_070,1139,842,842,0,3,839,EGYENI,,
55311,16_119_071,847,690,690,0,3,687,EGYENI,,
55313,16_119_072,840,480,480,0,3,477,EGYENI,,
55315,16_119_073,3476,3012,3011,-1,23,2988,EGYENI,,
55317,16_119_074,919,727,727,0,6,721,EGYENI,,
55319,16_119_075,1127,854,853,-1,2,851,EGYENI,,
55321,16_119_076,575,185,185,0,5,180,EGYENI,,
55323,16_119_077,654,379,379,0,1,378,EGYENI,,
55325,16_119_078,1594,1032,1017,-15,6,1011,EGYENI,,
55327,16_119_079,1283,809,809,0,6,803,EGYENI,,
55329,16_119_080,903,587,587,0,9,578,EGYENI,,
55331,16_119_081,790,504,503,-1,5,498,EGYENI,,
55333,16_119_082,1005,607,607,0,6,601,EGYENI,,
55335,16_119_083,737,352,351,-1,3,348,EGYENI,,
55337,16_119_084,1111,753,743,-10,5,738,EGYENI,,
55339,16_119_085,1079,703,702,-1,3,699,EGYENI,,
55341,16_119_086,993,573,572,-1,5,567,EGYENI,,
55343,16_119_087,871,617,617,0,2,615,EGYENI,,
55345,16_119_088,735,532,532,0,5,527,EGYENI,,
55347,16_119_089,1127,839,839,0,6,833,EGYENI,,
55349,16_119_090,998,718,718,0,8,710,EGYENI,,
55351,16_119_091,1039,683,683,0,6,677,EGYENI,,
55353,16_119_092,805,498,497,-1,3,494,EGYENI,,
55355,16_119_093,973,765,765,0,4,761,EGYENI,,
55357,16_119_094,875,704,700,-4,9,691,EGYENI,,
55359,16_119_095,1042,779,778,-1,6,772,EGYENI,,
55361,16_119_096,1121,863,854,-9,23,831,EGYENI,,
55363,16_119_097,788,535,535,0,6,529,EGYENI,,
55365,16_119_098,717,510,510,0,5,505,EGYENI,,
55367,16_119_099,924,685,683,-2,7,676,EGYENI,,
55369,16_119_100,699,435,435,0,3,432,EGYENI,,
55371,16_120_001,728,467,466,-1,13,453,EGYENI,,
55373,16_120_002,170,108,108,0,5,103,EGYENI,,
55375,16_121_001,766,441,441,0,8,433,EGYENI,,
55377,16_121_002,817,516,516,0,17,499,EGYENI,,
55379,16_122_001,895,555,555,0,9,546,EGYENI,,
55381,16_123_001,684,554,554,0,9,545,EGYENI,,
55383,16_124_001,767,530,529,-1,6,523,EGYENI,,
55385,16_124_002,1031,688,687,-1,6,681,EGYENI,,
55797,16_125_001,711,490,490,0,22,468,EGYENI,,
55799,16_125_002,733,543,543,0,8,535,EGYENI,,
55801,16_126_001,636,465,477,12,85,392,EGYENI,,
55803,16_127_001,569,401,401,0,5,396,EGYENI,,
55805,16_128_001,828,563,563,0,3,560,EGYENI,,
55807,16_128_002,954,632,632,0,5,627,EGYENI,,
55809,16_128_003,372,257,257,0,7,250,EGYENI,,
55811,16_129_001,995,489,489,0,35,454,EGYENI,,
55813,16_129_002,873,449,449,0,6,443,EGYENI,,
55815,16_129_003,885,517,517,0,13,504,EGYENI,,
55817,16_129_004,838,512,512,0,12,500,EGYENI,,
55819,16_130_001,1114,760,761,1,19,742,EGYENI,,
55821,16_130_002,1053,646,646,0,5,641,EGYENI,,
55823,16_131_001,677,442,442,0,7,435,EGYENI,,
55825,16_131_002,758,461,461,0,9,452,EGYENI,,
55827,16_132_001,722,467,462,-5,7,455,EGYENI,,
55829,16_133_001,630,468,468,0,2,466,EGYENI,,
55831,16_133_002,672,487,487,0,7,480,EGYENI,,
55833,16_133_003,805,554,554,0,4,550,EGYENI,,
55835,16_133_004,775,527,527,0,2,525,EGYENI,,
55837,16_134_001,541,386,386,0,3,383,EGYENI,,
55839,16_135_001,849,509,509,0,4,505,EGYENI,,
55841,16_135_002,735,449,449,0,8,441,EGYENI,,
55843,16_136_001,854,564,567,3,24,543,EGYENI,,
55845,16_136_002,1068,709,709,0,6,703,EGYENI,,
55847,16_136_003,1089,653,653,0,3,650,EGYENI,,
55849,16_136_004,726,361,361,0,3,358,EGYENI,,
55851,16_136_005,1109,615,615,0,6,609,EGYENI,,
55853,16_136_006,688,520,520,0,3,517,EGYENI,,
55855,16_137_001,871,566,566,0,5,561,EGYENI,,
55857,16_138_001,694,478,478,0,6,472,EGYENI,,
55859,16_138_002,815,554,554,0,4,550,EGYENI,,
55861,16_139_001,749,507,507,0,9,498,EGYENI,,
55863,16_139_002,822,518,517,-1,15,502,EGYENI,,
55865,16_140_001,544,369,368,-1,5,363,EGYENI,,
55867,16_141_001,246,180,178,-2,5,173,EGYENI,,
55869,16_142_001,983,603,602,-1,18,584,EGYENI,,
55871,16_142_002,1054,652,650,-2,20,630,EGYENI,,
55873,16_143_001,996,607,607,0,9,598,EGYENI,,
55875,16_143_002,1260,611,609,-2,23,586,EGYENI,,
55877,16_144_001,690,389,387,-2,13,374,EGYENI,,
55879,16_144_002,682,412,408,-4,13,395,EGYENI,,
55881,16_145_001,371,206,206,0,2,204,EGYENI,,
55883,16_146_001,672,391,391,0,15,376,EGYENI,,
55885,16_146_002,552,360,360,0,12,348,EGYENI,,
55887,16_147_001,489,350,345,-5,1,344,EGYENI,,
55889,16_148_001,744,504,504,0,4,500,EGYENI,,
55891,16_148_002,730,449,449,0,6,443,EGYENI,,
55893,16_149_001,668,453,452,-1,7,445,EGYENI,,
55895,16_150_001,944,584,584,0,9,575,EGYENI,,
55897,16_151_001,719,458,458,0,7,451,EGYENI,,
55899,16_151_002,918,600,600,0,6,594,EGYENI,,
55901,16_151_003,633,428,428,0,3,425,EGYENI,,
55903,16_152_001,538,301,301,0,2,299,EGYENI,,
55905,16_153_001,770,502,500,-2,19,481,EGYENI,,
55907,16_154_001,610,399,399,0,11,388,EGYENI,,
55909,16_155_001,736,463,463,0,10,453,EGYENI,,
55911,16_155_002,667,448,438,-10,13,425,EGYENI,,
55913,16_156_001,614,468,457,-11,6,451,EGYENI,,
55915,16_156_002,682,496,496,0,15,481,EGYENI,,
55917,16_157_001,655,419,419,0,8,411,EGYENI,,
55919,16_157_002,671,373,373,0,7,366,EGYENI,,
55921,16_157_003,648,361,361,0,20,341,EGYENI,,
55923,16_158_001,659,424,424,0,10,414,EGYENI,,
55925,16_158_002,647,389,388,-1,4,384,EGYENI,,
55927,16_159_001,1132,752,752,0,10,742,EGYENI,,
55929,16_160_001,635,448,448,0,6,442,EGYENI,,
55931,16_160_002,853,541,541,0,7,534,EGYENI,,
55933,16_160_003,738,448,448,0,3,445,EGYENI,,
55935,16_160_004,611,422,422,0,8,414,EGYENI,,
55937,16_160_005,810,515,515,0,3,512,EGYENI,,
56349,16_161_001,1151,713,712,-1,11,701,EGYENI,,
56351,16_162_001,117,70,70,0,2,68,EGYENI,,
56353,16_163_001,823,466,466,0,2,464,EGYENI,,
56355,16_164_001,967,702,702,0,29,673,EGYENI,,
56357,16_165_001,559,351,351,0,8,343,EGYENI,,
56359,16_166_001,1150,735,728,-7,8,720,EGYENI,,
56361,16_167_001,646,401,401,0,7,394,EGYENI,,
56363,16_168_001,267,187,186,-1,3,183,EGYENI,,
56365,16_169_001,919,540,540,0,2,538,EGYENI,,
56367,16_170_001,563,347,347,0,2,345,EGYENI,,
56369,16_170_002,637,391,391,0,7,384,EGYENI,,
56371,16_171_001,805,494,494,0,13,481,EGYENI,,
56373,16_171_002,638,386,386,0,7,379,EGYENI,,
56375,16_171_003,688,375,373,-2,10,363,EGYENI,,
56377,16_172_001,427,255,255,0,4,251,EGYENI,,
56379,16_173_001,321,209,210,1,8,202,EGYENI,,
56381,16_174_001,332,231,225,-6,2,223,EGYENI,,
56383,16_175_001,558,357,357,0,22,335,EGYENI,,
56385,16_176_001,634,476,466,-10,3,463,EGYENI,,
56387,16_176_002,828,522,522,0,23,499,EGYENI,,
56389,16_177_001,241,168,168,0,2,166,EGYENI,,
56391,16_178_001,314,237,237,0,3,234,EGYENI,,
56393,16_179_001,567,351,351,0,5,346,EGYENI,,
56395,16_179_002,587,386,385,-1,7,378,EGYENI,,
56397,16_180_001,781,480,480,0,5,475,EGYENI,,
56399,16_181_001,925,557,557,0,33,524,EGYENI,,
56401,16_181_002,1009,730,730,0,11,719,EGYENI,,
56403,16_182_001,291,222,221,-1,2,219,EGYENI,,
56405,16_183_001,539,330,330,0,9,321,EGYENI,,
56407,16_184_001,820,536,536,0,9,527,EGYENI,,
56409,16_185_001,977,566,566,0,15,551,EGYENI,,
56411,16_186_001,497,367,367,0,10,357,EGYENI,,
56413,16_187_001,1192,694,694,0,14,680,EGYENI,,
56415,16_188_001,723,468,468,0,8,460,EGYENI,,
56417,16_188_002,674,461,460,-1,4,456,EGYENI,,
56419,16_189_001,731,408,408,0,3,405,EGYENI,,
56421,16_189_002,751,403,403,0,9,394,EGYENI,,
56423,16_190_001,202,157,157,0,3,154,EGYENI,,
56425,16_191_001,574,336,336,0,3,333,EGYENI,,
56427,16_191_002,520,365,365,0,4,361,EGYENI,,
56429,16_191_003,566,367,367,0,8,359,EGYENI,,
56431,16_192_001,498,269,269,0,1,268,EGYENI,,
56433,16_192_002,676,399,399,0,3,396,EGYENI,,
56435,16_192_003,730,399,399,0,4,395,EGYENI,,
56437,16_192_004,118,60,60,0,4,56,EGYENI,,
56439,16_193_001,721,448,448,0,9,439,EGYENI,,
56441,16_193_002,688,358,358,0,34,324,EGYENI,,
56443,16_193_003,407,266,266,0,4,262,EGYENI,,
56445,16_193_004,105,70,70,0,0,70,EGYENI,,
56447,16_194_001,581,422,422,0,4,418,EGYENI,,
56449,16_194_002,620,468,468,0,5,463,EGYENI,,
56451,16_195_001,735,419,419,0,5,414,EGYENI,,
56453,16_196_001,632,412,409,-3,6,403,EGYENI,,
56455,16_197_001,930,646,646,0,5,641,EGYENI,,
56457,16_197_002,1006,634,633,-1,4,629,EGYENI,,
56459,16_197_003,819,514,514,0,5,509,EGYENI,,
56461,16_197_004,881,606,606,0,7,599,EGYENI,,
56463,16_197_005,320,153,153,0,1,152,EGYENI,,
56465,16_197_006,185,108,108,0,11,97,EGYENI,,
56467,16_198_001,517,342,342,0,9,333,EGYENI,,
56469,16_199_001,599,338,338,0,4,334,EGYENI,,
56471,16_199_002,615,412,412,0,2,410,EGYENI,,
56473,16_199_003,278,160,160,0,1,159,EGYENI,,
56475,16_200_001,407,205,195,-10,5,190,EGYENI,,
56477,16_201_001,765,510,510,0,3,507,EGYENI,,
56479,16_202_001,944,547,546,-1,10,536,EGYENI,,
56481,16_203_001,605,384,384,0,4,380,EGYENI,,
56483,16_203_002,526,327,327,0,7,320,EGYENI,,
56485,16_204_001,745,388,387,-1,6,381,EGYENI,,
56487,16_204_002,720,393,393,0,8,385,EGYENI,,
56489,16_204_003,973,667,669,2,24,645,EGYENI,,
56491,16_204_004,1178,742,742,0,8,734,EGYENI,,
56493,16_204_005,664,447,447,0,7,440,EGYENI,,
56897,16_204_006,710,455,455,0,4,451,EGYENI,,
56899,16_204_007,1024,699,698,-1,5,693,EGYENI,,
56901,16_204_008,1155,794,790,-4,8,782,EGYENI,,
56903,16_204_009,1076,729,729,0,4,725,EGYENI,,
56905,16_204_010,1294,898,897,-1,56,841,EGYENI,,
56907,16_205_001,385,226,226,0,2,224,EGYENI,,
56909,16_206_001,507,333,334,1,13,321,EGYENI,,
56911,16_207_001,169,128,128,0,5,123,EGYENI,,
56913,16_208_001,632,377,377,0,0,377,EGYENI,,
56915,16_208_002,643,400,399,-1,5,394,EGYENI,,
56917,16_208_003,783,459,459,0,8,451,EGYENI,,
56919,16_209_001,711,472,472,0,2,470,EGYENI,,
56921,16_209_002,615,387,387,0,10,377,EGYENI,,
56923,16_209_003,604,333,333,0,7,326,EGYENI,,
56925,16_210_001,896,543,543,0,33,510,EGYENI,,
56927,16_210_002,801,512,512,0,14,498,EGYENI,,
56929,16_210_003,773,485,485,0,25,460,EGYENI,,
56931,16_211_001,583,378,378,0,10,368,EGYENI,,
56933,16_212_001,533,379,378,-1,4,374,EGYENI,,
56935,16_213_001,516,299,299,0,14,285,EGYENI,,
56937,16_213_002,535,307,307,0,4,303,EGYENI,,
56939,16_213_003,486,259,259,0,3,256,EGYENI,,
56941,16_214_001,504,339,339,0,11,328,EGYENI,,
56943,16_215_001,384,226,226,0,15,211,EGYENI,,
56945,16_216_001,536,333,333,0,2,331,EGYENI,,
56947,16_217_001,1181,831,830,-1,2,828,EGYENI,,
56949,16_217_002,1414,985,985,0,9,976,EGYENI,,
56951,16_217_003,1147,721,720,-1,9,711,EGYENI,,
56953,16_217_004,1397,887,887,0,13,874,EGYENI,,
56955,16_217_005,1352,807,807,0,9,798,EGYENI,,
56957,16_217_006,1044,672,672,0,4,668,EGYENI,,
56959,16_217_007,1161,715,715,0,7,708,EGYENI,,
56961,16_217_008,1290,726,726,0,3,723,EGYENI,,
56963,16_218_001,754,461,460,-1,13,447,EGYENI,,
56965,16_219_001,969,612,612,0,10,602,EGYENI,,
56967,16_219_002,1023,732,732,0,18,714,EGYENI,,
56969,16_219_003,810,519,519,0,6,513,EGYENI,,
56971,16_220_001,603,346,346,0,11,335,EGYENI,,
56973,16_220_002,678,408,408,0,10,398,EGYENI,,
56975,16_221_001,990,584,584,0,9,575,EGYENI,,
56977,16_222_001,475,293,293,0,7,286,EGYENI,,
56979,16_223_001,449,343,343,0,6,337,EGYENI,,
56981,16_224_001,739,455,455,0,1,454,EGYENI,,
56983,16_224_002,967,656,656,0,6,650,EGYENI,,
56985,16_224_003,4529,3800,3789,-11,31,3758,EGYENI,,
56987,16_224_004,958,523,523,0,4,519,EGYENI,,
56989,16_224_005,675,489,489,0,3,486,EGYENI,,
56991,16_224_006,576,394,394,0,2,392,EGYENI,,
56993,16_224_007,815,557,557,0,4,553,EGYENI,,
56995,16_224_008,1059,692,692,0,4,688,EGYENI,,
56997,16_224_009,199,112,112,0,0,112,EGYENI,,
56999,16_225_001,339,232,231,-1,1,230,EGYENI,,
57001,16_226_001,940,691,691,0,10,681,EGYENI,,
57003,16_226_002,955,653,653,0,11,642,EGYENI,,
57005,16_226_003,770,554,554,0,8,546,EGYENI,,
57007,16_226_004,837,562,562,0,16,546,EGYENI,,
57009,16_227_001,342,237,237,0,0,237,EGYENI,,
57011,16_228_001,588,383,383,0,14,369,EGYENI,,
57013,16_229_001,812,487,487,0,6,481,EGYENI,,
57015,17_001_001,566,400,400,0,1,399,EGYENI,,
57017,17_002_001,578,360,360,0,5,355,EGYENI,,
57019,17_003_001,349,253,253,0,3,250,EGYENI,,
57021,17_003_002,461,348,348,0,6,342,EGYENI,,
57023,17_004_001,641,418,418,0,2,416,EGYENI,,
57025,17_005_001,631,412,411,-1,9,402,EGYENI,,
57027,17_005_002,645,383,383,0,7,376,EGYENI,,
57029,17_006_001,318,228,228,0,2,226,EGYENI,,
57031,17_007_001,1023,651,651,0,10,641,EGYENI,,
57439,17_007_002,957,649,649,0,12,637,EGYENI,,
57441,17_007_003,1055,735,735,0,13,722,EGYENI,,
57443,17_007_004,1094,650,649,-1,1,648,EGYENI,,
57445,17_007_005,1060,704,706,2,28,678,EGYENI,,
57447,17_008_001,207,145,145,0,4,141,EGYENI,,
57449,17_009_001,359,209,209,0,3,206,EGYENI,,
57451,17_010_001,876,549,549,0,9,540,EGYENI,,
57453,17_010_002,865,507,507,0,13,494,EGYENI,,
57455,17_011_001,602,413,412,-1,2,410,EGYENI,,
57457,17_011_002,624,439,439,0,3,436,EGYENI,,
57459,17_011_003,593,416,416,0,4,412,EGYENI,,
57461,17_011_004,660,467,467,0,4,463,EGYENI,,
57463,17_011_005,626,466,466,0,2,464,EGYENI,,
57465,17_011_006,658,482,482,0,3,479,EGYENI,,
57467,17_011_007,627,428,428,0,4,424,EGYENI,,
57469,17_011_008,651,468,467,-1,4,463,EGYENI,,
57471,17_011_009,638,431,431,0,3,428,EGYENI,,
57473,17_011_010,569,415,415,0,2,413,EGYENI,,
57475,17_011_011,591,421,421,0,3,418,EGYENI,,
57477,17_011_012,636,501,501,0,4,497,EGYENI,,
57479,17_011_013,603,434,434,0,1,433,EGYENI,,
57481,17_011_014,581,447,447,0,3,444,EGYENI,,
57483,17_011_015,617,475,474,-1,1,473,EGYENI,,
57485,17_011_016,907,674,674,0,2,672,EGYENI,,
57487,17_011_017,270,164,164,0,1,163,EGYENI,,
57489,17_011_018,135,90,90,0,0,90,EGYENI,,
57491,17_012_001,373,269,269,0,0,269,EGYENI,,
57493,17_013_001,760,526,526,0,4,522,EGYENI,,
57495,17_013_002,707,518,518,0,1,517,EGYENI,,
57497,17_013_003,695,411,411,0,0,411,EGYENI,,
57499,17_014_001,741,499,498,-1,5,493,EGYENI,,
57501,17_015_001,249,125,125,0,4,121,EGYENI,,
57503,17_016_001,657,446,446,0,5,441,EGYENI,,
57505,17_017_001,838,539,539,0,6,533,EGYENI,,
57507,17_017_002,143,97,97,0,0,97,EGYENI,,
57509,17_018_001,805,468,465,-3,8,457,EGYENI,,
57511,17_018_002,778,475,475,0,7,468,EGYENI,,
57513,17_018_003,842,479,479,0,10,469,EGYENI,,
57515,17_018_004,761,436,436,0,9,427,EGYENI,,
57517,17_019_001,282,175,176,1,12,164,EGYENI,,
57519,17_020_001,750,475,475,0,7,468,EGYENI,,
57521,17_020_002,863,614,613,-1,6,607,EGYENI,,
57523,17_020_003,823,573,572,-1,5,567,EGYENI,,
57525,17_020_004,937,577,577,0,3,574,EGYENI,,
57527,17_020_005,668,491,491,0,0,491,EGYENI,,
57529,17_020_006,536,340,340,0,5,335,EGYENI,,
57531,17_020_007,566,399,399,0,3,396,EGYENI,,
57533,17_020_008,806,602,601,-1,8,593,EGYENI,,
57535,17_020_009,788,547,547,0,6,541,EGYENI,,
57537,17_020_010,915,661,661,0,10,651,EGYENI,,
57539,17_020_011,735,504,503,-1,5,498,EGYENI,,
57541,17_020_012,501,246,247,1,8,239,EGYENI,,
57543,17_020_013,685,469,469,0,4,465,EGYENI,,
57545,17_020_014,605,434,433,-1,1,432,EGYENI,,
57547,17_020_015,686,474,474,0,4,470,EGYENI,,
57549,17_020_016,723,509,508,-1,4,504,EGYENI,,
57551,17_020_017,680,485,483,-2,4,479,EGYENI,,
57553,17_020_018,644,453,451,-2,2,449,EGYENI,,
57555,17_020_019,731,487,487,0,6,481,EGYENI,,
57557,17_020_020,559,327,326,-1,6,320,EGYENI,,
57559,17_020_021,205,64,64,0,0,64,EGYENI,,
57561,17_020_022,2435,2025,2016,-9,15,2001,EGYENI,,
57563,17_021_001,540,348,348,0,8,340,EGYENI,,
57565,17_021_002,483,263,263,0,6,257,EGYENI,,
57567,17_021_003,513,285,284,-1,6,278,EGYENI,,
57569,17_022_001,678,494,494,0,1,493,EGYENI,,
57571,17_022_002,784,606,606,0,3,603,EGYENI,,
57573,17_022_003,792,520,520,0,5,515,EGYENI,,
57985,17_022_004,738,468,468,0,4,464,EGYENI,,
57987,17_022_005,840,561,561,0,3,558,EGYENI,,
57989,17_022_006,723,471,467,-4,6,461,EGYENI,,
57991,17_022_007,780,494,494,0,5,489,EGYENI,,
57993,17_022_008,748,454,454,0,2,452,EGYENI,,
57995,17_022_009,640,389,389,0,3,386,EGYENI,,
57997,17_023_001,632,444,444,0,5,439,EGYENI,,
57999,17_023_002,782,539,539,0,1,538,EGYENI,,
58001,17_023_003,615,404,404,0,5,399,EGYENI,,
58003,17_024_001,198,123,123,0,3,120,EGYENI,,
58005,17_025_001,492,303,303,0,4,299,EGYENI,,
58007,17_026_001,808,440,440,0,3,437,EGYENI,,
58009,17_026_002,813,397,397,0,11,386,EGYENI,,
58011,17_026_003,884,583,583,0,6,577,EGYENI,,
58013,17_026_004,769,500,500,0,8,492,EGYENI,,
58015,17_027_001,562,348,348,0,9,339,EGYENI,,
58017,17_028_001,500,327,327,0,1,326,EGYENI,,
58019,17_029_001,789,468,468,0,0,468,EGYENI,,
58021,17_030_001,511,280,280,0,5,275,EGYENI,,
58023,17_031_001,997,613,611,-2,4,607,EGYENI,,
58025,17_032_001,136,89,89,0,1,88,EGYENI,,
58027,17_033_001,713,454,454,0,1,453,EGYENI,,
58029,17_033_002,741,463,463,0,6,457,EGYENI,,
58031,17_034_001,537,340,340,0,3,337,EGYENI,,
58033,17_035_001,774,526,526,0,5,521,EGYENI,,
58035,17_036_001,634,333,333,0,4,329,EGYENI,,
58037,17_037_001,693,458,458,0,5,453,EGYENI,,
58039,17_038_001,782,516,516,0,5,511,EGYENI,,
58041,17_038_002,705,457,457,0,5,452,EGYENI,,
58043,17_038_003,760,425,425,0,11,414,EGYENI,,
58045,17_039_001,663,430,430,0,2,428,EGYENI,,
58047,17_039_002,746,470,470,0,7,463,EGYENI,,
58049,17_039_003,644,415,415,0,8,407,EGYENI,,
58051,17_040_001,381,241,241,0,5,236,EGYENI,,
58053,17_041_001,197,130,130,0,0,130,EGYENI,,
58055,17_042_001,932,490,490,0,8,482,EGYENI,,
58057,17_043_001,702,527,527,0,3,524,EGYENI,,
58059,17_043_002,681,514,514,0,1,513,EGYENI,,
58061,17_044_001,113,70,70,0,1,69,EGYENI,,
58063,17_045_001,511,370,370,0,3,367,EGYENI,,
58065,17_045_002,155,110,110,0,2,108,EGYENI,,
58067,17_046_001,910,593,593,0,7,586,EGYENI,,
58069,17_046_002,283,182,181,-1,3,178,EGYENI,,
58071,17_047_001,174,130,130,0,7,123,EGYENI,,
58073,17_048_001,568,425,425,0,3,422,EGYENI,,
58075,17_049_001,597,381,381,0,3,378,EGYENI,,
58077,17_050_001,278,183,183,0,4,179,EGYENI,,
58079,17_051_001,237,158,158,0,4,154,EGYENI,,
58081,17_052_001,266,157,157,0,2,155,EGYENI,,
58083,17_053_001,291,180,180,0,3,177,EGYENI,,
58085,17_054_001,938,482,481,-1,3,478,EGYENI,,
58087,17_055_001,252,164,164,0,2,162,EGYENI,,
58089,17_056_001,551,288,289,1,9,280,EGYENI,,
58091,17_056_002,538,320,320,0,5,315,EGYENI,,
58093,17_056_003,81,48,48,0,0,48,EGYENI,,
58095,17_057_001,913,495,495,0,9,486,EGYENI,,
58097,17_058_001,121,74,74,0,1,73,EGYENI,,
58099,17_059_001,422,271,271,0,7,264,EGYENI,,
58101,17_060_001,476,338,338,0,2,336,EGYENI,,
58103,17_060_002,606,440,440,0,4,436,EGYENI,,
58105,17_060_003,430,317,316,-1,1,315,EGYENI,,
58107,17_061_001,848,426,425,-1,8,417,EGYENI,,
58109,17_062_001,536,347,347,0,14,333,EGYENI,,
58111,17_062_002,94,53,53,0,2,51,EGYENI,,
58113,17_063_001,224,160,160,0,1,159,EGYENI,,
58115,17_064_001,503,335,335,0,4,331,EGYENI,,
58117,17_064_002,87,60,60,0,1,59,EGYENI,,
58119,17_065_001,274,200,200,0,0,200,EGYENI,,
58121,17_066_001,296,213,213,0,2,211,EGYENI,,
58533,17_067_001,340,184,184,0,4,180,EGYENI,,
58535,17_068_001,51,42,42,0,0,42,EGYENI,,
58537,17_069_001,649,402,402,0,2,400,EGYENI,,
58539,17_069_002,704,434,434,0,6,428,EGYENI,,
58541,17_069_003,751,404,403,-1,3,400,EGYENI,,
58543,17_070_001,51,31,31,0,2,29,EGYENI,,
58545,17_070_002,801,496,496,0,5,491,EGYENI,,
58547,17_071_001,885,594,594,0,3,591,EGYENI,,
58549,17_071_002,985,691,691,0,2,689,EGYENI,,
58551,17_072_001,306,220,220,0,5,215,EGYENI,,
58553,17_073_001,669,420,417,-3,8,409,EGYENI,,
58555,17_074_001,118,94,94,0,1,93,EGYENI,,
58557,17_075_001,424,259,259,0,9,250,EGYENI,,
58559,17_076_001,716,466,464,-2,5,459,EGYENI,,
58561,17_076_002,662,431,431,0,6,425,EGYENI,,
58563,17_077_001,636,405,405,0,4,401,EGYENI,,
58565,17_077_002,597,376,376,0,3,373,EGYENI,,
58567,17_078_001,787,559,559,0,22,537,EGYENI,,
58569,17_078_002,594,373,372,-1,10,362,EGYENI,,
58571,17_078_003,587,310,309,-1,7,302,EGYENI,,
58573,17_079_001,869,688,688,0,3,685,EGYENI,,
58575,17_079_002,1044,729,729,0,5,724,EGYENI,,
58577,17_079_003,905,695,695,0,6,689,EGYENI,,
58579,17_079_004,1075,793,793,0,4,789,EGYENI,,
58581,17_079_005,1011,787,787,0,7,780,EGYENI,,
58583,17_079_006,965,717,717,0,4,713,EGYENI,,
58585,17_079_007,1064,795,795,0,3,792,EGYENI,,
58587,17_079_008,1044,811,811,0,8,803,EGYENI,,
58589,17_079_009,879,641,641,0,3,638,EGYENI,,
58591,17_079_010,955,634,634,0,1,633,EGYENI,,
58593,17_079_011,968,735,735,0,2,733,EGYENI,,
58595,17_079_012,876,656,656,0,1,655,EGYENI,,
58597,17_079_013,980,725,724,-1,0,724,EGYENI,,
58599,17_079_014,931,610,610,0,5,605,EGYENI,,
58601,17_079_015,947,619,619,0,7,612,EGYENI,,
58603,17_079_016,2095,1859,1853,-6,7,1846,EGYENI,,
58605,17_079_017,307,188,188,0,0,188,EGYENI,,
58607,17_080_001,619,328,326,-2,8,318,EGYENI,,
58609,17_080_002,445,268,268,0,2,266,EGYENI,,
58611,17_080_003,71,44,44,0,0,44,EGYENI,,
58613,17_081_001,1047,700,699,-1,3,696,EGYENI,,
58615,17_081_002,753,503,503,0,6,497,EGYENI,,
58617,17_082_001,451,328,328,0,5,323,EGYENI,,
58619,17_083_001,792,456,456,0,8,448,EGYENI,,
58621,17_084_001,860,555,554,-1,8,546,EGYENI,,
58623,17_085_001,513,258,258,0,9,249,EGYENI,,
58625,17_086_001,574,365,365,0,6,359,EGYENI,,
58627,17_086_002,193,126,126,0,1,125,EGYENI,,
58629,17_086_003,67,40,40,0,0,40,EGYENI,,
58631,17_087_001,1045,575,575,0,3,572,EGYENI,,
58633,17_087_002,1091,686,686,0,4,682,EGYENI,,
58635,17_087_003,1111,682,682,0,4,678,EGYENI,,
58637,17_088_001,501,407,407,0,11,396,EGYENI,,
58639,17_088_002,521,412,407,-5,6,401,EGYENI,,
58641,17_089_001,188,120,120,0,1,119,EGYENI,,
58643,17_090_001,594,417,410,-7,3,407,EGYENI,,
58645,17_090_002,448,241,241,0,6,235,EGYENI,,
58647,17_091_001,684,369,369,0,6,363,EGYENI,,
58649,17_092_001,498,363,363,0,0,363,EGYENI,,
58651,17_093_001,176,140,140,0,3,137,EGYENI,,
58653,17_094_001,591,376,376,0,3,373,EGYENI,,
58655,17_094_002,631,403,403,0,1,402,EGYENI,,
58657,17_094_003,611,342,342,0,7,335,EGYENI,,
58659,17_095_001,976,617,617,0,9,608,EGYENI,,
58661,17_095_002,711,548,548,0,8,540,EGYENI,,
58663,17_095_003,756,490,490,0,3,487,EGYENI,,
58665,17_095_004,768,552,552,0,9,543,EGYENI,,
58667,17_095_005,2358,1977,1969,-8,18,1951,EGYENI,,
58669,17_095_006,591,466,466,0,6,460,EGYENI,,
59073,17_095_007,580,418,418,0,3,415,EGYENI,,
59075,17_095_008,644,502,502,0,1,501,EGYENI,,
59077,17_095_009,446,368,368,0,3,365,EGYENI,,
59079,17_095_010,743,566,566,0,2,564,EGYENI,,
59081,17_095_011,1089,776,774,-2,2,772,EGYENI,,
59083,17_095_012,687,502,498,-4,8,490,EGYENI,,
59085,17_095_013,522,378,377,-1,6,371,EGYENI,,
59087,17_095_014,468,336,336,0,5,331,EGYENI,,
59089,17_095_015,572,424,424,0,5,419,EGYENI,,
59091,17_095_016,468,339,338,-1,1,337,EGYENI,,
59093,17_095_017,589,413,413,0,2,411,EGYENI,,
59095,17_095_018,611,455,454,-1,8,446,EGYENI,,
59097,17_095_019,673,433,433,0,1,432,EGYENI,,
59099,17_095_020,780,574,574,0,8,566,EGYENI,,
59101,17_095_021,565,484,470,-14,5,465,EGYENI,,
59103,17_095_022,530,413,413,0,3,410,EGYENI,,
59105,17_095_023,566,408,408,0,0,408,EGYENI,,
59107,17_095_024,523,354,353,-1,3,350,EGYENI,,
59109,17_095_025,520,421,421,0,5,416,EGYENI,,
59111,17_095_026,637,485,485,0,6,479,EGYENI,,
59113,17_095_027,599,443,443,0,4,439,EGYENI,,
59115,17_095_028,589,404,403,-1,5,398,EGYENI,,
59117,17_095_029,673,413,412,-1,6,406,EGYENI,,
59119,17_095_030,841,509,509,0,12,497,EGYENI,,
59121,17_095_031,600,462,462,0,6,456,EGYENI,,
59123,17_095_032,714,493,492,-1,2,490,EGYENI,,
59125,17_095_033,674,485,484,-1,2,482,EGYENI,,
59127,17_095_034,754,582,582,0,5,577,EGYENI,,
59129,17_095_035,683,510,508,-2,5,503,EGYENI,,
59131,17_095_036,829,636,636,0,1,635,EGYENI,,
59133,17_095_037,910,636,635,-1,10,625,EGYENI,,
59135,17_095_038,894,753,747,-6,6,741,EGYENI,,
59137,17_095_039,949,686,686,0,7,679,EGYENI,,
59139,17_096_001,250,136,136,0,3,133,EGYENI,,
59141,17_096_002,885,590,590,0,1,589,EGYENI,,
59143,17_096_003,887,556,556,0,15,541,EGYENI,,
59145,17_096_004,819,570,571,1,17,554,EGYENI,,
59147,17_096_005,1021,711,711,0,8,703,EGYENI,,
59149,17_096_006,799,577,567,-10,3,564,EGYENI,,
59151,17_096_007,284,140,140,0,1,139,EGYENI,,
59153,17_096_008,938,723,721,-2,8,713,EGYENI,,
59155,17_096_009,594,355,355,0,4,351,EGYENI,,
59157,17_097_001,647,427,427,0,4,423,EGYENI,,
59159,17_097_002,287,167,167,0,7,160,EGYENI,,
59161,17_097_003,213,91,91,0,4,87,EGYENI,,
59163,17_097_004,624,363,363,0,7,356,EGYENI,,
59165,17_098_001,567,343,343,0,1,342,EGYENI,,
59167,17_098_002,554,375,375,0,4,371,EGYENI,,
59169,17_099_001,1104,635,635,0,11,624,EGYENI,,
59171,17_099_002,749,507,507,0,10,497,EGYENI,,
59173,17_099_003,569,389,389,0,13,376,EGYENI,,
59175,17_099_004,929,567,567,0,9,558,EGYENI,,
59177,17_099_005,699,471,471,0,4,467,EGYENI,,
59179,17_099_006,614,398,398,0,9,389,EGYENI,,
59181,17_099_007,765,497,497,0,8,489,EGYENI,,
59183,17_099_008,582,410,410,0,12,398,EGYENI,,
59185,17_099_009,777,553,552,-1,9,543,EGYENI,,
59187,17_099_010,612,443,443,0,6,437,EGYENI,,
59189,17_099_011,593,415,415,0,4,411,EGYENI,,
59191,17_099_012,617,324,324,0,4,320,EGYENI,,
59193,17_099_013,614,385,385,0,9,376,EGYENI,,
59195,17_100_001,837,490,490,0,3,487,EGYENI,,
59197,17_101_001,255,139,139,0,2,137,EGYENI,,
59199,17_102_001,218,158,158,0,5,153,EGYENI,,
59201,17_103_001,292,190,189,-1,4,185,EGYENI,,
59203,17_104_001,651,435,435,0,7,428,EGYENI,,
51116,17_105_001,959,681,681,0,13,668,EGYENI,,
51118,17_106_001,118,75,75,0,0,75,EGYENI,,
51119,17_107_001,217,160,160,0,3,157,EGYENI,,
51121,17_108_001,619,491,491,0,4,487,EGYENI,,
51123,17_108_002,468,344,344,0,2,342,EGYENI,,
51125,17_108_003,491,366,366,0,0,366,EGYENI,,
51127,17_108_004,88,58,58,0,2,56,EGYENI,,
51129,17_109_001,501,326,326,0,5,321,EGYENI,,
51131,18_001_001,522,332,332,0,9,323,EGYENI,,
51133,18_002_001,289,196,196,0,1,195,EGYENI,,
51135,18_003_001,461,343,341,-2,6,335,EGYENI,,
51137,18_004_001,193,125,125,0,0,125,EGYENI,,
51139,18_005_001,330,235,235,0,2,233,EGYENI,,
51141,18_006_001,377,302,302,0,0,302,EGYENI,,
51143,18_007_001,944,728,706,-22,8,698,EGYENI,,
51145,18_008_001,364,278,278,0,4,274,EGYENI,,
51147,18_009_001,398,251,251,0,6,245,EGYENI,,
51149,18_010_001,675,533,533,0,6,527,EGYENI,,
51151,18_011_001,107,76,76,0,2,74,EGYENI,,
51153,18_012_001,297,240,240,0,1,239,EGYENI,,
51155,18_013_001,252,174,174,0,0,174,EGYENI,,
51157,18_014_001,308,253,253,0,2,251,EGYENI,,
51159,18_015_001,241,183,183,0,1,182,EGYENI,,
51161,18_016_001,540,435,435,0,5,430,EGYENI,,
51163,18_017_001,464,381,381,0,0,381,EGYENI,,
51165,18_018_001,873,580,580,0,3,577,EGYENI,,
51167,18_018_002,787,500,499,-1,3,496,EGYENI,,
51169,18_018_003,956,692,690,-2,4,686,EGYENI,,
51171,18_019_001,210,168,168,0,1,167,EGYENI,,
51173,18_020_001,1061,739,739,0,5,734,EGYENI,,
51175,18_020_002,1002,793,793,0,7,786,EGYENI,,
51177,18_020_003,987,698,696,-2,5,691,EGYENI,,
51179,18_020_004,1037,784,784,0,7,777,EGYENI,,
51181,18_020_005,1027,765,762,-3,5,757,EGYENI,,
51183,18_020_006,1060,741,739,-2,1,738,EGYENI,,
51185,18_020_007,915,573,573,0,4,569,EGYENI,,
51187,18_020_008,1164,818,818,0,6,812,EGYENI,,
51189,18_020_009,275,214,214,0,0,214,EGYENI,,
51191,18_021_001,142,118,118,0,0,118,EGYENI,,
51193,18_022_001,506,362,362,0,9,353,EGYENI,,
51195,18_022_002,711,534,534,0,7,527,EGYENI,,
51197,18_023_001,283,221,221,0,3,218,EGYENI,,
51199,18_024_001,205,155,155,0,0,155,EGYENI,,
51201,18_025_001,288,179,179,0,2,177,EGYENI,,
51203,18_026_001,270,225,225,0,3,222,EGYENI,,
51205,18_027_001,979,663,663,0,9,654,EGYENI,,
51207,18_027_002,878,648,648,0,2,646,EGYENI,,
51209,18_027_003,713,533,533,0,8,525,EGYENI,,
51211,18_028_001,541,405,405,0,1,404,EGYENI,,
51213,18_029_001,264,206,206,0,1,205,EGYENI,,
51215,18_030_001,307,211,211,0,1,210,EGYENI,,
51217,18_031_001,699,430,430,0,5,425,EGYENI,,
51219,18_032_001,81,57,57,0,2,55,EGYENI,,
51221,18_033_001,195,170,170,0,1,169,EGYENI,,
51223,18_034_001,104,76,76,0,0,76,EGYENI,,
51225,18_035_001,75,59,59,0,1,58,EGYENI,,
51227,18_036_001,211,123,124,1,1,123,EGYENI,,
51229,18_037_001,274,203,203,0,1,202,EGYENI,,
51231,18_038_001,270,177,172,-5,3,169,EGYENI,,
51233,18_039_001,457,309,309,0,2,307,EGYENI,,
51235,18_040_001,1034,808,808,0,9,799,EGYENI,,
51237,18_041_001,376,277,277,0,1,276,EGYENI,,
51239,18_042_001,163,130,129,-1,0,129,EGYENI,,
51241,18_043_001,200,153,153,0,6,147,EGYENI,,
51243,18_044_001,468,319,319,0,4,315,EGYENI,,
51245,18_045_001,339,241,241,0,1,240,EGYENI,,
51247,18_046_001,1050,855,855,0,6,849,EGYENI,,
51249,18_046_002,1077,864,864,0,5,859,EGYENI,,
51251,18_047_001,531,388,388,0,4,384,EGYENI,,
51253,18_048_001,905,593,593,0,10,583,EGYENI,,
51255,18_049_001,204,154,154,0,0,154,EGYENI,,
51651,18_050_001,126,91,91,0,0,91,EGYENI,,
51653,18_051_001,868,666,666,0,5,661,EGYENI,,
51655,18_052_001,523,333,333,0,4,329,EGYENI,,
51657,18_053_001,74,57,57,0,0,57,EGYENI,,
51659,18_054_001,223,174,174,0,2,172,EGYENI,,
51661,18_055_001,125,97,97,0,1,96,EGYENI,,
51663,18_056_001,627,425,424,-1,3,421,EGYENI,,
51665,18_057_001,138,113,113,0,1,112,EGYENI,,
51667,18_058_001,123,101,101,0,2,99,EGYENI,,
51669,18_059_001,226,170,170,0,0,170,EGYENI,,
51671,18_060_001,52,45,45,0,1,44,EGYENI,,
51673,18_061_001,130,97,97,0,1,96,EGYENI,,
51675,18_062_001,151,133,133,0,0,133,EGYENI,,
51677,18_063_001,659,489,489,0,1,488,EGYENI,,
51679,18_064_001,560,353,353,0,6,347,EGYENI,,
51681,18_065_001,734,550,550,0,6,544,EGYENI,,
51683,18_065_002,671,470,470,0,5,465,EGYENI,,
51685,18_066_001,37,32,32,0,0,32,EGYENI,,
51687,18_067_001,83,67,67,0,0,67,EGYENI,,
51689,18_068_001,408,268,268,0,3,265,EGYENI,,
51691,18_069_001,1110,749,749,0,5,744,EGYENI,,
51693,18_069_002,908,632,632,0,4,628,EGYENI,,
51695,18_070_001,409,292,292,0,2,290,EGYENI,,
51697,18_071_001,672,419,419,0,5,414,EGYENI,,
51699,18_071_002,610,391,390,-1,6,384,EGYENI,,
51701,18_071_003,714,443,443,0,1,442,EGYENI,,
51703,18_072_001,173,111,111,0,2,109,EGYENI,,
51705,18_073_001,274,212,212,0,3,209,EGYENI,,
51707,18_074_001,853,579,579,0,12,567,EGYENI,,
51709,18_075_001,373,283,283,0,3,280,EGYENI,,
51711,18_076_001,66,41,41,0,2,39,EGYENI,,
51713,18_077_001,78,59,59,0,0,59,EGYENI,,
51715,18_078_001,720,520,520,0,0,520,EGYENI,,
51717,18_079_001,436,312,312,0,3,309,EGYENI,,
51719,18_080_001,330,221,221,0,4,217,EGYENI,,
51721,18_081_001,477,337,337,0,3,334,EGYENI,,
51723,18_082_001,160,104,104,0,3,101,EGYENI,,
51725,18_083_001,182,142,142,0,0,142,EGYENI,,
51727,18_084_001,213,142,142,0,2,140,EGYENI,,
51729,18_085_001,681,515,515,0,5,510,EGYENI,,
51731,18_086_001,184,134,134,0,1,133,EGYENI,,
51733,18_087_001,55,44,44,0,0,44,EGYENI,,
51735,18_088_001,101,70,70,0,2,68,EGYENI,,
51737,18_089_001,148,117,117,0,1,116,EGYENI,,
51739,18_090_001,192,134,133,-1,9,124,EGYENI,,
51741,18_091_001,356,261,261,0,5,256,EGYENI,,
51743,18_092_001,68,48,48,0,2,46,EGYENI,,
51745,18_093_001,414,308,307,-1,3,304,EGYENI,,
51747,18_094_001,211,151,151,0,2,149,EGYENI,,
51749,18_095_001,928,678,677,-1,5,672,EGYENI,,
51751,18_095_002,1094,758,758,0,13,745,EGYENI,,
51753,18_095_003,1137,853,853,0,7,846,EGYENI,,
51755,18_095_004,1208,944,943,-1,12,931,EGYENI,,
51757,18_095_005,1237,855,852,-3,12,840,EGYENI,,
51759,18_095_006,1166,894,893,-1,8,885,EGYENI,,
51761,18_095_007,1118,842,838,-4,7,831,EGYENI,,
51763,18_095_008,355,251,251,0,20,231,EGYENI,,
51765,18_095_009,698,555,555,0,2,553,EGYENI,,
51767,18_095_010,2003,1832,1827,-5,16,1811,EGYENI,,
51769,18_096_001,1100,798,797,-1,1,796,EGYENI,,
51771,18_096_002,1159,848,846,-2,5,841,EGYENI,,
51773,18_096_003,1056,739,739,0,1,738,EGYENI,,
51775,18_096_004,1097,789,787,-2,10,777,EGYENI,,
51777,18_096_005,1101,813,813,0,8,805,EGYENI,,
51779,18_096_006,1350,1022,1021,-1,5,1016,EGYENI,,
51781,18_096_007,1047,748,748,0,3,745,EGYENI,,
51783,18_096_008,646,477,477,0,3,474,EGYENI,,
51785,18_096_009,418,331,331,0,4,327,EGYENI,,
51787,18_097_001,203,160,160,0,3,157,EGYENI,,
51789,18_098_001,152,102,102,0,0,102,EGYENI,,
51791,18_099_001,400,303,302,-1,1,301,EGYENI,,
52185,18_100_001,86,65,65,0,1,64,EGYENI,,
52187,18_101_001,880,689,687,-2,2,685,EGYENI,,
52189,18_102_001,644,491,492,1,10,482,EGYENI,,
52191,18_103_001,183,155,155,0,3,152,EGYENI,,
52193,18_104_001,349,268,268,0,0,268,EGYENI,,
52195,18_105_001,211,168,168,0,2,166,EGYENI,,
52197,18_106_001,528,336,336,0,6,330,EGYENI,,
52199,18_107_001,253,199,199,0,4,195,EGYENI,,
52201,18_108_001,478,367,367,0,4,363,EGYENI,,
52203,18_109_001,131,102,102,0,1,101,EGYENI,,
52205,18_110_001,175,118,118,0,2,116,EGYENI,,
52207,18_111_001,175,150,150,0,1,149,EGYENI,,
52209,18_112_001,243,153,153,0,3,150,EGYENI,,
52211,18_113_001,338,275,275,0,1,274,EGYENI,,
52213,18_114_001,229,170,170,0,1,169,EGYENI,,
52215,18_115_001,108,79,79,0,0,79,EGYENI,,
52217,18_116_001,96,85,85,0,0,85,EGYENI,,
52219,18_117_001,218,166,166,0,3,163,EGYENI,,
52221,18_118_001,794,585,585,0,3,582,EGYENI,,
52223,18_119_001,104,56,56,0,0,56,EGYENI,,
52225,18_120_001,399,320,320,0,4,316,EGYENI,,
52227,18_121_001,1040,762,762,0,13,749,EGYENI,,
52229,18_122_001,1055,821,821,0,3,818,EGYENI,,
52231,18_123_001,513,379,379,0,3,376,EGYENI,,
52233,18_124_001,243,191,191,0,1,190,EGYENI,,
52235,18_125_001,225,168,168,0,0,168,EGYENI,,
52237,18_126_001,266,202,202,0,2,200,EGYENI,,
52239,18_127_001,291,199,199,0,1,198,EGYENI,,
52241,18_128_001,105,83,83,0,0,83,EGYENI,,
52243,18_129_001,18,13,13,0,0,13,EGYENI,,
52245,18_130_001,221,156,156,0,10,146,EGYENI,,
52247,18_131_001,432,327,327,0,1,326,EGYENI,,
52249,18_132_001,267,212,212,0,4,208,EGYENI,,
52251,18_133_001,309,207,207,0,3,204,EGYENI,,
52253,18_134_001,62,47,47,0,0,47,EGYENI,,
52255,18_135_001,641,436,436,0,3,433,EGYENI,,
52257,18_136_001,519,365,365,0,6,359,EGYENI,,
52259,18_137_001,82,64,64,0,0,64,EGYENI,,
52261,18_138_001,597,409,409,0,2,407,EGYENI,,
52263,18_139_001,182,142,142,0,1,141,EGYENI,,
52265,18_140_001,919,717,717,0,8,709,EGYENI,,
52267,18_141_001,352,260,260,0,2,258,EGYENI,,
52269,18_142_001,237,172,172,0,3,169,EGYENI,,
52271,18_143_001,236,190,190,0,2,188,EGYENI,,
52273,18_144_001,643,476,476,0,8,468,EGYENI,,
52275,18_145_001,541,439,439,0,3,436,EGYENI,,
52277,18_146_001,426,329,329,0,1,328,EGYENI,,
52279,18_147_001,170,122,122,0,0,122,EGYENI,,
52281,18_148_001,138,99,99,0,0,99,EGYENI,,
52283,18_149_001,285,237,237,0,1,236,EGYENI,,
52285,18_150_001,116,83,83,0,2,81,EGYENI,,
52287,18_151_001,233,178,178,0,0,178,EGYENI,,
52289,18_152_001,130,112,112,0,5,107,EGYENI,,
52291,18_153_001,689,516,516,0,4,512,EGYENI,,
52293,18_154_001,636,474,474,0,4,470,EGYENI,,
52295,18_155_001,787,537,537,0,11,526,EGYENI,,
52297,18_156_001,714,468,468,0,5,463,EGYENI,,
52299,18_156_002,640,449,449,0,9,440,EGYENI,,
52301,18_157_001,192,149,149,0,4,145,EGYENI,,
52303,18_158_001,221,181,181,0,2,179,EGYENI,,
52305,18_159_001,189,133,133,0,1,132,EGYENI,,
52307,18_160_001,626,484,484,0,5,479,EGYENI,,
52309,18_160_002,858,659,659,0,1,658,EGYENI,,
52311,18_160_003,675,516,516,0,0,516,EGYENI,,
52313,18_161_001,90,70,70,0,0,70,EGYENI,,
52315,18_162_001,340,234,234,0,2,232,EGYENI,,
52317,18_163_001,895,601,600,-1,8,592,EGYENI,,
52319,18_164_001,246,174,174,0,0,174,EGYENI,,
52321,18_165_001,383,290,290,0,1,289,EGYENI,,
52323,18_166_001,77,65,65,0,0,65,EGYENI,,
52325,18_167_001,831,596,596,0,4,592,EGYENI,,
52327,18_167_002,539,364,364,0,4,360,EGYENI,,
52739,18_167_003,600,424,424,0,6,418,EGYENI,,
52741,18_167_004,661,448,448,0,4,444,EGYENI,,
52743,18_167_005,44,36,36,0,0,36,EGYENI,,
52745,18_167_006,686,528,528,0,0,528,EGYENI,,
52747,18_167_007,653,499,497,-2,4,493,EGYENI,,
52749,18_167_008,797,604,603,-1,5,598,EGYENI,,
52751,18_167_009,688,506,506,0,1,505,EGYENI,,
52753,18_167_010,884,657,657,0,3,654,EGYENI,,
52755,18_167_011,629,427,427,0,2,425,EGYENI,,
52757,18_167_012,723,546,546,0,7,539,EGYENI,,
52759,18_167_013,768,553,552,-1,5,547,EGYENI,,
52761,18_167_014,707,523,523,0,2,521,EGYENI,,
52763,18_167_015,837,560,560,0,2,558,EGYENI,,
52765,18_167_016,1083,807,807,0,5,802,EGYENI,,
52767,18_167_017,2333,2044,2032,-12,8,2024,EGYENI,,
52769,18_167_018,108,69,69,0,0,69,EGYENI,,
52771,18_168_001,1040,784,784,0,4,780,EGYENI,,
52773,18_169_001,425,298,298,0,1,297,EGYENI,,
52775,18_170_001,550,414,414,0,3,411,EGYENI,,
52777,18_171_001,316,218,218,0,2,216,EGYENI,,
52779,18_171_002,138,102,102,0,1,101,EGYENI,,
52781,18_171_003,92,63,63,0,1,62,EGYENI,,
52783,18_172_001,207,158,155,-3,2,153,EGYENI,,
52785,18_173_001,661,478,478,0,1,477,EGYENI,,
52787,18_174_001,518,372,372,0,9,363,EGYENI,,
52789,18_175_001,638,486,486,0,3,483,EGYENI,,
52791,18_176_001,45,43,43,0,1,42,EGYENI,,
52793,18_177_001,288,221,221,0,2,219,EGYENI,,
52795,18_178_001,176,134,134,0,2,132,EGYENI,,
52797,18_179_001,191,163,163,0,6,157,EGYENI,,
52799,18_180_001,56,49,49,0,1,48,EGYENI,,
52801,18_181_001,509,367,367,0,2,365,EGYENI,,
52803,18_182_001,265,168,168,0,1,167,EGYENI,,
52805,18_183_001,609,341,341,0,4,337,EGYENI,,
52807,18_183_002,639,457,457,0,4,453,EGYENI,,
52809,18_183_003,740,508,507,-1,3,504,EGYENI,,
52811,18_183_004,652,458,455,-3,2,453,EGYENI,,
52813,18_183_005,680,531,531,0,11,520,EGYENI,,
52815,18_183_006,638,469,469,0,2,467,EGYENI,,
52817,18_183_007,636,492,492,0,1,491,EGYENI,,
52819,18_183_008,373,269,269,0,6,263,EGYENI,,
52821,18_183_009,675,536,536,0,11,525,EGYENI,,
52823,18_183_010,206,159,159,0,1,158,EGYENI,,
52825,18_183_011,302,229,229,0,2,227,EGYENI,,
52827,18_183_012,271,203,203,0,0,203,EGYENI,,
52829,18_183_013,57,50,50,0,2,48,EGYENI,,
52831,18_184_001,816,666,666,0,5,661,EGYENI,,
52833,18_185_001,252,177,177,0,0,177,EGYENI,,
52835,18_186_001,848,711,712,1,18,694,EGYENI,,
52837,18_186_002,847,673,673,0,4,669,EGYENI,,
52839,18_186_003,905,758,758,0,2,756,EGYENI,,
52841,18_186_004,846,703,703,0,4,699,EGYENI,,
52843,18_186_005,932,762,762,0,9,753,EGYENI,,
52845,18_186_006,989,763,764,1,17,747,EGYENI,,
52847,18_186_007,1011,794,794,0,4,790,EGYENI,,
52849,18_186_008,834,607,608,1,14,594,EGYENI,,
52851,18_186_009,639,473,473,0,6,467,EGYENI,,
52853,18_186_010,711,457,457,0,4,453,EGYENI,,
52855,18_186_011,828,655,654,-1,3,651,EGYENI,,
52857,18_186_012,890,703,703,0,3,700,EGYENI,,
52859,18_186_013,867,672,672,0,2,670,EGYENI,,
52861,18_186_014,864,589,590,1,15,575,EGYENI,,
52863,18_186_015,847,629,629,0,4,625,EGYENI,,
52865,18_186_016,783,551,551,0,13,538,EGYENI,,
52867,18_186_017,799,574,574,0,4,570,EGYENI,,
52869,18_186_018,881,643,643,0,1,642,EGYENI,,
53813,18_186_019,871,614,614,0,3,611,EGYENI,,
53815,18_186_020,866,624,624,0,6,618,EGYENI,,
53817,18_186_021,899,608,608,0,4,604,EGYENI,,
53819,18_186_022,827,579,577,-2,5,572,EGYENI,,
53821,18_186_023,860,632,632,0,4,628,EGYENI,,
53823,18_186_024,822,580,580,0,1,579,EGYENI,,
53825,18_186_025,802,567,566,-1,4,562,EGYENI,,
53827,18_186_026,998,713,711,-2,8,703,EGYENI,,
53829,18_186_027,828,660,660,0,6,654,EGYENI,,
53831,18_186_028,698,458,457,-1,4,453,EGYENI,,
53833,18_186_029,768,590,589,-1,5,584,EGYENI,,
53835,18_186_030,1006,785,782,-3,6,776,EGYENI,,
53837,18_186_031,709,467,467,0,2,465,EGYENI,,
53839,18_186_032,706,471,471,0,5,466,EGYENI,,
53841,18_186_033,974,682,680,-2,7,673,EGYENI,,
53843,18_186_034,900,652,651,-1,7,644,EGYENI,,
53845,18_186_035,975,808,808,0,7,801,EGYENI,,
53847,18_186_036,946,694,692,-2,8,684,EGYENI,,
53849,18_186_037,690,555,554,-1,5,549,EGYENI,,
53851,18_186_038,1032,734,735,1,16,719,EGYENI,,
53853,18_186_039,921,646,647,1,18,629,EGYENI,,
53855,18_186_040,808,468,457,-11,0,457,EGYENI,,
53857,18_186_041,902,629,628,-1,3,625,EGYENI,,
53859,18_186_042,850,605,606,1,13,593,EGYENI,,
53861,18_186_043,836,664,664,0,5,659,EGYENI,,
53863,18_186_044,929,685,686,1,11,675,EGYENI,,
53865,18_186_045,911,703,702,-1,9,693,EGYENI,,
53867,18_186_046,810,613,612,-1,10,602,EGYENI,,
53869,18_186_047,1008,801,800,-1,11,789,EGYENI,,
53871,18_186_048,873,676,676,0,8,668,EGYENI,,
53873,18_186_049,898,533,533,0,6,527,EGYENI,,
53875,18_186_050,852,609,609,0,7,602,EGYENI,,
53877,18_186_051,1168,904,906,2,25,881,EGYENI,,
53879,18_186_052,1345,1092,1090,-2,4,1086,EGYENI,,
53881,18_186_053,938,756,755,-1,3,752,EGYENI,,
53883,18_186_054,998,806,806,0,2,804,EGYENI,,
53885,18_186_055,1338,1085,1083,-2,7,1076,EGYENI,,
53887,18_186_056,677,517,515,-2,10,505,EGYENI,,
53889,18_186_057,758,604,604,0,3,601,EGYENI,,
53891,18_186_058,645,497,497,0,3,494,EGYENI,,
53893,18_186_059,2680,2440,2423,-17,13,2410,EGYENI,,
53895,18_186_060,666,527,527,0,9,518,EGYENI,,
53897,18_186_061,949,786,786,0,5,781,EGYENI,,
53899,18_186_062,948,677,677,0,6,671,EGYENI,,
53901,18_186_063,796,606,606,0,4,602,EGYENI,,
53903,18_186_064,957,716,714,-2,5,709,EGYENI,,
53905,18_186_065,606,500,500,0,3,497,EGYENI,,
53907,18_186_066,1265,958,958,0,4,954,EGYENI,,
53909,18_186_067,1322,1062,1062,0,2,1060,EGYENI,,
53911,18_186_068,1007,773,772,-1,4,768,EGYENI,,
53913,18_186_069,747,594,594,0,11,583,EGYENI,,
53915,18_187_001,267,190,190,0,1,189,EGYENI,,
53917,18_188_001,596,454,454,0,6,448,EGYENI,,
53919,18_189_001,1058,778,778,0,14,764,EGYENI,,
53921,18_189_002,950,709,709,0,13,696,EGYENI,,
53923,18_190_001,408,284,284,0,4,280,EGYENI,,
53925,18_191_001,276,209,209,0,2,207,EGYENI,,
53927,18_192_001,252,195,195,0,0,195,EGYENI,,
53929,18_193_001,266,205,205,0,1,204,EGYENI,,
53931,18_194_001,812,604,604,0,10,594,EGYENI,,
53933,18_194_002,720,434,434,0,7,427,EGYENI,,
53935,18_195_001,245,192,192,0,0,192,EGYENI,,
53937,18_196_001,395,250,250,0,2,248,EGYENI,,
53939,18_196_002,302,205,205,0,1,204,EGYENI,,
53941,18_197_001,270,200,200,0,6,194,EGYENI,,
55387,18_198_001,311,248,248,0,2,246,EGYENI,,
55389,18_199_001,304,233,233,0,0,233,EGYENI,,
55391,18_200_001,296,247,247,0,4,243,EGYENI,,
55393,18_201_001,263,219,219,0,2,217,EGYENI,,
55395,18_202_001,657,501,500,-1,9,491,EGYENI,,
55397,18_203_001,287,223,223,0,0,223,EGYENI,,
55399,18_204_001,454,326,326,0,1,325,EGYENI,,
55401,18_204_002,612,471,471,0,7,464,EGYENI,,
55403,18_205_001,335,254,254,0,3,251,EGYENI,,
55405,18_206_001,618,480,480,0,6,474,EGYENI,,
55407,18_206_002,614,458,458,0,3,455,EGYENI,,
55409,18_206_003,676,460,458,-2,8,450,EGYENI,,
55411,18_206_004,700,527,527,0,3,524,EGYENI,,
55413,18_206_005,675,463,463,0,7,456,EGYENI,,
55415,18_206_006,88,70,70,0,0,70,EGYENI,,
55417,18_206_007,56,45,45,0,0,45,EGYENI,,
55419,18_207_001,251,199,199,0,2,197,EGYENI,,
55421,18_208_001,279,215,215,0,9,206,EGYENI,,
55423,18_209_001,560,410,410,0,8,402,EGYENI,,
55425,18_210_001,301,237,237,0,2,235,EGYENI,,
55427,18_211_001,58,48,48,0,1,47,EGYENI,,
55429,18_212_001,733,429,429,0,1,428,EGYENI,,
55431,18_212_002,653,431,431,0,1,430,EGYENI,,
55433,18_212_003,690,518,518,0,1,517,EGYENI,,
55435,18_212_004,614,451,451,0,0,451,EGYENI,,
55437,18_213_001,220,169,169,0,1,168,EGYENI,,
55439,18_214_001,581,415,415,0,0,415,EGYENI,,
55441,18_215_001,89,72,72,0,1,71,EGYENI,,
55443,18_216_001,167,121,121,0,1,120,EGYENI,,
55445,19_001_001,667,472,472,0,1,471,EGYENI,,
55447,19_002_001,308,216,216,0,6,210,EGYENI,,
55449,19_003_001,929,627,626,-1,2,624,EGYENI,,
55451,19_003_002,893,662,660,-2,9,651,EGYENI,,
55453,19_003_003,726,553,553,0,0,553,EGYENI,,
55455,19_003_004,1043,785,785,0,5,780,EGYENI,,
55457,19_003_005,760,512,512,0,6,506,EGYENI,,
55459,19_003_006,867,539,539,0,3,536,EGYENI,,
55461,19_003_007,623,411,409,-2,8,401,EGYENI,,
55463,19_003_008,850,608,608,0,3,605,EGYENI,,
55465,19_003_009,922,547,546,-1,3,543,EGYENI,,
55467,19_003_010,823,579,579,0,0,579,EGYENI,,
55469,19_003_011,717,504,503,-1,0,503,EGYENI,,
55471,19_003_012,1017,643,641,-2,6,635,EGYENI,,
55473,19_003_013,650,418,418,0,5,413,EGYENI,,
55475,19_003_014,996,684,684,0,0,684,EGYENI,,
55477,19_003_015,759,439,439,0,0,439,EGYENI,,
55479,19_003_016,792,547,547,0,0,547,EGYENI,,
55481,19_003_017,608,421,421,0,1,420,EGYENI,,
55483,19_003_018,888,645,645,0,4,641,EGYENI,,
55485,19_003_019,800,611,611,0,6,605,EGYENI,,
55487,19_003_020,731,556,556,0,5,551,EGYENI,,
55489,19_003_021,752,519,519,0,4,515,EGYENI,,
55491,19_003_022,978,657,656,-1,4,652,EGYENI,,
55493,19_003_023,813,509,509,0,3,506,EGYENI,,
55495,19_003_024,456,243,242,-1,1,241,EGYENI,,
55497,19_003_025,854,648,648,0,3,645,EGYENI,,
55499,19_003_026,877,692,692,0,2,690,EGYENI,,
55501,19_003_027,775,464,464,0,5,459,EGYENI,,
55503,19_003_028,609,396,396,0,6,390,EGYENI,,
55505,19_003_029,908,573,573,0,3,570,EGYENI,,
55507,19_004_001,750,592,592,0,4,588,EGYENI,,
55509,19_004_002,642,508,508,0,4,504,EGYENI,,
55511,19_005_001,131,81,81,0,0,81,EGYENI,,
55513,19_006_001,362,297,297,0,4,293,EGYENI,,
55515,19_007_001,423,338,336,-2,0,336,EGYENI,,
55517,19_008_001,636,466,465,-1,4,461,EGYENI,,
55519,19_008_002,534,391,391,0,3,388,EGYENI,,
55521,19_008_003,578,420,420,0,1,419,EGYENI,,
55523,19_009_001,721,544,544,0,5,539,EGYENI,,
57033,19_010_001,955,679,678,-1,5,673,EGYENI,,
57035,19_011_001,565,409,409,0,3,406,EGYENI,,
57037,19_012_001,182,135,135,0,0,135,EGYENI,,
57039,19_013_001,818,554,554,0,10,544,EGYENI,,
57041,19_014_001,360,242,240,-2,3,237,EGYENI,,
57043,19_015_001,327,203,203,0,5,198,EGYENI,,
57045,19_016_001,55,41,41,0,0,41,EGYENI,,
57047,19_017_001,165,107,107,0,0,107,EGYENI,,
57049,19_018_001,679,440,440,0,6,434,EGYENI,,
57051,19_019_001,250,190,189,-1,2,187,EGYENI,,
57053,19_020_001,499,328,328,0,3,325,EGYENI,,
57055,19_021_001,572,433,433,0,8,425,EGYENI,,
57057,19_022_001,913,683,682,-1,20,662,EGYENI,,
57059,19_022_002,853,653,653,0,17,636,EGYENI,,
57061,19_022_003,935,724,723,-1,17,706,EGYENI,,
57063,19_022_004,765,552,552,0,3,549,EGYENI,,
57065,19_022_005,894,731,731,0,6,725,EGYENI,,
57067,19_022_006,1019,718,714,-4,11,703,EGYENI,,
57069,19_022_007,1018,774,773,-1,11,762,EGYENI,,
57071,19_022_008,977,766,765,-1,11,754,EGYENI,,
57073,19_023_001,190,128,128,0,2,126,EGYENI,,
57075,19_024_001,818,620,620,0,2,618,EGYENI,,
57077,19_025_001,1064,706,706,0,8,698,EGYENI,,
57079,19_026_001,4524,3903,3899,-4,49,3850,EGYENI,,
57081,19_026_002,1265,856,855,-1,44,811,EGYENI,,
57083,19_026_003,1356,899,897,-2,16,881,EGYENI,,
57085,19_026_004,1373,940,940,0,18,922,EGYENI,,
57087,19_026_005,1401,1056,1055,-1,30,1025,EGYENI,,
57089,19_026_006,1309,994,994,0,21,973,EGYENI,,
57091,19_026_007,1356,984,985,1,19,966,EGYENI,,
57093,19_026_008,1367,1033,1033,0,15,1018,EGYENI,,
57095,19_027_001,776,575,575,0,8,567,EGYENI,,
57097,19_027_002,727,540,540,0,6,534,EGYENI,,
57099,19_027_003,651,449,448,-1,8,440,EGYENI,,
57101,19_027_004,725,465,465,0,4,461,EGYENI,,
57103,19_027_005,681,505,505,0,7,498,EGYENI,,
57105,19_028_001,101,73,73,0,0,73,EGYENI,,
57107,19_029_001,771,563,563,0,7,556,EGYENI,,
57109,19_029_002,701,475,475,0,8,467,EGYENI,,
57111,19_029_003,638,469,472,3,29,443,EGYENI,,
57113,19_030_001,118,89,89,0,1,88,EGYENI,,
57115,19_031_001,353,246,246,0,6,240,EGYENI,,
57117,19_032_001,515,383,383,0,8,375,EGYENI,,
57119,19_033_001,278,207,207,0,2,205,EGYENI,,
57121,19_035_001,105,69,69,0,0,69,EGYENI,,
57123,19_036_001,353,211,211,0,1,210,EGYENI,,
57125,19_037_001,525,433,433,0,2,431,EGYENI,,
57127,19_038_001,786,420,420,0,8,412,EGYENI,,
57129,19_038_002,803,461,461,0,6,455,EGYENI,,
57131,19_038_003,839,456,456,0,6,450,EGYENI,,
57133,19_038_004,909,553,553,0,7,546,EGYENI,,
57135,19_038_005,630,389,389,0,3,386,EGYENI,,
57137,19_038_006,591,387,387,0,6,381,EGYENI,,
57139,19_039_001,197,160,160,0,3,157,EGYENI,,
57141,19_040_001,156,114,114,0,0,114,EGYENI,,
57143,19_041_001,84,56,56,0,0,56,EGYENI,,
57145,19_042_001,282,181,181,0,1,180,EGYENI,,
57147,19_043_001,591,436,436,0,1,435,EGYENI,,
57149,19_044_001,632,471,471,0,1,470,EGYENI,,
57151,19_044_002,628,397,397,0,6,391,EGYENI,,
57153,19_044_003,692,438,438,0,3,435,EGYENI,,
57155,19_044_004,283,104,104,0,0,104,EGYENI,,
57157,19_044_005,57,54,54,0,1,53,EGYENI,,
57159,19_045_001,674,443,442,-1,4,438,EGYENI,,
57161,19_046_001,235,195,195,0,5,190,EGYENI,,
57163,19_047_001,415,288,288,0,3,285,EGYENI,,
57165,19_048_001,721,551,549,-2,1,548,EGYENI,,
54347,19_048_002,752,564,564,0,4,560,EGYENI,,
54349,19_049_001,731,533,532,-1,5,527,EGYENI,,
54351,19_049_002,843,673,673,0,15,658,EGYENI,,
54353,19_050_001,781,537,537,0,6,531,EGYENI,,
54355,19_051_001,512,336,336,0,3,333,EGYENI,,
54357,19_052_001,351,230,230,0,0,230,EGYENI,,
54359,19_053_001,311,174,174,0,2,172,EGYENI,,
54361,19_054_001,330,241,241,0,0,241,EGYENI,,
54363,19_055_001,855,511,506,-5,8,498,EGYENI,,
54365,19_055_002,881,553,553,0,5,548,EGYENI,,
54367,19_055_003,845,561,560,-1,2,558,EGYENI,,
54369,19_055_004,878,489,489,0,7,482,EGYENI,,
54371,19_056_001,369,259,259,0,4,255,EGYENI,,
54373,19_057_001,216,171,171,0,1,170,EGYENI,,
54375,19_058_001,217,164,164,0,2,162,EGYENI,,
54377,19_059_001,667,418,418,0,7,411,EGYENI,,
54379,19_059_002,702,485,485,0,10,475,EGYENI,,
54381,19_060_001,179,148,148,0,0,148,EGYENI,,
54383,19_061_001,375,217,217,0,3,214,EGYENI,,
54385,19_062_001,427,324,324,0,2,322,EGYENI,,
54387,19_063_001,319,230,230,0,0,230,EGYENI,,
54389,19_064_001,1363,1031,1030,-1,20,1010,EGYENI,,
54391,19_065_001,220,175,175,0,0,175,EGYENI,,
54393,19_066_001,326,232,232,0,3,229,EGYENI,,
54395,19_067_001,299,192,192,0,0,192,EGYENI,,
54397,19_068_001,622,379,379,0,3,376,EGYENI,,
54399,19_069_001,271,168,168,0,0,168,EGYENI,,
54401,19_070_001,580,390,390,0,3,387,EGYENI,,
54403,19_071_001,909,591,591,0,5,586,EGYENI,,
54405,19_071_002,674,424,424,0,4,420,EGYENI,,
54407,19_071_003,828,392,391,-1,5,386,EGYENI,,
54409,19_072_001,920,605,605,0,4,601,EGYENI,,
54411,19_073_001,525,426,426,0,1,425,EGYENI,,
54413,19_074_001,139,110,111,1,4,107,EGYENI,,
54415,19_075_001,223,172,173,1,8,165,EGYENI,,
54417,19_076_001,714,568,566,-2,7,559,EGYENI,,
54419,19_076_002,674,505,505,0,2,503,EGYENI,,
54421,19_076_003,652,492,492,0,4,488,EGYENI,,
54423,19_076_004,709,498,498,0,4,494,EGYENI,,
54425,19_077_001,74,43,43,0,0,43,EGYENI,,
54427,19_078_001,345,260,260,0,5,255,EGYENI,,
54429,19_079_001,561,380,380,0,4,376,EGYENI,,
54431,19_080_001,52,40,40,0,0,40,EGYENI,,
54433,19_081_001,261,186,186,0,2,184,EGYENI,,
54435,19_082_001,593,456,455,-1,3,452,EGYENI,,
54437,19_083_001,279,191,191,0,1,190,EGYENI,,
54439,19_084_001,292,201,201,0,0,201,EGYENI,,
54441,19_085_001,234,167,167,0,1,166,EGYENI,,
54443,19_086_001,630,391,391,0,2,389,EGYENI,,
54445,19_087_001,382,275,275,0,3,272,EGYENI,,
54447,19_088_001,366,232,232,0,1,231,EGYENI,,
54449,19_089_001,490,321,321,0,1,320,EGYENI,,
54451,19_090_001,466,337,337,0,3,334,EGYENI,,
54453,19_091_001,59,48,48,0,0,48,EGYENI,,
54455,19_092_001,406,289,289,0,1,288,EGYENI,,
54457,19_093_001,275,177,177,0,1,176,EGYENI,,
54459,19_094_001,77,56,56,0,1,55,EGYENI,,
54461,19_095_001,95,65,65,0,3,62,EGYENI,,
54463,19_096_001,963,601,599,-2,3,596,EGYENI,,
54465,19_097_001,65,40,40,0,0,40,EGYENI,,
54467,19_098_001,104,60,60,0,1,59,EGYENI,,
54469,19_099_001,577,371,371,0,1,370,EGYENI,,
54471,19_100_001,299,211,210,-1,2,208,EGYENI,,
54473,19_101_001,608,429,428,-1,4,424,EGYENI,,
54475,19_102_001,359,255,255,0,0,255,EGYENI,,
54477,19_103_001,610,374,374,0,10,364,EGYENI,,
54479,19_104_001,443,307,307,0,5,302,EGYENI,,
54481,19_105_001,253,171,171,0,2,169,EGYENI,,
54483,19_106_001,777,529,529,0,4,525,EGYENI,,
54485,19_107_001,773,481,480,-1,3,477,EGYENI,,
54487,19_108_001,869,589,589,0,8,581,EGYENI,,
54489,19_108_002,860,627,627,0,8,619,EGYENI,,
55939,19_109_001,347,266,266,0,5,261,EGYENI,,
55941,19_110_001,903,542,542,0,8,534,EGYENI,,
55943,19_111_001,367,248,244,-4,5,239,EGYENI,,
55945,19_112_001,413,268,268,0,0,268,EGYENI,,
55947,19_113_001,1048,730,730,0,6,724,EGYENI,,
55949,19_114_001,406,298,297,-1,5,292,EGYENI,,
55951,19_115_001,328,195,195,0,6,189,EGYENI,,
55953,19_116_001,417,290,290,0,1,289,EGYENI,,
55955,19_116_002,205,148,148,0,1,147,EGYENI,,
55957,19_117_001,1067,840,840,0,6,834,EGYENI,,
55959,19_118_001,19,10,10,0,0,10,EGYENI,,
55961,19_119_001,218,164,164,0,3,161,EGYENI,,
55963,19_120_001,765,528,528,0,9,519,EGYENI,,
55965,19_121_001,591,378,378,0,4,374,EGYENI,,
55967,19_122_001,227,171,171,0,2,169,EGYENI,,
55969,19_123_001,864,610,610,0,4,606,EGYENI,,
55971,19_124_001,101,76,76,0,0,76,EGYENI,,
55973,19_125_001,520,360,360,0,3,357,EGYENI,,
55975,19_126_001,380,267,267,0,3,264,EGYENI,,
55977,19_127_001,272,167,167,0,2,165,EGYENI,,
55979,19_128_001,950,652,652,0,1,651,EGYENI,,
55981,19_129_001,457,349,349,0,0,349,EGYENI,,
55983,19_130_001,219,162,162,0,2,160,EGYENI,,
55985,19_131_001,444,324,324,0,3,321,EGYENI,,
55987,19_132_001,813,566,566,0,4,562,EGYENI,,
55989,19_132_002,623,425,425,0,7,418,EGYENI,,
55991,19_133_001,532,382,382,0,2,380,EGYENI,,
55993,19_134_001,805,573,573,0,4,569,EGYENI,,
55995,19_135_001,299,211,211,0,2,209,EGYENI,,
55997,19_136_001,715,490,490,0,1,489,EGYENI,,
55999,19_137_001,1116,843,842,-1,2,840,EGYENI,,
56001,19_137_002,1124,871,871,0,2,869,EGYENI,,
56003,19_138_001,290,202,202,0,1,201,EGYENI,,
56005,19_139_001,75,63,63,0,1,62,EGYENI,,
56007,19_140_001,780,508,508,0,3,505,EGYENI,,
56009,19_141_001,182,155,155,0,1,154,EGYENI,,
56011,19_142_001,724,552,552,0,2,550,EGYENI,,
56013,19_143_001,818,520,520,0,2,518,EGYENI,,
56015,19_143_002,689,453,453,0,4,449,EGYENI,,
56017,19_144_001,831,609,609,0,4,605,EGYENI,,
56019,19_145_001,113,69,69,0,0,69,EGYENI,,
56021,19_146_001,42,36,36,0,2,34,EGYENI,,
56023,19_147_001,159,101,101,0,2,99,EGYENI,,
56025,19_148_001,130,104,104,0,1,103,EGYENI,,
56027,19_149_001,1062,716,715,-1,3,712,EGYENI,,
56029,19_149_002,781,515,515,0,4,511,EGYENI,,
56031,19_150_001,989,623,623,0,6,617,EGYENI,,
56033,19_150_002,630,441,441,0,3,438,EGYENI,,
56035,19_151_001,405,317,316,-1,4,312,EGYENI,,
56037,19_152_001,1085,630,629,-1,9,620,EGYENI,,
56039,19_152_002,191,135,135,0,2,133,EGYENI,,
56041,19_153_001,901,594,593,-1,5,588,EGYENI,,
56043,19_153_002,2881,2416,2426,10,81,2345,EGYENI,,
56045,19_153_003,760,473,471,-2,9,462,EGYENI,,
56047,19_153_004,694,496,496,0,1,495,EGYENI,,
56049,19_153_005,767,606,606,0,3,603,EGYENI,,
56051,19_153_006,901,623,622,-1,5,617,EGYENI,,
56053,19_153_007,966,701,692,-9,3,689,EGYENI,,
56055,19_153_008,586,467,467,0,4,463,EGYENI,,
56057,19_153_009,638,532,532,0,2,530,EGYENI,,
56059,19_153_010,909,732,732,0,5,727,EGYENI,,
56061,19_153_011,925,742,742,0,0,742,EGYENI,,
56063,19_153_012,618,492,492,0,3,489,EGYENI,,
56065,19_153_013,678,488,488,0,7,481,EGYENI,,
56067,19_153_014,777,511,511,0,1,510,EGYENI,,
56069,19_153_015,1052,710,710,0,5,705,EGYENI,,
56071,19_153_016,965,620,620,0,3,617,EGYENI,,
56073,19_153_017,658,463,463,0,3,460,EGYENI,,
56075,19_153_018,778,496,495,-1,4,491,EGYENI,,
56077,19_153_019,662,527,527,0,6,521,EGYENI,,
57575,19_153_020,351,265,265,0,5,260,EGYENI,,
57577,19_153_021,687,534,534,0,0,534,EGYENI,,
57579,19_153_022,591,461,461,0,0,461,EGYENI,,
57581,19_153_023,963,733,731,-2,4,727,EGYENI,,
57583,19_153_024,778,541,541,0,1,540,EGYENI,,
57585,19_153_025,715,543,542,-1,4,538,EGYENI,,
57587,19_153_026,600,420,419,-1,5,414,EGYENI,,
57589,19_153_027,674,468,468,0,2,466,EGYENI,,
57591,19_153_028,974,703,702,-1,4,698,EGYENI,,
57593,19_153_029,721,435,434,-1,2,432,EGYENI,,
57595,19_153_030,1067,626,626,0,2,624,EGYENI,,
57597,19_153_031,704,553,553,0,4,549,EGYENI,,
57599,19_154_001,211,161,161,0,1,160,EGYENI,,
57601,19_155_001,463,310,310,0,3,307,EGYENI,,
57603,19_156_001,274,167,167,0,4,163,EGYENI,,
57605,19_157_001,924,587,586,-1,10,576,EGYENI,,
57607,19_158_001,467,336,336,0,10,326,EGYENI,,
57609,19_159_001,282,212,212,0,2,210,EGYENI,,
57611,19_160_001,575,356,357,1,15,342,EGYENI,,
57613,19_160_002,805,593,593,0,7,586,EGYENI,,
57615,19_160_003,800,515,515,0,8,507,EGYENI,,
57617,19_160_004,837,594,594,0,8,586,EGYENI,,
57619,19_160_005,763,523,523,0,6,517,EGYENI,,
57621,19_161_001,369,280,267,-13,5,262,EGYENI,,
57623,19_162_001,161,115,112,-3,1,111,EGYENI,,
57625,19_163_001,298,175,175,0,0,175,EGYENI,,
57627,19_164_001,199,147,147,0,1,146,EGYENI,,
57629,19_165_001,899,672,671,-1,9,662,EGYENI,,
57631,19_166_001,155,80,80,0,0,80,EGYENI,,
57633,19_167_001,53,41,41,0,0,41,EGYENI,,
57635,19_168_001,224,157,156,-1,2,154,EGYENI,,
57637,19_169_001,230,132,132,0,2,130,EGYENI,,
57639,19_170_001,527,351,351,0,8,343,EGYENI,,
57641,19_171_001,868,531,531,0,4,527,EGYENI,,
57643,19_172_001,71,47,47,0,0,47,EGYENI,,
57645,19_173_001,402,306,306,0,2,304,EGYENI,,
57647,19_174_001,824,571,571,0,3,568,EGYENI,,
57649,19_174_002,603,449,449,0,2,447,EGYENI,,
57651,19_174_003,594,361,361,0,2,359,EGYENI,,
57653,19_174_004,712,467,467,0,1,466,EGYENI,,
57655,19_174_005,655,500,500,0,2,498,EGYENI,,
57657,19_174_006,767,554,553,-1,9,544,EGYENI,,
57659,19_174_007,722,484,484,0,2,482,EGYENI,,
57661,19_175_001,499,340,340,0,0,340,EGYENI,,
57663,19_176_001,395,288,288,0,0,288,EGYENI,,
57665,19_177_001,348,197,196,-1,1,195,EGYENI,,
57667,19_178_001,170,132,132,0,0,132,EGYENI,,
57669,19_179_001,778,473,473,0,5,468,EGYENI,,
57671,19_179_002,711,469,469,0,6,463,EGYENI,,
57673,19_179_003,732,441,441,0,7,434,EGYENI,,
57675,19_180_001,172,115,115,0,3,112,EGYENI,,
57677,19_181_001,97,70,70,0,1,69,EGYENI,,
57679,19_182_001,808,566,566,0,9,557,EGYENI,,
57681,19_182_002,802,582,582,0,8,574,EGYENI,,
57683,19_183_001,738,545,544,-1,1,543,EGYENI,,
57685,19_184_001,341,202,202,0,1,201,EGYENI,,
57687,19_185_001,80,61,61,0,0,61,EGYENI,,
57689,19_186_001,681,505,505,0,6,499,EGYENI,,
57691,19_187_001,531,360,360,0,3,357,EGYENI,,
57693,19_188_001,855,651,650,-1,2,648,EGYENI,,
57695,19_188_002,932,620,616,-4,5,611,EGYENI,,
57697,19_188_003,1042,648,643,-5,2,641,EGYENI,,
57699,19_188_004,787,533,532,-1,3,529,EGYENI,,
57701,19_188_005,852,631,631,0,6,625,EGYENI,,
57703,19_188_006,3624,3153,3133,-20,12,3121,EGYENI,,
57705,19_188_007,835,575,573,-2,3,570,EGYENI,,
57707,19_188_008,866,659,655,-4,3,652,EGYENI,,
57709,19_188_009,795,597,594,-3,2,592,EGYENI,,
53280,19_188_010,921,619,618,-1,5,613,EGYENI,,
53282,19_188_011,799,546,546,0,4,542,EGYENI,,
53283,19_188_012,897,683,683,0,5,678,EGYENI,,
53285,19_188_013,807,602,601,-1,2,599,EGYENI,,
53287,19_188_014,629,500,500,0,1,499,EGYENI,,
53289,19_188_015,680,511,511,0,5,506,EGYENI,,
53291,19_189_001,675,488,488,0,4,484,EGYENI,,
53293,19_190_001,1048,795,792,-3,7,785,EGYENI,,
53295,19_191_001,1050,749,748,-1,8,740,EGYENI,,
53297,19_192_001,451,304,304,0,1,303,EGYENI,,
53299,19_193_001,1069,720,720,0,5,715,EGYENI,,
53301,19_194_001,268,175,174,-1,5,169,EGYENI,,
53303,19_195_001,273,207,207,0,2,205,EGYENI,,
53305,19_196_001,863,534,534,0,5,529,EGYENI,,
53307,19_196_002,820,533,533,0,4,529,EGYENI,,
53309,19_197_001,450,305,305,0,2,303,EGYENI,,
53311,19_198_001,623,450,450,0,4,446,EGYENI,,
53313,19_198_002,579,397,397,0,1,396,EGYENI,,
53315,19_199_001,136,99,99,0,0,99,EGYENI,,
53317,19_200_001,1055,705,705,0,6,699,EGYENI,,
53319,19_201_001,762,437,436,-1,3,433,EGYENI,,
53321,19_201_002,952,605,605,0,1,604,EGYENI,,
53323,19_201_003,822,541,541,0,7,534,EGYENI,,
53325,19_201_004,948,670,670,0,7,663,EGYENI,,
53327,19_201_005,1046,740,740,0,4,736,EGYENI,,
53329,19_201_006,1003,667,666,-1,5,661,EGYENI,,
53331,19_201_007,657,474,473,-1,2,471,EGYENI,,
53333,19_201_008,718,521,517,-4,2,515,EGYENI,,
53335,19_201_009,725,540,540,0,2,538,EGYENI,,
53337,19_201_010,820,572,572,0,3,569,EGYENI,,
53339,19_201_011,818,524,524,0,5,519,EGYENI,,
53341,19_201_012,1015,689,690,1,21,669,EGYENI,,
53343,19_201_013,768,535,535,0,9,526,EGYENI,,
53345,19_201_014,884,667,666,-1,2,664,EGYENI,,
53347,19_201_015,1062,790,788,-2,5,783,EGYENI,,
53349,19_201_016,972,609,608,-1,6,602,EGYENI,,
53351,19_201_017,758,526,524,-2,2,522,EGYENI,,
53353,19_201_018,746,569,569,0,8,561,EGYENI,,
53355,19_201_019,762,424,424,0,5,419,EGYENI,,
53357,19_202_001,198,158,158,0,2,156,EGYENI,,
53359,19_203_001,441,201,201,0,1,200,EGYENI,,
53361,19_203_002,3240,2838,2835,-3,19,2816,EGYENI,,
53363,19_203_003,1034,814,813,-1,6,807,EGYENI,,
53365,19_203_004,1077,862,862,0,3,859,EGYENI,,
53367,19_203_005,820,674,674,0,2,672,EGYENI,,
53369,19_203_006,747,604,604,0,3,601,EGYENI,,
53371,19_203_007,860,697,697,0,4,693,EGYENI,,
53373,19_203_008,1081,848,844,-4,2,842,EGYENI,,
53375,19_203_009,828,625,625,0,2,623,EGYENI,,
53377,19_203_010,853,643,643,0,6,637,EGYENI,,
53379,19_203_011,919,741,740,-1,2,738,EGYENI,,
53381,19_203_012,869,660,660,0,3,657,EGYENI,,
53383,19_203_013,1030,863,863,0,4,859,EGYENI,,
53385,19_203_014,786,658,658,0,7,651,EGYENI,,
53387,19_203_015,585,433,433,0,8,425,EGYENI,,
53389,19_203_016,702,536,536,0,11,525,EGYENI,,
53391,19_203_017,582,468,468,0,0,468,EGYENI,,
53393,19_203_018,665,522,522,0,4,518,EGYENI,,
53395,19_203_019,696,568,567,-1,2,565,EGYENI,,
53397,19_203_020,691,593,593,0,1,592,EGYENI,,
53399,19_203_021,730,598,598,0,2,596,EGYENI,,
53401,19_203_022,662,478,478,0,2,476,EGYENI,,
53403,19_203_023,817,614,614,0,4,610,EGYENI,,
53405,19_203_024,909,707,705,-2,3,702,EGYENI,,
54869,19_203_025,1024,766,766,0,6,760,EGYENI,,
54871,19_203_026,919,689,686,-3,3,683,EGYENI,,
54873,19_203_027,1034,802,802,0,4,798,EGYENI,,
54875,19_203_028,556,348,349,1,10,339,EGYENI,,
54877,19_203_029,773,633,633,0,1,632,EGYENI,,
54879,19_203_030,638,534,533,-1,1,532,EGYENI,,
54881,19_203_031,1051,871,870,-1,2,868,EGYENI,,
54883,19_203_032,928,777,776,-1,4,772,EGYENI,,
54885,19_203_033,663,451,451,0,1,450,EGYENI,,
54887,19_203_034,979,696,696,0,5,691,EGYENI,,
54889,19_203_035,901,634,634,0,4,630,EGYENI,,
54891,19_203_036,876,582,582,0,4,578,EGYENI,,
54893,19_203_037,606,409,409,0,2,407,EGYENI,,
54895,19_203_038,858,593,592,-1,5,587,EGYENI,,
54897,19_203_039,704,454,454,0,2,452,EGYENI,,
54899,19_203_040,887,622,622,0,3,619,EGYENI,,
54901,19_203_041,571,363,363,0,4,359,EGYENI,,
54903,19_203_042,694,471,471,0,4,467,EGYENI,,
54905,19_203_043,803,536,536,0,4,532,EGYENI,,
54907,19_203_044,901,645,645,0,5,640,EGYENI,,
54909,19_203_045,766,529,529,0,0,529,EGYENI,,
54911,19_203_046,606,455,455,0,2,453,EGYENI,,
54913,19_203_047,596,453,453,0,2,451,EGYENI,,
54915,19_203_048,363,272,272,0,1,271,EGYENI,,
54917,19_203_049,734,556,555,-1,2,553,EGYENI,,
54919,19_203_050,995,763,763,0,4,759,EGYENI,,
54921,19_203_051,807,588,588,0,4,584,EGYENI,,
54923,19_203_052,234,186,186,0,2,184,EGYENI,,
54925,19_203_053,1149,915,915,0,4,911,EGYENI,,
54927,19_203_054,776,603,603,0,2,601,EGYENI,,
54929,19_203_055,743,571,571,0,4,567,EGYENI,,
54931,19_203_056,774,557,557,0,6,551,EGYENI,,
54933,19_204_001,191,165,164,-1,3,161,EGYENI,,
54935,19_205_001,213,147,147,0,1,146,EGYENI,,
54937,19_206_001,104,59,59,0,3,56,EGYENI,,
54939,19_207_001,154,99,99,0,1,98,EGYENI,,
54941,19_208_001,518,342,342,0,5,337,EGYENI,,
54943,19_209_001,185,151,151,0,0,151,EGYENI,,
54945,19_210_001,66,45,45,0,3,42,EGYENI,,
54947,19_211_001,206,131,131,0,0,131,EGYENI,,
54949,19_212_001,355,250,250,0,1,249,EGYENI,,
54951,19_213_001,969,661,661,0,2,659,EGYENI,,
54953,19_214_001,39,25,25,0,0,25,EGYENI,,
54955,19_215_001,119,100,100,0,1,99,EGYENI,,
54957,19_216_001,730,543,543,0,7,536,EGYENI,,
54959,19_217_001,773,559,559,0,2,557,EGYENI,,
54961,19_217_002,761,509,508,-1,2,506,EGYENI,,
54963,19_217_003,788,572,572,0,1,571,EGYENI,,
54965,19_217_004,747,542,542,0,3,539,EGYENI,,
54967,19_217_005,827,640,639,-1,5,634,EGYENI,,
54969,19_217_006,684,520,520,0,4,516,EGYENI,,
54971,19_217_007,898,692,690,-2,6,684,EGYENI,,
54973,19_218_001,730,535,535,0,4,531,EGYENI,,
54975,20_001_001,335,264,264,0,2,262,EGYENI,,
54977,20_002_001,62,49,49,0,3,46,EGYENI,,
54979,20_003_001,564,375,375,0,2,373,EGYENI,,
54981,20_004_001,1089,789,786,-3,7,779,EGYENI,,
54983,20_005_001,269,162,162,0,0,162,EGYENI,,
54985,20_006_001,55,49,49,0,2,47,EGYENI,,
54987,20_007_001,401,291,290,-1,3,287,EGYENI,,
54989,20_008_001,32,27,27,0,0,27,EGYENI,,
54991,20_009_001,1006,722,722,0,5,717,EGYENI,,
54993,20_010_001,658,479,479,0,2,477,EGYENI,,
54995,20_010_002,661,481,481,0,5,476,EGYENI,,
54997,20_011_001,269,186,186,0,3,183,EGYENI,,
54999,20_012_001,879,672,671,-1,5,666,EGYENI,,
58123,20_013_001,387,224,224,0,2,222,EGYENI,,
58125,20_014_001,101,77,77,0,0,77,EGYENI,,
58127,20_015_001,281,172,172,0,2,170,EGYENI,,
58129,20_016_001,480,303,303,0,1,302,EGYENI,,
58131,20_017_001,449,327,327,0,8,319,EGYENI,,
58133,20_017_002,102,78,78,0,1,77,EGYENI,,
58135,20_018_001,633,423,423,0,4,419,EGYENI,,
58137,20_018_002,579,397,397,0,3,394,EGYENI,,
58139,20_018_003,464,299,299,0,0,299,EGYENI,,
58141,20_019_001,625,426,426,0,2,424,EGYENI,,
58143,20_020_001,608,345,345,0,9,336,EGYENI,,
58145,20_021_001,82,69,69,0,1,68,EGYENI,,
58147,20_022_001,106,80,80,0,0,80,EGYENI,,
58149,20_023_001,896,662,662,0,6,656,EGYENI,,
58151,20_024_001,256,145,145,0,0,145,EGYENI,,
58153,20_025_001,252,198,198,0,0,198,EGYENI,,
58155,20_026_001,584,377,377,0,3,374,EGYENI,,
58157,20_027_001,221,151,150,-1,2,148,EGYENI,,
58159,20_028_001,216,146,146,0,0,146,EGYENI,,
58161,20_029_001,37,34,34,0,0,34,EGYENI,,
58163,20_030_001,41,26,26,0,0,26,EGYENI,,
58165,20_031_001,567,449,449,0,4,445,EGYENI,,
58167,20_032_001,167,125,125,0,2,123,EGYENI,,
58169,20_033_001,123,91,91,0,1,90,EGYENI,,
58171,20_034_001,402,314,314,0,3,311,EGYENI,,
58173,20_035_001,1132,836,836,0,4,832,EGYENI,,
58175,20_035_002,1018,723,723,0,2,721,EGYENI,,
58177,20_036_001,31,18,18,0,0,18,EGYENI,,
58179,20_037_001,677,507,507,0,2,505,EGYENI,,
58181,20_038_001,285,208,208,0,2,206,EGYENI,,
58183,20_039_001,62,49,49,0,0,49,EGYENI,,
58185,20_040_001,479,316,316,0,2,314,EGYENI,,
58187,20_041_001,331,189,189,0,1,188,EGYENI,,
58189,20_042_001,374,227,225,-2,2,223,EGYENI,,
58191,20_043_001,136,99,99,0,2,97,EGYENI,,
58193,20_044_001,122,100,100,0,3,97,EGYENI,,
58195,20_045_001,68,50,50,0,0,50,EGYENI,,
58197,20_046_001,25,20,20,0,0,20,EGYENI,,
58199,20_047_001,243,169,169,0,0,169,EGYENI,,
58201,20_048_001,819,590,584,-6,7,577,EGYENI,,
58203,20_049_001,554,390,390,0,0,390,EGYENI,,
58205,20_050_001,334,192,191,-1,0,191,EGYENI,,
58207,20_051_001,504,367,367,0,1,366,EGYENI,,
58209,20_052_001,568,393,393,0,2,391,EGYENI,,
58211,20_053_001,14,14,14,0,0,14,EGYENI,,
58213,20_054_001,525,358,358,0,4,354,EGYENI,,
58215,20_055_001,114,87,87,0,2,85,EGYENI,,
58217,20_056_001,930,577,577,0,8,569,EGYENI,,
58219,20_057_001,517,308,308,0,2,306,EGYENI,,
58221,20_058_001,55,43,43,0,1,42,EGYENI,,
58223,20_059_001,772,557,557,0,3,554,EGYENI,,
58225,20_059_002,474,346,346,0,2,344,EGYENI,,
58227,20_060_001,392,266,266,0,2,264,EGYENI,,
58229,20_060_002,473,313,313,0,1,312,EGYENI,,
58231,20_061_001,206,145,145,0,4,141,EGYENI,,
58233,20_062_001,72,41,41,0,0,41,EGYENI,,
58235,20_063_001,35,25,25,0,0,25,EGYENI,,
58237,20_064_001,37,29,29,0,0,29,EGYENI,,
58239,20_065_001,233,165,165,0,1,164,EGYENI,,
58241,20_066_001,647,458,458,0,3,455,EGYENI,,
58243,20_066_002,194,114,114,0,1,113,EGYENI,,
58245,20_067_001,971,692,692,0,6,686,EGYENI,,
58247,20_067_002,953,728,728,0,6,722,EGYENI,,
58249,20_067_003,927,699,697,-2,2,695,EGYENI,,
58251,20_068_001,69,43,43,0,0,43,EGYENI,,
58253,20_069_001,236,181,181,0,0,181,EGYENI,,
58255,20_070_001,343,207,207,0,1,206,EGYENI,,
58257,20_070_002,424,271,270,-1,5,265,EGYENI,,
58259,20_070_003,100,65,65,0,0,65,EGYENI,,
58261,20_071_001,71,52,52,0,2,50,EGYENI,,
58263,20_072_001,518,382,387,5,5,382,EGYENI,,
56495,20_072_002,666,468,468,0,5,463,EGYENI,,
56497,20_072_003,779,536,536,0,2,534,EGYENI,,
56499,20_072_004,733,548,548,0,1,547,EGYENI,,
56501,20_072_005,901,669,668,-1,4,664,EGYENI,,
56503,20_073_001,178,116,116,0,2,114,EGYENI,,
56505,20_074_001,146,110,110,0,2,108,EGYENI,,
56507,20_075_001,265,198,198,0,0,198,EGYENI,,
56509,20_076_001,8,8,8,0,0,8,EGYENI,,
56511,20_077_001,238,168,168,0,3,165,EGYENI,,
56513,20_078_001,169,115,115,0,0,115,EGYENI,,
56515,20_079_001,72,61,61,0,2,59,EGYENI,,
56517,20_080_001,597,408,408,0,3,405,EGYENI,,
56519,20_081_001,124,98,98,0,0,98,EGYENI,,
56521,20_082_001,109,65,65,0,4,61,EGYENI,,
56523,20_083_001,194,150,150,0,0,150,EGYENI,,
56525,20_084_001,496,339,339,0,5,334,EGYENI,,
56527,20_084_002,300,216,216,0,4,212,EGYENI,,
56529,20_085_001,127,88,88,0,0,88,EGYENI,,
56531,20_085_002,273,167,167,0,3,164,EGYENI,,
56533,20_086_001,74,42,42,0,2,40,EGYENI,,
56535,20_087_001,180,83,83,0,1,82,EGYENI,,
56537,20_088_001,224,143,143,0,4,139,EGYENI,,
56539,20_089_001,91,72,72,0,0,72,EGYENI,,
56541,20_090_001,87,74,74,0,1,73,EGYENI,,
56543,20_091_001,199,139,139,0,1,138,EGYENI,,
56545,20_092_001,138,102,102,0,0,102,EGYENI,,
56547,20_093_001,923,653,650,-3,4,646,EGYENI,,
56549,20_093_002,778,540,539,-1,3,536,EGYENI,,
56551,20_093_003,977,693,693,0,4,689,EGYENI,,
56553,20_093_004,951,756,754,-2,8,746,EGYENI,,
56555,20_093_005,926,690,690,0,6,684,EGYENI,,
56557,20_093_006,1133,803,802,-1,8,794,EGYENI,,
56559,20_093_007,449,300,298,-2,1,297,EGYENI,,
56561,20_093_008,807,602,601,-1,0,601,EGYENI,,
56563,20_093_009,705,499,499,0,7,492,EGYENI,,
56565,20_093_010,929,719,718,-1,10,708,EGYENI,,
56567,20_093_011,4035,3558,3546,-12,19,3527,EGYENI,,
56569,20_093_012,803,641,641,0,4,637,EGYENI,,
56571,20_093_013,939,659,659,0,4,655,EGYENI,,
56573,20_093_014,1127,681,680,-1,4,676,EGYENI,,
56575,20_093_015,1020,643,643,0,3,640,EGYENI,,
56577,20_093_016,991,656,655,-1,3,652,EGYENI,,
56579,20_093_017,790,618,617,-1,4,613,EGYENI,,
56581,20_094_001,184,118,118,0,1,117,EGYENI,,
56583,20_095_001,355,261,261,0,0,261,EGYENI,,
56585,20_096_001,148,118,118,0,3,115,EGYENI,,
56587,20_097_001,130,78,78,0,1,77,EGYENI,,
56589,20_098_001,168,123,123,0,0,123,EGYENI,,
56591,20_099_001,210,173,173,0,2,171,EGYENI,,
56593,20_100_001,140,82,82,0,0,82,EGYENI,,
56595,20_101_001,134,93,93,0,3,90,EGYENI,,
56597,20_102_001,133,81,81,0,2,79,EGYENI,,
56599,20_103_001,40,35,35,0,0,35,EGYENI,,
56601,20_104_001,35,32,32,0,0,32,EGYENI,,
56603,20_105_001,399,262,262,0,3,259,EGYENI,,
56605,20_106_001,65,42,42,0,1,41,EGYENI,,
56607,20_107_001,380,290,290,0,1,289,EGYENI,,
56609,20_108_001,58,40,40,0,0,40,EGYENI,,
56611,20_109_001,25,22,22,0,0,22,EGYENI,,
56613,20_110_001,33,23,23,0,1,22,EGYENI,,
56615,20_111_001,976,766,765,-1,5,760,EGYENI,,
56617,20_111_002,971,751,751,0,7,744,EGYENI,,
56619,20_111_003,700,549,549,0,7,542,EGYENI,,
56621,20_111_004,829,606,606,0,6,600,EGYENI,,
56623,20_111_005,638,496,496,0,8,488,EGYENI,,
56625,20_111_006,905,732,732,0,3,729,EGYENI,,
56627,20_111_007,458,359,359,0,0,359,EGYENI,,
56629,20_111_008,287,228,227,-1,2,225,EGYENI,,
60675,20_111_009,251,186,185,-1,1,184,EGYENI,,
60677,20_111_010,260,212,212,0,2,210,EGYENI,,
60679,20_111_011,132,98,98,0,0,98,EGYENI,,
60681,20_112_001,634,424,424,0,2,422,EGYENI,,
60683,20_112_002,764,490,490,0,3,487,EGYENI,,
60685,20_112_003,793,523,523,0,1,522,EGYENI,,
60687,20_112_004,614,342,342,0,2,340,EGYENI,,
60689,20_112_005,467,305,305,0,4,301,EGYENI,,
60691,20_113_001,150,113,113,0,1,112,EGYENI,,
60693,20_114_001,47,36,36,0,2,34,EGYENI,,
60695,20_115_001,76,48,48,0,0,48,EGYENI,,
60697,20_115_002,144,101,101,0,2,99,EGYENI,,
60699,20_116_001,311,220,220,0,2,218,EGYENI,,
60701,20_117_001,912,613,613,0,6,607,EGYENI,,
60703,20_118_001,44,33,33,0,0,33,EGYENI,,
60705,20_119_001,203,135,135,0,0,135,EGYENI,,
60707,20_120_001,364,251,251,0,1,250,EGYENI,,
60709,20_121_001,62,42,42,0,0,42,EGYENI,,
60711,20_122_001,40,37,37,0,0,37,EGYENI,,
60713,20_123_001,583,351,351,0,6,345,EGYENI,,
60715,20_124_001,285,223,223,0,0,223,EGYENI,,
60717,20_125_001,211,148,148,0,1,147,EGYENI,,
60719,20_126_001,261,181,181,0,1,180,EGYENI,,
60721,20_127_001,239,171,171,0,1,170,EGYENI,,
60723,20_128_001,594,408,408,0,5,403,EGYENI,,
60725,20_129_001,848,535,535,0,14,521,EGYENI,,
60727,20_129_002,555,351,351,0,3,348,EGYENI,,
60729,20_130_001,201,138,138,0,2,136,EGYENI,,
60731,20_131_001,211,144,144,0,1,143,EGYENI,,
60733,20_131_002,98,67,67,0,3,64,EGYENI,,
60735,20_131_003,80,60,60,0,1,59,EGYENI,,
60737,20_132_001,332,206,206,0,4,202,EGYENI,,
60739,20_133_001,125,78,78,0,1,77,EGYENI,,
60741,20_134_001,884,659,657,-2,9,648,EGYENI,,
60743,20_134_002,1016,838,838,0,8,830,EGYENI,,
60745,20_134_003,817,587,586,-1,8,578,EGYENI,,
60747,20_134_004,1166,783,780,-3,8,772,EGYENI,,
60749,20_134_005,949,694,694,0,5,689,EGYENI,,
60751,20_134_006,1015,719,719,0,3,716,EGYENI,,
60753,20_134_007,707,499,498,-1,6,492,EGYENI,,
60755,20_134_008,1077,754,754,0,6,748,EGYENI,,
60757,20_134_009,1184,865,863,-2,5,858,EGYENI,,
60759,20_134_010,1014,745,743,-2,3,740,EGYENI,,
60761,20_134_011,737,566,566,0,2,564,EGYENI,,
60763,20_134_012,795,527,526,-1,7,519,EGYENI,,
60765,20_134_013,886,705,704,-1,4,700,EGYENI,,
60767,20_134_014,1071,732,729,-3,4,725,EGYENI,,
60769,20_134_015,997,752,750,-2,3,747,EGYENI,,
60771,20_134_016,740,329,329,0,1,328,EGYENI,,
60773,20_134_017,2897,2621,2612,-9,12,2600,EGYENI,,
60775,20_134_018,1037,768,767,-1,1,766,EGYENI,,
60777,20_134_019,1051,708,708,0,6,702,EGYENI,,
60779,20_134_020,854,565,564,-1,6,558,EGYENI,,
60781,20_134_021,810,552,552,0,6,546,EGYENI,,
60783,20_134_022,1016,705,700,-5,7,693,EGYENI,,
60785,20_134_023,1074,743,742,-1,2,740,EGYENI,,
60787,20_134_024,760,560,559,-1,1,558,EGYENI,,
60789,20_134_025,811,528,525,-3,4,521,EGYENI,,
60791,20_134_026,1247,783,783,0,0,783,EGYENI,,
60931,20_134_027,1235,890,878,-12,1,877,EGYENI,,
60933,20_134_028,1173,797,797,0,5,792,EGYENI,,
60935,20_134_029,1100,793,793,0,2,791,EGYENI,,
60937,20_134_030,947,590,590,0,9,581,EGYENI,,
60939,20_134_031,752,511,511,0,5,506,EGYENI,,
60941,20_134_032,833,647,647,0,3,644,EGYENI,,
60943,20_134_033,972,710,709,-1,7,702,EGYENI,,
60945,20_134_034,1202,929,929,0,8,921,EGYENI,,
60947,20_134_035,1216,891,891,0,7,884,EGYENI,,
60949,20_134_036,506,343,343,0,2,341,EGYENI,,
60951,20_134_037,760,558,558,0,6,552,EGYENI,,
60953,20_134_038,923,684,682,-2,5,677,EGYENI,,
60955,20_134_039,1148,849,846,-3,23,823,EGYENI,,
60957,20_134_040,1126,772,772,0,6,766,EGYENI,,
60959,20_135_001,694,435,435,0,4,431,EGYENI,,
60961,20_136_001,365,278,278,0,1,277,EGYENI,,
60963,20_137_001,381,284,284,0,0,284,EGYENI,,
60965,20_138_001,385,276,276,0,2,274,EGYENI,,
60967,20_139_001,390,242,242,0,5,237,EGYENI,,
60969,20_140_001,874,635,635,0,7,628,EGYENI,,
60971,20_141_001,376,260,260,0,4,256,EGYENI,,
60973,20_142_001,504,362,362,0,6,356,EGYENI,,
60975,20_143_001,204,153,153,0,3,150,EGYENI,,
60977,20_144_001,99,77,77,0,1,76,EGYENI,,
60979,20_145_001,220,141,141,0,2,139,EGYENI,,
60981,20_146_001,261,173,173,0,0,173,EGYENI,,
60983,20_147_001,251,177,177,0,2,175,EGYENI,,
60985,20_148_001,212,147,147,0,4,143,EGYENI,,
60987,20_149_001,156,125,125,0,2,123,EGYENI,,
60989,20_150_001,639,428,427,-1,0,427,EGYENI,,
60991,20_151_001,200,98,98,0,3,95,EGYENI,,
60993,20_152_001,97,65,65,0,0,65,EGYENI,,
60995,20_153_001,84,67,67,0,2,65,EGYENI,,
60997,20_154_001,333,184,184,0,4,180,EGYENI,,
60999,20_155_001,96,61,61,0,1,60,EGYENI,,
61001,20_156_001,162,125,125,0,0,125,EGYENI,,
61003,20_157_001,453,299,299,0,0,299,EGYENI,,
61005,20_158_001,639,373,373,0,7,366,EGYENI,,
61007,20_158_002,680,486,486,0,5,481,EGYENI,,
61009,20_159_001,100,64,64,0,2,62,EGYENI,,
61011,20_160_001,691,394,394,0,9,385,EGYENI,,
61013,20_161_001,146,105,105,0,6,99,EGYENI,,
61015,20_162_001,818,580,580,0,4,576,EGYENI,,
61017,20_162_002,120,79,79,0,2,77,EGYENI,,
61019,20_163_001,137,98,98,0,3,95,EGYENI,,
61021,20_164_001,341,222,222,0,2,220,EGYENI,,
61023,20_165_001,302,232,232,0,3,229,EGYENI,,
61025,20_166_001,306,203,203,0,1,202,EGYENI,,
61027,20_167_001,736,509,508,-1,4,504,EGYENI,,
61029,20_168_001,232,195,195,0,0,195,EGYENI,,
61031,20_169_001,663,426,426,0,1,425,EGYENI,,
61033,20_170_001,294,178,177,-1,1,176,EGYENI,,
61035,20_171_001,39,30,30,0,0,30,EGYENI,,
61037,20_172_001,229,170,170,0,2,168,EGYENI,,
61039,20_173_001,24,23,23,0,0,23,EGYENI,,
61041,20_174_001,134,104,104,0,0,104,EGYENI,,
61043,20_175_001,451,297,297,0,4,293,EGYENI,,
61045,20_176_001,471,327,327,0,3,324,EGYENI,,
61047,20_177_001,25,18,18,0,1,17,EGYENI,,
61049,20_178_001,233,150,150,0,2,148,EGYENI,,
61051,20_179_001,956,644,644,0,6,638,EGYENI,,
61053,20_180_001,739,530,530,0,5,525,EGYENI,,
61055,20_181_001,326,235,235,0,5,230,EGYENI,,
61057,20_182_001,455,340,338,-2,6,332,EGYENI,,
61059,20_183_001,323,224,224,0,3,221,EGYENI,,
61061,20_184_001,611,439,438,-1,1,437,EGYENI,,
61063,20_185_001,760,497,497,0,2,495,EGYENI,,
61065,20_185_002,692,443,442,-1,7,435,EGYENI,,
61067,20_186_001,494,335,335,0,6,329,EGYENI,,
61069,20_187_001,31,25,25,0,0,25,EGYENI,,
61071,20_188_001,742,563,563,0,6,557,EGYENI,,
61208,20_189_001,554,353,353,0,3,350,EGYENI,,
61210,20_189_002,605,356,356,0,3,353,EGYENI,,
61211,20_190_001,489,330,330,0,3,327,EGYENI,,
61213,20_191_001,481,352,352,0,3,349,EGYENI,,
61215,20_192_001,157,103,103,0,3,100,EGYENI,,
61217,20_193_001,254,168,168,0,1,167,EGYENI,,
61219,20_194_001,314,223,223,0,4,219,EGYENI,,
61221,20_195_001,47,29,29,0,0,29,EGYENI,,
61223,20_196_001,237,156,156,0,2,154,EGYENI,,
61225,20_197_001,63,38,38,0,0,38,EGYENI,,
61227,20_198_001,102,58,58,0,0,58,EGYENI,,
61229,20_199_001,683,317,317,0,1,316,EGYENI,,
61231,20_200_001,633,412,412,0,4,408,EGYENI,,
61233,20_200_002,646,409,409,0,5,404,EGYENI,,
61235,20_201_001,174,139,139,0,2,137,EGYENI,,
61237,20_202_001,18,15,15,0,0,15,EGYENI,,
61239,20_203_001,142,121,121,0,0,121,EGYENI,,
61241,20_204_001,839,657,657,0,1,656,EGYENI,,
61243,20_205_001,73,64,64,0,0,64,EGYENI,,
61245,20_205_002,57,47,47,0,0,47,EGYENI,,
61247,20_206_001,288,215,215,0,3,212,EGYENI,,
61249,20_207_001,446,314,314,0,3,311,EGYENI,,
61251,20_208_001,547,377,377,0,8,369,EGYENI,,
61253,20_209_001,696,447,447,0,5,442,EGYENI,,
61255,20_210_001,404,271,271,0,2,269,EGYENI,,
61257,20_210_002,478,289,289,0,5,284,EGYENI,,
61259,20_211_001,468,204,204,0,2,202,EGYENI,,
61261,20_211_002,784,507,506,-1,2,504,EGYENI,,
61263,20_212_001,786,533,532,-1,6,526,EGYENI,,
61265,20_213_001,45,38,38,0,1,37,EGYENI,,
61267,20_214_001,457,327,327,0,5,322,EGYENI,,
61269,20_215_001,237,200,200,0,1,199,EGYENI,,
61271,20_215_002,61,47,47,0,0,47,EGYENI,,
61273,20_216_001,96,66,66,0,0,66,EGYENI,,
61275,20_217_001,153,101,101,0,3,98,EGYENI,,
61277,20_218_001,850,589,588,-1,3,585,EGYENI,,
61279,20_219_001,97,70,70,0,1,69,EGYENI,,
61281,20_220_001,56,37,37,0,0,37,EGYENI,,
61283,20_221_001,273,200,200,0,3,197,EGYENI,,
61285,20_222_001,988,710,710,0,4,706,EGYENI,,
61287,20_222_002,800,563,563,0,2,561,EGYENI,,
61289,20_223_001,64,56,56,0,1,55,EGYENI,,
61291,20_224_001,187,104,104,0,0,104,EGYENI,,
61293,20_225_001,624,399,399,0,4,395,EGYENI,,
61295,20_225_002,568,369,369,0,3,366,EGYENI,,
61297,20_226_001,518,354,354,0,4,350,EGYENI,,
61299,20_227_001,559,355,355,0,2,353,EGYENI,,
61301,20_228_001,291,222,222,0,4,218,EGYENI,,
61303,20_229_001,738,503,503,0,11,492,EGYENI,,
61305,20_230_001,409,293,293,0,0,293,EGYENI,,
61307,20_231_001,712,513,513,0,4,509,EGYENI,,
61309,20_231_002,1061,805,805,0,4,801,EGYENI,,
61311,20_231_003,1132,845,841,-4,5,836,EGYENI,,
61313,20_231_004,871,661,660,-1,2,658,EGYENI,,
61315,20_231_005,773,510,508,-2,3,505,EGYENI,,
61317,20_231_006,1160,868,867,-1,7,860,EGYENI,,
61319,20_231_007,831,577,577,0,4,573,EGYENI,,
61321,20_231_008,677,502,500,-2,5,495,EGYENI,,
61323,20_231_009,812,598,598,0,6,592,EGYENI,,
61325,20_231_010,844,632,631,-1,3,628,EGYENI,,
61327,20_231_011,800,592,592,0,5,587,EGYENI,,
61329,20_231_012,991,723,723,0,3,720,EGYENI,,
61331,20_231_013,1040,782,781,-1,2,779,EGYENI,,
61333,20_231_014,859,587,587,0,6,581,EGYENI,,
61335,20_231_015,938,673,673,0,4,669,EGYENI,,
61337,20_231_016,1062,665,661,-4,4,657,EGYENI,,
61339,20_231_017,980,741,740,-1,5,735,EGYENI,,
61341,20_231_018,943,689,689,0,7,682,EGYENI,,
61479,20_231_019,858,658,658,0,6,652,EGYENI,,
61481,20_231_020,957,748,748,0,6,742,EGYENI,,
61483,20_231_021,1025,795,795,0,3,792,EGYENI,,
61485,20_231_022,894,665,665,0,5,660,EGYENI,,
61487,20_231_023,1105,829,829,0,17,812,EGYENI,,
61489,20_231_024,3712,3360,3344,-16,19,3325,EGYENI,,
61491,20_231_025,534,391,391,0,7,384,EGYENI,,
61493,20_231_026,1245,914,912,-2,4,908,EGYENI,,
61495,20_231_027,988,710,704,-6,6,698,EGYENI,,
61497,20_231_028,1371,975,975,0,8,967,EGYENI,,
61499,20_231_029,898,663,663,0,4,659,EGYENI,,
61501,20_231_030,605,397,397,0,1,396,EGYENI,,
61503,20_231_031,683,444,442,-2,6,436,EGYENI,,
61505,20_231_032,797,562,563,1,14,549,EGYENI,,
61507,20_231_033,826,560,558,-2,4,554,EGYENI,,
61509,20_231_034,967,729,730,1,14,716,EGYENI,,
61511,20_231_035,878,675,675,0,5,670,EGYENI,,
61513,20_231_036,977,714,713,-1,10,703,EGYENI,,
61515,20_231_037,1023,795,795,0,7,788,EGYENI,,
61517,20_231_038,860,643,642,-1,5,637,EGYENI,,
61519,20_231_039,819,633,633,0,4,629,EGYENI,,
61521,20_231_040,983,782,782,0,5,777,EGYENI,,
61523,20_231_041,1058,798,796,-2,5,791,EGYENI,,
61525,20_231_042,656,531,531,0,7,524,EGYENI,,
61527,20_231_043,930,715,709,-6,0,709,EGYENI,,
61529,20_231_044,910,669,667,-2,3,664,EGYENI,,
61531,20_231_045,828,583,581,-2,6,575,EGYENI,,
61533,20_231_046,798,608,608,0,6,602,EGYENI,,
61535,20_231_047,684,559,559,0,3,556,EGYENI,,
61537,20_231_048,1352,1013,1013,0,5,1008,EGYENI,,
61539,20_231_049,1011,763,761,-2,8,753,EGYENI,,
61541,20_231_050,640,450,450,0,4,446,EGYENI,,
61543,20_231_051,630,494,494,0,2,492,EGYENI,,
61545,20_232_001,311,237,237,0,2,235,EGYENI,,
61547,20_233_001,85,68,68,0,0,68,EGYENI,,
61549,20_234_001,309,197,197,0,4,193,EGYENI,,
61551,20_235_001,831,586,586,0,1,585,EGYENI,,
61553,20_235_002,843,548,548,0,3,545,EGYENI,,
61555,20_236_001,673,344,344,0,7,337,EGYENI,,
61557,20_236_002,700,399,399,0,3,396,EGYENI,,
61559,20_236_003,736,420,420,0,8,412,EGYENI,,
61561,20_237_001,19,18,18,0,0,18,EGYENI,,
61563,20_238_001,511,385,385,0,2,383,EGYENI,,
61565,20_238_002,520,381,381,0,1,380,EGYENI,,
61567,20_238_003,512,344,344,0,1,343,EGYENI,,
61569,20_238_004,482,332,332,0,1,331,EGYENI,,
61571,20_238_005,194,139,139,0,1,138,EGYENI,,
61573,20_238_006,72,55,55,0,0,55,EGYENI,,
61575,20_239_001,135,105,105,0,0,105,EGYENI,,
61577,20_240_001,94,60,60,0,1,59,EGYENI,,
61579,20_241_001,421,267,267,0,2,265,EGYENI,,
61581,20_242_001,718,475,475,0,6,469,EGYENI,,
61583,20_243_001,645,463,463,0,5,458,EGYENI,,
61585,20_244_001,659,443,443,0,2,441,EGYENI,,
61587,20_244_002,681,494,493,-1,0,493,EGYENI,,
61589,20_244_003,772,537,537,0,3,534,EGYENI,,
61591,20_244_004,1064,766,766,0,8,758,EGYENI,,
61593,20_244_005,417,276,276,0,0,276,EGYENI,,
61595,20_244_006,518,352,352,0,6,346,EGYENI,,
61597,20_244_007,151,88,88,0,2,86,EGYENI,,
61599,20_244_008,259,163,163,0,1,162,EGYENI,,
61601,20_244_009,236,136,136,0,1,135,EGYENI,,
61603,20_244_010,380,268,268,0,1,267,EGYENI,,
61605,20_245_001,337,267,267,0,4,263,EGYENI,,
61607,20_246_001,814,621,620,-1,5,615,EGYENI,,
61745,20_247_001,226,144,144,0,1,143,EGYENI,,
61747,20_248_001,397,274,274,0,5,269,EGYENI,,
61749,20_248_002,212,118,118,0,0,118,EGYENI,,
61751,20_249_001,225,165,165,0,1,164,EGYENI,,
61753,20_250_001,56,46,46,0,0,46,EGYENI,,
61755,20_251_001,811,547,546,-1,1,545,EGYENI,,
61757,20_252_001,47,41,41,0,1,40,EGYENI,,
61759,20_253_001,492,323,323,0,3,320,EGYENI,,
61761,20_254_001,79,55,55,0,1,54,EGYENI,,
61763,20_255_001,704,447,447,0,3,444,EGYENI,,
61765,20_256_001,284,198,198,0,2,196,EGYENI,,
61767,20_257_001,48,31,31,0,1,30,EGYENI,,
61769,20_258_001,356,260,260,0,4,256,EGYENI,,
42506,01_001_001,1001,845,844,0,7,837,LISTAS,,
42508,01_001_002,976,796,796,0,4,792,LISTAS,,
42510,01_001_003,1030,677,678,0,16,662,LISTAS,,
42512,01_001_004,946,722,721,0,8,713,LISTAS,,
42514,01_001_005,917,740,740,0,6,734,LISTAS,,
42516,01_001_006,1007,822,821,0,2,819,LISTAS,,
42518,01_001_007,917,727,727,0,3,724,LISTAS,,
42520,01_001_008,886,711,711,0,2,709,LISTAS,,
42522,01_001_009,1029,822,821,0,10,811,LISTAS,,
42524,01_001_010,934,761,760,0,1,759,LISTAS,,
42526,01_001_011,979,802,802,0,14,788,LISTAS,,
49550,01_001_012,1026,815,814,0,4,810,LISTAS,,
49552,01_001_013,1074,857,856,0,5,851,LISTAS,,
49554,01_001_014,987,799,799,0,5,794,LISTAS,,
49556,01_001_015,964,764,764,0,5,759,LISTAS,,
49558,01_001_016,910,756,756,0,2,754,LISTAS,,
49560,01_001_017,1036,827,826,0,3,823,LISTAS,,
49562,01_001_018,1023,818,816,0,1,815,LISTAS,,
49564,01_001_019,981,786,786,0,3,783,LISTAS,,
49566,01_001_020,937,747,747,0,3,744,LISTAS,,
49568,01_002_001,1072,845,845,0,5,840,LISTAS,,
49570,01_002_002,932,725,724,0,0,724,LISTAS,,
49572,01_002_003,660,510,509,0,1,508,LISTAS,,
49574,01_002_004,1008,782,782,0,3,779,LISTAS,,
49576,01_002_005,1070,858,858,0,6,852,LISTAS,,
49578,01_002_006,899,744,743,0,3,740,LISTAS,,
49580,01_002_007,811,688,688,0,1,687,LISTAS,,
49582,01_002_008,908,748,748,0,0,748,LISTAS,,
49584,01_002_009,837,685,684,0,5,679,LISTAS,,
49586,01_002_010,4025,3656,3644,12,15,3629,LISTAS,,
49588,01_002_011,896,525,532,0,61,471,LISTAS,,
49590,01_002_012,998,850,848,0,6,842,LISTAS,,
49592,01_002_013,670,542,541,0,2,539,LISTAS,,
49594,01_002_014,862,686,686,0,3,683,LISTAS,,
49596,01_002_015,774,655,654,0,3,651,LISTAS,,
49598,01_002_016,886,736,736,0,1,735,LISTAS,,
49600,01_002_017,835,701,701,0,4,697,LISTAS,,
49602,01_002_018,764,641,641,0,5,636,LISTAS,,
49604,01_002_019,834,694,694,0,3,691,LISTAS,,
49606,01_002_020,819,678,676,0,2,674,LISTAS,,
49608,01_002_021,865,678,677,0,4,673,LISTAS,,
49610,01_002_022,835,706,705,0,3,702,LISTAS,,
49612,01_002_023,882,749,748,0,5,743,LISTAS,,
49614,01_002_024,963,775,775,0,2,773,LISTAS,,
49616,01_002_025,820,679,679,0,4,675,LISTAS,,
49618,01_002_026,865,762,762,0,4,758,LISTAS,,
49620,01_002_027,759,612,612,0,2,610,LISTAS,,
49622,01_002_028,706,588,588,0,2,586,LISTAS,,
49624,01_002_029,509,404,404,0,3,401,LISTAS,,
49626,01_002_030,606,486,485,0,1,484,LISTAS,,
49628,01_002_031,1151,921,920,0,17,903,LISTAS,,
49630,01_002_032,948,783,783,0,1,782,LISTAS,,
49632,01_002_033,833,715,715,0,7,708,LISTAS,,
49634,01_002_034,750,569,568,0,0,568,LISTAS,,
49636,01_002_035,877,727,727,0,3,724,LISTAS,,
49638,01_002_036,869,732,719,0,2,717,LISTAS,,
49640,01_002_037,864,720,717,0,10,707,LISTAS,,
49642,01_002_038,986,824,822,0,1,821,LISTAS,,
49644,01_002_039,836,707,707,0,4,703,LISTAS,,
49646,01_002_040,844,686,685,0,4,681,LISTAS,,
49648,01_002_041,794,644,644,0,3,641,LISTAS,,
49650,01_002_042,760,618,618,0,2,616,LISTAS,,
49652,01_002_043,777,649,647,0,5,642,LISTAS,,
49654,01_002_044,910,791,800,0,84,716,LISTAS,,
49656,01_002_045,861,693,693,0,2,691,LISTAS,,
49658,01_002_046,906,775,775,0,2,773,LISTAS,,
49660,01_002_047,888,747,747,0,4,743,LISTAS,,
49662,01_002_048,926,772,771,0,2,769,LISTAS,,
49664,01_002_049,885,713,711,0,1,710,LISTAS,,
49666,01_002_050,815,661,661,0,4,657,LISTAS,,
49668,01_002_051,772,651,650,0,4,646,LISTAS,,
49670,01_002_052,680,543,543,0,3,540,LISTAS,,
49672,01_002_053,710,602,602,0,12,590,LISTAS,,
49674,01_002_054,1075,852,851,0,9,842,LISTAS,,
49676,01_002_055,908,728,726,0,3,723,LISTAS,,
49678,01_002_056,798,637,637,0,3,634,LISTAS,,
49680,01_002_057,715,607,606,0,1,605,LISTAS,,
49682,01_002_058,929,718,716,0,2,714,LISTAS,,
49684,01_002_059,788,651,650,0,2,648,LISTAS,,
50066,01_002_060,789,626,626,0,7,619,LISTAS,,
50068,01_002_061,894,747,747,0,1,746,LISTAS,,
50070,01_002_062,663,519,517,0,5,512,LISTAS,,
50072,01_002_063,807,655,655,0,2,653,LISTAS,,
50074,01_002_064,878,697,694,0,3,691,LISTAS,,
50076,01_002_065,905,694,694,0,2,692,LISTAS,,
50078,01_002_066,1002,785,785,0,3,782,LISTAS,,
50080,01_002_067,860,627,627,0,4,623,LISTAS,,
50082,01_002_068,878,686,685,0,5,680,LISTAS,,
50084,01_002_069,945,709,709,0,8,701,LISTAS,,
50086,01_002_070,844,672,670,0,6,664,LISTAS,,
50088,01_002_071,853,704,701,0,2,699,LISTAS,,
50090,01_002_072,962,760,760,0,3,757,LISTAS,,
50092,01_002_073,969,771,771,0,13,758,LISTAS,,
50094,01_002_074,801,598,596,0,2,594,LISTAS,,
50096,01_003_001,919,741,738,0,7,731,LISTAS,,
50098,01_003_002,871,683,683,0,2,681,LISTAS,,
50100,01_003_003,956,749,747,0,6,741,LISTAS,,
50102,01_003_004,958,759,758,0,2,756,LISTAS,,
50104,01_003_005,853,623,623,0,6,617,LISTAS,,
50106,01_003_006,975,770,767,0,2,765,LISTAS,,
50108,01_003_007,916,721,721,0,2,719,LISTAS,,
50110,01_003_008,788,582,582,0,34,548,LISTAS,,
50112,01_003_009,830,652,652,0,4,648,LISTAS,,
50114,01_003_010,843,679,679,0,3,676,LISTAS,,
50116,01_003_011,989,779,777,0,3,774,LISTAS,,
50118,01_003_012,938,774,774,0,1,773,LISTAS,,
50120,01_003_013,905,752,751,0,6,745,LISTAS,,
50122,01_003_014,857,704,704,0,6,698,LISTAS,,
50124,01_003_015,747,619,619,0,2,617,LISTAS,,
50126,01_003_016,796,672,672,0,4,668,LISTAS,,
50128,01_003_017,826,698,698,0,1,697,LISTAS,,
50130,01_003_018,916,745,745,0,6,739,LISTAS,,
50132,01_003_019,1033,857,854,0,0,854,LISTAS,,
50134,01_003_020,1013,786,786,0,5,781,LISTAS,,
50136,01_003_021,784,609,609,0,1,608,LISTAS,,
50138,01_003_022,1022,808,808,0,2,806,LISTAS,,
50140,01_003_023,829,716,716,0,0,716,LISTAS,,
50142,01_003_024,793,663,662,0,3,659,LISTAS,,
50144,01_003_025,776,566,567,0,16,551,LISTAS,,
50146,01_003_026,778,613,612,0,2,610,LISTAS,,
50148,01_003_027,843,701,699,0,1,698,LISTAS,,
50150,01_003_028,867,690,690,0,3,687,LISTAS,,
50152,01_003_029,865,677,677,0,2,675,LISTAS,,
50154,01_003_030,909,741,740,0,3,737,LISTAS,,
50156,01_003_031,870,646,646,0,2,644,LISTAS,,
50158,01_003_032,984,778,778,0,3,775,LISTAS,,
50160,01_003_033,871,686,687,0,14,673,LISTAS,,
50162,01_003_034,813,620,620,0,1,619,LISTAS,,
50164,01_003_035,821,605,605,0,5,600,LISTAS,,
50166,01_003_036,815,647,648,0,16,632,LISTAS,,
50168,01_003_037,911,752,752,0,5,747,LISTAS,,
50170,01_003_038,778,605,605,0,4,601,LISTAS,,
50172,01_003_039,811,661,661,0,5,656,LISTAS,,
50174,01_003_040,735,556,556,0,7,549,LISTAS,,
50176,01_003_041,829,617,617,0,5,612,LISTAS,,
50178,01_003_042,717,343,341,0,0,341,LISTAS,,
50180,01_003_043,1062,799,788,0,6,782,LISTAS,,
50182,01_003_044,1019,809,805,0,2,803,LISTAS,,
50184,01_003_045,942,702,702,0,25,677,LISTAS,,
50186,01_003_046,1053,809,809,0,2,807,LISTAS,,
50188,01_003_047,2952,2647,2642,-5,25,2617,LISTAS,,
50190,01_003_048,818,597,592,0,2,590,LISTAS,,
50192,01_003_049,868,687,687,0,5,682,LISTAS,,
50194,01_003_050,846,679,678,0,1,677,LISTAS,,
50196,01_003_051,789,607,607,0,1,606,LISTAS,,
50198,01_003_052,872,699,699,0,3,696,LISTAS,,
50200,01_003_053,710,591,591,0,3,588,LISTAS,,
50582,01_003_054,908,731,731,0,3,728,LISTAS,,
50584,01_003_055,865,667,667,0,2,665,LISTAS,,
50586,01_003_056,839,645,645,0,6,639,LISTAS,,
50588,01_003_057,943,704,704,0,4,700,LISTAS,,
50590,01_003_058,817,604,603,0,3,600,LISTAS,,
50592,01_003_059,764,671,669,0,3,666,LISTAS,,
50594,01_003_060,848,670,670,0,2,668,LISTAS,,
50596,01_003_061,866,690,690,0,1,689,LISTAS,,
50598,01_003_062,884,618,617,0,0,617,LISTAS,,
50600,01_003_063,874,637,637,0,2,635,LISTAS,,
50602,01_003_064,733,569,569,0,1,568,LISTAS,,
50604,01_003_065,982,814,809,0,4,805,LISTAS,,
50606,01_003_066,831,648,646,0,4,642,LISTAS,,
50608,01_003_067,821,648,648,0,2,646,LISTAS,,
50610,01_003_068,791,650,650,0,3,647,LISTAS,,
50612,01_003_069,799,649,649,0,3,646,LISTAS,,
50614,01_003_070,871,698,696,0,2,694,LISTAS,,
50616,01_003_071,917,744,744,0,2,742,LISTAS,,
50618,01_003_072,921,756,755,0,4,751,LISTAS,,
50620,01_003_073,862,727,726,0,4,722,LISTAS,,
50622,01_003_074,891,774,775,0,13,762,LISTAS,,
50624,01_003_075,746,642,642,0,3,639,LISTAS,,
50626,01_003_076,970,810,809,0,3,806,LISTAS,,
50628,01_003_077,874,725,724,0,3,721,LISTAS,,
50630,01_003_078,828,690,689,0,2,687,LISTAS,,
50632,01_003_079,913,752,749,0,0,749,LISTAS,,
50634,01_003_080,840,694,693,0,0,693,LISTAS,,
50636,01_003_081,899,760,757,0,4,753,LISTAS,,
50638,01_003_082,998,834,834,0,1,833,LISTAS,,
50640,01_003_083,979,836,835,0,4,831,LISTAS,,
50642,01_003_084,883,725,725,0,1,724,LISTAS,,
50644,01_003_085,824,645,646,0,14,632,LISTAS,,
50646,01_003_086,834,590,590,0,6,584,LISTAS,,
50648,01_003_087,921,676,676,0,6,670,LISTAS,,
50650,01_003_088,889,687,687,0,3,684,LISTAS,,
50652,01_003_089,993,739,738,0,4,734,LISTAS,,
50654,01_003_090,847,596,596,0,3,593,LISTAS,,
50656,01_003_091,809,618,619,0,4,615,LISTAS,,
50658,01_003_092,1028,743,743,0,6,737,LISTAS,,
50660,01_003_093,911,708,708,0,1,707,LISTAS,,
50662,01_003_094,818,611,607,0,7,600,LISTAS,,
50664,01_003_095,828,590,590,0,5,585,LISTAS,,
50666,01_003_096,987,719,719,0,2,717,LISTAS,,
50668,01_003_097,1019,734,734,0,5,729,LISTAS,,
50670,01_003_098,736,506,506,0,5,501,LISTAS,,
50672,01_003_099,967,710,710,0,0,710,LISTAS,,
50674,01_003_100,884,587,587,0,4,583,LISTAS,,
50676,01_003_101,917,582,582,0,7,575,LISTAS,,
50678,01_003_102,899,641,638,0,1,637,LISTAS,,
50680,01_003_103,857,656,654,0,3,651,LISTAS,,
50682,01_003_104,804,574,572,0,4,568,LISTAS,,
50684,01_003_105,776,577,576,0,6,570,LISTAS,,
50686,01_003_106,850,668,666,0,7,659,LISTAS,,
50688,01_003_107,805,601,602,0,14,588,LISTAS,,
50690,01_003_108,878,653,653,0,1,652,LISTAS,,
50692,01_003_109,837,624,623,0,3,620,LISTAS,,
50694,01_003_110,821,615,613,0,4,609,LISTAS,,
50696,01_003_111,782,553,553,0,5,548,LISTAS,,
50698,01_003_112,850,603,604,0,15,589,LISTAS,,
50700,01_004_001,1157,987,987,0,2,985,LISTAS,,
50702,01_004_002,1135,883,883,0,0,883,LISTAS,,
50704,01_004_003,1161,946,946,0,1,945,LISTAS,,
50706,01_004_004,1261,1057,1057,0,0,1057,LISTAS,,
50708,01_004_005,1235,923,924,0,15,909,LISTAS,,
50710,01_004_006,1285,1053,1053,0,0,1053,LISTAS,,
42664,01_004_007,1264,929,929,0,5,924,LISTAS,,
42666,01_004_008,1032,790,784,0,3,781,LISTAS,,
42668,01_004_009,1043,794,794,0,3,791,LISTAS,,
42670,01_004_010,1181,927,926,0,4,922,LISTAS,,
42672,01_004_011,989,782,782,0,4,778,LISTAS,,
42674,01_004_012,1068,759,759,0,0,759,LISTAS,,
42676,01_004_013,1046,739,738,0,4,734,LISTAS,,
42678,01_004_014,1036,820,819,0,9,810,LISTAS,,
42680,01_004_015,945,718,718,0,2,716,LISTAS,,
42682,01_004_016,1036,812,807,0,1,806,LISTAS,,
42684,01_004_017,1073,908,907,0,1,906,LISTAS,,
42686,01_004_018,1072,872,872,0,13,859,LISTAS,,
42688,01_004_019,1006,685,685,0,5,680,LISTAS,,
42690,01_004_020,1009,772,772,0,6,766,LISTAS,,
42692,01_004_021,1090,887,885,0,9,876,LISTAS,,
42694,01_004_022,1088,877,877,0,3,874,LISTAS,,
42696,01_004_023,1063,865,863,0,9,854,LISTAS,,
42698,01_004_024,1093,821,820,0,5,815,LISTAS,,
42700,01_004_025,1053,788,789,0,20,769,LISTAS,,
42702,01_004_026,1112,924,924,0,4,920,LISTAS,,
42704,01_004_027,1124,910,907,0,4,903,LISTAS,,
42706,01_004_028,1098,895,895,0,3,892,LISTAS,,
42708,01_004_029,1114,857,857,0,6,851,LISTAS,,
42710,01_004_030,1115,786,785,0,7,778,LISTAS,,
42712,01_004_031,999,628,628,0,1,627,LISTAS,,
42714,01_004_032,961,727,727,0,1,726,LISTAS,,
42716,01_004_033,990,681,681,0,10,671,LISTAS,,
42718,01_004_034,1008,595,595,0,9,586,LISTAS,,
42720,01_004_035,1129,673,673,0,11,662,LISTAS,,
42722,01_004_036,1025,670,667,0,6,661,LISTAS,,
42724,01_004_037,1010,682,681,0,9,672,LISTAS,,
42726,01_004_038,1076,756,755,0,5,750,LISTAS,,
42728,01_004_039,984,786,785,0,9,776,LISTAS,,
42730,01_004_040,942,667,667,0,12,655,LISTAS,,
42732,01_004_041,1060,829,829,0,7,822,LISTAS,,
42734,01_004_042,895,674,674,0,3,671,LISTAS,,
42736,01_004_043,1123,853,854,0,17,837,LISTAS,,
42738,01_004_044,1120,807,807,0,3,804,LISTAS,,
42740,01_004_045,1085,835,835,0,5,830,LISTAS,,
42742,01_004_046,1220,970,968,0,7,961,LISTAS,,
42744,01_004_047,1000,772,771,0,3,768,LISTAS,,
42746,01_004_048,1053,769,769,0,4,765,LISTAS,,
42748,01_004_049,1249,897,899,0,23,876,LISTAS,,
42750,01_004_050,1274,938,938,0,6,932,LISTAS,,
42752,01_004_051,1177,701,701,0,4,697,LISTAS,,
42754,01_004_052,963,714,716,0,33,683,LISTAS,,
42756,01_004_053,890,642,642,0,7,635,LISTAS,,
42758,01_004_054,1108,821,821,0,8,813,LISTAS,,
42760,01_004_055,1119,822,822,0,4,818,LISTAS,,
42762,01_004_056,1037,788,778,0,2,776,LISTAS,,
42764,01_004_057,975,735,735,0,4,731,LISTAS,,
42766,01_004_058,1272,921,921,0,4,917,LISTAS,,
42768,01_004_059,1017,711,711,0,2,709,LISTAS,,
42770,01_004_060,1146,803,803,0,7,796,LISTAS,,
42772,01_004_061,1176,839,838,0,1,837,LISTAS,,
42774,01_004_062,986,683,682,0,5,677,LISTAS,,
42776,01_004_063,1325,787,785,0,5,780,LISTAS,,
42778,01_004_064,3424,2962,2961,-1,21,2940,LISTAS,,
42780,01_004_065,1020,732,731,0,5,726,LISTAS,,
42782,01_004_066,1146,843,843,0,5,838,LISTAS,,
42784,01_004_067,1106,824,824,0,4,820,LISTAS,,
43176,01_004_068,1136,799,800,0,26,774,LISTAS,,
43178,01_004_069,1195,855,853,0,3,850,LISTAS,,
43180,01_004_070,1115,796,796,0,0,796,LISTAS,,
43182,01_005_001,869,642,642,0,4,638,LISTAS,,
43184,01_005_002,770,554,554,0,4,550,LISTAS,,
43186,01_005_003,717,542,542,0,5,537,LISTAS,,
43188,01_005_004,885,702,702,0,2,700,LISTAS,,
43190,01_005_005,922,676,674,0,9,665,LISTAS,,
43192,01_005_006,782,585,584,0,7,577,LISTAS,,
43194,01_005_007,847,618,618,0,1,617,LISTAS,,
43196,01_005_008,4931,4371,4357,-24,21,4336,LISTAS,,
43198,01_005_009,887,680,676,0,6,670,LISTAS,,
43200,01_005_010,524,377,377,0,3,374,LISTAS,,
43202,01_005_011,682,430,417,0,2,415,LISTAS,,
43204,01_005_012,956,712,712,0,3,709,LISTAS,,
43206,01_005_013,898,668,658,0,1,657,LISTAS,,
43208,01_005_014,958,712,703,0,2,701,LISTAS,,
43210,01_005_015,869,651,651,0,7,644,LISTAS,,
43212,01_005_016,820,611,611,0,3,608,LISTAS,,
43214,01_005_017,792,606,605,0,7,598,LISTAS,,
43216,01_005_018,836,641,641,0,12,629,LISTAS,,
43218,01_005_019,853,673,673,0,2,671,LISTAS,,
43220,01_005_020,946,722,722,0,6,716,LISTAS,,
43222,01_005_021,951,715,715,0,4,711,LISTAS,,
43224,01_006_001,818,574,574,0,3,571,LISTAS,,
43226,01_006_002,669,450,450,0,2,448,LISTAS,,
43228,01_006_003,737,510,510,0,6,504,LISTAS,,
43230,01_006_004,782,544,544,0,4,540,LISTAS,,
43232,01_006_005,831,567,567,0,3,564,LISTAS,,
43234,01_006_006,704,463,464,0,15,449,LISTAS,,
43236,01_006_007,755,498,498,0,5,493,LISTAS,,
43238,01_006_008,672,457,457,0,0,457,LISTAS,,
43240,01_006_009,729,475,474,0,1,473,LISTAS,,
43242,01_006_010,717,503,503,0,2,501,LISTAS,,
43244,01_006_011,747,539,537,0,8,529,LISTAS,,
43246,01_006_012,842,588,587,0,4,583,LISTAS,,
43248,01_006_013,849,558,558,0,3,555,LISTAS,,
43250,01_006_014,902,612,612,0,2,610,LISTAS,,
43252,01_006_015,919,656,655,0,5,650,LISTAS,,
43254,01_006_016,931,627,627,0,1,626,LISTAS,,
43256,01_006_017,932,614,614,0,3,611,LISTAS,,
43258,01_006_018,977,664,664,0,3,661,LISTAS,,
43260,01_006_019,1018,697,699,0,25,674,LISTAS,,
43262,01_006_020,790,560,560,0,3,557,LISTAS,,
43264,01_006_021,924,698,697,0,4,693,LISTAS,,
43266,01_006_022,874,590,590,0,6,584,LISTAS,,
43268,01_006_023,969,700,699,0,2,697,LISTAS,,
43270,01_006_024,903,649,648,0,3,645,LISTAS,,
43272,01_006_025,662,494,494,0,2,492,LISTAS,,
43274,01_006_026,762,451,449,0,1,448,LISTAS,,
43276,01_006_027,928,672,671,0,4,667,LISTAS,,
43278,01_006_028,790,580,580,0,2,578,LISTAS,,
43280,01_006_029,938,705,704,0,2,702,LISTAS,,
43282,01_006_030,768,579,578,0,2,576,LISTAS,,
43284,01_007_001,711,489,489,0,3,486,LISTAS,,
43286,01_007_002,696,404,401,0,2,399,LISTAS,,
43288,01_007_003,848,496,496,0,6,490,LISTAS,,
43290,01_007_004,713,443,443,0,6,437,LISTAS,,
43292,01_007_005,993,674,672,0,4,668,LISTAS,,
43294,01_007_006,970,682,682,0,2,680,LISTAS,,
43296,01_007_007,964,621,619,0,2,617,LISTAS,,
43298,01_007_008,881,592,591,0,4,587,LISTAS,,
43300,01_007_009,754,464,462,0,14,448,LISTAS,,
43302,01_007_010,811,346,348,0,17,331,LISTAS,,
43304,01_007_011,4384,3871,3860,-11,17,3843,LISTAS,,
43306,01_007_012,1007,658,657,0,5,652,LISTAS,,
43308,01_007_013,930,616,616,0,4,612,LISTAS,,
43310,01_007_014,1121,816,816,0,1,815,LISTAS,,
43312,01_007_015,921,610,610,0,1,609,LISTAS,,
43314,01_007_016,1099,775,774,0,8,766,LISTAS,,
43316,01_007_017,1023,729,729,0,6,723,LISTAS,,
43318,01_007_018,961,683,683,0,4,679,LISTAS,,
43712,01_007_019,956,662,662,0,3,659,LISTAS,,
43714,01_007_020,962,688,688,0,3,685,LISTAS,,
43716,01_007_021,978,700,699,0,0,699,LISTAS,,
43718,01_007_022,931,679,678,0,4,674,LISTAS,,
43720,01_007_023,1013,688,687,0,3,684,LISTAS,,
43722,01_007_024,1115,822,821,0,5,816,LISTAS,,
43724,01_007_025,1163,881,881,0,1,880,LISTAS,,
43726,01_007_026,1046,703,703,0,5,698,LISTAS,,
43728,01_007_027,1014,735,735,0,3,732,LISTAS,,
43730,01_007_028,1003,723,723,0,7,716,LISTAS,,
43732,01_007_029,1052,712,712,0,7,705,LISTAS,,
43734,01_007_030,1062,672,672,0,7,665,LISTAS,,
43736,01_007_031,1078,711,705,0,3,702,LISTAS,,
43738,01_007_032,1128,693,691,0,3,688,LISTAS,,
43740,01_007_033,1157,808,807,0,12,795,LISTAS,,
43742,01_007_034,1079,704,704,0,5,699,LISTAS,,
43744,01_007_035,1111,782,783,0,16,767,LISTAS,,
43746,01_007_036,884,549,548,0,4,544,LISTAS,,
43748,01_007_037,948,614,613,0,8,605,LISTAS,,
43750,01_007_038,988,637,637,0,3,634,LISTAS,,
43752,01_008_001,770,559,559,0,10,549,LISTAS,,
43754,01_008_002,747,541,541,0,4,537,LISTAS,,
43756,01_008_003,713,536,536,0,1,535,LISTAS,,
43758,01_008_004,652,478,478,0,1,477,LISTAS,,
43760,01_008_005,772,551,550,0,0,550,LISTAS,,
43762,01_008_006,654,482,482,0,4,478,LISTAS,,
43764,01_008_007,986,697,697,0,2,695,LISTAS,,
43766,01_008_008,1322,426,426,0,1,425,LISTAS,,
43768,01_008_009,889,668,669,0,34,635,LISTAS,,
43770,01_008_010,756,567,567,0,4,563,LISTAS,,
43772,01_008_011,1043,751,751,0,4,747,LISTAS,,
43774,01_008_012,724,439,439,0,4,435,LISTAS,,
43776,01_008_013,1046,629,627,0,1,626,LISTAS,,
43778,01_008_014,1091,749,749,0,2,747,LISTAS,,
43780,01_008_015,938,554,554,0,7,547,LISTAS,,
43782,01_008_016,1033,709,704,0,2,702,LISTAS,,
43784,01_008_017,1014,726,726,0,1,725,LISTAS,,
43786,01_008_018,773,544,544,0,5,539,LISTAS,,
43788,01_008_019,874,557,557,0,4,553,LISTAS,,
43790,01_008_020,1052,595,589,0,0,589,LISTAS,,
43792,01_008_021,937,576,576,0,3,573,LISTAS,,
43794,01_008_022,748,435,435,0,5,430,LISTAS,,
43796,01_008_023,661,415,415,0,0,415,LISTAS,,
43798,01_008_024,904,576,576,0,4,572,LISTAS,,
43800,01_008_025,757,509,507,0,7,500,LISTAS,,
43802,01_008_026,780,518,517,0,3,514,LISTAS,,
43804,01_008_027,864,527,527,0,2,525,LISTAS,,
43806,01_008_028,659,409,409,0,3,406,LISTAS,,
43808,01_008_029,959,558,558,0,5,553,LISTAS,,
43810,01_008_030,1021,527,527,0,7,520,LISTAS,,
43812,01_008_031,1191,361,360,0,4,356,LISTAS,,
43814,01_008_032,970,529,527,0,5,522,LISTAS,,
43816,01_008_033,604,385,385,0,0,385,LISTAS,,
43818,01_008_034,698,460,460,0,3,457,LISTAS,,
43820,01_008_035,701,411,411,0,4,407,LISTAS,,
43822,01_008_036,720,547,547,0,1,546,LISTAS,,
43824,01_008_037,500,248,248,0,0,248,LISTAS,,
43826,01_008_038,802,565,564,0,8,556,LISTAS,,
43828,01_008_039,748,491,491,0,2,489,LISTAS,,
43830,01_008_040,702,490,490,0,1,489,LISTAS,,
43832,01_008_041,904,602,602,0,3,599,LISTAS,,
43834,01_008_042,1245,682,682,0,1,681,LISTAS,,
43836,01_008_043,1064,617,616,0,11,605,LISTAS,,
44244,01_008_044,816,369,367,0,7,360,LISTAS,,
44246,01_008_045,740,483,484,0,28,456,LISTAS,,
44248,01_008_046,955,494,494,0,2,492,LISTAS,,
44250,01_008_047,531,372,372,0,1,371,LISTAS,,
44252,01_008_048,1017,513,513,0,0,513,LISTAS,,
44254,01_008_049,1303,803,803,0,5,798,LISTAS,,
44256,01_008_050,1105,532,532,0,5,527,LISTAS,,
44258,01_008_051,776,353,353,0,2,351,LISTAS,,
44260,01_008_052,1075,646,646,0,4,642,LISTAS,,
44262,01_008_053,629,488,487,0,4,483,LISTAS,,
44264,01_008_054,992,725,725,0,8,717,LISTAS,,
44266,01_008_055,773,475,475,0,4,471,LISTAS,,
44268,01_008_056,1013,727,727,0,0,727,LISTAS,,
44270,01_008_057,605,446,445,0,2,443,LISTAS,,
44272,01_008_058,644,531,531,0,4,527,LISTAS,,
44274,01_008_059,540,375,375,0,4,371,LISTAS,,
44276,01_008_060,3938,3386,3254,-132,17,3237,LISTAS,,
44278,01_009_001,579,425,426,0,12,414,LISTAS,,
44280,01_009_002,645,469,466,0,5,461,LISTAS,,
44282,01_009_003,610,461,461,0,2,459,LISTAS,,
44284,01_009_004,714,523,523,0,7,516,LISTAS,,
44286,01_009_005,587,415,415,0,2,413,LISTAS,,
44288,01_009_006,824,600,599,0,7,592,LISTAS,,
44290,01_009_007,599,425,425,0,0,425,LISTAS,,
44292,01_009_008,604,432,432,0,3,429,LISTAS,,
44294,01_009_009,834,481,481,0,3,478,LISTAS,,
44296,01_009_010,647,494,493,0,2,491,LISTAS,,
44298,01_009_011,742,569,566,0,2,564,LISTAS,,
44300,01_009_012,685,505,505,0,2,503,LISTAS,,
44302,01_009_013,786,596,595,0,3,592,LISTAS,,
44304,01_009_014,895,680,680,0,2,678,LISTAS,,
44306,01_009_015,660,505,504,0,3,501,LISTAS,,
44308,01_009_016,587,385,385,0,0,385,LISTAS,,
44310,01_009_017,950,753,752,0,4,748,LISTAS,,
44312,01_009_018,773,562,562,0,2,560,LISTAS,,
44314,01_009_019,905,594,594,0,0,594,LISTAS,,
44316,01_009_020,1044,635,635,0,15,620,LISTAS,,
44318,01_009_021,785,517,517,0,2,515,LISTAS,,
44320,01_009_022,796,574,574,0,3,571,LISTAS,,
44322,01_009_023,806,471,471,0,13,458,LISTAS,,
44324,01_009_024,594,397,397,0,2,395,LISTAS,,
44326,01_009_025,897,659,659,0,2,657,LISTAS,,
44328,01_009_026,742,527,526,0,4,522,LISTAS,,
44330,01_009_027,745,559,559,0,1,558,LISTAS,,
44332,01_009_028,711,531,531,0,1,530,LISTAS,,
44334,01_009_029,924,635,635,0,3,632,LISTAS,,
44336,01_009_030,922,651,651,0,2,649,LISTAS,,
44338,01_009_031,742,493,493,0,8,485,LISTAS,,
44340,01_009_032,686,464,454,0,2,452,LISTAS,,
44342,01_009_033,841,593,590,0,3,587,LISTAS,,
44344,01_009_034,678,466,466,0,3,463,LISTAS,,
44346,01_009_035,752,588,588,0,6,582,LISTAS,,
44348,01_009_036,1081,758,756,0,4,752,LISTAS,,
44350,01_009_037,677,407,407,0,3,404,LISTAS,,
44352,01_009_038,800,413,412,0,3,409,LISTAS,,
44354,01_009_039,883,381,381,0,2,379,LISTAS,,
44356,01_009_040,686,277,277,0,5,272,LISTAS,,
44358,01_009_041,676,499,498,0,0,498,LISTAS,,
44360,01_009_042,674,521,520,0,0,520,LISTAS,,
44362,01_009_043,676,531,530,0,1,529,LISTAS,,
44364,01_009_044,595,441,441,0,2,439,LISTAS,,
44366,01_009_045,839,593,593,0,10,583,LISTAS,,
44368,01_009_046,763,557,556,0,1,555,LISTAS,,
44370,01_009_047,705,562,563,0,15,548,LISTAS,,
44372,01_009_048,660,515,515,0,4,511,LISTAS,,
44374,01_009_049,870,670,670,0,3,667,LISTAS,,
44376,01_009_050,819,625,625,0,2,623,LISTAS,,
44378,01_009_051,818,617,617,0,0,617,LISTAS,,
44804,01_009_052,798,597,597,0,8,589,LISTAS,,
44806,01_009_053,726,566,566,0,5,561,LISTAS,,
44808,01_010_001,577,449,449,0,0,449,LISTAS,,
44810,01_010_002,603,468,468,0,2,466,LISTAS,,
44812,01_010_003,608,294,294,0,14,280,LISTAS,,
44814,01_010_004,623,349,349,0,3,346,LISTAS,,
44816,01_010_005,590,360,359,0,3,356,LISTAS,,
44818,01_010_006,627,401,399,0,3,396,LISTAS,,
44820,01_010_007,612,439,439,0,1,438,LISTAS,,
44822,01_010_008,657,430,430,0,11,419,LISTAS,,
44824,01_010_009,939,637,637,0,2,635,LISTAS,,
44826,01_010_010,606,404,404,0,2,402,LISTAS,,
44828,01_010_011,713,542,541,0,2,539,LISTAS,,
44830,01_010_012,688,532,531,0,1,530,LISTAS,,
44832,01_010_013,730,511,511,0,2,509,LISTAS,,
44834,01_010_014,660,438,438,0,7,431,LISTAS,,
44836,01_010_015,747,469,469,0,4,465,LISTAS,,
44838,01_010_016,747,567,566,0,3,563,LISTAS,,
44840,01_010_017,705,515,515,0,3,512,LISTAS,,
44842,01_010_018,709,449,449,0,2,447,LISTAS,,
44844,01_010_019,3037,2667,2649,-18,9,2640,LISTAS,,
44846,01_010_020,883,541,541,0,2,539,LISTAS,,
44848,01_010_021,951,621,621,0,2,619,LISTAS,,
44850,01_010_022,769,582,582,0,1,581,LISTAS,,
44852,01_010_023,720,508,509,0,6,503,LISTAS,,
44854,01_010_024,790,545,545,0,5,540,LISTAS,,
44856,01_010_025,576,425,425,0,2,423,LISTAS,,
44858,01_010_026,613,455,455,0,1,454,LISTAS,,
44860,01_010_027,798,544,544,0,12,532,LISTAS,,
44862,01_010_028,731,519,519,0,3,516,LISTAS,,
44864,01_010_029,798,579,579,0,5,574,LISTAS,,
44866,01_010_030,671,462,460,0,1,459,LISTAS,,
44868,01_010_031,811,635,634,0,4,630,LISTAS,,
44870,01_010_032,856,728,728,0,10,718,LISTAS,,
44872,01_010_033,724,457,457,0,0,457,LISTAS,,
44874,01_010_034,795,501,501,0,4,497,LISTAS,,
44876,01_010_035,771,324,324,0,1,323,LISTAS,,
44878,01_010_036,808,592,592,0,3,589,LISTAS,,
44880,01_010_037,866,558,558,0,3,555,LISTAS,,
44882,01_010_038,744,559,559,0,2,557,LISTAS,,
44884,01_010_039,654,403,403,0,1,402,LISTAS,,
44886,01_010_040,641,431,431,0,4,427,LISTAS,,
44888,01_010_041,613,494,494,0,3,491,LISTAS,,
44890,01_010_042,684,505,505,0,2,503,LISTAS,,
44892,01_010_043,654,473,473,0,6,467,LISTAS,,
44894,01_010_044,648,492,492,0,3,489,LISTAS,,
44896,01_010_045,588,481,479,0,6,473,LISTAS,,
44898,01_010_046,582,382,382,0,4,378,LISTAS,,
44900,01_010_047,638,387,387,0,1,386,LISTAS,,
44902,01_010_048,718,386,386,0,2,384,LISTAS,,
44904,01_010_049,696,352,352,0,1,351,LISTAS,,
44906,01_010_050,794,435,435,0,8,427,LISTAS,,
44908,01_010_051,634,458,458,0,1,457,LISTAS,,
44910,01_010_052,649,503,503,0,0,503,LISTAS,,
44912,01_010_053,654,522,522,0,5,517,LISTAS,,
44914,01_010_054,675,534,534,0,5,529,LISTAS,,
44916,01_010_055,707,519,516,0,3,513,LISTAS,,
44918,01_010_056,844,543,543,0,4,539,LISTAS,,
44920,01_010_057,810,562,561,0,4,557,LISTAS,,
44922,01_010_058,644,422,422,0,1,421,LISTAS,,
44924,01_010_059,586,402,402,0,4,398,LISTAS,,
44926,01_010_060,760,502,502,0,5,497,LISTAS,,
44928,01_010_061,813,598,595,0,3,592,LISTAS,,
44930,01_010_062,730,558,557,0,2,555,LISTAS,,
44932,01_010_063,829,594,590,0,2,588,LISTAS,,
44934,01_010_064,760,554,553,0,3,550,LISTAS,,
44936,01_010_065,765,530,530,0,1,529,LISTAS,,
44938,01_010_066,785,536,536,0,4,532,LISTAS,,
44940,01_010_067,760,523,523,0,4,519,LISTAS,,
44942,01_010_068,679,521,521,0,0,521,LISTAS,,
44944,01_010_069,729,488,488,0,4,484,LISTAS,,
45364,01_010_070,932,645,645,0,2,643,LISTAS,,
45366,01_010_071,912,644,644,0,4,640,LISTAS,,
45368,01_010_072,859,561,561,0,5,556,LISTAS,,
45370,01_010_073,879,581,581,0,4,577,LISTAS,,
45372,01_010_074,835,550,550,0,5,545,LISTAS,,
45374,01_010_075,620,486,486,0,2,484,LISTAS,,
45376,01_010_076,684,541,540,0,3,537,LISTAS,,
45378,01_011_001,743,605,605,0,1,604,LISTAS,,
45380,01_011_002,850,701,701,0,4,697,LISTAS,,
45382,01_011_003,734,619,619,0,6,613,LISTAS,,
45384,01_011_004,811,650,648,0,3,645,LISTAS,,
45386,01_011_005,819,673,672,0,4,668,LISTAS,,
45388,01_011_006,859,686,686,0,6,680,LISTAS,,
45390,01_011_007,786,604,602,0,2,600,LISTAS,,
45392,01_011_008,681,559,559,0,2,557,LISTAS,,
45394,01_011_009,753,567,567,0,3,564,LISTAS,,
45396,01_011_010,747,585,585,0,3,582,LISTAS,,
45398,01_011_011,869,696,695,0,3,692,LISTAS,,
45400,01_011_012,872,690,690,0,2,688,LISTAS,,
45402,01_011_013,754,597,597,0,2,595,LISTAS,,
45404,01_011_014,724,542,542,0,3,539,LISTAS,,
45406,01_011_015,671,540,539,0,3,536,LISTAS,,
45408,01_011_016,770,602,602,0,2,600,LISTAS,,
45410,01_011_017,791,618,617,0,1,616,LISTAS,,
45412,01_011_018,766,611,611,0,5,606,LISTAS,,
45414,01_011_019,900,691,691,0,1,690,LISTAS,,
45416,01_011_020,791,594,594,0,2,592,LISTAS,,
45418,01_011_021,783,626,627,0,13,614,LISTAS,,
45420,01_011_022,840,667,667,0,2,665,LISTAS,,
45422,01_011_023,667,553,553,0,7,546,LISTAS,,
45424,01_011_024,841,693,692,0,9,683,LISTAS,,
45426,01_011_025,785,629,629,0,4,625,LISTAS,,
45428,01_011_026,794,640,638,0,3,635,LISTAS,,
45430,01_011_027,891,724,724,0,3,721,LISTAS,,
45432,01_011_028,798,633,633,0,1,632,LISTAS,,
45434,01_011_029,828,638,627,0,4,623,LISTAS,,
45436,01_011_030,855,650,650,0,3,647,LISTAS,,
45438,01_011_031,846,652,651,0,2,649,LISTAS,,
45440,01_011_032,790,638,638,0,2,636,LISTAS,,
45442,01_011_033,841,653,652,0,3,649,LISTAS,,
45444,01_011_034,625,490,490,0,1,489,LISTAS,,
45446,01_011_035,839,566,574,0,66,508,LISTAS,,
45448,01_011_036,1025,773,773,0,3,770,LISTAS,,
45450,01_011_037,838,663,663,0,15,648,LISTAS,,
45452,01_011_038,764,649,648,0,3,645,LISTAS,,
45454,01_011_039,903,758,757,0,5,752,LISTAS,,
45456,01_011_040,861,714,714,0,3,711,LISTAS,,
45458,01_011_041,772,641,640,0,0,640,LISTAS,,
45460,01_011_042,936,809,809,0,2,807,LISTAS,,
45462,01_011_043,963,829,829,0,5,824,LISTAS,,
45464,01_011_044,865,752,752,0,1,751,LISTAS,,
45466,01_011_045,831,719,719,0,6,713,LISTAS,,
45468,01_011_046,886,773,773,0,1,772,LISTAS,,
45470,01_011_047,1076,959,952,0,5,947,LISTAS,,
45472,01_011_048,933,822,822,0,3,819,LISTAS,,
45474,01_011_049,994,841,841,0,1,840,LISTAS,,
45476,01_011_050,880,684,684,0,2,682,LISTAS,,
45478,01_011_051,903,703,702,0,3,699,LISTAS,,
45480,01_011_052,755,634,634,0,5,629,LISTAS,,
45482,01_011_053,826,693,693,0,3,690,LISTAS,,
45484,01_011_054,807,663,663,0,1,662,LISTAS,,
45486,01_011_055,896,739,739,0,1,738,LISTAS,,
45488,01_011_056,837,709,709,0,0,709,LISTAS,,
45490,01_011_057,782,650,645,0,1,644,LISTAS,,
45492,01_011_058,722,571,571,0,1,570,LISTAS,,
45494,01_011_059,1307,1066,1065,0,8,1057,LISTAS,,
45496,01_011_060,989,778,778,0,3,775,LISTAS,,
45498,01_011_061,1096,952,952,0,3,949,LISTAS,,
45500,01_011_062,865,721,720,0,3,717,LISTAS,,
45924,01_011_063,707,593,593,0,2,591,LISTAS,,
45926,01_011_064,957,787,787,0,5,782,LISTAS,,
45928,01_011_065,3861,3498,3484,-14,9,3475,LISTAS,,
45930,01_011_066,767,589,589,0,4,585,LISTAS,,
45932,01_011_067,910,715,715,0,2,713,LISTAS,,
45934,01_011_068,809,596,596,0,4,592,LISTAS,,
45936,01_011_069,900,669,669,0,3,666,LISTAS,,
45938,01_011_070,750,508,508,0,1,507,LISTAS,,
45940,01_011_071,825,628,626,0,6,620,LISTAS,,
45942,01_011_072,953,801,801,0,5,796,LISTAS,,
45944,01_011_073,760,518,518,0,5,513,LISTAS,,
45946,01_011_074,694,532,532,0,3,529,LISTAS,,
45948,01_011_075,730,550,550,0,2,548,LISTAS,,
45950,01_011_076,787,630,621,0,6,615,LISTAS,,
45952,01_011_077,789,624,624,0,2,622,LISTAS,,
45954,01_011_078,716,549,548,0,5,543,LISTAS,,
45956,01_011_079,727,555,554,0,1,553,LISTAS,,
45958,01_011_080,665,517,517,0,2,515,LISTAS,,
45960,01_011_081,910,736,734,0,5,729,LISTAS,,
45962,01_011_082,1102,846,846,0,2,844,LISTAS,,
45964,01_011_083,1017,695,695,0,1,694,LISTAS,,
45966,01_011_084,947,796,795,0,3,792,LISTAS,,
45968,01_011_085,1071,839,839,0,7,832,LISTAS,,
45970,01_011_086,1289,1029,1025,0,1,1024,LISTAS,,
45972,01_011_087,839,624,623,0,5,618,LISTAS,,
45974,01_011_088,1145,897,897,0,6,891,LISTAS,,
45976,01_011_089,917,715,715,0,2,713,LISTAS,,
45978,01_011_090,727,549,548,0,0,548,LISTAS,,
45980,01_011_091,788,635,635,0,4,631,LISTAS,,
45982,01_011_092,878,649,648,0,4,644,LISTAS,,
45984,01_011_093,725,535,535,0,4,531,LISTAS,,
45986,01_011_094,958,713,711,0,3,708,LISTAS,,
45988,01_011_095,676,517,517,0,1,516,LISTAS,,
45990,01_011_096,821,645,645,0,1,644,LISTAS,,
45992,01_011_097,788,588,583,0,7,576,LISTAS,,
45994,01_011_098,799,609,607,0,5,602,LISTAS,,
45996,01_011_099,589,408,408,0,3,405,LISTAS,,
45998,01_011_100,749,556,556,0,5,551,LISTAS,,
46000,01_011_101,618,481,481,0,3,478,LISTAS,,
46002,01_011_102,661,571,571,0,3,568,LISTAS,,
46004,01_011_103,866,654,652,0,4,648,LISTAS,,
46006,01_011_104,1034,881,880,0,0,880,LISTAS,,
46008,01_011_105,1043,822,821,0,4,817,LISTAS,,
46010,01_011_106,969,721,721,0,5,716,LISTAS,,
46012,01_011_107,828,620,620,0,3,617,LISTAS,,
46014,01_011_108,728,545,545,0,2,543,LISTAS,,
46016,01_011_109,784,678,675,0,3,672,LISTAS,,
46018,01_011_110,713,559,560,0,16,544,LISTAS,,
46020,01_011_111,827,692,692,0,1,691,LISTAS,,
46022,01_011_112,844,722,719,0,2,717,LISTAS,,
46024,01_011_113,816,689,688,0,10,678,LISTAS,,
46026,01_011_114,952,793,793,0,8,785,LISTAS,,
46028,01_011_115,982,827,826,0,5,821,LISTAS,,
46030,01_011_116,833,704,704,0,3,701,LISTAS,,
46032,01_011_117,1093,881,881,0,3,878,LISTAS,,
46034,01_011_118,1094,619,619,0,8,611,LISTAS,,
46036,01_012_001,690,567,567,0,2,565,LISTAS,,
46038,01_012_002,668,520,520,0,3,517,LISTAS,,
46040,01_012_003,508,376,376,0,0,376,LISTAS,,
46042,01_012_004,742,601,601,0,0,601,LISTAS,,
46044,01_012_005,625,469,467,0,4,463,LISTAS,,
46046,01_012_006,4221,3855,3843,-12,14,3829,LISTAS,,
46048,01_012_007,770,612,612,0,4,608,LISTAS,,
46050,01_012_008,839,682,682,0,4,678,LISTAS,,
46052,01_012_009,862,724,724,0,1,723,LISTAS,,
46054,01_012_010,950,791,789,0,4,785,LISTAS,,
46056,01_012_011,796,656,655,0,12,643,LISTAS,,
46058,01_012_012,906,749,744,0,4,740,LISTAS,,
46060,01_012_013,607,515,515,0,1,514,LISTAS,,
46476,01_012_014,640,494,495,0,10,485,LISTAS,,
46478,01_012_015,699,580,580,0,0,580,LISTAS,,
46480,01_012_016,664,557,557,0,5,552,LISTAS,,
46482,01_012_017,919,696,696,0,5,691,LISTAS,,
46484,01_012_018,866,703,702,0,4,698,LISTAS,,
46486,01_012_019,798,660,660,0,3,657,LISTAS,,
46488,01_012_020,739,612,612,0,1,611,LISTAS,,
46490,01_012_021,740,583,583,0,3,580,LISTAS,,
46492,01_012_022,499,426,426,0,1,425,LISTAS,,
46494,01_012_023,683,504,507,0,27,480,LISTAS,,
46496,01_012_024,589,484,485,0,17,468,LISTAS,,
46498,01_012_025,765,634,634,0,5,629,LISTAS,,
46500,01_012_026,682,581,581,0,1,580,LISTAS,,
46502,01_012_027,692,594,594,0,2,592,LISTAS,,
46504,01_012_028,982,772,771,0,4,767,LISTAS,,
46506,01_012_029,693,575,575,0,2,573,LISTAS,,
46508,01_012_030,901,762,762,0,10,752,LISTAS,,
46510,01_012_031,710,557,555,0,4,551,LISTAS,,
46512,01_012_032,816,688,687,0,4,683,LISTAS,,
46514,01_012_033,930,717,713,0,6,707,LISTAS,,
46516,01_012_034,834,702,702,0,8,694,LISTAS,,
46518,01_012_035,864,733,731,0,0,731,LISTAS,,
46520,01_012_036,699,599,597,0,4,593,LISTAS,,
46522,01_012_037,714,605,605,0,4,601,LISTAS,,
46524,01_012_038,915,776,774,0,3,771,LISTAS,,
46526,01_012_039,939,779,779,0,9,770,LISTAS,,
46528,01_012_040,743,645,644,0,1,643,LISTAS,,
46530,01_012_041,583,462,462,0,5,457,LISTAS,,
46532,01_012_042,840,718,718,0,7,711,LISTAS,,
46534,01_012_043,882,723,723,0,2,721,LISTAS,,
46536,01_012_044,971,792,793,0,13,780,LISTAS,,
46538,01_012_045,609,484,484,0,2,482,LISTAS,,
46540,01_012_046,944,760,760,0,2,758,LISTAS,,
46542,01_012_047,997,824,824,0,3,821,LISTAS,,
46544,01_012_048,858,657,657,0,6,651,LISTAS,,
46546,01_012_049,828,680,680,0,2,678,LISTAS,,
46548,01_012_050,753,624,623,0,2,621,LISTAS,,
46550,01_012_051,579,471,471,0,0,471,LISTAS,,
46552,01_012_052,915,755,754,0,0,754,LISTAS,,
46554,01_012_053,877,708,708,0,2,706,LISTAS,,
46556,01_012_054,715,560,560,0,5,555,LISTAS,,
46558,01_012_055,725,596,596,0,4,592,LISTAS,,
46560,01_013_001,1085,763,758,0,3,755,LISTAS,,
46562,01_013_002,937,678,677,0,5,672,LISTAS,,
46564,01_013_003,999,770,768,0,6,762,LISTAS,,
46566,01_013_004,911,716,716,0,5,711,LISTAS,,
46568,01_013_005,934,760,760,0,4,756,LISTAS,,
46570,01_013_006,1164,888,878,0,1,877,LISTAS,,
46572,01_013_007,1022,750,745,0,0,745,LISTAS,,
46574,01_013_008,1068,803,801,0,4,797,LISTAS,,
46576,01_013_009,1087,863,863,0,10,853,LISTAS,,
46578,01_013_010,1017,801,801,0,2,799,LISTAS,,
46580,01_013_011,758,622,622,0,2,620,LISTAS,,
46582,01_013_012,940,711,711,0,3,708,LISTAS,,
46584,01_013_013,981,739,739,0,3,736,LISTAS,,
46586,01_013_014,1057,801,792,0,0,792,LISTAS,,
46588,01_013_015,1039,829,825,0,6,819,LISTAS,,
46590,01_013_016,843,680,680,0,2,678,LISTAS,,
46592,01_013_017,1111,918,917,0,3,914,LISTAS,,
46594,01_013_018,1041,820,820,0,5,815,LISTAS,,
46596,01_013_019,1142,909,905,0,4,901,LISTAS,,
46598,01_013_020,1193,860,859,0,3,856,LISTAS,,
47010,01_013_021,1169,912,911,0,0,911,LISTAS,,
47012,01_013_022,1226,904,904,0,8,896,LISTAS,,
47014,01_013_023,1056,816,816,0,2,814,LISTAS,,
47016,01_013_024,1183,867,866,0,4,862,LISTAS,,
47018,01_013_025,771,588,588,0,2,586,LISTAS,,
47020,01_013_026,1000,626,626,0,3,623,LISTAS,,
47022,01_013_027,955,579,579,0,4,575,LISTAS,,
47024,01_013_028,893,698,689,0,0,689,LISTAS,,
47026,01_013_029,970,753,751,0,2,749,LISTAS,,
47028,01_013_030,1015,796,795,0,4,791,LISTAS,,
47030,01_013_031,956,757,757,0,5,752,LISTAS,,
47032,01_013_032,970,771,771,0,4,767,LISTAS,,
47034,01_013_033,1018,689,688,0,4,684,LISTAS,,
47036,01_013_034,1122,541,538,0,4,534,LISTAS,,
47038,01_013_035,1207,938,938,0,8,930,LISTAS,,
47040,01_013_036,1044,747,745,0,1,744,LISTAS,,
47042,01_013_037,1109,869,868,0,4,864,LISTAS,,
47044,01_013_038,1042,758,758,0,1,757,LISTAS,,
47046,01_013_039,1067,834,830,0,2,828,LISTAS,,
47048,01_013_040,932,292,292,0,1,291,LISTAS,,
47050,01_013_041,975,636,636,0,4,632,LISTAS,,
47052,01_013_042,864,587,586,0,0,586,LISTAS,,
47054,01_013_043,732,392,392,0,2,390,LISTAS,,
47056,01_013_044,980,759,757,0,2,755,LISTAS,,
47058,01_013_045,1017,545,545,0,0,545,LISTAS,,
47060,01_013_046,959,519,519,0,4,515,LISTAS,,
47062,01_013_047,929,665,665,0,1,664,LISTAS,,
47064,01_013_048,1114,774,774,0,0,774,LISTAS,,
47066,01_013_049,1056,715,715,0,4,711,LISTAS,,
47068,01_013_050,1009,749,749,0,4,745,LISTAS,,
47070,01_013_051,868,616,616,0,2,614,LISTAS,,
47072,01_013_052,1009,624,622,0,5,617,LISTAS,,
47074,01_013_053,892,690,688,0,0,688,LISTAS,,
47076,01_013_054,893,699,699,0,3,696,LISTAS,,
47078,01_013_055,885,653,651,0,4,647,LISTAS,,
47080,01_013_056,806,606,606,0,3,603,LISTAS,,
47082,01_013_057,980,759,759,0,3,756,LISTAS,,
47084,01_013_058,1046,709,708,0,2,706,LISTAS,,
47086,01_013_059,989,706,705,0,2,703,LISTAS,,
47088,01_013_060,1077,831,831,0,4,827,LISTAS,,
47090,01_013_061,960,714,714,0,6,708,LISTAS,,
47092,01_013_062,4411,3975,3966,-9,11,3955,LISTAS,,
47094,01_013_063,1226,895,895,0,6,889,LISTAS,,
47096,01_013_064,949,707,707,0,0,707,LISTAS,,
47098,01_013_065,846,618,617,0,3,614,LISTAS,,
47100,01_013_066,886,708,708,0,3,705,LISTAS,,
47102,01_013_067,1141,929,927,0,4,923,LISTAS,,
47104,01_013_068,1175,923,917,0,4,913,LISTAS,,
47106,01_013_069,1117,899,899,0,2,897,LISTAS,,
47108,01_013_070,861,629,627,0,9,618,LISTAS,,
47110,01_013_071,1166,769,769,0,3,766,LISTAS,,
47112,01_013_072,761,572,571,0,7,564,LISTAS,,
47114,01_013_073,1146,833,833,0,11,822,LISTAS,,
47116,01_013_074,1038,729,729,0,5,724,LISTAS,,
47118,01_013_075,716,535,535,0,3,532,LISTAS,,
47120,01_013_076,1191,611,611,0,3,608,LISTAS,,
47122,01_013_077,1072,872,865,0,5,860,LISTAS,,
47124,01_013_078,892,681,681,0,4,677,LISTAS,,
47126,01_013_079,1099,879,879,0,6,873,LISTAS,,
47128,01_013_080,866,633,632,0,3,629,LISTAS,,
47130,01_013_081,825,657,657,0,2,655,LISTAS,,
47132,01_013_082,1212,943,942,0,10,932,LISTAS,,
47554,01_013_083,1227,922,920,0,6,914,LISTAS,,
47556,01_013_084,1076,786,786,0,7,779,LISTAS,,
47558,01_013_085,959,654,654,0,2,652,LISTAS,,
47560,01_013_086,713,503,500,0,3,497,LISTAS,,
47562,01_013_087,795,599,599,0,7,592,LISTAS,,
47564,01_014_001,1096,868,868,0,5,863,LISTAS,,
47566,01_014_002,1092,837,836,0,6,830,LISTAS,,
47568,01_014_003,1168,919,919,0,11,908,LISTAS,,
47570,01_014_004,1105,873,872,0,3,869,LISTAS,,
47572,01_014_005,1109,843,842,0,3,839,LISTAS,,
47574,01_014_006,1103,813,812,0,5,807,LISTAS,,
47576,01_014_007,1051,793,793,0,2,791,LISTAS,,
47578,01_014_008,1125,843,844,0,16,828,LISTAS,,
47580,01_014_009,1187,832,831,0,3,828,LISTAS,,
47582,01_014_010,1222,900,900,0,3,897,LISTAS,,
47584,01_014_011,1145,840,840,0,6,834,LISTAS,,
47586,01_014_012,3907,3447,3450,3,50,3400,LISTAS,,
47588,01_014_013,1194,900,900,0,9,891,LISTAS,,
47590,01_014_014,1154,723,722,0,7,715,LISTAS,,
47592,01_014_015,1195,816,815,0,5,810,LISTAS,,
47594,01_014_016,1119,897,897,0,5,892,LISTAS,,
47596,01_014_017,1095,836,833,0,5,828,LISTAS,,
47598,01_014_018,1174,875,874,0,2,872,LISTAS,,
47600,01_014_019,1144,923,919,0,6,913,LISTAS,,
47602,01_014_020,1175,927,928,0,16,912,LISTAS,,
47604,01_014_021,1093,846,844,0,3,841,LISTAS,,
47606,01_014_022,1324,909,908,0,7,901,LISTAS,,
47608,01_014_023,1295,632,632,0,2,630,LISTAS,,
47610,01_014_024,1196,883,883,0,1,882,LISTAS,,
47612,01_014_025,1227,974,970,0,1,969,LISTAS,,
47614,01_014_026,1149,888,888,0,8,880,LISTAS,,
47616,01_014_027,1253,977,975,0,3,972,LISTAS,,
47618,01_014_028,1163,843,842,0,2,840,LISTAS,,
47620,01_014_029,1174,930,928,0,9,919,LISTAS,,
47622,01_014_030,1175,899,897,0,3,894,LISTAS,,
47624,01_014_031,1333,919,919,0,1,918,LISTAS,,
47626,01_014_032,1218,967,967,0,5,962,LISTAS,,
47628,01_014_033,1331,1127,1127,0,4,1123,LISTAS,,
47630,01_014_034,1216,952,951,0,5,946,LISTAS,,
47632,01_014_035,1244,1027,1026,0,9,1017,LISTAS,,
47634,01_014_036,1119,951,951,0,3,948,LISTAS,,
47636,01_014_037,993,804,804,0,10,794,LISTAS,,
47638,01_014_038,1331,1065,1064,0,2,1062,LISTAS,,
47640,01_014_039,1194,966,965,0,4,961,LISTAS,,
47642,01_014_040,1310,1020,1012,0,9,1003,LISTAS,,
47644,01_014_041,1116,914,913,0,9,904,LISTAS,,
47646,01_014_042,1191,998,998,0,8,990,LISTAS,,
47648,01_014_043,1033,872,867,0,5,862,LISTAS,,
47650,01_014_044,1096,886,885,0,5,880,LISTAS,,
47652,01_014_045,1235,914,913,0,5,908,LISTAS,,
47654,01_014_046,1199,945,945,0,19,926,LISTAS,,
47656,01_014_047,1212,994,994,0,3,991,LISTAS,,
47658,01_014_048,1141,838,838,0,12,826,LISTAS,,
47660,01_014_049,1042,769,768,0,3,765,LISTAS,,
47662,01_014_050,1106,801,800,0,0,800,LISTAS,,
47664,01_014_051,1145,850,850,0,5,845,LISTAS,,
47666,01_014_052,1080,784,792,0,77,715,LISTAS,,
47668,01_014_053,1146,815,814,0,7,807,LISTAS,,
47670,01_014_054,1169,844,843,0,3,840,LISTAS,,
47672,01_014_055,1231,997,997,0,7,990,LISTAS,,
47674,01_014_056,1172,926,924,0,5,919,LISTAS,,
48094,01_014_057,1113,891,889,0,2,887,LISTAS,,
48096,01_014_058,1255,897,875,0,1,874,LISTAS,,
48098,01_014_059,1197,914,913,0,4,909,LISTAS,,
48100,01_014_060,1224,965,965,0,3,962,LISTAS,,
48102,01_014_061,1259,1062,1060,0,4,1056,LISTAS,,
48104,01_014_062,1199,994,991,0,2,989,LISTAS,,
48106,01_014_063,1098,932,932,0,2,930,LISTAS,,
48108,01_014_064,1145,923,923,0,4,919,LISTAS,,
48110,01_014_065,1021,831,831,0,9,822,LISTAS,,
48112,01_014_066,1178,890,889,0,1,888,LISTAS,,
48114,01_014_067,1086,728,728,0,6,722,LISTAS,,
48116,01_014_068,1143,913,913,0,6,907,LISTAS,,
48118,01_014_069,1074,832,832,0,15,817,LISTAS,,
48120,01_014_070,1084,871,871,0,4,867,LISTAS,,
48122,01_014_071,1187,913,913,0,9,904,LISTAS,,
48124,01_014_072,1222,905,905,0,7,898,LISTAS,,
48126,01_014_073,1332,1072,1069,0,8,1061,LISTAS,,
48128,01_014_074,1213,895,895,0,3,892,LISTAS,,
48130,01_014_075,1111,871,871,0,2,869,LISTAS,,
48132,01_015_001,827,662,662,0,0,662,LISTAS,,
48134,01_015_002,848,689,686,0,4,682,LISTAS,,
48136,01_015_003,1127,910,910,0,3,907,LISTAS,,
48138,01_015_004,918,694,694,0,2,692,LISTAS,,
48140,01_015_005,772,626,626,0,0,626,LISTAS,,
48142,01_015_006,1097,853,853,0,2,851,LISTAS,,
48144,01_015_007,784,603,602,0,1,601,LISTAS,,
48146,01_015_008,767,597,597,0,4,593,LISTAS,,
48148,01_015_009,843,610,610,0,2,608,LISTAS,,
48150,01_015_010,818,594,593,0,3,590,LISTAS,,
48152,01_015_011,819,605,605,0,3,602,LISTAS,,
48154,01_015_012,1105,763,762,0,4,758,LISTAS,,
48156,01_015_013,1191,793,792,0,6,786,LISTAS,,
48158,01_015_014,811,595,595,0,1,594,LISTAS,,
48160,01_015_015,1079,587,587,0,2,585,LISTAS,,
48162,01_015_016,1126,847,847,0,5,842,LISTAS,,
48164,01_015_017,766,573,573,0,2,571,LISTAS,,
48166,01_015_018,782,569,569,0,2,567,LISTAS,,
48168,01_015_019,987,710,710,0,3,707,LISTAS,,
48170,01_015_020,1097,718,718,0,3,715,LISTAS,,
48172,01_015_021,1020,680,680,0,2,678,LISTAS,,
48174,01_015_022,1074,806,805,0,3,802,LISTAS,,
48176,01_015_023,763,594,594,0,2,592,LISTAS,,
48178,01_015_024,981,749,749,0,2,747,LISTAS,,
48180,01_015_025,943,766,766,0,6,760,LISTAS,,
48182,01_015_026,827,651,651,0,3,648,LISTAS,,
48184,01_015_027,901,703,702,0,2,700,LISTAS,,
48186,01_015_028,865,666,665,0,5,660,LISTAS,,
48188,01_015_029,841,613,613,0,2,611,LISTAS,,
48190,01_015_030,701,549,549,0,0,549,LISTAS,,
48192,01_015_031,823,603,602,0,2,600,LISTAS,,
48194,01_015_032,797,569,568,0,1,567,LISTAS,,
48196,01_015_033,837,647,647,0,4,643,LISTAS,,
48198,01_015_034,689,570,570,0,5,565,LISTAS,,
48200,01_015_035,1100,839,839,0,4,835,LISTAS,,
48202,01_015_036,851,657,657,0,5,652,LISTAS,,
48204,01_015_037,759,606,606,0,0,606,LISTAS,,
48206,01_015_038,959,715,715,0,1,714,LISTAS,,
48208,01_015_039,927,685,685,0,4,681,LISTAS,,
48210,01_015_040,750,520,520,0,3,517,LISTAS,,
48212,01_015_041,808,539,538,0,5,533,LISTAS,,
48214,01_015_042,936,652,651,0,6,645,LISTAS,,
48216,01_015_043,932,654,654,0,8,646,LISTAS,,
48218,01_015_044,908,652,652,0,6,646,LISTAS,,
48220,01_015_045,770,531,531,0,6,525,LISTAS,,
48618,01_015_046,918,648,646,0,0,646,LISTAS,,
48620,01_015_047,860,604,604,0,2,602,LISTAS,,
48622,01_015_048,751,541,541,0,3,538,LISTAS,,
48624,01_015_049,800,587,584,0,13,571,LISTAS,,
48626,01_015_050,714,480,480,0,10,470,LISTAS,,
48628,01_015_051,2627,2228,2224,-4,8,2216,LISTAS,,
48630,01_015_052,876,584,584,0,1,583,LISTAS,,
48632,01_015_053,782,569,569,0,3,566,LISTAS,,
48634,01_015_054,1014,686,685,0,7,678,LISTAS,,
48636,01_015_055,854,611,611,0,4,607,LISTAS,,
48638,01_015_056,885,665,665,0,2,663,LISTAS,,
48640,01_015_057,977,617,618,0,19,599,LISTAS,,
48642,01_015_058,838,588,588,0,6,582,LISTAS,,
48644,01_015_059,831,567,567,0,27,540,LISTAS,,
48646,01_015_060,903,605,605,0,4,601,LISTAS,,
48648,01_015_061,1067,761,761,0,2,759,LISTAS,,
48650,01_015_062,810,560,560,0,1,559,LISTAS,,
48652,01_015_063,1202,862,862,0,7,855,LISTAS,,
48654,01_015_064,987,716,716,0,2,714,LISTAS,,
48656,01_015_065,796,595,595,0,3,592,LISTAS,,
48658,01_015_066,860,662,662,0,1,661,LISTAS,,
48660,01_015_067,980,698,696,0,6,690,LISTAS,,
48662,01_015_068,793,557,557,0,4,553,LISTAS,,
48664,01_015_069,839,593,593,0,3,590,LISTAS,,
48666,01_015_070,926,604,604,0,1,603,LISTAS,,
48668,01_016_001,1028,859,859,0,4,855,LISTAS,,
48670,01_016_002,1001,786,786,0,4,782,LISTAS,,
48672,01_016_003,1005,797,797,0,3,794,LISTAS,,
48674,01_016_004,883,676,676,0,1,675,LISTAS,,
48676,01_016_005,860,690,690,0,7,683,LISTAS,,
48678,01_016_006,1030,843,843,0,8,835,LISTAS,,
48680,01_016_007,1046,800,800,0,4,796,LISTAS,,
48682,01_016_008,1013,797,797,0,3,794,LISTAS,,
48684,01_016_009,1001,817,817,0,4,813,LISTAS,,
48686,01_016_010,978,795,795,0,6,789,LISTAS,,
48688,01_016_011,986,806,806,0,7,799,LISTAS,,
48690,01_016_012,1027,853,853,0,3,850,LISTAS,,
48692,01_016_013,875,701,701,0,7,694,LISTAS,,
48694,01_016_014,927,773,773,0,5,768,LISTAS,,
48696,01_016_015,1044,849,848,0,3,845,LISTAS,,
48698,01_016_016,802,626,624,0,3,621,LISTAS,,
48700,01_016_017,830,589,589,0,2,587,LISTAS,,
48702,01_016_018,877,720,720,0,4,716,LISTAS,,
48704,01_016_019,758,581,577,0,5,572,LISTAS,,
48706,01_016_020,728,592,592,0,4,588,LISTAS,,
48708,01_016_021,719,565,564,0,5,559,LISTAS,,
48710,01_016_022,2760,2445,2440,-5,8,2432,LISTAS,,
48712,01_016_023,890,717,717,0,2,715,LISTAS,,
48714,01_016_024,861,676,676,0,1,675,LISTAS,,
48716,01_016_025,847,683,683,0,3,680,LISTAS,,
48718,01_016_026,976,763,761,0,3,758,LISTAS,,
48720,01_016_027,995,815,814,0,2,812,LISTAS,,
48722,01_016_028,761,631,630,0,3,627,LISTAS,,
48724,01_016_029,833,680,680,0,4,676,LISTAS,,
48726,01_016_030,980,787,785,0,1,784,LISTAS,,
48728,01_016_031,847,681,680,0,1,679,LISTAS,,
48730,01_016_032,1037,849,848,0,2,846,LISTAS,,
48732,01_016_033,1097,865,865,0,3,862,LISTAS,,
48734,01_016_034,924,760,760,0,4,756,LISTAS,,
48736,01_016_035,1073,848,848,0,3,845,LISTAS,,
48738,01_016_036,848,701,701,0,5,696,LISTAS,,
48740,01_016_037,719,579,579,0,3,576,LISTAS,,
48742,01_016_038,918,762,763,0,16,747,LISTAS,,
48744,01_016_039,764,610,610,0,3,607,LISTAS,,
48746,01_016_040,961,779,778,0,6,772,LISTAS,,
48748,01_016_041,830,581,581,0,4,577,LISTAS,,
48750,01_016_042,915,704,704,0,4,700,LISTAS,,
49158,01_016_043,934,781,780,0,3,777,LISTAS,,
49160,01_016_044,1016,782,782,0,2,780,LISTAS,,
49162,01_016_045,978,796,796,0,1,795,LISTAS,,
49164,01_016_046,738,539,539,0,5,534,LISTAS,,
49166,01_016_047,686,538,538,0,2,536,LISTAS,,
49168,01_016_048,925,748,744,0,5,739,LISTAS,,
49170,01_016_049,965,810,810,0,6,804,LISTAS,,
49172,01_016_050,832,664,664,0,2,662,LISTAS,,
49174,01_016_051,1040,808,807,0,8,799,LISTAS,,
49176,01_016_052,837,706,706,0,3,703,LISTAS,,
49178,01_016_053,768,626,626,0,6,620,LISTAS,,
49180,01_016_054,943,791,788,0,11,777,LISTAS,,
49182,01_016_055,894,715,715,0,4,711,LISTAS,,
49184,01_016_056,1356,1114,1114,0,8,1106,LISTAS,,
49186,01_016_057,1112,812,811,0,7,804,LISTAS,,
49188,01_016_058,800,645,645,0,2,643,LISTAS,,
49190,01_016_059,897,698,698,0,3,695,LISTAS,,
49192,01_016_060,1046,814,814,0,7,807,LISTAS,,
49194,01_017_001,851,712,711,0,5,706,LISTAS,,
49196,01_017_002,846,696,696,0,10,686,LISTAS,,
49198,01_017_003,950,742,740,0,4,736,LISTAS,,
49200,01_017_004,867,696,694,0,4,690,LISTAS,,
49202,01_017_005,730,628,628,0,0,628,LISTAS,,
49204,01_017_006,856,719,719,0,0,719,LISTAS,,
49206,01_017_007,964,731,731,0,2,729,LISTAS,,
49208,01_017_008,963,698,698,0,3,695,LISTAS,,
49210,01_017_009,984,691,690,0,7,683,LISTAS,,
49212,01_017_010,992,670,670,0,1,669,LISTAS,,
49214,01_017_011,991,678,677,0,3,674,LISTAS,,
49216,01_017_012,923,691,689,0,12,677,LISTAS,,
49218,01_017_013,934,617,617,0,0,617,LISTAS,,
49220,01_017_014,960,694,692,0,2,690,LISTAS,,
49222,01_017_015,874,661,661,0,6,655,LISTAS,,
49224,01_017_016,2461,1994,1994,0,9,1985,LISTAS,,
49226,01_017_017,707,501,501,0,38,463,LISTAS,,
49228,01_017_018,878,657,657,0,5,652,LISTAS,,
49230,01_017_019,997,688,688,0,15,673,LISTAS,,
49232,01_017_020,803,544,543,0,1,542,LISTAS,,
49234,01_017_021,1027,421,425,0,42,383,LISTAS,,
49236,01_017_022,956,706,706,0,13,693,LISTAS,,
49238,01_017_023,1017,718,717,0,5,712,LISTAS,,
49240,01_017_024,890,727,725,0,1,724,LISTAS,,
49242,01_017_025,1071,841,839,0,2,837,LISTAS,,
49244,01_017_026,892,767,767,0,2,765,LISTAS,,
49246,01_017_027,650,520,520,0,2,518,LISTAS,,
49248,01_017_028,701,550,550,0,0,550,LISTAS,,
49250,01_017_029,916,688,688,0,5,683,LISTAS,,
49252,01_017_030,911,734,734,0,3,731,LISTAS,,
49254,01_017_031,883,698,698,0,6,692,LISTAS,,
49256,01_017_032,824,665,664,0,3,661,LISTAS,,
49258,01_017_033,887,710,710,0,11,699,LISTAS,,
49260,01_017_034,866,652,652,0,8,644,LISTAS,,
49262,01_017_035,1064,730,730,0,4,726,LISTAS,,
49264,01_017_036,984,724,723,0,2,721,LISTAS,,
49266,01_017_037,1024,760,760,0,10,750,LISTAS,,
49268,01_017_038,1061,791,791,0,15,776,LISTAS,,
49270,01_017_039,953,786,785,0,3,782,LISTAS,,
49272,01_017_040,1078,868,868,0,3,865,LISTAS,,
49274,01_017_041,1063,815,814,0,4,810,LISTAS,,
49276,01_017_042,1145,912,911,0,3,908,LISTAS,,
49278,01_017_043,970,754,753,0,6,747,LISTAS,,
49280,01_017_044,744,544,544,0,4,540,LISTAS,,
49282,01_017_045,772,578,578,0,3,575,LISTAS,,
49284,01_017_046,991,789,789,0,2,787,LISTAS,,
49286,01_017_047,1041,839,834,0,10,824,LISTAS,,
49288,01_017_048,806,638,638,0,1,637,LISTAS,,
49686,01_017_049,880,707,707,0,1,706,LISTAS,,
49688,01_017_050,758,587,587,0,1,586,LISTAS,,
49690,01_017_051,1150,897,897,0,7,890,LISTAS,,
49692,01_017_052,1008,842,841,0,4,837,LISTAS,,
49694,01_017_053,877,685,685,0,2,683,LISTAS,,
49696,01_017_054,762,602,601,0,6,595,LISTAS,,
49698,01_017_055,935,755,755,0,6,749,LISTAS,,
49700,01_017_056,1044,817,817,0,8,809,LISTAS,,
49702,01_017_057,800,616,616,0,5,611,LISTAS,,
49704,01_017_058,949,729,728,0,4,724,LISTAS,,
49706,01_017_059,1053,806,805,0,5,800,LISTAS,,
49708,01_017_060,908,684,684,0,7,677,LISTAS,,
49710,01_017_061,1053,768,768,0,2,766,LISTAS,,
49712,01_017_062,721,529,528,0,2,526,LISTAS,,
49714,01_017_063,889,695,695,0,5,690,LISTAS,,
49716,01_017_064,973,796,796,0,12,784,LISTAS,,
49718,01_017_065,927,745,743,0,5,738,LISTAS,,
49720,01_017_066,924,733,733,0,5,728,LISTAS,,
49722,01_017_067,929,762,762,0,6,756,LISTAS,,
49724,01_017_068,939,737,736,0,4,732,LISTAS,,
49726,01_017_069,862,680,680,0,2,678,LISTAS,,
49728,01_017_070,874,726,726,0,6,720,LISTAS,,
49730,01_017_071,896,699,699,0,7,692,LISTAS,,
49732,01_017_072,974,822,822,0,5,817,LISTAS,,
49734,01_017_073,995,833,833,0,21,812,LISTAS,,
49736,01_017_074,717,554,554,0,3,551,LISTAS,,
49738,01_017_075,967,796,796,0,3,793,LISTAS,,
49740,01_018_001,1088,844,844,0,1,843,LISTAS,,
49742,01_018_002,879,694,694,0,4,690,LISTAS,,
49744,01_018_003,1094,841,841,0,4,837,LISTAS,,
49746,01_018_004,1081,837,827,0,8,819,LISTAS,,
49748,01_018_005,1153,883,883,0,9,874,LISTAS,,
49750,01_018_006,992,756,756,0,0,756,LISTAS,,
49752,01_018_007,927,705,704,0,6,698,LISTAS,,
49754,01_018_008,935,705,705,0,12,693,LISTAS,,
49756,01_018_009,835,589,589,0,5,584,LISTAS,,
49758,01_018_010,989,798,798,0,17,781,LISTAS,,
49760,01_018_011,976,566,566,0,1,565,LISTAS,,
49762,01_018_012,839,706,706,0,4,702,LISTAS,,
49764,01_018_013,1017,806,806,0,7,799,LISTAS,,
49766,01_018_014,884,711,711,0,7,704,LISTAS,,
49768,01_018_015,941,727,727,0,5,722,LISTAS,,
49770,01_018_016,839,659,659,0,3,656,LISTAS,,
49772,01_018_017,838,676,678,0,32,646,LISTAS,,
49774,01_018_018,986,785,782,0,5,777,LISTAS,,
49776,01_018_019,1088,868,868,0,3,865,LISTAS,,
49778,01_018_020,854,685,685,0,8,677,LISTAS,,
49780,01_018_021,1005,799,799,0,4,795,LISTAS,,
49782,01_018_022,855,656,656,0,8,648,LISTAS,,
49784,01_018_023,926,732,732,0,3,729,LISTAS,,
49786,01_018_024,1083,718,716,0,7,709,LISTAS,,
49788,01_018_025,982,779,779,0,4,775,LISTAS,,
49790,01_018_026,1009,714,713,0,3,710,LISTAS,,
49792,01_018_027,1218,880,878,0,8,870,LISTAS,,
49794,01_018_028,1025,790,790,0,6,784,LISTAS,,
49796,01_018_029,1227,821,820,0,6,814,LISTAS,,
49798,01_018_030,1125,806,806,0,7,799,LISTAS,,
49800,01_018_031,1285,836,836,0,4,832,LISTAS,,
49802,01_018_032,1059,684,684,0,11,673,LISTAS,,
49804,01_018_033,1074,691,691,0,2,689,LISTAS,,
49806,01_018_034,2871,2365,2358,-7,12,2346,LISTAS,,
49808,01_018_035,1017,670,670,0,5,665,LISTAS,,
49810,01_018_036,1030,668,668,0,7,661,LISTAS,,
49812,01_018_037,960,667,663,0,9,654,LISTAS,,
49814,01_018_038,1083,703,703,0,4,699,LISTAS,,
49816,01_018_039,904,620,619,0,4,615,LISTAS,,
49818,01_018_040,1059,814,814,0,5,809,LISTAS,,
49820,01_018_041,1147,871,871,0,1,870,LISTAS,,
50202,01_018_042,1194,911,911,0,4,907,LISTAS,,
50204,01_018_043,847,669,668,0,4,664,LISTAS,,
50206,01_018_044,1244,974,972,0,9,963,LISTAS,,
50208,01_018_045,713,520,520,0,3,517,LISTAS,,
50210,01_018_046,823,639,635,0,8,627,LISTAS,,
50212,01_018_047,1047,808,808,0,7,801,LISTAS,,
50214,01_018_048,784,636,636,0,4,632,LISTAS,,
50216,01_018_049,1035,771,772,0,16,756,LISTAS,,
50218,01_018_050,1068,883,883,0,3,880,LISTAS,,
50220,01_018_051,924,749,749,0,9,740,LISTAS,,
50222,01_018_052,1010,838,837,0,5,832,LISTAS,,
50224,01_018_053,1140,953,953,0,10,943,LISTAS,,
50226,01_018_054,1042,877,877,0,2,875,LISTAS,,
50228,01_018_055,1139,918,918,0,4,914,LISTAS,,
50230,01_018_056,1289,1019,1018,0,3,1015,LISTAS,,
50232,01_018_057,1104,937,929,0,16,913,LISTAS,,
50234,01_018_058,1050,792,792,0,7,785,LISTAS,,
50236,01_018_059,1254,1010,1009,0,5,1004,LISTAS,,
50238,01_018_060,1199,899,890,0,4,886,LISTAS,,
50240,01_018_061,1280,958,958,0,7,951,LISTAS,,
50242,01_018_062,1181,899,896,0,1,895,LISTAS,,
50244,01_018_063,1125,857,855,0,12,843,LISTAS,,
50246,01_018_064,897,674,674,0,4,670,LISTAS,,
50248,01_018_065,1127,842,842,0,2,840,LISTAS,,
50250,01_018_066,702,518,517,0,5,512,LISTAS,,
50252,01_018_067,1031,803,803,0,7,796,LISTAS,,
50254,01_018_068,929,713,713,0,4,709,LISTAS,,
50256,01_018_069,1156,880,880,0,0,880,LISTAS,,
50258,01_018_070,1046,809,809,0,7,802,LISTAS,,
50260,01_018_071,855,647,647,0,4,643,LISTAS,,
50262,01_018_072,1122,832,832,0,7,825,LISTAS,,
50264,01_018_073,1061,811,809,0,3,806,LISTAS,,
50266,01_018_074,1176,864,864,0,3,861,LISTAS,,
50268,01_018_075,1209,975,975,0,16,959,LISTAS,,
50270,01_018_076,954,711,711,0,1,710,LISTAS,,
50272,01_019_001,797,554,553,0,2,551,LISTAS,,
50274,01_019_002,990,695,695,0,3,692,LISTAS,,
50276,01_019_003,906,664,664,0,2,662,LISTAS,,
50278,01_019_004,890,636,635,0,5,630,LISTAS,,
50280,01_019_005,923,663,663,0,5,658,LISTAS,,
50282,01_019_006,871,653,651,0,6,645,LISTAS,,
50284,01_019_007,840,617,617,0,1,616,LISTAS,,
50286,01_019_008,890,643,643,0,5,638,LISTAS,,
50288,01_019_009,1046,796,797,0,16,781,LISTAS,,
50290,01_019_010,974,709,708,0,3,705,LISTAS,,
50292,01_019_011,961,691,691,0,3,688,LISTAS,,
50294,01_019_012,989,706,706,0,5,701,LISTAS,,
50296,01_019_013,880,661,661,0,0,661,LISTAS,,
50298,01_019_014,909,631,631,0,4,627,LISTAS,,
50300,01_019_015,1010,789,789,0,3,786,LISTAS,,
50302,01_019_016,906,666,670,0,46,624,LISTAS,,
50304,01_019_017,978,690,688,0,8,680,LISTAS,,
50306,01_019_018,829,604,604,0,2,602,LISTAS,,
50308,01_019_019,797,621,621,0,3,618,LISTAS,,
50310,01_019_020,884,686,688,0,24,664,LISTAS,,
50312,01_019_021,796,630,630,0,3,627,LISTAS,,
50314,01_019_022,776,557,557,0,1,556,LISTAS,,
50316,01_019_023,1041,648,648,0,1,647,LISTAS,,
50318,01_019_024,895,649,649,0,4,645,LISTAS,,
50320,01_019_025,832,602,602,0,2,600,LISTAS,,
50322,01_019_026,853,625,624,0,2,622,LISTAS,,
50324,01_019_027,726,518,518,0,1,517,LISTAS,,
50326,01_019_028,980,649,648,0,3,645,LISTAS,,
50328,01_019_029,908,711,711,0,10,701,LISTAS,,
50330,01_019_030,975,753,753,0,2,751,LISTAS,,
50332,01_019_031,882,706,705,0,5,700,LISTAS,,
50712,01_019_032,1182,951,951,0,7,944,LISTAS,,
50714,01_019_033,995,811,811,0,2,809,LISTAS,,
50716,01_019_034,967,757,757,0,5,752,LISTAS,,
50718,01_019_035,1097,882,881,0,2,879,LISTAS,,
50720,01_019_036,1171,895,892,0,4,888,LISTAS,,
50722,01_019_037,1063,760,758,0,5,753,LISTAS,,
50724,01_019_038,1183,873,874,0,16,858,LISTAS,,
50726,01_019_039,920,693,693,0,10,683,LISTAS,,
50728,01_019_040,1072,794,794,0,8,786,LISTAS,,
50730,01_019_041,1197,872,872,0,2,870,LISTAS,,
50732,01_019_042,1047,774,774,0,7,767,LISTAS,,
50734,01_019_043,836,615,615,0,1,614,LISTAS,,
50736,01_019_044,1006,730,729,0,5,724,LISTAS,,
50738,01_019_045,1010,617,617,0,7,610,LISTAS,,
50740,01_019_046,982,774,772,0,5,767,LISTAS,,
50742,01_019_047,944,779,779,0,6,773,LISTAS,,
50744,01_019_048,1221,992,995,0,46,949,LISTAS,,
50746,01_020_001,841,589,589,0,8,581,LISTAS,,
50748,01_020_002,1025,839,838,0,1,837,LISTAS,,
50750,01_020_003,612,415,415,0,1,414,LISTAS,,
50752,01_020_004,665,461,461,0,1,460,LISTAS,,
50754,01_020_005,872,624,624,0,3,621,LISTAS,,
50756,01_020_006,2781,2387,2384,-3,24,2360,LISTAS,,
50758,01_020_007,690,507,507,0,2,505,LISTAS,,
50760,01_020_008,980,717,717,0,3,714,LISTAS,,
50762,01_020_009,867,617,617,0,4,613,LISTAS,,
50764,01_020_010,709,508,508,0,0,508,LISTAS,,
50766,01_020_011,1022,570,570,0,15,555,LISTAS,,
50768,01_020_012,852,558,558,0,3,555,LISTAS,,
50770,01_020_013,1023,765,763,0,3,760,LISTAS,,
50772,01_020_014,767,505,501,0,0,501,LISTAS,,
50774,01_020_015,762,446,446,0,3,443,LISTAS,,
50776,01_020_016,914,506,507,0,17,490,LISTAS,,
50778,01_020_017,905,558,558,0,6,552,LISTAS,,
50780,01_020_018,722,406,405,0,3,402,LISTAS,,
50782,01_020_019,1331,929,926,0,5,921,LISTAS,,
50784,01_020_020,1117,740,738,0,6,732,LISTAS,,
50786,01_020_021,834,621,620,0,4,616,LISTAS,,
50788,01_020_022,859,613,613,0,1,612,LISTAS,,
50790,01_020_023,648,492,492,0,2,490,LISTAS,,
50792,01_020_024,649,485,485,0,16,469,LISTAS,,
50794,01_020_025,810,582,582,0,4,578,LISTAS,,
50796,01_020_026,853,594,593,0,0,593,LISTAS,,
50798,01_020_027,809,547,546,0,3,543,LISTAS,,
50800,01_020_028,771,556,556,0,1,555,LISTAS,,
50802,01_020_029,648,484,484,0,4,480,LISTAS,,
50804,01_020_030,739,548,548,0,1,547,LISTAS,,
50806,01_020_031,636,471,471,0,1,470,LISTAS,,
50808,01_020_032,614,430,430,0,4,426,LISTAS,,
50810,01_020_033,599,462,461,0,4,457,LISTAS,,
50812,01_020_034,808,566,561,0,5,556,LISTAS,,
50814,01_020_035,880,610,610,0,4,606,LISTAS,,
50816,01_020_036,869,540,537,0,4,533,LISTAS,,
50818,01_020_037,876,592,592,0,7,585,LISTAS,,
50820,01_020_038,701,490,490,0,8,482,LISTAS,,
50822,01_020_039,947,651,651,0,4,647,LISTAS,,
50824,01_020_040,903,653,653,0,6,647,LISTAS,,
50826,01_020_041,752,547,547,0,1,546,LISTAS,,
50828,01_020_042,957,692,692,0,5,687,LISTAS,,
50830,01_020_043,758,535,535,0,2,533,LISTAS,,
50832,01_020_044,756,547,547,0,2,545,LISTAS,,
50834,01_020_045,987,647,649,0,33,616,LISTAS,,
50836,01_020_046,627,466,465,0,4,461,LISTAS,,
50838,01_020_047,858,656,656,0,4,652,LISTAS,,
50840,01_020_048,686,506,506,0,1,505,LISTAS,,
50842,01_020_049,885,699,699,0,5,694,LISTAS,,
50844,01_020_050,1026,749,749,0,4,745,LISTAS,,
50846,01_020_051,749,578,578,0,1,577,LISTAS,,
50848,01_020_052,804,595,595,0,4,591,LISTAS,,
50850,01_020_053,624,462,462,0,0,462,LISTAS,,
42786,01_020_054,851,627,627,0,2,625,LISTAS,,
42788,01_020_055,780,528,528,0,1,527,LISTAS,,
42790,01_020_056,901,638,638,0,12,626,LISTAS,,
42792,01_020_057,801,578,578,0,1,577,LISTAS,,
42794,01_020_058,1020,672,672,0,9,663,LISTAS,,
42796,01_020_059,806,614,614,0,3,611,LISTAS,,
42798,01_020_060,875,619,619,0,4,615,LISTAS,,
42800,01_020_061,652,426,426,0,0,426,LISTAS,,
42802,01_021_001,836,676,675,0,2,673,LISTAS,,
42804,01_021_002,838,670,670,0,8,662,LISTAS,,
42806,01_021_003,771,624,623,0,11,612,LISTAS,,
42808,01_021_004,764,603,603,0,3,600,LISTAS,,
42810,01_021_005,858,685,685,0,10,675,LISTAS,,
42812,01_021_006,818,623,623,0,1,622,LISTAS,,
42814,01_021_007,722,567,567,0,18,549,LISTAS,,
42816,01_021_008,962,744,741,0,3,738,LISTAS,,
42818,01_021_009,947,732,731,0,3,728,LISTAS,,
42820,01_021_010,992,790,790,0,0,790,LISTAS,,
42822,01_021_011,762,607,610,0,33,577,LISTAS,,
42824,01_021_012,834,676,674,0,8,666,LISTAS,,
42826,01_021_013,823,629,629,0,3,626,LISTAS,,
42828,01_021_014,932,728,728,0,1,727,LISTAS,,
42830,01_021_015,2816,2457,2452,-5,10,2442,LISTAS,,
42832,01_021_016,810,615,615,0,3,612,LISTAS,,
42834,01_021_017,1016,800,799,0,2,797,LISTAS,,
42836,01_021_018,921,719,719,0,4,715,LISTAS,,
42838,01_021_019,756,604,603,0,0,603,LISTAS,,
42840,01_021_020,670,542,542,0,1,541,LISTAS,,
42842,01_021_021,799,614,613,0,1,612,LISTAS,,
42844,01_021_022,886,680,680,0,8,672,LISTAS,,
42846,01_021_023,821,589,589,0,4,585,LISTAS,,
42848,01_021_024,786,526,526,0,2,524,LISTAS,,
42850,01_021_025,848,609,606,0,9,597,LISTAS,,
42852,01_021_026,855,622,621,0,2,619,LISTAS,,
42854,01_021_027,739,556,555,0,4,551,LISTAS,,
42856,01_021_028,970,683,682,0,5,677,LISTAS,,
42858,01_021_029,706,460,460,0,2,458,LISTAS,,
42860,01_021_030,764,493,493,0,4,489,LISTAS,,
42862,01_021_031,783,548,548,0,4,544,LISTAS,,
42864,01_021_032,991,702,701,0,3,698,LISTAS,,
42866,01_021_033,879,588,586,0,4,582,LISTAS,,
42868,01_021_034,744,366,365,0,4,361,LISTAS,,
42870,01_021_035,736,380,380,0,39,341,LISTAS,,
42872,01_021_036,840,555,555,0,4,551,LISTAS,,
42874,01_021_037,859,581,580,0,6,574,LISTAS,,
42876,01_021_038,810,324,323,0,5,318,LISTAS,,
42878,01_021_039,716,504,504,0,10,494,LISTAS,,
42880,01_021_040,962,654,654,0,4,650,LISTAS,,
42882,01_021_041,823,471,470,0,3,467,LISTAS,,
42884,01_021_042,960,606,606,0,1,605,LISTAS,,
42886,01_021_043,1069,732,732,0,8,724,LISTAS,,
42888,01_021_044,729,518,518,0,0,518,LISTAS,,
42890,01_021_045,687,484,484,0,5,479,LISTAS,,
42892,01_021_046,932,624,624,0,2,622,LISTAS,,
42894,01_021_047,713,473,472,0,3,469,LISTAS,,
42896,01_021_048,795,651,650,0,3,647,LISTAS,,
42898,01_021_049,779,610,611,0,16,595,LISTAS,,
42900,01_021_050,827,621,621,0,5,616,LISTAS,,
42902,01_021_051,859,645,646,0,17,629,LISTAS,,
42904,01_021_052,775,524,520,0,4,516,LISTAS,,
42906,01_021_053,845,627,626,0,1,625,LISTAS,,
42908,01_021_054,798,629,629,0,2,627,LISTAS,,
42910,01_021_055,886,680,680,0,2,678,LISTAS,,
42912,01_021_056,799,537,537,0,0,537,LISTAS,,
43320,01_021_057,800,562,562,0,2,560,LISTAS,,
43322,01_021_058,972,772,772,0,3,769,LISTAS,,
43324,01_021_059,958,775,775,0,5,770,LISTAS,,
43326,01_021_060,829,653,652,0,2,650,LISTAS,,
43328,01_021_061,751,599,599,0,0,599,LISTAS,,
43330,01_021_062,866,542,542,0,10,532,LISTAS,,
43332,01_021_063,746,548,548,0,4,544,LISTAS,,
43334,01_021_064,846,611,611,0,4,607,LISTAS,,
43336,01_021_065,1034,599,599,0,1,598,LISTAS,,
43338,01_021_066,925,645,645,0,12,633,LISTAS,,
43340,01_021_067,865,555,553,0,4,549,LISTAS,,
43342,01_021_068,961,703,702,0,2,700,LISTAS,,
43344,01_021_069,770,591,591,0,10,581,LISTAS,,
43346,01_021_070,728,459,458,0,2,456,LISTAS,,
43348,01_022_001,1058,907,906,0,3,903,LISTAS,,
43350,01_022_002,934,791,791,0,10,781,LISTAS,,
43352,01_022_003,1160,964,961,0,0,961,LISTAS,,
43354,01_022_004,1268,1047,1046,0,3,1043,LISTAS,,
43356,01_022_005,1315,1122,1122,0,4,1118,LISTAS,,
43358,01_022_006,1283,1067,1064,0,2,1062,LISTAS,,
43360,01_022_007,988,726,725,0,8,717,LISTAS,,
43362,01_022_008,850,620,620,0,3,617,LISTAS,,
43364,01_022_009,3287,2803,2796,-7,16,2780,LISTAS,,
43366,01_022_010,628,378,378,0,3,375,LISTAS,,
43368,01_022_011,1184,862,862,0,4,858,LISTAS,,
43370,01_022_012,1213,1018,1016,0,6,1010,LISTAS,,
43372,01_022_013,1161,863,863,0,2,861,LISTAS,,
43374,01_022_014,1141,946,946,0,5,941,LISTAS,,
43376,01_022_015,1041,829,829,0,0,829,LISTAS,,
43378,01_022_016,1233,980,978,0,3,975,LISTAS,,
43380,01_022_017,960,732,732,0,4,728,LISTAS,,
43382,01_022_018,1014,703,702,0,5,697,LISTAS,,
43384,01_022_019,1100,935,933,0,2,931,LISTAS,,
43386,01_022_020,1163,949,949,0,3,946,LISTAS,,
43388,01_022_021,1154,942,942,0,5,937,LISTAS,,
43390,01_022_022,971,803,803,0,0,803,LISTAS,,
43392,01_022_023,1195,920,920,0,7,913,LISTAS,,
43394,01_022_024,1236,999,997,0,12,985,LISTAS,,
43396,01_022_025,996,797,797,0,3,794,LISTAS,,
43398,01_022_026,1134,829,828,0,8,820,LISTAS,,
43400,01_022_027,1220,983,983,0,3,980,LISTAS,,
43402,01_022_028,1140,925,925,0,4,921,LISTAS,,
43404,01_022_029,1270,987,987,0,4,983,LISTAS,,
43406,01_022_030,1183,883,879,0,1,878,LISTAS,,
43408,01_022_031,1201,953,953,0,7,946,LISTAS,,
43410,01_022_032,1185,960,959,0,5,954,LISTAS,,
43412,01_022_033,1192,892,892,0,1,891,LISTAS,,
43414,01_022_034,1147,859,859,0,5,854,LISTAS,,
43416,01_022_035,1235,858,857,0,5,852,LISTAS,,
43418,01_022_036,1395,987,983,0,16,967,LISTAS,,
43420,01_022_037,1290,939,937,0,4,933,LISTAS,,
43422,01_023_001,654,466,466,0,2,464,LISTAS,,
43424,01_023_002,730,538,539,0,17,522,LISTAS,,
43426,01_023_003,950,710,710,0,2,708,LISTAS,,
43428,01_023_004,668,530,530,0,2,528,LISTAS,,
43430,01_023_005,570,397,397,0,1,396,LISTAS,,
43432,01_023_006,679,545,545,0,3,542,LISTAS,,
43434,01_023_007,678,467,467,0,4,463,LISTAS,,
43436,01_023_008,602,411,411,0,2,409,LISTAS,,
43438,01_023_009,625,457,457,0,1,456,LISTAS,,
43440,01_023_010,614,454,454,0,1,453,LISTAS,,
43838,01_023_011,654,489,489,0,7,482,LISTAS,,
43840,01_023_012,799,562,562,0,6,556,LISTAS,,
43842,01_023_013,652,515,516,0,18,498,LISTAS,,
43844,01_023_014,756,535,534,0,8,526,LISTAS,,
43846,01_023_015,663,433,433,0,2,431,LISTAS,,
43848,01_023_016,742,559,559,0,5,554,LISTAS,,
43850,01_023_017,703,469,471,0,15,456,LISTAS,,
43852,01_023_018,926,664,664,0,7,657,LISTAS,,
43854,01_023_019,879,650,649,0,15,634,LISTAS,,
43856,01_023_020,674,476,476,0,7,469,LISTAS,,
43858,01_023_021,826,502,502,0,3,499,LISTAS,,
43860,01_023_022,863,637,637,0,16,621,LISTAS,,
43862,01_023_023,840,588,583,0,5,578,LISTAS,,
43864,01_023_024,613,464,463,0,4,459,LISTAS,,
43866,02_001_001,543,376,376,0,1,375,LISTAS,,
43868,02_002_001,153,82,82,0,0,82,LISTAS,,
43870,02_003_001,319,231,231,0,0,231,LISTAS,,
43872,02_004_001,68,51,51,0,0,51,LISTAS,,
43874,02_005_001,248,150,150,0,0,150,LISTAS,,
43876,02_006_001,824,503,503,0,18,485,LISTAS,,
43878,02_007_001,108,77,77,0,1,76,LISTAS,,
43880,02_008_001,293,175,175,0,2,173,LISTAS,,
43882,02_009_001,137,92,92,0,0,92,LISTAS,,
43884,02_010_001,160,108,108,0,2,106,LISTAS,,
43886,02_011_001,577,369,369,0,16,353,LISTAS,,
43888,02_012_001,84,45,45,0,0,45,LISTAS,,
43890,02_013_001,287,176,176,0,5,171,LISTAS,,
43892,02_014_001,239,115,115,0,5,110,LISTAS,,
43894,02_015_001,634,409,408,0,4,404,LISTAS,,
43897,02_016_001,157,104,104,0,3,101,LISTAS,,
43895,02_017_001,348,214,214,0,2,212,LISTAS,,
43900,02_018_001,103,78,78,0,0,78,LISTAS,,
43902,02_019_001,147,94,94,0,1,93,LISTAS,,
43904,02_020_001,142,77,77,0,0,77,LISTAS,,
43906,02_021_001,432,286,286,0,1,285,LISTAS,,
43908,02_022_001,330,197,197,0,4,193,LISTAS,,
43910,02_023_001,682,441,441,0,3,438,LISTAS,,
43912,02_023_002,683,426,426,0,4,422,LISTAS,,
43914,02_023_003,655,413,413,0,3,410,LISTAS,,
43916,02_024_001,685,401,399,0,27,372,LISTAS,,
43918,02_025_001,89,54,54,0,1,53,LISTAS,,
43920,02_026_001,197,136,136,0,1,135,LISTAS,,
43922,02_027_001,795,541,541,0,2,539,LISTAS,,
43924,02_028_001,594,416,416,0,2,414,LISTAS,,
43926,02_029_001,408,294,294,0,11,283,LISTAS,,
43928,02_030_001,193,119,119,0,2,117,LISTAS,,
43930,02_031_001,344,229,229,0,2,227,LISTAS,,
43932,02_032_001,175,123,123,0,9,114,LISTAS,,
43934,02_033_001,843,582,582,0,1,581,LISTAS,,
43936,02_034_001,334,202,202,0,1,201,LISTAS,,
43938,02_035_001,215,136,161,0,77,84,LISTAS,,
43940,02_036_001,215,152,152,0,1,151,LISTAS,,
43942,02_036_002,36,29,29,0,0,29,LISTAS,,
43944,02_036_003,66,54,54,0,0,54,LISTAS,,
43946,02_037_001,322,196,195,0,7,188,LISTAS,,
43948,02_038_001,107,67,67,0,0,67,LISTAS,,
43950,02_039_001,247,161,161,0,2,159,LISTAS,,
43952,02_040_001,713,473,473,0,9,464,LISTAS,,
43954,02_040_002,650,454,454,0,9,445,LISTAS,,
43956,02_040_003,820,609,609,0,4,605,LISTAS,,
43958,02_040_004,644,466,465,0,5,460,LISTAS,,
43960,02_041_001,470,286,286,0,9,277,LISTAS,,
43962,02_041_002,412,221,221,0,2,219,LISTAS,,
43964,02_042_001,69,42,42,0,2,40,LISTAS,,
43966,02_043_001,118,87,87,0,0,87,LISTAS,,
43968,02_044_001,520,301,301,0,9,292,LISTAS,,
43970,02_045_001,72,48,48,0,0,48,LISTAS,,
43972,02_046_001,284,143,143,0,29,114,LISTAS,,
43974,02_047_001,490,333,333,0,0,333,LISTAS,,
43976,02_048_001,313,199,199,0,2,197,LISTAS,,
43978,02_049_001,124,88,88,0,0,88,LISTAS,,
44380,02_050_001,167,114,114,0,0,114,LISTAS,,
44382,02_051_001,463,244,244,0,2,242,LISTAS,,
44384,02_052_001,65,41,41,0,0,41,LISTAS,,
44386,02_053_001,559,317,317,0,3,314,LISTAS,,
44388,02_054_001,154,90,90,0,5,85,LISTAS,,
44390,02_055_001,179,111,111,0,2,109,LISTAS,,
44392,02_056_001,397,233,233,0,15,218,LISTAS,,
44394,02_057_001,139,86,86,0,2,84,LISTAS,,
44396,02_058_001,105,70,70,0,0,70,LISTAS,,
44398,02_059_001,211,120,121,0,12,109,LISTAS,,
44400,02_060_001,69,40,40,0,0,40,LISTAS,,
44402,02_061_001,535,336,336,0,14,322,LISTAS,,
44404,02_062_001,143,88,88,0,1,87,LISTAS,,
44406,02_063_001,339,207,207,0,7,200,LISTAS,,
44408,02_064_001,817,442,441,0,21,420,LISTAS,,
44410,02_064_002,724,460,460,0,10,450,LISTAS,,
44412,02_065_001,796,550,550,0,3,547,LISTAS,,
44414,02_066_001,242,150,150,0,4,146,LISTAS,,
44416,02_067_001,613,423,423,0,2,421,LISTAS,,
44418,02_068_001,174,131,131,0,1,130,LISTAS,,
44420,02_069_001,298,194,194,0,16,178,LISTAS,,
44422,02_070_001,60,48,48,0,1,47,LISTAS,,
44424,02_071_001,291,197,187,0,7,180,LISTAS,,
44426,02_072_001,246,152,152,0,1,151,LISTAS,,
44428,02_073_001,157,107,107,0,7,100,LISTAS,,
44430,02_074_001,154,123,123,0,8,115,LISTAS,,
44432,02_075_001,115,76,76,0,0,76,LISTAS,,
44434,02_076_001,711,442,441,0,12,429,LISTAS,,
44436,02_077_001,228,172,172,0,1,171,LISTAS,,
44438,02_078_001,401,234,234,0,4,230,LISTAS,,
44440,02_079_001,370,250,250,0,0,250,LISTAS,,
44442,02_079_002,250,145,145,0,3,142,LISTAS,,
44444,02_080_001,164,82,81,0,2,79,LISTAS,,
44446,02_081_001,249,147,147,0,8,139,LISTAS,,
44448,02_082_001,211,132,132,0,13,119,LISTAS,,
44450,02_083_001,493,308,308,0,18,290,LISTAS,,
44452,02_083_002,186,127,127,0,10,117,LISTAS,,
44454,02_084_001,603,423,422,0,3,419,LISTAS,,
44456,02_084_002,525,295,295,0,7,288,LISTAS,,
44458,02_084_003,138,66,66,0,1,65,LISTAS,,
44460,02_085_001,309,193,193,0,6,187,LISTAS,,
44462,02_086_001,548,377,377,0,6,371,LISTAS,,
44464,02_087_001,109,64,64,0,1,63,LISTAS,,
44466,02_088_001,226,120,120,0,10,110,LISTAS,,
44468,02_089_001,711,497,497,0,2,495,LISTAS,,
44470,02_089_002,851,612,612,0,9,603,LISTAS,,
44472,02_089_003,903,643,646,0,27,619,LISTAS,,
44474,02_089_004,997,629,628,0,16,612,LISTAS,,
44476,02_090_001,236,182,182,0,9,173,LISTAS,,
44478,02_091_001,119,82,82,0,3,79,LISTAS,,
44480,02_092_001,341,206,206,0,3,203,LISTAS,,
44482,02_093_001,289,173,173,0,14,159,LISTAS,,
44484,02_094_001,366,241,241,0,4,237,LISTAS,,
44486,02_095_001,833,523,523,0,5,518,LISTAS,,
44488,02_095_002,850,578,578,0,4,574,LISTAS,,
44490,02_096_001,349,242,242,0,11,231,LISTAS,,
44492,02_096_002,499,330,331,0,24,307,LISTAS,,
44494,02_097_001,179,97,96,0,6,90,LISTAS,,
44496,02_098_001,368,229,229,0,2,227,LISTAS,,
44498,02_098_002,393,266,266,0,2,264,LISTAS,,
44500,02_099_001,471,318,317,0,7,310,LISTAS,,
44502,02_100_001,41,31,31,0,1,30,LISTAS,,
44504,02_101_001,928,635,635,0,9,626,LISTAS,,
44506,02_101_002,820,606,606,0,13,593,LISTAS,,
44508,02_101_003,886,581,581,0,12,569,LISTAS,,
44510,02_102_001,49,24,24,0,0,24,LISTAS,,
44512,02_103_001,172,93,93,0,0,93,LISTAS,,
44514,02_104_001,215,124,124,0,0,124,LISTAS,,
44516,02_105_001,175,121,121,0,0,121,LISTAS,,
44518,02_106_001,102,64,64,0,3,61,LISTAS,,
44520,02_107_001,191,136,136,0,2,134,LISTAS,,
44522,02_108_001,213,145,144,0,0,144,LISTAS,,
44524,02_109_001,123,71,71,0,2,69,LISTAS,,
44946,02_110_001,168,108,108,0,5,103,LISTAS,,
44948,02_111_001,258,170,170,0,3,167,LISTAS,,
44950,02_112_001,262,171,171,0,8,163,LISTAS,,
44952,02_113_001,259,171,171,0,4,167,LISTAS,,
44954,02_114_001,49,39,39,0,0,39,LISTAS,,
44956,02_115_001,1034,804,804,0,7,797,LISTAS,,
44958,02_116_001,138,97,97,0,0,97,LISTAS,,
44960,02_117_001,369,251,251,0,1,250,LISTAS,,
44962,02_118_001,546,345,345,0,13,332,LISTAS,,
44964,02_119_001,728,417,416,0,6,410,LISTAS,,
44966,02_120_001,162,95,95,0,6,89,LISTAS,,
44968,02_121_001,62,44,44,0,0,44,LISTAS,,
44970,02_122_001,87,46,46,0,2,44,LISTAS,,
44972,02_123_001,98,68,68,0,2,66,LISTAS,,
44974,02_124_001,189,106,106,0,0,106,LISTAS,,
44976,02_125_001,154,79,79,0,3,76,LISTAS,,
44978,02_126_001,401,246,246,0,1,245,LISTAS,,
44980,02_127_001,172,106,106,0,5,101,LISTAS,,
44982,02_128_001,112,68,68,0,0,68,LISTAS,,
44984,02_129_001,199,137,137,0,2,135,LISTAS,,
44986,02_130_001,240,155,155,0,0,155,LISTAS,,
44988,02_131_001,139,83,83,0,4,79,LISTAS,,
44990,02_132_001,126,92,92,0,4,88,LISTAS,,
44992,02_132_002,73,37,37,0,5,32,LISTAS,,
44994,02_133_001,102,64,64,0,4,60,LISTAS,,
44996,02_134_001,172,111,111,0,1,110,LISTAS,,
44998,02_135_001,252,158,158,0,0,158,LISTAS,,
45000,02_136_001,250,148,148,0,1,147,LISTAS,,
45002,02_137_001,946,555,555,0,2,553,LISTAS,,
45004,02_137_002,996,600,600,0,6,594,LISTAS,,
45006,02_137_003,952,594,594,0,2,592,LISTAS,,
45008,02_137_004,1020,648,639,0,1,638,LISTAS,,
45010,02_137_005,1035,529,527,0,2,525,LISTAS,,
45012,02_137_006,835,553,553,0,3,550,LISTAS,,
45014,02_137_007,1068,759,753,0,6,747,LISTAS,,
45016,02_137_008,982,645,645,0,1,644,LISTAS,,
45018,02_137_009,833,529,529,0,1,528,LISTAS,,
45020,02_137_010,658,435,435,0,2,433,LISTAS,,
45022,02_137_011,831,582,580,0,4,576,LISTAS,,
45024,02_137_012,986,450,450,0,8,442,LISTAS,,
45026,02_137_013,929,512,511,0,10,501,LISTAS,,
45028,02_137_014,1026,626,624,0,2,622,LISTAS,,
45030,02_137_015,799,537,537,0,0,537,LISTAS,,
45032,02_137_016,1074,590,590,0,5,585,LISTAS,,
45034,02_137_017,1029,593,593,0,1,592,LISTAS,,
45036,02_137_018,939,534,534,0,7,527,LISTAS,,
45038,02_137_019,1035,606,605,0,5,600,LISTAS,,
45040,02_137_020,1051,775,775,0,5,770,LISTAS,,
45042,02_137_021,336,261,261,0,0,261,LISTAS,,
45044,02_137_022,644,368,368,0,4,364,LISTAS,,
45046,02_137_023,153,89,89,0,0,89,LISTAS,,
45048,02_138_001,205,126,126,0,1,125,LISTAS,,
45050,02_139_001,54,46,46,0,1,45,LISTAS,,
45052,02_140_001,989,690,690,0,2,688,LISTAS,,
45054,02_140_002,804,616,618,0,25,593,LISTAS,,
45056,02_140_003,947,755,755,0,3,752,LISTAS,,
45058,02_140_004,897,704,704,0,8,696,LISTAS,,
45060,02_140_005,956,737,737,0,6,731,LISTAS,,
45062,02_141_001,163,108,108,0,7,101,LISTAS,,
45064,02_142_001,179,113,113,0,1,112,LISTAS,,
45066,02_143_001,535,379,379,0,5,374,LISTAS,,
45068,02_144_001,815,446,446,0,5,441,LISTAS,,
45070,02_145_001,554,369,369,0,5,364,LISTAS,,
45072,02_145_002,473,238,229,0,8,221,LISTAS,,
45074,02_146_001,276,168,168,0,4,164,LISTAS,,
45076,02_147_001,153,106,106,0,0,106,LISTAS,,
45078,02_148_001,1056,735,735,0,4,731,LISTAS,,
45080,02_148_002,955,615,614,0,12,602,LISTAS,,
45082,02_149_001,316,210,209,0,3,206,LISTAS,,
45084,02_150_001,409,270,270,0,7,263,LISTAS,,
45086,02_151_001,165,99,99,0,9,90,LISTAS,,
45088,02_152_001,201,119,119,0,1,118,LISTAS,,
45502,02_153_001,230,138,138,0,0,138,LISTAS,,
45504,02_154_001,156,83,83,0,7,76,LISTAS,,
45506,02_155_001,778,469,469,0,8,461,LISTAS,,
45508,02_156_001,614,408,408,0,15,393,LISTAS,,
45510,02_157_001,434,310,310,0,7,303,LISTAS,,
45512,02_157_002,93,67,67,0,5,62,LISTAS,,
45514,02_158_001,62,50,50,0,2,48,LISTAS,,
45516,02_159_001,247,144,144,0,12,132,LISTAS,,
45518,02_160_001,254,177,178,0,9,169,LISTAS,,
45520,02_161_001,816,612,611,0,7,604,LISTAS,,
45522,02_162_001,145,99,99,0,0,99,LISTAS,,
45524,02_163_001,776,504,504,0,3,501,LISTAS,,
45526,02_164_001,155,95,95,0,6,89,LISTAS,,
45528,02_165_001,48,34,34,0,0,34,LISTAS,,
45530,02_166_001,69,57,57,0,0,57,LISTAS,,
45532,02_167_001,166,142,142,0,2,140,LISTAS,,
45534,02_168_001,276,187,186,0,11,175,LISTAS,,
45536,02_169_001,958,601,601,0,2,599,LISTAS,,
45538,02_169_002,925,553,553,0,7,546,LISTAS,,
45540,02_170_001,609,415,413,0,10,403,LISTAS,,
45542,02_171_001,158,113,113,0,0,113,LISTAS,,
45544,02_172_001,413,234,234,0,0,234,LISTAS,,
45546,02_173_001,351,254,254,0,20,234,LISTAS,,
45548,02_174_001,702,455,455,0,15,440,LISTAS,,
45550,02_174_002,240,148,148,0,0,148,LISTAS,,
45552,02_175_001,657,438,438,0,16,422,LISTAS,,
45554,02_175_002,632,441,441,0,6,435,LISTAS,,
45556,02_176_001,348,226,226,0,2,224,LISTAS,,
45558,02_177_001,221,143,143,0,3,140,LISTAS,,
45560,02_178_001,205,122,122,0,2,120,LISTAS,,
45562,02_179_001,93,61,61,0,0,61,LISTAS,,
45564,02_180_001,264,140,140,0,4,136,LISTAS,,
45566,02_180_002,386,258,267,0,60,207,LISTAS,,
45568,02_181_001,797,555,554,0,2,552,LISTAS,,
45570,02_181_002,618,438,438,0,3,435,LISTAS,,
45572,02_181_003,2631,2227,2219,-8,27,2192,LISTAS,,
45574,02_181_004,814,582,582,0,8,574,LISTAS,,
45576,02_181_005,566,370,369,0,3,366,LISTAS,,
45578,02_181_006,593,418,432,0,98,334,LISTAS,,
45580,02_181_007,816,584,582,0,3,579,LISTAS,,
45582,02_181_008,702,492,492,0,1,491,LISTAS,,
45584,02_181_009,623,281,281,0,4,277,LISTAS,,
45586,02_181_010,850,607,606,0,7,599,LISTAS,,
45588,02_181_011,807,468,467,0,2,465,LISTAS,,
45590,02_181_012,921,628,628,0,5,623,LISTAS,,
45592,02_181_013,733,524,524,0,4,520,LISTAS,,
45594,02_181_014,763,555,551,0,3,548,LISTAS,,
45596,02_181_015,795,545,543,0,1,542,LISTAS,,
45598,02_181_016,842,478,477,0,5,472,LISTAS,,
45600,02_181_017,787,427,427,0,13,414,LISTAS,,
45602,02_181_018,719,358,364,0,53,311,LISTAS,,
45604,02_181_019,728,466,466,0,8,458,LISTAS,,
45606,02_181_020,107,63,63,0,3,60,LISTAS,,
45608,02_181_021,202,133,133,0,1,132,LISTAS,,
45610,02_181_022,66,34,34,0,0,34,LISTAS,,
45612,02_181_023,476,287,287,0,5,282,LISTAS,,
45614,02_182_001,143,100,100,0,3,97,LISTAS,,
45616,02_183_001,123,84,84,0,1,83,LISTAS,,
45618,02_184_001,450,286,286,0,4,282,LISTAS,,
45620,02_184_002,250,128,128,0,3,125,LISTAS,,
45622,02_185_001,149,96,96,0,1,95,LISTAS,,
45624,02_186_001,109,77,77,0,1,76,LISTAS,,
45626,02_187_001,479,260,260,0,3,257,LISTAS,,
45628,02_188_001,253,163,164,0,13,151,LISTAS,,
45630,02_189_001,604,346,346,0,2,344,LISTAS,,
45632,02_189_002,583,367,367,0,3,364,LISTAS,,
45634,02_190_001,713,519,519,0,8,511,LISTAS,,
45636,02_190_002,783,615,615,0,8,607,LISTAS,,
45638,02_191_001,566,427,428,0,12,416,LISTAS,,
45640,02_192_001,318,205,205,0,1,204,LISTAS,,
45642,02_193_001,547,369,371,0,17,354,LISTAS,,
45644,02_194_001,275,182,182,0,1,181,LISTAS,,
45646,02_195_001,248,194,184,0,6,178,LISTAS,,
46062,02_196_001,108,72,72,0,1,71,LISTAS,,
46064,02_196_002,94,67,67,0,0,67,LISTAS,,
46066,02_197_001,191,121,121,0,1,120,LISTAS,,
46068,02_198_001,127,71,71,0,0,71,LISTAS,,
46070,02_199_001,66,41,41,0,0,41,LISTAS,,
46072,02_200_001,491,355,355,0,5,350,LISTAS,,
46074,02_201_001,244,155,155,0,8,147,LISTAS,,
46076,02_202_001,814,585,585,0,5,580,LISTAS,,
46078,02_203_001,231,162,162,0,8,154,LISTAS,,
46080,02_204_001,114,81,80,0,3,77,LISTAS,,
46082,02_205_001,344,233,233,0,3,230,LISTAS,,
46084,02_206_001,271,201,201,0,3,198,LISTAS,,
46086,02_207_001,114,84,84,0,0,84,LISTAS,,
46088,02_208_001,79,56,56,0,0,56,LISTAS,,
46090,02_209_001,230,160,160,0,4,156,LISTAS,,
46092,02_210_001,333,223,223,0,4,219,LISTAS,,
46094,02_210_002,376,275,275,0,1,274,LISTAS,,
46096,02_211_001,279,164,164,0,18,146,LISTAS,,
46098,02_212_001,137,101,101,0,1,100,LISTAS,,
46100,02_213_001,902,616,616,0,3,613,LISTAS,,
46102,02_213_002,845,608,608,0,8,600,LISTAS,,
46104,02_214_001,132,95,95,0,7,88,LISTAS,,
46106,02_215_001,162,110,110,0,2,108,LISTAS,,
46108,02_216_001,103,66,66,0,2,64,LISTAS,,
46110,02_217_001,803,553,553,0,3,550,LISTAS,,
46112,02_217_002,589,398,398,0,3,395,LISTAS,,
46114,02_217_003,625,378,378,0,4,374,LISTAS,,
46116,02_217_004,597,354,354,0,5,349,LISTAS,,
46118,02_217_005,802,539,539,0,6,533,LISTAS,,
46120,02_217_006,859,554,554,0,7,547,LISTAS,,
46122,02_217_007,848,508,507,0,7,500,LISTAS,,
46124,02_217_008,800,441,439,0,15,424,LISTAS,,
46126,02_217_009,1019,670,669,0,12,657,LISTAS,,
46128,02_217_010,876,510,510,0,0,510,LISTAS,,
46130,02_217_011,685,511,511,0,6,505,LISTAS,,
46132,02_217_012,964,511,509,0,11,498,LISTAS,,
46134,02_217_013,701,479,479,0,3,476,LISTAS,,
46136,02_217_014,697,378,378,0,6,372,LISTAS,,
46138,02_217_015,625,379,378,0,5,373,LISTAS,,
46140,02_217_016,745,429,426,0,12,414,LISTAS,,
46142,02_217_017,620,361,361,0,1,360,LISTAS,,
46144,02_217_018,807,620,620,0,3,617,LISTAS,,
46146,02_217_019,853,599,599,0,10,589,LISTAS,,
46148,02_217_020,670,420,420,0,3,417,LISTAS,,
46150,02_217_021,892,684,683,0,5,678,LISTAS,,
46152,02_217_022,1147,820,820,0,35,785,LISTAS,,
46154,02_217_023,947,722,722,0,2,720,LISTAS,,
46156,02_217_024,164,135,138,0,21,117,LISTAS,,
46158,02_217_025,724,419,419,0,0,419,LISTAS,,
46160,02_217_026,602,395,395,0,7,388,LISTAS,,
46162,02_217_027,975,772,772,0,6,766,LISTAS,,
46164,02_217_028,827,633,633,0,3,630,LISTAS,,
46166,02_217_029,718,548,548,0,5,543,LISTAS,,
46168,02_217_030,744,547,547,0,1,546,LISTAS,,
46170,02_217_031,620,424,423,0,5,418,LISTAS,,
46172,02_217_032,780,543,543,0,6,537,LISTAS,,
46174,02_217_033,775,570,570,0,0,570,LISTAS,,
46176,02_217_034,697,534,533,0,1,532,LISTAS,,
46178,02_217_035,584,412,412,0,3,409,LISTAS,,
46180,02_217_036,593,420,420,0,3,417,LISTAS,,
46182,02_217_037,705,556,555,0,1,554,LISTAS,,
46184,02_217_038,905,654,656,0,27,629,LISTAS,,
46186,02_217_039,777,481,481,0,3,478,LISTAS,,
46188,02_217_040,645,394,394,0,5,389,LISTAS,,
46190,02_217_041,1052,791,791,0,1,790,LISTAS,,
46192,02_217_042,568,365,365,0,2,363,LISTAS,,
46194,02_217_043,604,403,402,0,8,394,LISTAS,,
46196,02_217_044,577,345,345,0,9,336,LISTAS,,
46198,02_217_045,553,384,384,0,0,384,LISTAS,,
46200,02_217_046,712,537,538,0,2,536,LISTAS,,
46202,02_217_047,1269,304,304,0,4,300,LISTAS,,
46204,02_217_048,574,411,411,0,3,408,LISTAS,,
46206,02_217_049,626,484,484,0,0,484,LISTAS,,
46600,02_217_050,583,461,460,0,3,457,LISTAS,,
46602,02_217_051,662,467,468,0,14,454,LISTAS,,
46604,02_217_052,4255,3785,3774,-11,6,3768,LISTAS,,
46606,02_217_053,754,569,567,0,5,562,LISTAS,,
46608,02_217_054,916,681,679,0,7,672,LISTAS,,
46610,02_217_055,628,491,489,0,2,487,LISTAS,,
46612,02_217_056,724,535,535,0,3,532,LISTAS,,
46614,02_217_057,614,457,457,0,4,453,LISTAS,,
46616,02_217_058,714,544,542,0,4,538,LISTAS,,
46618,02_217_059,675,475,473,0,2,471,LISTAS,,
46620,02_217_060,768,565,565,0,6,559,LISTAS,,
46622,02_217_061,741,528,528,0,12,516,LISTAS,,
46624,02_217_062,580,440,440,0,0,440,LISTAS,,
46626,02_217_063,770,577,575,0,4,571,LISTAS,,
46628,02_217_064,550,442,442,0,3,439,LISTAS,,
46630,02_217_065,592,446,446,0,4,442,LISTAS,,
46632,02_217_066,576,467,469,0,25,444,LISTAS,,
46634,02_217_067,681,528,527,0,0,527,LISTAS,,
46636,02_217_068,556,445,445,0,1,444,LISTAS,,
46638,02_217_069,721,583,582,0,2,580,LISTAS,,
46640,02_217_070,946,747,747,0,6,741,LISTAS,,
46642,02_217_071,830,699,699,0,2,697,LISTAS,,
46644,02_217_072,616,506,506,0,4,502,LISTAS,,
46646,02_217_073,623,454,454,0,3,451,LISTAS,,
46648,02_217_074,673,459,458,0,6,452,LISTAS,,
46650,02_217_075,614,423,423,0,2,421,LISTAS,,
46652,02_217_076,836,664,664,0,4,660,LISTAS,,
46654,02_217_077,893,743,742,0,3,739,LISTAS,,
46656,02_217_078,3595,3174,3158,-16,13,3145,LISTAS,,
46658,02_217_079,617,466,466,0,3,463,LISTAS,,
46660,02_217_080,633,455,455,0,6,449,LISTAS,,
46662,02_217_081,593,405,405,0,3,402,LISTAS,,
46664,02_217_082,718,496,495,0,1,494,LISTAS,,
46666,02_217_083,615,448,449,0,14,435,LISTAS,,
46668,02_217_084,682,462,461,0,13,448,LISTAS,,
46670,02_217_085,584,421,420,0,2,418,LISTAS,,
46672,02_217_086,594,432,432,0,3,429,LISTAS,,
46674,02_217_087,642,445,444,0,2,442,LISTAS,,
46676,02_217_088,762,566,566,0,2,564,LISTAS,,
46678,02_217_089,601,435,435,0,3,432,LISTAS,,
46680,02_217_090,751,513,513,0,3,510,LISTAS,,
46682,02_217_091,641,498,498,0,1,497,LISTAS,,
46684,02_217_092,614,471,469,0,2,467,LISTAS,,
46686,02_217_093,1010,785,785,0,3,782,LISTAS,,
46688,02_217_094,985,672,672,0,1,671,LISTAS,,
46690,02_217_095,1016,801,799,0,5,794,LISTAS,,
46692,02_217_096,876,669,668,0,6,662,LISTAS,,
46694,02_217_097,890,692,692,0,4,688,LISTAS,,
46696,02_217_098,934,674,668,0,7,661,LISTAS,,
46698,02_217_099,974,765,746,0,3,743,LISTAS,,
46700,02_217_100,1061,888,888,0,0,888,LISTAS,,
46702,02_217_101,982,749,749,0,3,746,LISTAS,,
46704,02_217_102,1084,823,821,0,5,816,LISTAS,,
46706,02_217_103,1001,698,698,0,8,690,LISTAS,,
46708,02_217_104,791,618,617,0,1,616,LISTAS,,
46710,02_217_105,719,540,540,0,3,537,LISTAS,,
46712,02_217_106,607,479,479,0,3,476,LISTAS,,
46714,02_217_107,782,550,549,0,3,546,LISTAS,,
46716,02_217_108,758,562,562,0,4,558,LISTAS,,
46718,02_217_109,659,422,422,0,5,417,LISTAS,,
46720,02_217_110,668,435,435,0,7,428,LISTAS,,
46722,02_217_111,803,514,515,0,16,499,LISTAS,,
46724,02_217_112,734,472,472,0,3,469,LISTAS,,
46726,02_217_113,672,485,485,0,3,482,LISTAS,,
46728,02_217_114,642,465,465,0,1,464,LISTAS,,
46730,02_217_115,761,516,516,0,0,516,LISTAS,,
46732,02_217_116,832,593,593,0,5,588,LISTAS,,
46734,02_217_117,664,448,448,0,1,447,LISTAS,,
46736,02_217_118,703,510,509,0,3,506,LISTAS,,
46738,02_217_119,803,563,563,0,1,562,LISTAS,,
46740,02_217_120,604,433,433,0,4,429,LISTAS,,
46742,02_217_121,635,423,423,0,2,421,LISTAS,,
46744,02_217_122,644,438,438,0,2,436,LISTAS,,
46746,02_217_123,800,556,552,0,4,548,LISTAS,,
46748,02_217_124,1103,777,775,0,5,770,LISTAS,,
47134,02_217_125,884,679,678,0,5,673,LISTAS,,
47136,02_217_126,653,455,455,0,2,453,LISTAS,,
47138,02_217_127,598,428,428,0,3,425,LISTAS,,
47140,02_217_128,784,549,549,0,1,548,LISTAS,,
47142,02_217_129,883,591,591,0,3,588,LISTAS,,
47144,02_217_130,892,586,585,0,3,582,LISTAS,,
47146,02_217_131,880,603,601,0,0,601,LISTAS,,
47148,02_217_132,593,407,407,0,5,402,LISTAS,,
47150,02_217_133,968,666,665,0,4,661,LISTAS,,
47152,02_217_134,816,567,567,0,2,565,LISTAS,,
47154,02_217_135,657,470,470,0,1,469,LISTAS,,
47156,02_217_136,989,708,708,0,2,706,LISTAS,,
47158,02_217_137,982,656,655,0,4,651,LISTAS,,
47160,02_217_138,1279,946,946,0,5,941,LISTAS,,
47162,02_217_139,907,602,601,0,2,599,LISTAS,,
47164,02_217_140,1248,826,825,0,6,819,LISTAS,,
47166,02_217_141,777,511,511,0,7,504,LISTAS,,
47168,02_217_142,968,724,724,0,7,717,LISTAS,,
47170,02_217_143,990,696,695,0,1,694,LISTAS,,
47172,02_217_144,891,660,660,0,5,655,LISTAS,,
47174,02_217_145,967,673,672,0,2,670,LISTAS,,
47176,02_217_146,1060,834,834,0,1,833,LISTAS,,
47178,02_217_147,829,607,607,0,0,607,LISTAS,,
47180,02_217_148,777,570,568,0,0,568,LISTAS,,
47182,02_217_149,703,375,375,0,17,358,LISTAS,,
47184,02_218_001,83,56,56,0,0,56,LISTAS,,
47186,02_219_001,79,57,57,0,2,55,LISTAS,,
47188,02_220_001,628,485,511,0,173,338,LISTAS,,
47190,02_221_001,1090,766,766,0,8,758,LISTAS,,
47192,02_221_002,1101,810,810,0,5,805,LISTAS,,
47194,02_221_003,972,634,634,0,7,627,LISTAS,,
47196,02_222_001,183,139,139,0,0,139,LISTAS,,
47198,02_223_001,976,692,693,0,21,672,LISTAS,,
47200,02_224_001,140,103,102,0,6,96,LISTAS,,
47202,02_225_001,167,101,101,0,1,100,LISTAS,,
47204,02_226_001,129,71,71,0,4,67,LISTAS,,
47206,02_227_001,399,297,297,0,0,297,LISTAS,,
47208,02_228_001,284,169,169,0,1,168,LISTAS,,
47210,02_229_001,160,126,126,0,12,114,LISTAS,,
47212,02_230_001,103,67,67,0,5,62,LISTAS,,
47214,02_231_001,643,399,399,0,3,396,LISTAS,,
47216,02_231_002,547,365,365,0,2,363,LISTAS,,
47218,02_231_003,764,530,530,0,5,525,LISTAS,,
47220,02_231_004,546,342,342,0,2,340,LISTAS,,
47222,02_232_001,504,335,335,0,1,334,LISTAS,,
47224,02_233_001,809,518,518,0,4,514,LISTAS,,
47226,02_233_002,762,442,442,0,9,433,LISTAS,,
47228,02_233_003,665,436,436,0,3,433,LISTAS,,
47230,02_234_001,635,449,456,0,53,403,LISTAS,,
47232,02_234_002,576,349,349,0,7,342,LISTAS,,
47234,02_234_003,880,509,508,0,1,507,LISTAS,,
47236,02_234_004,922,602,603,0,19,584,LISTAS,,
47238,02_234_005,1003,697,697,0,8,689,LISTAS,,
47240,02_234_006,991,670,670,0,5,665,LISTAS,,
47242,02_234_007,980,617,617,0,5,612,LISTAS,,
47244,02_234_008,840,579,579,0,2,577,LISTAS,,
47246,02_234_009,1011,581,581,0,7,574,LISTAS,,
47248,02_235_001,111,68,68,0,3,65,LISTAS,,
47250,02_236_001,313,157,157,0,0,157,LISTAS,,
47252,02_237_001,655,426,425,0,9,416,LISTAS,,
47254,02_237_002,578,404,404,0,7,397,LISTAS,,
47256,02_238_001,370,249,249,0,9,240,LISTAS,,
47258,02_239_001,264,156,156,0,2,154,LISTAS,,
47260,02_240_001,212,152,152,0,3,149,LISTAS,,
47262,02_240_002,130,97,97,0,4,93,LISTAS,,
47264,02_241_001,188,120,120,0,0,120,LISTAS,,
47266,02_242_001,135,99,99,0,7,92,LISTAS,,
47268,02_243_001,290,153,153,0,2,151,LISTAS,,
47270,02_243_002,71,44,44,0,0,44,LISTAS,,
47272,02_244_001,630,430,430,0,15,415,LISTAS,,
47274,02_245_001,643,476,476,0,4,472,LISTAS,,
47276,02_246_001,257,176,175,0,6,169,LISTAS,,
47676,02_247_001,752,497,497,0,9,488,LISTAS,,
47678,02_247_002,168,124,124,0,1,123,LISTAS,,
47680,02_248_001,180,129,129,0,3,126,LISTAS,,
47682,02_249_001,262,154,154,0,1,153,LISTAS,,
47684,02_250_001,106,78,78,0,8,70,LISTAS,,
47686,02_251_001,35,22,22,0,0,22,LISTAS,,
47688,02_252_001,970,595,595,0,7,588,LISTAS,,
47690,02_252_002,942,654,654,0,7,647,LISTAS,,
47692,02_253_001,297,190,190,0,2,188,LISTAS,,
47694,02_254_001,709,469,469,0,8,461,LISTAS,,
47696,02_254_002,696,407,407,0,15,392,LISTAS,,
47698,02_255_001,116,67,67,0,0,67,LISTAS,,
47700,02_256_001,390,275,274,0,4,270,LISTAS,,
47702,02_257_001,235,143,143,0,0,143,LISTAS,,
47704,02_258_001,291,175,175,0,3,172,LISTAS,,
47706,02_259_001,79,52,52,0,1,51,LISTAS,,
47708,02_260_001,379,267,267,0,4,263,LISTAS,,
47710,02_260_002,250,181,181,0,2,179,LISTAS,,
47712,02_261_001,895,628,628,0,4,624,LISTAS,,
47714,02_261_002,578,355,355,0,6,349,LISTAS,,
47716,02_261_003,658,452,452,0,0,452,LISTAS,,
47718,02_261_004,730,521,521,0,7,514,LISTAS,,
47720,02_261_005,789,468,468,0,26,442,LISTAS,,
47722,02_261_006,765,478,477,0,7,470,LISTAS,,
47724,02_261_007,638,428,428,0,5,423,LISTAS,,
47726,02_261_008,175,92,93,0,6,87,LISTAS,,
47728,02_262_001,480,298,298,0,9,289,LISTAS,,
47730,02_263_001,1011,695,695,0,5,690,LISTAS,,
47732,02_263_002,1054,781,781,0,2,779,LISTAS,,
47734,02_263_003,999,689,689,0,4,685,LISTAS,,
47736,02_263_004,669,450,449,0,4,445,LISTAS,,
47738,02_263_005,2647,2231,2217,-14,15,2202,LISTAS,,
47740,02_263_006,1067,609,608,0,8,600,LISTAS,,
47742,02_263_007,1004,699,699,0,4,695,LISTAS,,
47744,02_263_008,644,449,449,0,2,447,LISTAS,,
47746,02_263_009,583,399,399,0,0,399,LISTAS,,
47748,02_263_010,253,162,162,0,1,161,LISTAS,,
47750,02_263_011,529,275,275,0,5,270,LISTAS,,
47752,02_264_001,223,142,142,0,6,136,LISTAS,,
47754,02_265_001,124,86,86,0,2,84,LISTAS,,
47756,02_266_001,56,37,37,0,4,33,LISTAS,,
47758,02_267_001,101,63,63,0,1,62,LISTAS,,
47760,02_268_001,296,195,195,0,4,191,LISTAS,,
47762,02_269_001,198,136,136,0,0,136,LISTAS,,
47764,02_270_001,224,157,157,0,0,157,LISTAS,,
47766,02_271_001,81,55,55,0,0,55,LISTAS,,
47768,02_272_001,245,131,131,0,7,124,LISTAS,,
47770,02_273_001,47,36,36,0,1,35,LISTAS,,
47772,02_274_001,190,104,104,0,4,100,LISTAS,,
47774,02_275_001,155,98,98,0,14,84,LISTAS,,
47776,02_276_001,240,130,130,0,4,126,LISTAS,,
47778,02_277_001,224,129,129,0,5,124,LISTAS,,
47780,02_278_001,96,71,71,0,0,71,LISTAS,,
47782,02_279_001,119,91,91,0,0,91,LISTAS,,
47784,02_280_001,427,279,278,0,1,277,LISTAS,,
47786,02_281_001,220,147,147,0,2,145,LISTAS,,
47788,02_282_001,122,81,81,0,0,81,LISTAS,,
47790,02_283_001,803,488,488,0,19,469,LISTAS,,
47792,02_284_001,705,462,460,0,2,458,LISTAS,,
47794,02_284_002,715,452,452,0,19,433,LISTAS,,
47796,02_285_001,65,50,50,0,1,49,LISTAS,,
47798,02_286_001,99,61,61,0,1,60,LISTAS,,
47800,02_287_001,157,105,105,0,2,103,LISTAS,,
47802,02_288_001,906,495,495,0,11,484,LISTAS,,
47804,02_289_001,104,64,64,0,0,64,LISTAS,,
47806,02_290_001,126,88,88,0,0,88,LISTAS,,
47808,02_291_001,106,60,60,0,2,58,LISTAS,,
47810,02_292_001,673,403,403,0,6,397,LISTAS,,
47812,02_293_001,123,78,78,0,1,77,LISTAS,,
47814,02_294_001,643,438,437,0,16,421,LISTAS,,
47816,02_294_002,487,271,271,0,10,261,LISTAS,,
47818,02_295_001,902,598,598,0,7,591,LISTAS,,
47820,02_295_002,832,604,605,0,17,588,LISTAS,,
47822,02_295_003,169,113,113,0,3,110,LISTAS,,
48222,02_296_001,220,176,176,0,4,172,LISTAS,,
48224,02_297_001,657,418,418,0,19,399,LISTAS,,
48226,02_298_001,207,131,131,0,5,126,LISTAS,,
48228,02_299_001,263,169,169,0,9,160,LISTAS,,
48230,02_300_001,346,273,270,0,13,257,LISTAS,,
48232,02_301_001,239,155,155,0,1,154,LISTAS,,
48234,03_001_001,1388,962,962,0,4,958,LISTAS,,
48236,03_001_002,1304,831,831,0,7,824,LISTAS,,
48238,03_002_001,804,518,518,0,6,512,LISTAS,,
48240,03_002_002,820,527,527,0,4,523,LISTAS,,
48242,03_003_001,776,516,515,0,4,511,LISTAS,,
48244,03_003_002,730,495,495,0,7,488,LISTAS,,
48246,03_004_001,961,669,669,0,1,668,LISTAS,,
48248,03_004_002,1213,844,844,0,1,843,LISTAS,,
48250,03_004_003,849,649,648,0,2,646,LISTAS,,
48252,03_004_004,998,703,703,0,2,701,LISTAS,,
48254,03_004_005,988,752,743,0,6,737,LISTAS,,
48256,03_004_006,1106,821,821,0,2,819,LISTAS,,
48258,03_004_007,909,678,677,0,1,676,LISTAS,,
48260,03_004_008,761,537,535,0,2,533,LISTAS,,
48262,03_004_009,928,668,668,0,4,664,LISTAS,,
48264,03_004_010,1010,694,694,0,3,691,LISTAS,,
48266,03_004_011,781,559,559,0,0,559,LISTAS,,
48268,03_004_012,947,740,740,0,6,734,LISTAS,,
48270,03_004_013,853,656,655,0,1,654,LISTAS,,
48272,03_004_014,1025,688,687,0,6,681,LISTAS,,
48274,03_004_015,1075,735,735,0,14,721,LISTAS,,
48276,03_004_016,1144,815,815,0,4,811,LISTAS,,
48278,03_004_017,927,669,669,0,1,668,LISTAS,,
48280,03_004_018,919,658,657,0,0,657,LISTAS,,
48282,03_004_019,640,449,449,0,1,448,LISTAS,,
48284,03_004_020,991,585,586,0,19,567,LISTAS,,
48286,03_004_021,1157,759,753,0,4,749,LISTAS,,
48288,03_004_022,960,598,597,0,8,589,LISTAS,,
48290,03_004_023,987,658,658,0,6,652,LISTAS,,
48292,03_004_024,1066,739,739,0,4,735,LISTAS,,
48294,03_004_025,887,579,579,0,2,577,LISTAS,,
48296,03_004_026,851,565,565,0,3,562,LISTAS,,
48298,03_004_027,1000,691,691,0,3,688,LISTAS,,
48300,03_004_028,712,483,483,0,3,480,LISTAS,,
48302,03_004_029,1089,680,671,0,4,667,LISTAS,,
48304,03_004_030,2574,2262,2250,-12,5,2245,LISTAS,,
48306,03_004_031,366,195,195,0,4,191,LISTAS,,
48308,03_004_032,491,227,227,0,3,224,LISTAS,,
48310,03_005_001,715,555,555,0,6,549,LISTAS,,
48312,03_005_002,975,588,588,0,4,584,LISTAS,,
48314,03_005_003,1061,796,796,0,5,791,LISTAS,,
48316,03_006_001,1047,639,639,0,17,622,LISTAS,,
48318,03_006_002,140,64,64,0,0,64,LISTAS,,
48320,03_007_001,913,542,542,0,6,536,LISTAS,,
48322,03_007_002,914,520,519,0,4,515,LISTAS,,
48324,03_007_003,795,493,493,0,4,489,LISTAS,,
48326,03_007_004,929,534,534,0,10,524,LISTAS,,
48328,03_007_005,881,569,569,0,7,562,LISTAS,,
48330,03_007_006,882,573,572,0,1,571,LISTAS,,
48332,03_008_001,690,446,446,0,2,444,LISTAS,,
48334,03_008_002,688,414,411,0,9,402,LISTAS,,
48336,03_008_003,764,414,414,0,4,410,LISTAS,,
48338,03_009_001,937,532,531,0,3,528,LISTAS,,
48340,03_010_001,139,97,97,0,0,97,LISTAS,,
48342,03_011_001,276,167,167,0,3,164,LISTAS,,
48344,03_012_001,633,406,405,0,4,401,LISTAS,,
48346,03_012_002,638,419,417,0,6,411,LISTAS,,
48348,03_013_001,844,568,567,0,3,564,LISTAS,,
48350,03_013_002,850,557,557,0,5,552,LISTAS,,
48352,03_014_001,1084,667,667,0,8,659,LISTAS,,
48354,03_015_001,732,504,504,0,10,494,LISTAS,,
48356,03_015_002,697,463,463,0,8,455,LISTAS,,
48358,03_016_001,940,625,625,0,5,620,LISTAS,,
48752,03_016_002,889,591,591,0,7,584,LISTAS,,
48754,03_016_003,99,56,56,0,0,56,LISTAS,,
48756,03_016_004,222,152,152,0,1,151,LISTAS,,
48758,03_017_001,217,140,140,0,0,140,LISTAS,,
48760,03_018_001,637,376,376,0,4,372,LISTAS,,
48762,03_018_002,621,395,395,0,3,392,LISTAS,,
48764,03_018_003,640,433,433,0,9,424,LISTAS,,
48766,03_019_001,592,395,395,0,9,386,LISTAS,,
48768,03_019_002,624,365,365,0,5,360,LISTAS,,
48770,03_020_001,651,429,429,0,9,420,LISTAS,,
48772,03_020_002,818,470,470,0,11,459,LISTAS,,
48774,03_021_001,811,569,569,0,2,567,LISTAS,,
48776,03_021_002,854,551,551,0,3,548,LISTAS,,
48778,03_022_001,659,421,421,0,4,417,LISTAS,,
48780,03_023_001,668,415,415,0,3,412,LISTAS,,
48782,03_023_002,596,399,399,0,4,395,LISTAS,,
48784,03_024_001,763,462,462,0,7,455,LISTAS,,
48786,03_024_002,737,480,479,0,1,478,LISTAS,,
48788,03_024_003,161,91,91,0,0,91,LISTAS,,
48790,03_025_001,265,160,160,0,1,159,LISTAS,,
48792,03_026_001,604,357,357,0,0,357,LISTAS,,
48794,03_026_002,583,356,355,0,1,354,LISTAS,,
48796,03_027_001,748,496,496,0,6,490,LISTAS,,
48798,03_028_001,856,518,518,0,3,515,LISTAS,,
48800,03_028_002,846,584,584,0,4,580,LISTAS,,
48802,03_028_003,913,557,556,0,0,556,LISTAS,,
48804,03_029_001,663,392,392,0,4,388,LISTAS,,
48806,03_030_001,456,268,268,0,2,266,LISTAS,,
48808,03_031_001,745,489,489,0,6,483,LISTAS,,
48810,03_031_002,750,457,457,0,3,454,LISTAS,,
48812,03_031_003,786,469,469,0,2,467,LISTAS,,
48814,03_031_004,764,399,399,0,9,390,LISTAS,,
48816,03_032_001,759,550,550,0,7,543,LISTAS,,
48818,03_032_002,811,540,540,0,2,538,LISTAS,,
48820,03_032_003,809,554,554,0,3,551,LISTAS,,
48822,03_033_001,1066,662,662,0,2,660,LISTAS,,
48824,03_033_002,1179,719,719,0,0,719,LISTAS,,
48826,03_034_001,479,301,301,0,6,295,LISTAS,,
48828,03_035_001,776,490,490,0,15,475,LISTAS,,
48830,03_035_002,591,389,387,0,10,377,LISTAS,,
48832,03_036_001,751,514,514,0,5,509,LISTAS,,
48834,03_037_001,924,572,572,0,3,569,LISTAS,,
48836,03_037_002,585,375,375,0,3,372,LISTAS,,
48838,03_038_001,676,415,415,0,2,413,LISTAS,,
48840,03_038_002,588,378,376,0,1,375,LISTAS,,
48842,03_039_001,720,493,494,0,15,479,LISTAS,,
48844,03_040_001,892,621,621,0,0,621,LISTAS,,
48846,03_041_001,898,489,489,0,2,487,LISTAS,,
48848,03_041_002,903,582,582,0,1,581,LISTAS,,
48850,03_042_001,736,450,450,0,1,449,LISTAS,,
48852,03_042_002,902,534,534,0,2,532,LISTAS,,
48854,03_043_001,766,520,520,0,7,513,LISTAS,,
48856,03_044_001,804,524,523,0,4,519,LISTAS,,
48858,03_045_001,845,540,540,0,7,533,LISTAS,,
48860,03_045_002,847,571,571,0,6,565,LISTAS,,
48862,03_045_003,734,495,495,0,5,490,LISTAS,,
48864,03_046_001,708,484,484,0,2,482,LISTAS,,
48866,03_047_001,842,618,618,0,16,602,LISTAS,,
48868,03_047_002,909,637,637,0,13,624,LISTAS,,
48870,03_047_003,922,641,641,0,7,634,LISTAS,,
48872,03_047_004,53,39,39,0,0,39,LISTAS,,
48874,03_047_005,77,49,49,0,0,49,LISTAS,,
48876,03_048_001,1291,886,885,0,3,882,LISTAS,,
48878,03_048_002,1197,821,820,0,2,818,LISTAS,,
48880,03_048_003,1101,682,682,0,12,670,LISTAS,,
48882,03_049_001,845,508,508,0,3,505,LISTAS,,
48884,03_049_002,775,469,469,0,7,462,LISTAS,,
48886,03_050_001,645,435,435,0,2,433,LISTAS,,
49290,03_050_002,189,127,127,0,2,125,LISTAS,,
49292,03_050_003,123,68,68,0,0,68,LISTAS,,
49294,03_050_004,138,105,105,0,0,105,LISTAS,,
49296,03_051_001,539,350,350,0,1,349,LISTAS,,
49298,03_052_001,786,527,527,0,6,521,LISTAS,,
49300,03_052_002,1002,645,645,0,5,640,LISTAS,,
49302,03_052_003,820,550,550,0,3,547,LISTAS,,
49304,03_052_004,864,506,505,0,9,496,LISTAS,,
49306,03_052_005,955,611,610,0,3,607,LISTAS,,
49308,03_052_006,254,144,144,0,0,144,LISTAS,,
49310,03_053_001,1122,783,783,0,4,779,LISTAS,,
49312,03_053_002,1027,733,732,0,8,724,LISTAS,,
49314,03_054_001,858,507,507,0,4,503,LISTAS,,
49316,03_054_002,891,638,638,0,6,632,LISTAS,,
49318,03_054_003,880,564,570,0,53,517,LISTAS,,
49320,03_054_004,835,507,506,0,3,503,LISTAS,,
49322,03_054_005,836,504,504,0,5,499,LISTAS,,
49324,03_054_006,762,552,552,0,3,549,LISTAS,,
49326,03_054_007,811,520,520,0,0,520,LISTAS,,
49328,03_054_008,948,584,583,0,2,581,LISTAS,,
49330,03_055_001,1060,748,747,0,10,737,LISTAS,,
49332,03_055_002,954,664,664,0,8,656,LISTAS,,
49334,03_056_001,892,629,618,0,4,614,LISTAS,,
49336,03_056_002,835,584,583,0,5,578,LISTAS,,
49338,03_056_003,863,669,667,0,12,655,LISTAS,,
49340,03_056_004,785,540,540,0,7,533,LISTAS,,
49342,03_056_005,729,520,521,0,20,501,LISTAS,,
49344,03_056_006,967,680,680,0,7,673,LISTAS,,
49346,03_056_007,736,521,521,0,4,517,LISTAS,,
49348,03_056_008,838,561,561,0,3,558,LISTAS,,
49350,03_056_009,2374,2121,2118,0,6,2112,LISTAS,,
49352,03_056_010,772,498,498,0,5,493,LISTAS,,
49354,03_056_011,772,523,523,0,3,520,LISTAS,,
49356,03_056_012,632,508,508,0,1,507,LISTAS,,
49358,03_056_013,901,658,658,0,5,653,LISTAS,,
49360,03_056_014,703,516,516,0,4,512,LISTAS,,
49362,03_056_015,777,653,653,0,1,652,LISTAS,,
49364,03_056_016,822,634,634,0,3,631,LISTAS,,
49366,03_056_017,750,503,503,0,2,501,LISTAS,,
49368,03_057_001,807,521,521,0,6,515,LISTAS,,
49370,03_058_001,730,386,386,0,4,382,LISTAS,,
49372,03_058_002,746,386,386,0,2,384,LISTAS,,
49374,03_059_001,1025,657,657,0,8,649,LISTAS,,
49376,03_059_002,973,630,630,0,3,627,LISTAS,,
49378,03_059_003,806,629,629,0,1,628,LISTAS,,
49380,03_059_004,742,544,544,0,3,541,LISTAS,,
49382,03_059_005,910,634,633,0,6,627,LISTAS,,
49384,03_059_006,930,637,636,0,4,632,LISTAS,,
49386,03_059_007,608,348,347,0,8,339,LISTAS,,
49388,03_059_008,782,549,549,0,5,544,LISTAS,,
49390,03_060_001,814,666,666,0,3,663,LISTAS,,
49392,03_060_002,1098,884,884,0,7,877,LISTAS,,
49394,03_060_003,808,630,631,0,18,613,LISTAS,,
49396,03_060_004,899,722,722,0,4,718,LISTAS,,
49398,03_060_005,596,482,482,0,1,481,LISTAS,,
49400,03_060_006,926,601,601,0,5,596,LISTAS,,
49402,03_060_007,1021,752,752,0,4,748,LISTAS,,
49404,03_060_008,1193,767,767,0,7,760,LISTAS,,
49406,03_060_009,974,754,749,0,8,741,LISTAS,,
49408,03_060_010,859,637,637,0,5,632,LISTAS,,
49410,03_060_011,1080,814,814,0,8,806,LISTAS,,
49412,03_060_012,783,546,546,0,4,542,LISTAS,,
49414,03_060_013,777,577,576,0,7,569,LISTAS,,
49416,03_060_014,858,634,634,0,2,632,LISTAS,,
49418,03_060_015,877,645,644,0,3,641,LISTAS,,
49420,03_060_016,853,671,671,0,4,667,LISTAS,,
49422,03_060_017,780,573,572,0,3,569,LISTAS,,
49822,03_060_018,726,472,472,0,2,470,LISTAS,,
49824,03_060_019,1115,846,846,0,6,840,LISTAS,,
49826,03_060_020,860,583,583,0,7,576,LISTAS,,
49828,03_060_021,860,567,567,0,3,564,LISTAS,,
49830,03_060_022,964,662,661,0,3,658,LISTAS,,
49832,03_060_023,909,631,630,0,7,623,LISTAS,,
49834,03_060_024,1055,650,650,0,1,649,LISTAS,,
49836,03_060_025,586,373,373,0,4,369,LISTAS,,
49838,03_060_026,1026,675,674,0,3,671,LISTAS,,
49840,03_060_027,802,581,581,0,3,578,LISTAS,,
49842,03_060_028,1044,748,748,0,2,746,LISTAS,,
49844,03_060_029,1108,752,752,0,2,750,LISTAS,,
49846,03_060_030,795,587,588,0,15,573,LISTAS,,
49848,03_060_031,724,576,576,0,9,567,LISTAS,,
49850,03_060_032,874,595,593,0,3,590,LISTAS,,
49852,03_060_033,600,444,444,0,3,441,LISTAS,,
49854,03_060_034,1111,749,750,0,25,725,LISTAS,,
49856,03_060_035,879,625,625,0,5,620,LISTAS,,
49858,03_060_036,986,714,714,0,3,711,LISTAS,,
49860,03_060_037,1092,734,734,0,2,732,LISTAS,,
49862,03_060_038,791,528,528,0,5,523,LISTAS,,
49864,03_060_039,653,515,514,0,3,511,LISTAS,,
49866,03_060_040,935,790,789,0,9,780,LISTAS,,
49868,03_060_041,1007,778,778,0,2,776,LISTAS,,
49870,03_060_042,799,657,657,0,2,655,LISTAS,,
49872,03_060_043,1081,776,774,0,8,766,LISTAS,,
49874,03_060_044,980,704,703,0,4,699,LISTAS,,
49876,03_060_045,2489,2186,2183,-3,11,2172,LISTAS,,
49878,03_060_046,1010,723,723,0,3,720,LISTAS,,
49880,03_060_047,601,246,246,0,0,246,LISTAS,,
49882,03_060_048,1075,798,798,0,6,792,LISTAS,,
49884,03_060_049,1051,756,748,0,0,748,LISTAS,,
49886,03_060_050,2594,2330,2328,-2,4,2324,LISTAS,,
49888,03_060_051,772,562,562,0,7,555,LISTAS,,
49890,03_060_052,1009,693,693,0,3,690,LISTAS,,
49892,03_060_053,1078,801,798,0,4,794,LISTAS,,
49894,03_060_054,918,654,653,0,8,645,LISTAS,,
49896,03_060_055,797,339,339,0,8,331,LISTAS,,
49898,03_060_056,714,320,320,0,3,317,LISTAS,,
49900,03_060_057,851,589,589,0,4,585,LISTAS,,
49902,03_060_058,1105,841,841,0,3,838,LISTAS,,
49904,03_060_059,1038,825,824,0,7,817,LISTAS,,
49906,03_060_060,583,459,459,0,3,456,LISTAS,,
49908,03_060_061,584,436,436,0,3,433,LISTAS,,
49910,03_060_062,852,615,614,0,3,611,LISTAS,,
49912,03_060_063,772,517,517,0,2,515,LISTAS,,
49914,03_060_064,1078,832,831,0,6,825,LISTAS,,
49916,03_060_065,922,667,667,0,3,664,LISTAS,,
49918,03_060_066,918,659,659,0,4,655,LISTAS,,
49920,03_060_067,1021,745,745,0,6,739,LISTAS,,
49922,03_060_068,606,325,325,0,1,324,LISTAS,,
49924,03_060_069,963,669,669,0,4,665,LISTAS,,
49926,03_060_070,1048,709,709,0,5,704,LISTAS,,
49928,03_060_071,697,326,319,0,3,316,LISTAS,,
49930,03_060_072,799,491,491,0,4,487,LISTAS,,
49932,03_060_073,1140,665,665,0,9,656,LISTAS,,
49934,03_060_074,1047,804,802,0,4,798,LISTAS,,
49936,03_060_075,1116,818,818,0,5,813,LISTAS,,
49938,03_060_076,840,519,519,0,4,515,LISTAS,,
49940,03_060_077,640,407,407,0,4,403,LISTAS,,
49942,03_060_078,602,401,401,0,2,399,LISTAS,,
50334,03_060_079,959,698,698,0,5,693,LISTAS,,
50336,03_060_080,737,495,495,0,4,491,LISTAS,,
50338,03_060_081,876,674,673,0,3,670,LISTAS,,
50340,03_060_082,1114,750,750,0,2,748,LISTAS,,
50342,03_060_083,789,464,464,0,4,460,LISTAS,,
50344,03_060_084,610,440,440,0,6,434,LISTAS,,
50346,03_060_085,1140,686,686,0,6,680,LISTAS,,
50348,03_060_086,1311,823,822,0,8,814,LISTAS,,
50350,03_060_087,1143,827,827,0,6,821,LISTAS,,
50352,03_060_088,1194,902,902,0,1,901,LISTAS,,
50354,03_060_089,1141,642,642,0,6,636,LISTAS,,
50356,03_060_090,976,617,617,0,8,609,LISTAS,,
50358,03_060_091,583,317,317,0,1,316,LISTAS,,
50360,03_060_092,915,731,731,0,3,728,LISTAS,,
50362,03_060_093,771,538,538,0,4,534,LISTAS,,
50364,03_060_094,880,685,685,0,5,680,LISTAS,,
50366,03_060_095,669,365,365,0,1,364,LISTAS,,
50368,03_060_096,574,343,343,0,1,342,LISTAS,,
50370,03_061_001,595,375,375,0,9,366,LISTAS,,
50372,03_061_002,672,423,423,0,0,423,LISTAS,,
50374,03_061_003,696,401,401,0,7,394,LISTAS,,
50376,03_061_004,104,56,56,0,0,56,LISTAS,,
50378,03_062_001,987,641,640,0,5,635,LISTAS,,
50380,03_062_002,979,688,686,0,7,679,LISTAS,,
50382,03_062_003,991,673,673,0,8,665,LISTAS,,
50384,03_062_004,942,622,622,0,5,617,LISTAS,,
50386,03_062_005,1067,655,655,0,10,645,LISTAS,,
50388,03_063_001,368,227,227,0,6,221,LISTAS,,
50390,03_064_001,677,472,471,0,0,471,LISTAS,,
50392,03_064_002,631,457,457,0,3,454,LISTAS,,
50394,03_064_003,684,524,524,0,3,521,LISTAS,,
50396,03_064_004,680,502,502,0,8,494,LISTAS,,
50398,03_064_005,677,519,519,0,2,517,LISTAS,,
50400,03_064_006,705,529,529,0,5,524,LISTAS,,
50402,03_064_007,692,547,547,0,9,538,LISTAS,,
50404,03_064_008,803,567,567,0,7,560,LISTAS,,
50406,03_064_009,682,490,490,0,12,478,LISTAS,,
50408,03_064_010,711,537,537,0,6,531,LISTAS,,
50410,03_064_011,746,566,566,0,6,560,LISTAS,,
50412,03_064_012,677,449,449,0,10,439,LISTAS,,
50414,03_064_013,752,430,434,0,38,396,LISTAS,,
50416,03_064_014,723,524,524,0,0,524,LISTAS,,
50418,03_064_015,676,514,514,0,5,509,LISTAS,,
50420,03_064_016,761,562,561,0,5,556,LISTAS,,
50422,03_065_001,951,716,717,0,22,695,LISTAS,,
50424,03_065_002,591,466,466,0,0,466,LISTAS,,
50426,03_065_003,849,598,598,0,16,582,LISTAS,,
50428,03_065_004,738,490,490,0,3,487,LISTAS,,
50430,03_065_005,799,571,571,0,2,569,LISTAS,,
50432,03_065_006,805,549,549,0,6,543,LISTAS,,
50434,03_065_007,885,673,673,0,2,671,LISTAS,,
50436,03_065_008,676,474,474,0,4,470,LISTAS,,
50438,03_065_009,720,507,507,0,1,506,LISTAS,,
50440,03_065_010,818,596,596,0,2,594,LISTAS,,
50442,03_065_011,891,671,671,0,6,665,LISTAS,,
50444,03_065_012,774,401,401,0,2,399,LISTAS,,
50446,03_065_013,2332,1981,1976,-5,6,1970,LISTAS,,
50448,03_065_014,991,606,606,0,4,602,LISTAS,,
50450,03_065_015,854,596,593,0,3,590,LISTAS,,
50452,03_065_016,1037,698,698,0,12,686,LISTAS,,
50454,03_065_017,952,640,640,0,6,634,LISTAS,,
50456,03_065_018,188,89,89,0,1,88,LISTAS,,
50852,03_065_019,286,188,188,0,3,185,LISTAS,,
50854,03_065_020,890,528,528,0,3,525,LISTAS,,
50856,03_065_021,1087,677,677,0,2,675,LISTAS,,
50858,03_065_022,412,248,248,0,0,248,LISTAS,,
50860,03_065_023,643,441,441,0,0,441,LISTAS,,
50862,03_065_024,754,531,531,0,0,531,LISTAS,,
50864,03_065_025,928,625,625,0,6,619,LISTAS,,
50866,03_065_026,836,627,625,0,3,622,LISTAS,,
50868,03_065_027,769,579,579,0,2,577,LISTAS,,
50870,03_065_028,825,614,614,0,4,610,LISTAS,,
50872,03_065_029,605,322,322,0,3,319,LISTAS,,
50874,03_065_030,722,496,495,0,2,493,LISTAS,,
50876,03_065_031,1074,688,688,0,4,684,LISTAS,,
50878,03_066_001,619,414,415,0,9,406,LISTAS,,
50880,03_066_002,617,429,429,0,3,426,LISTAS,,
50882,03_066_003,811,531,531,0,4,527,LISTAS,,
50884,03_066_004,1104,554,551,0,12,539,LISTAS,,
50886,03_066_005,830,685,685,0,0,685,LISTAS,,
50888,03_066_006,720,542,542,0,4,538,LISTAS,,
50890,03_066_007,635,457,457,0,2,455,LISTAS,,
50892,03_066_008,2843,2429,2410,-19,11,2399,LISTAS,,
50894,03_066_009,817,586,586,0,4,582,LISTAS,,
50896,03_066_010,1141,608,608,0,6,602,LISTAS,,
50898,03_066_011,787,514,519,0,5,514,LISTAS,,
50900,03_066_012,729,481,481,0,6,475,LISTAS,,
50902,03_066_013,837,586,585,0,6,579,LISTAS,,
50904,03_066_014,681,376,375,0,3,372,LISTAS,,
50906,03_066_015,722,553,553,0,2,551,LISTAS,,
50908,03_066_016,666,493,492,0,3,489,LISTAS,,
50910,03_066_017,633,427,428,0,14,414,LISTAS,,
50912,03_066_018,866,583,583,0,3,580,LISTAS,,
50914,03_066_019,651,424,424,0,2,422,LISTAS,,
50916,03_066_020,714,468,468,0,2,466,LISTAS,,
50918,03_066_021,730,473,473,0,1,472,LISTAS,,
50920,03_066_022,664,493,492,0,3,489,LISTAS,,
50922,03_066_023,624,401,401,0,4,397,LISTAS,,
50924,03_066_024,682,439,439,0,11,428,LISTAS,,
50926,03_066_025,693,478,478,0,0,478,LISTAS,,
50928,03_066_026,645,471,470,0,5,465,LISTAS,,
50930,03_066_027,709,475,476,0,14,462,LISTAS,,
50932,03_066_028,637,441,441,0,2,439,LISTAS,,
50934,03_066_029,828,520,520,0,8,512,LISTAS,,
50936,03_066_030,719,442,442,0,6,436,LISTAS,,
50938,03_067_001,857,561,561,0,2,559,LISTAS,,
50940,03_067_002,1204,798,798,0,6,792,LISTAS,,
50942,03_067_003,1043,670,670,0,4,666,LISTAS,,
50944,03_067_004,1031,740,740,0,4,736,LISTAS,,
50946,03_067_005,1097,703,703,0,4,699,LISTAS,,
50948,03_067_006,1158,692,692,0,13,679,LISTAS,,
50950,03_067_007,1149,621,621,0,7,614,LISTAS,,
50952,03_067_008,1126,643,642,0,24,618,LISTAS,,
50954,03_067_009,225,118,118,0,1,117,LISTAS,,
50956,03_068_001,240,118,118,0,3,115,LISTAS,,
50958,03_068_002,895,587,587,0,6,581,LISTAS,,
50960,03_068_003,876,552,552,0,4,548,LISTAS,,
50962,03_069_001,564,403,403,0,3,400,LISTAS,,
50964,03_070_001,1219,742,726,0,6,720,LISTAS,,
50966,03_071_001,590,341,337,0,3,334,LISTAS,,
50968,03_071_002,664,427,427,0,5,422,LISTAS,,
50970,03_072_001,503,333,333,0,3,330,LISTAS,,
50972,03_073_001,895,619,619,0,1,618,LISTAS,,
50974,03_073_002,731,550,550,0,3,547,LISTAS,,
50976,03_073_003,119,68,68,0,1,67,LISTAS,,
42914,03_074_001,567,366,367,0,8,359,LISTAS,,
42916,03_075_001,1356,934,934,0,4,930,LISTAS,,
42918,03_076_001,789,556,556,0,1,555,LISTAS,,
42920,03_076_002,915,586,586,0,2,584,LISTAS,,
42922,03_076_003,749,407,407,0,10,397,LISTAS,,
42924,03_076_004,827,534,534,0,6,528,LISTAS,,
42926,03_076_005,830,623,623,0,4,619,LISTAS,,
42928,03_076_006,1057,753,752,0,6,746,LISTAS,,
42930,03_076_007,1093,720,719,0,3,716,LISTAS,,
42932,03_076_008,298,170,170,0,3,167,LISTAS,,
42934,03_077_001,1334,843,843,0,25,818,LISTAS,,
42939,03_078_001,1078,738,738,0,10,728,LISTAS,,
42935,03_078_002,1031,787,787,0,3,784,LISTAS,,
42942,03_078_003,1063,750,750,0,4,746,LISTAS,,
42944,03_078_004,1156,699,699,0,4,695,LISTAS,,
42946,03_078_005,1165,620,620,0,9,611,LISTAS,,
42948,03_078_006,1128,734,734,0,9,725,LISTAS,,
42950,03_078_007,1235,718,717,0,6,711,LISTAS,,
42952,03_078_008,565,335,335,0,8,327,LISTAS,,
42954,03_078_009,594,349,349,0,3,346,LISTAS,,
42956,03_079_001,798,519,519,0,5,514,LISTAS,,
42958,03_079_002,617,440,440,0,1,439,LISTAS,,
42960,03_079_003,803,518,518,0,3,515,LISTAS,,
42962,03_079_004,1103,727,727,0,9,718,LISTAS,,
42964,03_079_005,362,214,214,0,4,210,LISTAS,,
42967,03_080_001,779,450,451,0,15,436,LISTAS,,
42965,03_080_002,755,445,445,0,9,436,LISTAS,,
42970,03_080_003,745,387,387,0,7,380,LISTAS,,
42972,03_081_001,407,254,254,0,4,250,LISTAS,,
42974,03_082_001,768,518,518,0,6,512,LISTAS,,
42976,03_082_002,820,539,539,0,10,529,LISTAS,,
42978,03_082_003,800,503,503,0,3,500,LISTAS,,
42980,03_082_004,791,467,467,0,7,460,LISTAS,,
42982,03_082_005,821,449,449,0,6,443,LISTAS,,
42984,03_082_006,103,68,68,0,2,66,LISTAS,,
42987,03_083_001,676,408,408,0,6,402,LISTAS,,
42985,03_083_002,682,508,508,0,4,504,LISTAS,,
42990,03_084_001,376,280,280,0,3,277,LISTAS,,
42992,03_085_001,982,553,553,0,7,546,LISTAS,,
42994,03_085_002,893,513,513,0,2,511,LISTAS,,
42996,03_086_001,870,502,502,0,11,491,LISTAS,,
42998,03_086_002,623,413,411,0,7,404,LISTAS,,
43000,03_087_001,945,668,668,0,4,664,LISTAS,,
43002,03_087_002,904,584,584,0,8,576,LISTAS,,
43004,03_088_001,356,265,265,0,1,264,LISTAS,,
43006,03_089_001,921,592,592,0,6,586,LISTAS,,
43008,03_089_002,866,573,572,0,3,569,LISTAS,,
43010,03_089_003,834,536,536,0,4,532,LISTAS,,
43012,03_090_001,640,398,398,0,4,394,LISTAS,,
43014,03_091_001,928,592,592,0,3,589,LISTAS,,
43016,03_092_001,721,435,435,0,9,426,LISTAS,,
43018,03_092_002,685,433,433,0,2,431,LISTAS,,
43020,03_093_001,625,465,465,0,7,458,LISTAS,,
43022,03_093_002,610,344,344,0,7,337,LISTAS,,
43024,03_094_001,788,528,528,0,8,520,LISTAS,,
43026,03_095_001,1001,575,574,0,3,571,LISTAS,,
43028,03_096_001,732,501,501,0,3,498,LISTAS,,
43030,03_096_002,946,611,610,0,6,604,LISTAS,,
43032,03_096_003,688,477,476,0,2,474,LISTAS,,
43034,03_096_004,859,601,601,0,6,595,LISTAS,,
43036,03_096_005,972,635,632,0,10,622,LISTAS,,
43038,03_096_006,1006,638,637,0,8,629,LISTAS,,
43040,03_097_001,1024,684,684,0,12,672,LISTAS,,
43042,03_098_001,1122,836,836,0,10,826,LISTAS,,
43044,03_098_002,1153,780,780,0,6,774,LISTAS,,
43046,03_098_003,899,617,616,0,14,602,LISTAS,,
43048,03_098_004,937,579,579,0,3,576,LISTAS,,
43442,03_098_005,830,543,543,0,22,521,LISTAS,,
43444,03_098_006,808,540,540,0,12,528,LISTAS,,
43446,03_099_001,1002,640,636,0,3,633,LISTAS,,
43448,03_099_002,929,591,591,0,10,581,LISTAS,,
43450,03_099_003,1005,616,616,0,4,612,LISTAS,,
43452,03_100_001,646,394,394,0,4,390,LISTAS,,
43454,03_100_002,689,392,392,0,6,386,LISTAS,,
43456,03_100_003,671,442,442,0,5,437,LISTAS,,
43458,03_100_004,664,385,384,0,2,382,LISTAS,,
43460,03_100_005,657,371,371,0,4,367,LISTAS,,
43462,03_100_006,668,409,409,0,6,403,LISTAS,,
43464,03_100_007,708,443,443,0,6,437,LISTAS,,
43466,03_100_008,295,148,148,0,2,146,LISTAS,,
43468,03_101_001,979,655,655,0,19,636,LISTAS,,
43470,03_102_001,748,450,450,0,1,449,LISTAS,,
43472,03_102_002,812,522,522,0,5,517,LISTAS,,
43474,03_102_003,688,442,442,0,3,439,LISTAS,,
43476,03_103_001,1013,668,668,0,3,665,LISTAS,,
43478,03_103_002,929,647,647,0,4,643,LISTAS,,
43480,03_104_001,635,397,397,0,12,385,LISTAS,,
43482,03_104_002,857,672,672,0,6,666,LISTAS,,
43484,03_105_001,580,370,370,0,7,363,LISTAS,,
43486,03_105_002,559,357,357,0,3,354,LISTAS,,
43488,03_106_001,893,632,632,0,2,630,LISTAS,,
43490,03_107_001,1077,689,689,0,0,689,LISTAS,,
43492,03_107_002,1173,668,667,0,9,658,LISTAS,,
43493,03_108_001,967,560,560,0,9,551,LISTAS,,
43498,03_109_001,671,481,481,0,10,471,LISTAS,,
43500,03_109_002,703,448,448,0,5,443,LISTAS,,
43502,03_110_001,728,392,391,0,8,383,LISTAS,,
43504,03_110_002,677,397,397,0,5,392,LISTAS,,
43506,03_110_003,599,365,365,0,2,363,LISTAS,,
43508,03_110_004,636,373,373,0,1,372,LISTAS,,
43510,03_110_005,601,406,406,0,1,405,LISTAS,,
43512,03_110_006,648,418,418,0,1,417,LISTAS,,
43514,03_111_001,1180,775,775,0,6,769,LISTAS,,
43516,03_111_002,1249,894,894,0,12,882,LISTAS,,
43518,03_111_003,1239,956,954,0,1,953,LISTAS,,
43520,03_111_004,1249,814,814,0,12,802,LISTAS,,
43522,03_111_005,1177,757,757,0,10,747,LISTAS,,
43524,03_111_006,1181,759,759,0,5,754,LISTAS,,
43526,03_111_007,653,380,380,0,6,374,LISTAS,,
43528,03_111_008,391,230,230,0,2,228,LISTAS,,
43530,03_111_009,402,258,258,0,1,257,LISTAS,,
43532,03_111_010,321,142,142,0,0,142,LISTAS,,
43534,03_112_001,644,410,410,0,2,408,LISTAS,,
43536,03_113_001,586,333,333,0,11,322,LISTAS,,
43538,03_113_002,792,490,489,0,3,486,LISTAS,,
43540,03_113_003,726,412,412,0,2,410,LISTAS,,
43542,03_113_004,777,421,421,0,6,415,LISTAS,,
43544,03_113_005,781,360,360,0,4,356,LISTAS,,
43546,03_114_001,769,503,503,0,3,500,LISTAS,,
43548,03_115_001,172,114,114,0,0,114,LISTAS,,
43550,03_116_001,310,235,235,0,5,230,LISTAS,,
43552,03_117_001,896,579,579,0,5,574,LISTAS,,
43554,03_117_002,971,659,659,0,9,650,LISTAS,,
43556,03_117_003,859,563,563,0,2,561,LISTAS,,
43558,03_118_001,968,702,702,0,2,700,LISTAS,,
43560,03_118_002,842,547,547,0,9,538,LISTAS,,
43562,03_119_001,626,424,424,0,2,422,LISTAS,,
43577,04_001_001,706,432,432,0,13,419,LISTAS,,
43564,04_002_001,659,388,389,0,22,367,LISTAS,,
43566,04_002_002,662,401,402,0,20,382,LISTAS,,
43568,04_002_003,575,306,306,0,0,306,LISTAS,,
43570,04_002_004,833,477,477,0,11,466,LISTAS,,
43572,04_002_005,892,555,554,0,9,545,LISTAS,,
43574,04_002_006,805,450,450,0,4,446,LISTAS,,
43980,04_003_001,1094,694,694,0,7,687,LISTAS,,
43982,04_003_002,1027,606,606,0,23,583,LISTAS,,
43984,04_003_003,1036,758,757,0,4,753,LISTAS,,
43986,04_003_004,1044,778,778,0,1,777,LISTAS,,
43988,04_003_005,1050,740,740,0,7,733,LISTAS,,
43990,04_003_006,1119,804,804,0,9,795,LISTAS,,
43992,04_003_007,887,581,580,0,7,573,LISTAS,,
43994,04_003_008,886,631,632,0,9,623,LISTAS,,
43996,04_003_009,917,634,632,0,3,629,LISTAS,,
43998,04_003_010,977,555,555,0,15,540,LISTAS,,
44000,04_003_011,3413,2869,2860,-9,17,2843,LISTAS,,
44002,04_003_012,985,559,558,0,10,548,LISTAS,,
44004,04_003_013,877,573,573,0,6,567,LISTAS,,
44006,04_003_014,910,621,621,0,8,613,LISTAS,,
44008,04_003_015,862,548,548,0,5,543,LISTAS,,
44010,04_003_016,903,483,483,0,11,472,LISTAS,,
44012,04_004_001,620,421,420,0,5,415,LISTAS,,
44014,04_004_002,576,441,441,0,3,438,LISTAS,,
44016,04_004_003,590,437,436,0,1,435,LISTAS,,
44018,04_004_004,857,649,650,0,12,638,LISTAS,,
44020,04_004_005,844,685,685,0,1,684,LISTAS,,
44022,04_004_006,544,433,433,0,4,429,LISTAS,,
44024,04_004_007,795,590,590,0,2,588,LISTAS,,
44026,04_004_008,629,439,439,0,4,435,LISTAS,,
44028,04_004_009,865,663,662,0,35,627,LISTAS,,
44030,04_004_010,774,575,575,0,5,570,LISTAS,,
44032,04_004_011,919,716,715,0,5,710,LISTAS,,
44034,04_004_012,612,390,390,0,7,383,LISTAS,,
44036,04_004_013,480,351,351,0,3,348,LISTAS,,
44038,04_004_014,659,486,486,0,5,481,LISTAS,,
44040,04_004_015,758,599,599,0,3,596,LISTAS,,
44042,04_004_016,768,499,498,0,4,494,LISTAS,,
44044,04_004_017,823,585,585,0,5,580,LISTAS,,
44046,04_004_018,572,431,431,0,0,431,LISTAS,,
44048,04_004_019,919,679,679,0,11,668,LISTAS,,
44050,04_004_020,821,583,583,0,0,583,LISTAS,,
44052,04_004_021,693,516,516,0,6,510,LISTAS,,
44054,04_004_022,690,479,479,0,2,477,LISTAS,,
44056,04_004_023,686,436,436,0,3,433,LISTAS,,
44058,04_004_024,576,342,342,0,0,342,LISTAS,,
44060,04_004_025,490,335,335,0,3,332,LISTAS,,
44062,04_004_026,560,377,377,0,0,377,LISTAS,,
44064,04_004_027,701,473,473,0,1,472,LISTAS,,
44066,04_004_028,859,633,633,0,1,632,LISTAS,,
44068,04_004_029,805,571,572,0,4,568,LISTAS,,
44070,04_004_030,939,710,710,0,9,701,LISTAS,,
44072,04_004_031,607,431,431,0,7,424,LISTAS,,
44074,04_004_032,664,442,442,0,5,437,LISTAS,,
44076,04_004_033,653,471,470,0,4,466,LISTAS,,
44078,04_004_034,633,475,473,0,5,468,LISTAS,,
44080,04_004_035,783,527,527,0,15,512,LISTAS,,
44082,04_004_036,688,484,484,0,11,473,LISTAS,,
44084,04_004_037,645,444,444,0,6,438,LISTAS,,
44086,04_004_038,642,505,505,0,5,500,LISTAS,,
44088,04_004_039,736,486,486,0,1,485,LISTAS,,
44090,04_004_040,617,402,401,0,6,395,LISTAS,,
44092,04_004_041,992,665,665,0,1,664,LISTAS,,
44094,04_004_042,747,545,545,0,1,544,LISTAS,,
44096,04_004_043,552,446,446,0,1,445,LISTAS,,
44098,04_004_044,760,537,536,0,3,533,LISTAS,,
44100,04_004_045,560,371,371,0,1,370,LISTAS,,
44102,04_004_046,831,584,584,0,3,581,LISTAS,,
44104,04_004_047,923,644,642,0,12,630,LISTAS,,
44106,04_004_048,946,683,685,0,31,654,LISTAS,,
44108,04_004_049,798,543,543,0,10,533,LISTAS,,
44110,04_004_050,848,604,605,0,20,585,LISTAS,,
44112,04_004_051,928,661,660,0,6,654,LISTAS,,
44114,04_004_052,815,557,557,0,6,551,LISTAS,,
44526,04_004_053,541,425,424,0,1,423,LISTAS,,
44528,04_004_054,172,105,105,0,1,104,LISTAS,,
44530,04_004_055,230,132,132,0,2,130,LISTAS,,
44532,04_004_056,747,562,553,0,3,550,LISTAS,,
44534,04_004_057,829,604,603,0,1,602,LISTAS,,
44536,04_004_058,578,393,392,0,1,391,LISTAS,,
44538,04_004_059,604,399,399,0,1,398,LISTAS,,
44540,04_004_060,806,573,572,0,2,570,LISTAS,,
44542,04_004_061,3381,3015,3009,-6,14,2995,LISTAS,,
44544,04_004_062,1057,738,728,0,8,720,LISTAS,,
44546,04_004_063,609,463,462,0,3,459,LISTAS,,
44548,04_004_064,766,599,599,0,5,594,LISTAS,,
44550,04_004_065,572,444,444,0,1,443,LISTAS,,
44552,04_004_066,503,365,365,0,4,361,LISTAS,,
44554,04_004_067,747,473,473,0,6,467,LISTAS,,
44556,04_004_068,764,537,537,0,4,533,LISTAS,,
44558,04_005_001,597,388,388,0,3,385,LISTAS,,
44560,04_005_002,646,389,389,0,3,386,LISTAS,,
44562,04_005_003,656,373,373,0,5,368,LISTAS,,
44565,04_006_001,438,317,317,0,5,312,LISTAS,,
44563,04_006_002,414,288,289,0,15,274,LISTAS,,
44568,04_006_003,447,267,266,0,2,264,LISTAS,,
44570,04_006_004,455,337,337,0,3,334,LISTAS,,
44572,04_006_005,668,454,456,0,28,428,LISTAS,,
44574,04_006_006,507,335,335,0,1,334,LISTAS,,
44576,04_006_007,42,30,30,0,1,29,LISTAS,,
44578,04_007_001,801,562,561,0,13,548,LISTAS,,
44580,04_008_001,771,567,567,0,6,561,LISTAS,,
44582,04_009_001,890,536,536,0,5,531,LISTAS,,
44584,04_009_002,878,506,506,0,3,503,LISTAS,,
44586,04_010_001,668,478,478,0,8,470,LISTAS,,
44588,04_010_002,691,444,445,0,18,427,LISTAS,,
44590,04_010_003,97,57,57,0,2,55,LISTAS,,
44592,04_011_001,247,182,182,0,5,177,LISTAS,,
44594,04_012_001,988,628,628,0,5,623,LISTAS,,
44596,04_012_002,1069,645,645,0,4,641,LISTAS,,
44598,04_013_001,331,231,231,0,2,229,LISTAS,,
44600,04_014_001,819,530,530,0,6,524,LISTAS,,
44602,04_014_002,789,448,447,0,2,445,LISTAS,,
44604,04_014_003,841,490,490,0,6,484,LISTAS,,
44606,04_014_004,745,461,461,0,7,454,LISTAS,,
44608,04_014_005,796,514,514,0,3,511,LISTAS,,
44610,04_015_001,776,436,436,0,9,427,LISTAS,,
44612,04_015_002,754,456,456,0,4,452,LISTAS,,
44614,04_015_003,856,486,486,0,5,481,LISTAS,,
44616,04_015_004,653,429,429,0,2,427,LISTAS,,
44618,04_015_005,684,451,451,0,4,447,LISTAS,,
44620,04_015_006,695,436,436,0,7,429,LISTAS,,
44622,04_015_007,810,502,502,0,8,494,LISTAS,,
44624,04_015_008,806,467,466,0,3,463,LISTAS,,
44626,04_016_001,830,483,482,0,6,476,LISTAS,,
44628,04_016_002,612,420,420,0,3,417,LISTAS,,
44630,04_016_003,675,460,460,0,2,458,LISTAS,,
44632,04_016_004,604,414,414,0,8,406,LISTAS,,
44634,04_016_005,638,401,401,0,2,399,LISTAS,,
44636,04_017_001,657,423,423,0,5,418,LISTAS,,
44638,04_017_002,602,385,385,0,1,384,LISTAS,,
44640,04_017_003,437,257,257,0,7,250,LISTAS,,
44642,04_018_001,456,327,327,0,2,325,LISTAS,,
44644,04_019_001,463,262,262,0,4,258,LISTAS,,
44646,04_019_002,531,339,339,0,7,332,LISTAS,,
44648,04_020_001,483,300,300,0,4,296,LISTAS,,
44650,04_020_002,604,385,385,0,5,380,LISTAS,,
44652,04_020_003,651,395,395,0,4,391,LISTAS,,
44654,04_020_004,604,381,380,0,11,369,LISTAS,,
44656,04_020_005,663,403,403,0,4,399,LISTAS,,
44658,04_020_006,704,337,336,0,6,330,LISTAS,,
44660,04_021_001,856,577,577,0,1,576,LISTAS,,
44662,04_021_002,833,586,584,0,3,581,LISTAS,,
44664,04_021_003,883,540,540,0,10,530,LISTAS,,
44666,04_021_004,971,631,631,0,7,624,LISTAS,,
45090,04_021_005,976,639,639,0,5,634,LISTAS,,
45092,04_022_001,936,545,545,0,7,538,LISTAS,,
45094,04_022_002,972,667,667,0,3,664,LISTAS,,
45096,04_022_003,987,615,615,0,5,610,LISTAS,,
45098,04_023_001,554,384,384,0,0,384,LISTAS,,
45100,04_023_002,468,348,348,0,2,346,LISTAS,,
45102,04_024_001,579,326,326,0,1,325,LISTAS,,
45104,04_025_001,665,433,433,0,7,426,LISTAS,,
45106,04_025_002,699,468,465,0,4,461,LISTAS,,
45108,04_025_003,677,434,434,0,4,430,LISTAS,,
45110,04_025_004,720,462,460,0,11,449,LISTAS,,
45112,04_025_005,661,472,472,0,5,467,LISTAS,,
45114,04_025_006,684,453,453,0,2,451,LISTAS,,
45116,04_025_007,712,413,413,0,8,405,LISTAS,,
45118,04_025_008,640,357,357,0,7,350,LISTAS,,
45120,04_025_009,683,414,414,0,8,406,LISTAS,,
45122,04_025_010,572,400,400,0,5,395,LISTAS,,
45124,04_025_011,770,474,474,0,5,469,LISTAS,,
45126,04_025_012,702,428,428,0,11,417,LISTAS,,
45128,04_025_013,640,339,338,0,6,332,LISTAS,,
45130,04_025_014,589,347,347,0,4,343,LISTAS,,
45132,04_025_015,123,68,68,0,1,67,LISTAS,,
45134,04_025_016,784,478,478,0,4,474,LISTAS,,
45136,04_025_017,556,251,251,0,3,248,LISTAS,,
45138,04_026_001,1083,821,821,0,6,815,LISTAS,,
45140,04_026_002,1069,808,816,0,77,739,LISTAS,,
45142,04_026_003,740,322,316,0,4,312,LISTAS,,
45144,04_026_004,809,604,604,0,4,600,LISTAS,,
45146,04_026_005,794,536,536,0,6,530,LISTAS,,
45148,04_026_006,831,581,581,0,7,574,LISTAS,,
45150,04_026_007,1031,698,696,0,14,682,LISTAS,,
45152,04_026_008,933,692,692,0,4,688,LISTAS,,
45154,04_026_009,704,507,504,0,5,499,LISTAS,,
45156,04_026_010,775,579,579,0,9,570,LISTAS,,
45158,04_026_011,761,536,535,0,4,531,LISTAS,,
45160,04_026_012,733,476,476,0,4,472,LISTAS,,
45162,04_026_013,685,441,441,0,2,439,LISTAS,,
45164,04_026_014,1021,646,645,0,6,639,LISTAS,,
45166,04_026_015,785,580,579,0,10,569,LISTAS,,
45168,04_026_016,916,663,662,0,6,656,LISTAS,,
45170,04_026_017,724,470,470,0,6,464,LISTAS,,
45172,04_026_018,691,465,464,0,6,458,LISTAS,,
45174,04_026_019,1125,746,746,0,7,739,LISTAS,,
45176,04_026_020,747,548,547,0,0,547,LISTAS,,
45178,04_026_021,858,617,614,0,8,606,LISTAS,,
45180,04_026_022,843,585,585,0,2,583,LISTAS,,
45182,04_026_023,1027,732,732,0,8,724,LISTAS,,
45184,04_026_024,716,504,504,0,5,499,LISTAS,,
45186,04_026_025,913,703,702,0,4,698,LISTAS,,
45188,04_026_026,789,537,537,0,2,535,LISTAS,,
45190,04_026_027,616,425,424,0,0,424,LISTAS,,
45192,04_026_028,605,435,435,0,4,431,LISTAS,,
45194,04_026_029,661,462,462,0,7,455,LISTAS,,
45196,04_026_030,2729,2436,2417,-20,9,2408,LISTAS,,
45198,04_027_001,530,360,360,0,3,357,LISTAS,,
45200,04_028_001,478,354,354,0,2,352,LISTAS,,
45202,04_028_002,392,285,284,0,2,282,LISTAS,,
45204,04_029_001,494,327,326,0,2,324,LISTAS,,
45206,04_030_001,682,456,456,0,4,452,LISTAS,,
45208,04_031_001,671,441,441,0,4,437,LISTAS,,
45210,04_031_002,670,446,446,0,5,441,LISTAS,,
45212,04_031_003,121,71,71,0,2,69,LISTAS,,
45214,04_032_001,307,202,202,0,2,200,LISTAS,,
45216,04_033_001,751,435,435,0,13,422,LISTAS,,
45218,04_033_002,711,448,448,0,13,435,LISTAS,,
45220,04_034_001,739,478,475,0,3,472,LISTAS,,
45222,04_034_002,705,441,452,0,84,368,LISTAS,,
45224,04_034_003,808,476,474,0,6,468,LISTAS,,
45648,04_034_004,636,361,361,0,6,355,LISTAS,,
45650,04_035_001,764,604,604,0,8,596,LISTAS,,
45652,04_035_002,325,204,204,0,3,201,LISTAS,,
45654,04_036_001,393,233,233,0,3,230,LISTAS,,
45656,04_037_001,606,393,393,0,5,388,LISTAS,,
45658,04_037_002,622,436,439,0,33,406,LISTAS,,
45660,04_037_003,638,396,396,0,3,393,LISTAS,,
45662,04_037_004,575,371,370,0,5,365,LISTAS,,
45664,04_037_005,612,416,413,0,2,411,LISTAS,,
45666,04_037_006,574,406,404,0,3,401,LISTAS,,
45668,04_037_007,462,254,254,0,0,254,LISTAS,,
45670,04_038_001,808,526,526,0,4,522,LISTAS,,
45672,04_038_002,932,492,492,0,1,491,LISTAS,,
45674,04_038_003,881,568,568,0,5,563,LISTAS,,
45676,04_038_004,876,572,572,0,9,563,LISTAS,,
45678,04_039_001,495,301,301,0,5,296,LISTAS,,
45680,04_040_001,658,397,397,0,4,393,LISTAS,,
45682,04_040_002,672,446,446,0,4,442,LISTAS,,
45684,04_040_003,674,399,398,0,3,395,LISTAS,,
45686,04_041_001,396,234,234,0,3,231,LISTAS,,
45688,04_042_001,575,347,347,0,2,345,LISTAS,,
45690,04_042_002,621,362,361,0,4,357,LISTAS,,
45692,04_043_001,673,399,399,0,6,393,LISTAS,,
45694,04_043_002,643,390,390,0,4,386,LISTAS,,
45696,04_043_003,798,470,470,0,11,459,LISTAS,,
45698,04_044_001,789,526,526,0,11,515,LISTAS,,
45700,04_044_002,649,398,398,0,6,392,LISTAS,,
45702,04_045_001,603,393,392,0,5,387,LISTAS,,
45704,04_045_002,475,287,287,0,3,284,LISTAS,,
45706,04_045_003,574,342,342,0,6,336,LISTAS,,
45708,04_046_001,177,100,100,0,1,99,LISTAS,,
45710,04_047_001,528,347,347,0,9,338,LISTAS,,
45712,04_047_002,272,184,184,0,3,181,LISTAS,,
45714,04_048_001,956,644,644,0,26,618,LISTAS,,
45716,04_048_002,800,577,570,0,7,563,LISTAS,,
45718,04_048_003,824,587,587,0,7,580,LISTAS,,
45720,04_048_004,276,147,147,0,3,144,LISTAS,,
45722,04_049_001,1050,599,599,0,10,589,LISTAS,,
45724,04_049_002,989,657,657,0,10,647,LISTAS,,
45726,04_049_003,1026,736,735,0,10,725,LISTAS,,
45728,04_049_004,1011,648,648,0,4,644,LISTAS,,
45730,04_049_005,877,637,637,0,5,632,LISTAS,,
45732,04_049_006,1132,616,616,0,11,605,LISTAS,,
45734,04_049_007,1010,678,676,0,0,676,LISTAS,,
45736,04_049_008,962,631,630,0,4,626,LISTAS,,
45738,04_050_001,770,484,483,0,6,477,LISTAS,,
45740,04_050_002,82,59,59,0,1,58,LISTAS,,
45742,04_051_001,692,423,423,0,1,422,LISTAS,,
45744,04_051_002,585,389,389,0,1,388,LISTAS,,
45746,04_051_003,700,439,439,0,3,436,LISTAS,,
45748,04_051_004,714,554,554,0,9,545,LISTAS,,
45750,04_051_005,792,514,514,0,4,510,LISTAS,,
45752,04_051_006,722,401,401,0,6,395,LISTAS,,
45754,04_052_001,791,575,575,0,7,568,LISTAS,,
45756,04_052_002,920,650,652,0,27,625,LISTAS,,
45758,04_052_003,1018,685,685,0,12,673,LISTAS,,
45760,04_052_004,1053,704,704,0,7,697,LISTAS,,
45762,04_052_005,963,626,626,0,5,621,LISTAS,,
45764,04_053_001,842,541,540,0,9,531,LISTAS,,
45766,04_053_002,882,613,596,0,2,594,LISTAS,,
45768,04_054_001,484,310,310,0,3,307,LISTAS,,
45770,04_054_002,533,343,343,0,5,338,LISTAS,,
45772,04_055_001,1037,747,747,0,13,734,LISTAS,,
45774,04_056_001,357,223,223,0,4,219,LISTAS,,
45776,04_056_002,334,199,199,0,2,197,LISTAS,,
45778,04_056_003,373,239,239,0,1,238,LISTAS,,
45780,04_057_001,899,591,590,0,2,588,LISTAS,,
45782,04_057_002,1124,809,809,0,14,795,LISTAS,,
45784,04_057_003,946,676,676,0,6,670,LISTAS,,
45786,04_057_004,1119,769,768,0,8,760,LISTAS,,
46208,04_058_001,970,570,570,0,15,555,LISTAS,,
46210,04_058_002,933,579,579,0,5,574,LISTAS,,
46212,04_059_001,634,432,432,0,2,430,LISTAS,,
46214,04_059_002,663,458,458,0,1,457,LISTAS,,
46216,04_059_003,646,431,431,0,2,429,LISTAS,,
46218,04_059_004,783,490,490,0,0,490,LISTAS,,
46220,04_059_005,588,412,411,0,1,410,LISTAS,,
46222,04_059_006,853,593,593,0,5,588,LISTAS,,
46224,04_059_007,434,319,319,0,2,317,LISTAS,,
46226,04_059_008,522,395,395,0,0,395,LISTAS,,
46228,04_059_009,491,346,346,0,3,343,LISTAS,,
46230,04_059_010,759,548,548,0,2,546,LISTAS,,
46232,04_059_011,612,435,435,0,2,433,LISTAS,,
46234,04_059_012,671,457,457,0,1,456,LISTAS,,
46236,04_059_013,598,434,434,0,1,433,LISTAS,,
46238,04_059_014,574,386,386,0,2,384,LISTAS,,
46240,04_059_015,532,362,363,0,19,344,LISTAS,,
46242,04_059_016,2857,2526,2515,-11,12,2503,LISTAS,,
46244,04_059_017,652,441,441,0,1,440,LISTAS,,
46246,04_059_018,518,356,356,0,5,351,LISTAS,,
46248,04_059_019,710,529,528,0,2,526,LISTAS,,
46250,04_059_020,912,601,600,0,5,595,LISTAS,,
46252,04_059_021,699,488,489,0,15,474,LISTAS,,
46254,04_059_022,738,457,457,0,8,449,LISTAS,,
46256,04_059_023,1028,712,712,0,5,707,LISTAS,,
46258,04_059_024,950,699,699,0,6,693,LISTAS,,
46260,04_059_025,904,653,653,0,1,652,LISTAS,,
46262,04_059_026,829,567,562,0,6,556,LISTAS,,
46264,04_059_027,782,548,548,0,2,546,LISTAS,,
46266,04_059_028,359,251,251,0,1,250,LISTAS,,
46268,04_059_029,370,246,246,0,3,243,LISTAS,,
46270,04_059_030,852,536,536,0,6,530,LISTAS,,
46272,04_059_031,859,537,537,0,1,536,LISTAS,,
46274,04_059_032,621,392,392,0,12,380,LISTAS,,
46276,04_059_033,675,416,416,0,3,413,LISTAS,,
46278,04_059_034,165,91,91,0,3,88,LISTAS,,
46280,04_059_035,156,100,100,0,0,100,LISTAS,,
46282,04_059_036,648,434,434,0,4,430,LISTAS,,
46284,04_059_037,89,48,48,0,0,48,LISTAS,,
46286,04_060_001,304,202,202,0,2,200,LISTAS,,
46288,04_061_001,757,510,510,0,7,503,LISTAS,,
46290,04_061_002,563,335,335,0,3,332,LISTAS,,
46292,04_062_001,222,156,156,0,4,152,LISTAS,,
46294,04_062_002,65,37,36,0,2,34,LISTAS,,
46296,04_063_001,961,597,597,0,4,593,LISTAS,,
46298,04_063_002,990,612,611,0,5,606,LISTAS,,
46300,04_063_003,1016,571,571,0,7,564,LISTAS,,
46302,04_063_004,1030,663,663,0,5,658,LISTAS,,
46304,04_063_005,1020,481,481,0,7,474,LISTAS,,
46306,04_063_006,888,540,540,0,13,527,LISTAS,,
46308,04_063_007,1053,658,671,0,96,575,LISTAS,,
46310,04_063_008,906,522,521,0,12,509,LISTAS,,
46312,04_064_001,546,323,323,0,6,317,LISTAS,,
46314,04_064_002,551,369,369,0,3,366,LISTAS,,
46316,04_064_003,133,84,84,0,0,84,LISTAS,,
46318,04_064_004,57,38,38,0,1,37,LISTAS,,
46320,04_065_001,634,421,421,0,1,420,LISTAS,,
46322,04_065_002,764,537,537,0,9,528,LISTAS,,
46324,04_065_003,709,460,460,0,6,454,LISTAS,,
46326,04_066_001,813,574,574,0,8,566,LISTAS,,
46328,04_066_002,947,626,627,0,15,612,LISTAS,,
46330,04_066_003,750,517,522,0,46,476,LISTAS,,
46332,04_066_004,627,467,467,0,2,465,LISTAS,,
46334,04_066_005,757,580,580,0,4,576,LISTAS,,
46336,04_066_006,689,469,469,0,4,465,LISTAS,,
46338,04_066_007,632,385,391,0,58,333,LISTAS,,
46340,04_066_008,937,672,672,0,11,661,LISTAS,,
46342,04_066_009,225,136,136,0,2,134,LISTAS,,
46750,04_066_010,1084,846,846,0,5,841,LISTAS,,
46752,04_066_011,874,582,585,0,40,545,LISTAS,,
46754,04_066_012,889,622,621,0,2,619,LISTAS,,
46756,04_066_013,754,502,500,0,3,497,LISTAS,,
46758,04_066_014,856,586,584,0,16,568,LISTAS,,
46760,04_066_015,763,501,501,0,3,498,LISTAS,,
46762,04_066_016,243,133,133,0,4,129,LISTAS,,
46764,04_066_017,399,259,259,0,7,252,LISTAS,,
46766,04_066_018,477,289,289,0,2,287,LISTAS,,
46768,04_067_001,1005,664,663,0,8,655,LISTAS,,
46770,04_067_002,999,707,707,0,3,704,LISTAS,,
46772,04_067_003,948,634,634,0,4,630,LISTAS,,
46774,04_067_004,1036,731,730,0,6,724,LISTAS,,
46776,04_067_005,1018,685,685,0,13,672,LISTAS,,
46778,04_067_006,1046,721,721,0,6,715,LISTAS,,
46780,04_067_007,1115,618,617,0,10,607,LISTAS,,
46782,04_068_001,685,413,413,0,9,404,LISTAS,,
46784,04_069_001,576,429,428,0,2,426,LISTAS,,
46786,04_069_002,698,498,490,0,2,488,LISTAS,,
46788,04_070_001,472,332,332,0,2,330,LISTAS,,
46790,04_070_002,678,440,440,0,4,436,LISTAS,,
46792,04_070_003,512,363,363,0,6,357,LISTAS,,
46794,04_070_004,487,349,349,0,1,348,LISTAS,,
46796,04_070_005,522,314,314,0,7,307,LISTAS,,
46798,04_070_006,495,325,325,0,13,312,LISTAS,,
46800,04_070_007,742,529,529,0,5,524,LISTAS,,
46802,04_070_008,704,467,467,0,5,462,LISTAS,,
46804,04_070_009,65,46,46,0,1,45,LISTAS,,
46806,04_071_001,772,478,476,0,5,471,LISTAS,,
46808,04_071_002,620,420,420,0,3,417,LISTAS,,
46810,04_071_003,693,400,400,0,3,397,LISTAS,,
46812,04_071_004,741,513,513,0,4,509,LISTAS,,
46814,04_071_005,723,488,488,0,1,487,LISTAS,,
46816,04_071_006,604,366,366,0,5,361,LISTAS,,
46818,04_072_001,84,59,59,0,0,59,LISTAS,,
46820,04_073_001,945,584,584,0,9,575,LISTAS,,
46822,04_073_002,116,84,84,0,2,82,LISTAS,,
46824,04_074_001,682,403,403,0,2,401,LISTAS,,
46826,04_074_002,649,393,393,0,5,388,LISTAS,,
46828,04_074_003,694,450,442,0,3,439,LISTAS,,
46830,04_074_004,665,470,469,0,4,465,LISTAS,,
46832,04_074_005,952,491,491,0,7,484,LISTAS,,
46834,04_074_006,856,438,438,0,2,436,LISTAS,,
46836,04_074_007,864,393,393,0,2,391,LISTAS,,
46838,04_075_001,633,416,416,0,14,402,LISTAS,,
46840,04_075_002,601,381,381,0,8,373,LISTAS,,
46842,05_001_001,59,44,44,0,2,42,LISTAS,,
46844,05_002_001,418,291,291,0,7,284,LISTAS,,
46846,05_002_002,76,52,52,0,0,52,LISTAS,,
46848,05_003_001,75,55,55,0,0,55,LISTAS,,
46850,05_004_001,811,463,463,0,8,455,LISTAS,,
46852,05_004_002,836,499,499,0,9,490,LISTAS,,
46854,05_004_003,709,475,476,0,10,466,LISTAS,,
46856,05_005_001,105,52,52,0,5,47,LISTAS,,
46858,05_006_001,148,103,103,0,0,103,LISTAS,,
46860,05_007_001,163,111,111,0,1,110,LISTAS,,
46862,05_008_001,440,330,329,0,2,327,LISTAS,,
46864,05_009_001,608,357,357,0,4,353,LISTAS,,
46866,05_010_001,606,368,368,0,3,365,LISTAS,,
46868,05_011_001,239,172,172,0,3,169,LISTAS,,
46870,05_012_001,71,51,51,0,0,51,LISTAS,,
46872,05_013_001,152,115,115,0,2,113,LISTAS,,
46874,05_014_001,349,266,266,0,3,263,LISTAS,,
46876,05_015_001,103,70,70,0,0,70,LISTAS,,
46878,05_016_001,1083,633,633,0,1,632,LISTAS,,
46880,05_017_001,696,519,519,0,3,516,LISTAS,,
46882,05_017_002,726,530,530,0,2,528,LISTAS,,
46884,05_017_003,985,631,631,0,9,622,LISTAS,,
46886,05_017_004,816,591,591,0,4,587,LISTAS,,
46888,05_017_005,982,605,605,0,18,587,LISTAS,,
46890,05_018_001,68,52,52,0,0,52,LISTAS,,
47278,05_019_001,921,322,322,0,8,314,LISTAS,,
47280,05_019_002,847,399,399,0,4,395,LISTAS,,
47282,05_019_003,852,345,345,0,9,336,LISTAS,,
47284,05_020_001,837,581,581,0,9,572,LISTAS,,
47286,05_020_002,1081,844,844,0,8,836,LISTAS,,
47288,05_021_001,689,406,404,0,21,383,LISTAS,,
47290,05_021_002,667,378,378,0,2,376,LISTAS,,
47292,05_022_001,812,509,509,0,10,499,LISTAS,,
47294,05_023_001,546,337,337,0,16,321,LISTAS,,
47296,05_024_001,346,183,183,0,4,179,LISTAS,,
47298,05_025_001,142,118,118,0,1,117,LISTAS,,
47300,05_026_001,540,359,359,0,6,353,LISTAS,,
47302,05_026_002,579,379,379,0,1,378,LISTAS,,
47304,05_027_001,952,582,583,0,25,558,LISTAS,,
47306,05_028_001,28,23,23,0,0,23,LISTAS,,
47308,05_029_001,964,630,630,0,5,625,LISTAS,,
47310,05_029_002,996,725,724,0,3,721,LISTAS,,
47312,05_030_001,930,530,530,0,5,525,LISTAS,,
47314,05_031_001,210,125,126,0,22,104,LISTAS,,
47316,05_032_001,747,487,486,0,1,485,LISTAS,,
47318,05_033_001,1016,538,537,0,14,523,LISTAS,,
47320,05_034_001,906,634,634,0,3,631,LISTAS,,
47322,05_035_001,703,487,487,0,4,483,LISTAS,,
47324,05_036_001,695,443,443,0,2,441,LISTAS,,
47326,05_037_001,689,481,481,0,8,473,LISTAS,,
47328,05_037_002,854,637,637,0,12,625,LISTAS,,
47330,05_038_001,367,159,159,0,4,155,LISTAS,,
47332,05_039_001,744,469,469,0,5,464,LISTAS,,
47334,05_040_001,970,494,494,0,10,484,LISTAS,,
47336,05_040_002,798,543,543,0,3,540,LISTAS,,
47338,05_041_001,649,329,329,0,3,326,LISTAS,,
47340,05_042_001,229,166,166,0,3,163,LISTAS,,
47342,05_043_001,424,305,305,0,1,304,LISTAS,,
47344,05_044_001,586,316,316,0,3,313,LISTAS,,
47346,05_044_002,586,334,334,0,3,331,LISTAS,,
47348,05_044_003,567,357,357,0,1,356,LISTAS,,
47350,05_044_004,651,396,396,0,0,396,LISTAS,,
47352,05_045_001,967,620,620,0,8,612,LISTAS,,
47354,05_046_001,911,522,522,0,7,515,LISTAS,,
47356,05_047_001,136,65,65,0,0,65,LISTAS,,
47358,05_048_001,77,54,54,0,0,54,LISTAS,,
47360,05_049_001,808,595,597,0,28,569,LISTAS,,
47362,05_050_001,155,111,111,0,0,111,LISTAS,,
47364,05_051_001,789,426,426,0,5,421,LISTAS,,
47366,05_051_002,612,418,418,0,3,415,LISTAS,,
47368,05_051_003,662,471,470,0,3,467,LISTAS,,
47370,05_052_001,1190,765,765,0,4,761,LISTAS,,
47372,05_053_001,592,450,450,0,2,448,LISTAS,,
47374,05_053_002,730,540,540,0,5,535,LISTAS,,
47376,05_054_001,119,76,76,0,2,74,LISTAS,,
47378,05_055_001,924,658,658,0,7,651,LISTAS,,
47380,05_056_001,810,600,600,0,5,595,LISTAS,,
47382,05_057_001,164,117,117,0,1,116,LISTAS,,
47384,05_058_001,826,380,380,0,8,372,LISTAS,,
47386,05_058_002,721,384,384,0,3,381,LISTAS,,
47388,05_058_003,734,332,332,0,3,329,LISTAS,,
47390,05_059_001,256,122,124,0,2,122,LISTAS,,
47392,05_060_001,814,631,631,0,5,626,LISTAS,,
47394,05_061_001,355,280,280,0,4,276,LISTAS,,
47396,05_062_001,553,310,310,0,26,284,LISTAS,,
47398,05_063_001,453,316,316,0,4,312,LISTAS,,
47400,05_064_001,552,414,414,0,7,407,LISTAS,,
47402,05_065_001,535,354,354,0,8,346,LISTAS,,
47404,05_066_001,622,391,391,0,2,389,LISTAS,,
47406,05_067_001,206,132,132,0,2,130,LISTAS,,
47408,05_068_001,264,137,137,0,3,134,LISTAS,,
47410,05_069_001,18,13,13,0,1,12,LISTAS,,
47412,05_070_001,219,149,149,0,3,146,LISTAS,,
47414,05_071_001,1178,764,764,0,8,756,LISTAS,,
47824,05_072_001,584,310,310,0,4,306,LISTAS,,
47826,05_073_001,218,157,157,0,1,156,LISTAS,,
47828,05_074_001,231,173,173,0,0,173,LISTAS,,
47830,05_075_001,928,633,633,0,21,612,LISTAS,,
47832,05_075_002,1010,760,756,0,6,750,LISTAS,,
47834,05_075_003,1078,718,717,0,14,703,LISTAS,,
47836,05_075_004,857,595,595,0,6,589,LISTAS,,
47838,05_075_005,852,636,636,0,4,632,LISTAS,,
47840,05_075_006,804,557,557,0,1,556,LISTAS,,
47842,05_075_007,1016,702,702,0,8,694,LISTAS,,
47844,05_075_008,968,606,606,0,19,587,LISTAS,,
47846,05_076_001,439,316,316,0,7,309,LISTAS,,
47848,05_077_001,745,426,426,0,2,424,LISTAS,,
47850,05_077_002,762,490,490,0,6,484,LISTAS,,
47852,05_077_003,774,485,485,0,4,481,LISTAS,,
47854,05_077_004,852,480,480,0,6,474,LISTAS,,
47856,05_077_005,831,505,505,0,3,502,LISTAS,,
47858,05_078_001,783,614,614,0,8,606,LISTAS,,
47860,05_078_002,876,587,587,0,5,582,LISTAS,,
47862,05_078_003,640,359,359,0,58,301,LISTAS,,
47864,05_078_004,749,487,487,0,2,485,LISTAS,,
47866,05_078_005,729,563,563,0,2,561,LISTAS,,
47868,05_078_006,609,420,420,0,12,408,LISTAS,,
47870,05_078_007,442,285,285,0,22,263,LISTAS,,
47872,05_079_001,924,570,570,0,3,567,LISTAS,,
47874,05_080_001,456,297,297,0,10,287,LISTAS,,
47876,05_081_001,48,39,39,0,0,39,LISTAS,,
47878,05_082_001,274,205,205,0,4,201,LISTAS,,
47880,05_083_001,691,329,328,0,2,326,LISTAS,,
47882,05_083_002,548,159,158,0,5,153,LISTAS,,
47884,05_084_001,263,217,216,0,0,216,LISTAS,,
47886,05_085_001,213,128,128,0,0,128,LISTAS,,
47888,05_086_001,692,383,383,0,5,378,LISTAS,,
47890,05_087_001,137,62,62,0,6,56,LISTAS,,
47892,05_088_001,279,174,174,0,5,169,LISTAS,,
47894,05_089_001,780,528,528,0,7,521,LISTAS,,
47896,05_090_001,195,106,106,0,6,100,LISTAS,,
47898,05_091_001,557,324,324,0,5,319,LISTAS,,
47900,05_092_001,360,211,209,0,12,197,LISTAS,,
47902,05_093_001,696,546,546,0,8,538,LISTAS,,
47904,05_093_002,865,636,636,0,6,630,LISTAS,,
47906,05_093_003,1103,718,718,0,8,710,LISTAS,,
47908,05_093_004,638,470,470,0,53,417,LISTAS,,
47910,05_093_005,889,566,565,0,4,561,LISTAS,,
47912,05_093_006,982,647,647,0,8,639,LISTAS,,
47914,05_094_001,93,67,67,0,0,67,LISTAS,,
47916,05_095_001,260,145,145,0,3,142,LISTAS,,
47918,05_096_001,958,618,617,0,64,553,LISTAS,,
47920,05_096_002,974,694,692,0,35,657,LISTAS,,
47922,05_097_001,260,127,131,0,36,95,LISTAS,,
47924,05_098_001,315,240,240,0,3,237,LISTAS,,
47926,05_099_001,95,68,68,0,1,67,LISTAS,,
47928,05_100_001,242,178,178,0,5,173,LISTAS,,
47930,05_101_001,252,149,148,0,7,141,LISTAS,,
47932,05_102_001,151,120,120,0,1,119,LISTAS,,
47934,05_103_001,22,15,15,0,0,15,LISTAS,,
47936,05_104_001,136,83,83,0,0,83,LISTAS,,
47938,05_105_001,157,111,111,0,0,111,LISTAS,,
47940,05_106_001,70,53,53,0,0,53,LISTAS,,
47942,05_107_001,307,225,225,0,1,224,LISTAS,,
47944,05_108_001,461,356,355,0,2,353,LISTAS,,
47946,05_109_001,619,395,395,0,4,391,LISTAS,,
47948,05_109_002,563,370,370,0,3,367,LISTAS,,
47950,05_109_003,644,400,400,0,0,400,LISTAS,,
47952,05_109_004,212,93,93,0,3,90,LISTAS,,
47954,05_110_001,605,363,363,0,10,353,LISTAS,,
47956,05_111_001,452,340,340,0,3,337,LISTAS,,
47958,05_112_001,68,50,50,0,0,50,LISTAS,,
47960,05_113_001,782,552,552,0,6,546,LISTAS,,
47962,05_113_002,749,424,423,0,4,419,LISTAS,,
47964,05_114_001,464,272,272,0,1,271,LISTAS,,
48360,05_115_001,446,261,261,0,15,246,LISTAS,,
48362,05_116_001,655,446,446,0,3,443,LISTAS,,
48364,05_116_002,688,404,405,0,22,383,LISTAS,,
48366,05_117_001,467,293,293,0,0,293,LISTAS,,
48368,05_118_001,615,301,300,0,6,294,LISTAS,,
48370,05_118_002,599,323,323,0,5,318,LISTAS,,
48372,05_119_001,789,542,542,0,3,539,LISTAS,,
48374,05_119_002,825,585,585,0,6,579,LISTAS,,
48376,05_120_001,108,92,92,0,0,92,LISTAS,,
48378,05_121_001,95,79,79,0,1,78,LISTAS,,
48380,05_122_001,170,124,124,0,1,123,LISTAS,,
48382,05_123_001,587,424,424,0,12,412,LISTAS,,
48384,05_123_002,628,375,375,0,7,368,LISTAS,,
48386,05_124_001,805,546,546,0,9,537,LISTAS,,
48388,05_125_001,232,180,180,0,3,177,LISTAS,,
48390,05_126_001,842,541,541,0,9,532,LISTAS,,
48392,05_127_001,559,417,416,0,0,416,LISTAS,,
48394,05_128_001,528,430,429,0,5,424,LISTAS,,
48396,05_129_001,107,78,78,0,3,75,LISTAS,,
48398,05_130_001,161,104,104,0,3,101,LISTAS,,
48400,05_131_001,114,74,74,0,3,71,LISTAS,,
48402,05_131_002,1096,752,752,0,7,745,LISTAS,,
48404,05_132_001,245,176,176,0,3,173,LISTAS,,
48406,05_133_001,908,556,554,0,19,535,LISTAS,,
48408,05_133_002,874,550,550,0,18,532,LISTAS,,
48410,05_133_003,905,595,595,0,4,591,LISTAS,,
48412,05_134_001,154,90,90,0,2,88,LISTAS,,
48414,05_135_001,306,164,164,0,2,162,LISTAS,,
48416,05_136_001,130,105,105,0,1,104,LISTAS,,
48418,05_137_001,677,337,337,0,24,313,LISTAS,,
48420,05_138_001,410,260,258,0,2,256,LISTAS,,
48422,05_139_001,757,511,511,0,6,505,LISTAS,,
48424,05_140_001,464,322,322,0,4,318,LISTAS,,
48426,05_141_001,692,458,457,0,1,456,LISTAS,,
48428,05_142_001,698,441,440,0,11,429,LISTAS,,
48430,05_143_001,887,550,549,0,12,537,LISTAS,,
48432,05_144_001,87,63,63,0,0,63,LISTAS,,
48434,05_145_001,932,599,599,0,8,591,LISTAS,,
48436,05_146_001,66,56,56,0,0,56,LISTAS,,
48438,05_147_001,658,429,429,0,10,419,LISTAS,,
48440,05_147_002,637,387,386,0,2,384,LISTAS,,
48442,05_148_001,373,201,201,0,8,193,LISTAS,,
48444,05_149_001,743,422,421,0,3,418,LISTAS,,
48446,05_149_002,614,309,309,0,3,306,LISTAS,,
48448,05_150_001,220,158,158,0,0,158,LISTAS,,
48450,05_151_001,706,339,339,0,5,334,LISTAS,,
48452,05_151_002,703,448,448,0,6,442,LISTAS,,
48454,05_152_001,394,236,236,0,4,232,LISTAS,,
48456,05_153_001,656,507,506,0,3,503,LISTAS,,
48458,05_153_002,683,526,526,0,3,523,LISTAS,,
48460,05_153_003,770,405,405,0,8,397,LISTAS,,
48462,05_153_004,630,425,425,0,0,425,LISTAS,,
48464,05_153_005,3381,2871,2867,-4,10,2857,LISTAS,,
48466,05_153_006,749,530,530,0,0,530,LISTAS,,
48468,05_153_007,729,371,371,0,3,368,LISTAS,,
48470,05_153_008,610,281,281,0,5,276,LISTAS,,
48472,05_153_009,752,363,363,0,4,359,LISTAS,,
48474,05_153_010,1015,556,556,0,5,551,LISTAS,,
48476,05_153_011,613,457,457,0,2,455,LISTAS,,
48478,05_153_012,562,390,390,0,5,385,LISTAS,,
48480,05_153_013,802,559,559,0,4,555,LISTAS,,
48482,05_153_014,556,402,403,0,14,389,LISTAS,,
48484,05_153_015,792,542,541,0,3,538,LISTAS,,
48486,05_153_016,976,626,626,0,2,624,LISTAS,,
48488,05_153_017,745,465,465,0,4,461,LISTAS,,
48490,05_153_018,875,399,399,0,5,394,LISTAS,,
48888,05_153_019,862,519,519,0,1,518,LISTAS,,
48890,05_153_020,780,499,499,0,1,498,LISTAS,,
48892,05_153_021,618,375,375,0,2,373,LISTAS,,
48894,05_153_022,551,312,312,0,4,308,LISTAS,,
48896,05_153_023,963,577,575,0,1,574,LISTAS,,
48898,05_153_024,925,576,574,0,3,571,LISTAS,,
48900,05_153_025,853,573,573,0,5,568,LISTAS,,
48902,05_153_026,729,485,485,0,2,483,LISTAS,,
48904,05_153_027,568,351,351,0,4,347,LISTAS,,
48906,05_153_028,641,430,429,0,3,426,LISTAS,,
48908,05_153_029,682,455,453,0,1,452,LISTAS,,
48910,05_153_030,817,523,524,0,15,509,LISTAS,,
48912,05_154_001,416,311,311,0,2,309,LISTAS,,
48914,05_155_001,138,91,91,0,0,91,LISTAS,,
48916,05_156_001,49,36,36,0,0,36,LISTAS,,
48918,05_157_001,702,442,431,0,16,415,LISTAS,,
48920,05_158_001,363,216,216,0,4,212,LISTAS,,
48922,05_159_001,947,533,533,0,8,525,LISTAS,,
48924,05_160_001,25,19,19,0,2,17,LISTAS,,
48926,05_161_001,615,383,383,0,20,363,LISTAS,,
48928,05_161_002,646,376,376,0,8,368,LISTAS,,
48930,05_162_001,125,79,79,0,0,79,LISTAS,,
48932,05_163_001,135,81,81,0,0,81,LISTAS,,
48934,05_163_002,498,277,277,0,1,276,LISTAS,,
48936,05_164_001,139,106,106,0,1,105,LISTAS,,
48938,05_165_001,644,434,434,0,3,431,LISTAS,,
48940,05_165_002,624,364,362,0,3,359,LISTAS,,
48942,05_166_001,269,197,197,0,6,191,LISTAS,,
48944,05_167_001,269,190,190,0,2,188,LISTAS,,
48946,05_168_001,141,91,91,0,5,86,LISTAS,,
48948,05_169_001,248,170,170,0,0,170,LISTAS,,
48950,05_170_001,793,573,573,0,4,569,LISTAS,,
48952,05_170_002,891,651,651,0,1,650,LISTAS,,
48954,05_171_001,182,140,141,0,11,130,LISTAS,,
48956,05_172_001,214,170,169,0,9,160,LISTAS,,
48958,05_173_001,497,328,327,0,3,324,LISTAS,,
48960,05_174_001,240,181,181,0,1,180,LISTAS,,
48962,05_175_001,478,218,218,0,7,211,LISTAS,,
48964,05_176_001,909,577,573,0,8,565,LISTAS,,
48966,05_177_001,363,216,216,0,7,209,LISTAS,,
48968,05_178_001,143,106,106,0,3,103,LISTAS,,
48970,05_179_001,524,346,346,0,3,343,LISTAS,,
48972,05_179_002,725,453,453,0,4,449,LISTAS,,
48974,05_180_001,450,344,342,0,3,339,LISTAS,,
48976,05_181_001,196,68,68,0,3,65,LISTAS,,
48978,05_182_001,212,138,138,0,0,138,LISTAS,,
48980,05_183_001,1189,713,712,0,19,693,LISTAS,,
48982,05_184_001,344,236,236,0,22,214,LISTAS,,
48984,05_185_001,228,166,166,0,1,165,LISTAS,,
48986,05_186_001,42,32,32,0,0,32,LISTAS,,
48988,05_187_001,686,371,371,0,4,367,LISTAS,,
48990,05_188_001,323,195,195,0,8,187,LISTAS,,
48992,05_189_001,929,645,644,0,2,642,LISTAS,,
48994,05_189_002,848,596,597,0,21,576,LISTAS,,
48996,05_190_001,767,475,474,0,2,472,LISTAS,,
48998,05_190_002,701,422,421,0,1,420,LISTAS,,
49000,05_190_003,656,476,476,0,2,474,LISTAS,,
49002,05_190_004,635,487,487,0,1,486,LISTAS,,
49004,05_190_005,626,438,438,0,1,437,LISTAS,,
49006,05_191_001,392,272,272,0,6,266,LISTAS,,
49008,05_192_001,653,319,319,0,9,310,LISTAS,,
49010,05_192_002,619,401,401,0,2,399,LISTAS,,
49012,05_192_003,661,436,436,0,4,432,LISTAS,,
49014,05_193_001,145,102,102,0,2,100,LISTAS,,
49016,05_194_001,982,618,618,0,7,611,LISTAS,,
49018,05_194_002,877,552,552,0,5,547,LISTAS,,
49020,05_194_003,962,650,647,0,2,645,LISTAS,,
49022,05_194_004,844,537,537,0,11,526,LISTAS,,
49024,05_194_005,956,628,628,0,6,622,LISTAS,,
49424,05_195_001,589,344,344,0,6,338,LISTAS,,
49426,05_195_002,583,409,409,0,2,407,LISTAS,,
49428,05_195_003,577,389,389,0,2,387,LISTAS,,
49430,05_195_004,571,345,345,0,6,339,LISTAS,,
49432,05_195_005,615,371,371,0,3,368,LISTAS,,
49434,05_196_001,887,727,727,0,3,724,LISTAS,,
49436,05_196_002,840,669,669,0,5,664,LISTAS,,
49438,05_196_003,811,618,618,0,4,614,LISTAS,,
49440,05_196_004,860,560,560,0,4,556,LISTAS,,
49442,05_196_005,908,584,584,0,8,576,LISTAS,,
49444,05_196_006,811,522,522,0,7,515,LISTAS,,
49446,05_196_007,756,555,553,0,4,549,LISTAS,,
49448,05_196_008,795,613,613,0,3,610,LISTAS,,
49450,05_196_009,750,596,595,0,3,592,LISTAS,,
49452,05_196_010,1012,729,729,0,13,716,LISTAS,,
49454,05_196_011,868,624,624,0,5,619,LISTAS,,
49456,05_196_012,3000,2521,2522,1,29,2493,LISTAS,,
49458,05_196_013,816,609,609,0,4,605,LISTAS,,
49460,05_196_014,651,499,499,0,5,494,LISTAS,,
49462,05_196_015,771,591,591,0,4,587,LISTAS,,
49464,05_196_016,747,556,554,0,5,549,LISTAS,,
49466,05_197_001,829,590,590,0,6,584,LISTAS,,
49468,05_198_001,671,482,482,0,1,481,LISTAS,,
49470,05_198_002,629,440,440,0,8,432,LISTAS,,
49472,05_199_001,927,579,577,0,7,570,LISTAS,,
49474,05_199_002,822,481,481,0,17,464,LISTAS,,
49476,05_200_001,624,331,331,0,3,328,LISTAS,,
49478,05_200_002,627,407,407,0,7,400,LISTAS,,
49480,05_201_001,413,314,313,0,3,310,LISTAS,,
49482,05_202_001,611,290,290,0,2,288,LISTAS,,
49484,05_202_002,629,259,259,0,7,252,LISTAS,,
49486,05_202_003,601,440,440,0,3,437,LISTAS,,
49488,05_202_004,3376,2933,2920,-13,67,2853,LISTAS,,
49490,05_202_005,603,393,393,0,2,391,LISTAS,,
49492,05_202_006,624,439,439,0,0,439,LISTAS,,
49494,05_202_007,670,498,498,0,3,495,LISTAS,,
49496,05_202_008,782,570,570,0,1,569,LISTAS,,
49498,05_202_009,713,366,366,0,1,365,LISTAS,,
49500,05_202_010,675,514,516,0,21,495,LISTAS,,
49502,05_202_011,896,656,656,0,1,655,LISTAS,,
49504,05_202_012,698,541,541,0,5,536,LISTAS,,
49506,05_202_013,775,527,526,0,5,521,LISTAS,,
49508,05_202_014,861,687,687,0,7,680,LISTAS,,
49510,05_202_015,916,736,736,0,5,731,LISTAS,,
49512,05_202_016,1024,801,799,0,8,791,LISTAS,,
49514,05_202_017,1068,839,839,0,5,834,LISTAS,,
49516,05_202_018,1077,798,797,0,4,793,LISTAS,,
49518,05_202_019,686,423,423,0,7,416,LISTAS,,
49520,05_202_020,883,644,637,0,4,633,LISTAS,,
49522,05_202_021,826,599,597,0,1,596,LISTAS,,
49524,05_202_022,752,579,578,0,6,572,LISTAS,,
49526,05_202_023,770,544,544,0,5,539,LISTAS,,
49528,05_202_024,815,598,596,0,5,591,LISTAS,,
49530,05_202_025,660,478,478,0,3,475,LISTAS,,
49532,05_202_026,1002,773,772,0,2,770,LISTAS,,
49534,05_202_027,1112,866,868,0,24,844,LISTAS,,
49536,05_202_028,803,595,595,0,3,592,LISTAS,,
49538,05_202_029,634,511,507,0,1,506,LISTAS,,
49540,05_202_030,689,480,480,0,1,479,LISTAS,,
49542,05_202_031,501,268,268,0,6,262,LISTAS,,
49544,05_202_032,978,704,704,0,2,702,LISTAS,,
49546,05_202_033,762,496,496,0,3,493,LISTAS,,
49548,05_202_034,881,552,552,0,6,546,LISTAS,,
49944,05_202_035,979,584,584,0,1,583,LISTAS,,
49946,05_202_036,977,677,677,0,4,673,LISTAS,,
49948,05_202_037,902,573,573,0,3,570,LISTAS,,
49950,05_202_038,796,507,504,0,0,504,LISTAS,,
49952,05_202_039,919,556,556,0,6,550,LISTAS,,
49954,05_202_040,905,572,571,0,2,569,LISTAS,,
49956,05_202_041,745,389,389,0,2,387,LISTAS,,
49958,05_202_042,877,527,527,0,3,524,LISTAS,,
49960,05_202_043,800,531,531,0,5,526,LISTAS,,
49962,05_202_044,949,545,545,0,6,539,LISTAS,,
49964,05_202_045,884,480,480,0,4,476,LISTAS,,
49966,05_202_046,1044,643,643,0,5,638,LISTAS,,
49968,05_202_047,956,643,643,0,5,638,LISTAS,,
49970,05_202_048,841,575,575,0,4,571,LISTAS,,
49972,05_202_049,877,540,540,0,8,532,LISTAS,,
49974,05_202_050,751,571,571,0,3,568,LISTAS,,
49976,05_202_051,649,465,465,0,0,465,LISTAS,,
49978,05_202_052,645,445,445,0,0,445,LISTAS,,
49980,05_202_053,898,608,608,0,1,607,LISTAS,,
49982,05_202_054,909,648,648,0,1,647,LISTAS,,
49984,05_202_055,632,540,540,0,0,540,LISTAS,,
49986,05_202_056,611,508,508,0,2,506,LISTAS,,
49988,05_202_057,911,613,612,0,0,612,LISTAS,,
49990,05_202_058,685,440,440,0,1,439,LISTAS,,
49992,05_202_059,627,489,490,0,12,478,LISTAS,,
49994,05_202_060,581,499,499,0,1,498,LISTAS,,
49996,05_202_061,591,494,494,0,1,493,LISTAS,,
49998,05_202_062,760,558,558,0,1,557,LISTAS,,
50000,05_202_063,698,471,471,0,1,470,LISTAS,,
50002,05_202_064,867,632,631,0,2,629,LISTAS,,
50004,05_202_065,806,536,535,0,2,533,LISTAS,,
50006,05_202_066,808,538,521,0,6,515,LISTAS,,
50008,05_202_067,636,441,441,0,0,441,LISTAS,,
50010,05_202_068,758,529,529,0,1,528,LISTAS,,
50012,05_202_069,724,577,577,0,1,576,LISTAS,,
50014,05_202_070,713,544,544,0,1,543,LISTAS,,
50016,05_202_071,631,442,442,0,0,442,LISTAS,,
50018,05_202_072,740,528,528,0,3,525,LISTAS,,
50020,05_202_073,696,509,508,0,4,504,LISTAS,,
50022,05_202_074,859,474,473,0,3,470,LISTAS,,
50024,05_202_075,754,468,468,0,2,466,LISTAS,,
50026,05_202_076,810,533,532,0,3,529,LISTAS,,
50028,05_202_077,724,520,520,0,4,516,LISTAS,,
50030,05_202_078,607,468,467,0,2,465,LISTAS,,
50032,05_202_079,566,384,383,0,2,381,LISTAS,,
50034,05_202_080,690,485,485,0,2,483,LISTAS,,
50036,05_202_081,921,649,648,0,3,645,LISTAS,,
50038,05_202_082,908,651,650,0,2,648,LISTAS,,
50040,05_202_083,615,487,485,0,3,482,LISTAS,,
50042,05_202_084,783,607,607,0,4,603,LISTAS,,
50044,05_202_085,670,513,513,0,1,512,LISTAS,,
50046,05_202_086,1095,814,814,0,2,812,LISTAS,,
50048,05_202_087,624,447,447,0,7,440,LISTAS,,
50050,05_202_088,672,491,491,0,5,486,LISTAS,,
50052,05_202_089,819,592,591,0,2,589,LISTAS,,
50054,05_202_090,624,342,342,0,10,332,LISTAS,,
50056,05_202_091,909,681,679,0,2,677,LISTAS,,
50058,05_202_092,613,326,326,0,2,324,LISTAS,,
50060,05_202_093,577,405,405,0,3,402,LISTAS,,
50062,05_202_094,641,375,375,0,3,372,LISTAS,,
50064,05_202_095,616,348,348,0,2,346,LISTAS,,
50458,05_202_096,919,272,272,0,3,269,LISTAS,,
50460,05_202_097,677,478,478,0,1,477,LISTAS,,
50462,05_202_098,716,513,513,0,1,512,LISTAS,,
50464,05_202_099,637,459,447,0,1,446,LISTAS,,
50466,05_202_100,629,420,420,0,2,418,LISTAS,,
50468,05_202_101,847,603,602,0,3,599,LISTAS,,
50470,05_202_102,681,470,468,0,8,460,LISTAS,,
50472,05_202_103,865,608,608,0,3,605,LISTAS,,
50474,05_202_104,944,684,684,0,6,678,LISTAS,,
50476,05_202_105,1016,773,773,0,5,768,LISTAS,,
50478,05_202_106,1070,758,758,0,4,754,LISTAS,,
50480,05_202_107,906,646,646,0,3,643,LISTAS,,
50482,05_202_108,754,499,498,0,4,494,LISTAS,,
50484,05_202_109,633,437,437,0,1,436,LISTAS,,
50486,05_202_110,711,502,502,0,4,498,LISTAS,,
50488,05_202_111,723,501,499,0,0,499,LISTAS,,
50490,05_202_112,618,477,477,0,2,475,LISTAS,,
50492,05_202_113,601,480,480,0,2,478,LISTAS,,
50494,05_202_114,589,433,433,0,3,430,LISTAS,,
50496,05_202_115,726,527,527,0,3,524,LISTAS,,
50498,05_202_116,3409,2990,2975,-15,7,2968,LISTAS,,
50500,05_202_117,960,629,628,0,5,623,LISTAS,,
50502,05_202_118,1260,377,374,0,46,328,LISTAS,,
50504,05_202_119,648,409,409,0,7,402,LISTAS,,
50506,05_202_120,807,504,504,0,9,495,LISTAS,,
50508,05_202_121,811,609,609,0,4,605,LISTAS,,
50510,05_202_122,637,417,417,0,2,415,LISTAS,,
50512,05_202_123,880,427,427,0,4,423,LISTAS,,
50514,05_202_124,924,649,648,0,7,641,LISTAS,,
50516,05_202_125,966,711,711,0,8,703,LISTAS,,
50518,05_202_126,1011,752,752,0,2,750,LISTAS,,
50520,05_202_127,1080,583,583,0,4,579,LISTAS,,
50522,05_202_128,970,488,488,0,26,462,LISTAS,,
50524,05_202_129,457,333,333,0,2,331,LISTAS,,
50526,05_202_130,698,463,462,0,3,459,LISTAS,,
50528,05_202_131,667,502,501,0,1,500,LISTAS,,
50530,05_202_132,677,491,491,0,0,491,LISTAS,,
50532,05_202_133,991,671,671,0,1,670,LISTAS,,
50534,05_202_134,822,644,644,0,9,635,LISTAS,,
50536,05_202_135,795,598,598,0,3,595,LISTAS,,
50538,05_202_136,856,674,674,0,8,666,LISTAS,,
50540,05_202_137,876,683,683,0,5,678,LISTAS,,
50542,05_202_138,926,664,663,0,6,657,LISTAS,,
50544,05_202_139,618,378,378,0,5,373,LISTAS,,
50546,05_202_140,640,413,413,0,6,407,LISTAS,,
50548,05_202_141,732,485,484,0,7,477,LISTAS,,
50550,05_202_142,730,470,470,0,2,468,LISTAS,,
50552,05_202_143,655,470,470,0,2,468,LISTAS,,
50554,05_202_144,651,441,441,0,3,438,LISTAS,,
50556,05_202_145,686,484,484,0,4,480,LISTAS,,
50558,05_202_146,1164,803,803,0,0,803,LISTAS,,
50560,05_202_147,1015,676,672,0,2,670,LISTAS,,
50562,05_202_148,1089,714,714,0,7,707,LISTAS,,
50564,05_202_149,849,600,599,0,4,595,LISTAS,,
50566,05_202_150,878,658,658,0,5,653,LISTAS,,
50568,05_202_151,742,539,539,0,4,535,LISTAS,,
50570,05_202_152,887,621,620,0,4,616,LISTAS,,
50572,05_202_153,978,709,709,0,2,707,LISTAS,,
50574,05_202_154,829,656,656,0,6,650,LISTAS,,
50576,05_202_155,384,288,288,0,1,287,LISTAS,,
50578,05_202_156,736,536,536,0,4,532,LISTAS,,
50580,05_202_157,659,521,521,0,2,519,LISTAS,,
50978,05_202_158,628,495,495,0,0,495,LISTAS,,
50980,05_202_159,692,499,499,0,1,498,LISTAS,,
50982,05_202_160,136,106,106,0,1,105,LISTAS,,
50984,05_203_001,62,47,47,0,2,45,LISTAS,,
50986,05_204_001,191,107,107,0,1,106,LISTAS,,
50988,05_205_001,597,371,371,0,10,361,LISTAS,,
50990,05_205_002,565,392,392,0,4,388,LISTAS,,
50992,05_206_001,392,301,301,0,4,297,LISTAS,,
50994,05_207_001,844,547,547,0,3,544,LISTAS,,
50996,05_207_002,732,419,418,0,6,412,LISTAS,,
50998,05_207_003,808,480,479,0,7,472,LISTAS,,
51000,05_208_001,693,456,456,0,10,446,LISTAS,,
51002,05_209_001,589,389,389,0,22,367,LISTAS,,
51004,05_210_001,58,37,37,0,0,37,LISTAS,,
51006,05_211_001,250,183,183,0,7,176,LISTAS,,
51008,05_212_001,553,274,274,0,5,269,LISTAS,,
51010,05_213_001,581,360,359,0,2,357,LISTAS,,
51012,05_214_001,714,436,436,0,1,435,LISTAS,,
51014,05_215_001,223,169,169,0,7,162,LISTAS,,
51016,05_216_001,1020,565,556,0,14,542,LISTAS,,
51018,05_217_001,850,609,609,0,7,602,LISTAS,,
51020,05_217_002,751,525,525,0,1,524,LISTAS,,
51022,05_217_003,783,524,524,0,5,519,LISTAS,,
51024,05_217_004,776,541,541,0,4,537,LISTAS,,
51026,05_217_005,883,573,573,0,3,570,LISTAS,,
51028,05_218_001,26,17,17,0,0,17,LISTAS,,
51030,05_219_001,307,202,202,0,4,198,LISTAS,,
51032,05_220_001,241,166,166,0,1,165,LISTAS,,
51034,05_221_001,601,393,393,0,8,385,LISTAS,,
51036,05_221_002,640,357,355,0,10,345,LISTAS,,
51038,05_222_001,716,437,437,0,10,427,LISTAS,,
51040,05_222_002,854,472,473,0,30,443,LISTAS,,
51042,05_222_003,907,639,639,0,2,637,LISTAS,,
51044,05_222_004,891,676,676,0,6,670,LISTAS,,
51046,05_222_005,157,113,113,0,1,112,LISTAS,,
51048,05_222_006,97,61,61,0,2,59,LISTAS,,
51050,05_223_001,612,302,302,0,3,299,LISTAS,,
51052,05_223_002,588,314,314,0,0,314,LISTAS,,
51054,05_224_001,305,210,210,0,1,209,LISTAS,,
51056,05_225_001,892,530,530,0,6,524,LISTAS,,
51058,05_225_002,922,526,525,0,14,511,LISTAS,,
51060,05_226_001,618,347,347,0,1,346,LISTAS,,
51062,05_226_002,870,502,501,0,5,496,LISTAS,,
51064,05_226_003,942,519,519,0,3,516,LISTAS,,
51066,05_226_004,1005,575,575,0,3,572,LISTAS,,
51068,05_226_005,843,493,493,0,1,492,LISTAS,,
51070,05_226_006,1257,752,752,0,6,746,LISTAS,,
51072,05_226_007,837,475,475,0,3,472,LISTAS,,
51074,05_226_008,749,404,404,0,2,402,LISTAS,,
51076,05_226_009,615,364,364,0,6,358,LISTAS,,
51078,05_226_010,726,352,352,0,1,351,LISTAS,,
51080,05_226_011,896,549,549,0,2,547,LISTAS,,
51082,05_226_012,910,600,600,0,3,597,LISTAS,,
51084,05_226_013,793,521,522,0,14,508,LISTAS,,
51086,05_226_014,750,452,452,0,1,451,LISTAS,,
51088,05_226_015,766,487,487,0,2,485,LISTAS,,
51090,05_226_016,671,528,527,0,3,524,LISTAS,,
51092,05_226_017,675,430,431,0,14,417,LISTAS,,
51094,05_226_018,306,206,206,0,2,204,LISTAS,,
51096,05_226_019,651,343,343,0,5,338,LISTAS,,
51098,05_226_020,686,363,363,0,0,363,LISTAS,,
51100,05_226_021,412,258,258,0,5,253,LISTAS,,
51102,05_226_022,205,122,122,0,3,119,LISTAS,,
51104,05_226_023,817,392,392,0,4,388,LISTAS,,
51106,05_226_024,844,426,426,0,5,421,LISTAS,,
51108,05_226_025,888,312,312,0,10,302,LISTAS,,
51110,05_226_026,721,322,322,0,9,313,LISTAS,,
51112,05_226_027,659,313,313,0,0,313,LISTAS,,
51114,05_226_028,740,362,362,0,2,360,LISTAS,,
42528,05_226_029,226,120,120,0,7,113,LISTAS,,
42530,05_226_030,2592,2189,2183,-6,7,2176,LISTAS,,
42532,05_226_031,892,426,426,0,9,417,LISTAS,,
42534,05_226_032,934,477,477,0,5,472,LISTAS,,
42536,05_226_033,948,587,587,0,3,584,LISTAS,,
42538,05_226_034,786,416,416,0,3,413,LISTAS,,
42540,05_226_035,916,457,457,0,1,456,LISTAS,,
42542,05_226_036,480,224,223,0,1,222,LISTAS,,
42544,05_226_037,277,102,102,0,0,102,LISTAS,,
42547,05_227_001,35,26,26,0,0,26,LISTAS,,
42545,05_228_001,942,579,579,0,5,574,LISTAS,,
42550,05_229_001,1119,601,599,0,12,587,LISTAS,,
42555,05_230_001,864,591,590,0,5,585,LISTAS,,
42552,05_231_001,50,39,39,0,0,39,LISTAS,,
42557,05_232_001,248,145,145,0,3,142,LISTAS,,
42553,05_233_001,25,18,18,0,0,18,LISTAS,,
42561,05_234_001,652,353,352,0,5,347,LISTAS,,
42563,05_235_001,922,618,618,0,8,610,LISTAS,,
42559,05_235_002,933,626,626,0,26,600,LISTAS,,
42566,05_236_001,175,141,141,0,0,141,LISTAS,,
42607,05_237_001,146,101,101,0,9,92,LISTAS,,
42568,05_238_001,792,519,519,0,8,511,LISTAS,,
42570,05_238_002,632,331,330,0,14,316,LISTAS,,
42572,05_238_003,501,322,322,0,3,319,LISTAS,,
42574,05_238_004,675,462,461,0,13,448,LISTAS,,
42576,05_238_005,655,336,336,0,10,326,LISTAS,,
42578,05_238_006,787,511,510,0,8,502,LISTAS,,
42580,05_238_007,550,387,387,0,3,384,LISTAS,,
42582,05_238_008,295,176,176,0,4,172,LISTAS,,
42584,05_239_001,474,319,310,0,1,309,LISTAS,,
42586,05_240_001,493,303,303,0,2,301,LISTAS,,
42588,05_241_001,568,288,288,0,1,287,LISTAS,,
42590,05_242_001,273,193,193,0,3,190,LISTAS,,
42592,05_243_001,401,263,263,0,10,253,LISTAS,,
42594,05_244_001,749,530,530,0,33,497,LISTAS,,
42596,05_245_001,74,57,57,0,0,57,LISTAS,,
42598,05_246_001,383,289,289,0,1,288,LISTAS,,
42600,05_247_001,397,231,231,0,5,226,LISTAS,,
42602,05_248_001,623,279,279,0,20,259,LISTAS,,
42604,05_248_002,627,317,317,0,6,311,LISTAS,,
42609,05_249_001,737,436,435,0,6,429,LISTAS,,
42605,05_249_002,635,332,332,0,3,329,LISTAS,,
42612,05_249_003,585,324,323,0,1,322,LISTAS,,
42614,05_250_001,578,298,298,0,14,284,LISTAS,,
42616,05_251_001,734,484,484,0,1,483,LISTAS,,
42618,05_251_002,637,396,396,0,10,386,LISTAS,,
42620,05_251_003,739,458,458,0,6,452,LISTAS,,
42622,05_252_001,853,622,622,0,5,617,LISTAS,,
42624,05_253_001,282,182,182,0,2,180,LISTAS,,
42626,05_254_001,780,471,470,0,8,462,LISTAS,,
42628,05_255_001,505,359,359,0,3,356,LISTAS,,
42631,05_256_001,746,394,394,0,12,382,LISTAS,,
42629,05_256_002,538,297,297,0,4,293,LISTAS,,
42634,05_256_003,834,482,482,0,43,439,LISTAS,,
42636,05_257_001,320,213,213,0,3,210,LISTAS,,
42638,05_258_001,1233,882,881,0,3,878,LISTAS,,
42640,05_259_001,1101,741,741,0,4,737,LISTAS,,
42642,05_259_002,1180,649,648,0,12,636,LISTAS,,
42937,05_260_001,342,221,221,0,1,220,LISTAS,,
42644,05_261_001,178,109,109,0,1,108,LISTAS,,
42646,05_262_001,352,216,216,0,10,206,LISTAS,,
42648,05_263_001,1065,799,799,0,3,796,LISTAS,,
42650,05_264_001,613,457,457,0,4,453,LISTAS,,
42652,05_265_001,1149,678,678,0,12,666,LISTAS,,
42654,05_266_001,406,254,254,0,3,251,LISTAS,,
42656,05_267_001,309,219,218,0,2,216,LISTAS,,
42658,05_268_001,1084,674,674,0,6,668,LISTAS,,
42660,05_268_002,644,368,368,0,3,365,LISTAS,,
42662,05_268_003,686,390,391,0,14,377,LISTAS,,
43050,05_268_004,1121,720,720,0,5,715,LISTAS,,
43052,05_268_005,1052,218,218,0,5,213,LISTAS,,
43054,05_268_006,289,198,198,0,2,196,LISTAS,,
43056,05_268_007,1058,655,655,0,5,650,LISTAS,,
43058,05_268_008,1063,665,665,0,2,663,LISTAS,,
43060,05_268_009,1282,749,749,0,1,748,LISTAS,,
43062,05_268_010,1319,772,772,0,0,772,LISTAS,,
43064,05_269_001,842,570,570,0,10,560,LISTAS,,
43066,05_269_002,947,687,687,0,4,683,LISTAS,,
43068,05_270_001,858,609,609,0,2,607,LISTAS,,
43070,05_270_002,838,567,567,0,2,565,LISTAS,,
43072,05_271_001,613,364,364,0,2,362,LISTAS,,
43074,05_272_001,1245,839,838,0,18,820,LISTAS,,
43076,05_273_001,195,133,132,0,4,128,LISTAS,,
43078,05_274_001,735,525,525,0,3,522,LISTAS,,
43080,05_274_002,629,405,405,0,1,404,LISTAS,,
43082,05_274_003,653,473,473,0,7,466,LISTAS,,
43084,05_274_004,595,438,438,0,1,437,LISTAS,,
43086,05_274_005,705,460,460,0,0,460,LISTAS,,
43088,05_274_006,636,383,382,0,10,372,LISTAS,,
43090,05_274_007,740,500,500,0,8,492,LISTAS,,
43092,05_274_008,687,415,415,0,5,410,LISTAS,,
43094,05_274_009,594,388,388,0,3,385,LISTAS,,
43096,05_274_010,691,500,500,0,0,500,LISTAS,,
43098,05_274_011,649,464,465,0,13,452,LISTAS,,
43100,05_274_012,691,485,485,0,8,477,LISTAS,,
43102,05_274_013,436,295,293,0,0,293,LISTAS,,
43104,05_274_014,593,386,386,0,11,375,LISTAS,,
43106,05_274_015,191,70,70,0,9,61,LISTAS,,
43108,05_274_016,278,156,156,0,2,154,LISTAS,,
43110,05_274_017,119,70,70,0,1,69,LISTAS,,
43151,05_275_001,884,536,536,0,5,531,LISTAS,,
43112,05_276_001,426,305,303,0,8,295,LISTAS,,
43114,05_276_002,586,370,370,0,11,359,LISTAS,,
43116,05_276_003,593,384,383,0,2,381,LISTAS,,
43118,05_276_004,203,159,159,0,4,155,LISTAS,,
43120,05_276_005,626,450,450,0,6,444,LISTAS,,
43122,05_276_006,638,355,355,0,16,339,LISTAS,,
43124,05_276_007,707,430,430,0,5,425,LISTAS,,
43126,05_276_008,687,355,355,0,12,343,LISTAS,,
43128,05_276_009,755,457,457,0,4,453,LISTAS,,
43130,05_276_010,817,530,530,0,6,524,LISTAS,,
43132,05_276_011,641,398,397,0,3,394,LISTAS,,
43134,05_276_012,761,518,518,0,2,516,LISTAS,,
43136,05_276_013,699,501,501,0,2,499,LISTAS,,
43138,05_276_014,4055,3390,3382,-8,13,3369,LISTAS,,
43140,05_276_015,734,491,491,0,13,478,LISTAS,,
43142,05_276_016,655,478,478,0,4,474,LISTAS,,
43144,05_276_017,598,429,429,0,6,423,LISTAS,,
43146,05_276_018,572,355,354,0,4,350,LISTAS,,
43148,05_276_019,244,180,180,0,2,178,LISTAS,,
43149,05_277_001,329,199,199,0,5,194,LISTAS,,
43154,05_278_001,373,128,128,0,5,123,LISTAS,,
43156,05_279_001,781,467,466,0,4,462,LISTAS,,
43158,05_280_001,31,27,27,0,0,27,LISTAS,,
43160,05_281_001,178,121,121,0,1,120,LISTAS,,
43162,05_282_001,88,69,69,0,0,69,LISTAS,,
43164,05_283_001,371,263,263,0,2,261,LISTAS,,
43166,05_284_001,765,384,383,0,4,379,LISTAS,,
43168,05_285_001,728,396,396,0,12,384,LISTAS,,
43495,05_286_001,97,54,54,0,0,54,LISTAS,,
43170,05_287_001,238,166,166,0,2,164,LISTAS,,
43172,05_288_001,195,134,134,0,0,134,LISTAS,,
43174,05_289_001,266,144,144,0,4,140,LISTAS,,
45226,05_290_001,714,385,385,0,10,375,LISTAS,,
45228,05_290_002,806,428,426,0,22,404,LISTAS,,
45230,05_290_003,638,433,433,0,4,429,LISTAS,,
45232,05_290_004,771,475,475,0,12,463,LISTAS,,
45234,05_291_001,1298,706,704,0,8,696,LISTAS,,
45236,05_292_001,620,453,453,0,4,449,LISTAS,,
45238,05_292_002,668,484,484,0,3,481,LISTAS,,
45240,05_292_003,640,481,481,0,13,468,LISTAS,,
45242,05_293_001,219,143,143,0,4,139,LISTAS,,
45244,05_294_001,781,583,583,0,3,580,LISTAS,,
45246,05_294_002,726,518,518,0,3,515,LISTAS,,
45248,05_294_003,771,635,635,0,2,633,LISTAS,,
45250,05_294_004,759,577,577,0,0,577,LISTAS,,
45252,05_294_005,754,472,472,0,5,467,LISTAS,,
45254,05_294_006,804,546,546,0,10,536,LISTAS,,
45256,05_294_007,830,611,611,0,6,605,LISTAS,,
45258,05_294_008,859,602,602,0,0,602,LISTAS,,
45260,05_294_009,572,392,392,0,6,386,LISTAS,,
45262,05_294_010,469,324,324,0,3,321,LISTAS,,
45264,05_295_001,611,440,440,0,1,439,LISTAS,,
45266,05_295_002,756,519,519,0,0,519,LISTAS,,
45268,05_295_003,643,456,456,0,7,449,LISTAS,,
45270,05_295_004,595,320,314,0,3,311,LISTAS,,
45272,05_295_005,591,375,375,0,5,370,LISTAS,,
45274,05_295_006,568,371,371,0,3,368,LISTAS,,
45276,05_295_007,612,378,378,0,10,368,LISTAS,,
45278,05_296_001,537,404,404,0,13,391,LISTAS,,
45280,05_297_001,169,131,131,0,5,126,LISTAS,,
45282,05_298_001,960,695,695,0,6,689,LISTAS,,
45284,05_298_002,865,698,698,0,2,696,LISTAS,,
45286,05_298_003,820,589,589,0,3,586,LISTAS,,
45288,05_298_004,841,583,583,0,3,580,LISTAS,,
45290,05_299_001,1207,805,805,0,16,789,LISTAS,,
45292,05_300_001,530,343,343,0,1,342,LISTAS,,
45294,05_301_001,106,87,87,0,1,86,LISTAS,,
45296,05_302_001,121,93,93,0,1,92,LISTAS,,
45298,05_303_001,766,452,452,0,2,450,LISTAS,,
45300,05_304_001,850,505,505,0,17,488,LISTAS,,
45302,05_305_001,402,252,252,0,6,246,LISTAS,,
45304,05_306_001,860,581,581,0,10,571,LISTAS,,
45306,05_306_002,699,431,431,0,6,425,LISTAS,,
45308,05_306_003,579,363,363,0,6,357,LISTAS,,
45310,05_306_004,585,396,396,0,4,392,LISTAS,,
45312,05_307_001,865,513,512,0,17,495,LISTAS,,
45314,05_308_001,707,422,420,0,21,399,LISTAS,,
45316,05_308_002,715,421,420,0,4,416,LISTAS,,
45318,05_309_001,1114,763,765,0,33,732,LISTAS,,
45320,05_309_002,1127,723,723,0,10,713,LISTAS,,
45322,05_310_001,945,717,717,0,5,712,LISTAS,,
45324,05_311_001,826,561,561,0,22,539,LISTAS,,
45326,05_312_001,824,473,474,0,28,446,LISTAS,,
45328,05_312_002,610,415,415,0,3,412,LISTAS,,
45330,05_313_001,456,312,312,0,3,309,LISTAS,,
45332,05_314_001,19,16,16,0,0,16,LISTAS,,
45334,05_315_001,1093,700,700,0,2,698,LISTAS,,
45336,05_316_001,284,209,209,0,0,209,LISTAS,,
45338,05_317_001,384,172,172,0,5,167,LISTAS,,
45340,05_318_001,326,244,244,0,0,244,LISTAS,,
45342,05_319_001,740,376,375,0,18,357,LISTAS,,
45344,05_319_002,836,347,347,0,18,329,LISTAS,,
45346,05_319_003,205,106,106,0,1,105,LISTAS,,
45348,05_320_001,709,446,445,0,7,438,LISTAS,,
45350,05_320_002,632,405,405,0,2,403,LISTAS,,
45352,05_320_003,696,436,436,0,14,422,LISTAS,,
45354,05_321_001,509,379,378,0,2,376,LISTAS,,
45356,05_322_001,751,409,409,0,17,392,LISTAS,,
45358,05_322_002,868,519,519,0,12,507,LISTAS,,
45360,05_322_003,780,404,404,0,9,395,LISTAS,,
45362,05_322_004,748,392,391,0,26,365,LISTAS,,
45788,05_322_005,752,391,391,0,4,387,LISTAS,,
45790,05_323_001,1152,713,714,0,21,693,LISTAS,,
45792,05_324_001,176,132,132,0,2,130,LISTAS,,
45794,05_325_001,1034,669,669,0,10,659,LISTAS,,
45796,05_326_001,673,444,444,0,5,439,LISTAS,,
45798,05_326_002,705,400,400,0,9,391,LISTAS,,
45800,05_326_003,225,175,175,0,0,175,LISTAS,,
45802,05_326_004,821,549,547,0,2,545,LISTAS,,
45804,05_326_005,807,545,545,0,7,538,LISTAS,,
45806,05_326_006,812,641,641,0,4,637,LISTAS,,
45808,05_326_007,853,576,575,0,2,573,LISTAS,,
45810,05_326_008,811,547,547,0,19,528,LISTAS,,
45812,05_326_009,3565,2979,2969,-10,12,2957,LISTAS,,
45814,05_326_010,703,492,492,0,4,488,LISTAS,,
45816,05_326_011,813,552,552,0,0,552,LISTAS,,
45818,05_326_012,824,547,546,0,6,540,LISTAS,,
45820,05_326_013,851,599,599,0,3,596,LISTAS,,
45822,05_326_014,886,595,595,0,2,593,LISTAS,,
45824,05_326_015,846,606,606,0,3,603,LISTAS,,
45826,05_326_016,771,529,528,0,1,527,LISTAS,,
45828,05_326_017,982,790,790,0,1,789,LISTAS,,
45830,05_327_001,252,205,205,0,1,204,LISTAS,,
45832,05_328_001,559,379,379,0,9,370,LISTAS,,
45834,05_328_002,417,290,290,0,2,288,LISTAS,,
45836,05_328_003,613,447,447,0,5,442,LISTAS,,
45838,05_328_004,746,524,524,0,2,522,LISTAS,,
45840,05_328_005,687,469,469,0,4,465,LISTAS,,
45842,05_329_001,854,581,580,0,12,568,LISTAS,,
45844,05_329_002,512,330,329,0,4,325,LISTAS,,
45846,05_330_001,181,128,128,0,2,126,LISTAS,,
45848,05_331_001,17,13,13,0,0,13,LISTAS,,
45850,05_332_001,27,22,22,0,0,22,LISTAS,,
45852,05_333_001,383,272,272,0,6,266,LISTAS,,
45854,05_334_001,161,113,113,0,6,107,LISTAS,,
45856,05_335_001,153,105,105,0,2,103,LISTAS,,
45858,05_336_001,323,201,201,0,3,198,LISTAS,,
45860,05_337_001,178,135,135,0,1,134,LISTAS,,
45862,05_338_001,258,162,162,0,1,161,LISTAS,,
45864,05_339_001,664,380,380,0,3,377,LISTAS,,
45866,05_340_001,471,320,320,0,2,318,LISTAS,,
45868,05_341_001,938,552,552,0,11,541,LISTAS,,
45870,05_342_001,900,669,669,0,1,668,LISTAS,,
45872,05_343_001,51,37,37,0,0,37,LISTAS,,
45874,05_344_001,678,512,512,0,0,512,LISTAS,,
45876,05_345_001,75,57,57,0,4,53,LISTAS,,
45878,05_346_001,601,445,445,0,6,439,LISTAS,,
45880,05_347_001,962,511,511,0,28,483,LISTAS,,
45882,05_348_001,209,127,127,0,1,126,LISTAS,,
45884,05_349_001,478,214,214,0,5,209,LISTAS,,
45886,05_350_001,54,42,42,0,0,42,LISTAS,,
45888,05_351_001,604,411,411,0,2,409,LISTAS,,
45890,05_352_001,157,113,113,0,2,111,LISTAS,,
45892,05_353_001,350,183,180,0,1,179,LISTAS,,
45894,05_354_001,549,287,287,0,7,280,LISTAS,,
45896,05_355_001,297,212,212,0,3,209,LISTAS,,
45898,05_356_001,138,89,89,0,3,86,LISTAS,,
45900,05_357_001,432,304,304,0,5,299,LISTAS,,
45902,05_358_001,283,216,216,0,0,216,LISTAS,,
45904,06_001_001,1019,766,766,0,2,764,LISTAS,,
45906,06_001_002,1112,789,788,0,6,782,LISTAS,,
45908,06_001_003,1106,785,785,0,8,777,LISTAS,,
45910,06_001_004,1075,697,697,0,3,694,LISTAS,,
45912,06_002_001,379,258,258,0,2,256,LISTAS,,
45914,06_003_001,759,486,486,0,7,479,LISTAS,,
45916,06_003_002,765,511,511,0,16,495,LISTAS,,
45918,06_003_003,857,565,565,0,10,555,LISTAS,,
45920,06_004_001,404,270,270,0,2,268,LISTAS,,
45922,06_005_001,741,488,488,0,2,486,LISTAS,,
46344,06_005_002,783,510,510,0,5,505,LISTAS,,
46346,06_005_003,742,517,517,0,3,514,LISTAS,,
46348,06_005_004,475,222,222,0,16,206,LISTAS,,
46350,06_005_005,468,262,262,0,2,260,LISTAS,,
46352,06_006_001,808,482,482,0,2,480,LISTAS,,
46354,06_006_002,757,413,413,0,10,403,LISTAS,,
46356,06_007_001,710,468,467,0,1,466,LISTAS,,
46358,06_007_002,746,562,562,0,3,559,LISTAS,,
46360,06_007_003,713,361,361,0,7,354,LISTAS,,
46362,06_007_004,524,298,298,0,2,296,LISTAS,,
46364,06_008_001,865,586,586,0,6,580,LISTAS,,
46366,06_008_002,836,600,600,0,8,592,LISTAS,,
46368,06_008_003,865,481,481,0,6,475,LISTAS,,
46370,06_009_001,332,234,234,0,2,232,LISTAS,,
46372,06_010_001,774,494,491,0,10,481,LISTAS,,
46374,06_010_002,781,508,508,0,13,495,LISTAS,,
46376,06_010_003,740,490,490,0,12,478,LISTAS,,
46378,06_011_001,668,394,394,0,4,390,LISTAS,,
46380,06_011_002,719,435,435,0,1,434,LISTAS,,
46382,06_011_003,720,400,400,0,7,393,LISTAS,,
46384,06_012_001,812,637,628,0,17,611,LISTAS,,
46386,06_012_002,719,453,452,0,7,445,LISTAS,,
46388,06_013_001,970,631,631,0,10,621,LISTAS,,
46390,06_013_002,801,542,543,0,19,524,LISTAS,,
46392,06_013_003,763,538,538,0,6,532,LISTAS,,
46394,06_013_004,911,563,563,0,3,560,LISTAS,,
46396,06_013_005,801,516,516,0,9,507,LISTAS,,
46398,06_013_006,903,504,504,0,8,496,LISTAS,,
46400,06_013_007,812,607,607,0,11,596,LISTAS,,
46402,06_013_008,967,677,675,0,10,665,LISTAS,,
46404,06_013_009,796,595,601,0,58,543,LISTAS,,
46406,06_013_010,920,647,647,0,5,642,LISTAS,,
46408,06_013_011,742,516,517,0,19,498,LISTAS,,
46410,06_013_012,781,546,546,0,11,535,LISTAS,,
46412,06_013_013,906,658,658,0,7,651,LISTAS,,
46414,06_013_014,806,584,583,0,4,579,LISTAS,,
46416,06_013_015,480,238,238,0,3,235,LISTAS,,
46418,06_013_016,755,512,512,0,11,501,LISTAS,,
46420,06_014_001,409,275,275,0,4,271,LISTAS,,
46422,06_014_002,574,388,388,0,4,384,LISTAS,,
46424,06_014_003,175,135,135,0,3,132,LISTAS,,
46426,06_015_001,921,692,691,0,4,687,LISTAS,,
46428,06_015_002,601,442,442,0,3,439,LISTAS,,
46430,06_015_003,722,500,500,0,6,494,LISTAS,,
46432,06_015_004,723,495,495,0,6,489,LISTAS,,
46434,06_016_001,890,627,627,0,2,625,LISTAS,,
46436,06_016_002,1060,702,702,0,8,694,LISTAS,,
46438,06_016_003,869,613,612,0,16,596,LISTAS,,
46440,06_016_004,1119,778,778,0,7,771,LISTAS,,
46442,06_017_001,433,302,302,0,6,296,LISTAS,,
46444,06_017_002,150,79,79,0,1,78,LISTAS,,
46446,06_018_001,417,261,261,0,4,257,LISTAS,,
46448,06_019_001,564,396,396,0,6,390,LISTAS,,
46450,06_019_002,510,367,366,0,3,363,LISTAS,,
46452,06_019_003,541,359,358,0,2,356,LISTAS,,
46454,06_020_001,557,395,395,0,10,385,LISTAS,,
46456,06_020_002,455,272,270,0,5,265,LISTAS,,
46458,06_021_001,515,353,353,0,4,349,LISTAS,,
46460,06_022_001,807,572,572,0,4,568,LISTAS,,
46462,06_022_002,859,582,582,0,4,578,LISTAS,,
46464,06_023_001,905,625,625,0,10,615,LISTAS,,
46466,06_023_002,819,587,587,0,11,576,LISTAS,,
46468,06_023_003,751,493,493,0,5,488,LISTAS,,
46470,06_024_001,767,571,570,0,4,566,LISTAS,,
46472,06_024_002,695,471,471,0,5,466,LISTAS,,
46474,06_024_003,699,416,415,0,1,414,LISTAS,,
46892,06_024_004,782,560,560,0,7,553,LISTAS,,
46894,06_024_005,673,515,514,0,1,513,LISTAS,,
46896,06_024_006,725,552,552,0,2,550,LISTAS,,
46898,06_024_007,591,474,474,0,1,473,LISTAS,,
46900,06_024_008,618,486,485,0,2,483,LISTAS,,
46902,06_024_009,638,543,542,0,7,535,LISTAS,,
46904,06_024_010,749,582,582,0,0,582,LISTAS,,
46906,06_024_011,807,593,593,0,5,588,LISTAS,,
46908,06_024_012,639,464,464,0,1,463,LISTAS,,
46910,06_024_013,578,420,420,0,5,415,LISTAS,,
46912,06_024_014,954,672,671,0,8,663,LISTAS,,
46914,06_024_015,774,560,550,0,3,547,LISTAS,,
46916,06_024_016,831,543,543,0,7,536,LISTAS,,
46918,06_024_017,994,736,736,0,6,730,LISTAS,,
46920,06_024_018,935,702,702,0,4,698,LISTAS,,
46922,06_024_019,807,628,626,0,0,626,LISTAS,,
46924,06_024_020,913,690,689,0,6,683,LISTAS,,
46926,06_024_021,788,588,588,0,3,585,LISTAS,,
46928,06_024_022,792,559,559,0,3,556,LISTAS,,
46930,06_024_023,1017,751,751,0,9,742,LISTAS,,
46932,06_024_024,583,387,387,0,0,387,LISTAS,,
46934,06_024_025,669,489,489,0,4,485,LISTAS,,
46936,06_024_026,794,562,562,0,1,561,LISTAS,,
46938,06_024_027,748,562,562,0,5,557,LISTAS,,
46940,06_024_028,736,547,547,0,4,543,LISTAS,,
46942,06_024_029,591,410,410,0,3,407,LISTAS,,
46944,06_024_030,645,460,460,0,9,451,LISTAS,,
46946,06_024_031,561,363,363,0,4,359,LISTAS,,
46948,06_024_032,695,495,495,0,7,488,LISTAS,,
46950,06_024_033,878,580,580,0,9,571,LISTAS,,
46952,06_024_034,907,667,667,0,6,661,LISTAS,,
46954,06_024_035,915,625,625,0,4,621,LISTAS,,
46956,06_024_036,868,634,633,0,12,621,LISTAS,,
46958,06_024_037,883,701,698,0,0,698,LISTAS,,
46960,06_024_038,858,681,680,0,8,672,LISTAS,,
46962,06_024_039,875,670,669,0,4,665,LISTAS,,
46964,06_024_040,801,599,599,0,6,593,LISTAS,,
46966,06_024_041,919,764,764,0,4,760,LISTAS,,
46968,06_024_042,241,161,160,0,1,159,LISTAS,,
46970,06_024_043,466,335,335,0,8,327,LISTAS,,
46972,06_024_044,246,168,168,0,2,166,LISTAS,,
46974,06_024_045,462,336,336,0,3,333,LISTAS,,
46976,06_024_046,303,178,178,0,1,177,LISTAS,,
46978,06_024_047,285,204,204,0,5,199,LISTAS,,
46980,06_024_048,456,303,303,0,2,301,LISTAS,,
46982,06_024_049,2300,2044,2041,-3,8,2033,LISTAS,,
46984,06_024_050,1130,894,894,0,4,890,LISTAS,,
46986,06_025_001,446,332,332,0,2,330,LISTAS,,
46988,06_025_002,33,23,23,0,0,23,LISTAS,,
46990,06_026_001,943,657,656,0,11,645,LISTAS,,
46992,06_026_002,923,573,573,0,10,563,LISTAS,,
46994,06_026_003,988,667,664,0,13,651,LISTAS,,
46996,06_026_004,991,642,642,0,7,635,LISTAS,,
46998,06_026_005,1000,682,679,0,14,665,LISTAS,,
47000,06_026_006,1019,644,644,0,3,641,LISTAS,,
47002,06_027_001,779,501,501,0,8,493,LISTAS,,
47004,06_027_002,778,468,468,0,9,459,LISTAS,,
47006,06_027_003,772,511,511,0,7,504,LISTAS,,
47008,06_027_004,777,513,513,0,6,507,LISTAS,,
47416,06_028_001,423,230,230,0,0,230,LISTAS,,
47418,06_029_001,320,222,222,0,4,218,LISTAS,,
47420,06_030_001,1207,756,755,0,16,739,LISTAS,,
47422,06_031_001,587,384,384,0,9,375,LISTAS,,
47424,06_031_002,532,329,329,0,1,328,LISTAS,,
47426,06_032_001,714,564,563,0,7,556,LISTAS,,
47428,06_032_002,786,563,563,0,7,556,LISTAS,,
47430,06_032_003,885,647,647,0,10,637,LISTAS,,
47432,06_032_004,860,582,581,0,10,571,LISTAS,,
47434,06_032_005,712,514,514,0,9,505,LISTAS,,
47436,06_032_006,699,490,490,0,4,486,LISTAS,,
47438,06_032_007,649,458,458,0,4,454,LISTAS,,
47440,06_032_008,780,555,554,0,7,547,LISTAS,,
47442,06_032_009,939,512,511,0,26,485,LISTAS,,
47444,06_032_010,1004,753,751,0,3,748,LISTAS,,
47446,06_032_011,1007,656,655,0,19,636,LISTAS,,
47448,06_032_012,762,574,573,0,5,568,LISTAS,,
47450,06_032_013,875,680,680,0,7,673,LISTAS,,
47452,06_032_014,829,607,607,0,10,597,LISTAS,,
47454,06_032_015,896,686,684,0,7,677,LISTAS,,
47456,06_032_016,663,502,502,0,2,500,LISTAS,,
47458,06_032_017,766,573,573,0,8,565,LISTAS,,
47460,06_032_018,931,609,608,0,9,599,LISTAS,,
47462,06_032_019,660,479,479,0,2,477,LISTAS,,
47464,06_032_020,691,518,518,0,3,515,LISTAS,,
47466,06_032_021,884,695,695,0,6,689,LISTAS,,
47468,06_032_022,710,510,510,0,4,506,LISTAS,,
47470,06_032_023,896,599,599,0,6,593,LISTAS,,
47472,06_033_001,493,338,338,0,3,335,LISTAS,,
47474,06_033_002,547,354,354,0,4,350,LISTAS,,
47476,06_033_003,599,381,381,0,5,376,LISTAS,,
47478,06_034_001,675,511,511,0,9,502,LISTAS,,
47480,06_034_002,344,278,278,0,3,275,LISTAS,,
47482,06_035_001,1162,756,756,0,7,749,LISTAS,,
47484,06_035_002,1098,720,720,0,7,713,LISTAS,,
47486,06_035_003,1094,758,758,0,4,754,LISTAS,,
47488,06_035_004,958,626,626,0,14,612,LISTAS,,
47490,06_035_005,1045,658,658,0,8,650,LISTAS,,
47492,06_036_001,621,478,478,0,11,467,LISTAS,,
47494,06_036_002,751,564,564,0,11,553,LISTAS,,
47496,06_036_003,916,675,675,0,12,663,LISTAS,,
47498,06_036_004,818,653,653,0,15,638,LISTAS,,
47500,06_036_005,830,648,648,0,10,638,LISTAS,,
47502,06_036_006,300,195,195,0,1,194,LISTAS,,
47504,06_036_007,257,170,170,0,3,167,LISTAS,,
47506,06_036_008,305,208,208,0,0,208,LISTAS,,
47508,06_036_009,167,122,122,0,0,122,LISTAS,,
47510,06_037_001,403,232,232,0,2,230,LISTAS,,
47512,06_038_001,405,281,281,0,6,275,LISTAS,,
47514,06_039_001,543,316,316,0,4,312,LISTAS,,
47516,06_039_002,656,405,404,0,9,395,LISTAS,,
47518,06_039_003,504,322,322,0,8,314,LISTAS,,
47520,06_039_004,510,312,312,0,14,298,LISTAS,,
47522,06_039_005,138,84,84,0,4,80,LISTAS,,
47524,06_040_001,363,227,227,0,2,225,LISTAS,,
47526,06_041_001,398,275,275,0,6,269,LISTAS,,
47528,06_042_001,592,357,354,0,5,349,LISTAS,,
47530,06_042_002,471,298,298,0,10,288,LISTAS,,
47532,06_042_003,365,191,191,0,4,187,LISTAS,,
47534,06_042_004,146,91,91,0,1,90,LISTAS,,
47536,06_043_001,423,312,312,0,6,306,LISTAS,,
47538,06_043_002,149,82,82,0,1,81,LISTAS,,
47540,06_044_001,594,423,423,0,2,421,LISTAS,,
47542,06_044_002,524,396,395,0,3,392,LISTAS,,
47544,06_045_001,861,565,564,0,8,556,LISTAS,,
47546,06_046_001,720,528,528,0,8,520,LISTAS,,
47548,06_046_002,438,231,231,0,4,227,LISTAS,,
47550,06_047_001,1058,683,683,0,10,673,LISTAS,,
47552,06_047_002,1248,856,856,0,11,845,LISTAS,,
47966,06_047_003,560,290,290,0,4,286,LISTAS,,
47968,06_048_001,1078,691,691,0,15,676,LISTAS,,
47970,06_048_002,954,653,653,0,25,628,LISTAS,,
47972,06_049_001,814,520,520,0,7,513,LISTAS,,
47974,06_049_002,820,547,547,0,4,543,LISTAS,,
47976,06_049_003,650,427,427,0,5,422,LISTAS,,
47978,06_049_004,682,430,430,0,7,423,LISTAS,,
47980,06_049_005,801,579,579,0,12,567,LISTAS,,
47982,06_049_006,848,596,596,0,7,589,LISTAS,,
47984,06_049_007,793,553,554,0,27,527,LISTAS,,
47986,06_049_008,719,519,519,0,3,516,LISTAS,,
47988,06_049_009,452,234,234,0,0,234,LISTAS,,
47990,06_050_001,870,528,528,0,10,518,LISTAS,,
47992,06_050_002,914,638,638,0,7,631,LISTAS,,
47994,06_050_003,1000,642,642,0,7,635,LISTAS,,
47996,06_050_004,1131,755,753,0,9,744,LISTAS,,
47998,06_051_001,1375,841,840,0,15,825,LISTAS,,
48000,06_051_002,1062,743,740,0,9,731,LISTAS,,
48002,06_051_003,1146,802,801,0,8,793,LISTAS,,
48004,06_051_004,1282,871,870,0,1,869,LISTAS,,
48006,06_051_005,1061,768,768,0,5,763,LISTAS,,
48008,06_051_006,1252,968,968,0,16,952,LISTAS,,
48010,06_051_007,1375,1058,1058,0,8,1050,LISTAS,,
48012,06_051_008,1131,769,767,0,2,765,LISTAS,,
48014,06_051_009,1314,833,831,0,6,825,LISTAS,,
48016,06_051_010,1082,734,732,0,7,725,LISTAS,,
48018,06_051_011,1142,795,795,0,7,788,LISTAS,,
48020,06_051_012,1365,1046,1045,0,7,1038,LISTAS,,
48022,06_051_013,1159,836,836,0,10,826,LISTAS,,
48024,06_051_014,1353,995,991,0,8,983,LISTAS,,
48026,06_051_015,1207,752,752,0,8,744,LISTAS,,
48028,06_051_016,1276,826,827,0,18,809,LISTAS,,
48030,06_051_017,1233,898,894,0,7,887,LISTAS,,
48032,06_051_018,1178,800,800,0,4,796,LISTAS,,
48034,06_051_019,1363,1052,1052,0,4,1048,LISTAS,,
48036,06_051_020,1025,757,757,0,6,751,LISTAS,,
48038,06_051_101,1391,1030,1029,0,2,1027,LISTAS,,
48040,06_051_102,1325,880,879,0,8,871,LISTAS,,
48042,06_051_103,1035,730,729,0,14,715,LISTAS,,
48044,06_051_104,1284,831,829,0,5,824,LISTAS,,
48046,06_051_105,1061,681,680,0,6,674,LISTAS,,
48048,06_051_106,1243,920,920,0,12,908,LISTAS,,
48050,06_051_107,1275,964,964,0,6,958,LISTAS,,
48052,06_051_108,1292,878,878,0,5,873,LISTAS,,
48054,06_051_109,1299,932,932,0,5,927,LISTAS,,
48056,06_051_110,1222,841,839,0,4,835,LISTAS,,
48058,06_051_111,1126,775,775,0,4,771,LISTAS,,
48060,06_051_112,1373,1022,1022,0,6,1016,LISTAS,,
48062,06_051_113,1328,882,881,0,10,871,LISTAS,,
48064,06_051_114,1266,833,833,0,3,830,LISTAS,,
48066,06_051_115,1205,864,863,0,5,858,LISTAS,,
48068,06_051_116,1304,933,933,0,5,928,LISTAS,,
48070,06_051_117,1235,915,915,0,2,913,LISTAS,,
48072,06_051_118,1263,884,882,0,11,871,LISTAS,,
48074,06_051_119,1289,1002,1003,0,19,984,LISTAS,,
48076,06_051_120,1359,1059,1057,0,1,1056,LISTAS,,
48078,06_051_201,1413,957,957,0,6,951,LISTAS,,
48080,06_051_202,1231,855,855,0,6,849,LISTAS,,
48082,06_051_203,1042,801,801,0,6,795,LISTAS,,
48084,06_051_204,1303,854,853,0,7,846,LISTAS,,
48086,06_051_205,1085,709,709,0,8,701,LISTAS,,
48088,06_051_206,1107,877,876,0,5,871,LISTAS,,
48090,06_051_207,1381,1065,1064,0,7,1057,LISTAS,,
48092,06_051_208,1325,902,901,0,5,896,LISTAS,,
48492,06_051_209,1188,871,871,0,5,866,LISTAS,,
48494,06_051_210,989,664,663,0,7,656,LISTAS,,
48496,06_051_211,714,510,507,0,1,506,LISTAS,,
48498,06_051_212,1047,729,729,0,14,715,LISTAS,,
48500,06_051_213,1176,837,837,0,5,832,LISTAS,,
48502,06_051_214,1231,851,851,0,3,848,LISTAS,,
48504,06_051_215,1267,822,822,0,3,819,LISTAS,,
48506,06_051_216,1258,899,899,0,3,896,LISTAS,,
48508,06_051_217,1172,857,857,0,9,848,LISTAS,,
48510,06_051_218,1210,827,826,0,9,817,LISTAS,,
48512,06_051_219,1234,986,985,0,4,981,LISTAS,,
48514,06_051_220,1161,968,966,0,9,957,LISTAS,,
48516,06_051_301,1390,908,908,0,8,900,LISTAS,,
48518,06_051_302,942,608,608,0,4,604,LISTAS,,
48520,06_051_303,873,666,667,0,17,650,LISTAS,,
48522,06_051_304,1316,951,950,0,8,942,LISTAS,,
48524,06_051_305,1334,977,977,0,1,976,LISTAS,,
48526,06_051_306,1111,835,834,0,5,829,LISTAS,,
48528,06_051_307,1385,1025,1025,0,10,1015,LISTAS,,
48530,06_051_308,1185,789,789,0,2,787,LISTAS,,
48532,06_051_309,1205,834,833,0,14,819,LISTAS,,
48534,06_051_310,4021,3480,3479,-1,13,3466,LISTAS,,
48536,06_051_311,1145,447,431,0,1,430,LISTAS,,
48538,06_051_312,1290,957,956,0,4,952,LISTAS,,
48540,06_051_313,1147,782,782,0,4,778,LISTAS,,
48542,06_051_314,1347,972,972,0,5,967,LISTAS,,
48544,06_051_315,1202,780,779,0,13,766,LISTAS,,
48546,06_051_316,1279,813,811,0,7,804,LISTAS,,
48548,06_051_317,1302,895,895,0,4,891,LISTAS,,
48550,06_051_318,1159,912,912,0,1,911,LISTAS,,
48552,06_051_319,1186,850,849,0,8,841,LISTAS,,
48554,06_051_320,1114,818,817,0,6,811,LISTAS,,
48556,06_051_401,1422,997,997,0,8,989,LISTAS,,
48558,06_051_402,1051,695,695,0,9,686,LISTAS,,
48560,06_051_403,890,669,669,0,7,662,LISTAS,,
48562,06_051_404,1225,820,820,0,7,813,LISTAS,,
48564,06_051_405,951,628,628,0,6,622,LISTAS,,
48566,06_051_406,988,688,688,0,4,684,LISTAS,,
48568,06_051_407,1363,969,969,0,4,965,LISTAS,,
48570,06_051_408,1171,807,807,0,6,801,LISTAS,,
48572,06_051_409,1346,1010,1010,0,1,1009,LISTAS,,
48574,06_051_410,1041,714,714,0,4,710,LISTAS,,
48576,06_051_411,3921,3400,3396,-4,17,3379,LISTAS,,
48578,06_051_412,1275,895,894,0,3,891,LISTAS,,
48580,06_051_413,1278,859,859,0,7,852,LISTAS,,
48582,06_051_414,1335,904,904,0,10,894,LISTAS,,
48584,06_051_415,1264,790,790,0,10,780,LISTAS,,
48586,06_051_416,1264,939,938,0,6,932,LISTAS,,
48588,06_051_417,1214,850,850,0,7,843,LISTAS,,
48590,06_051_418,1242,918,918,0,8,910,LISTAS,,
48592,06_051_419,1227,991,990,0,3,987,LISTAS,,
48594,06_051_420,1059,812,811,0,7,804,LISTAS,,
48596,06_051_502,1020,713,711,0,7,704,LISTAS,,
48598,06_051_503,1103,808,808,0,6,802,LISTAS,,
48600,06_051_505,1086,696,695,0,3,692,LISTAS,,
48602,06_051_511,668,453,450,0,4,446,LISTAS,,
48604,06_051_520,1072,776,776,0,6,770,LISTAS,,
48606,06_051_603,931,738,736,0,27,709,LISTAS,,
48608,06_051_611,751,491,488,0,6,482,LISTAS,,
48610,06_052_001,597,425,425,0,6,419,LISTAS,,
48612,06_052_002,638,457,457,0,3,454,LISTAS,,
48614,06_052_003,569,399,400,0,13,387,LISTAS,,
48616,06_052_004,581,395,395,0,5,390,LISTAS,,
49026,06_052_005,573,400,400,0,6,394,LISTAS,,
49028,06_052_006,545,354,354,0,4,350,LISTAS,,
49030,06_052_007,69,40,40,0,2,38,LISTAS,,
49032,06_053_001,715,575,573,0,2,571,LISTAS,,
49034,06_053_002,664,487,487,0,4,483,LISTAS,,
49036,06_053_003,705,527,527,0,4,523,LISTAS,,
49038,06_053_004,2443,2191,2184,-7,14,2170,LISTAS,,
49040,06_053_005,192,140,140,0,2,138,LISTAS,,
49042,06_053_006,885,599,598,0,15,583,LISTAS,,
49044,06_053_007,974,713,715,0,29,686,LISTAS,,
49046,06_053_008,675,474,474,0,8,466,LISTAS,,
49048,06_053_009,670,485,485,0,7,478,LISTAS,,
49050,06_053_010,725,485,485,0,10,475,LISTAS,,
49052,06_053_011,141,78,78,0,1,77,LISTAS,,
49054,06_053_012,169,91,91,0,0,91,LISTAS,,
49056,06_053_013,98,69,69,0,0,69,LISTAS,,
49058,06_053_014,882,683,683,0,11,672,LISTAS,,
49060,06_053_015,917,654,651,0,11,640,LISTAS,,
49062,06_053_016,703,498,498,0,7,491,LISTAS,,
49064,06_053_017,927,638,638,0,13,625,LISTAS,,
49066,06_053_018,680,501,501,0,1,500,LISTAS,,
49068,06_053_019,587,399,399,0,5,394,LISTAS,,
49070,06_053_020,665,476,476,0,6,470,LISTAS,,
49072,06_053_021,853,642,642,0,7,635,LISTAS,,
49074,06_053_022,866,655,654,0,6,648,LISTAS,,
49076,06_053_023,757,523,525,0,26,499,LISTAS,,
49078,06_053_024,617,429,429,0,3,426,LISTAS,,
49080,06_053_025,909,654,653,0,10,643,LISTAS,,
49082,06_053_026,861,605,605,0,14,591,LISTAS,,
49084,06_053_027,606,431,431,0,10,421,LISTAS,,
49086,06_053_028,826,582,582,0,2,580,LISTAS,,
49088,06_053_029,826,567,567,0,6,561,LISTAS,,
49090,06_053_030,633,465,465,0,7,458,LISTAS,,
49092,06_053_031,150,99,99,0,3,96,LISTAS,,
49094,06_053_032,1080,668,668,0,4,664,LISTAS,,
49096,06_053_033,670,435,434,0,7,427,LISTAS,,
49098,06_053_034,86,56,56,0,1,55,LISTAS,,
49100,06_053_035,176,101,101,0,3,98,LISTAS,,
49102,06_054_001,872,630,630,0,9,621,LISTAS,,
49104,06_054_002,859,667,667,0,5,662,LISTAS,,
49106,06_055_001,685,507,507,0,5,502,LISTAS,,
49108,06_055_002,747,518,518,0,2,516,LISTAS,,
49110,06_056_001,699,509,508,0,10,498,LISTAS,,
49112,06_056_002,710,416,416,0,5,411,LISTAS,,
49114,06_057_001,794,548,548,0,4,544,LISTAS,,
49116,06_057_002,744,515,515,0,5,510,LISTAS,,
49118,06_058_001,844,496,496,0,7,489,LISTAS,,
49120,06_058_002,873,619,617,0,10,607,LISTAS,,
49122,06_058_003,811,562,562,0,9,553,LISTAS,,
49124,06_059_001,1121,782,782,0,16,766,LISTAS,,
49126,06_059_002,1114,775,775,0,7,768,LISTAS,,
49128,06_060_001,851,574,574,0,6,568,LISTAS,,
49130,06_060_002,891,588,588,0,2,586,LISTAS,,
49132,06_060_003,1030,763,765,0,24,741,LISTAS,,
49134,07_001_001,1064,590,590,0,3,587,LISTAS,,
49136,07_001_002,1012,577,576,0,3,573,LISTAS,,
49138,07_001_003,196,129,129,0,2,127,LISTAS,,
49140,07_001_004,194,125,125,0,2,123,LISTAS,,
49142,07_001_005,1159,767,767,0,7,760,LISTAS,,
49144,07_002_001,985,659,659,0,3,656,LISTAS,,
49146,07_002_002,1046,651,650,0,1,649,LISTAS,,
49148,07_002_003,1008,722,722,0,6,716,LISTAS,,
49150,07_003_001,839,521,521,0,2,519,LISTAS,,
49152,07_003_002,662,394,394,0,3,391,LISTAS,,
49154,07_004_001,451,362,363,0,13,350,LISTAS,,
49156,07_004_002,654,464,464,0,5,459,LISTAS,,
43575,07_005_001,482,303,303,0,3,300,LISTAS,,
43580,07_006_001,771,591,591,0,1,590,LISTAS,,
43582,07_006_002,847,610,610,0,5,605,LISTAS,,
43584,07_006_003,828,597,595,0,1,594,LISTAS,,
43586,07_007_001,115,89,89,0,0,89,LISTAS,,
43589,07_008_001,372,242,242,0,7,235,LISTAS,,
43587,07_008_002,370,265,265,0,2,263,LISTAS,,
43592,07_009_001,712,484,484,0,4,480,LISTAS,,
43594,07_009_002,633,412,412,0,1,411,LISTAS,,
43596,07_009_003,797,595,595,0,10,585,LISTAS,,
43598,07_009_004,684,451,452,0,17,435,LISTAS,,
43600,07_010_001,1145,783,783,0,0,783,LISTAS,,
43602,07_010_002,904,591,590,0,10,580,LISTAS,,
43604,07_010_003,139,93,93,0,0,93,LISTAS,,
43607,07_011_001,886,589,589,0,11,578,LISTAS,,
43605,07_012_001,674,443,443,0,6,437,LISTAS,,
43610,07_012_002,734,498,498,0,2,496,LISTAS,,
43612,07_013_001,1129,892,889,0,8,881,LISTAS,,
43614,07_013_002,1162,727,727,0,10,717,LISTAS,,
43616,07_013_003,1128,818,818,0,8,810,LISTAS,,
43618,07_013_004,1066,776,777,0,18,759,LISTAS,,
43620,07_013_005,1034,783,786,0,35,751,LISTAS,,
43622,07_013_006,1105,835,833,0,1,832,LISTAS,,
43624,07_013_007,1145,875,875,0,6,869,LISTAS,,
43626,07_013_008,3144,2613,2604,-9,6,2598,LISTAS,,
43628,07_014_001,754,551,551,0,4,547,LISTAS,,
43630,07_014_002,772,566,566,0,2,564,LISTAS,,
43632,07_014_003,723,562,562,0,3,559,LISTAS,,
43634,07_014_004,959,714,714,0,3,711,LISTAS,,
43636,07_015_001,200,166,166,0,0,166,LISTAS,,
43638,07_016_001,734,523,522,0,2,520,LISTAS,,
43640,07_016_002,626,399,399,0,9,390,LISTAS,,
43642,07_016_003,698,445,445,0,7,438,LISTAS,,
43644,07_017_001,815,610,610,0,0,610,LISTAS,,
43646,07_017_002,161,113,113,0,2,111,LISTAS,,
43648,07_018_001,935,712,712,0,3,709,LISTAS,,
43651,07_019_001,891,657,657,0,3,654,LISTAS,,
43649,07_019_002,706,486,486,0,2,484,LISTAS,,
43654,07_019_003,894,662,662,0,3,659,LISTAS,,
43656,07_019_004,894,586,586,0,7,579,LISTAS,,
43658,07_019_005,758,548,548,0,8,540,LISTAS,,
43660,07_020_001,1137,897,903,0,78,825,LISTAS,,
43662,07_021_001,823,548,548,0,4,544,LISTAS,,
43664,07_021_002,640,430,430,0,2,428,LISTAS,,
43666,07_022_001,798,521,521,0,7,514,LISTAS,,
43668,07_023_001,864,479,479,0,5,474,LISTAS,,
43670,07_023_002,896,549,549,0,15,534,LISTAS,,
43672,07_024_001,988,663,659,0,6,653,LISTAS,,
43674,07_024_002,890,623,623,0,2,621,LISTAS,,
43676,07_024_003,481,350,350,0,4,346,LISTAS,,
43678,07_024_004,756,535,535,0,3,532,LISTAS,,
43680,07_024_005,934,412,406,0,1,405,LISTAS,,
43682,07_024_006,561,424,424,0,1,423,LISTAS,,
43684,07_024_007,622,482,482,0,2,480,LISTAS,,
43686,07_024_008,539,384,384,0,1,383,LISTAS,,
43688,07_024_009,718,494,494,0,4,490,LISTAS,,
43690,07_024_010,921,633,632,0,5,627,LISTAS,,
43692,07_024_011,688,455,455,0,7,448,LISTAS,,
43694,07_024_012,786,555,555,0,2,553,LISTAS,,
43696,07_024_013,778,565,565,0,2,563,LISTAS,,
43698,07_024_014,849,608,608,0,7,601,LISTAS,,
43700,07_024_015,768,539,538,0,4,534,LISTAS,,
43702,07_024_016,716,536,536,0,4,532,LISTAS,,
43704,07_024_017,494,343,343,0,4,339,LISTAS,,
43706,07_024_018,808,561,561,0,2,559,LISTAS,,
43708,07_024_019,697,520,520,0,4,516,LISTAS,,
43710,07_024_020,690,485,485,0,3,482,LISTAS,,
44116,07_024_021,2465,2169,2165,-9,10,2155,LISTAS,,
44118,07_024_022,858,624,624,0,5,619,LISTAS,,
44120,07_024_023,784,555,555,0,4,551,LISTAS,,
44122,07_024_024,837,582,582,0,2,580,LISTAS,,
44124,07_024_025,770,537,537,0,4,533,LISTAS,,
44126,07_024_026,738,509,508,0,3,505,LISTAS,,
44128,07_024_027,657,430,430,0,0,430,LISTAS,,
44130,07_024_028,643,461,461,0,5,456,LISTAS,,
44132,07_024_029,652,454,453,0,2,451,LISTAS,,
44134,07_024_030,814,562,562,0,34,528,LISTAS,,
44136,07_024_031,571,394,394,0,1,393,LISTAS,,
44138,07_024_032,794,536,535,0,7,528,LISTAS,,
44140,07_024_033,807,547,547,0,8,539,LISTAS,,
44142,07_024_034,589,400,399,0,2,397,LISTAS,,
44144,07_024_035,802,526,523,0,7,516,LISTAS,,
44146,07_024_036,966,674,674,0,5,669,LISTAS,,
44148,07_024_037,974,709,709,0,2,707,LISTAS,,
44150,07_024_038,1074,741,733,0,8,725,LISTAS,,
44152,07_024_039,982,646,646,0,15,631,LISTAS,,
44154,07_024_040,980,656,656,0,3,653,LISTAS,,
44156,07_024_041,1044,730,730,0,8,722,LISTAS,,
44158,07_024_042,996,723,722,0,4,718,LISTAS,,
44160,07_024_043,1000,827,825,0,3,822,LISTAS,,
44162,07_024_044,1025,809,809,0,7,802,LISTAS,,
44164,07_024_045,1098,807,805,0,3,802,LISTAS,,
44166,07_024_046,1178,952,952,0,8,944,LISTAS,,
44168,07_024_047,434,296,296,0,1,295,LISTAS,,
44170,07_025_001,796,469,469,0,2,467,LISTAS,,
44172,07_025_002,490,304,304,0,2,302,LISTAS,,
44174,07_025_003,545,364,364,0,6,358,LISTAS,,
44176,07_026_001,832,537,539,0,12,527,LISTAS,,
44178,07_026_002,825,517,517,0,5,512,LISTAS,,
44180,07_026_003,891,534,534,0,7,527,LISTAS,,
44182,07_026_004,960,591,591,0,8,583,LISTAS,,
44184,07_026_005,849,494,494,0,5,489,LISTAS,,
44186,07_026_006,561,358,358,0,2,356,LISTAS,,
44188,07_026_007,308,171,171,0,4,167,LISTAS,,
44190,07_026_008,148,102,102,0,3,99,LISTAS,,
44192,07_027_001,1071,639,639,0,7,632,LISTAS,,
44194,07_027_002,1029,724,724,0,3,721,LISTAS,,
44196,07_027_003,1064,729,730,0,15,715,LISTAS,,
44198,07_027_004,769,511,512,0,17,495,LISTAS,,
44200,07_027_005,899,598,598,0,6,592,LISTAS,,
44202,07_027_006,1053,570,570,0,5,565,LISTAS,,
44204,07_027_007,219,146,146,0,2,144,LISTAS,,
44206,07_027_008,287,177,177,0,6,171,LISTAS,,
44209,07_028_001,1037,751,751,0,6,745,LISTAS,,
44207,07_028_002,898,630,630,0,3,627,LISTAS,,
44212,07_028_003,1134,840,840,0,10,830,LISTAS,,
44214,07_028_004,117,70,70,0,0,70,LISTAS,,
44216,07_029_001,860,633,633,0,14,619,LISTAS,,
44218,07_029_002,752,547,546,0,2,544,LISTAS,,
44220,07_030_001,679,561,562,0,15,547,LISTAS,,
44222,07_030_002,774,626,626,0,5,621,LISTAS,,
44224,07_031_001,699,491,491,0,4,487,LISTAS,,
44226,07_032_001,492,368,368,0,5,363,LISTAS,,
44228,07_033_001,1216,886,886,0,3,883,LISTAS,,
44230,07_033_002,992,695,695,0,10,685,LISTAS,,
44232,07_033_003,1243,951,950,0,6,944,LISTAS,,
44234,07_033_004,1144,880,880,0,3,877,LISTAS,,
44236,07_033_005,1019,736,735,0,3,732,LISTAS,,
44238,07_033_006,1001,781,781,0,1,780,LISTAS,,
44240,07_033_007,1380,1002,1001,0,1,1000,LISTAS,,
44242,07_033_008,879,610,609,0,6,603,LISTAS,,
44668,07_034_001,980,726,726,0,5,721,LISTAS,,
44670,07_035_001,739,467,467,0,6,461,LISTAS,,
44672,07_036_001,314,203,203,0,1,202,LISTAS,,
44674,07_036_002,212,111,111,0,0,111,LISTAS,,
44676,07_036_003,242,131,131,0,3,128,LISTAS,,
44678,07_037_001,952,703,703,0,4,699,LISTAS,,
44680,07_037_002,694,490,490,0,4,486,LISTAS,,
44682,07_038_001,674,461,461,0,9,452,LISTAS,,
44684,07_038_002,74,59,59,0,0,59,LISTAS,,
44686,07_039_001,1166,736,736,0,10,726,LISTAS,,
44688,07_039_002,1064,664,664,0,3,661,LISTAS,,
44690,07_040_001,1024,633,633,0,2,631,LISTAS,,
44692,07_041_001,855,600,600,0,7,593,LISTAS,,
44694,07_042_001,964,613,612,0,6,606,LISTAS,,
44696,07_042_002,915,547,547,0,2,545,LISTAS,,
44698,07_043_001,1002,749,749,0,2,747,LISTAS,,
44700,07_043_002,806,601,601,0,4,597,LISTAS,,
44702,07_043_003,327,250,250,0,0,250,LISTAS,,
44704,07_043_004,882,634,634,0,3,631,LISTAS,,
44706,07_044_001,536,373,372,0,0,372,LISTAS,,
44708,07_044_002,687,491,491,0,2,489,LISTAS,,
44710,07_045_001,570,424,422,0,1,421,LISTAS,,
44712,07_045_002,598,456,456,0,1,455,LISTAS,,
44714,07_046_001,890,427,427,0,5,422,LISTAS,,
44716,07_046_002,1068,594,594,0,0,594,LISTAS,,
44718,07_047_001,599,435,435,0,3,432,LISTAS,,
44720,07_047_002,641,472,472,0,2,470,LISTAS,,
44722,07_048_001,1303,866,866,0,4,862,LISTAS,,
44724,07_048_002,1158,815,816,0,15,801,LISTAS,,
44726,07_049_001,381,233,233,0,2,231,LISTAS,,
44728,07_049_002,39,30,30,0,0,30,LISTAS,,
44730,07_049_003,682,475,475,0,5,470,LISTAS,,
44732,07_049_004,669,429,429,0,3,426,LISTAS,,
44734,07_050_001,858,533,533,0,10,523,LISTAS,,
44736,07_050_002,857,552,552,0,8,544,LISTAS,,
44738,07_050_003,759,514,514,0,2,512,LISTAS,,
44740,07_051_001,702,514,514,0,2,512,LISTAS,,
44742,07_051_002,679,488,486,0,3,483,LISTAS,,
44744,07_051_003,749,523,522,0,0,522,LISTAS,,
44746,07_052_001,1269,954,954,0,6,948,LISTAS,,
44748,07_053_001,1020,711,711,0,4,707,LISTAS,,
44750,07_053_002,1121,818,817,0,7,810,LISTAS,,
44752,07_053_003,1086,823,823,0,4,819,LISTAS,,
44754,07_053_004,1163,880,880,0,9,871,LISTAS,,
44756,07_054_001,1065,797,797,0,16,781,LISTAS,,
44758,07_054_002,795,462,462,0,6,456,LISTAS,,
44760,07_055_001,572,344,344,0,4,340,LISTAS,,
44762,07_056_001,1019,676,676,0,10,666,LISTAS,,
44764,07_056_002,958,584,584,0,4,580,LISTAS,,
44766,07_056_003,939,611,615,0,39,576,LISTAS,,
44768,07_056_004,840,405,406,0,13,393,LISTAS,,
44770,07_057_001,755,474,474,0,1,473,LISTAS,,
44772,07_058_001,463,260,260,0,6,254,LISTAS,,
44774,07_058_002,547,279,278,0,9,269,LISTAS,,
44776,07_059_001,720,376,376,0,4,372,LISTAS,,
44778,07_059_002,952,544,544,0,4,540,LISTAS,,
44780,07_060_001,430,307,307,0,1,306,LISTAS,,
44782,07_061_001,665,457,457,0,14,443,LISTAS,,
44784,07_061_002,841,603,603,0,7,596,LISTAS,,
44786,07_061_003,761,526,525,0,3,522,LISTAS,,
44788,07_061_004,745,609,609,0,5,604,LISTAS,,
44790,07_061_005,717,527,527,0,3,524,LISTAS,,
44792,07_061_006,651,522,522,0,8,514,LISTAS,,
44794,07_061_007,958,743,743,0,3,740,LISTAS,,
44796,07_061_008,575,413,413,0,9,404,LISTAS,,
44798,07_061_009,833,651,649,0,4,645,LISTAS,,
44800,07_061_010,590,477,477,0,1,476,LISTAS,,
44802,07_061_011,1126,844,844,0,12,832,LISTAS,,
62306,07_061_012,1205,950,950,0,10,940,LISTAS,,
62308,07_061_013,710,562,561,0,3,558,LISTAS,,
62310,07_061_014,685,572,572,0,1,571,LISTAS,,
62312,07_061_015,174,110,110,0,1,109,LISTAS,,
62314,07_062_001,449,379,379,0,3,376,LISTAS,,
62316,07_063_001,474,308,308,0,6,302,LISTAS,,
62318,07_063_002,507,336,336,0,3,333,LISTAS,,
62320,07_063_003,148,94,94,0,2,92,LISTAS,,
62322,07_064_001,885,515,514,0,6,508,LISTAS,,
62324,07_065_001,503,381,381,0,1,380,LISTAS,,
62326,07_066_001,761,560,560,0,0,560,LISTAS,,
62328,07_066_002,829,637,637,0,1,636,LISTAS,,
62330,07_066_003,827,657,657,0,9,648,LISTAS,,
62332,07_066_004,785,585,585,0,1,584,LISTAS,,
62334,07_066_005,104,57,57,0,2,55,LISTAS,,
62336,07_067_001,413,267,267,0,1,266,LISTAS,,
62338,07_067_002,530,366,366,0,4,362,LISTAS,,
62340,07_067_003,475,323,323,0,1,322,LISTAS,,
62342,07_068_001,428,316,315,0,2,313,LISTAS,,
62344,07_068_002,193,127,127,0,2,125,LISTAS,,
62346,07_069_001,866,669,668,0,3,665,LISTAS,,
62348,07_069_002,892,668,668,0,3,665,LISTAS,,
62350,07_069_003,758,569,569,0,2,567,LISTAS,,
62352,07_070_001,691,504,502,0,2,500,LISTAS,,
62354,07_070_002,674,454,454,0,4,450,LISTAS,,
62356,07_071_001,911,725,725,0,3,722,LISTAS,,
62358,07_071_002,776,594,593,0,5,588,LISTAS,,
62360,07_072_001,731,437,437,0,3,434,LISTAS,,
62362,07_072_002,710,461,461,0,6,455,LISTAS,,
62364,07_072_003,782,493,493,0,7,486,LISTAS,,
62366,07_072_004,871,494,494,0,6,488,LISTAS,,
62368,07_073_001,308,167,167,0,4,163,LISTAS,,
62370,07_073_002,921,602,602,0,3,599,LISTAS,,
62372,07_073_003,1018,659,659,0,3,656,LISTAS,,
62374,07_073_004,944,561,559,0,7,552,LISTAS,,
62376,07_073_005,787,479,479,0,3,476,LISTAS,,
62378,07_073_006,1100,730,730,0,4,726,LISTAS,,
62380,07_073_007,212,118,118,0,0,118,LISTAS,,
62382,07_074_001,992,624,624,0,8,616,LISTAS,,
62384,07_074_002,728,470,467,0,3,464,LISTAS,,
62386,07_074_003,989,604,604,0,4,600,LISTAS,,
62388,07_074_004,972,590,590,0,4,586,LISTAS,,
62390,07_074_005,1113,697,697,0,6,691,LISTAS,,
62392,07_075_001,727,556,555,0,6,549,LISTAS,,
62394,07_075_002,618,452,452,0,10,442,LISTAS,,
62396,07_075_003,558,408,408,0,7,401,LISTAS,,
62398,07_076_001,903,658,658,0,3,655,LISTAS,,
62400,07_076_002,931,645,645,0,7,638,LISTAS,,
62402,07_076_003,925,707,707,0,9,698,LISTAS,,
62404,07_076_004,936,754,754,0,6,748,LISTAS,,
62406,07_077_001,860,546,546,0,3,543,LISTAS,,
62408,07_077_002,866,533,532,0,6,526,LISTAS,,
62410,07_077_003,950,604,604,0,3,601,LISTAS,,
62412,07_078_001,695,430,430,0,4,426,LISTAS,,
62414,07_078_002,639,432,432,0,4,428,LISTAS,,
62416,07_078_003,484,319,319,0,3,316,LISTAS,,
62418,07_078_004,662,422,422,0,5,417,LISTAS,,
62420,07_078_005,602,417,417,0,1,416,LISTAS,,
62422,07_078_006,512,374,374,0,4,370,LISTAS,,
62424,07_078_007,539,380,380,0,2,378,LISTAS,,
62426,07_078_008,580,388,388,0,1,387,LISTAS,,
62428,07_078_009,597,442,442,0,1,441,LISTAS,,
62430,07_078_010,645,468,468,0,4,464,LISTAS,,
62432,07_078_011,692,497,495,0,4,491,LISTAS,,
62434,07_078_012,694,471,471,0,3,468,LISTAS,,
62436,07_078_013,466,327,327,0,3,324,LISTAS,,
62574,07_078_014,640,420,420,0,4,416,LISTAS,,
62576,07_078_015,212,141,141,0,1,140,LISTAS,,
62578,07_078_016,174,101,101,0,1,100,LISTAS,,
62580,07_078_017,503,337,337,0,5,332,LISTAS,,
62582,07_078_018,192,121,121,0,1,120,LISTAS,,
62584,07_078_019,1608,1430,1428,-2,2,1426,LISTAS,,
62586,07_079_001,560,385,385,0,4,381,LISTAS,,
62588,07_080_001,1238,970,970,0,5,965,LISTAS,,
62590,07_081_001,631,322,322,0,2,320,LISTAS,,
62592,07_081_002,1039,515,513,0,12,501,LISTAS,,
62594,07_082_001,479,323,323,0,2,321,LISTAS,,
62596,07_083_001,1044,628,628,0,9,619,LISTAS,,
62598,07_083_002,804,509,509,0,8,501,LISTAS,,
62600,07_083_003,758,424,424,0,7,417,LISTAS,,
62602,07_084_001,943,615,615,0,4,611,LISTAS,,
62604,07_084_002,160,126,126,0,4,122,LISTAS,,
62606,07_085_001,826,580,579,0,8,571,LISTAS,,
62608,07_085_002,895,652,651,0,3,648,LISTAS,,
62610,07_085_003,737,467,466,0,4,462,LISTAS,,
62612,07_086_001,969,674,674,0,2,672,LISTAS,,
62614,07_086_002,1096,695,695,0,8,687,LISTAS,,
62616,07_086_003,859,561,561,0,15,546,LISTAS,,
62618,07_086_004,686,399,399,0,6,393,LISTAS,,
62620,07_087_001,739,466,466,0,4,462,LISTAS,,
62622,07_087_002,762,535,535,0,4,531,LISTAS,,
62624,07_088_001,396,309,309,0,2,307,LISTAS,,
62626,07_089_001,1242,1036,1036,0,6,1030,LISTAS,,
62628,07_090_001,936,618,618,0,6,612,LISTAS,,
62630,07_090_002,923,693,693,0,2,691,LISTAS,,
62632,07_090_003,979,661,660,0,4,656,LISTAS,,
62634,07_090_004,970,648,648,0,3,645,LISTAS,,
62636,07_091_001,1283,816,816,0,9,807,LISTAS,,
62638,07_091_002,489,276,276,0,6,270,LISTAS,,
62640,07_092_001,574,344,344,0,10,334,LISTAS,,
62642,07_092_002,69,45,45,0,0,45,LISTAS,,
62644,07_093_001,606,462,462,0,12,450,LISTAS,,
62646,07_093_002,685,500,500,0,14,486,LISTAS,,
62648,07_094_001,811,606,606,0,1,605,LISTAS,,
62650,07_094_002,806,577,576,0,5,571,LISTAS,,
62652,07_094_003,1004,709,708,0,4,704,LISTAS,,
62654,07_094_004,283,236,236,0,1,235,LISTAS,,
62656,07_094_005,692,522,522,0,0,522,LISTAS,,
62658,07_094_006,736,576,576,0,4,572,LISTAS,,
62660,07_094_007,730,558,564,0,62,502,LISTAS,,
62662,07_094_008,784,607,608,0,22,586,LISTAS,,
62664,07_094_009,867,631,631,0,14,617,LISTAS,,
62666,07_094_010,828,595,595,0,3,592,LISTAS,,
62668,07_094_011,776,560,560,0,6,554,LISTAS,,
62670,07_094_012,824,626,626,0,2,624,LISTAS,,
62672,07_094_013,920,675,675,0,3,672,LISTAS,,
62674,07_094_014,787,570,569,0,4,565,LISTAS,,
62676,07_094_015,657,502,502,0,4,498,LISTAS,,
62678,07_094_016,717,545,545,0,1,544,LISTAS,,
62680,07_094_017,751,505,505,0,16,489,LISTAS,,
62682,07_094_018,846,632,630,0,4,626,LISTAS,,
62684,07_094_019,804,586,587,0,18,569,LISTAS,,
62686,07_094_020,797,551,549,0,4,545,LISTAS,,
62688,07_094_021,941,718,716,0,4,712,LISTAS,,
62690,07_094_022,863,625,627,0,36,591,LISTAS,,
62692,07_094_023,954,712,711,0,1,710,LISTAS,,
62694,07_094_024,597,451,451,0,6,445,LISTAS,,
62696,07_094_025,553,394,394,0,1,393,LISTAS,,
62834,07_094_026,686,509,509,0,3,506,LISTAS,,
62836,07_094_027,801,623,622,0,5,617,LISTAS,,
62838,07_094_028,691,518,517,0,3,514,LISTAS,,
62840,07_094_029,836,595,595,0,5,590,LISTAS,,
62842,07_094_030,1099,742,742,0,6,736,LISTAS,,
62844,07_094_031,824,610,610,0,0,610,LISTAS,,
62846,07_094_032,880,645,643,0,1,642,LISTAS,,
62848,07_094_033,1162,518,517,0,3,514,LISTAS,,
62850,07_094_034,971,741,740,0,5,735,LISTAS,,
62852,07_094_035,922,671,671,0,1,670,LISTAS,,
62854,07_094_036,768,549,548,0,1,547,LISTAS,,
62856,07_094_037,818,610,610,0,2,608,LISTAS,,
62858,07_094_038,889,655,654,0,2,652,LISTAS,,
62860,07_094_039,945,698,698,0,5,693,LISTAS,,
62862,07_094_040,1186,900,899,0,6,893,LISTAS,,
62864,07_094_041,1068,784,784,0,2,782,LISTAS,,
62866,07_094_042,1070,724,723,0,1,722,LISTAS,,
62868,07_094_043,914,745,745,0,2,743,LISTAS,,
62870,07_094_044,984,711,711,0,1,710,LISTAS,,
62872,07_094_045,695,510,510,0,1,509,LISTAS,,
62874,07_094_046,864,611,610,0,6,604,LISTAS,,
62876,07_094_047,833,620,619,0,5,614,LISTAS,,
62878,07_094_048,1123,896,895,0,4,891,LISTAS,,
62880,07_094_049,1192,936,935,0,5,930,LISTAS,,
62882,07_094_050,758,577,577,0,5,572,LISTAS,,
62884,07_094_051,1180,782,782,0,6,776,LISTAS,,
62886,07_094_052,646,496,494,0,0,494,LISTAS,,
62888,07_094_053,851,654,653,0,5,648,LISTAS,,
62890,07_094_054,1057,820,819,0,9,810,LISTAS,,
62892,07_094_055,742,596,595,0,3,592,LISTAS,,
62894,07_094_056,2675,2400,2393,-7,5,2388,LISTAS,,
62896,07_094_057,564,446,445,0,3,442,LISTAS,,
62898,07_094_058,949,765,766,0,16,750,LISTAS,,
62900,07_094_059,652,512,512,0,11,501,LISTAS,,
62902,07_094_060,552,433,433,0,0,433,LISTAS,,
62904,07_094_061,615,492,492,0,2,490,LISTAS,,
62906,07_094_062,701,591,591,0,5,586,LISTAS,,
62908,07_094_063,868,687,688,0,18,670,LISTAS,,
62910,07_094_064,971,788,788,0,0,788,LISTAS,,
62912,07_094_065,695,567,566,0,1,565,LISTAS,,
62914,07_094_066,1152,975,971,0,3,968,LISTAS,,
62916,07_094_067,1135,888,888,0,2,886,LISTAS,,
62918,07_094_068,882,710,710,0,2,708,LISTAS,,
62920,07_094_069,849,700,700,0,3,697,LISTAS,,
62922,07_094_070,921,789,789,0,5,784,LISTAS,,
62924,07_094_071,692,557,556,0,5,551,LISTAS,,
62926,07_094_072,887,758,758,0,1,757,LISTAS,,
62928,07_094_073,1084,898,896,0,4,892,LISTAS,,
62930,07_094_074,675,529,533,0,44,489,LISTAS,,
62932,07_094_075,355,270,270,0,0,270,LISTAS,,
62934,07_094_076,1152,783,783,0,3,780,LISTAS,,
62936,07_094_077,997,815,814,0,3,811,LISTAS,,
62938,07_094_078,1014,777,777,0,2,775,LISTAS,,
62940,07_094_079,872,684,684,0,0,684,LISTAS,,
62942,07_094_080,1027,800,799,0,2,797,LISTAS,,
62944,07_094_081,841,623,623,0,4,619,LISTAS,,
59468,07_094_082,578,439,439,0,3,436,LISTAS,,
59470,07_094_083,810,659,659,0,6,653,LISTAS,,
59472,07_094_084,628,454,454,0,5,449,LISTAS,,
59474,07_094_085,939,756,754,0,6,748,LISTAS,,
59476,07_094_086,809,573,573,0,4,569,LISTAS,,
59478,07_094_087,988,765,764,0,2,762,LISTAS,,
59480,07_094_088,751,593,593,0,6,587,LISTAS,,
59482,07_094_089,1172,850,850,0,9,841,LISTAS,,
59484,07_094_090,1262,950,950,0,6,944,LISTAS,,
59486,07_094_091,2270,1952,1940,-12,1,1939,LISTAS,,
59488,07_094_092,197,154,154,0,1,153,LISTAS,,
59490,07_095_001,755,566,565,0,4,561,LISTAS,,
59492,07_096_001,699,486,486,0,2,484,LISTAS,,
59494,07_096_002,641,464,464,0,2,462,LISTAS,,
59496,07_097_001,1408,1089,1089,0,6,1083,LISTAS,,
59498,07_098_001,336,239,239,0,2,237,LISTAS,,
59500,07_099_001,894,667,666,0,1,665,LISTAS,,
59502,07_099_002,975,708,708,0,1,707,LISTAS,,
59504,07_100_001,658,390,390,0,2,388,LISTAS,,
59506,07_101_001,714,505,505,0,4,501,LISTAS,,
59508,07_101_002,710,514,514,0,4,510,LISTAS,,
59510,07_101_003,559,444,444,0,3,441,LISTAS,,
59512,07_102_001,1086,828,828,0,2,826,LISTAS,,
59514,07_102_002,758,575,575,0,4,571,LISTAS,,
59516,07_102_003,966,713,713,0,4,709,LISTAS,,
59518,07_102_004,975,783,783,0,2,781,LISTAS,,
59520,07_102_005,1007,760,760,0,2,758,LISTAS,,
59522,07_103_001,632,433,433,0,1,432,LISTAS,,
59524,07_104_001,707,444,444,0,6,438,LISTAS,,
59526,07_104_002,696,496,496,0,8,488,LISTAS,,
59528,07_105_001,722,555,555,0,24,531,LISTAS,,
59530,07_106_001,912,590,590,0,4,586,LISTAS,,
59532,07_106_002,932,676,674,0,2,672,LISTAS,,
59534,07_107_001,769,494,494,0,0,494,LISTAS,,
59536,07_108_001,537,320,320,0,5,315,LISTAS,,
59538,07_108_002,454,262,262,0,2,260,LISTAS,,
59540,08_001_001,598,462,462,0,1,461,LISTAS,,
59542,08_001_002,653,469,469,0,4,465,LISTAS,,
59544,08_001_003,734,533,533,0,5,528,LISTAS,,
59546,08_001_004,585,439,439,0,4,435,LISTAS,,
59548,08_002_001,382,321,321,0,4,317,LISTAS,,
59550,08_003_001,727,561,561,0,3,558,LISTAS,,
59552,08_004_001,822,588,588,0,13,575,LISTAS,,
59554,08_004_002,860,660,660,0,14,646,LISTAS,,
59556,08_005_001,207,163,163,0,3,160,LISTAS,,
59558,08_006_001,890,623,623,0,9,614,LISTAS,,
59560,08_006_002,698,508,508,0,3,505,LISTAS,,
59562,08_007_001,936,682,682,0,9,673,LISTAS,,
59564,08_008_001,123,100,100,0,1,99,LISTAS,,
59566,08_009_001,227,167,167,0,2,165,LISTAS,,
59568,08_010_001,798,532,532,0,4,528,LISTAS,,
59570,08_010_002,606,381,381,0,11,370,LISTAS,,
59572,08_011_001,602,418,418,0,0,418,LISTAS,,
59574,08_012_001,545,416,416,0,2,414,LISTAS,,
59576,08_012_002,528,370,370,0,3,367,LISTAS,,
59578,08_013_001,936,700,700,0,12,688,LISTAS,,
59580,08_013_002,932,696,695,0,10,685,LISTAS,,
59582,08_013_003,259,187,187,0,0,187,LISTAS,,
59584,08_014_001,418,313,312,0,10,302,LISTAS,,
59586,08_014_002,390,296,295,0,11,284,LISTAS,,
59588,08_014_003,149,107,107,0,2,105,LISTAS,,
59590,08_015_001,393,293,293,0,0,293,LISTAS,,
59592,08_016_001,256,192,192,0,6,186,LISTAS,,
59594,08_017_001,513,381,381,0,3,378,LISTAS,,
59597,08_018_001,998,728,728,0,3,725,LISTAS,,
59595,08_019_001,785,528,528,0,4,524,LISTAS,,
59600,08_019_002,811,535,535,0,5,530,LISTAS,,
59732,08_019_003,183,125,125,0,1,124,LISTAS,,
59734,08_020_001,874,615,615,0,2,613,LISTAS,,
59736,08_020_002,843,596,596,0,4,592,LISTAS,,
59738,08_021_001,40,38,38,0,1,37,LISTAS,,
59740,08_022_001,436,309,309,0,6,303,LISTAS,,
59742,08_023_001,431,310,310,0,3,307,LISTAS,,
59744,08_024_001,170,135,135,0,1,134,LISTAS,,
59746,08_025_001,30,26,26,0,0,26,LISTAS,,
59748,08_026_001,395,275,275,0,4,271,LISTAS,,
59750,08_027_001,1094,839,839,0,4,835,LISTAS,,
59752,08_027_002,2498,2163,2156,-7,8,2148,LISTAS,,
59754,08_027_003,1010,743,743,0,5,738,LISTAS,,
59756,08_027_004,985,776,776,0,2,774,LISTAS,,
59758,08_027_005,1024,794,794,0,5,789,LISTAS,,
59760,08_027_006,966,733,732,0,1,731,LISTAS,,
59762,08_027_007,967,723,722,0,6,716,LISTAS,,
59764,08_027_008,1070,781,781,0,2,779,LISTAS,,
59766,08_028_001,611,467,467,0,8,459,LISTAS,,
59768,08_028_002,649,468,468,0,5,463,LISTAS,,
59770,08_029_001,323,226,226,0,2,224,LISTAS,,
59772,08_030_001,486,362,362,0,0,362,LISTAS,,
59774,08_031_001,670,435,435,0,8,427,LISTAS,,
59776,08_031_002,716,506,506,0,10,496,LISTAS,,
59778,08_032_001,196,150,150,0,3,147,LISTAS,,
59780,08_033_001,804,576,576,0,3,573,LISTAS,,
59782,08_033_002,839,597,597,0,10,587,LISTAS,,
59784,08_034_001,576,417,417,0,4,413,LISTAS,,
59786,08_035_001,171,122,122,0,2,120,LISTAS,,
59788,08_035_002,433,314,314,0,3,311,LISTAS,,
59790,08_035_003,577,426,426,0,5,421,LISTAS,,
59792,08_036_001,129,96,96,0,0,96,LISTAS,,
59794,08_037_001,99,80,80,0,0,80,LISTAS,,
59796,08_038_001,441,319,319,0,1,318,LISTAS,,
59798,08_039_001,703,534,528,0,5,523,LISTAS,,
59800,08_040_001,1397,992,992,0,12,980,LISTAS,,
59802,08_041_001,864,640,635,0,1,634,LISTAS,,
59804,08_041_002,750,548,548,0,5,543,LISTAS,,
59806,08_042_001,755,588,588,0,10,578,LISTAS,,
59808,08_042_002,792,580,580,0,3,577,LISTAS,,
59810,08_043_001,374,270,270,0,1,269,LISTAS,,
59812,08_044_001,422,322,322,0,5,317,LISTAS,,
59814,08_045_001,720,524,524,0,6,518,LISTAS,,
59816,08_046_001,91,71,71,0,1,70,LISTAS,,
59818,08_047_001,242,178,179,0,6,173,LISTAS,,
59820,08_048_001,1069,831,831,0,3,828,LISTAS,,
59822,08_048_002,641,509,509,0,7,502,LISTAS,,
59824,08_048_003,810,595,595,0,5,590,LISTAS,,
59826,08_048_004,101,69,69,0,1,68,LISTAS,,
59828,08_049_001,497,392,392,0,3,389,LISTAS,,
59830,08_050_001,595,453,453,0,0,453,LISTAS,,
59832,08_051_001,922,620,620,0,3,617,LISTAS,,
59834,08_051_002,838,585,589,0,44,545,LISTAS,,
59836,08_052_001,917,695,695,0,3,692,LISTAS,,
59838,08_052_002,793,619,619,0,3,616,LISTAS,,
59840,08_052_003,654,552,552,0,1,551,LISTAS,,
59842,08_052_004,662,506,506,0,3,503,LISTAS,,
59844,08_053_001,992,739,739,0,2,737,LISTAS,,
59846,08_054_001,844,580,580,0,6,574,LISTAS,,
59848,08_054_002,865,600,600,0,10,590,LISTAS,,
59850,08_054_003,795,502,502,0,6,496,LISTAS,,
59852,08_055_001,52,42,42,0,0,42,LISTAS,,
59854,08_056_001,1084,796,796,0,4,792,LISTAS,,
59856,08_057_001,325,225,225,0,2,223,LISTAS,,
59858,08_058_001,970,650,650,0,5,645,LISTAS,,
59860,08_059_001,972,709,708,0,1,707,LISTAS,,
59862,08_059_002,1171,755,755,0,10,745,LISTAS,,
59864,08_059_003,1014,712,712,0,3,709,LISTAS,,
59866,08_059_004,1024,672,671,0,6,665,LISTAS,,
59868,08_059_005,1187,761,760,0,10,750,LISTAS,,
60010,08_059_006,958,766,765,0,1,764,LISTAS,,
60012,08_059_007,901,653,653,0,3,650,LISTAS,,
60014,08_059_008,624,374,381,0,61,320,LISTAS,,
60016,08_059_009,2955,2585,2574,-11,7,2567,LISTAS,,
60018,08_059_010,790,571,569,0,6,563,LISTAS,,
60020,08_059_011,849,442,442,0,1,441,LISTAS,,
60022,08_059_012,1082,554,552,0,9,543,LISTAS,,
60024,08_059_013,755,595,593,0,7,586,LISTAS,,
60026,08_059_014,877,611,611,0,5,606,LISTAS,,
60028,08_059_015,1009,786,786,0,5,781,LISTAS,,
60030,08_059_016,850,639,638,0,3,635,LISTAS,,
60032,08_059_017,927,686,686,0,3,683,LISTAS,,
60034,08_059_018,806,667,667,0,1,666,LISTAS,,
60036,08_059_019,774,627,627,0,4,623,LISTAS,,
60038,08_059_020,712,577,577,0,2,575,LISTAS,,
60040,08_059_021,1131,853,853,0,4,849,LISTAS,,
60042,08_059_022,1102,896,895,0,8,887,LISTAS,,
60044,08_059_023,1109,854,854,0,10,844,LISTAS,,
60046,08_059_024,1194,910,909,0,10,899,LISTAS,,
60048,08_059_025,1037,841,838,0,3,835,LISTAS,,
60050,08_059_026,1165,922,920,0,1,919,LISTAS,,
60052,08_059_027,1232,906,905,0,9,896,LISTAS,,
60054,08_059_028,1129,887,885,0,10,875,LISTAS,,
60056,08_059_029,1037,786,785,0,5,780,LISTAS,,
60058,08_059_030,929,750,749,0,2,747,LISTAS,,
60060,08_059_031,842,602,600,0,2,598,LISTAS,,
60062,08_059_032,879,621,618,0,3,615,LISTAS,,
60064,08_059_033,951,707,707,0,2,705,LISTAS,,
60066,08_059_034,1057,732,730,0,1,729,LISTAS,,
60068,08_059_035,1006,654,653,0,8,645,LISTAS,,
60070,08_059_036,1051,701,701,0,12,689,LISTAS,,
60072,08_059_037,1082,670,670,0,7,663,LISTAS,,
60074,08_059_038,1005,590,590,0,7,583,LISTAS,,
60076,08_059_039,1092,789,787,0,2,785,LISTAS,,
60078,08_059_040,1194,822,822,0,7,815,LISTAS,,
60080,08_059_041,886,603,603,0,4,599,LISTAS,,
60082,08_059_042,1038,716,716,0,3,713,LISTAS,,
60084,08_059_043,1011,645,645,0,7,638,LISTAS,,
60086,08_059_044,933,659,660,0,23,637,LISTAS,,
60088,08_059_045,958,702,701,0,6,695,LISTAS,,
60090,08_059_046,933,633,633,0,3,630,LISTAS,,
60092,08_059_047,982,673,673,0,4,669,LISTAS,,
60094,08_059_048,913,655,654,0,4,650,LISTAS,,
60096,08_059_049,903,603,603,0,12,591,LISTAS,,
60098,08_059_050,880,599,597,0,3,594,LISTAS,,
60100,08_059_051,890,626,628,0,24,604,LISTAS,,
60102,08_059_052,1057,824,819,0,3,816,LISTAS,,
60104,08_059_053,2617,2261,2249,-12,5,2244,LISTAS,,
60106,08_059_054,1073,791,789,0,0,789,LISTAS,,
60108,08_059_055,1092,666,671,0,46,625,LISTAS,,
60110,08_059_056,1016,704,704,0,2,702,LISTAS,,
60112,08_059_057,977,678,678,0,2,676,LISTAS,,
60114,08_059_058,1125,786,784,0,2,782,LISTAS,,
60116,08_059_059,1064,791,789,0,4,785,LISTAS,,
60118,08_059_060,1039,729,722,0,4,718,LISTAS,,
60120,08_059_061,939,729,728,0,9,719,LISTAS,,
60122,08_059_062,1123,828,828,0,7,821,LISTAS,,
60124,08_059_063,1058,772,758,0,4,754,LISTAS,,
60126,08_059_064,1123,851,851,0,3,848,LISTAS,,
60128,08_059_065,1010,684,684,0,4,680,LISTAS,,
60130,08_059_066,978,719,719,0,3,716,LISTAS,,
60270,08_059_067,1009,707,706,0,2,704,LISTAS,,
60272,08_059_068,880,687,685,0,5,680,LISTAS,,
60274,08_059_069,870,694,693,0,10,683,LISTAS,,
60276,08_059_070,845,688,688,0,4,684,LISTAS,,
60278,08_059_071,961,586,585,0,7,578,LISTAS,,
60280,08_059_072,1082,724,724,0,0,724,LISTAS,,
60282,08_059_073,1073,720,720,0,4,716,LISTAS,,
60284,08_059_074,990,716,715,0,1,714,LISTAS,,
60286,08_059_075,863,705,700,0,18,682,LISTAS,,
60288,08_059_076,965,741,741,0,8,733,LISTAS,,
60290,08_059_077,1123,877,877,0,0,877,LISTAS,,
60292,08_059_078,872,682,682,0,10,672,LISTAS,,
60294,08_059_079,1000,770,770,0,11,759,LISTAS,,
60296,08_059_080,1086,883,885,0,30,855,LISTAS,,
60298,08_059_081,974,795,795,0,7,788,LISTAS,,
60300,08_059_082,1146,734,733,0,4,729,LISTAS,,
60302,08_059_083,1122,788,787,0,8,779,LISTAS,,
60304,08_059_084,1126,784,784,0,11,773,LISTAS,,
60306,08_059_085,1105,796,794,0,6,788,LISTAS,,
60308,08_059_086,1106,841,841,0,8,833,LISTAS,,
60310,08_059_087,1067,781,781,0,5,776,LISTAS,,
60312,08_059_088,1228,946,945,0,7,938,LISTAS,,
60314,08_059_089,1052,779,778,0,5,773,LISTAS,,
60316,08_059_090,1169,911,910,0,5,905,LISTAS,,
60318,08_059_091,1202,946,946,0,8,938,LISTAS,,
60320,08_059_092,1004,773,773,0,8,765,LISTAS,,
60322,08_059_093,1103,883,881,0,8,873,LISTAS,,
60324,08_059_094,1249,950,952,0,21,931,LISTAS,,
60326,08_059_095,1068,821,820,0,8,812,LISTAS,,
60328,08_059_096,1195,906,906,0,9,897,LISTAS,,
60330,08_060_001,431,296,296,0,11,285,LISTAS,,
60332,08_061_001,1340,1021,1021,0,4,1017,LISTAS,,
60334,08_062_001,1162,844,844,0,5,839,LISTAS,,
60336,08_063_001,635,385,385,0,8,377,LISTAS,,
60338,08_064_001,765,442,442,0,8,434,LISTAS,,
60340,08_064_002,804,475,475,0,6,469,LISTAS,,
60342,08_064_003,937,658,658,0,5,653,LISTAS,,
60344,08_065_001,1208,947,947,0,29,918,LISTAS,,
60346,08_065_002,1599,1265,1265,0,6,1259,LISTAS,,
60348,08_065_003,1120,920,920,0,9,911,LISTAS,,
60350,08_065_004,1198,938,937,0,7,930,LISTAS,,
60352,08_066_001,1389,1126,1126,0,9,1117,LISTAS,,
60354,08_067_001,1169,887,887,0,5,882,LISTAS,,
60356,08_067_002,965,732,731,0,4,727,LISTAS,,
60358,08_068_001,1188,838,837,0,6,831,LISTAS,,
60360,08_068_002,1193,849,849,0,6,843,LISTAS,,
60362,08_068_003,124,93,93,0,0,93,LISTAS,,
60364,08_069_001,877,689,689,0,4,685,LISTAS,,
60366,08_069_002,886,709,709,0,2,707,LISTAS,,
60368,08_070_001,871,617,614,0,3,611,LISTAS,,
60370,08_070_002,963,661,661,0,4,657,LISTAS,,
60372,08_070_003,778,527,527,0,2,525,LISTAS,,
60374,08_071_001,1138,942,940,0,3,937,LISTAS,,
60376,08_072_001,958,664,664,0,2,662,LISTAS,,
60378,08_073_001,322,260,260,0,3,257,LISTAS,,
60380,08_074_001,552,400,400,0,1,399,LISTAS,,
60382,08_075_001,249,205,205,0,1,204,LISTAS,,
60384,08_076_001,769,559,559,0,3,556,LISTAS,,
60386,08_076_002,662,521,521,0,4,517,LISTAS,,
60388,08_077_001,991,614,614,0,8,606,LISTAS,,
60390,08_078_001,831,579,579,0,11,568,LISTAS,,
60392,08_078_002,809,514,514,0,9,505,LISTAS,,
60394,08_078_003,728,495,495,0,6,489,LISTAS,,
60396,08_078_004,838,589,588,0,3,585,LISTAS,,
60398,08_078_005,807,520,520,0,11,509,LISTAS,,
60528,08_078_006,626,412,408,0,3,405,LISTAS,,
60530,08_078_007,199,114,114,0,3,111,LISTAS,,
60532,08_079_001,466,299,299,0,5,294,LISTAS,,
60534,08_080_001,1029,712,712,0,6,706,LISTAS,,
60536,08_081_001,143,99,99,0,2,97,LISTAS,,
60538,08_081_002,1111,850,848,0,4,844,LISTAS,,
60540,08_081_003,1006,755,754,0,5,749,LISTAS,,
60542,08_081_004,964,748,748,0,2,746,LISTAS,,
60544,08_081_005,1012,770,770,0,1,769,LISTAS,,
60546,08_081_006,1094,769,769,0,4,765,LISTAS,,
60548,08_081_007,981,749,749,0,4,745,LISTAS,,
60550,08_081_008,1023,795,795,0,3,792,LISTAS,,
60552,08_081_009,874,653,653,0,12,641,LISTAS,,
60554,08_082_001,670,438,442,0,51,391,LISTAS,,
60556,08_082_002,920,643,643,0,5,638,LISTAS,,
60558,08_082_003,199,135,135,0,6,129,LISTAS,,
60560,08_083_001,187,149,149,0,1,148,LISTAS,,
60562,08_084_001,693,543,543,0,2,541,LISTAS,,
60564,08_085_001,277,220,220,0,6,214,LISTAS,,
60566,08_086_001,615,488,488,0,3,485,LISTAS,,
60568,08_087_001,823,574,564,0,3,561,LISTAS,,
60570,08_087_002,858,578,577,0,8,569,LISTAS,,
60572,08_088_001,1084,794,793,0,3,790,LISTAS,,
60574,08_088_002,1067,767,767,0,3,764,LISTAS,,
60576,08_089_001,863,693,693,0,5,688,LISTAS,,
60578,08_089_002,780,629,629,0,4,625,LISTAS,,
60580,08_090_001,976,746,746,0,9,737,LISTAS,,
60582,08_091_001,448,291,291,0,5,286,LISTAS,,
60584,08_092_001,688,456,456,0,10,446,LISTAS,,
60586,08_092_002,744,514,514,0,10,504,LISTAS,,
60588,08_093_001,1071,749,749,0,6,743,LISTAS,,
60590,08_093_002,664,452,451,0,11,440,LISTAS,,
60592,08_093_003,804,547,547,0,6,541,LISTAS,,
60594,08_094_001,582,445,445,0,4,441,LISTAS,,
60596,08_095_001,1163,847,847,0,5,842,LISTAS,,
60598,08_096_001,73,51,51,0,0,51,LISTAS,,
60600,08_097_001,379,256,256,0,1,255,LISTAS,,
60602,08_098_001,385,263,263,0,0,263,LISTAS,,
60604,08_099_001,697,471,471,0,1,470,LISTAS,,
60606,08_099_002,787,570,570,0,9,561,LISTAS,,
60608,08_100_001,481,367,367,0,7,360,LISTAS,,
60610,08_101_001,758,509,509,0,12,497,LISTAS,,
60612,08_102_001,82,61,61,0,0,61,LISTAS,,
60614,08_103_001,892,697,697,0,5,692,LISTAS,,
60616,08_104_001,812,655,655,0,10,645,LISTAS,,
60618,08_104_002,756,487,487,0,15,472,LISTAS,,
60620,08_104_003,820,551,551,0,5,546,LISTAS,,
60622,08_104_004,1239,950,950,0,12,938,LISTAS,,
60624,08_104_005,1063,739,739,0,3,736,LISTAS,,
60626,08_104_006,761,547,547,0,5,542,LISTAS,,
60628,08_104_007,813,535,535,0,4,531,LISTAS,,
60630,08_104_008,811,619,619,0,3,616,LISTAS,,
60632,08_104_009,787,513,513,0,5,508,LISTAS,,
60634,08_104_010,931,582,581,0,4,577,LISTAS,,
60636,08_104_011,879,551,550,0,8,542,LISTAS,,
60638,08_104_012,739,541,541,0,3,538,LISTAS,,
60640,08_104_013,901,644,644,0,10,634,LISTAS,,
60642,08_104_014,889,654,654,0,6,648,LISTAS,,
60644,08_104_015,708,520,520,0,6,514,LISTAS,,
60646,08_104_016,714,514,514,0,2,512,LISTAS,,
60648,08_104_017,850,576,575,0,2,573,LISTAS,,
60650,08_104_018,844,586,586,0,7,579,LISTAS,,
60652,08_104_019,862,564,564,0,5,559,LISTAS,,
60654,08_104_020,823,573,573,0,5,568,LISTAS,,
60656,08_104_021,765,506,506,0,10,496,LISTAS,,
60658,08_104_022,927,616,616,0,7,609,LISTAS,,
60794,08_104_023,723,466,466,0,8,458,LISTAS,,
60796,08_104_024,2282,1949,1831,-118,26,1805,LISTAS,,
60798,08_104_025,774,439,439,0,4,435,LISTAS,,
60800,08_104_026,840,558,558,0,4,554,LISTAS,,
60802,08_104_027,868,540,540,0,9,531,LISTAS,,
60804,08_104_028,860,559,559,0,10,549,LISTAS,,
60806,08_104_029,786,539,539,0,12,527,LISTAS,,
60808,08_104_030,828,608,608,0,4,604,LISTAS,,
60810,08_105_001,959,668,668,0,7,661,LISTAS,,
60812,08_105_002,1033,677,676,0,9,667,LISTAS,,
60814,08_106_001,679,464,465,0,24,441,LISTAS,,
60816,08_106_002,675,480,480,0,2,478,LISTAS,,
60818,08_107_001,671,495,495,0,12,483,LISTAS,,
60820,08_108_001,758,600,600,0,10,590,LISTAS,,
60822,08_109_001,790,588,588,0,2,586,LISTAS,,
60824,08_109_002,862,669,668,0,2,666,LISTAS,,
60826,08_110_001,811,564,564,0,10,554,LISTAS,,
60828,08_111_001,629,435,435,0,9,426,LISTAS,,
60830,08_111_002,834,529,529,0,4,525,LISTAS,,
60832,08_112_001,173,139,139,0,7,132,LISTAS,,
60834,08_113_001,352,288,288,0,6,282,LISTAS,,
60836,08_114_001,887,686,686,0,4,682,LISTAS,,
60838,08_114_002,958,699,699,0,3,696,LISTAS,,
60840,08_114_003,1112,817,817,0,9,808,LISTAS,,
60842,08_114_004,470,344,344,0,1,343,LISTAS,,
60844,08_115_001,714,517,517,0,6,511,LISTAS,,
60846,08_116_001,858,604,597,0,7,590,LISTAS,,
60848,08_116_002,783,579,579,0,2,577,LISTAS,,
60850,08_116_003,778,540,540,0,0,540,LISTAS,,
60852,08_117_001,1021,658,657,0,8,649,LISTAS,,
60854,08_117_002,712,498,498,0,5,493,LISTAS,,
60856,08_117_003,804,576,574,0,4,570,LISTAS,,
60858,08_117_004,185,151,151,0,1,150,LISTAS,,
60860,08_118_001,333,242,242,0,2,240,LISTAS,,
60862,08_119_001,240,180,180,0,0,180,LISTAS,,
60864,08_120_001,824,555,554,0,7,547,LISTAS,,
60866,08_121_001,1160,867,867,0,6,861,LISTAS,,
60868,08_122_001,866,700,700,0,6,694,LISTAS,,
60870,08_123_001,836,587,587,0,4,583,LISTAS,,
60872,08_123_002,916,638,638,0,7,631,LISTAS,,
60874,08_123_003,270,189,189,0,1,188,LISTAS,,
60876,08_124_001,278,219,219,0,2,217,LISTAS,,
60878,08_125_001,93,74,75,0,8,67,LISTAS,,
60880,08_126_001,226,187,187,0,2,185,LISTAS,,
60882,08_127_001,508,380,380,0,8,372,LISTAS,,
60884,08_128_001,427,298,298,0,3,295,LISTAS,,
60886,08_128_002,608,464,464,0,7,457,LISTAS,,
60888,08_128_003,422,296,296,0,3,293,LISTAS,,
60890,08_129_001,1017,719,719,0,7,712,LISTAS,,
60892,08_130_001,416,289,289,0,2,287,LISTAS,,
60894,08_131_001,474,354,347,0,2,345,LISTAS,,
60896,08_132_001,588,454,454,0,7,447,LISTAS,,
60898,08_133_001,1054,718,718,0,4,714,LISTAS,,
60900,08_133_002,996,726,726,0,2,724,LISTAS,,
60902,08_134_001,811,595,595,0,4,591,LISTAS,,
60904,08_135_001,62,50,50,0,0,50,LISTAS,,
60906,08_136_001,365,288,288,0,5,283,LISTAS,,
60908,08_137_001,428,310,310,0,1,309,LISTAS,,
60910,08_138_001,119,100,100,0,2,98,LISTAS,,
60912,08_139_001,791,606,605,0,6,599,LISTAS,,
60914,08_140_001,136,101,101,0,4,97,LISTAS,,
60916,08_141_001,226,163,163,0,1,162,LISTAS,,
60918,08_142_001,286,239,239,0,0,239,LISTAS,,
60920,08_143_001,448,314,314,0,6,308,LISTAS,,
60922,08_144_001,247,169,169,0,1,168,LISTAS,,
60924,08_145_001,353,264,264,0,4,260,LISTAS,,
60926,08_146_001,489,373,373,0,2,371,LISTAS,,
60928,08_146_002,181,149,149,0,2,147,LISTAS,,
60930,08_146_003,79,58,58,0,1,57,LISTAS,,
61074,08_147_001,260,191,191,0,6,185,LISTAS,,
61076,08_148_001,224,165,165,0,0,165,LISTAS,,
61078,08_149_001,929,671,671,0,10,661,LISTAS,,
61080,08_150_001,943,559,559,0,15,544,LISTAS,,
61082,08_150_002,994,651,641,0,5,636,LISTAS,,
61084,08_150_003,1061,717,717,0,3,714,LISTAS,,
61086,08_150_004,935,720,719,0,3,716,LISTAS,,
61088,08_150_005,771,585,585,0,1,584,LISTAS,,
61090,08_150_006,917,674,674,0,5,669,LISTAS,,
61092,08_150_007,1026,786,786,0,9,777,LISTAS,,
61094,08_150_008,841,624,616,0,0,616,LISTAS,,
61096,08_150_009,1089,807,807,0,10,797,LISTAS,,
61098,08_150_010,793,571,571,0,3,568,LISTAS,,
61100,08_150_011,845,604,604,0,2,602,LISTAS,,
61102,08_150_012,854,660,660,0,8,652,LISTAS,,
61104,08_150_013,814,547,547,0,7,540,LISTAS,,
61106,08_150_014,777,572,572,0,3,569,LISTAS,,
61108,08_150_015,792,569,569,0,5,564,LISTAS,,
61110,08_150_016,964,683,681,0,5,676,LISTAS,,
61112,08_150_017,650,508,508,0,3,505,LISTAS,,
61114,08_150_018,780,581,581,0,6,575,LISTAS,,
61116,08_150_019,1029,804,804,0,6,798,LISTAS,,
61118,08_150_020,807,596,596,0,1,595,LISTAS,,
61120,08_150_021,777,618,618,0,1,617,LISTAS,,
61122,08_150_022,906,716,716,0,2,714,LISTAS,,
61124,08_150_023,1097,857,857,0,2,855,LISTAS,,
61126,08_150_024,840,599,599,0,3,596,LISTAS,,
61128,08_150_025,621,442,442,0,2,440,LISTAS,,
61130,08_150_026,2829,2464,2458,-6,18,2440,LISTAS,,
61132,08_150_027,755,606,606,0,5,601,LISTAS,,
61134,08_150_028,987,664,664,0,6,658,LISTAS,,
61136,08_150_029,1200,883,883,0,7,876,LISTAS,,
61138,08_150_030,766,503,503,0,2,501,LISTAS,,
61140,08_150_031,1051,774,774,0,1,773,LISTAS,,
61142,08_150_032,981,715,715,0,3,712,LISTAS,,
61144,08_150_033,1023,797,795,0,9,786,LISTAS,,
61146,08_150_034,946,655,655,0,6,649,LISTAS,,
61148,08_150_035,816,607,603,0,4,599,LISTAS,,
61150,08_150_036,1153,877,877,0,4,873,LISTAS,,
61152,08_150_037,986,709,709,0,2,707,LISTAS,,
61154,08_150_038,896,684,685,0,20,665,LISTAS,,
61156,08_150_039,1018,811,810,0,6,804,LISTAS,,
61158,08_150_040,1132,895,895,0,2,893,LISTAS,,
61160,08_150_041,976,841,841,0,6,835,LISTAS,,
61162,08_150_042,830,691,690,0,5,685,LISTAS,,
61164,08_150_043,986,754,753,0,1,752,LISTAS,,
61166,08_150_044,929,716,714,0,9,705,LISTAS,,
61168,08_150_045,709,552,552,0,7,545,LISTAS,,
61170,08_150_046,746,549,549,0,8,541,LISTAS,,
61172,08_150_047,946,718,718,0,5,713,LISTAS,,
61174,08_150_048,1368,1055,1055,0,8,1047,LISTAS,,
61176,08_150_049,1018,804,804,0,16,788,LISTAS,,
61178,08_150_050,758,496,496,0,2,494,LISTAS,,
61180,08_151_001,647,548,548,0,6,542,LISTAS,,
61182,08_152_001,991,763,763,0,5,758,LISTAS,,
61184,08_153_001,254,189,189,0,3,186,LISTAS,,
61186,08_154_001,343,249,249,0,0,249,LISTAS,,
61188,08_155_001,1041,778,778,0,9,769,LISTAS,,
61190,08_155_002,667,488,488,0,6,482,LISTAS,,
61192,08_156_001,775,574,574,0,8,566,LISTAS,,
61194,08_157_001,649,420,420,0,8,412,LISTAS,,
61196,08_158_001,1080,697,695,0,7,688,LISTAS,,
61198,08_159_001,541,399,398,0,4,394,LISTAS,,
61200,08_160_001,332,251,251,0,6,245,LISTAS,,
61202,08_161_001,569,419,419,0,4,415,LISTAS,,
61204,08_162_001,726,512,512,0,9,503,LISTAS,,
61206,08_163_001,158,128,128,0,2,126,LISTAS,,
61344,08_164_001,1249,886,886,0,16,870,LISTAS,,
61346,08_165_001,1141,640,640,0,4,636,LISTAS,,
61348,08_165_002,961,593,593,0,9,584,LISTAS,,
61350,08_165_003,1069,744,744,0,6,738,LISTAS,,
61352,08_166_001,826,557,557,0,9,548,LISTAS,,
61354,08_166_002,771,581,581,0,8,573,LISTAS,,
61356,08_167_001,259,201,201,0,1,200,LISTAS,,
61358,08_168_001,808,577,577,0,1,576,LISTAS,,
61360,08_169_001,649,400,400,0,9,391,LISTAS,,
61362,08_170_001,74,67,67,0,0,67,LISTAS,,
61364,08_171_001,418,319,319,0,0,319,LISTAS,,
61366,08_172_001,1342,1029,1018,0,12,1006,LISTAS,,
61368,08_173_001,292,211,211,0,2,209,LISTAS,,
61370,08_174_001,133,102,102,0,2,100,LISTAS,,
61372,08_175_001,745,591,591,0,8,583,LISTAS,,
61374,08_176_001,823,586,586,0,5,581,LISTAS,,
61376,08_177_001,146,107,107,0,0,107,LISTAS,,
61378,08_178_001,1083,827,827,0,5,822,LISTAS,,
61380,08_179_001,307,249,249,0,0,249,LISTAS,,
61382,08_180_001,109,84,84,0,1,83,LISTAS,,
61384,08_181_001,529,394,394,0,0,394,LISTAS,,
61386,08_182_001,440,279,279,0,4,275,LISTAS,,
61388,08_183_001,359,237,237,0,8,229,LISTAS,,
61390,09_001_001,723,387,387,0,10,377,LISTAS,,
61392,09_001_002,664,382,382,0,5,377,LISTAS,,
61394,09_002_001,482,282,282,0,4,278,LISTAS,,
61396,09_003_001,887,566,566,0,10,556,LISTAS,,
61398,09_003_002,926,477,477,0,16,461,LISTAS,,
61400,09_004_001,950,667,667,0,6,661,LISTAS,,
61402,09_005_001,974,688,689,0,22,667,LISTAS,,
61404,09_005_002,732,507,507,0,6,501,LISTAS,,
61406,09_005_003,887,636,636,0,7,629,LISTAS,,
61408,09_005_004,838,584,584,0,10,574,LISTAS,,
61410,09_005_005,726,514,514,0,10,504,LISTAS,,
61412,09_005_006,830,449,449,0,55,394,LISTAS,,
61414,09_005_007,783,593,590,0,5,585,LISTAS,,
61416,09_005_008,915,626,626,0,7,619,LISTAS,,
61418,09_005_009,1002,611,610,0,3,607,LISTAS,,
61420,09_005_010,765,493,493,0,10,483,LISTAS,,
61422,09_005_011,997,518,518,0,26,492,LISTAS,,
61424,09_005_012,888,494,494,0,10,484,LISTAS,,
61426,09_005_013,879,587,586,0,5,581,LISTAS,,
61428,09_005_014,819,554,554,0,8,546,LISTAS,,
61430,09_005_015,822,578,578,0,12,566,LISTAS,,
61432,09_005_016,875,569,569,0,9,560,LISTAS,,
61434,09_005_017,85,48,48,0,0,48,LISTAS,,
61436,09_006_001,613,405,406,0,6,400,LISTAS,,
61438,09_006_002,694,424,424,0,2,422,LISTAS,,
61440,09_006_003,712,446,446,0,2,444,LISTAS,,
61442,09_007_001,279,176,176,0,5,171,LISTAS,,
61444,09_008_001,737,372,372,0,7,365,LISTAS,,
61446,09_008_002,776,447,447,0,2,445,LISTAS,,
61448,09_009_001,817,603,603,0,2,601,LISTAS,,
61450,09_009_002,662,468,468,0,4,464,LISTAS,,
61452,09_009_003,666,469,469,0,3,466,LISTAS,,
61454,09_009_004,906,591,587,0,2,585,LISTAS,,
61456,09_009_005,2586,2097,2093,-4,6,2087,LISTAS,,
61458,09_009_006,820,414,414,0,2,412,LISTAS,,
61460,09_009_007,726,522,522,0,3,519,LISTAS,,
61462,09_009_008,681,386,386,0,4,382,LISTAS,,
61464,09_009_009,808,577,577,0,0,577,LISTAS,,
61466,09_009_010,655,433,433,0,8,425,LISTAS,,
61468,09_009_011,780,559,559,0,3,556,LISTAS,,
61470,09_009_012,664,512,512,0,1,511,LISTAS,,
61472,09_009_013,904,607,607,0,6,601,LISTAS,,
61474,09_009_014,589,454,454,0,2,452,LISTAS,,
61476,09_009_015,728,461,461,0,4,457,LISTAS,,
61478,09_009_016,737,444,444,0,2,442,LISTAS,,
61610,09_010_001,155,106,106,0,0,106,LISTAS,,
61612,09_011_001,673,462,462,0,6,456,LISTAS,,
61614,09_011_002,618,379,379,0,1,378,LISTAS,,
61616,09_011_003,612,351,351,0,10,341,LISTAS,,
61618,09_011_004,765,439,439,0,20,419,LISTAS,,
61620,09_011_005,703,424,424,0,10,414,LISTAS,,
61622,09_012_001,635,379,379,0,2,377,LISTAS,,
61624,09_012_002,668,306,306,0,6,300,LISTAS,,
61626,09_012_003,710,365,365,0,9,356,LISTAS,,
61628,09_013_001,727,472,472,0,5,467,LISTAS,,
61630,09_014_001,1319,878,875,0,10,865,LISTAS,,
61632,09_014_002,1287,893,893,0,9,884,LISTAS,,
61634,09_015_001,417,241,239,0,30,209,LISTAS,,
61636,09_016_001,729,495,495,0,1,494,LISTAS,,
61638,09_016_002,744,443,443,0,1,442,LISTAS,,
61640,09_016_003,47,37,37,0,1,36,LISTAS,,
61642,09_017_001,461,300,300,0,1,299,LISTAS,,
61644,09_018_001,500,348,348,0,2,346,LISTAS,,
61646,09_018_002,731,327,327,0,2,325,LISTAS,,
61648,09_018_003,1367,945,943,0,6,937,LISTAS,,
61650,09_018_004,1238,875,875,0,13,862,LISTAS,,
61652,09_018_005,1200,690,688,0,4,684,LISTAS,,
61654,09_018_006,1205,616,616,0,2,614,LISTAS,,
61656,09_018_007,1429,1012,1012,0,16,996,LISTAS,,
61658,09_018_008,1446,1010,1007,0,8,999,LISTAS,,
61660,09_018_009,1348,1041,1041,0,6,1035,LISTAS,,
61662,09_018_010,1310,986,974,0,5,969,LISTAS,,
61664,09_018_011,1235,921,921,0,5,916,LISTAS,,
61666,09_018_012,1289,902,902,0,14,888,LISTAS,,
61668,09_018_013,1236,951,956,0,57,899,LISTAS,,
61670,09_018_014,1078,803,799,0,3,796,LISTAS,,
61672,09_018_015,886,687,687,0,0,687,LISTAS,,
61674,09_018_016,1347,856,856,0,12,844,LISTAS,,
61676,09_018_017,1018,666,665,0,7,658,LISTAS,,
61678,09_018_018,3586,3010,2987,-23,16,2971,LISTAS,,
61680,09_018_019,1066,720,720,0,1,719,LISTAS,,
61682,09_018_020,1204,841,841,0,5,836,LISTAS,,
61684,09_018_021,1053,694,692,0,4,688,LISTAS,,
61686,09_018_022,1351,952,947,0,4,943,LISTAS,,
61688,09_018_023,1366,947,947,0,4,943,LISTAS,,
61690,09_018_024,1334,1056,1056,0,6,1050,LISTAS,,
61692,09_018_025,1325,895,892,0,6,886,LISTAS,,
61694,09_018_026,878,470,470,0,4,466,LISTAS,,
61696,09_018_027,833,405,404,0,4,400,LISTAS,,
61698,09_018_028,1439,756,756,0,5,751,LISTAS,,
61700,09_018_029,1430,1026,1026,0,6,1020,LISTAS,,
61702,09_018_030,1451,892,892,0,6,886,LISTAS,,
61704,09_018_031,1083,769,769,0,1,768,LISTAS,,
61706,09_018_032,1414,1007,1006,0,3,1003,LISTAS,,
61708,09_018_033,1067,744,741,0,2,739,LISTAS,,
61710,09_018_034,1161,857,857,0,4,853,LISTAS,,
61712,09_018_035,1056,777,777,0,6,771,LISTAS,,
61714,09_018_036,1124,636,636,0,5,631,LISTAS,,
61716,09_018_037,1243,705,705,0,1,704,LISTAS,,
61718,09_018_038,1420,772,771,0,4,767,LISTAS,,
61720,09_018_039,898,662,662,0,6,656,LISTAS,,
61722,09_018_040,1426,1021,1019,0,11,1008,LISTAS,,
61724,09_018_041,1425,918,918,0,2,916,LISTAS,,
61726,09_018_042,1381,994,991,0,18,973,LISTAS,,
61728,09_018_043,1273,943,941,0,3,938,LISTAS,,
61730,09_018_044,829,627,627,0,4,623,LISTAS,,
61732,09_018_045,1305,971,971,0,2,969,LISTAS,,
61734,09_018_046,1300,908,908,0,2,906,LISTAS,,
61736,09_018_047,1057,706,706,0,2,704,LISTAS,,
61738,09_018_048,1183,819,819,0,1,818,LISTAS,,
61740,09_018_049,1418,901,900,0,3,897,LISTAS,,
61742,09_018_050,1299,632,631,0,1,630,LISTAS,,
61744,09_018_051,985,611,611,0,3,608,LISTAS,,
61772,09_018_052,822,568,568,0,5,563,LISTAS,,
61774,09_018_053,965,744,744,0,2,742,LISTAS,,
61776,09_018_054,1241,845,845,0,5,840,LISTAS,,
61778,09_018_055,1076,782,782,0,7,775,LISTAS,,
61780,09_018_056,819,545,525,0,4,521,LISTAS,,
61782,09_018_057,631,303,302,0,1,301,LISTAS,,
61784,09_018_058,1629,858,857,0,4,853,LISTAS,,
61786,09_018_059,1112,871,871,0,3,868,LISTAS,,
61788,09_018_060,1339,918,918,0,1,917,LISTAS,,
61790,09_018_061,1352,891,886,0,5,881,LISTAS,,
61792,09_018_062,1225,843,845,0,29,816,LISTAS,,
61794,09_018_063,1235,842,842,0,6,836,LISTAS,,
61796,09_018_064,1199,782,782,0,5,777,LISTAS,,
61798,09_018_065,1359,888,887,0,4,883,LISTAS,,
61800,09_018_066,1159,782,782,0,3,779,LISTAS,,
61802,09_018_067,1347,919,918,0,4,914,LISTAS,,
61804,09_018_068,1205,908,908,0,3,905,LISTAS,,
61806,09_018_069,1320,873,873,0,11,862,LISTAS,,
61808,09_018_070,1089,771,771,0,3,768,LISTAS,,
61810,09_018_071,1374,986,986,0,1,985,LISTAS,,
61812,09_018_072,554,398,398,0,4,394,LISTAS,,
61814,09_018_073,1382,875,873,0,7,866,LISTAS,,
61816,09_018_074,1412,900,900,0,5,895,LISTAS,,
61818,09_018_075,1350,887,887,0,2,885,LISTAS,,
61820,09_018_076,955,618,618,0,3,615,LISTAS,,
61822,09_018_077,802,648,648,0,0,648,LISTAS,,
61824,09_018_078,1356,1067,1066,0,10,1056,LISTAS,,
61826,09_018_079,1123,753,752,0,2,750,LISTAS,,
61828,09_018_080,1250,806,806,0,3,803,LISTAS,,
61830,09_018_081,1300,772,771,0,2,769,LISTAS,,
61832,09_018_082,1262,842,842,0,3,839,LISTAS,,
61834,09_018_083,1176,814,810,0,9,801,LISTAS,,
61836,09_018_084,1180,813,811,0,6,805,LISTAS,,
61838,09_018_085,1318,897,890,0,3,887,LISTAS,,
61840,09_018_086,1257,852,847,0,27,820,LISTAS,,
61842,09_018_087,855,692,691,0,3,688,LISTAS,,
61844,09_018_088,1219,758,756,0,1,755,LISTAS,,
61846,09_018_089,1302,864,864,0,9,855,LISTAS,,
61848,09_018_090,1254,910,910,0,1,909,LISTAS,,
61850,09_018_091,1365,896,895,0,5,890,LISTAS,,
61852,09_018_092,1333,896,895,0,6,889,LISTAS,,
61854,09_018_093,766,560,560,0,2,558,LISTAS,,
61856,09_018_094,1098,864,864,0,4,860,LISTAS,,
61858,09_018_095,1267,925,925,0,7,918,LISTAS,,
61860,09_018_096,1225,967,966,0,9,957,LISTAS,,
61862,09_018_097,522,364,364,0,1,363,LISTAS,,
61864,09_018_098,1247,922,921,0,6,915,LISTAS,,
61866,09_018_099,1183,878,878,0,7,871,LISTAS,,
61868,09_018_100,1308,881,881,0,8,873,LISTAS,,
61870,09_018_101,1236,849,850,0,27,823,LISTAS,,
61872,09_018_102,1252,865,863,0,4,859,LISTAS,,
61874,09_018_103,789,522,521,0,1,520,LISTAS,,
61876,09_018_104,396,305,305,0,4,301,LISTAS,,
61878,09_018_105,1187,896,894,0,4,890,LISTAS,,
61880,09_018_106,813,682,680,0,3,677,LISTAS,,
61882,09_018_107,1232,808,808,0,1,807,LISTAS,,
61884,09_018_108,829,624,624,0,2,622,LISTAS,,
61886,09_018_109,1255,872,872,0,8,864,LISTAS,,
61888,09_018_110,1156,816,816,0,1,815,LISTAS,,
61890,09_018_111,1242,917,917,0,13,904,LISTAS,,
61892,09_018_112,1161,801,801,0,3,798,LISTAS,,
61894,09_018_113,1088,816,815,0,1,814,LISTAS,,
61896,09_018_114,1269,881,880,0,2,878,LISTAS,,
61898,09_018_115,1084,620,620,0,3,617,LISTAS,,
61900,09_018_116,651,513,512,0,3,509,LISTAS,,
61902,09_018_117,1156,951,947,0,2,945,LISTAS,,
61904,09_018_118,1315,1092,1092,0,2,1090,LISTAS,,
61906,09_018_119,826,623,624,0,1,623,LISTAS,,
61908,09_018_120,1260,927,927,0,1,926,LISTAS,,
61910,09_018_121,1317,946,946,0,5,941,LISTAS,,
61912,09_018_122,1358,984,984,0,2,982,LISTAS,,
61914,09_018_123,1401,1072,1072,0,4,1068,LISTAS,,
61916,09_018_124,1033,610,608,0,4,604,LISTAS,,
61918,09_018_125,1097,751,751,0,3,748,LISTAS,,
61920,09_018_126,1106,808,808,0,1,807,LISTAS,,
61922,09_018_127,1149,899,895,0,5,890,LISTAS,,
61924,09_018_128,1218,1012,1012,0,0,1012,LISTAS,,
61926,09_018_129,907,621,621,0,3,618,LISTAS,,
61928,09_018_130,943,621,621,0,4,617,LISTAS,,
61930,09_018_131,2629,2241,2237,-4,8,2229,LISTAS,,
61932,09_018_132,1325,1025,1025,0,4,1021,LISTAS,,
61934,09_018_133,1056,829,829,0,6,823,LISTAS,,
61936,09_018_134,3986,3358,3344,-14,11,3333,LISTAS,,
61938,09_018_135,1283,938,938,0,1,937,LISTAS,,
61940,09_018_136,780,493,493,0,1,492,LISTAS,,
61942,09_018_137,730,495,495,0,0,495,LISTAS,,
61944,09_019_001,957,557,556,0,9,547,LISTAS,,
61946,09_019_002,923,463,462,0,4,458,LISTAS,,
61948,09_019_003,847,617,617,0,6,611,LISTAS,,
61950,09_019_004,930,583,580,0,6,574,LISTAS,,
61952,09_019_005,861,590,590,0,2,588,LISTAS,,
61954,09_019_006,990,659,659,0,1,658,LISTAS,,
61956,09_019_007,862,609,609,0,7,602,LISTAS,,
61958,09_019_008,388,197,197,0,1,196,LISTAS,,
61960,09_020_001,984,684,684,0,6,678,LISTAS,,
61962,09_020_002,895,564,564,0,9,555,LISTAS,,
61964,09_020_003,1019,724,724,0,6,718,LISTAS,,
61966,09_020_004,840,549,549,0,11,538,LISTAS,,
61968,09_021_001,647,265,264,0,9,255,LISTAS,,
61970,09_021_002,618,333,333,0,4,329,LISTAS,,
61972,09_021_003,708,415,415,0,2,413,LISTAS,,
61974,09_021_004,693,377,376,0,2,374,LISTAS,,
61976,09_021_005,723,439,439,0,4,435,LISTAS,,
61978,09_021_006,471,244,244,0,1,243,LISTAS,,
61980,09_021_007,148,89,89,0,1,88,LISTAS,,
61982,09_022_001,1090,674,672,0,8,664,LISTAS,,
61984,09_023_001,243,134,133,0,1,132,LISTAS,,
61986,09_024_001,833,535,535,0,7,528,LISTAS,,
61988,09_024_002,854,582,580,0,4,576,LISTAS,,
61990,09_024_003,786,502,502,0,4,498,LISTAS,,
61992,09_024_004,822,552,551,0,2,549,LISTAS,,
61994,09_025_001,907,582,582,0,6,576,LISTAS,,
61996,09_026_001,406,224,224,0,2,222,LISTAS,,
61998,09_026_002,361,229,229,0,3,226,LISTAS,,
62000,09_026_003,401,245,245,0,1,244,LISTAS,,
62002,09_026_004,172,115,115,0,1,114,LISTAS,,
62004,09_027_001,650,436,436,0,4,432,LISTAS,,
62006,09_028_001,903,573,573,0,14,559,LISTAS,,
62008,09_028_002,996,620,620,0,10,610,LISTAS,,
62010,09_028_003,54,29,29,0,3,26,LISTAS,,
62012,09_029_001,864,521,521,0,13,508,LISTAS,,
62014,09_029_002,770,457,457,0,8,449,LISTAS,,
62016,09_030_001,1053,758,756,0,6,750,LISTAS,,
62018,09_030_002,940,676,676,0,8,668,LISTAS,,
62020,09_030_003,670,373,373,0,7,366,LISTAS,,
62022,09_030_004,1126,789,789,0,9,780,LISTAS,,
62024,09_030_005,1017,726,726,0,10,716,LISTAS,,
62026,09_030_006,1206,754,754,0,18,736,LISTAS,,
62028,09_030_007,790,305,305,0,9,296,LISTAS,,
62030,09_030_008,192,136,136,0,2,134,LISTAS,,
62032,09_030_009,1180,689,689,0,14,675,LISTAS,,
62034,09_030_010,1164,740,742,0,31,711,LISTAS,,
62036,09_030_011,769,558,558,0,2,556,LISTAS,,
62038,09_030_012,1070,817,817,0,6,811,LISTAS,,
62040,09_030_013,704,451,451,0,7,444,LISTAS,,
62042,09_030_014,843,628,628,0,15,613,LISTAS,,
62044,09_030_015,595,418,418,0,1,417,LISTAS,,
62046,09_030_016,725,493,493,0,11,482,LISTAS,,
62048,09_030_017,845,625,625,0,14,611,LISTAS,,
62050,09_030_018,2520,2127,2126,-1,13,2113,LISTAS,,
62052,09_030_019,1212,872,872,0,15,857,LISTAS,,
62054,09_030_020,660,449,449,0,6,443,LISTAS,,
62056,09_030_021,1262,865,865,0,9,856,LISTAS,,
62058,09_030_022,919,675,675,0,8,667,LISTAS,,
62060,09_030_023,1004,532,531,0,18,513,LISTAS,,
62062,09_030_024,1011,506,510,0,49,461,LISTAS,,
62064,09_030_025,1133,726,726,0,3,723,LISTAS,,
62066,09_030_026,760,329,329,0,12,317,LISTAS,,
62068,09_030_027,673,346,347,0,18,329,LISTAS,,
62070,09_031_001,834,543,543,0,5,538,LISTAS,,
62072,09_031_002,1015,629,629,0,7,622,LISTAS,,
62074,09_031_003,937,663,663,0,5,658,LISTAS,,
62076,09_031_004,967,624,624,0,5,619,LISTAS,,
62078,09_031_005,881,494,494,0,5,489,LISTAS,,
62080,09_031_006,761,488,489,0,15,474,LISTAS,,
62082,09_031_007,776,408,408,0,13,395,LISTAS,,
62084,09_031_008,657,412,412,0,3,409,LISTAS,,
62086,09_032_001,1094,503,503,0,16,487,LISTAS,,
62088,09_032_002,948,364,364,0,12,352,LISTAS,,
62090,09_032_003,1250,664,663,0,9,654,LISTAS,,
62092,09_032_004,1203,608,608,0,10,598,LISTAS,,
62094,09_032_005,1040,504,504,0,11,493,LISTAS,,
62096,09_032_006,1224,670,669,0,3,666,LISTAS,,
62098,09_032_007,1249,798,800,0,31,769,LISTAS,,
62100,09_032_008,1240,781,782,0,22,760,LISTAS,,
62102,09_032_009,115,64,64,0,1,63,LISTAS,,
62104,09_033_001,883,553,569,0,118,451,LISTAS,,
62106,09_033_002,804,455,455,0,4,451,LISTAS,,
62108,09_033_003,855,551,550,0,4,546,LISTAS,,
62110,09_033_004,898,544,544,0,6,538,LISTAS,,
62112,09_033_005,905,526,526,0,5,521,LISTAS,,
62114,09_033_006,882,564,564,0,6,558,LISTAS,,
62116,09_033_007,581,338,338,0,5,333,LISTAS,,
62118,09_033_008,579,306,307,0,20,287,LISTAS,,
62120,09_033_009,562,375,375,0,5,370,LISTAS,,
62122,09_033_010,760,469,469,0,2,467,LISTAS,,
62124,09_033_011,838,491,491,0,5,486,LISTAS,,
62126,09_033_012,870,599,599,0,8,591,LISTAS,,
62128,09_033_013,856,563,567,0,43,524,LISTAS,,
62130,09_033_014,748,491,491,0,5,486,LISTAS,,
62132,09_033_015,815,528,528,0,7,521,LISTAS,,
62134,09_033_016,790,455,455,0,3,452,LISTAS,,
62136,09_033_017,569,380,380,0,2,378,LISTAS,,
62138,09_033_018,324,220,220,0,1,219,LISTAS,,
62140,09_034_001,1377,869,868,0,8,860,LISTAS,,
62142,09_034_002,1406,946,945,0,7,938,LISTAS,,
62144,09_034_003,1336,748,748,0,20,728,LISTAS,,
62146,09_034_004,1249,785,784,0,31,753,LISTAS,,
62148,09_034_005,1201,706,706,0,13,693,LISTAS,,
62150,09_034_006,529,276,275,0,9,266,LISTAS,,
62152,09_034_007,868,533,533,0,4,529,LISTAS,,
62154,09_034_008,1312,711,711,0,10,701,LISTAS,,
62156,09_034_009,1232,683,682,0,7,675,LISTAS,,
62158,09_035_001,1025,711,711,0,12,699,LISTAS,,
62160,09_035_002,3065,2587,2574,-13,11,2563,LISTAS,,
62162,09_035_003,928,637,637,0,5,632,LISTAS,,
62164,09_035_004,869,610,610,0,3,607,LISTAS,,
62166,09_035_005,739,519,519,0,3,516,LISTAS,,
62168,09_035_006,883,606,606,0,7,599,LISTAS,,
62170,09_035_007,756,512,512,0,2,510,LISTAS,,
62172,09_035_008,1138,753,753,0,5,748,LISTAS,,
62174,09_035_009,749,482,482,0,2,480,LISTAS,,
62176,09_035_010,869,598,596,0,0,596,LISTAS,,
62178,09_035_011,860,608,608,0,3,605,LISTAS,,
62180,09_035_012,700,466,461,0,8,453,LISTAS,,
62182,09_035_013,954,557,557,0,7,550,LISTAS,,
62184,09_035_014,851,572,572,0,2,570,LISTAS,,
62186,09_035_015,975,680,680,0,14,666,LISTAS,,
62188,09_035_016,1129,800,800,0,7,793,LISTAS,,
62190,09_035_017,1036,603,604,0,24,580,LISTAS,,
62192,09_035_018,1223,653,653,0,11,642,LISTAS,,
62194,09_035_019,1127,831,831,0,1,830,LISTAS,,
62196,09_035_020,1110,762,762,0,4,758,LISTAS,,
62198,09_036_001,780,447,447,0,1,446,LISTAS,,
62200,09_036_002,793,480,480,0,10,470,LISTAS,,
62202,09_036_003,782,428,428,0,11,417,LISTAS,,
62204,09_037_001,836,420,420,0,11,409,LISTAS,,
62206,09_038_001,1014,678,678,0,2,676,LISTAS,,
62208,09_038_002,188,92,92,0,1,91,LISTAS,,
62210,09_039_001,1096,710,709,0,2,707,LISTAS,,
62212,09_039_002,1153,584,583,0,40,543,LISTAS,,
62214,09_039_003,1046,561,561,0,15,546,LISTAS,,
62216,09_039_004,1132,660,661,0,24,637,LISTAS,,
62218,09_040_001,905,547,547,0,8,539,LISTAS,,
62220,09_040_002,963,640,640,0,4,636,LISTAS,,
62222,09_040_003,930,546,546,0,5,541,LISTAS,,
62224,09_040_004,963,636,633,0,9,624,LISTAS,,
62226,09_040_005,955,617,617,0,5,612,LISTAS,,
62228,09_041_001,974,590,590,0,8,582,LISTAS,,
62230,09_042_001,492,254,254,0,1,253,LISTAS,,
62232,09_043_001,649,390,390,0,4,386,LISTAS,,
62234,09_043_002,597,375,376,0,15,361,LISTAS,,
62236,09_043_003,590,359,359,0,5,354,LISTAS,,
62238,09_043_004,590,344,344,0,2,342,LISTAS,,
62240,09_043_005,592,333,333,0,1,332,LISTAS,,
62242,09_043_006,619,253,253,0,6,247,LISTAS,,
62244,09_043_007,471,255,255,0,1,254,LISTAS,,
62246,09_043_008,78,44,44,0,0,44,LISTAS,,
62248,09_044_001,709,374,374,0,14,360,LISTAS,,
62250,09_044_002,892,528,528,0,16,512,LISTAS,,
62252,09_045_001,624,352,351,0,8,343,LISTAS,,
62254,09_046_001,747,503,503,0,3,500,LISTAS,,
62256,09_046_002,68,50,50,0,1,49,LISTAS,,
62258,09_047_001,975,594,592,0,0,592,LISTAS,,
62260,09_047_002,868,464,464,0,11,453,LISTAS,,
62262,09_047_003,1129,587,587,0,21,566,LISTAS,,
62264,09_047_004,1023,471,473,0,40,433,LISTAS,,
62266,09_047_005,771,379,379,0,6,373,LISTAS,,
62268,09_047_006,825,415,414,0,7,407,LISTAS,,
62270,09_048_001,719,450,450,0,1,449,LISTAS,,
62272,09_049_001,512,284,284,0,1,283,LISTAS,,
62274,09_050_001,503,327,327,0,4,323,LISTAS,,
62276,09_051_001,816,557,557,0,1,556,LISTAS,,
62278,09_051_002,1090,657,656,0,10,646,LISTAS,,
62280,09_051_003,909,611,611,0,0,611,LISTAS,,
62282,09_051_004,798,605,605,0,3,602,LISTAS,,
62284,09_052_001,809,513,513,0,4,509,LISTAS,,
62286,09_052_002,915,565,565,0,9,556,LISTAS,,
62288,09_053_001,1156,774,774,0,8,766,LISTAS,,
62290,09_053_002,1090,765,752,0,0,752,LISTAS,,
62292,09_054_001,1006,600,600,0,6,594,LISTAS,,
62294,09_055_001,856,546,546,0,6,540,LISTAS,,
62296,09_055_002,880,536,536,0,8,528,LISTAS,,
62298,09_056_001,1011,568,568,0,5,563,LISTAS,,
62300,09_056_002,969,579,579,0,5,574,LISTAS,,
62302,09_056_003,1044,684,684,0,5,679,LISTAS,,
62304,09_056_004,1004,557,556,0,6,550,LISTAS,,
62438,09_056_005,1030,598,598,0,1,597,LISTAS,,
62440,09_056_006,948,523,523,0,1,522,LISTAS,,
62442,09_056_007,901,557,557,0,9,548,LISTAS,,
62444,09_057_001,463,278,277,0,2,275,LISTAS,,
62446,09_057_002,816,520,519,0,15,504,LISTAS,,
62448,09_057_003,593,372,372,0,7,365,LISTAS,,
62450,09_057_004,921,649,649,0,14,635,LISTAS,,
62452,09_057_005,84,43,43,0,0,43,LISTAS,,
62454,09_057_006,182,129,129,0,4,125,LISTAS,,
62456,09_058_001,760,556,556,0,3,553,LISTAS,,
62458,09_058_002,747,495,495,0,4,491,LISTAS,,
62460,09_058_003,700,481,481,0,6,475,LISTAS,,
62462,09_058_004,613,449,449,0,6,443,LISTAS,,
62464,09_058_005,843,599,599,0,11,588,LISTAS,,
62466,09_058_006,1096,700,700,0,16,684,LISTAS,,
62468,09_058_007,767,537,537,0,7,530,LISTAS,,
62470,09_058_008,421,245,244,0,7,237,LISTAS,,
62472,09_059_001,780,498,498,0,7,491,LISTAS,,
62474,09_059_002,795,473,471,0,10,461,LISTAS,,
62476,09_059_003,586,332,332,0,19,313,LISTAS,,
62478,09_059_004,743,432,432,0,8,424,LISTAS,,
62480,09_059_005,85,58,58,0,2,56,LISTAS,,
62482,09_060_001,823,520,520,0,12,508,LISTAS,,
62484,09_060_002,790,471,471,0,4,467,LISTAS,,
62486,09_061_001,892,539,539,0,9,530,LISTAS,,
62488,09_061_002,1036,675,675,0,6,669,LISTAS,,
62490,09_062_001,762,475,470,0,3,467,LISTAS,,
62492,09_062_002,902,565,563,0,2,561,LISTAS,,
62494,09_062_003,846,574,572,0,10,562,LISTAS,,
62496,09_062_004,709,390,390,0,8,382,LISTAS,,
62498,09_062_005,1034,644,642,0,16,626,LISTAS,,
62500,09_062_006,1089,513,513,0,11,502,LISTAS,,
62502,09_062_007,952,460,442,0,8,434,LISTAS,,
62504,09_063_001,764,530,530,0,4,526,LISTAS,,
62506,09_063_002,634,474,472,0,6,466,LISTAS,,
62508,09_063_003,672,495,495,0,6,489,LISTAS,,
62510,09_063_004,749,508,508,0,6,502,LISTAS,,
62512,09_063_005,754,497,497,0,6,491,LISTAS,,
62514,09_063_006,708,462,462,0,4,458,LISTAS,,
62516,09_063_007,755,522,522,0,2,520,LISTAS,,
62518,09_063_008,754,556,555,0,4,551,LISTAS,,
62520,09_063_009,816,619,619,0,0,619,LISTAS,,
62522,09_063_010,637,476,476,0,4,472,LISTAS,,
62524,09_063_011,664,455,455,0,3,452,LISTAS,,
62526,09_063_012,759,505,505,0,4,501,LISTAS,,
62528,09_063_013,807,559,558,0,10,548,LISTAS,,
62530,09_063_014,575,377,376,0,1,375,LISTAS,,
62532,09_063_015,738,383,383,0,11,372,LISTAS,,
62534,09_063_016,813,459,459,0,7,452,LISTAS,,
62536,09_064_001,677,373,372,0,4,368,LISTAS,,
62538,09_065_001,878,598,597,0,5,592,LISTAS,,
62540,09_065_002,985,584,584,0,16,568,LISTAS,,
62542,09_066_001,784,496,496,0,7,489,LISTAS,,
62544,09_066_002,731,496,496,0,6,490,LISTAS,,
62546,09_066_003,745,485,484,0,3,481,LISTAS,,
62548,09_067_001,877,578,578,0,2,576,LISTAS,,
62550,09_068_001,976,573,572,0,8,564,LISTAS,,
62552,09_068_002,60,40,40,0,0,40,LISTAS,,
62554,09_069_001,489,279,279,0,5,274,LISTAS,,
62556,09_069_002,569,372,372,0,7,365,LISTAS,,
62558,09_070_001,1143,681,680,0,5,675,LISTAS,,
62560,09_070_002,1003,524,524,0,7,517,LISTAS,,
62562,09_070_003,943,600,600,0,9,591,LISTAS,,
62564,09_070_004,1004,616,616,0,12,604,LISTAS,,
62566,09_070_005,905,555,555,0,13,542,LISTAS,,
62568,09_071_001,817,604,604,0,1,603,LISTAS,,
62570,09_072_001,654,344,344,0,7,337,LISTAS,,
62572,09_072_002,686,413,413,0,8,405,LISTAS,,
62698,09_072_003,844,504,504,0,4,500,LISTAS,,
62700,09_072_004,763,421,421,0,11,410,LISTAS,,
62702,09_072_005,620,325,323,0,3,320,LISTAS,,
62704,09_072_006,77,46,46,0,1,45,LISTAS,,
62706,09_073_001,582,340,339,0,9,330,LISTAS,,
62708,09_074_001,263,114,114,0,8,106,LISTAS,,
62710,09_075_001,441,287,287,0,4,283,LISTAS,,
62712,09_076_001,812,496,496,0,14,482,LISTAS,,
62714,09_077_001,1149,630,630,0,7,623,LISTAS,,
62716,09_078_001,701,468,468,0,7,461,LISTAS,,
62718,09_079_001,1073,656,655,0,10,645,LISTAS,,
62720,09_079_002,881,553,553,0,17,536,LISTAS,,
62722,09_079_003,820,544,544,0,6,538,LISTAS,,
62724,09_079_004,709,475,475,0,7,468,LISTAS,,
62726,09_079_005,814,595,594,0,13,581,LISTAS,,
62728,09_080_001,942,596,596,0,9,587,LISTAS,,
62730,09_081_001,105,75,75,0,4,71,LISTAS,,
62732,09_082_001,1222,745,745,0,11,734,LISTAS,,
62734,10_001_001,1005,712,711,0,6,705,LISTAS,,
62736,10_001_002,1007,732,732,0,10,722,LISTAS,,
62738,10_002_001,657,364,364,0,2,362,LISTAS,,
62740,10_002_002,716,496,496,0,1,495,LISTAS,,
62742,10_002_003,689,452,452,0,13,439,LISTAS,,
62744,10_003_001,573,412,411,0,7,404,LISTAS,,
62746,10_004_001,1085,828,828,0,4,824,LISTAS,,
62748,10_004_002,1072,819,819,0,4,815,LISTAS,,
62750,10_005_001,748,471,471,0,2,469,LISTAS,,
62752,10_005_002,590,383,383,0,0,383,LISTAS,,
62754,10_005_003,609,423,423,0,4,419,LISTAS,,
62756,10_006_001,733,537,536,0,4,532,LISTAS,,
62758,10_006_002,729,522,522,0,4,518,LISTAS,,
62760,10_007_001,1017,543,543,0,26,517,LISTAS,,
62762,10_008_001,479,331,331,0,2,329,LISTAS,,
62764,10_008_002,347,214,214,0,5,209,LISTAS,,
62766,10_009_001,273,202,202,0,1,201,LISTAS,,
62768,10_010_001,531,328,328,0,4,324,LISTAS,,
62770,10_011_001,692,434,434,0,3,431,LISTAS,,
62772,10_011_002,634,376,376,0,5,371,LISTAS,,
62774,10_011_003,768,431,431,0,3,428,LISTAS,,
62776,10_012_001,742,507,507,0,6,501,LISTAS,,
62778,10_012_002,847,549,548,0,2,546,LISTAS,,
62780,10_012_003,641,416,416,0,5,411,LISTAS,,
62782,10_013_001,1041,689,690,0,15,675,LISTAS,,
62784,10_014_001,592,401,401,0,18,383,LISTAS,,
62786,10_015_001,805,543,543,0,11,532,LISTAS,,
62788,10_015_002,791,575,575,0,3,572,LISTAS,,
62790,10_015_003,759,548,548,0,4,544,LISTAS,,
62792,10_016_001,780,539,535,0,7,528,LISTAS,,
62794,10_017_001,219,146,146,0,5,141,LISTAS,,
62796,10_018_001,558,412,412,0,4,408,LISTAS,,
62798,10_019_001,583,352,352,0,4,348,LISTAS,,
62800,10_019_002,551,321,321,0,7,314,LISTAS,,
62802,10_019_003,559,350,350,0,5,345,LISTAS,,
62804,10_020_001,493,355,355,0,5,350,LISTAS,,
62806,10_021_001,927,632,632,0,3,629,LISTAS,,
62808,10_022_001,741,530,530,0,10,520,LISTAS,,
62810,10_022_002,849,657,659,0,21,638,LISTAS,,
62812,10_023_001,738,422,422,0,1,421,LISTAS,,
62814,10_024_001,875,575,574,0,7,567,LISTAS,,
62816,10_024_002,881,551,551,0,7,544,LISTAS,,
62818,10_024_003,829,565,565,0,1,564,LISTAS,,
62820,10_025_001,687,528,528,0,5,523,LISTAS,,
62822,10_025_002,634,485,484,0,2,482,LISTAS,,
62824,10_025_003,1009,784,784,0,2,782,LISTAS,,
62826,10_025_004,1029,808,808,0,6,802,LISTAS,,
62828,10_025_005,1000,747,747,0,4,743,LISTAS,,
62830,10_025_006,989,751,751,0,2,749,LISTAS,,
62832,10_025_007,967,760,760,0,5,755,LISTAS,,
62946,10_025_008,813,626,625,0,1,624,LISTAS,,
62948,10_025_009,805,626,626,0,9,617,LISTAS,,
62950,10_025_010,925,720,720,0,6,714,LISTAS,,
62952,10_025_011,1036,826,824,0,2,822,LISTAS,,
62954,10_025_012,968,736,736,0,0,736,LISTAS,,
62956,10_025_013,999,762,763,0,10,753,LISTAS,,
62958,10_025_014,974,730,729,0,8,721,LISTAS,,
62960,10_025_015,1101,825,825,0,3,822,LISTAS,,
62962,10_025_016,628,512,510,0,2,508,LISTAS,,
62964,10_025_017,589,433,433,0,1,432,LISTAS,,
62966,10_025_018,641,489,490,0,14,476,LISTAS,,
62968,10_025_019,880,665,665,0,1,664,LISTAS,,
62970,10_025_020,661,490,489,0,4,485,LISTAS,,
62972,10_025_021,1048,862,857,0,13,844,LISTAS,,
62974,10_025_022,1071,835,835,0,2,833,LISTAS,,
62976,10_025_023,834,514,513,0,5,508,LISTAS,,
62978,10_025_024,912,682,682,0,3,679,LISTAS,,
62980,10_025_025,898,704,704,0,6,698,LISTAS,,
62982,10_025_026,820,641,641,0,0,641,LISTAS,,
62984,10_025_027,810,625,625,0,1,624,LISTAS,,
62986,10_025_028,1060,610,609,0,8,601,LISTAS,,
62988,10_025_029,827,617,616,0,6,610,LISTAS,,
62990,10_025_030,953,729,725,0,5,720,LISTAS,,
62992,10_025_031,3953,3490,3450,-40,3,3447,LISTAS,,
62994,10_025_032,795,543,541,0,3,538,LISTAS,,
62996,10_025_033,798,560,559,0,2,557,LISTAS,,
62998,10_025_034,905,636,636,0,1,635,LISTAS,,
63000,10_025_035,722,506,506,0,2,504,LISTAS,,
63002,10_025_036,853,626,626,0,3,623,LISTAS,,
63004,10_025_037,946,682,682,0,5,677,LISTAS,,
63006,10_025_038,940,667,667,0,2,665,LISTAS,,
63008,10_025_039,880,609,609,0,3,606,LISTAS,,
63010,10_025_040,928,581,581,0,1,580,LISTAS,,
63012,10_025_041,960,716,716,0,2,714,LISTAS,,
63014,10_025_042,1074,777,771,0,4,767,LISTAS,,
63016,10_025_043,748,509,509,0,1,508,LISTAS,,
63018,10_025_044,1085,684,682,0,9,673,LISTAS,,
63020,10_025_045,1170,864,864,0,3,861,LISTAS,,
63022,10_025_046,800,564,564,0,5,559,LISTAS,,
63024,10_025_047,774,557,557,0,5,552,LISTAS,,
63026,10_026_001,1143,739,739,0,3,736,LISTAS,,
63028,10_027_001,443,300,298,0,5,293,LISTAS,,
63030,10_028_001,207,130,130,0,2,128,LISTAS,,
63032,10_028_002,438,265,265,0,4,261,LISTAS,,
63034,10_028_003,382,207,207,0,6,201,LISTAS,,
63036,10_029_001,524,332,332,0,7,325,LISTAS,,
63038,10_030_001,771,602,602,0,2,600,LISTAS,,
63040,10_030_002,705,520,519,0,2,517,LISTAS,,
63042,10_031_001,888,660,660,0,5,655,LISTAS,,
63044,10_032_001,470,357,332,0,10,322,LISTAS,,
63046,10_033_001,821,522,522,0,3,519,LISTAS,,
63048,10_033_002,837,504,504,0,8,496,LISTAS,,
63050,10_033_003,874,477,477,0,4,473,LISTAS,,
63052,10_034_001,608,372,372,0,2,370,LISTAS,,
63054,10_035_001,275,201,201,0,1,200,LISTAS,,
63056,10_036_001,788,528,528,0,4,524,LISTAS,,
63058,10_037_001,977,758,758,0,4,754,LISTAS,,
63060,10_037_002,869,590,590,0,7,583,LISTAS,,
63062,10_037_003,866,668,668,0,2,666,LISTAS,,
63064,10_038_001,623,418,418,0,1,417,LISTAS,,
63066,10_038_002,636,391,391,0,1,390,LISTAS,,
63068,10_038_003,771,540,540,0,1,539,LISTAS,,
63070,10_038_004,949,646,645,0,2,643,LISTAS,,
63072,10_038_005,613,405,404,0,2,402,LISTAS,,
63074,10_038_006,633,418,418,0,0,418,LISTAS,,
59602,10_038_007,863,546,546,0,4,542,LISTAS,,
59604,10_038_008,946,636,636,0,3,633,LISTAS,,
59606,10_039_001,601,480,480,0,4,476,LISTAS,,
59608,10_039_002,1036,870,872,0,34,838,LISTAS,,
59610,10_039_003,670,500,498,0,6,492,LISTAS,,
59612,10_039_004,822,642,643,0,13,630,LISTAS,,
59614,10_039_005,1057,603,603,0,29,574,LISTAS,,
59616,10_039_006,710,428,428,0,4,424,LISTAS,,
59618,10_039_007,876,728,728,0,9,719,LISTAS,,
59620,10_039_008,722,587,587,0,2,585,LISTAS,,
59622,10_039_009,896,734,734,0,1,733,LISTAS,,
59624,10_039_010,770,597,597,0,7,590,LISTAS,,
59626,10_039_011,1027,804,804,0,3,801,LISTAS,,
59628,10_039_012,3259,2879,2869,-22,6,2863,LISTAS,,
59630,10_039_013,786,625,625,0,4,621,LISTAS,,
59632,10_039_014,719,557,555,0,3,552,LISTAS,,
59634,10_039_015,698,528,522,0,2,520,LISTAS,,
59636,10_039_016,841,595,593,0,4,589,LISTAS,,
59638,10_039_017,740,527,525,0,7,518,LISTAS,,
59640,10_039_018,685,478,478,0,7,471,LISTAS,,
59642,10_039_019,755,578,578,0,2,576,LISTAS,,
59644,10_039_020,876,689,689,0,4,685,LISTAS,,
59646,10_039_021,770,561,559,0,1,558,LISTAS,,
59648,10_039_022,898,673,670,0,6,664,LISTAS,,
59650,10_039_023,986,680,678,0,7,671,LISTAS,,
59652,10_039_024,553,449,448,0,7,441,LISTAS,,
59654,10_039_025,799,536,536,0,5,531,LISTAS,,
59656,10_039_026,617,448,448,0,3,445,LISTAS,,
59658,10_039_027,485,371,371,0,5,366,LISTAS,,
59660,10_039_028,844,604,604,0,3,601,LISTAS,,
59662,10_039_029,769,546,546,0,5,541,LISTAS,,
59664,10_039_030,753,483,487,0,53,434,LISTAS,,
59666,10_040_001,1054,783,783,0,3,780,LISTAS,,
59668,10_040_002,1017,753,753,0,4,749,LISTAS,,
59670,10_041_001,1077,644,644,0,10,634,LISTAS,,
59672,10_042_001,722,466,466,0,5,461,LISTAS,,
59674,10_042_002,1230,846,846,0,13,833,LISTAS,,
59676,10_043_001,736,506,494,0,3,491,LISTAS,,
59678,10_043_002,842,666,666,0,7,659,LISTAS,,
59680,10_043_003,837,663,663,0,4,659,LISTAS,,
59682,10_044_001,877,692,692,0,4,688,LISTAS,,
59684,10_044_002,983,710,710,0,3,707,LISTAS,,
59686,10_045_001,305,189,189,0,6,183,LISTAS,,
59688,10_045_002,625,388,388,0,1,387,LISTAS,,
59690,10_046_001,760,554,554,0,1,553,LISTAS,,
59692,10_046_002,1168,880,880,0,6,874,LISTAS,,
59694,10_046_003,1082,737,737,0,33,704,LISTAS,,
59696,10_046_004,867,625,625,0,5,620,LISTAS,,
59698,10_046_005,998,643,643,0,3,640,LISTAS,,
59700,10_046_006,972,735,735,0,4,731,LISTAS,,
59702,10_046_007,1088,760,760,0,3,757,LISTAS,,
59704,10_046_008,902,665,665,0,3,662,LISTAS,,
59706,10_046_009,828,604,608,0,43,565,LISTAS,,
59708,10_046_010,866,632,632,0,6,626,LISTAS,,
59710,10_046_011,1112,831,831,0,3,828,LISTAS,,
59712,10_046_012,1248,963,963,0,9,954,LISTAS,,
59714,10_046_013,709,536,536,0,2,534,LISTAS,,
59716,10_046_014,1103,822,823,0,21,802,LISTAS,,
59718,10_046_015,1272,860,860,0,7,853,LISTAS,,
59720,10_046_016,2612,2226,2221,-5,7,2214,LISTAS,,
59722,10_046_017,1061,713,714,0,17,697,LISTAS,,
59724,10_047_001,793,586,586,0,3,583,LISTAS,,
59726,10_047_002,759,485,485,0,7,478,LISTAS,,
59728,10_048_001,1062,781,780,0,4,776,LISTAS,,
59730,10_048_002,973,685,685,0,7,678,LISTAS,,
59870,10_048_003,1118,738,737,0,31,706,LISTAS,,
59872,10_048_004,225,136,136,0,2,134,LISTAS,,
59874,10_048_005,1071,738,738,0,12,726,LISTAS,,
59876,10_048_006,996,650,650,0,5,645,LISTAS,,
59878,10_048_007,1084,696,696,0,8,688,LISTAS,,
59880,10_048_008,1061,713,712,0,3,709,LISTAS,,
59882,10_048_009,682,371,371,0,26,345,LISTAS,,
59884,10_049_001,472,279,279,0,6,273,LISTAS,,
59886,10_050_001,536,362,361,0,4,357,LISTAS,,
59888,10_051_001,723,491,491,0,5,486,LISTAS,,
59890,10_051_002,718,523,523,0,3,520,LISTAS,,
59892,10_051_003,772,519,520,0,17,503,LISTAS,,
59894,10_051_004,746,501,501,0,2,499,LISTAS,,
59896,10_052_001,573,392,392,0,10,382,LISTAS,,
59898,10_052_002,526,351,350,0,9,341,LISTAS,,
59900,10_052_003,156,113,113,0,1,112,LISTAS,,
59902,10_053_001,298,221,221,0,2,219,LISTAS,,
59904,10_054_001,815,562,562,0,2,560,LISTAS,,
59906,10_054_002,792,458,458,0,7,451,LISTAS,,
59908,10_054_003,746,482,482,0,5,477,LISTAS,,
59910,10_055_001,762,459,459,0,5,454,LISTAS,,
59912,10_055_002,811,469,467,0,18,449,LISTAS,,
59914,10_055_003,670,435,433,0,5,428,LISTAS,,
59916,10_055_004,400,278,278,0,0,278,LISTAS,,
59918,10_056_001,643,439,437,0,15,422,LISTAS,,
59920,10_056_002,490,317,317,0,5,312,LISTAS,,
59922,10_057_001,853,566,566,0,5,561,LISTAS,,
59924,10_057_002,796,537,537,0,4,533,LISTAS,,
59926,10_058_001,117,94,94,0,0,94,LISTAS,,
59928,10_059_001,789,503,503,0,8,495,LISTAS,,
59930,10_059_002,584,331,331,0,3,328,LISTAS,,
59932,10_059_003,764,459,460,0,24,436,LISTAS,,
59934,10_060_001,827,523,523,0,4,519,LISTAS,,
59936,10_061_001,729,430,430,0,13,417,LISTAS,,
59938,10_061_002,788,603,603,0,8,595,LISTAS,,
59940,10_062_001,668,358,358,0,5,353,LISTAS,,
59942,10_062_002,654,393,393,0,5,388,LISTAS,,
59944,10_063_001,676,443,443,0,4,439,LISTAS,,
59946,10_063_002,762,470,469,0,2,467,LISTAS,,
59948,10_063_003,845,534,534,0,9,525,LISTAS,,
59950,10_063_004,748,476,476,0,7,469,LISTAS,,
59952,10_063_005,761,520,520,0,0,520,LISTAS,,
59954,10_063_006,602,445,445,0,1,444,LISTAS,,
59956,10_064_001,593,414,414,0,7,407,LISTAS,,
59958,10_065_001,644,472,472,0,3,469,LISTAS,,
59960,10_065_002,654,475,475,0,0,475,LISTAS,,
59962,10_065_003,628,434,434,0,2,432,LISTAS,,
59964,10_066_001,668,487,487,0,4,483,LISTAS,,
59966,10_066_002,781,612,612,0,4,608,LISTAS,,
59968,10_067_001,611,452,451,0,1,450,LISTAS,,
59970,10_068_001,779,583,583,0,9,574,LISTAS,,
59972,10_068_002,741,541,541,0,9,532,LISTAS,,
59974,10_069_001,364,252,252,0,4,248,LISTAS,,
59976,10_070_001,863,510,510,0,0,510,LISTAS,,
59978,10_071_001,1186,757,757,0,6,751,LISTAS,,
59980,10_072_001,568,361,361,0,1,360,LISTAS,,
59982,10_073_001,261,195,195,0,1,194,LISTAS,,
59984,10_074_001,1234,693,693,0,25,668,LISTAS,,
59986,10_075_001,469,376,376,0,6,370,LISTAS,,
59988,10_076_001,1001,710,709,0,4,705,LISTAS,,
59990,10_076_002,913,630,630,0,4,626,LISTAS,,
59992,10_076_003,715,527,527,0,1,526,LISTAS,,
59994,10_077_001,684,515,515,0,0,515,LISTAS,,
59996,10_078_001,539,359,359,0,8,351,LISTAS,,
59998,10_079_001,762,512,512,0,5,507,LISTAS,,
60000,10_080_001,769,569,568,0,3,565,LISTAS,,
60002,10_080_002,719,517,517,0,2,515,LISTAS,,
60004,10_081_001,511,355,356,0,11,345,LISTAS,,
60006,10_081_002,607,420,420,0,3,417,LISTAS,,
60008,10_082_001,579,419,419,0,3,416,LISTAS,,
60132,10_082_002,753,549,549,0,2,547,LISTAS,,
60134,10_082_003,757,590,589,0,3,586,LISTAS,,
60136,10_083_001,581,434,434,0,5,429,LISTAS,,
60138,10_083_002,587,349,349,0,1,348,LISTAS,,
60140,10_083_003,279,223,222,0,5,217,LISTAS,,
60142,10_083_004,164,122,122,0,1,121,LISTAS,,
60144,10_084_001,354,288,287,0,2,285,LISTAS,,
60146,10_085_001,1071,776,775,0,1,774,LISTAS,,
60148,10_085_002,1103,671,671,0,5,666,LISTAS,,
60150,10_086_001,1087,541,541,0,5,536,LISTAS,,
60152,10_087_001,583,380,380,0,4,376,LISTAS,,
60154,10_087_002,582,414,414,0,2,412,LISTAS,,
60156,10_087_003,543,388,388,0,9,379,LISTAS,,
60158,10_088_001,707,447,447,0,4,443,LISTAS,,
60160,10_088_002,783,472,472,0,6,466,LISTAS,,
60162,10_088_003,729,414,414,0,5,409,LISTAS,,
60164,10_089_001,759,525,525,0,14,511,LISTAS,,
60166,10_089_002,812,503,503,0,8,495,LISTAS,,
60168,10_089_003,650,472,472,0,5,467,LISTAS,,
60170,10_090_001,831,550,550,0,4,546,LISTAS,,
60172,10_090_002,762,537,537,0,5,532,LISTAS,,
60174,10_091_001,862,528,528,0,3,525,LISTAS,,
60176,10_092_001,672,503,503,0,2,501,LISTAS,,
60178,10_092_002,594,435,435,0,0,435,LISTAS,,
60180,10_092_003,170,122,122,0,3,119,LISTAS,,
60182,10_093_001,170,120,120,0,0,120,LISTAS,,
60184,10_093_002,271,205,205,0,1,204,LISTAS,,
60186,10_094_001,388,243,242,0,3,239,LISTAS,,
60188,10_095_001,802,510,510,0,3,507,LISTAS,,
60190,10_095_002,796,495,495,0,3,492,LISTAS,,
60192,10_096_001,578,414,414,0,10,404,LISTAS,,
60194,10_096_002,683,482,482,0,4,478,LISTAS,,
60196,10_097_001,195,127,127,0,2,125,LISTAS,,
60198,10_097_002,103,60,60,0,0,60,LISTAS,,
60200,10_098_001,733,507,507,0,3,504,LISTAS,,
60202,10_098_002,498,342,342,0,3,339,LISTAS,,
60204,10_099_001,430,208,208,0,4,204,LISTAS,,
60206,10_100_001,617,463,465,0,21,444,LISTAS,,
60208,10_100_002,628,476,476,0,8,468,LISTAS,,
60210,10_101_001,684,509,509,0,4,505,LISTAS,,
60212,10_101_002,698,494,494,0,1,493,LISTAS,,
60214,10_102_001,1291,771,769,0,12,757,LISTAS,,
60216,10_103_001,190,146,146,0,3,143,LISTAS,,
60218,10_104_001,628,366,366,0,7,359,LISTAS,,
60220,10_105_001,384,210,210,0,7,203,LISTAS,,
60222,10_105_002,488,226,226,0,2,224,LISTAS,,
60224,10_106_001,967,682,682,0,6,676,LISTAS,,
60226,10_107_001,149,109,109,0,2,107,LISTAS,,
60228,10_108_001,923,582,582,0,12,570,LISTAS,,
60230,10_108_002,887,578,576,0,2,574,LISTAS,,
60232,10_109_001,449,313,313,0,6,307,LISTAS,,
60234,10_110_001,170,114,114,0,1,113,LISTAS,,
60236,10_111_001,825,577,577,0,7,570,LISTAS,,
60238,10_111_002,793,569,569,0,5,564,LISTAS,,
60240,10_112_001,381,310,310,0,5,305,LISTAS,,
60242,10_113_001,581,371,371,0,5,366,LISTAS,,
60244,10_113_002,819,428,428,0,22,406,LISTAS,,
60246,10_113_003,682,435,435,0,5,430,LISTAS,,
60248,10_113_004,828,602,602,0,8,594,LISTAS,,
60250,10_114_001,490,353,353,0,5,348,LISTAS,,
60252,10_115_001,961,721,717,0,13,704,LISTAS,,
60254,10_116_001,853,553,552,0,8,544,LISTAS,,
60256,10_117_001,905,646,646,0,8,638,LISTAS,,
60258,10_117_002,609,409,409,0,3,406,LISTAS,,
60260,10_118_001,364,228,228,0,1,227,LISTAS,,
60262,10_119_001,285,212,212,0,1,211,LISTAS,,
60264,10_120_001,510,406,406,0,2,404,LISTAS,,
60266,10_121_001,799,603,603,0,1,602,LISTAS,,
60268,11_001_001,564,320,320,0,8,312,LISTAS,,
60400,11_001_002,715,427,427,0,8,419,LISTAS,,
60402,11_001_003,666,377,377,0,7,370,LISTAS,,
60404,11_001_004,702,374,374,0,10,364,LISTAS,,
60406,11_001_005,633,403,403,0,3,400,LISTAS,,
60408,11_002_001,577,410,406,0,6,400,LISTAS,,
60410,11_002_002,938,575,574,0,13,561,LISTAS,,
60412,11_003_001,951,687,687,0,10,677,LISTAS,,
60414,11_004_001,1020,678,678,0,5,673,LISTAS,,
60416,11_004_002,796,592,592,0,7,585,LISTAS,,
60418,11_004_003,854,562,562,0,5,557,LISTAS,,
60420,11_005_001,955,551,550,0,13,537,LISTAS,,
60422,11_005_002,1055,546,546,0,25,521,LISTAS,,
60424,11_005_003,834,472,477,0,45,432,LISTAS,,
60426,11_005_004,227,68,68,0,0,68,LISTAS,,
60428,11_006_001,222,155,154,0,4,150,LISTAS,,
60430,11_007_001,925,642,641,0,4,637,LISTAS,,
60432,11_007_002,555,342,342,0,3,339,LISTAS,,
60434,11_007_003,317,183,183,0,3,180,LISTAS,,
60436,11_008_001,569,293,301,0,58,243,LISTAS,,
60438,11_008_002,699,384,384,0,5,379,LISTAS,,
60440,11_009_001,1132,739,739,0,9,730,LISTAS,,
60442,11_009_002,1098,601,601,0,7,594,LISTAS,,
60444,11_009_003,1049,583,583,0,10,573,LISTAS,,
60446,11_009_004,1081,623,623,0,15,608,LISTAS,,
60448,11_009_005,783,462,462,0,2,460,LISTAS,,
60450,11_010_001,151,80,80,0,1,79,LISTAS,,
60452,11_011_001,582,358,356,0,6,350,LISTAS,,
60454,11_011_002,784,509,509,0,12,497,LISTAS,,
60456,11_011_003,593,396,396,0,1,395,LISTAS,,
60458,11_012_001,701,442,442,0,4,438,LISTAS,,
60460,11_012_002,673,422,422,0,3,419,LISTAS,,
60462,11_012_003,726,509,509,0,4,505,LISTAS,,
60464,11_012_004,710,478,478,0,7,471,LISTAS,,
60466,11_013_001,902,633,632,0,7,625,LISTAS,,
60468,11_013_002,971,571,571,0,11,560,LISTAS,,
60470,11_013_003,916,624,623,0,4,619,LISTAS,,
60472,11_013_004,994,645,646,0,18,628,LISTAS,,
60474,11_013_005,849,599,599,0,2,597,LISTAS,,
60476,11_013_006,1036,697,697,0,16,681,LISTAS,,
60478,11_013_007,998,638,639,0,17,622,LISTAS,,
60480,11_014_001,553,370,370,0,5,365,LISTAS,,
60482,11_015_001,1009,669,668,0,3,665,LISTAS,,
60484,11_015_002,1288,840,839,0,11,828,LISTAS,,
60486,11_015_003,1302,836,836,0,9,827,LISTAS,,
60488,11_015_004,1181,718,717,0,5,712,LISTAS,,
60490,11_015_005,1308,776,776,0,3,773,LISTAS,,
60492,11_016_001,987,625,626,0,17,609,LISTAS,,
60494,11_016_002,1027,782,781,0,9,772,LISTAS,,
60496,11_016_003,1129,828,828,0,11,817,LISTAS,,
60498,11_016_004,1173,867,866,0,5,861,LISTAS,,
60500,11_016_005,934,711,711,0,7,704,LISTAS,,
60502,11_016_006,1000,700,700,0,3,697,LISTAS,,
60504,11_016_007,2741,2308,2309,1,28,2281,LISTAS,,
60506,11_016_008,1029,751,751,0,6,745,LISTAS,,
60508,11_016_009,1012,759,758,0,1,757,LISTAS,,
60510,11_016_010,1068,781,780,0,1,779,LISTAS,,
60512,11_016_011,1071,722,723,0,16,707,LISTAS,,
60514,11_016_012,1116,810,806,0,8,798,LISTAS,,
60516,11_016_013,1099,803,803,0,10,793,LISTAS,,
60518,11_016_014,1062,788,788,0,6,782,LISTAS,,
60520,11_016_015,1173,913,913,0,6,907,LISTAS,,
60522,11_016_016,993,685,684,0,1,683,LISTAS,,
60524,11_016_017,966,718,718,0,7,711,LISTAS,,
60526,11_016_018,972,644,644,0,1,643,LISTAS,,
60660,11_016_019,810,511,511,0,3,508,LISTAS,,
60662,11_016_020,715,421,419,0,2,417,LISTAS,,
60664,11_016_021,672,334,334,0,5,329,LISTAS,,
60666,11_017_001,712,545,544,0,11,533,LISTAS,,
60668,11_017_002,673,506,505,0,3,502,LISTAS,,
60670,11_018_001,551,380,380,0,5,375,LISTAS,,
60672,11_018_002,598,358,358,0,1,357,LISTAS,,
60674,11_018_003,552,379,379,0,9,370,LISTAS,,
58672,11_019_001,736,456,456,0,61,395,LISTAS,,
58674,11_019_002,691,431,431,0,17,414,LISTAS,,
58676,11_020_001,870,528,528,0,11,517,LISTAS,,
58678,11_020_002,884,520,520,0,5,515,LISTAS,,
58680,11_020_003,998,597,597,0,7,590,LISTAS,,
58682,11_020_004,936,560,560,0,4,556,LISTAS,,
58684,11_020_005,887,599,599,0,7,592,LISTAS,,
58686,11_021_001,328,248,248,0,2,246,LISTAS,,
58688,11_022_001,768,552,552,0,3,549,LISTAS,,
58690,11_022_002,787,491,490,0,9,481,LISTAS,,
58692,11_022_003,721,485,485,0,0,485,LISTAS,,
58694,11_023_001,825,497,497,0,2,495,LISTAS,,
58696,11_023_002,843,521,521,0,7,514,LISTAS,,
58698,11_023_003,889,393,393,0,8,385,LISTAS,,
58700,11_023_004,789,444,444,0,6,438,LISTAS,,
58702,11_023_005,802,564,564,0,4,560,LISTAS,,
58704,11_024_001,739,399,399,0,5,394,LISTAS,,
58706,11_024_002,827,440,440,0,22,418,LISTAS,,
58708,11_024_003,608,367,367,0,8,359,LISTAS,,
58710,11_024_004,609,419,419,0,7,412,LISTAS,,
58712,11_024_005,658,403,403,0,4,399,LISTAS,,
58714,11_024_006,700,439,439,0,5,434,LISTAS,,
58716,11_025_001,946,672,672,0,5,667,LISTAS,,
58718,11_025_002,1044,760,759,0,3,756,LISTAS,,
58720,11_026_001,611,376,376,0,4,372,LISTAS,,
58722,11_026_002,595,394,393,0,2,391,LISTAS,,
58724,11_027_001,964,684,684,0,12,672,LISTAS,,
58726,11_027_002,786,511,511,0,6,505,LISTAS,,
58728,11_027_003,954,700,700,0,11,689,LISTAS,,
58730,11_027_004,948,656,656,0,6,650,LISTAS,,
58732,11_027_005,3590,3093,3085,-8,19,3066,LISTAS,,
58734,11_027_006,987,612,612,0,19,593,LISTAS,,
58736,11_027_007,918,681,681,0,8,673,LISTAS,,
58738,11_027_008,872,636,636,0,12,624,LISTAS,,
58740,11_027_009,965,760,760,0,14,746,LISTAS,,
58742,11_027_010,1032,724,723,0,5,718,LISTAS,,
58744,11_027_011,1067,744,744,0,8,736,LISTAS,,
58746,11_027_012,1037,690,687,0,22,665,LISTAS,,
58748,11_027_013,1083,715,715,0,9,706,LISTAS,,
58750,11_027_014,1037,657,657,0,2,655,LISTAS,,
58752,11_027_015,1046,642,642,0,20,622,LISTAS,,
58754,11_027_016,1023,726,726,0,10,716,LISTAS,,
58756,11_028_001,827,550,550,0,7,543,LISTAS,,
58758,11_028_002,786,490,490,0,10,480,LISTAS,,
58760,11_028_003,741,431,431,0,9,422,LISTAS,,
58762,11_028_004,760,400,400,0,20,380,LISTAS,,
58764,11_028_005,405,266,266,0,10,256,LISTAS,,
58766,11_029_001,692,441,441,0,12,429,LISTAS,,
58768,11_029_002,591,373,373,0,7,366,LISTAS,,
58770,11_029_003,650,332,331,0,7,324,LISTAS,,
58772,11_029_004,649,369,359,0,1,358,LISTAS,,
58774,11_029_005,215,141,141,0,0,141,LISTAS,,
58776,11_030_001,515,366,366,0,2,364,LISTAS,,
58778,11_031_001,1144,813,816,0,77,739,LISTAS,,
58780,11_031_002,1159,703,703,0,10,693,LISTAS,,
58782,11_031_003,1209,744,740,0,10,730,LISTAS,,
58784,11_031_004,1068,677,677,0,6,671,LISTAS,,
58786,11_031_005,1298,839,839,0,23,816,LISTAS,,
58788,11_031_006,1020,721,721,0,13,708,LISTAS,,
58790,11_031_007,991,683,683,0,5,678,LISTAS,,
58792,11_031_008,937,624,624,0,5,619,LISTAS,,
58794,11_032_001,597,391,390,0,12,378,LISTAS,,
58796,11_032_002,581,369,372,0,33,339,LISTAS,,
58798,11_033_001,504,346,347,0,12,335,LISTAS,,
58800,11_034_001,856,510,509,0,7,502,LISTAS,,
58802,11_034_002,718,442,442,0,8,434,LISTAS,,
59206,11_034_003,702,375,375,0,7,368,LISTAS,,
59208,11_034_004,1024,649,649,0,6,643,LISTAS,,
59210,11_034_005,968,473,473,0,6,467,LISTAS,,
59212,11_034_006,893,480,480,0,8,472,LISTAS,,
59214,11_034_007,1088,637,637,0,14,623,LISTAS,,
59216,11_035_001,571,304,304,0,2,302,LISTAS,,
59218,11_035_002,566,302,302,0,15,287,LISTAS,,
59220,11_035_003,565,328,328,0,2,326,LISTAS,,
59222,11_035_004,588,319,319,0,8,311,LISTAS,,
59224,11_035_005,597,306,312,0,59,253,LISTAS,,
59226,11_035_006,560,265,265,0,8,257,LISTAS,,
59228,11_035_007,597,316,316,0,11,305,LISTAS,,
59230,11_036_001,599,395,395,0,8,387,LISTAS,,
59232,11_036_002,770,456,448,0,4,444,LISTAS,,
59234,11_036_003,671,420,420,0,7,413,LISTAS,,
59236,11_036_004,666,431,435,0,41,394,LISTAS,,
59238,11_036_005,650,412,412,0,6,406,LISTAS,,
59240,11_036_006,749,500,500,0,8,492,LISTAS,,
59242,11_036_007,787,494,495,0,26,469,LISTAS,,
59244,11_036_008,989,594,593,0,8,585,LISTAS,,
59246,11_036_009,247,156,156,0,2,154,LISTAS,,
59248,11_036_010,534,328,324,0,7,317,LISTAS,,
59250,11_037_001,691,472,471,0,10,461,LISTAS,,
59252,11_037_002,925,661,661,0,2,659,LISTAS,,
59254,11_037_003,962,678,677,0,6,671,LISTAS,,
59256,11_037_004,887,620,620,0,1,619,LISTAS,,
59258,11_037_005,832,561,560,0,6,554,LISTAS,,
59260,11_037_006,986,736,734,0,1,733,LISTAS,,
59262,11_038_001,558,398,398,0,6,392,LISTAS,,
59264,11_039_001,257,160,160,0,4,156,LISTAS,,
59266,11_040_001,786,512,512,0,13,499,LISTAS,,
59268,11_040_002,877,599,599,0,6,593,LISTAS,,
59270,11_040_003,874,630,625,0,6,619,LISTAS,,
59272,11_040_004,883,615,614,0,8,606,LISTAS,,
59274,11_040_005,877,589,588,0,19,569,LISTAS,,
59276,11_040_006,894,561,560,0,11,549,LISTAS,,
59278,11_040_007,815,548,548,0,5,543,LISTAS,,
59280,11_040_008,829,583,583,0,7,576,LISTAS,,
59282,11_040_009,813,541,541,0,6,535,LISTAS,,
59284,11_040_010,867,566,563,0,6,557,LISTAS,,
59286,11_040_011,851,591,591,0,5,586,LISTAS,,
59288,11_040_012,823,538,535,0,7,528,LISTAS,,
59290,11_040_013,802,552,552,0,10,542,LISTAS,,
59292,11_040_014,813,588,588,0,12,576,LISTAS,,
59294,11_040_015,809,583,583,0,16,567,LISTAS,,
59296,11_040_016,784,600,600,0,2,598,LISTAS,,
59298,11_041_001,869,591,590,0,23,567,LISTAS,,
59300,11_042_001,612,343,343,0,5,338,LISTAS,,
59302,11_042_002,664,388,388,0,0,388,LISTAS,,
59304,11_043_001,518,323,323,0,10,313,LISTAS,,
59306,11_044_001,603,350,350,0,4,346,LISTAS,,
59308,11_044_002,617,361,361,0,8,353,LISTAS,,
59310,11_044_003,684,391,390,0,8,382,LISTAS,,
59312,11_044_004,640,369,369,0,6,363,LISTAS,,
59314,11_045_001,393,253,253,0,7,246,LISTAS,,
59316,11_045_002,432,311,311,0,6,305,LISTAS,,
59318,11_046_001,1284,869,869,0,14,855,LISTAS,,
59320,11_047_001,912,665,665,0,7,658,LISTAS,,
59322,11_047_002,914,625,625,0,13,612,LISTAS,,
59324,11_047_003,809,549,549,0,11,538,LISTAS,,
59326,11_047_004,852,617,617,0,4,613,LISTAS,,
59328,11_047_005,888,581,581,0,8,573,LISTAS,,
59330,11_048_001,842,469,469,0,5,464,LISTAS,,
59332,11_048_002,753,466,466,0,3,463,LISTAS,,
59334,11_049_001,808,534,534,0,3,531,LISTAS,,
59336,11_049_002,590,378,378,0,4,374,LISTAS,,
59338,11_049_003,727,494,494,0,2,492,LISTAS,,
51259,11_049_004,967,677,677,0,10,667,LISTAS,,
51257,11_050_001,806,605,605,0,3,602,LISTAS,,
51262,11_051_001,617,379,381,0,13,368,LISTAS,,
51264,11_051_002,183,114,114,0,0,114,LISTAS,,
51266,11_052_001,834,659,659,0,2,657,LISTAS,,
51268,11_052_002,831,671,671,0,4,667,LISTAS,,
51270,11_052_003,1051,791,792,0,17,775,LISTAS,,
51272,11_052_004,838,642,641,0,1,640,LISTAS,,
51274,11_052_005,845,651,651,0,3,648,LISTAS,,
51276,11_052_006,926,680,680,0,4,676,LISTAS,,
51278,11_052_007,810,611,611,0,2,609,LISTAS,,
51280,11_052_008,754,523,523,0,2,521,LISTAS,,
51282,11_052_009,757,536,536,0,6,530,LISTAS,,
51284,11_052_010,722,512,512,0,2,510,LISTAS,,
51286,11_052_011,629,508,508,0,2,506,LISTAS,,
51288,11_052_012,846,690,690,0,1,689,LISTAS,,
51290,11_052_013,759,557,556,0,0,556,LISTAS,,
51292,11_052_014,732,529,529,0,3,526,LISTAS,,
51294,11_052_015,941,645,645,0,7,638,LISTAS,,
51296,11_052_016,931,703,703,0,4,699,LISTAS,,
51298,11_052_017,732,542,542,0,2,540,LISTAS,,
51300,11_052_018,595,459,459,0,4,455,LISTAS,,
51302,11_052_019,855,637,637,0,3,634,LISTAS,,
51304,11_052_020,845,483,483,0,2,481,LISTAS,,
51306,11_052_021,784,520,520,0,6,514,LISTAS,,
51308,11_052_022,648,446,446,0,2,444,LISTAS,,
51310,11_052_023,619,492,492,0,4,488,LISTAS,,
51312,11_052_024,817,599,598,0,2,596,LISTAS,,
51314,11_052_025,500,365,365,0,2,363,LISTAS,,
51316,11_052_026,710,532,532,0,0,532,LISTAS,,
51318,11_052_027,678,511,511,0,3,508,LISTAS,,
51320,11_052_028,762,557,557,0,4,553,LISTAS,,
51322,11_052_029,652,433,433,0,1,432,LISTAS,,
51324,11_052_030,3957,3347,3337,-10,12,3325,LISTAS,,
51326,11_052_031,659,486,487,0,26,461,LISTAS,,
51328,11_052_032,600,385,385,0,7,378,LISTAS,,
51330,11_052_033,870,604,604,0,7,597,LISTAS,,
51332,11_052_034,736,507,507,0,6,501,LISTAS,,
51334,11_052_035,743,506,506,0,2,504,LISTAS,,
51336,11_052_036,804,550,550,0,4,546,LISTAS,,
51338,11_052_037,785,558,556,0,4,552,LISTAS,,
51340,11_052_038,742,494,494,0,2,492,LISTAS,,
51342,11_052_039,752,526,526,0,2,524,LISTAS,,
51344,11_052_040,837,576,576,0,5,571,LISTAS,,
51346,11_052_041,874,572,571,0,3,568,LISTAS,,
51348,11_052_042,735,477,477,0,3,474,LISTAS,,
51350,11_052_043,822,538,538,0,1,537,LISTAS,,
51352,11_052_044,1093,848,848,0,0,848,LISTAS,,
51354,11_052_045,757,514,514,0,4,510,LISTAS,,
51356,11_052_046,794,549,549,0,7,542,LISTAS,,
51358,11_052_047,810,570,570,0,6,564,LISTAS,,
51360,11_052_048,739,408,409,0,18,391,LISTAS,,
51362,11_052_049,696,369,369,0,5,364,LISTAS,,
51364,11_052_050,837,527,527,0,8,519,LISTAS,,
51366,11_052_051,1163,646,644,0,8,636,LISTAS,,
51368,11_052_052,697,366,366,0,2,364,LISTAS,,
51370,11_052_053,792,524,524,0,3,521,LISTAS,,
51372,11_052_054,1030,725,725,0,7,718,LISTAS,,
51374,11_052_055,825,596,596,0,1,595,LISTAS,,
51376,11_052_056,976,745,745,0,2,743,LISTAS,,
51378,11_052_057,883,525,525,0,5,520,LISTAS,,
51380,11_052_058,804,619,618,0,3,615,LISTAS,,
51794,11_052_059,880,664,663,0,5,658,LISTAS,,
51796,11_052_060,906,694,694,0,3,691,LISTAS,,
51798,11_052_061,867,693,693,0,3,690,LISTAS,,
51800,11_052_062,875,671,671,0,5,666,LISTAS,,
51802,11_052_063,738,566,566,0,4,562,LISTAS,,
51804,11_052_064,886,712,710,0,4,706,LISTAS,,
51806,11_052_065,783,602,602,0,1,601,LISTAS,,
51808,11_052_066,823,601,601,0,7,594,LISTAS,,
51810,11_052_067,862,643,643,0,1,642,LISTAS,,
51812,11_052_068,814,600,600,0,4,596,LISTAS,,
51814,11_052_069,699,497,496,0,7,489,LISTAS,,
51816,11_052_070,729,531,531,0,2,529,LISTAS,,
51818,11_053_001,601,445,445,0,4,441,LISTAS,,
51820,11_053_002,654,549,545,0,2,543,LISTAS,,
51822,11_054_001,828,589,589,0,6,583,LISTAS,,
51824,11_054_002,891,677,677,0,7,670,LISTAS,,
51826,11_054_003,189,92,92,0,1,91,LISTAS,,
51828,11_055_001,861,555,555,0,9,546,LISTAS,,
51830,11_056_001,1026,589,590,0,25,565,LISTAS,,
51832,11_056_002,1100,551,551,0,4,547,LISTAS,,
51834,11_056_003,1114,793,793,0,6,787,LISTAS,,
51836,11_056_004,1061,673,673,0,5,668,LISTAS,,
51838,11_056_005,1138,646,646,0,15,631,LISTAS,,
51840,11_056_006,1069,640,640,0,9,631,LISTAS,,
51842,11_056_007,1025,657,656,0,18,638,LISTAS,,
51844,11_056_008,1040,569,569,0,7,562,LISTAS,,
51846,11_057_001,927,601,600,0,2,598,LISTAS,,
51848,11_057_002,1160,759,761,0,35,726,LISTAS,,
51850,11_057_003,1228,774,774,0,4,770,LISTAS,,
51852,11_057_004,1138,652,652,0,6,646,LISTAS,,
51854,11_057_005,1150,707,705,0,8,697,LISTAS,,
51856,11_057_006,1089,741,740,0,13,727,LISTAS,,
51858,11_057_007,1022,632,632,0,4,628,LISTAS,,
51860,11_057_008,1081,633,633,0,13,620,LISTAS,,
51862,11_057_009,141,89,90,0,13,77,LISTAS,,
51864,11_058_001,782,437,437,0,8,429,LISTAS,,
51866,11_059_001,607,346,346,0,4,342,LISTAS,,
51868,11_060_001,297,187,187,0,4,183,LISTAS,,
51870,11_061_001,835,539,539,0,6,533,LISTAS,,
51872,11_061_002,397,251,251,0,3,248,LISTAS,,
51874,11_062_001,939,601,601,0,7,594,LISTAS,,
51876,11_062_002,150,85,85,0,1,84,LISTAS,,
51878,11_063_001,1036,610,606,0,15,591,LISTAS,,
51880,11_064_001,751,388,388,0,5,383,LISTAS,,
51882,11_064_002,792,425,425,0,17,408,LISTAS,,
51884,11_065_001,592,387,387,0,10,377,LISTAS,,
51886,11_065_002,687,421,421,0,11,410,LISTAS,,
51888,11_066_001,846,507,507,0,7,500,LISTAS,,
51890,11_067_001,645,410,410,0,5,405,LISTAS,,
51892,11_067_002,579,296,296,0,3,293,LISTAS,,
51894,11_068_001,757,409,409,0,6,403,LISTAS,,
51896,11_068_002,690,396,396,0,2,394,LISTAS,,
51898,11_068_003,223,126,126,0,1,125,LISTAS,,
51900,11_069_001,705,396,396,0,2,394,LISTAS,,
51902,11_069_002,641,356,356,0,2,354,LISTAS,,
51904,11_070_001,999,687,687,0,5,682,LISTAS,,
51906,11_070_002,212,120,120,0,1,119,LISTAS,,
51908,11_071_001,563,384,384,0,11,373,LISTAS,,
51910,11_072_001,933,597,597,0,6,591,LISTAS,,
51912,11_072_002,1057,734,734,0,1,733,LISTAS,,
51914,11_072_003,788,512,511,0,5,506,LISTAS,,
51916,11_072_004,846,560,560,0,4,556,LISTAS,,
51918,11_073_001,1019,680,680,0,11,669,LISTAS,,
51920,11_073_002,979,698,698,0,6,692,LISTAS,,
51922,11_073_003,1114,798,787,0,6,781,LISTAS,,
52330,11_073_004,991,629,629,0,17,612,LISTAS,,
52332,11_073_005,1122,715,715,0,26,689,LISTAS,,
52334,11_073_006,1121,724,724,0,15,709,LISTAS,,
52336,11_073_007,715,521,520,0,2,518,LISTAS,,
52338,11_073_008,710,508,508,0,2,506,LISTAS,,
52340,11_073_009,697,498,497,0,5,492,LISTAS,,
52342,11_073_010,796,561,561,0,4,557,LISTAS,,
52344,11_073_011,985,670,670,0,6,664,LISTAS,,
52346,11_073_012,676,408,409,0,16,393,LISTAS,,
52348,11_073_013,563,310,310,0,6,304,LISTAS,,
52350,11_073_014,3112,2460,2454,-6,53,2401,LISTAS,,
52352,11_073_015,1038,549,564,0,118,446,LISTAS,,
52354,11_073_016,1053,687,687,0,16,671,LISTAS,,
52356,11_073_017,1004,727,727,0,16,711,LISTAS,,
52358,11_073_018,1091,692,692,0,2,690,LISTAS,,
52360,11_074_001,731,348,348,0,8,340,LISTAS,,
52362,11_074_002,783,474,474,0,9,465,LISTAS,,
52364,11_074_003,648,396,395,0,9,386,LISTAS,,
52366,11_074_004,657,422,422,0,8,414,LISTAS,,
52368,11_074_005,650,392,393,0,15,378,LISTAS,,
52370,11_074_006,656,440,439,0,6,433,LISTAS,,
52372,11_074_007,684,400,400,0,5,395,LISTAS,,
52374,11_074_008,742,397,397,0,12,385,LISTAS,,
52376,11_074_009,723,465,462,0,2,460,LISTAS,,
52378,11_074_010,764,434,434,0,14,420,LISTAS,,
52380,11_075_001,881,568,568,0,2,566,LISTAS,,
52382,11_075_002,852,499,499,0,10,489,LISTAS,,
52384,11_075_003,687,463,463,0,4,459,LISTAS,,
52386,11_075_004,766,566,565,0,5,560,LISTAS,,
52388,11_075_005,797,488,488,0,5,483,LISTAS,,
52390,11_075_006,831,545,545,0,5,540,LISTAS,,
52392,11_076_001,495,278,278,0,7,271,LISTAS,,
52394,11_077_001,579,308,308,0,5,303,LISTAS,,
52396,11_077_002,600,342,342,0,5,337,LISTAS,,
52398,11_077_003,587,339,339,0,5,334,LISTAS,,
52400,11_077_004,569,360,359,0,1,358,LISTAS,,
52402,11_077_005,424,296,296,0,0,296,LISTAS,,
52404,11_078_001,681,402,401,0,15,386,LISTAS,,
52406,11_078_002,518,324,324,0,10,314,LISTAS,,
52408,12_001_001,201,152,152,0,2,150,LISTAS,,
52410,12_002_001,559,422,422,0,3,419,LISTAS,,
52412,12_002_002,588,421,421,0,5,416,LISTAS,,
52414,12_002_003,590,392,392,0,3,389,LISTAS,,
52416,12_003_001,714,438,437,0,4,433,LISTAS,,
52418,12_004_001,779,466,466,0,2,464,LISTAS,,
52420,12_004_002,710,450,450,0,5,445,LISTAS,,
52422,12_004_003,750,515,515,0,5,510,LISTAS,,
52424,12_004_004,645,354,354,0,10,344,LISTAS,,
52426,12_004_005,633,399,399,0,4,395,LISTAS,,
52428,12_004_006,672,437,437,0,2,435,LISTAS,,
52430,12_004_007,741,478,478,0,4,474,LISTAS,,
52432,12_004_008,703,470,470,0,5,465,LISTAS,,
52434,12_005_001,523,357,357,0,2,355,LISTAS,,
52436,12_006_001,742,536,536,0,8,528,LISTAS,,
52438,12_006_002,656,469,469,0,6,463,LISTAS,,
52440,12_006_003,833,618,618,0,5,613,LISTAS,,
52442,12_007_001,809,564,564,0,4,560,LISTAS,,
52444,12_007_002,752,529,529,0,6,523,LISTAS,,
52446,12_008_001,1219,761,760,0,10,750,LISTAS,,
52448,12_009_001,337,223,223,0,4,219,LISTAS,,
52450,12_010_001,747,536,536,0,8,528,LISTAS,,
52452,12_011_001,539,315,315,0,4,311,LISTAS,,
52454,12_011_002,568,386,386,0,5,381,LISTAS,,
52456,12_012_001,674,429,429,0,4,425,LISTAS,,
52458,12_012_002,628,385,385,0,4,381,LISTAS,,
52460,12_013_001,776,561,561,0,2,559,LISTAS,,
52462,12_013_002,619,432,432,0,3,429,LISTAS,,
52872,12_013_003,687,415,415,0,6,409,LISTAS,,
52874,12_013_004,736,552,552,0,2,550,LISTAS,,
52876,12_014_001,630,380,380,0,3,377,LISTAS,,
52878,12_015_001,695,522,522,0,1,521,LISTAS,,
52880,12_015_002,1002,702,702,0,5,697,LISTAS,,
52882,12_016_001,208,142,142,0,4,138,LISTAS,,
52884,12_017_001,642,475,475,0,6,469,LISTAS,,
52886,12_017_002,829,521,521,0,7,514,LISTAS,,
52888,12_018_001,350,243,243,0,1,242,LISTAS,,
52890,12_019_001,290,178,178,0,0,178,LISTAS,,
52892,12_020_001,982,704,704,0,7,697,LISTAS,,
52894,12_020_002,744,508,508,0,11,497,LISTAS,,
52896,12_020_003,878,609,609,0,2,607,LISTAS,,
52898,12_021_001,808,627,627,0,2,625,LISTAS,,
52900,12_022_001,755,561,561,0,3,558,LISTAS,,
52902,12_023_001,1012,700,700,0,5,695,LISTAS,,
52904,12_023_002,1108,748,748,0,1,747,LISTAS,,
52906,12_023_003,1041,781,781,0,7,774,LISTAS,,
52908,12_023_004,693,459,459,0,3,456,LISTAS,,
52910,12_023_005,743,535,535,0,3,532,LISTAS,,
52912,12_023_006,777,541,541,0,2,539,LISTAS,,
52914,12_023_007,776,513,513,0,0,513,LISTAS,,
52916,12_023_008,1353,867,867,0,7,860,LISTAS,,
52918,12_023_009,1215,782,780,0,1,779,LISTAS,,
52920,12_023_010,975,673,673,0,5,668,LISTAS,,
52922,12_024_001,932,650,649,0,8,641,LISTAS,,
52924,12_025_001,740,498,498,0,5,493,LISTAS,,
52926,12_025_002,454,317,317,0,2,315,LISTAS,,
52928,12_026_001,362,285,285,0,2,283,LISTAS,,
52930,12_027_001,497,377,377,0,0,377,LISTAS,,
52932,12_028_001,802,602,602,0,4,598,LISTAS,,
52934,12_028_002,804,642,641,0,3,638,LISTAS,,
52936,12_028_003,743,583,583,0,5,578,LISTAS,,
52938,12_028_004,1114,777,777,0,3,774,LISTAS,,
52940,12_028_005,969,799,798,0,3,795,LISTAS,,
52942,12_028_006,956,704,704,0,3,701,LISTAS,,
52944,12_028_007,951,752,751,0,5,746,LISTAS,,
52946,12_028_008,635,468,468,0,2,466,LISTAS,,
52948,12_028_009,580,457,456,0,1,455,LISTAS,,
52950,12_028_010,722,541,541,0,0,541,LISTAS,,
52952,12_028_011,2895,2468,2462,-6,6,2456,LISTAS,,
52954,12_028_012,854,385,385,0,3,382,LISTAS,,
52956,12_028_013,733,503,502,0,15,487,LISTAS,,
52958,12_028_014,876,593,593,0,2,591,LISTAS,,
52960,12_028_015,926,683,687,0,47,640,LISTAS,,
52962,12_028_016,598,470,470,0,0,470,LISTAS,,
52964,12_028_017,1234,818,818,0,6,812,LISTAS,,
52966,12_028_018,1177,886,887,0,8,879,LISTAS,,
52968,12_028_019,791,604,604,0,2,602,LISTAS,,
52970,12_028_020,922,693,693,0,7,686,LISTAS,,
52972,12_028_021,252,172,172,0,0,172,LISTAS,,
52974,12_028_022,717,424,424,0,7,417,LISTAS,,
52976,12_028_023,939,641,640,0,4,636,LISTAS,,
52978,12_028_024,833,600,600,0,0,600,LISTAS,,
52980,12_028_025,838,596,596,0,2,594,LISTAS,,
52982,12_028_026,869,536,536,0,3,533,LISTAS,,
52984,12_028_027,762,399,399,0,6,393,LISTAS,,
52986,12_029_001,484,362,362,0,8,354,LISTAS,,
52988,12_030_001,1126,837,837,0,2,835,LISTAS,,
52990,12_031_001,813,514,514,0,4,510,LISTAS,,
52992,12_032_001,866,590,590,0,5,585,LISTAS,,
52994,12_032_002,745,562,562,0,2,560,LISTAS,,
52996,12_033_001,531,345,345,0,2,343,LISTAS,,
52998,12_034_001,675,472,471,0,4,467,LISTAS,,
53000,12_034_002,741,545,545,0,5,540,LISTAS,,
53002,12_034_003,697,451,451,0,1,450,LISTAS,,
53408,12_035_001,853,597,597,0,7,590,LISTAS,,
53410,12_035_002,823,603,603,0,6,597,LISTAS,,
53412,12_035_003,761,492,492,0,4,488,LISTAS,,
53414,12_035_004,772,552,552,0,3,549,LISTAS,,
53416,12_035_005,825,562,562,0,4,558,LISTAS,,
53418,12_035_006,368,258,258,0,2,256,LISTAS,,
53420,12_036_001,432,269,269,0,1,268,LISTAS,,
53422,12_037_001,1030,746,746,0,7,739,LISTAS,,
53424,12_037_002,1025,723,723,0,4,719,LISTAS,,
53426,12_038_001,424,296,296,0,8,288,LISTAS,,
53428,12_038_002,959,719,718,0,5,713,LISTAS,,
53430,12_038_003,614,471,471,0,5,466,LISTAS,,
53432,12_038_004,885,635,635,0,3,632,LISTAS,,
53434,12_038_005,1006,753,753,0,4,749,LISTAS,,
53436,12_038_006,875,623,623,0,1,622,LISTAS,,
53438,12_038_007,939,711,711,0,5,706,LISTAS,,
53440,12_038_008,3179,2697,2691,-6,11,2680,LISTAS,,
53442,12_038_009,716,458,458,0,6,452,LISTAS,,
53444,12_038_010,1273,955,955,0,10,945,LISTAS,,
53446,12_038_011,569,368,368,0,3,365,LISTAS,,
53448,12_038_012,884,663,663,0,4,659,LISTAS,,
53450,12_038_013,751,555,555,0,9,546,LISTAS,,
53452,12_038_014,796,554,554,0,3,551,LISTAS,,
53454,12_038_015,1090,727,727,0,4,723,LISTAS,,
53456,12_038_016,1168,904,903,0,7,896,LISTAS,,
53458,12_038_017,826,635,634,0,3,631,LISTAS,,
53460,12_039_001,833,573,573,0,5,568,LISTAS,,
53462,12_040_001,929,703,703,0,7,696,LISTAS,,
53464,12_040_002,863,655,655,0,1,654,LISTAS,,
53466,12_040_003,913,603,603,0,3,600,LISTAS,,
53468,12_040_004,959,580,582,0,29,553,LISTAS,,
53470,12_041_001,681,434,434,0,6,428,LISTAS,,
53472,12_041_002,785,511,511,0,7,504,LISTAS,,
53474,12_041_003,729,432,432,0,5,427,LISTAS,,
53476,12_041_004,934,642,641,0,2,639,LISTAS,,
53478,12_041_005,816,615,615,0,3,612,LISTAS,,
53480,12_042_001,1400,1011,1011,0,15,996,LISTAS,,
53482,12_043_001,530,329,329,0,2,327,LISTAS,,
53484,12_044_001,834,571,571,0,2,569,LISTAS,,
53486,12_044_002,873,598,598,0,8,590,LISTAS,,
53488,12_045_001,690,540,540,0,6,534,LISTAS,,
53490,12_046_001,750,536,536,0,7,529,LISTAS,,
53492,12_046_002,652,459,459,0,3,456,LISTAS,,
53494,12_046_003,763,558,558,0,13,545,LISTAS,,
53496,12_046_004,130,70,70,0,5,65,LISTAS,,
53498,12_047_001,1144,675,675,0,3,672,LISTAS,,
53500,12_048_001,1038,703,703,0,9,694,LISTAS,,
53502,12_048_002,855,587,587,0,7,580,LISTAS,,
53504,12_049_001,535,390,390,0,2,388,LISTAS,,
53506,12_049_002,521,368,368,0,1,367,LISTAS,,
53508,12_050_001,807,481,481,0,8,473,LISTAS,,
53510,12_050_002,1137,866,866,0,4,862,LISTAS,,
53512,12_050_003,915,669,669,0,4,665,LISTAS,,
53514,12_050_004,822,647,647,0,9,638,LISTAS,,
53516,12_050_005,730,524,524,0,3,521,LISTAS,,
53518,12_050_006,781,532,532,0,6,526,LISTAS,,
53520,12_050_007,698,485,483,0,5,478,LISTAS,,
53522,12_051_001,857,587,585,0,2,583,LISTAS,,
53524,12_051_002,887,647,647,0,5,642,LISTAS,,
53526,12_051_003,944,649,649,0,8,641,LISTAS,,
53528,12_051_004,1174,665,665,0,7,658,LISTAS,,
53530,12_051_005,1010,635,635,0,11,624,LISTAS,,
53532,12_051_006,774,480,480,0,8,472,LISTAS,,
53534,12_051_007,962,535,535,0,6,529,LISTAS,,
53944,12_051_008,915,476,475,0,3,472,LISTAS,,
53946,12_051_009,839,554,554,0,7,547,LISTAS,,
53948,12_051_010,898,604,603,0,2,601,LISTAS,,
53950,12_051_011,908,651,651,0,3,648,LISTAS,,
53952,12_051_012,821,524,524,0,8,516,LISTAS,,
53954,12_051_013,961,624,623,0,8,615,LISTAS,,
53956,12_051_014,940,688,687,0,4,683,LISTAS,,
53958,12_051_015,921,696,696,0,6,690,LISTAS,,
53960,12_051_016,989,582,582,0,13,569,LISTAS,,
53962,12_052_001,1040,696,696,0,4,692,LISTAS,,
53964,12_052_002,941,710,710,0,1,709,LISTAS,,
53966,12_053_001,784,535,535,0,10,525,LISTAS,,
53968,12_053_002,828,585,584,0,6,578,LISTAS,,
53970,12_054_001,1063,740,736,0,2,734,LISTAS,,
53972,12_055_001,712,503,503,0,2,501,LISTAS,,
53974,12_055_002,765,526,526,0,1,525,LISTAS,,
53976,12_055_003,766,481,481,0,5,476,LISTAS,,
53978,12_056_001,966,598,597,0,6,591,LISTAS,,
53980,12_057_001,785,527,527,0,5,522,LISTAS,,
53982,12_057_002,858,622,622,0,3,619,LISTAS,,
53984,12_058_001,1173,783,782,0,7,775,LISTAS,,
53986,12_059_001,956,724,724,0,8,716,LISTAS,,
53988,12_059_002,937,674,674,0,2,672,LISTAS,,
53990,12_060_001,868,656,656,0,6,650,LISTAS,,
53992,12_061_001,798,582,582,0,10,572,LISTAS,,
53994,12_061_002,902,680,680,0,2,678,LISTAS,,
53996,12_062_001,1322,919,919,0,5,914,LISTAS,,
53998,12_063_001,899,677,676,0,16,660,LISTAS,,
54000,12_063_002,1087,811,811,0,14,797,LISTAS,,
54002,12_063_003,107,64,64,0,0,64,LISTAS,,
54004,12_064_001,819,468,468,0,0,468,LISTAS,,
54006,12_064_002,757,560,558,0,2,556,LISTAS,,
54008,12_064_003,791,508,508,0,2,506,LISTAS,,
54010,12_064_004,827,587,587,0,2,585,LISTAS,,
54012,12_064_005,753,585,585,0,2,583,LISTAS,,
54014,12_064_006,764,554,554,0,3,551,LISTAS,,
54016,12_064_007,745,552,553,0,14,539,LISTAS,,
54018,12_064_008,625,518,516,0,1,515,LISTAS,,
54020,12_064_009,680,479,479,0,1,478,LISTAS,,
54022,12_064_010,639,490,490,0,11,479,LISTAS,,
54024,12_064_011,557,435,435,0,3,432,LISTAS,,
54026,12_064_012,1071,763,761,0,4,757,LISTAS,,
54028,12_064_013,627,499,500,0,14,486,LISTAS,,
54030,12_064_014,749,594,592,0,3,589,LISTAS,,
54032,12_064_015,763,632,631,0,4,627,LISTAS,,
54034,12_064_016,699,549,548,0,2,546,LISTAS,,
54036,12_064_017,788,591,591,0,5,586,LISTAS,,
54038,12_064_018,720,495,493,0,5,488,LISTAS,,
54040,12_064_019,731,554,554,0,1,553,LISTAS,,
54042,12_064_020,801,642,640,0,4,636,LISTAS,,
54044,12_064_021,861,698,698,0,2,696,LISTAS,,
54046,12_064_022,997,662,661,0,6,655,LISTAS,,
54048,12_064_023,961,727,726,0,2,724,LISTAS,,
54050,12_064_024,493,404,403,0,1,402,LISTAS,,
54052,12_065_001,977,683,683,0,3,680,LISTAS,,
54054,12_065_002,993,735,735,0,1,734,LISTAS,,
54056,12_065_003,581,284,284,0,1,283,LISTAS,,
54058,12_065_004,558,203,203,0,4,199,LISTAS,,
54060,12_065_005,779,309,309,0,6,303,LISTAS,,
54062,12_065_006,849,469,468,0,6,462,LISTAS,,
54064,12_065_007,882,612,612,0,2,610,LISTAS,,
54066,12_065_008,772,512,512,0,5,507,LISTAS,,
54068,12_065_009,853,586,586,0,1,585,LISTAS,,
54070,12_065_010,942,749,749,0,3,746,LISTAS,,
54072,12_065_011,889,672,672,0,1,671,LISTAS,,
54492,12_065_012,1050,772,771,0,1,770,LISTAS,,
54494,12_065_013,974,719,719,0,2,717,LISTAS,,
54496,12_065_014,890,594,593,0,3,590,LISTAS,,
54498,12_065_015,738,484,484,0,2,482,LISTAS,,
54500,12_065_016,655,499,499,0,1,498,LISTAS,,
54502,12_065_017,1107,826,825,0,4,821,LISTAS,,
54504,12_065_018,1091,842,842,0,3,839,LISTAS,,
54506,12_065_019,1047,848,848,0,0,848,LISTAS,,
54508,12_065_020,935,697,696,0,5,691,LISTAS,,
54510,12_065_021,795,607,606,0,4,602,LISTAS,,
54512,12_065_022,924,654,654,0,2,652,LISTAS,,
54514,12_065_023,885,644,644,0,4,640,LISTAS,,
54516,12_065_024,866,622,622,0,6,616,LISTAS,,
54518,12_065_025,2691,2370,2359,-11,5,2354,LISTAS,,
54520,12_065_026,708,515,515,0,1,514,LISTAS,,
54522,12_065_027,859,646,645,0,5,640,LISTAS,,
54524,12_065_028,1044,703,701,0,6,695,LISTAS,,
54526,12_065_029,858,597,596,0,7,589,LISTAS,,
54528,12_065_030,860,556,555,0,2,553,LISTAS,,
54530,12_065_031,831,578,575,0,3,572,LISTAS,,
54532,12_065_032,821,588,588,0,1,587,LISTAS,,
54534,12_065_033,849,610,609,0,2,607,LISTAS,,
54536,12_065_034,1007,640,640,0,2,638,LISTAS,,
54538,12_065_035,937,634,633,0,2,631,LISTAS,,
54540,12_065_036,900,586,586,0,1,585,LISTAS,,
54542,12_065_037,1681,648,642,0,4,638,LISTAS,,
54544,12_065_038,966,661,660,0,4,656,LISTAS,,
54546,12_065_039,1069,689,689,0,4,685,LISTAS,,
54548,12_065_040,881,580,581,0,13,568,LISTAS,,
54550,12_065_041,891,588,588,0,4,584,LISTAS,,
54552,12_065_042,771,490,490,0,6,484,LISTAS,,
54554,12_065_043,813,591,591,0,3,588,LISTAS,,
54556,12_065_044,911,677,676,0,2,674,LISTAS,,
54558,12_065_045,859,591,589,0,7,582,LISTAS,,
54560,12_065_046,826,606,606,0,4,602,LISTAS,,
54562,12_065_047,954,682,679,0,11,668,LISTAS,,
54564,12_065_048,823,610,610,0,4,606,LISTAS,,
54566,12_065_049,945,673,672,0,3,669,LISTAS,,
54568,12_065_050,780,559,559,0,7,552,LISTAS,,
54570,12_065_051,742,512,512,0,2,510,LISTAS,,
54572,12_065_052,788,561,551,0,4,547,LISTAS,,
54574,12_065_053,1309,940,938,0,4,934,LISTAS,,
54576,12_065_054,964,523,523,0,2,521,LISTAS,,
54578,12_065_055,967,500,500,0,4,496,LISTAS,,
54580,12_065_056,854,478,478,0,1,477,LISTAS,,
54582,12_065_057,928,692,692,0,4,688,LISTAS,,
54584,12_065_058,1073,794,794,0,5,789,LISTAS,,
54586,12_065_059,1092,823,822,0,5,817,LISTAS,,
54588,12_065_060,869,526,526,0,7,519,LISTAS,,
54590,12_066_001,955,573,573,0,7,566,LISTAS,,
54592,12_066_002,182,106,106,0,1,105,LISTAS,,
54594,12_067_001,545,411,411,0,3,408,LISTAS,,
54596,12_067_002,1071,785,785,0,4,781,LISTAS,,
54598,12_067_003,727,522,522,0,0,522,LISTAS,,
54600,12_067_004,735,522,522,0,7,515,LISTAS,,
54602,12_067_005,760,552,552,0,4,548,LISTAS,,
54604,12_067_006,579,435,433,0,8,425,LISTAS,,
54606,12_068_001,196,109,109,0,3,106,LISTAS,,
54608,12_068_002,659,448,448,0,5,443,LISTAS,,
54610,12_068_003,737,531,531,0,5,526,LISTAS,,
54612,12_068_004,665,443,443,0,4,439,LISTAS,,
54614,12_068_005,1040,723,723,0,5,718,LISTAS,,
54616,12_069_001,771,461,460,0,1,459,LISTAS,,
55002,12_069_002,810,538,538,0,4,534,LISTAS,,
55004,12_069_003,678,471,471,0,4,467,LISTAS,,
55006,12_070_001,582,405,405,0,0,405,LISTAS,,
55008,12_071_001,460,347,346,0,5,341,LISTAS,,
55010,12_072_001,469,340,340,0,5,335,LISTAS,,
55012,12_073_001,1078,810,810,0,10,800,LISTAS,,
55014,12_074_001,822,608,608,0,2,606,LISTAS,,
55016,12_074_002,926,503,503,0,7,496,LISTAS,,
55018,12_074_003,845,667,667,0,5,662,LISTAS,,
55020,12_075_001,439,309,309,0,3,306,LISTAS,,
55022,12_076_001,737,492,492,0,4,488,LISTAS,,
55024,12_076_002,624,437,437,0,4,433,LISTAS,,
55026,13_001_001,475,330,330,0,4,326,LISTAS,,
55028,13_002_001,207,168,167,0,0,167,LISTAS,,
55030,13_003_001,3475,2994,2985,-9,8,2977,LISTAS,,
55032,13_003_002,812,560,559,0,7,552,LISTAS,,
55034,13_003_003,808,600,600,0,5,595,LISTAS,,
55036,13_003_004,649,449,449,0,6,443,LISTAS,,
55038,13_003_005,755,588,588,0,5,583,LISTAS,,
55040,13_003_006,824,595,592,0,6,586,LISTAS,,
55042,13_003_007,775,546,546,0,3,543,LISTAS,,
55044,13_003_008,789,514,514,0,2,512,LISTAS,,
55046,13_003_009,691,517,517,0,4,513,LISTAS,,
55048,13_003_010,879,565,565,0,18,547,LISTAS,,
55050,13_003_011,627,460,460,0,3,457,LISTAS,,
55052,13_003_012,796,595,592,0,5,587,LISTAS,,
55054,13_003_013,717,560,560,0,4,556,LISTAS,,
55056,13_003_014,744,567,566,0,4,562,LISTAS,,
55058,13_003_015,703,553,553,0,3,550,LISTAS,,
55060,13_003_016,737,580,580,0,4,576,LISTAS,,
55062,13_004_001,558,421,421,0,8,413,LISTAS,,
55064,13_005_001,797,550,550,0,1,549,LISTAS,,
55066,13_006_001,547,339,339,0,2,337,LISTAS,,
55068,13_006_002,622,392,392,0,1,391,LISTAS,,
55070,13_006_003,775,476,476,0,12,464,LISTAS,,
55072,13_006_004,508,277,277,0,1,276,LISTAS,,
55074,13_006_005,681,373,373,0,8,365,LISTAS,,
55076,13_006_006,605,402,402,0,0,402,LISTAS,,
55078,13_006_007,1156,708,708,0,1,707,LISTAS,,
55080,13_006_008,619,382,382,0,7,375,LISTAS,,
55082,13_006_009,520,413,413,0,0,413,LISTAS,,
55084,13_006_010,695,475,475,0,1,474,LISTAS,,
55086,13_006_011,667,414,414,0,8,406,LISTAS,,
55088,13_006_012,623,430,430,0,1,429,LISTAS,,
55090,13_006_013,552,334,334,0,7,327,LISTAS,,
55092,13_006_014,578,302,302,0,13,289,LISTAS,,
55094,13_006_015,746,482,482,0,16,466,LISTAS,,
55096,13_007_001,459,326,326,0,11,315,LISTAS,,
55098,13_008_001,619,444,444,0,6,438,LISTAS,,
55100,13_008_002,753,551,551,0,3,548,LISTAS,,
55102,13_009_001,503,390,390,0,7,383,LISTAS,,
55104,13_010_001,291,190,190,0,0,190,LISTAS,,
55106,13_011_001,88,77,77,0,0,77,LISTAS,,
55108,13_012_001,736,464,463,0,11,452,LISTAS,,
55110,13_013_001,844,525,525,0,10,515,LISTAS,,
55112,13_013_002,817,542,542,0,5,537,LISTAS,,
55114,13_014_001,891,512,512,0,7,505,LISTAS,,
55116,13_015_001,285,210,210,0,13,197,LISTAS,,
55118,13_016_001,650,425,425,0,2,423,LISTAS,,
55120,13_017_001,97,83,83,0,1,82,LISTAS,,
55122,13_018_001,256,166,166,0,2,164,LISTAS,,
55124,13_019_001,735,477,477,0,4,473,LISTAS,,
55126,13_020_001,328,210,210,0,2,208,LISTAS,,
55128,13_021_001,70,57,57,0,2,55,LISTAS,,
55130,13_022_001,1120,722,764,0,252,512,LISTAS,,
55526,13_023_001,689,433,433,0,5,428,LISTAS,,
55528,13_023_002,782,534,534,0,5,529,LISTAS,,
55530,13_023_003,710,531,531,0,4,527,LISTAS,,
55532,13_024_001,503,367,367,0,2,365,LISTAS,,
55534,13_024_002,322,221,221,0,4,217,LISTAS,,
55536,13_025_001,1102,709,709,0,16,693,LISTAS,,
55538,13_026_001,888,579,577,0,23,554,LISTAS,,
55540,13_027_001,371,252,252,0,0,252,LISTAS,,
55542,13_028_001,513,337,337,0,0,337,LISTAS,,
55544,13_029_001,873,478,479,0,19,460,LISTAS,,
55546,13_030_001,414,295,295,0,4,291,LISTAS,,
55548,13_031_001,418,258,258,0,2,256,LISTAS,,
55550,13_032_001,685,444,444,0,5,439,LISTAS,,
55552,13_032_002,131,65,65,0,1,64,LISTAS,,
55554,13_032_003,250,123,123,0,0,123,LISTAS,,
55556,13_033_001,671,452,452,0,5,447,LISTAS,,
55558,13_033_002,823,552,552,0,6,546,LISTAS,,
55560,13_033_003,635,436,436,0,3,433,LISTAS,,
55562,13_033_004,706,456,455,0,3,452,LISTAS,,
55564,13_034_001,478,377,377,0,3,374,LISTAS,,
55566,13_035_001,109,77,77,0,0,77,LISTAS,,
55568,13_036_001,525,370,370,0,2,368,LISTAS,,
55570,13_037_001,44,34,34,0,1,33,LISTAS,,
55572,13_038_001,470,332,332,0,2,330,LISTAS,,
55574,13_039_001,777,509,507,0,20,487,LISTAS,,
55576,13_040_001,264,204,204,0,5,199,LISTAS,,
55578,13_041_001,392,267,267,0,5,262,LISTAS,,
55580,13_042_001,142,112,112,0,1,111,LISTAS,,
55582,13_043_001,627,408,405,0,16,389,LISTAS,,
55584,13_044_001,138,104,104,0,0,104,LISTAS,,
55586,13_045_001,343,214,214,0,6,208,LISTAS,,
55588,13_046_001,655,429,429,0,1,428,LISTAS,,
55590,13_047_001,818,489,489,0,17,472,LISTAS,,
55592,13_047_002,749,498,498,0,2,496,LISTAS,,
55594,13_048_001,637,423,423,0,0,423,LISTAS,,
55596,13_048_002,558,366,365,0,6,359,LISTAS,,
55598,13_049_001,683,447,447,0,2,445,LISTAS,,
55600,13_050_001,682,390,390,0,5,385,LISTAS,,
55602,13_050_002,561,359,359,0,3,356,LISTAS,,
55604,13_050_003,167,116,116,0,1,115,LISTAS,,
55606,13_051_001,685,431,431,0,10,421,LISTAS,,
55608,13_051_002,708,451,451,0,3,448,LISTAS,,
55610,13_051_003,640,468,468,0,5,463,LISTAS,,
55612,13_052_001,917,500,500,0,7,493,LISTAS,,
55614,13_053_001,575,360,360,0,15,345,LISTAS,,
55616,13_053_002,610,343,342,0,3,339,LISTAS,,
55618,13_053_003,236,124,124,0,11,113,LISTAS,,
55620,13_054_001,1034,609,608,0,15,593,LISTAS,,
55622,13_055_001,550,400,400,0,4,396,LISTAS,,
55624,13_056_001,383,291,291,0,0,291,LISTAS,,
55626,13_057_001,344,221,221,0,0,221,LISTAS,,
55628,13_058_001,145,123,123,0,0,123,LISTAS,,
55630,13_059_001,134,98,98,0,2,96,LISTAS,,
55632,13_060_001,460,324,324,0,9,315,LISTAS,,
55634,13_061_001,139,119,119,0,0,119,LISTAS,,
55636,13_062_001,82,62,62,0,1,61,LISTAS,,
55638,13_063_001,363,251,251,0,5,246,LISTAS,,
55640,13_064_001,605,358,358,0,10,348,LISTAS,,
55642,13_065_001,465,319,319,0,1,318,LISTAS,,
55644,13_066_001,624,315,315,0,2,313,LISTAS,,
55646,13_066_002,386,208,208,0,1,207,LISTAS,,
55648,13_067_001,475,319,319,0,9,310,LISTAS,,
55650,13_067_002,147,85,85,0,3,82,LISTAS,,
55652,13_068_001,899,610,610,0,7,603,LISTAS,,
55654,13_069_001,185,155,155,0,1,154,LISTAS,,
55656,13_070_001,636,457,457,0,0,457,LISTAS,,
55658,13_071_001,904,612,612,0,1,611,LISTAS,,
55660,13_071_002,494,280,280,0,0,280,LISTAS,,
55662,13_072_001,744,492,492,0,4,488,LISTAS,,
55664,13_073_001,1206,834,834,0,6,828,LISTAS,,
56080,13_074_001,847,512,512,0,4,508,LISTAS,,
56082,13_074_002,578,348,348,0,6,342,LISTAS,,
56084,13_075_001,625,365,364,0,4,360,LISTAS,,
56086,13_075_002,631,296,296,0,11,285,LISTAS,,
56088,13_075_003,211,132,132,0,0,132,LISTAS,,
56090,13_076_001,468,335,335,0,3,332,LISTAS,,
56092,13_077_001,745,435,435,0,37,398,LISTAS,,
56094,13_078_001,488,359,359,0,17,342,LISTAS,,
56096,13_079_001,217,160,160,0,0,160,LISTAS,,
56098,13_080_001,616,398,397,0,11,386,LISTAS,,
56100,13_080_002,463,287,287,0,4,283,LISTAS,,
56102,13_080_003,58,47,47,0,0,47,LISTAS,,
56104,13_081_001,734,444,443,0,3,440,LISTAS,,
56106,13_081_002,850,561,561,0,5,556,LISTAS,,
56108,13_082_001,591,380,379,0,2,377,LISTAS,,
56110,13_083_001,940,646,646,0,14,632,LISTAS,,
56112,13_084_001,723,556,556,0,1,555,LISTAS,,
56114,13_084_002,484,366,366,0,3,363,LISTAS,,
56116,13_085_001,524,350,350,0,3,347,LISTAS,,
56118,13_086_001,381,263,263,0,4,259,LISTAS,,
56120,13_087_001,594,352,352,0,17,335,LISTAS,,
56122,13_087_002,616,343,343,0,19,324,LISTAS,,
56124,13_088_001,722,523,523,0,5,518,LISTAS,,
56126,13_089_001,610,418,418,0,0,418,LISTAS,,
56128,13_090_001,440,276,276,0,4,272,LISTAS,,
56130,13_091_001,935,704,704,0,3,701,LISTAS,,
56132,13_092_001,790,561,561,0,4,557,LISTAS,,
56134,13_093_001,262,198,198,0,1,197,LISTAS,,
56136,13_094_001,617,412,412,0,6,406,LISTAS,,
56138,13_094_002,659,450,450,0,0,450,LISTAS,,
56140,13_095_001,710,512,520,0,61,459,LISTAS,,
56142,13_096_001,580,411,411,0,6,405,LISTAS,,
56144,13_097_001,937,680,678,0,4,674,LISTAS,,
56146,13_097_002,985,665,665,0,14,651,LISTAS,,
56148,13_097_003,710,515,515,0,3,512,LISTAS,,
56150,13_097_004,769,557,557,0,2,555,LISTAS,,
56152,13_097_005,988,711,710,0,6,704,LISTAS,,
56154,13_097_006,914,656,656,0,4,652,LISTAS,,
56156,13_097_007,1046,823,823,0,4,819,LISTAS,,
56158,13_097_008,759,579,579,0,7,572,LISTAS,,
56160,13_097_009,301,230,230,0,1,229,LISTAS,,
56162,13_098_001,448,322,322,0,4,318,LISTAS,,
56164,13_099_001,113,98,98,0,0,98,LISTAS,,
56166,13_100_001,1141,814,814,0,11,803,LISTAS,,
56168,13_100_002,1073,772,772,0,3,769,LISTAS,,
56170,13_101_001,754,493,493,0,9,484,LISTAS,,
56172,13_101_002,568,396,396,0,3,393,LISTAS,,
56174,13_102_001,811,556,556,0,8,548,LISTAS,,
56176,13_102_002,948,594,594,0,6,588,LISTAS,,
56178,13_103_001,852,593,592,0,3,589,LISTAS,,
56180,13_103_002,729,511,511,0,4,507,LISTAS,,
56182,13_103_003,863,589,589,0,4,585,LISTAS,,
56184,13_103_004,735,534,534,0,3,531,LISTAS,,
56186,13_103_005,792,605,605,0,4,601,LISTAS,,
56188,13_103_006,779,582,582,0,5,577,LISTAS,,
56190,13_103_007,762,552,552,0,7,545,LISTAS,,
56192,13_103_008,537,310,310,0,8,302,LISTAS,,
56194,13_103_009,215,125,125,0,1,124,LISTAS,,
56196,13_103_010,2922,2614,2612,-2,10,2602,LISTAS,,
56198,13_103_011,120,64,64,0,2,62,LISTAS,,
56200,13_103_012,123,92,92,0,0,92,LISTAS,,
56202,13_103_013,652,434,432,0,3,429,LISTAS,,
56204,13_103_014,750,454,455,0,19,436,LISTAS,,
56206,13_103_015,576,295,295,0,10,285,LISTAS,,
56208,13_103_016,1086,655,655,0,18,637,LISTAS,,
56210,13_103_017,841,666,666,0,5,661,LISTAS,,
56212,13_103_018,1121,777,776,0,7,769,LISTAS,,
56632,13_103_019,504,351,351,0,9,342,LISTAS,,
56634,13_103_020,601,422,422,0,3,419,LISTAS,,
56636,13_103_021,875,682,682,0,2,680,LISTAS,,
56638,13_103_022,768,538,539,0,13,526,LISTAS,,
56640,13_103_023,569,403,403,0,14,389,LISTAS,,
56642,13_103_024,616,398,398,0,2,396,LISTAS,,
56644,13_103_025,846,549,547,0,3,544,LISTAS,,
56646,13_103_026,936,399,399,0,2,397,LISTAS,,
56648,13_103_027,939,546,546,0,11,535,LISTAS,,
56650,13_103_028,849,579,579,0,8,571,LISTAS,,
56652,13_103_029,738,487,487,0,11,476,LISTAS,,
56654,13_103_030,560,381,381,0,12,369,LISTAS,,
56656,13_103_031,734,554,554,0,2,552,LISTAS,,
56658,13_103_032,719,361,361,0,15,346,LISTAS,,
56660,13_103_033,651,353,353,0,6,347,LISTAS,,
56662,13_103_034,777,478,478,0,12,466,LISTAS,,
56664,13_103_035,853,472,469,0,7,462,LISTAS,,
56666,13_103_036,804,373,372,0,17,355,LISTAS,,
56668,13_103_037,577,398,398,0,6,392,LISTAS,,
56670,13_103_038,1268,845,844,0,6,838,LISTAS,,
56672,13_103_039,855,530,530,0,9,521,LISTAS,,
56674,13_103_040,756,518,518,0,3,515,LISTAS,,
56676,13_104_001,754,445,445,0,5,440,LISTAS,,
56678,13_105_001,213,163,163,0,3,160,LISTAS,,
56680,13_106_001,649,377,377,0,15,362,LISTAS,,
56682,13_107_001,359,229,229,0,3,226,LISTAS,,
56684,13_108_001,357,239,239,0,5,234,LISTAS,,
56686,13_108_002,142,115,115,0,0,115,LISTAS,,
56688,13_109_001,324,224,225,0,14,211,LISTAS,,
56690,13_110_001,371,250,250,0,13,237,LISTAS,,
56692,13_111_001,1004,763,759,0,24,735,LISTAS,,
56694,13_111_002,250,189,189,0,2,187,LISTAS,,
56696,13_112_001,271,194,194,0,0,194,LISTAS,,
56698,13_113_001,170,133,133,0,0,133,LISTAS,,
56700,13_114_001,1038,730,730,0,8,722,LISTAS,,
56702,13_114_002,1047,755,756,0,18,738,LISTAS,,
56704,13_114_003,1060,757,757,0,6,751,LISTAS,,
56706,13_114_004,1121,796,796,0,12,784,LISTAS,,
56708,13_114_005,151,118,118,0,8,110,LISTAS,,
56710,13_114_006,205,132,132,0,3,129,LISTAS,,
56712,13_115_001,330,224,224,0,3,221,LISTAS,,
56714,13_116_001,218,137,137,0,3,134,LISTAS,,
56716,13_117_001,814,429,428,0,5,423,LISTAS,,
56718,13_118_001,372,276,276,0,1,275,LISTAS,,
56720,13_118_002,72,63,65,0,13,52,LISTAS,,
56722,13_119_001,912,677,677,0,3,674,LISTAS,,
56724,13_119_002,648,466,465,0,15,450,LISTAS,,
56726,13_120_001,600,419,419,0,4,415,LISTAS,,
56728,13_120_002,541,384,384,0,2,382,LISTAS,,
56730,13_121_001,820,448,448,0,5,443,LISTAS,,
56732,13_121_002,682,443,443,0,8,435,LISTAS,,
56734,13_122_001,530,360,360,0,9,351,LISTAS,,
56736,13_123_001,279,212,212,0,1,211,LISTAS,,
56738,13_124_001,599,422,422,0,3,419,LISTAS,,
56740,13_125_001,994,612,612,0,11,601,LISTAS,,
56742,13_126_001,588,392,398,0,42,356,LISTAS,,
56744,13_126_002,698,509,509,0,2,507,LISTAS,,
56746,13_127_001,1061,664,664,0,7,657,LISTAS,,
56748,13_128_001,343,162,162,0,5,157,LISTAS,,
56750,13_129_001,487,324,324,0,4,320,LISTAS,,
56752,13_130_001,481,326,326,0,4,322,LISTAS,,
56754,13_131_001,980,627,627,0,1,626,LISTAS,,
56756,13_131_002,813,576,576,0,3,573,LISTAS,,
56758,14_001_001,734,365,365,0,4,361,LISTAS,,
56760,14_001_002,746,458,458,0,7,451,LISTAS,,
56762,14_001_003,732,459,458,0,12,446,LISTAS,,
56764,14_001_004,726,468,468,0,3,465,LISTAS,,
57168,14_001_005,712,442,442,0,8,434,LISTAS,,
57170,14_001_006,694,458,458,0,5,453,LISTAS,,
57172,14_001_007,697,419,419,0,2,417,LISTAS,,
57174,14_001_008,745,473,472,0,2,470,LISTAS,,
57176,14_001_009,723,439,439,0,3,436,LISTAS,,
57178,14_001_010,763,476,476,0,4,472,LISTAS,,
57180,14_001_011,736,489,489,0,5,484,LISTAS,,
57182,14_001_012,687,436,436,0,1,435,LISTAS,,
57184,14_001_013,721,470,470,0,2,468,LISTAS,,
57186,14_001_014,682,447,447,0,7,440,LISTAS,,
57188,14_001_015,688,453,452,0,2,450,LISTAS,,
57190,14_001_016,622,440,440,0,1,439,LISTAS,,
57192,14_002_001,1098,686,686,0,10,676,LISTAS,,
57194,14_003_001,560,431,431,0,5,426,LISTAS,,
57196,14_003_002,593,456,455,0,4,451,LISTAS,,
57198,14_003_003,653,396,395,0,2,393,LISTAS,,
57200,14_003_004,554,377,377,0,4,373,LISTAS,,
57202,14_003_005,630,426,426,0,0,426,LISTAS,,
57204,14_003_006,663,417,417,0,4,413,LISTAS,,
57206,14_003_007,681,438,436,0,1,435,LISTAS,,
57208,14_003_008,681,442,442,0,2,440,LISTAS,,
57210,14_003_009,642,441,441,0,0,441,LISTAS,,
57212,14_003_010,618,371,370,0,5,365,LISTAS,,
57214,14_003_011,622,430,429,0,5,424,LISTAS,,
57216,14_003_012,599,381,381,0,1,380,LISTAS,,
57218,14_003_013,572,383,383,0,5,378,LISTAS,,
57220,14_003_014,615,410,410,0,1,409,LISTAS,,
57222,14_003_015,618,369,369,0,0,369,LISTAS,,
57224,14_003_016,635,391,391,0,2,389,LISTAS,,
57226,14_004_001,737,527,527,0,8,519,LISTAS,,
57228,14_004_002,719,503,503,0,3,500,LISTAS,,
57230,14_004_003,773,518,518,0,3,515,LISTAS,,
57232,14_004_004,701,529,529,0,6,523,LISTAS,,
57234,14_004_005,996,722,722,0,8,714,LISTAS,,
57236,14_005_001,944,546,545,0,9,536,LISTAS,,
57238,14_006_001,837,577,568,0,2,566,LISTAS,,
57240,14_006_002,780,583,582,0,3,579,LISTAS,,
57242,14_006_003,792,582,582,0,7,575,LISTAS,,
57244,14_006_004,979,744,743,0,6,737,LISTAS,,
57246,14_006_005,538,411,411,0,2,409,LISTAS,,
57248,14_006_006,842,540,540,0,5,535,LISTAS,,
57250,14_007_001,956,640,640,0,5,635,LISTAS,,
57252,14_008_001,740,566,566,0,7,559,LISTAS,,
57254,14_008_002,772,527,527,0,4,523,LISTAS,,
57256,14_008_003,793,545,545,0,6,539,LISTAS,,
57258,14_008_004,687,493,493,0,5,488,LISTAS,,
57260,14_009_001,668,446,446,0,3,443,LISTAS,,
57262,14_010_001,977,717,715,0,7,708,LISTAS,,
57264,14_011_001,1320,1017,994,0,5,989,LISTAS,,
57266,14_011_002,1067,760,784,0,196,588,LISTAS,,
57268,14_011_003,1180,935,933,0,7,926,LISTAS,,
57270,14_011_004,1346,1169,1169,0,4,1165,LISTAS,,
57272,14_011_005,1054,827,826,0,5,821,LISTAS,,
57274,14_011_006,1100,850,850,0,11,839,LISTAS,,
57276,14_011_007,1392,974,974,0,10,964,LISTAS,,
57278,14_011_008,1224,1001,1001,0,8,993,LISTAS,,
57280,14_012_001,706,591,591,0,5,586,LISTAS,,
57282,14_012_002,727,585,585,0,6,579,LISTAS,,
57284,14_013_001,1057,838,836,0,2,834,LISTAS,,
57286,14_013_002,973,719,719,0,4,715,LISTAS,,
57288,14_013_003,1176,941,939,0,5,934,LISTAS,,
57290,14_013_004,986,702,703,0,23,680,LISTAS,,
57292,14_013_005,1078,835,835,0,2,833,LISTAS,,
57294,14_013_006,1034,883,883,0,4,879,LISTAS,,
57296,14_013_007,1054,881,873,0,1,872,LISTAS,,
57298,14_013_008,998,789,789,0,4,785,LISTAS,,
57300,14_014_001,687,586,586,0,1,585,LISTAS,,
57302,14_014_002,3657,3241,3241,0,17,3224,LISTAS,,
57304,14_014_003,704,521,525,0,37,488,LISTAS,,
57306,14_014_004,616,472,472,0,6,466,LISTAS,,
57712,14_014_005,925,736,735,0,7,728,LISTAS,,
57714,14_014_006,762,629,629,0,0,629,LISTAS,,
57716,14_014_007,621,538,538,0,1,537,LISTAS,,
57718,14_014_008,675,593,592,0,3,589,LISTAS,,
57720,14_014_009,660,515,515,0,6,509,LISTAS,,
57722,14_014_010,617,487,487,0,1,486,LISTAS,,
57724,14_014_011,606,482,482,0,17,465,LISTAS,,
57726,14_014_012,687,592,592,0,2,590,LISTAS,,
57728,14_014_013,728,591,591,0,3,588,LISTAS,,
57730,14_014_014,659,517,517,0,2,515,LISTAS,,
57732,14_014_015,775,614,614,0,5,609,LISTAS,,
57734,14_014_016,645,474,474,0,0,474,LISTAS,,
57736,14_015_001,1143,944,938,0,6,932,LISTAS,,
57738,14_015_002,1214,871,859,0,10,849,LISTAS,,
57740,14_015_003,1116,848,848,0,9,839,LISTAS,,
57742,14_015_004,1047,851,849,0,4,845,LISTAS,,
57744,14_015_005,1122,881,881,0,11,870,LISTAS,,
57746,14_015_006,996,824,823,0,9,814,LISTAS,,
57748,14_015_007,1139,935,934,0,5,929,LISTAS,,
57750,14_015_008,1084,903,903,0,7,896,LISTAS,,
57752,14_015_009,1053,739,739,0,10,729,LISTAS,,
57754,14_015_010,1089,805,804,0,6,798,LISTAS,,
57756,14_015_011,1061,766,766,0,12,754,LISTAS,,
57758,14_015_012,1100,781,761,0,13,748,LISTAS,,
57760,14_015_013,1075,826,826,0,10,816,LISTAS,,
57762,14_015_014,1096,842,842,0,7,835,LISTAS,,
57764,14_015_015,1016,794,794,0,1,793,LISTAS,,
57766,14_015_016,1063,866,867,0,20,847,LISTAS,,
57768,14_015_017,1223,1026,1023,0,3,1020,LISTAS,,
57770,14_015_018,1244,1034,1036,0,29,1007,LISTAS,,
57772,14_015_019,890,729,729,0,8,721,LISTAS,,
57774,14_015_020,1079,907,907,0,3,904,LISTAS,,
57776,14_016_001,715,472,472,0,4,468,LISTAS,,
57778,14_016_002,747,495,495,0,5,490,LISTAS,,
57780,14_016_003,624,402,402,0,3,399,LISTAS,,
57782,14_016_004,733,496,496,0,3,493,LISTAS,,
57784,14_016_005,868,583,581,0,1,580,LISTAS,,
57786,14_016_006,206,124,124,0,0,124,LISTAS,,
57788,14_016_007,201,107,107,0,1,106,LISTAS,,
57790,14_017_001,761,603,603,0,2,601,LISTAS,,
57792,14_017_002,782,522,525,0,30,495,LISTAS,,
57794,14_017_003,1048,809,809,0,5,804,LISTAS,,
57796,14_017_004,737,558,558,0,2,556,LISTAS,,
57798,14_017_005,1091,772,771,0,4,767,LISTAS,,
57800,14_017_006,743,568,568,0,7,561,LISTAS,,
57802,14_017_007,2377,2046,2045,-1,18,2027,LISTAS,,
57804,14_017_008,618,483,483,0,7,476,LISTAS,,
57806,14_017_009,909,687,681,0,4,677,LISTAS,,
57808,14_017_010,921,699,699,0,6,693,LISTAS,,
57810,14_017_011,639,493,493,0,0,493,LISTAS,,
57812,14_017_012,631,484,484,0,9,475,LISTAS,,
57814,14_017_013,1222,841,838,0,7,831,LISTAS,,
57816,14_017_014,1000,675,674,0,6,668,LISTAS,,
57818,14_017_015,846,648,646,0,4,642,LISTAS,,
57820,14_017_016,817,609,609,0,2,607,LISTAS,,
57822,14_017_017,878,612,612,0,5,607,LISTAS,,
57824,14_017_018,716,337,337,0,9,328,LISTAS,,
57826,14_017_019,209,85,85,0,2,83,LISTAS,,
57828,14_017_020,1171,648,648,0,4,644,LISTAS,,
57830,14_017_021,945,560,560,0,7,553,LISTAS,,
57832,14_017_022,1053,694,694,0,8,686,LISTAS,,
57834,14_017_023,1116,798,797,0,12,785,LISTAS,,
57836,14_017_024,844,564,564,0,3,561,LISTAS,,
57838,14_017_025,882,562,562,0,4,558,LISTAS,,
57840,14_017_026,1094,495,493,0,3,490,LISTAS,,
57842,14_017_027,1046,645,645,0,7,638,LISTAS,,
58266,14_017_028,806,569,568,0,6,562,LISTAS,,
58268,14_017_029,647,391,391,0,8,383,LISTAS,,
58270,14_017_030,672,484,484,0,3,481,LISTAS,,
58272,14_017_031,911,702,700,0,3,697,LISTAS,,
58274,14_017_032,1333,787,786,0,6,780,LISTAS,,
58276,14_017_033,1040,682,674,0,2,672,LISTAS,,
58278,14_018_001,788,538,538,0,2,536,LISTAS,,
58280,14_018_002,741,503,503,0,11,492,LISTAS,,
58282,14_018_003,721,459,459,0,8,451,LISTAS,,
58284,14_018_004,670,441,440,0,5,435,LISTAS,,
58286,14_018_005,616,414,414,0,3,411,LISTAS,,
58288,14_019_001,1192,775,773,0,5,768,LISTAS,,
58290,14_019_002,865,458,458,0,5,453,LISTAS,,
58292,14_019_003,1254,672,669,0,21,648,LISTAS,,
58294,14_020_001,852,531,531,0,8,523,LISTAS,,
58296,14_020_002,757,461,459,0,4,455,LISTAS,,
58298,14_021_001,908,506,505,0,5,500,LISTAS,,
58300,14_021_002,849,640,640,0,9,631,LISTAS,,
58302,14_021_003,845,661,661,0,2,659,LISTAS,,
58304,14_022_001,1224,907,907,0,13,894,LISTAS,,
58306,14_023_001,1138,885,885,0,2,883,LISTAS,,
58308,14_023_002,941,734,734,0,2,732,LISTAS,,
58310,14_023_003,976,766,765,0,6,759,LISTAS,,
58312,14_023_004,970,715,715,0,10,705,LISTAS,,
58314,14_023_005,920,688,688,0,3,685,LISTAS,,
58316,14_023_006,1080,840,840,0,4,836,LISTAS,,
58318,14_023_007,1103,878,877,0,4,873,LISTAS,,
58320,14_024_001,508,375,374,0,10,364,LISTAS,,
58322,14_025_001,841,543,543,0,3,540,LISTAS,,
58324,14_025_002,784,574,574,0,3,571,LISTAS,,
58326,14_025_003,955,729,729,0,5,724,LISTAS,,
58328,14_025_004,859,611,611,0,4,607,LISTAS,,
58330,14_025_005,789,563,563,0,0,563,LISTAS,,
58332,14_025_006,834,641,641,0,7,634,LISTAS,,
58334,14_025_007,853,543,543,0,3,540,LISTAS,,
58336,14_025_008,2729,2348,2342,-6,2,2340,LISTAS,,
58338,14_025_009,801,605,605,0,5,600,LISTAS,,
58340,14_025_010,806,545,545,0,3,542,LISTAS,,
58342,14_025_011,811,570,570,0,2,568,LISTAS,,
58344,14_025_012,861,617,617,0,3,614,LISTAS,,
58346,14_025_013,869,597,595,0,4,591,LISTAS,,
58348,14_025_014,746,447,447,0,6,441,LISTAS,,
58350,14_025_015,1100,724,724,0,1,723,LISTAS,,
58352,14_025_016,625,423,423,0,6,417,LISTAS,,
58354,14_026_001,780,476,476,0,5,471,LISTAS,,
58356,14_026_002,1114,713,713,0,5,708,LISTAS,,
58358,14_026_003,316,203,203,0,0,203,LISTAS,,
58360,14_027_001,775,544,544,0,4,540,LISTAS,,
58362,14_027_002,808,589,586,0,3,583,LISTAS,,
58364,14_027_003,862,596,596,0,7,589,LISTAS,,
58366,14_027_004,1001,674,674,0,15,659,LISTAS,,
58368,14_028_001,1090,680,680,0,1,679,LISTAS,,
58370,14_028_002,1139,783,782,0,3,779,LISTAS,,
58372,14_028_003,1096,700,697,0,2,695,LISTAS,,
58374,14_029_001,781,627,627,0,4,623,LISTAS,,
58376,14_029_002,979,754,754,0,3,751,LISTAS,,
58378,14_029_003,673,562,574,0,100,474,LISTAS,,
58380,14_029_004,904,705,702,0,6,696,LISTAS,,
58382,14_029_005,910,742,737,0,2,735,LISTAS,,
58384,14_029_006,970,792,793,0,15,778,LISTAS,,
58386,14_029_007,906,778,778,0,15,763,LISTAS,,
58388,14_029_008,1206,1030,1030,0,3,1027,LISTAS,,
58390,14_030_001,538,328,330,0,26,304,LISTAS,,
58392,14_030_002,745,585,585,0,6,579,LISTAS,,
58394,14_030_003,342,258,258,0,0,258,LISTAS,,
58396,14_031_001,900,555,555,0,2,553,LISTAS,,
58398,14_031_002,953,632,632,0,2,630,LISTAS,,
58400,14_031_003,969,536,535,0,7,528,LISTAS,,
58804,14_031_004,916,633,633,0,5,628,LISTAS,,
58806,14_031_005,915,550,550,0,6,544,LISTAS,,
58808,14_032_001,770,599,598,0,9,589,LISTAS,,
58810,14_032_002,899,664,663,0,10,653,LISTAS,,
58812,14_032_003,825,620,618,0,7,611,LISTAS,,
58814,14_033_001,1311,886,887,0,6,881,LISTAS,,
58816,14_033_002,988,707,707,0,1,706,LISTAS,,
58818,14_033_003,976,698,698,0,5,693,LISTAS,,
58820,14_033_004,920,683,682,0,8,674,LISTAS,,
58822,14_033_005,956,682,680,0,7,673,LISTAS,,
58824,14_033_006,994,761,760,0,3,757,LISTAS,,
58826,14_033_007,866,651,648,0,6,642,LISTAS,,
58828,14_033_008,1355,1042,1042,0,3,1039,LISTAS,,
58830,14_033_009,963,735,733,0,5,728,LISTAS,,
58832,14_033_010,1038,761,761,0,5,756,LISTAS,,
58834,14_033_011,950,619,619,0,4,615,LISTAS,,
58836,14_033_012,1204,902,902,0,5,897,LISTAS,,
58838,14_033_013,1109,805,804,0,3,801,LISTAS,,
58840,14_033_014,1112,766,766,0,4,762,LISTAS,,
58842,14_033_015,1035,751,751,0,4,747,LISTAS,,
58844,14_033_016,941,710,709,0,1,708,LISTAS,,
58846,14_034_001,1281,1015,1015,0,2,1013,LISTAS,,
58848,14_034_002,1101,903,902,0,4,898,LISTAS,,
58850,14_034_003,1050,788,788,0,4,784,LISTAS,,
58852,14_034_004,1070,820,820,0,5,815,LISTAS,,
58854,14_034_005,1096,798,798,0,5,793,LISTAS,,
58856,14_034_006,1215,869,867,0,2,865,LISTAS,,
58858,14_034_007,1007,751,750,0,8,742,LISTAS,,
58860,14_034_008,1085,863,863,0,6,857,LISTAS,,
58862,14_034_009,1190,880,880,0,1,879,LISTAS,,
58864,14_034_010,3646,3085,3088,3,62,3026,LISTAS,,
58866,14_034_011,874,629,629,0,5,624,LISTAS,,
58868,14_034_012,901,682,682,0,5,677,LISTAS,,
58870,14_034_013,1114,919,919,0,0,919,LISTAS,,
58872,14_034_014,882,718,718,0,5,713,LISTAS,,
58874,14_034_015,869,720,727,0,64,663,LISTAS,,
58876,14_034_016,1133,900,902,0,14,888,LISTAS,,
58878,14_034_017,985,781,781,0,8,773,LISTAS,,
58880,14_034_018,923,698,698,0,2,696,LISTAS,,
58882,14_034_019,1238,951,951,0,10,941,LISTAS,,
58884,14_034_020,957,790,790,0,3,787,LISTAS,,
58886,14_034_021,910,737,737,0,1,736,LISTAS,,
58888,14_034_022,909,642,642,0,5,637,LISTAS,,
58890,14_034_023,1208,921,921,0,0,921,LISTAS,,
58892,14_034_024,1066,808,808,0,1,807,LISTAS,,
58894,14_034_025,1393,1134,1135,0,4,1131,LISTAS,,
58896,14_034_026,1305,1003,1003,0,6,997,LISTAS,,
58898,14_034_027,1387,1072,1072,0,8,1064,LISTAS,,
58900,14_034_028,1156,820,820,0,4,816,LISTAS,,
58902,14_034_029,1169,868,868,0,4,864,LISTAS,,
58904,14_034_030,894,696,696,0,5,691,LISTAS,,
58906,14_035_001,955,677,677,0,6,671,LISTAS,,
58908,14_035_002,975,673,669,0,5,664,LISTAS,,
58910,14_035_003,1104,723,723,0,4,719,LISTAS,,
58912,14_035_004,1107,725,725,0,3,722,LISTAS,,
58914,14_035_005,1040,784,784,0,17,767,LISTAS,,
58916,14_035_006,1045,725,725,0,8,717,LISTAS,,
58918,14_036_001,969,710,710,0,6,704,LISTAS,,
58920,14_036_002,634,465,465,0,4,461,LISTAS,,
58922,14_036_003,811,606,606,0,9,597,LISTAS,,
58924,14_036_004,642,521,520,0,2,518,LISTAS,,
58926,14_037_001,1027,679,679,0,7,672,LISTAS,,
58928,14_037_002,1075,725,725,0,6,719,LISTAS,,
58930,14_037_003,1054,692,692,0,8,684,LISTAS,,
58932,14_037_004,917,617,617,0,2,615,LISTAS,,
58934,14_037_005,1149,719,719,0,6,713,LISTAS,,
59340,14_037_006,1086,696,696,0,3,693,LISTAS,,
59342,14_038_001,1137,689,689,0,5,684,LISTAS,,
59344,14_038_002,1076,763,761,0,7,754,LISTAS,,
59346,14_038_003,938,742,741,0,5,736,LISTAS,,
59348,14_038_004,973,713,713,0,3,710,LISTAS,,
59350,14_038_005,964,532,530,0,4,526,LISTAS,,
59352,14_038_006,1171,895,894,0,5,889,LISTAS,,
59354,14_038_007,1223,903,902,0,12,890,LISTAS,,
59356,14_038_008,1142,776,776,0,4,772,LISTAS,,
59358,14_038_009,931,582,582,0,1,581,LISTAS,,
59360,14_038_010,1161,735,734,0,6,728,LISTAS,,
59362,14_038_011,916,678,678,0,3,675,LISTAS,,
59364,14_038_012,1217,924,924,0,9,915,LISTAS,,
59366,14_038_013,1031,764,764,0,5,759,LISTAS,,
59368,14_038_014,938,743,744,0,17,727,LISTAS,,
59370,14_038_015,1169,936,936,0,4,932,LISTAS,,
59372,14_038_016,1100,861,861,0,1,860,LISTAS,,
59374,14_038_017,3278,2778,2775,-3,18,2757,LISTAS,,
59376,14_038_018,981,775,774,0,5,769,LISTAS,,
59378,14_038_019,1101,813,815,0,31,784,LISTAS,,
59380,14_038_020,1277,924,922,0,7,915,LISTAS,,
59382,14_038_021,983,668,664,0,5,659,LISTAS,,
59384,14_038_022,992,717,717,0,2,715,LISTAS,,
59386,14_038_023,1033,812,812,0,4,808,LISTAS,,
59388,14_038_024,1043,847,845,0,4,841,LISTAS,,
59390,14_038_025,1123,803,803,0,5,798,LISTAS,,
59392,14_038_026,1108,818,817,0,5,812,LISTAS,,
59394,14_038_027,1176,891,890,0,4,886,LISTAS,,
59396,14_038_028,1085,807,806,0,7,799,LISTAS,,
59398,14_038_029,1128,937,937,0,7,930,LISTAS,,
59400,14_038_030,954,715,715,0,6,709,LISTAS,,
59402,14_038_031,1032,775,773,0,4,769,LISTAS,,
59404,14_038_032,1110,838,838,0,3,835,LISTAS,,
59406,14_038_033,1229,888,886,0,3,883,LISTAS,,
59408,14_038_034,1013,660,660,0,5,655,LISTAS,,
59410,14_038_035,1081,820,820,0,3,817,LISTAS,,
59412,14_038_036,1110,837,837,0,3,834,LISTAS,,
59414,14_038_037,1075,832,832,0,4,828,LISTAS,,
59416,14_038_038,1111,858,858,0,5,853,LISTAS,,
59418,14_038_039,1086,803,803,0,3,800,LISTAS,,
59420,14_038_040,1092,826,826,0,2,824,LISTAS,,
59422,14_038_041,1001,762,762,0,7,755,LISTAS,,
59424,14_038_042,1073,846,844,0,2,842,LISTAS,,
59426,14_038_043,1180,887,880,0,3,877,LISTAS,,
59428,14_038_044,998,729,728,0,7,721,LISTAS,,
59430,14_038_045,1166,892,880,0,5,875,LISTAS,,
59432,14_038_046,1148,927,917,0,4,913,LISTAS,,
59434,14_038_047,1140,881,879,0,2,877,LISTAS,,
59436,14_038_048,1182,856,856,0,1,855,LISTAS,,
59438,14_039_001,1136,744,744,0,9,735,LISTAS,,
59440,14_039_002,845,507,506,0,4,502,LISTAS,,
59442,14_039_003,832,456,456,0,9,447,LISTAS,,
59444,14_040_001,867,591,601,0,93,508,LISTAS,,
59446,14_040_002,908,638,638,0,3,635,LISTAS,,
59448,14_040_003,1022,701,701,0,11,690,LISTAS,,
59450,14_041_001,950,724,724,0,6,718,LISTAS,,
59452,14_041_002,862,660,659,0,8,651,LISTAS,,
59454,14_041_003,947,692,692,0,4,688,LISTAS,,
59456,14_041_004,912,706,706,0,5,701,LISTAS,,
59458,14_041_005,1032,741,742,0,19,723,LISTAS,,
59460,14_041_006,951,698,698,0,6,692,LISTAS,,
59462,14_041_007,990,744,744,0,8,736,LISTAS,,
59464,14_041_008,833,633,634,0,24,610,LISTAS,,
59466,14_041_009,1150,772,771,0,0,771,LISTAS,,
51383,14_041_010,1038,781,771,0,7,764,LISTAS,,
51381,14_041_011,856,647,647,0,3,644,LISTAS,,
51386,14_041_012,903,567,566,0,2,564,LISTAS,,
51388,14_041_013,1087,865,865,0,2,863,LISTAS,,
51390,14_041_014,960,738,738,0,4,734,LISTAS,,
51392,14_041_015,854,639,639,0,8,631,LISTAS,,
51394,14_041_016,1027,771,770,0,4,766,LISTAS,,
51396,14_042_001,780,521,521,0,2,519,LISTAS,,
51398,14_043_001,683,545,545,0,4,541,LISTAS,,
51400,14_043_002,673,470,470,0,5,465,LISTAS,,
51402,14_043_003,712,451,450,0,7,443,LISTAS,,
51404,14_044_001,906,594,594,0,4,590,LISTAS,,
51406,14_044_002,595,419,419,0,8,411,LISTAS,,
51408,14_045_001,1182,723,723,0,4,719,LISTAS,,
51410,14_045_002,1061,655,655,0,8,647,LISTAS,,
51412,14_045_003,94,54,54,0,0,54,LISTAS,,
51414,14_046_001,768,631,631,0,7,624,LISTAS,,
51416,14_046_002,837,670,670,0,9,661,LISTAS,,
51418,14_046_003,849,693,693,0,5,688,LISTAS,,
51420,14_046_004,982,777,779,0,28,751,LISTAS,,
51422,14_046_005,865,697,697,0,1,696,LISTAS,,
51424,14_046_006,916,750,750,0,5,745,LISTAS,,
51426,14_046_007,890,685,685,0,8,677,LISTAS,,
51428,14_046_008,1013,793,793,0,3,790,LISTAS,,
51430,14_046_009,274,194,194,0,3,191,LISTAS,,
51432,14_046_010,735,551,551,0,8,543,LISTAS,,
51434,14_046_011,865,697,697,0,0,697,LISTAS,,
51436,14_046_012,818,674,674,0,1,673,LISTAS,,
51438,14_046_013,816,591,591,0,3,588,LISTAS,,
51440,14_046_014,1164,901,901,0,6,895,LISTAS,,
51442,14_046_015,1141,885,885,0,5,880,LISTAS,,
51444,14_046_016,1099,829,829,0,9,820,LISTAS,,
51446,14_046_017,1248,1000,1000,0,4,996,LISTAS,,
51448,14_047_001,805,657,657,0,4,653,LISTAS,,
51450,14_047_002,802,545,545,0,3,542,LISTAS,,
51452,14_047_003,1254,915,915,0,11,904,LISTAS,,
51454,14_047_004,809,614,614,0,3,611,LISTAS,,
51456,14_047_005,891,688,688,0,6,682,LISTAS,,
51458,14_047_006,1082,836,836,0,8,828,LISTAS,,
51460,14_047_007,902,669,669,0,8,661,LISTAS,,
51462,14_047_008,846,672,670,0,2,668,LISTAS,,
51464,14_047_009,929,738,738,0,0,738,LISTAS,,
51466,14_047_010,285,158,158,0,4,154,LISTAS,,
51468,14_047_011,1097,877,877,0,5,872,LISTAS,,
51470,14_047_012,1045,853,852,0,7,845,LISTAS,,
51472,14_047_013,870,671,670,0,7,663,LISTAS,,
51474,14_047_014,851,639,638,0,7,631,LISTAS,,
51476,14_047_015,861,629,628,0,8,620,LISTAS,,
51478,14_047_016,939,734,733,0,2,731,LISTAS,,
51480,14_047_017,831,611,611,0,5,606,LISTAS,,
51482,14_047_018,778,566,566,0,8,558,LISTAS,,
51484,14_047_019,797,565,565,0,7,558,LISTAS,,
51486,14_047_020,795,626,626,0,4,622,LISTAS,,
51488,14_047_021,1040,792,792,0,5,787,LISTAS,,
51490,14_047_022,618,482,482,0,1,481,LISTAS,,
51492,14_047_023,2883,2558,2552,-6,9,2543,LISTAS,,
51494,14_047_024,1105,935,935,0,4,931,LISTAS,,
51496,14_047_025,798,648,645,0,1,644,LISTAS,,
51498,14_047_026,818,687,687,0,6,681,LISTAS,,
51500,14_047_027,882,620,620,0,3,617,LISTAS,,
51502,14_047_028,1051,852,852,0,0,852,LISTAS,,
51504,14_048_001,1081,781,781,0,11,770,LISTAS,,
51506,14_048_002,1134,841,840,0,17,823,LISTAS,,
51508,14_048_003,1185,788,788,0,8,780,LISTAS,,
51510,14_048_004,1227,866,865,0,4,861,LISTAS,,
51924,14_048_005,1141,769,769,0,8,761,LISTAS,,
51926,14_048_006,1109,690,690,0,9,681,LISTAS,,
51928,14_048_007,1074,717,717,0,10,707,LISTAS,,
51930,14_048_008,936,624,624,0,5,619,LISTAS,,
51932,14_048_009,1288,793,790,0,7,783,LISTAS,,
51934,14_048_010,1101,729,729,0,9,720,LISTAS,,
51936,14_048_011,824,502,509,0,67,442,LISTAS,,
51938,14_048_012,925,597,597,0,5,592,LISTAS,,
51940,14_048_013,857,503,503,0,8,495,LISTAS,,
51942,14_048_014,945,654,654,0,2,652,LISTAS,,
51944,14_048_015,996,620,618,0,10,608,LISTAS,,
51946,14_048_016,789,492,491,0,11,480,LISTAS,,
51948,14_048_017,1213,823,823,0,8,815,LISTAS,,
51950,14_048_018,952,688,688,0,3,685,LISTAS,,
51952,14_049_001,997,706,706,0,0,706,LISTAS,,
51954,14_049_002,934,641,641,0,7,634,LISTAS,,
51956,14_049_003,784,570,569,0,5,564,LISTAS,,
51958,14_049_004,876,603,602,0,4,598,LISTAS,,
51960,14_049_005,817,628,627,0,8,619,LISTAS,,
51962,14_049_006,686,489,487,0,4,483,LISTAS,,
51964,14_049_007,859,615,615,0,6,609,LISTAS,,
51966,14_049_008,992,707,707,0,5,702,LISTAS,,
51968,14_049_009,828,474,474,0,11,463,LISTAS,,
51970,14_049_010,848,607,607,0,6,601,LISTAS,,
51972,14_049_011,754,539,539,0,7,532,LISTAS,,
51974,14_049_012,846,622,621,0,4,617,LISTAS,,
51976,14_049_013,759,557,557,0,10,547,LISTAS,,
51978,14_049_014,796,536,536,0,5,531,LISTAS,,
51980,14_049_015,836,621,620,0,11,609,LISTAS,,
51982,14_049_016,1185,903,902,0,7,895,LISTAS,,
51984,14_050_001,1185,873,872,0,7,865,LISTAS,,
51986,14_050_002,860,652,652,0,0,652,LISTAS,,
51988,14_050_003,997,716,716,0,7,709,LISTAS,,
51990,14_050_004,971,690,690,0,3,687,LISTAS,,
51992,14_050_005,917,709,709,0,5,704,LISTAS,,
51994,14_050_006,1075,838,838,0,1,837,LISTAS,,
51996,14_050_007,1092,797,800,0,36,764,LISTAS,,
51998,14_050_008,1088,837,836,0,6,830,LISTAS,,
52000,14_051_001,872,696,694,0,6,688,LISTAS,,
52002,14_051_002,899,726,726,0,3,723,LISTAS,,
52004,14_052_001,929,574,574,0,0,574,LISTAS,,
52006,14_052_002,1191,701,701,0,4,697,LISTAS,,
52008,14_052_003,1067,675,675,0,10,665,LISTAS,,
52010,14_053_001,950,708,708,0,8,700,LISTAS,,
52012,14_053_002,777,592,592,0,3,589,LISTAS,,
52014,14_053_003,779,601,600,0,0,600,LISTAS,,
52016,14_054_001,901,669,669,0,7,662,LISTAS,,
52018,14_054_002,749,544,544,0,10,534,LISTAS,,
52020,14_055_001,1044,707,706,0,13,693,LISTAS,,
52022,14_055_002,817,569,569,0,2,567,LISTAS,,
52024,14_055_003,911,612,603,0,3,600,LISTAS,,
52026,14_055_004,852,609,609,0,3,606,LISTAS,,
52028,14_056_001,293,214,214,0,1,213,LISTAS,,
52030,14_057_001,226,156,156,0,3,153,LISTAS,,
52032,14_058_001,1240,849,852,0,43,809,LISTAS,,
52034,14_058_002,1160,757,756,0,12,744,LISTAS,,
52036,14_058_003,1136,743,743,0,2,741,LISTAS,,
52038,14_058_004,1319,865,861,0,4,857,LISTAS,,
52040,14_058_005,1031,753,742,0,10,732,LISTAS,,
52042,14_058_006,1043,779,771,0,7,764,LISTAS,,
52044,14_058_007,1034,659,661,0,27,634,LISTAS,,
52046,14_058_008,1016,675,675,0,9,666,LISTAS,,
52048,14_059_001,771,424,424,0,9,415,LISTAS,,
52464,14_059_002,657,397,397,0,9,388,LISTAS,,
52466,14_059_003,639,439,439,0,15,424,LISTAS,,
52468,14_060_001,784,551,549,0,3,546,LISTAS,,
52470,14_060_002,602,408,408,0,3,405,LISTAS,,
52472,14_060_003,866,608,608,0,11,597,LISTAS,,
52474,14_061_001,816,552,552,0,3,549,LISTAS,,
52476,14_061_002,811,534,534,0,5,529,LISTAS,,
52478,14_061_003,820,569,569,0,4,565,LISTAS,,
52480,14_061_004,766,522,522,0,5,517,LISTAS,,
52482,14_061_005,739,533,533,0,8,525,LISTAS,,
52484,14_061_006,760,484,483,0,3,480,LISTAS,,
52486,14_062_001,524,344,344,0,1,343,LISTAS,,
52488,14_063_001,792,583,582,0,2,580,LISTAS,,
52490,14_064_001,1060,737,737,0,16,721,LISTAS,,
52492,14_064_002,995,738,735,0,5,730,LISTAS,,
52494,14_064_003,1018,776,775,0,11,764,LISTAS,,
52496,14_064_004,1178,750,739,0,14,725,LISTAS,,
52498,14_064_005,916,694,694,0,6,688,LISTAS,,
52500,14_064_006,1009,813,814,0,6,808,LISTAS,,
52502,14_064_007,940,736,736,0,0,736,LISTAS,,
52504,14_064_008,983,734,733,0,9,724,LISTAS,,
52506,14_065_001,708,390,390,0,3,387,LISTAS,,
52508,14_065_002,1247,824,823,0,5,818,LISTAS,,
52510,14_065_003,1109,766,766,0,4,762,LISTAS,,
52512,14_065_004,1041,698,697,0,8,689,LISTAS,,
52514,14_065_005,1075,640,640,0,7,633,LISTAS,,
52516,14_065_006,1064,720,720,0,10,710,LISTAS,,
52518,14_065_007,830,553,552,0,2,550,LISTAS,,
52520,14_066_001,907,713,714,0,17,697,LISTAS,,
52522,14_066_002,866,700,700,0,6,694,LISTAS,,
52524,14_067_001,576,395,395,0,4,391,LISTAS,,
52526,14_068_001,751,587,586,0,5,581,LISTAS,,
52528,14_069_001,1287,1003,1003,0,5,998,LISTAS,,
52530,14_069_002,1174,869,869,0,4,865,LISTAS,,
52532,14_069_003,1251,961,963,0,32,931,LISTAS,,
52534,14_069_004,1245,905,905,0,10,895,LISTAS,,
52536,14_069_005,1295,1049,1046,0,5,1041,LISTAS,,
52538,14_069_006,1160,891,891,0,8,883,LISTAS,,
52540,14_069_007,1104,836,836,0,3,833,LISTAS,,
52542,14_069_008,1304,1004,1004,0,0,1004,LISTAS,,
52544,14_070_001,656,452,452,0,5,447,LISTAS,,
52546,14_070_002,753,483,482,0,7,475,LISTAS,,
52548,14_071_001,1129,823,805,0,2,803,LISTAS,,
52550,14_071_002,826,583,583,0,9,574,LISTAS,,
52552,14_072_001,610,396,395,0,3,392,LISTAS,,
52554,14_072_002,719,468,468,0,4,464,LISTAS,,
52556,14_072_003,1122,707,706,0,13,693,LISTAS,,
52558,14_072_004,1019,620,620,0,0,620,LISTAS,,
52560,14_073_001,568,422,393,0,17,376,LISTAS,,
52562,14_074_001,633,437,427,0,13,414,LISTAS,,
52564,14_075_001,859,659,660,0,13,647,LISTAS,,
52566,14_075_002,1027,792,792,0,3,789,LISTAS,,
52568,14_075_003,916,737,737,0,4,733,LISTAS,,
52570,14_076_001,892,669,669,0,3,666,LISTAS,,
52572,14_077_001,256,182,182,0,2,180,LISTAS,,
52574,14_078_001,1133,847,845,0,7,838,LISTAS,,
52576,14_078_002,1249,931,931,0,10,921,LISTAS,,
52578,14_078_003,1351,953,951,0,9,942,LISTAS,,
52580,14_078_004,1152,837,836,0,2,834,LISTAS,,
52582,14_078_005,1194,819,819,0,5,814,LISTAS,,
52584,14_078_006,1110,763,763,0,10,753,LISTAS,,
52586,14_078_007,1153,835,835,0,16,819,LISTAS,,
52588,14_078_008,1343,1042,1040,0,0,1040,LISTAS,,
52590,14_079_001,1291,931,932,0,22,910,LISTAS,,
52592,14_080_001,997,623,622,0,3,619,LISTAS,,
52594,14_081_001,654,466,473,0,46,427,LISTAS,,
52596,14_082_001,772,491,491,0,2,489,LISTAS,,
53004,14_082_002,717,511,511,0,5,506,LISTAS,,
53006,14_082_003,825,536,536,0,5,531,LISTAS,,
53008,14_082_004,969,679,679,0,6,673,LISTAS,,
53010,14_083_001,575,335,335,0,4,331,LISTAS,,
53012,14_084_001,1041,839,835,0,3,832,LISTAS,,
53014,14_084_002,1053,738,737,0,3,734,LISTAS,,
53016,14_084_003,1075,854,851,0,5,846,LISTAS,,
53018,14_084_004,1032,772,771,0,3,768,LISTAS,,
53020,14_084_005,1001,712,712,0,2,710,LISTAS,,
53022,14_085_001,2551,2144,2140,-4,9,2131,LISTAS,,
53024,14_085_002,889,436,436,0,1,435,LISTAS,,
53026,14_085_003,880,620,620,0,0,620,LISTAS,,
53028,14_085_004,996,624,623,0,2,621,LISTAS,,
53030,14_085_005,850,617,617,0,2,615,LISTAS,,
53032,14_085_006,864,607,606,0,2,604,LISTAS,,
53034,14_085_007,974,639,639,0,4,635,LISTAS,,
53036,14_085_008,799,509,509,0,3,506,LISTAS,,
53038,14_085_009,903,653,653,0,2,651,LISTAS,,
53040,14_085_010,901,613,613,0,5,608,LISTAS,,
53042,14_085_011,928,693,693,0,4,689,LISTAS,,
53044,14_085_012,797,525,525,0,2,523,LISTAS,,
53046,14_085_013,988,756,755,0,6,749,LISTAS,,
53048,14_085_014,876,640,639,0,7,632,LISTAS,,
53050,14_085_015,856,563,563,0,4,559,LISTAS,,
53052,14_085_016,964,565,565,0,4,561,LISTAS,,
53054,14_086_001,504,326,326,0,22,304,LISTAS,,
53056,14_087_001,584,426,426,0,5,421,LISTAS,,
53058,14_087_002,846,568,567,0,6,561,LISTAS,,
53060,14_087_003,713,466,466,0,3,463,LISTAS,,
53062,14_087_004,2846,2376,2370,-6,18,2352,LISTAS,,
53064,14_087_005,1157,753,753,0,11,742,LISTAS,,
53066,14_087_006,1098,759,758,0,25,733,LISTAS,,
53068,14_087_007,652,370,370,0,4,366,LISTAS,,
53070,14_087_008,1125,628,628,0,26,602,LISTAS,,
53072,14_087_009,694,447,446,0,6,440,LISTAS,,
53074,14_087_010,641,458,457,0,6,451,LISTAS,,
53076,14_087_011,655,453,453,0,4,449,LISTAS,,
53078,14_087_012,618,408,408,0,6,402,LISTAS,,
53080,14_088_001,698,575,575,0,8,567,LISTAS,,
53082,14_088_002,827,643,642,0,6,636,LISTAS,,
53084,14_088_003,817,661,661,0,6,655,LISTAS,,
53086,14_088_004,866,714,700,0,1,699,LISTAS,,
53088,14_088_005,1183,1006,1001,0,6,995,LISTAS,,
53090,14_088_006,1156,945,943,0,6,937,LISTAS,,
53092,14_089_001,1188,712,712,0,9,703,LISTAS,,
53094,14_089_002,1114,821,819,0,14,805,LISTAS,,
53096,14_089_003,1071,739,739,0,5,734,LISTAS,,
53098,14_089_004,1043,673,672,0,3,669,LISTAS,,
53100,14_089_005,1107,703,703,0,8,695,LISTAS,,
53102,14_089_006,1092,768,767,0,8,759,LISTAS,,
53104,14_089_007,889,575,575,0,14,561,LISTAS,,
53106,14_089_008,750,514,513,0,8,505,LISTAS,,
53108,14_089_009,758,508,507,0,3,504,LISTAS,,
53110,14_089_010,777,550,549,0,7,542,LISTAS,,
53112,14_089_011,738,479,478,0,10,468,LISTAS,,
53114,14_089_012,757,548,548,0,2,546,LISTAS,,
53116,14_089_013,1064,601,600,0,8,592,LISTAS,,
53118,14_089_014,1070,628,627,0,7,620,LISTAS,,
53120,14_089_015,754,555,555,0,14,541,LISTAS,,
53122,14_089_016,802,428,428,0,13,415,LISTAS,,
53124,14_089_017,1016,616,615,0,7,608,LISTAS,,
53126,14_089_018,868,516,516,0,12,504,LISTAS,,
53128,14_089_019,827,534,535,0,17,518,LISTAS,,
53130,14_089_020,972,526,525,0,5,520,LISTAS,,
53132,14_090_001,938,635,635,0,11,624,LISTAS,,
53134,14_090_002,1003,725,725,0,7,718,LISTAS,,
53136,14_090_003,819,644,644,0,7,637,LISTAS,,
53536,14_090_004,1030,799,799,0,6,793,LISTAS,,
53538,14_091_001,769,558,558,0,4,554,LISTAS,,
53540,14_091_002,780,617,618,0,17,601,LISTAS,,
53542,14_091_003,853,678,678,0,8,670,LISTAS,,
53544,14_091_004,861,696,696,0,8,688,LISTAS,,
53546,14_092_001,1043,641,640,0,4,636,LISTAS,,
53548,14_092_002,1039,671,671,0,5,666,LISTAS,,
53550,14_092_003,936,551,551,0,2,549,LISTAS,,
53552,14_093_001,787,426,426,0,11,415,LISTAS,,
53554,14_093_002,737,456,456,0,8,448,LISTAS,,
53556,14_094_001,821,530,530,0,3,527,LISTAS,,
53558,14_094_002,940,656,656,0,1,655,LISTAS,,
53560,14_094_003,817,593,592,0,2,590,LISTAS,,
53562,14_094_004,988,657,657,0,4,653,LISTAS,,
53564,14_094_005,724,491,491,0,0,491,LISTAS,,
53566,14_094_006,962,657,657,0,2,655,LISTAS,,
53568,14_094_007,649,440,440,0,3,437,LISTAS,,
53570,14_094_008,152,97,97,0,0,97,LISTAS,,
53572,14_094_009,428,223,222,0,3,219,LISTAS,,
53574,14_094_010,933,633,633,0,5,628,LISTAS,,
53576,14_095_001,674,421,421,0,1,420,LISTAS,,
53578,14_095_002,1025,445,445,0,4,441,LISTAS,,
53580,14_095_003,904,572,572,0,1,571,LISTAS,,
53582,14_095_004,1002,597,597,0,9,588,LISTAS,,
53584,14_096_001,800,564,564,0,2,562,LISTAS,,
53586,14_096_002,905,679,679,0,1,678,LISTAS,,
53588,14_096_003,701,499,499,0,3,496,LISTAS,,
53590,14_096_004,807,599,599,0,4,595,LISTAS,,
53592,14_096_005,791,593,593,0,2,591,LISTAS,,
53594,14_096_006,769,570,570,0,2,568,LISTAS,,
53596,14_096_007,877,627,627,0,3,624,LISTAS,,
53598,14_097_001,678,396,396,0,2,394,LISTAS,,
53600,14_097_002,778,366,366,0,4,362,LISTAS,,
53602,14_098_001,947,678,678,0,9,669,LISTAS,,
53604,14_098_002,1136,887,887,0,6,881,LISTAS,,
53606,14_098_003,1247,950,948,0,5,943,LISTAS,,
53608,14_098_004,1239,828,827,0,8,819,LISTAS,,
53610,14_098_005,1086,813,813,0,6,807,LISTAS,,
53612,14_099_001,1189,867,867,0,6,861,LISTAS,,
53614,14_100_001,850,580,582,0,27,555,LISTAS,,
53616,14_100_002,759,539,539,0,9,530,LISTAS,,
53618,14_101_001,270,201,201,0,1,200,LISTAS,,
53620,14_102_001,845,654,654,0,6,648,LISTAS,,
53622,14_102_002,823,636,637,0,15,622,LISTAS,,
53624,14_102_003,1379,1004,1004,0,12,992,LISTAS,,
53626,14_102_004,1356,897,897,0,25,872,LISTAS,,
53628,14_102_005,878,676,676,0,7,669,LISTAS,,
53630,14_102_006,696,551,551,0,3,548,LISTAS,,
53632,14_102_007,1016,759,749,0,6,743,LISTAS,,
53634,14_102_008,855,659,658,0,0,658,LISTAS,,
53636,14_102_009,1075,760,760,0,6,754,LISTAS,,
53638,14_102_010,867,659,657,0,0,657,LISTAS,,
53640,14_102_011,831,615,611,0,9,602,LISTAS,,
53642,14_102_012,950,677,677,0,11,666,LISTAS,,
53644,14_102_013,835,613,611,0,5,606,LISTAS,,
53646,14_103_001,1015,698,698,0,6,692,LISTAS,,
53648,14_103_002,788,527,526,0,6,520,LISTAS,,
53650,14_104_001,1149,595,596,0,23,573,LISTAS,,
53652,14_104_002,1148,763,764,0,21,743,LISTAS,,
53654,14_104_003,1035,694,694,0,4,690,LISTAS,,
53656,14_104_004,1122,767,767,0,0,767,LISTAS,,
53658,14_104_005,1120,700,699,0,2,697,LISTAS,,
53660,14_104_006,1116,608,608,0,5,603,LISTAS,,
53662,14_104_007,1136,640,640,0,4,636,LISTAS,,
53664,14_104_008,664,372,372,0,0,372,LISTAS,,
53666,14_104_009,632,364,364,0,2,362,LISTAS,,
53668,14_105_001,1048,833,833,0,7,826,LISTAS,,
53670,14_105_002,1348,1053,1052,0,4,1048,LISTAS,,
54074,14_105_003,479,345,345,0,3,342,LISTAS,,
54076,14_106_001,865,633,633,0,32,601,LISTAS,,
54078,14_106_002,1029,572,572,0,13,559,LISTAS,,
54080,14_106_003,1145,917,917,0,16,901,LISTAS,,
54082,14_106_004,756,640,640,0,7,633,LISTAS,,
54084,14_106_005,1344,1037,1038,0,15,1023,LISTAS,,
54086,14_106_006,688,569,569,0,8,561,LISTAS,,
54088,14_107_001,1266,910,910,0,10,900,LISTAS,,
54090,14_108_001,915,718,718,0,11,707,LISTAS,,
54092,14_108_002,1149,821,821,0,8,813,LISTAS,,
54094,14_109_001,1182,934,934,0,9,925,LISTAS,,
54096,14_109_002,1184,928,926,0,8,918,LISTAS,,
54098,14_109_003,1059,811,809,0,15,794,LISTAS,,
54100,14_110_001,882,680,680,0,4,676,LISTAS,,
54102,14_110_002,804,588,588,0,5,583,LISTAS,,
54104,14_111_001,895,645,645,0,20,625,LISTAS,,
54106,14_112_001,1473,1091,1087,0,13,1074,LISTAS,,
54108,14_112_002,1414,965,965,0,5,960,LISTAS,,
54110,14_112_003,1455,1075,1075,0,9,1066,LISTAS,,
54112,14_112_004,1371,1040,1043,0,53,990,LISTAS,,
54114,14_112_005,1320,919,919,0,10,909,LISTAS,,
54116,14_112_006,1431,1041,1039,0,17,1022,LISTAS,,
54118,14_112_007,1406,1087,1087,0,21,1066,LISTAS,,
54120,14_112_008,1429,1036,1035,0,16,1019,LISTAS,,
54122,14_113_001,829,604,604,0,3,601,LISTAS,,
54124,14_113_002,789,619,619,0,8,611,LISTAS,,
54126,14_113_003,853,570,570,0,1,569,LISTAS,,
54128,14_113_004,748,425,425,0,1,424,LISTAS,,
54130,14_113_005,889,660,660,0,4,656,LISTAS,,
54132,14_113_006,849,668,668,0,3,665,LISTAS,,
54134,14_113_007,836,610,610,0,1,609,LISTAS,,
54136,14_113_008,1003,785,785,0,1,784,LISTAS,,
54138,14_113_009,936,747,746,0,4,742,LISTAS,,
54140,14_113_010,787,591,591,0,5,586,LISTAS,,
54142,14_113_011,793,607,607,0,2,605,LISTAS,,
54144,14_113_012,795,602,602,0,3,599,LISTAS,,
54146,14_113_013,827,616,615,0,1,614,LISTAS,,
54148,14_113_014,818,637,637,0,15,622,LISTAS,,
54150,14_113_015,866,669,668,0,1,667,LISTAS,,
54152,14_113_016,833,656,655,0,5,650,LISTAS,,
54154,14_114_001,989,691,692,0,18,674,LISTAS,,
54156,14_114_002,862,604,604,0,3,601,LISTAS,,
54158,14_115_001,1091,649,649,0,3,646,LISTAS,,
54160,14_116_001,914,629,629,0,3,626,LISTAS,,
54162,14_117_001,1093,819,819,0,2,817,LISTAS,,
54164,14_118_001,559,407,407,0,2,405,LISTAS,,
54166,14_119_001,902,638,637,0,5,632,LISTAS,,
54168,14_119_002,1038,677,677,0,7,670,LISTAS,,
54170,14_119_003,967,668,667,0,5,662,LISTAS,,
54172,14_119_004,1000,717,717,0,7,710,LISTAS,,
54174,14_119_005,973,585,585,0,2,583,LISTAS,,
54176,14_119_006,1006,497,497,0,7,490,LISTAS,,
54178,14_119_007,1048,768,766,0,4,762,LISTAS,,
54180,14_119_008,1044,740,740,0,5,735,LISTAS,,
54182,14_120_001,1464,1081,1081,0,6,1075,LISTAS,,
54184,14_121_001,957,746,745,0,6,739,LISTAS,,
54186,14_121_002,1087,892,892,0,15,877,LISTAS,,
54188,14_121_003,984,813,814,0,14,800,LISTAS,,
54190,14_121_004,1059,900,900,0,4,896,LISTAS,,
54192,14_121_005,1219,946,946,0,3,943,LISTAS,,
54194,14_121_006,986,803,803,0,7,796,LISTAS,,
54196,14_121_007,1031,855,855,0,2,853,LISTAS,,
54198,14_121_008,958,735,734,0,9,725,LISTAS,,
54200,14_122_001,990,659,659,0,6,653,LISTAS,,
54202,14_122_002,782,593,592,0,3,589,LISTAS,,
54204,14_122_003,834,610,609,0,0,609,LISTAS,,
54206,14_123_001,827,569,569,0,3,566,LISTAS,,
54618,14_123_002,937,613,613,0,6,607,LISTAS,,
54620,14_123_003,929,658,658,0,8,650,LISTAS,,
54622,14_123_004,1028,697,697,0,9,688,LISTAS,,
54624,14_123_005,823,580,580,0,0,580,LISTAS,,
54626,14_123_006,933,686,686,0,7,679,LISTAS,,
54628,14_123_007,1063,677,677,0,8,669,LISTAS,,
54630,14_124_001,1298,1008,1005,0,3,1002,LISTAS,,
54632,14_124_002,1294,992,992,0,4,988,LISTAS,,
54634,14_124_003,1243,931,931,0,9,922,LISTAS,,
54636,14_125_001,811,572,571,0,3,568,LISTAS,,
54638,14_125_002,845,547,545,0,4,541,LISTAS,,
54640,14_125_003,818,580,580,0,3,577,LISTAS,,
54642,14_125_004,893,652,649,0,7,642,LISTAS,,
54644,14_125_005,903,645,645,0,3,642,LISTAS,,
54646,14_125_006,820,610,610,0,0,610,LISTAS,,
54648,14_125_007,920,684,684,0,5,679,LISTAS,,
54650,14_125_008,968,619,619,0,2,617,LISTAS,,
54652,14_125_009,1002,674,672,0,4,668,LISTAS,,
54654,14_125_010,962,760,755,0,2,753,LISTAS,,
54656,14_125_011,965,773,773,0,5,768,LISTAS,,
54658,14_125_012,1034,814,814,0,3,811,LISTAS,,
54660,14_125_013,835,652,651,0,5,646,LISTAS,,
54662,14_125_014,838,705,705,0,0,705,LISTAS,,
54664,14_125_015,1080,832,832,0,5,827,LISTAS,,
54666,14_125_016,1072,867,867,0,3,864,LISTAS,,
54668,14_126_001,1022,839,839,0,2,837,LISTAS,,
54670,14_126_002,1026,695,697,0,29,668,LISTAS,,
54672,14_126_003,993,729,729,0,5,724,LISTAS,,
54674,14_126_004,981,759,759,0,3,756,LISTAS,,
54676,14_126_005,985,761,761,0,4,757,LISTAS,,
54678,14_126_006,986,783,772,0,2,770,LISTAS,,
54680,14_126_007,1029,718,718,0,5,713,LISTAS,,
54682,14_126_008,1062,845,844,0,2,842,LISTAS,,
54684,14_126_009,1032,771,770,0,6,764,LISTAS,,
54686,14_126_010,1084,857,858,0,17,841,LISTAS,,
54688,14_126_011,3747,3351,3350,-1,17,3333,LISTAS,,
54690,14_126_012,980,790,790,0,3,787,LISTAS,,
54692,14_126_013,989,839,836,0,4,832,LISTAS,,
54694,14_126_014,975,802,801,0,4,797,LISTAS,,
54696,14_126_015,1019,795,794,0,8,786,LISTAS,,
54698,14_126_016,989,763,762,0,4,758,LISTAS,,
54700,14_126_017,1045,831,831,0,3,828,LISTAS,,
54702,14_126_018,1169,915,915,0,3,912,LISTAS,,
54704,14_126_019,1184,893,892,0,6,886,LISTAS,,
54706,14_126_020,1075,826,825,0,2,823,LISTAS,,
54708,14_127_001,756,400,400,0,6,394,LISTAS,,
54710,14_127_002,733,400,400,0,1,399,LISTAS,,
54712,14_128_001,938,543,543,0,7,536,LISTAS,,
54714,14_128_002,925,593,593,0,3,590,LISTAS,,
54716,14_128_003,1112,615,614,0,9,605,LISTAS,,
54718,14_128_004,954,601,601,0,5,596,LISTAS,,
54720,14_129_001,1092,785,783,0,5,778,LISTAS,,
54722,14_130_001,1012,680,680,0,3,677,LISTAS,,
54724,14_130_002,953,657,657,0,12,645,LISTAS,,
54726,14_131_001,754,521,520,0,4,516,LISTAS,,
54728,14_131_002,835,538,537,0,6,531,LISTAS,,
54730,14_131_003,872,570,570,0,4,566,LISTAS,,
54732,14_131_004,853,577,577,0,4,573,LISTAS,,
54734,14_131_005,834,565,565,0,3,562,LISTAS,,
54736,14_131_006,976,664,664,0,2,662,LISTAS,,
54738,14_131_007,741,414,414,0,1,413,LISTAS,,
54740,14_131_008,779,514,514,0,5,509,LISTAS,,
55132,14_131_009,892,585,585,0,3,582,LISTAS,,
55134,14_131_010,893,631,631,0,6,625,LISTAS,,
55136,14_131_011,770,508,507,0,0,507,LISTAS,,
55138,14_131_012,824,570,570,0,8,562,LISTAS,,
55140,14_131_013,880,563,563,0,3,560,LISTAS,,
55142,14_131_014,1009,660,659,0,2,657,LISTAS,,
55144,14_131_015,906,502,502,0,3,499,LISTAS,,
55146,14_131_016,946,673,673,0,2,671,LISTAS,,
55148,14_132_001,1014,762,762,0,6,756,LISTAS,,
55150,14_132_002,1050,744,744,0,3,741,LISTAS,,
55152,14_133_001,859,590,590,0,5,585,LISTAS,,
55154,14_133_002,965,702,701,0,10,691,LISTAS,,
55156,14_134_001,906,623,623,0,4,619,LISTAS,,
55158,14_134_002,1026,747,747,0,2,745,LISTAS,,
55160,14_134_003,994,654,654,0,5,649,LISTAS,,
55162,14_134_004,779,523,523,0,1,522,LISTAS,,
55164,14_134_005,1010,765,765,0,0,765,LISTAS,,
55166,14_134_006,3252,2720,2715,-5,3,2712,LISTAS,,
55168,14_134_007,991,696,696,0,3,693,LISTAS,,
55170,14_134_008,977,767,767,0,2,765,LISTAS,,
55172,14_134_009,1272,853,853,0,3,850,LISTAS,,
55174,14_134_010,960,594,594,0,2,592,LISTAS,,
55176,14_134_011,862,536,536,0,2,534,LISTAS,,
55178,14_134_012,641,457,457,0,6,451,LISTAS,,
55180,14_134_013,922,678,677,0,3,674,LISTAS,,
55182,14_134_014,811,603,603,0,2,601,LISTAS,,
55184,14_134_015,964,675,675,0,6,669,LISTAS,,
55186,14_134_016,936,718,718,0,1,717,LISTAS,,
55188,14_134_017,752,563,562,0,6,556,LISTAS,,
55190,14_134_018,749,538,515,0,9,506,LISTAS,,
55192,14_134_019,905,662,662,0,5,657,LISTAS,,
55194,14_134_020,1087,867,866,0,4,862,LISTAS,,
55196,14_134_021,966,747,747,0,10,737,LISTAS,,
55198,14_134_022,964,669,669,0,7,662,LISTAS,,
55200,14_134_023,883,588,588,0,7,581,LISTAS,,
55202,14_134_024,952,625,623,0,8,615,LISTAS,,
55204,14_134_025,1022,776,776,0,8,768,LISTAS,,
55206,14_134_026,1196,792,792,0,6,786,LISTAS,,
55208,14_134_027,1164,785,785,0,0,785,LISTAS,,
55210,14_134_028,1044,784,783,0,2,781,LISTAS,,
55212,14_134_029,1030,707,707,0,7,700,LISTAS,,
55214,14_134_030,1002,680,680,0,15,665,LISTAS,,
55216,14_135_001,1020,715,713,0,7,706,LISTAS,,
55218,14_135_002,731,521,521,0,3,518,LISTAS,,
55220,14_136_001,651,479,479,0,2,477,LISTAS,,
55222,14_136_002,648,436,436,0,2,434,LISTAS,,
55224,14_136_003,800,603,603,0,8,595,LISTAS,,
55226,14_137_001,656,441,443,0,57,386,LISTAS,,
55228,14_137_002,816,592,592,0,3,589,LISTAS,,
55230,14_138_001,1161,840,840,0,5,835,LISTAS,,
55232,14_138_002,1120,818,818,0,14,804,LISTAS,,
55234,14_139_001,945,776,774,0,4,770,LISTAS,,
55236,14_139_002,1021,782,780,0,3,777,LISTAS,,
55238,14_139_003,808,590,590,0,3,587,LISTAS,,
55240,14_139_004,737,594,594,0,3,591,LISTAS,,
55242,14_140_001,952,640,640,0,8,632,LISTAS,,
55244,14_140_002,1153,823,823,0,3,820,LISTAS,,
55246,14_140_003,1301,1042,1042,0,1,1041,LISTAS,,
55248,14_140_004,1246,948,948,0,2,946,LISTAS,,
55250,14_141_001,706,496,496,0,6,490,LISTAS,,
55252,14_141_002,959,706,706,0,11,695,LISTAS,,
55254,14_141_003,676,502,501,0,6,495,LISTAS,,
55256,14_141_004,948,657,657,0,10,647,LISTAS,,
55258,14_141_005,868,645,645,0,16,629,LISTAS,,
55260,14_141_006,820,615,604,0,13,591,LISTAS,,
55666,14_142_001,778,481,481,0,3,478,LISTAS,,
55668,14_142_002,652,354,354,0,3,351,LISTAS,,
55670,14_143_001,997,646,636,0,6,630,LISTAS,,
55672,14_143_002,849,478,478,0,1,477,LISTAS,,
55674,14_143_003,778,452,452,0,3,449,LISTAS,,
55676,14_144_001,852,532,532,0,3,529,LISTAS,,
55678,14_144_002,924,613,613,0,4,609,LISTAS,,
55680,14_144_003,941,477,477,0,8,469,LISTAS,,
55682,14_145_001,573,313,308,0,6,302,LISTAS,,
55684,14_145_002,787,447,447,0,6,441,LISTAS,,
55686,14_145_003,601,338,343,0,7,336,LISTAS,,
55688,14_145_004,642,346,346,0,7,339,LISTAS,,
55690,14_146_001,522,288,288,0,2,286,LISTAS,,
55692,14_146_002,847,546,547,0,21,526,LISTAS,,
55694,14_146_003,793,531,530,0,4,526,LISTAS,,
55696,14_147_001,767,478,478,0,6,472,LISTAS,,
55698,14_147_002,772,370,370,0,6,364,LISTAS,,
55700,14_147_003,686,418,418,0,9,409,LISTAS,,
55702,14_147_004,1140,766,766,0,13,753,LISTAS,,
55704,14_147_005,941,703,703,0,12,691,LISTAS,,
55706,14_147_006,682,489,489,0,7,482,LISTAS,,
55708,14_148_001,846,498,498,0,6,492,LISTAS,,
55710,14_148_002,807,436,436,0,4,432,LISTAS,,
55712,14_148_003,676,368,367,0,10,357,LISTAS,,
55714,14_148_004,820,389,389,0,4,385,LISTAS,,
55716,14_148_005,828,505,505,0,2,503,LISTAS,,
55718,14_148_006,726,476,476,0,3,473,LISTAS,,
55720,14_149_001,973,676,677,0,28,649,LISTAS,,
55722,14_149_002,849,596,594,0,4,590,LISTAS,,
55724,14_149_003,946,693,693,0,12,681,LISTAS,,
55726,14_149_004,1181,663,664,0,23,641,LISTAS,,
55728,14_149_005,402,234,234,0,2,232,LISTAS,,
55730,14_150_001,489,224,224,0,2,222,LISTAS,,
55732,14_150_002,558,376,373,0,5,368,LISTAS,,
55734,14_150_003,816,482,482,0,7,475,LISTAS,,
55736,14_150_004,558,347,347,0,0,347,LISTAS,,
55738,14_151_001,1133,739,739,0,9,730,LISTAS,,
55740,14_151_002,903,661,661,0,4,657,LISTAS,,
55742,14_151_003,1146,872,868,0,5,863,LISTAS,,
55744,14_151_004,1207,812,812,0,8,804,LISTAS,,
55746,14_151_005,1064,750,750,0,5,745,LISTAS,,
55748,14_151_006,1051,786,785,0,11,774,LISTAS,,
55750,14_151_007,1036,802,801,0,3,798,LISTAS,,
55752,14_152_001,722,616,616,0,2,614,LISTAS,,
55754,14_152_002,706,621,621,0,4,617,LISTAS,,
55756,14_152_003,640,541,543,0,22,521,LISTAS,,
55758,14_152_004,688,589,593,0,36,557,LISTAS,,
55760,14_153_001,68,55,55,0,0,55,LISTAS,,
55762,14_154_001,1311,953,953,0,12,941,LISTAS,,
55764,14_155_001,890,508,508,0,1,507,LISTAS,,
55766,14_155_002,916,585,585,0,12,573,LISTAS,,
55768,14_155_003,938,530,530,0,16,514,LISTAS,,
55770,14_156_001,1037,752,752,0,3,749,LISTAS,,
55772,14_157_001,823,544,544,0,1,543,LISTAS,,
55774,14_157_002,801,527,527,0,4,523,LISTAS,,
55776,14_157_003,1094,756,756,0,2,754,LISTAS,,
55778,14_157_004,1075,720,719,0,2,717,LISTAS,,
55780,14_157_005,1054,732,731,0,2,729,LISTAS,,
55782,14_157_006,957,691,690,0,4,686,LISTAS,,
55784,14_157_007,1149,799,798,0,1,797,LISTAS,,
55786,14_157_008,1155,817,817,0,6,811,LISTAS,,
55788,14_158_001,606,450,450,0,2,448,LISTAS,,
55790,14_158_002,571,409,409,0,12,397,LISTAS,,
55792,14_158_003,567,397,397,0,1,396,LISTAS,,
55794,14_158_004,632,472,471,0,5,466,LISTAS,,
55796,14_158_005,670,537,537,0,8,529,LISTAS,,
56214,14_158_006,662,543,543,0,4,539,LISTAS,,
56216,14_158_007,585,429,429,0,7,422,LISTAS,,
56218,14_158_008,608,495,493,0,9,484,LISTAS,,
56220,14_158_009,699,584,584,0,3,581,LISTAS,,
56222,14_158_010,794,675,675,0,8,667,LISTAS,,
56224,14_158_011,693,439,439,0,2,437,LISTAS,,
56226,14_158_012,736,499,499,0,2,497,LISTAS,,
56228,14_158_013,587,477,475,0,2,473,LISTAS,,
56230,14_158_014,579,436,436,0,0,436,LISTAS,,
56232,14_158_015,665,486,486,0,2,484,LISTAS,,
56234,14_158_016,661,524,525,0,18,507,LISTAS,,
56236,14_159_001,881,494,493,0,11,482,LISTAS,,
56238,14_159_002,842,541,541,0,6,535,LISTAS,,
56240,14_159_003,835,452,451,0,4,447,LISTAS,,
56242,14_159_004,725,400,400,0,8,392,LISTAS,,
56244,14_160_001,713,518,518,0,6,512,LISTAS,,
56246,14_160_002,1022,549,549,0,3,546,LISTAS,,
56248,14_160_003,935,622,621,0,6,615,LISTAS,,
56250,14_160_004,671,393,393,0,0,393,LISTAS,,
56252,14_160_005,712,508,508,0,8,500,LISTAS,,
56254,14_160_006,703,521,521,0,5,516,LISTAS,,
56256,14_160_007,625,467,467,0,4,463,LISTAS,,
56258,14_160_008,744,516,515,0,4,511,LISTAS,,
56260,14_161_001,665,490,491,0,5,486,LISTAS,,
56262,14_161_002,764,563,563,0,4,559,LISTAS,,
56264,14_161_003,786,577,577,0,4,573,LISTAS,,
56266,14_162_001,691,458,458,0,2,456,LISTAS,,
56268,14_162_002,718,520,520,0,3,517,LISTAS,,
56270,14_163_001,668,409,409,0,5,404,LISTAS,,
56272,14_163_002,723,480,479,0,5,474,LISTAS,,
56274,14_163_003,729,392,392,0,6,386,LISTAS,,
56276,14_164_001,1026,709,709,0,4,705,LISTAS,,
56278,14_164_002,990,658,658,0,2,656,LISTAS,,
56280,14_165_001,1159,820,820,0,11,809,LISTAS,,
56282,14_165_002,1226,834,832,0,6,826,LISTAS,,
56284,14_165_003,1037,664,663,0,7,656,LISTAS,,
56286,14_165_004,1014,645,645,0,6,639,LISTAS,,
56288,14_165_005,1013,663,664,0,19,645,LISTAS,,
56290,14_165_006,1202,878,878,0,3,875,LISTAS,,
56292,14_165_007,1099,771,769,0,7,762,LISTAS,,
56294,14_165_008,1385,963,963,0,12,951,LISTAS,,
56296,14_166_001,969,762,761,0,18,743,LISTAS,,
56298,14_166_002,1193,934,934,0,4,930,LISTAS,,
56300,14_166_003,1009,748,747,0,11,736,LISTAS,,
56302,14_166_004,1220,971,971,0,6,965,LISTAS,,
56304,14_166_005,1102,939,927,0,4,923,LISTAS,,
56306,14_167_001,1024,607,606,0,10,596,LISTAS,,
56308,14_167_002,831,483,483,0,8,475,LISTAS,,
56310,14_168_001,1287,878,877,0,3,874,LISTAS,,
56312,14_168_002,259,147,147,0,5,142,LISTAS,,
56314,14_169_001,769,479,479,0,2,477,LISTAS,,
56316,14_169_002,1143,828,828,0,3,825,LISTAS,,
56318,14_169_003,700,517,517,0,3,514,LISTAS,,
56320,14_169_004,1036,746,747,0,18,729,LISTAS,,
56322,14_169_005,928,698,698,0,1,697,LISTAS,,
56324,14_169_006,887,669,669,0,1,668,LISTAS,,
56326,14_169_007,791,604,603,0,6,597,LISTAS,,
56328,14_169_008,787,605,605,0,6,599,LISTAS,,
56330,14_169_009,861,648,648,0,4,644,LISTAS,,
56332,14_169_010,887,669,667,0,1,666,LISTAS,,
56334,14_169_011,962,652,653,0,27,626,LISTAS,,
56336,14_169_012,669,520,520,0,5,515,LISTAS,,
56338,14_169_013,693,503,503,0,1,502,LISTAS,,
56340,14_169_014,816,622,622,0,1,621,LISTAS,,
56342,14_169_015,987,721,721,0,4,717,LISTAS,,
56344,14_169_016,674,455,455,0,3,452,LISTAS,,
56346,14_169_017,795,559,560,0,29,531,LISTAS,,
56348,14_169_018,850,519,519,0,2,517,LISTAS,,
56766,14_169_019,604,477,478,0,12,466,LISTAS,,
56768,14_169_020,949,744,744,0,3,741,LISTAS,,
56770,14_169_021,966,766,766,0,7,759,LISTAS,,
56772,14_169_022,671,532,532,0,4,528,LISTAS,,
56774,14_169_023,3149,2703,2700,-3,12,2688,LISTAS,,
56776,14_169_024,1172,906,906,0,1,905,LISTAS,,
56778,14_169_025,1111,860,860,0,3,857,LISTAS,,
56780,14_169_026,656,472,472,0,0,472,LISTAS,,
56782,14_169_027,821,600,600,0,3,597,LISTAS,,
56784,14_169_028,984,736,736,0,4,732,LISTAS,,
56786,14_169_029,1098,735,735,0,8,727,LISTAS,,
56788,14_169_030,1198,968,968,0,4,964,LISTAS,,
56790,14_170_001,1144,810,810,0,7,803,LISTAS,,
56792,14_171_001,675,437,437,0,2,435,LISTAS,,
56794,14_172_001,727,535,535,0,8,527,LISTAS,,
56796,14_172_002,729,518,518,0,3,515,LISTAS,,
56798,14_173_001,380,258,258,0,2,256,LISTAS,,
56800,14_174_001,660,487,487,0,5,482,LISTAS,,
56802,14_174_002,778,558,558,0,0,558,LISTAS,,
56804,14_175_001,856,569,569,0,9,560,LISTAS,,
56806,14_175_002,782,543,543,0,4,539,LISTAS,,
56808,14_176_001,594,374,373,0,3,370,LISTAS,,
56810,14_176_002,566,346,346,0,8,338,LISTAS,,
56812,14_177_001,2418,2080,2074,-6,18,2056,LISTAS,,
56814,14_177_002,587,461,461,0,9,452,LISTAS,,
56816,14_177_003,593,435,438,0,30,408,LISTAS,,
56818,14_177_004,595,442,450,0,67,383,LISTAS,,
56820,14_177_005,650,465,465,0,9,456,LISTAS,,
56822,14_177_006,677,505,505,0,2,503,LISTAS,,
56824,14_177_007,664,466,465,0,9,456,LISTAS,,
56826,14_177_008,612,421,432,0,95,337,LISTAS,,
56828,14_177_009,599,402,402,0,2,400,LISTAS,,
56830,14_177_010,645,453,452,0,7,445,LISTAS,,
56832,14_177_011,633,441,442,0,20,422,LISTAS,,
56834,14_177_012,687,480,480,0,6,474,LISTAS,,
56836,14_177_013,743,508,505,0,5,500,LISTAS,,
56838,14_177_014,742,512,512,0,4,508,LISTAS,,
56840,14_177_015,784,619,619,0,0,619,LISTAS,,
56842,14_177_016,629,456,454,0,6,448,LISTAS,,
56844,14_177_017,641,479,479,0,7,472,LISTAS,,
56846,14_177_018,616,488,487,0,13,474,LISTAS,,
56848,14_177_019,724,514,514,0,2,512,LISTAS,,
56850,14_177_020,716,517,517,0,5,512,LISTAS,,
56852,14_177_021,795,529,531,0,28,503,LISTAS,,
56854,14_177_022,822,574,574,0,1,573,LISTAS,,
56856,14_177_023,788,535,535,0,10,525,LISTAS,,
56858,14_177_024,767,520,520,0,8,512,LISTAS,,
56860,14_178_001,714,527,526,0,2,524,LISTAS,,
56862,14_178_002,782,570,569,0,5,564,LISTAS,,
56864,14_178_003,669,434,437,0,3,434,LISTAS,,
56866,14_178_004,752,525,525,0,2,523,LISTAS,,
56868,14_178_005,691,486,485,0,5,480,LISTAS,,
56870,14_178_006,700,545,545,0,2,543,LISTAS,,
56872,14_178_007,878,719,719,0,4,715,LISTAS,,
56874,14_178_008,827,669,669,0,4,665,LISTAS,,
56876,14_178_009,1054,884,881,0,3,878,LISTAS,,
56878,14_178_010,774,663,663,0,1,662,LISTAS,,
56880,14_178_011,834,668,670,0,25,645,LISTAS,,
56882,14_178_012,821,635,636,0,14,622,LISTAS,,
56884,14_178_013,797,599,598,0,5,593,LISTAS,,
56886,14_178_014,868,651,651,0,0,651,LISTAS,,
56888,14_178_015,789,554,554,0,1,553,LISTAS,,
56890,14_178_016,809,579,579,0,4,575,LISTAS,,
56892,14_178_017,670,561,561,0,3,558,LISTAS,,
56894,14_179_001,941,758,758,0,2,756,LISTAS,,
56896,14_179_002,943,693,693,0,9,684,LISTAS,,
57308,14_179_003,950,714,714,0,15,699,LISTAS,,
57310,14_180_001,1069,680,680,0,4,676,LISTAS,,
57312,14_181_001,744,574,574,0,11,563,LISTAS,,
57314,14_181_002,618,448,445,0,8,437,LISTAS,,
57316,14_182_001,958,740,740,0,9,731,LISTAS,,
57318,14_183_001,1029,811,810,0,6,804,LISTAS,,
57320,14_183_002,1167,808,807,0,7,800,LISTAS,,
57322,14_183_003,923,701,701,0,13,688,LISTAS,,
57324,14_183_004,969,728,728,0,7,721,LISTAS,,
57326,14_184_001,921,606,605,0,6,599,LISTAS,,
57328,14_184_002,975,608,608,0,6,602,LISTAS,,
57330,14_185_001,827,411,410,0,5,405,LISTAS,,
57332,14_185_002,719,475,475,0,5,470,LISTAS,,
57334,14_186_001,693,575,575,0,4,571,LISTAS,,
57336,14_187_001,1012,631,631,0,9,622,LISTAS,,
57338,14_187_002,750,512,512,0,6,506,LISTAS,,
57340,14_187_003,797,500,500,0,6,494,LISTAS,,
57342,14_187_004,1065,637,636,0,3,633,LISTAS,,
57344,15_001_001,206,144,144,0,0,144,LISTAS,,
57346,15_002_001,719,469,469,0,1,468,LISTAS,,
57348,15_002_002,98,71,71,0,1,70,LISTAS,,
57350,15_003_001,766,472,472,0,5,467,LISTAS,,
57352,15_003_002,943,601,601,0,3,598,LISTAS,,
57354,15_004_001,630,375,373,0,6,367,LISTAS,,
57356,15_004_002,546,285,285,0,11,274,LISTAS,,
57358,15_005_001,155,83,83,0,0,83,LISTAS,,
57360,15_006_001,850,636,636,0,7,629,LISTAS,,
57362,15_007_001,888,664,664,0,3,661,LISTAS,,
57364,15_007_002,724,494,494,0,3,491,LISTAS,,
57366,15_007_003,817,624,624,0,2,622,LISTAS,,
57368,15_007_004,821,577,577,0,3,574,LISTAS,,
57370,15_007_005,778,609,608,0,2,606,LISTAS,,
57372,15_007_006,549,376,376,0,1,375,LISTAS,,
57374,15_008_001,1094,741,741,0,12,729,LISTAS,,
57376,15_009_001,726,504,501,0,0,501,LISTAS,,
57378,15_009_002,829,561,560,0,0,560,LISTAS,,
57380,15_009_003,108,75,75,0,0,75,LISTAS,,
57382,15_010_001,851,614,616,0,23,593,LISTAS,,
57384,15_010_002,971,751,751,0,0,751,LISTAS,,
57386,15_011_001,646,450,450,0,1,449,LISTAS,,
57388,15_011_002,619,410,410,0,1,409,LISTAS,,
57390,15_012_001,812,547,547,0,3,544,LISTAS,,
57392,15_012_002,815,551,552,0,20,532,LISTAS,,
57394,15_012_003,705,520,520,0,4,516,LISTAS,,
57396,15_012_004,712,535,533,0,7,526,LISTAS,,
57398,15_012_005,819,606,606,0,4,602,LISTAS,,
57400,15_013_001,538,365,364,0,2,362,LISTAS,,
57402,15_014_001,398,293,293,0,2,291,LISTAS,,
57404,15_015_001,660,481,481,0,1,480,LISTAS,,
57406,15_015_002,566,348,348,0,3,345,LISTAS,,
57408,15_015_003,523,335,335,0,0,335,LISTAS,,
57410,15_015_004,568,355,355,0,0,355,LISTAS,,
57412,15_016_001,859,648,648,0,3,645,LISTAS,,
57414,15_016_002,874,629,629,0,3,626,LISTAS,,
57416,15_017_001,716,486,486,0,12,474,LISTAS,,
57418,15_017_002,669,528,528,0,3,525,LISTAS,,
57420,15_018_001,655,488,488,0,2,486,LISTAS,,
57422,15_018_002,625,446,445,0,3,442,LISTAS,,
57424,15_019_001,398,294,294,0,1,293,LISTAS,,
57426,15_020_001,1006,660,668,0,73,595,LISTAS,,
57428,15_020_002,908,628,628,0,0,628,LISTAS,,
57430,15_020_003,2505,2172,2171,-1,18,2153,LISTAS,,
57432,15_020_004,1135,567,567,0,11,556,LISTAS,,
57434,15_020_005,1055,661,662,0,2,660,LISTAS,,
57436,15_020_006,1070,802,802,0,1,801,LISTAS,,
57438,15_020_007,1062,690,690,0,10,680,LISTAS,,
57844,15_020_008,1106,727,727,0,8,719,LISTAS,,
57846,15_020_009,513,331,333,0,18,315,LISTAS,,
57848,15_020_010,248,181,180,0,5,175,LISTAS,,
57850,15_021_001,645,428,428,0,4,424,LISTAS,,
57852,15_022_001,619,340,340,0,3,337,LISTAS,,
57854,15_023_001,458,271,271,0,2,269,LISTAS,,
57856,15_024_001,912,600,600,0,14,586,LISTAS,,
57858,15_025_001,305,174,174,0,18,156,LISTAS,,
57860,15_026_001,445,299,299,0,6,293,LISTAS,,
57862,15_027_001,825,579,581,0,28,553,LISTAS,,
57864,15_027_002,1054,636,636,0,12,624,LISTAS,,
57866,15_028_001,281,205,205,0,3,202,LISTAS,,
57868,15_029_001,304,224,224,0,2,222,LISTAS,,
57870,15_030_001,349,251,251,0,10,241,LISTAS,,
57872,15_031_001,547,311,311,0,3,308,LISTAS,,
57874,15_032_001,205,136,136,0,3,133,LISTAS,,
57876,15_033_001,890,564,564,0,2,562,LISTAS,,
57878,15_033_002,911,586,585,0,7,578,LISTAS,,
57880,15_034_001,402,270,270,0,7,263,LISTAS,,
57882,15_035_001,615,421,421,0,1,420,LISTAS,,
57884,15_035_002,390,261,261,0,3,258,LISTAS,,
57886,15_036_001,214,104,104,0,1,103,LISTAS,,
57888,15_037_001,181,73,73,0,0,73,LISTAS,,
57890,15_038_001,165,125,125,0,1,124,LISTAS,,
57892,15_039_001,612,408,408,0,5,403,LISTAS,,
57894,15_039_002,559,325,325,0,3,322,LISTAS,,
57896,15_040_001,366,254,254,0,2,252,LISTAS,,
57898,15_041_001,207,141,141,0,0,141,LISTAS,,
57900,15_042_001,787,455,455,0,9,446,LISTAS,,
57902,15_043_001,217,149,149,0,2,147,LISTAS,,
57904,15_044_001,576,393,393,0,8,385,LISTAS,,
57906,15_044_002,720,418,418,0,5,413,LISTAS,,
57908,15_044_003,749,495,498,0,34,464,LISTAS,,
57910,15_044_004,791,549,549,0,11,538,LISTAS,,
57912,15_044_005,598,401,401,0,7,394,LISTAS,,
57914,15_044_006,571,355,355,0,36,319,LISTAS,,
57916,15_045_001,123,86,86,0,2,84,LISTAS,,
57918,15_046_001,689,418,417,0,15,402,LISTAS,,
57920,15_047_001,114,77,77,0,2,75,LISTAS,,
57922,15_048_001,180,120,120,0,5,115,LISTAS,,
57924,15_049_001,149,111,111,0,6,105,LISTAS,,
57926,15_050_001,150,87,87,0,1,86,LISTAS,,
57928,15_051_001,289,193,193,0,0,193,LISTAS,,
57930,15_052_001,110,77,77,0,1,76,LISTAS,,
57932,15_053_001,244,147,147,0,2,145,LISTAS,,
57934,15_054_001,963,675,675,0,3,672,LISTAS,,
57936,15_054_002,1029,771,770,0,9,761,LISTAS,,
57938,15_054_003,1052,764,764,0,3,761,LISTAS,,
57940,15_054_004,978,663,663,0,6,657,LISTAS,,
57942,15_055_001,61,39,39,0,0,39,LISTAS,,
57944,15_056_001,72,47,47,0,0,47,LISTAS,,
57946,15_057_001,261,140,140,0,2,138,LISTAS,,
57948,15_058_001,486,296,295,0,7,288,LISTAS,,
57950,15_058_002,87,59,59,0,1,58,LISTAS,,
57952,15_059_001,186,120,120,0,1,119,LISTAS,,
57954,15_060_001,264,165,165,0,1,164,LISTAS,,
57956,15_061_001,605,371,371,0,8,363,LISTAS,,
57958,15_061_002,82,54,54,0,0,54,LISTAS,,
57960,15_062_001,391,248,248,0,12,236,LISTAS,,
57962,15_062_002,486,254,253,0,4,249,LISTAS,,
57964,15_063_001,801,557,557,0,7,550,LISTAS,,
57966,15_064_001,206,155,155,0,0,155,LISTAS,,
57968,15_065_001,176,125,125,0,3,122,LISTAS,,
57970,15_066_001,293,179,179,0,2,177,LISTAS,,
57972,15_067_001,348,205,205,0,7,198,LISTAS,,
57974,15_067_002,200,125,125,0,2,123,LISTAS,,
57976,15_068_001,320,177,179,0,7,172,LISTAS,,
57978,15_069_001,275,168,168,0,0,168,LISTAS,,
57980,15_070_001,205,127,127,0,5,122,LISTAS,,
57982,15_071_001,931,662,662,0,9,653,LISTAS,,
57984,15_072_001,198,122,122,0,5,117,LISTAS,,
58402,15_073_001,836,421,422,0,10,412,LISTAS,,
58404,15_074_001,34,29,29,0,0,29,LISTAS,,
58406,15_075_001,1004,678,678,0,7,671,LISTAS,,
58408,15_076_001,362,211,211,0,5,206,LISTAS,,
58410,15_077_001,963,541,541,0,15,526,LISTAS,,
58412,15_078_001,964,545,545,0,6,539,LISTAS,,
58414,15_079_001,373,187,187,0,2,185,LISTAS,,
58416,15_080_001,496,316,316,0,5,311,LISTAS,,
58418,15_081_001,953,671,670,0,21,649,LISTAS,,
58420,15_082_001,657,390,390,0,8,382,LISTAS,,
58422,15_082_002,619,377,377,0,6,371,LISTAS,,
58424,15_082_003,678,407,407,0,5,402,LISTAS,,
58426,15_083_001,522,318,318,0,8,310,LISTAS,,
58428,15_084_001,677,463,463,0,8,455,LISTAS,,
58430,15_084_002,611,396,410,0,92,318,LISTAS,,
58432,15_085_001,82,66,66,0,1,65,LISTAS,,
58434,15_086_001,352,200,200,0,7,193,LISTAS,,
58436,15_087_001,251,124,124,0,5,119,LISTAS,,
58438,15_088_001,655,431,431,0,3,428,LISTAS,,
58440,15_088_002,637,443,443,0,8,435,LISTAS,,
58442,15_088_003,640,469,468,0,2,466,LISTAS,,
58444,15_089_001,786,541,541,0,7,534,LISTAS,,
58446,15_090_001,573,431,431,0,3,428,LISTAS,,
58448,15_091_001,1007,699,699,0,2,697,LISTAS,,
58450,15_091_002,676,490,490,0,1,489,LISTAS,,
58452,15_091_003,789,510,510,0,6,504,LISTAS,,
58454,15_091_004,675,441,441,0,6,435,LISTAS,,
58456,15_091_005,939,660,657,0,10,647,LISTAS,,
58458,15_091_006,986,738,738,0,4,734,LISTAS,,
58460,15_091_007,1002,709,709,0,6,703,LISTAS,,
58462,15_091_008,836,481,481,0,5,476,LISTAS,,
58464,15_091_009,753,479,479,0,3,476,LISTAS,,
58466,15_091_010,601,443,443,0,6,437,LISTAS,,
58468,15_091_011,667,487,487,0,4,483,LISTAS,,
58470,15_091_012,903,638,636,0,5,631,LISTAS,,
58472,15_091_013,717,440,440,0,3,437,LISTAS,,
58474,15_091_014,592,402,402,0,5,397,LISTAS,,
58476,15_091_015,784,581,581,0,5,576,LISTAS,,
58478,15_091_016,1105,783,782,0,10,772,LISTAS,,
58480,15_091_017,1049,830,829,0,7,822,LISTAS,,
58482,15_091_018,761,533,531,0,5,526,LISTAS,,
58484,15_091_019,590,408,408,0,6,402,LISTAS,,
58486,15_091_020,741,486,486,0,4,482,LISTAS,,
58488,15_091_021,1005,746,746,0,6,740,LISTAS,,
58490,15_091_022,1075,741,740,0,8,732,LISTAS,,
58492,15_091_023,1085,839,839,0,1,838,LISTAS,,
58494,15_091_024,1310,883,881,0,10,871,LISTAS,,
58496,15_091_025,712,495,495,0,4,491,LISTAS,,
58498,15_091_026,785,600,598,0,4,594,LISTAS,,
58500,15_091_027,737,489,489,0,6,483,LISTAS,,
58502,15_091_028,703,457,457,0,2,455,LISTAS,,
58504,15_091_029,757,495,495,0,2,493,LISTAS,,
58506,15_091_030,1128,793,792,0,6,786,LISTAS,,
58508,15_091_031,1007,680,679,0,5,674,LISTAS,,
58510,15_091_032,783,501,501,0,4,497,LISTAS,,
58512,15_091_033,852,599,596,0,1,595,LISTAS,,
58514,15_091_034,749,544,544,0,0,544,LISTAS,,
58516,15_091_035,709,566,566,0,7,559,LISTAS,,
58518,15_091_036,711,326,326,0,2,324,LISTAS,,
58520,15_091_037,3448,2977,2966,-11,16,2950,LISTAS,,
58522,15_091_038,923,655,650,0,3,647,LISTAS,,
58524,15_091_039,1085,744,744,0,6,738,LISTAS,,
58526,15_091_040,810,617,616,0,2,614,LISTAS,,
58528,15_091_041,780,622,622,0,3,619,LISTAS,,
58530,15_091_042,830,660,660,0,3,657,LISTAS,,
58532,15_091_043,845,656,656,0,4,652,LISTAS,,
58936,15_091_044,816,618,618,0,3,615,LISTAS,,
58938,15_091_045,836,632,632,0,1,631,LISTAS,,
58940,15_091_046,795,586,586,0,3,583,LISTAS,,
58942,15_091_047,652,519,519,0,3,516,LISTAS,,
58944,15_091_048,603,453,452,0,7,445,LISTAS,,
58946,15_091_049,677,558,557,0,1,556,LISTAS,,
58948,15_091_050,920,675,675,0,5,670,LISTAS,,
58950,15_091_051,834,504,504,0,6,498,LISTAS,,
58952,15_091_052,1202,904,904,0,9,895,LISTAS,,
58954,15_091_053,627,436,436,0,2,434,LISTAS,,
58956,15_091_054,1025,563,563,0,17,546,LISTAS,,
58958,15_091_055,931,412,412,0,8,404,LISTAS,,
58960,15_091_056,717,529,529,0,4,525,LISTAS,,
58962,15_091_057,1042,760,760,0,3,757,LISTAS,,
58964,15_091_058,891,601,601,0,5,596,LISTAS,,
58966,15_091_059,1013,806,806,0,2,804,LISTAS,,
58968,15_092_001,540,382,382,0,0,382,LISTAS,,
58970,15_092_002,606,389,389,0,3,386,LISTAS,,
58972,15_093_001,175,108,109,0,10,99,LISTAS,,
58974,15_094_001,82,59,59,0,2,57,LISTAS,,
58976,15_095_001,226,149,149,0,2,147,LISTAS,,
58978,15_096_001,440,248,248,0,9,239,LISTAS,,
58980,15_097_001,355,199,199,0,2,197,LISTAS,,
58982,15_098_001,43,27,27,0,0,27,LISTAS,,
58984,15_099_001,261,188,188,0,1,187,LISTAS,,
58986,15_100_001,297,169,169,0,6,163,LISTAS,,
58988,15_101_001,432,302,302,0,5,297,LISTAS,,
58990,15_102_001,585,351,351,0,1,350,LISTAS,,
58992,15_102_002,492,340,340,0,7,333,LISTAS,,
58994,15_102_003,602,410,410,0,2,408,LISTAS,,
58996,15_103_001,134,84,84,0,1,83,LISTAS,,
58998,15_104_001,290,148,148,0,7,141,LISTAS,,
59000,15_105_001,303,189,189,0,0,189,LISTAS,,
59002,15_106_001,127,84,84,0,2,82,LISTAS,,
59004,15_107_001,168,111,111,0,3,108,LISTAS,,
59006,15_108_001,707,419,419,0,10,409,LISTAS,,
59008,15_109_001,145,105,105,0,1,104,LISTAS,,
59010,15_110_001,401,250,250,0,1,249,LISTAS,,
59012,15_111_001,282,117,117,0,4,113,LISTAS,,
59014,15_111_002,129,77,77,0,5,72,LISTAS,,
59016,15_112_001,1178,784,784,0,8,776,LISTAS,,
59018,15_113_001,515,339,339,0,6,333,LISTAS,,
59020,15_113_002,597,348,348,0,11,337,LISTAS,,
59022,15_114_001,474,260,260,0,4,256,LISTAS,,
59024,15_115_001,435,200,200,0,6,194,LISTAS,,
59026,15_116_001,810,492,501,0,69,432,LISTAS,,
59028,15_116_002,687,473,473,0,6,467,LISTAS,,
59030,15_117_001,518,365,365,0,4,361,LISTAS,,
59032,15_117_002,575,356,355,0,5,350,LISTAS,,
59034,15_118_001,750,523,523,0,5,518,LISTAS,,
59036,15_118_002,742,463,463,0,0,463,LISTAS,,
59038,15_118_003,826,474,474,0,3,471,LISTAS,,
59040,15_119_001,30,23,23,0,0,23,LISTAS,,
59042,15_120_001,180,126,126,0,2,124,LISTAS,,
59044,15_121_001,529,346,346,0,6,340,LISTAS,,
59046,15_121_002,153,107,107,0,1,106,LISTAS,,
59048,15_122_001,471,312,310,0,2,308,LISTAS,,
59050,15_123_001,1008,633,633,0,0,633,LISTAS,,
59052,15_123_002,2761,2487,2486,-1,5,2481,LISTAS,,
59054,15_123_003,892,640,640,0,7,633,LISTAS,,
59056,15_123_004,1179,764,764,0,5,759,LISTAS,,
59058,15_123_005,1111,798,798,0,8,790,LISTAS,,
59060,15_123_006,1073,782,782,0,2,780,LISTAS,,
59062,15_123_007,1134,727,727,0,243,484,LISTAS,,
59064,15_123_008,780,517,518,0,11,507,LISTAS,,
59066,15_123_009,1122,725,724,0,9,715,LISTAS,,
59068,15_123_010,387,251,251,0,4,247,LISTAS,,
59070,15_123_011,78,56,56,0,0,56,LISTAS,,
59072,15_123_012,285,173,173,0,1,172,LISTAS,,
51512,15_124_001,504,360,360,0,0,360,LISTAS,,
51514,15_124_002,458,277,277,0,0,277,LISTAS,,
51516,15_124_003,111,64,64,0,0,64,LISTAS,,
51518,15_125_001,606,386,386,0,1,385,LISTAS,,
51520,15_125_002,405,302,302,0,4,298,LISTAS,,
51522,15_126_001,933,528,527,0,2,525,LISTAS,,
51524,15_127_001,473,283,282,0,18,264,LISTAS,,
51526,15_128_001,170,117,117,0,1,116,LISTAS,,
51528,15_129_001,733,429,428,0,7,421,LISTAS,,
51530,15_130_001,215,147,147,0,2,145,LISTAS,,
51532,15_130_002,1026,775,770,0,15,755,LISTAS,,
51534,15_130_003,1085,788,788,0,11,777,LISTAS,,
51536,15_130_004,1100,698,698,0,15,683,LISTAS,,
51538,15_130_005,1063,796,795,0,5,790,LISTAS,,
51540,15_130_006,1093,797,796,0,7,789,LISTAS,,
51542,15_130_007,1113,800,799,0,11,788,LISTAS,,
51544,15_130_008,1037,724,724,0,12,712,LISTAS,,
51546,15_130_009,878,577,577,0,12,565,LISTAS,,
51548,15_131_001,839,507,507,0,17,490,LISTAS,,
51550,15_131_002,824,482,482,0,6,476,LISTAS,,
51552,15_131_003,795,386,386,0,2,384,LISTAS,,
51554,15_132_001,1076,640,640,0,6,634,LISTAS,,
51556,15_133_001,1130,706,704,0,3,701,LISTAS,,
51558,15_134_001,272,212,212,0,0,212,LISTAS,,
51560,15_135_001,413,270,270,0,11,259,LISTAS,,
51562,15_136_001,300,182,182,0,1,181,LISTAS,,
51564,15_137_001,461,292,292,0,3,289,LISTAS,,
51566,15_138_001,493,289,289,0,10,279,LISTAS,,
51568,15_139_001,77,40,40,0,1,39,LISTAS,,
51570,15_140_001,496,301,301,0,5,296,LISTAS,,
51572,15_141_001,525,329,329,0,2,327,LISTAS,,
51574,15_142_001,260,169,169,0,1,168,LISTAS,,
51576,15_143_001,429,302,303,0,15,288,LISTAS,,
51578,15_144_001,631,422,422,0,3,419,LISTAS,,
51580,15_145_001,341,191,191,0,3,188,LISTAS,,
51582,15_145_002,227,158,158,0,0,158,LISTAS,,
51584,15_146_001,557,347,347,0,12,335,LISTAS,,
51586,15_146_002,573,354,354,0,0,354,LISTAS,,
51588,15_147_001,654,362,364,0,11,353,LISTAS,,
51590,15_148_001,100,65,65,0,2,63,LISTAS,,
51592,15_148_002,290,198,198,0,9,189,LISTAS,,
51594,15_149_001,202,126,126,0,2,124,LISTAS,,
51596,15_150_001,251,159,159,0,3,156,LISTAS,,
51598,15_151_001,47,38,38,0,0,38,LISTAS,,
51600,15_152_001,198,124,124,0,3,121,LISTAS,,
51602,15_153_001,223,143,142,0,2,140,LISTAS,,
51604,15_154_001,126,83,83,0,1,82,LISTAS,,
51606,15_155_001,379,233,233,0,7,226,LISTAS,,
51608,15_156_001,164,109,109,0,0,109,LISTAS,,
51610,15_157_001,165,117,117,0,3,114,LISTAS,,
51612,15_158_001,211,148,148,0,2,146,LISTAS,,
51614,15_159_001,72,50,50,0,0,50,LISTAS,,
51616,15_160_001,150,86,86,0,7,79,LISTAS,,
51618,15_161_001,472,289,289,0,3,286,LISTAS,,
51620,15_161_002,120,70,70,0,1,69,LISTAS,,
51622,15_162_001,303,214,214,0,2,212,LISTAS,,
51624,15_163_001,373,258,258,0,1,257,LISTAS,,
51626,15_164_001,143,93,93,0,3,90,LISTAS,,
51628,15_165_001,122,89,89,0,0,89,LISTAS,,
51630,15_166_001,309,186,186,0,4,182,LISTAS,,
51632,15_167_001,222,145,145,0,4,141,LISTAS,,
51634,15_168_001,33,19,19,0,0,19,LISTAS,,
51636,15_169_001,764,519,519,0,2,517,LISTAS,,
51638,15_169_002,733,482,482,0,5,477,LISTAS,,
51640,15_170_001,413,297,297,0,0,297,LISTAS,,
51642,15_171_001,351,208,206,0,3,203,LISTAS,,
51644,15_172_001,880,459,459,0,15,444,LISTAS,,
51646,15_172_002,1000,517,517,0,13,504,LISTAS,,
51648,15_173_001,118,91,91,0,0,91,LISTAS,,
51650,15_174_001,277,198,198,0,2,196,LISTAS,,
52050,15_175_001,249,177,177,0,3,174,LISTAS,,
52052,15_175_002,588,429,430,0,9,421,LISTAS,,
52054,15_175_003,567,431,431,0,0,431,LISTAS,,
52056,15_175_004,402,222,222,0,1,221,LISTAS,,
52058,15_175_005,1146,829,829,0,3,826,LISTAS,,
52060,15_175_006,1370,1086,1086,0,12,1074,LISTAS,,
52062,15_175_007,949,681,681,0,6,675,LISTAS,,
52064,15_175_008,850,641,641,0,5,636,LISTAS,,
52066,15_175_009,956,713,711,0,3,708,LISTAS,,
52068,15_175_010,1095,788,786,0,3,783,LISTAS,,
52070,15_175_011,3524,3105,3102,-3,22,3080,LISTAS,,
52072,15_175_012,593,440,440,0,1,439,LISTAS,,
52074,15_175_013,698,470,470,0,3,467,LISTAS,,
52076,15_175_014,929,640,640,0,3,637,LISTAS,,
52078,15_175_015,792,568,568,0,3,565,LISTAS,,
52080,15_175_016,828,621,619,0,2,617,LISTAS,,
52082,15_175_017,1152,749,749,0,6,743,LISTAS,,
52084,15_175_018,1059,724,724,0,1,723,LISTAS,,
52086,15_175_019,1143,764,764,0,2,762,LISTAS,,
52088,15_175_020,1262,855,855,0,6,849,LISTAS,,
52090,15_175_021,1304,911,911,0,2,909,LISTAS,,
52092,15_175_022,264,196,196,0,2,194,LISTAS,,
52094,15_175_023,685,493,493,0,2,491,LISTAS,,
52096,15_176_001,491,315,315,0,0,315,LISTAS,,
52098,15_177_001,533,357,357,0,7,350,LISTAS,,
52100,15_178_001,314,188,188,0,1,187,LISTAS,,
52102,15_179_001,127,75,75,0,1,74,LISTAS,,
52104,15_180_001,116,73,73,0,1,72,LISTAS,,
52106,15_181_001,451,302,302,0,2,300,LISTAS,,
52108,15_181_002,147,94,94,0,0,94,LISTAS,,
52110,15_182_001,396,282,282,0,1,281,LISTAS,,
52113,15_183_001,71,56,56,0,0,56,LISTAS,,
52111,15_184_001,116,76,76,0,0,76,LISTAS,,
52116,15_185_001,119,78,78,0,1,77,LISTAS,,
52118,15_186_001,155,89,88,0,1,87,LISTAS,,
52120,15_187_001,383,245,245,0,1,244,LISTAS,,
52122,15_188_001,339,206,206,0,6,200,LISTAS,,
52124,15_189_001,528,350,350,0,7,343,LISTAS,,
52126,15_189_002,723,435,434,0,6,428,LISTAS,,
52128,15_190_001,392,227,227,0,3,224,LISTAS,,
52130,15_191_001,487,302,302,0,3,299,LISTAS,,
52132,15_192_001,999,562,562,0,4,558,LISTAS,,
52134,15_193_001,51,35,35,0,0,35,LISTAS,,
52136,15_194_001,479,260,260,0,3,257,LISTAS,,
52138,15_195_001,542,351,351,0,1,350,LISTAS,,
52140,15_196_001,541,401,400,0,2,398,LISTAS,,
52142,15_196_002,708,475,474,0,10,464,LISTAS,,
52144,15_197_001,354,248,248,0,0,248,LISTAS,,
52146,15_198_001,432,301,301,0,5,296,LISTAS,,
52148,15_198_002,415,283,283,0,2,281,LISTAS,,
52150,15_199_001,583,353,353,0,5,348,LISTAS,,
52152,15_200_001,767,528,528,0,0,528,LISTAS,,
52154,15_200_002,455,277,277,0,0,277,LISTAS,,
52156,15_200_003,118,62,62,0,1,61,LISTAS,,
52158,15_201_001,242,128,128,0,3,125,LISTAS,,
52160,15_201_002,169,121,121,0,0,121,LISTAS,,
52162,15_202_001,233,150,150,0,0,150,LISTAS,,
52164,15_203_001,395,260,260,0,7,253,LISTAS,,
52166,15_204_001,515,388,388,0,1,387,LISTAS,,
52168,15_205_001,158,107,107,0,3,104,LISTAS,,
52170,15_206_001,555,413,413,0,16,397,LISTAS,,
52172,15_207_001,319,199,199,0,3,196,LISTAS,,
52174,15_208_001,252,187,187,0,2,185,LISTAS,,
52176,15_209_001,97,67,67,0,5,62,LISTAS,,
52178,15_210_001,391,250,250,0,3,247,LISTAS,,
52180,15_211_001,242,124,124,0,1,123,LISTAS,,
52182,15_212_001,164,105,105,0,4,101,LISTAS,,
52184,15_213_001,77,60,60,0,0,60,LISTAS,,
52598,15_214_001,464,331,331,0,2,329,LISTAS,,
52600,15_215_001,210,140,140,0,1,139,LISTAS,,
52602,15_216_001,456,312,312,0,5,307,LISTAS,,
52604,15_216_002,490,313,313,0,2,311,LISTAS,,
52606,15_217_001,478,324,324,0,11,313,LISTAS,,
52608,15_218_001,665,415,415,0,2,413,LISTAS,,
52610,15_218_002,706,463,463,0,1,462,LISTAS,,
52612,15_218_003,629,391,391,0,2,389,LISTAS,,
52614,15_218_004,715,466,466,0,4,462,LISTAS,,
52616,15_218_005,742,551,551,0,3,548,LISTAS,,
52618,15_219_001,504,299,299,0,5,294,LISTAS,,
52620,15_220_001,450,293,293,0,5,288,LISTAS,,
52622,15_220_002,462,274,274,0,8,266,LISTAS,,
52624,15_221_001,761,552,552,0,3,549,LISTAS,,
52626,15_221_002,779,534,534,0,2,532,LISTAS,,
52628,15_222_001,280,189,187,0,0,187,LISTAS,,
52630,15_223_001,160,105,103,0,3,100,LISTAS,,
52632,15_224_001,341,198,198,0,4,194,LISTAS,,
52634,15_225_001,100,54,54,0,0,54,LISTAS,,
52636,15_226_001,198,124,124,0,1,123,LISTAS,,
52638,15_227_001,179,108,108,0,3,105,LISTAS,,
52640,15_228_001,295,188,187,0,1,186,LISTAS,,
52642,15_229_001,95,47,47,0,2,45,LISTAS,,
52644,15_229_002,105,69,69,0,0,69,LISTAS,,
52646,15_230_001,113,88,88,0,5,83,LISTAS,,
52648,15_231_001,393,287,287,0,1,286,LISTAS,,
52650,15_232_001,591,369,369,0,4,365,LISTAS,,
52652,15_233_001,159,96,96,0,3,93,LISTAS,,
52654,15_234_001,163,122,122,0,1,121,LISTAS,,
52656,15_235_001,459,285,288,0,34,254,LISTAS,,
52658,15_236_001,333,241,241,0,3,238,LISTAS,,
52660,15_237_001,208,141,141,0,3,138,LISTAS,,
52662,15_238_001,883,633,633,0,0,633,LISTAS,,
52664,15_238_002,1098,802,802,0,2,800,LISTAS,,
52666,15_239_001,391,283,283,0,4,279,LISTAS,,
52668,15_239_002,512,384,383,0,9,374,LISTAS,,
52670,15_240_001,273,177,177,0,4,173,LISTAS,,
52672,15_241_001,432,287,287,0,13,274,LISTAS,,
52674,15_242_001,188,124,124,0,2,122,LISTAS,,
52676,15_243_001,354,251,251,0,7,244,LISTAS,,
52678,15_244_001,329,241,241,0,2,239,LISTAS,,
52680,15_245_001,421,272,272,0,4,268,LISTAS,,
52682,15_246_001,1093,799,799,0,5,794,LISTAS,,
52684,16_001_001,943,692,691,0,6,685,LISTAS,,
52686,16_001_002,897,707,707,0,12,695,LISTAS,,
52688,16_001_003,1127,791,791,0,3,788,LISTAS,,
52690,16_002_001,784,519,519,0,5,514,LISTAS,,
52692,16_002_002,765,425,425,0,2,423,LISTAS,,
52694,16_003_001,616,409,409,0,4,405,LISTAS,,
52696,16_003_002,596,342,342,0,6,336,LISTAS,,
52698,16_003_003,649,398,398,0,7,391,LISTAS,,
52700,16_004_001,739,447,447,0,11,436,LISTAS,,
52702,16_004_002,736,494,494,0,5,489,LISTAS,,
52704,16_005_001,740,642,642,0,7,635,LISTAS,,
52706,16_005_002,831,703,702,0,1,701,LISTAS,,
52708,16_005_003,1114,978,979,0,27,952,LISTAS,,
52710,16_006_001,796,527,527,0,9,518,LISTAS,,
52712,16_006_002,987,597,597,0,3,594,LISTAS,,
52714,16_006_003,1116,720,720,0,13,707,LISTAS,,
52716,16_006_004,362,185,185,0,5,180,LISTAS,,
52718,16_006_005,673,371,371,0,7,364,LISTAS,,
52720,16_006_006,1019,556,556,0,12,544,LISTAS,,
52722,16_007_001,613,395,395,0,4,391,LISTAS,,
52724,16_008_001,854,491,491,0,14,477,LISTAS,,
52726,16_009_001,535,336,336,0,7,329,LISTAS,,
52728,16_010_001,371,284,284,0,8,276,LISTAS,,
52730,16_011_001,757,505,504,0,10,494,LISTAS,,
52732,16_012_001,798,467,467,0,20,447,LISTAS,,
52734,16_013_001,618,477,477,0,3,474,LISTAS,,
52736,16_014_001,560,365,365,0,25,340,LISTAS,,
52738,16_015_001,760,405,405,0,0,405,LISTAS,,
53138,16_016_001,1115,726,726,0,8,718,LISTAS,,
53140,16_017_001,708,397,397,0,5,392,LISTAS,,
53142,16_018_001,558,332,332,0,5,327,LISTAS,,
53144,16_018_002,645,373,373,0,4,369,LISTAS,,
53146,16_018_003,588,330,330,0,10,320,LISTAS,,
53148,16_018_004,626,334,334,0,14,320,LISTAS,,
53150,16_019_001,579,394,393,0,3,390,LISTAS,,
53152,16_019_002,649,403,403,0,10,393,LISTAS,,
53154,16_019_003,520,298,298,0,5,293,LISTAS,,
53156,16_020_001,521,358,358,0,3,355,LISTAS,,
53158,16_021_001,455,302,302,0,2,300,LISTAS,,
53160,16_022_001,495,367,367,0,9,358,LISTAS,,
53162,16_023_001,307,193,193,0,0,193,LISTAS,,
53164,16_024_001,547,391,391,0,2,389,LISTAS,,
53166,16_025_001,741,476,476,0,7,469,LISTAS,,
53168,16_025_002,805,570,570,0,4,566,LISTAS,,
53170,16_025_003,1028,572,575,0,46,529,LISTAS,,
53172,16_025_004,712,521,521,0,3,518,LISTAS,,
53174,16_025_005,841,574,574,0,5,569,LISTAS,,
53176,16_026_001,626,405,405,0,3,402,LISTAS,,
53178,16_027_001,646,426,421,0,4,417,LISTAS,,
53180,16_028_001,127,70,70,0,0,70,LISTAS,,
53182,16_029_001,611,448,448,0,1,447,LISTAS,,
53184,16_029_002,872,595,595,0,11,584,LISTAS,,
53186,16_029_003,970,583,583,0,13,570,LISTAS,,
53188,16_029_004,639,416,414,0,7,407,LISTAS,,
53190,16_029_005,222,142,142,0,3,139,LISTAS,,
53192,16_030_001,1043,534,533,0,8,525,LISTAS,,
53194,16_030_002,1044,666,666,0,7,659,LISTAS,,
53196,16_030_003,866,561,561,0,10,551,LISTAS,,
53198,16_031_001,905,539,539,0,6,533,LISTAS,,
53200,16_031_002,849,580,580,0,12,568,LISTAS,,
53202,16_032_001,666,424,423,0,8,415,LISTAS,,
53204,16_032_002,730,462,460,0,20,440,LISTAS,,
53206,16_033_001,876,519,518,0,26,492,LISTAS,,
53208,16_034_001,647,419,418,0,5,413,LISTAS,,
53210,16_034_002,665,409,409,0,5,404,LISTAS,,
53212,16_035_001,489,271,269,0,4,265,LISTAS,,
53214,16_035_002,694,396,396,0,3,393,LISTAS,,
53216,16_035_003,180,87,87,0,1,86,LISTAS,,
53218,16_036_001,929,666,665,0,1,664,LISTAS,,
53220,16_036_002,902,684,687,0,28,659,LISTAS,,
53222,16_036_003,847,544,544,0,4,540,LISTAS,,
53224,16_036_004,900,663,661,0,4,657,LISTAS,,
53226,16_036_005,895,678,676,0,8,668,LISTAS,,
53228,16_036_006,961,681,681,0,4,677,LISTAS,,
53230,16_036_007,938,567,567,0,10,557,LISTAS,,
53232,16_037_001,1005,716,716,0,3,713,LISTAS,,
53234,16_037_002,994,640,640,0,8,632,LISTAS,,
53236,16_038_001,366,267,266,0,5,261,LISTAS,,
53238,16_039_001,237,171,171,0,4,167,LISTAS,,
53240,16_040_001,639,382,382,0,8,374,LISTAS,,
53242,16_041_001,107,88,88,0,1,87,LISTAS,,
53244,16_042_001,886,546,546,0,6,540,LISTAS,,
53246,16_042_002,893,564,564,0,6,558,LISTAS,,
53248,16_042_003,878,554,554,0,5,549,LISTAS,,
53250,16_043_001,488,293,293,0,4,289,LISTAS,,
53252,16_044_001,638,430,430,0,2,428,LISTAS,,
53254,16_045_001,745,483,483,0,8,475,LISTAS,,
53256,16_045_002,698,424,422,0,6,416,LISTAS,,
53258,16_046_001,438,333,333,0,2,331,LISTAS,,
53260,16_047_001,812,487,486,0,6,480,LISTAS,,
53262,16_047_002,717,438,437,0,2,435,LISTAS,,
53264,16_048_001,825,558,558,0,29,529,LISTAS,,
53266,16_049_001,97,64,64,0,3,61,LISTAS,,
53268,16_050_001,1189,624,624,0,20,604,LISTAS,,
53270,16_051_001,773,487,490,0,24,466,LISTAS,,
53272,16_051_002,786,414,414,0,2,412,LISTAS,,
53274,16_052_001,217,161,161,0,4,157,LISTAS,,
53276,16_053_001,991,648,648,0,5,643,LISTAS,,
53278,16_054_001,224,136,136,0,1,135,LISTAS,,
53672,16_055_001,234,147,147,0,0,147,LISTAS,,
53674,16_056_001,889,492,492,0,3,489,LISTAS,,
53676,16_056_002,728,397,397,0,10,387,LISTAS,,
53678,16_056_003,801,386,386,0,15,371,LISTAS,,
53680,16_057_001,983,634,634,0,8,626,LISTAS,,
53682,16_057_002,951,643,630,0,7,623,LISTAS,,
53684,16_057_003,1048,668,665,0,14,651,LISTAS,,
53686,16_057_004,1055,587,586,0,24,562,LISTAS,,
53688,16_057_005,1053,647,647,0,7,640,LISTAS,,
53690,16_057_006,169,122,122,0,4,118,LISTAS,,
53692,16_058_001,951,626,626,0,13,613,LISTAS,,
53694,16_059_001,641,436,435,0,5,430,LISTAS,,
53696,16_060_001,1355,943,943,0,4,939,LISTAS,,
53698,16_061_001,1035,675,673,0,9,664,LISTAS,,
53700,16_062_001,594,414,414,0,9,405,LISTAS,,
53702,16_063_001,611,375,375,0,8,367,LISTAS,,
53704,16_063_002,718,447,447,0,4,443,LISTAS,,
53706,16_063_003,580,385,385,0,6,379,LISTAS,,
53708,16_063_004,839,529,529,0,3,526,LISTAS,,
53710,16_063_005,226,145,145,0,1,144,LISTAS,,
53712,16_064_001,723,448,438,0,5,433,LISTAS,,
53714,16_064_002,593,384,384,0,4,380,LISTAS,,
53716,16_064_003,174,117,117,0,1,116,LISTAS,,
53718,16_065_001,710,441,441,0,6,435,LISTAS,,
53720,16_065_002,900,495,495,0,27,468,LISTAS,,
53722,16_066_001,1030,712,712,0,12,700,LISTAS,,
53724,16_066_002,1044,768,768,0,13,755,LISTAS,,
53726,16_066_003,770,565,565,0,7,558,LISTAS,,
53728,16_066_004,954,637,637,0,18,619,LISTAS,,
53730,16_067_001,716,491,491,0,8,483,LISTAS,,
53732,16_067_002,799,483,483,0,9,474,LISTAS,,
53734,16_068_001,610,430,430,0,2,428,LISTAS,,
53736,16_068_002,590,408,408,0,15,393,LISTAS,,
53738,16_069_001,231,144,144,0,2,142,LISTAS,,
53740,16_070_001,835,530,530,0,5,525,LISTAS,,
53742,16_071_001,51,34,34,0,1,33,LISTAS,,
53744,16_072_001,1312,854,854,0,11,843,LISTAS,,
53746,16_073_001,228,152,152,0,2,150,LISTAS,,
53748,16_074_001,692,356,356,0,16,340,LISTAS,,
53750,16_075_001,427,295,295,0,14,281,LISTAS,,
53752,16_076_001,823,550,550,0,5,545,LISTAS,,
53754,16_077_001,715,455,455,0,0,455,LISTAS,,
53756,16_077_002,3842,3257,3244,-13,47,3197,LISTAS,,
53758,16_077_003,710,494,493,0,6,487,LISTAS,,
53760,16_077_004,938,658,658,0,10,648,LISTAS,,
53762,16_077_005,1097,768,768,0,4,764,LISTAS,,
53764,16_077_006,714,557,557,0,10,547,LISTAS,,
53766,16_077_007,841,527,527,0,16,511,LISTAS,,
53768,16_077_008,919,650,650,0,9,641,LISTAS,,
53770,16_077_009,798,554,554,0,5,549,LISTAS,,
53772,16_077_010,828,632,631,0,1,630,LISTAS,,
53774,16_077_011,814,616,616,0,2,614,LISTAS,,
53776,16_077_012,630,473,473,0,5,468,LISTAS,,
53778,16_077_013,908,589,589,0,6,583,LISTAS,,
53780,16_077_014,815,577,577,0,7,570,LISTAS,,
53782,16_077_015,763,523,523,0,10,513,LISTAS,,
53784,16_077_016,814,554,554,0,8,546,LISTAS,,
53786,16_078_001,976,651,651,0,7,644,LISTAS,,
53788,16_078_002,628,396,396,0,11,385,LISTAS,,
53790,16_078_003,745,459,460,0,38,422,LISTAS,,
53792,16_079_001,97,60,60,0,2,58,LISTAS,,
53794,16_080_001,1072,659,659,0,8,651,LISTAS,,
53796,16_081_001,1216,733,733,0,55,678,LISTAS,,
53798,16_081_002,1178,688,688,0,5,683,LISTAS,,
53800,16_081_003,1214,763,763,0,3,760,LISTAS,,
53802,16_082_001,1083,734,734,0,6,728,LISTAS,,
53804,16_083_001,500,331,331,0,11,320,LISTAS,,
53806,16_084_001,776,557,553,0,22,531,LISTAS,,
53808,16_085_001,784,477,477,0,15,462,LISTAS,,
53810,16_085_002,759,491,491,0,4,487,LISTAS,,
53812,16_085_003,780,500,500,0,7,493,LISTAS,,
54208,16_086_001,811,424,424,0,4,420,LISTAS,,
54210,16_087_001,405,298,298,0,1,297,LISTAS,,
54212,16_088_001,221,152,152,0,0,152,LISTAS,,
54214,16_089_001,708,435,439,0,49,390,LISTAS,,
54216,16_090_001,239,160,160,0,0,160,LISTAS,,
54218,16_091_001,671,447,446,0,5,441,LISTAS,,
54220,16_091_002,730,461,461,0,5,456,LISTAS,,
54222,16_091_003,978,479,479,0,10,469,LISTAS,,
54224,16_091_004,840,530,530,0,15,515,LISTAS,,
54226,16_092_001,789,555,554,0,14,540,LISTAS,,
54228,16_092_002,861,534,534,0,23,511,LISTAS,,
54230,16_093_001,491,312,312,0,6,306,LISTAS,,
54232,16_094_001,1124,755,755,0,15,740,LISTAS,,
54234,16_094_002,3245,2750,2737,-13,13,2724,LISTAS,,
54236,16_094_003,693,483,483,0,9,474,LISTAS,,
54238,16_094_004,778,569,569,0,1,568,LISTAS,,
54240,16_094_005,759,496,496,0,6,490,LISTAS,,
54242,16_094_006,802,545,545,0,5,540,LISTAS,,
54244,16_094_007,898,587,586,0,2,584,LISTAS,,
54246,16_094_008,681,482,482,0,3,479,LISTAS,,
54248,16_094_009,833,562,562,0,7,555,LISTAS,,
54250,16_094_010,783,557,557,0,3,554,LISTAS,,
54252,16_094_011,816,549,549,0,7,542,LISTAS,,
54254,16_094_012,966,655,655,0,4,651,LISTAS,,
54256,16_094_013,815,591,591,0,4,587,LISTAS,,
54258,16_094_014,769,526,526,0,6,520,LISTAS,,
54260,16_094_015,880,652,652,0,11,641,LISTAS,,
54262,16_094_016,936,701,701,0,6,695,LISTAS,,
54264,16_095_001,244,120,120,0,3,117,LISTAS,,
54266,16_096_001,818,497,496,0,9,487,LISTAS,,
54268,16_097_001,573,365,365,0,15,350,LISTAS,,
54270,16_098_001,1036,638,638,0,6,632,LISTAS,,
54272,16_098_002,612,371,371,0,4,367,LISTAS,,
54274,16_099_001,753,534,533,0,16,517,LISTAS,,
54276,16_100_001,521,337,337,0,5,332,LISTAS,,
54278,16_101_001,927,513,513,0,3,510,LISTAS,,
54280,16_101_002,223,119,119,0,3,116,LISTAS,,
54282,16_101_003,105,63,63,0,0,63,LISTAS,,
54284,16_102_001,813,459,459,0,16,443,LISTAS,,
54286,16_102_002,826,442,442,0,2,440,LISTAS,,
54288,16_103_001,1045,599,597,0,7,590,LISTAS,,
54290,16_103_002,565,359,361,0,22,339,LISTAS,,
54292,16_103_003,834,499,499,0,4,495,LISTAS,,
54294,16_103_004,679,365,364,0,7,357,LISTAS,,
54296,16_103_005,1008,507,506,0,13,493,LISTAS,,
54298,16_103_006,793,478,478,0,4,474,LISTAS,,
54300,16_104_001,708,474,474,0,5,469,LISTAS,,
54302,16_104_002,605,355,355,0,2,353,LISTAS,,
54304,16_104_003,785,447,447,0,3,444,LISTAS,,
54306,16_104_004,842,425,425,0,15,410,LISTAS,,
54308,16_104_005,761,431,431,0,3,428,LISTAS,,
54310,16_104_006,782,486,486,0,18,468,LISTAS,,
54312,16_105_001,113,86,86,0,2,84,LISTAS,,
54314,16_106_001,918,614,612,0,9,603,LISTAS,,
54316,16_106_002,1015,608,606,0,5,601,LISTAS,,
54318,16_106_003,985,592,592,0,5,587,LISTAS,,
54320,16_106_004,924,599,599,0,0,599,LISTAS,,
54322,16_106_005,899,623,623,0,5,618,LISTAS,,
54324,16_106_006,982,627,627,0,13,614,LISTAS,,
54326,16_106_007,910,605,605,0,5,600,LISTAS,,
54328,16_106_008,993,662,663,0,15,648,LISTAS,,
54330,16_107_001,421,252,252,0,4,248,LISTAS,,
54332,16_108_001,1137,770,770,0,9,761,LISTAS,,
54334,16_109_001,926,617,617,0,6,611,LISTAS,,
54336,16_109_002,1006,607,605,0,13,592,LISTAS,,
54338,16_109_003,1112,592,592,0,3,589,LISTAS,,
54340,16_110_001,750,528,521,0,9,512,LISTAS,,
54342,16_111_001,97,59,59,0,1,58,LISTAS,,
54344,16_112_001,1370,823,825,0,94,731,LISTAS,,
54346,16_112_002,1132,744,740,0,8,732,LISTAS,,
54742,16_112_003,3183,2680,2669,-11,20,2649,LISTAS,,
54744,16_112_004,1131,828,828,0,9,819,LISTAS,,
54746,16_112_005,1132,813,813,0,5,808,LISTAS,,
54748,16_112_006,1207,928,927,0,6,921,LISTAS,,
54750,16_112_007,1166,794,794,0,14,780,LISTAS,,
54752,16_112_008,1048,739,738,0,5,733,LISTAS,,
54754,16_113_001,680,478,478,0,8,470,LISTAS,,
54756,16_113_002,819,557,557,0,8,549,LISTAS,,
54758,16_113_003,624,423,423,0,14,409,LISTAS,,
54760,16_114_001,886,743,743,0,14,729,LISTAS,,
54762,16_114_002,745,637,637,0,11,626,LISTAS,,
54764,16_114_003,808,682,681,0,13,668,LISTAS,,
54766,16_115_001,580,401,401,0,5,396,LISTAS,,
54768,16_115_002,882,514,513,0,6,507,LISTAS,,
54770,16_115_003,803,539,522,0,4,518,LISTAS,,
54772,16_116_001,1082,754,754,0,23,731,LISTAS,,
54774,16_116_002,629,399,399,0,13,386,LISTAS,,
54776,16_117_001,949,650,650,0,12,638,LISTAS,,
54778,16_118_001,489,329,329,0,9,320,LISTAS,,
54780,16_119_001,840,611,611,0,7,604,LISTAS,,
54782,16_119_002,4623,4068,4057,-11,27,4030,LISTAS,,
54784,16_119_003,764,534,534,0,7,527,LISTAS,,
54786,16_119_004,1281,927,926,0,10,916,LISTAS,,
54788,16_119_005,973,721,719,0,5,714,LISTAS,,
54790,16_119_006,945,683,683,0,5,678,LISTAS,,
54792,16_119_007,891,712,712,0,4,708,LISTAS,,
54794,16_119_008,1050,767,767,0,0,767,LISTAS,,
54796,16_119_009,836,540,540,0,3,537,LISTAS,,
54798,16_119_010,855,632,629,0,4,625,LISTAS,,
54800,16_119_011,980,681,681,0,4,677,LISTAS,,
54802,16_119_012,828,544,544,0,3,541,LISTAS,,
54804,16_119_013,978,548,548,0,11,537,LISTAS,,
54806,16_119_014,935,689,686,0,2,684,LISTAS,,
54808,16_119_015,1105,917,917,0,10,907,LISTAS,,
54810,16_119_016,712,555,553,0,0,553,LISTAS,,
54812,16_119_017,941,792,791,0,5,786,LISTAS,,
54814,16_119_018,667,517,516,0,4,512,LISTAS,,
54816,16_119_019,1117,769,769,0,7,762,LISTAS,,
54818,16_119_020,802,562,562,0,2,560,LISTAS,,
54820,16_119_021,802,578,578,0,0,578,LISTAS,,
54822,16_119_022,1293,965,965,0,10,955,LISTAS,,
54824,16_119_023,937,664,664,0,17,647,LISTAS,,
54826,16_119_024,1097,794,791,0,7,784,LISTAS,,
54828,16_119_025,899,661,660,0,11,649,LISTAS,,
54830,16_119_026,824,555,555,0,4,551,LISTAS,,
54832,16_119_027,673,469,469,0,5,464,LISTAS,,
54834,16_119_028,984,779,779,0,2,777,LISTAS,,
54836,16_119_029,857,608,606,0,12,594,LISTAS,,
54838,16_119_030,1028,735,735,0,17,718,LISTAS,,
54840,16_119_031,853,636,636,0,0,636,LISTAS,,
54842,16_119_032,846,672,672,0,3,669,LISTAS,,
54844,16_119_033,797,601,601,0,6,595,LISTAS,,
54846,16_119_034,953,714,714,0,4,710,LISTAS,,
54848,16_119_035,708,459,457,0,4,453,LISTAS,,
54850,16_119_036,867,602,602,0,5,597,LISTAS,,
54852,16_119_037,579,445,445,0,4,441,LISTAS,,
54854,16_119_038,681,537,537,0,2,535,LISTAS,,
54856,16_119_039,656,408,405,0,3,402,LISTAS,,
54858,16_119_040,977,668,668,0,11,657,LISTAS,,
54860,16_119_041,1157,830,830,0,3,827,LISTAS,,
54862,16_119_042,1190,820,819,0,3,816,LISTAS,,
54864,16_119_043,816,568,566,0,29,537,LISTAS,,
54866,16_119_044,929,675,675,0,10,665,LISTAS,,
54868,16_119_045,655,516,517,0,14,503,LISTAS,,
55262,16_119_046,919,604,603,0,6,597,LISTAS,,
55264,16_119_047,707,487,488,0,14,474,LISTAS,,
55266,16_119_048,1123,750,750,0,7,743,LISTAS,,
55268,16_119_049,664,425,425,0,4,421,LISTAS,,
55270,16_119_050,852,600,600,0,2,598,LISTAS,,
55272,16_119_051,966,634,631,0,5,626,LISTAS,,
55274,16_119_052,863,593,592,0,3,589,LISTAS,,
55276,16_119_053,710,495,495,0,8,487,LISTAS,,
55278,16_119_054,1192,876,876,0,8,868,LISTAS,,
55280,16_119_055,905,586,586,0,8,578,LISTAS,,
55282,16_119_056,666,486,486,0,1,485,LISTAS,,
55284,16_119_057,1011,769,769,0,8,761,LISTAS,,
55286,16_119_058,780,619,618,0,6,612,LISTAS,,
55288,16_119_059,848,684,684,0,5,679,LISTAS,,
55290,16_119_060,735,557,556,0,8,548,LISTAS,,
55292,16_119_061,677,422,422,0,4,418,LISTAS,,
55294,16_119_062,1272,906,906,0,2,904,LISTAS,,
55296,16_119_063,869,595,595,0,7,588,LISTAS,,
55298,16_119_064,785,531,531,0,4,527,LISTAS,,
55300,16_119_065,1005,667,667,0,8,659,LISTAS,,
55302,16_119_066,1170,821,818,0,11,807,LISTAS,,
55304,16_119_067,1067,720,720,0,2,718,LISTAS,,
55306,16_119_068,933,656,656,0,2,654,LISTAS,,
55308,16_119_069,1052,707,705,0,7,698,LISTAS,,
55310,16_119_070,1139,842,842,0,4,838,LISTAS,,
55312,16_119_071,847,690,690,0,1,689,LISTAS,,
55314,16_119_072,840,480,480,0,3,477,LISTAS,,
55316,16_119_073,3476,3012,3004,-8,10,2994,LISTAS,,
55318,16_119_074,919,727,727,0,7,720,LISTAS,,
55320,16_119_075,1127,854,853,0,2,851,LISTAS,,
55322,16_119_076,575,185,185,0,7,178,LISTAS,,
55324,16_119_077,654,379,378,0,0,378,LISTAS,,
55326,16_119_078,1594,1047,1047,0,9,1038,LISTAS,,
55328,16_119_079,1283,809,809,0,3,806,LISTAS,,
55330,16_119_080,903,587,587,0,8,579,LISTAS,,
55332,16_119_081,790,504,503,0,4,499,LISTAS,,
55334,16_119_082,1005,607,607,0,5,602,LISTAS,,
55336,16_119_083,737,352,351,0,2,349,LISTAS,,
55338,16_119_084,1111,753,752,0,6,746,LISTAS,,
55340,16_119_085,1079,703,703,0,1,702,LISTAS,,
55342,16_119_086,993,573,573,0,5,568,LISTAS,,
55344,16_119_087,871,617,615,0,3,612,LISTAS,,
55346,16_119_088,735,532,532,0,7,525,LISTAS,,
55348,16_119_089,1127,839,839,0,7,832,LISTAS,,
55350,16_119_090,998,718,718,0,8,710,LISTAS,,
55352,16_119_091,1039,683,682,0,6,676,LISTAS,,
55354,16_119_092,805,498,497,0,2,495,LISTAS,,
55356,16_119_093,973,765,765,0,0,765,LISTAS,,
55358,16_119_094,875,704,706,0,23,683,LISTAS,,
55360,16_119_095,1042,779,778,0,1,777,LISTAS,,
55362,16_119_096,1121,863,862,0,21,841,LISTAS,,
55364,16_119_097,788,535,535,0,6,529,LISTAS,,
55366,16_119_098,717,510,510,0,2,508,LISTAS,,
55368,16_119_099,924,685,685,0,7,678,LISTAS,,
55370,16_119_100,699,435,435,0,4,431,LISTAS,,
55372,16_120_001,728,467,467,0,6,461,LISTAS,,
55374,16_120_002,170,108,108,0,4,104,LISTAS,,
55376,16_121_001,766,441,441,0,8,433,LISTAS,,
55378,16_121_002,817,516,516,0,12,504,LISTAS,,
55380,16_122_001,895,555,555,0,11,544,LISTAS,,
55382,16_123_001,684,554,554,0,7,547,LISTAS,,
55384,16_124_001,767,530,530,0,9,521,LISTAS,,
55386,16_124_002,1031,688,688,0,12,676,LISTAS,,
55798,16_125_001,711,490,490,0,16,474,LISTAS,,
55800,16_125_002,733,543,543,0,5,538,LISTAS,,
55802,16_126_001,636,465,453,0,11,442,LISTAS,,
55804,16_127_001,569,401,402,0,18,384,LISTAS,,
55806,16_128_001,828,563,563,0,10,553,LISTAS,,
55808,16_128_002,954,632,632,0,9,623,LISTAS,,
55810,16_128_003,372,257,257,0,7,250,LISTAS,,
55812,16_129_001,995,489,489,0,22,467,LISTAS,,
55814,16_129_002,873,449,448,0,23,425,LISTAS,,
55816,16_129_003,885,517,517,0,7,510,LISTAS,,
55818,16_129_004,838,512,512,0,9,503,LISTAS,,
55820,16_130_001,1114,760,761,0,19,742,LISTAS,,
55822,16_130_002,1053,646,646,0,1,645,LISTAS,,
55824,16_131_001,677,442,442,0,7,435,LISTAS,,
55826,16_131_002,758,461,461,0,11,450,LISTAS,,
55828,16_132_001,722,467,467,0,5,462,LISTAS,,
55830,16_133_001,630,468,468,0,4,464,LISTAS,,
55832,16_133_002,672,487,487,0,3,484,LISTAS,,
55834,16_133_003,805,554,554,0,3,551,LISTAS,,
55836,16_133_004,775,527,527,0,2,525,LISTAS,,
55838,16_134_001,541,386,386,0,3,383,LISTAS,,
55840,16_135_001,849,509,509,0,2,507,LISTAS,,
55842,16_135_002,735,449,449,0,3,446,LISTAS,,
55844,16_136_001,854,564,567,0,25,542,LISTAS,,
55846,16_136_002,1068,709,709,0,6,703,LISTAS,,
55848,16_136_003,1089,653,653,0,2,651,LISTAS,,
55850,16_136_004,726,361,361,0,3,358,LISTAS,,
55852,16_136_005,1109,615,615,0,12,603,LISTAS,,
55854,16_136_006,688,520,520,0,3,517,LISTAS,,
55856,16_137_001,871,566,566,0,2,564,LISTAS,,
55858,16_138_001,694,478,478,0,9,469,LISTAS,,
55860,16_138_002,815,554,554,0,9,545,LISTAS,,
55862,16_139_001,749,507,507,0,10,497,LISTAS,,
55864,16_139_002,822,518,519,0,23,496,LISTAS,,
55866,16_140_001,544,369,367,0,3,364,LISTAS,,
55868,16_141_001,246,180,178,0,5,173,LISTAS,,
55870,16_142_001,983,603,603,0,17,586,LISTAS,,
55872,16_142_002,1054,652,652,0,17,635,LISTAS,,
55874,16_143_001,996,607,607,0,14,593,LISTAS,,
55876,16_143_002,1260,611,610,0,12,598,LISTAS,,
55878,16_144_001,690,389,387,0,9,378,LISTAS,,
55880,16_144_002,682,412,408,0,15,393,LISTAS,,
55882,16_145_001,371,206,206,0,1,205,LISTAS,,
55884,16_146_001,672,391,391,0,16,375,LISTAS,,
55886,16_146_002,552,360,360,0,12,348,LISTAS,,
55888,16_147_001,489,350,345,0,3,342,LISTAS,,
55890,16_148_001,744,504,504,0,7,497,LISTAS,,
55892,16_148_002,730,449,449,0,8,441,LISTAS,,
55894,16_149_001,667,453,452,0,3,449,LISTAS,,
55896,16_150_001,944,584,584,0,16,568,LISTAS,,
55898,16_151_001,719,458,458,0,7,451,LISTAS,,
55900,16_151_002,918,600,600,0,4,596,LISTAS,,
55902,16_151_003,633,428,428,0,5,423,LISTAS,,
55904,16_152_001,538,301,301,0,3,298,LISTAS,,
55906,16_153_001,770,502,502,0,15,487,LISTAS,,
55908,16_154_001,610,399,399,0,9,390,LISTAS,,
55910,16_155_001,736,461,461,0,7,454,LISTAS,,
55912,16_155_002,667,448,446,0,10,436,LISTAS,,
55914,16_156_001,614,468,457,0,4,453,LISTAS,,
55916,16_156_002,682,496,496,0,6,490,LISTAS,,
55918,16_157_001,655,419,419,0,8,411,LISTAS,,
55920,16_157_002,671,373,373,0,3,370,LISTAS,,
55922,16_157_003,648,361,361,0,16,345,LISTAS,,
55924,16_158_001,659,424,424,0,4,420,LISTAS,,
55926,16_158_002,647,389,389,0,8,381,LISTAS,,
55928,16_159_001,1132,752,752,0,11,741,LISTAS,,
55930,16_160_001,635,448,448,0,3,445,LISTAS,,
55932,16_160_002,853,541,540,0,4,536,LISTAS,,
55934,16_160_003,738,448,448,0,15,433,LISTAS,,
55936,16_160_004,611,422,422,0,6,416,LISTAS,,
55938,16_160_005,810,515,515,0,6,509,LISTAS,,
56350,16_161_001,1151,713,713,0,8,705,LISTAS,,
56352,16_162_001,117,70,70,0,1,69,LISTAS,,
56354,16_163_001,823,466,465,0,4,461,LISTAS,,
56356,16_164_001,967,702,702,0,20,682,LISTAS,,
56358,16_165_001,559,351,351,0,13,338,LISTAS,,
56360,16_166_001,1150,735,728,0,4,724,LISTAS,,
56362,16_167_001,646,401,401,0,7,394,LISTAS,,
56364,16_168_001,267,187,186,0,6,180,LISTAS,,
56366,16_169_001,919,540,540,0,2,538,LISTAS,,
56368,16_170_001,563,347,347,0,0,347,LISTAS,,
56370,16_170_002,637,391,391,0,5,386,LISTAS,,
56372,16_171_001,805,488,487,0,11,476,LISTAS,,
56374,16_171_002,638,386,386,0,4,382,LISTAS,,
56376,16_171_003,688,375,375,0,7,368,LISTAS,,
56378,16_172_001,426,255,255,0,3,252,LISTAS,,
56380,16_173_001,321,209,210,0,11,199,LISTAS,,
56382,16_174_001,332,231,225,0,5,220,LISTAS,,
56384,16_175_001,558,359,357,0,14,343,LISTAS,,
56386,16_176_001,634,476,466,0,1,465,LISTAS,,
56388,16_176_002,828,522,522,0,10,512,LISTAS,,
56390,16_177_001,241,168,168,0,3,165,LISTAS,,
56392,16_178_001,314,237,237,0,5,232,LISTAS,,
56394,16_179_001,567,351,351,0,9,342,LISTAS,,
56396,16_179_002,587,386,385,0,4,381,LISTAS,,
56398,16_180_001,781,480,480,0,4,476,LISTAS,,
56400,16_181_001,925,557,557,0,29,528,LISTAS,,
56402,16_181_002,1009,730,730,0,12,718,LISTAS,,
56404,16_182_001,291,222,222,0,2,220,LISTAS,,
56406,16_183_001,539,330,330,0,4,326,LISTAS,,
56408,16_184_001,820,536,536,0,9,527,LISTAS,,
56410,16_185_001,977,566,566,0,13,553,LISTAS,,
56412,16_186_001,497,367,367,0,14,353,LISTAS,,
56414,16_187_001,1192,694,694,0,8,686,LISTAS,,
56416,16_188_001,723,468,468,0,17,451,LISTAS,,
56418,16_188_002,674,461,461,0,10,451,LISTAS,,
56420,16_189_001,731,408,408,0,5,403,LISTAS,,
56422,16_189_002,751,403,402,0,9,393,LISTAS,,
56424,16_190_001,202,157,157,0,3,154,LISTAS,,
56426,16_191_001,574,336,336,0,4,332,LISTAS,,
56428,16_191_002,520,365,365,0,7,358,LISTAS,,
56430,16_191_003,566,367,367,0,5,362,LISTAS,,
56432,16_192_001,498,269,269,0,2,267,LISTAS,,
56434,16_192_002,676,399,399,0,2,397,LISTAS,,
56436,16_192_003,730,399,399,0,2,397,LISTAS,,
56438,16_192_004,118,60,60,0,8,52,LISTAS,,
56440,16_193_001,721,448,448,0,9,439,LISTAS,,
56442,16_193_002,688,358,358,0,23,335,LISTAS,,
56444,16_193_003,407,266,266,0,1,265,LISTAS,,
56446,16_193_004,105,70,70,0,0,70,LISTAS,,
56448,16_194_001,581,422,422,0,9,413,LISTAS,,
56450,16_194_002,620,468,468,0,1,467,LISTAS,,
56452,16_195_001,735,419,419,0,2,417,LISTAS,,
56454,16_196_001,632,412,410,0,2,408,LISTAS,,
56456,16_197_001,930,646,644,0,2,642,LISTAS,,
56458,16_197_002,1006,634,634,0,6,628,LISTAS,,
56460,16_197_003,819,514,514,0,8,506,LISTAS,,
56462,16_197_004,881,606,606,0,3,603,LISTAS,,
56464,16_197_005,320,153,153,0,2,151,LISTAS,,
56466,16_197_006,185,108,108,0,15,93,LISTAS,,
56468,16_198_001,517,342,342,0,6,336,LISTAS,,
56470,16_199_001,599,338,338,0,3,335,LISTAS,,
56472,16_199_002,615,412,412,0,3,409,LISTAS,,
56474,16_199_003,278,160,160,0,2,158,LISTAS,,
56476,16_200_001,407,205,215,0,57,158,LISTAS,,
56478,16_201_001,765,510,510,0,4,506,LISTAS,,
56480,16_202_001,944,547,547,0,6,541,LISTAS,,
56482,16_203_001,605,384,383,0,3,380,LISTAS,,
56484,16_203_002,526,327,327,0,4,323,LISTAS,,
56486,16_204_001,745,390,389,0,7,382,LISTAS,,
56488,16_204_002,720,393,392,0,12,380,LISTAS,,
56490,16_204_003,973,667,667,0,10,657,LISTAS,,
56492,16_204_004,1178,742,742,0,6,736,LISTAS,,
56494,16_204_005,664,447,447,0,3,444,LISTAS,,
56898,16_204_006,710,455,455,0,10,445,LISTAS,,
56900,16_204_007,1024,699,698,0,3,695,LISTAS,,
56902,16_204_008,1155,794,791,0,8,783,LISTAS,,
56904,16_204_009,1076,729,729,0,2,727,LISTAS,,
56906,16_204_010,1294,898,898,0,51,847,LISTAS,,
56908,16_205_001,385,226,226,0,3,223,LISTAS,,
56910,16_206_001,507,333,333,0,5,328,LISTAS,,
56912,16_207_001,169,128,128,0,0,128,LISTAS,,
56914,16_208_001,632,377,377,0,0,377,LISTAS,,
56916,16_208_002,643,400,399,0,3,396,LISTAS,,
56918,16_208_003,783,459,459,0,7,452,LISTAS,,
56920,16_209_001,711,472,472,0,5,467,LISTAS,,
56922,16_209_002,615,387,387,0,4,383,LISTAS,,
56924,16_209_003,604,333,333,0,3,330,LISTAS,,
56926,16_210_001,896,543,543,0,33,510,LISTAS,,
56928,16_210_002,801,512,512,0,16,496,LISTAS,,
56930,16_210_003,773,485,485,0,15,470,LISTAS,,
56932,16_211_001,583,378,378,0,5,373,LISTAS,,
56934,16_212_001,533,379,379,0,4,375,LISTAS,,
56936,16_213_001,516,299,299,0,7,292,LISTAS,,
56938,16_213_002,535,307,307,0,5,302,LISTAS,,
56940,16_213_003,486,259,259,0,2,257,LISTAS,,
56942,16_214_001,503,339,339,0,6,333,LISTAS,,
56944,16_215_001,384,237,237,0,10,227,LISTAS,,
56946,16_216_001,536,333,333,0,2,331,LISTAS,,
56948,16_217_001,1181,831,830,0,2,828,LISTAS,,
56950,16_217_002,1414,985,985,0,5,980,LISTAS,,
56952,16_217_003,1147,721,721,0,5,716,LISTAS,,
56954,16_217_004,1397,887,888,0,18,870,LISTAS,,
56956,16_217_005,1352,807,807,0,10,797,LISTAS,,
56958,16_217_006,1044,672,672,0,13,659,LISTAS,,
56960,16_217_007,1161,715,715,0,4,711,LISTAS,,
56962,16_217_008,1290,726,725,0,5,720,LISTAS,,
56964,16_218_001,754,461,460,0,17,443,LISTAS,,
56966,16_219_001,969,612,612,0,9,603,LISTAS,,
56968,16_219_002,1023,732,732,0,13,719,LISTAS,,
56970,16_219_003,810,519,519,0,10,509,LISTAS,,
56972,16_220_001,603,346,346,0,12,334,LISTAS,,
56974,16_220_002,678,408,407,0,5,402,LISTAS,,
56976,16_221_001,990,584,584,0,5,579,LISTAS,,
56978,16_222_001,475,293,293,0,5,288,LISTAS,,
56980,16_223_001,449,343,343,0,11,332,LISTAS,,
56982,16_224_001,739,455,455,0,2,453,LISTAS,,
56984,16_224_002,967,656,656,0,3,653,LISTAS,,
56986,16_224_003,4529,3800,3793,-7,28,3765,LISTAS,,
56988,16_224_004,958,523,523,0,5,518,LISTAS,,
56990,16_224_005,675,489,489,0,1,488,LISTAS,,
56992,16_224_006,576,394,394,0,2,392,LISTAS,,
56994,16_224_007,815,557,557,0,5,552,LISTAS,,
56996,16_224_008,1059,692,692,0,3,689,LISTAS,,
56998,16_224_009,199,112,112,0,0,112,LISTAS,,
57000,16_225_001,339,232,232,0,4,228,LISTAS,,
57002,16_226_001,940,691,691,0,12,679,LISTAS,,
57004,16_226_002,955,653,652,0,10,642,LISTAS,,
57006,16_226_003,770,554,554,0,12,542,LISTAS,,
57008,16_226_004,837,562,562,0,14,548,LISTAS,,
57010,16_227_001,342,237,237,0,1,236,LISTAS,,
57012,16_228_001,588,383,383,0,12,371,LISTAS,,
57014,16_229_001,812,487,487,0,5,482,LISTAS,,
57016,17_001_001,566,400,400,0,0,400,LISTAS,,
57018,17_002_001,578,360,360,0,8,352,LISTAS,,
57020,17_003_001,349,253,253,0,9,244,LISTAS,,
57022,17_003_002,461,348,348,0,12,336,LISTAS,,
57024,17_004_001,641,418,418,0,5,413,LISTAS,,
57026,17_005_001,631,412,414,0,25,389,LISTAS,,
57028,17_005_002,645,383,383,0,2,381,LISTAS,,
57030,17_006_001,318,228,228,0,1,227,LISTAS,,
57032,17_007_001,1023,651,651,0,5,646,LISTAS,,
57440,17_007_002,957,649,649,0,3,646,LISTAS,,
57442,17_007_003,1055,735,735,0,7,728,LISTAS,,
57444,17_007_004,1094,650,649,0,1,648,LISTAS,,
57446,17_007_005,1060,704,706,0,36,670,LISTAS,,
57448,17_008_001,207,145,145,0,6,139,LISTAS,,
57450,17_009_001,359,209,209,0,4,205,LISTAS,,
57452,17_010_001,876,549,549,0,3,546,LISTAS,,
57454,17_010_002,865,507,507,0,7,500,LISTAS,,
57456,17_011_001,602,413,410,0,3,407,LISTAS,,
57458,17_011_002,624,439,439,0,4,435,LISTAS,,
57460,17_011_003,593,416,416,0,6,410,LISTAS,,
57462,17_011_004,660,467,467,0,7,460,LISTAS,,
57464,17_011_005,626,466,465,0,10,455,LISTAS,,
57466,17_011_006,658,482,482,0,7,475,LISTAS,,
57468,17_011_007,627,428,427,0,4,423,LISTAS,,
57470,17_011_008,651,468,468,0,5,463,LISTAS,,
57472,17_011_009,638,431,431,0,7,424,LISTAS,,
57474,17_011_010,569,415,415,0,6,409,LISTAS,,
57476,17_011_011,591,421,421,0,6,415,LISTAS,,
57478,17_011_012,636,501,501,0,6,495,LISTAS,,
57480,17_011_013,603,434,434,0,2,432,LISTAS,,
57482,17_011_014,581,447,447,0,5,442,LISTAS,,
57484,17_011_015,617,475,474,0,11,463,LISTAS,,
57486,17_011_016,907,674,674,0,2,672,LISTAS,,
57488,17_011_017,270,164,164,0,2,162,LISTAS,,
57490,17_011_018,135,90,90,0,0,90,LISTAS,,
57492,17_012_001,373,269,269,0,16,253,LISTAS,,
57494,17_013_001,760,526,526,0,3,523,LISTAS,,
57496,17_013_002,707,518,518,0,2,516,LISTAS,,
57498,17_013_003,695,411,411,0,1,410,LISTAS,,
57500,17_014_001,741,499,498,0,5,493,LISTAS,,
57502,17_015_001,249,125,125,0,3,122,LISTAS,,
57504,17_016_001,657,446,445,0,2,443,LISTAS,,
57506,17_017_001,838,539,539,0,3,536,LISTAS,,
57508,17_017_002,143,97,97,0,0,97,LISTAS,,
57510,17_018_001,805,468,468,0,2,466,LISTAS,,
57512,17_018_002,778,475,475,0,4,471,LISTAS,,
57514,17_018_003,842,479,479,0,7,472,LISTAS,,
57516,17_018_004,761,436,436,0,7,429,LISTAS,,
57518,17_019_001,282,175,176,0,9,167,LISTAS,,
57520,17_020_001,750,475,474,0,3,471,LISTAS,,
57522,17_020_002,863,614,613,0,3,610,LISTAS,,
57524,17_020_003,823,573,573,0,4,569,LISTAS,,
57526,17_020_004,937,577,576,0,2,574,LISTAS,,
57528,17_020_005,668,491,491,0,1,490,LISTAS,,
57530,17_020_006,536,340,340,0,3,337,LISTAS,,
57532,17_020_007,566,399,399,0,0,399,LISTAS,,
57534,17_020_008,806,602,602,0,1,601,LISTAS,,
57536,17_020_009,788,547,547,0,5,542,LISTAS,,
57538,17_020_010,915,661,660,0,5,655,LISTAS,,
57540,17_020_011,735,504,504,0,6,498,LISTAS,,
57542,17_020_012,501,246,246,0,2,244,LISTAS,,
57544,17_020_013,685,469,469,0,1,468,LISTAS,,
57546,17_020_014,605,434,433,0,2,431,LISTAS,,
57548,17_020_015,686,474,474,0,0,474,LISTAS,,
57550,17_020_016,723,509,509,0,6,503,LISTAS,,
57552,17_020_017,680,485,483,0,6,477,LISTAS,,
57554,17_020_018,644,452,452,0,2,450,LISTAS,,
57556,17_020_019,731,487,487,0,4,483,LISTAS,,
57558,17_020_020,559,327,327,0,13,314,LISTAS,,
57560,17_020_021,205,64,64,0,1,63,LISTAS,,
57562,17_020_022,2435,2025,2015,-10,16,1999,LISTAS,,
57564,17_021_001,540,348,348,0,6,342,LISTAS,,
57566,17_021_002,483,263,263,0,7,256,LISTAS,,
57568,17_021_003,513,285,284,0,8,276,LISTAS,,
57570,17_022_001,678,494,494,0,2,492,LISTAS,,
57572,17_022_002,784,606,605,0,1,604,LISTAS,,
57574,17_022_003,792,520,520,0,3,517,LISTAS,,
57986,17_022_004,738,468,468,0,6,462,LISTAS,,
57988,17_022_005,840,561,561,0,4,557,LISTAS,,
57990,17_022_006,723,472,472,0,5,467,LISTAS,,
57992,17_022_007,780,494,494,0,1,493,LISTAS,,
57994,17_022_008,748,454,454,0,2,452,LISTAS,,
57996,17_022_009,640,389,389,0,3,386,LISTAS,,
57998,17_023_001,632,444,444,0,3,441,LISTAS,,
58000,17_023_002,782,539,539,0,3,536,LISTAS,,
58002,17_023_003,615,404,404,0,8,396,LISTAS,,
58004,17_024_001,198,123,123,0,5,118,LISTAS,,
58006,17_025_001,492,303,303,0,6,297,LISTAS,,
58008,17_026_001,808,440,440,0,3,437,LISTAS,,
58010,17_026_002,813,397,396,0,3,393,LISTAS,,
58012,17_026_003,884,583,583,0,2,581,LISTAS,,
58014,17_026_004,769,500,500,0,1,499,LISTAS,,
58016,17_027_001,562,348,348,0,3,345,LISTAS,,
58018,17_028_001,500,327,326,0,2,324,LISTAS,,
58020,17_029_001,789,468,468,0,0,468,LISTAS,,
58022,17_030_001,511,280,280,0,7,273,LISTAS,,
58024,17_031_001,997,613,613,0,3,610,LISTAS,,
58026,17_032_001,136,89,89,0,3,86,LISTAS,,
58028,17_033_001,713,454,454,0,1,453,LISTAS,,
58030,17_033_002,741,463,463,0,0,463,LISTAS,,
58032,17_034_001,537,342,342,0,6,336,LISTAS,,
58034,17_035_001,774,526,526,0,17,509,LISTAS,,
58036,17_036_001,634,333,333,0,1,332,LISTAS,,
58038,17_037_001,693,458,458,0,4,454,LISTAS,,
58040,17_038_001,782,516,516,0,6,510,LISTAS,,
58042,17_038_002,705,457,457,0,7,450,LISTAS,,
58044,17_038_003,760,425,425,0,7,418,LISTAS,,
58046,17_039_001,663,430,430,0,2,428,LISTAS,,
58048,17_039_002,746,470,470,0,7,463,LISTAS,,
58050,17_039_003,644,415,415,0,4,411,LISTAS,,
58052,17_040_001,381,241,241,0,2,239,LISTAS,,
58054,17_041_001,197,130,130,0,0,130,LISTAS,,
58056,17_042_001,932,490,490,0,5,485,LISTAS,,
58058,17_043_001,702,527,527,0,6,521,LISTAS,,
58060,17_043_002,681,514,514,0,2,512,LISTAS,,
58062,17_044_001,113,70,70,0,2,68,LISTAS,,
58064,17_045_001,511,370,370,0,4,366,LISTAS,,
58066,17_045_002,155,110,110,0,2,108,LISTAS,,
58068,17_046_001,910,593,593,0,8,585,LISTAS,,
58070,17_046_002,283,182,182,0,1,181,LISTAS,,
58072,17_047_001,174,130,129,0,14,115,LISTAS,,
58074,17_048_001,568,425,425,0,1,424,LISTAS,,
58076,17_049_001,597,381,381,0,8,373,LISTAS,,
58078,17_050_001,278,183,183,0,3,180,LISTAS,,
58080,17_051_001,237,159,159,0,4,155,LISTAS,,
58082,17_052_001,266,157,157,0,4,153,LISTAS,,
58084,17_053_001,291,180,180,0,2,178,LISTAS,,
58086,17_054_001,938,482,482,0,4,478,LISTAS,,
58088,17_055_001,252,164,164,0,1,163,LISTAS,,
58090,17_056_001,551,288,289,0,10,279,LISTAS,,
58092,17_056_002,538,320,320,0,0,320,LISTAS,,
58094,17_056_003,81,48,48,0,0,48,LISTAS,,
58096,17_057_001,913,495,495,0,13,482,LISTAS,,
58098,17_058_001,121,74,74,0,0,74,LISTAS,,
58100,17_059_001,422,271,271,0,15,256,LISTAS,,
58102,17_060_001,476,338,338,0,1,337,LISTAS,,
58104,17_060_002,606,440,440,0,4,436,LISTAS,,
58106,17_060_003,430,317,316,0,1,315,LISTAS,,
58108,17_061_001,848,426,426,0,4,422,LISTAS,,
58110,17_062_001,536,347,347,0,3,344,LISTAS,,
58112,17_062_002,94,53,53,0,0,53,LISTAS,,
58114,17_063_001,224,160,160,0,3,157,LISTAS,,
58116,17_064_001,503,335,334,0,4,330,LISTAS,,
58118,17_064_002,87,60,60,0,0,60,LISTAS,,
58120,17_065_001,274,200,200,0,1,199,LISTAS,,
58122,17_066_001,296,213,213,0,1,212,LISTAS,,
58534,17_067_001,340,184,184,0,3,181,LISTAS,,
58536,17_068_001,51,42,42,0,1,41,LISTAS,,
58538,17_069_001,649,402,402,0,2,400,LISTAS,,
58540,17_069_002,704,434,434,0,3,431,LISTAS,,
58542,17_069_003,751,404,404,0,5,399,LISTAS,,
58544,17_070_001,51,31,31,0,1,30,LISTAS,,
58546,17_070_002,801,496,496,0,6,490,LISTAS,,
58548,17_071_001,885,594,594,0,4,590,LISTAS,,
58550,17_071_002,985,691,691,0,3,688,LISTAS,,
58552,17_072_001,306,220,220,0,6,214,LISTAS,,
58554,17_073_001,669,420,422,0,35,387,LISTAS,,
58556,17_074_001,118,94,94,0,0,94,LISTAS,,
58558,17_075_001,424,259,259,0,6,253,LISTAS,,
58560,17_076_001,716,466,466,0,8,458,LISTAS,,
58562,17_076_002,662,431,431,0,4,427,LISTAS,,
58564,17_077_001,636,405,405,0,2,403,LISTAS,,
58566,17_077_002,597,376,376,0,3,373,LISTAS,,
58568,17_078_001,787,559,559,0,10,549,LISTAS,,
58570,17_078_002,594,373,372,0,3,369,LISTAS,,
58572,17_078_003,587,310,310,0,2,308,LISTAS,,
58574,17_079_001,869,688,688,0,6,682,LISTAS,,
58576,17_079_002,1044,729,728,0,4,724,LISTAS,,
58578,17_079_003,905,695,695,0,2,693,LISTAS,,
58580,17_079_004,1075,793,793,0,0,793,LISTAS,,
58582,17_079_005,1011,787,780,0,0,780,LISTAS,,
58584,17_079_006,965,717,717,0,6,711,LISTAS,,
58586,17_079_007,1064,795,795,0,2,793,LISTAS,,
58588,17_079_008,1044,811,811,0,3,808,LISTAS,,
58590,17_079_009,879,641,641,0,3,638,LISTAS,,
58592,17_079_010,955,634,634,0,1,633,LISTAS,,
58594,17_079_011,968,735,735,0,0,735,LISTAS,,
58596,17_079_012,876,656,655,0,3,652,LISTAS,,
58598,17_079_013,980,725,725,0,0,725,LISTAS,,
58600,17_079_014,931,610,610,0,5,605,LISTAS,,
58602,17_079_015,947,619,619,0,7,612,LISTAS,,
58604,17_079_016,2095,1859,1850,-9,4,1846,LISTAS,,
58606,17_079_017,307,188,188,0,1,187,LISTAS,,
58608,17_080_001,619,328,326,0,4,322,LISTAS,,
58610,17_080_002,445,268,268,0,3,265,LISTAS,,
58612,17_080_003,71,44,44,0,1,43,LISTAS,,
58614,17_081_001,1047,700,700,0,5,695,LISTAS,,
58616,17_081_002,753,503,503,0,7,496,LISTAS,,
58618,17_082_001,451,328,328,0,2,326,LISTAS,,
58620,17_083_001,792,456,456,0,8,448,LISTAS,,
58622,17_084_001,860,555,555,0,10,545,LISTAS,,
58624,17_085_001,513,258,258,0,6,252,LISTAS,,
58626,17_086_001,574,365,365,0,6,359,LISTAS,,
58628,17_086_002,193,126,126,0,1,125,LISTAS,,
58630,17_086_003,67,40,40,0,0,40,LISTAS,,
58632,17_087_001,1045,575,575,0,2,573,LISTAS,,
58634,17_087_002,1091,686,686,0,5,681,LISTAS,,
58636,17_087_003,1111,682,682,0,0,682,LISTAS,,
58638,17_088_001,501,407,407,0,6,401,LISTAS,,
58640,17_088_002,521,412,407,0,2,405,LISTAS,,
58642,17_089_001,188,120,120,0,4,116,LISTAS,,
58644,17_090_001,594,411,411,0,3,408,LISTAS,,
58646,17_090_002,448,241,241,0,2,239,LISTAS,,
58648,17_091_001,684,369,369,0,4,365,LISTAS,,
58650,17_092_001,498,363,363,0,2,361,LISTAS,,
58652,17_093_001,176,140,140,0,4,136,LISTAS,,
58654,17_094_001,591,376,376,0,3,373,LISTAS,,
58656,17_094_002,631,403,403,0,1,402,LISTAS,,
58658,17_094_003,611,342,342,0,4,338,LISTAS,,
58660,17_095_001,976,617,617,0,5,612,LISTAS,,
58662,17_095_002,711,548,548,0,5,543,LISTAS,,
58664,17_095_003,756,490,490,0,6,484,LISTAS,,
58666,17_095_004,768,552,552,0,5,547,LISTAS,,
58668,17_095_005,2358,1977,1972,-5,5,1967,LISTAS,,
58670,17_095_006,591,466,466,0,1,465,LISTAS,,
59074,17_095_007,580,418,417,0,3,414,LISTAS,,
59076,17_095_008,644,502,502,0,2,500,LISTAS,,
59078,17_095_009,446,368,368,0,4,364,LISTAS,,
59080,17_095_010,743,566,565,0,5,560,LISTAS,,
59082,17_095_011,1089,776,776,0,1,775,LISTAS,,
59084,17_095_012,687,502,501,0,2,499,LISTAS,,
59086,17_095_013,522,377,377,0,2,375,LISTAS,,
59088,17_095_014,468,336,336,0,1,335,LISTAS,,
59090,17_095_015,572,424,424,0,4,420,LISTAS,,
59092,17_095_016,468,339,339,0,2,337,LISTAS,,
59094,17_095_017,589,413,413,0,1,412,LISTAS,,
59096,17_095_018,611,455,455,0,3,452,LISTAS,,
59098,17_095_019,673,433,433,0,1,432,LISTAS,,
59100,17_095_020,780,574,574,0,4,570,LISTAS,,
59102,17_095_021,565,484,469,0,3,466,LISTAS,,
59104,17_095_022,530,413,413,0,1,412,LISTAS,,
59106,17_095_023,566,408,408,0,0,408,LISTAS,,
59108,17_095_024,523,354,353,0,3,350,LISTAS,,
59110,17_095_025,520,421,421,0,2,419,LISTAS,,
59112,17_095_026,637,485,485,0,5,480,LISTAS,,
59114,17_095_027,599,443,443,0,4,439,LISTAS,,
59116,17_095_028,589,404,405,0,10,395,LISTAS,,
59118,17_095_029,673,413,413,0,6,407,LISTAS,,
59120,17_095_030,841,511,511,0,8,503,LISTAS,,
59122,17_095_031,600,462,461,0,6,455,LISTAS,,
59124,17_095_032,714,493,492,0,5,487,LISTAS,,
59126,17_095_033,674,485,485,0,1,484,LISTAS,,
59128,17_095_034,754,582,582,0,4,578,LISTAS,,
59130,17_095_035,683,510,510,0,2,508,LISTAS,,
59132,17_095_036,829,636,636,0,2,634,LISTAS,,
59134,17_095_037,910,636,635,0,2,633,LISTAS,,
59136,17_095_038,894,753,753,0,4,749,LISTAS,,
59138,17_095_039,949,686,686,0,3,683,LISTAS,,
59140,17_096_001,250,136,135,0,6,129,LISTAS,,
59142,17_096_002,885,590,590,0,3,587,LISTAS,,
59144,17_096_003,887,556,556,0,13,543,LISTAS,,
59146,17_096_004,819,570,570,0,8,562,LISTAS,,
59148,17_096_005,1021,711,711,0,7,704,LISTAS,,
59150,17_096_006,799,577,576,0,2,574,LISTAS,,
59152,17_096_007,284,140,140,0,1,139,LISTAS,,
59154,17_096_008,938,723,723,0,5,718,LISTAS,,
59156,17_096_009,594,355,355,0,3,352,LISTAS,,
59158,17_097_001,647,427,427,0,2,425,LISTAS,,
59160,17_097_002,287,167,167,0,3,164,LISTAS,,
59162,17_097_003,213,91,91,0,1,90,LISTAS,,
59164,17_097_004,624,363,363,0,11,352,LISTAS,,
59166,17_098_001,567,343,343,0,4,339,LISTAS,,
59168,17_098_002,554,375,375,0,0,375,LISTAS,,
59170,17_099_001,1104,635,634,0,5,629,LISTAS,,
59172,17_099_002,749,507,507,0,7,500,LISTAS,,
59174,17_099_003,569,389,389,0,10,379,LISTAS,,
59176,17_099_004,929,567,567,0,6,561,LISTAS,,
59178,17_099_005,699,471,468,0,2,466,LISTAS,,
59180,17_099_006,614,398,398,0,2,396,LISTAS,,
59182,17_099_007,765,497,497,0,4,493,LISTAS,,
59184,17_099_008,582,410,410,0,3,407,LISTAS,,
59186,17_099_009,777,553,553,0,5,548,LISTAS,,
59188,17_099_010,612,443,443,0,1,442,LISTAS,,
59190,17_099_011,593,415,415,0,3,412,LISTAS,,
59192,17_099_012,617,324,324,0,1,323,LISTAS,,
59194,17_099_013,614,385,385,0,4,381,LISTAS,,
59196,17_100_001,837,490,490,0,3,487,LISTAS,,
59198,17_101_001,255,139,139,0,2,137,LISTAS,,
59200,17_102_001,218,158,158,0,2,156,LISTAS,,
59202,17_103_001,292,190,190,0,2,188,LISTAS,,
59204,17_104_001,651,435,435,0,9,426,LISTAS,,
51117,17_105_001,959,681,681,0,8,673,LISTAS,,
51115,17_106_001,118,75,75,0,0,75,LISTAS,,
51120,17_107_001,217,160,160,0,5,155,LISTAS,,
51122,17_108_001,619,491,491,0,5,486,LISTAS,,
51124,17_108_002,468,344,344,0,2,342,LISTAS,,
51126,17_108_003,491,366,365,0,0,365,LISTAS,,
51128,17_108_004,88,58,58,0,0,58,LISTAS,,
51130,17_109_001,501,326,326,0,8,318,LISTAS,,
51132,18_001_001,522,332,332,0,13,319,LISTAS,,
51134,18_002_001,289,196,196,0,1,195,LISTAS,,
51136,18_003_001,461,341,340,0,2,338,LISTAS,,
51138,18_004_001,193,125,125,0,0,125,LISTAS,,
51140,18_005_001,330,235,235,0,3,232,LISTAS,,
51142,18_006_001,377,302,302,0,3,299,LISTAS,,
51144,18_007_001,944,728,708,0,8,700,LISTAS,,
51146,18_008_001,364,278,278,0,4,274,LISTAS,,
51148,18_009_001,398,251,251,0,7,244,LISTAS,,
51150,18_010_001,675,533,533,0,6,527,LISTAS,,
51152,18_011_001,107,76,76,0,3,73,LISTAS,,
51154,18_012_001,297,240,240,0,1,239,LISTAS,,
51156,18_013_001,252,174,174,0,0,174,LISTAS,,
51158,18_014_001,308,253,253,0,0,253,LISTAS,,
51160,18_015_001,241,183,183,0,4,179,LISTAS,,
51162,18_016_001,540,435,435,0,5,430,LISTAS,,
51164,18_017_001,464,381,381,0,4,377,LISTAS,,
51166,18_018_001,873,580,580,0,1,579,LISTAS,,
51168,18_018_002,787,500,499,0,2,497,LISTAS,,
51170,18_018_003,956,692,691,0,5,686,LISTAS,,
51172,18_019_001,210,168,168,0,0,168,LISTAS,,
51174,18_020_001,1061,739,738,0,10,728,LISTAS,,
51176,18_020_002,1002,793,793,0,5,788,LISTAS,,
51178,18_020_003,987,698,699,0,18,681,LISTAS,,
51180,18_020_004,1037,784,784,0,8,776,LISTAS,,
51182,18_020_005,1027,765,764,0,8,756,LISTAS,,
51184,18_020_006,1060,741,739,0,2,737,LISTAS,,
51186,18_020_007,915,573,573,0,3,570,LISTAS,,
51188,18_020_008,1164,818,818,0,2,816,LISTAS,,
51190,18_020_009,275,214,214,0,1,213,LISTAS,,
51192,18_021_001,142,118,118,0,0,118,LISTAS,,
51194,18_022_001,506,362,361,0,7,354,LISTAS,,
51196,18_022_002,711,534,534,0,2,532,LISTAS,,
51198,18_023_001,283,221,221,0,3,218,LISTAS,,
51200,18_024_001,205,155,155,0,0,155,LISTAS,,
51202,18_025_001,288,179,179,0,2,177,LISTAS,,
51204,18_026_001,270,225,225,0,5,220,LISTAS,,
51206,18_027_001,979,663,666,0,29,637,LISTAS,,
51208,18_027_002,878,648,648,0,5,643,LISTAS,,
51210,18_027_003,713,533,533,0,11,522,LISTAS,,
51212,18_028_001,541,405,405,0,0,405,LISTAS,,
51214,18_029_001,264,206,206,0,2,204,LISTAS,,
51216,18_030_001,307,211,211,0,1,210,LISTAS,,
51218,18_031_001,699,430,430,0,6,424,LISTAS,,
51220,18_032_001,81,57,57,0,1,56,LISTAS,,
51222,18_033_001,195,170,170,0,1,169,LISTAS,,
51224,18_034_001,104,76,76,0,1,75,LISTAS,,
51226,18_035_001,75,59,59,0,0,59,LISTAS,,
51228,18_036_001,211,124,124,0,2,122,LISTAS,,
51230,18_037_001,274,203,203,0,4,199,LISTAS,,
51232,18_038_001,270,177,182,0,32,150,LISTAS,,
51234,18_039_001,457,309,309,0,5,304,LISTAS,,
51236,18_040_001,1034,808,808,0,6,802,LISTAS,,
51238,18_041_001,376,277,277,0,5,272,LISTAS,,
51240,18_042_001,163,130,129,0,0,129,LISTAS,,
51242,18_043_001,200,153,153,0,2,151,LISTAS,,
51244,18_044_001,468,319,319,0,7,312,LISTAS,,
51246,18_045_001,339,241,240,0,0,240,LISTAS,,
51248,18_046_001,1050,855,855,0,7,848,LISTAS,,
51250,18_046_002,1077,864,864,0,5,859,LISTAS,,
51252,18_047_001,531,388,388,0,2,386,LISTAS,,
51254,18_048_001,905,593,593,0,2,591,LISTAS,,
51256,18_049_001,204,154,154,0,0,154,LISTAS,,
51652,18_050_001,126,91,91,0,2,89,LISTAS,,
51654,18_051_001,868,666,666,0,7,659,LISTAS,,
51656,18_052_001,523,333,333,0,5,328,LISTAS,,
51658,18_053_001,74,57,57,0,0,57,LISTAS,,
51660,18_054_001,223,174,174,0,1,173,LISTAS,,
51662,18_055_001,125,97,97,0,0,97,LISTAS,,
51664,18_056_001,627,425,425,0,2,423,LISTAS,,
51666,18_057_001,138,113,113,0,0,113,LISTAS,,
51668,18_058_001,123,101,101,0,1,100,LISTAS,,
51670,18_059_001,226,170,170,0,1,169,LISTAS,,
51672,18_060_001,52,45,45,0,1,44,LISTAS,,
51674,18_061_001,130,97,97,0,2,95,LISTAS,,
51676,18_062_001,151,133,133,0,0,133,LISTAS,,
51678,18_063_001,659,489,489,0,3,486,LISTAS,,
51680,18_064_001,560,353,352,0,4,348,LISTAS,,
51682,18_065_001,734,550,550,0,3,547,LISTAS,,
51684,18_065_002,671,470,470,0,5,465,LISTAS,,
51686,18_066_001,37,32,32,0,0,32,LISTAS,,
51688,18_067_001,83,67,67,0,2,65,LISTAS,,
51690,18_068_001,408,268,268,0,5,263,LISTAS,,
51692,18_069_001,1110,749,749,0,9,740,LISTAS,,
51694,18_069_002,908,632,632,0,4,628,LISTAS,,
51696,18_070_001,409,292,292,0,4,288,LISTAS,,
51698,18_071_001,672,419,419,0,6,413,LISTAS,,
51700,18_071_002,610,391,391,0,5,386,LISTAS,,
51702,18_071_003,714,443,443,0,5,438,LISTAS,,
51704,18_072_001,173,111,111,0,2,109,LISTAS,,
51706,18_073_001,274,212,212,0,4,208,LISTAS,,
51708,18_074_001,853,579,579,0,11,568,LISTAS,,
51710,18_075_001,373,283,283,0,2,281,LISTAS,,
51712,18_076_001,66,41,41,0,2,39,LISTAS,,
51714,18_077_001,78,59,59,0,1,58,LISTAS,,
51716,18_078_001,720,520,518,0,1,517,LISTAS,,
51718,18_079_001,436,312,312,0,4,308,LISTAS,,
51720,18_080_001,330,221,221,0,4,217,LISTAS,,
51722,18_081_001,477,337,337,0,2,335,LISTAS,,
51724,18_082_001,160,104,104,0,2,102,LISTAS,,
51726,18_083_001,182,142,142,0,0,142,LISTAS,,
51728,18_084_001,213,142,142,0,3,139,LISTAS,,
51730,18_085_001,681,515,515,0,3,512,LISTAS,,
51732,18_086_001,184,134,134,0,2,132,LISTAS,,
51734,18_087_001,55,44,44,0,1,43,LISTAS,,
51736,18_088_001,101,70,69,0,0,69,LISTAS,,
51738,18_089_001,148,117,117,0,1,116,LISTAS,,
51740,18_090_001,192,134,134,0,3,131,LISTAS,,
51742,18_091_001,356,261,261,0,4,257,LISTAS,,
51744,18_092_001,68,48,48,0,0,48,LISTAS,,
51746,18_093_001,414,308,309,0,16,293,LISTAS,,
51748,18_094_001,211,151,151,0,1,150,LISTAS,,
51750,18_095_001,928,678,677,0,5,672,LISTAS,,
51752,18_095_002,1094,758,758,0,10,748,LISTAS,,
51754,18_095_003,1137,853,850,0,7,843,LISTAS,,
51756,18_095_004,1208,944,942,0,18,924,LISTAS,,
51758,18_095_005,1237,855,854,0,9,845,LISTAS,,
51760,18_095_006,1166,894,894,0,6,888,LISTAS,,
51762,18_095_007,1118,842,839,0,5,834,LISTAS,,
51764,18_095_008,355,251,251,0,11,240,LISTAS,,
51766,18_095_009,698,555,555,0,7,548,LISTAS,,
51768,18_095_010,2003,1832,1824,-8,16,1808,LISTAS,,
51770,18_096_001,1100,798,798,0,4,794,LISTAS,,
51772,18_096_002,1159,848,847,0,4,843,LISTAS,,
51774,18_096_003,1056,739,739,0,2,737,LISTAS,,
51776,18_096_004,1097,789,789,0,5,784,LISTAS,,
51778,18_096_005,1101,813,813,0,11,802,LISTAS,,
51780,18_096_006,1350,1022,1021,0,7,1014,LISTAS,,
51782,18_096_007,1047,748,748,0,2,746,LISTAS,,
51784,18_096_008,646,477,477,0,1,476,LISTAS,,
51786,18_096_009,418,331,331,0,4,327,LISTAS,,
51788,18_097_001,203,160,160,0,1,159,LISTAS,,
51790,18_098_001,152,102,102,0,1,101,LISTAS,,
51792,18_099_001,400,303,302,0,2,300,LISTAS,,
52186,18_100_001,86,65,65,0,1,64,LISTAS,,
52188,18_101_001,880,689,688,0,7,681,LISTAS,,
52190,18_102_001,644,491,491,0,2,489,LISTAS,,
52192,18_103_001,183,155,155,0,3,152,LISTAS,,
52194,18_104_001,349,268,261,0,0,261,LISTAS,,
52196,18_105_001,211,168,168,0,0,168,LISTAS,,
52198,18_106_001,528,336,336,0,2,334,LISTAS,,
52200,18_107_001,253,199,199,0,3,196,LISTAS,,
52202,18_108_001,478,367,367,0,5,362,LISTAS,,
52204,18_109_001,131,102,102,0,1,101,LISTAS,,
52206,18_110_001,175,118,118,0,2,116,LISTAS,,
52208,18_111_001,175,150,150,0,0,150,LISTAS,,
52210,18_112_001,243,153,153,0,0,153,LISTAS,,
52212,18_113_001,338,275,275,0,6,269,LISTAS,,
52214,18_114_001,229,170,170,0,1,169,LISTAS,,
52216,18_115_001,108,79,79,0,0,79,LISTAS,,
52218,18_116_001,96,85,85,0,2,83,LISTAS,,
52220,18_117_001,218,166,166,0,4,162,LISTAS,,
52222,18_118_001,794,585,585,0,3,582,LISTAS,,
52224,18_119_001,104,56,56,0,0,56,LISTAS,,
52226,18_120_001,399,320,320,0,3,317,LISTAS,,
52228,18_121_001,1040,762,762,0,15,747,LISTAS,,
52230,18_122_001,1055,821,821,0,6,815,LISTAS,,
52232,18_123_001,513,379,379,0,4,375,LISTAS,,
52234,18_124_001,243,191,191,0,3,188,LISTAS,,
52236,18_125_001,225,168,168,0,0,168,LISTAS,,
52238,18_126_001,266,202,202,0,1,201,LISTAS,,
52240,18_127_001,291,199,199,0,4,195,LISTAS,,
52242,18_128_001,105,83,83,0,1,82,LISTAS,,
52244,18_129_001,18,13,13,0,0,13,LISTAS,,
52246,18_130_001,221,156,156,0,4,152,LISTAS,,
52248,18_131_001,432,327,327,0,5,322,LISTAS,,
52250,18_132_001,267,212,212,0,2,210,LISTAS,,
52252,18_133_001,309,207,207,0,2,205,LISTAS,,
52254,18_134_001,62,47,47,0,0,47,LISTAS,,
52256,18_135_001,641,436,436,0,2,434,LISTAS,,
52258,18_136_001,519,365,364,0,7,357,LISTAS,,
52260,18_137_001,82,64,64,0,1,63,LISTAS,,
52262,18_138_001,597,409,409,0,2,407,LISTAS,,
52264,18_139_001,182,142,142,0,1,141,LISTAS,,
52266,18_140_001,919,717,717,0,5,712,LISTAS,,
52268,18_141_001,352,260,260,0,3,257,LISTAS,,
52270,18_142_001,237,172,172,0,3,169,LISTAS,,
52272,18_143_001,236,190,190,0,3,187,LISTAS,,
52274,18_144_001,643,476,476,0,7,469,LISTAS,,
52276,18_145_001,541,439,439,0,1,438,LISTAS,,
52278,18_146_001,426,329,329,0,1,328,LISTAS,,
52280,18_147_001,170,122,122,0,0,122,LISTAS,,
52282,18_148_001,138,99,99,0,0,99,LISTAS,,
52284,18_149_001,285,237,237,0,2,235,LISTAS,,
52286,18_150_001,116,83,83,0,1,82,LISTAS,,
52288,18_151_001,233,178,178,0,2,176,LISTAS,,
52290,18_152_001,130,112,112,0,4,108,LISTAS,,
52292,18_153_001,689,516,516,0,4,512,LISTAS,,
52294,18_154_001,636,474,474,0,8,466,LISTAS,,
52296,18_155_001,787,537,534,0,9,525,LISTAS,,
52298,18_156_001,714,468,468,0,5,463,LISTAS,,
52300,18_156_002,640,449,449,0,8,441,LISTAS,,
52302,18_157_001,192,149,149,0,1,148,LISTAS,,
52304,18_158_001,221,181,181,0,6,175,LISTAS,,
52306,18_159_001,189,133,133,0,0,133,LISTAS,,
52308,18_160_001,626,484,484,0,5,479,LISTAS,,
52310,18_160_002,858,659,659,0,2,657,LISTAS,,
52312,18_160_003,675,516,516,0,0,516,LISTAS,,
52314,18_161_001,90,70,70,0,1,69,LISTAS,,
52316,18_162_001,340,234,234,0,2,232,LISTAS,,
52318,18_163_001,895,601,601,0,7,594,LISTAS,,
52320,18_164_001,246,174,174,0,1,173,LISTAS,,
52322,18_165_001,383,290,290,0,3,287,LISTAS,,
52324,18_166_001,77,65,65,0,0,65,LISTAS,,
52326,18_167_001,831,596,596,0,2,594,LISTAS,,
52328,18_167_002,539,364,364,0,4,360,LISTAS,,
52740,18_167_003,600,424,424,0,7,417,LISTAS,,
52742,18_167_004,660,447,447,0,3,444,LISTAS,,
52744,18_167_005,44,36,36,0,0,36,LISTAS,,
52746,18_167_006,686,528,528,0,1,527,LISTAS,,
52748,18_167_007,653,499,498,0,5,493,LISTAS,,
52750,18_167_008,797,604,604,0,3,601,LISTAS,,
52752,18_167_009,688,506,506,0,4,502,LISTAS,,
52754,18_167_010,884,657,657,0,5,652,LISTAS,,
52756,18_167_011,629,427,427,0,1,426,LISTAS,,
52758,18_167_012,723,546,545,0,3,542,LISTAS,,
52760,18_167_013,768,553,553,0,6,547,LISTAS,,
52762,18_167_014,707,523,523,0,3,520,LISTAS,,
52764,18_167_015,837,560,560,0,1,559,LISTAS,,
52766,18_167_016,1083,807,807,0,3,804,LISTAS,,
52768,18_167_017,2333,2044,2036,-8,14,2022,LISTAS,,
52770,18_167_018,108,69,69,0,1,68,LISTAS,,
52772,18_168_001,1040,784,784,0,2,782,LISTAS,,
52774,18_169_001,425,298,298,0,0,298,LISTAS,,
52776,18_170_001,550,414,414,0,6,408,LISTAS,,
52778,18_171_001,316,218,218,0,5,213,LISTAS,,
52780,18_171_002,138,102,102,0,2,100,LISTAS,,
52782,18_171_003,92,63,63,0,2,61,LISTAS,,
52784,18_172_001,207,158,155,0,2,153,LISTAS,,
52786,18_173_001,661,478,478,0,4,474,LISTAS,,
52788,18_174_001,518,372,372,0,10,362,LISTAS,,
52790,18_175_001,638,486,486,0,1,485,LISTAS,,
52792,18_176_001,45,43,43,0,1,42,LISTAS,,
52794,18_177_001,288,221,221,0,2,219,LISTAS,,
52796,18_178_001,176,134,134,0,1,133,LISTAS,,
52798,18_179_001,191,163,163,0,3,160,LISTAS,,
52800,18_180_001,56,49,49,0,0,49,LISTAS,,
52802,18_181_001,509,367,367,0,4,363,LISTAS,,
52804,18_182_001,265,168,168,0,1,167,LISTAS,,
52806,18_183_001,609,341,341,0,4,337,LISTAS,,
52808,18_183_002,639,457,457,0,5,452,LISTAS,,
52810,18_183_003,740,508,507,0,2,505,LISTAS,,
52812,18_183_004,652,458,455,0,5,450,LISTAS,,
52814,18_183_005,680,531,530,0,6,524,LISTAS,,
52816,18_183_006,638,469,467,0,6,461,LISTAS,,
52818,18_183_007,636,492,492,0,2,490,LISTAS,,
52820,18_183_008,373,269,269,0,2,267,LISTAS,,
52822,18_183_009,675,536,536,0,10,526,LISTAS,,
52824,18_183_010,206,159,159,0,3,156,LISTAS,,
52826,18_183_011,302,229,229,0,5,224,LISTAS,,
52828,18_183_012,271,203,203,0,0,203,LISTAS,,
52830,18_183_013,57,50,50,0,0,50,LISTAS,,
52832,18_184_001,816,666,665,0,12,653,LISTAS,,
52834,18_185_001,252,177,177,0,1,176,LISTAS,,
52836,18_186_001,848,711,710,0,8,702,LISTAS,,
52838,18_186_002,847,673,673,0,4,669,LISTAS,,
52840,18_186_003,905,758,758,0,2,756,LISTAS,,
52842,18_186_004,846,703,703,0,2,701,LISTAS,,
52844,18_186_005,932,762,761,0,3,758,LISTAS,,
52846,18_186_006,989,763,766,0,39,727,LISTAS,,
52848,18_186_007,1011,794,792,0,1,791,LISTAS,,
52850,18_186_008,834,607,606,0,4,602,LISTAS,,
52852,18_186_009,639,473,472,0,5,467,LISTAS,,
52854,18_186_010,711,457,457,0,6,451,LISTAS,,
52856,18_186_011,828,655,656,0,12,644,LISTAS,,
52858,18_186_012,890,703,703,0,2,701,LISTAS,,
52860,18_186_013,867,672,671,0,3,668,LISTAS,,
52862,18_186_014,864,589,588,0,8,580,LISTAS,,
52864,18_186_015,847,629,629,0,5,624,LISTAS,,
52866,18_186_016,783,551,551,0,3,548,LISTAS,,
52868,18_186_017,799,574,574,0,10,564,LISTAS,,
52870,18_186_018,881,643,643,0,5,638,LISTAS,,
53814,18_186_019,871,614,614,0,1,613,LISTAS,,
53816,18_186_020,866,624,624,0,2,622,LISTAS,,
53818,18_186_021,899,608,607,0,4,603,LISTAS,,
53820,18_186_022,827,579,578,0,5,573,LISTAS,,
53822,18_186_023,860,632,631,0,5,626,LISTAS,,
53824,18_186_024,822,580,580,0,11,569,LISTAS,,
53826,18_186_025,802,567,567,0,11,556,LISTAS,,
53828,18_186_026,998,713,711,0,5,706,LISTAS,,
53830,18_186_027,828,660,660,0,7,653,LISTAS,,
53832,18_186_028,698,458,457,0,12,445,LISTAS,,
53834,18_186_029,768,590,591,0,20,571,LISTAS,,
53836,18_186_030,1006,785,784,0,6,778,LISTAS,,
53838,18_186_031,709,467,467,0,3,464,LISTAS,,
53840,18_186_032,706,471,471,0,6,465,LISTAS,,
53842,18_186_033,974,682,678,0,7,671,LISTAS,,
53844,18_186_034,900,652,652,0,12,640,LISTAS,,
53846,18_186_035,975,808,807,0,6,801,LISTAS,,
53848,18_186_036,946,694,694,0,5,689,LISTAS,,
53850,18_186_037,690,555,555,0,5,550,LISTAS,,
53852,18_186_038,1032,734,733,0,6,727,LISTAS,,
53854,18_186_039,921,646,643,0,5,638,LISTAS,,
53856,18_186_040,808,468,461,0,4,457,LISTAS,,
53858,18_186_041,902,629,629,0,9,620,LISTAS,,
53860,18_186_042,850,605,604,0,7,597,LISTAS,,
53862,18_186_043,836,664,664,0,0,664,LISTAS,,
53864,18_186_044,929,685,686,0,19,667,LISTAS,,
53866,18_186_045,911,703,702,0,9,693,LISTAS,,
53868,18_186_046,810,613,612,0,9,603,LISTAS,,
53870,18_186_047,1008,801,801,0,7,794,LISTAS,,
53872,18_186_048,873,676,676,0,4,672,LISTAS,,
53874,18_186_049,898,533,533,0,5,528,LISTAS,,
53876,18_186_050,852,614,612,0,18,594,LISTAS,,
53878,18_186_051,1168,904,904,0,10,894,LISTAS,,
53880,18_186_052,1345,1092,1091,0,10,1081,LISTAS,,
53882,18_186_053,938,756,754,0,4,750,LISTAS,,
53884,18_186_054,998,806,806,0,6,800,LISTAS,,
53886,18_186_055,1338,1085,1084,0,4,1080,LISTAS,,
53888,18_186_056,677,517,514,0,9,505,LISTAS,,
53890,18_186_057,758,604,604,0,3,601,LISTAS,,
53892,18_186_058,645,497,497,0,6,491,LISTAS,,
53894,18_186_059,2680,2440,2432,-8,13,2419,LISTAS,,
53896,18_186_060,666,527,527,0,11,516,LISTAS,,
53898,18_186_061,949,786,786,0,8,778,LISTAS,,
53900,18_186_062,948,677,677,0,3,674,LISTAS,,
53902,18_186_063,796,606,606,0,3,603,LISTAS,,
53904,18_186_064,957,716,715,0,5,710,LISTAS,,
53906,18_186_065,606,500,500,0,2,498,LISTAS,,
53908,18_186_066,1265,958,957,0,5,952,LISTAS,,
53910,18_186_067,1322,1062,1062,0,5,1057,LISTAS,,
53912,18_186_068,1007,773,772,0,9,763,LISTAS,,
53914,18_186_069,747,594,594,0,8,586,LISTAS,,
53916,18_187_001,267,190,190,0,0,190,LISTAS,,
53918,18_188_001,596,454,454,0,8,446,LISTAS,,
53920,18_189_001,1058,778,778,0,15,763,LISTAS,,
53922,18_189_002,950,709,708,0,6,702,LISTAS,,
53924,18_190_001,408,284,284,0,1,283,LISTAS,,
53926,18_191_001,276,209,209,0,5,204,LISTAS,,
53928,18_192_001,252,195,195,0,1,194,LISTAS,,
53930,18_193_001,266,205,205,0,3,202,LISTAS,,
53932,18_194_001,812,604,604,0,3,601,LISTAS,,
53934,18_194_002,720,434,434,0,6,428,LISTAS,,
53936,18_195_001,245,192,192,0,1,191,LISTAS,,
53938,18_196_001,395,250,250,0,2,248,LISTAS,,
53940,18_196_002,302,205,205,0,0,205,LISTAS,,
53942,18_197_001,270,200,200,0,5,195,LISTAS,,
55388,18_198_001,311,248,248,0,2,246,LISTAS,,
55390,18_199_001,304,233,233,0,0,233,LISTAS,,
55392,18_200_001,296,247,247,0,6,241,LISTAS,,
55394,18_201_001,263,219,219,0,12,207,LISTAS,,
55396,18_202_001,657,501,500,0,5,495,LISTAS,,
55398,18_203_001,287,223,223,0,2,221,LISTAS,,
55400,18_204_001,454,326,326,0,3,323,LISTAS,,
55402,18_204_002,612,471,471,0,3,468,LISTAS,,
55404,18_205_001,335,254,254,0,4,250,LISTAS,,
55406,18_206_001,618,480,480,0,5,475,LISTAS,,
55408,18_206_002,614,458,458,0,1,457,LISTAS,,
55410,18_206_003,676,460,460,0,6,454,LISTAS,,
55412,18_206_004,700,527,527,0,4,523,LISTAS,,
55414,18_206_005,675,463,463,0,5,458,LISTAS,,
55416,18_206_006,88,70,70,0,0,70,LISTAS,,
55418,18_206_007,56,45,45,0,1,44,LISTAS,,
55420,18_207_001,251,199,199,0,2,197,LISTAS,,
55422,18_208_001,279,215,214,0,6,208,LISTAS,,
55424,18_209_001,560,410,410,0,7,403,LISTAS,,
55426,18_210_001,301,237,237,0,2,235,LISTAS,,
55428,18_211_001,58,48,48,0,2,46,LISTAS,,
55430,18_212_001,733,429,429,0,2,427,LISTAS,,
55432,18_212_002,653,431,431,0,2,429,LISTAS,,
55434,18_212_003,690,518,518,0,4,514,LISTAS,,
55436,18_212_004,614,451,451,0,2,449,LISTAS,,
55438,18_213_001,220,169,169,0,1,168,LISTAS,,
55440,18_214_001,581,415,415,0,1,414,LISTAS,,
55442,18_215_001,89,72,72,0,0,72,LISTAS,,
55444,18_216_001,167,121,121,0,0,121,LISTAS,,
55446,19_001_001,667,472,472,0,3,469,LISTAS,,
55448,19_002_001,308,216,216,0,4,212,LISTAS,,
55450,19_003_001,929,627,627,0,3,624,LISTAS,,
55452,19_003_002,893,662,660,0,6,654,LISTAS,,
55454,19_003_003,726,553,553,0,0,553,LISTAS,,
55456,19_003_004,1043,785,785,0,1,784,LISTAS,,
55458,19_003_005,760,512,512,0,3,509,LISTAS,,
55460,19_003_006,867,539,539,0,2,537,LISTAS,,
55462,19_003_007,623,411,411,0,6,405,LISTAS,,
55464,19_003_008,850,608,608,0,2,606,LISTAS,,
55466,19_003_009,922,547,547,0,4,543,LISTAS,,
55468,19_003_010,823,579,579,0,1,578,LISTAS,,
55470,19_003_011,717,504,504,0,1,503,LISTAS,,
55472,19_003_012,1017,643,641,0,4,637,LISTAS,,
55474,19_003_013,650,418,418,0,1,417,LISTAS,,
55476,19_003_014,996,684,684,0,3,681,LISTAS,,
55478,19_003_015,759,439,438,0,0,438,LISTAS,,
55480,19_003_016,792,547,547,0,3,544,LISTAS,,
55482,19_003_017,608,421,421,0,1,420,LISTAS,,
55484,19_003_018,888,645,645,0,2,643,LISTAS,,
55486,19_003_019,800,611,611,0,5,606,LISTAS,,
55488,19_003_020,731,556,556,0,3,553,LISTAS,,
55490,19_003_021,752,519,519,0,4,515,LISTAS,,
55492,19_003_022,978,657,656,0,0,656,LISTAS,,
55494,19_003_023,813,509,509,0,3,506,LISTAS,,
55496,19_003_024,456,243,242,0,3,239,LISTAS,,
55498,19_003_025,854,648,648,0,3,645,LISTAS,,
55500,19_003_026,877,692,692,0,1,691,LISTAS,,
55502,19_003_027,775,464,464,0,4,460,LISTAS,,
55504,19_003_028,609,396,396,0,5,391,LISTAS,,
55506,19_003_029,908,573,573,0,1,572,LISTAS,,
55508,19_004_001,750,592,591,0,5,586,LISTAS,,
55510,19_004_002,642,508,508,0,3,505,LISTAS,,
55512,19_005_001,131,81,81,0,0,81,LISTAS,,
55514,19_006_001,362,297,297,0,5,292,LISTAS,,
55516,19_007_001,423,338,336,0,0,336,LISTAS,,
55518,19_008_001,636,466,465,0,0,465,LISTAS,,
55520,19_008_002,534,391,390,0,4,386,LISTAS,,
55522,19_008_003,578,420,420,0,1,419,LISTAS,,
55524,19_009_001,721,544,544,0,2,542,LISTAS,,
57034,19_010_001,955,679,677,0,5,672,LISTAS,,
57036,19_011_001,565,409,409,0,4,405,LISTAS,,
57038,19_012_001,182,135,135,0,1,134,LISTAS,,
57040,19_013_001,818,554,553,0,10,543,LISTAS,,
57042,19_014_001,360,242,242,0,3,239,LISTAS,,
57044,19_015_001,327,203,202,0,2,200,LISTAS,,
57046,19_016_001,55,41,41,0,1,40,LISTAS,,
57048,19_017_001,165,107,107,0,2,105,LISTAS,,
57050,19_018_001,679,440,440,0,2,438,LISTAS,,
57052,19_019_001,250,190,189,0,5,184,LISTAS,,
57054,19_020_001,499,328,328,0,3,325,LISTAS,,
57056,19_021_001,572,433,433,0,4,429,LISTAS,,
57058,19_022_001,913,683,682,0,3,679,LISTAS,,
57060,19_022_002,853,653,653,0,4,649,LISTAS,,
57062,19_022_003,935,724,723,0,4,719,LISTAS,,
57064,19_022_004,765,552,552,0,0,552,LISTAS,,
57066,19_022_005,894,731,731,0,3,728,LISTAS,,
57068,19_022_006,1019,718,718,0,5,713,LISTAS,,
57070,19_022_007,1018,774,773,0,0,773,LISTAS,,
57072,19_022_008,977,766,767,0,20,747,LISTAS,,
57074,19_023_001,190,128,128,0,1,127,LISTAS,,
57076,19_024_001,818,620,620,0,3,617,LISTAS,,
57078,19_025_001,1064,706,706,0,17,689,LISTAS,,
57080,19_026_001,4524,3903,3893,-21,11,3882,LISTAS,,
57082,19_026_002,1265,856,856,0,3,853,LISTAS,,
57084,19_026_003,1356,899,900,0,16,884,LISTAS,,
57086,19_026_004,1373,940,937,0,4,933,LISTAS,,
57088,19_026_005,1401,1056,1055,0,3,1052,LISTAS,,
57090,19_026_006,1309,994,994,0,5,989,LISTAS,,
57092,19_026_007,1356,993,993,0,6,987,LISTAS,,
57094,19_026_008,1367,1033,1033,0,6,1027,LISTAS,,
57096,19_027_001,776,575,575,0,2,573,LISTAS,,
57098,19_027_002,727,540,540,0,0,540,LISTAS,,
57100,19_027_003,651,449,448,0,2,446,LISTAS,,
57102,19_027_004,725,465,465,0,1,464,LISTAS,,
57104,19_027_005,681,505,505,0,1,504,LISTAS,,
57106,19_028_001,101,73,73,0,0,73,LISTAS,,
57108,19_029_001,771,563,563,0,4,559,LISTAS,,
57110,19_029_002,701,475,475,0,2,473,LISTAS,,
57112,19_029_003,638,473,473,0,3,470,LISTAS,,
57114,19_030_001,118,89,89,0,0,89,LISTAS,,
57116,19_031_001,353,246,246,0,7,239,LISTAS,,
57118,19_032_001,515,383,383,0,5,378,LISTAS,,
57120,19_033_001,278,207,207,0,2,205,LISTAS,,
57122,19_035_001,105,69,69,0,0,69,LISTAS,,
57124,19_036_001,353,211,211,0,2,209,LISTAS,,
57126,19_037_001,525,433,433,0,2,431,LISTAS,,
57128,19_038_001,786,420,420,0,3,417,LISTAS,,
57130,19_038_002,803,461,461,0,3,458,LISTAS,,
57132,19_038_003,839,456,456,0,3,453,LISTAS,,
57134,19_038_004,909,553,553,0,2,551,LISTAS,,
57136,19_038_005,630,389,389,0,2,387,LISTAS,,
57138,19_038_006,591,387,387,0,9,378,LISTAS,,
57140,19_039_001,197,160,160,0,2,158,LISTAS,,
57142,19_040_001,156,114,114,0,1,113,LISTAS,,
57144,19_041_001,84,56,56,0,0,56,LISTAS,,
57146,19_042_001,282,181,181,0,2,179,LISTAS,,
57148,19_043_001,591,436,436,0,3,433,LISTAS,,
57150,19_044_001,632,471,471,0,1,470,LISTAS,,
57152,19_044_002,628,397,397,0,2,395,LISTAS,,
57154,19_044_003,692,438,438,0,3,435,LISTAS,,
57156,19_044_004,283,104,104,0,3,101,LISTAS,,
57158,19_044_005,57,54,54,0,1,53,LISTAS,,
57160,19_045_001,674,443,443,0,3,440,LISTAS,,
57162,19_046_001,235,195,194,0,3,191,LISTAS,,
57164,19_047_001,415,288,288,0,1,287,LISTAS,,
57166,19_048_001,721,551,549,0,1,548,LISTAS,,
54348,19_048_002,752,564,564,0,4,560,LISTAS,,
54350,19_049_001,731,533,533,0,4,529,LISTAS,,
54352,19_049_002,843,673,673,0,4,669,LISTAS,,
54354,19_050_001,781,537,537,0,12,525,LISTAS,,
54356,19_051_001,512,336,336,0,2,334,LISTAS,,
54358,19_052_001,351,230,230,0,2,228,LISTAS,,
54360,19_053_001,311,174,174,0,5,169,LISTAS,,
54362,19_054_001,330,241,241,0,2,239,LISTAS,,
54364,19_055_001,855,511,506,0,5,501,LISTAS,,
54366,19_055_002,881,553,552,0,5,547,LISTAS,,
54368,19_055_003,845,561,560,0,9,551,LISTAS,,
54370,19_055_004,878,489,489,0,45,444,LISTAS,,
54372,19_056_001,369,259,259,0,2,257,LISTAS,,
54374,19_057_001,216,171,172,0,11,161,LISTAS,,
54376,19_058_001,217,164,164,0,1,163,LISTAS,,
54378,19_059_001,667,418,418,0,2,416,LISTAS,,
54380,19_059_002,702,485,485,0,9,476,LISTAS,,
54382,19_060_001,179,148,148,0,0,148,LISTAS,,
54384,19_061_001,375,217,217,0,2,215,LISTAS,,
54386,19_062_001,427,324,324,0,0,324,LISTAS,,
54388,19_063_001,319,230,230,0,2,228,LISTAS,,
54390,19_064_001,1363,1031,1029,0,7,1022,LISTAS,,
54392,19_065_001,220,175,175,0,6,169,LISTAS,,
54394,19_066_001,326,232,232,0,0,232,LISTAS,,
54396,19_067_001,299,192,192,0,4,188,LISTAS,,
54398,19_068_001,622,379,379,0,1,378,LISTAS,,
54400,19_069_001,271,168,168,0,0,168,LISTAS,,
54402,19_070_001,580,390,390,0,2,388,LISTAS,,
54404,19_071_001,909,591,592,0,14,578,LISTAS,,
54406,19_071_002,674,424,424,0,3,421,LISTAS,,
54408,19_071_003,828,392,391,0,2,389,LISTAS,,
54410,19_072_001,920,605,605,0,4,601,LISTAS,,
54412,19_073_001,525,426,426,0,1,425,LISTAS,,
54414,19_074_001,139,110,111,0,6,105,LISTAS,,
54416,19_075_001,223,172,172,0,0,172,LISTAS,,
54418,19_076_001,714,568,566,0,8,558,LISTAS,,
54420,19_076_002,674,505,505,0,4,501,LISTAS,,
54422,19_076_003,652,492,492,0,7,485,LISTAS,,
54424,19_076_004,709,498,498,0,1,497,LISTAS,,
54426,19_077_001,74,43,43,0,0,43,LISTAS,,
54428,19_078_001,345,260,260,0,0,260,LISTAS,,
54430,19_079_001,561,380,380,0,4,376,LISTAS,,
54432,19_080_001,52,40,40,0,1,39,LISTAS,,
54434,19_081_001,261,186,186,0,1,185,LISTAS,,
54436,19_082_001,593,456,456,0,4,452,LISTAS,,
54438,19_083_001,279,191,191,0,1,190,LISTAS,,
54440,19_084_001,292,201,201,0,0,201,LISTAS,,
54442,19_085_001,234,167,167,0,0,167,LISTAS,,
54444,19_086_001,630,391,391,0,4,387,LISTAS,,
54446,19_087_001,382,275,275,0,1,274,LISTAS,,
54448,19_088_001,366,232,232,0,3,229,LISTAS,,
54450,19_089_001,490,321,321,0,1,320,LISTAS,,
54452,19_090_001,466,337,337,0,4,333,LISTAS,,
54454,19_091_001,59,48,48,0,0,48,LISTAS,,
54456,19_092_001,406,289,289,0,0,289,LISTAS,,
54458,19_093_001,275,177,177,0,1,176,LISTAS,,
54460,19_094_001,77,56,56,0,0,56,LISTAS,,
54462,19_095_001,95,65,65,0,5,60,LISTAS,,
54464,19_096_001,963,601,600,0,1,599,LISTAS,,
54466,19_097_001,65,40,40,0,0,40,LISTAS,,
54468,19_098_001,104,60,60,0,0,60,LISTAS,,
54470,19_099_001,577,371,371,0,3,368,LISTAS,,
54472,19_100_001,299,211,211,0,1,210,LISTAS,,
54474,19_101_001,608,429,428,0,3,425,LISTAS,,
54476,19_102_001,359,255,254,0,6,248,LISTAS,,
54478,19_103_001,610,374,374,0,7,367,LISTAS,,
54480,19_104_001,443,307,307,0,3,304,LISTAS,,
54482,19_105_001,253,171,171,0,4,167,LISTAS,,
54484,19_106_001,777,529,529,0,3,526,LISTAS,,
54486,19_107_001,773,481,481,0,3,478,LISTAS,,
54488,19_108_001,869,589,590,0,3,587,LISTAS,,
54490,19_108_002,860,627,627,0,3,624,LISTAS,,
55940,19_109_001,347,266,266,0,6,260,LISTAS,,
55942,19_110_001,903,542,541,0,5,536,LISTAS,,
55944,19_111_001,367,248,244,0,5,239,LISTAS,,
55946,19_112_001,413,268,268,0,1,267,LISTAS,,
55948,19_113_001,1048,730,730,0,4,726,LISTAS,,
55950,19_114_001,406,298,297,0,7,290,LISTAS,,
55952,19_115_001,328,195,195,0,2,193,LISTAS,,
55954,19_116_001,417,290,290,0,3,287,LISTAS,,
55956,19_116_002,205,148,148,0,2,146,LISTAS,,
55958,19_117_001,1067,834,834,0,3,831,LISTAS,,
55960,19_118_001,19,10,10,0,0,10,LISTAS,,
55962,19_119_001,218,164,164,0,0,164,LISTAS,,
55964,19_120_001,765,528,528,0,6,522,LISTAS,,
55966,19_121_001,591,378,378,0,4,374,LISTAS,,
55968,19_122_001,227,171,171,0,1,170,LISTAS,,
55970,19_123_001,864,610,610,0,1,609,LISTAS,,
55972,19_124_001,101,76,76,0,3,73,LISTAS,,
55974,19_125_001,520,360,360,0,9,351,LISTAS,,
55976,19_126_001,380,267,266,0,4,262,LISTAS,,
55978,19_127_001,272,167,167,0,1,166,LISTAS,,
55980,19_128_001,950,652,648,0,12,636,LISTAS,,
55982,19_129_001,457,349,349,0,1,348,LISTAS,,
55984,19_130_001,219,162,162,0,4,158,LISTAS,,
55986,19_131_001,444,324,324,0,6,318,LISTAS,,
55988,19_132_001,813,566,566,0,2,564,LISTAS,,
55990,19_132_002,623,425,425,0,5,420,LISTAS,,
55992,19_133_001,532,382,382,0,3,379,LISTAS,,
55994,19_134_001,805,573,573,0,1,572,LISTAS,,
55996,19_135_001,299,211,211,0,2,209,LISTAS,,
55998,19_136_001,715,490,490,0,8,482,LISTAS,,
56000,19_137_001,1116,843,843,0,5,838,LISTAS,,
56002,19_137_002,1124,871,871,0,3,868,LISTAS,,
56004,19_138_001,290,202,202,0,1,201,LISTAS,,
56006,19_139_001,75,63,63,0,2,61,LISTAS,,
56008,19_140_001,780,508,508,0,0,508,LISTAS,,
56010,19_141_001,182,155,155,0,1,154,LISTAS,,
56012,19_142_001,724,552,552,0,2,550,LISTAS,,
56014,19_143_001,818,520,520,0,3,517,LISTAS,,
56016,19_143_002,689,453,453,0,3,450,LISTAS,,
56018,19_144_001,831,609,609,0,5,604,LISTAS,,
56020,19_145_001,113,69,69,0,0,69,LISTAS,,
56022,19_146_001,42,36,36,0,0,36,LISTAS,,
56024,19_147_001,159,101,101,0,2,99,LISTAS,,
56026,19_148_001,130,104,104,0,1,103,LISTAS,,
56028,19_149_001,1062,716,715,0,4,711,LISTAS,,
56030,19_149_002,781,515,515,0,3,512,LISTAS,,
56032,19_150_001,989,623,623,0,5,618,LISTAS,,
56034,19_150_002,630,441,441,0,4,437,LISTAS,,
56036,19_151_001,405,317,318,0,3,315,LISTAS,,
56038,19_152_001,1085,630,629,0,3,626,LISTAS,,
56040,19_152_002,191,135,135,0,1,134,LISTAS,,
56042,19_153_001,901,594,593,0,6,587,LISTAS,,
56044,19_153_002,2881,2416,2414,-2,14,2400,LISTAS,,
56046,19_153_003,760,473,471,0,4,467,LISTAS,,
56048,19_153_004,694,496,496,0,3,493,LISTAS,,
56050,19_153_005,767,606,606,0,4,602,LISTAS,,
56052,19_153_006,901,627,623,0,2,621,LISTAS,,
56054,19_153_007,966,701,700,0,5,695,LISTAS,,
56056,19_153_008,586,467,467,0,2,465,LISTAS,,
56058,19_153_009,638,532,532,0,1,531,LISTAS,,
56060,19_153_010,909,732,732,0,7,725,LISTAS,,
56062,19_153_011,925,742,742,0,2,740,LISTAS,,
56064,19_153_012,618,492,492,0,2,490,LISTAS,,
56066,19_153_013,678,488,488,0,4,484,LISTAS,,
56068,19_153_014,777,511,511,0,0,511,LISTAS,,
56070,19_153_015,1052,710,710,0,2,708,LISTAS,,
56072,19_153_016,965,620,620,0,4,616,LISTAS,,
56074,19_153_017,658,463,463,0,2,461,LISTAS,,
56076,19_153_018,778,496,494,0,2,492,LISTAS,,
56078,19_153_019,662,527,527,0,6,521,LISTAS,,
57576,19_153_020,351,265,265,0,3,262,LISTAS,,
57578,19_153_021,687,534,534,0,0,534,LISTAS,,
57580,19_153_022,591,461,461,0,1,460,LISTAS,,
57582,19_153_023,963,733,733,0,4,729,LISTAS,,
57584,19_153_024,778,541,540,0,5,535,LISTAS,,
57586,19_153_025,715,543,543,0,2,541,LISTAS,,
57588,19_153_026,600,420,419,0,5,414,LISTAS,,
57590,19_153_027,674,468,468,0,0,468,LISTAS,,
57592,19_153_028,974,703,703,0,1,702,LISTAS,,
57594,19_153_029,721,435,435,0,2,433,LISTAS,,
57596,19_153_030,1067,626,626,0,6,620,LISTAS,,
57598,19_153_031,704,553,553,0,4,549,LISTAS,,
57600,19_154_001,211,161,161,0,1,160,LISTAS,,
57602,19_155_001,463,310,310,0,0,310,LISTAS,,
57604,19_156_001,274,167,167,0,1,166,LISTAS,,
57606,19_157_001,924,587,587,0,7,580,LISTAS,,
57608,19_158_001,467,336,336,0,1,335,LISTAS,,
57610,19_159_001,282,212,212,0,2,210,LISTAS,,
57612,19_160_001,575,356,357,0,18,339,LISTAS,,
57614,19_160_002,805,593,593,0,2,591,LISTAS,,
57616,19_160_003,800,515,515,0,4,511,LISTAS,,
57618,19_160_004,837,594,594,0,7,587,LISTAS,,
57620,19_160_005,763,523,523,0,4,519,LISTAS,,
57622,19_161_001,369,280,291,0,72,219,LISTAS,,
57624,19_162_001,161,115,118,0,21,97,LISTAS,,
57626,19_163_001,298,175,175,0,0,175,LISTAS,,
57628,19_164_001,199,147,147,0,2,145,LISTAS,,
57630,19_165_001,899,672,673,0,18,655,LISTAS,,
57632,19_166_001,155,80,80,0,1,79,LISTAS,,
57634,19_167_001,53,41,41,0,0,41,LISTAS,,
57636,19_168_001,224,157,157,0,3,154,LISTAS,,
57638,19_169_001,230,132,132,0,5,127,LISTAS,,
57640,19_170_001,527,351,351,0,8,343,LISTAS,,
57642,19_171_001,868,531,531,0,5,526,LISTAS,,
57644,19_172_001,71,47,47,0,0,47,LISTAS,,
57646,19_173_001,402,306,306,0,3,303,LISTAS,,
57648,19_174_001,824,571,571,0,6,565,LISTAS,,
57650,19_174_002,603,449,449,0,2,447,LISTAS,,
57652,19_174_003,594,361,361,0,2,359,LISTAS,,
57654,19_174_004,712,467,467,0,1,466,LISTAS,,
57656,19_174_005,655,500,500,0,2,498,LISTAS,,
57658,19_174_006,767,554,552,0,4,548,LISTAS,,
57660,19_174_007,722,484,484,0,2,482,LISTAS,,
57662,19_175_001,499,340,340,0,0,340,LISTAS,,
57664,19_176_001,395,288,288,0,8,280,LISTAS,,
57666,19_177_001,348,197,196,0,2,194,LISTAS,,
57668,19_178_001,170,132,132,0,0,132,LISTAS,,
57670,19_179_001,778,473,473,0,3,470,LISTAS,,
57672,19_179_002,711,469,469,0,6,463,LISTAS,,
57674,19_179_003,732,441,441,0,10,431,LISTAS,,
57676,19_180_001,172,115,115,0,3,112,LISTAS,,
57678,19_181_001,97,70,70,0,1,69,LISTAS,,
57680,19_182_001,808,566,566,0,2,564,LISTAS,,
57682,19_182_002,802,582,582,0,6,576,LISTAS,,
57684,19_183_001,738,545,544,0,3,541,LISTAS,,
57686,19_184_001,341,202,202,0,0,202,LISTAS,,
57688,19_185_001,80,61,61,0,4,57,LISTAS,,
57690,19_186_001,681,505,505,0,3,502,LISTAS,,
57692,19_187_001,531,360,360,0,5,355,LISTAS,,
57694,19_188_001,855,651,650,0,4,646,LISTAS,,
57696,19_188_002,932,620,619,0,5,614,LISTAS,,
57698,19_188_003,1042,648,648,0,0,648,LISTAS,,
57700,19_188_004,787,533,532,0,5,527,LISTAS,,
57702,19_188_005,852,631,631,0,0,631,LISTAS,,
57704,19_188_006,3624,3153,3123,-30,10,3113,LISTAS,,
57706,19_188_007,835,575,575,0,6,569,LISTAS,,
57708,19_188_008,866,659,659,0,4,655,LISTAS,,
57710,19_188_009,795,597,596,0,2,594,LISTAS,,
53281,19_188_010,921,619,617,0,5,612,LISTAS,,
53279,19_188_011,799,546,546,0,0,546,LISTAS,,
53284,19_188_012,897,683,683,0,3,680,LISTAS,,
53286,19_188_013,807,602,602,0,1,601,LISTAS,,
53288,19_188_014,629,500,500,0,1,499,LISTAS,,
53290,19_188_015,680,511,511,0,5,506,LISTAS,,
53292,19_189_001,675,488,488,0,5,483,LISTAS,,
53294,19_190_001,1048,795,797,0,29,768,LISTAS,,
53296,19_191_001,1050,749,749,0,4,745,LISTAS,,
53298,19_192_001,451,304,304,0,0,304,LISTAS,,
53300,19_193_001,1069,720,720,0,20,700,LISTAS,,
53302,19_194_001,268,175,174,0,3,171,LISTAS,,
53304,19_195_001,273,207,207,0,1,206,LISTAS,,
53306,19_196_001,863,534,534,0,9,525,LISTAS,,
53308,19_196_002,820,533,533,0,10,523,LISTAS,,
53310,19_197_001,450,305,305,0,1,304,LISTAS,,
53312,19_198_001,623,450,450,0,4,446,LISTAS,,
53314,19_198_002,579,397,397,0,4,393,LISTAS,,
53316,19_199_001,136,99,99,0,1,98,LISTAS,,
53318,19_200_001,1055,705,705,0,14,691,LISTAS,,
53320,19_201_001,762,437,437,0,1,436,LISTAS,,
53322,19_201_002,952,605,605,0,7,598,LISTAS,,
53324,19_201_003,822,542,542,0,22,520,LISTAS,,
53326,19_201_004,948,670,670,0,5,665,LISTAS,,
53328,19_201_005,1046,740,740,0,2,738,LISTAS,,
53330,19_201_006,1003,667,666,0,3,663,LISTAS,,
53332,19_201_007,657,474,474,0,4,470,LISTAS,,
53334,19_201_008,718,521,521,0,5,516,LISTAS,,
53336,19_201_009,725,540,540,0,1,539,LISTAS,,
53338,19_201_010,820,572,572,0,3,569,LISTAS,,
53340,19_201_011,818,524,524,0,4,520,LISTAS,,
53342,19_201_012,1015,689,690,0,26,664,LISTAS,,
53344,19_201_013,768,535,536,0,19,517,LISTAS,,
53346,19_201_014,884,667,667,0,4,663,LISTAS,,
53348,19_201_015,1062,790,790,0,1,789,LISTAS,,
53350,19_201_016,972,609,608,0,8,600,LISTAS,,
53352,19_201_017,758,526,526,0,4,522,LISTAS,,
53354,19_201_018,746,569,569,0,1,568,LISTAS,,
53356,19_201_019,762,424,424,0,7,417,LISTAS,,
53358,19_202_001,198,158,158,0,0,158,LISTAS,,
53360,19_203_001,441,201,203,0,17,186,LISTAS,,
53362,19_203_002,3240,2838,2831,-7,14,2817,LISTAS,,
53364,19_203_003,1034,814,809,0,3,806,LISTAS,,
53366,19_203_004,1077,862,862,0,4,858,LISTAS,,
53368,19_203_005,820,674,674,0,4,670,LISTAS,,
53370,19_203_006,747,604,604,0,2,602,LISTAS,,
53372,19_203_007,860,697,697,0,4,693,LISTAS,,
53374,19_203_008,1081,848,845,0,3,842,LISTAS,,
53376,19_203_009,828,625,625,0,2,623,LISTAS,,
53378,19_203_010,853,643,643,0,6,637,LISTAS,,
53380,19_203_011,919,741,740,0,2,738,LISTAS,,
53382,19_203_012,869,660,660,0,6,654,LISTAS,,
53384,19_203_013,1030,863,861,0,3,858,LISTAS,,
53386,19_203_014,786,658,658,0,9,649,LISTAS,,
53388,19_203_015,585,433,433,0,2,431,LISTAS,,
53390,19_203_016,702,536,536,0,10,526,LISTAS,,
53392,19_203_017,582,468,468,0,0,468,LISTAS,,
53394,19_203_018,665,522,522,0,2,520,LISTAS,,
53396,19_203_019,696,568,568,0,6,562,LISTAS,,
53398,19_203_020,691,593,593,0,1,592,LISTAS,,
53400,19_203_021,730,598,598,0,2,596,LISTAS,,
53402,19_203_022,662,478,478,0,1,477,LISTAS,,
53404,19_203_023,817,614,614,0,6,608,LISTAS,,
53406,19_203_024,909,707,705,0,7,698,LISTAS,,
54870,19_203_025,1024,766,766,0,3,763,LISTAS,,
54872,19_203_026,919,689,689,0,4,685,LISTAS,,
54874,19_203_027,1034,802,802,0,6,796,LISTAS,,
54876,19_203_028,556,348,349,0,17,332,LISTAS,,
54878,19_203_029,773,633,633,0,1,632,LISTAS,,
54880,19_203_030,638,534,533,0,1,532,LISTAS,,
54882,19_203_031,1051,871,870,0,0,870,LISTAS,,
54884,19_203_032,927,776,775,0,2,773,LISTAS,,
54886,19_203_033,663,451,451,0,2,449,LISTAS,,
54888,19_203_034,979,696,696,0,6,690,LISTAS,,
54890,19_203_035,901,634,634,0,5,629,LISTAS,,
54892,19_203_036,876,582,582,0,7,575,LISTAS,,
54894,19_203_037,606,409,409,0,7,402,LISTAS,,
54896,19_203_038,858,593,592,0,4,588,LISTAS,,
54898,19_203_039,704,454,454,0,2,452,LISTAS,,
54900,19_203_040,887,622,622,0,4,618,LISTAS,,
54902,19_203_041,571,363,363,0,2,361,LISTAS,,
54904,19_203_042,694,471,471,0,4,467,LISTAS,,
54906,19_203_043,803,536,536,0,5,531,LISTAS,,
54908,19_203_044,901,645,645,0,3,642,LISTAS,,
54910,19_203_045,766,529,529,0,3,526,LISTAS,,
54912,19_203_046,606,455,455,0,2,453,LISTAS,,
54914,19_203_047,596,453,453,0,2,451,LISTAS,,
54916,19_203_048,363,272,272,0,5,267,LISTAS,,
54918,19_203_049,734,556,555,0,3,552,LISTAS,,
54920,19_203_050,995,763,763,0,6,757,LISTAS,,
54922,19_203_051,807,588,588,0,7,581,LISTAS,,
54924,19_203_052,234,186,186,0,2,184,LISTAS,,
54926,19_203_053,1149,915,915,0,3,912,LISTAS,,
54928,19_203_054,776,603,603,0,3,600,LISTAS,,
54930,19_203_055,743,571,571,0,2,569,LISTAS,,
54932,19_203_056,774,557,557,0,6,551,LISTAS,,
54934,19_204_001,191,165,165,0,0,165,LISTAS,,
54936,19_205_001,213,147,147,0,2,145,LISTAS,,
54938,19_206_001,104,59,59,0,0,59,LISTAS,,
54940,19_207_001,154,99,99,0,0,99,LISTAS,,
54942,19_208_001,518,342,342,0,5,337,LISTAS,,
54944,19_209_001,185,151,151,0,0,151,LISTAS,,
54946,19_210_001,66,45,45,0,0,45,LISTAS,,
54948,19_211_001,206,131,131,0,1,130,LISTAS,,
54950,19_212_001,355,250,250,0,0,250,LISTAS,,
54952,19_213_001,969,661,661,0,3,658,LISTAS,,
54954,19_214_001,39,25,25,0,0,25,LISTAS,,
54956,19_215_001,119,100,100,0,9,91,LISTAS,,
54958,19_216_001,730,543,543,0,9,534,LISTAS,,
54960,19_217_001,773,559,559,0,2,557,LISTAS,,
54962,19_217_002,761,509,508,0,2,506,LISTAS,,
54964,19_217_003,788,572,572,0,2,570,LISTAS,,
54966,19_217_004,747,542,542,0,4,538,LISTAS,,
54968,19_217_005,827,640,639,0,4,635,LISTAS,,
54970,19_217_006,684,520,520,0,6,514,LISTAS,,
54972,19_217_007,898,692,690,0,10,680,LISTAS,,
54974,19_218_001,730,535,535,0,2,533,LISTAS,,
54976,20_001_001,335,264,264,0,2,262,LISTAS,,
54978,20_002_001,62,49,49,0,0,49,LISTAS,,
54980,20_003_001,564,375,375,0,6,369,LISTAS,,
54982,20_004_001,1089,789,789,0,5,784,LISTAS,,
54984,20_005_001,269,162,162,0,0,162,LISTAS,,
54986,20_006_001,55,49,49,0,1,48,LISTAS,,
54988,20_007_001,401,291,291,0,0,291,LISTAS,,
54990,20_008_001,32,27,27,0,0,27,LISTAS,,
54992,20_009_001,1006,722,722,0,8,714,LISTAS,,
54994,20_010_001,658,479,479,0,1,478,LISTAS,,
54996,20_010_002,661,481,481,0,5,476,LISTAS,,
54998,20_011_001,269,186,186,0,2,184,LISTAS,,
55000,20_012_001,879,672,672,0,3,669,LISTAS,,
58124,20_013_001,387,224,224,0,1,223,LISTAS,,
58126,20_014_001,101,77,77,0,0,77,LISTAS,,
58128,20_015_001,281,172,172,0,0,172,LISTAS,,
58130,20_016_001,480,303,303,0,1,302,LISTAS,,
58132,20_017_001,449,327,327,0,3,324,LISTAS,,
58134,20_017_002,102,78,78,0,0,78,LISTAS,,
58136,20_018_001,633,423,423,0,2,421,LISTAS,,
58138,20_018_002,579,397,397,0,1,396,LISTAS,,
58140,20_018_003,464,299,299,0,3,296,LISTAS,,
58142,20_019_001,625,426,426,0,5,421,LISTAS,,
58144,20_020_001,608,345,345,0,5,340,LISTAS,,
58146,20_021_001,82,69,69,0,0,69,LISTAS,,
58148,20_022_001,106,80,80,0,0,80,LISTAS,,
58150,20_023_001,896,662,662,0,4,658,LISTAS,,
58152,20_024_001,256,145,145,0,0,145,LISTAS,,
58154,20_025_001,252,198,198,0,1,197,LISTAS,,
58156,20_026_001,584,377,377,0,1,376,LISTAS,,
58158,20_027_001,221,151,151,0,2,149,LISTAS,,
58160,20_028_001,216,146,146,0,1,145,LISTAS,,
58162,20_029_001,37,34,34,0,0,34,LISTAS,,
58164,20_030_001,41,26,26,0,1,25,LISTAS,,
58166,20_031_001,567,449,449,0,0,449,LISTAS,,
58168,20_032_001,167,125,125,0,2,123,LISTAS,,
58170,20_033_001,123,91,91,0,0,91,LISTAS,,
58172,20_034_001,402,314,313,0,2,311,LISTAS,,
58174,20_035_001,1132,836,836,0,6,830,LISTAS,,
58176,20_035_002,1018,723,723,0,3,720,LISTAS,,
58178,20_036_001,31,18,18,0,0,18,LISTAS,,
58180,20_037_001,677,507,507,0,4,503,LISTAS,,
58182,20_038_001,285,208,208,0,3,205,LISTAS,,
58184,20_039_001,62,49,49,0,0,49,LISTAS,,
58186,20_040_001,479,316,316,0,4,312,LISTAS,,
58188,20_041_001,331,189,189,0,2,187,LISTAS,,
58190,20_042_001,374,227,225,0,1,224,LISTAS,,
58192,20_043_001,136,99,99,0,0,99,LISTAS,,
58194,20_044_001,122,100,100,0,2,98,LISTAS,,
58196,20_045_001,68,50,50,0,1,49,LISTAS,,
58198,20_046_001,25,20,20,0,0,20,LISTAS,,
58200,20_047_001,243,169,169,0,3,166,LISTAS,,
58202,20_048_001,819,590,584,0,3,581,LISTAS,,
58204,20_049_001,554,390,390,0,0,390,LISTAS,,
58206,20_050_001,334,192,191,0,3,188,LISTAS,,
58208,20_051_001,504,367,367,0,3,364,LISTAS,,
58210,20_052_001,568,393,393,0,4,389,LISTAS,,
58212,20_053_001,14,14,14,0,0,14,LISTAS,,
58214,20_054_001,525,358,358,0,4,354,LISTAS,,
58216,20_055_001,114,87,87,0,1,86,LISTAS,,
58218,20_056_001,930,577,577,0,7,570,LISTAS,,
58220,20_057_001,517,308,308,0,2,306,LISTAS,,
58222,20_058_001,55,43,43,0,0,43,LISTAS,,
58224,20_059_001,772,557,557,0,1,556,LISTAS,,
58226,20_059_002,474,346,346,0,2,344,LISTAS,,
58228,20_060_001,392,266,266,0,3,263,LISTAS,,
58230,20_060_002,473,313,313,0,1,312,LISTAS,,
58232,20_061_001,206,145,145,0,1,144,LISTAS,,
58234,20_062_001,72,41,41,0,0,41,LISTAS,,
58236,20_063_001,35,25,25,0,0,25,LISTAS,,
58238,20_064_001,37,29,29,0,0,29,LISTAS,,
58240,20_065_001,233,165,165,0,1,164,LISTAS,,
58242,20_066_001,647,458,458,0,1,457,LISTAS,,
58244,20_066_002,194,114,114,0,0,114,LISTAS,,
58246,20_067_001,971,692,692,0,6,686,LISTAS,,
58248,20_067_002,953,728,728,0,3,725,LISTAS,,
58250,20_067_003,927,699,699,0,1,698,LISTAS,,
58252,20_068_001,69,43,43,0,2,41,LISTAS,,
58254,20_069_001,236,181,181,0,1,180,LISTAS,,
58256,20_070_001,343,207,207,0,1,206,LISTAS,,
58258,20_070_002,424,271,271,0,2,269,LISTAS,,
58260,20_070_003,100,65,65,0,0,65,LISTAS,,
58262,20_071_001,71,52,52,0,4,48,LISTAS,,
58264,20_072_001,518,382,387,0,40,347,LISTAS,,
56496,20_072_002,666,468,468,0,2,466,LISTAS,,
56498,20_072_003,779,536,536,0,4,532,LISTAS,,
56500,20_072_004,733,548,548,0,0,548,LISTAS,,
56502,20_072_005,901,669,669,0,3,666,LISTAS,,
56504,20_073_001,178,116,116,0,0,116,LISTAS,,
56506,20_074_001,146,110,110,0,0,110,LISTAS,,
56508,20_075_001,265,198,198,0,0,198,LISTAS,,
56510,20_076_001,8,8,8,0,0,8,LISTAS,,
56512,20_077_001,238,168,168,0,1,167,LISTAS,,
56514,20_078_001,169,115,115,0,0,115,LISTAS,,
56516,20_079_001,72,61,61,0,2,59,LISTAS,,
56518,20_080_001,597,408,408,0,5,403,LISTAS,,
56520,20_081_001,124,98,98,0,0,98,LISTAS,,
56522,20_082_001,109,65,65,0,1,64,LISTAS,,
56524,20_083_001,194,150,150,0,1,149,LISTAS,,
56526,20_084_001,496,339,339,0,1,338,LISTAS,,
56528,20_084_002,300,216,216,0,0,216,LISTAS,,
56530,20_085_001,127,88,88,0,0,88,LISTAS,,
56532,20_085_002,273,167,167,0,1,166,LISTAS,,
56534,20_086_001,74,42,42,0,1,41,LISTAS,,
56536,20_087_001,180,83,83,0,1,82,LISTAS,,
56538,20_088_001,224,143,143,0,3,140,LISTAS,,
56540,20_089_001,91,72,72,0,0,72,LISTAS,,
56542,20_090_001,87,74,74,0,1,73,LISTAS,,
56544,20_091_001,199,139,139,0,1,138,LISTAS,,
56546,20_092_001,138,102,102,0,0,102,LISTAS,,
56548,20_093_001,923,653,651,0,4,647,LISTAS,,
56550,20_093_002,778,540,540,0,4,536,LISTAS,,
56552,20_093_003,977,698,698,0,8,690,LISTAS,,
56554,20_093_004,951,756,755,0,4,751,LISTAS,,
56556,20_093_005,926,690,690,0,3,687,LISTAS,,
56558,20_093_006,1133,803,803,0,7,796,LISTAS,,
56560,20_093_007,449,300,298,0,1,297,LISTAS,,
56562,20_093_008,807,602,602,0,3,599,LISTAS,,
56564,20_093_009,705,499,498,0,5,493,LISTAS,,
56566,20_093_010,929,719,718,0,4,714,LISTAS,,
56568,20_093_011,4035,3558,3549,-6,5,3544,LISTAS,,
56570,20_093_012,803,641,641,0,2,639,LISTAS,,
56572,20_093_013,939,659,659,0,3,656,LISTAS,,
56574,20_093_014,1127,681,682,0,13,669,LISTAS,,
56576,20_093_015,1020,643,642,0,6,636,LISTAS,,
56578,20_093_016,991,656,656,0,3,653,LISTAS,,
56580,20_093_017,790,618,618,0,4,614,LISTAS,,
56582,20_094_001,184,118,118,0,0,118,LISTAS,,
56584,20_095_001,355,261,261,0,0,261,LISTAS,,
56586,20_096_001,148,118,118,0,1,117,LISTAS,,
56588,20_097_001,130,78,78,0,1,77,LISTAS,,
56590,20_098_001,168,123,123,0,0,123,LISTAS,,
56592,20_099_001,210,173,173,0,4,169,LISTAS,,
56594,20_100_001,140,82,82,0,0,82,LISTAS,,
56596,20_101_001,134,93,93,0,1,92,LISTAS,,
56598,20_102_001,133,81,81,0,2,79,LISTAS,,
56600,20_103_001,40,35,35,0,0,35,LISTAS,,
56602,20_104_001,35,32,32,0,0,32,LISTAS,,
56604,20_105_001,399,262,262,0,4,258,LISTAS,,
56606,20_106_001,65,42,42,0,1,41,LISTAS,,
56608,20_107_001,380,290,290,0,2,288,LISTAS,,
56610,20_108_001,58,40,40,0,1,39,LISTAS,,
56612,20_109_001,25,22,22,0,0,22,LISTAS,,
56614,20_110_001,33,23,23,0,1,22,LISTAS,,
56616,20_111_001,976,766,766,0,2,764,LISTAS,,
56618,20_111_002,971,751,751,0,5,746,LISTAS,,
56620,20_111_003,700,549,549,0,6,543,LISTAS,,
56622,20_111_004,829,606,606,0,2,604,LISTAS,,
56624,20_111_005,638,496,496,0,3,493,LISTAS,,
56626,20_111_006,905,732,732,0,3,729,LISTAS,,
56628,20_111_007,458,359,359,0,4,355,LISTAS,,
56630,20_111_008,287,228,227,0,0,227,LISTAS,,
60676,20_111_009,251,186,186,0,1,185,LISTAS,,
60678,20_111_010,260,212,212,0,2,210,LISTAS,,
60680,20_111_011,132,98,98,0,1,97,LISTAS,,
60682,20_112_001,634,424,424,0,1,423,LISTAS,,
60684,20_112_002,764,490,490,0,8,482,LISTAS,,
60686,20_112_003,793,523,523,0,1,522,LISTAS,,
60688,20_112_004,614,342,342,0,1,341,LISTAS,,
60690,20_112_005,467,305,305,0,5,300,LISTAS,,
60692,20_113_001,150,113,113,0,0,113,LISTAS,,
60694,20_114_001,47,36,36,0,1,35,LISTAS,,
60696,20_115_001,76,48,48,0,1,47,LISTAS,,
60698,20_115_002,144,101,101,0,0,101,LISTAS,,
60700,20_116_001,311,220,220,0,2,218,LISTAS,,
60702,20_117_001,912,613,613,0,4,609,LISTAS,,
60704,20_118_001,44,33,33,0,0,33,LISTAS,,
60706,20_119_001,203,135,135,0,2,133,LISTAS,,
60708,20_120_001,364,252,252,0,1,251,LISTAS,,
60710,20_121_001,62,42,42,0,0,42,LISTAS,,
60712,20_122_001,40,37,37,0,0,37,LISTAS,,
60714,20_123_001,583,351,351,0,1,350,LISTAS,,
60716,20_124_001,285,223,223,0,0,223,LISTAS,,
60718,20_125_001,211,148,148,0,4,144,LISTAS,,
60720,20_126_001,261,181,181,0,0,181,LISTAS,,
60722,20_127_001,239,171,171,0,1,170,LISTAS,,
60724,20_128_001,594,408,408,0,5,403,LISTAS,,
60726,20_129_001,848,535,535,0,11,524,LISTAS,,
60728,20_129_002,555,351,351,0,3,348,LISTAS,,
60730,20_130_001,201,138,138,0,2,136,LISTAS,,
60732,20_131_001,211,144,144,0,1,143,LISTAS,,
60734,20_131_002,98,67,67,0,3,64,LISTAS,,
60736,20_131_003,80,60,60,0,1,59,LISTAS,,
60738,20_132_001,332,206,206,0,5,201,LISTAS,,
60740,20_133_001,125,78,78,0,2,76,LISTAS,,
60742,20_134_001,884,659,659,0,7,652,LISTAS,,
60744,20_134_002,1016,838,837,0,5,832,LISTAS,,
60746,20_134_003,817,587,587,0,7,580,LISTAS,,
60748,20_134_004,1166,783,780,0,9,771,LISTAS,,
60750,20_134_005,949,694,694,0,5,689,LISTAS,,
60752,20_134_006,1015,719,719,0,1,718,LISTAS,,
60754,20_134_007,707,499,499,0,2,497,LISTAS,,
60756,20_134_008,1077,754,754,0,2,752,LISTAS,,
60758,20_134_009,1184,865,865,0,4,861,LISTAS,,
60760,20_134_010,1014,745,745,0,5,740,LISTAS,,
60762,20_134_011,737,567,567,0,1,566,LISTAS,,
60764,20_134_012,795,527,527,0,7,520,LISTAS,,
60766,20_134_013,886,705,705,0,3,702,LISTAS,,
60768,20_134_014,1071,732,732,0,4,728,LISTAS,,
60770,20_134_015,997,753,753,0,4,749,LISTAS,,
60772,20_134_016,740,329,329,0,4,325,LISTAS,,
60774,20_134_017,2897,2621,2616,-5,8,2608,LISTAS,,
60776,20_134_018,1037,768,768,0,1,767,LISTAS,,
60778,20_134_019,1051,708,708,0,0,708,LISTAS,,
60780,20_134_020,854,565,565,0,4,561,LISTAS,,
60782,20_134_021,810,552,553,0,19,534,LISTAS,,
60784,20_134_022,1016,705,704,0,4,700,LISTAS,,
60786,20_134_023,1074,743,743,0,5,738,LISTAS,,
60788,20_134_024,760,560,558,0,1,557,LISTAS,,
60790,20_134_025,811,528,528,0,2,526,LISTAS,,
60792,20_134_026,1247,783,783,0,2,781,LISTAS,,
60932,20_134_027,1235,890,890,0,3,887,LISTAS,,
60934,20_134_028,1173,797,797,0,5,792,LISTAS,,
60936,20_134_029,1100,793,793,0,2,791,LISTAS,,
60938,20_134_030,947,590,590,0,3,587,LISTAS,,
60940,20_134_031,752,511,511,0,1,510,LISTAS,,
60942,20_134_032,833,647,647,0,1,646,LISTAS,,
60944,20_134_033,972,710,710,0,2,708,LISTAS,,
60946,20_134_034,1202,929,928,0,2,926,LISTAS,,
60948,20_134_035,1216,891,891,0,8,883,LISTAS,,
60950,20_134_036,506,343,343,0,5,338,LISTAS,,
60952,20_134_037,760,558,558,0,2,556,LISTAS,,
60954,20_134_038,923,684,683,0,5,678,LISTAS,,
60956,20_134_039,1148,849,846,0,23,823,LISTAS,,
60958,20_134_040,1126,772,772,0,5,767,LISTAS,,
60960,20_135_001,694,435,435,0,6,429,LISTAS,,
60962,20_136_001,365,278,278,0,1,277,LISTAS,,
60964,20_137_001,381,284,284,0,2,282,LISTAS,,
60966,20_138_001,385,276,276,0,1,275,LISTAS,,
60968,20_139_001,390,242,242,0,3,239,LISTAS,,
60970,20_140_001,874,635,634,0,3,631,LISTAS,,
60972,20_141_001,376,260,260,0,4,256,LISTAS,,
60974,20_142_001,504,362,362,0,8,354,LISTAS,,
60976,20_143_001,204,153,153,0,4,149,LISTAS,,
60978,20_144_001,99,77,77,0,0,77,LISTAS,,
60980,20_145_001,220,141,141,0,3,138,LISTAS,,
60982,20_146_001,261,173,173,0,0,173,LISTAS,,
60984,20_147_001,251,177,177,0,1,176,LISTAS,,
60986,20_148_001,212,147,147,0,1,146,LISTAS,,
60988,20_149_001,156,125,125,0,1,124,LISTAS,,
60990,20_150_001,639,428,428,0,0,428,LISTAS,,
60992,20_151_001,200,98,98,0,3,95,LISTAS,,
60994,20_152_001,97,65,65,0,2,63,LISTAS,,
60996,20_153_001,84,67,67,0,0,67,LISTAS,,
60998,20_154_001,333,184,184,0,7,177,LISTAS,,
61000,20_155_001,96,61,61,0,2,59,LISTAS,,
61002,20_156_001,162,125,125,0,2,123,LISTAS,,
61004,20_157_001,453,299,299,0,3,296,LISTAS,,
61006,20_158_001,639,373,373,0,4,369,LISTAS,,
61008,20_158_002,680,486,486,0,10,476,LISTAS,,
61010,20_159_001,100,64,64,0,1,63,LISTAS,,
61012,20_160_001,691,394,393,0,17,376,LISTAS,,
61014,20_161_001,146,105,105,0,3,102,LISTAS,,
61016,20_162_001,818,580,580,0,2,578,LISTAS,,
61018,20_162_002,120,79,79,0,3,76,LISTAS,,
61020,20_163_001,137,98,98,0,0,98,LISTAS,,
61022,20_164_001,341,222,222,0,2,220,LISTAS,,
61024,20_165_001,302,232,232,0,3,229,LISTAS,,
61026,20_166_001,306,203,203,0,1,202,LISTAS,,
61028,20_167_001,736,509,509,0,6,503,LISTAS,,
61030,20_168_001,232,195,195,0,0,195,LISTAS,,
61032,20_169_001,663,426,426,0,4,422,LISTAS,,
61034,20_170_001,294,178,177,0,0,177,LISTAS,,
61036,20_171_001,39,30,30,0,0,30,LISTAS,,
61038,20_172_001,229,170,170,0,1,169,LISTAS,,
61040,20_173_001,24,23,23,0,1,22,LISTAS,,
61042,20_174_001,134,104,104,0,5,99,LISTAS,,
61044,20_175_001,451,297,297,0,3,294,LISTAS,,
61046,20_176_001,471,327,327,0,3,324,LISTAS,,
61048,20_177_001,25,18,18,0,1,17,LISTAS,,
61050,20_178_001,233,150,150,0,2,148,LISTAS,,
61052,20_179_001,956,644,643,0,6,637,LISTAS,,
61054,20_180_001,739,530,530,0,6,524,LISTAS,,
61056,20_181_001,326,235,235,0,0,235,LISTAS,,
61058,20_182_001,455,340,340,0,9,331,LISTAS,,
61060,20_183_001,323,224,224,0,3,221,LISTAS,,
61062,20_184_001,611,439,439,0,1,438,LISTAS,,
61064,20_185_001,760,497,497,0,2,495,LISTAS,,
61066,20_185_002,692,443,443,0,9,434,LISTAS,,
61068,20_186_001,494,335,335,0,6,329,LISTAS,,
61070,20_187_001,31,25,25,0,0,25,LISTAS,,
61072,20_188_001,742,563,563,0,5,558,LISTAS,,
61209,20_189_001,554,353,353,0,3,350,LISTAS,,
61207,20_189_002,605,356,356,0,5,351,LISTAS,,
61212,20_190_001,489,330,330,0,1,329,LISTAS,,
61214,20_191_001,481,352,352,0,1,351,LISTAS,,
61216,20_192_001,157,103,103,0,3,100,LISTAS,,
61218,20_193_001,254,168,168,0,1,167,LISTAS,,
61220,20_194_001,314,223,223,0,5,218,LISTAS,,
61222,20_195_001,47,29,29,0,0,29,LISTAS,,
61224,20_196_001,237,156,156,0,2,154,LISTAS,,
61226,20_197_001,63,38,38,0,0,38,LISTAS,,
61228,20_198_001,102,58,58,0,1,57,LISTAS,,
61230,20_199_001,683,317,317,0,6,311,LISTAS,,
61232,20_200_001,633,412,412,0,3,409,LISTAS,,
61234,20_200_002,646,409,409,0,2,407,LISTAS,,
61236,20_201_001,174,139,139,0,2,137,LISTAS,,
61238,20_202_001,18,15,15,0,0,15,LISTAS,,
61240,20_203_001,142,121,121,0,1,120,LISTAS,,
61242,20_204_001,839,657,657,0,1,656,LISTAS,,
61244,20_205_001,73,64,64,0,0,64,LISTAS,,
61246,20_205_002,57,47,47,0,1,46,LISTAS,,
61248,20_206_001,288,215,215,0,4,211,LISTAS,,
61250,20_207_001,446,314,314,0,2,312,LISTAS,,
61252,20_208_001,547,377,377,0,5,372,LISTAS,,
61254,20_209_001,696,447,447,0,7,440,LISTAS,,
61256,20_210_001,404,271,271,0,5,266,LISTAS,,
61258,20_210_002,478,289,289,0,1,288,LISTAS,,
61260,20_211_001,468,204,204,0,5,199,LISTAS,,
61262,20_211_002,784,507,507,0,2,505,LISTAS,,
61264,20_212_001,786,533,533,0,8,525,LISTAS,,
61266,20_213_001,45,38,38,0,3,35,LISTAS,,
61268,20_214_001,457,327,327,0,3,324,LISTAS,,
61270,20_215_001,237,200,200,0,0,200,LISTAS,,
61272,20_215_002,61,47,47,0,1,46,LISTAS,,
61274,20_216_001,96,66,66,0,1,65,LISTAS,,
61276,20_217_001,153,101,101,0,2,99,LISTAS,,
61278,20_218_001,850,589,588,0,4,584,LISTAS,,
61280,20_219_001,97,70,70,0,1,69,LISTAS,,
61282,20_220_001,56,37,37,0,0,37,LISTAS,,
61284,20_221_001,273,200,200,0,2,198,LISTAS,,
61286,20_222_001,988,710,710,0,4,706,LISTAS,,
61288,20_222_002,800,563,563,0,3,560,LISTAS,,
61290,20_223_001,64,56,56,0,0,56,LISTAS,,
61292,20_224_001,187,104,104,0,0,104,LISTAS,,
61294,20_225_001,624,399,399,0,3,396,LISTAS,,
61296,20_225_002,568,369,369,0,4,365,LISTAS,,
61298,20_226_001,518,354,354,0,3,351,LISTAS,,
61300,20_227_001,559,355,355,0,3,352,LISTAS,,
61302,20_228_001,291,222,222,0,4,218,LISTAS,,
61304,20_229_001,738,503,503,0,5,498,LISTAS,,
61306,20_230_001,409,293,293,0,3,290,LISTAS,,
61308,20_231_001,712,513,513,0,3,510,LISTAS,,
61310,20_231_002,1061,805,805,0,5,800,LISTAS,,
61312,20_231_003,1132,845,844,0,4,840,LISTAS,,
61314,20_231_004,871,661,661,0,3,658,LISTAS,,
61316,20_231_005,773,510,510,0,4,506,LISTAS,,
61318,20_231_006,1160,868,868,0,1,867,LISTAS,,
61320,20_231_007,831,577,577,0,2,575,LISTAS,,
61322,20_231_008,677,502,502,0,3,499,LISTAS,,
61324,20_231_009,812,598,598,0,2,596,LISTAS,,
61326,20_231_010,844,632,631,0,3,628,LISTAS,,
61328,20_231_011,800,592,592,0,1,591,LISTAS,,
61330,20_231_012,991,723,721,0,3,718,LISTAS,,
61332,20_231_013,1040,782,781,0,1,780,LISTAS,,
61334,20_231_014,859,587,587,0,6,581,LISTAS,,
61336,20_231_015,938,673,673,0,3,670,LISTAS,,
61338,20_231_016,1062,665,665,0,2,663,LISTAS,,
61340,20_231_017,980,741,741,0,3,738,LISTAS,,
61342,20_231_018,943,689,688,0,5,683,LISTAS,,
61480,20_231_019,858,658,658,0,3,655,LISTAS,,
61482,20_231_020,957,748,748,0,9,739,LISTAS,,
61484,20_231_021,1025,795,795,0,6,789,LISTAS,,
61486,20_231_022,894,665,664,0,5,659,LISTAS,,
61488,20_231_023,1105,829,828,0,9,819,LISTAS,,
61490,20_231_024,3712,3360,3344,-16,13,3331,LISTAS,,
61492,20_231_025,534,391,391,0,4,387,LISTAS,,
61494,20_231_026,1245,914,910,0,2,908,LISTAS,,
61496,20_231_027,988,710,707,0,8,699,LISTAS,,
61498,20_231_028,1371,975,975,0,17,958,LISTAS,,
61500,20_231_029,898,663,663,0,3,660,LISTAS,,
61502,20_231_030,605,397,397,0,4,393,LISTAS,,
61504,20_231_031,683,444,443,0,1,442,LISTAS,,
61506,20_231_032,797,562,563,0,17,546,LISTAS,,
61508,20_231_033,826,560,559,0,7,552,LISTAS,,
61510,20_231_034,967,729,728,0,3,725,LISTAS,,
61512,20_231_035,878,675,675,0,8,667,LISTAS,,
61514,20_231_036,977,714,714,0,5,709,LISTAS,,
61516,20_231_037,1023,795,795,0,5,790,LISTAS,,
61518,20_231_038,860,643,643,0,5,638,LISTAS,,
61520,20_231_039,819,633,633,0,2,631,LISTAS,,
61522,20_231_040,983,782,782,0,2,780,LISTAS,,
61524,20_231_041,1058,798,796,0,3,793,LISTAS,,
61526,20_231_042,656,531,531,0,4,527,LISTAS,,
61528,20_231_043,930,715,713,0,0,713,LISTAS,,
61530,20_231_044,910,669,668,0,2,666,LISTAS,,
61532,20_231_045,828,583,583,0,5,578,LISTAS,,
61534,20_231_046,798,608,608,0,4,604,LISTAS,,
61536,20_231_047,684,559,559,0,2,557,LISTAS,,
61538,20_231_048,1352,1013,1013,0,1,1012,LISTAS,,
61540,20_231_049,1011,763,762,0,9,753,LISTAS,,
61542,20_231_050,640,450,450,0,10,440,LISTAS,,
61544,20_231_051,630,494,494,0,1,493,LISTAS,,
61546,20_232_001,311,237,237,0,0,237,LISTAS,,
61548,20_233_001,85,68,68,0,0,68,LISTAS,,
61550,20_234_001,309,197,197,0,4,193,LISTAS,,
61552,20_235_001,831,586,588,0,23,565,LISTAS,,
61554,20_235_002,843,548,548,0,1,547,LISTAS,,
61556,20_236_001,673,344,344,0,3,341,LISTAS,,
61558,20_236_002,700,399,399,0,0,399,LISTAS,,
61560,20_236_003,736,420,420,0,5,415,LISTAS,,
61562,20_237_001,19,18,18,0,0,18,LISTAS,,
61564,20_238_001,511,385,385,0,2,383,LISTAS,,
61566,20_238_002,520,381,381,0,5,376,LISTAS,,
61568,20_238_003,512,344,344,0,4,340,LISTAS,,
61570,20_238_004,482,332,332,0,1,331,LISTAS,,
61572,20_238_005,194,139,139,0,0,139,LISTAS,,
61574,20_238_006,72,55,55,0,0,55,LISTAS,,
61576,20_239_001,135,105,105,0,0,105,LISTAS,,
61578,20_240_001,94,60,60,0,0,60,LISTAS,,
61580,20_241_001,421,267,267,0,2,265,LISTAS,,
61582,20_242_001,718,475,475,0,4,471,LISTAS,,
61584,20_243_001,645,463,463,0,3,460,LISTAS,,
61586,20_244_001,659,443,443,0,4,439,LISTAS,,
61588,20_244_002,681,494,494,0,3,491,LISTAS,,
61590,20_244_003,772,537,537,0,2,535,LISTAS,,
61592,20_244_004,1064,766,766,0,7,759,LISTAS,,
61594,20_244_005,417,276,276,0,1,275,LISTAS,,
61596,20_244_006,518,352,352,0,6,346,LISTAS,,
61598,20_244_007,151,88,88,0,0,88,LISTAS,,
61600,20_244_008,259,163,163,0,1,162,LISTAS,,
61602,20_244_009,236,136,136,0,0,136,LISTAS,,
61604,20_244_010,380,268,268,0,3,265,LISTAS,,
61606,20_245_001,337,267,267,0,2,265,LISTAS,,
61608,20_246_001,814,621,620,0,7,613,LISTAS,,
61746,20_247_001,226,144,144,0,0,144,LISTAS,,
61748,20_248_001,397,274,274,0,3,271,LISTAS,,
61750,20_248_002,212,118,118,0,0,118,LISTAS,,
61752,20_249_001,225,165,165,0,2,163,LISTAS,,
61754,20_250_001,56,46,46,0,0,46,LISTAS,,
61756,20_251_001,811,547,547,0,4,543,LISTAS,,
61758,20_252_001,47,41,41,0,0,41,LISTAS,,
61760,20_253_001,492,323,323,0,4,319,LISTAS,,
61762,20_254_001,79,55,55,0,1,54,LISTAS,,
61764,20_255_001,704,447,447,0,1,446,LISTAS,,
61766,20_256_001,284,198,198,0,0,198,LISTAS,,
61768,20_257_001,48,31,31,0,0,31,LISTAS,,
61770,20_258_001,356,260,260,0,2,258,LISTAS,,
63075,Levél,378449,,,0,446,225025,LEVEL,225471,225471
